x,y,z,zb,z1,r,g,b,i
614385.88,1288106.38,-9999.00,-9999.00,-9999.00,0.71,0.71,0.71,0
614478.12,1288106.38,733.00,733.00,733.00,0.71,0.71,0.71,0
614570.44,1288106.38,728.01,728.00,728.01,0.71,0.71,0.71,0
614662.69,1288106.38,728.07,728.00,728.07,0.71,0.71,0.71,0
614755.00,1288106.38,729.32,729.00,729.32,0.64,0.44,0.38,1
614847.25,1288106.38,729.73,729.00,729.73,0.63,0.40,0.33,1
614939.56,1288106.38,731.98,731.00,731.98,0.63,0.38,0.30,1
615031.81,1288106.38,734.03,733.00,734.03,0.63,0.37,0.30,1
615124.12,1288106.38,737.04,736.00,737.04,0.63,0.37,0.30,1
615216.38,1288106.38,745.04,744.00,745.04,0.63,0.37,0.30,1
615308.62,1288106.38,764.04,763.00,764.04,0.63,0.37,0.30,1
615400.94,1288106.38,785.04,784.00,785.04,0.63,0.37,0.30,1
615493.19,1288106.38,800.04,799.00,800.04,0.63,0.37,0.30,1
615585.50,1288106.38,795.04,794.00,795.04,0.63,0.37,0.30,1
615677.75,1288106.38,786.04,785.00,786.04,0.63,0.37,0.30,1
615770.06,1288106.38,779.04,778.00,779.04,0.63,0.37,0.30,1
615862.31,1288106.38,778.04,777.00,778.04,0.63,0.37,0.30,1
615954.62,1288106.38,761.04,760.00,761.04,0.63,0.37,0.30,1
616046.88,1288106.38,753.04,752.00,753.04,0.63,0.37,0.30,1
616139.12,1288106.38,772.04,771.00,772.04,0.63,0.37,0.30,1
616231.44,1288106.38,791.04,790.00,791.04,0.63,0.37,0.30,1
616323.69,1288106.38,794.04,793.00,794.04,0.63,0.37,0.30,1
616416.00,1288106.38,776.04,775.00,776.04,0.63,0.37,0.30,1
616508.25,1288106.38,762.04,761.00,762.04,0.63,0.37,0.30,1
616600.56,1288106.38,769.04,768.00,769.04,0.63,0.37,0.30,1
616692.81,1288106.38,775.04,774.00,775.04,0.63,0.37,0.30,1
616785.12,1288106.38,785.04,784.00,785.04,0.63,0.37,0.30,1
616877.38,1288106.38,795.04,794.00,795.04,0.63,0.37,0.30,1
616969.62,1288106.38,810.04,809.00,810.04,0.63,0.37,0.30,1
617061.94,1288106.38,821.04,820.00,821.04,0.63,0.37,0.30,1
617154.19,1288106.38,827.04,826.00,827.04,0.63,0.37,0.30,1
617246.50,1288106.38,828.04,827.00,828.04,0.63,0.37,0.30,1
617338.75,1288106.38,830.04,829.00,830.04,0.63,0.37,0.30,1
617431.06,1288106.38,842.04,841.00,842.04,0.63,0.37,0.30,1
617523.31,1288106.38,855.04,854.00,855.04,0.63,0.37,0.30,1
617615.62,1288106.38,869.04,868.00,869.04,0.63,0.37,0.30,1
617707.88,1288106.38,882.04,881.00,882.04,0.63,0.37,0.30,1
617800.12,1288106.38,879.04,878.00,879.04,0.63,0.37,0.30,1
617892.44,1288106.38,862.04,861.00,862.04,0.63,0.37,0.30,1
617984.69,1288106.38,847.04,846.00,847.04,0.63,0.37,0.30,1
618077.00,1288106.38,833.04,832.00,833.04,0.63,0.37,0.30,1
618169.25,1288106.38,817.04,816.00,817.04,0.63,0.37,0.30,1
618261.56,1288106.38,805.04,804.00,805.04,0.63,0.37,0.30,1
618353.81,1288106.38,798.04,797.00,798.04,0.63,0.37,0.30,1
618446.12,1288106.38,795.04,794.00,795.04,0.63,0.37,0.30,1
618538.38,1288106.38,789.04,788.00,789.04,0.63,0.37,0.30,1
618630.62,1288106.38,783.04,782.00,783.04,0.63,0.37,0.30,1
618722.94,1288106.38,778.04,777.00,778.04,0.63,0.37,0.30,1
618815.19,1288106.38,775.04,774.00,775.04,0.63,0.37,0.30,1
618907.50,1288106.38,781.04,780.00,781.04,0.63,0.37,0.30,1
618999.75,1288106.38,789.04,788.00,789.04,0.63,0.37,0.30,1
619092.06,1288106.38,782.04,781.00,782.04,0.63,0.37,0.30,1
619184.31,1288106.38,761.04,760.00,761.04,0.63,0.37,0.30,1
619276.62,1288106.38,747.04,746.00,747.04,0.63,0.37,0.30,1
619368.88,1288106.38,760.04,759.00,760.04,0.63,0.37,0.30,1
619461.19,1288106.38,776.04,775.00,776.04,0.63,0.37,0.30,1
619553.44,1288106.38,772.04,771.00,772.04,0.63,0.37,0.30,1
619645.69,1288106.38,759.04,758.00,759.04,0.63,0.37,0.30,1
619738.00,1288106.38,751.04,750.00,751.04,0.63,0.37,0.30,1
619830.25,1288106.38,759.04,758.00,759.04,0.63,0.37,0.30,1
619922.56,1288106.38,765.04,764.00,765.04,0.63,0.37,0.30,1
620014.81,1288106.38,762.04,761.00,762.04,0.63,0.37,0.30,1
620107.12,1288106.38,753.03,752.00,753.03,0.63,0.37,0.30,1
620199.38,1288106.38,745.02,744.00,745.02,0.63,0.37,0.30,1
620291.69,1288106.38,742.94,742.00,742.94,0.63,0.38,0.31,1
620383.94,1288106.38,746.83,746.00,746.83,0.63,0.39,0.32,1
620476.19,1288106.38,746.83,746.00,746.83,0.63,0.39,0.32,1
620568.50,1288106.38,749.94,749.00,749.94,0.63,0.38,0.31,1
620660.75,1288106.38,758.02,757.00,758.02,0.63,0.37,0.30,1
620753.06,1288106.38,756.03,755.00,756.03,0.63,0.37,0.30,1
620845.31,1288106.38,748.04,747.00,748.04,0.63,0.37,0.30,1
620937.62,1288106.38,746.04,745.00,746.04,0.63,0.37,0.30,1
621029.88,1288106.38,751.04,750.00,751.04,0.63,0.37,0.30,1
621122.19,1288106.38,753.04,752.00,753.04,0.63,0.37,0.30,1
621214.44,1288106.38,748.04,747.00,748.04,0.63,0.37,0.30,1
621306.69,1288106.38,741.04,740.00,741.04,0.63,0.37,0.30,1
621399.00,1288106.38,737.04,736.00,737.04,0.63,0.37,0.30,1
621491.25,1288106.38,735.05,734.00,735.05,0.63,0.37,0.30,1
621583.56,1288106.38,734.07,733.00,734.07,0.63,0.37,0.30,1
621675.81,1288106.38,734.09,733.00,734.09,0.63,0.37,0.30,1
621768.12,1288106.38,735.08,734.00,735.08,0.63,0.37,0.30,1
621860.38,1288106.38,734.98,734.00,734.98,0.63,0.38,0.30,1
621952.69,1288106.38,735.85,735.00,735.85,0.63,0.39,0.32,1
622044.94,1288106.38,735.85,735.00,735.85,0.63,0.39,0.32,1
622137.19,1288106.38,735.96,735.00,735.96,0.63,0.38,0.31,1
622229.50,1288106.38,736.02,735.00,736.02,0.63,0.37,0.30,1
622321.75,1288106.38,736.04,735.00,736.04,0.63,0.37,0.30,1
622414.06,1288106.38,736.04,735.00,736.04,0.63,0.37,0.30,1
622506.31,1288106.38,737.04,736.00,737.04,0.63,0.37,0.30,1
622598.62,1288106.38,739.04,738.00,739.04,0.63,0.37,0.30,1
622690.88,1288106.38,738.04,737.00,738.04,0.63,0.37,0.30,1
622783.19,1288106.38,737.04,736.00,737.04,0.63,0.37,0.30,1
622875.44,1288106.38,738.04,737.00,738.04,0.63,0.37,0.30,1
622967.69,1288106.38,739.04,738.00,739.04,0.63,0.37,0.30,1
623060.00,1288106.38,740.04,739.00,740.04,0.63,0.37,0.30,1
623152.25,1288106.38,740.04,739.00,740.04,0.63,0.37,0.30,1
623244.56,1288106.38,740.04,739.00,740.04,0.63,0.37,0.30,1
623336.81,1288106.38,741.04,740.00,741.04,0.63,0.37,0.30,1
623429.12,1288106.38,741.04,740.00,741.04,0.63,0.37,0.30,1
623521.38,1288106.38,741.04,740.00,741.04,0.63,0.37,0.30,1
623613.69,1288106.38,742.04,741.00,742.04,0.63,0.37,0.30,1
623705.94,1288106.38,745.04,744.00,745.04,0.63,0.37,0.30,1
623798.19,1288106.38,747.04,746.00,747.04,0.63,0.37,0.30,1
623890.50,1288106.38,749.04,748.00,749.04,0.63,0.37,0.30,1
623982.75,1288106.38,751.04,750.00,751.04,0.63,0.37,0.30,1
624075.06,1288106.38,751.03,750.00,751.03,0.63,0.37,0.30,1
624167.31,1288106.38,753.01,752.00,753.01,0.63,0.37,0.30,1
624259.62,1288106.38,753.90,753.00,753.90,0.63,0.38,0.31,1
624351.88,1288106.38,751.80,751.00,751.80,0.63,0.39,0.32,1
624444.19,1288106.38,753.85,753.00,753.85,0.63,0.39,0.32,1
624536.44,1288106.38,764.93,764.00,764.93,0.63,0.38,0.31,1
624628.69,1288106.38,773.92,773.00,773.92,0.63,0.38,0.31,1
624721.00,1288106.38,776.86,776.00,776.86,0.63,0.39,0.31,1
624813.25,1288106.38,770.85,770.00,770.85,0.63,0.39,0.32,1
624905.56,1288106.38,763.90,763.00,763.90,0.63,0.38,0.31,1
624997.81,1288106.38,775.97,775.00,775.97,0.63,0.38,0.31,1
625090.12,1288106.38,791.01,790.00,791.01,0.63,0.37,0.30,1
625182.38,1288106.38,793.03,792.00,793.03,0.63,0.37,0.30,1
625274.69,1288106.38,783.03,782.00,783.03,0.63,0.37,0.30,1
625366.94,1288106.38,786.32,785.31,786.32,0.63,0.37,0.30,1
625459.19,1288106.38,-9999.00,-9999.00,-9999.00,0.71,0.71,0.71,0
614385.88,1288014.12,-9999.00,-9999.00,-9999.00,0.71,0.71,0.71,0
614478.12,1288014.12,737.00,737.00,737.00,-0.49,-0.49,-0.49,0
614570.44,1288014.12,729.01,729.00,729.01,0.73,0.73,0.73,0
614662.69,1288014.12,728.07,728.00,728.07,0.71,0.71,0.71,0
614755.00,1288014.12,728.33,728.00,728.33,0.64,0.44,0.38,1
614847.25,1288014.12,729.75,729.00,729.75,0.63,0.39,0.32,1
614939.56,1288014.12,732.00,731.00,732.00,0.63,0.37,0.30,1
615031.81,1288014.12,734.05,733.00,734.05,0.62,0.37,0.29,1
615124.12,1288014.12,738.06,737.00,738.06,0.62,0.36,0.29,1
615216.38,1288014.12,751.06,750.00,751.06,0.61,0.35,0.28,1
615308.62,1288014.12,769.06,768.00,769.06,0.60,0.35,0.27,1
615400.94,1288014.12,788.06,787.00,788.06,0.60,0.35,0.27,1
615493.19,1288014.12,799.06,798.00,799.06,0.62,0.36,0.29,1
615585.50,1288014.12,787.06,786.00,787.06,0.63,0.37,0.30,1
615677.75,1288014.12,775.06,774.00,775.06,0.62,0.36,0.29,1
615770.06,1288014.12,771.06,770.00,771.06,0.61,0.36,0.28,1
615862.31,1288014.12,773.06,772.00,773.06,0.62,0.37,0.29,1
615954.62,1288014.12,762.06,761.00,762.06,0.64,0.38,0.31,1
616046.88,1288014.12,753.06,752.00,753.06,0.63,0.37,0.30,1
616139.12,1288014.12,769.06,768.00,769.06,0.60,0.35,0.27,1
616231.44,1288014.12,784.06,783.00,784.06,0.60,0.35,0.27,1
616323.69,1288014.12,789.06,788.00,789.06,0.63,0.37,0.30,1
616416.00,1288014.12,770.06,769.00,770.06,0.63,0.38,0.30,1
616508.25,1288014.12,762.06,761.00,762.06,0.62,0.37,0.29,1
616600.56,1288014.12,770.06,769.00,770.06,0.62,0.36,0.29,1
616692.81,1288014.12,777.06,776.00,777.06,0.62,0.37,0.29,1
616785.12,1288014.12,784.06,783.00,784.06,0.62,0.36,0.29,1
616877.38,1288014.12,791.06,790.00,791.06,0.61,0.35,0.28,1
616969.62,1288014.12,806.06,805.00,806.06,0.60,0.34,0.27,1
617061.94,1288014.12,819.06,818.00,819.06,0.60,0.34,0.27,1
617154.19,1288014.12,831.06,830.00,831.06,0.61,0.36,0.28,1
617246.50,1288014.12,831.06,830.00,831.06,0.63,0.37,0.30,1
617338.75,1288014.12,830.06,829.00,830.06,0.62,0.36,0.29,1
617431.06,1288014.12,844.06,843.00,844.06,0.61,0.35,0.28,1
617523.31,1288014.12,858.06,857.00,858.06,0.61,0.35,0.28,1
617615.62,1288014.12,870.06,869.00,870.06,0.61,0.35,0.28,1
617707.88,1288014.12,883.06,882.00,883.06,0.62,0.36,0.29,1
617800.12,1288014.12,888.06,887.00,888.06,0.64,0.39,0.31,1
617892.44,1288014.12,881.06,880.00,881.06,0.66,0.41,0.33,1
617984.69,1288014.12,868.06,867.00,868.06,0.67,0.41,0.34,1
618077.00,1288014.12,851.05,850.00,851.05,0.67,0.41,0.34,1
618169.25,1288014.12,830.05,829.00,830.05,0.67,0.41,0.34,1
618261.56,1288014.12,816.05,815.00,816.05,0.66,0.40,0.33,1
618353.81,1288014.12,811.05,810.00,811.05,0.65,0.40,0.32,1
618446.12,1288014.12,806.06,805.00,806.06,0.65,0.39,0.32,1
618538.38,1288014.12,800.06,799.00,800.06,0.65,0.39,0.32,1
618630.62,1288014.12,795.06,794.00,795.06,0.65,0.39,0.32,1
618722.94,1288014.12,790.06,789.00,790.06,0.65,0.39,0.32,1
618815.19,1288014.12,782.06,781.00,782.06,0.64,0.38,0.31,1
618907.50,1288014.12,783.06,782.00,783.06,0.62,0.37,0.29,1
618999.75,1288014.12,788.06,787.00,788.06,0.62,0.36,0.29,1
619092.06,1288014.12,783.06,782.00,783.06,0.64,0.38,0.31,1
619184.31,1288014.12,764.06,763.00,764.06,0.65,0.39,0.32,1
619276.62,1288014.12,748.06,747.00,748.06,0.63,0.37,0.30,1
619368.88,1288014.12,761.05,760.00,761.05,0.60,0.35,0.27,1
619461.19,1288014.12,777.05,776.00,777.05,0.61,0.36,0.28,1
619553.44,1288014.12,776.05,775.00,776.05,0.64,0.38,0.31,1
619645.69,1288014.12,763.06,762.00,763.06,0.65,0.39,0.32,1
619738.00,1288014.12,754.06,753.00,754.06,0.64,0.38,0.31,1
619830.25,1288014.12,758.06,757.00,758.06,0.62,0.37,0.29,1
619922.56,1288014.12,760.06,759.00,760.06,0.62,0.37,0.29,1
620014.81,1288014.12,757.06,756.00,757.06,0.63,0.37,0.30,1
620107.12,1288014.12,751.06,750.00,751.06,0.63,0.38,0.30,1
620199.38,1288014.12,749.05,748.00,749.05,0.64,0.38,0.31,1
620291.69,1288014.12,751.01,750.00,751.01,0.64,0.38,0.31,1
620383.94,1288014.12,749.94,749.00,749.94,0.64,0.38,0.31,1
620476.19,1288014.12,748.94,748.00,748.94,0.63,0.38,0.31,1
620568.50,1288014.12,752.01,751.00,752.01,0.62,0.37,0.30,1
620660.75,1288014.12,760.05,759.00,760.05,0.62,0.37,0.29,1
620753.06,1288014.12,760.06,759.00,760.06,0.64,0.38,0.31,1
620845.31,1288014.12,752.06,751.00,752.06,0.64,0.39,0.31,1
620937.62,1288014.12,747.06,746.00,747.06,0.63,0.37,0.30,1
621029.88,1288014.12,751.06,750.00,751.06,0.62,0.37,0.29,1
621122.19,1288014.12,757.06,756.00,757.06,0.63,0.38,0.30,1
621214.44,1288014.12,753.06,752.00,753.06,0.64,0.39,0.31,1
621306.69,1288014.12,746.06,745.00,746.06,0.65,0.39,0.32,1
621399.00,1288014.12,740.05,739.00,740.05,0.64,0.38,0.31,1
621491.25,1288014.12,736.07,735.00,736.07,0.64,0.38,0.30,1
621583.56,1288014.12,734.10,733.00,734.10,0.63,0.37,0.30,1
621675.81,1288014.12,735.14,734.00,735.14,0.63,0.37,0.29,1
621768.12,1288014.12,735.14,734.00,735.14,0.63,0.37,0.29,1
621860.38,1288014.12,735.08,734.00,735.08,0.63,0.37,0.30,1
621952.69,1288014.12,735.99,735.00,735.99,0.63,0.38,0.31,1
622044.94,1288014.12,735.97,735.00,735.97,0.63,0.38,0.31,1
622137.19,1288014.12,736.02,735.00,736.02,0.63,0.37,0.30,1
622229.50,1288014.12,735.06,734.00,735.06,0.63,0.37,0.30,1
622321.75,1288014.12,736.06,735.00,736.06,0.63,0.37,0.30,1
622414.06,1288014.12,737.07,736.00,737.07,0.63,0.37,0.30,1
622506.31,1288014.12,738.07,737.00,738.07,0.63,0.37,0.30,1
622598.62,1288014.12,740.07,739.00,740.07,0.63,0.38,0.30,1
622690.88,1288014.12,739.07,738.00,739.07,0.64,0.38,0.31,1
622783.19,1288014.12,739.07,738.00,739.07,0.64,0.38,0.31,1
622875.44,1288014.12,739.07,738.00,739.07,0.63,0.38,0.30,1
622967.69,1288014.12,742.07,741.00,742.07,0.64,0.38,0.31,1
623060.00,1288014.12,744.07,743.00,744.07,0.64,0.38,0.31,1
623152.25,1288014.12,743.07,742.00,743.07,0.64,0.38,0.31,1
623244.56,1288014.12,743.07,742.00,743.07,0.64,0.38,0.31,1
623336.81,1288014.12,743.07,742.00,743.07,0.64,0.38,0.31,1
623429.12,1288014.12,746.07,745.00,746.07,0.64,0.38,0.31,1
623521.38,1288014.12,747.07,746.00,747.07,0.64,0.39,0.31,1
623613.69,1288014.12,745.07,744.00,745.07,0.64,0.38,0.31,1
623705.94,1288014.12,744.07,743.00,744.07,0.63,0.37,0.30,1
623798.19,1288014.12,744.07,743.00,744.07,0.63,0.37,0.30,1
623890.50,1288014.12,745.07,744.00,745.07,0.63,0.37,0.30,1
623982.75,1288014.12,747.07,746.00,747.07,0.63,0.37,0.30,1
624075.06,1288014.12,749.07,748.00,749.07,0.63,0.37,0.30,1
624167.31,1288014.12,750.05,749.00,750.05,0.63,0.37,0.30,1
624259.62,1288014.12,751.00,750.00,751.00,0.63,0.38,0.30,1
624351.88,1288014.12,751.95,751.00,751.95,0.63,0.38,0.31,1
624444.19,1288014.12,753.96,753.00,753.96,0.63,0.38,0.31,1
624536.44,1288014.12,757.96,757.00,757.96,0.61,0.36,0.29,1
624628.69,1288014.12,764.88,764.00,764.88,0.61,0.36,0.29,1
624721.00,1288014.12,770.79,770.00,770.79,0.62,0.38,0.31,1
624813.25,1288014.12,768.78,768.00,768.78,0.64,0.39,0.33,1
624905.56,1288014.12,768.86,768.00,768.86,0.63,0.39,0.31,1
624997.81,1288014.12,781.97,781.00,781.97,0.61,0.36,0.29,1
625090.12,1288014.12,792.04,791.00,792.04,0.61,0.36,0.28,1
625182.38,1288014.12,797.06,796.00,797.06,0.62,0.37,0.29,1
625274.69,1288014.12,794.06,793.00,794.06,0.64,0.38,0.31,1
625366.94,1288014.12,783.69,782.68,783.69,0.58,0.32,0.25,1
625459.19,1288014.12,-9999.00,-9999.00,-9999.00,0.71,0.71,0.71,0
614385.88,1287921.88,-9999.00,-9999.00,-9999.00,0.71,0.71,0.71,0
614478.12,1287921.88,740.00,740.00,740.00,-0.49,-0.49,-0.49,0
614570.44,1287921.88,730.01,730.00,730.01,0.74,0.74,0.74,0
614662.69,1287921.88,729.08,729.00,729.08,0.72,0.72,0.72,0
614755.00,1287921.88,729.36,729.00,729.36,0.64,0.44,0.38,1
614847.25,1287921.88,729.80,729.00,729.80,0.63,0.39,0.32,1
614939.56,1287921.88,732.06,731.00,732.06,0.63,0.37,0.30,1
615031.81,1287921.88,734.11,733.00,734.11,0.62,0.36,0.29,1
615124.12,1287921.88,742.12,741.00,742.12,0.62,0.36,0.28,1
615216.38,1287921.88,756.12,755.00,756.12,0.61,0.35,0.27,1
615308.62,1287921.88,771.12,770.00,771.12,0.60,0.34,0.27,1
615400.94,1287921.88,785.12,784.00,785.12,0.60,0.34,0.27,1
615493.19,1287921.88,790.12,789.00,790.12,0.62,0.36,0.28,1
615585.50,1287921.88,774.12,773.00,774.12,0.63,0.37,0.30,1
615677.75,1287921.88,759.12,758.00,759.12,0.62,0.36,0.28,1
615770.06,1287921.88,759.12,758.00,759.12,0.61,0.35,0.27,1
615862.31,1287921.88,763.12,762.00,763.12,0.61,0.35,0.28,1
615954.62,1287921.88,758.12,757.00,758.12,0.62,0.36,0.29,1
616046.88,1287921.88,756.12,755.00,756.12,0.62,0.36,0.29,1
616139.12,1287921.88,771.12,770.00,771.12,0.61,0.35,0.28,1
616231.44,1287921.88,779.12,778.00,779.12,0.62,0.36,0.28,1
616323.69,1287921.88,780.12,779.00,780.12,0.63,0.37,0.29,1
616416.00,1287921.88,762.12,761.00,762.12,0.63,0.37,0.30,1
616508.25,1287921.88,757.12,756.00,757.12,0.62,0.36,0.28,1
616600.56,1287921.88,769.12,768.00,769.12,0.60,0.34,0.27,1
616692.81,1287921.88,781.12,780.00,781.12,0.61,0.35,0.28,1
616785.12,1287921.88,787.12,786.00,787.12,0.62,0.36,0.28,1
616877.38,1287921.88,790.12,789.00,790.12,0.61,0.35,0.28,1
616969.62,1287921.88,797.12,796.00,797.12,0.60,0.34,0.26,1
617061.94,1287921.88,805.12,804.00,805.12,0.59,0.33,0.25,1
617154.19,1287921.88,819.12,818.00,819.12,0.59,0.33,0.25,1
617246.50,1287921.88,829.12,828.00,829.12,0.61,0.35,0.28,1
617338.75,1287921.88,831.12,830.00,831.12,0.63,0.37,0.29,1
617431.06,1287921.88,843.13,842.00,843.13,0.61,0.35,0.28,1
617523.31,1287921.88,859.13,858.00,859.13,0.60,0.34,0.27,1
617615.62,1287921.88,873.13,872.00,873.13,0.61,0.35,0.27,1
617707.88,1287921.88,886.13,885.00,886.13,0.61,0.35,0.28,1
617800.12,1287921.88,898.13,897.00,898.13,0.63,0.37,0.29,1
617892.44,1287921.88,897.12,896.00,897.12,0.65,0.39,0.31,1
617984.69,1287921.88,882.11,881.00,882.11,0.65,0.39,0.32,1
618077.00,1287921.88,862.08,861.00,862.08,0.65,0.39,0.32,1
618169.25,1287921.88,842.07,841.00,842.07,0.65,0.40,0.32,1
618261.56,1287921.88,832.07,831.00,832.07,0.65,0.39,0.32,1
618353.81,1287921.88,826.09,825.00,826.09,0.65,0.39,0.32,1
618446.12,1287921.88,817.11,816.00,817.11,0.64,0.39,0.31,1
618538.38,1287921.88,807.13,806.00,807.13,0.64,0.38,0.31,1
618630.62,1287921.88,800.13,799.00,800.13,0.63,0.37,0.30,1
618722.94,1287921.88,793.13,792.00,793.13,0.63,0.37,0.30,1
618815.19,1287921.88,787.13,786.00,787.13,0.63,0.37,0.30,1
618907.50,1287921.88,781.13,780.00,781.13,0.63,0.37,0.29,1
618999.75,1287921.88,777.13,776.00,777.13,0.62,0.36,0.28,1
619092.06,1287921.88,772.13,771.00,772.13,0.62,0.36,0.29,1
619184.31,1287921.88,759.12,758.00,759.12,0.63,0.37,0.30,1
619276.62,1287921.88,749.10,748.00,749.10,0.63,0.37,0.29,1
619368.88,1287921.88,758.08,757.00,758.08,0.60,0.34,0.27,1
619461.19,1287921.88,771.07,770.00,771.07,0.60,0.34,0.27,1
619553.44,1287921.88,770.08,769.00,770.08,0.62,0.36,0.29,1
619645.69,1287921.88,763.10,762.00,763.10,0.63,0.37,0.30,1
619738.00,1287921.88,757.11,756.00,757.11,0.63,0.37,0.30,1
619830.25,1287921.88,758.11,757.00,758.11,0.63,0.37,0.30,1
619922.56,1287921.88,759.11,758.00,759.11,0.63,0.37,0.30,1
620014.81,1287921.88,755.12,754.00,755.12,0.63,0.37,0.30,1
620107.12,1287921.88,752.13,751.00,752.13,0.63,0.37,0.29,1
620199.38,1287921.88,757.13,756.00,757.13,0.63,0.37,0.30,1
620291.69,1287921.88,758.12,757.00,758.12,0.64,0.38,0.30,1
620383.94,1287921.88,753.10,752.00,753.10,0.64,0.38,0.31,1
620476.19,1287921.88,752.10,751.00,752.10,0.63,0.37,0.30,1
620568.50,1287921.88,755.12,754.00,755.12,0.63,0.37,0.29,1
620660.75,1287921.88,760.13,759.00,760.13,0.62,0.36,0.29,1
620753.06,1287921.88,762.14,761.00,762.14,0.63,0.37,0.30,1
620845.31,1287921.88,756.14,755.00,756.14,0.64,0.38,0.31,1
620937.62,1287921.88,750.14,749.00,750.14,0.64,0.38,0.30,1
621029.88,1287921.88,754.14,753.00,754.14,0.63,0.36,0.29,1
621122.19,1287921.88,763.13,762.00,763.13,0.63,0.37,0.29,1
621214.44,1287921.88,762.12,761.00,762.12,0.65,0.39,0.31,1
621306.69,1287921.88,753.09,752.00,753.09,0.65,0.39,0.32,1
621399.00,1287921.88,744.06,743.00,744.06,0.65,0.39,0.32,1
621491.25,1287921.88,739.06,738.00,739.06,0.64,0.38,0.31,1
621583.56,1287921.88,737.10,736.00,737.10,0.63,0.37,0.30,1
621675.81,1287921.88,737.16,736.00,737.16,0.63,0.37,0.29,1
621768.12,1287921.88,738.19,737.00,738.19,0.63,0.36,0.29,1
621860.38,1287921.88,738.18,737.00,738.18,0.63,0.36,0.29,1
621952.69,1287921.88,739.14,738.00,739.14,0.63,0.37,0.29,1
622044.94,1287921.88,738.12,737.00,738.12,0.63,0.37,0.30,1
622137.19,1287921.88,737.13,736.00,737.13,0.63,0.37,0.30,1
622229.50,1287921.88,736.14,735.00,736.14,0.63,0.37,0.30,1
622321.75,1287921.88,736.14,735.00,736.14,0.63,0.37,0.30,1
622414.06,1287921.88,736.14,735.00,736.14,0.62,0.36,0.29,1
622506.31,1287921.88,741.14,740.00,741.14,0.62,0.36,0.29,1
622598.62,1287921.88,750.14,749.00,750.14,0.63,0.37,0.29,1
622690.88,1287921.88,751.14,750.00,751.14,0.64,0.38,0.30,1
622783.19,1287921.88,751.14,750.00,751.14,0.64,0.38,0.30,1
622875.44,1287921.88,751.14,750.00,751.14,0.63,0.37,0.30,1
622967.69,1287921.88,755.14,754.00,755.14,0.63,0.37,0.30,1
623060.00,1287921.88,758.14,757.00,758.14,0.64,0.38,0.30,1
623152.25,1287921.88,754.14,753.00,754.14,0.65,0.38,0.31,1
623244.56,1287921.88,752.15,751.00,752.15,0.64,0.38,0.30,1
623336.81,1287921.88,756.15,755.00,756.15,0.64,0.38,0.30,1
623429.12,1287921.88,763.15,762.00,763.15,0.64,0.38,0.30,1
623521.38,1287921.88,763.15,762.00,763.15,0.65,0.39,0.31,1
623613.69,1287921.88,757.15,756.00,757.15,0.65,0.39,0.31,1
623705.94,1287921.88,749.15,748.00,749.15,0.64,0.38,0.31,1
623798.19,1287921.88,746.15,745.00,746.15,0.63,0.37,0.29,1
623890.50,1287921.88,752.15,751.00,752.15,0.63,0.37,0.29,1
623982.75,1287921.88,755.15,754.00,755.15,0.63,0.37,0.30,1
624075.06,1287921.88,756.15,755.00,756.15,0.63,0.37,0.30,1
624167.31,1287921.88,759.15,758.00,759.15,0.64,0.38,0.30,1
624259.62,1287921.88,760.13,759.00,760.13,0.64,0.38,0.30,1
624351.88,1287921.88,762.12,761.00,762.12,0.64,0.38,0.31,1
624444.19,1287921.88,762.10,761.00,762.10,0.64,0.38,0.31,1
624536.44,1287921.88,756.03,755.00,756.03,0.63,0.38,0.31,1
624628.69,1287921.88,758.90,758.00,758.90,0.62,0.37,0.30,1
624721.00,1287921.88,766.78,766.00,766.78,0.62,0.38,0.31,1
624813.25,1287921.88,771.78,771.00,771.78,0.63,0.39,0.32,1
624905.56,1287921.88,777.90,777.00,777.90,0.63,0.39,0.31,1
624997.81,1287921.88,780.03,779.00,780.03,0.62,0.36,0.29,1
625090.12,1287921.88,785.09,784.00,785.09,0.61,0.35,0.28,1
625182.38,1287921.88,789.10,788.00,789.10,0.61,0.35,0.28,1
625274.69,1287921.88,788.09,787.00,788.09,0.62,0.36,0.29,1
625366.94,1287921.88,781.07,780.05,781.07,0.58,0.32,0.25,1
625459.19,1287921.88,-9999.00,-9999.00,-9999.00,0.71,0.71,0.71,0
614385.88,1287829.50,-9999.00,-9999.00,-9999.00,0.71,0.71,0.71,0
614478.12,1287829.50,734.00,734.00,734.00,-0.49,-0.49,-0.49,0
614570.44,1287829.50,731.02,731.00,731.02,0.74,0.74,0.74,0
614662.69,1287829.50,733.05,733.00,733.05,0.73,0.59,0.48,1
614755.00,1287829.50,730.21,730.00,730.21,0.66,0.47,0.42,1
614847.25,1287829.50,730.58,730.00,730.58,0.64,0.41,0.35,1
614939.56,1287829.50,731.91,731.00,731.91,0.62,0.38,0.30,1
615031.81,1287829.50,738.06,737.00,738.06,0.62,0.36,0.29,1
615124.12,1287829.50,746.10,745.00,746.10,0.62,0.36,0.28,1
615216.38,1287829.50,756.12,755.00,756.12,0.61,0.35,0.27,1
615308.62,1287829.50,765.13,764.00,765.13,0.60,0.34,0.27,1
615400.94,1287829.50,775.14,774.00,775.14,0.60,0.34,0.26,1
615493.19,1287829.50,777.14,776.00,777.14,0.61,0.35,0.28,1
615585.50,1287829.50,765.15,764.00,765.15,0.63,0.37,0.29,1
615677.75,1287829.50,750.15,749.00,750.15,0.62,0.36,0.29,1
615770.06,1287829.50,749.15,748.00,749.15,0.61,0.35,0.28,1
615862.31,1287829.50,749.15,748.00,749.15,0.61,0.35,0.27,1
615954.62,1287829.50,750.15,749.00,750.15,0.61,0.35,0.28,1
616046.88,1287829.50,758.15,757.00,758.15,0.61,0.35,0.28,1
616139.12,1287829.50,771.15,770.00,771.15,0.61,0.35,0.27,1
616231.44,1287829.50,776.15,775.00,776.15,0.62,0.36,0.28,1
616323.69,1287829.50,774.15,773.00,774.15,0.63,0.37,0.30,1
616416.00,1287829.50,759.15,758.00,759.15,0.64,0.38,0.30,1
616508.25,1287829.50,752.15,751.00,752.15,0.62,0.36,0.28,1
616600.56,1287829.50,761.16,760.00,761.16,0.60,0.34,0.26,1
616692.81,1287829.50,772.16,771.00,772.16,0.60,0.34,0.26,1
616785.12,1287829.50,777.16,776.00,777.16,0.60,0.34,0.27,1
616877.38,1287829.50,777.16,776.00,777.16,0.60,0.34,0.27,1
616969.62,1287829.50,780.16,779.00,780.16,0.60,0.34,0.27,1
617061.94,1287829.50,788.16,787.00,788.16,0.60,0.34,0.26,1
617154.19,1287829.50,802.16,801.00,802.16,0.59,0.32,0.25,1
617246.50,1287829.50,824.16,823.00,824.16,0.59,0.33,0.25,1
617338.75,1287829.50,843.16,842.00,843.16,0.61,0.35,0.28,1
617431.06,1287829.50,852.16,851.00,852.16,0.62,0.36,0.29,1
617523.31,1287829.50,856.16,855.00,856.16,0.61,0.35,0.28,1
617615.62,1287829.50,870.16,869.00,870.16,0.60,0.34,0.27,1
617707.88,1287829.50,887.16,886.00,887.16,0.61,0.35,0.27,1
617800.12,1287829.50,900.15,899.00,900.15,0.63,0.36,0.29,1
617892.44,1287829.50,894.15,893.00,894.15,0.64,0.38,0.31,1
617984.69,1287829.50,872.14,871.00,872.14,0.64,0.38,0.30,1
618077.00,1287829.50,853.12,852.00,853.12,0.63,0.37,0.30,1
618169.25,1287829.50,841.10,840.00,841.10,0.63,0.37,0.30,1
618261.56,1287829.50,833.09,832.00,833.09,0.63,0.37,0.30,1
618353.81,1287829.50,825.10,824.00,825.10,0.63,0.38,0.30,1
618446.12,1287829.50,813.13,812.00,813.13,0.63,0.37,0.30,1
618538.38,1287829.50,802.14,801.00,802.14,0.63,0.37,0.29,1
618630.62,1287829.50,792.15,791.00,792.15,0.62,0.36,0.29,1
618722.94,1287829.50,785.16,784.00,785.16,0.62,0.36,0.28,1
618815.19,1287829.50,779.16,778.00,779.16,0.62,0.36,0.28,1
618907.50,1287829.50,773.16,772.00,773.16,0.62,0.36,0.29,1
618999.75,1287829.50,766.16,765.00,766.16,0.62,0.36,0.29,1
619092.06,1287829.50,757.16,756.00,757.16,0.62,0.36,0.29,1
619184.31,1287829.50,750.15,749.00,750.15,0.63,0.36,0.29,1
619276.62,1287829.50,746.14,745.00,746.14,0.63,0.36,0.29,1
619368.88,1287829.50,749.12,748.00,749.12,0.61,0.35,0.28,1
619461.19,1287829.50,755.10,754.00,755.10,0.60,0.34,0.27,1
619553.44,1287829.50,757.10,756.00,757.10,0.61,0.35,0.28,1
619645.69,1287829.50,757.11,756.00,757.11,0.62,0.36,0.29,1
619738.00,1287829.50,758.13,757.00,758.13,0.63,0.37,0.29,1
619830.25,1287829.50,762.14,761.00,762.14,0.63,0.37,0.29,1
619922.56,1287829.50,762.14,761.00,762.14,0.63,0.37,0.30,1
620014.81,1287829.50,758.14,757.00,758.14,0.64,0.38,0.30,1
620107.12,1287829.50,757.15,756.00,757.15,0.63,0.37,0.30,1
620199.38,1287829.50,761.16,760.00,761.16,0.63,0.37,0.29,1
620291.69,1287829.50,762.15,761.00,762.15,0.63,0.37,0.30,1
620383.94,1287829.50,759.14,758.00,759.14,0.64,0.38,0.30,1
620476.19,1287829.50,758.14,757.00,758.14,0.63,0.37,0.30,1
620568.50,1287829.50,761.14,760.00,761.14,0.64,0.37,0.30,1
620660.75,1287829.50,760.15,759.00,760.15,0.63,0.37,0.30,1
620753.06,1287829.50,761.16,760.00,761.16,0.63,0.37,0.29,1
620845.31,1287829.50,763.16,762.00,763.16,0.63,0.37,0.30,1
620937.62,1287829.50,761.16,760.00,761.16,0.64,0.38,0.30,1
621029.88,1287829.50,762.16,761.00,762.16,0.63,0.37,0.30,1
621122.19,1287829.50,769.16,768.00,769.16,0.63,0.37,0.29,1
621214.44,1287829.50,771.15,770.00,771.15,0.64,0.38,0.30,1
621306.69,1287829.50,764.12,763.00,764.12,0.65,0.39,0.31,1
621399.00,1287829.50,753.09,752.00,753.09,0.65,0.39,0.32,1
621491.25,1287829.50,744.07,743.00,744.07,0.64,0.39,0.31,1
621583.56,1287829.50,739.09,738.00,739.09,0.63,0.38,0.30,1
621675.81,1287829.50,738.14,737.00,738.14,0.63,0.37,0.29,1
621768.12,1287829.50,738.18,737.00,738.18,0.63,0.36,0.29,1
621860.38,1287829.50,737.19,736.00,737.19,0.63,0.36,0.29,1
621952.69,1287829.50,738.18,737.00,738.18,0.62,0.36,0.29,1
622044.94,1287829.50,738.15,737.00,738.15,0.63,0.36,0.29,1
622137.19,1287829.50,738.15,737.00,738.15,0.63,0.37,0.29,1
622229.50,1287829.50,741.15,740.00,741.15,0.63,0.37,0.30,1
622321.75,1287829.50,741.16,740.00,741.16,0.64,0.38,0.30,1
622414.06,1287829.50,738.16,737.00,738.16,0.63,0.37,0.29,1
622506.31,1287829.50,744.16,743.00,744.16,0.62,0.35,0.28,1
622598.62,1287829.50,753.16,752.00,753.16,0.61,0.35,0.28,1
622690.88,1287829.50,754.16,753.00,754.16,0.62,0.36,0.29,1
622783.19,1287829.50,753.16,752.00,753.16,0.62,0.36,0.29,1
622875.44,1287829.50,754.16,753.00,754.16,0.62,0.36,0.29,1
622967.69,1287829.50,760.16,759.00,760.16,0.62,0.36,0.28,1
623060.00,1287829.50,764.16,763.00,764.16,0.62,0.36,0.29,1
623152.25,1287829.50,765.16,764.00,765.16,0.64,0.37,0.30,1
623244.56,1287829.50,766.16,765.00,766.16,0.64,0.38,0.30,1
623336.81,1287829.50,770.16,769.00,770.16,0.64,0.37,0.30,1
623429.12,1287829.50,776.16,775.00,776.16,0.64,0.38,0.30,1
623521.38,1287829.50,775.16,774.00,775.16,0.64,0.38,0.31,1
623613.69,1287829.50,766.17,765.00,766.17,0.65,0.38,0.31,1
623705.94,1287829.50,754.17,753.00,754.17,0.64,0.38,0.30,1
623798.19,1287829.50,748.18,747.00,748.18,0.63,0.37,0.29,1
623890.50,1287829.50,753.18,752.00,753.18,0.61,0.35,0.28,1
623982.75,1287829.50,759.18,758.00,759.18,0.62,0.36,0.28,1
624075.06,1287829.50,763.18,762.00,763.18,0.62,0.36,0.29,1
624167.31,1287829.50,768.18,767.00,768.18,0.63,0.37,0.29,1
624259.62,1287829.50,772.17,771.00,772.17,0.64,0.37,0.30,1
624351.88,1287829.50,774.16,773.00,774.16,0.64,0.38,0.30,1
624444.19,1287829.50,772.14,771.00,772.14,0.65,0.39,0.31,1
624536.44,1287829.50,762.10,761.00,762.10,0.64,0.39,0.31,1
624628.69,1287829.50,761.01,760.00,761.01,0.62,0.37,0.30,1
624721.00,1287829.50,767.87,767.00,767.87,0.62,0.37,0.30,1
624813.25,1287829.50,775.83,775.00,775.83,0.62,0.38,0.31,1
624905.56,1287829.50,781.86,781.00,781.86,0.63,0.38,0.31,1
624997.81,1287829.50,776.98,776.00,776.98,0.63,0.38,0.31,1
625090.12,1287829.50,774.07,773.00,774.07,0.61,0.35,0.28,1
625182.38,1287829.50,777.10,776.00,777.10,0.61,0.35,0.27,1
625274.69,1287829.50,774.11,773.00,774.11,0.61,0.35,0.27,1
625366.94,1287829.50,776.66,775.64,776.66,0.58,0.32,0.25,1
625459.19,1287829.50,-9999.00,-9999.00,-9999.00,0.71,0.71,0.71,0
614385.88,1287737.25,-9999.00,-9999.00,-9999.00,0.71,0.71,0.71,0
614478.12,1287737.25,733.00,733.00,733.00,-0.49,-0.49,-0.49,0
614570.44,1287737.25,741.05,741.00,741.05,0.73,0.73,0.73,0
614662.69,1287737.25,743.08,743.00,743.08,0.74,0.60,0.49,1
614755.00,1287737.25,732.26,732.00,732.26,0.67,0.48,0.42,1
614847.25,1287737.25,731.56,731.00,731.56,0.64,0.42,0.35,1
614939.56,1287737.25,731.84,731.00,731.84,0.63,0.38,0.31,1
615031.81,1287737.25,737.00,736.00,737.00,0.62,0.36,0.29,1
615124.12,1287737.25,744.09,743.00,744.09,0.61,0.35,0.28,1
615216.38,1287737.25,749.14,748.00,749.14,0.61,0.35,0.27,1
615308.62,1287737.25,753.17,752.00,753.17,0.60,0.34,0.26,1
615400.94,1287737.25,758.19,757.00,758.19,0.60,0.33,0.26,1
615493.19,1287737.25,759.20,758.00,759.20,0.60,0.34,0.27,1
615585.50,1287737.25,752.21,751.00,752.21,0.62,0.35,0.28,1
615677.75,1287737.25,742.22,741.00,742.22,0.62,0.36,0.28,1
615770.06,1287737.25,741.22,740.00,741.22,0.62,0.36,0.28,1
615862.31,1287737.25,741.23,740.00,741.23,0.62,0.36,0.28,1
615954.62,1287737.25,745.23,744.00,745.23,0.62,0.35,0.28,1
616046.88,1287737.25,756.23,755.00,756.23,0.61,0.35,0.27,1
616139.12,1287737.25,765.23,764.00,765.23,0.61,0.35,0.27,1
616231.44,1287737.25,769.23,768.00,769.23,0.62,0.35,0.28,1
616323.69,1287737.25,770.23,769.00,770.23,0.63,0.36,0.29,1
616416.00,1287737.25,757.23,756.00,757.23,0.63,0.37,0.29,1
616508.25,1287737.25,748.23,747.00,748.23,0.62,0.36,0.28,1
616600.56,1287737.25,751.23,750.00,751.23,0.61,0.34,0.27,1
616692.81,1287737.25,756.24,755.00,756.24,0.60,0.34,0.26,1
616785.12,1287737.25,759.24,758.00,759.24,0.60,0.34,0.26,1
616877.38,1287737.25,759.24,758.00,759.24,0.60,0.33,0.26,1
616969.62,1287737.25,775.24,774.00,775.24,0.60,0.34,0.26,1
617061.94,1287737.25,788.24,787.00,788.24,0.61,0.35,0.27,1
617154.19,1287737.25,801.24,800.00,801.24,0.60,0.34,0.26,1
617246.50,1287737.25,821.23,820.00,821.23,0.59,0.33,0.25,1
617338.75,1287737.25,840.23,839.00,840.23,0.59,0.32,0.25,1
617431.06,1287737.25,850.23,849.00,850.23,0.59,0.33,0.25,1
617523.31,1287737.25,856.23,855.00,856.23,0.59,0.33,0.25,1
617615.62,1287737.25,875.23,874.00,875.23,0.59,0.33,0.25,1
617707.88,1287737.25,893.23,892.00,893.23,0.60,0.34,0.26,1
617800.12,1287737.25,904.22,903.00,904.22,0.62,0.36,0.28,1
617892.44,1287737.25,895.21,894.00,895.21,0.64,0.38,0.30,1
617984.69,1287737.25,866.20,865.00,866.20,0.64,0.38,0.31,1
618077.00,1287737.25,843.18,842.00,843.18,0.64,0.38,0.30,1
618169.25,1287737.25,832.17,831.00,832.17,0.63,0.37,0.29,1
618261.56,1287737.25,825.16,824.00,825.16,0.63,0.37,0.29,1
618353.81,1287737.25,817.16,816.00,817.16,0.63,0.37,0.29,1
618446.12,1287737.25,805.18,804.00,805.18,0.63,0.37,0.30,1
618538.38,1287737.25,791.19,790.00,791.19,0.63,0.37,0.29,1
618630.62,1287737.25,780.21,779.00,780.21,0.63,0.37,0.29,1
618722.94,1287737.25,771.22,770.00,771.22,0.62,0.36,0.28,1
618815.19,1287737.25,766.22,765.00,766.22,0.62,0.35,0.28,1
618907.50,1287737.25,763.22,762.00,763.22,0.62,0.35,0.28,1
618999.75,1287737.25,759.22,758.00,759.22,0.63,0.36,0.29,1
619092.06,1287737.25,751.22,750.00,751.22,0.63,0.37,0.29,1
619184.31,1287737.25,748.22,747.00,748.22,0.63,0.37,0.30,1
619276.62,1287737.25,745.21,744.00,745.21,0.63,0.37,0.30,1
619368.88,1287737.25,743.19,742.00,743.19,0.62,0.36,0.29,1
619461.19,1287737.25,744.17,743.00,744.17,0.61,0.35,0.28,1
619553.44,1287737.25,750.17,749.00,750.17,0.61,0.35,0.27,1
619645.69,1287737.25,756.17,755.00,756.17,0.61,0.35,0.28,1
619738.00,1287737.25,761.18,760.00,761.18,0.62,0.36,0.28,1
619830.25,1287737.25,765.19,764.00,765.19,0.62,0.36,0.28,1
619922.56,1287737.25,765.20,764.00,765.20,0.63,0.37,0.29,1
620014.81,1287737.25,763.20,762.00,763.20,0.63,0.37,0.29,1
620107.12,1287737.25,765.21,764.00,765.21,0.63,0.37,0.29,1
620199.38,1287737.25,767.22,766.00,767.22,0.63,0.37,0.29,1
620291.69,1287737.25,766.22,765.00,766.22,0.63,0.37,0.29,1
620383.94,1287737.25,764.22,763.00,764.22,0.63,0.37,0.29,1
620476.19,1287737.25,765.21,764.00,765.21,0.63,0.36,0.29,1
620568.50,1287737.25,770.21,769.00,770.21,0.63,0.37,0.29,1
620660.75,1287737.25,769.21,768.00,769.21,0.64,0.38,0.30,1
620753.06,1287737.25,765.22,764.00,765.22,0.64,0.37,0.30,1
620845.31,1287737.25,767.22,766.00,767.22,0.63,0.36,0.29,1
620937.62,1287737.25,772.22,771.00,772.22,0.63,0.37,0.29,1
621029.88,1287737.25,774.21,773.00,774.21,0.63,0.37,0.29,1
621122.19,1287737.25,778.20,777.00,778.20,0.63,0.37,0.29,1
621214.44,1287737.25,776.19,775.00,776.19,0.63,0.37,0.30,1
621306.69,1287737.25,768.16,767.00,768.16,0.64,0.38,0.30,1
621399.00,1287737.25,758.14,757.00,758.14,0.64,0.38,0.31,1
621491.25,1287737.25,747.13,746.00,747.13,0.64,0.38,0.30,1
621583.56,1287737.25,739.13,738.00,739.13,0.63,0.37,0.30,1
621675.81,1287737.25,737.16,736.00,737.16,0.63,0.37,0.29,1
621768.12,1287737.25,737.19,736.00,737.19,0.62,0.36,0.29,1
621860.38,1287737.25,737.20,736.00,737.20,0.63,0.36,0.29,1
621952.69,1287737.25,737.21,736.00,737.21,0.63,0.36,0.29,1
622044.94,1287737.25,737.20,736.00,737.20,0.62,0.36,0.28,1
622137.19,1287737.25,741.20,740.00,741.20,0.62,0.35,0.28,1
622229.50,1287737.25,752.20,751.00,752.20,0.62,0.36,0.29,1
622321.75,1287737.25,752.20,751.00,752.20,0.64,0.38,0.30,1
622414.06,1287737.25,744.20,743.00,744.20,0.64,0.38,0.30,1
622506.31,1287737.25,741.20,740.00,741.20,0.63,0.36,0.29,1
622598.62,1287737.25,743.20,742.00,743.20,0.61,0.35,0.28,1
622690.88,1287737.25,745.20,744.00,745.20,0.62,0.35,0.28,1
622783.19,1287737.25,747.20,746.00,747.20,0.61,0.35,0.28,1
622875.44,1287737.25,751.19,750.00,751.19,0.61,0.35,0.28,1
622967.69,1287737.25,755.19,754.00,755.19,0.61,0.35,0.27,1
623060.00,1287737.25,761.19,760.00,761.19,0.61,0.35,0.27,1
623152.25,1287737.25,770.19,769.00,770.19,0.62,0.35,0.28,1
623244.56,1287737.25,778.19,777.00,778.19,0.63,0.36,0.29,1
623336.81,1287737.25,783.19,782.00,783.19,0.63,0.37,0.30,1
623429.12,1287737.25,785.20,784.00,785.20,0.64,0.38,0.30,1
623521.38,1287737.25,781.21,780.00,781.21,0.64,0.38,0.31,1
623613.69,1287737.25,768.22,767.00,768.22,0.65,0.38,0.31,1
623705.94,1287737.25,754.23,753.00,754.23,0.64,0.38,0.30,1
623798.19,1287737.25,748.24,747.00,748.24,0.63,0.37,0.29,1
623890.50,1287737.25,747.25,746.00,747.25,0.62,0.35,0.28,1
623982.75,1287737.25,754.25,753.00,754.25,0.61,0.35,0.27,1
624075.06,1287737.25,761.25,760.00,761.25,0.61,0.35,0.27,1
624167.31,1287737.25,771.25,770.00,771.25,0.61,0.35,0.27,1
624259.62,1287737.25,781.25,780.00,781.25,0.63,0.36,0.28,1
624351.88,1287737.25,783.24,782.00,783.24,0.64,0.37,0.30,1
624444.19,1287737.25,781.22,780.00,781.22,0.64,0.38,0.30,1
624536.44,1287737.25,772.18,771.00,772.18,0.65,0.39,0.31,1
624628.69,1287737.25,760.11,759.00,760.11,0.63,0.37,0.30,1
624721.00,1287737.25,765.02,764.00,765.02,0.62,0.36,0.29,1
624813.25,1287737.25,772.98,772.00,772.98,0.62,0.36,0.29,1
624905.56,1287737.25,776.98,776.00,776.98,0.62,0.37,0.30,1
624997.81,1287737.25,774.01,773.00,774.01,0.63,0.38,0.30,1
625090.12,1287737.25,763.07,762.00,763.07,0.63,0.37,0.30,1
625182.38,1287737.25,763.11,762.00,763.11,0.62,0.36,0.28,1
625274.69,1287737.25,760.13,759.00,760.13,0.61,0.35,0.28,1
625366.94,1287737.25,770.47,769.47,770.47,0.58,0.32,0.25,1
625459.19,1287737.25,-9999.00,-9999.00,-9999.00,0.71,0.71,0.71,0
614385.88,1287645.00,-9999.00,-9999.00,-9999.00,0.71,0.71,0.71,0
614478.12,1287645.00,743.01,743.00,743.01,-0.49,-0.49,-0.49,0
614570.44,1287645.00,750.08,750.00,750.08,0.72,0.72,0.72,0
614662.69,1287645.00,745.12,745.00,745.12,0.67,0.50,0.46,1
614755.00,1287645.00,736.30,736.00,736.30,0.67,0.47,0.41,1
614847.25,1287645.00,734.58,734.00,734.58,0.64,0.42,0.35,1
614939.56,1287645.00,732.82,732.00,732.82,0.64,0.39,0.32,1
615031.81,1287645.00,732.99,732.00,732.99,0.62,0.37,0.30,1
615124.12,1287645.00,737.09,736.00,737.09,0.62,0.36,0.28,1
615216.38,1287645.00,737.17,736.00,737.17,0.61,0.35,0.28,1
615308.62,1287645.00,739.22,738.00,739.22,0.61,0.34,0.27,1
615400.94,1287645.00,742.26,741.00,742.26,0.61,0.34,0.26,1
615493.19,1287645.00,742.29,741.00,742.29,0.61,0.34,0.27,1
615585.50,1287645.00,739.30,738.00,739.30,0.62,0.35,0.27,1
615677.75,1287645.00,737.32,736.00,737.32,0.63,0.36,0.28,1
615770.06,1287645.00,740.32,739.00,740.32,0.63,0.36,0.28,1
615862.31,1287645.00,744.33,743.00,744.33,0.63,0.36,0.28,1
615954.62,1287645.00,753.33,752.00,753.33,0.62,0.35,0.28,1
616046.88,1287645.00,762.34,761.00,762.34,0.63,0.36,0.28,1
616139.12,1287645.00,763.34,762.00,763.34,0.62,0.35,0.28,1
616231.44,1287645.00,766.34,765.00,766.34,0.62,0.35,0.27,1
616323.69,1287645.00,765.34,764.00,765.34,0.62,0.36,0.28,1
616416.00,1287645.00,753.35,752.00,753.35,0.63,0.36,0.28,1
616508.25,1287645.00,745.35,744.00,745.35,0.63,0.36,0.28,1
616600.56,1287645.00,745.35,744.00,745.35,0.62,0.35,0.27,1
616692.81,1287645.00,748.35,747.00,748.35,0.62,0.35,0.27,1
616785.12,1287645.00,751.35,750.00,751.35,0.62,0.35,0.27,1
616877.38,1287645.00,754.35,753.00,754.35,0.61,0.34,0.26,1
616969.62,1287645.00,779.35,778.00,779.35,0.60,0.33,0.26,1
617061.94,1287645.00,795.35,794.00,795.35,0.61,0.34,0.27,1
617154.19,1287645.00,807.34,806.00,807.34,0.61,0.34,0.26,1
617246.50,1287645.00,817.34,816.00,817.34,0.61,0.34,0.26,1
617338.75,1287645.00,820.34,819.00,820.34,0.59,0.32,0.25,1
617431.06,1287645.00,823.34,822.00,823.34,0.58,0.31,0.23,1
617523.31,1287645.00,837.34,836.00,837.34,0.57,0.30,0.23,1
617615.62,1287645.00,861.33,860.00,861.33,0.57,0.30,0.22,1
617707.88,1287645.00,882.32,881.00,882.32,0.58,0.31,0.23,1
617800.12,1287645.00,892.31,891.00,892.31,0.60,0.34,0.26,1
617892.44,1287645.00,882.30,881.00,882.30,0.62,0.35,0.27,1
617984.69,1287645.00,858.28,857.00,858.28,0.63,0.36,0.29,1
618077.00,1287645.00,840.27,839.00,840.27,0.63,0.37,0.29,1
618169.25,1287645.00,825.26,824.00,825.26,0.63,0.36,0.28,1
618261.56,1287645.00,820.25,819.00,820.25,0.63,0.36,0.28,1
618353.81,1287645.00,812.25,811.00,812.25,0.63,0.36,0.29,1
618446.12,1287645.00,800.26,799.00,800.26,0.63,0.37,0.29,1
618538.38,1287645.00,789.27,788.00,789.27,0.63,0.37,0.29,1
618630.62,1287645.00,780.29,779.00,780.29,0.64,0.37,0.29,1
618722.94,1287645.00,769.30,768.00,769.30,0.64,0.37,0.29,1
618815.19,1287645.00,760.31,759.00,760.31,0.63,0.36,0.29,1
618907.50,1287645.00,756.31,755.00,756.31,0.63,0.36,0.28,1
618999.75,1287645.00,756.32,755.00,756.32,0.63,0.36,0.28,1
619092.06,1287645.00,756.32,755.00,756.32,0.63,0.37,0.29,1
619184.31,1287645.00,757.31,756.00,757.31,0.64,0.37,0.29,1
619276.62,1287645.00,754.31,753.00,754.31,0.64,0.37,0.30,1
619368.88,1287645.00,745.29,744.00,745.29,0.64,0.37,0.29,1
619461.19,1287645.00,742.28,741.00,742.28,0.62,0.36,0.28,1
619553.44,1287645.00,746.26,745.00,746.26,0.61,0.35,0.27,1
619645.69,1287645.00,752.26,751.00,752.26,0.61,0.35,0.27,1
619738.00,1287645.00,756.26,755.00,756.26,0.61,0.35,0.27,1
619830.25,1287645.00,761.26,760.00,761.26,0.61,0.35,0.27,1
619922.56,1287645.00,765.27,764.00,765.27,0.62,0.35,0.27,1
620014.81,1287645.00,768.27,767.00,768.27,0.62,0.35,0.28,1
620107.12,1287645.00,773.28,772.00,773.28,0.62,0.36,0.28,1
620199.38,1287645.00,775.28,774.00,775.28,0.63,0.36,0.29,1
620291.69,1287645.00,769.29,768.00,769.29,0.63,0.36,0.29,1
620383.94,1287645.00,764.29,763.00,764.29,0.62,0.36,0.28,1
620476.19,1287645.00,767.29,766.00,767.29,0.61,0.35,0.27,1
620568.50,1287645.00,775.29,774.00,775.29,0.62,0.35,0.27,1
620660.75,1287645.00,780.29,779.00,780.29,0.63,0.36,0.29,1
620753.06,1287645.00,776.29,775.00,776.29,0.64,0.37,0.29,1
620845.31,1287645.00,772.29,771.00,772.29,0.63,0.36,0.29,1
620937.62,1287645.00,776.29,775.00,776.29,0.62,0.35,0.28,1
621029.88,1287645.00,780.28,779.00,780.28,0.62,0.36,0.28,1
621122.19,1287645.00,779.27,778.00,779.27,0.62,0.36,0.28,1
621214.44,1287645.00,774.25,773.00,774.25,0.63,0.36,0.29,1
621306.69,1287645.00,764.23,763.00,764.23,0.63,0.37,0.29,1
621399.00,1287645.00,753.21,752.00,753.21,0.63,0.37,0.29,1
621491.25,1287645.00,743.20,742.00,743.20,0.63,0.37,0.29,1
621583.56,1287645.00,739.20,738.00,739.20,0.63,0.37,0.29,1
621675.81,1287645.00,737.21,736.00,737.21,0.63,0.37,0.29,1
621768.12,1287645.00,736.22,735.00,736.22,0.63,0.36,0.29,1
621860.38,1287645.00,737.23,736.00,737.23,0.62,0.36,0.28,1
621952.69,1287645.00,737.25,736.00,737.25,0.62,0.36,0.28,1
622044.94,1287645.00,736.26,735.00,736.26,0.62,0.36,0.28,1
622137.19,1287645.00,739.26,738.00,739.26,0.61,0.35,0.27,1
622229.50,1287645.00,750.26,749.00,750.26,0.61,0.34,0.27,1
622321.75,1287645.00,756.26,755.00,756.26,0.63,0.36,0.29,1
622414.06,1287645.00,750.26,749.00,750.26,0.64,0.37,0.30,1
622506.31,1287645.00,742.26,741.00,742.26,0.63,0.37,0.29,1
622598.62,1287645.00,740.26,739.00,740.26,0.63,0.36,0.28,1
622690.88,1287645.00,743.26,742.00,743.26,0.63,0.36,0.29,1
622783.19,1287645.00,743.25,742.00,743.25,0.63,0.36,0.29,1
622875.44,1287645.00,745.24,744.00,745.24,0.62,0.36,0.28,1
622967.69,1287645.00,749.24,748.00,749.24,0.61,0.35,0.27,1
623060.00,1287645.00,757.24,756.00,757.24,0.61,0.34,0.27,1
623152.25,1287645.00,771.24,770.00,771.24,0.60,0.34,0.26,1
623244.56,1287645.00,782.24,781.00,782.24,0.61,0.34,0.27,1
623336.81,1287645.00,791.24,790.00,791.24,0.62,0.35,0.28,1
623429.12,1287645.00,794.25,793.00,794.25,0.63,0.37,0.29,1
623521.38,1287645.00,786.27,785.00,786.27,0.65,0.38,0.30,1
623613.69,1287645.00,771.29,770.00,771.29,0.65,0.38,0.31,1
623705.94,1287645.00,758.31,757.00,758.31,0.65,0.38,0.30,1
623798.19,1287645.00,753.33,752.00,753.33,0.64,0.37,0.29,1
623890.50,1287645.00,750.34,749.00,750.34,0.63,0.36,0.28,1
623982.75,1287645.00,753.35,752.00,753.35,0.62,0.35,0.27,1
624075.06,1287645.00,760.35,759.00,760.35,0.61,0.34,0.27,1
624167.31,1287645.00,771.35,770.00,771.35,0.61,0.34,0.26,1
624259.62,1287645.00,786.35,785.00,786.35,0.61,0.34,0.27,1
624351.88,1287645.00,793.34,792.00,793.34,0.63,0.36,0.29,1
624444.19,1287645.00,789.32,788.00,789.32,0.64,0.37,0.30,1
624536.44,1287645.00,778.29,777.00,778.29,0.65,0.38,0.31,1
624628.69,1287645.00,763.23,762.00,763.23,0.64,0.38,0.30,1
624721.00,1287645.00,765.17,764.00,765.17,0.62,0.36,0.28,1
624813.25,1287645.00,773.12,772.00,773.12,0.62,0.36,0.29,1
624905.56,1287645.00,774.10,773.00,774.10,0.63,0.37,0.30,1
624997.81,1287645.00,767.09,766.00,767.09,0.64,0.38,0.30,1
625090.12,1287645.00,761.10,760.00,761.10,0.64,0.38,0.31,1
625182.38,1287645.00,760.12,759.00,760.12,0.63,0.38,0.30,1
625274.69,1287645.00,760.13,759.00,760.13,0.63,0.37,0.30,1
625366.94,1287645.00,764.28,763.29,764.28,0.58,0.32,0.25,1
625459.19,1287645.00,-9999.00,-9999.00,-9999.00,0.71,0.71,0.71,0
614385.88,1287552.75,-9999.00,-9999.00,-9999.00,0.71,0.71,0.71,0
614478.12,1287552.75,753.05,753.00,753.05,-0.49,-0.49,-0.49,0
614570.44,1287552.75,749.14,749.00,749.14,0.67,0.50,0.45,1
614662.69,1287552.75,740.17,740.00,740.17,0.65,0.48,0.42,1
614755.00,1287552.75,739.35,739.00,739.35,0.65,0.44,0.39,1
614847.25,1287552.75,734.61,734.00,734.61,0.64,0.41,0.34,1
614939.56,1287552.75,733.83,733.00,733.83,0.63,0.39,0.32,1
615031.81,1287552.75,731.99,731.00,731.99,0.63,0.38,0.30,1
615124.12,1287552.75,733.11,732.00,733.11,0.62,0.36,0.29,1
615216.38,1287552.75,732.21,731.00,732.21,0.62,0.36,0.28,1
615308.62,1287552.75,732.28,731.00,732.28,0.62,0.35,0.28,1
615400.94,1287552.75,733.33,732.00,733.33,0.62,0.35,0.27,1
615493.19,1287552.75,734.36,733.00,734.36,0.62,0.35,0.27,1
615585.50,1287552.75,736.39,735.00,736.39,0.62,0.35,0.27,1
615677.75,1287552.75,745.41,744.00,745.41,0.62,0.35,0.27,1
615770.06,1287552.75,756.42,755.00,756.42,0.63,0.36,0.28,1
615862.31,1287552.75,760.42,759.00,760.42,0.63,0.36,0.28,1
615954.62,1287552.75,764.43,763.00,764.43,0.63,0.35,0.27,1
616046.88,1287552.75,769.44,768.00,769.44,0.63,0.35,0.28,1
616139.12,1287552.75,764.44,763.00,764.44,0.63,0.35,0.28,1
616231.44,1287552.75,762.44,761.00,762.44,0.62,0.35,0.27,1
616323.69,1287552.75,758.44,757.00,758.44,0.62,0.35,0.27,1
616416.00,1287552.75,747.45,746.00,747.45,0.62,0.35,0.27,1
616508.25,1287552.75,743.45,742.00,743.45,0.62,0.35,0.27,1
616600.56,1287552.75,744.45,743.00,744.45,0.62,0.35,0.27,1
616692.81,1287552.75,749.45,748.00,749.45,0.62,0.35,0.27,1
616785.12,1287552.75,753.45,752.00,753.45,0.63,0.35,0.27,1
616877.38,1287552.75,759.45,758.00,759.45,0.61,0.34,0.26,1
616969.62,1287552.75,786.45,785.00,786.45,0.61,0.33,0.25,1
617061.94,1287552.75,800.45,799.00,800.45,0.61,0.34,0.26,1
617154.19,1287552.75,803.44,802.00,803.44,0.61,0.33,0.26,1
617246.50,1287552.75,805.44,804.00,805.44,0.60,0.33,0.25,1
617338.75,1287552.75,802.44,801.00,802.44,0.60,0.33,0.25,1
617431.06,1287552.75,803.44,802.00,803.44,0.59,0.32,0.24,1
617523.31,1287552.75,817.44,816.00,817.44,0.58,0.31,0.23,1
617615.62,1287552.75,835.43,834.00,835.43,0.57,0.29,0.22,1
617707.88,1287552.75,859.42,858.00,859.42,0.57,0.30,0.22,1
617800.12,1287552.75,874.40,873.00,874.40,0.60,0.33,0.25,1
617892.44,1287552.75,859.38,858.00,859.38,0.62,0.34,0.27,1
617984.69,1287552.75,842.37,841.00,842.37,0.62,0.35,0.27,1
618077.00,1287552.75,828.35,827.00,828.35,0.62,0.35,0.27,1
618169.25,1287552.75,816.35,815.00,816.35,0.62,0.35,0.27,1
618261.56,1287552.75,813.35,812.00,813.35,0.62,0.35,0.27,1
618353.81,1287552.75,806.35,805.00,806.35,0.63,0.36,0.28,1
618446.12,1287552.75,795.35,794.00,795.35,0.63,0.36,0.29,1
618538.38,1287552.75,788.36,787.00,788.36,0.64,0.37,0.29,1
618630.62,1287552.75,781.37,780.00,781.37,0.64,0.37,0.29,1
618722.94,1287552.75,772.39,771.00,772.39,0.64,0.37,0.29,1
618815.19,1287552.75,765.40,764.00,765.40,0.64,0.37,0.29,1
618907.50,1287552.75,762.40,761.00,762.40,0.64,0.36,0.29,1
618999.75,1287552.75,762.41,761.00,762.41,0.63,0.36,0.28,1
619092.06,1287552.75,766.40,765.00,766.40,0.63,0.36,0.28,1
619184.31,1287552.75,767.40,766.00,767.40,0.63,0.36,0.28,1
619276.62,1287552.75,760.39,759.00,760.39,0.64,0.37,0.29,1
619368.88,1287552.75,749.38,748.00,749.38,0.64,0.37,0.29,1
619461.19,1287552.75,742.35,741.00,742.35,0.63,0.36,0.28,1
619553.44,1287552.75,742.34,741.00,742.34,0.62,0.35,0.27,1
619645.69,1287552.75,745.32,744.00,745.32,0.62,0.35,0.27,1
619738.00,1287552.75,750.32,749.00,750.32,0.62,0.35,0.27,1
619830.25,1287552.75,754.32,753.00,754.32,0.61,0.35,0.27,1
619922.56,1287552.75,759.32,758.00,759.32,0.61,0.35,0.27,1
620014.81,1287552.75,764.32,763.00,764.32,0.61,0.35,0.27,1
620107.12,1287552.75,771.32,770.00,771.32,0.62,0.35,0.27,1
620199.38,1287552.75,770.33,769.00,770.33,0.62,0.36,0.28,1
620291.69,1287552.75,762.34,761.00,762.34,0.62,0.36,0.28,1
620383.94,1287552.75,758.35,757.00,758.35,0.62,0.35,0.27,1
620476.19,1287552.75,761.35,760.00,761.35,0.61,0.34,0.26,1
620568.50,1287552.75,770.35,769.00,770.35,0.61,0.34,0.26,1
620660.75,1287552.75,778.35,777.00,778.35,0.62,0.35,0.27,1
620753.06,1287552.75,778.35,777.00,778.35,0.63,0.36,0.28,1
620845.31,1287552.75,774.35,773.00,774.35,0.63,0.36,0.28,1
620937.62,1287552.75,772.35,771.00,772.35,0.62,0.35,0.27,1
621029.88,1287552.75,773.34,772.00,773.34,0.61,0.35,0.27,1
621122.19,1287552.75,771.33,770.00,771.33,0.62,0.35,0.27,1
621214.44,1287552.75,766.31,765.00,766.31,0.62,0.35,0.28,1
621306.69,1287552.75,758.29,757.00,758.29,0.63,0.36,0.28,1
621399.00,1287552.75,747.28,746.00,747.28,0.63,0.36,0.29,1
621491.25,1287552.75,741.28,740.00,741.28,0.63,0.37,0.29,1
621583.56,1287552.75,742.27,741.00,742.27,0.63,0.37,0.29,1
621675.81,1287552.75,743.27,742.00,743.27,0.64,0.37,0.30,1
621768.12,1287552.75,739.27,738.00,739.27,0.64,0.37,0.29,1
621860.38,1287552.75,736.28,735.00,736.28,0.63,0.36,0.29,1
621952.69,1287552.75,735.30,734.00,735.30,0.63,0.36,0.28,1
622044.94,1287552.75,735.32,734.00,735.32,0.62,0.36,0.28,1
622137.19,1287552.75,738.32,737.00,738.32,0.62,0.35,0.27,1
622229.50,1287552.75,746.33,745.00,746.33,0.61,0.34,0.26,1
622321.75,1287552.75,755.33,754.00,755.33,0.62,0.35,0.27,1
622414.06,1287552.75,753.33,752.00,753.33,0.63,0.37,0.29,1
622506.31,1287552.75,747.33,746.00,747.33,0.64,0.37,0.29,1
622598.62,1287552.75,744.32,743.00,744.32,0.63,0.36,0.29,1
622690.88,1287552.75,750.32,749.00,750.32,0.63,0.36,0.29,1
622783.19,1287552.75,752.31,751.00,752.31,0.64,0.37,0.29,1
622875.44,1287552.75,751.30,750.00,751.30,0.64,0.37,0.29,1
622967.69,1287552.75,751.30,750.00,751.30,0.63,0.36,0.28,1
623060.00,1287552.75,755.29,754.00,755.29,0.61,0.35,0.27,1
623152.25,1287552.75,766.29,765.00,766.29,0.61,0.34,0.26,1
623244.56,1287552.75,774.30,773.00,774.30,0.60,0.34,0.26,1
623336.81,1287552.75,784.31,783.00,784.31,0.60,0.34,0.26,1
623429.12,1287552.75,793.32,792.00,793.32,0.62,0.35,0.27,1
623521.38,1287552.75,792.34,791.00,792.34,0.64,0.37,0.29,1
623613.69,1287552.75,781.37,780.00,781.37,0.65,0.38,0.30,1
623705.94,1287552.75,771.40,770.00,771.40,0.65,0.38,0.30,1
623798.19,1287552.75,763.42,762.00,763.42,0.64,0.37,0.29,1
623890.50,1287552.75,756.43,755.00,756.43,0.63,0.36,0.28,1
623982.75,1287552.75,755.44,754.00,755.44,0.63,0.35,0.28,1
624075.06,1287552.75,762.44,761.00,762.44,0.62,0.35,0.27,1
624167.31,1287552.75,772.44,771.00,772.44,0.61,0.34,0.26,1
624259.62,1287552.75,786.43,785.00,786.43,0.61,0.34,0.26,1
624351.88,1287552.75,797.43,796.00,797.43,0.62,0.35,0.27,1
624444.19,1287552.75,796.41,795.00,796.41,0.64,0.36,0.29,1
624536.44,1287552.75,786.38,785.00,786.38,0.64,0.37,0.30,1
624628.69,1287552.75,772.34,771.00,772.34,0.64,0.37,0.30,1
624721.00,1287552.75,766.28,765.00,766.28,0.63,0.36,0.28,1
624813.25,1287552.75,771.22,770.00,771.22,0.62,0.36,0.28,1
624905.56,1287552.75,772.18,771.00,772.18,0.63,0.37,0.29,1
624997.81,1287552.75,772.15,771.00,772.15,0.64,0.38,0.30,1
625090.12,1287552.75,774.13,773.00,774.13,0.64,0.38,0.31,1
625182.38,1287552.75,773.12,772.00,773.12,0.64,0.38,0.31,1
625274.69,1287552.75,772.12,771.00,772.12,0.65,0.39,0.31,1
625366.94,1287552.75,761.17,760.19,761.17,0.57,0.32,0.25,1
625459.19,1287552.75,-9999.00,-9999.00,-9999.00,0.71,0.71,0.71,0
614385.88,1287460.38,-9999.00,-9999.00,-9999.00,0.71,0.71,0.71,0
614478.12,1287460.38,756.24,756.00,756.24,0.11,-0.08,-0.14,1
614570.44,1287460.38,746.34,746.00,746.34,0.65,0.45,0.39,1
614662.69,1287460.38,738.28,738.00,738.28,0.65,0.45,0.40,1
614755.00,1287460.38,736.45,736.00,736.45,0.64,0.42,0.36,1
614847.25,1287460.38,731.67,731.00,731.67,0.63,0.40,0.33,1
614939.56,1287460.38,732.86,732.00,732.86,0.63,0.38,0.31,1
615031.81,1287460.38,734.01,733.00,734.01,0.63,0.38,0.30,1
615124.12,1287460.38,732.14,731.00,732.14,0.63,0.37,0.29,1
615216.38,1287460.38,731.24,730.00,731.24,0.63,0.36,0.29,1
615308.62,1287460.38,731.32,730.00,731.32,0.62,0.36,0.28,1
615400.94,1287460.38,732.38,731.00,732.38,0.62,0.35,0.27,1
615493.19,1287460.38,739.42,738.00,739.42,0.62,0.35,0.27,1
615585.50,1287460.38,746.45,745.00,746.45,0.62,0.35,0.27,1
615677.75,1287460.38,759.47,758.00,759.47,0.62,0.34,0.27,1
615770.06,1287460.38,769.49,768.00,769.49,0.62,0.35,0.27,1
615862.31,1287460.38,769.50,768.00,769.50,0.63,0.35,0.27,1
615954.62,1287460.38,766.50,765.00,766.50,0.62,0.35,0.27,1
616046.88,1287460.38,767.51,766.00,767.51,0.62,0.35,0.27,1
616139.12,1287460.38,761.51,760.00,761.51,0.63,0.35,0.27,1
616231.44,1287460.38,753.51,752.00,753.51,0.62,0.34,0.26,1
616323.69,1287460.38,747.52,746.00,747.52,0.62,0.34,0.26,1
616416.00,1287460.38,742.52,741.00,742.52,0.62,0.35,0.27,1
616508.25,1287460.38,743.52,742.00,743.52,0.62,0.35,0.27,1
616600.56,1287460.38,749.52,748.00,749.52,0.62,0.35,0.27,1
616692.81,1287460.38,760.52,759.00,760.52,0.62,0.35,0.27,1
616785.12,1287460.38,767.52,766.00,767.52,0.63,0.35,0.27,1
616877.38,1287460.38,776.52,775.00,776.52,0.62,0.34,0.26,1
616969.62,1287460.38,798.52,797.00,798.52,0.62,0.34,0.26,1
617061.94,1287460.38,799.53,798.00,799.53,0.63,0.35,0.27,1
617154.19,1287460.38,788.52,787.00,788.52,0.61,0.34,0.26,1
617246.50,1287460.38,784.52,783.00,784.52,0.60,0.32,0.25,1
617338.75,1287460.38,786.52,785.00,786.52,0.60,0.33,0.25,1
617431.06,1287460.38,792.52,791.00,792.52,0.60,0.33,0.25,1
617523.31,1287460.38,802.51,801.00,802.51,0.59,0.31,0.23,1
617615.62,1287460.38,817.50,816.00,817.50,0.57,0.30,0.22,1
617707.88,1287460.38,840.49,839.00,840.49,0.57,0.30,0.22,1
617800.12,1287460.38,855.47,854.00,855.47,0.59,0.31,0.23,1
617892.44,1287460.38,844.45,843.00,844.45,0.61,0.34,0.26,1
617984.69,1287460.38,826.44,825.00,826.44,0.62,0.35,0.27,1
618077.00,1287460.38,813.43,812.00,813.43,0.62,0.35,0.27,1
618169.25,1287460.38,807.42,806.00,807.42,0.62,0.34,0.27,1
618261.56,1287460.38,802.42,801.00,802.42,0.61,0.34,0.26,1
618353.81,1287460.38,798.42,797.00,798.42,0.62,0.35,0.27,1
618446.12,1287460.38,796.42,795.00,796.42,0.63,0.35,0.28,1
618538.38,1287460.38,795.43,794.00,795.43,0.63,0.36,0.28,1
618630.62,1287460.38,793.44,792.00,793.44,0.64,0.36,0.29,1
618722.94,1287460.38,784.46,783.00,784.46,0.64,0.37,0.29,1
618815.19,1287460.38,778.47,777.00,778.47,0.64,0.37,0.29,1
618907.50,1287460.38,774.47,773.00,774.47,0.63,0.36,0.28,1
618999.75,1287460.38,771.47,770.00,771.47,0.63,0.35,0.28,1
619092.06,1287460.38,770.47,769.00,770.47,0.62,0.35,0.27,1
619184.31,1287460.38,767.46,766.00,767.46,0.62,0.35,0.27,1
619276.62,1287460.38,759.45,758.00,759.45,0.63,0.36,0.28,1
619368.88,1287460.38,752.43,751.00,752.43,0.63,0.36,0.28,1
619461.19,1287460.38,744.41,743.00,744.41,0.63,0.36,0.28,1
619553.44,1287460.38,742.38,741.00,742.38,0.62,0.35,0.28,1
619645.69,1287460.38,747.36,746.00,747.36,0.62,0.35,0.27,1
619738.00,1287460.38,752.35,751.00,752.35,0.62,0.35,0.27,1
619830.25,1287460.38,754.35,753.00,754.35,0.62,0.35,0.28,1
619922.56,1287460.38,758.35,757.00,758.35,0.62,0.35,0.27,1
620014.81,1287460.38,764.35,763.00,764.35,0.62,0.35,0.28,1
620107.12,1287460.38,768.35,767.00,768.35,0.63,0.36,0.28,1
620199.38,1287460.38,765.36,764.00,765.36,0.63,0.36,0.28,1
620291.69,1287460.38,758.37,757.00,758.37,0.63,0.36,0.28,1
620383.94,1287460.38,753.38,752.00,753.38,0.62,0.35,0.27,1
620476.19,1287460.38,756.39,755.00,756.39,0.61,0.34,0.26,1
620568.50,1287460.38,765.39,764.00,765.39,0.61,0.34,0.26,1
620660.75,1287460.38,774.40,773.00,774.40,0.61,0.34,0.26,1
620753.06,1287460.38,774.40,773.00,774.40,0.62,0.35,0.27,1
620845.31,1287460.38,769.40,768.00,769.40,0.62,0.35,0.27,1
620937.62,1287460.38,766.39,765.00,766.39,0.62,0.35,0.27,1
621029.88,1287460.38,764.39,763.00,764.39,0.62,0.35,0.27,1
621122.19,1287460.38,760.38,759.00,760.38,0.62,0.35,0.27,1
621214.44,1287460.38,757.36,756.00,757.36,0.62,0.35,0.27,1
621306.69,1287460.38,750.35,749.00,750.35,0.62,0.36,0.28,1
621399.00,1287460.38,744.34,743.00,744.34,0.63,0.36,0.28,1
621491.25,1287460.38,748.34,747.00,748.34,0.63,0.36,0.28,1
621583.56,1287460.38,755.33,754.00,755.33,0.63,0.37,0.29,1
621675.81,1287460.38,755.33,754.00,755.33,0.64,0.37,0.30,1
621768.12,1287460.38,748.33,747.00,748.33,0.64,0.37,0.30,1
621860.38,1287460.38,740.34,739.00,740.34,0.64,0.37,0.29,1
621952.69,1287460.38,737.36,736.00,737.36,0.63,0.36,0.28,1
622044.94,1287460.38,736.37,735.00,736.37,0.63,0.36,0.28,1
622137.19,1287460.38,738.37,737.00,738.37,0.62,0.35,0.27,1
622229.50,1287460.38,745.38,744.00,745.38,0.61,0.34,0.26,1
622321.75,1287460.38,756.38,755.00,756.38,0.62,0.35,0.27,1
622414.06,1287460.38,757.38,756.00,757.38,0.63,0.36,0.28,1
622506.31,1287460.38,752.38,751.00,752.38,0.63,0.36,0.29,1
622598.62,1287460.38,754.38,753.00,754.38,0.63,0.36,0.28,1
622690.88,1287460.38,762.37,761.00,762.37,0.63,0.36,0.28,1
622783.19,1287460.38,766.37,765.00,766.37,0.64,0.37,0.29,1
622875.44,1287460.38,762.36,761.00,762.36,0.64,0.37,0.30,1
622967.69,1287460.38,757.35,756.00,757.35,0.64,0.37,0.29,1
623060.00,1287460.38,756.35,755.00,756.35,0.63,0.36,0.28,1
623152.25,1287460.38,761.36,760.00,761.36,0.62,0.35,0.27,1
623244.56,1287460.38,769.36,768.00,769.36,0.62,0.35,0.27,1
623336.81,1287460.38,779.37,778.00,779.37,0.62,0.35,0.27,1
623429.12,1287460.38,789.38,788.00,789.38,0.62,0.35,0.27,1
623521.38,1287460.38,792.41,791.00,792.41,0.63,0.36,0.28,1
623613.69,1287460.38,788.44,787.00,788.44,0.64,0.37,0.29,1
623705.94,1287460.38,781.46,780.00,781.46,0.64,0.37,0.29,1
623798.19,1287460.38,768.48,767.00,768.48,0.64,0.36,0.28,1
623890.50,1287460.38,761.49,760.00,761.49,0.63,0.35,0.28,1
623982.75,1287460.38,765.50,764.00,765.50,0.63,0.35,0.27,1
624075.06,1287460.38,771.50,770.00,771.50,0.62,0.35,0.27,1
624167.31,1287460.38,776.50,775.00,776.50,0.61,0.34,0.26,1
624259.62,1287460.38,790.50,789.00,790.50,0.61,0.33,0.25,1
624351.88,1287460.38,802.49,801.00,802.49,0.62,0.34,0.27,1
624444.19,1287460.38,800.47,799.00,800.47,0.63,0.36,0.28,1
624536.44,1287460.38,790.45,789.00,790.45,0.64,0.37,0.29,1
624628.69,1287460.38,774.41,773.00,774.41,0.64,0.37,0.29,1
624721.00,1287460.38,767.36,766.00,767.36,0.63,0.36,0.28,1
624813.25,1287460.38,772.30,771.00,772.30,0.62,0.35,0.28,1
624905.56,1287460.38,780.24,779.00,780.24,0.62,0.36,0.28,1
624997.81,1287460.38,787.19,786.00,787.19,0.63,0.37,0.29,1
625090.12,1287460.38,787.15,786.00,787.15,0.64,0.38,0.30,1
625182.38,1287460.38,784.12,783.00,784.12,0.64,0.38,0.31,1
625274.69,1287460.38,777.11,776.00,777.11,0.64,0.39,0.31,1
625366.94,1287460.38,761.15,760.17,761.15,0.57,0.32,0.25,1
625459.19,1287460.38,-9999.00,-9999.00,-9999.00,0.71,0.71,0.71,0
614385.88,1287368.12,-9999.00,-9999.00,-9999.00,0.71,0.71,0.71,0
614478.12,1287368.12,752.64,752.00,752.64,0.23,0.00,-0.06,1
614570.44,1287368.12,742.73,742.00,742.73,0.64,0.40,0.33,1
614662.69,1287368.12,734.56,734.00,734.56,0.64,0.42,0.35,1
614755.00,1287368.12,731.65,731.00,731.65,0.64,0.40,0.34,1
614847.25,1287368.12,729.78,729.00,729.78,0.64,0.40,0.33,1
614939.56,1287368.12,731.91,731.00,731.91,0.63,0.38,0.31,1
615031.81,1287368.12,733.04,732.00,733.04,0.63,0.37,0.30,1
615124.12,1287368.12,731.16,730.00,731.16,0.63,0.37,0.29,1
615216.38,1287368.12,732.27,731.00,732.27,0.63,0.36,0.28,1
615308.62,1287368.12,732.35,731.00,732.35,0.62,0.35,0.28,1
615400.94,1287368.12,737.42,736.00,737.42,0.62,0.35,0.27,1
615493.19,1287368.12,749.46,748.00,749.46,0.62,0.34,0.27,1
615585.50,1287368.12,755.50,754.00,755.50,0.62,0.34,0.27,1
615677.75,1287368.12,763.52,762.00,763.52,0.62,0.34,0.26,1
615770.06,1287368.12,767.54,766.00,767.54,0.62,0.34,0.26,1
615862.31,1287368.12,765.55,764.00,765.55,0.62,0.34,0.26,1
615954.62,1287368.12,762.56,761.00,762.56,0.62,0.34,0.26,1
616046.88,1287368.12,763.56,762.00,763.56,0.62,0.34,0.26,1
616139.12,1287368.12,756.56,755.00,756.56,0.62,0.35,0.27,1
616231.44,1287368.12,744.56,743.00,744.56,0.62,0.35,0.27,1
616323.69,1287368.12,740.57,739.00,740.57,0.62,0.34,0.26,1
616416.00,1287368.12,742.57,741.00,742.57,0.62,0.34,0.26,1
616508.25,1287368.12,751.57,750.00,751.57,0.62,0.34,0.26,1
616600.56,1287368.12,764.57,763.00,764.57,0.62,0.34,0.26,1
616692.81,1287368.12,774.57,773.00,774.57,0.62,0.35,0.27,1
616785.12,1287368.12,780.57,779.00,780.57,0.62,0.34,0.27,1
616877.38,1287368.12,785.57,784.00,785.57,0.61,0.33,0.25,1
616969.62,1287368.12,803.57,802.00,803.57,0.61,0.33,0.25,1
617061.94,1287368.12,796.57,795.00,796.57,0.63,0.35,0.27,1
617154.19,1287368.12,778.57,777.00,778.57,0.63,0.35,0.27,1
617246.50,1287368.12,768.57,767.00,768.57,0.61,0.33,0.25,1
617338.75,1287368.12,776.57,775.00,776.57,0.60,0.32,0.24,1
617431.06,1287368.12,784.57,783.00,784.57,0.60,0.33,0.25,1
617523.31,1287368.12,786.57,785.00,786.57,0.60,0.32,0.24,1
617615.62,1287368.12,798.56,797.00,798.56,0.58,0.31,0.23,1
617707.88,1287368.12,817.55,816.00,817.55,0.58,0.30,0.22,1
617800.12,1287368.12,825.53,824.00,825.53,0.59,0.31,0.23,1
617892.44,1287368.12,820.51,819.00,820.51,0.60,0.33,0.25,1
617984.69,1287368.12,810.49,809.00,810.49,0.61,0.34,0.26,1
618077.00,1287368.12,803.48,802.00,803.48,0.62,0.34,0.27,1
618169.25,1287368.12,795.47,794.00,795.47,0.62,0.35,0.27,1
618261.56,1287368.12,790.47,789.00,790.47,0.62,0.34,0.26,1
618353.81,1287368.12,792.47,791.00,792.47,0.62,0.34,0.26,1
618446.12,1287368.12,795.48,794.00,795.48,0.62,0.35,0.27,1
618538.38,1287368.12,796.48,795.00,796.48,0.62,0.34,0.27,1
618630.62,1287368.12,796.50,795.00,796.50,0.62,0.34,0.27,1
618722.94,1287368.12,794.51,793.00,794.51,0.63,0.35,0.27,1
618815.19,1287368.12,788.51,787.00,788.51,0.63,0.36,0.28,1
618907.50,1287368.12,777.52,776.00,777.52,0.63,0.36,0.28,1
618999.75,1287368.12,768.52,767.00,768.52,0.62,0.35,0.27,1
619092.06,1287368.12,762.51,761.00,762.51,0.62,0.34,0.26,1
619184.31,1287368.12,758.51,757.00,758.51,0.62,0.34,0.26,1
619276.62,1287368.12,755.49,754.00,755.49,0.62,0.34,0.27,1
619368.88,1287368.12,752.47,751.00,752.47,0.62,0.35,0.27,1
619461.19,1287368.12,746.44,745.00,746.44,0.63,0.36,0.28,1
619553.44,1287368.12,744.41,743.00,744.41,0.63,0.36,0.28,1
619645.69,1287368.12,747.39,746.00,747.39,0.63,0.35,0.28,1
619738.00,1287368.12,751.37,750.00,751.37,0.62,0.35,0.27,1
619830.25,1287368.12,757.37,756.00,757.37,0.62,0.35,0.28,1
619922.56,1287368.12,763.37,762.00,763.37,0.62,0.35,0.28,1
620014.81,1287368.12,770.37,769.00,770.37,0.62,0.35,0.28,1
620107.12,1287368.12,774.37,773.00,774.37,0.63,0.36,0.28,1
620199.38,1287368.12,769.38,768.00,769.38,0.64,0.37,0.29,1
620291.69,1287368.12,759.39,758.00,759.39,0.63,0.36,0.29,1
620383.94,1287368.12,753.40,752.00,753.40,0.63,0.35,0.28,1
620476.19,1287368.12,755.42,754.00,755.42,0.61,0.34,0.27,1
620568.50,1287368.12,763.42,762.00,763.42,0.61,0.34,0.26,1
620660.75,1287368.12,769.42,768.00,769.42,0.61,0.34,0.26,1
620753.06,1287368.12,769.42,768.00,769.42,0.62,0.35,0.27,1
620845.31,1287368.12,765.42,764.00,765.42,0.62,0.35,0.27,1
620937.62,1287368.12,761.42,760.00,761.42,0.62,0.35,0.27,1
621029.88,1287368.12,757.42,756.00,757.42,0.62,0.35,0.27,1
621122.19,1287368.12,753.41,752.00,753.41,0.62,0.35,0.27,1
621214.44,1287368.12,750.40,749.00,750.40,0.62,0.35,0.28,1
621306.69,1287368.12,747.39,746.00,747.39,0.63,0.36,0.28,1
621399.00,1287368.12,748.38,747.00,748.38,0.62,0.35,0.28,1
621491.25,1287368.12,758.38,757.00,758.38,0.62,0.35,0.27,1
621583.56,1287368.12,766.38,765.00,766.38,0.62,0.35,0.27,1
621675.81,1287368.12,764.38,763.00,764.38,0.63,0.36,0.28,1
621768.12,1287368.12,755.38,754.00,755.38,0.64,0.36,0.29,1
621860.38,1287368.12,744.39,743.00,744.39,0.63,0.36,0.29,1
621952.69,1287368.12,738.40,737.00,738.40,0.63,0.36,0.28,1
622044.94,1287368.12,738.41,737.00,738.41,0.62,0.35,0.28,1
622137.19,1287368.12,738.42,737.00,738.42,0.62,0.35,0.27,1
622229.50,1287368.12,745.42,744.00,745.42,0.61,0.34,0.26,1
622321.75,1287368.12,758.42,757.00,758.42,0.61,0.34,0.26,1
622414.06,1287368.12,761.42,760.00,761.42,0.62,0.35,0.27,1
622506.31,1287368.12,761.42,760.00,761.42,0.63,0.36,0.28,1
622598.62,1287368.12,764.42,763.00,764.42,0.63,0.36,0.28,1
622690.88,1287368.12,771.41,770.00,771.41,0.63,0.36,0.28,1
622783.19,1287368.12,778.41,777.00,778.41,0.63,0.36,0.28,1
622875.44,1287368.12,778.40,777.00,778.40,0.64,0.37,0.29,1
622967.69,1287368.12,774.40,773.00,774.40,0.65,0.37,0.30,1
623060.00,1287368.12,771.40,770.00,771.40,0.64,0.37,0.29,1
623152.25,1287368.12,775.41,774.00,775.41,0.63,0.35,0.28,1
623244.56,1287368.12,785.41,784.00,785.41,0.62,0.34,0.27,1
623336.81,1287368.12,795.42,794.00,795.42,0.62,0.34,0.27,1
623429.12,1287368.12,804.44,803.00,804.44,0.62,0.35,0.27,1
623521.38,1287368.12,806.46,805.00,806.46,0.64,0.36,0.29,1
623613.69,1287368.12,799.49,798.00,799.49,0.65,0.37,0.29,1
623705.94,1287368.12,786.51,785.00,786.51,0.65,0.37,0.29,1
623798.19,1287368.12,770.53,769.00,770.53,0.64,0.36,0.28,1
623890.50,1287368.12,764.54,763.00,764.54,0.63,0.35,0.27,1
623982.75,1287368.12,774.54,773.00,774.54,0.62,0.35,0.27,1
624075.06,1287368.12,778.54,777.00,778.54,0.63,0.35,0.27,1
624167.31,1287368.12,779.54,778.00,779.54,0.62,0.35,0.27,1
624259.62,1287368.12,789.54,788.00,789.54,0.61,0.33,0.26,1
624351.88,1287368.12,800.53,799.00,800.53,0.61,0.34,0.26,1
624444.19,1287368.12,802.52,801.00,802.52,0.63,0.35,0.27,1
624536.44,1287368.12,790.49,789.00,790.49,0.63,0.36,0.28,1
624628.69,1287368.12,776.46,775.00,776.46,0.64,0.36,0.28,1
624721.00,1287368.12,776.41,775.00,776.41,0.63,0.36,0.28,1
624813.25,1287368.12,779.36,778.00,779.36,0.63,0.36,0.28,1
624905.56,1287368.12,781.28,780.00,781.28,0.62,0.35,0.28,1
624997.81,1287368.12,789.21,788.00,789.21,0.62,0.36,0.28,1
625090.12,1287368.12,789.16,788.00,789.16,0.63,0.37,0.29,1
625182.38,1287368.12,784.12,783.00,784.12,0.63,0.37,0.30,1
625274.69,1287368.12,776.10,775.00,776.10,0.63,0.38,0.30,1
625366.94,1287368.12,761.13,760.15,761.13,0.57,0.32,0.25,1
625459.19,1287368.12,-9999.00,-9999.00,-9999.00,0.71,0.71,0.71,0
614385.88,1287275.88,-9999.00,-9999.00,-9999.00,0.71,0.71,0.71,0
614478.12,1287275.88,747.98,747.00,747.98,0.30,0.05,-0.03,1
614570.44,1287275.88,738.05,737.00,738.05,0.63,0.38,0.30,1
614662.69,1287275.88,732.90,732.00,732.90,0.63,0.38,0.31,1
614755.00,1287275.88,731.87,731.00,731.87,0.64,0.39,0.32,1
614847.25,1287275.88,736.90,736.00,736.90,0.64,0.39,0.32,1
614939.56,1287275.88,737.96,737.00,737.96,0.65,0.39,0.32,1
615031.81,1287275.88,732.06,731.00,732.06,0.63,0.38,0.30,1
615124.12,1287275.88,731.18,730.00,731.18,0.63,0.36,0.29,1
615216.38,1287275.88,733.29,732.00,733.29,0.62,0.36,0.28,1
615308.62,1287275.88,734.37,733.00,734.37,0.62,0.35,0.27,1
615400.94,1287275.88,741.44,740.00,741.44,0.61,0.34,0.26,1
615493.19,1287275.88,749.49,748.00,749.49,0.61,0.34,0.26,1
615585.50,1287275.88,755.53,754.00,755.53,0.61,0.33,0.26,1
615677.75,1287275.88,761.56,760.00,761.56,0.61,0.34,0.26,1
615770.06,1287275.88,760.57,759.00,760.57,0.61,0.34,0.26,1
615862.31,1287275.88,757.58,756.00,757.58,0.62,0.34,0.26,1
615954.62,1287275.88,756.59,755.00,756.59,0.61,0.34,0.26,1
616046.88,1287275.88,757.60,756.00,757.60,0.61,0.34,0.26,1
616139.12,1287275.88,749.60,748.00,749.60,0.62,0.34,0.26,1
616231.44,1287275.88,740.60,739.00,740.60,0.62,0.35,0.27,1
616323.69,1287275.88,743.60,742.00,743.60,0.62,0.34,0.26,1
616416.00,1287275.88,752.60,751.00,752.60,0.62,0.34,0.26,1
616508.25,1287275.88,761.60,760.00,761.60,0.62,0.34,0.26,1
616600.56,1287275.88,775.60,774.00,775.60,0.62,0.34,0.26,1
616692.81,1287275.88,781.60,780.00,781.60,0.62,0.34,0.26,1
616785.12,1287275.88,780.60,779.00,780.60,0.62,0.34,0.26,1
616877.38,1287275.88,775.60,774.00,775.60,0.60,0.32,0.24,1
616969.62,1287275.88,790.61,789.00,790.61,0.60,0.32,0.24,1
617061.94,1287275.88,787.61,786.00,787.61,0.62,0.34,0.26,1
617154.19,1287275.88,773.61,772.00,773.61,0.63,0.35,0.27,1
617246.50,1287275.88,762.61,761.00,762.61,0.62,0.34,0.26,1
617338.75,1287275.88,768.61,767.00,768.61,0.61,0.33,0.25,1
617431.06,1287275.88,774.61,773.00,774.61,0.61,0.33,0.25,1
617523.31,1287275.88,774.60,773.00,774.60,0.60,0.33,0.25,1
617615.62,1287275.88,784.60,783.00,784.60,0.60,0.32,0.24,1
617707.88,1287275.88,797.58,796.00,797.58,0.59,0.32,0.24,1
617800.12,1287275.88,801.57,800.00,801.57,0.60,0.32,0.24,1
617892.44,1287275.88,801.55,800.00,801.55,0.61,0.33,0.25,1
617984.69,1287275.88,796.53,795.00,796.53,0.61,0.34,0.26,1
618077.00,1287275.88,793.52,792.00,793.52,0.62,0.34,0.26,1
618169.25,1287275.88,790.52,789.00,790.52,0.62,0.34,0.27,1
618261.56,1287275.88,787.52,786.00,787.52,0.62,0.35,0.27,1
618353.81,1287275.88,791.52,790.00,791.52,0.62,0.35,0.27,1
618446.12,1287275.88,795.52,794.00,795.52,0.62,0.35,0.27,1
618538.38,1287275.88,791.52,790.00,791.52,0.62,0.35,0.27,1
618630.62,1287275.88,786.53,785.00,786.53,0.62,0.34,0.26,1
618722.94,1287275.88,786.54,785.00,786.54,0.61,0.34,0.26,1
618815.19,1287275.88,781.55,780.00,781.55,0.62,0.34,0.26,1
618907.50,1287275.88,770.55,769.00,770.55,0.63,0.35,0.27,1
618999.75,1287275.88,759.55,758.00,759.55,0.62,0.35,0.27,1
619092.06,1287275.88,755.54,754.00,755.54,0.62,0.35,0.27,1
619184.31,1287275.88,752.54,751.00,752.54,0.62,0.35,0.27,1
619276.62,1287275.88,748.52,747.00,748.52,0.62,0.34,0.27,1
619368.88,1287275.88,747.50,746.00,747.50,0.62,0.34,0.27,1
619461.19,1287275.88,746.46,745.00,746.46,0.62,0.35,0.27,1
619553.44,1287275.88,752.43,751.00,752.43,0.63,0.35,0.28,1
619645.69,1287275.88,758.40,757.00,758.40,0.63,0.36,0.28,1
619738.00,1287275.88,760.38,759.00,760.38,0.63,0.36,0.28,1
619830.25,1287275.88,768.38,767.00,768.38,0.63,0.36,0.29,1
619922.56,1287275.88,772.38,771.00,772.38,0.63,0.36,0.29,1
620014.81,1287275.88,774.38,773.00,774.38,0.62,0.35,0.28,1
620107.12,1287275.88,778.38,777.00,778.38,0.62,0.35,0.28,1
620199.38,1287275.88,772.39,771.00,772.39,0.63,0.36,0.29,1
620291.69,1287275.88,760.40,759.00,760.40,0.64,0.36,0.29,1
620383.94,1287275.88,753.42,752.00,753.42,0.63,0.36,0.28,1
620476.19,1287275.88,752.43,751.00,752.43,0.62,0.35,0.27,1
620568.50,1287275.88,756.44,755.00,756.44,0.61,0.34,0.26,1
620660.75,1287275.88,759.44,758.00,759.44,0.61,0.33,0.26,1
620753.06,1287275.88,761.44,760.00,761.44,0.61,0.34,0.26,1
620845.31,1287275.88,759.44,758.00,759.44,0.61,0.34,0.26,1
620937.62,1287275.88,757.44,756.00,757.44,0.62,0.35,0.27,1
621029.88,1287275.88,754.44,753.00,754.44,0.62,0.35,0.27,1
621122.19,1287275.88,753.43,752.00,753.43,0.62,0.35,0.27,1
621214.44,1287275.88,753.43,752.00,753.43,0.63,0.35,0.28,1
621306.69,1287275.88,754.42,753.00,754.42,0.63,0.35,0.28,1
621399.00,1287275.88,757.42,756.00,757.42,0.62,0.35,0.27,1
621491.25,1287275.88,761.42,760.00,761.42,0.62,0.35,0.27,1
621583.56,1287275.88,759.42,758.00,759.42,0.62,0.35,0.27,1
621675.81,1287275.88,754.42,753.00,754.42,0.62,0.34,0.27,1
621768.12,1287275.88,749.42,748.00,749.42,0.62,0.35,0.27,1
621860.38,1287275.88,742.43,741.00,742.43,0.63,0.35,0.28,1
621952.69,1287275.88,737.44,736.00,737.44,0.63,0.35,0.28,1
622044.94,1287275.88,737.44,736.00,737.44,0.62,0.35,0.27,1
622137.19,1287275.88,738.45,737.00,738.45,0.62,0.35,0.27,1
622229.50,1287275.88,741.45,740.00,741.45,0.61,0.34,0.26,1
622321.75,1287275.88,751.45,750.00,751.45,0.60,0.33,0.25,1
622414.06,1287275.88,761.45,760.00,761.45,0.61,0.34,0.26,1
622506.31,1287275.88,769.45,768.00,769.45,0.62,0.35,0.27,1
622598.62,1287275.88,778.45,777.00,778.45,0.63,0.35,0.28,1
622690.88,1287275.88,785.44,784.00,785.44,0.63,0.36,0.28,1
622783.19,1287275.88,792.44,791.00,792.44,0.63,0.35,0.27,1
622875.44,1287275.88,796.44,795.00,796.44,0.63,0.36,0.28,1
622967.69,1287275.88,793.44,792.00,793.44,0.63,0.36,0.28,1
623060.00,1287275.88,787.45,786.00,787.45,0.63,0.36,0.28,1
623152.25,1287275.88,780.45,779.00,780.45,0.62,0.35,0.27,1
623244.56,1287275.88,780.46,779.00,780.46,0.61,0.33,0.25,1
623336.81,1287275.88,789.47,788.00,789.47,0.60,0.33,0.25,1
623429.12,1287275.88,803.48,802.00,803.48,0.60,0.33,0.25,1
623521.38,1287275.88,815.50,814.00,815.50,0.62,0.34,0.26,1
623613.69,1287275.88,811.53,810.00,811.53,0.64,0.36,0.28,1
623705.94,1287275.88,796.55,795.00,796.55,0.64,0.37,0.29,1
623798.19,1287275.88,776.56,775.00,776.56,0.64,0.36,0.28,1
623890.50,1287275.88,773.58,772.00,773.58,0.63,0.35,0.27,1
623982.75,1287275.88,785.57,784.00,785.57,0.63,0.35,0.27,1
624075.06,1287275.88,789.57,788.00,789.57,0.63,0.36,0.28,1
624167.31,1287275.88,789.57,788.00,789.57,0.63,0.36,0.28,1
624259.62,1287275.88,794.57,793.00,794.57,0.63,0.35,0.27,1
624351.88,1287275.88,803.56,802.00,803.56,0.62,0.35,0.27,1
624444.19,1287275.88,801.55,800.00,801.55,0.63,0.36,0.28,1
624536.44,1287275.88,787.53,786.00,787.53,0.63,0.36,0.28,1
624628.69,1287275.88,782.49,781.00,782.49,0.63,0.36,0.28,1
624721.00,1287275.88,788.45,787.00,788.45,0.63,0.36,0.28,1
624813.25,1287275.88,788.39,787.00,788.39,0.63,0.36,0.28,1
624905.56,1287275.88,785.31,784.00,785.31,0.63,0.36,0.28,1
624997.81,1287275.88,786.23,785.00,786.23,0.62,0.35,0.28,1
625090.12,1287275.88,784.16,783.00,784.16,0.62,0.36,0.28,1
625182.38,1287275.88,776.12,775.00,776.12,0.62,0.36,0.29,1
625274.69,1287275.88,767.09,766.00,767.09,0.63,0.37,0.29,1
625366.94,1287275.88,764.92,763.93,764.92,0.58,0.32,0.25,1
625459.19,1287275.88,-9999.00,-9999.00,-9999.00,0.71,0.71,0.71,0
614385.88,1287183.62,-9999.00,-9999.00,-9999.00,0.71,0.71,0.71,0
614478.12,1287183.62,741.08,740.00,741.08,0.31,0.06,-0.02,1
614570.44,1287183.62,734.09,733.00,734.09,0.63,0.37,0.30,1
614662.69,1287183.62,733.03,732.00,733.03,0.62,0.37,0.30,1
614755.00,1287183.62,742.96,742.00,742.96,0.63,0.38,0.31,1
614847.25,1287183.62,750.96,750.00,750.96,0.64,0.39,0.32,1
614939.56,1287183.62,749.00,748.00,749.00,0.65,0.40,0.32,1
615031.81,1287183.62,734.08,733.00,734.08,0.64,0.38,0.31,1
615124.12,1287183.62,731.19,730.00,731.19,0.63,0.36,0.29,1
615216.38,1287183.62,732.30,731.00,732.30,0.62,0.35,0.28,1
615308.62,1287183.62,735.39,734.00,735.39,0.62,0.35,0.27,1
615400.94,1287183.62,739.46,738.00,739.46,0.61,0.34,0.26,1
615493.19,1287183.62,743.52,742.00,743.52,0.61,0.34,0.26,1
615585.50,1287183.62,748.55,747.00,748.55,0.61,0.33,0.25,1
615677.75,1287183.62,752.58,751.00,752.58,0.61,0.33,0.25,1
615770.06,1287183.62,751.60,750.00,751.60,0.61,0.34,0.26,1
615862.31,1287183.62,751.61,750.00,751.61,0.62,0.34,0.26,1
615954.62,1287183.62,748.61,747.00,748.61,0.62,0.34,0.26,1
616046.88,1287183.62,745.62,744.00,745.62,0.61,0.33,0.25,1
616139.12,1287183.62,740.62,739.00,740.62,0.62,0.34,0.26,1
616231.44,1287183.62,744.62,743.00,744.62,0.62,0.34,0.26,1
616323.69,1287183.62,755.62,754.00,755.62,0.62,0.34,0.26,1
616416.00,1287183.62,762.62,761.00,762.62,0.62,0.34,0.26,1
616508.25,1287183.62,769.62,768.00,769.62,0.62,0.34,0.26,1
616600.56,1287183.62,777.61,776.00,777.61,0.61,0.33,0.25,1
616692.81,1287183.62,779.61,778.00,779.61,0.62,0.34,0.26,1
616785.12,1287183.62,773.62,772.00,773.62,0.62,0.35,0.27,1
616877.38,1287183.62,761.62,760.00,761.62,0.61,0.33,0.25,1
616969.62,1287183.62,776.63,775.00,776.63,0.60,0.32,0.24,1
617061.94,1287183.62,778.63,777.00,778.63,0.61,0.33,0.25,1
617154.19,1287183.62,771.63,770.00,771.63,0.63,0.35,0.27,1
617246.50,1287183.62,761.63,760.00,761.63,0.62,0.34,0.26,1
617338.75,1287183.62,762.63,761.00,762.63,0.61,0.33,0.25,1
617431.06,1287183.62,765.63,764.00,765.63,0.61,0.33,0.25,1
617523.31,1287183.62,766.63,765.00,766.63,0.61,0.33,0.25,1
617615.62,1287183.62,778.62,777.00,778.62,0.61,0.33,0.25,1
617707.88,1287183.62,788.61,787.00,788.61,0.61,0.33,0.25,1
617800.12,1287183.62,793.60,792.00,793.60,0.61,0.33,0.25,1
617892.44,1287183.62,793.58,792.00,793.58,0.62,0.34,0.26,1
617984.69,1287183.62,789.56,788.00,789.56,0.62,0.34,0.26,1
618077.00,1287183.62,787.55,786.00,787.55,0.62,0.34,0.26,1
618169.25,1287183.62,786.55,785.00,786.55,0.62,0.34,0.26,1
618261.56,1287183.62,788.55,787.00,788.55,0.62,0.34,0.26,1
618353.81,1287183.62,797.55,796.00,797.55,0.62,0.34,0.26,1
618446.12,1287183.62,799.55,798.00,799.55,0.63,0.35,0.27,1
618538.38,1287183.62,791.55,790.00,791.55,0.63,0.35,0.27,1
618630.62,1287183.62,781.56,780.00,781.56,0.63,0.35,0.27,1
618722.94,1287183.62,775.57,774.00,775.57,0.62,0.34,0.26,1
618815.19,1287183.62,770.57,769.00,770.57,0.62,0.34,0.26,1
618907.50,1287183.62,763.57,762.00,763.57,0.62,0.35,0.27,1
618999.75,1287183.62,758.57,757.00,758.57,0.62,0.35,0.27,1
619092.06,1287183.62,757.56,756.00,757.56,0.62,0.35,0.27,1
619184.31,1287183.62,754.55,753.00,754.55,0.63,0.35,0.27,1
619276.62,1287183.62,746.54,745.00,746.54,0.63,0.35,0.27,1
619368.88,1287183.62,745.51,744.00,745.51,0.62,0.34,0.27,1
619461.19,1287183.62,752.47,751.00,752.47,0.62,0.34,0.27,1
619553.44,1287183.62,762.43,761.00,762.43,0.62,0.35,0.27,1
619645.69,1287183.62,772.41,771.00,772.41,0.63,0.36,0.28,1
619738.00,1287183.62,780.39,779.00,780.39,0.63,0.36,0.29,1
619830.25,1287183.62,788.38,787.00,788.38,0.64,0.37,0.29,1
619922.56,1287183.62,786.38,785.00,786.38,0.65,0.38,0.30,1
620014.81,1287183.62,776.38,775.00,776.38,0.63,0.36,0.29,1
620107.12,1287183.62,771.38,770.00,771.38,0.62,0.35,0.27,1
620199.38,1287183.62,768.39,767.00,768.39,0.62,0.35,0.27,1
620291.69,1287183.62,761.41,760.00,761.41,0.63,0.36,0.28,1
620383.94,1287183.62,754.43,753.00,754.43,0.63,0.36,0.28,1
620476.19,1287183.62,752.44,751.00,752.44,0.63,0.36,0.28,1
620568.50,1287183.62,751.45,750.00,751.45,0.62,0.35,0.27,1
620660.75,1287183.62,750.46,749.00,750.46,0.62,0.34,0.27,1
620753.06,1287183.62,749.46,748.00,749.46,0.61,0.34,0.26,1
620845.31,1287183.62,748.46,747.00,748.46,0.61,0.34,0.26,1
620937.62,1287183.62,748.46,747.00,748.46,0.61,0.34,0.26,1
621029.88,1287183.62,747.46,746.00,747.46,0.62,0.34,0.26,1
621122.19,1287183.62,750.45,749.00,750.45,0.61,0.34,0.26,1
621214.44,1287183.62,754.45,753.00,754.45,0.62,0.34,0.27,1
621306.69,1287183.62,755.44,754.00,755.44,0.62,0.35,0.27,1
621399.00,1287183.62,756.44,755.00,756.44,0.62,0.34,0.26,1
621491.25,1287183.62,757.44,756.00,757.44,0.62,0.34,0.26,1
621583.56,1287183.62,752.44,751.00,752.44,0.62,0.35,0.27,1
621675.81,1287183.62,745.44,744.00,745.44,0.62,0.35,0.27,1
621768.12,1287183.62,742.45,741.00,742.45,0.62,0.35,0.27,1
621860.38,1287183.62,738.46,737.00,738.46,0.62,0.35,0.27,1
621952.69,1287183.62,737.46,736.00,737.46,0.62,0.35,0.27,1
622044.94,1287183.62,738.47,737.00,738.47,0.62,0.35,0.27,1
622137.19,1287183.62,737.47,736.00,737.47,0.62,0.35,0.27,1
622229.50,1287183.62,738.47,737.00,738.47,0.62,0.34,0.26,1
622321.75,1287183.62,745.47,744.00,745.47,0.60,0.33,0.25,1
622414.06,1287183.62,759.47,758.00,759.47,0.60,0.33,0.25,1
622506.31,1287183.62,775.47,774.00,775.47,0.61,0.33,0.25,1
622598.62,1287183.62,789.47,788.00,789.47,0.61,0.34,0.26,1
622690.88,1287183.62,798.47,797.00,798.47,0.62,0.35,0.27,1
622783.19,1287183.62,796.46,795.00,796.46,0.62,0.35,0.27,1
622875.44,1287183.62,790.47,789.00,790.47,0.62,0.34,0.26,1
622967.69,1287183.62,781.48,780.00,781.48,0.61,0.34,0.26,1
623060.00,1287183.62,771.48,770.00,771.48,0.61,0.34,0.26,1
623152.25,1287183.62,765.49,764.00,765.49,0.61,0.34,0.26,1
623244.56,1287183.62,767.50,766.00,767.50,0.60,0.33,0.25,1
623336.81,1287183.62,780.51,779.00,780.51,0.60,0.32,0.24,1
623429.12,1287183.62,794.52,793.00,794.52,0.60,0.32,0.24,1
623521.38,1287183.62,804.54,803.00,804.54,0.60,0.32,0.24,1
623613.69,1287183.62,805.56,804.00,805.56,0.61,0.34,0.26,1
623705.94,1287183.62,793.57,792.00,793.57,0.62,0.35,0.27,1
623798.19,1287183.62,777.59,776.00,777.59,0.62,0.35,0.27,1
623890.50,1287183.62,783.60,782.00,783.60,0.61,0.34,0.26,1
623982.75,1287183.62,801.59,800.00,801.59,0.62,0.34,0.26,1
624075.06,1287183.62,805.59,804.00,805.59,0.63,0.35,0.27,1
624167.31,1287183.62,809.59,808.00,809.59,0.63,0.36,0.28,1
624259.62,1287183.62,812.59,811.00,812.59,0.63,0.35,0.28,1
624351.88,1287183.62,813.58,812.00,813.58,0.63,0.35,0.27,1
624444.19,1287183.62,804.57,803.00,804.57,0.63,0.36,0.28,1
624536.44,1287183.62,794.55,793.00,794.55,0.64,0.36,0.28,1
624628.69,1287183.62,793.52,792.00,793.52,0.63,0.36,0.28,1
624721.00,1287183.62,795.47,794.00,795.47,0.63,0.36,0.28,1
624813.25,1287183.62,790.42,789.00,790.42,0.63,0.36,0.28,1
624905.56,1287183.62,784.34,783.00,784.34,0.63,0.36,0.28,1
624997.81,1287183.62,776.25,775.00,776.25,0.62,0.36,0.28,1
625090.12,1287183.62,767.17,766.00,767.17,0.62,0.36,0.29,1
625182.38,1287183.62,764.11,763.00,764.11,0.63,0.37,0.30,1
625274.69,1287183.62,764.08,763.00,764.08,0.63,0.37,0.30,1
625366.94,1287183.62,772.50,771.49,772.50,0.58,0.32,0.25,1
625459.19,1287183.62,-9999.00,-9999.00,-9999.00,0.71,0.71,0.71,0
614385.88,1287091.38,-9999.00,-9999.00,-9999.00,0.71,0.71,0.71,0
614478.12,1287091.38,738.04,737.00,738.04,0.31,0.05,-0.02,1
614570.44,1287091.38,733.95,733.00,733.95,0.63,0.38,0.31,1
614662.69,1287091.38,737.01,736.00,737.01,0.62,0.37,0.29,1
614755.00,1287091.38,753.98,753.00,753.98,0.62,0.37,0.30,1
614847.25,1287091.38,758.99,758.00,758.99,0.63,0.38,0.31,1
614939.56,1287091.38,751.03,750.00,751.03,0.64,0.39,0.31,1
615031.81,1287091.38,734.10,733.00,734.10,0.64,0.38,0.31,1
615124.12,1287091.38,730.21,729.00,730.21,0.63,0.36,0.29,1
615216.38,1287091.38,733.32,732.00,733.32,0.62,0.36,0.28,1
615308.62,1287091.38,733.41,732.00,733.41,0.62,0.35,0.27,1
615400.94,1287091.38,735.48,734.00,735.48,0.62,0.34,0.26,1
615493.19,1287091.38,738.53,737.00,738.53,0.61,0.34,0.26,1
615585.50,1287091.38,740.57,739.00,740.57,0.61,0.33,0.26,1
615677.75,1287091.38,742.60,741.00,742.60,0.61,0.33,0.25,1
615770.06,1287091.38,746.61,745.00,746.61,0.61,0.33,0.25,1
615862.31,1287091.38,747.62,746.00,747.62,0.62,0.34,0.26,1
615954.62,1287091.38,741.63,740.00,741.63,0.62,0.34,0.26,1
616046.88,1287091.38,736.63,735.00,736.63,0.62,0.34,0.26,1
616139.12,1287091.38,739.63,738.00,739.63,0.61,0.34,0.26,1
616231.44,1287091.38,754.63,753.00,754.63,0.61,0.33,0.25,1
616323.69,1287091.38,767.63,766.00,767.63,0.62,0.34,0.26,1
616416.00,1287091.38,770.63,769.00,770.63,0.62,0.34,0.26,1
616508.25,1287091.38,770.63,769.00,770.63,0.62,0.34,0.26,1
616600.56,1287091.38,770.63,769.00,770.63,0.61,0.33,0.25,1
616692.81,1287091.38,774.63,773.00,774.63,0.62,0.34,0.26,1
616785.12,1287091.38,770.63,769.00,770.63,0.63,0.35,0.27,1
616877.38,1287091.38,760.63,759.00,760.63,0.63,0.35,0.27,1
616969.62,1287091.38,764.64,763.00,764.64,0.60,0.32,0.24,1
617061.94,1287091.38,768.64,767.00,768.64,0.61,0.33,0.25,1
617154.19,1287091.38,766.65,765.00,766.65,0.62,0.34,0.26,1
617246.50,1287091.38,758.65,757.00,758.65,0.62,0.34,0.26,1
617338.75,1287091.38,754.65,753.00,754.65,0.62,0.34,0.26,1
617431.06,1287091.38,756.65,755.00,756.65,0.61,0.33,0.25,1
617523.31,1287091.38,762.64,761.00,762.64,0.60,0.32,0.24,1
617615.62,1287091.38,781.64,780.00,781.64,0.61,0.33,0.25,1
617707.88,1287091.38,790.63,789.00,790.63,0.61,0.34,0.26,1
617800.12,1287091.38,791.62,790.00,791.62,0.62,0.34,0.26,1
617892.44,1287091.38,787.60,786.00,787.60,0.62,0.34,0.26,1
617984.69,1287091.38,782.59,781.00,782.59,0.62,0.34,0.26,1
618077.00,1287091.38,780.58,779.00,780.58,0.61,0.34,0.26,1
618169.25,1287091.38,782.57,781.00,782.57,0.61,0.33,0.26,1
618261.56,1287091.38,790.57,789.00,790.57,0.61,0.34,0.26,1
618353.81,1287091.38,798.57,797.00,798.57,0.62,0.34,0.26,1
618446.12,1287091.38,797.57,796.00,797.57,0.62,0.34,0.27,1
618538.38,1287091.38,788.57,787.00,788.57,0.63,0.35,0.27,1
618630.62,1287091.38,780.58,779.00,780.58,0.63,0.35,0.27,1
618722.94,1287091.38,769.58,768.00,769.58,0.62,0.35,0.27,1
618815.19,1287091.38,763.58,762.00,763.58,0.62,0.34,0.26,1
618907.50,1287091.38,760.58,759.00,760.58,0.62,0.34,0.26,1
618999.75,1287091.38,758.58,757.00,758.58,0.62,0.34,0.26,1
619092.06,1287091.38,756.58,755.00,756.58,0.62,0.34,0.26,1
619184.31,1287091.38,752.56,751.00,752.56,0.63,0.35,0.27,1
619276.62,1287091.38,747.54,746.00,747.54,0.63,0.35,0.27,1
619368.88,1287091.38,749.52,748.00,749.52,0.62,0.35,0.27,1
619461.19,1287091.38,758.47,757.00,758.47,0.62,0.34,0.26,1
619553.44,1287091.38,772.44,771.00,772.44,0.61,0.34,0.26,1
619645.69,1287091.38,786.41,785.00,786.41,0.62,0.35,0.27,1
619738.00,1287091.38,802.39,801.00,802.39,0.63,0.36,0.28,1
619830.25,1287091.38,812.39,811.00,812.39,0.64,0.37,0.30,1
619922.56,1287091.38,800.39,799.00,800.39,0.65,0.38,0.30,1
620014.81,1287091.38,778.39,777.00,778.39,0.64,0.37,0.30,1
620107.12,1287091.38,765.39,764.00,765.39,0.63,0.36,0.28,1
620199.38,1287091.38,762.40,761.00,762.40,0.62,0.35,0.27,1
620291.69,1287091.38,758.41,757.00,758.41,0.62,0.35,0.27,1
620383.94,1287091.38,756.44,755.00,756.44,0.62,0.35,0.27,1
620476.19,1287091.38,758.45,757.00,758.45,0.62,0.35,0.27,1
620568.50,1287091.38,754.46,753.00,754.46,0.63,0.35,0.27,1
620660.75,1287091.38,747.47,746.00,747.47,0.62,0.35,0.27,1
620753.06,1287091.38,745.47,744.00,745.47,0.62,0.35,0.27,1
620845.31,1287091.38,743.47,742.00,743.47,0.62,0.35,0.27,1
620937.62,1287091.38,743.47,742.00,743.47,0.62,0.35,0.27,1
621029.88,1287091.38,743.47,742.00,743.47,0.62,0.35,0.27,1
621122.19,1287091.38,745.47,744.00,745.47,0.62,0.34,0.26,1
621214.44,1287091.38,748.46,747.00,748.46,0.62,0.34,0.26,1
621306.69,1287091.38,748.46,747.00,748.46,0.62,0.34,0.27,1
621399.00,1287091.38,747.46,746.00,747.46,0.62,0.34,0.26,1
621491.25,1287091.38,745.46,744.00,745.46,0.61,0.34,0.26,1
621583.56,1287091.38,744.46,743.00,744.46,0.62,0.34,0.27,1
621675.81,1287091.38,742.46,741.00,742.46,0.62,0.35,0.27,1
621768.12,1287091.38,740.47,739.00,740.47,0.62,0.35,0.27,1
621860.38,1287091.38,738.48,737.00,738.48,0.63,0.35,0.27,1
621952.69,1287091.38,736.48,735.00,736.48,0.62,0.35,0.27,1
622044.94,1287091.38,737.49,736.00,737.49,0.62,0.35,0.27,1
622137.19,1287091.38,737.49,736.00,737.49,0.62,0.35,0.27,1
622229.50,1287091.38,737.49,736.00,737.49,0.62,0.34,0.27,1
622321.75,1287091.38,742.49,741.00,742.49,0.61,0.33,0.25,1
622414.06,1287091.38,756.49,755.00,756.49,0.60,0.32,0.24,1
622506.31,1287091.38,772.49,771.00,772.49,0.59,0.32,0.24,1
622598.62,1287091.38,785.49,784.00,785.49,0.60,0.33,0.25,1
622690.88,1287091.38,790.49,789.00,790.49,0.61,0.33,0.25,1
622783.19,1287091.38,782.49,781.00,782.49,0.61,0.34,0.26,1
622875.44,1287091.38,771.49,770.00,771.49,0.61,0.34,0.26,1
622967.69,1287091.38,762.50,761.00,762.50,0.61,0.33,0.26,1
623060.00,1287091.38,755.51,754.00,755.51,0.61,0.34,0.26,1
623152.25,1287091.38,757.52,756.00,757.52,0.61,0.33,0.25,1
623244.56,1287091.38,764.53,763.00,764.53,0.61,0.33,0.25,1
623336.81,1287091.38,776.54,775.00,776.54,0.60,0.33,0.25,1
623429.12,1287091.38,783.55,782.00,783.55,0.60,0.32,0.24,1
623521.38,1287091.38,788.56,787.00,788.56,0.60,0.32,0.24,1
623613.69,1287091.38,788.58,787.00,788.58,0.61,0.33,0.25,1
623705.94,1287091.38,777.59,776.00,777.59,0.62,0.34,0.26,1
623798.19,1287091.38,770.60,769.00,770.60,0.61,0.33,0.25,1
623890.50,1287091.38,786.60,785.00,786.60,0.60,0.32,0.24,1
623982.75,1287091.38,807.60,806.00,807.60,0.60,0.32,0.24,1
624075.06,1287091.38,818.60,817.00,818.60,0.61,0.34,0.26,1
624167.31,1287091.38,822.60,821.00,822.60,0.62,0.34,0.26,1
624259.62,1287091.38,821.60,820.00,821.60,0.62,0.34,0.26,1
624351.88,1287091.38,815.59,814.00,815.59,0.62,0.34,0.26,1
624444.19,1287091.38,806.58,805.00,806.58,0.62,0.35,0.27,1
624536.44,1287091.38,802.56,801.00,802.56,0.63,0.35,0.27,1
624628.69,1287091.38,802.53,801.00,802.53,0.62,0.35,0.27,1
624721.00,1287091.38,800.49,799.00,800.49,0.62,0.35,0.27,1
624813.25,1287091.38,790.43,789.00,790.43,0.63,0.36,0.28,1
624905.56,1287091.38,779.36,778.00,779.36,0.63,0.36,0.29,1
624997.81,1287091.38,768.27,767.00,768.27,0.63,0.37,0.29,1
625090.12,1287091.38,768.18,767.00,768.18,0.63,0.37,0.29,1
625182.38,1287091.38,775.11,774.00,775.11,0.64,0.38,0.30,1
625274.69,1287091.38,776.06,775.00,776.06,0.64,0.38,0.31,1
625366.94,1287091.38,780.09,779.06,780.09,0.58,0.32,0.25,1
625459.19,1287091.38,-9999.00,-9999.00,-9999.00,0.71,0.71,0.71,0
614385.88,1286999.00,-9999.00,-9999.00,-9999.00,0.71,0.71,0.71,0
614478.12,1286999.00,745.00,744.00,745.00,0.30,0.05,-0.02,1
614570.44,1286999.00,738.81,738.00,738.81,0.65,0.40,0.33,1
614662.69,1286999.00,743.89,743.00,743.89,0.63,0.39,0.31,1
614755.00,1286999.00,753.94,753.00,753.94,0.62,0.37,0.30,1
614847.25,1286999.00,752.99,752.00,752.99,0.63,0.37,0.30,1
614939.56,1286999.00,745.05,744.00,745.05,0.64,0.38,0.31,1
615031.81,1286999.00,733.13,732.00,733.13,0.64,0.38,0.30,1
615124.12,1286999.00,732.24,731.00,732.24,0.63,0.37,0.29,1
615216.38,1286999.00,735.34,734.00,735.34,0.63,0.36,0.28,1
615308.62,1286999.00,735.43,734.00,735.43,0.63,0.35,0.28,1
615400.94,1286999.00,733.50,732.00,733.50,0.62,0.35,0.27,1
615493.19,1286999.00,735.55,734.00,735.55,0.62,0.34,0.26,1
615585.50,1286999.00,736.58,735.00,736.58,0.62,0.34,0.26,1
615677.75,1286999.00,737.61,736.00,737.61,0.62,0.34,0.26,1
615770.06,1286999.00,739.62,738.00,739.62,0.61,0.33,0.25,1
615862.31,1286999.00,738.63,737.00,738.63,0.61,0.34,0.26,1
615954.62,1286999.00,734.64,733.00,734.64,0.62,0.34,0.26,1
616046.88,1286999.00,735.64,734.00,735.64,0.62,0.34,0.26,1
616139.12,1286999.00,748.64,747.00,748.64,0.61,0.33,0.25,1
616231.44,1286999.00,764.64,763.00,764.64,0.61,0.33,0.26,1
616323.69,1286999.00,773.63,772.00,773.63,0.62,0.34,0.26,1
616416.00,1286999.00,771.63,770.00,771.63,0.62,0.34,0.26,1
616508.25,1286999.00,761.63,760.00,761.63,0.61,0.34,0.26,1
616600.56,1286999.00,760.63,759.00,760.63,0.61,0.33,0.25,1
616692.81,1286999.00,769.63,768.00,769.63,0.61,0.33,0.25,1
616785.12,1286999.00,767.63,766.00,767.63,0.62,0.34,0.26,1
616877.38,1286999.00,762.64,761.00,762.64,0.63,0.35,0.27,1
616969.62,1286999.00,751.64,750.00,751.64,0.61,0.33,0.25,1
617061.94,1286999.00,756.65,755.00,756.65,0.61,0.33,0.25,1
617154.19,1286999.00,757.65,756.00,757.65,0.61,0.33,0.25,1
617246.50,1286999.00,753.65,752.00,753.65,0.62,0.34,0.26,1
617338.75,1286999.00,750.65,749.00,750.65,0.62,0.34,0.26,1
617431.06,1286999.00,752.65,751.00,752.65,0.61,0.33,0.25,1
617523.31,1286999.00,763.65,762.00,763.65,0.61,0.33,0.25,1
617615.62,1286999.00,783.65,782.00,783.65,0.61,0.33,0.25,1
617707.88,1286999.00,787.64,786.00,787.64,0.61,0.33,0.25,1
617800.12,1286999.00,786.63,785.00,786.63,0.62,0.34,0.26,1
617892.44,1286999.00,781.62,780.00,781.62,0.62,0.34,0.26,1
617984.69,1286999.00,776.60,775.00,776.60,0.62,0.34,0.26,1
618077.00,1286999.00,775.59,774.00,775.59,0.62,0.34,0.26,1
618169.25,1286999.00,780.58,779.00,780.58,0.61,0.33,0.25,1
618261.56,1286999.00,792.58,791.00,792.58,0.61,0.33,0.26,1
618353.81,1286999.00,796.58,795.00,796.58,0.62,0.34,0.26,1
618446.12,1286999.00,790.58,789.00,790.58,0.62,0.34,0.27,1
618538.38,1286999.00,782.58,781.00,782.58,0.62,0.35,0.27,1
618630.62,1286999.00,773.59,772.00,773.59,0.62,0.35,0.27,1
618722.94,1286999.00,764.59,763.00,764.59,0.62,0.35,0.27,1
618815.19,1286999.00,759.59,758.00,759.59,0.62,0.34,0.26,1
618907.50,1286999.00,754.59,753.00,754.59,0.62,0.34,0.26,1
618999.75,1286999.00,751.59,750.00,751.59,0.62,0.34,0.26,1
619092.06,1286999.00,750.58,749.00,750.58,0.62,0.34,0.26,1
619184.31,1286999.00,751.57,750.00,751.57,0.62,0.34,0.26,1
619276.62,1286999.00,753.55,752.00,753.55,0.63,0.35,0.27,1
619368.88,1286999.00,757.52,756.00,757.52,0.62,0.35,0.27,1
619461.19,1286999.00,764.48,763.00,764.48,0.62,0.34,0.27,1
619553.44,1286999.00,780.44,779.00,780.44,0.61,0.34,0.26,1
619645.69,1286999.00,804.41,803.00,804.41,0.61,0.34,0.26,1
619738.00,1286999.00,824.40,823.00,824.40,0.62,0.35,0.27,1
619830.25,1286999.00,826.39,825.00,826.39,0.64,0.37,0.29,1
619922.56,1286999.00,805.39,804.00,805.39,0.64,0.37,0.30,1
620014.81,1286999.00,778.39,777.00,778.39,0.64,0.37,0.29,1
620107.12,1286999.00,761.39,760.00,761.39,0.63,0.36,0.28,1
620199.38,1286999.00,755.40,754.00,755.40,0.62,0.35,0.27,1
620291.69,1286999.00,753.42,752.00,753.42,0.62,0.35,0.27,1
620383.94,1286999.00,752.44,751.00,752.44,0.62,0.35,0.27,1
620476.19,1286999.00,750.46,749.00,750.46,0.62,0.35,0.27,1
620568.50,1286999.00,747.47,746.00,747.47,0.62,0.35,0.27,1
620660.75,1286999.00,745.48,744.00,745.48,0.62,0.35,0.27,1
620753.06,1286999.00,744.48,743.00,744.48,0.62,0.35,0.27,1
620845.31,1286999.00,744.48,743.00,744.48,0.63,0.35,0.27,1
620937.62,1286999.00,744.48,743.00,744.48,0.63,0.35,0.28,1
621029.88,1286999.00,743.48,742.00,743.48,0.63,0.35,0.27,1
621122.19,1286999.00,744.48,743.00,744.48,0.62,0.35,0.27,1
621214.44,1286999.00,744.47,743.00,744.47,0.62,0.35,0.27,1
621306.69,1286999.00,744.47,743.00,744.47,0.62,0.35,0.27,1
621399.00,1286999.00,743.47,742.00,743.47,0.62,0.35,0.27,1
621491.25,1286999.00,741.47,740.00,741.47,0.62,0.35,0.27,1
621583.56,1286999.00,740.48,739.00,740.48,0.62,0.35,0.27,1
621675.81,1286999.00,741.48,740.00,741.48,0.62,0.35,0.27,1
621768.12,1286999.00,741.49,740.00,741.49,0.63,0.35,0.27,1
621860.38,1286999.00,740.49,739.00,740.49,0.63,0.35,0.27,1
621952.69,1286999.00,737.50,736.00,737.50,0.63,0.35,0.27,1
622044.94,1286999.00,736.50,735.00,736.50,0.62,0.35,0.27,1
622137.19,1286999.00,737.50,736.00,737.50,0.62,0.35,0.27,1
622229.50,1286999.00,736.50,735.00,736.50,0.62,0.35,0.27,1
622321.75,1286999.00,738.50,737.00,738.50,0.61,0.34,0.26,1
622414.06,1286999.00,746.50,745.00,746.50,0.60,0.32,0.25,1
622506.31,1286999.00,759.50,758.00,759.50,0.59,0.32,0.24,1
622598.62,1286999.00,770.50,769.00,770.50,0.59,0.32,0.24,1
622690.88,1286999.00,772.50,771.00,772.50,0.60,0.33,0.25,1
622783.19,1286999.00,764.50,763.00,764.50,0.61,0.34,0.26,1
622875.44,1286999.00,754.51,753.00,754.51,0.62,0.34,0.26,1
622967.69,1286999.00,748.52,747.00,748.52,0.61,0.34,0.26,1
623060.00,1286999.00,748.53,747.00,748.53,0.62,0.34,0.26,1
623152.25,1286999.00,752.54,751.00,752.54,0.61,0.34,0.26,1
623244.56,1286999.00,762.55,761.00,762.55,0.61,0.33,0.26,1
623336.81,1286999.00,769.56,768.00,769.56,0.61,0.33,0.25,1
623429.12,1286999.00,771.57,770.00,771.57,0.60,0.33,0.25,1
623521.38,1286999.00,774.58,773.00,774.58,0.60,0.33,0.25,1
623613.69,1286999.00,774.59,773.00,774.59,0.61,0.33,0.25,1
623705.94,1286999.00,767.61,766.00,767.61,0.61,0.34,0.26,1
623798.19,1286999.00,770.61,769.00,770.61,0.61,0.33,0.25,1
623890.50,1286999.00,784.61,783.00,784.61,0.60,0.32,0.24,1
623982.75,1286999.00,798.61,797.00,798.61,0.60,0.32,0.24,1
624075.06,1286999.00,808.61,807.00,808.61,0.60,0.32,0.24,1
624167.31,1286999.00,812.61,811.00,812.61,0.60,0.32,0.25,1
624259.62,1286999.00,809.61,808.00,809.61,0.61,0.33,0.25,1
624351.88,1286999.00,801.60,800.00,801.60,0.61,0.33,0.25,1
624444.19,1286999.00,795.59,794.00,795.59,0.61,0.33,0.25,1
624536.44,1286999.00,797.57,796.00,797.57,0.61,0.34,0.26,1
624628.69,1286999.00,793.55,792.00,793.55,0.61,0.34,0.26,1
624721.00,1286999.00,786.51,785.00,786.51,0.61,0.34,0.26,1
624813.25,1286999.00,782.45,781.00,782.45,0.62,0.35,0.27,1
624905.56,1286999.00,779.38,778.00,779.38,0.63,0.36,0.28,1
624997.81,1286999.00,776.29,775.00,776.29,0.63,0.37,0.29,1
625090.12,1286999.00,783.20,782.00,783.20,0.63,0.36,0.29,1
625182.38,1286999.00,787.12,786.00,787.12,0.63,0.37,0.30,1
625274.69,1286999.00,786.06,785.00,786.06,0.63,0.38,0.30,1
625366.94,1286999.00,781.75,780.70,781.75,0.58,0.32,0.25,1
625459.19,1286999.00,-9999.00,-9999.00,-9999.00,0.71,0.71,0.71,0
614385.88,1286906.75,-9999.00,-9999.00,-9999.00,0.71,0.71,0.71,0
614478.12,1286906.75,751.99,751.00,751.99,0.30,0.05,-0.03,1
614570.44,1286906.75,752.77,752.00,752.77,0.65,0.41,0.34,1
614662.69,1286906.75,756.81,756.00,756.81,0.65,0.41,0.34,1
614755.00,1286906.75,753.89,753.00,753.89,0.64,0.39,0.32,1
614847.25,1286906.75,748.99,748.00,748.99,0.64,0.38,0.31,1
614939.56,1286906.75,743.08,742.00,743.08,0.64,0.38,0.30,1
615031.81,1286906.75,734.17,733.00,734.17,0.63,0.37,0.30,1
615124.12,1286906.75,738.27,737.00,738.27,0.63,0.36,0.29,1
615216.38,1286906.75,739.37,738.00,739.37,0.63,0.36,0.28,1
615308.62,1286906.75,737.45,736.00,737.45,0.63,0.36,0.28,1
615400.94,1286906.75,733.51,732.00,733.51,0.63,0.35,0.27,1
615493.19,1286906.75,735.56,734.00,735.56,0.62,0.34,0.26,1
615585.50,1286906.75,736.60,735.00,736.60,0.62,0.34,0.26,1
615677.75,1286906.75,736.62,735.00,736.62,0.62,0.34,0.26,1
615770.06,1286906.75,735.63,734.00,735.63,0.62,0.34,0.26,1
615862.31,1286906.75,732.64,731.00,732.64,0.62,0.34,0.26,1
615954.62,1286906.75,732.64,731.00,732.64,0.61,0.33,0.25,1
616046.88,1286906.75,743.64,742.00,743.64,0.61,0.33,0.25,1
616139.12,1286906.75,762.64,761.00,762.64,0.61,0.33,0.25,1
616231.44,1286906.75,771.64,770.00,771.64,0.62,0.34,0.26,1
616323.69,1286906.75,771.63,770.00,771.63,0.62,0.34,0.26,1
616416.00,1286906.75,764.64,763.00,764.64,0.62,0.34,0.26,1
616508.25,1286906.75,750.64,749.00,750.64,0.62,0.34,0.26,1
616600.56,1286906.75,756.64,755.00,756.64,0.61,0.33,0.25,1
616692.81,1286906.75,763.64,762.00,763.64,0.61,0.33,0.25,1
616785.12,1286906.75,760.64,759.00,760.64,0.61,0.33,0.25,1
616877.38,1286906.75,761.64,760.00,761.64,0.63,0.35,0.27,1
616969.62,1286906.75,746.64,745.00,746.64,0.62,0.34,0.26,1
617061.94,1286906.75,749.65,748.00,749.65,0.61,0.33,0.25,1
617154.19,1286906.75,750.65,749.00,750.65,0.62,0.34,0.26,1
617246.50,1286906.75,751.66,750.00,751.66,0.62,0.34,0.26,1
617338.75,1286906.75,753.66,752.00,753.66,0.62,0.34,0.26,1
617431.06,1286906.75,756.66,755.00,756.66,0.62,0.33,0.25,1
617523.31,1286906.75,769.66,768.00,769.66,0.61,0.33,0.25,1
617615.62,1286906.75,779.65,778.00,779.65,0.61,0.33,0.25,1
617707.88,1286906.75,781.65,780.00,781.65,0.61,0.33,0.25,1
617800.12,1286906.75,780.64,779.00,780.64,0.62,0.34,0.26,1
617892.44,1286906.75,776.62,775.00,776.62,0.62,0.34,0.26,1
617984.69,1286906.75,772.61,771.00,772.61,0.62,0.34,0.26,1
618077.00,1286906.75,774.60,773.00,774.60,0.62,0.34,0.26,1
618169.25,1286906.75,781.59,780.00,781.59,0.61,0.33,0.25,1
618261.56,1286906.75,792.59,791.00,792.59,0.61,0.34,0.26,1
618353.81,1286906.75,794.59,793.00,794.59,0.62,0.34,0.26,1
618446.12,1286906.75,786.59,785.00,786.59,0.62,0.35,0.27,1
618538.38,1286906.75,778.59,777.00,778.59,0.62,0.35,0.27,1
618630.62,1286906.75,768.59,767.00,768.59,0.63,0.35,0.27,1
618722.94,1286906.75,760.59,759.00,760.59,0.62,0.35,0.27,1
618815.19,1286906.75,755.59,754.00,755.59,0.62,0.34,0.27,1
618907.50,1286906.75,751.59,750.00,751.59,0.62,0.34,0.27,1
618999.75,1286906.75,749.59,748.00,749.59,0.62,0.34,0.26,1
619092.06,1286906.75,750.58,749.00,750.58,0.62,0.34,0.26,1
619184.31,1286906.75,755.57,754.00,755.57,0.62,0.34,0.26,1
619276.62,1286906.75,760.55,759.00,760.55,0.62,0.35,0.27,1
619368.88,1286906.75,766.52,765.00,766.52,0.62,0.34,0.27,1
619461.19,1286906.75,777.48,776.00,777.48,0.62,0.34,0.26,1
619553.44,1286906.75,797.43,796.00,797.43,0.61,0.34,0.26,1
619645.69,1286906.75,814.40,813.00,814.40,0.61,0.34,0.26,1
619738.00,1286906.75,821.39,820.00,821.39,0.61,0.33,0.26,1
619830.25,1286906.75,815.39,814.00,815.39,0.61,0.34,0.26,1
619922.56,1286906.75,795.39,794.00,795.39,0.63,0.36,0.28,1
620014.81,1286906.75,772.39,771.00,772.39,0.63,0.36,0.29,1
620107.12,1286906.75,757.40,756.00,757.40,0.63,0.36,0.28,1
620199.38,1286906.75,751.41,750.00,751.41,0.63,0.35,0.28,1
620291.69,1286906.75,749.43,748.00,749.43,0.62,0.35,0.27,1
620383.94,1286906.75,749.45,748.00,749.45,0.62,0.35,0.27,1
620476.19,1286906.75,749.47,748.00,749.47,0.62,0.35,0.27,1
620568.50,1286906.75,748.48,747.00,748.48,0.63,0.35,0.27,1
620660.75,1286906.75,747.48,746.00,747.48,0.63,0.35,0.27,1
620753.06,1286906.75,746.49,745.00,746.49,0.63,0.35,0.27,1
620845.31,1286906.75,748.49,747.00,748.49,0.62,0.35,0.27,1
620937.62,1286906.75,751.49,750.00,751.49,0.63,0.35,0.27,1
621029.88,1286906.75,749.49,748.00,749.49,0.63,0.36,0.28,1
621122.19,1286906.75,748.49,747.00,748.49,0.63,0.35,0.28,1
621214.44,1286906.75,747.48,746.00,747.48,0.63,0.35,0.27,1
621306.69,1286906.75,746.48,745.00,746.48,0.63,0.35,0.27,1
621399.00,1286906.75,745.48,744.00,745.48,0.63,0.36,0.28,1
621491.25,1286906.75,744.49,743.00,744.49,0.63,0.36,0.28,1
621583.56,1286906.75,741.49,740.00,741.49,0.63,0.35,0.27,1
621675.81,1286906.75,742.50,741.00,742.50,0.62,0.35,0.27,1
621768.12,1286906.75,745.50,744.00,745.50,0.63,0.35,0.27,1
621860.38,1286906.75,742.51,741.00,742.51,0.63,0.35,0.27,1
621952.69,1286906.75,738.51,737.00,738.51,0.63,0.35,0.27,1
622044.94,1286906.75,737.51,736.00,737.51,0.63,0.35,0.27,1
622137.19,1286906.75,737.51,736.00,737.51,0.63,0.35,0.27,1
622229.50,1286906.75,736.51,735.00,736.51,0.62,0.35,0.27,1
622321.75,1286906.75,736.51,735.00,736.51,0.62,0.35,0.27,1
622414.06,1286906.75,740.51,739.00,740.51,0.61,0.34,0.26,1
622506.31,1286906.75,747.51,746.00,747.51,0.60,0.33,0.25,1
622598.62,1286906.75,752.51,751.00,752.51,0.60,0.33,0.25,1
622690.88,1286906.75,752.51,751.00,752.51,0.60,0.33,0.25,1
622783.19,1286906.75,750.51,749.00,750.51,0.61,0.34,0.26,1
622875.44,1286906.75,746.52,745.00,746.52,0.62,0.34,0.26,1
622967.69,1286906.75,745.53,744.00,745.53,0.62,0.34,0.26,1
623060.00,1286906.75,752.54,751.00,752.54,0.62,0.34,0.26,1
623152.25,1286906.75,758.55,757.00,758.55,0.62,0.34,0.26,1
623244.56,1286906.75,763.56,762.00,763.56,0.62,0.34,0.26,1
623336.81,1286906.75,762.58,761.00,762.58,0.62,0.34,0.26,1
623429.12,1286906.75,758.59,757.00,758.59,0.61,0.33,0.25,1
623521.38,1286906.75,760.60,759.00,760.60,0.61,0.33,0.25,1
623613.69,1286906.75,761.60,760.00,761.60,0.61,0.33,0.25,1
623705.94,1286906.75,761.61,760.00,761.61,0.61,0.33,0.25,1
623798.19,1286906.75,771.61,770.00,771.61,0.61,0.33,0.25,1
623890.50,1286906.75,782.62,781.00,782.62,0.61,0.33,0.25,1
623982.75,1286906.75,786.62,785.00,786.62,0.60,0.33,0.25,1
624075.06,1286906.75,789.62,788.00,789.62,0.60,0.32,0.24,1
624167.31,1286906.75,794.62,793.00,794.62,0.60,0.32,0.24,1
624259.62,1286906.75,795.61,794.00,795.61,0.61,0.33,0.25,1
624351.88,1286906.75,788.61,787.00,788.61,0.61,0.34,0.26,1
624444.19,1286906.75,781.60,780.00,781.60,0.61,0.33,0.25,1
624536.44,1286906.75,785.58,784.00,785.58,0.61,0.33,0.25,1
624628.69,1286906.75,779.56,778.00,779.56,0.61,0.34,0.26,1
624721.00,1286906.75,772.52,771.00,772.52,0.61,0.34,0.26,1
624813.25,1286906.75,780.47,779.00,780.47,0.61,0.34,0.26,1
624905.56,1286906.75,786.40,785.00,786.40,0.63,0.36,0.28,1
624997.81,1286906.75,785.32,784.00,785.32,0.64,0.37,0.29,1
625090.12,1286906.75,782.23,781.00,782.23,0.63,0.37,0.29,1
625182.38,1286906.75,782.15,781.00,782.15,0.62,0.36,0.29,1
625274.69,1286906.75,779.09,778.00,779.09,0.62,0.36,0.29,1
625366.94,1286906.75,777.49,776.42,777.49,0.58,0.32,0.25,1
625459.19,1286906.75,-9999.00,-9999.00,-9999.00,0.71,0.71,0.71,0
614385.88,1286814.50,-9999.00,-9999.00,-9999.00,0.71,0.71,0.71,0
614478.12,1286814.50,763.00,762.00,763.00,0.30,0.05,-0.03,1
614570.44,1286814.50,767.77,767.00,767.77,0.64,0.40,0.33,1
614662.69,1286814.50,768.80,768.00,768.80,0.65,0.40,0.34,1
614755.00,1286814.50,758.88,758.00,758.88,0.64,0.40,0.33,1
614847.25,1286814.50,750.99,750.00,750.99,0.64,0.38,0.31,1
614939.56,1286814.50,742.10,741.00,742.10,0.64,0.38,0.30,1
615031.81,1286814.50,738.20,737.00,738.20,0.63,0.37,0.30,1
615124.12,1286814.50,741.30,740.00,741.30,0.63,0.36,0.28,1
615216.38,1286814.50,743.40,742.00,743.40,0.63,0.36,0.28,1
615308.62,1286814.50,741.47,740.00,741.47,0.63,0.36,0.28,1
615400.94,1286814.50,738.53,737.00,738.53,0.63,0.36,0.28,1
615493.19,1286814.50,737.58,736.00,737.58,0.63,0.35,0.27,1
615585.50,1286814.50,735.61,734.00,735.61,0.62,0.34,0.26,1
615677.75,1286814.50,735.62,734.00,735.62,0.62,0.34,0.26,1
615770.06,1286814.50,733.64,732.00,733.64,0.62,0.34,0.26,1
615862.31,1286814.50,731.64,730.00,731.64,0.62,0.34,0.26,1
615954.62,1286814.50,733.64,732.00,733.64,0.61,0.33,0.25,1
616046.88,1286814.50,748.64,747.00,748.64,0.60,0.32,0.24,1
616139.12,1286814.50,764.64,763.00,764.64,0.61,0.33,0.25,1
616231.44,1286814.50,767.64,766.00,767.64,0.62,0.34,0.26,1
616323.69,1286814.50,762.64,761.00,762.64,0.62,0.34,0.26,1
616416.00,1286814.50,754.64,753.00,754.64,0.62,0.34,0.26,1
616508.25,1286814.50,746.64,745.00,746.64,0.62,0.34,0.26,1
616600.56,1286814.50,756.64,755.00,756.64,0.61,0.33,0.25,1
616692.81,1286814.50,759.64,758.00,759.64,0.62,0.34,0.26,1
616785.12,1286814.50,753.64,752.00,753.64,0.61,0.33,0.25,1
616877.38,1286814.50,759.64,758.00,759.64,0.62,0.34,0.26,1
616969.62,1286814.50,743.64,742.00,743.64,0.63,0.35,0.27,1
617061.94,1286814.50,747.65,746.00,747.65,0.62,0.34,0.26,1
617154.19,1286814.50,756.65,755.00,756.65,0.62,0.34,0.26,1
617246.50,1286814.50,761.66,760.00,761.66,0.63,0.35,0.27,1
617338.75,1286814.50,759.66,758.00,759.66,0.63,0.35,0.27,1
617431.06,1286814.50,760.66,759.00,760.66,0.62,0.34,0.26,1
617523.31,1286814.50,769.66,768.00,769.66,0.61,0.33,0.25,1
617615.62,1286814.50,775.65,774.00,775.65,0.61,0.33,0.25,1
617707.88,1286814.50,776.65,775.00,776.65,0.62,0.34,0.26,1
617800.12,1286814.50,773.64,772.00,773.64,0.62,0.34,0.26,1
617892.44,1286814.50,770.63,769.00,770.63,0.62,0.34,0.26,1
617984.69,1286814.50,770.62,769.00,770.62,0.62,0.34,0.26,1
618077.00,1286814.50,776.61,775.00,776.61,0.62,0.34,0.26,1
618169.25,1286814.50,783.60,782.00,783.60,0.62,0.34,0.26,1
618261.56,1286814.50,792.59,791.00,792.59,0.62,0.34,0.26,1
618353.81,1286814.50,789.59,788.00,789.59,0.62,0.34,0.27,1
618446.12,1286814.50,780.59,779.00,780.59,0.62,0.35,0.27,1
618538.38,1286814.50,772.59,771.00,772.59,0.62,0.35,0.27,1
618630.62,1286814.50,765.59,764.00,765.59,0.63,0.35,0.27,1
618722.94,1286814.50,757.59,756.00,757.59,0.63,0.35,0.27,1
618815.19,1286814.50,753.59,752.00,753.59,0.62,0.35,0.27,1
618907.50,1286814.50,751.59,750.00,751.59,0.62,0.35,0.27,1
618999.75,1286814.50,752.59,751.00,752.59,0.62,0.34,0.26,1
619092.06,1286814.50,755.58,754.00,755.58,0.62,0.34,0.26,1
619184.31,1286814.50,761.57,760.00,761.57,0.62,0.34,0.26,1
619276.62,1286814.50,768.55,767.00,768.55,0.62,0.35,0.27,1
619368.88,1286814.50,774.52,773.00,774.52,0.62,0.34,0.26,1
619461.19,1286814.50,789.48,788.00,789.48,0.61,0.33,0.26,1
619553.44,1286814.50,804.44,803.00,804.44,0.61,0.33,0.26,1
619645.69,1286814.50,805.41,804.00,805.41,0.61,0.33,0.26,1
619738.00,1286814.50,797.40,796.00,797.40,0.60,0.33,0.25,1
619830.25,1286814.50,789.40,788.00,789.40,0.60,0.33,0.25,1
619922.56,1286814.50,778.40,777.00,778.40,0.61,0.34,0.27,1
620014.81,1286814.50,764.40,763.00,764.40,0.63,0.35,0.28,1
620107.12,1286814.50,754.40,753.00,754.40,0.63,0.36,0.28,1
620199.38,1286814.50,750.42,749.00,750.42,0.63,0.35,0.28,1
620291.69,1286814.50,748.44,747.00,748.44,0.62,0.35,0.27,1
620383.94,1286814.50,749.46,748.00,749.46,0.62,0.35,0.27,1
620476.19,1286814.50,752.48,751.00,752.48,0.62,0.35,0.27,1
620568.50,1286814.50,752.49,751.00,752.49,0.63,0.35,0.27,1
620660.75,1286814.50,752.49,751.00,752.49,0.63,0.35,0.27,1
620753.06,1286814.50,753.50,752.00,753.50,0.63,0.36,0.28,1
620845.31,1286814.50,753.50,752.00,753.50,0.63,0.35,0.27,1
620937.62,1286814.50,755.50,754.00,755.50,0.62,0.35,0.27,1
621029.88,1286814.50,755.50,754.00,755.50,0.63,0.35,0.27,1
621122.19,1286814.50,752.50,751.00,752.50,0.63,0.35,0.27,1
621214.44,1286814.50,750.50,749.00,750.50,0.63,0.35,0.27,1
621306.69,1286814.50,751.50,750.00,751.50,0.63,0.35,0.27,1
621399.00,1286814.50,753.50,752.00,753.50,0.63,0.36,0.28,1
621491.25,1286814.50,750.50,749.00,750.50,0.63,0.36,0.28,1
621583.56,1286814.50,743.50,742.00,743.50,0.63,0.35,0.28,1
621675.81,1286814.50,742.51,741.00,742.51,0.62,0.35,0.27,1
621768.12,1286814.50,745.51,744.00,745.51,0.62,0.35,0.27,1
621860.38,1286814.50,743.52,742.00,743.52,0.63,0.35,0.27,1
621952.69,1286814.50,742.52,741.00,742.52,0.63,0.35,0.27,1
622044.94,1286814.50,744.52,743.00,744.52,0.63,0.35,0.27,1
622137.19,1286814.50,742.52,741.00,742.52,0.63,0.36,0.28,1
622229.50,1286814.50,738.52,737.00,738.52,0.63,0.35,0.27,1
622321.75,1286814.50,739.52,738.00,739.52,0.62,0.35,0.27,1
622414.06,1286814.50,739.52,738.00,739.52,0.62,0.35,0.27,1
622506.31,1286814.50,740.52,739.00,740.52,0.61,0.34,0.26,1
622598.62,1286814.50,742.52,741.00,742.52,0.61,0.34,0.26,1
622690.88,1286814.50,742.52,741.00,742.52,0.62,0.34,0.26,1
622783.19,1286814.50,742.52,741.00,742.52,0.62,0.34,0.26,1
622875.44,1286814.50,743.53,742.00,743.53,0.62,0.34,0.26,1
622967.69,1286814.50,750.54,749.00,750.54,0.62,0.34,0.26,1
623060.00,1286814.50,756.55,755.00,756.55,0.61,0.34,0.26,1
623152.25,1286814.50,760.56,759.00,760.56,0.62,0.34,0.26,1
623244.56,1286814.50,762.58,761.00,762.58,0.62,0.34,0.26,1
623336.81,1286814.50,757.59,756.00,757.59,0.62,0.34,0.26,1
623429.12,1286814.50,750.60,749.00,750.60,0.62,0.34,0.26,1
623521.38,1286814.50,753.60,752.00,753.60,0.62,0.34,0.26,1
623613.69,1286814.50,755.61,754.00,755.61,0.62,0.34,0.26,1
623705.94,1286814.50,757.61,756.00,757.61,0.61,0.33,0.25,1
623798.19,1286814.50,770.62,769.00,770.62,0.60,0.33,0.25,1
623890.50,1286814.50,777.62,776.00,777.62,0.61,0.33,0.25,1
623982.75,1286814.50,776.62,775.00,776.62,0.61,0.33,0.25,1
624075.06,1286814.50,773.62,772.00,773.62,0.60,0.32,0.24,1
624167.31,1286814.50,778.62,777.00,778.62,0.60,0.32,0.24,1
624259.62,1286814.50,781.62,780.00,781.62,0.61,0.33,0.25,1
624351.88,1286814.50,777.62,776.00,777.62,0.61,0.33,0.25,1
624444.19,1286814.50,774.61,773.00,774.61,0.61,0.33,0.25,1
624536.44,1286814.50,777.59,776.00,777.59,0.61,0.33,0.25,1
624628.69,1286814.50,770.57,769.00,770.57,0.61,0.34,0.26,1
624721.00,1286814.50,769.53,768.00,769.53,0.61,0.33,0.26,1
624813.25,1286814.50,781.48,780.00,781.48,0.60,0.33,0.25,1
624905.56,1286814.50,797.42,796.00,797.42,0.62,0.34,0.27,1
624997.81,1286814.50,796.34,795.00,796.34,0.64,0.37,0.29,1
625090.12,1286814.50,787.27,786.00,787.27,0.64,0.38,0.30,1
625182.38,1286814.50,780.21,779.00,780.21,0.64,0.38,0.30,1
625274.69,1286814.50,775.16,774.00,775.16,0.64,0.38,0.30,1
625366.94,1286814.50,773.22,772.13,773.22,0.58,0.32,0.24,1
625459.19,1286814.50,-9999.00,-9999.00,-9999.00,0.71,0.71,0.71,0
614385.88,1286722.25,-9999.00,-9999.00,-9999.00,0.71,0.71,0.71,0
614478.12,1286722.25,775.02,774.00,775.02,0.30,0.05,-0.02,1
614570.44,1286722.25,768.84,768.00,768.84,0.63,0.39,0.32,1
614662.69,1286722.25,765.82,765.00,765.82,0.63,0.39,0.32,1
614755.00,1286722.25,754.90,754.00,754.90,0.64,0.39,0.32,1
614847.25,1286722.25,744.00,743.00,744.00,0.63,0.38,0.31,1
614939.56,1286722.25,743.13,742.00,743.13,0.63,0.37,0.30,1
615031.81,1286722.25,745.24,744.00,745.24,0.63,0.37,0.29,1
615124.12,1286722.25,747.34,746.00,747.34,0.63,0.36,0.28,1
615216.38,1286722.25,752.43,751.00,752.43,0.63,0.36,0.28,1
615308.62,1286722.25,751.50,750.00,751.50,0.64,0.36,0.28,1
615400.94,1286722.25,746.55,745.00,746.55,0.64,0.36,0.28,1
615493.19,1286722.25,738.59,737.00,738.59,0.63,0.35,0.27,1
615585.50,1286722.25,733.62,732.00,733.62,0.62,0.34,0.26,1
615677.75,1286722.25,735.63,734.00,735.63,0.62,0.34,0.26,1
615770.06,1286722.25,735.64,734.00,735.64,0.62,0.34,0.26,1
615862.31,1286722.25,734.64,733.00,734.64,0.62,0.34,0.26,1
615954.62,1286722.25,736.64,735.00,736.64,0.62,0.34,0.26,1
616046.88,1286722.25,745.64,744.00,745.64,0.61,0.33,0.25,1
616139.12,1286722.25,758.64,757.00,758.64,0.61,0.33,0.25,1
616231.44,1286722.25,760.64,759.00,760.64,0.62,0.34,0.26,1
616323.69,1286722.25,750.64,749.00,750.64,0.62,0.34,0.26,1
616416.00,1286722.25,744.64,743.00,744.64,0.61,0.33,0.25,1
616508.25,1286722.25,745.64,744.00,745.64,0.61,0.33,0.25,1
616600.56,1286722.25,757.64,756.00,757.64,0.61,0.33,0.25,1
616692.81,1286722.25,757.63,756.00,757.63,0.62,0.34,0.26,1
616785.12,1286722.25,746.63,745.00,746.63,0.62,0.34,0.26,1
616877.38,1286722.25,748.64,747.00,748.64,0.61,0.33,0.25,1
616969.62,1286722.25,743.64,742.00,743.64,0.62,0.34,0.26,1
617061.94,1286722.25,753.65,752.00,753.65,0.61,0.33,0.25,1
617154.19,1286722.25,766.65,765.00,766.65,0.62,0.34,0.26,1
617246.50,1286722.25,766.66,765.00,766.66,0.62,0.34,0.26,1
617338.75,1286722.25,764.66,763.00,764.66,0.62,0.34,0.26,1
617431.06,1286722.25,764.66,763.00,764.66,0.62,0.34,0.26,1
617523.31,1286722.25,769.66,768.00,769.66,0.62,0.34,0.26,1
617615.62,1286722.25,771.65,770.00,771.65,0.62,0.34,0.25,1
617707.88,1286722.25,772.65,771.00,772.65,0.62,0.34,0.26,1
617800.12,1286722.25,767.64,766.00,767.64,0.62,0.34,0.26,1
617892.44,1286722.25,765.63,764.00,765.63,0.62,0.34,0.26,1
617984.69,1286722.25,771.62,770.00,771.62,0.62,0.34,0.26,1
618077.00,1286722.25,782.61,781.00,782.61,0.62,0.34,0.26,1
618169.25,1286722.25,787.60,786.00,787.60,0.62,0.34,0.26,1
618261.56,1286722.25,791.59,790.00,791.59,0.62,0.34,0.26,1
618353.81,1286722.25,786.59,785.00,786.59,0.63,0.35,0.27,1
618446.12,1286722.25,775.59,774.00,775.59,0.63,0.35,0.27,1
618538.38,1286722.25,769.59,768.00,769.59,0.62,0.35,0.27,1
618630.62,1286722.25,763.59,762.00,763.59,0.63,0.35,0.27,1
618722.94,1286722.25,758.59,757.00,758.59,0.63,0.35,0.27,1
618815.19,1286722.25,755.59,754.00,755.59,0.63,0.35,0.27,1
618907.50,1286722.25,754.59,753.00,754.59,0.63,0.35,0.27,1
618999.75,1286722.25,755.59,754.00,755.59,0.62,0.35,0.27,1
619092.06,1286722.25,759.58,758.00,759.58,0.62,0.34,0.27,1
619184.31,1286722.25,766.57,765.00,766.57,0.62,0.34,0.26,1
619276.62,1286722.25,777.55,776.00,777.55,0.62,0.34,0.26,1
619368.88,1286722.25,783.52,782.00,783.52,0.63,0.35,0.27,1
619461.19,1286722.25,786.49,785.00,786.49,0.62,0.34,0.26,1
619553.44,1286722.25,787.45,786.00,787.45,0.61,0.33,0.25,1
619645.69,1286722.25,781.43,780.00,781.43,0.60,0.33,0.25,1
619738.00,1286722.25,772.42,771.00,772.42,0.61,0.33,0.26,1
619830.25,1286722.25,767.41,766.00,767.41,0.61,0.34,0.26,1
619922.56,1286722.25,761.41,760.00,761.41,0.62,0.34,0.27,1
620014.81,1286722.25,755.41,754.00,755.41,0.62,0.35,0.28,1
620107.12,1286722.25,752.42,751.00,752.42,0.63,0.36,0.28,1
620199.38,1286722.25,750.43,749.00,750.43,0.63,0.35,0.28,1
620291.69,1286722.25,749.45,748.00,749.45,0.62,0.35,0.27,1
620383.94,1286722.25,751.47,750.00,751.47,0.62,0.35,0.27,1
620476.19,1286722.25,754.49,753.00,754.49,0.62,0.35,0.27,1
620568.50,1286722.25,754.50,753.00,754.50,0.62,0.35,0.27,1
620660.75,1286722.25,757.51,756.00,757.51,0.62,0.35,0.27,1
620753.06,1286722.25,761.51,760.00,761.51,0.63,0.35,0.27,1
620845.31,1286722.25,759.51,758.00,759.51,0.63,0.35,0.28,1
620937.62,1286722.25,755.51,754.00,755.51,0.63,0.35,0.27,1
621029.88,1286722.25,751.51,750.00,751.51,0.62,0.35,0.27,1
621122.19,1286722.25,749.51,748.00,749.51,0.62,0.34,0.27,1
621214.44,1286722.25,752.51,751.00,752.51,0.62,0.34,0.26,1
621306.69,1286722.25,758.51,757.00,758.51,0.62,0.35,0.27,1
621399.00,1286722.25,759.51,758.00,759.51,0.63,0.35,0.27,1
621491.25,1286722.25,753.51,752.00,753.51,0.63,0.36,0.28,1
621583.56,1286722.25,745.52,744.00,745.52,0.63,0.35,0.27,1
621675.81,1286722.25,744.52,743.00,744.52,0.62,0.35,0.27,1
621768.12,1286722.25,747.53,746.00,747.53,0.62,0.35,0.27,1
621860.38,1286722.25,745.53,744.00,745.53,0.62,0.35,0.27,1
621952.69,1286722.25,746.53,745.00,746.53,0.62,0.35,0.27,1
622044.94,1286722.25,749.53,748.00,749.53,0.63,0.35,0.27,1
622137.19,1286722.25,748.53,747.00,748.53,0.63,0.36,0.28,1
622229.50,1286722.25,743.53,742.00,743.53,0.63,0.36,0.28,1
622321.75,1286722.25,740.52,739.00,740.52,0.63,0.35,0.27,1
622414.06,1286722.25,738.52,737.00,738.52,0.62,0.35,0.27,1
622506.31,1286722.25,737.52,736.00,737.52,0.62,0.34,0.26,1
622598.62,1286722.25,740.53,739.00,740.53,0.62,0.34,0.26,1
622690.88,1286722.25,742.53,741.00,742.53,0.62,0.34,0.26,1
622783.19,1286722.25,743.53,742.00,743.53,0.62,0.34,0.26,1
622875.44,1286722.25,745.54,744.00,745.54,0.62,0.34,0.26,1
622967.69,1286722.25,747.54,746.00,747.54,0.61,0.34,0.26,1
623060.00,1286722.25,750.56,749.00,750.56,0.61,0.33,0.25,1
623152.25,1286722.25,753.57,752.00,753.57,0.61,0.33,0.25,1
623244.56,1286722.25,754.59,753.00,754.59,0.61,0.33,0.25,1
623336.81,1286722.25,750.60,749.00,750.60,0.62,0.34,0.26,1
623429.12,1286722.25,747.60,746.00,747.60,0.62,0.34,0.26,1
623521.38,1286722.25,754.61,753.00,754.61,0.61,0.33,0.25,1
623613.69,1286722.25,760.61,759.00,760.61,0.62,0.34,0.26,1
623705.94,1286722.25,757.62,756.00,757.62,0.62,0.34,0.26,1
623798.19,1286722.25,763.62,762.00,763.62,0.61,0.33,0.25,1
623890.50,1286722.25,769.62,768.00,769.62,0.61,0.33,0.25,1
623982.75,1286722.25,763.63,762.00,763.63,0.61,0.34,0.26,1
624075.06,1286722.25,758.63,757.00,758.63,0.61,0.33,0.25,1
624167.31,1286722.25,767.62,766.00,767.62,0.61,0.33,0.25,1
624259.62,1286722.25,771.62,770.00,771.62,0.61,0.33,0.25,1
624351.88,1286722.25,768.62,767.00,768.62,0.62,0.34,0.26,1
624444.19,1286722.25,768.61,767.00,768.61,0.61,0.33,0.25,1
624536.44,1286722.25,767.60,766.00,767.60,0.61,0.33,0.26,1
624628.69,1286722.25,760.58,759.00,760.58,0.61,0.34,0.26,1
624721.00,1286722.25,764.54,763.00,764.54,0.61,0.33,0.25,1
624813.25,1286722.25,776.50,775.00,776.50,0.60,0.33,0.25,1
624905.56,1286722.25,789.43,788.00,789.43,0.60,0.33,0.25,1
624997.81,1286722.25,794.36,793.00,794.36,0.62,0.35,0.27,1
625090.12,1286722.25,796.30,795.00,796.30,0.64,0.37,0.29,1
625182.38,1286722.25,795.25,794.00,795.25,0.65,0.38,0.31,1
625274.69,1286722.25,787.22,786.00,787.22,0.65,0.39,0.31,1
625366.94,1286722.25,775.91,774.81,775.91,0.58,0.32,0.24,1
625459.19,1286722.25,-9999.00,-9999.00,-9999.00,0.71,0.71,0.71,0
614385.88,1286629.88,-9999.00,-9999.00,-9999.00,0.71,0.71,0.71,0
614478.12,1286629.88,771.05,770.00,771.05,0.31,0.05,-0.02,1
614570.44,1286629.88,758.98,758.00,758.98,0.64,0.38,0.31,1
614662.69,1286629.88,753.91,753.00,753.91,0.64,0.39,0.31,1
614755.00,1286629.88,750.96,750.00,750.96,0.64,0.39,0.32,1
614847.25,1286629.88,747.04,746.00,747.04,0.64,0.39,0.31,1
614939.56,1286629.88,753.16,752.00,753.16,0.64,0.38,0.30,1
615031.81,1286629.88,753.28,752.00,753.28,0.63,0.37,0.29,1
615124.12,1286629.88,755.38,754.00,755.38,0.63,0.36,0.28,1
615216.38,1286629.88,760.46,759.00,760.46,0.63,0.35,0.27,1
615308.62,1286629.88,758.52,757.00,758.52,0.63,0.35,0.28,1
615400.94,1286629.88,750.57,749.00,750.57,0.63,0.35,0.27,1
615493.19,1286629.88,738.60,737.00,738.60,0.63,0.35,0.27,1
615585.50,1286629.88,733.63,732.00,733.63,0.62,0.34,0.26,1
615677.75,1286629.88,736.64,735.00,736.64,0.62,0.34,0.26,1
615770.06,1286629.88,736.65,735.00,736.65,0.62,0.34,0.26,1
615862.31,1286629.88,735.65,734.00,735.65,0.62,0.34,0.26,1
615954.62,1286629.88,737.65,736.00,737.65,0.62,0.34,0.26,1
616046.88,1286629.88,743.65,742.00,743.65,0.60,0.32,0.24,1
616139.12,1286629.88,760.64,759.00,760.64,0.61,0.33,0.25,1
616231.44,1286629.88,759.64,758.00,759.64,0.62,0.34,0.26,1
616323.69,1286629.88,742.64,741.00,742.64,0.63,0.35,0.27,1
616416.00,1286629.88,736.63,735.00,736.63,0.62,0.34,0.26,1
616508.25,1286629.88,741.63,740.00,741.63,0.61,0.33,0.25,1
616600.56,1286629.88,752.63,751.00,752.63,0.61,0.33,0.25,1
616692.81,1286629.88,751.63,750.00,751.63,0.62,0.34,0.26,1
616785.12,1286629.88,741.63,740.00,741.63,0.62,0.34,0.26,1
616877.38,1286629.88,739.63,738.00,739.63,0.61,0.33,0.25,1
616969.62,1286629.88,745.64,744.00,745.64,0.61,0.33,0.25,1
617061.94,1286629.88,755.65,754.00,755.65,0.61,0.33,0.25,1
617154.19,1286629.88,762.65,761.00,762.65,0.61,0.33,0.25,1
617246.50,1286629.88,760.65,759.00,760.65,0.61,0.33,0.25,1
617338.75,1286629.88,760.65,759.00,760.65,0.61,0.33,0.25,1
617431.06,1286629.88,765.65,764.00,765.65,0.61,0.33,0.25,1
617523.31,1286629.88,769.65,768.00,769.65,0.62,0.34,0.25,1
617615.62,1286629.88,768.65,767.00,768.65,0.62,0.34,0.26,1
617707.88,1286629.88,767.65,766.00,767.65,0.62,0.34,0.26,1
617800.12,1286629.88,764.64,763.00,764.64,0.62,0.34,0.26,1
617892.44,1286629.88,767.63,766.00,767.63,0.62,0.34,0.26,1
617984.69,1286629.88,781.62,780.00,781.62,0.62,0.34,0.26,1
618077.00,1286629.88,792.61,791.00,792.61,0.62,0.34,0.26,1
618169.25,1286629.88,792.60,791.00,792.60,0.63,0.35,0.27,1
618261.56,1286629.88,791.59,790.00,791.59,0.63,0.35,0.27,1
618353.81,1286629.88,787.59,786.00,787.59,0.63,0.35,0.27,1
618446.12,1286629.88,778.59,777.00,778.59,0.64,0.36,0.28,1
618538.38,1286629.88,767.59,766.00,767.59,0.63,0.35,0.27,1
618630.62,1286629.88,762.59,761.00,762.59,0.63,0.35,0.27,1
618722.94,1286629.88,759.59,758.00,759.59,0.62,0.35,0.27,1
618815.19,1286629.88,757.59,756.00,757.59,0.62,0.35,0.27,1
618907.50,1286629.88,758.59,757.00,758.59,0.62,0.35,0.27,1
618999.75,1286629.88,764.58,763.00,764.58,0.63,0.35,0.27,1
619092.06,1286629.88,769.58,768.00,769.58,0.63,0.35,0.27,1
619184.31,1286629.88,771.57,770.00,771.57,0.63,0.35,0.27,1
619276.62,1286629.88,779.55,778.00,779.55,0.62,0.34,0.26,1
619368.88,1286629.88,790.53,789.00,790.53,0.62,0.35,0.27,1
619461.19,1286629.88,785.50,784.00,785.50,0.63,0.36,0.28,1
619553.44,1286629.88,772.47,771.00,772.47,0.62,0.35,0.27,1
619645.69,1286629.88,765.45,764.00,765.45,0.62,0.34,0.27,1
619738.00,1286629.88,760.44,759.00,760.44,0.62,0.35,0.27,1
619830.25,1286629.88,757.44,756.00,757.44,0.62,0.35,0.27,1
619922.56,1286629.88,756.44,755.00,756.44,0.62,0.35,0.27,1
620014.81,1286629.88,757.44,756.00,757.44,0.63,0.35,0.28,1
620107.12,1286629.88,756.44,755.00,756.44,0.63,0.36,0.28,1
620199.38,1286629.88,752.45,751.00,752.45,0.63,0.36,0.28,1
620291.69,1286629.88,752.47,751.00,752.47,0.63,0.35,0.27,1
620383.94,1286629.88,753.49,752.00,753.49,0.62,0.35,0.27,1
620476.19,1286629.88,753.51,752.00,753.51,0.62,0.35,0.27,1
620568.50,1286629.88,755.52,754.00,755.52,0.62,0.34,0.27,1
620660.75,1286629.88,759.52,758.00,759.52,0.62,0.34,0.26,1
620753.06,1286629.88,763.52,762.00,763.52,0.62,0.35,0.27,1
620845.31,1286629.88,761.52,760.00,761.52,0.63,0.35,0.27,1
620937.62,1286629.88,755.52,754.00,755.52,0.63,0.35,0.27,1
621029.88,1286629.88,749.52,748.00,749.52,0.63,0.35,0.27,1
621122.19,1286629.88,748.52,747.00,748.52,0.62,0.35,0.27,1
621214.44,1286629.88,752.52,751.00,752.52,0.62,0.34,0.26,1
621306.69,1286629.88,759.52,758.00,759.52,0.62,0.34,0.26,1
621399.00,1286629.88,758.52,757.00,758.52,0.63,0.35,0.27,1
621491.25,1286629.88,751.53,750.00,751.53,0.63,0.35,0.27,1
621583.56,1286629.88,746.53,745.00,746.53,0.63,0.35,0.27,1
621675.81,1286629.88,747.54,746.00,747.54,0.62,0.35,0.27,1
621768.12,1286629.88,749.54,748.00,749.54,0.62,0.35,0.27,1
621860.38,1286629.88,746.54,745.00,746.54,0.62,0.35,0.27,1
621952.69,1286629.88,748.54,747.00,748.54,0.62,0.34,0.26,1
622044.94,1286629.88,753.54,752.00,753.54,0.62,0.35,0.27,1
622137.19,1286629.88,753.53,752.00,753.53,0.63,0.35,0.27,1
622229.50,1286629.88,747.53,746.00,747.53,0.63,0.35,0.28,1
622321.75,1286629.88,741.53,740.00,741.53,0.63,0.35,0.27,1
622414.06,1286629.88,737.53,736.00,737.53,0.63,0.35,0.27,1
622506.31,1286629.88,737.53,736.00,737.53,0.63,0.35,0.27,1
622598.62,1286629.88,739.53,738.00,739.53,0.62,0.35,0.27,1
622690.88,1286629.88,740.53,739.00,740.53,0.62,0.34,0.27,1
622783.19,1286629.88,741.54,740.00,741.54,0.62,0.34,0.26,1
622875.44,1286629.88,741.54,740.00,741.54,0.62,0.34,0.26,1
622967.69,1286629.88,740.55,739.00,740.55,0.62,0.34,0.26,1
623060.00,1286629.88,740.56,739.00,740.56,0.62,0.34,0.26,1
623152.25,1286629.88,741.58,740.00,741.58,0.61,0.33,0.26,1
623244.56,1286629.88,743.59,742.00,743.59,0.61,0.34,0.26,1
623336.81,1286629.88,742.60,741.00,742.60,0.62,0.34,0.26,1
623429.12,1286629.88,743.61,742.00,743.61,0.61,0.34,0.26,1
623521.38,1286629.88,750.61,749.00,750.61,0.61,0.33,0.25,1
623613.69,1286629.88,760.61,759.00,760.61,0.61,0.34,0.26,1
623705.94,1286629.88,756.62,755.00,756.62,0.62,0.34,0.26,1
623798.19,1286629.88,759.62,758.00,759.62,0.61,0.33,0.25,1
623890.50,1286629.88,763.63,762.00,763.63,0.61,0.34,0.26,1
623982.75,1286629.88,756.63,755.00,756.63,0.62,0.34,0.26,1
624075.06,1286629.88,756.63,755.00,756.63,0.61,0.33,0.25,1
624167.31,1286629.88,767.63,766.00,767.63,0.61,0.33,0.25,1
624259.62,1286629.88,770.63,769.00,770.63,0.61,0.34,0.26,1
624351.88,1286629.88,763.62,762.00,763.62,0.62,0.34,0.26,1
624444.19,1286629.88,759.62,758.00,759.62,0.62,0.34,0.26,1
624536.44,1286629.88,757.61,756.00,757.61,0.61,0.33,0.25,1
624628.69,1286629.88,755.59,754.00,755.59,0.62,0.34,0.26,1
624721.00,1286629.88,763.56,762.00,763.56,0.61,0.34,0.26,1
624813.25,1286629.88,771.51,770.00,771.51,0.61,0.33,0.25,1
624905.56,1286629.88,782.45,781.00,782.45,0.60,0.33,0.25,1
624997.81,1286629.88,796.37,795.00,796.37,0.61,0.34,0.26,1
625090.12,1286629.88,809.31,808.00,809.31,0.62,0.36,0.28,1
625182.38,1286629.88,815.27,814.00,815.27,0.65,0.38,0.30,1
625274.69,1286629.88,801.25,800.00,801.25,0.66,0.39,0.31,1
625366.94,1286629.88,785.55,784.47,785.55,0.58,0.32,0.25,1
625459.19,1286629.88,-9999.00,-9999.00,-9999.00,0.71,0.71,0.71,0
614385.88,1286537.62,-9999.00,-9999.00,-9999.00,0.71,0.71,0.71,0
614478.12,1286537.62,758.09,757.00,758.09,0.32,0.06,-0.02,1
614570.44,1286537.62,762.12,761.00,762.12,0.64,0.38,0.30,1
614662.69,1286537.62,764.06,763.00,764.06,0.64,0.39,0.31,1
614755.00,1286537.62,768.07,767.00,768.07,0.65,0.39,0.32,1
614847.25,1286537.62,767.12,766.00,767.12,0.65,0.39,0.31,1
614939.56,1286537.62,766.21,765.00,766.21,0.64,0.38,0.30,1
615031.81,1286537.62,761.32,760.00,761.32,0.63,0.36,0.29,1
615124.12,1286537.62,759.42,758.00,759.42,0.62,0.35,0.27,1
615216.38,1286537.62,761.50,760.00,761.50,0.62,0.34,0.27,1
615308.62,1286537.62,756.55,755.00,756.55,0.62,0.35,0.27,1
615400.94,1286537.62,745.59,744.00,745.59,0.62,0.35,0.27,1
615493.19,1286537.62,736.62,735.00,736.62,0.63,0.35,0.27,1
615585.50,1286537.62,733.64,732.00,733.64,0.62,0.34,0.26,1
615677.75,1286537.62,735.65,734.00,735.65,0.62,0.34,0.26,1
615770.06,1286537.62,735.65,734.00,735.65,0.62,0.34,0.26,1
615862.31,1286537.62,736.65,735.00,736.65,0.62,0.34,0.26,1
615954.62,1286537.62,736.65,735.00,736.65,0.62,0.34,0.26,1
616046.88,1286537.62,739.65,738.00,739.65,0.61,0.33,0.25,1
616139.12,1286537.62,749.65,748.00,749.65,0.60,0.32,0.24,1
616231.44,1286537.62,749.64,748.00,749.64,0.61,0.33,0.25,1
616323.69,1286537.62,737.63,736.00,737.63,0.62,0.34,0.26,1
616416.00,1286537.62,734.63,733.00,734.63,0.62,0.34,0.26,1
616508.25,1286537.62,736.62,735.00,736.62,0.62,0.34,0.26,1
616600.56,1286537.62,740.62,739.00,740.62,0.61,0.33,0.25,1
616692.81,1286537.62,741.62,740.00,741.62,0.62,0.34,0.26,1
616785.12,1286537.62,739.62,738.00,739.62,0.62,0.34,0.26,1
616877.38,1286537.62,740.62,739.00,740.62,0.62,0.34,0.26,1
616969.62,1286537.62,748.63,747.00,748.63,0.62,0.34,0.26,1
617061.94,1286537.62,752.64,751.00,752.64,0.62,0.34,0.26,1
617154.19,1286537.62,754.64,753.00,754.64,0.61,0.33,0.25,1
617246.50,1286537.62,752.65,751.00,752.65,0.61,0.33,0.25,1
617338.75,1286537.62,751.65,750.00,751.65,0.61,0.33,0.25,1
617431.06,1286537.62,760.65,759.00,760.65,0.61,0.33,0.25,1
617523.31,1286537.62,762.65,761.00,762.65,0.61,0.33,0.25,1
617615.62,1286537.62,763.64,762.00,763.64,0.62,0.34,0.26,1
617707.88,1286537.62,762.64,761.00,762.64,0.62,0.34,0.26,1
617800.12,1286537.62,763.64,762.00,763.64,0.61,0.33,0.25,1
617892.44,1286537.62,775.63,774.00,775.63,0.61,0.33,0.25,1
617984.69,1286537.62,789.62,788.00,789.62,0.61,0.33,0.25,1
618077.00,1286537.62,798.61,797.00,798.61,0.62,0.34,0.26,1
618169.25,1286537.62,800.60,799.00,800.60,0.63,0.35,0.27,1
618261.56,1286537.62,797.59,796.00,797.59,0.63,0.35,0.27,1
618353.81,1286537.62,791.59,790.00,791.59,0.63,0.35,0.27,1
618446.12,1286537.62,785.58,784.00,785.58,0.64,0.36,0.28,1
618538.38,1286537.62,773.58,772.00,773.58,0.64,0.36,0.28,1
618630.62,1286537.62,763.58,762.00,763.58,0.63,0.35,0.27,1
618722.94,1286537.62,759.58,758.00,759.58,0.63,0.35,0.27,1
618815.19,1286537.62,758.58,757.00,758.58,0.62,0.34,0.26,1
618907.50,1286537.62,765.58,764.00,765.58,0.62,0.34,0.26,1
618999.75,1286537.62,779.58,778.00,779.58,0.62,0.34,0.26,1
619092.06,1286537.62,786.57,785.00,786.57,0.63,0.36,0.28,1
619184.31,1286537.62,784.57,783.00,784.57,0.64,0.36,0.28,1
619276.62,1286537.62,786.56,785.00,786.56,0.63,0.36,0.28,1
619368.88,1286537.62,790.55,789.00,790.55,0.63,0.35,0.27,1
619461.19,1286537.62,782.53,781.00,782.53,0.63,0.35,0.28,1
619553.44,1286537.62,770.51,769.00,770.51,0.63,0.36,0.28,1
619645.69,1286537.62,762.50,761.00,762.50,0.63,0.35,0.27,1
619738.00,1286537.62,759.49,758.00,759.49,0.63,0.35,0.27,1
619830.25,1286537.62,757.48,756.00,757.48,0.63,0.35,0.27,1
619922.56,1286537.62,757.48,756.00,757.48,0.62,0.35,0.27,1
620014.81,1286537.62,759.48,758.00,759.48,0.62,0.35,0.27,1
620107.12,1286537.62,758.48,757.00,758.48,0.63,0.35,0.27,1
620199.38,1286537.62,756.49,755.00,756.49,0.63,0.35,0.27,1
620291.69,1286537.62,756.50,755.00,756.50,0.63,0.35,0.27,1
620383.94,1286537.62,754.52,753.00,754.52,0.63,0.35,0.27,1
620476.19,1286537.62,753.53,752.00,753.53,0.62,0.35,0.27,1
620568.50,1286537.62,756.54,755.00,756.54,0.62,0.34,0.26,1
620660.75,1286537.62,760.54,759.00,760.54,0.62,0.34,0.26,1
620753.06,1286537.62,762.55,761.00,762.55,0.62,0.34,0.26,1
620845.31,1286537.62,759.55,758.00,759.55,0.62,0.35,0.27,1
620937.62,1286537.62,754.55,753.00,754.55,0.63,0.35,0.27,1
621029.88,1286537.62,751.54,750.00,751.54,0.63,0.35,0.27,1
621122.19,1286537.62,751.54,750.00,751.54,0.63,0.35,0.27,1
621214.44,1286537.62,753.54,752.00,753.54,0.62,0.35,0.27,1
621306.69,1286537.62,756.55,755.00,756.55,0.62,0.34,0.26,1
621399.00,1286537.62,757.54,756.00,757.54,0.62,0.35,0.27,1
621491.25,1286537.62,753.55,752.00,753.55,0.63,0.35,0.27,1
621583.56,1286537.62,749.55,748.00,749.55,0.63,0.35,0.27,1
621675.81,1286537.62,748.55,747.00,748.55,0.63,0.35,0.27,1
621768.12,1286537.62,749.56,748.00,749.56,0.62,0.35,0.27,1
621860.38,1286537.62,748.56,747.00,748.56,0.63,0.35,0.27,1
621952.69,1286537.62,749.55,748.00,749.55,0.62,0.34,0.26,1
622044.94,1286537.62,754.55,753.00,754.55,0.62,0.34,0.26,1
622137.19,1286537.62,754.54,753.00,754.54,0.62,0.35,0.27,1
622229.50,1286537.62,747.54,746.00,747.54,0.63,0.35,0.27,1
622321.75,1286537.62,741.54,740.00,741.54,0.63,0.35,0.27,1
622414.06,1286537.62,740.54,739.00,740.54,0.62,0.35,0.27,1
622506.31,1286537.62,745.54,744.00,745.54,0.63,0.35,0.27,1
622598.62,1286537.62,744.54,743.00,744.54,0.63,0.36,0.28,1
622690.88,1286537.62,741.54,740.00,741.54,0.63,0.35,0.27,1
622783.19,1286537.62,740.54,739.00,740.54,0.63,0.35,0.27,1
622875.44,1286537.62,740.55,739.00,740.55,0.62,0.35,0.27,1
622967.69,1286537.62,739.56,738.00,739.56,0.62,0.34,0.27,1
623060.00,1286537.62,740.57,739.00,740.57,0.62,0.34,0.26,1
623152.25,1286537.62,741.58,740.00,741.58,0.62,0.35,0.27,1
623244.56,1286537.62,742.59,741.00,742.59,0.63,0.35,0.27,1
623336.81,1286537.62,742.60,741.00,742.60,0.63,0.35,0.27,1
623429.12,1286537.62,742.61,741.00,742.61,0.62,0.34,0.26,1
623521.38,1286537.62,746.61,745.00,746.61,0.61,0.33,0.25,1
623613.69,1286537.62,754.62,753.00,754.62,0.61,0.33,0.25,1
623705.94,1286537.62,753.62,752.00,753.62,0.62,0.34,0.26,1
623798.19,1286537.62,753.62,752.00,753.62,0.61,0.33,0.25,1
623890.50,1286537.62,756.63,755.00,756.63,0.61,0.33,0.25,1
623982.75,1286537.62,751.63,750.00,751.63,0.62,0.34,0.26,1
624075.06,1286537.62,753.63,752.00,753.63,0.61,0.33,0.25,1
624167.31,1286537.62,756.63,755.00,756.63,0.61,0.33,0.25,1
624259.62,1286537.62,757.63,756.00,757.63,0.61,0.33,0.25,1
624351.88,1286537.62,754.63,753.00,754.63,0.61,0.34,0.26,1
624444.19,1286537.62,752.63,751.00,752.63,0.62,0.34,0.26,1
624536.44,1286537.62,750.62,749.00,750.62,0.61,0.33,0.25,1
624628.69,1286537.62,757.60,756.00,757.60,0.61,0.33,0.25,1
624721.00,1286537.62,765.57,764.00,765.57,0.61,0.34,0.26,1
624813.25,1286537.62,768.52,767.00,768.52,0.61,0.33,0.25,1
624905.56,1286537.62,778.46,777.00,778.46,0.60,0.32,0.24,1
624997.81,1286537.62,798.38,797.00,798.38,0.59,0.32,0.24,1
625090.12,1286537.62,819.31,818.00,819.31,0.61,0.34,0.26,1
625182.38,1286537.62,824.27,823.00,824.27,0.63,0.36,0.29,1
625274.69,1286537.62,809.24,808.00,809.24,0.64,0.38,0.30,1
625366.94,1286537.62,795.19,794.13,795.19,0.58,0.32,0.25,1
625459.19,1286537.62,-9999.00,-9999.00,-9999.00,0.71,0.71,0.71,0
614385.88,1286445.38,-9999.00,-9999.00,-9999.00,0.71,0.71,0.71,0
614478.12,1286445.38,762.12,761.00,762.12,0.32,0.06,-0.01,1
614570.44,1286445.38,778.20,777.00,778.20,0.62,0.36,0.29,1
614662.69,1286445.38,783.17,782.00,783.17,0.63,0.37,0.30,1
614755.00,1286445.38,783.17,782.00,783.17,0.64,0.37,0.30,1
614847.25,1286445.38,776.20,775.00,776.20,0.63,0.37,0.29,1
614939.56,1286445.38,767.27,766.00,767.27,0.63,0.36,0.28,1
615031.81,1286445.38,759.38,758.00,759.38,0.62,0.35,0.28,1
615124.12,1286445.38,754.47,753.00,754.47,0.62,0.34,0.27,1
615216.38,1286445.38,752.54,751.00,752.54,0.61,0.34,0.26,1
615308.62,1286445.38,745.59,744.00,745.59,0.62,0.34,0.26,1
615400.94,1286445.38,738.62,737.00,738.62,0.62,0.34,0.26,1
615493.19,1286445.38,736.64,735.00,736.64,0.63,0.35,0.27,1
615585.50,1286445.38,734.65,733.00,734.65,0.62,0.34,0.26,1
615677.75,1286445.38,733.66,732.00,733.66,0.62,0.34,0.26,1
615770.06,1286445.38,734.66,733.00,734.66,0.62,0.34,0.26,1
615862.31,1286445.38,737.66,736.00,737.66,0.62,0.34,0.26,1
615954.62,1286445.38,736.66,735.00,736.66,0.62,0.34,0.26,1
616046.88,1286445.38,736.66,735.00,736.66,0.62,0.34,0.26,1
616139.12,1286445.38,736.65,735.00,736.65,0.61,0.33,0.25,1
616231.44,1286445.38,737.64,736.00,737.64,0.61,0.33,0.25,1
616323.69,1286445.38,734.63,733.00,734.63,0.62,0.34,0.26,1
616416.00,1286445.38,738.62,737.00,738.62,0.62,0.34,0.26,1
616508.25,1286445.38,743.61,742.00,743.61,0.63,0.35,0.27,1
616600.56,1286445.38,744.61,743.00,744.61,0.63,0.35,0.27,1
616692.81,1286445.38,744.61,743.00,744.61,0.63,0.35,0.27,1
616785.12,1286445.38,743.61,742.00,743.61,0.63,0.35,0.27,1
616877.38,1286445.38,745.61,744.00,745.61,0.62,0.34,0.26,1
616969.62,1286445.38,752.62,751.00,752.62,0.62,0.34,0.26,1
617061.94,1286445.38,752.63,751.00,752.63,0.62,0.34,0.26,1
617154.19,1286445.38,750.63,749.00,750.63,0.62,0.34,0.26,1
617246.50,1286445.38,746.64,745.00,746.64,0.62,0.34,0.26,1
617338.75,1286445.38,749.64,748.00,749.64,0.62,0.34,0.26,1
617431.06,1286445.38,757.64,756.00,757.64,0.62,0.34,0.26,1
617523.31,1286445.38,761.64,760.00,761.64,0.62,0.34,0.26,1
617615.62,1286445.38,763.64,762.00,763.64,0.62,0.34,0.26,1
617707.88,1286445.38,763.64,762.00,763.64,0.63,0.35,0.27,1
617800.12,1286445.38,763.63,762.00,763.63,0.62,0.34,0.26,1
617892.44,1286445.38,774.63,773.00,774.63,0.61,0.33,0.25,1
617984.69,1286445.38,789.62,788.00,789.62,0.60,0.32,0.24,1
618077.00,1286445.38,799.61,798.00,799.61,0.61,0.33,0.25,1
618169.25,1286445.38,807.60,806.00,807.60,0.62,0.34,0.27,1
618261.56,1286445.38,802.59,801.00,802.59,0.63,0.35,0.27,1
618353.81,1286445.38,794.58,793.00,794.58,0.63,0.35,0.27,1
618446.12,1286445.38,790.57,789.00,790.57,0.63,0.35,0.28,1
618538.38,1286445.38,778.57,777.00,778.57,0.64,0.36,0.28,1
618630.62,1286445.38,765.57,764.00,765.57,0.63,0.36,0.28,1
618722.94,1286445.38,762.57,761.00,762.57,0.63,0.35,0.27,1
618815.19,1286445.38,761.57,760.00,761.57,0.62,0.34,0.26,1
618907.50,1286445.38,770.57,769.00,770.57,0.61,0.33,0.25,1
618999.75,1286445.38,789.57,788.00,789.57,0.61,0.33,0.25,1
619092.06,1286445.38,803.57,802.00,803.57,0.62,0.34,0.26,1
619184.31,1286445.38,810.57,809.00,810.57,0.64,0.36,0.28,1
619276.62,1286445.38,811.57,810.00,811.57,0.65,0.37,0.29,1
619368.88,1286445.38,801.58,800.00,801.58,0.65,0.37,0.29,1
619461.19,1286445.38,782.58,781.00,782.58,0.64,0.36,0.28,1
619553.44,1286445.38,769.57,768.00,769.57,0.63,0.36,0.28,1
619645.69,1286445.38,760.57,759.00,760.57,0.63,0.35,0.27,1
619738.00,1286445.38,760.56,759.00,760.56,0.62,0.35,0.27,1
619830.25,1286445.38,761.56,760.00,761.56,0.63,0.35,0.27,1
619922.56,1286445.38,760.55,759.00,760.55,0.63,0.35,0.27,1
620014.81,1286445.38,759.54,758.00,759.54,0.62,0.35,0.27,1
620107.12,1286445.38,759.54,758.00,759.54,0.62,0.35,0.27,1
620199.38,1286445.38,758.54,757.00,758.54,0.63,0.35,0.27,1
620291.69,1286445.38,758.54,757.00,758.54,0.63,0.35,0.27,1
620383.94,1286445.38,757.55,756.00,757.55,0.63,0.35,0.27,1
620476.19,1286445.38,756.56,755.00,756.56,0.62,0.35,0.27,1
620568.50,1286445.38,757.57,756.00,757.57,0.62,0.34,0.26,1
620660.75,1286445.38,760.57,759.00,760.57,0.62,0.34,0.26,1
620753.06,1286445.38,760.57,759.00,760.57,0.62,0.35,0.27,1
620845.31,1286445.38,756.57,755.00,756.57,0.62,0.35,0.27,1
620937.62,1286445.38,753.57,752.00,753.57,0.62,0.35,0.27,1
621029.88,1286445.38,753.57,752.00,753.57,0.62,0.35,0.27,1
621122.19,1286445.38,757.57,756.00,757.57,0.63,0.35,0.27,1
621214.44,1286445.38,759.57,758.00,759.57,0.63,0.35,0.27,1
621306.69,1286445.38,757.57,756.00,757.57,0.62,0.35,0.27,1
621399.00,1286445.38,757.58,756.00,757.58,0.62,0.34,0.27,1
621491.25,1286445.38,755.58,754.00,755.58,0.63,0.35,0.27,1
621583.56,1286445.38,755.58,754.00,755.58,0.63,0.35,0.27,1
621675.81,1286445.38,754.58,753.00,754.58,0.63,0.35,0.27,1
621768.12,1286445.38,752.58,751.00,752.58,0.63,0.35,0.27,1
621860.38,1286445.38,752.58,751.00,752.58,0.63,0.35,0.27,1
621952.69,1286445.38,752.57,751.00,752.57,0.63,0.35,0.27,1
622044.94,1286445.38,753.57,752.00,753.57,0.62,0.35,0.27,1
622137.19,1286445.38,751.56,750.00,751.56,0.63,0.35,0.27,1
622229.50,1286445.38,746.55,745.00,746.55,0.63,0.35,0.27,1
622321.75,1286445.38,745.55,744.00,745.55,0.63,0.35,0.27,1
622414.06,1286445.38,746.54,745.00,746.54,0.62,0.35,0.27,1
622506.31,1286445.38,751.54,750.00,751.54,0.62,0.34,0.26,1
622598.62,1286445.38,754.54,753.00,754.54,0.63,0.35,0.27,1
622690.88,1286445.38,751.55,750.00,751.55,0.63,0.36,0.28,1
622783.19,1286445.38,747.55,746.00,747.55,0.63,0.35,0.28,1
622875.44,1286445.38,742.55,741.00,742.55,0.63,0.35,0.27,1
622967.69,1286445.38,740.56,739.00,740.56,0.62,0.34,0.27,1
623060.00,1286445.38,743.57,742.00,743.57,0.62,0.34,0.26,1
623152.25,1286445.38,749.59,748.00,749.59,0.62,0.35,0.27,1
623244.56,1286445.38,752.59,751.00,752.59,0.63,0.35,0.27,1
623336.81,1286445.38,752.60,751.00,752.60,0.64,0.36,0.28,1
623429.12,1286445.38,747.61,746.00,747.61,0.63,0.36,0.28,1
623521.38,1286445.38,746.61,745.00,746.61,0.62,0.34,0.26,1
623613.69,1286445.38,749.62,748.00,749.62,0.62,0.34,0.26,1
623705.94,1286445.38,747.62,746.00,747.62,0.62,0.34,0.26,1
623798.19,1286445.38,744.63,743.00,744.63,0.62,0.34,0.26,1
623890.50,1286445.38,744.63,743.00,744.63,0.62,0.34,0.26,1
623982.75,1286445.38,744.63,743.00,744.63,0.62,0.34,0.26,1
624075.06,1286445.38,745.64,744.00,745.64,0.62,0.34,0.26,1
624167.31,1286445.38,745.64,744.00,745.64,0.62,0.34,0.26,1
624259.62,1286445.38,745.64,744.00,745.64,0.61,0.33,0.25,1
624351.88,1286445.38,747.63,746.00,747.63,0.62,0.34,0.26,1
624444.19,1286445.38,748.63,747.00,748.63,0.62,0.34,0.26,1
624536.44,1286445.38,748.62,747.00,748.62,0.62,0.34,0.26,1
624628.69,1286445.38,755.61,754.00,755.61,0.61,0.33,0.25,1
624721.00,1286445.38,759.58,758.00,759.58,0.61,0.33,0.25,1
624813.25,1286445.38,757.53,756.00,757.53,0.61,0.33,0.25,1
624905.56,1286445.38,769.47,768.00,769.47,0.59,0.32,0.24,1
624997.81,1286445.38,791.39,790.00,791.39,0.58,0.31,0.24,1
625090.12,1286445.38,811.31,810.00,811.31,0.59,0.33,0.25,1
625182.38,1286445.38,813.26,812.00,813.26,0.61,0.34,0.27,1
625274.69,1286445.38,802.22,801.00,802.22,0.62,0.36,0.28,1
625366.94,1286445.38,792.49,791.45,792.49,0.58,0.32,0.25,1
625459.19,1286445.38,-9999.00,-9999.00,-9999.00,0.71,0.71,0.71,0
614385.88,1286353.12,-9999.00,-9999.00,-9999.00,0.71,0.71,0.71,0
614478.12,1286353.12,775.14,774.00,775.14,0.32,0.06,-0.01,1
614570.44,1286353.12,783.24,782.00,783.24,0.62,0.35,0.28,1
614662.69,1286353.12,782.22,781.00,782.22,0.62,0.36,0.28,1
614755.00,1286353.12,775.24,774.00,775.24,0.62,0.36,0.28,1
614847.25,1286353.12,763.28,762.00,763.28,0.62,0.36,0.28,1
614939.56,1286353.12,754.35,753.00,754.35,0.63,0.36,0.28,1
615031.81,1286353.12,749.44,748.00,749.44,0.62,0.35,0.27,1
615124.12,1286353.12,744.51,743.00,744.51,0.62,0.34,0.26,1
615216.38,1286353.12,740.57,739.00,740.57,0.62,0.34,0.26,1
615308.62,1286353.12,737.61,736.00,737.61,0.62,0.34,0.26,1
615400.94,1286353.12,739.64,738.00,739.64,0.63,0.35,0.27,1
615493.19,1286353.12,739.65,738.00,739.65,0.63,0.35,0.27,1
615585.50,1286353.12,736.66,735.00,736.66,0.62,0.34,0.26,1
615677.75,1286353.12,741.66,740.00,741.66,0.63,0.35,0.27,1
615770.06,1286353.12,741.66,740.00,741.66,0.63,0.35,0.27,1
615862.31,1286353.12,736.66,735.00,736.66,0.63,0.34,0.26,1
615954.62,1286353.12,735.66,734.00,735.66,0.62,0.34,0.26,1
616046.88,1286353.12,735.66,734.00,735.66,0.62,0.34,0.26,1
616139.12,1286353.12,733.65,732.00,733.65,0.62,0.34,0.26,1
616231.44,1286353.12,735.64,734.00,735.64,0.62,0.34,0.26,1
616323.69,1286353.12,740.62,739.00,740.62,0.62,0.34,0.26,1
616416.00,1286353.12,749.61,748.00,749.61,0.62,0.34,0.26,1
616508.25,1286353.12,758.61,757.00,758.61,0.62,0.34,0.26,1
616600.56,1286353.12,761.60,760.00,761.60,0.63,0.35,0.27,1
616692.81,1286353.12,758.60,757.00,758.60,0.63,0.35,0.27,1
616785.12,1286353.12,753.60,752.00,753.60,0.63,0.35,0.27,1
616877.38,1286353.12,751.60,750.00,751.60,0.63,0.35,0.27,1
616969.62,1286353.12,755.61,754.00,755.61,0.62,0.34,0.26,1
617061.94,1286353.12,753.61,752.00,753.61,0.62,0.34,0.26,1
617154.19,1286353.12,745.62,744.00,745.62,0.62,0.34,0.26,1
617246.50,1286353.12,744.63,743.00,744.63,0.62,0.34,0.26,1
617338.75,1286353.12,753.63,752.00,753.63,0.61,0.33,0.25,1
617431.06,1286353.12,764.63,763.00,764.63,0.62,0.34,0.26,1
617523.31,1286353.12,770.63,769.00,770.63,0.63,0.35,0.27,1
617615.62,1286353.12,772.63,771.00,772.63,0.63,0.35,0.27,1
617707.88,1286353.12,771.63,770.00,771.63,0.63,0.35,0.27,1
617800.12,1286353.12,770.63,769.00,770.63,0.62,0.34,0.27,1
617892.44,1286353.12,774.62,773.00,774.62,0.62,0.34,0.26,1
617984.69,1286353.12,785.61,784.00,785.61,0.60,0.32,0.25,1
618077.00,1286353.12,798.60,797.00,798.60,0.60,0.33,0.25,1
618169.25,1286353.12,807.59,806.00,807.59,0.62,0.34,0.26,1
618261.56,1286353.12,803.57,802.00,803.57,0.63,0.35,0.27,1
618353.81,1286353.12,795.56,794.00,795.56,0.63,0.35,0.27,1
618446.12,1286353.12,789.55,788.00,789.55,0.63,0.35,0.27,1
618538.38,1286353.12,779.55,778.00,779.55,0.64,0.36,0.28,1
618630.62,1286353.12,770.55,769.00,770.55,0.63,0.36,0.28,1
618722.94,1286353.12,766.55,765.00,766.55,0.63,0.35,0.27,1
618815.19,1286353.12,765.55,764.00,765.55,0.62,0.35,0.27,1
618907.50,1286353.12,776.55,775.00,776.55,0.62,0.34,0.26,1
618999.75,1286353.12,791.55,790.00,791.55,0.61,0.33,0.25,1
619092.06,1286353.12,809.56,808.00,809.56,0.61,0.33,0.25,1
619184.31,1286353.12,826.57,825.00,826.57,0.62,0.35,0.27,1
619276.62,1286353.12,831.60,830.00,831.60,0.64,0.37,0.29,1
619368.88,1286353.12,811.63,810.00,811.63,0.65,0.37,0.29,1
619461.19,1286353.12,785.65,784.00,785.65,0.64,0.36,0.28,1
619553.44,1286353.12,770.67,769.00,770.67,0.63,0.35,0.27,1
619645.69,1286353.12,763.68,762.00,763.68,0.63,0.35,0.27,1
619738.00,1286353.12,764.68,763.00,764.68,0.62,0.34,0.26,1
619830.25,1286353.12,765.67,764.00,765.67,0.62,0.34,0.26,1
619922.56,1286353.12,763.66,762.00,763.66,0.63,0.34,0.26,1
620014.81,1286353.12,761.64,760.00,761.64,0.62,0.34,0.26,1
620107.12,1286353.12,762.62,761.00,762.62,0.62,0.34,0.26,1
620199.38,1286353.12,763.61,762.00,763.61,0.63,0.35,0.27,1
620291.69,1286353.12,762.60,761.00,762.60,0.63,0.35,0.27,1
620383.94,1286353.12,760.60,759.00,760.60,0.63,0.35,0.27,1
620476.19,1286353.12,758.60,757.00,758.60,0.63,0.35,0.27,1
620568.50,1286353.12,758.60,757.00,758.60,0.62,0.34,0.26,1
620660.75,1286353.12,763.60,762.00,763.60,0.62,0.34,0.26,1
620753.06,1286353.12,763.61,762.00,763.61,0.63,0.35,0.27,1
620845.31,1286353.12,757.61,756.00,757.61,0.63,0.35,0.27,1
620937.62,1286353.12,755.61,754.00,755.61,0.62,0.34,0.26,1
621029.88,1286353.12,759.61,758.00,759.61,0.62,0.34,0.26,1
621122.19,1286353.12,764.61,763.00,764.61,0.62,0.34,0.27,1
621214.44,1286353.12,761.61,760.00,761.61,0.63,0.35,0.27,1
621306.69,1286353.12,758.62,757.00,758.62,0.63,0.35,0.27,1
621399.00,1286353.12,757.62,756.00,757.62,0.62,0.34,0.26,1
621491.25,1286353.12,758.62,757.00,758.62,0.62,0.34,0.26,1
621583.56,1286353.12,760.62,759.00,760.62,0.62,0.34,0.27,1
621675.81,1286353.12,759.62,758.00,759.62,0.63,0.35,0.27,1
621768.12,1286353.12,759.62,758.00,759.62,0.63,0.35,0.27,1
621860.38,1286353.12,760.61,759.00,760.61,0.63,0.35,0.27,1
621952.69,1286353.12,757.60,756.00,757.60,0.63,0.35,0.27,1
622044.94,1286353.12,755.59,754.00,755.59,0.63,0.35,0.27,1
622137.19,1286353.12,753.57,752.00,753.57,0.63,0.35,0.27,1
622229.50,1286353.12,751.56,750.00,751.56,0.63,0.35,0.27,1
622321.75,1286353.12,750.56,749.00,750.56,0.63,0.35,0.27,1
622414.06,1286353.12,748.55,747.00,748.55,0.63,0.35,0.27,1
622506.31,1286353.12,750.55,749.00,750.55,0.62,0.34,0.26,1
622598.62,1286353.12,753.55,752.00,753.55,0.62,0.34,0.26,1
622690.88,1286353.12,752.55,751.00,752.55,0.63,0.35,0.27,1
622783.19,1286353.12,747.56,746.00,747.56,0.63,0.35,0.27,1
622875.44,1286353.12,742.56,741.00,742.56,0.63,0.35,0.27,1
622967.69,1286353.12,741.57,740.00,741.57,0.62,0.34,0.26,1
623060.00,1286353.12,748.58,747.00,748.58,0.62,0.34,0.26,1
623152.25,1286353.12,757.59,756.00,757.59,0.62,0.34,0.26,1
623244.56,1286353.12,762.60,761.00,762.60,0.63,0.35,0.27,1
623336.81,1286353.12,764.60,763.00,764.60,0.63,0.35,0.27,1
623429.12,1286353.12,761.61,760.00,761.61,0.64,0.36,0.28,1
623521.38,1286353.12,752.62,751.00,752.62,0.63,0.35,0.28,1
623613.69,1286353.12,748.62,747.00,748.62,0.63,0.35,0.27,1
623705.94,1286353.12,746.62,745.00,746.62,0.62,0.34,0.26,1
623798.19,1286353.12,745.63,744.00,745.63,0.63,0.35,0.27,1
623890.50,1286353.12,746.64,745.00,746.64,0.63,0.35,0.27,1
623982.75,1286353.12,748.64,747.00,748.64,0.63,0.35,0.27,1
624075.06,1286353.12,747.64,746.00,747.64,0.63,0.35,0.27,1
624167.31,1286353.12,747.64,746.00,747.64,0.63,0.35,0.27,1
624259.62,1286353.12,747.64,746.00,747.64,0.63,0.35,0.27,1
624351.88,1286353.12,747.64,746.00,747.64,0.62,0.34,0.26,1
624444.19,1286353.12,748.64,747.00,748.64,0.62,0.34,0.26,1
624536.44,1286353.12,750.63,749.00,750.63,0.63,0.35,0.27,1
624628.69,1286353.12,750.61,749.00,750.61,0.62,0.34,0.26,1
624721.00,1286353.12,751.58,750.00,751.58,0.62,0.34,0.26,1
624813.25,1286353.12,752.54,751.00,752.54,0.61,0.33,0.26,1
624905.56,1286353.12,763.48,762.00,763.48,0.60,0.32,0.24,1
624997.81,1286353.12,781.39,780.00,781.39,0.59,0.32,0.24,1
625090.12,1286353.12,796.31,795.00,796.31,0.60,0.33,0.25,1
625182.38,1286353.12,794.24,793.00,794.24,0.61,0.34,0.27,1
625274.69,1286353.12,786.20,785.00,786.20,0.62,0.35,0.28,1
625366.94,1286353.12,777.47,776.44,777.47,0.58,0.32,0.25,1
625459.19,1286353.12,-9999.00,-9999.00,-9999.00,0.71,0.71,0.71,0
614385.88,1286260.88,-9999.00,-9999.00,-9999.00,0.71,0.71,0.71,0
614478.12,1286260.88,778.15,777.00,778.15,0.32,0.06,-0.01,1
614570.44,1286260.88,776.26,775.00,776.26,0.62,0.35,0.28,1
614662.69,1286260.88,770.26,769.00,770.26,0.62,0.35,0.28,1
614755.00,1286260.88,761.29,760.00,761.29,0.62,0.36,0.28,1
614847.25,1286260.88,756.34,755.00,756.34,0.63,0.36,0.28,1
614939.56,1286260.88,757.41,756.00,757.41,0.64,0.37,0.29,1
615031.81,1286260.88,749.48,748.00,749.48,0.64,0.36,0.28,1
615124.12,1286260.88,740.55,739.00,740.55,0.63,0.35,0.27,1
615216.38,1286260.88,737.60,736.00,737.60,0.62,0.34,0.26,1
615308.62,1286260.88,740.63,739.00,740.63,0.62,0.34,0.26,1
615400.94,1286260.88,748.65,747.00,748.65,0.62,0.34,0.26,1
615493.19,1286260.88,746.66,745.00,746.66,0.63,0.35,0.27,1
615585.50,1286260.88,737.67,736.00,737.67,0.62,0.34,0.26,1
615677.75,1286260.88,750.67,749.00,750.67,0.62,0.34,0.26,1
615770.06,1286260.88,750.67,749.00,750.67,0.63,0.35,0.27,1
615862.31,1286260.88,740.67,739.00,740.67,0.63,0.35,0.27,1
615954.62,1286260.88,739.67,738.00,739.67,0.63,0.35,0.27,1
616046.88,1286260.88,736.66,735.00,736.66,0.63,0.35,0.27,1
616139.12,1286260.88,734.65,733.00,734.65,0.62,0.34,0.26,1
616231.44,1286260.88,734.64,733.00,734.64,0.61,0.33,0.25,1
616323.69,1286260.88,744.62,743.00,744.62,0.61,0.33,0.25,1
616416.00,1286260.88,752.61,751.00,752.61,0.61,0.33,0.25,1
616508.25,1286260.88,757.60,756.00,757.60,0.61,0.33,0.25,1
616600.56,1286260.88,757.59,756.00,757.59,0.62,0.34,0.26,1
616692.81,1286260.88,757.59,756.00,757.59,0.62,0.34,0.26,1
616785.12,1286260.88,756.59,755.00,756.59,0.62,0.34,0.27,1
616877.38,1286260.88,756.59,755.00,756.59,0.63,0.35,0.27,1
616969.62,1286260.88,752.60,751.00,752.60,0.62,0.34,0.26,1
617061.94,1286260.88,746.60,745.00,746.60,0.62,0.34,0.26,1
617154.19,1286260.88,742.61,741.00,742.61,0.62,0.34,0.26,1
617246.50,1286260.88,744.61,743.00,744.61,0.61,0.33,0.25,1
617338.75,1286260.88,758.62,757.00,758.62,0.61,0.33,0.25,1
617431.06,1286260.88,772.62,771.00,772.62,0.61,0.33,0.25,1
617523.31,1286260.88,779.62,778.00,779.62,0.62,0.34,0.26,1
617615.62,1286260.88,778.62,777.00,778.62,0.62,0.34,0.26,1
617707.88,1286260.88,774.62,773.00,774.62,0.62,0.34,0.26,1
617800.12,1286260.88,772.62,771.00,772.62,0.62,0.34,0.26,1
617892.44,1286260.88,780.61,779.00,780.61,0.62,0.34,0.26,1
617984.69,1286260.88,784.60,783.00,784.60,0.62,0.34,0.26,1
618077.00,1286260.88,793.59,792.00,793.59,0.60,0.33,0.25,1
618169.25,1286260.88,805.58,804.00,805.58,0.62,0.34,0.26,1
618261.56,1286260.88,801.56,800.00,801.56,0.63,0.35,0.27,1
618353.81,1286260.88,795.54,794.00,795.54,0.63,0.35,0.27,1
618446.12,1286260.88,791.53,790.00,791.53,0.63,0.36,0.28,1
618538.38,1286260.88,786.52,785.00,786.52,0.64,0.36,0.28,1
618630.62,1286260.88,775.52,774.00,775.52,0.64,0.36,0.28,1
618722.94,1286260.88,770.52,769.00,770.52,0.63,0.35,0.27,1
618815.19,1286260.88,775.52,774.00,775.52,0.62,0.34,0.27,1
618907.50,1286260.88,791.52,790.00,791.52,0.62,0.34,0.26,1
618999.75,1286260.88,804.53,803.00,804.53,0.61,0.34,0.26,1
619092.06,1286260.88,824.55,823.00,824.55,0.61,0.33,0.25,1
619184.31,1286260.88,840.57,839.00,840.57,0.62,0.34,0.26,1
619276.62,1286260.88,842.61,841.00,842.61,0.64,0.36,0.28,1
619368.88,1286260.88,823.68,822.00,823.68,0.65,0.37,0.29,1
619461.19,1286260.88,790.77,789.00,790.77,0.65,0.36,0.28,1
619553.44,1286260.88,774.82,773.00,774.82,0.63,0.35,0.27,1
619645.69,1286260.88,769.84,768.00,769.84,0.63,0.34,0.26,1
619738.00,1286260.88,769.85,768.00,769.85,0.62,0.34,0.25,1
619830.25,1286260.88,768.84,767.00,768.84,0.62,0.34,0.25,1
619922.56,1286260.88,765.83,764.00,765.83,0.62,0.34,0.26,1
620014.81,1286260.88,764.79,763.00,764.79,0.62,0.34,0.26,1
620107.12,1286260.88,766.74,765.00,766.74,0.62,0.34,0.26,1
620199.38,1286260.88,767.70,766.00,767.70,0.63,0.35,0.27,1
620291.69,1286260.88,764.67,763.00,764.67,0.63,0.35,0.27,1
620383.94,1286260.88,763.66,762.00,763.66,0.63,0.35,0.26,1
620476.19,1286260.88,765.65,764.00,765.65,0.63,0.35,0.27,1
620568.50,1286260.88,765.64,764.00,765.64,0.63,0.35,0.27,1
620660.75,1286260.88,766.64,765.00,766.64,0.62,0.34,0.26,1
620753.06,1286260.88,764.64,763.00,764.64,0.63,0.35,0.27,1
620845.31,1286260.88,759.64,758.00,759.64,0.63,0.35,0.27,1
620937.62,1286260.88,758.65,757.00,758.65,0.62,0.34,0.26,1
621029.88,1286260.88,761.65,760.00,761.65,0.62,0.34,0.26,1
621122.19,1286260.88,764.66,763.00,764.66,0.62,0.34,0.26,1
621214.44,1286260.88,763.67,762.00,763.67,0.62,0.34,0.26,1
621306.69,1286260.88,762.69,761.00,762.69,0.63,0.35,0.26,1
621399.00,1286260.88,760.69,759.00,760.69,0.63,0.34,0.26,1
621491.25,1286260.88,761.69,760.00,761.69,0.62,0.34,0.26,1
621583.56,1286260.88,763.69,762.00,763.69,0.62,0.34,0.26,1
621675.81,1286260.88,763.69,762.00,763.69,0.62,0.34,0.26,1
621768.12,1286260.88,764.68,763.00,764.68,0.62,0.34,0.26,1
621860.38,1286260.88,766.67,765.00,766.67,0.63,0.34,0.26,1
621952.69,1286260.88,765.65,764.00,765.65,0.63,0.35,0.27,1
622044.94,1286260.88,760.62,759.00,760.62,0.63,0.35,0.27,1
622137.19,1286260.88,756.60,755.00,756.60,0.63,0.35,0.27,1
622229.50,1286260.88,757.58,756.00,757.58,0.63,0.35,0.27,1
622321.75,1286260.88,756.57,755.00,756.57,0.63,0.35,0.27,1
622414.06,1286260.88,753.57,752.00,753.57,0.63,0.35,0.27,1
622506.31,1286260.88,751.57,750.00,751.57,0.63,0.35,0.27,1
622598.62,1286260.88,752.56,751.00,752.56,0.62,0.35,0.27,1
622690.88,1286260.88,753.56,752.00,753.56,0.63,0.35,0.27,1
622783.19,1286260.88,749.57,748.00,749.57,0.63,0.35,0.27,1
622875.44,1286260.88,744.57,743.00,744.57,0.63,0.35,0.27,1
622967.69,1286260.88,746.58,745.00,746.58,0.62,0.34,0.26,1
623060.00,1286260.88,755.59,754.00,755.59,0.62,0.34,0.26,1
623152.25,1286260.88,765.59,764.00,765.59,0.62,0.34,0.26,1
623244.56,1286260.88,770.60,769.00,770.60,0.62,0.35,0.27,1
623336.81,1286260.88,769.61,768.00,769.61,0.63,0.35,0.27,1
623429.12,1286260.88,764.61,763.00,764.61,0.63,0.35,0.27,1
623521.38,1286260.88,758.62,757.00,758.62,0.63,0.35,0.27,1
623613.69,1286260.88,750.62,749.00,750.62,0.63,0.35,0.27,1
623705.94,1286260.88,749.63,748.00,749.63,0.62,0.34,0.27,1
623798.19,1286260.88,753.63,752.00,753.63,0.62,0.34,0.26,1
623890.50,1286260.88,763.64,762.00,763.64,0.62,0.34,0.26,1
623982.75,1286260.88,769.64,768.00,769.64,0.63,0.35,0.27,1
624075.06,1286260.88,764.65,763.00,764.65,0.64,0.35,0.27,1
624167.31,1286260.88,766.65,765.00,766.65,0.63,0.35,0.27,1
624259.62,1286260.88,763.65,762.00,763.65,0.64,0.36,0.28,1
624351.88,1286260.88,752.64,751.00,752.64,0.63,0.35,0.27,1
624444.19,1286260.88,754.64,753.00,754.64,0.62,0.34,0.26,1
624536.44,1286260.88,763.63,762.00,763.63,0.63,0.35,0.27,1
624628.69,1286260.88,759.62,758.00,759.62,0.64,0.36,0.28,1
624721.00,1286260.88,752.59,751.00,752.59,0.63,0.36,0.28,1
624813.25,1286260.88,750.54,749.00,750.54,0.62,0.34,0.26,1
624905.56,1286260.88,756.48,755.00,756.48,0.60,0.33,0.25,1
624997.81,1286260.88,769.39,768.00,769.39,0.59,0.32,0.24,1
625090.12,1286260.88,781.30,780.00,781.30,0.59,0.33,0.25,1
625182.38,1286260.88,781.22,780.00,781.22,0.61,0.34,0.27,1
625274.69,1286260.88,774.18,773.00,774.18,0.62,0.36,0.28,1
625366.94,1286260.88,762.44,761.43,762.44,0.58,0.32,0.25,1
625459.19,1286260.88,-9999.00,-9999.00,-9999.00,0.71,0.71,0.71,0
614385.88,1286168.50,-9999.00,-9999.00,-9999.00,0.71,0.71,0.71,0
614478.12,1286168.50,774.17,773.00,774.17,0.33,0.06,-0.01,1
614570.44,1286168.50,766.29,765.00,766.29,0.63,0.36,0.28,1
614662.69,1286168.50,760.29,759.00,760.29,0.62,0.36,0.28,1
614755.00,1286168.50,761.32,760.00,761.32,0.63,0.36,0.28,1
614847.25,1286168.50,770.38,769.00,770.38,0.63,0.36,0.28,1
614939.56,1286168.50,777.44,776.00,777.44,0.64,0.37,0.29,1
615031.81,1286168.50,759.51,758.00,759.51,0.65,0.37,0.29,1
615124.12,1286168.50,739.57,738.00,739.57,0.63,0.35,0.27,1
615216.38,1286168.50,742.62,741.00,742.62,0.62,0.34,0.26,1
615308.62,1286168.50,749.64,748.00,749.64,0.62,0.34,0.26,1
615400.94,1286168.50,754.66,753.00,754.66,0.62,0.34,0.26,1
615493.19,1286168.50,751.67,750.00,751.67,0.63,0.35,0.27,1
615585.50,1286168.50,737.67,736.00,737.67,0.62,0.34,0.26,1
615677.75,1286168.50,748.67,747.00,748.67,0.61,0.33,0.25,1
615770.06,1286168.50,751.67,750.00,751.67,0.62,0.34,0.26,1
615862.31,1286168.50,750.67,749.00,750.67,0.63,0.35,0.27,1
615954.62,1286168.50,752.67,751.00,752.67,0.63,0.35,0.27,1
616046.88,1286168.50,741.66,740.00,741.66,0.63,0.35,0.27,1
616139.12,1286168.50,733.65,732.00,733.65,0.62,0.34,0.26,1
616231.44,1286168.50,733.64,732.00,733.64,0.62,0.34,0.26,1
616323.69,1286168.50,739.62,738.00,739.62,0.61,0.33,0.25,1
616416.00,1286168.50,741.61,740.00,741.61,0.61,0.33,0.25,1
616508.25,1286168.50,745.60,744.00,745.60,0.60,0.33,0.25,1
616600.56,1286168.50,752.59,751.00,752.59,0.61,0.33,0.25,1
616692.81,1286168.50,756.59,755.00,756.59,0.61,0.34,0.26,1
616785.12,1286168.50,755.59,754.00,755.59,0.62,0.34,0.26,1
616877.38,1286168.50,758.59,757.00,758.59,0.62,0.35,0.27,1
616969.62,1286168.50,746.59,745.00,746.59,0.62,0.35,0.27,1
617061.94,1286168.50,739.59,738.00,739.59,0.62,0.34,0.26,1
617154.19,1286168.50,739.59,738.00,739.59,0.62,0.34,0.26,1
617246.50,1286168.50,742.60,741.00,742.60,0.61,0.33,0.25,1
617338.75,1286168.50,755.61,754.00,755.61,0.60,0.32,0.24,1
617431.06,1286168.50,770.61,769.00,770.61,0.60,0.32,0.24,1
617523.31,1286168.50,776.61,775.00,776.61,0.61,0.33,0.25,1
617615.62,1286168.50,772.61,771.00,772.61,0.61,0.33,0.25,1
617707.88,1286168.50,767.61,766.00,767.61,0.62,0.34,0.26,1
617800.12,1286168.50,768.61,767.00,768.61,0.61,0.33,0.25,1
617892.44,1286168.50,783.60,782.00,783.60,0.61,0.33,0.25,1
617984.69,1286168.50,789.59,788.00,789.59,0.62,0.34,0.26,1
618077.00,1286168.50,791.58,790.00,791.58,0.62,0.34,0.26,1
618169.25,1286168.50,804.56,803.00,804.56,0.62,0.34,0.26,1
618261.56,1286168.50,803.54,802.00,803.54,0.63,0.35,0.27,1
618353.81,1286168.50,797.52,796.00,797.52,0.63,0.36,0.28,1
618446.12,1286168.50,796.50,795.00,796.50,0.63,0.36,0.28,1
618538.38,1286168.50,791.49,790.00,791.49,0.64,0.36,0.28,1
618630.62,1286168.50,781.49,780.00,781.49,0.64,0.36,0.28,1
618722.94,1286168.50,775.49,774.00,775.49,0.62,0.35,0.27,1
618815.19,1286168.50,787.49,786.00,787.49,0.61,0.34,0.26,1
618907.50,1286168.50,802.49,801.00,802.49,0.61,0.34,0.26,1
618999.75,1286168.50,810.51,809.00,810.51,0.61,0.33,0.25,1
619092.06,1286168.50,827.53,826.00,827.53,0.60,0.32,0.25,1
619184.31,1286168.50,845.56,844.00,845.56,0.61,0.33,0.25,1
619276.62,1286168.50,851.61,850.00,851.61,0.64,0.36,0.28,1
619368.88,1286168.50,832.70,831.00,832.70,0.65,0.37,0.29,1
619461.19,1286168.50,798.87,797.00,798.87,0.64,0.36,0.28,1
619553.44,1286168.50,782.03,780.00,782.03,0.63,0.34,0.26,1
619645.69,1286168.50,775.08,773.00,775.08,0.62,0.33,0.25,1
619738.00,1286168.50,774.10,772.00,774.10,0.62,0.33,0.24,1
619830.25,1286168.50,771.09,769.00,771.09,0.62,0.33,0.24,1
619922.56,1286168.50,770.07,768.00,770.07,0.62,0.33,0.25,1
620014.81,1286168.50,770.00,768.00,770.00,0.62,0.33,0.25,1
620107.12,1286168.50,771.91,770.00,771.91,0.62,0.33,0.25,1
620199.38,1286168.50,777.82,776.00,777.82,0.63,0.34,0.26,1
620291.69,1286168.50,777.76,776.00,777.76,0.64,0.35,0.27,1
620383.94,1286168.50,771.72,770.00,771.72,0.63,0.35,0.27,1
620476.19,1286168.50,773.70,772.00,773.70,0.63,0.35,0.27,1
620568.50,1286168.50,770.69,769.00,770.69,0.63,0.35,0.27,1
620660.75,1286168.50,766.68,765.00,766.68,0.62,0.34,0.26,1
620753.06,1286168.50,766.68,765.00,766.68,0.63,0.34,0.26,1
620845.31,1286168.50,764.68,763.00,764.68,0.63,0.35,0.27,1
620937.62,1286168.50,763.69,762.00,763.69,0.63,0.35,0.27,1
621029.88,1286168.50,764.70,763.00,764.70,0.63,0.34,0.26,1
621122.19,1286168.50,764.72,763.00,764.72,0.62,0.34,0.26,1
621214.44,1286168.50,766.75,765.00,766.75,0.62,0.34,0.26,1
621306.69,1286168.50,767.79,766.00,767.79,0.62,0.34,0.26,1
621399.00,1286168.50,768.80,767.00,768.80,0.62,0.34,0.26,1
621491.25,1286168.50,769.80,768.00,769.80,0.63,0.34,0.26,1
621583.56,1286168.50,769.80,768.00,769.80,0.63,0.34,0.26,1
621675.81,1286168.50,767.80,766.00,767.80,0.63,0.34,0.26,1
621768.12,1286168.50,768.78,767.00,768.78,0.62,0.34,0.26,1
621860.38,1286168.50,771.76,770.00,771.76,0.62,0.34,0.26,1
621952.69,1286168.50,773.72,772.00,773.72,0.63,0.35,0.27,1
622044.94,1286168.50,771.67,770.00,771.67,0.63,0.35,0.27,1
622137.19,1286168.50,768.64,767.00,768.64,0.64,0.36,0.28,1
622229.50,1286168.50,764.61,763.00,764.61,0.64,0.36,0.28,1
622321.75,1286168.50,759.60,758.00,759.60,0.63,0.35,0.27,1
622414.06,1286168.50,756.59,755.00,756.59,0.63,0.35,0.27,1
622506.31,1286168.50,755.58,754.00,755.58,0.62,0.35,0.27,1
622598.62,1286168.50,759.58,758.00,759.58,0.63,0.35,0.27,1
622690.88,1286168.50,761.58,760.00,761.58,0.63,0.35,0.27,1
622783.19,1286168.50,755.58,754.00,755.58,0.63,0.36,0.28,1
622875.44,1286168.50,750.58,749.00,750.58,0.63,0.35,0.27,1
622967.69,1286168.50,754.59,753.00,754.59,0.62,0.34,0.26,1
623060.00,1286168.50,764.60,763.00,764.60,0.62,0.34,0.26,1
623152.25,1286168.50,772.60,771.00,772.60,0.62,0.34,0.26,1
623244.56,1286168.50,773.60,772.00,773.60,0.62,0.35,0.27,1
623336.81,1286168.50,769.61,768.00,769.61,0.62,0.34,0.27,1
623429.12,1286168.50,760.61,759.00,760.61,0.62,0.34,0.26,1
623521.38,1286168.50,753.62,752.00,753.62,0.62,0.34,0.26,1
623613.69,1286168.50,750.62,749.00,750.62,0.62,0.34,0.26,1
623705.94,1286168.50,756.63,755.00,756.63,0.62,0.34,0.26,1
623798.19,1286168.50,764.63,763.00,764.63,0.62,0.34,0.26,1
623890.50,1286168.50,772.64,771.00,772.64,0.62,0.34,0.26,1
623982.75,1286168.50,778.64,777.00,778.64,0.63,0.35,0.27,1
624075.06,1286168.50,773.65,772.00,773.65,0.63,0.35,0.27,1
624167.31,1286168.50,772.65,771.00,772.65,0.63,0.35,0.27,1
624259.62,1286168.50,766.65,765.00,766.65,0.63,0.35,0.27,1
624351.88,1286168.50,754.65,753.00,754.65,0.63,0.35,0.27,1
624444.19,1286168.50,759.65,758.00,759.65,0.62,0.34,0.26,1
624536.44,1286168.50,771.64,770.00,771.64,0.62,0.34,0.26,1
624628.69,1286168.50,775.62,774.00,775.62,0.64,0.36,0.28,1
624721.00,1286168.50,765.59,764.00,765.59,0.65,0.37,0.29,1
624813.25,1286168.50,753.55,752.00,753.55,0.63,0.36,0.28,1
624905.56,1286168.50,752.48,751.00,752.48,0.62,0.35,0.27,1
624997.81,1286168.50,757.39,756.00,757.39,0.61,0.34,0.26,1
625090.12,1286168.50,763.29,762.00,763.29,0.60,0.34,0.26,1
625182.38,1286168.50,763.21,762.00,763.21,0.61,0.34,0.27,1
625274.69,1286168.50,761.16,760.00,761.16,0.62,0.36,0.28,1
625366.94,1286168.50,757.14,756.15,757.14,0.58,0.32,0.25,1
625459.19,1286168.50,-9999.00,-9999.00,-9999.00,0.71,0.71,0.71,0
614385.88,1286076.25,-9999.00,-9999.00,-9999.00,0.71,0.71,0.71,0
614478.12,1286076.25,771.19,770.00,771.19,0.33,0.07,-0.01,1
614570.44,1286076.25,763.31,762.00,763.31,0.63,0.37,0.29,1
614662.69,1286076.25,762.32,761.00,762.32,0.63,0.36,0.28,1
614755.00,1286076.25,773.35,772.00,773.35,0.62,0.35,0.28,1
614847.25,1286076.25,782.40,781.00,782.40,0.62,0.35,0.27,1
614939.56,1286076.25,782.47,781.00,782.47,0.63,0.35,0.28,1
615031.81,1286076.25,758.53,757.00,758.53,0.64,0.36,0.28,1
615124.12,1286076.25,741.59,740.00,741.59,0.63,0.36,0.28,1
615216.38,1286076.25,748.63,747.00,748.63,0.62,0.34,0.26,1
615308.62,1286076.25,757.65,756.00,757.65,0.62,0.34,0.26,1
615400.94,1286076.25,756.66,755.00,756.66,0.62,0.34,0.26,1
615493.19,1286076.25,749.67,748.00,749.67,0.63,0.34,0.26,1
615585.50,1286076.25,738.67,737.00,738.67,0.62,0.34,0.26,1
615677.75,1286076.25,744.68,743.00,744.68,0.61,0.33,0.25,1
615770.06,1286076.25,752.68,751.00,752.68,0.62,0.33,0.25,1
615862.31,1286076.25,757.67,756.00,757.67,0.62,0.34,0.26,1
615954.62,1286076.25,754.67,753.00,754.67,0.63,0.35,0.27,1
616046.88,1286076.25,738.66,737.00,738.66,0.63,0.35,0.27,1
616139.12,1286076.25,733.65,732.00,733.65,0.62,0.34,0.26,1
616231.44,1286076.25,735.64,734.00,735.64,0.62,0.34,0.26,1
616323.69,1286076.25,736.62,735.00,736.62,0.62,0.34,0.26,1
616416.00,1286076.25,734.61,733.00,734.61,0.62,0.34,0.26,1
616508.25,1286076.25,738.60,737.00,738.60,0.61,0.33,0.25,1
616600.56,1286076.25,745.59,744.00,745.59,0.61,0.33,0.25,1
616692.81,1286076.25,748.58,747.00,748.58,0.61,0.33,0.25,1
616785.12,1286076.25,749.58,748.00,749.58,0.61,0.33,0.25,1
616877.38,1286076.25,752.58,751.00,752.58,0.62,0.34,0.26,1
616969.62,1286076.25,740.58,739.00,740.58,0.63,0.35,0.27,1
617061.94,1286076.25,736.58,735.00,736.58,0.62,0.34,0.27,1
617154.19,1286076.25,740.58,739.00,740.58,0.62,0.35,0.27,1
617246.50,1286076.25,743.59,742.00,743.59,0.63,0.35,0.27,1
617338.75,1286076.25,748.59,747.00,748.59,0.62,0.34,0.26,1
617431.06,1286076.25,756.60,755.00,756.60,0.61,0.33,0.25,1
617523.31,1286076.25,760.60,759.00,760.60,0.61,0.33,0.25,1
617615.62,1286076.25,757.60,756.00,757.60,0.62,0.34,0.26,1
617707.88,1286076.25,759.60,758.00,759.60,0.61,0.34,0.26,1
617800.12,1286076.25,765.59,764.00,765.59,0.61,0.33,0.25,1
617892.44,1286076.25,779.59,778.00,779.59,0.60,0.32,0.25,1
617984.69,1286076.25,794.58,793.00,794.58,0.61,0.33,0.25,1
618077.00,1286076.25,804.57,803.00,804.57,0.62,0.34,0.26,1
618169.25,1286076.25,811.55,810.00,811.55,0.63,0.35,0.27,1
618261.56,1286076.25,808.51,807.00,808.51,0.63,0.36,0.28,1
618353.81,1286076.25,804.49,803.00,804.49,0.63,0.36,0.28,1
618446.12,1286076.25,801.48,800.00,801.48,0.63,0.36,0.28,1
618538.38,1286076.25,795.47,794.00,795.47,0.63,0.36,0.28,1
618630.62,1286076.25,784.47,783.00,784.47,0.63,0.36,0.28,1
618722.94,1286076.25,778.46,777.00,778.46,0.62,0.35,0.27,1
618815.19,1286076.25,790.46,789.00,790.46,0.61,0.34,0.26,1
618907.50,1286076.25,800.47,799.00,800.47,0.61,0.34,0.26,1
618999.75,1286076.25,807.48,806.00,807.48,0.61,0.34,0.26,1
619092.06,1286076.25,826.50,825.00,826.50,0.60,0.33,0.25,1
619184.31,1286076.25,845.53,844.00,845.53,0.60,0.33,0.25,1
619276.62,1286076.25,856.58,855.00,856.58,0.63,0.35,0.27,1
619368.88,1286076.25,842.68,841.00,842.68,0.65,0.37,0.29,1
619461.19,1286076.25,806.91,805.00,806.91,0.65,0.36,0.28,1
619553.44,1286076.25,787.25,785.00,787.25,0.63,0.33,0.25,1
619645.69,1286076.25,781.41,779.00,781.41,0.62,0.32,0.23,1
619738.00,1286076.25,780.44,778.00,780.44,0.62,0.32,0.23,1
619830.25,1286076.25,778.43,776.00,778.43,0.62,0.32,0.23,1
619922.56,1286076.25,778.39,776.00,778.39,0.62,0.32,0.23,1
620014.81,1286076.25,779.29,777.00,779.29,0.62,0.32,0.24,1
620107.12,1286076.25,779.12,777.00,779.12,0.62,0.32,0.24,1
620199.38,1286076.25,790.97,789.00,790.97,0.62,0.33,0.25,1
620291.69,1286076.25,793.87,792.00,793.87,0.64,0.35,0.27,1
620383.94,1286076.25,784.80,783.00,784.80,0.64,0.35,0.27,1
620476.19,1286076.25,782.76,781.00,782.76,0.63,0.35,0.27,1
620568.50,1286076.25,777.74,776.00,777.74,0.63,0.35,0.27,1
620660.75,1286076.25,769.72,768.00,769.72,0.63,0.35,0.26,1
620753.06,1286076.25,771.72,770.00,771.72,0.62,0.34,0.26,1
620845.31,1286076.25,777.72,776.00,777.72,0.63,0.35,0.27,1
620937.62,1286076.25,778.72,777.00,778.72,0.64,0.36,0.27,1
621029.88,1286076.25,772.74,771.00,772.74,0.64,0.35,0.27,1
621122.19,1286076.25,767.77,766.00,767.77,0.63,0.35,0.27,1
621214.44,1286076.25,766.82,765.00,766.82,0.62,0.34,0.26,1
621306.69,1286076.25,769.88,768.00,769.88,0.62,0.33,0.25,1
621399.00,1286076.25,773.94,772.00,773.94,0.61,0.33,0.24,1
621491.25,1286076.25,779.96,778.00,779.96,0.62,0.33,0.24,1
621583.56,1286076.25,781.97,780.00,781.97,0.63,0.34,0.25,1
621675.81,1286076.25,777.96,776.00,777.96,0.63,0.34,0.26,1
621768.12,1286076.25,775.94,774.00,775.94,0.63,0.34,0.25,1
621860.38,1286076.25,777.90,776.00,777.90,0.62,0.33,0.25,1
621952.69,1286076.25,782.83,781.00,782.83,0.62,0.34,0.26,1
622044.94,1286076.25,784.75,783.00,784.75,0.63,0.35,0.27,1
622137.19,1286076.25,784.70,783.00,784.70,0.64,0.36,0.28,1
622229.50,1286076.25,776.66,775.00,776.66,0.64,0.36,0.28,1
622321.75,1286076.25,767.63,766.00,767.63,0.64,0.36,0.28,1
622414.06,1286076.25,761.62,760.00,761.62,0.63,0.35,0.27,1
622506.31,1286076.25,761.61,760.00,761.61,0.62,0.35,0.27,1
622598.62,1286076.25,766.60,765.00,766.60,0.63,0.35,0.27,1
622690.88,1286076.25,765.60,764.00,765.60,0.63,0.35,0.27,1
622783.19,1286076.25,759.60,758.00,759.60,0.63,0.35,0.27,1
622875.44,1286076.25,755.60,754.00,755.60,0.63,0.35,0.27,1
622967.69,1286076.25,757.60,756.00,757.60,0.62,0.34,0.26,1
623060.00,1286076.25,765.61,764.00,765.61,0.61,0.33,0.25,1
623152.25,1286076.25,773.61,772.00,773.61,0.62,0.34,0.26,1
623244.56,1286076.25,771.61,770.00,771.61,0.62,0.35,0.27,1
623336.81,1286076.25,762.61,761.00,762.61,0.63,0.35,0.27,1
623429.12,1286076.25,752.62,751.00,752.62,0.62,0.34,0.26,1
623521.38,1286076.25,746.62,745.00,746.62,0.62,0.34,0.26,1
623613.69,1286076.25,750.62,749.00,750.62,0.61,0.33,0.25,1
623705.94,1286076.25,763.63,762.00,763.63,0.61,0.33,0.25,1
623798.19,1286076.25,773.63,772.00,773.63,0.61,0.33,0.25,1
623890.50,1286076.25,779.64,778.00,779.64,0.62,0.34,0.26,1
623982.75,1286076.25,782.64,781.00,782.64,0.62,0.34,0.26,1
624075.06,1286076.25,781.65,780.00,781.65,0.63,0.35,0.27,1
624167.31,1286076.25,775.65,774.00,775.65,0.63,0.35,0.27,1
624259.62,1286076.25,762.65,761.00,762.65,0.63,0.35,0.27,1
624351.88,1286076.25,756.65,755.00,756.65,0.62,0.34,0.26,1
624444.19,1286076.25,766.65,765.00,766.65,0.61,0.33,0.25,1
624536.44,1286076.25,779.64,778.00,779.64,0.61,0.33,0.25,1
624628.69,1286076.25,787.62,786.00,787.62,0.63,0.35,0.27,1
624721.00,1286076.25,779.59,778.00,779.59,0.64,0.36,0.28,1
624813.25,1286076.25,759.55,758.00,759.55,0.64,0.36,0.28,1
624905.56,1286076.25,756.48,755.00,756.48,0.63,0.35,0.28,1
624997.81,1286076.25,757.39,756.00,757.39,0.63,0.36,0.28,1
625090.12,1286076.25,756.28,755.00,756.28,0.63,0.36,0.29,1
625182.38,1286076.25,754.19,753.00,754.19,0.63,0.37,0.29,1
625274.69,1286076.25,756.14,755.00,756.14,0.62,0.36,0.29,1
625366.94,1286076.25,761.58,760.60,761.58,0.57,0.32,0.25,1
625459.19,1286076.25,-9999.00,-9999.00,-9999.00,0.71,0.71,0.71,0
614385.88,1285984.00,-9999.00,-9999.00,-9999.00,0.71,0.71,0.71,0
614478.12,1285984.00,775.21,774.00,775.21,0.33,0.07,-0.01,1
614570.44,1285984.00,772.33,771.00,772.33,0.64,0.37,0.29,1
614662.69,1285984.00,773.34,772.00,773.34,0.63,0.36,0.28,1
614755.00,1285984.00,779.36,778.00,779.36,0.62,0.35,0.27,1
614847.25,1285984.00,778.41,777.00,778.41,0.62,0.35,0.27,1
614939.56,1285984.00,765.49,764.00,765.49,0.62,0.34,0.26,1
615031.81,1285984.00,750.55,749.00,750.55,0.63,0.35,0.27,1
615124.12,1285984.00,752.60,751.00,752.60,0.63,0.35,0.27,1
615216.38,1285984.00,757.63,756.00,757.63,0.63,0.35,0.27,1
615308.62,1285984.00,757.65,756.00,757.65,0.63,0.35,0.27,1
615400.94,1285984.00,750.66,749.00,750.66,0.62,0.34,0.26,1
615493.19,1285984.00,743.67,742.00,743.67,0.62,0.34,0.26,1
615585.50,1285984.00,739.68,738.00,739.68,0.62,0.34,0.26,1
615677.75,1285984.00,749.68,748.00,749.68,0.62,0.34,0.26,1
615770.06,1285984.00,757.68,756.00,757.68,0.62,0.34,0.26,1
615862.31,1285984.00,755.67,754.00,755.67,0.62,0.34,0.26,1
615954.62,1285984.00,746.67,745.00,746.67,0.62,0.34,0.26,1
616046.88,1285984.00,736.66,735.00,736.66,0.63,0.34,0.26,1
616139.12,1285984.00,737.65,736.00,737.65,0.63,0.35,0.27,1
616231.44,1285984.00,737.64,736.00,737.64,0.63,0.35,0.27,1
616323.69,1285984.00,735.62,734.00,735.62,0.62,0.34,0.26,1
616416.00,1285984.00,734.60,733.00,734.60,0.62,0.34,0.26,1
616508.25,1285984.00,734.59,733.00,734.59,0.62,0.34,0.26,1
616600.56,1285984.00,735.58,734.00,735.58,0.61,0.34,0.26,1
616692.81,1285984.00,736.57,735.00,736.57,0.61,0.33,0.25,1
616785.12,1285984.00,738.57,737.00,738.57,0.61,0.33,0.25,1
616877.38,1285984.00,740.57,739.00,740.57,0.61,0.33,0.25,1
616969.62,1285984.00,737.57,736.00,737.57,0.62,0.34,0.26,1
617061.94,1285984.00,740.57,739.00,740.57,0.62,0.34,0.26,1
617154.19,1285984.00,753.57,752.00,753.57,0.62,0.34,0.26,1
617246.50,1285984.00,759.58,758.00,759.58,0.63,0.35,0.27,1
617338.75,1285984.00,760.58,759.00,760.58,0.63,0.36,0.28,1
617431.06,1285984.00,759.59,758.00,759.59,0.63,0.35,0.27,1
617523.31,1285984.00,760.59,759.00,760.59,0.62,0.35,0.27,1
617615.62,1285984.00,760.59,759.00,760.59,0.63,0.35,0.27,1
617707.88,1285984.00,761.58,760.00,761.58,0.62,0.34,0.26,1
617800.12,1285984.00,768.58,767.00,768.58,0.61,0.33,0.25,1
617892.44,1285984.00,782.57,781.00,782.57,0.61,0.33,0.25,1
617984.69,1285984.00,799.56,798.00,799.56,0.61,0.33,0.25,1
618077.00,1285984.00,809.55,808.00,809.55,0.61,0.34,0.26,1
618169.25,1285984.00,814.52,813.00,814.52,0.62,0.35,0.27,1
618261.56,1285984.00,815.50,814.00,815.50,0.63,0.36,0.28,1
618353.81,1285984.00,809.47,808.00,809.47,0.63,0.36,0.28,1
618446.12,1285984.00,802.46,801.00,802.46,0.63,0.35,0.28,1
618538.38,1285984.00,796.45,795.00,796.45,0.63,0.36,0.28,1
618630.62,1285984.00,785.45,784.00,785.45,0.63,0.36,0.28,1
618722.94,1285984.00,782.45,781.00,782.45,0.62,0.35,0.27,1
618815.19,1285984.00,791.45,790.00,791.45,0.61,0.34,0.26,1
618907.50,1285984.00,805.45,804.00,805.45,0.61,0.34,0.26,1
618999.75,1285984.00,816.45,815.00,816.45,0.61,0.34,0.26,1
619092.06,1285984.00,832.46,831.00,832.46,0.61,0.33,0.26,1
619184.31,1285984.00,848.48,847.00,848.48,0.61,0.33,0.26,1
619276.62,1285984.00,863.51,862.00,863.51,0.63,0.35,0.27,1
619368.88,1285984.00,854.59,853.00,854.59,0.66,0.38,0.30,1
619461.19,1285984.00,818.85,817.00,818.85,0.66,0.37,0.29,1
619553.44,1285984.00,797.36,795.00,797.36,0.64,0.34,0.25,1
619645.69,1285984.00,792.66,790.00,792.66,0.62,0.32,0.23,1
619738.00,1285984.00,790.74,788.00,790.74,0.62,0.31,0.22,1
619830.25,1285984.00,791.73,789.00,791.73,0.62,0.31,0.22,1
619922.56,1285984.00,790.67,788.00,790.67,0.62,0.31,0.22,1
620014.81,1285984.00,788.53,786.00,788.53,0.62,0.31,0.23,1
620107.12,1285984.00,793.32,791.00,793.32,0.62,0.32,0.23,1
620199.38,1285984.00,807.12,805.00,807.12,0.62,0.32,0.24,1
620291.69,1285984.00,812.98,811.00,812.98,0.63,0.34,0.25,1
620383.94,1285984.00,804.88,803.00,804.88,0.63,0.35,0.26,1
620476.19,1285984.00,792.82,791.00,792.82,0.64,0.35,0.27,1
620568.50,1285984.00,781.79,780.00,781.79,0.64,0.35,0.27,1
620660.75,1285984.00,777.77,776.00,777.77,0.63,0.35,0.27,1
620753.06,1285984.00,784.76,783.00,784.76,0.63,0.34,0.26,1
620845.31,1285984.00,793.75,792.00,793.75,0.63,0.35,0.26,1
620937.62,1285984.00,799.75,798.00,799.75,0.64,0.36,0.27,1
621029.88,1285984.00,792.76,791.00,792.76,0.65,0.36,0.28,1
621122.19,1285984.00,782.79,781.00,782.79,0.65,0.36,0.28,1
621214.44,1285984.00,779.85,778.00,779.85,0.64,0.36,0.27,1
621306.69,1285984.00,774.92,773.00,774.92,0.64,0.35,0.27,1
621399.00,1285984.00,773.04,771.00,773.04,0.62,0.33,0.25,1
621491.25,1285984.00,779.16,777.00,779.16,0.61,0.31,0.23,1
621583.56,1285984.00,787.20,785.00,787.20,0.61,0.31,0.23,1
621675.81,1285984.00,790.20,788.00,790.20,0.62,0.32,0.24,1
621768.12,1285984.00,788.17,786.00,788.17,0.63,0.33,0.25,1
621860.38,1285984.00,786.10,784.00,786.10,0.62,0.33,0.25,1
621952.69,1285984.00,791.00,789.00,791.00,0.62,0.33,0.24,1
622044.94,1285984.00,801.87,800.00,801.87,0.62,0.33,0.25,1
622137.19,1285984.00,802.78,801.00,802.78,0.64,0.35,0.27,1
622229.50,1285984.00,789.72,788.00,789.72,0.65,0.36,0.28,1
622321.75,1285984.00,776.68,775.00,776.68,0.64,0.36,0.28,1
622414.06,1285984.00,767.66,766.00,767.66,0.64,0.36,0.28,1
622506.31,1285984.00,766.64,765.00,766.64,0.62,0.34,0.26,1
622598.62,1285984.00,774.63,773.00,774.63,0.62,0.34,0.26,1
622690.88,1285984.00,774.62,773.00,774.62,0.63,0.35,0.27,1
622783.19,1285984.00,767.62,766.00,767.62,0.64,0.36,0.28,1
622875.44,1285984.00,761.62,760.00,761.62,0.63,0.35,0.27,1
622967.69,1285984.00,759.62,758.00,759.62,0.63,0.35,0.27,1
623060.00,1285984.00,761.62,760.00,761.62,0.62,0.34,0.26,1
623152.25,1285984.00,767.62,766.00,767.62,0.61,0.33,0.25,1
623244.56,1285984.00,768.62,767.00,768.62,0.62,0.34,0.26,1
623336.81,1285984.00,760.62,759.00,760.62,0.63,0.35,0.27,1
623429.12,1285984.00,748.62,747.00,748.62,0.63,0.35,0.27,1
623521.38,1285984.00,746.62,745.00,746.62,0.62,0.34,0.26,1
623613.69,1285984.00,748.62,747.00,748.62,0.61,0.33,0.25,1
623705.94,1285984.00,758.63,757.00,758.63,0.60,0.32,0.24,1
623798.19,1285984.00,767.63,766.00,767.63,0.60,0.32,0.24,1
623890.50,1285984.00,775.64,774.00,775.64,0.61,0.33,0.25,1
623982.75,1285984.00,782.64,781.00,782.64,0.62,0.34,0.26,1
624075.06,1285984.00,784.65,783.00,784.65,0.62,0.34,0.26,1
624167.31,1285984.00,777.65,776.00,777.65,0.63,0.35,0.27,1
624259.62,1285984.00,767.65,766.00,767.65,0.64,0.36,0.28,1
624351.88,1285984.00,764.65,763.00,764.65,0.63,0.35,0.27,1
624444.19,1285984.00,771.65,770.00,771.65,0.62,0.34,0.26,1
624536.44,1285984.00,780.64,779.00,780.64,0.61,0.33,0.25,1
624628.69,1285984.00,787.62,786.00,787.62,0.62,0.34,0.26,1
624721.00,1285984.00,780.59,779.00,780.59,0.63,0.36,0.28,1
624813.25,1285984.00,763.55,762.00,763.55,0.64,0.36,0.28,1
624905.56,1285984.00,761.48,760.00,761.48,0.63,0.35,0.27,1
624997.81,1285984.00,768.39,767.00,768.39,0.63,0.36,0.28,1
625090.12,1285984.00,767.27,766.00,767.27,0.64,0.38,0.30,1
625182.38,1285984.00,766.18,765.00,766.18,0.65,0.38,0.31,1
625274.69,1285984.00,765.12,764.00,765.12,0.64,0.38,0.31,1
625366.94,1285984.00,766.03,765.04,766.03,0.57,0.32,0.25,1
625459.19,1285984.00,-9999.00,-9999.00,-9999.00,0.71,0.71,0.71,0
614385.88,1285891.75,-9999.00,-9999.00,-9999.00,0.71,0.71,0.71,0
614478.12,1285891.75,786.22,785.00,786.22,0.33,0.07,-0.01,1
614570.44,1285891.75,782.33,781.00,782.33,0.64,0.37,0.30,1
614662.69,1285891.75,774.34,773.00,774.34,0.63,0.36,0.29,1
614755.00,1285891.75,769.37,768.00,769.37,0.62,0.35,0.27,1
614847.25,1285891.75,760.42,759.00,760.42,0.61,0.34,0.26,1
614939.56,1285891.75,750.50,749.00,750.50,0.62,0.34,0.26,1
615031.81,1285891.75,757.56,756.00,757.56,0.62,0.34,0.26,1
615124.12,1285891.75,771.60,770.00,771.60,0.63,0.35,0.27,1
615216.38,1285891.75,770.63,769.00,770.63,0.64,0.36,0.28,1
615308.62,1285891.75,761.65,760.00,761.65,0.64,0.36,0.28,1
615400.94,1285891.75,746.67,745.00,746.67,0.63,0.35,0.27,1
615493.19,1285891.75,740.67,739.00,740.67,0.62,0.34,0.26,1
615585.50,1285891.75,746.68,745.00,746.68,0.62,0.34,0.26,1
615677.75,1285891.75,759.68,758.00,759.68,0.62,0.34,0.26,1
615770.06,1285891.75,759.68,758.00,759.68,0.63,0.35,0.27,1
615862.31,1285891.75,749.67,748.00,749.67,0.63,0.34,0.26,1
615954.62,1285891.75,740.67,739.00,740.67,0.62,0.34,0.26,1
616046.88,1285891.75,739.66,738.00,739.66,0.63,0.35,0.27,1
616139.12,1285891.75,745.65,744.00,745.65,0.63,0.35,0.27,1
616231.44,1285891.75,742.64,741.00,742.64,0.63,0.35,0.27,1
616323.69,1285891.75,737.61,736.00,737.61,0.63,0.35,0.27,1
616416.00,1285891.75,735.59,734.00,735.59,0.62,0.35,0.27,1
616508.25,1285891.75,735.58,734.00,735.58,0.63,0.35,0.27,1
616600.56,1285891.75,733.57,732.00,733.57,0.62,0.35,0.27,1
616692.81,1285891.75,731.56,730.00,731.56,0.62,0.34,0.26,1
616785.12,1285891.75,732.56,731.00,732.56,0.62,0.34,0.26,1
616877.38,1285891.75,733.56,732.00,733.56,0.62,0.34,0.26,1
616969.62,1285891.75,735.56,734.00,735.56,0.62,0.34,0.26,1
617061.94,1285891.75,741.56,740.00,741.56,0.61,0.33,0.25,1
617154.19,1285891.75,757.56,756.00,757.56,0.60,0.32,0.24,1
617246.50,1285891.75,768.57,767.00,768.57,0.61,0.33,0.26,1
617338.75,1285891.75,772.57,771.00,772.57,0.62,0.35,0.27,1
617431.06,1285891.75,768.57,767.00,768.57,0.63,0.35,0.27,1
617523.31,1285891.75,766.57,765.00,766.57,0.62,0.34,0.26,1
617615.62,1285891.75,768.57,767.00,768.57,0.62,0.34,0.27,1
617707.88,1285891.75,766.57,765.00,766.57,0.62,0.34,0.26,1
617800.12,1285891.75,771.57,770.00,771.57,0.61,0.33,0.26,1
617892.44,1285891.75,784.56,783.00,784.56,0.60,0.33,0.25,1
617984.69,1285891.75,799.55,798.00,799.55,0.61,0.33,0.25,1
618077.00,1285891.75,806.53,805.00,806.53,0.61,0.33,0.25,1
618169.25,1285891.75,816.50,815.00,816.50,0.62,0.34,0.26,1
618261.56,1285891.75,819.48,818.00,819.48,0.63,0.35,0.28,1
618353.81,1285891.75,807.46,806.00,807.46,0.63,0.36,0.28,1
618446.12,1285891.75,798.45,797.00,798.45,0.62,0.35,0.27,1
618538.38,1285891.75,793.44,792.00,793.44,0.62,0.35,0.27,1
618630.62,1285891.75,787.44,786.00,787.44,0.63,0.36,0.28,1
618722.94,1285891.75,785.44,784.00,785.44,0.62,0.35,0.27,1
618815.19,1285891.75,793.43,792.00,793.43,0.61,0.34,0.26,1
618907.50,1285891.75,807.43,806.00,807.43,0.61,0.34,0.26,1
618999.75,1285891.75,823.42,822.00,823.42,0.61,0.34,0.26,1
619092.06,1285891.75,836.41,835.00,836.41,0.61,0.34,0.26,1
619184.31,1285891.75,853.40,852.00,853.40,0.60,0.33,0.26,1
619276.62,1285891.75,872.37,871.00,872.37,0.62,0.35,0.27,1
619368.88,1285891.75,874.34,873.00,874.34,0.66,0.39,0.31,1
619461.19,1285891.75,853.50,852.00,853.50,0.67,0.40,0.32,1
619553.44,1285891.75,830.06,828.00,830.06,0.65,0.36,0.28,1
619645.69,1285891.75,814.68,812.00,814.68,0.63,0.32,0.24,1
619738.00,1285891.75,804.91,802.00,804.91,0.62,0.31,0.22,1
619830.25,1285891.75,803.92,801.00,803.92,0.62,0.31,0.22,1
619922.56,1285891.75,803.84,801.00,803.84,0.62,0.31,0.22,1
620014.81,1285891.75,802.67,800.00,802.67,0.62,0.31,0.22,1
620107.12,1285891.75,812.43,810.00,812.43,0.61,0.31,0.23,1
620199.38,1285891.75,822.22,820.00,822.22,0.62,0.32,0.24,1
620291.69,1285891.75,817.07,815.00,817.07,0.63,0.33,0.25,1
620383.94,1285891.75,801.97,800.00,801.97,0.63,0.34,0.25,1
620476.19,1285891.75,795.89,794.00,795.89,0.63,0.34,0.26,1
620568.50,1285891.75,798.85,797.00,798.85,0.63,0.35,0.26,1
620660.75,1285891.75,803.82,802.00,803.82,0.64,0.35,0.27,1
620753.06,1285891.75,810.80,809.00,810.80,0.63,0.35,0.27,1
620845.31,1285891.75,820.79,819.00,820.79,0.64,0.35,0.27,1
620937.62,1285891.75,824.78,823.00,824.78,0.64,0.36,0.27,1
621029.88,1285891.75,822.78,821.00,822.78,0.64,0.36,0.28,1
621122.19,1285891.75,820.79,819.00,820.79,0.64,0.36,0.28,1
621214.44,1285891.75,819.81,818.00,819.81,0.65,0.36,0.28,1
621306.69,1285891.75,810.90,809.00,810.90,0.65,0.36,0.28,1
621399.00,1285891.75,795.05,793.00,795.05,0.65,0.36,0.27,1
621491.25,1285891.75,782.28,780.00,782.28,0.63,0.33,0.25,1
621583.56,1285891.75,782.43,780.00,782.43,0.61,0.31,0.23,1
621675.81,1285891.75,790.47,788.00,790.47,0.61,0.31,0.22,1
621768.12,1285891.75,800.44,798.00,800.44,0.61,0.31,0.22,1
621860.38,1285891.75,802.37,800.00,802.37,0.62,0.32,0.24,1
621952.69,1285891.75,801.22,799.00,801.22,0.62,0.32,0.24,1
622044.94,1285891.75,807.03,805.00,807.03,0.62,0.33,0.24,1
622137.19,1285891.75,809.89,808.00,809.89,0.63,0.34,0.26,1
622229.50,1285891.75,804.80,803.00,804.80,0.64,0.35,0.27,1
622321.75,1285891.75,797.74,796.00,797.74,0.65,0.36,0.28,1
622414.06,1285891.75,782.70,781.00,782.70,0.65,0.36,0.28,1
622506.31,1285891.75,772.68,771.00,772.68,0.63,0.35,0.27,1
622598.62,1285891.75,776.66,775.00,776.66,0.62,0.34,0.26,1
622690.88,1285891.75,779.65,778.00,779.65,0.62,0.34,0.26,1
622783.19,1285891.75,774.64,773.00,774.64,0.63,0.35,0.27,1
622875.44,1285891.75,770.64,769.00,770.64,0.63,0.35,0.27,1
622967.69,1285891.75,769.64,768.00,769.64,0.63,0.35,0.27,1
623060.00,1285891.75,763.64,762.00,763.64,0.63,0.35,0.27,1
623152.25,1285891.75,762.63,761.00,762.63,0.62,0.34,0.26,1
623244.56,1285891.75,763.63,762.00,763.63,0.61,0.34,0.26,1
623336.81,1285891.75,757.63,756.00,757.63,0.62,0.34,0.26,1
623429.12,1285891.75,748.62,747.00,748.62,0.63,0.35,0.27,1
623521.38,1285891.75,746.62,745.00,746.62,0.62,0.34,0.26,1
623613.69,1285891.75,745.62,744.00,745.62,0.62,0.34,0.26,1
623705.94,1285891.75,748.63,747.00,748.63,0.61,0.33,0.25,1
623798.19,1285891.75,757.63,756.00,757.63,0.60,0.32,0.24,1
623890.50,1285891.75,772.64,771.00,772.64,0.60,0.32,0.24,1
623982.75,1285891.75,781.64,780.00,781.64,0.61,0.33,0.25,1
624075.06,1285891.75,782.65,781.00,782.65,0.62,0.34,0.26,1
624167.31,1285891.75,778.65,777.00,778.65,0.62,0.34,0.26,1
624259.62,1285891.75,778.65,777.00,778.65,0.63,0.35,0.27,1
624351.88,1285891.75,777.65,776.00,777.65,0.63,0.35,0.27,1
624444.19,1285891.75,780.65,779.00,780.65,0.63,0.35,0.27,1
624536.44,1285891.75,784.64,783.00,784.64,0.62,0.34,0.26,1
624628.69,1285891.75,787.62,786.00,787.62,0.63,0.35,0.27,1
624721.00,1285891.75,779.59,778.00,779.59,0.63,0.35,0.27,1
624813.25,1285891.75,765.55,764.00,765.55,0.63,0.35,0.27,1
624905.56,1285891.75,767.48,766.00,767.48,0.62,0.35,0.27,1
624997.81,1285891.75,780.39,779.00,780.39,0.63,0.35,0.28,1
625090.12,1285891.75,781.27,780.00,781.27,0.64,0.37,0.29,1
625182.38,1285891.75,783.17,782.00,783.17,0.64,0.38,0.31,1
625274.69,1285891.75,782.11,781.00,782.11,0.65,0.39,0.32,1
625366.94,1285891.75,772.51,771.53,772.51,0.57,0.32,0.25,1
625459.19,1285891.75,-9999.00,-9999.00,-9999.00,0.71,0.71,0.71,0
614385.88,1285799.38,-9999.00,-9999.00,-9999.00,0.71,0.71,0.71,0
614478.12,1285799.38,794.19,793.00,794.19,0.33,0.07,-0.01,1
614570.44,1285799.38,789.27,788.00,789.27,0.64,0.37,0.30,1
614662.69,1285799.38,774.32,773.00,774.32,0.64,0.38,0.30,1
614755.00,1285799.38,761.37,760.00,761.37,0.64,0.37,0.29,1
614847.25,1285799.38,749.43,748.00,749.43,0.62,0.35,0.27,1
614939.56,1285799.38,754.50,753.00,754.50,0.62,0.34,0.26,1
615031.81,1285799.38,770.56,769.00,770.56,0.61,0.34,0.26,1
615124.12,1285799.38,781.60,780.00,781.60,0.62,0.34,0.26,1
615216.38,1285799.38,779.63,778.00,779.63,0.63,0.35,0.27,1
615308.62,1285799.38,767.65,766.00,767.65,0.64,0.36,0.28,1
615400.94,1285799.38,749.67,748.00,749.67,0.63,0.35,0.27,1
615493.19,1285799.38,744.67,743.00,744.67,0.62,0.34,0.26,1
615585.50,1285799.38,756.68,755.00,756.68,0.62,0.33,0.25,1
615677.75,1285799.38,766.68,765.00,766.68,0.62,0.34,0.26,1
615770.06,1285799.38,759.68,758.00,759.68,0.63,0.35,0.27,1
615862.31,1285799.38,746.68,745.00,746.68,0.63,0.35,0.27,1
615954.62,1285799.38,744.67,743.00,744.67,0.62,0.34,0.26,1
616046.88,1285799.38,753.67,752.00,753.67,0.63,0.34,0.26,1
616139.12,1285799.38,758.65,757.00,758.65,0.63,0.35,0.27,1
616231.44,1285799.38,752.63,751.00,752.63,0.64,0.36,0.28,1
616323.69,1285799.38,742.60,741.00,742.60,0.63,0.35,0.28,1
616416.00,1285799.38,737.58,736.00,737.58,0.63,0.35,0.27,1
616508.25,1285799.38,738.57,737.00,738.57,0.62,0.35,0.27,1
616600.56,1285799.38,736.56,735.00,736.56,0.63,0.35,0.27,1
616692.81,1285799.38,734.55,733.00,734.55,0.63,0.35,0.27,1
616785.12,1285799.38,734.55,733.00,734.55,0.62,0.35,0.27,1
616877.38,1285799.38,736.55,735.00,736.55,0.62,0.35,0.27,1
616969.62,1285799.38,740.55,739.00,740.55,0.63,0.35,0.27,1
617061.94,1285799.38,737.55,736.00,737.55,0.62,0.34,0.26,1
617154.19,1285799.38,747.55,746.00,747.55,0.60,0.32,0.24,1
617246.50,1285799.38,758.56,757.00,758.56,0.60,0.32,0.24,1
617338.75,1285799.38,764.56,763.00,764.56,0.60,0.33,0.25,1
617431.06,1285799.38,762.56,761.00,762.56,0.61,0.34,0.26,1
617523.31,1285799.38,760.56,759.00,760.56,0.61,0.34,0.26,1
617615.62,1285799.38,761.56,760.00,761.56,0.61,0.34,0.26,1
617707.88,1285799.38,763.56,762.00,763.56,0.62,0.34,0.26,1
617800.12,1285799.38,770.55,769.00,770.55,0.61,0.34,0.26,1
617892.44,1285799.38,783.54,782.00,783.54,0.61,0.33,0.25,1
617984.69,1285799.38,796.53,795.00,796.53,0.61,0.33,0.25,1
618077.00,1285799.38,806.51,805.00,806.51,0.61,0.33,0.26,1
618169.25,1285799.38,818.49,817.00,818.49,0.62,0.34,0.26,1
618261.56,1285799.38,817.46,816.00,817.46,0.63,0.35,0.27,1
618353.81,1285799.38,801.45,800.00,801.45,0.63,0.36,0.28,1
618446.12,1285799.38,790.44,789.00,790.44,0.62,0.35,0.27,1
618538.38,1285799.38,788.43,787.00,788.43,0.62,0.35,0.27,1
618630.62,1285799.38,788.43,787.00,788.43,0.62,0.35,0.27,1
618722.94,1285799.38,789.43,788.00,789.43,0.62,0.35,0.27,1
618815.19,1285799.38,801.43,800.00,801.43,0.61,0.34,0.26,1
618907.50,1285799.38,817.42,816.00,817.42,0.61,0.34,0.26,1
618999.75,1285799.38,835.41,834.00,835.41,0.62,0.34,0.27,1
619092.06,1285799.38,845.39,844.00,845.39,0.62,0.35,0.27,1
619184.31,1285799.38,857.35,856.00,857.35,0.61,0.34,0.26,1
619276.62,1285799.38,881.26,880.00,881.26,0.61,0.34,0.27,1
619368.88,1285799.38,900.08,899.00,900.08,0.64,0.38,0.31,1
619461.19,1285799.38,896.90,896.00,896.90,0.69,0.44,0.37,1
619553.44,1285799.38,874.08,873.00,874.08,0.69,0.43,0.36,1
619645.69,1285799.38,851.77,850.00,851.77,0.66,0.38,0.30,1
619738.00,1285799.38,839.47,837.00,839.47,0.64,0.34,0.25,1
619830.25,1285799.38,828.83,826.00,828.83,0.63,0.32,0.23,1
619922.56,1285799.38,820.88,818.00,820.88,0.63,0.31,0.22,1
620014.81,1285799.38,814.72,812.00,814.72,0.62,0.31,0.22,1
620107.12,1285799.38,819.47,817.00,819.47,0.61,0.31,0.22,1
620199.38,1285799.38,823.27,821.00,823.27,0.61,0.31,0.23,1
620291.69,1285799.38,814.14,812.00,814.14,0.62,0.33,0.24,1
620383.94,1285799.38,806.04,804.00,806.04,0.62,0.33,0.25,1
620476.19,1285799.38,814.97,813.00,814.97,0.62,0.33,0.25,1
620568.50,1285799.38,827.92,826.00,827.92,0.62,0.34,0.25,1
620660.75,1285799.38,838.87,837.00,838.87,0.63,0.34,0.26,1
620753.06,1285799.38,849.84,848.00,849.84,0.63,0.34,0.26,1
620845.31,1285799.38,858.83,857.00,858.83,0.64,0.35,0.27,1
620937.62,1285799.38,856.81,855.00,856.81,0.64,0.36,0.28,1
621029.88,1285799.38,850.81,849.00,850.81,0.64,0.36,0.28,1
621122.19,1285799.38,849.80,848.00,849.80,0.64,0.35,0.27,1
621214.44,1285799.38,854.78,853.00,854.78,0.64,0.35,0.27,1
621306.69,1285799.38,850.76,849.00,850.76,0.65,0.37,0.28,1
621399.00,1285799.38,835.86,834.00,835.86,0.66,0.37,0.29,1
621491.25,1285799.38,814.18,812.00,814.18,0.65,0.35,0.27,1
621583.56,1285799.38,798.52,796.00,798.52,0.63,0.33,0.24,1
621675.81,1285799.38,796.64,794.00,796.64,0.62,0.31,0.23,1
621768.12,1285799.38,803.64,801.00,803.64,0.61,0.31,0.22,1
621860.38,1285799.38,814.56,812.00,814.56,0.62,0.31,0.22,1
621952.69,1285799.38,815.40,813.00,815.40,0.62,0.32,0.24,1
622044.94,1285799.38,813.17,811.00,813.17,0.62,0.33,0.24,1
622137.19,1285799.38,817.98,816.00,817.98,0.62,0.33,0.25,1
622229.50,1285799.38,824.85,823.00,824.85,0.63,0.35,0.27,1
622321.75,1285799.38,815.77,814.00,815.77,0.65,0.36,0.28,1
622414.06,1285799.38,796.72,795.00,796.72,0.65,0.36,0.28,1
622506.31,1285799.38,789.70,788.00,789.70,0.64,0.36,0.28,1
622598.62,1285799.38,785.69,784.00,785.69,0.64,0.36,0.27,1
622690.88,1285799.38,779.68,778.00,779.68,0.63,0.35,0.27,1
622783.19,1285799.38,773.67,772.00,773.67,0.63,0.35,0.27,1
622875.44,1285799.38,768.67,767.00,768.67,0.62,0.34,0.26,1
622967.69,1285799.38,767.66,766.00,767.66,0.62,0.34,0.26,1
623060.00,1285799.38,764.66,763.00,764.66,0.62,0.34,0.26,1
623152.25,1285799.38,757.65,756.00,757.65,0.62,0.34,0.26,1
623244.56,1285799.38,753.64,752.00,753.64,0.62,0.34,0.26,1
623336.81,1285799.38,750.63,749.00,750.63,0.62,0.34,0.26,1
623429.12,1285799.38,747.63,746.00,747.63,0.62,0.34,0.26,1
623521.38,1285799.38,747.63,746.00,747.63,0.62,0.34,0.26,1
623613.69,1285799.38,745.63,744.00,745.63,0.62,0.34,0.26,1
623705.94,1285799.38,744.63,743.00,744.63,0.61,0.34,0.26,1
623798.19,1285799.38,754.63,753.00,754.63,0.60,0.32,0.24,1
623890.50,1285799.38,770.64,769.00,770.64,0.60,0.32,0.24,1
623982.75,1285799.38,775.64,774.00,775.64,0.61,0.33,0.25,1
624075.06,1285799.38,776.65,775.00,776.65,0.61,0.33,0.25,1
624167.31,1285799.38,780.65,779.00,780.65,0.62,0.34,0.26,1
624259.62,1285799.38,783.65,782.00,783.65,0.63,0.35,0.27,1
624351.88,1285799.38,784.65,783.00,784.65,0.63,0.35,0.27,1
624444.19,1285799.38,791.65,790.00,791.65,0.62,0.34,0.26,1
624536.44,1285799.38,793.64,792.00,793.64,0.63,0.35,0.27,1
624628.69,1285799.38,789.63,788.00,789.63,0.63,0.35,0.27,1
624721.00,1285799.38,779.60,778.00,779.60,0.63,0.35,0.27,1
624813.25,1285799.38,767.55,766.00,767.55,0.63,0.35,0.27,1
624905.56,1285799.38,774.48,773.00,774.48,0.62,0.34,0.26,1
624997.81,1285799.38,788.39,787.00,788.39,0.62,0.35,0.27,1
625090.12,1285799.38,788.27,787.00,788.27,0.63,0.37,0.29,1
625182.38,1285799.38,793.17,792.00,793.17,0.64,0.38,0.30,1
625274.69,1285799.38,789.10,788.00,789.10,0.64,0.39,0.31,1
625366.94,1285799.38,781.04,780.06,781.04,0.57,0.32,0.25,1
625459.19,1285799.38,-9999.00,-9999.00,-9999.00,0.71,0.71,0.71,0
614385.88,1285707.12,-9999.00,-9999.00,-9999.00,0.71,0.71,0.71,0
614478.12,1285707.12,789.13,788.00,789.13,0.32,0.06,-0.01,1
614570.44,1285707.12,788.20,787.00,788.20,0.63,0.36,0.29,1
614662.69,1285707.12,780.27,779.00,780.27,0.64,0.38,0.30,1
614755.00,1285707.12,767.34,766.00,767.34,0.65,0.38,0.30,1
614847.25,1285707.12,755.42,754.00,755.42,0.63,0.36,0.28,1
614939.56,1285707.12,765.50,764.00,765.50,0.62,0.35,0.27,1
615031.81,1285707.12,774.55,773.00,774.55,0.62,0.34,0.26,1
615124.12,1285707.12,774.60,773.00,774.60,0.62,0.34,0.26,1
615216.38,1285707.12,770.63,769.00,770.63,0.62,0.34,0.26,1
615308.62,1285707.12,762.65,761.00,762.65,0.63,0.35,0.27,1
615400.94,1285707.12,751.67,750.00,751.67,0.63,0.35,0.27,1
615493.19,1285707.12,754.67,753.00,754.67,0.62,0.34,0.26,1
615585.50,1285707.12,762.68,761.00,762.68,0.62,0.33,0.25,1
615677.75,1285707.12,766.68,765.00,766.68,0.62,0.34,0.26,1
615770.06,1285707.12,756.68,755.00,756.68,0.63,0.35,0.27,1
615862.31,1285707.12,748.68,747.00,748.68,0.63,0.34,0.26,1
615954.62,1285707.12,755.67,754.00,755.67,0.62,0.34,0.26,1
616046.88,1285707.12,766.66,765.00,766.66,0.62,0.34,0.26,1
616139.12,1285707.12,766.64,765.00,766.64,0.63,0.35,0.27,1
616231.44,1285707.12,758.62,757.00,758.62,0.63,0.35,0.27,1
616323.69,1285707.12,745.59,744.00,745.59,0.63,0.35,0.27,1
616416.00,1285707.12,739.57,738.00,739.57,0.63,0.35,0.27,1
616508.25,1285707.12,739.55,738.00,739.55,0.62,0.35,0.27,1
616600.56,1285707.12,737.54,736.00,737.54,0.62,0.35,0.27,1
616692.81,1285707.12,736.54,735.00,736.54,0.62,0.35,0.27,1
616785.12,1285707.12,737.53,736.00,737.53,0.62,0.35,0.27,1
616877.38,1285707.12,739.53,738.00,739.53,0.62,0.34,0.27,1
616969.62,1285707.12,742.54,741.00,742.54,0.62,0.35,0.27,1
617061.94,1285707.12,738.54,737.00,738.54,0.62,0.35,0.27,1
617154.19,1285707.12,742.54,741.00,742.54,0.62,0.35,0.27,1
617246.50,1285707.12,745.54,744.00,745.54,0.61,0.34,0.26,1
617338.75,1285707.12,748.54,747.00,748.54,0.61,0.33,0.25,1
617431.06,1285707.12,749.54,748.00,749.54,0.61,0.33,0.26,1
617523.31,1285707.12,750.54,749.00,750.54,0.61,0.33,0.26,1
617615.62,1285707.12,756.54,755.00,756.54,0.61,0.33,0.25,1
617707.88,1285707.12,768.54,767.00,768.54,0.62,0.34,0.26,1
617800.12,1285707.12,777.54,776.00,777.54,0.62,0.34,0.26,1
617892.44,1285707.12,790.53,789.00,790.53,0.62,0.34,0.26,1
617984.69,1285707.12,800.51,799.00,800.51,0.62,0.34,0.26,1
618077.00,1285707.12,809.49,808.00,809.49,0.62,0.34,0.26,1
618169.25,1285707.12,814.47,813.00,814.47,0.62,0.34,0.27,1
618261.56,1285707.12,808.45,807.00,808.45,0.62,0.35,0.27,1
618353.81,1285707.12,794.43,793.00,794.43,0.63,0.36,0.28,1
618446.12,1285707.12,785.43,784.00,785.43,0.62,0.35,0.27,1
618538.38,1285707.12,783.43,782.00,783.43,0.62,0.34,0.27,1
618630.62,1285707.12,788.42,787.00,788.42,0.61,0.34,0.26,1
618722.94,1285707.12,796.42,795.00,796.42,0.61,0.34,0.26,1
618815.19,1285707.12,810.42,809.00,810.42,0.61,0.34,0.26,1
618907.50,1285707.12,827.42,826.00,827.42,0.61,0.34,0.26,1
618999.75,1285707.12,843.41,842.00,843.41,0.61,0.34,0.26,1
619092.06,1285707.12,854.38,853.00,854.38,0.61,0.34,0.27,1
619184.31,1285707.12,869.33,868.00,869.33,0.61,0.34,0.26,1
619276.62,1285707.12,896.22,895.00,896.22,0.61,0.34,0.27,1
619368.88,1285707.12,919.02,918.00,919.02,0.62,0.37,0.30,1
619461.19,1285707.12,920.72,920.00,920.72,0.66,0.42,0.35,1
619553.44,1285707.12,912.52,912.00,912.52,0.70,0.48,0.41,1
619645.69,1285707.12,898.58,898.00,898.58,0.71,0.48,0.42,1
619738.00,1285707.12,883.99,883.00,883.99,0.69,0.43,0.36,1
619830.25,1285707.12,870.67,869.00,870.67,0.66,0.38,0.30,1
619922.56,1285707.12,858.34,856.00,858.34,0.64,0.34,0.26,1
620014.81,1285707.12,841.60,839.00,841.60,0.64,0.33,0.24,1
620107.12,1285707.12,824.46,822.00,824.46,0.63,0.32,0.24,1
620199.38,1285707.12,813.28,811.00,813.28,0.62,0.32,0.23,1
620291.69,1285707.12,812.17,810.00,812.17,0.62,0.32,0.24,1
620383.94,1285707.12,820.09,818.00,820.09,0.62,0.32,0.24,1
620476.19,1285707.12,834.03,832.00,834.03,0.62,0.32,0.24,1
620568.50,1285707.12,844.98,843.00,844.98,0.62,0.33,0.25,1
620660.75,1285707.12,851.94,850.00,851.94,0.62,0.33,0.25,1
620753.06,1285707.12,858.90,857.00,858.90,0.62,0.33,0.24,1
620845.31,1285707.12,870.87,869.00,870.87,0.62,0.33,0.25,1
620937.62,1285707.12,880.85,879.00,880.85,0.63,0.35,0.26,1
621029.88,1285707.12,879.84,878.00,879.84,0.64,0.35,0.27,1
621122.19,1285707.12,871.83,870.00,871.83,0.64,0.35,0.27,1
621214.44,1285707.12,865.80,864.00,865.80,0.63,0.34,0.26,1
621306.69,1285707.12,866.76,865.00,866.76,0.63,0.35,0.26,1
621399.00,1285707.12,866.71,865.00,866.71,0.64,0.36,0.28,1
621491.25,1285707.12,856.80,855.00,856.80,0.65,0.37,0.29,1
621583.56,1285707.12,843.15,841.00,843.15,0.65,0.35,0.27,1
621675.81,1285707.12,831.53,829.00,831.53,0.64,0.33,0.25,1
621768.12,1285707.12,823.70,821.00,823.70,0.63,0.32,0.23,1
621860.38,1285707.12,824.64,822.00,824.64,0.62,0.31,0.22,1
621952.69,1285707.12,830.48,828.00,830.48,0.62,0.32,0.23,1
622044.94,1285707.12,832.25,830.00,832.25,0.62,0.33,0.24,1
622137.19,1285707.12,836.03,834.00,836.03,0.63,0.33,0.25,1
622229.50,1285707.12,839.87,838.00,839.87,0.63,0.35,0.26,1
622321.75,1285707.12,830.78,829.00,830.78,0.64,0.36,0.28,1
622414.06,1285707.12,817.73,816.00,817.73,0.65,0.36,0.28,1
622506.31,1285707.12,808.71,807.00,808.71,0.65,0.36,0.28,1
622598.62,1285707.12,799.70,798.00,799.70,0.65,0.36,0.28,1
622690.88,1285707.12,789.70,788.00,789.70,0.64,0.36,0.28,1
622783.19,1285707.12,776.71,775.00,776.71,0.64,0.35,0.27,1
622875.44,1285707.12,767.70,766.00,767.70,0.63,0.35,0.27,1
622967.69,1285707.12,763.70,762.00,763.70,0.62,0.34,0.26,1
623060.00,1285707.12,760.69,759.00,760.69,0.62,0.34,0.26,1
623152.25,1285707.12,754.67,753.00,754.67,0.63,0.34,0.26,1
623244.56,1285707.12,751.65,750.00,751.65,0.62,0.34,0.26,1
623336.81,1285707.12,748.64,747.00,748.64,0.62,0.34,0.26,1
623429.12,1285707.12,747.63,746.00,747.63,0.62,0.34,0.26,1
623521.38,1285707.12,747.63,746.00,747.63,0.62,0.34,0.26,1
623613.69,1285707.12,748.63,747.00,748.63,0.62,0.34,0.26,1
623705.94,1285707.12,746.63,745.00,746.63,0.62,0.34,0.26,1
623798.19,1285707.12,750.63,749.00,750.63,0.61,0.33,0.25,1
623890.50,1285707.12,761.64,760.00,761.64,0.60,0.32,0.24,1
623982.75,1285707.12,764.64,763.00,764.64,0.61,0.33,0.25,1
624075.06,1285707.12,770.65,769.00,770.65,0.60,0.32,0.24,1
624167.31,1285707.12,789.65,788.00,789.65,0.61,0.33,0.25,1
624259.62,1285707.12,798.65,797.00,798.65,0.63,0.35,0.27,1
624351.88,1285707.12,797.65,796.00,797.65,0.63,0.35,0.27,1
624444.19,1285707.12,797.65,796.00,797.65,0.62,0.34,0.26,1
624536.44,1285707.12,797.64,796.00,797.64,0.63,0.34,0.26,1
624628.69,1285707.12,792.62,791.00,792.62,0.63,0.35,0.27,1
624721.00,1285707.12,778.59,777.00,778.59,0.63,0.35,0.27,1
624813.25,1285707.12,770.55,769.00,770.55,0.62,0.34,0.26,1
624905.56,1285707.12,782.48,781.00,782.48,0.61,0.34,0.26,1
624997.81,1285707.12,795.39,794.00,795.39,0.62,0.35,0.27,1
625090.12,1285707.12,799.27,798.00,799.27,0.63,0.36,0.29,1
625182.38,1285707.12,803.16,802.00,803.16,0.64,0.38,0.30,1
625274.69,1285707.12,795.09,794.00,795.09,0.64,0.38,0.31,1
625366.94,1285707.12,789.57,788.59,789.57,0.57,0.32,0.25,1
625459.19,1285707.12,-9999.00,-9999.00,-9999.00,0.71,0.71,0.71,0
614385.88,1285614.88,-9999.00,-9999.00,-9999.00,0.71,0.71,0.71,0
614478.12,1285614.88,774.09,773.00,774.09,0.31,0.06,-0.02,1
614570.44,1285614.88,779.13,778.00,779.13,0.61,0.35,0.27,1
614662.69,1285614.88,781.20,780.00,781.20,0.63,0.36,0.29,1
614755.00,1285614.88,775.30,774.00,775.30,0.64,0.37,0.30,1
614847.25,1285614.88,768.40,767.00,768.40,0.64,0.37,0.29,1
614939.56,1285614.88,774.49,773.00,774.49,0.63,0.35,0.27,1
615031.81,1285614.88,774.55,773.00,774.55,0.63,0.35,0.27,1
615124.12,1285614.88,768.60,767.00,768.60,0.63,0.35,0.27,1
615216.38,1285614.88,762.63,761.00,762.63,0.62,0.34,0.26,1
615308.62,1285614.88,758.65,757.00,758.65,0.63,0.35,0.27,1
615400.94,1285614.88,757.67,756.00,757.67,0.63,0.35,0.27,1
615493.19,1285614.88,757.67,756.00,757.67,0.62,0.34,0.26,1
615585.50,1285614.88,758.67,757.00,758.67,0.61,0.33,0.25,1
615677.75,1285614.88,759.68,758.00,759.68,0.61,0.33,0.25,1
615770.06,1285614.88,758.68,757.00,758.68,0.62,0.34,0.26,1
615862.31,1285614.88,754.67,753.00,754.67,0.62,0.34,0.26,1
615954.62,1285614.88,759.67,758.00,759.67,0.61,0.33,0.25,1
616046.88,1285614.88,767.66,766.00,767.66,0.62,0.34,0.26,1
616139.12,1285614.88,762.64,761.00,762.64,0.63,0.35,0.27,1
616231.44,1285614.88,752.61,751.00,752.61,0.62,0.34,0.26,1
616323.69,1285614.88,745.58,744.00,745.58,0.63,0.35,0.27,1
616416.00,1285614.88,740.56,739.00,740.56,0.63,0.35,0.27,1
616508.25,1285614.88,739.54,738.00,739.54,0.62,0.35,0.27,1
616600.56,1285614.88,736.53,735.00,736.53,0.62,0.35,0.27,1
616692.81,1285614.88,736.52,735.00,736.52,0.62,0.34,0.27,1
616785.12,1285614.88,739.52,738.00,739.52,0.62,0.35,0.27,1
616877.38,1285614.88,739.51,738.00,739.51,0.62,0.35,0.27,1
616969.62,1285614.88,740.51,739.00,740.51,0.62,0.34,0.26,1
617061.94,1285614.88,741.52,740.00,741.52,0.61,0.34,0.26,1
617154.19,1285614.88,754.52,753.00,754.52,0.62,0.35,0.27,1
617246.50,1285614.88,752.52,751.00,752.52,0.63,0.36,0.28,1
617338.75,1285614.88,747.52,746.00,747.52,0.63,0.35,0.28,1
617431.06,1285614.88,746.52,745.00,746.52,0.62,0.35,0.27,1
617523.31,1285614.88,749.52,748.00,749.52,0.62,0.34,0.26,1
617615.62,1285614.88,760.52,759.00,760.52,0.61,0.33,0.25,1
617707.88,1285614.88,775.52,774.00,775.52,0.61,0.33,0.25,1
617800.12,1285614.88,787.52,786.00,787.52,0.61,0.34,0.26,1
617892.44,1285614.88,798.51,797.00,798.51,0.62,0.34,0.26,1
617984.69,1285614.88,807.49,806.00,807.49,0.62,0.34,0.27,1
618077.00,1285614.88,811.47,810.00,811.47,0.62,0.35,0.27,1
618169.25,1285614.88,809.45,808.00,809.45,0.62,0.35,0.27,1
618261.56,1285614.88,802.43,801.00,802.43,0.63,0.36,0.28,1
618353.81,1285614.88,789.42,788.00,789.42,0.63,0.36,0.28,1
618446.12,1285614.88,780.42,779.00,780.42,0.62,0.35,0.27,1
618538.38,1285614.88,780.42,779.00,780.42,0.62,0.34,0.27,1
618630.62,1285614.88,786.42,785.00,786.42,0.61,0.34,0.26,1
618722.94,1285614.88,796.42,795.00,796.42,0.61,0.33,0.26,1
618815.19,1285614.88,814.42,813.00,814.42,0.60,0.33,0.25,1
618907.50,1285614.88,833.42,832.00,833.42,0.60,0.33,0.25,1
618999.75,1285614.88,847.41,846.00,847.41,0.61,0.33,0.26,1
619092.06,1285614.88,859.38,858.00,859.38,0.60,0.33,0.26,1
619184.31,1285614.88,884.33,883.00,884.33,0.60,0.33,0.25,1
619276.62,1285614.88,913.22,912.00,913.22,0.60,0.34,0.27,1
619368.88,1285614.88,922.03,921.00,922.03,0.61,0.36,0.28,1
619461.19,1285614.88,922.74,922.00,922.74,0.62,0.38,0.31,1
619553.44,1285614.88,936.48,936.00,936.48,0.64,0.42,0.36,1
619645.69,1285614.88,949.35,949.00,949.35,0.70,0.49,0.43,1
619738.00,1285614.88,938.32,938.00,938.32,0.73,0.53,0.47,1
619830.25,1285614.88,921.53,921.00,921.53,0.72,0.50,0.43,1
619922.56,1285614.88,899.18,898.00,899.18,0.68,0.42,0.35,1
620014.81,1285614.88,865.01,863.00,865.01,0.65,0.36,0.28,1
620107.12,1285614.88,831.29,829.00,831.29,0.64,0.34,0.25,1
620199.38,1285614.88,819.24,817.00,819.24,0.63,0.33,0.25,1
620291.69,1285614.88,821.17,819.00,821.17,0.63,0.33,0.24,1
620383.94,1285614.88,829.12,827.00,829.12,0.62,0.33,0.24,1
620476.19,1285614.88,842.06,840.00,842.06,0.62,0.33,0.24,1
620568.50,1285614.88,855.01,853.00,855.01,0.62,0.33,0.25,1
620660.75,1285614.88,861.98,860.00,861.98,0.63,0.34,0.25,1
620753.06,1285614.88,865.96,864.00,865.96,0.62,0.33,0.25,1
620845.31,1285614.88,881.92,880.00,881.92,0.62,0.33,0.24,1
620937.62,1285614.88,899.87,898.00,899.87,0.63,0.34,0.26,1
621029.88,1285614.88,894.85,893.00,894.85,0.64,0.36,0.28,1
621122.19,1285614.88,879.85,878.00,879.85,0.64,0.36,0.27,1
621214.44,1285614.88,870.87,869.00,870.87,0.63,0.34,0.26,1
621306.69,1285614.88,872.84,871.00,872.84,0.62,0.33,0.25,1
621399.00,1285614.88,880.77,879.00,880.77,0.62,0.34,0.26,1
621491.25,1285614.88,885.66,884.00,885.66,0.64,0.36,0.28,1
621583.56,1285614.88,882.55,881.00,882.55,0.65,0.37,0.29,1
621675.81,1285614.88,879.72,878.00,879.72,0.65,0.37,0.29,1
621768.12,1285614.88,868.11,866.00,868.11,0.65,0.36,0.27,1
621860.38,1285614.88,850.46,848.00,850.46,0.64,0.34,0.25,1
621952.69,1285614.88,844.47,842.00,844.47,0.63,0.32,0.24,1
622044.94,1285614.88,848.28,846.00,848.28,0.62,0.32,0.24,1
622137.19,1285614.88,851.05,849.00,851.05,0.63,0.33,0.25,1
622229.50,1285614.88,851.88,850.00,851.88,0.63,0.34,0.26,1
622321.75,1285614.88,843.78,842.00,843.78,0.64,0.35,0.27,1
622414.06,1285614.88,835.72,834.00,835.72,0.64,0.36,0.28,1
622506.31,1285614.88,832.70,831.00,832.70,0.65,0.36,0.28,1
622598.62,1285614.88,822.70,821.00,822.70,0.65,0.37,0.29,1
622690.88,1285614.88,802.72,801.00,802.72,0.65,0.36,0.28,1
622783.19,1285614.88,783.74,782.00,783.74,0.64,0.36,0.28,1
622875.44,1285614.88,773.74,772.00,773.74,0.63,0.35,0.27,1
622967.69,1285614.88,767.74,766.00,767.74,0.63,0.35,0.27,1
623060.00,1285614.88,762.72,761.00,762.72,0.63,0.35,0.27,1
623152.25,1285614.88,757.69,756.00,757.69,0.63,0.35,0.27,1
623244.56,1285614.88,754.66,753.00,754.66,0.63,0.35,0.27,1
623336.81,1285614.88,749.65,748.00,749.65,0.63,0.35,0.27,1
623429.12,1285614.88,747.64,746.00,747.64,0.62,0.34,0.26,1
623521.38,1285614.88,746.63,745.00,746.63,0.62,0.34,0.26,1
623613.69,1285614.88,744.63,743.00,744.63,0.62,0.34,0.26,1
623705.94,1285614.88,744.63,743.00,744.63,0.62,0.34,0.26,1
623798.19,1285614.88,745.63,744.00,745.63,0.62,0.34,0.26,1
623890.50,1285614.88,748.64,747.00,748.64,0.61,0.33,0.25,1
623982.75,1285614.88,758.64,757.00,758.64,0.61,0.33,0.25,1
624075.06,1285614.88,773.65,772.00,773.65,0.60,0.32,0.24,1
624167.31,1285614.88,793.65,792.00,793.65,0.60,0.32,0.24,1
624259.62,1285614.88,810.65,809.00,810.65,0.62,0.34,0.26,1
624351.88,1285614.88,809.65,808.00,809.65,0.63,0.35,0.27,1
624444.19,1285614.88,798.65,797.00,798.65,0.63,0.35,0.27,1
624536.44,1285614.88,795.64,794.00,795.64,0.62,0.34,0.26,1
624628.69,1285614.88,789.62,788.00,789.62,0.63,0.35,0.27,1
624721.00,1285614.88,775.59,774.00,775.59,0.63,0.36,0.28,1
624813.25,1285614.88,769.55,768.00,769.55,0.62,0.34,0.26,1
624905.56,1285614.88,783.49,782.00,783.49,0.60,0.33,0.25,1
624997.81,1285614.88,797.39,796.00,797.39,0.61,0.34,0.26,1
625090.12,1285614.88,804.28,803.00,804.28,0.62,0.35,0.28,1
625182.38,1285614.88,805.16,804.00,805.16,0.63,0.37,0.29,1
625274.69,1285614.88,797.08,796.00,797.08,0.64,0.38,0.31,1
625366.94,1285614.88,791.05,790.06,791.05,0.58,0.32,0.25,1
625459.19,1285614.88,-9999.00,-9999.00,-9999.00,0.71,0.71,0.71,0
614385.88,1285522.62,-9999.00,-9999.00,-9999.00,0.71,0.71,0.71,0
614478.12,1285522.62,763.06,762.00,763.06,0.31,0.05,-0.02,1
614570.44,1285522.62,767.11,766.00,767.11,0.61,0.35,0.27,1
614662.69,1285522.62,776.15,775.00,776.15,0.61,0.35,0.27,1
614755.00,1285522.62,781.25,780.00,781.25,0.62,0.36,0.28,1
614847.25,1285522.62,781.38,780.00,781.38,0.63,0.36,0.28,1
614939.56,1285522.62,777.47,776.00,777.47,0.62,0.35,0.27,1
615031.81,1285522.62,777.54,776.00,777.54,0.62,0.34,0.26,1
615124.12,1285522.62,772.59,771.00,772.59,0.62,0.35,0.27,1
615216.38,1285522.62,766.63,765.00,766.63,0.62,0.34,0.26,1
615308.62,1285522.62,767.65,766.00,767.65,0.63,0.35,0.27,1
615400.94,1285522.62,762.66,761.00,762.66,0.63,0.35,0.27,1
615493.19,1285522.62,754.67,753.00,754.67,0.63,0.35,0.27,1
615585.50,1285522.62,750.68,749.00,750.68,0.62,0.34,0.26,1
615677.75,1285522.62,749.68,748.00,749.68,0.61,0.33,0.25,1
615770.06,1285522.62,752.67,751.00,752.67,0.61,0.33,0.25,1
615862.31,1285522.62,749.67,748.00,749.67,0.61,0.33,0.25,1
615954.62,1285522.62,753.66,752.00,753.66,0.60,0.32,0.24,1
616046.88,1285522.62,764.65,763.00,764.65,0.61,0.33,0.25,1
616139.12,1285522.62,759.63,758.00,759.63,0.62,0.34,0.26,1
616231.44,1285522.62,746.60,745.00,746.60,0.62,0.35,0.27,1
616323.69,1285522.62,742.58,741.00,742.58,0.62,0.34,0.26,1
616416.00,1285522.62,741.55,740.00,741.55,0.62,0.35,0.27,1
616508.25,1285522.62,739.52,738.00,739.52,0.63,0.35,0.27,1
616600.56,1285522.62,735.51,734.00,735.51,0.63,0.35,0.27,1
616692.81,1285522.62,737.50,736.00,737.50,0.62,0.35,0.27,1
616785.12,1285522.62,740.49,739.00,740.49,0.62,0.35,0.27,1
616877.38,1285522.62,740.49,739.00,740.49,0.63,0.35,0.27,1
616969.62,1285522.62,739.49,738.00,739.49,0.62,0.35,0.27,1
617061.94,1285522.62,740.49,739.00,740.49,0.61,0.34,0.26,1
617154.19,1285522.62,753.49,752.00,753.49,0.60,0.33,0.25,1
617246.50,1285522.62,759.49,758.00,759.49,0.62,0.34,0.26,1
617338.75,1285522.62,757.49,756.00,757.49,0.63,0.35,0.28,1
617431.06,1285522.62,753.49,752.00,753.49,0.63,0.35,0.28,1
617523.31,1285522.62,753.49,752.00,753.49,0.62,0.35,0.27,1
617615.62,1285522.62,761.49,760.00,761.49,0.61,0.34,0.26,1
617707.88,1285522.62,774.49,773.00,774.49,0.61,0.33,0.25,1
617800.12,1285522.62,788.49,787.00,788.49,0.61,0.33,0.25,1
617892.44,1285522.62,800.48,799.00,800.48,0.61,0.33,0.26,1
617984.69,1285522.62,808.47,807.00,808.47,0.62,0.34,0.26,1
618077.00,1285522.62,808.45,807.00,808.45,0.62,0.35,0.27,1
618169.25,1285522.62,803.43,802.00,803.43,0.62,0.35,0.27,1
618261.56,1285522.62,797.42,796.00,797.42,0.63,0.35,0.28,1
618353.81,1285522.62,786.41,785.00,786.41,0.63,0.36,0.28,1
618446.12,1285522.62,775.41,774.00,775.41,0.62,0.35,0.27,1
618538.38,1285522.62,777.41,776.00,777.41,0.61,0.34,0.27,1
618630.62,1285522.62,784.42,783.00,784.42,0.61,0.34,0.26,1
618722.94,1285522.62,797.42,796.00,797.42,0.61,0.33,0.26,1
618815.19,1285522.62,811.42,810.00,811.42,0.60,0.32,0.25,1
618907.50,1285522.62,824.42,823.00,824.42,0.59,0.32,0.24,1
618999.75,1285522.62,842.41,841.00,842.41,0.59,0.32,0.25,1
619092.06,1285522.62,864.39,863.00,864.39,0.60,0.33,0.25,1
619184.31,1285522.62,892.33,891.00,892.33,0.60,0.33,0.25,1
619276.62,1285522.62,907.23,906.00,907.23,0.59,0.33,0.25,1
619368.88,1285522.62,907.06,906.00,907.06,0.59,0.33,0.26,1
619461.19,1285522.62,919.82,919.00,919.82,0.58,0.34,0.27,1
619553.44,1285522.62,946.55,946.00,946.55,0.57,0.35,0.29,1
619645.69,1285522.62,973.39,973.00,973.39,0.62,0.41,0.35,1
619738.00,1285522.62,977.33,977.00,977.33,0.71,0.50,0.44,1
619830.25,1285522.62,951.37,951.00,951.37,0.73,0.52,0.46,1
619922.56,1285522.62,913.69,913.00,913.69,0.70,0.46,0.39,1
620014.81,1285522.62,872.46,871.00,872.46,0.66,0.39,0.31,1
620107.12,1285522.62,845.95,844.00,845.95,0.65,0.36,0.27,1
620199.38,1285522.62,844.10,842.00,844.10,0.63,0.34,0.26,1
620291.69,1285522.62,852.12,850.00,852.12,0.63,0.34,0.25,1
620383.94,1285522.62,863.08,861.00,863.08,0.63,0.33,0.25,1
620476.19,1285522.62,875.04,873.00,875.04,0.63,0.34,0.25,1
620568.50,1285522.62,881.02,879.00,881.02,0.63,0.34,0.25,1
620660.75,1285522.62,889.01,887.00,889.01,0.63,0.33,0.25,1
620753.06,1285522.62,899.00,897.00,899.00,0.63,0.34,0.25,1
620845.31,1285522.62,909.95,908.00,909.95,0.63,0.34,0.25,1
620937.62,1285522.62,922.85,921.00,922.85,0.63,0.35,0.26,1
621029.88,1285522.62,920.82,919.00,920.82,0.65,0.36,0.28,1
621122.19,1285522.62,903.84,902.00,903.84,0.65,0.37,0.29,1
621214.44,1285522.62,885.95,884.00,885.95,0.64,0.35,0.27,1
621306.69,1285522.62,879.00,877.00,879.00,0.63,0.33,0.25,1
621399.00,1285522.62,885.94,884.00,885.94,0.61,0.32,0.24,1
621491.25,1285522.62,895.76,894.00,895.76,0.62,0.33,0.25,1
621583.56,1285522.62,904.50,903.00,904.50,0.63,0.35,0.27,1
621675.81,1285522.62,913.30,912.00,913.30,0.64,0.37,0.30,1
621768.12,1285522.62,917.28,916.00,917.28,0.67,0.40,0.32,1
621860.38,1285522.62,900.65,899.00,900.65,0.67,0.39,0.31,1
621952.69,1285522.62,874.14,872.00,874.14,0.65,0.35,0.27,1
622044.94,1285522.62,862.22,860.00,862.22,0.63,0.34,0.25,1
622137.19,1285522.62,860.05,858.00,860.05,0.63,0.33,0.25,1
622229.50,1285522.62,859.88,858.00,859.88,0.63,0.34,0.26,1
622321.75,1285522.62,850.77,849.00,850.77,0.63,0.35,0.27,1
622414.06,1285522.62,848.71,847.00,848.71,0.63,0.35,0.27,1
622506.31,1285522.62,852.69,851.00,852.69,0.64,0.36,0.28,1
622598.62,1285522.62,836.69,835.00,836.69,0.65,0.37,0.29,1
622690.88,1285522.62,808.71,807.00,808.71,0.65,0.37,0.29,1
622783.19,1285522.62,790.77,789.00,790.77,0.64,0.36,0.28,1
622875.44,1285522.62,781.78,780.00,781.78,0.64,0.35,0.27,1
622967.69,1285522.62,773.77,772.00,773.77,0.63,0.35,0.27,1
623060.00,1285522.62,767.73,766.00,767.73,0.63,0.35,0.27,1
623152.25,1285522.62,762.69,761.00,762.69,0.63,0.35,0.27,1
623244.56,1285522.62,757.67,756.00,757.67,0.63,0.35,0.27,1
623336.81,1285522.62,752.65,751.00,752.65,0.63,0.35,0.27,1
623429.12,1285522.62,748.64,747.00,748.64,0.62,0.34,0.26,1
623521.38,1285522.62,747.64,746.00,747.64,0.62,0.34,0.26,1
623613.69,1285522.62,746.64,745.00,746.64,0.63,0.35,0.27,1
623705.94,1285522.62,745.64,744.00,745.64,0.63,0.35,0.27,1
623798.19,1285522.62,746.64,745.00,746.64,0.63,0.35,0.27,1
623890.50,1285522.62,751.64,750.00,751.64,0.62,0.34,0.26,1
623982.75,1285522.62,763.65,762.00,763.65,0.61,0.33,0.25,1
624075.06,1285522.62,780.65,779.00,780.65,0.61,0.33,0.25,1
624167.31,1285522.62,795.65,794.00,795.65,0.61,0.33,0.24,1
624259.62,1285522.62,806.65,805.00,806.65,0.61,0.33,0.25,1
624351.88,1285522.62,807.65,806.00,807.65,0.62,0.34,0.26,1
624444.19,1285522.62,795.65,794.00,795.65,0.62,0.34,0.26,1
624536.44,1285522.62,789.64,788.00,789.64,0.62,0.34,0.26,1
624628.69,1285522.62,786.62,785.00,786.62,0.62,0.34,0.26,1
624721.00,1285522.62,781.59,780.00,781.59,0.63,0.35,0.27,1
624813.25,1285522.62,772.55,771.00,772.55,0.63,0.35,0.27,1
624905.56,1285522.62,778.49,777.00,778.49,0.61,0.33,0.25,1
624997.81,1285522.62,791.40,790.00,791.40,0.60,0.33,0.25,1
625090.12,1285522.62,799.29,798.00,799.29,0.61,0.34,0.26,1
625182.38,1285522.62,801.17,800.00,801.17,0.62,0.35,0.28,1
625274.69,1285522.62,797.08,796.00,797.08,0.63,0.37,0.30,1
625366.94,1285522.62,785.49,784.47,785.49,0.58,0.32,0.25,1
625459.19,1285522.62,-9999.00,-9999.00,-9999.00,0.71,0.71,0.71,0
614385.88,1285430.38,-9999.00,-9999.00,-9999.00,0.71,0.71,0.71,0
614478.12,1285430.38,769.06,768.00,769.06,0.31,0.05,-0.02,1
614570.44,1285430.38,764.11,763.00,764.11,0.63,0.37,0.30,1
614662.69,1285430.38,766.14,765.00,766.14,0.60,0.34,0.27,1
614755.00,1285430.38,778.23,777.00,778.23,0.61,0.34,0.27,1
614847.25,1285430.38,777.36,776.00,777.36,0.62,0.35,0.28,1
614939.56,1285430.38,766.46,765.00,766.46,0.62,0.34,0.26,1
615031.81,1285430.38,765.54,764.00,765.54,0.61,0.33,0.25,1
615124.12,1285430.38,764.59,763.00,764.59,0.61,0.33,0.25,1
615216.38,1285430.38,763.63,762.00,763.63,0.61,0.33,0.25,1
615308.62,1285430.38,771.65,770.00,771.65,0.61,0.33,0.25,1
615400.94,1285430.38,768.66,767.00,768.66,0.62,0.34,0.26,1
615493.19,1285430.38,762.67,761.00,762.67,0.63,0.35,0.27,1
615585.50,1285430.38,756.67,755.00,756.67,0.63,0.35,0.27,1
615677.75,1285430.38,748.67,747.00,748.67,0.63,0.34,0.26,1
615770.06,1285430.38,740.67,739.00,740.67,0.62,0.34,0.26,1
615862.31,1285430.38,739.67,738.00,739.67,0.62,0.34,0.26,1
615954.62,1285430.38,742.65,741.00,742.65,0.61,0.33,0.25,1
616046.88,1285430.38,749.64,748.00,749.64,0.60,0.32,0.24,1
616139.12,1285430.38,748.62,747.00,748.62,0.61,0.33,0.25,1
616231.44,1285430.38,741.60,740.00,741.60,0.62,0.34,0.26,1
616323.69,1285430.38,740.57,739.00,740.57,0.62,0.34,0.26,1
616416.00,1285430.38,741.54,740.00,741.54,0.62,0.34,0.26,1
616508.25,1285430.38,741.51,740.00,741.51,0.62,0.35,0.27,1
616600.56,1285430.38,738.49,737.00,738.49,0.63,0.35,0.27,1
616692.81,1285430.38,737.47,736.00,737.47,0.62,0.35,0.27,1
616785.12,1285430.38,741.46,740.00,741.46,0.62,0.35,0.27,1
616877.38,1285430.38,742.46,741.00,742.46,0.63,0.35,0.27,1
616969.62,1285430.38,739.45,738.00,739.45,0.63,0.35,0.28,1
617061.94,1285430.38,737.45,736.00,737.45,0.62,0.35,0.27,1
617154.19,1285430.38,741.45,740.00,741.45,0.61,0.33,0.25,1
617246.50,1285430.38,748.45,747.00,748.45,0.60,0.33,0.25,1
617338.75,1285430.38,752.46,751.00,752.46,0.61,0.34,0.26,1
617431.06,1285430.38,754.46,753.00,754.46,0.62,0.35,0.27,1
617523.31,1285430.38,758.46,757.00,758.46,0.62,0.35,0.27,1
617615.62,1285430.38,764.46,763.00,764.46,0.62,0.34,0.27,1
617707.88,1285430.38,775.46,774.00,775.46,0.61,0.33,0.26,1
617800.12,1285430.38,788.46,787.00,788.46,0.61,0.33,0.26,1
617892.44,1285430.38,797.45,796.00,797.45,0.61,0.34,0.26,1
617984.69,1285430.38,803.44,802.00,803.44,0.61,0.34,0.26,1
618077.00,1285430.38,802.42,801.00,802.42,0.62,0.35,0.27,1
618169.25,1285430.38,797.41,796.00,797.41,0.62,0.35,0.27,1
618261.56,1285430.38,791.40,790.00,791.40,0.62,0.35,0.27,1
618353.81,1285430.38,777.40,776.00,777.40,0.62,0.35,0.28,1
618446.12,1285430.38,770.40,769.00,770.40,0.62,0.35,0.27,1
618538.38,1285430.38,775.41,774.00,775.41,0.61,0.34,0.26,1
618630.62,1285430.38,785.41,784.00,785.41,0.61,0.34,0.26,1
618722.94,1285430.38,796.43,795.00,796.43,0.61,0.34,0.26,1
618815.19,1285430.38,800.43,799.00,800.43,0.60,0.33,0.25,1
618907.50,1285430.38,812.43,811.00,812.43,0.58,0.31,0.23,1
618999.75,1285430.38,845.42,844.00,845.42,0.58,0.30,0.23,1
619092.06,1285430.38,874.40,873.00,874.40,0.59,0.32,0.24,1
619184.31,1285430.38,886.36,885.00,886.36,0.60,0.33,0.25,1
619276.62,1285430.38,883.28,882.00,883.28,0.60,0.33,0.25,1
619368.88,1285430.38,885.15,884.00,885.15,0.59,0.33,0.25,1
619461.19,1285430.38,905.95,905.00,905.95,0.57,0.32,0.24,1
619553.44,1285430.38,933.71,933.00,933.71,0.55,0.31,0.25,1
619645.69,1285430.38,962.55,962.00,962.55,0.55,0.33,0.26,1
619738.00,1285430.38,980.49,980.00,980.49,0.63,0.41,0.34,1
619830.25,1285430.38,961.49,961.00,961.49,0.69,0.47,0.41,1
619922.56,1285430.38,920.66,920.00,920.66,0.70,0.46,0.40,1
620014.81,1285430.38,890.15,889.00,890.15,0.67,0.41,0.34,1
620107.12,1285430.38,877.57,876.00,877.57,0.65,0.37,0.30,1
620199.38,1285430.38,883.75,882.00,883.75,0.64,0.35,0.27,1
620291.69,1285430.38,896.80,895.00,896.80,0.63,0.35,0.27,1
620383.94,1285430.38,902.85,901.00,902.85,0.64,0.35,0.27,1
620476.19,1285430.38,904.94,903.00,904.94,0.63,0.34,0.26,1
620568.50,1285430.38,903.01,901.00,903.01,0.63,0.34,0.25,1
620660.75,1285430.38,908.02,906.00,908.02,0.62,0.33,0.24,1
620753.06,1285430.38,924.99,923.00,924.99,0.62,0.33,0.24,1
620845.31,1285430.38,940.87,939.00,940.87,0.63,0.34,0.26,1
620937.62,1285430.38,949.73,948.00,949.73,0.64,0.36,0.27,1
621029.88,1285430.38,948.68,947.00,948.68,0.65,0.37,0.29,1
621122.19,1285430.38,938.69,937.00,938.69,0.66,0.38,0.30,1
621214.44,1285430.38,914.89,913.00,914.89,0.66,0.37,0.29,1
621306.69,1285430.38,892.12,890.00,892.12,0.64,0.35,0.26,1
621399.00,1285430.38,891.10,889.00,891.10,0.62,0.33,0.24,1
621491.25,1285430.38,899.95,898.00,899.95,0.62,0.33,0.24,1
621583.56,1285430.38,910.64,909.00,910.64,0.61,0.33,0.25,1
621675.81,1285430.38,927.34,926.00,927.34,0.61,0.34,0.26,1
621768.12,1285430.38,944.19,943.00,944.19,0.64,0.37,0.30,1
621860.38,1285430.38,937.19,936.00,937.19,0.67,0.41,0.34,1
621952.69,1285430.38,909.54,908.00,909.54,0.67,0.39,0.32,1
622044.94,1285430.38,884.91,883.00,884.91,0.65,0.36,0.28,1
622137.19,1285430.38,870.96,869.00,870.96,0.64,0.35,0.27,1
622229.50,1285430.38,865.84,864.00,865.84,0.64,0.35,0.27,1
622321.75,1285430.38,858.75,857.00,858.75,0.63,0.35,0.27,1
622414.06,1285430.38,861.68,860.00,861.68,0.63,0.35,0.27,1
622506.31,1285430.38,866.64,865.00,866.64,0.64,0.36,0.28,1
622598.62,1285430.38,854.63,853.00,854.63,0.66,0.38,0.30,1
622690.88,1285430.38,836.67,835.00,836.67,0.66,0.38,0.30,1
622783.19,1285430.38,813.77,812.00,813.77,0.66,0.37,0.29,1
622875.44,1285430.38,794.81,793.00,794.81,0.65,0.36,0.28,1
622967.69,1285430.38,781.78,780.00,781.78,0.64,0.35,0.27,1
623060.00,1285430.38,771.74,770.00,771.74,0.63,0.35,0.27,1
623152.25,1285430.38,766.70,765.00,766.70,0.63,0.35,0.27,1
623244.56,1285430.38,759.67,758.00,759.67,0.63,0.35,0.27,1
623336.81,1285430.38,751.66,750.00,751.66,0.63,0.35,0.27,1
623429.12,1285430.38,748.65,747.00,748.65,0.62,0.34,0.26,1
623521.38,1285430.38,750.64,749.00,750.64,0.62,0.34,0.26,1
623613.69,1285430.38,751.64,750.00,751.64,0.62,0.34,0.26,1
623705.94,1285430.38,755.64,754.00,755.64,0.62,0.34,0.26,1
623798.19,1285430.38,759.64,758.00,759.64,0.62,0.34,0.26,1
623890.50,1285430.38,763.64,762.00,763.64,0.62,0.34,0.26,1
623982.75,1285430.38,774.65,773.00,774.65,0.61,0.33,0.25,1
624075.06,1285430.38,787.65,786.00,787.65,0.61,0.33,0.25,1
624167.31,1285430.38,793.65,792.00,793.65,0.61,0.33,0.25,1
624259.62,1285430.38,795.65,794.00,795.65,0.61,0.33,0.25,1
624351.88,1285430.38,794.65,793.00,794.65,0.61,0.33,0.25,1
624444.19,1285430.38,787.65,786.00,787.65,0.62,0.34,0.26,1
624536.44,1285430.38,778.64,777.00,778.64,0.61,0.33,0.25,1
624628.69,1285430.38,779.62,778.00,779.62,0.61,0.33,0.25,1
624721.00,1285430.38,781.59,780.00,781.59,0.62,0.35,0.27,1
624813.25,1285430.38,776.55,775.00,776.55,0.63,0.35,0.27,1
624905.56,1285430.38,775.50,774.00,775.50,0.62,0.34,0.26,1
624997.81,1285430.38,781.42,780.00,781.42,0.60,0.33,0.25,1
625090.12,1285430.38,788.31,787.00,788.31,0.60,0.34,0.26,1
625182.38,1285430.38,788.19,787.00,788.19,0.61,0.34,0.27,1
625274.69,1285430.38,789.10,788.00,789.10,0.62,0.36,0.28,1
625366.94,1285430.38,779.92,778.88,779.92,0.58,0.32,0.25,1
625459.19,1285430.38,-9999.00,-9999.00,-9999.00,0.71,0.71,0.71,0
614385.88,1285338.00,-9999.00,-9999.00,-9999.00,0.71,0.71,0.71,0
614478.12,1285338.00,777.07,776.00,777.07,0.31,0.05,-0.02,1
614570.44,1285338.00,766.12,765.00,766.12,0.64,0.39,0.31,1
614662.69,1285338.00,757.14,756.00,757.14,0.63,0.37,0.29,1
614755.00,1285338.00,766.23,765.00,766.23,0.61,0.34,0.27,1
614847.25,1285338.00,767.35,766.00,767.35,0.62,0.35,0.27,1
614939.56,1285338.00,754.46,753.00,754.46,0.62,0.35,0.27,1
615031.81,1285338.00,749.53,748.00,749.53,0.62,0.34,0.26,1
615124.12,1285338.00,748.59,747.00,748.59,0.62,0.34,0.26,1
615216.38,1285338.00,749.62,748.00,749.62,0.61,0.33,0.25,1
615308.62,1285338.00,756.65,755.00,756.65,0.60,0.32,0.24,1
615400.94,1285338.00,759.66,758.00,759.66,0.61,0.33,0.25,1
615493.19,1285338.00,757.67,756.00,757.67,0.61,0.33,0.25,1
615585.50,1285338.00,751.67,750.00,751.67,0.62,0.34,0.26,1
615677.75,1285338.00,743.67,742.00,743.67,0.62,0.34,0.26,1
615770.06,1285338.00,737.67,736.00,737.67,0.62,0.34,0.26,1
615862.31,1285338.00,744.66,743.00,744.66,0.62,0.34,0.26,1
615954.62,1285338.00,746.65,745.00,746.65,0.63,0.35,0.27,1
616046.88,1285338.00,740.64,739.00,740.64,0.62,0.34,0.26,1
616139.12,1285338.00,738.62,737.00,738.62,0.62,0.34,0.26,1
616231.44,1285338.00,738.59,737.00,738.59,0.62,0.34,0.26,1
616323.69,1285338.00,740.57,739.00,740.57,0.62,0.34,0.26,1
616416.00,1285338.00,740.54,739.00,740.54,0.62,0.34,0.26,1
616508.25,1285338.00,741.51,740.00,741.51,0.62,0.35,0.27,1
616600.56,1285338.00,740.48,739.00,740.48,0.63,0.35,0.27,1
616692.81,1285338.00,738.46,737.00,738.46,0.62,0.35,0.27,1
616785.12,1285338.00,741.43,740.00,741.43,0.62,0.35,0.27,1
616877.38,1285338.00,743.42,742.00,743.42,0.62,0.35,0.27,1
616969.62,1285338.00,741.41,740.00,741.41,0.63,0.36,0.28,1
617061.94,1285338.00,737.41,736.00,737.41,0.63,0.35,0.28,1
617154.19,1285338.00,737.40,736.00,737.40,0.62,0.35,0.27,1
617246.50,1285338.00,739.40,738.00,739.40,0.61,0.34,0.26,1
617338.75,1285338.00,744.41,743.00,744.41,0.61,0.34,0.26,1
617431.06,1285338.00,753.41,752.00,753.41,0.61,0.34,0.26,1
617523.31,1285338.00,761.41,760.00,761.41,0.61,0.34,0.26,1
617615.62,1285338.00,769.41,768.00,769.41,0.61,0.34,0.27,1
617707.88,1285338.00,774.42,773.00,774.42,0.61,0.34,0.26,1
617800.12,1285338.00,784.42,783.00,784.42,0.60,0.33,0.25,1
617892.44,1285338.00,793.41,792.00,793.41,0.61,0.34,0.26,1
617984.69,1285338.00,798.41,797.00,798.41,0.62,0.34,0.27,1
618077.00,1285338.00,795.40,794.00,795.40,0.62,0.35,0.27,1
618169.25,1285338.00,789.39,788.00,789.39,0.62,0.35,0.27,1
618261.56,1285338.00,780.39,779.00,780.39,0.62,0.35,0.27,1
618353.81,1285338.00,770.39,769.00,770.39,0.62,0.35,0.27,1
618446.12,1285338.00,771.39,770.00,771.39,0.62,0.35,0.27,1
618538.38,1285338.00,777.40,776.00,777.40,0.62,0.35,0.27,1
618630.62,1285338.00,783.41,782.00,783.41,0.61,0.34,0.26,1
618722.94,1285338.00,787.43,786.00,787.43,0.61,0.34,0.26,1
618815.19,1285338.00,789.45,788.00,789.45,0.60,0.33,0.25,1
618907.50,1285338.00,804.45,803.00,804.45,0.59,0.31,0.23,1
618999.75,1285338.00,836.45,835.00,836.45,0.57,0.29,0.22,1
619092.06,1285338.00,860.44,859.00,860.44,0.58,0.30,0.23,1
619184.31,1285338.00,863.41,862.00,863.41,0.59,0.32,0.24,1
619276.62,1285338.00,865.35,864.00,865.35,0.60,0.33,0.25,1
619368.88,1285338.00,877.27,876.00,877.27,0.60,0.33,0.26,1
619461.19,1285338.00,894.13,893.00,894.13,0.58,0.32,0.25,1
619553.44,1285338.00,918.95,918.00,918.95,0.56,0.31,0.24,1
619645.69,1285338.00,942.82,942.00,942.82,0.56,0.32,0.25,1
619738.00,1285338.00,964.75,964.00,964.75,0.58,0.34,0.27,1
619830.25,1285338.00,961.74,961.00,961.74,0.65,0.41,0.34,1
619922.56,1285338.00,935.80,935.00,935.80,0.68,0.44,0.37,1
620014.81,1285338.00,916.04,915.00,916.04,0.67,0.42,0.34,1
620107.12,1285338.00,911.30,910.00,911.30,0.65,0.38,0.31,1
620199.38,1285338.00,919.44,918.00,919.44,0.64,0.37,0.29,1
620291.69,1285338.00,923.56,922.00,923.56,0.64,0.36,0.28,1
620383.94,1285338.00,918.70,917.00,918.70,0.64,0.36,0.28,1
620476.19,1285338.00,913.89,912.00,913.89,0.63,0.34,0.26,1
620568.50,1285338.00,912.00,910.00,912.00,0.62,0.33,0.25,1
620660.75,1285338.00,918.03,916.00,918.03,0.61,0.32,0.23,1
620753.06,1285338.00,945.97,944.00,945.97,0.60,0.31,0.23,1
620845.31,1285338.00,977.65,976.00,977.65,0.63,0.34,0.26,1
620937.62,1285338.00,983.40,982.00,983.40,0.65,0.38,0.30,1
621029.88,1285338.00,974.29,973.00,974.29,0.66,0.39,0.32,1
621122.19,1285338.00,968.25,967.00,968.25,0.66,0.40,0.32,1
621214.44,1285338.00,952.42,951.00,952.42,0.67,0.40,0.32,1
621306.69,1285338.00,924.90,923.00,924.90,0.66,0.37,0.29,1
621399.00,1285338.00,912.14,910.00,912.14,0.64,0.34,0.26,1
621491.25,1285338.00,914.05,912.00,914.05,0.63,0.34,0.25,1
621583.56,1285338.00,916.81,915.00,916.81,0.62,0.34,0.25,1
621675.81,1285338.00,926.50,925.00,926.50,0.61,0.33,0.25,1
621768.12,1285338.00,946.30,945.00,946.30,0.61,0.34,0.26,1
621860.38,1285338.00,955.23,954.00,955.23,0.64,0.38,0.30,1
621952.69,1285338.00,943.29,942.00,943.29,0.67,0.40,0.32,1
622044.94,1285338.00,918.56,917.00,918.56,0.66,0.39,0.31,1
622137.19,1285338.00,896.71,895.00,896.71,0.65,0.37,0.29,1
622229.50,1285338.00,883.73,882.00,883.73,0.65,0.36,0.28,1
622321.75,1285338.00,873.69,872.00,873.69,0.64,0.36,0.28,1
622414.06,1285338.00,876.63,875.00,876.63,0.63,0.35,0.27,1
622506.31,1285338.00,884.59,883.00,884.59,0.63,0.35,0.27,1
622598.62,1285338.00,883.55,882.00,883.55,0.65,0.37,0.29,1
622690.88,1285338.00,874.52,873.00,874.52,0.66,0.39,0.31,1
622783.19,1285338.00,849.59,848.00,849.59,0.67,0.39,0.31,1
622875.44,1285338.00,817.75,816.00,817.75,0.66,0.38,0.30,1
622967.69,1285338.00,794.78,793.00,794.78,0.65,0.36,0.28,1
623060.00,1285338.00,781.73,780.00,781.73,0.64,0.36,0.28,1
623152.25,1285338.00,774.70,773.00,774.70,0.64,0.35,0.27,1
623244.56,1285338.00,766.67,765.00,766.67,0.64,0.36,0.27,1
623336.81,1285338.00,757.66,756.00,757.66,0.64,0.36,0.27,1
623429.12,1285338.00,749.65,748.00,749.65,0.63,0.35,0.27,1
623521.38,1285338.00,748.65,747.00,748.65,0.62,0.34,0.26,1
623613.69,1285338.00,753.64,752.00,753.64,0.61,0.33,0.25,1
623705.94,1285338.00,757.64,756.00,757.64,0.61,0.33,0.25,1
623798.19,1285338.00,761.64,760.00,761.64,0.61,0.33,0.25,1
623890.50,1285338.00,766.64,765.00,766.64,0.61,0.33,0.25,1
623982.75,1285338.00,774.65,773.00,774.65,0.61,0.33,0.25,1
624075.06,1285338.00,782.65,781.00,782.65,0.61,0.33,0.25,1
624167.31,1285338.00,784.65,783.00,784.65,0.61,0.33,0.25,1
624259.62,1285338.00,786.65,785.00,786.65,0.61,0.33,0.25,1
624351.88,1285338.00,787.65,786.00,787.65,0.62,0.34,0.26,1
624444.19,1285338.00,780.64,779.00,780.64,0.62,0.34,0.26,1
624536.44,1285338.00,768.63,767.00,768.63,0.62,0.34,0.26,1
624628.69,1285338.00,772.62,771.00,772.62,0.61,0.33,0.25,1
624721.00,1285338.00,782.59,781.00,782.59,0.62,0.34,0.26,1
624813.25,1285338.00,782.55,781.00,782.55,0.63,0.36,0.28,1
624905.56,1285338.00,774.50,773.00,774.50,0.64,0.36,0.28,1
624997.81,1285338.00,773.43,772.00,773.43,0.62,0.35,0.27,1
625090.12,1285338.00,775.34,774.00,775.34,0.62,0.35,0.27,1
625182.38,1285338.00,774.25,773.00,774.25,0.62,0.35,0.28,1
625274.69,1285338.00,777.16,776.00,777.16,0.61,0.35,0.27,1
625366.94,1285338.00,783.06,782.00,783.06,0.58,0.32,0.25,1
625459.19,1285338.00,-9999.00,-9999.00,-9999.00,0.71,0.71,0.71,0
614385.88,1285245.75,-9999.00,-9999.00,-9999.00,0.71,0.71,0.71,0
614478.12,1285245.75,771.08,770.00,771.08,0.31,0.06,-0.02,1
614570.44,1285245.75,770.13,769.00,770.13,0.63,0.37,0.30,1
614662.69,1285245.75,766.16,765.00,766.16,0.65,0.38,0.31,1
614755.00,1285245.75,759.23,758.00,759.23,0.63,0.37,0.29,1
614847.25,1285245.75,760.35,759.00,760.35,0.63,0.36,0.28,1
614939.56,1285245.75,753.46,752.00,753.46,0.63,0.36,0.28,1
615031.81,1285245.75,755.53,754.00,755.53,0.63,0.36,0.28,1
615124.12,1285245.75,755.59,754.00,755.59,0.64,0.36,0.28,1
615216.38,1285245.75,747.62,746.00,747.62,0.63,0.35,0.27,1
615308.62,1285245.75,743.64,742.00,743.64,0.62,0.34,0.26,1
615400.94,1285245.75,745.66,744.00,745.66,0.62,0.34,0.26,1
615493.19,1285245.75,744.67,743.00,744.67,0.62,0.34,0.26,1
615585.50,1285245.75,741.67,740.00,741.67,0.62,0.34,0.26,1
615677.75,1285245.75,738.67,737.00,738.67,0.62,0.34,0.26,1
615770.06,1285245.75,736.67,735.00,736.67,0.61,0.33,0.25,1
615862.31,1285245.75,748.66,747.00,748.66,0.61,0.33,0.25,1
615954.62,1285245.75,750.65,749.00,750.65,0.62,0.34,0.26,1
616046.88,1285245.75,742.63,741.00,742.63,0.63,0.35,0.27,1
616139.12,1285245.75,738.62,737.00,738.62,0.62,0.34,0.26,1
616231.44,1285245.75,738.59,737.00,738.59,0.62,0.34,0.26,1
616323.69,1285245.75,740.57,739.00,740.57,0.62,0.34,0.26,1
616416.00,1285245.75,740.54,739.00,740.54,0.62,0.34,0.27,1
616508.25,1285245.75,740.51,739.00,740.51,0.62,0.35,0.27,1
616600.56,1285245.75,740.48,739.00,740.48,0.62,0.35,0.27,1
616692.81,1285245.75,740.45,739.00,740.45,0.62,0.35,0.27,1
616785.12,1285245.75,742.42,741.00,742.42,0.62,0.35,0.27,1
616877.38,1285245.75,744.39,743.00,744.39,0.62,0.35,0.28,1
616969.62,1285245.75,741.37,740.00,741.37,0.63,0.36,0.28,1
617061.94,1285245.75,738.36,737.00,738.36,0.63,0.36,0.28,1
617154.19,1285245.75,737.35,736.00,737.35,0.62,0.36,0.28,1
617246.50,1285245.75,738.35,737.00,738.35,0.62,0.35,0.28,1
617338.75,1285245.75,740.35,739.00,740.35,0.62,0.35,0.27,1
617431.06,1285245.75,747.35,746.00,747.35,0.61,0.34,0.26,1
617523.31,1285245.75,757.35,756.00,757.35,0.61,0.34,0.26,1
617615.62,1285245.75,764.36,763.00,764.36,0.61,0.34,0.26,1
617707.88,1285245.75,767.36,766.00,767.36,0.61,0.34,0.26,1
617800.12,1285245.75,777.37,776.00,777.37,0.60,0.33,0.26,1
617892.44,1285245.75,789.37,788.00,789.37,0.61,0.34,0.26,1
617984.69,1285245.75,792.37,791.00,792.37,0.62,0.35,0.27,1
618077.00,1285245.75,788.36,787.00,788.36,0.62,0.35,0.28,1
618169.25,1285245.75,780.37,779.00,780.37,0.62,0.35,0.28,1
618261.56,1285245.75,771.37,770.00,771.37,0.62,0.35,0.28,1
618353.81,1285245.75,765.37,764.00,765.37,0.62,0.35,0.27,1
618446.12,1285245.75,773.38,772.00,773.38,0.62,0.34,0.27,1
618538.38,1285245.75,778.39,777.00,778.39,0.62,0.35,0.27,1
618630.62,1285245.75,779.41,778.00,779.41,0.62,0.35,0.27,1
618722.94,1285245.75,780.44,779.00,780.44,0.61,0.34,0.26,1
618815.19,1285245.75,786.46,785.00,786.46,0.61,0.33,0.26,1
618907.50,1285245.75,803.48,802.00,803.48,0.60,0.33,0.25,1
618999.75,1285245.75,818.48,817.00,818.48,0.59,0.32,0.24,1
619092.06,1285245.75,831.48,830.00,831.48,0.59,0.31,0.23,1
619184.31,1285245.75,842.47,841.00,842.47,0.59,0.31,0.23,1
619276.62,1285245.75,861.44,860.00,861.44,0.59,0.32,0.24,1
619368.88,1285245.75,879.39,878.00,879.39,0.61,0.34,0.26,1
619461.19,1285245.75,887.30,886.00,887.30,0.60,0.34,0.26,1
619553.44,1285245.75,906.18,905.00,906.18,0.58,0.32,0.25,1
619645.69,1285245.75,930.08,929.00,930.08,0.58,0.32,0.25,1
619738.00,1285245.75,945.02,944.00,945.02,0.58,0.32,0.25,1
619830.25,1285245.75,951.00,950.00,951.00,0.60,0.35,0.28,1
619922.56,1285245.75,946.01,945.00,946.01,0.64,0.38,0.31,1
620014.81,1285245.75,941.08,940.00,941.08,0.65,0.40,0.32,1
620107.12,1285245.75,940.20,939.00,940.20,0.65,0.39,0.32,1
620199.38,1285245.75,941.31,940.00,941.31,0.65,0.38,0.31,1
620291.69,1285245.75,934.41,933.00,934.41,0.65,0.38,0.30,1
620383.94,1285245.75,930.57,929.00,930.57,0.64,0.37,0.29,1
620476.19,1285245.75,928.82,927.00,928.82,0.64,0.36,0.28,1
620568.50,1285245.75,924.99,923.00,924.99,0.64,0.35,0.26,1
620660.75,1285245.75,931.03,929.00,931.03,0.62,0.32,0.24,1
620753.06,1285245.75,965.81,964.00,965.81,0.59,0.30,0.22,1
620845.31,1285245.75,1009.22,1008.00,1009.22,0.61,0.35,0.28,1
620937.62,1285245.75,1009.90,1009.00,1009.90,0.67,0.42,0.35,1
621029.88,1285245.75,996.74,996.00,996.74,0.68,0.44,0.37,1
621122.19,1285245.75,990.64,990.00,990.64,0.68,0.45,0.39,1
621214.44,1285245.75,981.64,981.00,981.64,0.70,0.47,0.40,1
621306.69,1285245.75,964.03,963.00,964.03,0.69,0.43,0.36,1
621399.00,1285245.75,945.68,944.00,945.68,0.66,0.38,0.30,1
621491.25,1285245.75,935.98,934.00,935.98,0.64,0.35,0.27,1
621583.56,1285245.75,932.87,931.00,932.87,0.64,0.35,0.27,1
621675.81,1285245.75,932.63,931.00,932.63,0.63,0.35,0.27,1
621768.12,1285245.75,946.42,945.00,946.42,0.61,0.34,0.26,1
621860.38,1285245.75,961.33,960.00,961.33,0.63,0.36,0.28,1
621952.69,1285245.75,956.32,955.00,956.32,0.65,0.38,0.31,1
622044.94,1285245.75,937.39,936.00,937.39,0.66,0.39,0.31,1
622137.19,1285245.75,916.49,915.00,916.49,0.66,0.39,0.31,1
622229.50,1285245.75,899.57,898.00,899.57,0.65,0.38,0.30,1
622321.75,1285245.75,889.59,888.00,889.59,0.64,0.37,0.29,1
622414.06,1285245.75,891.58,890.00,891.58,0.63,0.36,0.28,1
622506.31,1285245.75,894.56,893.00,894.56,0.63,0.35,0.27,1
622598.62,1285245.75,893.53,892.00,893.53,0.62,0.35,0.27,1
622690.88,1285245.75,891.49,890.00,891.49,0.64,0.36,0.28,1
622783.19,1285245.75,875.48,874.00,875.48,0.66,0.38,0.31,1
622875.44,1285245.75,843.58,842.00,843.58,0.66,0.39,0.31,1
622967.69,1285245.75,810.71,809.00,810.71,0.65,0.37,0.29,1
623060.00,1285245.75,792.71,791.00,792.71,0.64,0.36,0.28,1
623152.25,1285245.75,782.69,781.00,782.69,0.64,0.36,0.28,1
623244.56,1285245.75,773.67,772.00,773.67,0.64,0.35,0.27,1
623336.81,1285245.75,763.66,762.00,763.66,0.63,0.35,0.27,1
623429.12,1285245.75,753.65,752.00,753.65,0.63,0.35,0.27,1
623521.38,1285245.75,748.65,747.00,748.65,0.62,0.34,0.26,1
623613.69,1285245.75,749.65,748.00,749.65,0.62,0.34,0.26,1
623705.94,1285245.75,752.64,751.00,752.64,0.61,0.33,0.25,1
623798.19,1285245.75,755.64,754.00,755.64,0.61,0.33,0.25,1
623890.50,1285245.75,759.64,758.00,759.64,0.61,0.33,0.25,1
623982.75,1285245.75,766.65,765.00,766.65,0.60,0.32,0.24,1
624075.06,1285245.75,776.65,775.00,776.65,0.60,0.32,0.24,1
624167.31,1285245.75,778.65,777.00,778.65,0.61,0.33,0.25,1
624259.62,1285245.75,779.65,778.00,779.65,0.61,0.33,0.25,1
624351.88,1285245.75,779.64,778.00,779.64,0.61,0.33,0.25,1
624444.19,1285245.75,769.64,768.00,769.64,0.62,0.34,0.26,1
624536.44,1285245.75,762.63,761.00,762.63,0.61,0.34,0.26,1
624628.69,1285245.75,768.61,767.00,768.61,0.61,0.33,0.25,1
624721.00,1285245.75,780.59,779.00,780.59,0.60,0.33,0.25,1
624813.25,1285245.75,791.55,790.00,791.55,0.62,0.34,0.26,1
624905.56,1285245.75,791.50,790.00,791.50,0.64,0.36,0.28,1
624997.81,1285245.75,783.43,782.00,783.43,0.64,0.37,0.29,1
625090.12,1285245.75,777.35,776.00,777.35,0.64,0.37,0.29,1
625182.38,1285245.75,776.29,775.00,776.29,0.64,0.37,0.29,1
625274.69,1285245.75,776.24,775.00,776.24,0.62,0.36,0.28,1
625366.94,1285245.75,794.91,793.82,794.91,0.58,0.32,0.24,1
625459.19,1285245.75,-9999.00,-9999.00,-9999.00,0.71,0.71,0.71,0
614385.88,1285153.50,-9999.00,-9999.00,-9999.00,0.71,0.71,0.71,0
614478.12,1285153.50,764.09,763.00,764.09,0.31,0.06,-0.02,1
614570.44,1285153.50,769.15,768.00,769.15,0.62,0.36,0.28,1
614662.69,1285153.50,775.17,774.00,775.17,0.63,0.37,0.30,1
614755.00,1285153.50,767.24,766.00,767.24,0.64,0.37,0.30,1
614847.25,1285153.50,767.35,766.00,767.35,0.64,0.37,0.29,1
614939.56,1285153.50,764.45,763.00,764.45,0.63,0.36,0.28,1
615031.81,1285153.50,770.53,769.00,770.53,0.63,0.35,0.27,1
615124.12,1285153.50,766.59,765.00,766.59,0.63,0.35,0.28,1
615216.38,1285153.50,753.62,752.00,753.62,0.63,0.36,0.28,1
615308.62,1285153.50,746.65,745.00,746.65,0.63,0.35,0.27,1
615400.94,1285153.50,754.66,753.00,754.66,0.63,0.35,0.27,1
615493.19,1285153.50,754.66,753.00,754.66,0.64,0.36,0.28,1
615585.50,1285153.50,747.67,746.00,747.67,0.64,0.36,0.28,1
615677.75,1285153.50,739.67,738.00,739.67,0.63,0.35,0.27,1
615770.06,1285153.50,735.66,734.00,735.66,0.62,0.34,0.26,1
615862.31,1285153.50,742.66,741.00,742.66,0.61,0.33,0.25,1
615954.62,1285153.50,743.65,742.00,743.65,0.61,0.33,0.25,1
616046.88,1285153.50,740.63,739.00,740.63,0.62,0.34,0.26,1
616139.12,1285153.50,738.62,737.00,738.62,0.62,0.34,0.26,1
616231.44,1285153.50,737.59,736.00,737.59,0.62,0.34,0.26,1
616323.69,1285153.50,738.57,737.00,738.57,0.62,0.34,0.26,1
616416.00,1285153.50,739.54,738.00,739.54,0.62,0.34,0.26,1
616508.25,1285153.50,743.51,742.00,743.51,0.62,0.35,0.27,1
616600.56,1285153.50,741.48,740.00,741.48,0.63,0.35,0.27,1
616692.81,1285153.50,741.44,740.00,741.44,0.62,0.35,0.27,1
616785.12,1285153.50,742.41,741.00,742.41,0.62,0.35,0.27,1
616877.38,1285153.50,743.37,742.00,743.37,0.62,0.35,0.28,1
616969.62,1285153.50,741.34,740.00,741.34,0.63,0.36,0.28,1
617061.94,1285153.50,739.32,738.00,739.32,0.63,0.36,0.28,1
617154.19,1285153.50,737.31,736.00,737.31,0.62,0.36,0.28,1
617246.50,1285153.50,739.30,738.00,739.30,0.62,0.36,0.28,1
617338.75,1285153.50,739.30,738.00,739.30,0.62,0.36,0.28,1
617431.06,1285153.50,743.30,742.00,743.30,0.61,0.35,0.27,1
617523.31,1285153.50,752.30,751.00,752.30,0.61,0.34,0.26,1
617615.62,1285153.50,758.30,757.00,758.30,0.61,0.34,0.27,1
617707.88,1285153.50,762.31,761.00,762.31,0.61,0.34,0.26,1
617800.12,1285153.50,775.32,774.00,775.32,0.61,0.34,0.26,1
617892.44,1285153.50,786.33,785.00,786.33,0.62,0.35,0.27,1
617984.69,1285153.50,786.33,785.00,786.33,0.62,0.35,0.28,1
618077.00,1285153.50,781.33,780.00,781.33,0.62,0.36,0.28,1
618169.25,1285153.50,774.34,773.00,774.34,0.63,0.36,0.28,1
618261.56,1285153.50,766.35,765.00,766.35,0.63,0.36,0.28,1
618353.81,1285153.50,763.36,762.00,763.36,0.62,0.35,0.27,1
618446.12,1285153.50,771.37,770.00,771.37,0.62,0.34,0.27,1
618538.38,1285153.50,775.39,774.00,775.39,0.62,0.35,0.27,1
618630.62,1285153.50,775.41,774.00,775.41,0.62,0.34,0.27,1
618722.94,1285153.50,779.44,778.00,779.44,0.61,0.34,0.26,1
618815.19,1285153.50,788.47,787.00,788.47,0.61,0.34,0.26,1
618907.50,1285153.50,804.49,803.00,804.49,0.61,0.33,0.26,1
618999.75,1285153.50,819.51,818.00,819.51,0.62,0.34,0.26,1
619092.06,1285153.50,825.52,824.00,825.52,0.61,0.34,0.26,1
619184.31,1285153.50,836.52,835.00,836.52,0.60,0.32,0.25,1
619276.62,1285153.50,859.51,858.00,859.51,0.59,0.32,0.24,1
619368.88,1285153.50,877.49,876.00,877.49,0.60,0.32,0.24,1
619461.19,1285153.50,890.44,889.00,890.44,0.61,0.33,0.25,1
619553.44,1285153.50,906.37,905.00,906.37,0.60,0.33,0.25,1
619645.69,1285153.50,920.30,919.00,920.30,0.60,0.33,0.25,1
619738.00,1285153.50,924.26,923.00,924.26,0.59,0.33,0.25,1
619830.25,1285153.50,932.23,931.00,932.23,0.59,0.33,0.25,1
619922.56,1285153.50,939.20,938.00,939.20,0.60,0.34,0.26,1
620014.81,1285153.50,951.17,950.00,951.17,0.61,0.35,0.28,1
620107.12,1285153.50,963.15,962.00,963.15,0.64,0.38,0.30,1
620199.38,1285153.50,964.18,963.00,964.18,0.66,0.39,0.32,1
620291.69,1285153.50,959.24,958.00,959.24,0.66,0.39,0.32,1
620383.94,1285153.50,962.36,961.00,962.36,0.65,0.38,0.30,1
620476.19,1285153.50,968.54,967.00,968.54,0.65,0.37,0.29,1
620568.50,1285153.50,969.65,968.00,969.65,0.65,0.37,0.29,1
620660.75,1285153.50,970.61,969.00,970.61,0.64,0.36,0.28,1
620753.06,1285153.50,987.23,986.00,987.23,0.62,0.35,0.28,1
620845.31,1285153.50,1016.68,1016.00,1016.68,0.62,0.38,0.32,1
620937.62,1285153.50,1029.46,1029.00,1029.46,0.68,0.46,0.40,1
621029.88,1285153.50,1022.36,1022.00,1022.36,0.71,0.50,0.44,1
621122.19,1285153.50,1020.26,1020.00,1020.26,0.72,0.52,0.47,1
621214.44,1285153.50,1018.19,1018.00,1018.19,0.74,0.55,0.50,1
621306.69,1285153.50,1006.23,1006.00,1006.23,0.75,0.56,0.50,1
621399.00,1285153.50,986.68,986.00,986.68,0.71,0.47,0.40,1
621491.25,1285153.50,969.39,968.00,969.39,0.67,0.40,0.32,1
621583.56,1285153.50,960.74,959.00,960.74,0.65,0.37,0.28,1
621675.81,1285153.50,957.65,956.00,957.65,0.64,0.36,0.28,1
621768.12,1285153.50,962.46,961.00,962.46,0.63,0.35,0.28,1
621860.38,1285153.50,973.35,972.00,973.35,0.63,0.36,0.29,1
621952.69,1285153.50,966.31,965.00,966.31,0.65,0.38,0.31,1
622044.94,1285153.50,950.31,949.00,950.31,0.66,0.39,0.32,1
622137.19,1285153.50,939.36,938.00,939.36,0.66,0.39,0.31,1
622229.50,1285153.50,927.44,926.00,927.44,0.66,0.39,0.31,1
622321.75,1285153.50,915.51,914.00,915.51,0.65,0.38,0.30,1
622414.06,1285153.50,907.54,906.00,907.54,0.65,0.37,0.29,1
622506.31,1285153.50,896.55,895.00,896.55,0.64,0.36,0.28,1
622598.62,1285153.50,885.54,884.00,885.54,0.62,0.35,0.27,1
622690.88,1285153.50,880.51,879.00,880.51,0.61,0.34,0.26,1
622783.19,1285153.50,876.50,875.00,876.50,0.63,0.35,0.28,1
622875.44,1285153.50,853.53,852.00,853.53,0.65,0.37,0.29,1
622967.69,1285153.50,822.64,821.00,822.64,0.65,0.37,0.29,1
623060.00,1285153.50,804.66,803.00,804.66,0.64,0.36,0.28,1
623152.25,1285153.50,790.67,789.00,790.67,0.64,0.36,0.28,1
623244.56,1285153.50,776.66,775.00,776.66,0.64,0.36,0.28,1
623336.81,1285153.50,764.66,763.00,764.66,0.63,0.35,0.27,1
623429.12,1285153.50,753.65,752.00,753.65,0.63,0.35,0.27,1
623521.38,1285153.50,748.65,747.00,748.65,0.63,0.35,0.27,1
623613.69,1285153.50,748.65,747.00,748.65,0.62,0.34,0.26,1
623705.94,1285153.50,749.64,748.00,749.64,0.62,0.34,0.26,1
623798.19,1285153.50,750.64,749.00,750.64,0.62,0.34,0.26,1
623890.50,1285153.50,750.64,749.00,750.64,0.61,0.33,0.25,1
623982.75,1285153.50,752.64,751.00,752.64,0.61,0.33,0.25,1
624075.06,1285153.50,760.64,759.00,760.64,0.60,0.32,0.24,1
624167.31,1285153.50,765.64,764.00,765.64,0.60,0.32,0.24,1
624259.62,1285153.50,765.64,764.00,765.64,0.61,0.33,0.25,1
624351.88,1285153.50,762.64,761.00,762.64,0.61,0.33,0.25,1
624444.19,1285153.50,757.63,756.00,757.63,0.61,0.34,0.26,1
624536.44,1285153.50,756.62,755.00,756.62,0.62,0.34,0.26,1
624628.69,1285153.50,764.61,763.00,764.61,0.61,0.33,0.25,1
624721.00,1285153.50,775.59,774.00,775.59,0.61,0.33,0.25,1
624813.25,1285153.50,790.55,789.00,790.55,0.61,0.33,0.25,1
624905.56,1285153.50,795.50,794.00,795.50,0.62,0.34,0.26,1
624997.81,1285153.50,795.42,794.00,795.42,0.63,0.35,0.28,1
625090.12,1285153.50,793.35,792.00,793.35,0.63,0.36,0.29,1
625182.38,1285153.50,793.30,792.00,793.30,0.64,0.37,0.29,1
625274.69,1285153.50,795.27,794.00,795.27,0.63,0.37,0.29,1
625366.94,1285153.50,806.75,805.65,806.75,0.58,0.32,0.24,1
625459.19,1285153.50,-9999.00,-9999.00,-9999.00,0.71,0.71,0.71,0
614385.88,1285061.25,-9999.00,-9999.00,-9999.00,0.71,0.71,0.71,0
614478.12,1285061.25,765.10,764.00,765.10,0.32,0.06,-0.02,1
614570.44,1285061.25,770.17,769.00,770.17,0.62,0.36,0.29,1
614662.69,1285061.25,773.19,772.00,773.19,0.62,0.36,0.28,1
614755.00,1285061.25,773.25,772.00,773.25,0.62,0.36,0.28,1
614847.25,1285061.25,777.35,776.00,777.35,0.63,0.36,0.28,1
614939.56,1285061.25,771.45,770.00,771.45,0.63,0.35,0.28,1
615031.81,1285061.25,767.52,766.00,767.52,0.62,0.35,0.27,1
615124.12,1285061.25,760.58,759.00,760.58,0.63,0.35,0.27,1
615216.38,1285061.25,754.62,753.00,754.62,0.63,0.35,0.27,1
615308.62,1285061.25,759.64,758.00,759.64,0.62,0.34,0.26,1
615400.94,1285061.25,775.65,774.00,775.65,0.62,0.34,0.26,1
615493.19,1285061.25,774.66,773.00,774.66,0.64,0.36,0.28,1
615585.50,1285061.25,766.66,765.00,766.66,0.64,0.36,0.28,1
615677.75,1285061.25,749.66,748.00,749.66,0.64,0.36,0.28,1
615770.06,1285061.25,737.66,736.00,737.66,0.63,0.35,0.27,1
615862.31,1285061.25,735.65,734.00,735.65,0.62,0.34,0.26,1
615954.62,1285061.25,737.64,736.00,737.64,0.62,0.34,0.26,1
616046.88,1285061.25,738.63,737.00,738.63,0.62,0.34,0.26,1
616139.12,1285061.25,738.62,737.00,738.62,0.62,0.34,0.26,1
616231.44,1285061.25,739.59,738.00,739.59,0.62,0.35,0.27,1
616323.69,1285061.25,736.57,735.00,736.57,0.62,0.34,0.26,1
616416.00,1285061.25,738.54,737.00,738.54,0.61,0.34,0.26,1
616508.25,1285061.25,746.51,745.00,746.51,0.62,0.35,0.27,1
616600.56,1285061.25,742.48,741.00,742.48,0.63,0.35,0.28,1
616692.81,1285061.25,742.44,741.00,742.44,0.63,0.35,0.27,1
616785.12,1285061.25,741.40,740.00,741.40,0.62,0.35,0.27,1
616877.38,1285061.25,743.36,742.00,743.36,0.63,0.36,0.28,1
616969.62,1285061.25,741.32,740.00,741.32,0.63,0.36,0.28,1
617061.94,1285061.25,738.29,737.00,738.29,0.63,0.36,0.28,1
617154.19,1285061.25,737.27,736.00,737.27,0.63,0.36,0.28,1
617246.50,1285061.25,739.26,738.00,739.26,0.62,0.36,0.28,1
617338.75,1285061.25,741.26,740.00,741.26,0.62,0.36,0.28,1
617431.06,1285061.25,743.26,742.00,743.26,0.62,0.36,0.28,1
617523.31,1285061.25,747.26,746.00,747.26,0.61,0.35,0.27,1
617615.62,1285061.25,752.26,751.00,752.26,0.61,0.34,0.27,1
617707.88,1285061.25,761.27,760.00,761.27,0.61,0.34,0.26,1
617800.12,1285061.25,776.28,775.00,776.28,0.61,0.34,0.26,1
617892.44,1285061.25,786.29,785.00,786.29,0.62,0.35,0.27,1
617984.69,1285061.25,782.30,781.00,782.30,0.63,0.36,0.28,1
618077.00,1285061.25,777.31,776.00,777.31,0.63,0.36,0.28,1
618169.25,1285061.25,771.32,770.00,771.32,0.63,0.36,0.28,1
618261.56,1285061.25,765.34,764.00,765.34,0.63,0.36,0.28,1
618353.81,1285061.25,766.35,765.00,766.35,0.62,0.35,0.28,1
618446.12,1285061.25,772.37,771.00,772.37,0.62,0.35,0.28,1
618538.38,1285061.25,772.39,771.00,772.39,0.62,0.35,0.27,1
618630.62,1285061.25,771.41,770.00,771.41,0.62,0.35,0.27,1
618722.94,1285061.25,778.44,777.00,778.44,0.61,0.34,0.26,1
618815.19,1285061.25,791.47,790.00,791.47,0.61,0.33,0.25,1
618907.50,1285061.25,813.50,812.00,813.50,0.61,0.33,0.25,1
618999.75,1285061.25,832.53,831.00,832.53,0.62,0.34,0.26,1
619092.06,1285061.25,835.55,834.00,835.55,0.63,0.35,0.27,1
619184.31,1285061.25,843.57,842.00,843.57,0.62,0.34,0.26,1
619276.62,1285061.25,857.57,856.00,857.57,0.61,0.33,0.25,1
619368.88,1285061.25,869.57,868.00,869.57,0.60,0.32,0.24,1
619461.19,1285061.25,888.56,887.00,888.56,0.60,0.32,0.24,1
619553.44,1285061.25,903.53,902.00,903.53,0.60,0.32,0.24,1
619645.69,1285061.25,907.50,906.00,907.50,0.60,0.33,0.25,1
619738.00,1285061.25,908.48,907.00,908.48,0.61,0.33,0.25,1
619830.25,1285061.25,916.45,915.00,916.45,0.60,0.33,0.25,1
619922.56,1285061.25,928.40,927.00,928.40,0.59,0.32,0.25,1
620014.81,1285061.25,948.29,947.00,948.29,0.59,0.32,0.24,1
620107.12,1285061.25,974.13,973.00,974.13,0.60,0.34,0.27,1
620199.38,1285061.25,991.02,990.00,991.02,0.64,0.38,0.31,1
620291.69,1285061.25,995.99,995.00,995.99,0.65,0.40,0.33,1
620383.94,1285061.25,1001.98,1001.00,1001.98,0.64,0.39,0.32,1
620476.19,1285061.25,1014.95,1014.00,1014.95,0.65,0.40,0.33,1
620568.50,1285061.25,1017.85,1017.00,1017.85,0.67,0.42,0.35,1
620660.75,1285061.25,1015.68,1015.00,1015.68,0.68,0.44,0.38,1
620753.06,1285061.25,1021.44,1021.00,1021.44,0.67,0.45,0.39,1
620845.31,1285061.25,1041.24,1041.00,1041.24,0.66,0.46,0.41,1
620937.62,1285061.25,1061.18,1061.00,1061.18,0.68,0.50,0.45,1
621029.88,1285061.25,1069.13,1069.00,1069.13,0.72,0.55,0.50,1
621122.19,1285061.25,1072.08,1072.00,1072.08,0.81,0.67,0.56,1
621214.44,1285061.25,1065.05,1065.00,1065.05,0.83,0.69,0.59,1
621306.69,1285061.25,1047.04,1047.00,1047.04,0.85,0.71,0.60,1
621399.00,1285061.25,1026.11,1026.00,1026.11,0.78,0.61,0.57,1
621491.25,1285061.25,1006.53,1006.00,1006.53,0.72,0.49,0.43,1
621583.56,1285061.25,994.16,993.00,994.16,0.67,0.41,0.34,1
621675.81,1285061.25,983.48,982.00,983.48,0.66,0.38,0.30,1
621768.12,1285061.25,974.43,973.00,974.43,0.64,0.37,0.29,1
621860.38,1285061.25,980.32,979.00,980.32,0.63,0.36,0.29,1
621952.69,1285061.25,982.25,981.00,982.25,0.65,0.38,0.31,1
622044.94,1285061.25,975.23,974.00,975.23,0.66,0.40,0.32,1
622137.19,1285061.25,967.25,966.00,967.25,0.67,0.40,0.33,1
622229.50,1285061.25,952.32,951.00,952.32,0.67,0.40,0.32,1
622321.75,1285061.25,933.45,932.00,933.45,0.66,0.38,0.30,1
622414.06,1285061.25,920.54,919.00,920.54,0.65,0.37,0.29,1
622506.31,1285061.25,904.57,903.00,904.57,0.64,0.37,0.29,1
622598.62,1285061.25,883.57,882.00,883.57,0.64,0.36,0.28,1
622690.88,1285061.25,869.56,868.00,869.56,0.62,0.34,0.26,1
622783.19,1285061.25,865.56,864.00,865.56,0.61,0.34,0.26,1
622875.44,1285061.25,850.57,849.00,850.57,0.63,0.35,0.27,1
622967.69,1285061.25,823.61,822.00,823.61,0.63,0.36,0.28,1
623060.00,1285061.25,805.64,804.00,805.64,0.63,0.35,0.27,1
623152.25,1285061.25,795.65,794.00,795.65,0.64,0.35,0.27,1
623244.56,1285061.25,782.66,781.00,782.66,0.64,0.36,0.28,1
623336.81,1285061.25,767.66,766.00,767.66,0.64,0.36,0.28,1
623429.12,1285061.25,756.65,755.00,756.65,0.63,0.35,0.27,1
623521.38,1285061.25,754.65,753.00,754.65,0.63,0.35,0.27,1
623613.69,1285061.25,751.65,750.00,751.65,0.63,0.35,0.27,1
623705.94,1285061.25,749.64,748.00,749.64,0.62,0.34,0.26,1
623798.19,1285061.25,750.64,749.00,750.64,0.62,0.34,0.26,1
623890.50,1285061.25,749.64,748.00,749.64,0.62,0.34,0.26,1
623982.75,1285061.25,750.64,749.00,750.64,0.62,0.34,0.26,1
624075.06,1285061.25,752.64,751.00,752.64,0.61,0.33,0.25,1
624167.31,1285061.25,753.64,752.00,753.64,0.61,0.33,0.25,1
624259.62,1285061.25,752.63,751.00,752.63,0.62,0.34,0.26,1
624351.88,1285061.25,752.63,751.00,752.63,0.62,0.34,0.26,1
624444.19,1285061.25,753.63,752.00,753.63,0.62,0.34,0.26,1
624536.44,1285061.25,759.62,758.00,759.62,0.62,0.34,0.26,1
624628.69,1285061.25,773.61,772.00,773.61,0.61,0.33,0.25,1
624721.00,1285061.25,786.58,785.00,786.58,0.62,0.34,0.26,1
624813.25,1285061.25,789.54,788.00,789.54,0.62,0.34,0.26,1
624905.56,1285061.25,787.49,786.00,787.49,0.62,0.34,0.26,1
624997.81,1285061.25,784.42,783.00,784.42,0.61,0.34,0.26,1
625090.12,1285061.25,789.34,788.00,789.34,0.60,0.34,0.26,1
625182.38,1285061.25,799.29,798.00,799.29,0.61,0.35,0.27,1
625274.69,1285061.25,806.27,805.00,806.27,0.62,0.36,0.28,1
625366.94,1285061.25,808.91,807.80,808.91,0.58,0.32,0.24,1
625459.19,1285061.25,-9999.00,-9999.00,-9999.00,0.71,0.71,0.71,0
614385.88,1284968.88,-9999.00,-9999.00,-9999.00,0.71,0.71,0.71,0
614478.12,1284968.88,772.11,771.00,772.11,0.32,0.06,-0.02,1
614570.44,1284968.88,772.19,771.00,772.19,0.63,0.36,0.29,1
614662.69,1284968.88,770.20,769.00,770.20,0.62,0.36,0.28,1
614755.00,1284968.88,769.27,768.00,769.27,0.62,0.35,0.28,1
614847.25,1284968.88,769.36,768.00,769.36,0.61,0.34,0.27,1
614939.56,1284968.88,764.46,763.00,764.46,0.62,0.34,0.27,1
615031.81,1284968.88,759.53,758.00,759.53,0.62,0.34,0.26,1
615124.12,1284968.88,763.58,762.00,763.58,0.62,0.34,0.27,1
615216.38,1284968.88,767.61,766.00,767.61,0.63,0.35,0.27,1
615308.62,1284968.88,768.63,767.00,768.63,0.62,0.34,0.26,1
615400.94,1284968.88,777.64,776.00,777.64,0.61,0.33,0.25,1
615493.19,1284968.88,777.65,776.00,777.65,0.62,0.34,0.26,1
615585.50,1284968.88,770.65,769.00,770.65,0.63,0.35,0.27,1
615677.75,1284968.88,752.65,751.00,752.65,0.64,0.35,0.27,1
615770.06,1284968.88,739.65,738.00,739.65,0.63,0.35,0.27,1
615862.31,1284968.88,737.65,736.00,737.65,0.62,0.34,0.26,1
615954.62,1284968.88,737.64,736.00,737.64,0.62,0.34,0.26,1
616046.88,1284968.88,738.63,737.00,738.63,0.62,0.34,0.26,1
616139.12,1284968.88,739.62,738.00,739.62,0.62,0.34,0.26,1
616231.44,1284968.88,739.60,738.00,739.60,0.62,0.34,0.26,1
616323.69,1284968.88,735.57,734.00,735.57,0.62,0.34,0.27,1
616416.00,1284968.88,736.55,735.00,736.55,0.62,0.34,0.26,1
616508.25,1284968.88,744.52,743.00,744.52,0.62,0.34,0.26,1
616600.56,1284968.88,747.48,746.00,747.48,0.63,0.35,0.27,1
616692.81,1284968.88,743.45,742.00,743.45,0.63,0.35,0.28,1
616785.12,1284968.88,741.40,740.00,741.40,0.62,0.35,0.27,1
616877.38,1284968.88,744.35,743.00,744.35,0.62,0.35,0.28,1
616969.62,1284968.88,743.31,742.00,743.31,0.63,0.36,0.29,1
617061.94,1284968.88,739.27,738.00,739.27,0.63,0.36,0.29,1
617154.19,1284968.88,739.25,738.00,739.25,0.63,0.36,0.29,1
617246.50,1284968.88,741.24,740.00,741.24,0.63,0.36,0.29,1
617338.75,1284968.88,742.23,741.00,742.23,0.63,0.36,0.29,1
617431.06,1284968.88,743.23,742.00,743.23,0.62,0.36,0.28,1
617523.31,1284968.88,745.23,744.00,745.23,0.62,0.36,0.28,1
617615.62,1284968.88,748.23,747.00,748.23,0.61,0.35,0.27,1
617707.88,1284968.88,760.24,759.00,760.24,0.61,0.34,0.27,1
617800.12,1284968.88,773.25,772.00,773.25,0.61,0.34,0.26,1
617892.44,1284968.88,781.26,780.00,781.26,0.61,0.35,0.27,1
617984.69,1284968.88,781.28,780.00,781.28,0.62,0.36,0.28,1
618077.00,1284968.88,777.29,776.00,777.29,0.63,0.36,0.29,1
618169.25,1284968.88,769.31,768.00,769.31,0.63,0.36,0.29,1
618261.56,1284968.88,763.32,762.00,763.32,0.62,0.35,0.28,1
618353.81,1284968.88,769.34,768.00,769.34,0.62,0.35,0.27,1
618446.12,1284968.88,777.36,776.00,777.36,0.62,0.35,0.28,1
618538.38,1284968.88,773.39,772.00,773.39,0.63,0.36,0.28,1
618630.62,1284968.88,773.41,772.00,773.41,0.62,0.35,0.27,1
618722.94,1284968.88,783.44,782.00,783.44,0.61,0.34,0.26,1
618815.19,1284968.88,798.47,797.00,798.47,0.60,0.33,0.25,1
618907.50,1284968.88,823.51,822.00,823.51,0.60,0.33,0.25,1
618999.75,1284968.88,840.54,839.00,840.54,0.61,0.33,0.25,1
619092.06,1284968.88,844.57,843.00,844.57,0.62,0.34,0.26,1
619184.31,1284968.88,852.60,851.00,852.60,0.61,0.33,0.25,1
619276.62,1284968.88,867.62,866.00,867.62,0.62,0.34,0.26,1
619368.88,1284968.88,874.65,873.00,874.65,0.62,0.34,0.26,1
619461.19,1284968.88,881.67,880.00,881.67,0.61,0.33,0.25,1
619553.44,1284968.88,886.69,885.00,886.69,0.59,0.31,0.23,1
619645.69,1284968.88,891.71,890.00,891.71,0.58,0.30,0.22,1
619738.00,1284968.88,904.72,903.00,904.72,0.59,0.31,0.23,1
619830.25,1284968.88,916.71,915.00,916.71,0.60,0.32,0.24,1
619922.56,1284968.88,927.65,926.00,927.65,0.60,0.32,0.24,1
620014.81,1284968.88,943.50,942.00,943.50,0.58,0.30,0.22,1
620107.12,1284968.88,973.15,972.00,973.15,0.56,0.30,0.23,1
620199.38,1284968.88,1003.88,1003.00,1003.88,0.58,0.34,0.26,1
620291.69,1284968.88,1015.81,1015.00,1015.81,0.63,0.38,0.31,1
620383.94,1284968.88,1011.79,1011.00,1011.79,0.62,0.38,0.31,1
620476.19,1284968.88,1022.73,1022.00,1022.73,0.59,0.36,0.29,1
620568.50,1284968.88,1040.57,1040.00,1040.57,0.61,0.38,0.31,1
620660.75,1284968.88,1058.32,1058.00,1058.32,0.64,0.44,0.38,1
620753.06,1284968.88,1074.14,1074.00,1074.14,0.68,0.51,0.46,1
620845.31,1284968.88,1088.06,1088.00,1088.06,0.75,0.61,0.51,1
620937.62,1284968.88,1101.04,1101.00,1101.04,0.76,0.62,0.51,1
621029.88,1284968.88,1112.03,1112.00,1112.03,0.78,0.64,0.53,1
621122.19,1284968.88,1117.02,1117.00,1117.02,0.81,0.67,0.57,1
621214.44,1284968.88,1108.02,1108.00,1108.02,0.84,0.70,0.59,1
621306.69,1284968.88,1091.02,1091.00,1091.02,0.84,0.70,0.60,1
621399.00,1284968.88,1077.02,1077.00,1077.02,0.85,0.71,0.60,1
621491.25,1284968.88,1058.11,1058.00,1058.11,0.78,0.61,0.57,1
621583.56,1284968.88,1035.50,1035.00,1035.50,0.72,0.50,0.44,1
621675.81,1284968.88,1014.05,1013.00,1014.05,0.68,0.43,0.35,1
621768.12,1284968.88,996.24,995.00,996.24,0.66,0.40,0.32,1
621860.38,1284968.88,996.20,995.00,996.20,0.64,0.38,0.31,1
621952.69,1284968.88,1007.12,1006.00,1007.12,0.64,0.38,0.31,1
622044.94,1284968.88,1012.09,1011.00,1012.09,0.66,0.40,0.33,1
622137.19,1284968.88,998.10,997.00,998.10,0.67,0.41,0.34,1
622229.50,1284968.88,971.19,970.00,971.19,0.67,0.40,0.33,1
622321.75,1284968.88,946.42,945.00,946.42,0.65,0.38,0.30,1
622414.06,1284968.88,927.58,926.00,927.58,0.64,0.36,0.28,1
622506.31,1284968.88,905.63,904.00,905.63,0.64,0.36,0.28,1
622598.62,1284968.88,880.64,879.00,880.64,0.64,0.36,0.28,1
622690.88,1284968.88,860.64,859.00,860.64,0.63,0.35,0.27,1
622783.19,1284968.88,846.63,845.00,846.63,0.61,0.33,0.25,1
622875.44,1284968.88,830.63,829.00,830.63,0.61,0.33,0.25,1
622967.69,1284968.88,809.63,808.00,809.63,0.62,0.34,0.26,1
623060.00,1284968.88,797.64,796.00,797.64,0.62,0.34,0.26,1
623152.25,1284968.88,795.65,794.00,795.65,0.62,0.34,0.26,1
623244.56,1284968.88,788.65,787.00,788.65,0.63,0.35,0.27,1
623336.81,1284968.88,777.65,776.00,777.65,0.64,0.36,0.28,1
623429.12,1284968.88,766.65,765.00,766.65,0.64,0.36,0.28,1
623521.38,1284968.88,758.65,757.00,758.65,0.63,0.35,0.27,1
623613.69,1284968.88,753.64,752.00,753.64,0.63,0.35,0.27,1
623705.94,1284968.88,752.64,751.00,752.64,0.62,0.34,0.26,1
623798.19,1284968.88,752.64,751.00,752.64,0.62,0.34,0.26,1
623890.50,1284968.88,749.63,748.00,749.63,0.62,0.34,0.26,1
623982.75,1284968.88,749.63,748.00,749.63,0.62,0.34,0.26,1
624075.06,1284968.88,751.63,750.00,751.63,0.62,0.34,0.26,1
624167.31,1284968.88,753.63,752.00,753.63,0.62,0.34,0.26,1
624259.62,1284968.88,758.63,757.00,758.63,0.63,0.35,0.27,1
624351.88,1284968.88,763.62,762.00,763.62,0.63,0.35,0.27,1
624444.19,1284968.88,767.62,766.00,767.62,0.63,0.35,0.27,1
624536.44,1284968.88,775.61,774.00,775.61,0.63,0.35,0.27,1
624628.69,1284968.88,780.60,779.00,780.60,0.63,0.35,0.27,1
624721.00,1284968.88,786.57,785.00,786.57,0.62,0.34,0.26,1
624813.25,1284968.88,788.53,787.00,788.53,0.62,0.35,0.27,1
624905.56,1284968.88,782.48,781.00,782.48,0.62,0.35,0.27,1
624997.81,1284968.88,773.40,772.00,773.40,0.61,0.34,0.27,1
625090.12,1284968.88,778.32,777.00,778.32,0.60,0.33,0.25,1
625182.38,1284968.88,792.27,791.00,792.27,0.59,0.33,0.25,1
625274.69,1284968.88,801.24,800.00,801.24,0.60,0.34,0.26,1
625366.94,1284968.88,801.38,800.29,801.38,0.58,0.32,0.24,1
625459.19,1284968.88,-9999.00,-9999.00,-9999.00,0.71,0.71,0.71,0
614385.88,1284876.62,-9999.00,-9999.00,-9999.00,0.71,0.71,0.71,0
614478.12,1284876.62,774.13,773.00,774.13,0.32,0.06,-0.01,1
614570.44,1284876.62,769.21,768.00,769.21,0.63,0.37,0.29,1
614662.69,1284876.62,765.23,764.00,765.23,0.63,0.36,0.29,1
614755.00,1284876.62,762.28,761.00,762.28,0.63,0.36,0.28,1
614847.25,1284876.62,755.37,754.00,755.37,0.62,0.35,0.27,1
614939.56,1284876.62,753.46,752.00,753.46,0.61,0.33,0.26,1
615031.81,1284876.62,761.53,760.00,761.53,0.61,0.33,0.25,1
615124.12,1284876.62,771.58,770.00,771.58,0.61,0.34,0.26,1
615216.38,1284876.62,771.61,770.00,771.61,0.62,0.34,0.26,1
615308.62,1284876.62,762.62,761.00,762.62,0.62,0.34,0.26,1
615400.94,1284876.62,762.64,761.00,762.64,0.60,0.32,0.24,1
615493.19,1284876.62,763.64,762.00,763.64,0.61,0.33,0.25,1
615585.50,1284876.62,760.65,759.00,760.65,0.62,0.34,0.26,1
615677.75,1284876.62,749.65,748.00,749.65,0.63,0.35,0.27,1
615770.06,1284876.62,742.65,741.00,742.65,0.63,0.35,0.27,1
615862.31,1284876.62,739.64,738.00,739.64,0.62,0.34,0.26,1
615954.62,1284876.62,739.64,738.00,739.64,0.62,0.34,0.26,1
616046.88,1284876.62,739.63,738.00,739.63,0.62,0.34,0.26,1
616139.12,1284876.62,740.62,739.00,740.62,0.62,0.34,0.26,1
616231.44,1284876.62,737.60,736.00,737.60,0.62,0.34,0.26,1
616323.69,1284876.62,735.58,734.00,735.58,0.62,0.34,0.26,1
616416.00,1284876.62,741.55,740.00,741.55,0.62,0.34,0.27,1
616508.25,1284876.62,747.52,746.00,747.52,0.62,0.34,0.27,1
616600.56,1284876.62,749.49,748.00,749.49,0.62,0.35,0.27,1
616692.81,1284876.62,742.45,741.00,742.45,0.62,0.35,0.27,1
616785.12,1284876.62,740.40,739.00,740.40,0.62,0.35,0.27,1
616877.38,1284876.62,743.35,742.00,743.35,0.62,0.35,0.27,1
616969.62,1284876.62,748.30,747.00,748.30,0.63,0.36,0.29,1
617061.94,1284876.62,740.26,739.00,740.26,0.63,0.37,0.29,1
617154.19,1284876.62,741.23,740.00,741.23,0.62,0.36,0.28,1
617246.50,1284876.62,744.22,743.00,744.22,0.63,0.36,0.29,1
617338.75,1284876.62,743.21,742.00,743.21,0.63,0.37,0.29,1
617431.06,1284876.62,743.20,742.00,743.20,0.63,0.36,0.29,1
617523.31,1284876.62,745.20,744.00,745.20,0.62,0.36,0.28,1
617615.62,1284876.62,749.21,748.00,749.21,0.62,0.35,0.28,1
617707.88,1284876.62,760.21,759.00,760.21,0.61,0.35,0.27,1
617800.12,1284876.62,769.22,768.00,769.22,0.61,0.35,0.27,1
617892.44,1284876.62,776.24,775.00,776.24,0.61,0.35,0.27,1
617984.69,1284876.62,777.25,776.00,777.25,0.62,0.35,0.28,1
618077.00,1284876.62,774.27,773.00,774.27,0.63,0.36,0.28,1
618169.25,1284876.62,765.29,764.00,765.29,0.63,0.36,0.28,1
618261.56,1284876.62,758.32,757.00,758.32,0.62,0.35,0.27,1
618353.81,1284876.62,767.34,766.00,767.34,0.61,0.34,0.26,1
618446.12,1284876.62,777.36,776.00,777.36,0.62,0.35,0.27,1
618538.38,1284876.62,773.39,772.00,773.39,0.62,0.35,0.27,1
618630.62,1284876.62,773.41,772.00,773.41,0.61,0.34,0.26,1
618722.94,1284876.62,787.44,786.00,787.44,0.60,0.33,0.25,1
618815.19,1284876.62,806.48,805.00,806.48,0.60,0.32,0.25,1
618907.50,1284876.62,825.51,824.00,825.51,0.60,0.32,0.24,1
618999.75,1284876.62,832.55,831.00,832.55,0.60,0.32,0.24,1
619092.06,1284876.62,838.59,837.00,838.59,0.60,0.32,0.24,1
619184.31,1284876.62,849.62,848.00,849.62,0.59,0.31,0.23,1
619276.62,1284876.62,871.66,870.00,871.66,0.60,0.31,0.23,1
619368.88,1284876.62,884.71,883.00,884.71,0.61,0.33,0.25,1
619461.19,1284876.62,883.77,882.00,883.77,0.62,0.34,0.26,1
619553.44,1284876.62,866.85,865.00,866.85,0.61,0.32,0.24,1
619645.69,1284876.62,863.92,862.00,863.92,0.58,0.29,0.21,1
619738.00,1284876.62,882.01,880.00,882.01,0.57,0.28,0.19,1
619830.25,1284876.62,901.08,899.00,901.08,0.58,0.28,0.20,1
619922.56,1284876.62,914.06,912.00,914.06,0.58,0.29,0.21,1
620014.81,1284876.62,922.89,921.00,922.89,0.57,0.28,0.20,1
620107.12,1284876.62,950.37,949.00,950.37,0.54,0.27,0.19,1
620199.38,1284876.62,978.85,978.00,978.85,0.53,0.28,0.21,1
620291.69,1284876.62,995.74,995.00,995.74,0.56,0.32,0.25,1
620383.94,1284876.62,994.74,994.00,994.74,0.58,0.34,0.27,1
620476.19,1284876.62,1001.70,1001.00,1001.70,0.56,0.33,0.26,1
620568.50,1284876.62,1026.54,1026.00,1026.54,0.54,0.32,0.25,1
620660.75,1284876.62,1060.27,1060.00,1060.27,0.53,0.34,0.28,1
620753.06,1284876.62,1096.10,1096.00,1096.10,0.57,0.43,0.33,1
620845.31,1284876.62,1129.03,1129.00,1129.03,0.63,0.50,0.39,1
620937.62,1284876.62,1154.02,1154.00,1154.02,0.68,0.54,0.44,1
621029.88,1284876.62,1175.01,1175.00,1175.01,0.73,0.59,0.48,1
621122.19,1284876.62,1188.01,1188.00,1188.01,0.81,0.67,0.56,1
621214.44,1284876.62,1173.02,1173.00,1173.02,0.86,0.72,0.61,1
621306.69,1284876.62,1146.02,1146.00,1146.02,0.86,0.72,0.61,1
621399.00,1284876.62,1128.03,1128.00,1128.03,0.86,0.72,0.61,1
621491.25,1284876.62,1102.05,1102.00,1102.05,0.86,0.72,0.62,1
621583.56,1284876.62,1069.19,1069.00,1069.19,0.77,0.58,0.53,1
621675.81,1284876.62,1038.61,1038.00,1038.61,0.71,0.48,0.41,1
621768.12,1284876.62,1023.88,1023.00,1023.88,0.68,0.43,0.36,1
621860.38,1284876.62,1026.91,1026.00,1026.91,0.66,0.41,0.34,1
621952.69,1284876.62,1030.87,1030.00,1030.87,0.65,0.41,0.34,1
622044.94,1284876.62,1023.83,1023.00,1023.83,0.65,0.41,0.34,1
622137.19,1284876.62,1003.84,1003.00,1003.84,0.65,0.41,0.34,1
622229.50,1284876.62,972.06,971.00,972.06,0.64,0.38,0.31,1
622321.75,1284876.62,942.49,941.00,942.49,0.63,0.35,0.27,1
622414.06,1284876.62,920.71,919.00,920.71,0.63,0.34,0.26,1
622506.31,1284876.62,901.78,900.00,901.78,0.63,0.35,0.27,1
622598.62,1284876.62,878.79,877.00,878.79,0.64,0.35,0.27,1
622690.88,1284876.62,850.76,849.00,850.76,0.64,0.35,0.27,1
622783.19,1284876.62,824.73,823.00,824.73,0.63,0.34,0.26,1
622875.44,1284876.62,803.69,802.00,803.69,0.61,0.33,0.25,1
622967.69,1284876.62,792.67,791.00,792.67,0.61,0.33,0.25,1
623060.00,1284876.62,791.66,790.00,791.66,0.61,0.33,0.25,1
623152.25,1284876.62,792.66,791.00,792.66,0.62,0.33,0.25,1
623244.56,1284876.62,791.65,790.00,791.65,0.63,0.35,0.27,1
623336.81,1284876.62,783.65,782.00,783.65,0.64,0.35,0.27,1
623429.12,1284876.62,770.65,769.00,770.65,0.63,0.35,0.27,1
623521.38,1284876.62,761.64,760.00,761.64,0.63,0.35,0.27,1
623613.69,1284876.62,756.64,755.00,756.64,0.63,0.35,0.27,1
623705.94,1284876.62,753.63,752.00,753.63,0.63,0.35,0.27,1
623798.19,1284876.62,751.63,750.00,751.63,0.62,0.34,0.26,1
623890.50,1284876.62,749.62,748.00,749.62,0.62,0.34,0.26,1
623982.75,1284876.62,751.62,750.00,751.62,0.62,0.34,0.26,1
624075.06,1284876.62,757.62,756.00,757.62,0.61,0.33,0.25,1
624167.31,1284876.62,766.62,765.00,766.62,0.62,0.34,0.26,1
624259.62,1284876.62,771.61,770.00,771.61,0.62,0.34,0.26,1
624351.88,1284876.62,774.61,773.00,774.61,0.62,0.34,0.26,1
624444.19,1284876.62,782.60,781.00,782.60,0.62,0.34,0.26,1
624536.44,1284876.62,790.59,789.00,790.59,0.62,0.34,0.26,1
624628.69,1284876.62,793.58,792.00,793.58,0.63,0.35,0.27,1
624721.00,1284876.62,792.55,791.00,792.55,0.63,0.35,0.27,1
624813.25,1284876.62,787.51,786.00,787.51,0.63,0.35,0.27,1
624905.56,1284876.62,777.46,776.00,777.46,0.63,0.36,0.28,1
624997.81,1284876.62,766.38,765.00,766.38,0.62,0.35,0.28,1
625090.12,1284876.62,767.29,766.00,767.29,0.61,0.34,0.26,1
625182.38,1284876.62,777.24,776.00,777.24,0.59,0.33,0.25,1
625274.69,1284876.62,785.21,784.00,785.21,0.59,0.33,0.25,1
625366.94,1284876.62,793.84,792.78,793.84,0.58,0.32,0.25,1
625459.19,1284876.62,-9999.00,-9999.00,-9999.00,0.71,0.71,0.71,0
614385.88,1284784.38,-9999.00,-9999.00,-9999.00,0.71,0.71,0.71,0
614478.12,1284784.38,775.14,774.00,775.14,0.32,0.06,-0.01,1
614570.44,1284784.38,769.24,768.00,769.24,0.64,0.37,0.29,1
614662.69,1284784.38,767.25,766.00,767.25,0.64,0.37,0.30,1
614755.00,1284784.38,761.30,760.00,761.30,0.64,0.37,0.29,1
614847.25,1284784.38,750.39,749.00,750.39,0.63,0.36,0.29,1
614939.56,1284784.38,745.47,744.00,745.47,0.62,0.34,0.27,1
615031.81,1284784.38,751.53,750.00,751.53,0.60,0.33,0.25,1
615124.12,1284784.38,760.57,759.00,760.57,0.60,0.33,0.25,1
615216.38,1284784.38,762.60,761.00,762.60,0.62,0.34,0.26,1
615308.62,1284784.38,757.62,756.00,757.62,0.63,0.35,0.27,1
615400.94,1284784.38,748.63,747.00,748.63,0.62,0.34,0.26,1
615493.19,1284784.38,749.64,748.00,749.64,0.60,0.32,0.24,1
615585.50,1284784.38,761.64,760.00,761.64,0.62,0.34,0.26,1
615677.75,1284784.38,758.64,757.00,758.64,0.63,0.35,0.27,1
615770.06,1284784.38,745.64,744.00,745.64,0.63,0.35,0.27,1
615862.31,1284784.38,740.64,739.00,740.64,0.63,0.34,0.26,1
615954.62,1284784.38,738.64,737.00,738.64,0.62,0.34,0.26,1
616046.88,1284784.38,739.63,738.00,739.63,0.62,0.34,0.26,1
616139.12,1284784.38,739.62,738.00,739.62,0.62,0.34,0.26,1
616231.44,1284784.38,736.61,735.00,736.61,0.62,0.34,0.26,1
616323.69,1284784.38,739.59,738.00,739.59,0.62,0.34,0.26,1
616416.00,1284784.38,748.56,747.00,748.56,0.62,0.34,0.26,1
616508.25,1284784.38,749.54,748.00,749.54,0.62,0.35,0.27,1
616600.56,1284784.38,744.50,743.00,744.50,0.62,0.35,0.27,1
616692.81,1284784.38,738.46,737.00,738.46,0.62,0.35,0.27,1
616785.12,1284784.38,739.41,738.00,739.41,0.62,0.35,0.27,1
616877.38,1284784.38,741.35,740.00,741.35,0.62,0.35,0.27,1
616969.62,1284784.38,750.30,749.00,750.30,0.63,0.36,0.28,1
617061.94,1284784.38,741.25,740.00,741.25,0.63,0.37,0.29,1
617154.19,1284784.38,741.22,740.00,741.22,0.62,0.36,0.28,1
617246.50,1284784.38,745.20,744.00,745.20,0.62,0.36,0.28,1
617338.75,1284784.38,746.19,745.00,746.19,0.63,0.36,0.29,1
617431.06,1284784.38,745.19,744.00,745.19,0.63,0.37,0.29,1
617523.31,1284784.38,745.18,744.00,745.18,0.62,0.36,0.29,1
617615.62,1284784.38,748.19,747.00,748.19,0.62,0.35,0.28,1
617707.88,1284784.38,758.19,757.00,758.19,0.61,0.34,0.27,1
617800.12,1284784.38,770.20,769.00,770.20,0.62,0.35,0.28,1
617892.44,1284784.38,770.21,769.00,770.21,0.62,0.36,0.28,1
617984.69,1284784.38,769.23,768.00,769.23,0.62,0.35,0.28,1
618077.00,1284784.38,769.26,768.00,769.26,0.62,0.36,0.28,1
618169.25,1284784.38,759.28,758.00,759.28,0.63,0.36,0.28,1
618261.56,1284784.38,756.31,755.00,756.31,0.62,0.36,0.28,1
618353.81,1284784.38,763.34,762.00,763.34,0.62,0.35,0.27,1
618446.12,1284784.38,769.36,768.00,769.36,0.61,0.34,0.27,1
618538.38,1284784.38,768.39,767.00,768.39,0.62,0.35,0.27,1
618630.62,1284784.38,772.42,771.00,772.42,0.61,0.34,0.26,1
618722.94,1284784.38,784.45,783.00,784.45,0.60,0.33,0.25,1
618815.19,1284784.38,799.48,798.00,799.48,0.59,0.32,0.24,1
618907.50,1284784.38,812.52,811.00,812.52,0.60,0.32,0.24,1
618999.75,1284784.38,814.56,813.00,814.56,0.60,0.32,0.24,1
619092.06,1284784.38,827.60,826.00,827.60,0.59,0.32,0.24,1
619184.31,1284784.38,837.64,836.00,837.64,0.59,0.31,0.23,1
619276.62,1284784.38,858.69,857.00,858.69,0.58,0.30,0.21,1
619368.88,1284784.38,873.76,872.00,873.76,0.59,0.30,0.22,1
619461.19,1284784.38,873.85,872.00,873.85,0.61,0.32,0.24,1
619553.44,1284784.38,850.99,849.00,850.99,0.62,0.33,0.25,1
619645.69,1284784.38,833.20,831.00,833.20,0.60,0.30,0.21,1
619738.00,1284784.38,846.50,844.00,846.50,0.58,0.27,0.18,1
619830.25,1284784.38,869.82,867.00,869.82,0.58,0.27,0.18,1
619922.56,1284784.38,882.02,879.00,882.02,0.58,0.27,0.18,1
620014.81,1284784.38,890.08,887.00,890.08,0.58,0.26,0.17,1
620107.12,1284784.38,911.64,909.00,911.64,0.57,0.26,0.17,1
620199.38,1284784.38,934.81,933.00,934.81,0.54,0.26,0.18,1
620291.69,1284784.38,952.29,951.00,952.29,0.54,0.27,0.19,1
620383.94,1284784.38,964.03,963.00,964.03,0.55,0.29,0.22,1
620476.19,1284784.38,980.80,980.00,980.80,0.56,0.31,0.24,1
620568.50,1284784.38,1009.55,1009.00,1009.55,0.54,0.31,0.25,1
620660.75,1284784.38,1044.28,1044.00,1044.28,0.51,0.31,0.26,1
620753.06,1284784.38,1083.11,1083.00,1083.11,0.48,0.31,0.27,1
620845.31,1284784.38,1122.04,1122.00,1122.04,0.50,0.36,0.25,1
620937.62,1284784.38,1152.02,1152.00,1152.02,0.53,0.39,0.29,1
621029.88,1284784.38,1184.02,1184.00,1184.02,0.54,0.40,0.30,1
621122.19,1284784.38,1220.02,1220.00,1220.02,0.63,0.50,0.39,1
621214.44,1284784.38,1225.04,1225.00,1225.04,0.79,0.65,0.55,1
621306.69,1284784.38,1200.05,1200.00,1200.05,0.85,0.71,0.61,1
621399.00,1284784.38,1174.06,1174.00,1174.06,0.86,0.72,0.61,1
621491.25,1284784.38,1138.07,1138.00,1138.07,0.86,0.72,0.62,1
621583.56,1284784.38,1100.13,1100.00,1100.13,0.79,0.62,0.57,1
621675.81,1284784.38,1071.35,1071.00,1071.35,0.74,0.53,0.47,1
621768.12,1284784.38,1060.57,1060.00,1060.57,0.70,0.47,0.41,1
621860.38,1284784.38,1051.63,1051.00,1051.63,0.68,0.45,0.38,1
621952.69,1284784.38,1036.62,1036.00,1036.62,0.66,0.43,0.36,1
622044.94,1284784.38,1015.58,1015.00,1015.58,0.65,0.42,0.35,1
622137.19,1284784.38,981.64,981.00,981.64,0.63,0.40,0.33,1
622229.50,1284784.38,943.15,942.00,943.15,0.61,0.35,0.27,1
622321.75,1284784.38,915.85,914.00,915.85,0.60,0.31,0.23,1
622414.06,1284784.38,905.08,903.00,905.08,0.60,0.31,0.22,1
622506.31,1284784.38,897.10,895.00,897.10,0.61,0.32,0.23,1
622598.62,1284784.38,880.01,878.00,880.01,0.63,0.33,0.25,1
622690.88,1284784.38,855.89,854.00,855.89,0.64,0.35,0.27,1
622783.19,1284784.38,822.80,821.00,822.80,0.65,0.36,0.28,1
622875.44,1284784.38,795.74,794.00,795.74,0.64,0.36,0.28,1
622967.69,1284784.38,785.70,784.00,785.70,0.62,0.34,0.26,1
623060.00,1284784.38,782.68,781.00,782.68,0.61,0.33,0.25,1
623152.25,1284784.38,785.66,784.00,785.66,0.61,0.33,0.25,1
623244.56,1284784.38,790.66,789.00,790.66,0.62,0.33,0.25,1
623336.81,1284784.38,785.65,784.00,785.65,0.63,0.35,0.27,1
623429.12,1284784.38,770.65,769.00,770.65,0.63,0.35,0.27,1
623521.38,1284784.38,761.64,760.00,761.64,0.63,0.35,0.27,1
623613.69,1284784.38,757.63,756.00,757.63,0.62,0.34,0.26,1
623705.94,1284784.38,755.62,754.00,755.62,0.62,0.34,0.26,1
623798.19,1284784.38,752.61,751.00,752.61,0.62,0.34,0.26,1
623890.50,1284784.38,753.61,752.00,753.61,0.62,0.34,0.27,1
623982.75,1284784.38,752.60,751.00,752.60,0.62,0.35,0.27,1
624075.06,1284784.38,752.60,751.00,752.60,0.61,0.33,0.25,1
624167.31,1284784.38,761.60,760.00,761.60,0.60,0.32,0.24,1
624259.62,1284784.38,768.59,767.00,768.59,0.60,0.32,0.25,1
624351.88,1284784.38,773.59,772.00,773.59,0.61,0.33,0.25,1
624444.19,1284784.38,778.58,777.00,778.58,0.61,0.33,0.25,1
624536.44,1284784.38,783.57,782.00,783.57,0.60,0.33,0.25,1
624628.69,1284784.38,789.55,788.00,789.55,0.61,0.33,0.25,1
624721.00,1284784.38,792.53,791.00,792.53,0.62,0.34,0.26,1
624813.25,1284784.38,785.49,784.00,785.49,0.63,0.35,0.27,1
624905.56,1284784.38,774.43,773.00,774.43,0.63,0.36,0.28,1
624997.81,1284784.38,764.34,763.00,764.34,0.63,0.36,0.28,1
625090.12,1284784.38,760.25,759.00,760.25,0.62,0.35,0.28,1
625182.38,1284784.38,764.19,763.00,764.19,0.60,0.34,0.27,1
625274.69,1284784.38,770.15,769.00,770.15,0.59,0.33,0.25,1
625366.94,1284784.38,787.77,786.76,787.77,0.58,0.32,0.25,1
625459.19,1284784.38,-9999.00,-9999.00,-9999.00,0.71,0.71,0.71,0
614385.88,1284692.12,-9999.00,-9999.00,-9999.00,0.71,0.71,0.71,0
614478.12,1284692.12,778.16,777.00,778.16,0.32,0.06,-0.01,1
614570.44,1284692.12,776.26,775.00,776.26,0.63,0.36,0.29,1
614662.69,1284692.12,776.27,775.00,776.27,0.63,0.37,0.29,1
614755.00,1284692.12,769.32,768.00,769.32,0.64,0.37,0.30,1
614847.25,1284692.12,757.40,756.00,757.40,0.65,0.37,0.30,1
614939.56,1284692.12,746.47,745.00,746.47,0.63,0.36,0.28,1
615031.81,1284692.12,744.53,743.00,744.53,0.62,0.34,0.26,1
615124.12,1284692.12,751.56,750.00,751.56,0.61,0.33,0.25,1
615216.38,1284692.12,759.59,758.00,759.59,0.61,0.33,0.25,1
615308.62,1284692.12,759.61,758.00,759.61,0.62,0.34,0.26,1
615400.94,1284692.12,748.62,747.00,748.62,0.63,0.35,0.27,1
615493.19,1284692.12,745.64,744.00,745.64,0.61,0.33,0.25,1
615585.50,1284692.12,760.64,759.00,760.64,0.61,0.33,0.25,1
615677.75,1284692.12,757.64,756.00,757.64,0.62,0.34,0.26,1
615770.06,1284692.12,743.64,742.00,743.64,0.63,0.35,0.27,1
615862.31,1284692.12,739.64,738.00,739.64,0.62,0.34,0.26,1
615954.62,1284692.12,743.64,742.00,743.64,0.63,0.35,0.27,1
616046.88,1284692.12,746.64,745.00,746.64,0.63,0.35,0.27,1
616139.12,1284692.12,741.63,740.00,741.63,0.63,0.35,0.27,1
616231.44,1284692.12,737.62,736.00,737.62,0.63,0.35,0.27,1
616323.69,1284692.12,738.60,737.00,738.60,0.62,0.34,0.26,1
616416.00,1284692.12,745.58,744.00,745.58,0.61,0.34,0.26,1
616508.25,1284692.12,743.55,742.00,743.55,0.62,0.35,0.27,1
616600.56,1284692.12,739.52,738.00,739.52,0.63,0.35,0.27,1
616692.81,1284692.12,737.48,736.00,737.48,0.63,0.35,0.27,1
616785.12,1284692.12,738.42,737.00,738.42,0.62,0.35,0.27,1
616877.38,1284692.12,740.36,739.00,740.36,0.62,0.35,0.27,1
616969.62,1284692.12,748.30,747.00,748.30,0.62,0.35,0.28,1
617061.94,1284692.12,742.25,741.00,742.25,0.63,0.37,0.29,1
617154.19,1284692.12,740.21,739.00,740.21,0.63,0.36,0.29,1
617246.50,1284692.12,743.19,742.00,743.19,0.62,0.36,0.28,1
617338.75,1284692.12,745.17,744.00,745.17,0.62,0.36,0.29,1
617431.06,1284692.12,745.17,744.00,745.17,0.63,0.37,0.29,1
617523.31,1284692.12,745.17,744.00,745.17,0.62,0.36,0.29,1
617615.62,1284692.12,748.17,747.00,748.17,0.62,0.36,0.28,1
617707.88,1284692.12,754.17,753.00,754.17,0.61,0.35,0.27,1
617800.12,1284692.12,767.18,766.00,767.18,0.61,0.35,0.27,1
617892.44,1284692.12,766.19,765.00,766.19,0.62,0.36,0.29,1
617984.69,1284692.12,762.21,761.00,762.21,0.62,0.36,0.28,1
618077.00,1284692.12,760.24,759.00,760.24,0.62,0.35,0.28,1
618169.25,1284692.12,754.27,753.00,754.27,0.62,0.36,0.28,1
618261.56,1284692.12,760.31,759.00,760.31,0.62,0.36,0.28,1
618353.81,1284692.12,767.34,766.00,767.34,0.63,0.36,0.28,1
618446.12,1284692.12,764.36,763.00,764.36,0.63,0.36,0.28,1
618538.38,1284692.12,768.39,767.00,768.39,0.62,0.35,0.27,1
618630.62,1284692.12,773.42,772.00,773.42,0.62,0.35,0.27,1
618722.94,1284692.12,780.46,779.00,780.46,0.61,0.34,0.26,1
618815.19,1284692.12,790.49,789.00,790.49,0.60,0.33,0.25,1
618907.50,1284692.12,798.52,797.00,798.52,0.60,0.33,0.25,1
618999.75,1284692.12,803.56,802.00,803.56,0.60,0.33,0.25,1
619092.06,1284692.12,815.60,814.00,815.60,0.60,0.32,0.24,1
619184.31,1284692.12,820.65,819.00,820.65,0.59,0.31,0.23,1
619276.62,1284692.12,832.71,831.00,832.71,0.58,0.30,0.22,1
619368.88,1284692.12,844.79,843.00,844.79,0.58,0.30,0.21,1
619461.19,1284692.12,849.90,848.00,849.90,0.59,0.30,0.22,1
619553.44,1284692.12,840.09,838.00,840.09,0.61,0.32,0.23,1
619645.69,1284692.12,817.38,815.00,817.38,0.61,0.31,0.22,1
619738.00,1284692.12,820.86,818.00,820.86,0.59,0.28,0.19,1
619830.25,1284692.12,840.55,837.00,840.55,0.59,0.26,0.17,1
619922.56,1284692.12,845.24,841.00,845.24,0.60,0.26,0.16,1
620014.81,1284692.12,851.73,847.00,851.73,0.60,0.25,0.15,1
620107.12,1284692.12,870.80,866.00,870.80,0.60,0.25,0.15,1
620199.38,1284692.12,890.35,886.00,890.35,0.59,0.25,0.16,1
620291.69,1284692.12,908.55,905.00,908.55,0.58,0.26,0.16,1
620383.94,1284692.12,929.54,927.00,929.54,0.57,0.27,0.18,1
620476.19,1284692.12,964.48,963.00,964.48,0.55,0.28,0.20,1
620568.50,1284692.12,998.78,998.00,998.78,0.54,0.30,0.23,1
620660.75,1284692.12,1032.42,1032.00,1032.42,0.53,0.32,0.26,1
620753.06,1284692.12,1063.24,1063.00,1063.24,0.51,0.31,0.26,1
620845.31,1284692.12,1095.13,1095.00,1095.13,0.47,0.30,0.25,1
620937.62,1284692.12,1129.07,1129.00,1129.07,0.47,0.33,0.23,1
621029.88,1284692.12,1163.05,1163.00,1163.05,0.48,0.34,0.23,1
621122.19,1284692.12,1196.06,1196.00,1196.06,0.50,0.36,0.25,1
621214.44,1284692.12,1214.09,1214.00,1214.09,0.60,0.46,0.35,1
621306.69,1284692.12,1213.12,1213.00,1213.12,0.67,0.50,0.45,1
621399.00,1284692.12,1194.13,1194.00,1194.13,0.71,0.54,0.49,1
621491.25,1284692.12,1167.14,1167.00,1167.14,0.73,0.56,0.51,1
621583.56,1284692.12,1144.17,1144.00,1144.17,0.75,0.57,0.52,1
621675.81,1284692.12,1122.27,1122.00,1122.27,0.74,0.54,0.49,1
621768.12,1284692.12,1092.45,1092.00,1092.45,0.71,0.50,0.43,1
621860.38,1284692.12,1057.51,1057.00,1057.51,0.68,0.46,0.40,1
621952.69,1284692.12,1025.51,1025.00,1025.51,0.67,0.44,0.38,1
622044.94,1284692.12,994.50,994.00,994.50,0.65,0.43,0.37,1
622137.19,1284692.12,952.72,952.00,952.72,0.64,0.40,0.34,1
622229.50,1284692.12,908.78,907.00,908.78,0.62,0.33,0.25,1
622321.75,1284692.12,882.69,880.00,882.69,0.60,0.29,0.21,1
622414.06,1284692.12,876.71,874.00,876.71,0.59,0.28,0.20,1
622506.31,1284692.12,873.50,871.00,873.50,0.59,0.29,0.20,1
622598.62,1284692.12,865.21,863.00,865.21,0.60,0.30,0.22,1
622690.88,1284692.12,854.99,853.00,854.99,0.62,0.32,0.24,1
622783.19,1284692.12,835.85,834.00,835.85,0.64,0.35,0.27,1
622875.44,1284692.12,811.77,810.00,811.77,0.65,0.37,0.28,1
622967.69,1284692.12,787.73,786.00,787.73,0.64,0.36,0.28,1
623060.00,1284692.12,774.70,773.00,774.70,0.62,0.34,0.26,1
623152.25,1284692.12,774.67,773.00,774.67,0.61,0.33,0.25,1
623244.56,1284692.12,782.66,781.00,782.66,0.61,0.32,0.24,1
623336.81,1284692.12,783.65,782.00,783.65,0.62,0.34,0.26,1
623429.12,1284692.12,771.64,770.00,771.64,0.63,0.35,0.27,1
623521.38,1284692.12,758.63,757.00,758.63,0.63,0.35,0.27,1
623613.69,1284692.12,753.61,752.00,753.61,0.62,0.34,0.26,1
623705.94,1284692.12,753.60,752.00,753.60,0.62,0.34,0.26,1
623798.19,1284692.12,752.59,751.00,752.59,0.62,0.34,0.26,1
623890.50,1284692.12,753.58,752.00,753.58,0.63,0.35,0.27,1
623982.75,1284692.12,754.57,753.00,754.57,0.63,0.35,0.27,1
624075.06,1284692.12,751.57,750.00,751.57,0.63,0.35,0.27,1
624167.31,1284692.12,748.57,747.00,748.57,0.62,0.34,0.26,1
624259.62,1284692.12,752.56,751.00,752.56,0.60,0.33,0.25,1
624351.88,1284692.12,761.56,760.00,761.56,0.60,0.32,0.24,1
624444.19,1284692.12,767.55,766.00,767.55,0.60,0.32,0.24,1
624536.44,1284692.12,772.54,771.00,772.54,0.60,0.32,0.24,1
624628.69,1284692.12,776.52,775.00,776.52,0.60,0.32,0.24,1
624721.00,1284692.12,779.49,778.00,779.49,0.60,0.33,0.25,1
624813.25,1284692.12,778.45,777.00,778.45,0.61,0.34,0.26,1
624905.56,1284692.12,768.39,767.00,768.39,0.62,0.35,0.28,1
624997.81,1284692.12,758.30,757.00,758.30,0.62,0.36,0.28,1
625090.12,1284692.12,757.20,756.00,757.20,0.63,0.36,0.29,1
625182.38,1284692.12,757.12,756.00,757.12,0.63,0.37,0.29,1
625274.69,1284692.12,758.08,757.00,758.08,0.60,0.35,0.27,1
625366.94,1284692.12,783.17,782.24,783.17,0.57,0.32,0.25,1
625459.19,1284692.12,-9999.00,-9999.00,-9999.00,0.71,0.71,0.71,0
614385.88,1284599.88,-9999.00,-9999.00,-9999.00,0.71,0.71,0.71,0
614478.12,1284599.88,780.18,779.00,780.18,0.33,0.07,-0.01,1
614570.44,1284599.88,773.29,772.00,773.29,0.63,0.36,0.28,1
614662.69,1284599.88,773.30,772.00,773.30,0.62,0.35,0.27,1
614755.00,1284599.88,773.34,772.00,773.34,0.62,0.36,0.28,1
614847.25,1284599.88,767.40,766.00,767.40,0.64,0.36,0.29,1
614939.56,1284599.88,753.47,752.00,753.47,0.64,0.36,0.28,1
615031.81,1284599.88,745.52,744.00,745.52,0.62,0.35,0.27,1
615124.12,1284599.88,747.55,746.00,747.55,0.61,0.34,0.26,1
615216.38,1284599.88,750.58,749.00,750.58,0.61,0.34,0.26,1
615308.62,1284599.88,750.60,749.00,750.60,0.62,0.34,0.26,1
615400.94,1284599.88,744.61,743.00,744.61,0.62,0.34,0.26,1
615493.19,1284599.88,742.63,741.00,742.63,0.62,0.34,0.26,1
615585.50,1284599.88,747.63,746.00,747.63,0.61,0.33,0.25,1
615677.75,1284599.88,746.64,745.00,746.64,0.61,0.33,0.25,1
615770.06,1284599.88,741.64,740.00,741.64,0.63,0.35,0.27,1
615862.31,1284599.88,745.64,744.00,745.64,0.62,0.34,0.26,1
615954.62,1284599.88,757.64,756.00,757.64,0.63,0.35,0.27,1
616046.88,1284599.88,759.64,758.00,759.64,0.64,0.36,0.28,1
616139.12,1284599.88,750.64,749.00,750.64,0.64,0.36,0.28,1
616231.44,1284599.88,743.63,742.00,743.63,0.64,0.36,0.28,1
616323.69,1284599.88,738.62,737.00,738.62,0.62,0.34,0.26,1
616416.00,1284599.88,741.60,740.00,741.60,0.62,0.34,0.26,1
616508.25,1284599.88,745.57,744.00,745.57,0.62,0.35,0.27,1
616600.56,1284599.88,744.54,743.00,744.54,0.63,0.35,0.27,1
616692.81,1284599.88,741.50,740.00,741.50,0.63,0.35,0.27,1
616785.12,1284599.88,744.44,743.00,744.44,0.63,0.35,0.28,1
616877.38,1284599.88,747.37,746.00,747.37,0.63,0.36,0.28,1
616969.62,1284599.88,748.31,747.00,748.31,0.63,0.36,0.29,1
617061.94,1284599.88,745.25,744.00,745.25,0.64,0.37,0.29,1
617154.19,1284599.88,742.21,741.00,742.21,0.63,0.37,0.29,1
617246.50,1284599.88,744.18,743.00,744.18,0.63,0.37,0.30,1
617338.75,1284599.88,743.16,742.00,743.16,0.63,0.37,0.30,1
617431.06,1284599.88,745.15,744.00,745.15,0.64,0.37,0.30,1
617523.31,1284599.88,742.15,741.00,742.15,0.63,0.37,0.29,1
617615.62,1284599.88,748.15,747.00,748.15,0.62,0.36,0.28,1
617707.88,1284599.88,753.15,752.00,753.15,0.61,0.35,0.28,1
617800.12,1284599.88,762.16,761.00,762.16,0.61,0.35,0.28,1
617892.44,1284599.88,763.17,762.00,763.17,0.63,0.37,0.29,1
617984.69,1284599.88,757.19,756.00,757.19,0.63,0.37,0.29,1
618077.00,1284599.88,753.22,752.00,753.22,0.62,0.36,0.28,1
618169.25,1284599.88,757.26,756.00,757.26,0.62,0.35,0.28,1
618261.56,1284599.88,770.30,769.00,770.30,0.62,0.35,0.28,1
618353.81,1284599.88,774.33,773.00,774.33,0.63,0.36,0.28,1
618446.12,1284599.88,772.37,771.00,772.37,0.63,0.36,0.28,1
618538.38,1284599.88,772.40,771.00,772.40,0.62,0.35,0.28,1
618630.62,1284599.88,774.43,773.00,774.43,0.62,0.35,0.27,1
618722.94,1284599.88,780.47,779.00,780.47,0.62,0.34,0.27,1
618815.19,1284599.88,785.50,784.00,785.50,0.62,0.34,0.26,1
618907.50,1284599.88,791.53,790.00,791.53,0.61,0.33,0.25,1
618999.75,1284599.88,800.57,799.00,800.57,0.61,0.33,0.25,1
619092.06,1284599.88,810.61,809.00,810.61,0.61,0.33,0.25,1
619184.31,1284599.88,807.65,806.00,807.65,0.61,0.33,0.24,1
619276.62,1284599.88,812.71,811.00,812.71,0.59,0.31,0.23,1
619368.88,1284599.88,820.80,819.00,820.80,0.59,0.30,0.22,1
619461.19,1284599.88,820.93,819.00,820.93,0.59,0.30,0.22,1
619553.44,1284599.88,816.14,814.00,816.14,0.60,0.30,0.22,1
619645.69,1284599.88,803.48,801.00,803.48,0.61,0.30,0.22,1
619738.00,1284599.88,805.02,802.00,805.02,0.60,0.29,0.19,1
619830.25,1284599.88,814.83,811.00,814.83,0.60,0.27,0.17,1
619922.56,1284599.88,822.64,818.00,822.64,0.60,0.26,0.16,1
620014.81,1284599.88,838.13,833.00,838.13,0.60,0.25,0.15,1
620107.12,1284599.88,855.31,850.00,855.31,0.60,0.25,0.15,1
620199.38,1284599.88,868.25,863.00,868.25,0.60,0.25,0.15,1
620291.69,1284599.88,885.76,881.00,885.76,0.60,0.25,0.15,1
620383.94,1284599.88,912.69,909.00,912.69,0.59,0.26,0.17,1
620476.19,1284599.88,948.24,946.00,948.24,0.57,0.27,0.19,1
620568.50,1284599.88,986.25,985.00,986.25,0.55,0.28,0.21,1
620660.75,1284599.88,1019.77,1019.00,1019.77,0.55,0.31,0.24,1
620753.06,1284599.88,1042.55,1042.00,1042.55,0.55,0.32,0.26,1
620845.31,1284599.88,1067.40,1067.00,1067.40,0.52,0.31,0.25,1
620937.62,1284599.88,1101.27,1101.00,1101.27,0.49,0.29,0.24,1
621029.88,1284599.88,1137.19,1137.00,1137.19,0.48,0.30,0.25,1
621122.19,1284599.88,1166.18,1166.00,1166.18,0.50,0.32,0.26,1
621214.44,1284599.88,1187.21,1187.00,1187.21,0.54,0.36,0.31,1
621306.69,1284599.88,1189.26,1189.00,1189.26,0.60,0.40,0.35,1
621399.00,1284599.88,1176.29,1176.00,1176.29,0.62,0.43,0.37,1
621491.25,1284599.88,1159.29,1159.00,1159.29,0.64,0.44,0.39,1
621583.56,1284599.88,1143.29,1143.00,1143.29,0.65,0.45,0.40,1
621675.81,1284599.88,1123.33,1123.00,1123.33,0.66,0.46,0.40,1
621768.12,1284599.88,1087.44,1087.00,1087.44,0.67,0.45,0.39,1
621860.38,1284599.88,1051.50,1051.00,1051.50,0.67,0.45,0.39,1
621952.69,1284599.88,1019.49,1019.00,1019.49,0.68,0.46,0.40,1
622044.94,1284599.88,981.52,981.00,981.52,0.68,0.46,0.39,1
622137.19,1284599.88,937.93,937.00,937.93,0.66,0.41,0.34,1
622229.50,1284599.88,897.27,895.00,897.27,0.63,0.34,0.25,1
622321.75,1284599.88,866.09,863.00,866.09,0.62,0.30,0.21,1
622414.06,1284599.88,847.99,845.00,847.99,0.61,0.29,0.20,1
622506.31,1284599.88,836.68,834.00,836.68,0.60,0.29,0.20,1
622598.62,1284599.88,831.32,829.00,831.32,0.59,0.29,0.21,1
622690.88,1284599.88,829.07,827.00,829.07,0.59,0.30,0.22,1
622783.19,1284599.88,827.90,826.00,827.90,0.61,0.32,0.24,1
622875.44,1284599.88,820.80,819.00,820.80,0.63,0.35,0.27,1
622967.69,1284599.88,797.75,796.00,797.75,0.64,0.36,0.28,1
623060.00,1284599.88,776.72,775.00,776.72,0.64,0.35,0.27,1
623152.25,1284599.88,768.69,767.00,768.69,0.62,0.34,0.26,1
623244.56,1284599.88,772.66,771.00,772.66,0.61,0.33,0.25,1
623336.81,1284599.88,775.65,774.00,775.65,0.62,0.34,0.26,1
623429.12,1284599.88,765.63,764.00,765.63,0.63,0.35,0.27,1
623521.38,1284599.88,756.61,755.00,756.61,0.63,0.35,0.27,1
623613.69,1284599.88,752.59,751.00,752.59,0.63,0.35,0.27,1
623705.94,1284599.88,752.57,751.00,752.57,0.62,0.34,0.26,1
623798.19,1284599.88,754.55,753.00,754.55,0.62,0.34,0.26,1
623890.50,1284599.88,761.54,760.00,761.54,0.62,0.35,0.27,1
623982.75,1284599.88,765.54,764.00,765.54,0.63,0.36,0.28,1
624075.06,1284599.88,759.53,758.00,759.53,0.64,0.36,0.29,1
624167.31,1284599.88,751.53,750.00,751.53,0.64,0.36,0.28,1
624259.62,1284599.88,749.52,748.00,749.52,0.62,0.35,0.27,1
624351.88,1284599.88,750.52,749.00,750.52,0.61,0.34,0.26,1
624444.19,1284599.88,753.51,752.00,753.51,0.61,0.33,0.25,1
624536.44,1284599.88,756.50,755.00,756.50,0.61,0.33,0.25,1
624628.69,1284599.88,758.48,757.00,758.48,0.60,0.33,0.25,1
624721.00,1284599.88,760.46,759.00,760.46,0.60,0.33,0.25,1
624813.25,1284599.88,761.42,760.00,761.42,0.61,0.34,0.26,1
624905.56,1284599.88,757.37,756.00,757.37,0.62,0.35,0.27,1
624997.81,1284599.88,754.28,753.00,754.28,0.62,0.36,0.28,1
625090.12,1284599.88,758.17,757.00,758.17,0.63,0.36,0.29,1
625182.38,1284599.88,762.06,761.00,762.06,0.63,0.38,0.30,1
625274.69,1284599.88,765.02,764.00,765.02,0.63,0.38,0.30,1
625366.94,1284599.88,778.56,777.72,778.56,0.57,0.33,0.26,1
625459.19,1284599.88,-9999.00,-9999.00,-9999.00,0.71,0.71,0.71,0
614385.88,1284507.50,-9999.00,-9999.00,-9999.00,0.71,0.71,0.71,0
614478.12,1284507.50,785.20,784.00,785.20,0.33,0.07,-0.01,1
614570.44,1284507.50,769.31,768.00,769.31,0.64,0.37,0.29,1
614662.69,1284507.50,762.32,761.00,762.32,0.62,0.35,0.27,1
614755.00,1284507.50,763.35,762.00,763.35,0.61,0.34,0.26,1
614847.25,1284507.50,759.40,758.00,759.40,0.62,0.35,0.27,1
614939.56,1284507.50,748.46,747.00,748.46,0.63,0.35,0.27,1
615031.81,1284507.50,742.51,741.00,742.51,0.62,0.35,0.27,1
615124.12,1284507.50,744.54,743.00,744.54,0.62,0.34,0.26,1
615216.38,1284507.50,747.57,746.00,747.57,0.62,0.35,0.27,1
615308.62,1284507.50,747.59,746.00,747.59,0.62,0.35,0.27,1
615400.94,1284507.50,742.61,741.00,742.61,0.62,0.35,0.27,1
615493.19,1284507.50,741.62,740.00,741.62,0.62,0.34,0.26,1
615585.50,1284507.50,740.63,739.00,740.63,0.62,0.34,0.26,1
615677.75,1284507.50,741.64,740.00,741.64,0.61,0.33,0.25,1
615770.06,1284507.50,750.64,749.00,750.64,0.62,0.34,0.26,1
615862.31,1284507.50,761.64,760.00,761.64,0.62,0.34,0.26,1
615954.62,1284507.50,769.64,768.00,769.64,0.62,0.34,0.26,1
616046.88,1284507.50,771.64,770.00,771.64,0.63,0.35,0.27,1
616139.12,1284507.50,767.64,766.00,767.64,0.64,0.36,0.28,1
616231.44,1284507.50,754.64,753.00,754.64,0.64,0.36,0.28,1
616323.69,1284507.50,740.63,739.00,740.63,0.63,0.35,0.27,1
616416.00,1284507.50,742.61,741.00,742.61,0.62,0.34,0.26,1
616508.25,1284507.50,750.59,749.00,750.59,0.62,0.34,0.26,1
616600.56,1284507.50,750.56,749.00,750.56,0.63,0.35,0.27,1
616692.81,1284507.50,745.51,744.00,745.51,0.63,0.35,0.27,1
616785.12,1284507.50,751.46,750.00,751.46,0.62,0.35,0.27,1
616877.38,1284507.50,758.39,757.00,758.39,0.63,0.36,0.28,1
616969.62,1284507.50,756.32,755.00,756.32,0.64,0.37,0.29,1
617061.94,1284507.50,751.25,750.00,751.25,0.64,0.37,0.30,1
617154.19,1284507.50,749.21,748.00,749.21,0.63,0.37,0.29,1
617246.50,1284507.50,756.17,755.00,756.17,0.64,0.38,0.30,1
617338.75,1284507.50,757.15,756.00,757.15,0.64,0.38,0.31,1
617431.06,1284507.50,758.14,757.00,758.14,0.65,0.38,0.31,1
617523.31,1284507.50,749.13,748.00,749.13,0.64,0.38,0.31,1
617615.62,1284507.50,747.13,746.00,747.13,0.62,0.36,0.29,1
617707.88,1284507.50,752.13,751.00,752.13,0.62,0.36,0.28,1
617800.12,1284507.50,759.14,758.00,759.14,0.62,0.35,0.28,1
617892.44,1284507.50,763.15,762.00,763.15,0.62,0.36,0.29,1
617984.69,1284507.50,759.17,758.00,759.17,0.63,0.37,0.30,1
618077.00,1284507.50,752.20,751.00,752.20,0.63,0.36,0.29,1
618169.25,1284507.50,760.24,759.00,760.24,0.61,0.35,0.27,1
618261.56,1284507.50,772.29,771.00,772.29,0.61,0.35,0.27,1
618353.81,1284507.50,771.33,770.00,771.33,0.62,0.35,0.27,1
618446.12,1284507.50,771.37,770.00,771.37,0.62,0.35,0.27,1
618538.38,1284507.50,772.40,771.00,772.40,0.62,0.35,0.27,1
618630.62,1284507.50,777.44,776.00,777.44,0.62,0.34,0.27,1
618722.94,1284507.50,784.47,783.00,784.47,0.62,0.34,0.27,1
618815.19,1284507.50,789.51,788.00,789.51,0.62,0.35,0.27,1
618907.50,1284507.50,791.54,790.00,791.54,0.62,0.34,0.26,1
618999.75,1284507.50,799.58,798.00,799.58,0.61,0.33,0.25,1
619092.06,1284507.50,803.61,802.00,803.61,0.61,0.33,0.25,1
619184.31,1284507.50,795.65,794.00,795.65,0.61,0.33,0.25,1
619276.62,1284507.50,795.71,794.00,795.71,0.60,0.32,0.24,1
619368.88,1284507.50,798.80,797.00,798.80,0.60,0.32,0.24,1
619461.19,1284507.50,794.94,793.00,794.94,0.60,0.31,0.23,1
619553.44,1284507.50,792.17,790.00,792.17,0.61,0.31,0.23,1
619645.69,1284507.50,792.54,790.00,792.54,0.61,0.30,0.22,1
619738.00,1284507.50,800.11,797.00,800.11,0.60,0.29,0.20,1
619830.25,1284507.50,812.92,809.00,812.92,0.60,0.27,0.17,1
619922.56,1284507.50,832.65,828.00,832.65,0.60,0.26,0.16,1
620014.81,1284507.50,856.02,851.00,856.02,0.60,0.25,0.15,1
620107.12,1284507.50,873.15,868.00,873.15,0.60,0.25,0.15,1
620199.38,1284507.50,885.11,880.00,885.11,0.60,0.25,0.15,1
620291.69,1284507.50,902.70,898.00,902.70,0.60,0.26,0.16,1
620383.94,1284507.50,925.69,922.00,925.69,0.60,0.27,0.18,1
620476.19,1284507.50,945.36,943.00,945.36,0.60,0.30,0.22,1
620568.50,1284507.50,968.46,967.00,968.46,0.58,0.31,0.23,1
620660.75,1284507.50,1000.96,1000.00,1000.96,0.57,0.32,0.24,1
620753.06,1284507.50,1026.71,1026.00,1026.71,0.57,0.34,0.27,1
620845.31,1284507.50,1051.56,1051.00,1051.56,0.57,0.34,0.28,1
620937.62,1284507.50,1079.44,1079.00,1079.44,0.55,0.33,0.27,1
621029.88,1284507.50,1109.36,1109.00,1109.36,0.53,0.32,0.26,1
621122.19,1284507.50,1139.34,1139.00,1139.34,0.53,0.32,0.26,1
621214.44,1284507.50,1163.35,1163.00,1163.35,0.56,0.35,0.29,1
621306.69,1284507.50,1168.39,1168.00,1168.39,0.61,0.40,0.34,1
621399.00,1284507.50,1154.45,1154.00,1154.45,0.63,0.41,0.35,1
621491.25,1284507.50,1138.49,1138.00,1138.49,0.62,0.40,0.34,1
621583.56,1284507.50,1120.50,1120.00,1120.50,0.62,0.40,0.33,1
621675.81,1284507.50,1099.49,1099.00,1099.49,0.62,0.40,0.34,1
621768.12,1284507.50,1071.54,1071.00,1071.54,0.65,0.42,0.36,1
621860.38,1284507.50,1044.55,1044.00,1044.55,0.66,0.44,0.37,1
621952.69,1284507.50,1017.55,1017.00,1017.55,0.68,0.46,0.39,1
622044.94,1284507.50,983.59,983.00,983.59,0.69,0.46,0.39,1
622137.19,1284507.50,941.01,940.00,941.01,0.67,0.42,0.35,1
622229.50,1284507.50,906.23,904.00,906.23,0.64,0.35,0.26,1
622321.75,1284507.50,875.00,872.00,875.00,0.63,0.31,0.22,1
622414.06,1284507.50,845.98,843.00,845.98,0.62,0.31,0.22,1
622506.31,1284507.50,825.73,823.00,825.73,0.62,0.31,0.22,1
622598.62,1284507.50,811.39,809.00,811.39,0.62,0.31,0.23,1
622690.88,1284507.50,804.13,802.00,804.13,0.60,0.31,0.23,1
622783.19,1284507.50,806.96,805.00,806.96,0.59,0.30,0.22,1
622875.44,1284507.50,811.85,810.00,811.85,0.60,0.32,0.24,1
622967.69,1284507.50,801.79,800.00,801.79,0.63,0.35,0.26,1
623060.00,1284507.50,779.74,778.00,779.74,0.64,0.35,0.27,1
623152.25,1284507.50,766.70,765.00,766.70,0.63,0.35,0.27,1
623244.56,1284507.50,765.67,764.00,765.67,0.61,0.33,0.25,1
623336.81,1284507.50,770.64,769.00,770.64,0.61,0.33,0.25,1
623429.12,1284507.50,770.61,769.00,770.61,0.63,0.35,0.27,1
623521.38,1284507.50,766.58,765.00,766.58,0.64,0.36,0.28,1
623613.69,1284507.50,757.55,756.00,757.55,0.63,0.36,0.28,1
623705.94,1284507.50,751.53,750.00,751.53,0.62,0.35,0.27,1
623798.19,1284507.50,755.51,754.00,755.51,0.61,0.34,0.26,1
623890.50,1284507.50,765.50,764.00,765.50,0.61,0.33,0.25,1
623982.75,1284507.50,773.49,772.00,773.49,0.62,0.34,0.26,1
624075.06,1284507.50,772.49,771.00,772.49,0.64,0.36,0.28,1
624167.31,1284507.50,762.49,761.00,762.49,0.64,0.37,0.29,1
624259.62,1284507.50,753.48,752.00,753.48,0.64,0.36,0.28,1
624351.88,1284507.50,749.48,748.00,749.48,0.63,0.35,0.27,1
624444.19,1284507.50,749.48,748.00,749.48,0.63,0.35,0.27,1
624536.44,1284507.50,749.47,748.00,749.47,0.63,0.35,0.27,1
624628.69,1284507.50,749.46,748.00,749.46,0.62,0.35,0.27,1
624721.00,1284507.50,752.43,751.00,752.43,0.62,0.34,0.27,1
624813.25,1284507.50,754.40,753.00,754.40,0.62,0.35,0.27,1
624905.56,1284507.50,753.35,752.00,753.35,0.62,0.35,0.27,1
624997.81,1284507.50,756.27,755.00,756.27,0.62,0.35,0.28,1
625090.12,1284507.50,764.15,763.00,764.15,0.62,0.36,0.28,1
625182.38,1284507.50,773.03,772.00,773.03,0.62,0.37,0.30,1
625274.69,1284507.50,780.95,780.00,780.95,0.64,0.39,0.31,1
625366.94,1284507.50,777.53,776.74,777.53,0.57,0.33,0.26,1
625459.19,1284507.50,-9999.00,-9999.00,-9999.00,0.71,0.71,0.71,0
614385.88,1284415.25,-9999.00,-9999.00,-9999.00,0.71,0.71,0.71,0
614478.12,1284415.25,789.21,788.00,789.21,0.33,0.07,-0.01,1
614570.44,1284415.25,773.31,772.00,773.31,0.64,0.38,0.30,1
614662.69,1284415.25,757.32,756.00,757.32,0.63,0.36,0.29,1
614755.00,1284415.25,751.35,750.00,751.35,0.62,0.35,0.28,1
614847.25,1284415.25,746.40,745.00,746.40,0.62,0.35,0.27,1
614939.56,1284415.25,742.46,741.00,742.46,0.62,0.35,0.27,1
615031.81,1284415.25,740.50,739.00,740.50,0.62,0.34,0.26,1
615124.12,1284415.25,750.53,749.00,750.53,0.61,0.34,0.26,1
615216.38,1284415.25,757.56,756.00,757.56,0.62,0.35,0.27,1
615308.62,1284415.25,751.58,750.00,751.58,0.63,0.35,0.27,1
615400.94,1284415.25,743.60,742.00,743.60,0.63,0.35,0.27,1
615493.19,1284415.25,740.62,739.00,740.62,0.62,0.34,0.26,1
615585.50,1284415.25,739.63,738.00,739.63,0.62,0.34,0.26,1
615677.75,1284415.25,743.64,742.00,743.64,0.61,0.33,0.25,1
615770.06,1284415.25,764.65,763.00,764.65,0.61,0.33,0.25,1
615862.31,1284415.25,775.65,774.00,775.65,0.62,0.34,0.26,1
615954.62,1284415.25,773.65,772.00,773.65,0.62,0.34,0.26,1
616046.88,1284415.25,776.65,775.00,776.65,0.62,0.34,0.26,1
616139.12,1284415.25,775.65,774.00,775.65,0.63,0.35,0.27,1
616231.44,1284415.25,758.64,757.00,758.64,0.64,0.36,0.28,1
616323.69,1284415.25,744.63,743.00,744.63,0.64,0.36,0.28,1
616416.00,1284415.25,742.62,741.00,742.62,0.63,0.35,0.27,1
616508.25,1284415.25,749.60,748.00,749.60,0.62,0.34,0.26,1
616600.56,1284415.25,750.57,749.00,750.57,0.62,0.35,0.27,1
616692.81,1284415.25,747.53,746.00,747.53,0.62,0.35,0.27,1
616785.12,1284415.25,753.47,752.00,753.47,0.61,0.34,0.26,1
616877.38,1284415.25,760.41,759.00,760.41,0.62,0.35,0.27,1
616969.62,1284415.25,762.33,761.00,762.33,0.63,0.36,0.29,1
617061.94,1284415.25,757.26,756.00,757.26,0.63,0.37,0.29,1
617154.19,1284415.25,757.21,756.00,757.21,0.63,0.36,0.29,1
617246.50,1284415.25,772.16,771.00,772.16,0.63,0.37,0.29,1
617338.75,1284415.25,771.13,770.00,771.13,0.64,0.38,0.31,1
617431.06,1284415.25,765.12,764.00,765.12,0.64,0.38,0.31,1
617523.31,1284415.25,753.11,752.00,753.11,0.65,0.39,0.31,1
617615.62,1284415.25,746.11,745.00,746.11,0.63,0.37,0.30,1
617707.88,1284415.25,748.11,747.00,748.11,0.62,0.36,0.28,1
617800.12,1284415.25,756.12,755.00,756.12,0.61,0.35,0.28,1
617892.44,1284415.25,760.13,759.00,760.13,0.62,0.36,0.29,1
617984.69,1284415.25,757.15,756.00,757.15,0.63,0.37,0.29,1
618077.00,1284415.25,753.18,752.00,753.18,0.63,0.36,0.29,1
618169.25,1284415.25,759.22,758.00,759.22,0.61,0.35,0.27,1
618261.56,1284415.25,766.27,765.00,766.27,0.61,0.35,0.27,1
618353.81,1284415.25,765.32,764.00,765.32,0.62,0.35,0.27,1
618446.12,1284415.25,768.37,767.00,768.37,0.62,0.35,0.27,1
618538.38,1284415.25,770.41,769.00,770.41,0.62,0.35,0.27,1
618630.62,1284415.25,776.44,775.00,776.44,0.61,0.34,0.26,1
618722.94,1284415.25,785.48,784.00,785.48,0.61,0.33,0.25,1
618815.19,1284415.25,796.51,795.00,796.51,0.62,0.34,0.26,1
618907.50,1284415.25,793.54,792.00,793.54,0.62,0.35,0.27,1
618999.75,1284415.25,791.58,790.00,791.58,0.61,0.33,0.26,1
619092.06,1284415.25,790.61,789.00,790.61,0.61,0.33,0.25,1
619184.31,1284415.25,785.65,784.00,785.65,0.62,0.34,0.26,1
619276.62,1284415.25,786.71,785.00,786.71,0.62,0.34,0.26,1
619368.88,1284415.25,789.80,788.00,789.80,0.62,0.34,0.25,1
619461.19,1284415.25,788.94,787.00,788.94,0.62,0.33,0.25,1
619553.44,1284415.25,793.17,791.00,793.17,0.62,0.32,0.24,1
619645.69,1284415.25,799.55,797.00,799.55,0.62,0.31,0.22,1
619738.00,1284415.25,807.15,804.00,807.15,0.61,0.29,0.20,1
619830.25,1284415.25,830.86,827.00,830.86,0.60,0.27,0.17,1
619922.56,1284415.25,861.34,857.00,861.34,0.60,0.26,0.16,1
620014.81,1284415.25,882.51,878.00,882.51,0.60,0.26,0.16,1
620107.12,1284415.25,898.48,894.00,898.48,0.60,0.26,0.16,1
620199.38,1284415.25,917.18,913.00,917.18,0.60,0.27,0.17,1
620291.69,1284415.25,937.51,934.00,937.51,0.61,0.28,0.19,1
620383.94,1284415.25,955.66,953.00,955.66,0.62,0.31,0.22,1
620476.19,1284415.25,968.89,967.00,968.89,0.63,0.34,0.26,1
620568.50,1284415.25,983.35,982.00,983.35,0.62,0.36,0.28,1
620660.75,1284415.25,1006.96,1006.00,1006.96,0.61,0.36,0.29,1
620753.06,1284415.25,1033.72,1033.00,1033.72,0.61,0.37,0.30,1
620845.31,1284415.25,1058.57,1058.00,1058.57,0.61,0.39,0.32,1
620937.62,1284415.25,1081.47,1081.00,1081.47,0.61,0.39,0.33,1
621029.88,1284415.25,1103.41,1103.00,1103.41,0.60,0.39,0.33,1
621122.19,1284415.25,1126.40,1126.00,1126.40,0.59,0.38,0.32,1
621214.44,1284415.25,1146.41,1146.00,1146.41,0.60,0.38,0.32,1
621306.69,1284415.25,1153.45,1153.00,1153.45,0.63,0.41,0.35,1
621399.00,1284415.25,1142.53,1142.00,1142.53,0.66,0.44,0.38,1
621491.25,1284415.25,1118.63,1118.00,1118.63,0.66,0.43,0.37,1
621583.56,1284415.25,1094.71,1094.00,1094.71,0.65,0.41,0.34,1
621675.81,1284415.25,1076.72,1076.00,1076.72,0.64,0.40,0.33,1
621768.12,1284415.25,1055.73,1055.00,1055.73,0.65,0.41,0.34,1
621860.38,1284415.25,1038.71,1038.00,1038.71,0.66,0.42,0.35,1
621952.69,1284415.25,1018.70,1018.00,1018.70,0.68,0.44,0.37,1
622044.94,1284415.25,984.72,984.00,984.72,0.68,0.45,0.38,1
622137.19,1284415.25,947.03,946.00,947.03,0.67,0.42,0.34,1
622229.50,1284415.25,920.86,919.00,920.86,0.65,0.36,0.28,1
622321.75,1284415.25,892.58,890.00,892.58,0.64,0.33,0.24,1
622414.06,1284415.25,855.78,853.00,855.78,0.63,0.32,0.23,1
622506.31,1284415.25,833.67,831.00,833.67,0.63,0.32,0.23,1
622598.62,1284415.25,818.43,816.00,818.43,0.63,0.33,0.24,1
622690.88,1284415.25,801.19,799.00,801.19,0.63,0.33,0.25,1
622783.19,1284415.25,788.03,786.00,788.03,0.61,0.32,0.24,1
622875.44,1284415.25,789.91,788.00,789.91,0.60,0.31,0.23,1
622967.69,1284415.25,790.83,789.00,790.83,0.61,0.32,0.24,1
623060.00,1284415.25,781.77,780.00,781.77,0.63,0.35,0.26,1
623152.25,1284415.25,770.73,769.00,770.73,0.63,0.35,0.27,1
623244.56,1284415.25,763.68,762.00,763.68,0.62,0.34,0.26,1
623336.81,1284415.25,766.64,765.00,766.64,0.61,0.33,0.25,1
623429.12,1284415.25,771.60,770.00,771.60,0.62,0.34,0.26,1
623521.38,1284415.25,769.56,768.00,769.56,0.63,0.35,0.27,1
623613.69,1284415.25,760.53,759.00,760.53,0.63,0.36,0.28,1
623705.94,1284415.25,753.50,752.00,753.50,0.63,0.35,0.27,1
623798.19,1284415.25,753.48,752.00,753.48,0.62,0.35,0.27,1
623890.50,1284415.25,755.47,754.00,755.47,0.61,0.33,0.26,1
623982.75,1284415.25,762.46,761.00,762.46,0.60,0.33,0.25,1
624075.06,1284415.25,771.46,770.00,771.46,0.61,0.34,0.26,1
624167.31,1284415.25,772.45,771.00,772.45,0.63,0.36,0.28,1
624259.62,1284415.25,759.45,758.00,759.45,0.64,0.37,0.29,1
624351.88,1284415.25,751.45,750.00,751.45,0.63,0.36,0.28,1
624444.19,1284415.25,757.45,756.00,757.45,0.63,0.36,0.28,1
624536.44,1284415.25,760.44,759.00,760.44,0.64,0.36,0.29,1
624628.69,1284415.25,755.43,754.00,755.43,0.64,0.37,0.29,1
624721.00,1284415.25,753.42,752.00,753.42,0.63,0.36,0.28,1
624813.25,1284415.25,752.38,751.00,752.38,0.62,0.35,0.28,1
624905.56,1284415.25,753.33,752.00,753.33,0.62,0.36,0.28,1
624997.81,1284415.25,757.26,756.00,757.26,0.62,0.36,0.28,1
625090.12,1284415.25,766.15,765.00,766.15,0.62,0.36,0.28,1
625182.38,1284415.25,775.02,774.00,775.02,0.62,0.36,0.29,1
625274.69,1284415.25,781.91,781.00,781.91,0.63,0.38,0.31,1
625366.94,1284415.25,780.10,779.29,780.10,0.57,0.33,0.26,1
625459.19,1284415.25,-9999.00,-9999.00,-9999.00,0.71,0.71,0.71,0
614385.88,1284323.00,-9999.00,-9999.00,-9999.00,0.71,0.71,0.71,0
614478.12,1284323.00,783.18,782.00,783.18,0.33,0.07,-0.01,1
614570.44,1284323.00,770.27,769.00,770.27,0.63,0.37,0.29,1
614662.69,1284323.00,755.31,754.00,755.31,0.64,0.37,0.29,1
614755.00,1284323.00,750.35,749.00,750.35,0.64,0.37,0.29,1
614847.25,1284323.00,748.40,747.00,748.40,0.64,0.37,0.29,1
614939.56,1284323.00,744.45,743.00,744.45,0.63,0.36,0.28,1
615031.81,1284323.00,742.49,741.00,742.49,0.62,0.35,0.27,1
615124.12,1284323.00,750.53,749.00,750.53,0.62,0.34,0.26,1
615216.38,1284323.00,752.56,751.00,752.56,0.62,0.34,0.26,1
615308.62,1284323.00,747.58,746.00,747.58,0.62,0.34,0.27,1
615400.94,1284323.00,743.60,742.00,743.60,0.62,0.35,0.27,1
615493.19,1284323.00,741.62,740.00,741.62,0.62,0.34,0.26,1
615585.50,1284323.00,742.63,741.00,742.63,0.62,0.34,0.26,1
615677.75,1284323.00,752.64,751.00,752.64,0.61,0.33,0.25,1
615770.06,1284323.00,772.65,771.00,772.65,0.61,0.33,0.25,1
615862.31,1284323.00,775.65,774.00,775.65,0.62,0.34,0.26,1
615954.62,1284323.00,768.65,767.00,768.65,0.62,0.34,0.26,1
616046.88,1284323.00,772.65,771.00,772.65,0.62,0.34,0.26,1
616139.12,1284323.00,769.65,768.00,769.65,0.63,0.35,0.27,1
616231.44,1284323.00,755.65,754.00,755.65,0.63,0.35,0.27,1
616323.69,1284323.00,758.64,757.00,758.64,0.64,0.36,0.28,1
616416.00,1284323.00,756.63,755.00,756.63,0.64,0.36,0.28,1
616508.25,1284323.00,751.61,750.00,751.61,0.63,0.35,0.27,1
616600.56,1284323.00,750.58,749.00,750.58,0.63,0.35,0.27,1
616692.81,1284323.00,750.54,749.00,750.54,0.63,0.35,0.27,1
616785.12,1284323.00,751.49,750.00,751.49,0.62,0.35,0.27,1
616877.38,1284323.00,757.42,756.00,757.42,0.62,0.34,0.27,1
616969.62,1284323.00,764.35,763.00,764.35,0.63,0.36,0.28,1
617061.94,1284323.00,759.27,758.00,759.27,0.63,0.36,0.29,1
617154.19,1284323.00,764.21,763.00,764.21,0.62,0.35,0.28,1
617246.50,1284323.00,777.16,776.00,777.16,0.62,0.36,0.28,1
617338.75,1284323.00,772.12,771.00,772.12,0.63,0.37,0.30,1
617431.06,1284323.00,763.10,762.00,763.10,0.63,0.37,0.30,1
617523.31,1284323.00,759.09,758.00,759.09,0.64,0.38,0.31,1
617615.62,1284323.00,751.09,750.00,751.09,0.64,0.39,0.31,1
617707.88,1284323.00,746.09,745.00,746.09,0.63,0.37,0.30,1
617800.12,1284323.00,750.09,749.00,750.09,0.61,0.36,0.28,1
617892.44,1284323.00,754.10,753.00,754.10,0.62,0.36,0.28,1
617984.69,1284323.00,753.12,752.00,753.12,0.62,0.36,0.29,1
618077.00,1284323.00,755.16,754.00,755.16,0.63,0.37,0.29,1
618169.25,1284323.00,757.20,756.00,757.20,0.63,0.36,0.29,1
618261.56,1284323.00,758.26,757.00,758.26,0.62,0.35,0.28,1
618353.81,1284323.00,764.31,763.00,764.31,0.62,0.35,0.27,1
618446.12,1284323.00,771.36,770.00,771.36,0.62,0.35,0.28,1
618538.38,1284323.00,772.41,771.00,772.41,0.63,0.35,0.28,1
618630.62,1284323.00,773.44,772.00,773.44,0.62,0.35,0.27,1
618722.94,1284323.00,780.48,779.00,780.48,0.61,0.34,0.26,1
618815.19,1284323.00,788.51,787.00,788.51,0.61,0.33,0.25,1
618907.50,1284323.00,786.54,785.00,786.54,0.62,0.34,0.26,1
618999.75,1284323.00,782.58,781.00,782.58,0.62,0.34,0.26,1
619092.06,1284323.00,783.61,782.00,783.61,0.61,0.33,0.25,1
619184.31,1284323.00,788.66,787.00,788.66,0.62,0.34,0.26,1
619276.62,1284323.00,796.71,795.00,796.71,0.62,0.33,0.25,1
619368.88,1284323.00,804.80,803.00,804.80,0.62,0.34,0.26,1
619461.19,1284323.00,807.92,806.00,807.92,0.63,0.34,0.26,1
619553.44,1284323.00,816.14,814.00,816.14,0.63,0.33,0.25,1
619645.69,1284323.00,825.51,823.00,825.51,0.62,0.32,0.23,1
619738.00,1284323.00,837.00,834.00,837.00,0.61,0.30,0.21,1
619830.25,1284323.00,859.34,856.00,859.34,0.61,0.28,0.19,1
619922.56,1284323.00,883.42,880.00,883.42,0.60,0.28,0.19,1
620014.81,1284323.00,904.26,901.00,904.26,0.61,0.29,0.19,1
620107.12,1284323.00,926.64,924.00,926.64,0.61,0.30,0.21,1
620199.38,1284323.00,953.70,952.00,953.70,0.62,0.34,0.26,1
620291.69,1284323.00,977.01,976.00,977.01,0.64,0.38,0.31,1
620383.94,1284323.00,996.72,996.00,996.72,0.65,0.41,0.35,1
620476.19,1284323.00,1012.64,1012.00,1012.64,0.66,0.43,0.36,1
620568.50,1284323.00,1024.62,1024.00,1024.62,0.66,0.43,0.36,1
620660.75,1284323.00,1041.58,1041.00,1041.58,0.65,0.42,0.35,1
620753.06,1284323.00,1064.50,1064.00,1064.50,0.64,0.42,0.36,1
620845.31,1284323.00,1084.43,1084.00,1084.43,0.65,0.43,0.37,1
620937.62,1284323.00,1103.39,1103.00,1103.39,0.65,0.44,0.38,1
621029.88,1284323.00,1125.38,1125.00,1125.38,0.66,0.45,0.39,1
621122.19,1284323.00,1140.39,1140.00,1140.39,0.66,0.45,0.39,1
621214.44,1284323.00,1150.42,1150.00,1150.42,0.65,0.44,0.38,1
621306.69,1284323.00,1156.47,1156.00,1156.47,0.67,0.45,0.39,1
621399.00,1284323.00,1151.54,1151.00,1151.54,0.69,0.47,0.40,1
621491.25,1284323.00,1131.66,1131.00,1131.66,0.70,0.47,0.40,1
621583.56,1284323.00,1102.84,1102.00,1102.84,0.68,0.44,0.37,1
621675.81,1284323.00,1075.94,1075.00,1075.94,0.67,0.41,0.34,1
621768.12,1284323.00,1056.95,1056.00,1056.95,0.66,0.41,0.34,1
621860.38,1284323.00,1040.91,1040.00,1040.91,0.66,0.41,0.34,1
621952.69,1284323.00,1023.88,1023.00,1023.88,0.67,0.42,0.35,1
622044.94,1284323.00,992.90,992.00,992.90,0.68,0.43,0.36,1
622137.19,1284323.00,958.11,957.00,958.11,0.67,0.41,0.33,1
622229.50,1284323.00,934.62,933.00,934.62,0.65,0.37,0.29,1
622321.75,1284323.00,904.21,902.00,904.21,0.64,0.35,0.26,1
622414.06,1284323.00,864.51,862.00,864.51,0.64,0.33,0.24,1
622506.31,1284323.00,841.55,839.00,841.55,0.63,0.32,0.23,1
622598.62,1284323.00,828.43,826.00,828.43,0.63,0.33,0.24,1
622690.88,1284323.00,811.24,809.00,811.24,0.63,0.34,0.25,1
622783.19,1284323.00,787.10,785.00,787.10,0.63,0.34,0.25,1
622875.44,1284323.00,774.99,773.00,774.99,0.62,0.32,0.24,1
622967.69,1284323.00,777.90,776.00,777.90,0.60,0.32,0.23,1
623060.00,1284323.00,781.83,780.00,781.83,0.62,0.33,0.25,1
623152.25,1284323.00,775.77,774.00,775.77,0.63,0.35,0.26,1
623244.56,1284323.00,766.71,765.00,766.71,0.63,0.35,0.27,1
623336.81,1284323.00,763.65,762.00,763.65,0.62,0.34,0.26,1
623429.12,1284323.00,766.60,765.00,766.60,0.61,0.34,0.26,1
623521.38,1284323.00,768.55,767.00,768.55,0.62,0.35,0.27,1
623613.69,1284323.00,761.51,760.00,761.51,0.63,0.36,0.28,1
623705.94,1284323.00,755.48,754.00,755.48,0.63,0.35,0.28,1
623798.19,1284323.00,753.46,752.00,753.46,0.63,0.35,0.27,1
623890.50,1284323.00,751.44,750.00,751.44,0.62,0.35,0.27,1
623982.75,1284323.00,753.44,752.00,753.44,0.61,0.34,0.26,1
624075.06,1284323.00,762.43,761.00,762.43,0.61,0.33,0.25,1
624167.31,1284323.00,769.43,768.00,769.43,0.62,0.35,0.27,1
624259.62,1284323.00,764.43,763.00,764.43,0.63,0.36,0.28,1
624351.88,1284323.00,759.43,758.00,759.43,0.63,0.35,0.28,1
624444.19,1284323.00,768.43,767.00,768.43,0.62,0.35,0.27,1
624536.44,1284323.00,775.43,774.00,775.43,0.63,0.36,0.28,1
624628.69,1284323.00,769.42,768.00,769.42,0.64,0.37,0.29,1
624721.00,1284323.00,760.40,759.00,760.40,0.64,0.37,0.29,1
624813.25,1284323.00,755.37,754.00,755.37,0.63,0.36,0.28,1
624905.56,1284323.00,758.32,757.00,758.32,0.62,0.35,0.28,1
624997.81,1284323.00,769.25,768.00,769.25,0.62,0.36,0.28,1
625090.12,1284323.00,774.15,773.00,774.15,0.63,0.37,0.30,1
625182.38,1284323.00,776.04,775.00,776.04,0.63,0.37,0.30,1
625274.69,1284323.00,780.95,780.00,780.95,0.62,0.37,0.30,1
625366.94,1284323.00,782.66,781.85,782.66,0.57,0.33,0.26,1
625459.19,1284323.00,-9999.00,-9999.00,-9999.00,0.71,0.71,0.71,0
614385.88,1284230.75,-9999.00,-9999.00,-9999.00,0.71,0.71,0.71,0
614478.12,1284230.75,766.13,765.00,766.13,0.32,0.06,-0.01,1
614570.44,1284230.75,759.19,758.00,759.19,0.62,0.36,0.29,1
614662.69,1284230.75,757.26,756.00,757.26,0.63,0.36,0.29,1
614755.00,1284230.75,764.32,763.00,764.32,0.64,0.37,0.29,1
614847.25,1284230.75,763.39,762.00,763.39,0.64,0.37,0.29,1
614939.56,1284230.75,753.44,752.00,753.44,0.64,0.37,0.29,1
615031.81,1284230.75,748.49,747.00,748.49,0.63,0.35,0.27,1
615124.12,1284230.75,753.52,752.00,753.52,0.62,0.35,0.27,1
615216.38,1284230.75,749.55,748.00,749.55,0.63,0.35,0.27,1
615308.62,1284230.75,744.58,743.00,744.58,0.62,0.34,0.27,1
615400.94,1284230.75,742.60,741.00,742.60,0.62,0.34,0.26,1
615493.19,1284230.75,742.62,741.00,742.62,0.62,0.34,0.26,1
615585.50,1284230.75,748.63,747.00,748.63,0.61,0.33,0.25,1
615677.75,1284230.75,758.64,757.00,758.64,0.61,0.33,0.25,1
615770.06,1284230.75,765.65,764.00,765.65,0.60,0.32,0.24,1
615862.31,1284230.75,762.65,761.00,762.65,0.61,0.33,0.25,1
615954.62,1284230.75,763.65,762.00,763.65,0.61,0.33,0.25,1
616046.88,1284230.75,776.65,775.00,776.65,0.62,0.34,0.26,1
616139.12,1284230.75,769.65,768.00,769.65,0.63,0.35,0.27,1
616231.44,1284230.75,763.65,762.00,763.65,0.62,0.34,0.26,1
616323.69,1284230.75,777.64,776.00,777.64,0.63,0.35,0.27,1
616416.00,1284230.75,777.63,776.00,777.63,0.64,0.36,0.28,1
616508.25,1284230.75,764.62,763.00,764.62,0.64,0.36,0.28,1
616600.56,1284230.75,763.59,762.00,763.59,0.64,0.36,0.28,1
616692.81,1284230.75,761.55,760.00,761.55,0.64,0.36,0.28,1
616785.12,1284230.75,761.50,760.00,761.50,0.64,0.36,0.28,1
616877.38,1284230.75,762.44,761.00,762.44,0.63,0.36,0.28,1
616969.62,1284230.75,766.37,765.00,766.37,0.62,0.35,0.28,1
617061.94,1284230.75,764.29,763.00,764.29,0.63,0.36,0.29,1
617154.19,1284230.75,765.22,764.00,765.22,0.62,0.36,0.28,1
617246.50,1284230.75,770.16,769.00,770.16,0.62,0.36,0.28,1
617338.75,1284230.75,761.11,760.00,761.11,0.62,0.36,0.29,1
617431.06,1284230.75,755.08,754.00,755.08,0.62,0.36,0.29,1
617523.31,1284230.75,758.07,757.00,758.07,0.63,0.37,0.30,1
617615.62,1284230.75,756.06,755.00,756.06,0.64,0.38,0.31,1
617707.88,1284230.75,750.06,749.00,750.06,0.64,0.39,0.31,1
617800.12,1284230.75,745.06,744.00,745.06,0.63,0.37,0.30,1
617892.44,1284230.75,749.07,748.00,749.07,0.62,0.36,0.29,1
617984.69,1284230.75,751.09,750.00,751.09,0.62,0.36,0.29,1
618077.00,1284230.75,759.12,758.00,759.12,0.62,0.36,0.29,1
618169.25,1284230.75,761.17,760.00,761.17,0.63,0.37,0.30,1
618261.56,1284230.75,762.23,761.00,762.23,0.63,0.36,0.29,1
618353.81,1284230.75,768.30,767.00,768.30,0.62,0.35,0.28,1
618446.12,1284230.75,773.36,772.00,773.36,0.62,0.35,0.27,1
618538.38,1284230.75,777.40,776.00,777.40,0.62,0.35,0.28,1
618630.62,1284230.75,778.44,777.00,778.44,0.63,0.35,0.28,1
618722.94,1284230.75,780.48,779.00,780.48,0.63,0.35,0.28,1
618815.19,1284230.75,777.51,776.00,777.51,0.62,0.35,0.27,1
618907.50,1284230.75,777.55,776.00,777.55,0.62,0.34,0.26,1
618999.75,1284230.75,777.58,776.00,777.58,0.62,0.34,0.26,1
619092.06,1284230.75,782.62,781.00,782.62,0.61,0.33,0.26,1
619184.31,1284230.75,790.66,789.00,790.66,0.61,0.33,0.25,1
619276.62,1284230.75,797.72,796.00,797.72,0.61,0.33,0.25,1
619368.88,1284230.75,810.78,809.00,810.78,0.61,0.32,0.24,1
619461.19,1284230.75,827.88,826.00,827.88,0.61,0.32,0.24,1
619553.44,1284230.75,845.02,843.00,845.02,0.61,0.32,0.24,1
619645.69,1284230.75,864.24,862.00,864.24,0.62,0.32,0.24,1
619738.00,1284230.75,877.43,875.00,877.43,0.62,0.32,0.23,1
619830.25,1284230.75,884.48,882.00,884.48,0.62,0.31,0.23,1
619922.56,1284230.75,901.45,899.00,901.45,0.61,0.30,0.22,1
620014.81,1284230.75,929.10,927.00,929.10,0.60,0.31,0.22,1
620107.12,1284230.75,962.11,961.00,962.11,0.60,0.34,0.27,1
620199.38,1284230.75,1001.31,1001.00,1001.31,0.62,0.42,0.36,1
620291.69,1284230.75,1029.10,1029.00,1029.10,0.72,0.58,0.47,1
620383.94,1284230.75,1047.07,1047.00,1047.07,0.75,0.61,0.50,1
620476.19,1284230.75,1061.08,1061.00,1061.08,0.76,0.62,0.51,1
620568.50,1284230.75,1072.11,1072.00,1072.11,0.71,0.55,0.50,1
620660.75,1284230.75,1082.13,1082.00,1082.13,0.70,0.53,0.48,1
620753.06,1284230.75,1098.15,1098.00,1098.15,0.66,0.49,0.44,1
620845.31,1284230.75,1124.16,1124.00,1124.16,0.64,0.46,0.41,1
620937.62,1284230.75,1159.17,1159.00,1159.17,0.65,0.47,0.42,1
621029.88,1284230.75,1178.22,1178.00,1178.22,0.69,0.51,0.45,1
621122.19,1284230.75,1179.31,1179.00,1179.31,0.70,0.50,0.44,1
621214.44,1284230.75,1182.40,1182.00,1182.40,0.68,0.47,0.41,1
621306.69,1284230.75,1188.45,1188.00,1188.45,0.69,0.47,0.41,1
621399.00,1284230.75,1183.50,1183.00,1183.50,0.71,0.48,0.42,1
621491.25,1284230.75,1159.60,1159.00,1159.60,0.71,0.48,0.41,1
621583.56,1284230.75,1122.88,1122.00,1122.88,0.69,0.44,0.37,1
621675.81,1284230.75,1088.10,1087.00,1088.10,0.67,0.41,0.34,1
621768.12,1284230.75,1066.11,1065.00,1066.11,0.66,0.40,0.32,1
621860.38,1284230.75,1050.04,1049.00,1050.04,0.66,0.40,0.33,1
621952.69,1284230.75,1030.97,1030.00,1030.97,0.67,0.42,0.34,1
622044.94,1284230.75,1001.98,1001.00,1001.98,0.67,0.42,0.35,1
622137.19,1284230.75,964.16,963.00,964.16,0.66,0.40,0.33,1
622229.50,1284230.75,940.59,939.00,940.59,0.65,0.37,0.29,1
622321.75,1284230.75,915.13,913.00,915.13,0.64,0.34,0.26,1
622414.06,1284230.75,874.43,872.00,874.43,0.64,0.33,0.25,1
622506.31,1284230.75,848.48,846.00,848.48,0.63,0.33,0.24,1
622598.62,1284230.75,832.41,830.00,832.41,0.63,0.33,0.24,1
622690.88,1284230.75,813.28,811.00,813.28,0.63,0.34,0.25,1
622783.19,1284230.75,793.18,791.00,793.18,0.63,0.34,0.25,1
622875.44,1284230.75,777.10,775.00,777.10,0.63,0.33,0.25,1
622967.69,1284230.75,771.01,769.00,771.01,0.61,0.32,0.24,1
623060.00,1284230.75,772.92,771.00,772.92,0.61,0.32,0.24,1
623152.25,1284230.75,775.83,774.00,775.83,0.61,0.33,0.25,1
623244.56,1284230.75,772.74,771.00,772.74,0.62,0.34,0.26,1
623336.81,1284230.75,767.67,766.00,767.67,0.63,0.34,0.26,1
623429.12,1284230.75,764.60,763.00,764.60,0.62,0.34,0.26,1
623521.38,1284230.75,766.55,765.00,766.55,0.62,0.34,0.26,1
623613.69,1284230.75,762.50,761.00,762.50,0.63,0.35,0.28,1
623705.94,1284230.75,755.47,754.00,755.47,0.63,0.36,0.28,1
623798.19,1284230.75,754.44,753.00,754.44,0.63,0.35,0.28,1
623890.50,1284230.75,754.43,753.00,754.43,0.63,0.36,0.28,1
623982.75,1284230.75,752.42,751.00,752.42,0.62,0.35,0.27,1
624075.06,1284230.75,758.42,757.00,758.42,0.61,0.34,0.26,1
624167.31,1284230.75,769.42,768.00,769.42,0.61,0.34,0.26,1
624259.62,1284230.75,767.42,766.00,767.42,0.63,0.36,0.28,1
624351.88,1284230.75,760.42,759.00,760.42,0.63,0.36,0.28,1
624444.19,1284230.75,766.42,765.00,766.42,0.61,0.34,0.26,1
624536.44,1284230.75,776.42,775.00,776.42,0.61,0.34,0.26,1
624628.69,1284230.75,778.41,777.00,778.41,0.63,0.36,0.28,1
624721.00,1284230.75,772.39,771.00,772.39,0.64,0.37,0.30,1
624813.25,1284230.75,761.36,760.00,761.36,0.64,0.37,0.29,1
624905.56,1284230.75,762.32,761.00,762.32,0.62,0.35,0.27,1
624997.81,1284230.75,773.25,772.00,773.25,0.61,0.35,0.27,1
625090.12,1284230.75,781.14,780.00,781.14,0.62,0.36,0.29,1
625182.38,1284230.75,782.05,781.00,782.05,0.63,0.37,0.30,1
625274.69,1284230.75,780.00,779.00,780.00,0.62,0.37,0.30,1
625366.94,1284230.75,780.63,779.79,780.63,0.57,0.33,0.26,1
625459.19,1284230.75,-9999.00,-9999.00,-9999.00,0.71,0.71,0.71,0
614385.88,1284138.38,-9999.00,-9999.00,-9999.00,0.71,0.71,0.71,0
614478.12,1284138.38,756.08,755.00,756.08,0.31,0.06,-0.02,1
614570.44,1284138.38,758.13,757.00,758.13,0.63,0.37,0.29,1
614662.69,1284138.38,768.19,767.00,768.19,0.63,0.36,0.29,1
614755.00,1284138.38,776.28,775.00,776.28,0.63,0.36,0.29,1
614847.25,1284138.38,769.36,768.00,769.36,0.63,0.36,0.29,1
614939.56,1284138.38,755.43,754.00,755.43,0.63,0.36,0.28,1
615031.81,1284138.38,750.48,749.00,750.48,0.62,0.35,0.27,1
615124.12,1284138.38,756.52,755.00,756.52,0.62,0.34,0.26,1
615216.38,1284138.38,750.55,749.00,750.55,0.63,0.35,0.27,1
615308.62,1284138.38,742.58,741.00,742.58,0.63,0.35,0.27,1
615400.94,1284138.38,740.60,739.00,740.60,0.62,0.34,0.26,1
615493.19,1284138.38,740.62,739.00,740.62,0.62,0.34,0.26,1
615585.50,1284138.38,745.63,744.00,745.63,0.61,0.33,0.25,1
615677.75,1284138.38,751.64,750.00,751.64,0.61,0.33,0.25,1
615770.06,1284138.38,748.65,747.00,748.65,0.61,0.33,0.25,1
615862.31,1284138.38,749.65,748.00,749.65,0.60,0.32,0.24,1
615954.62,1284138.38,766.65,765.00,766.65,0.60,0.32,0.24,1
616046.88,1284138.38,780.65,779.00,780.65,0.62,0.34,0.26,1
616139.12,1284138.38,775.65,774.00,775.65,0.63,0.35,0.27,1
616231.44,1284138.38,771.65,770.00,771.65,0.62,0.34,0.25,1
616323.69,1284138.38,786.65,785.00,786.65,0.61,0.33,0.25,1
616416.00,1284138.38,784.64,783.00,784.64,0.63,0.35,0.27,1
616508.25,1284138.38,778.62,777.00,778.62,0.63,0.35,0.27,1
616600.56,1284138.38,779.60,778.00,779.60,0.63,0.35,0.27,1
616692.81,1284138.38,775.56,774.00,775.56,0.63,0.35,0.27,1
616785.12,1284138.38,783.52,782.00,783.52,0.64,0.36,0.28,1
616877.38,1284138.38,780.46,779.00,780.46,0.65,0.38,0.30,1
616969.62,1284138.38,767.38,766.00,767.38,0.63,0.36,0.28,1
617061.94,1284138.38,766.30,765.00,766.30,0.62,0.35,0.28,1
617154.19,1284138.38,765.22,764.00,765.22,0.62,0.36,0.28,1
617246.50,1284138.38,762.16,761.00,762.16,0.62,0.36,0.29,1
617338.75,1284138.38,752.11,751.00,752.11,0.63,0.37,0.29,1
617431.06,1284138.38,754.07,753.00,754.07,0.63,0.37,0.30,1
617523.31,1284138.38,758.05,757.00,758.05,0.63,0.37,0.30,1
617615.62,1284138.38,761.04,760.00,761.04,0.64,0.38,0.31,1
617707.88,1284138.38,758.03,757.00,758.03,0.65,0.39,0.32,1
617800.12,1284138.38,747.03,746.00,747.03,0.64,0.38,0.31,1
617892.44,1284138.38,746.04,745.00,746.04,0.62,0.37,0.30,1
617984.69,1284138.38,749.05,748.00,749.05,0.62,0.36,0.29,1
618077.00,1284138.38,758.09,757.00,758.09,0.61,0.35,0.28,1
618169.25,1284138.38,768.13,767.00,768.13,0.62,0.36,0.29,1
618261.56,1284138.38,769.20,768.00,769.20,0.63,0.36,0.29,1
618353.81,1284138.38,771.28,770.00,771.28,0.62,0.36,0.28,1
618446.12,1284138.38,773.34,772.00,773.34,0.61,0.34,0.27,1
618538.38,1284138.38,779.40,778.00,779.40,0.61,0.34,0.26,1
618630.62,1284138.38,784.44,783.00,784.44,0.62,0.35,0.27,1
618722.94,1284138.38,788.48,787.00,788.48,0.63,0.35,0.27,1
618815.19,1284138.38,786.51,785.00,786.51,0.63,0.35,0.28,1
618907.50,1284138.38,784.55,783.00,784.55,0.63,0.35,0.27,1
618999.75,1284138.38,785.59,784.00,785.59,0.63,0.35,0.27,1
619092.06,1284138.38,784.63,783.00,784.63,0.62,0.34,0.26,1
619184.31,1284138.38,785.68,784.00,785.68,0.61,0.33,0.25,1
619276.62,1284138.38,796.73,795.00,796.73,0.60,0.32,0.24,1
619368.88,1284138.38,808.78,807.00,808.78,0.60,0.31,0.23,1
619461.19,1284138.38,824.84,823.00,824.84,0.59,0.30,0.22,1
619553.44,1284138.38,849.89,848.00,849.89,0.59,0.30,0.22,1
619645.69,1284138.38,879.96,878.00,879.96,0.60,0.31,0.22,1
619738.00,1284138.38,900.02,898.00,900.02,0.61,0.32,0.24,1
619830.25,1284138.38,906.03,904.00,906.03,0.62,0.33,0.25,1
619922.56,1284138.38,918.95,917.00,918.95,0.61,0.32,0.24,1
620014.81,1284138.38,946.57,945.00,946.57,0.59,0.32,0.24,1
620107.12,1284138.38,984.63,984.00,984.63,0.57,0.33,0.27,1
620199.38,1284138.38,1035.10,1035.00,1035.10,0.55,0.39,0.34,1
620291.69,1284138.38,1074.03,1074.00,1074.03,0.66,0.52,0.41,1
620383.94,1284138.38,1097.02,1097.00,1097.02,0.73,0.59,0.48,1
620476.19,1284138.38,1111.02,1111.00,1111.02,0.75,0.61,0.51,1
620568.50,1284138.38,1123.02,1123.00,1123.02,0.77,0.63,0.52,1
620660.75,1284138.38,1133.04,1133.00,1133.04,0.77,0.63,0.53,1
620753.06,1284138.38,1145.05,1145.00,1145.05,0.74,0.60,0.50,1
620845.31,1284138.38,1170.07,1170.00,1170.07,0.70,0.56,0.45,1
620937.62,1284138.38,1200.10,1200.00,1200.10,0.69,0.55,0.45,1
621029.88,1284138.38,1217.15,1217.00,1217.15,0.68,0.51,0.46,1
621122.19,1284138.38,1217.25,1217.00,1217.25,0.71,0.51,0.46,1
621214.44,1284138.38,1218.33,1218.00,1218.33,0.70,0.49,0.44,1
621306.69,1284138.38,1222.36,1222.00,1222.36,0.70,0.49,0.43,1
621399.00,1284138.38,1209.38,1209.00,1209.38,0.72,0.51,0.45,1
621491.25,1284138.38,1174.44,1174.00,1174.44,0.71,0.49,0.43,1
621583.56,1284138.38,1133.79,1133.00,1133.79,0.68,0.44,0.37,1
621675.81,1284138.38,1097.17,1096.00,1097.17,0.66,0.40,0.33,1
621768.12,1284138.38,1068.21,1067.00,1068.21,0.65,0.39,0.31,1
621860.38,1284138.38,1052.10,1051.00,1052.10,0.65,0.39,0.32,1
621952.69,1284138.38,1035.98,1035.00,1035.98,0.67,0.41,0.34,1
622044.94,1284138.38,1005.97,1005.00,1005.97,0.68,0.42,0.35,1
622137.19,1284138.38,968.13,967.00,968.13,0.67,0.41,0.34,1
622229.50,1284138.38,940.56,939.00,940.56,0.65,0.37,0.29,1
622321.75,1284138.38,910.15,908.00,910.15,0.64,0.34,0.26,1
622414.06,1284138.38,877.44,875.00,877.44,0.63,0.33,0.24,1
622506.31,1284138.38,857.45,855.00,857.45,0.63,0.33,0.24,1
622598.62,1284138.38,847.36,845.00,847.36,0.63,0.33,0.25,1
622690.88,1284138.38,830.28,828.00,830.28,0.64,0.34,0.26,1
622783.19,1284138.38,801.28,799.00,801.28,0.64,0.34,0.25,1
622875.44,1284138.38,778.25,776.00,778.25,0.63,0.33,0.25,1
622967.69,1284138.38,768.18,766.00,768.18,0.62,0.33,0.24,1
623060.00,1284138.38,766.07,764.00,766.07,0.61,0.32,0.24,1
623152.25,1284138.38,766.94,765.00,766.94,0.61,0.32,0.24,1
623244.56,1284138.38,765.81,764.00,765.81,0.62,0.33,0.25,1
623336.81,1284138.38,764.70,763.00,764.70,0.62,0.34,0.26,1
623429.12,1284138.38,762.62,761.00,762.62,0.62,0.34,0.26,1
623521.38,1284138.38,762.55,761.00,762.55,0.62,0.34,0.26,1
623613.69,1284138.38,762.50,761.00,762.50,0.62,0.35,0.27,1
623705.94,1284138.38,759.46,758.00,759.46,0.63,0.36,0.28,1
623798.19,1284138.38,758.44,757.00,758.44,0.63,0.35,0.28,1
623890.50,1284138.38,758.42,757.00,758.42,0.63,0.36,0.28,1
623982.75,1284138.38,754.41,753.00,754.41,0.63,0.35,0.28,1
624075.06,1284138.38,754.41,753.00,754.41,0.61,0.34,0.26,1
624167.31,1284138.38,763.41,762.00,763.41,0.61,0.33,0.26,1
624259.62,1284138.38,772.41,771.00,772.41,0.62,0.35,0.27,1
624351.88,1284138.38,765.41,764.00,765.41,0.64,0.36,0.29,1
624444.19,1284138.38,761.41,760.00,761.41,0.62,0.35,0.27,1
624536.44,1284138.38,770.41,769.00,770.41,0.61,0.34,0.26,1
624628.69,1284138.38,778.40,777.00,778.40,0.62,0.35,0.27,1
624721.00,1284138.38,779.39,778.00,779.39,0.63,0.36,0.29,1
624813.25,1284138.38,767.36,766.00,767.36,0.64,0.37,0.29,1
624905.56,1284138.38,758.32,757.00,758.32,0.62,0.35,0.28,1
624997.81,1284138.38,766.24,765.00,766.24,0.60,0.34,0.26,1
625090.12,1284138.38,775.14,774.00,775.14,0.61,0.34,0.27,1
625182.38,1284138.38,776.04,775.00,776.04,0.61,0.36,0.29,1
625274.69,1284138.38,771.00,770.00,771.00,0.61,0.36,0.29,1
625366.94,1284138.38,774.01,773.12,774.01,0.57,0.33,0.26,1
625459.19,1284138.38,-9999.00,-9999.00,-9999.00,0.71,0.71,0.71,0
614385.88,1284046.12,-9999.00,-9999.00,-9999.00,0.71,0.71,0.71,0
614478.12,1284046.12,769.06,768.00,769.06,0.31,0.05,-0.02,1
614570.44,1284046.12,771.10,770.00,771.10,0.64,0.38,0.31,1
614662.69,1284046.12,780.14,779.00,780.14,0.64,0.37,0.30,1
614755.00,1284046.12,774.23,773.00,774.23,0.63,0.37,0.29,1
614847.25,1284046.12,760.33,759.00,760.33,0.63,0.36,0.28,1
614939.56,1284046.12,750.41,749.00,750.41,0.63,0.36,0.28,1
615031.81,1284046.12,746.47,745.00,746.47,0.63,0.35,0.27,1
615124.12,1284046.12,747.52,746.00,747.52,0.62,0.34,0.27,1
615216.38,1284046.12,742.55,741.00,742.55,0.62,0.35,0.27,1
615308.62,1284046.12,741.58,740.00,741.58,0.63,0.35,0.27,1
615400.94,1284046.12,743.60,742.00,743.60,0.63,0.35,0.27,1
615493.19,1284046.12,741.62,740.00,741.62,0.63,0.35,0.27,1
615585.50,1284046.12,741.63,740.00,741.63,0.62,0.34,0.26,1
615677.75,1284046.12,743.65,742.00,743.65,0.62,0.34,0.26,1
615770.06,1284046.12,740.65,739.00,740.65,0.62,0.34,0.26,1
615862.31,1284046.12,743.65,742.00,743.65,0.60,0.32,0.24,1
615954.62,1284046.12,762.66,761.00,762.66,0.60,0.32,0.24,1
616046.88,1284046.12,775.66,774.00,775.66,0.61,0.33,0.25,1
616139.12,1284046.12,772.66,771.00,772.66,0.62,0.34,0.26,1
616231.44,1284046.12,765.66,764.00,765.66,0.61,0.33,0.25,1
616323.69,1284046.12,775.65,774.00,775.65,0.60,0.32,0.24,1
616416.00,1284046.12,778.64,777.00,778.64,0.61,0.33,0.25,1
616508.25,1284046.12,783.63,782.00,783.63,0.62,0.34,0.26,1
616600.56,1284046.12,778.61,777.00,778.61,0.62,0.34,0.26,1
616692.81,1284046.12,777.58,776.00,777.58,0.61,0.33,0.25,1
616785.12,1284046.12,796.53,795.00,796.53,0.61,0.34,0.26,1
616877.38,1284046.12,798.47,797.00,798.47,0.65,0.37,0.30,1
616969.62,1284046.12,764.40,763.00,764.40,0.64,0.37,0.29,1
617061.94,1284046.12,758.32,757.00,758.32,0.62,0.36,0.28,1
617154.19,1284046.12,756.24,755.00,756.24,0.62,0.36,0.28,1
617246.50,1284046.12,752.17,751.00,752.17,0.62,0.36,0.28,1
617338.75,1284046.12,752.11,751.00,752.11,0.62,0.36,0.28,1
617431.06,1284046.12,765.06,764.00,765.06,0.62,0.37,0.29,1
617523.31,1284046.12,768.03,767.00,768.03,0.64,0.38,0.31,1
617615.62,1284046.12,767.01,766.00,767.01,0.64,0.38,0.31,1
617707.88,1284046.12,760.01,759.00,760.01,0.65,0.39,0.32,1
617800.12,1284046.12,747.01,746.00,747.01,0.64,0.39,0.32,1
617892.44,1284046.12,745.01,744.00,745.01,0.63,0.37,0.30,1
617984.69,1284046.12,748.02,747.00,748.02,0.62,0.37,0.29,1
618077.00,1284046.12,753.05,752.00,753.05,0.61,0.35,0.28,1
618169.25,1284046.12,763.10,762.00,763.10,0.61,0.35,0.27,1
618261.56,1284046.12,766.17,765.00,766.17,0.61,0.35,0.28,1
618353.81,1284046.12,768.25,767.00,768.25,0.62,0.35,0.27,1
618446.12,1284046.12,765.33,764.00,765.33,0.61,0.34,0.27,1
618538.38,1284046.12,772.38,771.00,772.38,0.60,0.33,0.26,1
618630.62,1284046.12,783.43,782.00,783.43,0.61,0.34,0.26,1
618722.94,1284046.12,787.47,786.00,787.47,0.62,0.34,0.26,1
618815.19,1284046.12,787.52,786.00,787.52,0.62,0.34,0.26,1
618907.50,1284046.12,786.56,785.00,786.56,0.62,0.34,0.26,1
618999.75,1284046.12,787.60,786.00,787.60,0.62,0.34,0.26,1
619092.06,1284046.12,783.65,782.00,783.65,0.62,0.34,0.26,1
619184.31,1284046.12,783.70,782.00,783.70,0.61,0.33,0.25,1
619276.62,1284046.12,791.76,790.00,791.76,0.61,0.32,0.24,1
619368.88,1284046.12,798.80,797.00,798.80,0.60,0.31,0.23,1
619461.19,1284046.12,815.83,814.00,815.83,0.59,0.30,0.22,1
619553.44,1284046.12,845.84,844.00,845.84,0.58,0.30,0.21,1
619645.69,1284046.12,874.83,873.00,874.83,0.58,0.30,0.21,1
619738.00,1284046.12,902.80,901.00,902.80,0.59,0.31,0.23,1
619830.25,1284046.12,922.74,921.00,922.74,0.61,0.33,0.25,1
619922.56,1284046.12,937.63,936.00,937.63,0.61,0.33,0.25,1
620014.81,1284046.12,961.30,960.00,961.30,0.59,0.33,0.25,1
620107.12,1284046.12,999.56,999.00,999.56,0.56,0.34,0.27,1
620199.38,1284046.12,1045.11,1045.00,1045.11,0.52,0.35,0.31,1
620291.69,1284046.12,1090.03,1090.00,1090.03,0.55,0.41,0.31,1
620383.94,1284046.12,1130.02,1130.00,1130.02,0.63,0.50,0.39,1
620476.19,1284046.12,1154.02,1154.00,1154.02,0.70,0.56,0.46,1
620568.50,1284046.12,1174.02,1174.00,1174.02,0.71,0.57,0.47,1
620660.75,1284046.12,1198.03,1198.00,1198.03,0.73,0.59,0.48,1
620753.06,1284046.12,1215.05,1215.00,1215.05,0.76,0.62,0.52,1
620845.31,1284046.12,1219.07,1219.00,1219.07,0.77,0.63,0.53,1
620937.62,1284046.12,1221.12,1221.00,1221.12,0.67,0.50,0.46,1
621029.88,1284046.12,1232.18,1232.00,1232.18,0.64,0.46,0.41,1
621122.19,1284046.12,1250.26,1250.00,1250.26,0.66,0.47,0.41,1
621214.44,1284046.12,1259.31,1259.00,1259.31,0.70,0.50,0.44,1
621306.69,1284046.12,1249.32,1249.00,1249.32,0.71,0.51,0.45,1
621399.00,1284046.12,1224.31,1224.00,1224.31,0.72,0.52,0.46,1
621491.25,1284046.12,1179.34,1179.00,1179.34,0.72,0.51,0.46,1
621583.56,1284046.12,1134.68,1134.00,1134.68,0.69,0.45,0.39,1
621675.81,1284046.12,1098.16,1097.00,1098.16,0.66,0.40,0.33,1
621768.12,1284046.12,1067.23,1066.00,1067.23,0.65,0.39,0.31,1
621860.38,1284046.12,1054.11,1053.00,1054.11,0.65,0.39,0.32,1
621952.69,1284046.12,1044.93,1044.00,1044.93,0.67,0.42,0.35,1
622044.94,1284046.12,1016.86,1016.00,1016.86,0.69,0.45,0.38,1
622137.19,1284046.12,980.96,980.00,980.96,0.69,0.44,0.37,1
622229.50,1284046.12,950.38,949.00,950.38,0.67,0.40,0.32,1
622321.75,1284046.12,916.12,914.00,916.12,0.65,0.35,0.27,1
622414.06,1284046.12,885.49,883.00,885.49,0.64,0.33,0.25,1
622506.31,1284046.12,866.46,864.00,866.46,0.63,0.33,0.24,1
622598.62,1284046.12,862.30,860.00,862.30,0.63,0.33,0.25,1
622690.88,1284046.12,851.24,849.00,851.24,0.64,0.35,0.26,1
622783.19,1284046.12,817.36,815.00,817.36,0.64,0.34,0.25,1
622875.44,1284046.12,787.46,785.00,787.46,0.63,0.33,0.24,1
622967.69,1284046.12,774.41,772.00,774.41,0.62,0.32,0.24,1
623060.00,1284046.12,767.30,765.00,767.30,0.62,0.32,0.23,1
623152.25,1284046.12,766.12,764.00,766.12,0.62,0.32,0.24,1
623244.56,1284046.12,766.91,765.00,766.91,0.62,0.33,0.25,1
623336.81,1284046.12,766.76,765.00,766.76,0.62,0.34,0.26,1
623429.12,1284046.12,765.64,764.00,765.64,0.63,0.35,0.27,1
623521.38,1284046.12,762.56,761.00,762.56,0.62,0.35,0.27,1
623613.69,1284046.12,761.50,760.00,761.50,0.62,0.35,0.27,1
623705.94,1284046.12,761.46,760.00,761.46,0.62,0.35,0.27,1
623798.19,1284046.12,760.44,759.00,760.44,0.63,0.35,0.27,1
623890.50,1284046.12,758.42,757.00,758.42,0.63,0.35,0.28,1
623982.75,1284046.12,752.41,751.00,752.41,0.63,0.35,0.28,1
624075.06,1284046.12,751.41,750.00,751.41,0.62,0.35,0.27,1
624167.31,1284046.12,758.41,757.00,758.41,0.61,0.34,0.26,1
624259.62,1284046.12,769.41,768.00,769.41,0.61,0.34,0.26,1
624351.88,1284046.12,771.41,770.00,771.41,0.63,0.36,0.28,1
624444.19,1284046.12,764.41,763.00,764.41,0.63,0.36,0.28,1
624536.44,1284046.12,768.41,767.00,768.41,0.62,0.35,0.27,1
624628.69,1284046.12,778.40,777.00,778.40,0.62,0.34,0.27,1
624721.00,1284046.12,779.38,778.00,779.38,0.63,0.36,0.28,1
624813.25,1284046.12,765.36,764.00,765.36,0.63,0.36,0.29,1
624905.56,1284046.12,756.32,755.00,756.32,0.63,0.36,0.29,1
624997.81,1284046.12,757.25,756.00,757.25,0.62,0.35,0.28,1
625090.12,1284046.12,761.15,760.00,761.15,0.61,0.35,0.27,1
625182.38,1284046.12,761.03,760.00,761.03,0.62,0.36,0.29,1
625274.69,1284046.12,759.95,759.00,759.95,0.62,0.37,0.30,1
625366.94,1284046.12,767.39,766.45,767.39,0.57,0.32,0.25,1
625459.19,1284046.12,-9999.00,-9999.00,-9999.00,0.71,0.71,0.71,0
614385.88,1283953.88,-9999.00,-9999.00,-9999.00,0.71,0.71,0.71,0
614478.12,1283953.88,787.06,786.00,787.06,0.31,0.05,-0.02,1
614570.44,1283953.88,787.10,786.00,787.10,0.64,0.38,0.31,1
614662.69,1283953.88,784.13,783.00,784.13,0.64,0.38,0.30,1
614755.00,1283953.88,769.21,768.00,769.21,0.64,0.38,0.30,1
614847.25,1283953.88,757.32,756.00,757.32,0.64,0.37,0.29,1
614939.56,1283953.88,758.41,757.00,758.41,0.64,0.36,0.29,1
615031.81,1283953.88,755.47,754.00,755.47,0.64,0.36,0.29,1
615124.12,1283953.88,750.52,749.00,750.52,0.63,0.36,0.28,1
615216.38,1283953.88,745.56,744.00,745.56,0.63,0.35,0.27,1
615308.62,1283953.88,754.58,753.00,754.58,0.62,0.35,0.27,1
615400.94,1283953.88,757.60,756.00,757.60,0.63,0.35,0.27,1
615493.19,1283953.88,752.62,751.00,752.62,0.63,0.35,0.27,1
615585.50,1283953.88,753.64,752.00,753.64,0.64,0.36,0.28,1
615677.75,1283953.88,745.65,744.00,745.65,0.63,0.35,0.27,1
615770.06,1283953.88,740.66,739.00,740.66,0.62,0.34,0.26,1
615862.31,1283953.88,743.66,742.00,743.66,0.61,0.33,0.25,1
615954.62,1283953.88,755.66,754.00,755.66,0.61,0.32,0.24,1
616046.88,1283953.88,769.66,768.00,769.66,0.61,0.33,0.25,1
616139.12,1283953.88,769.66,768.00,769.66,0.63,0.35,0.27,1
616231.44,1283953.88,760.66,759.00,760.66,0.63,0.35,0.27,1
616323.69,1283953.88,759.66,758.00,759.66,0.60,0.32,0.24,1
616416.00,1283953.88,767.65,766.00,767.65,0.60,0.32,0.24,1
616508.25,1283953.88,775.64,774.00,775.64,0.61,0.33,0.25,1
616600.56,1283953.88,769.62,768.00,769.62,0.61,0.33,0.25,1
616692.81,1283953.88,774.59,773.00,774.59,0.60,0.32,0.24,1
616785.12,1283953.88,793.55,792.00,793.55,0.60,0.32,0.24,1
616877.38,1283953.88,796.48,795.00,796.48,0.63,0.35,0.28,1
616969.62,1283953.88,761.42,760.00,761.42,0.64,0.37,0.29,1
617061.94,1283953.88,758.34,757.00,758.34,0.63,0.36,0.29,1
617154.19,1283953.88,755.26,754.00,755.26,0.63,0.37,0.29,1
617246.50,1283953.88,747.18,746.00,747.18,0.62,0.36,0.29,1
617338.75,1283953.88,751.11,750.00,751.11,0.61,0.35,0.27,1
617431.06,1283953.88,766.06,765.00,766.06,0.61,0.35,0.28,1
617523.31,1283953.88,770.02,769.00,770.02,0.62,0.37,0.30,1
617615.62,1283953.88,767.00,766.00,767.00,0.63,0.38,0.30,1
617707.88,1283953.88,762.99,762.00,762.99,0.64,0.39,0.31,1
617800.12,1283953.88,751.99,751.00,751.99,0.65,0.39,0.32,1
617892.44,1283953.88,746.99,746.00,746.99,0.63,0.38,0.31,1
617984.69,1283953.88,749.00,748.00,749.00,0.63,0.38,0.30,1
618077.00,1283953.88,750.03,749.00,750.03,0.63,0.37,0.30,1
618169.25,1283953.88,753.07,752.00,753.07,0.62,0.36,0.29,1
618261.56,1283953.88,755.13,754.00,755.13,0.62,0.35,0.28,1
618353.81,1283953.88,757.22,756.00,757.22,0.61,0.35,0.28,1
618446.12,1283953.88,758.30,757.00,758.30,0.61,0.35,0.27,1
618538.38,1283953.88,765.37,764.00,765.37,0.61,0.34,0.26,1
618630.62,1283953.88,777.42,776.00,777.42,0.60,0.33,0.25,1
618722.94,1283953.88,780.47,779.00,780.47,0.61,0.34,0.26,1
618815.19,1283953.88,779.52,778.00,779.52,0.61,0.34,0.26,1
618907.50,1283953.88,783.57,782.00,783.57,0.62,0.34,0.26,1
618999.75,1283953.88,782.62,781.00,782.62,0.62,0.34,0.26,1
619092.06,1283953.88,778.68,777.00,778.68,0.62,0.34,0.26,1
619184.31,1283953.88,779.76,778.00,779.76,0.62,0.33,0.25,1
619276.62,1283953.88,785.82,784.00,785.82,0.61,0.32,0.24,1
619368.88,1283953.88,793.85,792.00,793.85,0.60,0.32,0.23,1
619461.19,1283953.88,811.86,810.00,811.86,0.59,0.30,0.22,1
619553.44,1283953.88,843.83,842.00,843.83,0.58,0.30,0.21,1
619645.69,1283953.88,870.73,869.00,870.73,0.59,0.30,0.22,1
619738.00,1283953.88,899.60,898.00,899.60,0.59,0.31,0.23,1
619830.25,1283953.88,926.50,925.00,926.50,0.59,0.32,0.24,1
619922.56,1283953.88,951.37,950.00,951.37,0.60,0.33,0.25,1
620014.81,1283953.88,977.11,976.00,977.11,0.59,0.33,0.26,1
620107.12,1283953.88,1011.56,1011.00,1011.56,0.57,0.35,0.28,1
620199.38,1283953.88,1048.16,1048.00,1048.16,0.54,0.36,0.31,1
620291.69,1283953.88,1093.06,1093.00,1093.06,0.53,0.39,0.28,1
620383.94,1283953.88,1141.04,1141.00,1141.04,0.54,0.40,0.29,1
620476.19,1283953.88,1180.04,1180.00,1180.04,0.59,0.45,0.35,1
620568.50,1283953.88,1206.04,1206.00,1206.04,0.63,0.49,0.38,1
620660.75,1283953.88,1228.05,1228.00,1228.05,0.64,0.50,0.40,1
620753.06,1283953.88,1237.07,1237.00,1237.07,0.68,0.54,0.44,1
620845.31,1283953.88,1228.12,1228.00,1228.12,0.64,0.48,0.43,1
620937.62,1283953.88,1226.19,1226.00,1226.19,0.61,0.43,0.38,1
621029.88,1283953.88,1245.25,1245.00,1245.25,0.59,0.39,0.34,1
621122.19,1283953.88,1270.30,1270.00,1270.30,0.62,0.42,0.36,1
621214.44,1283953.88,1276.33,1276.00,1276.33,0.66,0.46,0.40,1
621306.69,1283953.88,1253.33,1253.00,1253.33,0.67,0.47,0.41,1
621399.00,1283953.88,1226.31,1226.00,1226.31,0.69,0.49,0.43,1
621491.25,1283953.88,1188.33,1188.00,1188.33,0.72,0.52,0.46,1
621583.56,1283953.88,1142.58,1142.00,1142.58,0.71,0.48,0.41,1
621675.81,1283953.88,1101.09,1100.00,1101.09,0.68,0.42,0.34,1
621768.12,1283953.88,1073.20,1072.00,1073.20,0.66,0.39,0.32,1
621860.38,1283953.88,1067.09,1066.00,1067.09,0.65,0.39,0.32,1
621952.69,1283953.88,1064.84,1064.00,1064.84,0.67,0.43,0.36,1
622044.94,1283953.88,1044.62,1044.00,1044.62,0.71,0.48,0.41,1
622137.19,1283953.88,1008.57,1008.00,1008.57,0.72,0.49,0.43,1
622229.50,1283953.88,972.82,972.00,972.82,0.70,0.45,0.39,1
622321.75,1283953.88,940.59,939.00,940.59,0.67,0.39,0.31,1
622414.06,1283953.88,912.30,910.00,912.30,0.65,0.35,0.26,1
622506.31,1283953.88,890.37,888.00,890.37,0.64,0.34,0.25,1
622598.62,1283953.88,881.18,879.00,881.18,0.64,0.34,0.26,1
622690.88,1283953.88,870.12,868.00,870.12,0.64,0.35,0.27,1
622783.19,1283953.88,835.28,833.00,835.28,0.64,0.34,0.26,1
622875.44,1283953.88,798.63,796.00,798.63,0.63,0.32,0.23,1
622967.69,1283953.88,778.69,776.00,778.69,0.62,0.31,0.22,1
623060.00,1283953.88,772.56,770.00,772.56,0.62,0.31,0.22,1
623152.25,1283953.88,772.31,770.00,772.31,0.62,0.32,0.23,1
623244.56,1283953.88,773.02,771.00,773.02,0.62,0.33,0.24,1
623336.81,1283953.88,772.82,771.00,772.82,0.62,0.34,0.26,1
623429.12,1283953.88,768.68,767.00,768.68,0.63,0.35,0.27,1
623521.38,1283953.88,761.58,760.00,761.58,0.63,0.35,0.27,1
623613.69,1283953.88,758.51,757.00,758.51,0.62,0.35,0.27,1
623705.94,1283953.88,759.47,758.00,759.47,0.62,0.34,0.27,1
623798.19,1283953.88,758.44,757.00,758.44,0.62,0.35,0.27,1
623890.50,1283953.88,753.42,752.00,753.42,0.63,0.36,0.28,1
623982.75,1283953.88,751.41,750.00,751.41,0.63,0.36,0.28,1
624075.06,1283953.88,752.41,751.00,752.41,0.62,0.35,0.27,1
624167.31,1283953.88,755.41,754.00,755.41,0.61,0.34,0.26,1
624259.62,1283953.88,763.41,762.00,763.41,0.61,0.34,0.26,1
624351.88,1283953.88,773.41,772.00,773.41,0.62,0.35,0.27,1
624444.19,1283953.88,773.41,772.00,773.41,0.63,0.36,0.29,1
624536.44,1283953.88,773.40,772.00,773.40,0.63,0.36,0.28,1
624628.69,1283953.88,777.40,776.00,777.40,0.62,0.35,0.27,1
624721.00,1283953.88,771.38,770.00,771.38,0.62,0.35,0.28,1
624813.25,1283953.88,763.36,762.00,763.36,0.64,0.37,0.29,1
624905.56,1283953.88,760.32,759.00,760.32,0.64,0.37,0.30,1
624997.81,1283953.88,758.26,757.00,758.26,0.64,0.37,0.30,1
625090.12,1283953.88,756.17,755.00,756.17,0.63,0.37,0.29,1
625182.38,1283953.88,760.04,759.00,760.04,0.63,0.38,0.30,1
625274.69,1283953.88,762.95,762.00,762.95,0.64,0.39,0.31,1
625366.94,1283953.88,768.81,767.81,768.81,0.58,0.32,0.25,1
625459.19,1283953.88,-9999.00,-9999.00,-9999.00,0.71,0.71,0.71,0
614385.88,1283861.62,-9999.00,-9999.00,-9999.00,0.71,0.71,0.71,0
614478.12,1283861.62,789.06,788.00,789.06,0.31,0.05,-0.02,1
614570.44,1283861.62,787.11,786.00,787.11,0.62,0.36,0.29,1
614662.69,1283861.62,779.13,778.00,779.13,0.63,0.37,0.29,1
614755.00,1283861.62,776.20,775.00,776.20,0.64,0.38,0.30,1
614847.25,1283861.62,772.31,771.00,772.31,0.64,0.37,0.30,1
614939.56,1283861.62,771.40,770.00,771.40,0.64,0.36,0.29,1
615031.81,1283861.62,765.47,764.00,765.47,0.64,0.36,0.28,1
615124.12,1283861.62,757.53,756.00,757.53,0.64,0.36,0.28,1
615216.38,1283861.62,753.57,752.00,753.57,0.63,0.35,0.27,1
615308.62,1283861.62,761.59,760.00,761.59,0.62,0.34,0.26,1
615400.94,1283861.62,762.61,761.00,762.61,0.62,0.34,0.26,1
615493.19,1283861.62,758.63,757.00,758.63,0.62,0.34,0.26,1
615585.50,1283861.62,762.64,761.00,762.64,0.62,0.34,0.26,1
615677.75,1283861.62,747.65,746.00,747.65,0.63,0.35,0.27,1
615770.06,1283861.62,740.66,739.00,740.66,0.62,0.34,0.26,1
615862.31,1283861.62,745.66,744.00,745.66,0.61,0.33,0.25,1
615954.62,1283861.62,761.67,760.00,761.67,0.61,0.33,0.25,1
616046.88,1283861.62,772.67,771.00,772.67,0.61,0.33,0.25,1
616139.12,1283861.62,774.67,773.00,774.67,0.62,0.34,0.26,1
616231.44,1283861.62,766.67,765.00,766.67,0.63,0.35,0.27,1
616323.69,1283861.62,754.66,753.00,754.66,0.62,0.34,0.26,1
616416.00,1283861.62,755.66,754.00,755.66,0.61,0.33,0.25,1
616508.25,1283861.62,763.64,762.00,763.64,0.61,0.33,0.25,1
616600.56,1283861.62,760.63,759.00,760.63,0.61,0.33,0.25,1
616692.81,1283861.62,763.60,762.00,763.60,0.60,0.32,0.24,1
616785.12,1283861.62,775.56,774.00,775.56,0.59,0.32,0.24,1
616877.38,1283861.62,782.50,781.00,782.50,0.62,0.34,0.26,1
616969.62,1283861.62,761.44,760.00,761.44,0.63,0.36,0.28,1
617061.94,1283861.62,766.37,765.00,766.37,0.63,0.36,0.28,1
617154.19,1283861.62,761.28,760.00,761.28,0.64,0.37,0.30,1
617246.50,1283861.62,745.20,744.00,745.20,0.63,0.37,0.30,1
617338.75,1283861.62,745.12,744.00,745.12,0.61,0.35,0.28,1
617431.06,1283861.62,756.06,755.00,756.06,0.60,0.35,0.27,1
617523.31,1283861.62,762.02,761.00,762.02,0.62,0.36,0.29,1
617615.62,1283861.62,762.00,761.00,762.00,0.63,0.37,0.30,1
617707.88,1283861.62,760.98,760.00,760.98,0.63,0.38,0.31,1
617800.12,1283861.62,753.98,753.00,753.98,0.64,0.39,0.31,1
617892.44,1283861.62,749.98,749.00,749.98,0.63,0.38,0.31,1
617984.69,1283861.62,750.99,750.00,750.99,0.63,0.37,0.30,1
618077.00,1283861.62,754.01,753.00,754.01,0.63,0.37,0.30,1
618169.25,1283861.62,756.05,755.00,756.05,0.64,0.38,0.31,1
618261.56,1283861.62,753.10,752.00,753.10,0.63,0.38,0.30,1
618353.81,1283861.62,754.19,753.00,754.19,0.63,0.36,0.29,1
618446.12,1283861.62,758.27,757.00,758.27,0.62,0.35,0.27,1
618538.38,1283861.62,765.34,764.00,765.34,0.61,0.34,0.27,1
618630.62,1283861.62,768.40,767.00,768.40,0.61,0.34,0.26,1
618722.94,1283861.62,768.46,767.00,768.46,0.61,0.34,0.26,1
618815.19,1283861.62,771.52,770.00,771.52,0.61,0.33,0.25,1
618907.50,1283861.62,778.57,777.00,778.57,0.61,0.33,0.25,1
618999.75,1283861.62,775.64,774.00,775.64,0.62,0.34,0.26,1
619092.06,1283861.62,776.73,775.00,776.73,0.61,0.33,0.25,1
619184.31,1283861.62,785.84,784.00,785.84,0.62,0.33,0.25,1
619276.62,1283861.62,787.92,786.00,787.92,0.62,0.33,0.24,1
619368.88,1283861.62,792.96,791.00,792.96,0.61,0.32,0.23,1
619461.19,1283861.62,808.95,807.00,808.95,0.59,0.30,0.22,1
619553.44,1283861.62,840.87,839.00,840.87,0.58,0.30,0.21,1
619645.69,1283861.62,873.60,872.00,873.60,0.59,0.31,0.23,1
619738.00,1283861.62,903.38,902.00,903.38,0.59,0.32,0.24,1
619830.25,1283861.62,929.25,928.00,929.25,0.59,0.33,0.25,1
619922.56,1283861.62,959.14,958.00,959.14,0.59,0.33,0.26,1
620014.81,1283861.62,986.95,986.00,986.95,0.59,0.34,0.27,1
620107.12,1283861.62,1021.56,1021.00,1021.56,0.58,0.35,0.29,1
620199.38,1283861.62,1059.24,1059.00,1059.24,0.56,0.37,0.32,1
620291.69,1283861.62,1102.13,1102.00,1102.13,0.55,0.38,0.33,1
620383.94,1283861.62,1139.11,1139.00,1139.11,0.53,0.37,0.32,1
620476.19,1283861.62,1168.09,1168.00,1168.09,0.53,0.39,0.28,1
620568.50,1283861.62,1186.09,1186.00,1186.09,0.52,0.38,0.28,1
620660.75,1283861.62,1197.10,1197.00,1197.10,0.51,0.35,0.30,1
620753.06,1283861.62,1203.15,1203.00,1203.15,0.54,0.37,0.32,1
620845.31,1283861.62,1201.23,1201.00,1201.23,0.55,0.37,0.31,1
620937.62,1283861.62,1210.31,1210.00,1210.31,0.55,0.35,0.29,1
621029.88,1283861.62,1231.36,1231.00,1231.36,0.54,0.33,0.27,1
621122.19,1283861.62,1258.39,1258.00,1258.39,0.55,0.34,0.28,1
621214.44,1283861.62,1261.39,1261.00,1261.39,0.60,0.39,0.33,1
621306.69,1283861.62,1237.39,1237.00,1237.39,0.63,0.42,0.36,1
621399.00,1283861.62,1214.38,1214.00,1214.38,0.64,0.43,0.37,1
621491.25,1283861.62,1193.38,1193.00,1193.38,0.69,0.48,0.42,1
621583.56,1283861.62,1160.50,1160.00,1160.50,0.71,0.49,0.43,1
621675.81,1283861.62,1118.89,1118.00,1118.89,0.69,0.44,0.37,1
621768.12,1283861.62,1085.05,1084.00,1085.05,0.68,0.42,0.35,1
621860.38,1283861.62,1075.99,1075.00,1075.99,0.66,0.40,0.33,1
621952.69,1283861.62,1080.77,1080.00,1080.77,0.67,0.43,0.36,1
622044.94,1283861.62,1066.46,1066.00,1066.46,0.71,0.50,0.43,1
622137.19,1283861.62,1030.30,1030.00,1030.30,0.74,0.54,0.48,1
622229.50,1283861.62,995.30,995.00,995.30,0.74,0.54,0.48,1
622321.75,1283861.62,965.67,965.00,965.67,0.71,0.47,0.41,1
622414.06,1283861.62,934.50,933.00,934.50,0.67,0.39,0.31,1
622506.31,1283861.62,909.94,908.00,909.94,0.65,0.36,0.28,1
622598.62,1283861.62,898.88,897.00,898.88,0.65,0.36,0.28,1
622690.88,1283861.62,882.80,881.00,882.80,0.65,0.37,0.29,1
622783.19,1283861.62,844.01,842.00,844.01,0.65,0.36,0.28,1
622875.44,1283861.62,801.71,799.00,801.71,0.63,0.32,0.23,1
622967.69,1283861.62,780.87,778.00,780.87,0.62,0.31,0.22,1
623060.00,1283861.62,776.72,774.00,776.72,0.61,0.30,0.22,1
623152.25,1283861.62,775.41,773.00,775.41,0.61,0.31,0.23,1
623244.56,1283861.62,775.09,773.00,775.09,0.62,0.32,0.24,1
623336.81,1283861.62,773.87,772.00,773.87,0.62,0.33,0.25,1
623429.12,1283861.62,767.71,766.00,767.71,0.62,0.34,0.26,1
623521.38,1283861.62,761.60,760.00,761.60,0.63,0.35,0.27,1
623613.69,1283861.62,756.52,755.00,756.52,0.63,0.35,0.27,1
623705.94,1283861.62,753.47,752.00,753.47,0.62,0.35,0.27,1
623798.19,1283861.62,753.44,752.00,753.44,0.62,0.35,0.27,1
623890.50,1283861.62,757.42,756.00,757.42,0.63,0.36,0.28,1
623982.75,1283861.62,758.41,757.00,758.41,0.64,0.36,0.29,1
624075.06,1283861.62,753.41,752.00,753.41,0.63,0.36,0.28,1
624167.31,1283861.62,752.40,751.00,752.40,0.61,0.34,0.26,1
624259.62,1283861.62,764.40,763.00,764.40,0.60,0.33,0.25,1
624351.88,1283861.62,781.41,780.00,781.41,0.61,0.34,0.26,1
624444.19,1283861.62,783.41,782.00,783.41,0.63,0.36,0.28,1
624536.44,1283861.62,779.40,778.00,779.40,0.64,0.36,0.29,1
624628.69,1283861.62,774.40,773.00,774.40,0.63,0.36,0.28,1
624721.00,1283861.62,768.39,767.00,768.39,0.62,0.35,0.27,1
624813.25,1283861.62,774.37,773.00,774.37,0.62,0.35,0.28,1
624905.56,1283861.62,780.34,779.00,780.34,0.64,0.37,0.29,1
624997.81,1283861.62,773.28,772.00,773.28,0.65,0.38,0.30,1
625090.12,1283861.62,765.21,764.00,765.21,0.64,0.37,0.30,1
625182.38,1283861.62,773.11,772.00,773.11,0.63,0.37,0.30,1
625274.69,1283861.62,780.03,779.00,780.03,0.64,0.39,0.31,1
625366.94,1283861.62,778.26,777.21,778.26,0.58,0.32,0.25,1
625459.19,1283861.62,-9999.00,-9999.00,-9999.00,0.71,0.71,0.71,0
614385.88,1283769.38,-9999.00,-9999.00,-9999.00,0.71,0.71,0.71,0
614478.12,1283769.38,777.07,776.00,777.07,0.31,0.05,-0.02,1
614570.44,1283769.38,773.12,772.00,773.12,0.61,0.35,0.28,1
614662.69,1283769.38,772.14,771.00,772.14,0.61,0.35,0.28,1
614755.00,1283769.38,784.20,783.00,784.20,0.62,0.36,0.29,1
614847.25,1283769.38,781.30,780.00,781.30,0.63,0.37,0.29,1
614939.56,1283769.38,773.40,772.00,773.40,0.63,0.36,0.28,1
615031.81,1283769.38,766.48,765.00,766.48,0.62,0.35,0.27,1
615124.12,1283769.38,765.53,764.00,765.53,0.63,0.35,0.27,1
615216.38,1283769.38,759.57,758.00,759.57,0.63,0.35,0.27,1
615308.62,1283769.38,756.60,755.00,756.60,0.62,0.34,0.26,1
615400.94,1283769.38,754.62,753.00,754.62,0.61,0.33,0.25,1
615493.19,1283769.38,752.64,751.00,752.64,0.61,0.33,0.25,1
615585.50,1283769.38,749.65,748.00,749.65,0.61,0.33,0.25,1
615677.75,1283769.38,742.66,741.00,742.66,0.62,0.34,0.26,1
615770.06,1283769.38,740.67,739.00,740.67,0.62,0.34,0.26,1
615862.31,1283769.38,746.67,745.00,746.67,0.61,0.32,0.24,1
615954.62,1283769.38,763.67,762.00,763.67,0.60,0.32,0.24,1
616046.88,1283769.38,767.67,766.00,767.67,0.61,0.33,0.25,1
616139.12,1283769.38,767.67,766.00,767.67,0.61,0.33,0.25,1
616231.44,1283769.38,766.67,765.00,766.67,0.62,0.34,0.26,1
616323.69,1283769.38,752.67,751.00,752.67,0.62,0.34,0.26,1
616416.00,1283769.38,752.66,751.00,752.66,0.61,0.33,0.25,1
616508.25,1283769.38,760.65,759.00,760.65,0.61,0.33,0.25,1
616600.56,1283769.38,756.64,755.00,756.64,0.62,0.34,0.26,1
616692.81,1283769.38,756.61,755.00,756.61,0.61,0.33,0.25,1
616785.12,1283769.38,766.58,765.00,766.58,0.60,0.33,0.25,1
616877.38,1283769.38,776.53,775.00,776.53,0.62,0.34,0.27,1
616969.62,1283769.38,755.47,754.00,755.47,0.62,0.35,0.27,1
617061.94,1283769.38,761.40,760.00,761.40,0.61,0.34,0.26,1
617154.19,1283769.38,758.31,757.00,758.31,0.62,0.36,0.28,1
617246.50,1283769.38,743.22,742.00,743.22,0.63,0.37,0.29,1
617338.75,1283769.38,742.14,741.00,742.14,0.62,0.36,0.29,1
617431.06,1283769.38,752.07,751.00,752.07,0.61,0.36,0.28,1
617523.31,1283769.38,762.03,761.00,762.03,0.62,0.37,0.29,1
617615.62,1283769.38,765.00,764.00,765.00,0.63,0.38,0.31,1
617707.88,1283769.38,761.98,761.00,761.98,0.64,0.39,0.31,1
617800.12,1283769.38,753.98,753.00,753.98,0.64,0.39,0.32,1
617892.44,1283769.38,749.98,749.00,749.98,0.63,0.38,0.31,1
617984.69,1283769.38,750.98,750.00,750.98,0.63,0.37,0.30,1
618077.00,1283769.38,755.00,754.00,755.00,0.62,0.37,0.29,1
618169.25,1283769.38,763.03,762.00,763.03,0.63,0.37,0.30,1
618261.56,1283769.38,764.08,763.00,764.08,0.64,0.38,0.31,1
618353.81,1283769.38,761.16,760.00,761.16,0.64,0.38,0.31,1
618446.12,1283769.38,755.24,754.00,755.24,0.63,0.36,0.29,1
618538.38,1283769.38,757.32,756.00,757.32,0.61,0.35,0.27,1
618630.62,1283769.38,758.39,757.00,758.39,0.61,0.34,0.26,1
618722.94,1283769.38,762.45,761.00,762.45,0.61,0.34,0.26,1
618815.19,1283769.38,765.51,764.00,765.51,0.61,0.34,0.26,1
618907.50,1283769.38,769.58,768.00,769.58,0.61,0.33,0.25,1
618999.75,1283769.38,771.65,770.00,771.65,0.61,0.33,0.25,1
619092.06,1283769.38,779.76,778.00,779.76,0.61,0.33,0.25,1
619184.31,1283769.38,785.92,784.00,785.92,0.61,0.32,0.24,1
619276.62,1283769.38,788.06,786.00,788.06,0.61,0.32,0.24,1
619368.88,1283769.38,793.14,791.00,793.14,0.61,0.31,0.23,1
619461.19,1283769.38,811.17,809.00,811.17,0.60,0.30,0.22,1
619553.44,1283769.38,846.95,845.00,846.95,0.59,0.30,0.22,1
619645.69,1283769.38,884.38,883.00,884.38,0.59,0.32,0.24,1
619738.00,1283769.38,913.07,912.00,913.07,0.60,0.34,0.27,1
619830.25,1283769.38,941.97,941.00,941.97,0.59,0.34,0.27,1
619922.56,1283769.38,972.91,972.00,972.91,0.59,0.34,0.27,1
620014.81,1283769.38,1001.83,1001.00,1001.83,0.58,0.34,0.27,1
620107.12,1283769.38,1040.59,1040.00,1040.59,0.57,0.34,0.27,1
620199.38,1283769.38,1080.35,1080.00,1080.35,0.57,0.36,0.30,1
620291.69,1283769.38,1112.28,1112.00,1112.28,0.57,0.38,0.32,1
620383.94,1283769.38,1131.26,1131.00,1131.26,0.57,0.37,0.32,1
620476.19,1283769.38,1137.23,1137.00,1137.23,0.54,0.35,0.29,1
620568.50,1283769.38,1143.21,1143.00,1143.21,0.51,0.32,0.27,1
620660.75,1283769.38,1158.22,1158.00,1158.22,0.52,0.33,0.28,1
620753.06,1283769.38,1170.29,1170.00,1170.29,0.56,0.36,0.30,1
620845.31,1283769.38,1169.41,1169.00,1169.41,0.57,0.36,0.30,1
620937.62,1283769.38,1182.49,1182.00,1182.49,0.54,0.32,0.26,1
621029.88,1283769.38,1207.52,1207.00,1207.52,0.53,0.31,0.25,1
621122.19,1283769.38,1223.53,1223.00,1223.53,0.54,0.31,0.25,1
621214.44,1283769.38,1226.53,1226.00,1226.53,0.58,0.35,0.29,1
621306.69,1283769.38,1213.53,1213.00,1213.53,0.62,0.40,0.34,1
621399.00,1283769.38,1194.52,1194.00,1194.52,0.63,0.40,0.34,1
621491.25,1283769.38,1186.52,1186.00,1186.52,0.64,0.42,0.35,1
621583.56,1283769.38,1169.57,1169.00,1169.57,0.67,0.45,0.38,1
621675.81,1283769.38,1136.73,1136.00,1136.73,0.69,0.45,0.38,1
621768.12,1283769.38,1109.84,1109.00,1109.84,0.68,0.44,0.37,1
621860.38,1283769.38,1105.83,1105.00,1105.83,0.67,0.43,0.36,1
621952.69,1283769.38,1102.67,1102.00,1102.67,0.69,0.45,0.39,1
622044.94,1283769.38,1084.39,1084.00,1084.39,0.72,0.51,0.45,1
622137.19,1283769.38,1050.21,1050.00,1050.21,0.76,0.57,0.52,1
622229.50,1283769.38,1019.13,1019.00,1019.13,0.77,0.60,0.56,1
622321.75,1283769.38,989.17,989.00,989.17,0.77,0.59,0.54,1
622414.06,1283769.38,956.58,956.00,956.58,0.72,0.49,0.43,1
622506.31,1283769.38,930.17,929.00,930.17,0.68,0.41,0.34,1
622598.62,1283769.38,918.35,917.00,918.35,0.66,0.39,0.32,1
622690.88,1283769.38,901.30,900.00,901.30,0.67,0.40,0.33,1
622783.19,1283769.38,862.50,861.00,862.50,0.67,0.40,0.32,1
622875.44,1283769.38,818.43,816.00,818.43,0.64,0.34,0.26,1
622967.69,1283769.38,789.91,787.00,789.91,0.63,0.31,0.22,1
623060.00,1283769.38,776.76,774.00,776.76,0.62,0.31,0.22,1
623152.25,1283769.38,773.44,771.00,773.44,0.62,0.31,0.23,1
623244.56,1283769.38,772.12,770.00,772.12,0.61,0.32,0.24,1
623336.81,1283769.38,770.89,769.00,770.89,0.62,0.33,0.25,1
623429.12,1283769.38,766.73,765.00,766.73,0.62,0.34,0.26,1
623521.38,1283769.38,760.62,759.00,760.62,0.62,0.34,0.26,1
623613.69,1283769.38,759.54,758.00,759.54,0.63,0.35,0.27,1
623705.94,1283769.38,758.48,757.00,758.48,0.63,0.35,0.27,1
623798.19,1283769.38,761.45,760.00,761.45,0.62,0.35,0.27,1
623890.50,1283769.38,769.42,768.00,769.42,0.63,0.35,0.28,1
623982.75,1283769.38,767.41,766.00,767.41,0.64,0.36,0.29,1
624075.06,1283769.38,755.41,754.00,755.41,0.63,0.36,0.28,1
624167.31,1283769.38,751.41,750.00,751.41,0.62,0.35,0.27,1
624259.62,1283769.38,761.41,760.00,761.41,0.60,0.33,0.25,1
624351.88,1283769.38,778.41,777.00,778.41,0.60,0.33,0.25,1
624444.19,1283769.38,787.41,786.00,787.41,0.62,0.35,0.27,1
624536.44,1283769.38,784.40,783.00,784.40,0.64,0.37,0.29,1
624628.69,1283769.38,773.40,772.00,773.40,0.64,0.37,0.29,1
624721.00,1283769.38,767.39,766.00,767.39,0.62,0.35,0.27,1
624813.25,1283769.38,777.38,776.00,777.38,0.61,0.34,0.26,1
624905.56,1283769.38,787.35,786.00,787.35,0.62,0.36,0.28,1
624997.81,1283769.38,781.31,780.00,781.31,0.64,0.37,0.29,1
625090.12,1283769.38,775.26,774.00,775.26,0.63,0.37,0.29,1
625182.38,1283769.38,784.21,783.00,784.21,0.62,0.36,0.29,1
625274.69,1283769.38,789.17,788.00,789.17,0.63,0.37,0.29,1
625366.94,1283769.38,787.72,786.62,787.72,0.58,0.32,0.24,1
625459.19,1283769.38,-9999.00,-9999.00,-9999.00,0.71,0.71,0.71,0
614385.88,1283677.00,-9999.00,-9999.00,-9999.00,0.71,0.71,0.71,0
614478.12,1283677.00,763.08,762.00,763.08,0.31,0.06,-0.02,1
614570.44,1283677.00,764.14,763.00,764.14,0.62,0.36,0.28,1
614662.69,1283677.00,772.15,771.00,772.15,0.62,0.36,0.28,1
614755.00,1283677.00,783.21,782.00,783.21,0.62,0.36,0.29,1
614847.25,1283677.00,777.30,776.00,777.30,0.64,0.37,0.29,1
614939.56,1283677.00,766.40,765.00,766.40,0.63,0.36,0.28,1
615031.81,1283677.00,759.48,758.00,759.48,0.62,0.34,0.27,1
615124.12,1283677.00,761.54,760.00,761.54,0.62,0.34,0.26,1
615216.38,1283677.00,753.58,752.00,753.58,0.63,0.35,0.27,1
615308.62,1283677.00,745.61,744.00,745.61,0.62,0.34,0.26,1
615400.94,1283677.00,742.63,741.00,742.63,0.61,0.34,0.26,1
615493.19,1283677.00,741.65,740.00,741.65,0.61,0.33,0.25,1
615585.50,1283677.00,739.66,738.00,739.66,0.62,0.33,0.25,1
615677.75,1283677.00,742.67,741.00,742.67,0.62,0.34,0.26,1
615770.06,1283677.00,743.67,742.00,743.67,0.63,0.35,0.27,1
615862.31,1283677.00,741.67,740.00,741.67,0.61,0.33,0.25,1
615954.62,1283677.00,751.67,750.00,751.67,0.60,0.32,0.24,1
616046.88,1283677.00,752.67,751.00,752.67,0.61,0.33,0.25,1
616139.12,1283677.00,751.67,750.00,751.67,0.61,0.33,0.25,1
616231.44,1283677.00,752.67,751.00,752.67,0.61,0.33,0.25,1
616323.69,1283677.00,748.67,747.00,748.67,0.62,0.33,0.25,1
616416.00,1283677.00,752.67,751.00,752.67,0.62,0.33,0.25,1
616508.25,1283677.00,752.66,751.00,752.66,0.61,0.33,0.25,1
616600.56,1283677.00,749.65,748.00,749.65,0.61,0.33,0.25,1
616692.81,1283677.00,752.63,751.00,752.63,0.61,0.33,0.25,1
616785.12,1283677.00,766.60,765.00,766.60,0.61,0.33,0.25,1
616877.38,1283677.00,770.56,769.00,770.56,0.62,0.34,0.27,1
616969.62,1283677.00,748.50,747.00,748.50,0.63,0.35,0.27,1
617061.94,1283677.00,749.43,748.00,749.43,0.61,0.34,0.26,1
617154.19,1283677.00,746.35,745.00,746.35,0.62,0.35,0.27,1
617246.50,1283677.00,742.26,741.00,742.26,0.63,0.36,0.29,1
617338.75,1283677.00,745.16,744.00,745.16,0.62,0.36,0.29,1
617431.06,1283677.00,757.09,756.00,757.09,0.62,0.36,0.29,1
617523.31,1283677.00,768.04,767.00,768.04,0.62,0.37,0.29,1
617615.62,1283677.00,767.00,766.00,767.00,0.63,0.37,0.30,1
617707.88,1283677.00,762.98,762.00,762.98,0.63,0.38,0.31,1
617800.12,1283677.00,757.98,757.00,757.98,0.64,0.39,0.31,1
617892.44,1283677.00,752.98,752.00,752.98,0.64,0.39,0.31,1
617984.69,1283677.00,749.98,749.00,749.98,0.63,0.38,0.31,1
618077.00,1283677.00,754.00,753.00,754.00,0.62,0.36,0.29,1
618169.25,1283677.00,764.03,763.00,764.03,0.61,0.36,0.29,1
618261.56,1283677.00,770.07,769.00,770.07,0.63,0.37,0.30,1
618353.81,1283677.00,768.14,767.00,768.14,0.65,0.38,0.31,1
618446.12,1283677.00,756.22,755.00,756.22,0.64,0.38,0.30,1
618538.38,1283677.00,752.29,751.00,752.29,0.63,0.36,0.28,1
618630.62,1283677.00,754.36,753.00,754.36,0.62,0.35,0.27,1
618722.94,1283677.00,756.43,755.00,756.43,0.62,0.34,0.27,1
618815.19,1283677.00,760.50,759.00,760.50,0.61,0.34,0.26,1
618907.50,1283677.00,766.57,765.00,766.57,0.61,0.34,0.26,1
618999.75,1283677.00,770.66,769.00,770.66,0.61,0.33,0.25,1
619092.06,1283677.00,776.77,775.00,776.77,0.61,0.33,0.25,1
619184.31,1283677.00,779.95,778.00,779.95,0.61,0.32,0.24,1
619276.62,1283677.00,785.16,783.00,785.16,0.61,0.31,0.23,1
619368.88,1283677.00,794.30,792.00,794.30,0.60,0.30,0.21,1
619461.19,1283677.00,823.33,821.00,823.33,0.59,0.29,0.20,1
619553.44,1283677.00,867.75,866.00,867.75,0.58,0.30,0.22,1
619645.69,1283677.00,904.89,904.00,904.89,0.60,0.35,0.28,1
619738.00,1283677.00,930.66,930.00,930.66,0.62,0.39,0.32,1
619830.25,1283677.00,950.68,950.00,950.68,0.61,0.37,0.31,1
619922.56,1283677.00,977.74,977.00,977.74,0.59,0.35,0.28,1
620014.81,1283677.00,1007.77,1007.00,1007.77,0.57,0.33,0.26,1
620107.12,1283677.00,1042.68,1042.00,1042.68,0.55,0.31,0.25,1
620199.38,1283677.00,1079.57,1079.00,1079.57,0.55,0.32,0.26,1
620291.69,1283677.00,1099.55,1099.00,1099.55,0.56,0.34,0.27,1
620383.94,1283677.00,1103.57,1103.00,1103.57,0.55,0.33,0.26,1
620476.19,1283677.00,1102.56,1102.00,1102.56,0.54,0.31,0.25,1
620568.50,1283677.00,1109.54,1109.00,1109.54,0.53,0.30,0.24,1
620660.75,1283677.00,1132.50,1132.00,1132.50,0.53,0.31,0.25,1
620753.06,1283677.00,1149.54,1149.00,1149.54,0.57,0.34,0.28,1
620845.31,1283677.00,1151.65,1151.00,1151.65,0.59,0.35,0.29,1
620937.62,1283677.00,1163.73,1163.00,1163.73,0.57,0.33,0.27,1
621029.88,1283677.00,1175.76,1175.00,1175.76,0.56,0.32,0.25,1
621122.19,1283677.00,1187.76,1187.00,1187.76,0.56,0.32,0.25,1
621214.44,1283677.00,1199.75,1199.00,1199.75,0.59,0.35,0.28,1
621306.69,1283677.00,1198.72,1198.00,1198.72,0.65,0.41,0.34,1
621399.00,1283677.00,1181.70,1181.00,1181.70,0.67,0.43,0.37,1
621491.25,1283677.00,1172.68,1172.00,1172.68,0.67,0.43,0.36,1
621583.56,1283677.00,1157.68,1157.00,1157.68,0.66,0.43,0.36,1
621675.81,1283677.00,1140.71,1140.00,1140.71,0.67,0.43,0.36,1
621768.12,1283677.00,1135.73,1135.00,1135.73,0.67,0.43,0.36,1
621860.38,1283677.00,1138.69,1138.00,1138.69,0.67,0.44,0.37,1
621952.69,1283677.00,1131.55,1131.00,1131.55,0.70,0.47,0.41,1
622044.94,1283677.00,1108.33,1108.00,1108.33,0.73,0.53,0.47,1
622137.19,1283677.00,1080.16,1080.00,1080.16,0.76,0.59,0.54,1
622229.50,1283677.00,1057.09,1057.00,1057.09,0.85,0.71,0.60,1
622321.75,1283677.00,1032.07,1032.00,1032.07,0.86,0.72,0.61,1
622414.06,1283677.00,999.18,999.00,999.18,0.77,0.59,0.54,1
622506.31,1283677.00,966.63,966.00,966.63,0.71,0.48,0.42,1
622598.62,1283677.00,942.02,941.00,942.02,0.68,0.42,0.35,1
622690.88,1283677.00,916.09,915.00,916.09,0.67,0.41,0.34,1
622783.19,1283677.00,885.15,884.00,885.15,0.68,0.42,0.34,1
622875.44,1283677.00,844.78,843.00,844.78,0.66,0.38,0.30,1
622967.69,1283677.00,807.60,805.00,807.60,0.64,0.33,0.24,1
623060.00,1283677.00,784.66,782.00,784.66,0.63,0.32,0.23,1
623152.25,1283677.00,774.43,772.00,774.43,0.62,0.32,0.23,1
623244.56,1283677.00,769.13,767.00,769.13,0.62,0.32,0.24,1
623336.81,1283677.00,765.91,764.00,765.91,0.62,0.33,0.25,1
623429.12,1283677.00,762.75,761.00,762.75,0.62,0.34,0.26,1
623521.38,1283677.00,759.64,758.00,759.64,0.62,0.34,0.26,1
623613.69,1283677.00,760.56,759.00,760.56,0.62,0.34,0.27,1
623705.94,1283677.00,763.50,762.00,763.50,0.62,0.35,0.27,1
623798.19,1283677.00,766.46,765.00,766.46,0.62,0.35,0.27,1
623890.50,1283677.00,768.43,767.00,768.43,0.62,0.35,0.27,1
623982.75,1283677.00,764.42,763.00,764.42,0.63,0.35,0.28,1
624075.06,1283677.00,755.41,754.00,755.41,0.63,0.36,0.28,1
624167.31,1283677.00,750.41,749.00,750.41,0.62,0.35,0.27,1
624259.62,1283677.00,756.41,755.00,756.41,0.60,0.33,0.25,1
624351.88,1283677.00,773.41,772.00,773.41,0.59,0.32,0.24,1
624444.19,1283677.00,788.41,787.00,788.41,0.61,0.34,0.26,1
624536.44,1283677.00,789.41,788.00,789.41,0.63,0.36,0.28,1
624628.69,1283677.00,780.40,779.00,780.40,0.64,0.37,0.29,1
624721.00,1283677.00,769.40,768.00,769.40,0.63,0.36,0.28,1
624813.25,1283677.00,773.38,772.00,773.38,0.61,0.34,0.26,1
624905.56,1283677.00,784.36,783.00,784.36,0.61,0.34,0.26,1
624997.81,1283677.00,781.32,780.00,781.32,0.63,0.36,0.28,1
625090.12,1283677.00,778.28,777.00,778.28,0.63,0.36,0.28,1
625182.38,1283677.00,785.27,784.00,785.27,0.62,0.35,0.28,1
625274.69,1283677.00,787.27,786.00,787.27,0.61,0.35,0.27,1
625366.94,1283677.00,791.24,790.12,791.24,0.58,0.32,0.24,1
625459.19,1283677.00,-9999.00,-9999.00,-9999.00,0.71,0.71,0.71,0
614385.88,1283584.75,-9999.00,-9999.00,-9999.00,0.71,0.71,0.71,0
614478.12,1283584.75,760.09,759.00,760.09,0.31,0.06,-0.02,1
614570.44,1283584.75,767.15,766.00,767.15,0.62,0.36,0.29,1
614662.69,1283584.75,779.17,778.00,779.17,0.62,0.36,0.28,1
614755.00,1283584.75,787.22,786.00,787.22,0.62,0.36,0.28,1
614847.25,1283584.75,783.30,782.00,783.30,0.64,0.37,0.29,1
614939.56,1283584.75,771.40,770.00,771.40,0.64,0.37,0.29,1
615031.81,1283584.75,754.48,753.00,754.48,0.63,0.36,0.28,1
615124.12,1283584.75,753.54,752.00,753.54,0.62,0.35,0.27,1
615216.38,1283584.75,755.59,754.00,755.59,0.63,0.35,0.27,1
615308.62,1283584.75,747.62,746.00,747.62,0.63,0.35,0.27,1
615400.94,1283584.75,739.64,738.00,739.64,0.63,0.35,0.27,1
615493.19,1283584.75,739.66,738.00,739.66,0.62,0.34,0.26,1
615585.50,1283584.75,741.66,740.00,741.66,0.62,0.34,0.26,1
615677.75,1283584.75,753.67,752.00,753.67,0.63,0.35,0.26,1
615770.06,1283584.75,751.67,750.00,751.67,0.63,0.35,0.27,1
615862.31,1283584.75,742.68,741.00,742.68,0.63,0.34,0.26,1
615954.62,1283584.75,745.68,744.00,745.68,0.61,0.33,0.25,1
616046.88,1283584.75,746.68,745.00,746.68,0.62,0.34,0.26,1
616139.12,1283584.75,745.68,744.00,745.68,0.62,0.34,0.26,1
616231.44,1283584.75,743.68,742.00,743.68,0.62,0.34,0.26,1
616323.69,1283584.75,743.68,742.00,743.68,0.62,0.33,0.25,1
616416.00,1283584.75,746.67,745.00,746.67,0.62,0.33,0.25,1
616508.25,1283584.75,743.67,742.00,743.67,0.62,0.34,0.26,1
616600.56,1283584.75,743.66,742.00,743.66,0.61,0.33,0.25,1
616692.81,1283584.75,749.64,748.00,749.64,0.61,0.33,0.25,1
616785.12,1283584.75,759.63,758.00,759.63,0.61,0.33,0.25,1
616877.38,1283584.75,760.58,759.00,760.58,0.62,0.34,0.26,1
616969.62,1283584.75,745.53,744.00,745.53,0.63,0.35,0.27,1
617061.94,1283584.75,743.47,742.00,743.47,0.62,0.35,0.27,1
617154.19,1283584.75,744.40,743.00,744.40,0.62,0.35,0.27,1
617246.50,1283584.75,747.30,746.00,747.30,0.62,0.35,0.28,1
617338.75,1283584.75,753.20,752.00,753.20,0.62,0.36,0.28,1
617431.06,1283584.75,764.11,763.00,764.11,0.62,0.36,0.29,1
617523.31,1283584.75,763.05,762.00,763.05,0.62,0.36,0.29,1
617615.62,1283584.75,759.01,758.00,759.01,0.62,0.37,0.29,1
617707.88,1283584.75,758.99,758.00,758.99,0.62,0.37,0.30,1
617800.12,1283584.75,757.98,757.00,757.98,0.63,0.38,0.30,1
617892.44,1283584.75,755.98,755.00,755.98,0.64,0.38,0.31,1
617984.69,1283584.75,754.98,754.00,754.98,0.64,0.39,0.31,1
618077.00,1283584.75,756.00,755.00,756.00,0.63,0.37,0.30,1
618169.25,1283584.75,762.03,761.00,762.03,0.62,0.36,0.29,1
618261.56,1283584.75,768.07,767.00,768.07,0.61,0.36,0.28,1
618353.81,1283584.75,775.13,774.00,775.13,0.63,0.37,0.30,1
618446.12,1283584.75,766.20,765.00,766.20,0.65,0.38,0.31,1
618538.38,1283584.75,756.27,755.00,756.27,0.64,0.38,0.30,1
618630.62,1283584.75,753.34,752.00,753.34,0.63,0.36,0.28,1
618722.94,1283584.75,756.41,755.00,756.41,0.62,0.35,0.27,1
618815.19,1283584.75,761.48,760.00,761.48,0.62,0.34,0.26,1
618907.50,1283584.75,767.56,766.00,767.56,0.62,0.34,0.26,1
618999.75,1283584.75,770.65,769.00,770.65,0.62,0.34,0.26,1
619092.06,1283584.75,774.77,773.00,774.77,0.61,0.33,0.25,1
619184.31,1283584.75,781.95,780.00,781.95,0.62,0.33,0.24,1
619276.62,1283584.75,788.18,786.00,788.18,0.62,0.32,0.24,1
619368.88,1283584.75,796.36,794.00,796.36,0.60,0.30,0.21,1
619461.19,1283584.75,829.37,827.00,829.37,0.58,0.28,0.19,1
619553.44,1283584.75,878.48,877.00,878.48,0.56,0.28,0.20,1
619645.69,1283584.75,929.55,929.00,929.55,0.57,0.34,0.28,1
619738.00,1283584.75,958.44,958.00,958.44,0.63,0.41,0.35,1
619830.25,1283584.75,970.50,970.00,970.50,0.64,0.42,0.36,1
619922.56,1283584.75,982.64,982.00,982.64,0.61,0.38,0.32,1
620014.81,1283584.75,1005.77,1005.00,1005.77,0.58,0.34,0.27,1
620107.12,1283584.75,1029.84,1029.00,1029.84,0.56,0.31,0.24,1
620199.38,1283584.75,1056.90,1056.00,1056.90,0.55,0.30,0.23,1
620291.69,1283584.75,1067.00,1066.00,1067.00,0.57,0.31,0.24,1
620383.94,1283584.75,1060.16,1059.00,1060.16,0.57,0.31,0.23,1
620476.19,1283584.75,1057.24,1056.00,1057.24,0.56,0.29,0.22,1
620568.50,1283584.75,1073.21,1072.00,1073.21,0.55,0.28,0.21,1
620660.75,1283584.75,1104.01,1103.00,1104.01,0.55,0.29,0.22,1
620753.06,1283584.75,1125.94,1125.00,1125.94,0.57,0.32,0.25,1
620845.31,1283584.75,1133.98,1133.00,1133.98,0.59,0.34,0.27,1
620937.62,1283584.75,1143.05,1142.00,1143.05,0.59,0.33,0.26,1
621029.88,1283584.75,1152.07,1151.00,1152.07,0.58,0.32,0.25,1
621122.19,1283584.75,1167.07,1166.00,1167.07,0.57,0.31,0.24,1
621214.44,1283584.75,1189.02,1188.00,1189.02,0.57,0.32,0.25,1
621306.69,1283584.75,1209.93,1209.00,1209.93,0.61,0.36,0.29,1
621399.00,1283584.75,1214.85,1214.00,1214.85,0.67,0.42,0.35,1
621491.25,1283584.75,1201.80,1201.00,1201.80,0.69,0.45,0.38,1
621583.56,1283584.75,1174.76,1174.00,1174.76,0.69,0.45,0.38,1
621675.81,1283584.75,1157.73,1157.00,1157.73,0.68,0.44,0.37,1
621768.12,1283584.75,1159.68,1159.00,1159.68,0.67,0.43,0.37,1
621860.38,1283584.75,1160.58,1160.00,1160.58,0.68,0.46,0.39,1
621952.69,1283584.75,1152.42,1152.00,1152.42,0.70,0.49,0.43,1
622044.94,1283584.75,1134.25,1134.00,1134.25,0.73,0.54,0.48,1
622137.19,1283584.75,1109.13,1109.00,1109.13,0.74,0.57,0.53,1
622229.50,1283584.75,1086.07,1086.00,1086.07,0.80,0.66,0.55,1
622321.75,1283584.75,1063.06,1063.00,1063.06,0.80,0.66,0.56,1
622414.06,1283584.75,1031.10,1031.00,1031.10,0.75,0.59,0.54,1
622506.31,1283584.75,992.45,992.00,992.45,0.70,0.49,0.43,1
622598.62,1283584.75,951.96,951.00,951.96,0.67,0.41,0.34,1
622690.88,1283584.75,918.14,917.00,918.14,0.65,0.39,0.32,1
622783.19,1283584.75,891.17,890.00,891.17,0.66,0.40,0.32,1
622875.44,1283584.75,862.39,861.00,862.39,0.67,0.40,0.32,1
622967.69,1283584.75,827.03,825.00,827.03,0.65,0.36,0.28,1
623060.00,1283584.75,795.35,793.00,795.35,0.64,0.34,0.25,1
623152.25,1283584.75,777.30,775.00,777.30,0.63,0.33,0.24,1
623244.56,1283584.75,769.11,767.00,769.11,0.62,0.33,0.25,1
623336.81,1283584.75,763.91,762.00,763.91,0.62,0.33,0.25,1
623429.12,1283584.75,761.77,760.00,761.77,0.62,0.34,0.26,1
623521.38,1283584.75,761.66,760.00,761.66,0.62,0.34,0.26,1
623613.69,1283584.75,764.58,763.00,764.58,0.63,0.35,0.27,1
623705.94,1283584.75,764.52,763.00,764.52,0.63,0.35,0.27,1
623798.19,1283584.75,762.47,761.00,762.47,0.62,0.35,0.27,1
623890.50,1283584.75,761.45,760.00,761.45,0.62,0.35,0.27,1
623982.75,1283584.75,758.43,757.00,758.43,0.62,0.35,0.27,1
624075.06,1283584.75,754.42,753.00,754.42,0.63,0.35,0.28,1
624167.31,1283584.75,750.42,749.00,750.42,0.63,0.35,0.28,1
624259.62,1283584.75,751.41,750.00,751.41,0.61,0.34,0.26,1
624351.88,1283584.75,763.41,762.00,763.41,0.59,0.32,0.24,1
624444.19,1283584.75,778.41,777.00,778.41,0.59,0.32,0.24,1
624536.44,1283584.75,787.41,786.00,787.41,0.61,0.34,0.26,1
624628.69,1283584.75,785.41,784.00,785.41,0.62,0.35,0.28,1
624721.00,1283584.75,776.40,775.00,776.40,0.63,0.36,0.28,1
624813.25,1283584.75,771.38,770.00,771.38,0.62,0.35,0.28,1
624905.56,1283584.75,773.36,772.00,773.36,0.61,0.34,0.26,1
624997.81,1283584.75,777.32,776.00,777.32,0.61,0.35,0.27,1
625090.12,1283584.75,783.29,782.00,783.29,0.62,0.35,0.28,1
625182.38,1283584.75,786.28,785.00,786.28,0.63,0.36,0.28,1
625274.69,1283584.75,778.29,777.00,778.29,0.62,0.35,0.28,1
625366.94,1283584.75,788.83,787.73,788.83,0.58,0.32,0.24,1
625459.19,1283584.75,-9999.00,-9999.00,-9999.00,0.71,0.71,0.71,0
614385.88,1283492.50,-9999.00,-9999.00,-9999.00,0.71,0.71,0.71,0
614478.12,1283492.50,778.10,777.00,778.10,0.32,0.06,-0.02,1
614570.44,1283492.50,780.17,779.00,780.17,0.64,0.38,0.30,1
614662.69,1283492.50,780.18,779.00,780.18,0.62,0.36,0.28,1
614755.00,1283492.50,785.22,784.00,785.22,0.61,0.35,0.27,1
614847.25,1283492.50,782.29,781.00,782.29,0.63,0.36,0.28,1
614939.56,1283492.50,769.39,768.00,769.39,0.63,0.36,0.28,1
615031.81,1283492.50,756.48,755.00,756.48,0.63,0.36,0.28,1
615124.12,1283492.50,764.54,763.00,764.54,0.63,0.35,0.27,1
615216.38,1283492.50,765.59,764.00,765.59,0.63,0.35,0.28,1
615308.62,1283492.50,750.62,749.00,750.62,0.63,0.35,0.27,1
615400.94,1283492.50,745.64,744.00,745.64,0.63,0.35,0.27,1
615493.19,1283492.50,751.66,750.00,751.66,0.63,0.35,0.27,1
615585.50,1283492.50,755.66,754.00,755.66,0.63,0.35,0.27,1
615677.75,1283492.50,764.67,763.00,764.67,0.63,0.35,0.27,1
615770.06,1283492.50,759.67,758.00,759.67,0.64,0.35,0.27,1
615862.31,1283492.50,746.68,745.00,746.68,0.63,0.35,0.27,1
615954.62,1283492.50,744.68,743.00,744.68,0.62,0.34,0.26,1
616046.88,1283492.50,746.68,745.00,746.68,0.62,0.33,0.25,1
616139.12,1283492.50,748.68,747.00,748.68,0.62,0.34,0.26,1
616231.44,1283492.50,745.68,744.00,745.68,0.62,0.34,0.26,1
616323.69,1283492.50,742.68,741.00,742.68,0.62,0.34,0.26,1
616416.00,1283492.50,743.68,742.00,743.68,0.62,0.34,0.26,1
616508.25,1283492.50,743.67,742.00,743.67,0.62,0.34,0.26,1
616600.56,1283492.50,741.67,740.00,741.67,0.62,0.34,0.26,1
616692.81,1283492.50,745.66,744.00,745.66,0.61,0.33,0.25,1
616785.12,1283492.50,752.64,751.00,752.64,0.61,0.33,0.25,1
616877.38,1283492.50,754.61,753.00,754.61,0.62,0.34,0.26,1
616969.62,1283492.50,743.57,742.00,743.57,0.63,0.35,0.27,1
617061.94,1283492.50,745.51,744.00,745.51,0.63,0.35,0.27,1
617154.19,1283492.50,745.45,744.00,745.45,0.63,0.35,0.27,1
617246.50,1283492.50,747.36,746.00,747.36,0.62,0.35,0.27,1
617338.75,1283492.50,755.24,754.00,755.24,0.61,0.35,0.27,1
617431.06,1283492.50,760.14,759.00,760.14,0.62,0.36,0.28,1
617523.31,1283492.50,753.07,752.00,753.07,0.62,0.36,0.29,1
617615.62,1283492.50,751.03,750.00,751.03,0.62,0.37,0.29,1
617707.88,1283492.50,753.00,752.00,753.00,0.63,0.37,0.30,1
617800.12,1283492.50,753.99,753.00,753.99,0.63,0.38,0.30,1
617892.44,1283492.50,758.99,758.00,758.99,0.63,0.38,0.31,1
617984.69,1283492.50,761.99,761.00,761.99,0.64,0.39,0.31,1
618077.00,1283492.50,758.00,757.00,758.00,0.63,0.38,0.31,1
618169.25,1283492.50,759.03,758.00,759.03,0.62,0.36,0.29,1
618261.56,1283492.50,765.07,764.00,765.07,0.61,0.35,0.28,1
618353.81,1283492.50,774.12,773.00,774.12,0.62,0.36,0.28,1
618446.12,1283492.50,772.19,771.00,772.19,0.63,0.37,0.30,1
618538.38,1283492.50,766.26,765.00,766.26,0.64,0.38,0.30,1
618630.62,1283492.50,760.32,759.00,760.32,0.64,0.37,0.29,1
618722.94,1283492.50,758.39,757.00,758.39,0.63,0.36,0.28,1
618815.19,1283492.50,761.46,760.00,761.46,0.62,0.35,0.27,1
618907.50,1283492.50,768.54,767.00,768.54,0.62,0.34,0.26,1
618999.75,1283492.50,774.63,773.00,774.63,0.62,0.34,0.26,1
619092.06,1283492.50,778.76,777.00,778.76,0.61,0.33,0.25,1
619184.31,1283492.50,788.94,787.00,788.94,0.61,0.32,0.24,1
619276.62,1283492.50,802.16,800.00,802.16,0.62,0.32,0.24,1
619368.88,1283492.50,809.32,807.00,809.32,0.61,0.31,0.23,1
619461.19,1283492.50,832.31,830.00,832.31,0.59,0.29,0.20,1
619553.44,1283492.50,878.42,877.00,878.42,0.56,0.28,0.21,1
619645.69,1283492.50,930.51,930.00,930.51,0.53,0.30,0.24,1
619738.00,1283492.50,970.39,970.00,970.39,0.58,0.37,0.31,1
619830.25,1283492.50,986.46,986.00,986.46,0.63,0.42,0.35,1
619922.56,1283492.50,994.60,994.00,994.60,0.64,0.41,0.34,1
620014.81,1283492.50,1002.77,1002.00,1002.77,0.61,0.37,0.30,1
620107.12,1283492.50,1012.95,1012.00,1012.95,0.59,0.34,0.26,1
620199.38,1283492.50,1027.13,1026.00,1027.13,0.57,0.31,0.24,1
620291.69,1283492.50,1031.33,1030.00,1031.33,0.58,0.32,0.24,1
620383.94,1283492.50,1023.53,1022.00,1023.53,0.59,0.31,0.24,1
620476.19,1283492.50,1024.65,1023.00,1024.65,0.58,0.30,0.22,1
620568.50,1283492.50,1051.64,1050.00,1051.64,0.57,0.29,0.21,1
620660.75,1283492.50,1086.47,1085.00,1086.47,0.56,0.29,0.21,1
620753.06,1283492.50,1109.36,1108.00,1109.36,0.57,0.30,0.23,1
620845.31,1283492.50,1121.38,1120.00,1121.38,0.59,0.32,0.24,1
620937.62,1283492.50,1128.42,1127.00,1128.42,0.60,0.32,0.25,1
621029.88,1283492.50,1135.43,1134.00,1135.43,0.59,0.32,0.24,1
621122.19,1283492.50,1149.40,1148.00,1149.40,0.58,0.31,0.23,1
621214.44,1283492.50,1175.33,1174.00,1175.33,0.56,0.29,0.22,1
621306.69,1283492.50,1204.16,1203.00,1204.16,0.56,0.30,0.22,1
621399.00,1283492.50,1226.98,1226.00,1226.98,0.60,0.35,0.27,1
621491.25,1283492.50,1224.90,1224.00,1224.90,0.65,0.40,0.33,1
621583.56,1283492.50,1201.82,1201.00,1201.82,0.68,0.43,0.36,1
621675.81,1283492.50,1186.74,1186.00,1186.74,0.68,0.44,0.37,1
621768.12,1283492.50,1188.62,1188.00,1188.62,0.67,0.43,0.37,1
621860.38,1283492.50,1193.47,1193.00,1193.47,0.69,0.47,0.41,1
621952.69,1283492.50,1175.31,1175.00,1175.31,0.72,0.52,0.46,1
622044.94,1283492.50,1145.18,1145.00,1145.18,0.72,0.54,0.49,1
622137.19,1283492.50,1110.10,1110.00,1110.10,0.72,0.56,0.51,1
622229.50,1283492.50,1075.07,1075.00,1075.07,0.74,0.60,0.50,1
622321.75,1283492.50,1047.06,1047.00,1047.06,0.71,0.57,0.46,1
622414.06,1283492.50,1017.14,1017.00,1017.14,0.67,0.49,0.45,1
622506.31,1283492.50,977.58,977.00,977.58,0.65,0.42,0.36,1
622598.62,1283492.50,939.17,938.00,939.17,0.64,0.38,0.30,1
622690.88,1283492.50,911.37,910.00,911.37,0.64,0.37,0.29,1
622783.19,1283492.50,892.38,891.00,892.38,0.64,0.37,0.29,1
622875.44,1283492.50,876.45,875.00,876.45,0.65,0.38,0.30,1
622967.69,1283492.50,845.74,844.00,845.74,0.66,0.37,0.29,1
623060.00,1283492.50,810.03,808.00,810.03,0.65,0.36,0.27,1
623152.25,1283492.50,787.09,785.00,787.09,0.64,0.35,0.26,1
623244.56,1283492.50,775.04,773.00,775.04,0.63,0.34,0.26,1
623336.81,1283492.50,766.91,765.00,766.91,0.63,0.34,0.25,1
623429.12,1283492.50,762.77,761.00,762.77,0.62,0.34,0.25,1
623521.38,1283492.50,766.67,765.00,766.67,0.62,0.34,0.26,1
623613.69,1283492.50,770.59,769.00,770.59,0.62,0.35,0.27,1
623705.94,1283492.50,769.53,768.00,769.53,0.63,0.35,0.27,1
623798.19,1283492.50,764.49,763.00,764.49,0.63,0.36,0.28,1
623890.50,1283492.50,757.46,756.00,757.46,0.63,0.35,0.27,1
623982.75,1283492.50,753.44,752.00,753.44,0.62,0.35,0.27,1
624075.06,1283492.50,753.43,752.00,753.43,0.63,0.35,0.28,1
624167.31,1283492.50,752.43,751.00,752.43,0.63,0.36,0.28,1
624259.62,1283492.50,752.42,751.00,752.42,0.63,0.35,0.28,1
624351.88,1283492.50,754.42,753.00,754.42,0.61,0.34,0.26,1
624444.19,1283492.50,761.42,760.00,761.42,0.60,0.33,0.25,1
624536.44,1283492.50,770.41,769.00,770.41,0.59,0.32,0.25,1
624628.69,1283492.50,772.41,771.00,772.41,0.60,0.33,0.26,1
624721.00,1283492.50,771.40,770.00,771.40,0.62,0.35,0.27,1
624813.25,1283492.50,771.38,770.00,771.38,0.63,0.36,0.28,1
624905.56,1283492.50,771.36,770.00,771.36,0.63,0.36,0.28,1
624997.81,1283492.50,775.33,774.00,775.33,0.62,0.35,0.27,1
625090.12,1283492.50,780.30,779.00,780.30,0.62,0.35,0.27,1
625182.38,1283492.50,783.28,782.00,783.28,0.62,0.36,0.28,1
625274.69,1283492.50,780.27,779.00,780.27,0.63,0.36,0.29,1
625366.94,1283492.50,786.42,785.35,786.42,0.58,0.32,0.25,1
625459.19,1283492.50,-9999.00,-9999.00,-9999.00,0.71,0.71,0.71,0
614385.88,1283400.25,-9999.00,-9999.00,-9999.00,0.71,0.71,0.71,0
614478.12,1283400.25,797.11,796.00,797.11,0.32,0.06,-0.02,1
614570.44,1283400.25,793.19,792.00,793.19,0.65,0.39,0.31,1
614662.69,1283400.25,777.19,776.00,777.19,0.64,0.38,0.30,1
614755.00,1283400.25,773.22,772.00,773.22,0.62,0.36,0.28,1
614847.25,1283400.25,769.28,768.00,769.28,0.62,0.36,0.28,1
614939.56,1283400.25,761.38,760.00,761.38,0.62,0.35,0.27,1
615031.81,1283400.25,767.47,766.00,767.47,0.62,0.35,0.27,1
615124.12,1283400.25,775.54,774.00,775.54,0.63,0.36,0.28,1
615216.38,1283400.25,763.59,762.00,763.59,0.64,0.36,0.28,1
615308.62,1283400.25,746.62,745.00,746.62,0.63,0.35,0.27,1
615400.94,1283400.25,752.64,751.00,752.64,0.61,0.33,0.25,1
615493.19,1283400.25,765.66,764.00,765.66,0.62,0.34,0.26,1
615585.50,1283400.25,772.67,771.00,772.67,0.62,0.34,0.26,1
615677.75,1283400.25,772.67,771.00,772.67,0.63,0.35,0.26,1
615770.06,1283400.25,763.68,762.00,763.68,0.63,0.35,0.27,1
615862.31,1283400.25,748.68,747.00,748.68,0.63,0.35,0.27,1
615954.62,1283400.25,741.68,740.00,741.68,0.63,0.34,0.26,1
616046.88,1283400.25,742.69,741.00,742.69,0.62,0.34,0.26,1
616139.12,1283400.25,743.69,742.00,743.69,0.62,0.33,0.25,1
616231.44,1283400.25,743.68,742.00,743.68,0.62,0.34,0.26,1
616323.69,1283400.25,743.68,742.00,743.68,0.62,0.34,0.26,1
616416.00,1283400.25,744.68,743.00,744.68,0.63,0.34,0.26,1
616508.25,1283400.25,745.68,744.00,745.68,0.62,0.34,0.26,1
616600.56,1283400.25,743.68,742.00,743.68,0.62,0.34,0.26,1
616692.81,1283400.25,746.67,745.00,746.67,0.62,0.34,0.26,1
616785.12,1283400.25,754.65,753.00,754.65,0.62,0.34,0.26,1
616877.38,1283400.25,750.63,749.00,750.63,0.62,0.34,0.27,1
616969.62,1283400.25,744.59,743.00,744.59,0.62,0.34,0.27,1
617061.94,1283400.25,751.55,750.00,751.55,0.62,0.34,0.26,1
617154.19,1283400.25,751.48,750.00,751.48,0.63,0.36,0.28,1
617246.50,1283400.25,745.40,744.00,745.40,0.63,0.35,0.28,1
617338.75,1283400.25,748.29,747.00,748.29,0.62,0.35,0.27,1
617431.06,1283400.25,749.19,748.00,749.19,0.62,0.36,0.28,1
617523.31,1283400.25,747.11,746.00,747.11,0.62,0.36,0.29,1
617615.62,1283400.25,750.06,749.00,750.06,0.63,0.37,0.30,1
617707.88,1283400.25,759.02,758.00,759.02,0.63,0.37,0.30,1
617800.12,1283400.25,765.01,764.00,765.01,0.63,0.38,0.31,1
617892.44,1283400.25,768.00,767.00,768.00,0.63,0.38,0.31,1
617984.69,1283400.25,769.01,768.00,769.01,0.64,0.38,0.31,1
618077.00,1283400.25,761.01,760.00,761.01,0.64,0.39,0.31,1
618169.25,1283400.25,755.04,754.00,755.04,0.63,0.37,0.30,1
618261.56,1283400.25,758.07,757.00,758.07,0.61,0.35,0.28,1
618353.81,1283400.25,766.12,765.00,766.12,0.61,0.35,0.28,1
618446.12,1283400.25,770.19,769.00,770.19,0.62,0.36,0.28,1
618538.38,1283400.25,769.25,768.00,769.25,0.63,0.36,0.29,1
618630.62,1283400.25,768.30,767.00,768.30,0.63,0.37,0.29,1
618722.94,1283400.25,763.36,762.00,763.36,0.63,0.36,0.29,1
618815.19,1283400.25,765.42,764.00,765.42,0.62,0.35,0.27,1
618907.50,1283400.25,771.50,770.00,771.50,0.62,0.35,0.27,1
618999.75,1283400.25,773.60,772.00,773.60,0.62,0.34,0.26,1
619092.06,1283400.25,779.73,778.00,779.73,0.61,0.33,0.24,1
619184.31,1283400.25,793.91,792.00,793.91,0.60,0.31,0.23,1
619276.62,1283400.25,815.06,813.00,815.06,0.61,0.31,0.23,1
619368.88,1283400.25,828.12,826.00,828.12,0.61,0.32,0.23,1
619461.19,1283400.25,851.09,849.00,851.09,0.60,0.30,0.22,1
619553.44,1283400.25,887.46,886.00,887.46,0.58,0.30,0.23,1
619645.69,1283400.25,926.63,926.00,926.63,0.55,0.32,0.25,1
619738.00,1283400.25,964.42,964.00,964.42,0.55,0.34,0.28,1
619830.25,1283400.25,990.47,990.00,990.47,0.60,0.39,0.32,1
619922.56,1283400.25,1000.59,1000.00,1000.59,0.64,0.41,0.34,1
620014.81,1283400.25,1001.78,1001.00,1001.78,0.64,0.40,0.33,1
620107.12,1283400.25,1002.00,1001.00,1002.00,0.62,0.37,0.30,1
620199.38,1283400.25,1005.22,1004.00,1005.22,0.61,0.35,0.27,1
620291.69,1283400.25,1008.43,1007.00,1008.43,0.61,0.34,0.26,1
620383.94,1283400.25,1007.59,1006.00,1007.59,0.61,0.33,0.25,1
620476.19,1283400.25,1020.70,1019.00,1020.70,0.60,0.31,0.23,1
620568.50,1283400.25,1046.75,1045.00,1046.75,0.58,0.30,0.22,1
620660.75,1283400.25,1069.71,1068.00,1069.71,0.58,0.29,0.21,1
620753.06,1283400.25,1085.68,1084.00,1085.68,0.57,0.29,0.21,1
620845.31,1283400.25,1101.71,1100.00,1101.71,0.57,0.29,0.21,1
620937.62,1283400.25,1115.75,1114.00,1115.75,0.59,0.30,0.22,1
621029.88,1283400.25,1124.80,1123.00,1124.80,0.59,0.31,0.23,1
621122.19,1283400.25,1137.82,1136.00,1137.82,0.59,0.30,0.22,1
621214.44,1283400.25,1154.76,1153.00,1154.76,0.57,0.29,0.21,1
621306.69,1283400.25,1173.52,1172.00,1173.52,0.55,0.28,0.20,1
621399.00,1283400.25,1198.18,1197.00,1198.18,0.55,0.28,0.21,1
621491.25,1283400.25,1205.00,1204.00,1205.00,0.57,0.32,0.25,1
621583.56,1283400.25,1202.89,1202.00,1202.89,0.62,0.37,0.30,1
621675.81,1283400.25,1205.75,1205.00,1205.75,0.65,0.41,0.34,1
621768.12,1283400.25,1208.57,1208.00,1208.57,0.67,0.44,0.38,1
621860.38,1283400.25,1208.38,1208.00,1208.38,0.69,0.48,0.42,1
621952.69,1283400.25,1181.23,1181.00,1181.23,0.71,0.52,0.47,1
622044.94,1283400.25,1142.14,1142.00,1142.14,0.71,0.54,0.49,1
622137.19,1283400.25,1104.09,1104.00,1104.09,0.76,0.62,0.51,1
622229.50,1283400.25,1063.07,1063.00,1063.07,0.74,0.60,0.50,1
622321.75,1283400.25,1025.13,1025.00,1025.13,0.66,0.49,0.44,1
622414.06,1283400.25,994.48,994.00,994.48,0.64,0.42,0.36,1
622506.31,1283400.25,957.22,956.00,957.22,0.63,0.37,0.29,1
622598.62,1283400.25,925.73,924.00,925.73,0.63,0.35,0.26,1
622690.88,1283400.25,904.76,903.00,904.76,0.63,0.35,0.26,1
622783.19,1283400.25,889.69,888.00,889.69,0.63,0.35,0.27,1
622875.44,1283400.25,877.67,876.00,877.67,0.64,0.36,0.28,1
622967.69,1283400.25,857.75,856.00,857.75,0.65,0.36,0.28,1
623060.00,1283400.25,829.93,828.00,829.93,0.65,0.36,0.28,1
623152.25,1283400.25,804.00,802.00,804.00,0.64,0.35,0.27,1
623244.56,1283400.25,781.98,780.00,781.98,0.64,0.34,0.26,1
623336.81,1283400.25,766.90,765.00,766.90,0.63,0.34,0.26,1
623429.12,1283400.25,763.78,762.00,763.78,0.62,0.34,0.25,1
623521.38,1283400.25,769.68,768.00,769.68,0.62,0.34,0.26,1
623613.69,1283400.25,772.61,771.00,772.61,0.62,0.34,0.26,1
623705.94,1283400.25,771.55,770.00,771.55,0.63,0.35,0.27,1
623798.19,1283400.25,765.51,764.00,765.51,0.63,0.36,0.28,1
623890.50,1283400.25,757.48,756.00,757.48,0.63,0.36,0.28,1
623982.75,1283400.25,753.46,752.00,753.46,0.62,0.35,0.27,1
624075.06,1283400.25,759.44,758.00,759.44,0.63,0.35,0.27,1
624167.31,1283400.25,763.43,762.00,763.43,0.64,0.36,0.29,1
624259.62,1283400.25,757.43,756.00,757.43,0.64,0.37,0.29,1
624351.88,1283400.25,753.42,752.00,753.42,0.63,0.36,0.28,1
624444.19,1283400.25,754.42,753.00,754.42,0.62,0.35,0.27,1
624536.44,1283400.25,754.41,753.00,754.41,0.61,0.34,0.26,1
624628.69,1283400.25,757.41,756.00,757.41,0.61,0.34,0.26,1
624721.00,1283400.25,767.40,766.00,767.40,0.61,0.34,0.26,1
624813.25,1283400.25,779.38,778.00,779.38,0.62,0.35,0.27,1
624905.56,1283400.25,784.36,783.00,784.36,0.63,0.36,0.29,1
624997.81,1283400.25,780.33,779.00,780.33,0.63,0.36,0.29,1
625090.12,1283400.25,779.29,778.00,779.29,0.62,0.35,0.28,1
625182.38,1283400.25,785.26,784.00,785.26,0.62,0.35,0.28,1
625274.69,1283400.25,791.24,790.00,791.24,0.63,0.37,0.29,1
625366.94,1283400.25,790.74,789.69,790.74,0.58,0.32,0.25,1
625459.19,1283400.25,-9999.00,-9999.00,-9999.00,0.71,0.71,0.71,0
614385.88,1283307.88,-9999.00,-9999.00,-9999.00,0.71,0.71,0.71,0
614478.12,1283307.88,803.09,802.00,803.09,0.31,0.06,-0.02,1
614570.44,1283307.88,801.17,800.00,801.17,0.64,0.38,0.31,1
614662.69,1283307.88,780.18,779.00,780.18,0.65,0.39,0.32,1
614755.00,1283307.88,771.20,770.00,771.20,0.64,0.38,0.30,1
614847.25,1283307.88,769.25,768.00,769.25,0.64,0.37,0.30,1
614939.56,1283307.88,763.35,762.00,763.35,0.63,0.36,0.28,1
615031.81,1283307.88,776.46,775.00,776.46,0.62,0.35,0.27,1
615124.12,1283307.88,782.53,781.00,782.53,0.64,0.36,0.28,1
615216.38,1283307.88,768.59,767.00,768.59,0.65,0.37,0.29,1
615308.62,1283307.88,752.62,751.00,752.62,0.64,0.36,0.28,1
615400.94,1283307.88,753.64,752.00,753.64,0.61,0.33,0.25,1
615493.19,1283307.88,766.66,765.00,766.66,0.60,0.32,0.24,1
615585.50,1283307.88,771.66,770.00,771.66,0.61,0.33,0.25,1
615677.75,1283307.88,766.67,765.00,766.67,0.62,0.34,0.26,1
615770.06,1283307.88,755.68,754.00,755.68,0.62,0.34,0.26,1
615862.31,1283307.88,747.68,746.00,747.68,0.63,0.35,0.27,1
615954.62,1283307.88,747.69,746.00,747.69,0.63,0.35,0.27,1
616046.88,1283307.88,742.69,741.00,742.69,0.63,0.35,0.27,1
616139.12,1283307.88,740.69,739.00,740.69,0.62,0.34,0.26,1
616231.44,1283307.88,741.69,740.00,741.69,0.62,0.34,0.26,1
616323.69,1283307.88,748.69,747.00,748.69,0.62,0.34,0.26,1
616416.00,1283307.88,754.69,753.00,754.69,0.63,0.35,0.27,1
616508.25,1283307.88,746.68,745.00,746.68,0.63,0.34,0.26,1
616600.56,1283307.88,745.68,744.00,745.68,0.62,0.34,0.26,1
616692.81,1283307.88,751.67,750.00,751.67,0.62,0.33,0.25,1
616785.12,1283307.88,761.66,760.00,761.66,0.62,0.34,0.26,1
616877.38,1283307.88,750.64,749.00,750.64,0.63,0.35,0.27,1
616969.62,1283307.88,747.61,746.00,747.61,0.62,0.34,0.26,1
617061.94,1283307.88,750.57,749.00,750.57,0.62,0.34,0.26,1
617154.19,1283307.88,756.51,755.00,756.51,0.63,0.36,0.28,1
617246.50,1283307.88,747.44,746.00,747.44,0.64,0.36,0.28,1
617338.75,1283307.88,748.34,747.00,748.34,0.62,0.35,0.28,1
617431.06,1283307.88,747.24,746.00,747.24,0.62,0.36,0.28,1
617523.31,1283307.88,749.15,748.00,749.15,0.62,0.36,0.28,1
617615.62,1283307.88,759.10,758.00,759.10,0.62,0.36,0.29,1
617707.88,1283307.88,767.06,766.00,767.06,0.62,0.37,0.29,1
617800.12,1283307.88,772.04,771.00,772.04,0.63,0.37,0.30,1
617892.44,1283307.88,768.03,767.00,768.03,0.63,0.37,0.30,1
617984.69,1283307.88,768.03,767.00,768.03,0.63,0.37,0.30,1
618077.00,1283307.88,761.04,760.00,761.04,0.63,0.38,0.31,1
618169.25,1283307.88,754.05,753.00,754.05,0.63,0.37,0.30,1
618261.56,1283307.88,753.08,752.00,753.08,0.62,0.36,0.29,1
618353.81,1283307.88,761.13,760.00,761.13,0.61,0.35,0.28,1
618446.12,1283307.88,766.19,765.00,766.19,0.62,0.35,0.28,1
618538.38,1283307.88,768.24,767.00,768.24,0.62,0.36,0.28,1
618630.62,1283307.88,770.29,769.00,770.29,0.62,0.36,0.28,1
618722.94,1283307.88,771.34,770.00,771.34,0.63,0.36,0.28,1
618815.19,1283307.88,771.39,770.00,771.39,0.62,0.35,0.28,1
618907.50,1283307.88,773.46,772.00,773.46,0.62,0.35,0.27,1
618999.75,1283307.88,771.55,770.00,771.55,0.62,0.34,0.26,1
619092.06,1283307.88,776.67,775.00,776.67,0.61,0.33,0.24,1
619184.31,1283307.88,794.81,793.00,794.81,0.60,0.31,0.23,1
619276.62,1283307.88,817.90,816.00,817.90,0.60,0.31,0.23,1
619368.88,1283307.88,835.92,834.00,835.92,0.60,0.31,0.23,1
619461.19,1283307.88,858.90,857.00,858.90,0.59,0.30,0.21,1
619553.44,1283307.88,894.60,893.00,894.60,0.57,0.29,0.21,1
619645.69,1283307.88,928.96,928.00,928.96,0.55,0.30,0.23,1
619738.00,1283307.88,959.58,959.00,959.58,0.54,0.31,0.25,1
619830.25,1283307.88,990.53,990.00,990.53,0.57,0.34,0.28,1
619922.56,1283307.88,1007.61,1007.00,1007.61,0.62,0.39,0.33,1
620014.81,1283307.88,1008.78,1008.00,1008.78,0.64,0.40,0.33,1
620107.12,1283307.88,1009.02,1008.00,1009.02,0.64,0.39,0.32,1
620199.38,1283307.88,1011.26,1010.00,1011.26,0.64,0.37,0.30,1
620291.69,1283307.88,1013.46,1012.00,1013.46,0.64,0.36,0.28,1
620383.94,1283307.88,1019.60,1018.00,1019.60,0.63,0.36,0.28,1
620476.19,1283307.88,1023.70,1022.00,1023.70,0.63,0.34,0.26,1
620568.50,1283307.88,1033.77,1032.00,1033.77,0.61,0.32,0.24,1
620660.75,1283307.88,1047.82,1046.00,1047.82,0.59,0.31,0.23,1
620753.06,1283307.88,1058.87,1057.00,1058.87,0.59,0.30,0.22,1
620845.31,1283307.88,1069.91,1068.00,1069.91,0.58,0.29,0.20,1
620937.62,1283307.88,1089.97,1088.00,1089.97,0.57,0.28,0.20,1
621029.88,1283307.88,1111.07,1109.00,1111.07,0.59,0.29,0.21,1
621122.19,1283307.88,1118.18,1116.00,1118.18,0.59,0.29,0.21,1
621214.44,1283307.88,1125.25,1123.00,1125.25,0.58,0.28,0.20,1
621306.69,1283307.88,1139.17,1137.00,1139.17,0.57,0.27,0.19,1
621399.00,1283307.88,1153.85,1152.00,1153.85,0.56,0.27,0.19,1
621491.25,1283307.88,1165.42,1164.00,1165.42,0.55,0.28,0.20,1
621583.56,1283307.88,1185.04,1184.00,1185.04,0.56,0.31,0.23,1
621675.81,1283307.88,1211.76,1211.00,1211.76,0.59,0.35,0.28,1
621768.12,1283307.88,1229.51,1229.00,1229.51,0.65,0.43,0.37,1
621860.38,1283307.88,1218.31,1218.00,1218.31,0.70,0.50,0.45,1
621952.69,1283307.88,1179.18,1179.00,1179.18,0.72,0.54,0.49,1
622044.94,1283307.88,1135.11,1135.00,1135.11,0.71,0.55,0.50,1
622137.19,1283307.88,1091.09,1091.00,1091.09,0.75,0.61,0.51,1
622229.50,1283307.88,1047.13,1047.00,1047.13,0.69,0.53,0.48,1
622321.75,1283307.88,1005.43,1005.00,1005.43,0.67,0.46,0.39,1
622414.06,1283307.88,971.28,970.00,971.28,0.64,0.37,0.29,1
622506.31,1283307.88,941.00,939.00,941.00,0.63,0.33,0.25,1
622598.62,1283307.88,916.14,914.00,916.14,0.63,0.33,0.25,1
622690.88,1283307.88,902.04,900.00,902.04,0.63,0.33,0.25,1
622783.19,1283307.88,891.92,890.00,891.92,0.63,0.34,0.26,1
622875.44,1283307.88,882.87,881.00,882.87,0.63,0.35,0.26,1
622967.69,1283307.88,863.87,862.00,863.87,0.64,0.35,0.27,1
623060.00,1283307.88,833.94,832.00,833.94,0.63,0.34,0.26,1
623152.25,1283307.88,804.98,803.00,804.98,0.63,0.34,0.26,1
623244.56,1283307.88,781.97,780.00,781.97,0.63,0.34,0.26,1
623336.81,1283307.88,767.89,766.00,767.89,0.63,0.34,0.26,1
623429.12,1283307.88,766.78,765.00,766.78,0.62,0.33,0.25,1
623521.38,1283307.88,771.69,770.00,771.69,0.62,0.34,0.26,1
623613.69,1283307.88,772.62,771.00,772.62,0.62,0.34,0.26,1
623705.94,1283307.88,770.56,769.00,770.56,0.62,0.34,0.27,1
623798.19,1283307.88,765.52,764.00,765.52,0.62,0.35,0.27,1
623890.50,1283307.88,757.49,756.00,757.49,0.63,0.35,0.27,1
623982.75,1283307.88,758.47,757.00,758.47,0.62,0.35,0.27,1
624075.06,1283307.88,769.45,768.00,769.45,0.62,0.35,0.27,1
624167.31,1283307.88,776.44,775.00,776.44,0.63,0.36,0.28,1
624259.62,1283307.88,769.43,768.00,769.43,0.64,0.37,0.29,1
624351.88,1283307.88,758.43,757.00,758.43,0.64,0.36,0.29,1
624444.19,1283307.88,752.42,751.00,752.42,0.62,0.35,0.27,1
624536.44,1283307.88,755.42,754.00,755.42,0.62,0.35,0.27,1
624628.69,1283307.88,763.41,762.00,763.41,0.62,0.35,0.27,1
624721.00,1283307.88,775.40,774.00,775.40,0.62,0.35,0.27,1
624813.25,1283307.88,786.38,785.00,786.38,0.62,0.35,0.27,1
624905.56,1283307.88,789.35,788.00,789.35,0.63,0.36,0.28,1
624997.81,1283307.88,783.32,782.00,783.32,0.63,0.36,0.29,1
625090.12,1283307.88,778.28,777.00,778.28,0.62,0.35,0.28,1
625182.38,1283307.88,787.24,786.00,787.24,0.61,0.35,0.27,1
625274.69,1283307.88,796.22,795.00,796.22,0.62,0.35,0.28,1
625366.94,1283307.88,801.79,800.78,801.79,0.58,0.32,0.25,1
625459.19,1283307.88,-9999.00,-9999.00,-9999.00,0.71,0.71,0.71,0
614385.88,1283215.62,-9999.00,-9999.00,-9999.00,0.71,0.71,0.71,0
614478.12,1283215.62,797.91,797.00,797.91,0.29,0.04,-0.03,1
614570.44,1283215.62,798.99,798.00,798.99,0.62,0.37,0.30,1
614662.69,1283215.62,791.11,790.00,791.11,0.64,0.38,0.31,1
614755.00,1283215.62,789.13,788.00,789.13,0.65,0.39,0.31,1
614847.25,1283215.62,784.20,783.00,784.20,0.65,0.39,0.31,1
614939.56,1283215.62,770.32,769.00,770.32,0.63,0.37,0.29,1
615031.81,1283215.62,781.44,780.00,781.44,0.61,0.34,0.26,1
615124.12,1283215.62,793.52,792.00,793.52,0.63,0.36,0.28,1
615216.38,1283215.62,780.58,779.00,780.58,0.65,0.37,0.29,1
615308.62,1283215.62,759.62,758.00,759.62,0.64,0.36,0.28,1
615400.94,1283215.62,749.64,748.00,749.64,0.63,0.35,0.27,1
615493.19,1283215.62,753.66,752.00,753.66,0.61,0.32,0.24,1
615585.50,1283215.62,759.67,758.00,759.67,0.61,0.33,0.25,1
615677.75,1283215.62,757.68,756.00,757.68,0.62,0.34,0.26,1
615770.06,1283215.62,751.68,750.00,751.68,0.62,0.34,0.26,1
615862.31,1283215.62,756.68,755.00,756.68,0.62,0.34,0.26,1
615954.62,1283215.62,763.69,762.00,763.69,0.63,0.35,0.27,1
616046.88,1283215.62,750.69,749.00,750.69,0.64,0.36,0.28,1
616139.12,1283215.62,741.69,740.00,741.69,0.62,0.34,0.26,1
616231.44,1283215.62,747.69,746.00,747.69,0.62,0.33,0.25,1
616323.69,1283215.62,764.69,763.00,764.69,0.63,0.34,0.26,1
616416.00,1283215.62,760.69,759.00,760.69,0.63,0.35,0.27,1
616508.25,1283215.62,747.68,746.00,747.68,0.63,0.35,0.26,1
616600.56,1283215.62,749.69,748.00,749.69,0.62,0.34,0.26,1
616692.81,1283215.62,755.68,754.00,755.68,0.62,0.34,0.26,1
616785.12,1283215.62,759.66,758.00,759.66,0.62,0.34,0.26,1
616877.38,1283215.62,751.64,750.00,751.64,0.63,0.35,0.27,1
616969.62,1283215.62,745.62,744.00,745.62,0.62,0.34,0.26,1
617061.94,1283215.62,751.58,750.00,751.58,0.61,0.34,0.26,1
617154.19,1283215.62,767.53,766.00,767.53,0.63,0.35,0.27,1
617246.50,1283215.62,759.47,758.00,759.47,0.65,0.37,0.29,1
617338.75,1283215.62,747.39,746.00,747.39,0.63,0.36,0.28,1
617431.06,1283215.62,745.29,744.00,745.29,0.62,0.36,0.28,1
617523.31,1283215.62,748.21,747.00,748.21,0.61,0.35,0.27,1
617615.62,1283215.62,763.15,762.00,763.15,0.61,0.35,0.28,1
617707.88,1283215.62,766.11,765.00,766.11,0.62,0.36,0.29,1
617800.12,1283215.62,762.08,761.00,762.08,0.62,0.36,0.29,1
617892.44,1283215.62,760.07,759.00,760.07,0.62,0.36,0.29,1
617984.69,1283215.62,762.07,761.00,762.07,0.62,0.36,0.29,1
618077.00,1283215.62,755.07,754.00,755.07,0.63,0.37,0.30,1
618169.25,1283215.62,751.08,750.00,751.08,0.63,0.37,0.30,1
618261.56,1283215.62,751.11,750.00,751.11,0.62,0.36,0.29,1
618353.81,1283215.62,757.14,756.00,757.14,0.62,0.35,0.28,1
618446.12,1283215.62,763.19,762.00,763.19,0.61,0.35,0.28,1
618538.38,1283215.62,770.24,769.00,770.24,0.62,0.36,0.28,1
618630.62,1283215.62,770.28,769.00,770.28,0.62,0.35,0.28,1
618722.94,1283215.62,769.33,768.00,769.33,0.62,0.35,0.27,1
618815.19,1283215.62,767.37,766.00,767.37,0.62,0.35,0.27,1
618907.50,1283215.62,768.42,767.00,768.42,0.62,0.34,0.27,1
618999.75,1283215.62,769.49,768.00,769.49,0.62,0.34,0.26,1
619092.06,1283215.62,777.58,776.00,777.58,0.61,0.33,0.25,1
619184.31,1283215.62,797.69,796.00,797.69,0.60,0.32,0.24,1
619276.62,1283215.62,819.77,818.00,819.77,0.61,0.32,0.24,1
619368.88,1283215.62,831.81,830.00,831.81,0.60,0.32,0.23,1
619461.19,1283215.62,849.82,848.00,849.82,0.59,0.30,0.22,1
619553.44,1283215.62,879.76,878.00,879.76,0.57,0.29,0.21,1
619645.69,1283215.62,906.45,905.00,906.45,0.56,0.28,0.20,1
619738.00,1283215.62,937.00,936.00,937.00,0.53,0.28,0.21,1
619830.25,1283215.62,973.69,973.00,973.69,0.53,0.30,0.23,1
619922.56,1283215.62,1004.68,1004.00,1004.68,0.58,0.34,0.28,1
620014.81,1283215.62,1016.81,1016.00,1016.81,0.62,0.37,0.30,1
620107.12,1283215.62,1026.03,1025.00,1026.03,0.63,0.38,0.30,1
620199.38,1283215.62,1035.28,1034.00,1035.28,0.64,0.37,0.30,1
620291.69,1283215.62,1043.45,1042.00,1043.45,0.64,0.37,0.29,1
620383.94,1283215.62,1048.58,1047.00,1048.58,0.64,0.36,0.29,1
620476.19,1283215.62,1048.68,1047.00,1048.68,0.65,0.36,0.28,1
620568.50,1283215.62,1044.76,1043.00,1044.76,0.64,0.35,0.27,1
620660.75,1283215.62,1045.84,1044.00,1045.84,0.63,0.34,0.26,1
620753.06,1283215.62,1046.91,1045.00,1046.91,0.62,0.33,0.25,1
620845.31,1283215.62,1051.99,1050.00,1051.99,0.60,0.31,0.22,1
620937.62,1283215.62,1072.10,1070.00,1072.10,0.59,0.29,0.21,1
621029.88,1283215.62,1090.24,1088.00,1090.24,0.59,0.29,0.21,1
621122.19,1283215.62,1093.40,1091.00,1093.40,0.59,0.29,0.21,1
621214.44,1283215.62,1094.50,1092.00,1094.50,0.59,0.29,0.20,1
621306.69,1283215.62,1103.55,1101.00,1103.55,0.59,0.28,0.19,1
621399.00,1283215.62,1116.43,1114.00,1116.43,0.58,0.28,0.19,1
621491.25,1283215.62,1134.99,1133.00,1134.99,0.57,0.28,0.20,1
621583.56,1283215.62,1167.33,1166.00,1167.33,0.56,0.29,0.21,1
621675.81,1283215.62,1205.79,1205.00,1205.79,0.56,0.32,0.25,1
621768.12,1283215.62,1229.46,1229.00,1229.46,0.62,0.40,0.34,1
621860.38,1283215.62,1221.26,1221.00,1221.26,0.70,0.51,0.46,1
621952.69,1283215.62,1178.14,1178.00,1178.14,0.73,0.56,0.51,1
622044.94,1283215.62,1128.10,1128.00,1128.10,0.73,0.57,0.53,1
622137.19,1283215.62,1079.11,1079.00,1079.11,0.72,0.55,0.51,1
622229.50,1283215.62,1037.25,1037.00,1037.25,0.69,0.50,0.45,1
622321.75,1283215.62,1002.87,1002.00,1002.87,0.67,0.42,0.35,1
622414.06,1283215.62,966.88,965.00,966.88,0.64,0.35,0.27,1
622506.31,1283215.62,935.29,933.00,935.29,0.63,0.33,0.24,1
622598.62,1283215.62,915.30,913.00,915.30,0.63,0.33,0.24,1
622690.88,1283215.62,902.22,900.00,902.22,0.62,0.33,0.24,1
622783.19,1283215.62,898.09,896.00,898.09,0.63,0.33,0.25,1
622875.44,1283215.62,886.01,884.00,886.01,0.63,0.34,0.26,1
622967.69,1283215.62,853.99,852.00,853.99,0.63,0.34,0.26,1
623060.00,1283215.62,821.03,819.00,821.03,0.63,0.33,0.25,1
623152.25,1283215.62,797.03,795.00,797.03,0.63,0.33,0.25,1
623244.56,1283215.62,777.98,776.00,777.98,0.63,0.34,0.25,1
623336.81,1283215.62,768.89,767.00,768.89,0.62,0.34,0.25,1
623429.12,1283215.62,768.78,767.00,768.78,0.62,0.34,0.25,1
623521.38,1283215.62,773.69,772.00,773.69,0.62,0.34,0.26,1
623613.69,1283215.62,772.63,771.00,772.63,0.62,0.34,0.26,1
623705.94,1283215.62,765.58,764.00,765.58,0.62,0.35,0.27,1
623798.19,1283215.62,758.54,757.00,758.54,0.62,0.35,0.27,1
623890.50,1283215.62,757.50,756.00,757.50,0.62,0.35,0.27,1
623982.75,1283215.62,764.48,763.00,764.48,0.62,0.35,0.27,1
624075.06,1283215.62,773.46,772.00,773.46,0.62,0.34,0.27,1
624167.31,1283215.62,778.45,777.00,778.45,0.62,0.35,0.27,1
624259.62,1283215.62,774.44,773.00,774.44,0.63,0.36,0.28,1
624351.88,1283215.62,760.43,759.00,760.43,0.64,0.36,0.29,1
624444.19,1283215.62,753.42,752.00,753.42,0.62,0.35,0.27,1
624536.44,1283215.62,760.42,759.00,760.42,0.61,0.34,0.26,1
624628.69,1283215.62,773.41,772.00,773.41,0.61,0.34,0.27,1
624721.00,1283215.62,784.39,783.00,784.39,0.62,0.35,0.27,1
624813.25,1283215.62,789.37,788.00,789.37,0.62,0.35,0.27,1
624905.56,1283215.62,787.35,786.00,787.35,0.62,0.35,0.27,1
624997.81,1283215.62,778.31,777.00,778.31,0.62,0.36,0.28,1
625090.12,1283215.62,775.26,774.00,775.26,0.62,0.35,0.28,1
625182.38,1283215.62,786.22,785.00,786.22,0.61,0.35,0.27,1
625274.69,1283215.62,796.20,795.00,796.20,0.61,0.34,0.27,1
625366.94,1283215.62,812.83,811.86,812.83,0.57,0.32,0.25,1
625459.19,1283215.62,-9999.00,-9999.00,-9999.00,0.71,0.71,0.71,0
614385.88,1283123.38,-9999.00,-9999.00,-9999.00,0.71,0.71,0.71,0
614478.12,1283123.38,787.53,787.00,787.53,0.21,-0.02,-0.08,1
614570.44,1283123.38,786.61,786.00,786.61,0.61,0.38,0.32,1
614662.69,1283123.38,786.87,786.00,786.87,0.61,0.36,0.29,1
614755.00,1283123.38,794.98,794.00,794.98,0.63,0.37,0.30,1
614847.25,1283123.38,790.13,789.00,790.13,0.64,0.38,0.31,1
614939.56,1283123.38,775.28,774.00,775.28,0.64,0.37,0.30,1
615031.81,1283123.38,785.41,784.00,785.41,0.61,0.34,0.26,1
615124.12,1283123.38,802.50,801.00,802.50,0.63,0.35,0.28,1
615216.38,1283123.38,786.57,785.00,786.57,0.65,0.37,0.29,1
615308.62,1283123.38,767.61,766.00,767.61,0.65,0.37,0.29,1
615400.94,1283123.38,757.64,756.00,757.64,0.64,0.36,0.28,1
615493.19,1283123.38,749.66,748.00,749.66,0.62,0.34,0.26,1
615585.50,1283123.38,759.67,758.00,759.67,0.61,0.33,0.25,1
615677.75,1283123.38,764.68,763.00,764.68,0.62,0.34,0.26,1
615770.06,1283123.38,758.69,757.00,758.69,0.62,0.34,0.26,1
615862.31,1283123.38,766.69,765.00,766.69,0.62,0.34,0.26,1
615954.62,1283123.38,767.69,766.00,767.69,0.63,0.34,0.26,1
616046.88,1283123.38,755.69,754.00,755.69,0.64,0.35,0.27,1
616139.12,1283123.38,744.69,743.00,744.69,0.62,0.34,0.26,1
616231.44,1283123.38,757.69,756.00,757.69,0.61,0.33,0.25,1
616323.69,1283123.38,773.69,772.00,773.69,0.62,0.34,0.26,1
616416.00,1283123.38,757.69,756.00,757.69,0.63,0.35,0.27,1
616508.25,1283123.38,748.68,747.00,748.68,0.62,0.34,0.26,1
616600.56,1283123.38,754.69,753.00,754.69,0.62,0.34,0.26,1
616692.81,1283123.38,755.68,754.00,755.68,0.62,0.34,0.26,1
616785.12,1283123.38,749.67,748.00,749.67,0.62,0.33,0.25,1
616877.38,1283123.38,746.65,745.00,746.65,0.62,0.34,0.26,1
616969.62,1283123.38,744.62,743.00,744.62,0.62,0.34,0.26,1
617061.94,1283123.38,760.59,759.00,760.59,0.61,0.33,0.25,1
617154.19,1283123.38,777.55,776.00,777.55,0.63,0.35,0.27,1
617246.50,1283123.38,769.49,768.00,769.49,0.64,0.37,0.29,1
617338.75,1283123.38,750.43,749.00,750.43,0.64,0.37,0.29,1
617431.06,1283123.38,745.35,744.00,745.35,0.63,0.36,0.29,1
617523.31,1283123.38,746.28,745.00,746.28,0.62,0.35,0.28,1
617615.62,1283123.38,756.21,755.00,756.21,0.61,0.34,0.27,1
617707.88,1283123.38,755.17,754.00,755.17,0.61,0.35,0.28,1
617800.12,1283123.38,754.15,753.00,754.15,0.62,0.36,0.29,1
617892.44,1283123.38,757.13,756.00,757.13,0.63,0.37,0.29,1
617984.69,1283123.38,755.13,754.00,755.13,0.63,0.37,0.29,1
618077.00,1283123.38,749.12,748.00,749.12,0.63,0.37,0.29,1
618169.25,1283123.38,749.13,748.00,749.13,0.63,0.37,0.30,1
618261.56,1283123.38,751.14,750.00,751.14,0.63,0.37,0.29,1
618353.81,1283123.38,756.17,755.00,756.17,0.62,0.36,0.28,1
618446.12,1283123.38,763.20,762.00,763.20,0.61,0.35,0.28,1
618538.38,1283123.38,767.24,766.00,767.24,0.62,0.35,0.28,1
618630.62,1283123.38,764.28,763.00,764.28,0.62,0.36,0.28,1
618722.94,1283123.38,759.32,758.00,759.32,0.62,0.35,0.27,1
618815.19,1283123.38,758.36,757.00,758.36,0.62,0.35,0.27,1
618907.50,1283123.38,763.40,762.00,763.40,0.61,0.34,0.27,1
618999.75,1283123.38,771.46,770.00,771.46,0.62,0.34,0.26,1
619092.06,1283123.38,784.52,783.00,784.52,0.61,0.34,0.26,1
619184.31,1283123.38,799.60,798.00,799.60,0.60,0.32,0.24,1
619276.62,1283123.38,826.69,825.00,826.69,0.61,0.33,0.25,1
619368.88,1283123.38,833.74,832.00,833.74,0.61,0.33,0.25,1
619461.19,1283123.38,845.77,844.00,845.77,0.59,0.31,0.23,1
619553.44,1283123.38,870.78,869.00,870.78,0.59,0.30,0.22,1
619645.69,1283123.38,885.74,884.00,885.74,0.58,0.30,0.22,1
619738.00,1283123.38,914.55,913.00,914.55,0.56,0.28,0.20,1
619830.25,1283123.38,955.10,954.00,955.10,0.54,0.28,0.21,1
619922.56,1283123.38,992.85,992.00,992.85,0.56,0.31,0.24,1
620014.81,1283123.38,1011.90,1011.00,1011.90,0.59,0.34,0.27,1
620107.12,1283123.38,1034.06,1033.00,1034.06,0.60,0.34,0.27,1
620199.38,1283123.38,1056.29,1055.00,1056.29,0.61,0.34,0.27,1
620291.69,1283123.38,1068.46,1067.00,1068.46,0.62,0.35,0.27,1
620383.94,1283123.38,1077.59,1076.00,1077.59,0.63,0.35,0.27,1
620476.19,1283123.38,1081.67,1080.00,1081.67,0.64,0.36,0.28,1
620568.50,1283123.38,1075.75,1074.00,1075.75,0.64,0.36,0.28,1
620660.75,1283123.38,1070.83,1069.00,1070.83,0.64,0.36,0.28,1
620753.06,1283123.38,1061.92,1060.00,1061.92,0.64,0.35,0.27,1
620845.31,1283123.38,1055.02,1053.00,1055.02,0.63,0.34,0.26,1
620937.62,1283123.38,1065.14,1063.00,1065.14,0.62,0.32,0.24,1
621029.88,1283123.38,1073.33,1071.00,1073.33,0.61,0.31,0.23,1
621122.19,1283123.38,1074.51,1072.00,1074.51,0.61,0.30,0.22,1
621214.44,1283123.38,1078.59,1076.00,1078.59,0.61,0.30,0.21,1
621306.69,1283123.38,1087.60,1085.00,1087.60,0.60,0.29,0.21,1
621399.00,1283123.38,1105.49,1103.00,1105.49,0.60,0.29,0.20,1
621491.25,1283123.38,1129.11,1127.00,1129.11,0.59,0.30,0.21,1
621583.56,1283123.38,1162.42,1161.00,1162.42,0.57,0.30,0.22,1
621675.81,1283123.38,1201.79,1201.00,1201.79,0.56,0.32,0.25,1
621768.12,1283123.38,1228.43,1228.00,1228.43,0.62,0.40,0.34,1
621860.38,1283123.38,1225.22,1225.00,1225.22,0.71,0.52,0.47,1
621952.69,1283123.38,1183.11,1183.00,1183.11,0.76,0.59,0.55,1
622044.94,1283123.38,1130.09,1130.00,1130.09,0.82,0.68,0.58,1
622137.19,1283123.38,1076.10,1076.00,1076.10,0.74,0.58,0.54,1
622229.50,1283123.38,1033.29,1033.00,1033.29,0.71,0.51,0.45,1
622321.75,1283123.38,1001.08,1000.00,1001.08,0.66,0.40,0.33,1
622414.06,1283123.38,968.10,966.00,968.10,0.64,0.34,0.26,1
622506.31,1283123.38,939.41,937.00,939.41,0.63,0.33,0.24,1
622598.62,1283123.38,915.42,913.00,915.42,0.63,0.32,0.24,1
622690.88,1283123.38,905.37,903.00,905.37,0.62,0.32,0.24,1
622783.19,1283123.38,902.24,900.00,902.24,0.62,0.33,0.24,1
622875.44,1283123.38,884.13,882.00,884.13,0.63,0.33,0.25,1
622967.69,1283123.38,846.12,844.00,846.12,0.63,0.33,0.25,1
623060.00,1283123.38,811.19,809.00,811.19,0.62,0.33,0.24,1
623152.25,1283123.38,791.15,789.00,791.15,0.62,0.33,0.24,1
623244.56,1283123.38,779.02,777.00,779.02,0.63,0.33,0.25,1
623336.81,1283123.38,770.89,769.00,770.89,0.62,0.34,0.25,1
623429.12,1283123.38,771.78,770.00,771.78,0.62,0.33,0.25,1
623521.38,1283123.38,775.70,774.00,775.70,0.62,0.34,0.26,1
623613.69,1283123.38,770.64,769.00,770.64,0.63,0.35,0.27,1
623705.94,1283123.38,761.59,760.00,761.59,0.63,0.35,0.27,1
623798.19,1283123.38,756.55,755.00,756.55,0.62,0.35,0.27,1
623890.50,1283123.38,762.51,761.00,762.51,0.62,0.34,0.26,1
623982.75,1283123.38,771.49,770.00,771.49,0.62,0.34,0.26,1
624075.06,1283123.38,776.47,775.00,776.47,0.62,0.34,0.26,1
624167.31,1283123.38,776.46,775.00,776.46,0.62,0.35,0.27,1
624259.62,1283123.38,771.45,770.00,771.45,0.62,0.35,0.27,1
624351.88,1283123.38,759.44,758.00,759.44,0.63,0.36,0.28,1
624444.19,1283123.38,754.43,753.00,754.43,0.62,0.35,0.27,1
624536.44,1283123.38,761.42,760.00,761.42,0.61,0.34,0.26,1
624628.69,1283123.38,776.40,775.00,776.40,0.61,0.34,0.26,1
624721.00,1283123.38,782.39,781.00,782.39,0.62,0.34,0.27,1
624813.25,1283123.38,780.37,779.00,780.37,0.62,0.35,0.27,1
624905.56,1283123.38,773.34,772.00,773.34,0.61,0.35,0.27,1
624997.81,1283123.38,770.30,769.00,770.30,0.61,0.35,0.27,1
625090.12,1283123.38,778.24,777.00,778.24,0.62,0.35,0.28,1
625182.38,1283123.38,788.20,787.00,788.20,0.62,0.35,0.28,1
625274.69,1283123.38,797.18,796.00,797.18,0.61,0.35,0.27,1
625366.94,1283123.38,815.76,814.80,815.76,0.57,0.32,0.25,1
625459.19,1283123.38,-9999.00,-9999.00,-9999.00,0.71,0.71,0.71,0
614385.88,1283031.12,-9999.00,-9999.00,-9999.00,0.71,0.71,0.71,0
614478.12,1283031.12,780.18,780.00,780.18,0.07,-0.11,-0.16,1
614570.44,1283031.12,772.26,772.00,772.26,0.63,0.43,0.38,1
614662.69,1283031.12,774.50,774.00,774.50,0.61,0.39,0.32,1
614755.00,1283031.12,787.76,787.00,787.76,0.61,0.37,0.30,1
614847.25,1283031.12,791.02,790.00,791.02,0.63,0.37,0.30,1
614939.56,1283031.12,786.22,785.00,786.22,0.63,0.37,0.29,1
615031.81,1283031.12,796.37,795.00,796.37,0.62,0.35,0.27,1
615124.12,1283031.12,806.48,805.00,806.48,0.62,0.35,0.27,1
615216.38,1283031.12,795.55,794.00,795.55,0.64,0.36,0.28,1
615308.62,1283031.12,783.61,782.00,783.61,0.64,0.36,0.28,1
615400.94,1283031.12,772.64,771.00,772.64,0.64,0.36,0.28,1
615493.19,1283031.12,753.66,752.00,753.66,0.63,0.35,0.27,1
615585.50,1283031.12,755.67,754.00,755.67,0.61,0.33,0.25,1
615677.75,1283031.12,760.68,759.00,760.68,0.61,0.33,0.25,1
615770.06,1283031.12,757.69,756.00,757.69,0.62,0.33,0.25,1
615862.31,1283031.12,761.69,760.00,761.69,0.61,0.33,0.25,1
615954.62,1283031.12,762.69,761.00,762.69,0.61,0.33,0.25,1
616046.88,1283031.12,759.69,758.00,759.69,0.63,0.34,0.26,1
616139.12,1283031.12,749.69,748.00,749.69,0.63,0.35,0.27,1
616231.44,1283031.12,760.69,759.00,760.69,0.62,0.33,0.25,1
616323.69,1283031.12,765.69,764.00,765.69,0.62,0.34,0.25,1
616416.00,1283031.12,751.69,750.00,751.69,0.62,0.34,0.26,1
616508.25,1283031.12,745.69,744.00,745.69,0.62,0.34,0.25,1
616600.56,1283031.12,751.69,750.00,751.69,0.61,0.33,0.25,1
616692.81,1283031.12,748.68,747.00,748.68,0.62,0.34,0.26,1
616785.12,1283031.12,742.67,741.00,742.67,0.62,0.34,0.26,1
616877.38,1283031.12,743.65,742.00,743.65,0.62,0.34,0.26,1
616969.62,1283031.12,749.63,748.00,749.63,0.61,0.33,0.25,1
617061.94,1283031.12,771.59,770.00,771.59,0.61,0.33,0.25,1
617154.19,1283031.12,785.56,784.00,785.56,0.63,0.35,0.27,1
617246.50,1283031.12,772.51,771.00,772.51,0.64,0.37,0.29,1
617338.75,1283031.12,755.46,754.00,755.46,0.64,0.36,0.29,1
617431.06,1283031.12,756.40,755.00,756.40,0.64,0.37,0.29,1
617523.31,1283031.12,751.34,750.00,751.34,0.64,0.37,0.29,1
617615.62,1283031.12,747.29,746.00,747.29,0.62,0.35,0.28,1
617707.88,1283031.12,747.25,746.00,747.25,0.61,0.35,0.27,1
617800.12,1283031.12,757.22,756.00,757.22,0.62,0.36,0.28,1
617892.44,1283031.12,761.21,760.00,761.21,0.63,0.37,0.29,1
617984.69,1283031.12,754.19,753.00,754.19,0.63,0.37,0.29,1
618077.00,1283031.12,751.19,750.00,751.19,0.63,0.36,0.29,1
618169.25,1283031.12,759.19,758.00,759.19,0.63,0.37,0.29,1
618261.56,1283031.12,758.19,757.00,758.19,0.63,0.37,0.30,1
618353.81,1283031.12,757.20,756.00,757.20,0.63,0.36,0.29,1
618446.12,1283031.12,758.22,757.00,758.22,0.62,0.35,0.28,1
618538.38,1283031.12,761.25,760.00,761.25,0.62,0.35,0.28,1
618630.62,1283031.12,759.28,758.00,759.28,0.62,0.36,0.28,1
618722.94,1283031.12,756.32,755.00,756.32,0.63,0.36,0.28,1
618815.19,1283031.12,759.35,758.00,759.35,0.62,0.35,0.27,1
618907.50,1283031.12,767.39,766.00,767.39,0.61,0.34,0.26,1
618999.75,1283031.12,781.43,780.00,781.43,0.61,0.34,0.26,1
619092.06,1283031.12,794.48,793.00,794.48,0.61,0.34,0.26,1
619184.31,1283031.12,809.55,808.00,809.55,0.60,0.33,0.25,1
619276.62,1283031.12,833.62,832.00,833.62,0.60,0.32,0.24,1
619368.88,1283031.12,839.69,838.00,839.69,0.62,0.34,0.26,1
619461.19,1283031.12,842.74,841.00,842.74,0.61,0.32,0.24,1
619553.44,1283031.12,863.77,862.00,863.77,0.59,0.31,0.23,1
619645.69,1283031.12,879.78,878.00,879.78,0.59,0.31,0.23,1
619738.00,1283031.12,906.76,905.00,906.76,0.58,0.30,0.21,1
619830.25,1283031.12,943.52,942.00,943.52,0.56,0.29,0.21,1
619922.56,1283031.12,982.16,981.00,982.16,0.55,0.29,0.22,1
620014.81,1283031.12,1012.09,1011.00,1012.09,0.57,0.32,0.24,1
620107.12,1283031.12,1032.15,1031.00,1032.15,0.58,0.32,0.25,1
620199.38,1283031.12,1048.30,1047.00,1048.30,0.58,0.31,0.24,1
620291.69,1283031.12,1063.47,1062.00,1063.47,0.59,0.31,0.23,1
620383.94,1283031.12,1074.59,1073.00,1074.59,0.59,0.32,0.24,1
620476.19,1283031.12,1081.68,1080.00,1081.68,0.60,0.32,0.24,1
620568.50,1283031.12,1088.75,1087.00,1088.75,0.61,0.33,0.25,1
620660.75,1283031.12,1097.83,1096.00,1097.83,0.63,0.34,0.26,1
620753.06,1283031.12,1093.91,1092.00,1093.91,0.64,0.35,0.27,1
620845.31,1283031.12,1092.01,1090.00,1092.01,0.64,0.35,0.26,1
620937.62,1283031.12,1095.14,1093.00,1095.14,0.63,0.34,0.25,1
621029.88,1283031.12,1093.34,1091.00,1093.34,0.63,0.33,0.25,1
621122.19,1283031.12,1085.56,1083.00,1085.56,0.63,0.32,0.23,1
621214.44,1283031.12,1088.63,1086.00,1088.63,0.62,0.31,0.22,1
621306.69,1283031.12,1097.61,1095.00,1097.61,0.61,0.31,0.22,1
621399.00,1283031.12,1115.47,1113.00,1115.47,0.61,0.30,0.22,1
621491.25,1283031.12,1140.07,1138.00,1140.07,0.60,0.31,0.23,1
621583.56,1283031.12,1163.38,1162.00,1163.38,0.59,0.32,0.24,1
621675.81,1283031.12,1197.75,1197.00,1197.75,0.56,0.32,0.25,1
621768.12,1283031.12,1230.38,1230.00,1230.38,0.60,0.39,0.33,1
621860.38,1283031.12,1234.18,1234.00,1234.18,0.71,0.53,0.48,1
621952.69,1283031.12,1197.08,1197.00,1197.08,0.84,0.70,0.59,1
622044.94,1283031.12,1140.06,1140.00,1140.06,0.83,0.69,0.59,1
622137.19,1283031.12,1083.08,1083.00,1083.08,0.83,0.69,0.59,1
622229.50,1283031.12,1038.26,1038.00,1038.26,0.73,0.53,0.48,1
622321.75,1283031.12,1002.08,1001.00,1002.08,0.67,0.41,0.33,1
622414.06,1283031.12,966.20,964.00,966.20,0.63,0.34,0.25,1
622506.31,1283031.12,938.53,936.00,938.53,0.62,0.32,0.23,1
622598.62,1283031.12,922.55,920.00,922.55,0.62,0.31,0.23,1
622690.88,1283031.12,912.52,910.00,912.52,0.62,0.31,0.23,1
622783.19,1283031.12,901.39,899.00,901.39,0.62,0.32,0.23,1
622875.44,1283031.12,871.29,869.00,871.29,0.62,0.32,0.24,1
622967.69,1283031.12,832.29,830.00,832.29,0.62,0.32,0.24,1
623060.00,1283031.12,801.32,799.00,801.32,0.62,0.32,0.24,1
623152.25,1283031.12,785.21,783.00,785.21,0.62,0.32,0.24,1
623244.56,1283031.12,777.03,775.00,777.03,0.62,0.33,0.25,1
623336.81,1283031.12,771.89,770.00,771.89,0.62,0.33,0.25,1
623429.12,1283031.12,774.79,773.00,774.79,0.62,0.34,0.26,1
623521.38,1283031.12,773.71,772.00,773.71,0.62,0.34,0.26,1
623613.69,1283031.12,766.65,765.00,766.65,0.63,0.35,0.27,1
623705.94,1283031.12,760.60,759.00,760.60,0.63,0.35,0.27,1
623798.19,1283031.12,759.56,758.00,759.56,0.62,0.34,0.26,1
623890.50,1283031.12,764.53,763.00,764.53,0.61,0.34,0.26,1
623982.75,1283031.12,768.50,767.00,768.50,0.61,0.34,0.26,1
624075.06,1283031.12,768.48,767.00,768.48,0.61,0.34,0.26,1
624167.31,1283031.12,766.47,765.00,766.47,0.61,0.34,0.26,1
624259.62,1283031.12,762.45,761.00,762.45,0.62,0.35,0.27,1
624351.88,1283031.12,755.44,754.00,755.44,0.63,0.35,0.28,1
624444.19,1283031.12,752.43,751.00,752.43,0.62,0.35,0.27,1
624536.44,1283031.12,758.42,757.00,758.42,0.61,0.34,0.26,1
624628.69,1283031.12,769.40,768.00,769.40,0.60,0.33,0.25,1
624721.00,1283031.12,774.39,773.00,774.39,0.61,0.34,0.26,1
624813.25,1283031.12,769.36,768.00,769.36,0.62,0.35,0.27,1
624905.56,1283031.12,764.33,763.00,764.33,0.62,0.35,0.27,1
624997.81,1283031.12,768.29,767.00,768.29,0.61,0.35,0.27,1
625090.12,1283031.12,783.23,782.00,783.23,0.61,0.35,0.27,1
625182.38,1283031.12,794.18,793.00,794.18,0.62,0.35,0.28,1
625274.69,1283031.12,800.16,799.00,800.16,0.61,0.35,0.28,1
625366.94,1283031.12,810.56,809.59,810.56,0.57,0.32,0.25,1
625459.19,1283031.12,-9999.00,-9999.00,-9999.00,0.71,0.71,0.71,0
614385.88,1282938.88,-9999.00,-9999.00,-9999.00,0.71,0.71,0.71,0
614478.12,1282938.88,772.04,772.00,772.04,-0.49,-0.49,-0.49,0
614570.44,1282938.88,765.11,765.00,765.11,0.64,0.48,0.43,1
614662.69,1282938.88,770.27,770.00,770.27,0.62,0.42,0.37,1
614755.00,1282938.88,782.60,782.00,782.60,0.61,0.38,0.31,1
614847.25,1282938.88,785.93,785.00,785.93,0.61,0.36,0.29,1
614939.56,1282938.88,790.18,789.00,790.18,0.62,0.35,0.28,1
615031.81,1282938.88,798.35,797.00,798.35,0.61,0.34,0.27,1
615124.12,1282938.88,798.47,797.00,798.47,0.61,0.34,0.26,1
615216.38,1282938.88,788.55,787.00,788.55,0.62,0.34,0.26,1
615308.62,1282938.88,781.60,780.00,781.60,0.62,0.34,0.26,1
615400.94,1282938.88,770.64,769.00,770.64,0.63,0.35,0.27,1
615493.19,1282938.88,755.66,754.00,755.66,0.63,0.35,0.27,1
615585.50,1282938.88,754.67,753.00,754.67,0.63,0.35,0.27,1
615677.75,1282938.88,752.68,751.00,752.68,0.62,0.34,0.26,1
615770.06,1282938.88,750.69,749.00,750.69,0.62,0.34,0.25,1
615862.31,1282938.88,751.69,750.00,751.69,0.61,0.33,0.25,1
615954.62,1282938.88,752.69,751.00,752.69,0.61,0.33,0.25,1
616046.88,1282938.88,754.69,753.00,754.69,0.61,0.33,0.25,1
616139.12,1282938.88,761.69,760.00,761.69,0.62,0.34,0.26,1
616231.44,1282938.88,765.69,764.00,765.69,0.63,0.35,0.26,1
616323.69,1282938.88,758.68,757.00,758.68,0.63,0.35,0.27,1
616416.00,1282938.88,744.69,743.00,744.69,0.63,0.35,0.26,1
616508.25,1282938.88,741.69,740.00,741.69,0.62,0.34,0.26,1
616600.56,1282938.88,744.68,743.00,744.68,0.62,0.34,0.26,1
616692.81,1282938.88,744.68,743.00,744.68,0.63,0.34,0.26,1
616785.12,1282938.88,748.67,747.00,748.67,0.63,0.35,0.27,1
616877.38,1282938.88,744.65,743.00,744.65,0.62,0.34,0.26,1
616969.62,1282938.88,754.63,753.00,754.63,0.60,0.32,0.24,1
617061.94,1282938.88,777.60,776.00,777.60,0.60,0.32,0.24,1
617154.19,1282938.88,791.57,790.00,791.57,0.62,0.34,0.26,1
617246.50,1282938.88,777.53,776.00,777.53,0.64,0.37,0.29,1
617338.75,1282938.88,760.48,759.00,760.48,0.64,0.36,0.28,1
617431.06,1282938.88,771.44,770.00,771.44,0.63,0.36,0.28,1
617523.31,1282938.88,766.40,765.00,766.40,0.65,0.37,0.30,1
617615.62,1282938.88,747.36,746.00,747.36,0.63,0.36,0.29,1
617707.88,1282938.88,747.33,746.00,747.33,0.61,0.35,0.27,1
617800.12,1282938.88,761.31,760.00,761.31,0.62,0.35,0.27,1
617892.44,1282938.88,758.29,757.00,758.29,0.62,0.36,0.28,1
617984.69,1282938.88,751.27,750.00,751.27,0.63,0.36,0.28,1
618077.00,1282938.88,753.26,752.00,753.26,0.62,0.35,0.28,1
618169.25,1282938.88,763.25,762.00,763.25,0.62,0.36,0.28,1
618261.56,1282938.88,760.25,759.00,760.25,0.63,0.36,0.29,1
618353.81,1282938.88,755.25,754.00,755.25,0.63,0.36,0.29,1
618446.12,1282938.88,754.25,753.00,754.25,0.62,0.36,0.28,1
618538.38,1282938.88,755.27,754.00,755.27,0.62,0.35,0.28,1
618630.62,1282938.88,757.29,756.00,757.29,0.62,0.35,0.28,1
618722.94,1282938.88,760.32,759.00,760.32,0.62,0.35,0.28,1
618815.19,1282938.88,762.35,761.00,762.35,0.62,0.35,0.27,1
618907.50,1282938.88,768.39,767.00,768.39,0.61,0.34,0.26,1
618999.75,1282938.88,780.42,779.00,780.42,0.60,0.33,0.25,1
619092.06,1282938.88,793.46,792.00,793.46,0.60,0.33,0.25,1
619184.31,1282938.88,809.51,808.00,809.51,0.60,0.32,0.24,1
619276.62,1282938.88,828.57,827.00,828.57,0.59,0.32,0.24,1
619368.88,1282938.88,842.64,841.00,842.64,0.61,0.33,0.25,1
619461.19,1282938.88,846.70,845.00,846.70,0.62,0.34,0.26,1
619553.44,1282938.88,862.74,861.00,862.74,0.61,0.32,0.24,1
619645.69,1282938.88,884.76,883.00,884.76,0.60,0.31,0.23,1
619738.00,1282938.88,909.76,908.00,909.76,0.59,0.30,0.22,1
619830.25,1282938.88,938.68,937.00,938.68,0.57,0.29,0.21,1
619922.56,1282938.88,968.45,967.00,968.45,0.56,0.29,0.21,1
620014.81,1282938.88,994.33,993.00,994.33,0.56,0.30,0.22,1
620107.12,1282938.88,1009.30,1008.00,1009.30,0.57,0.30,0.23,1
620199.38,1282938.88,1023.37,1022.00,1023.37,0.57,0.30,0.22,1
620291.69,1282938.88,1037.50,1036.00,1037.50,0.57,0.30,0.22,1
620383.94,1282938.88,1049.62,1048.00,1049.62,0.57,0.30,0.22,1
620476.19,1282938.88,1060.70,1059.00,1060.70,0.58,0.30,0.22,1
620568.50,1282938.88,1076.77,1075.00,1076.77,0.59,0.30,0.22,1
620660.75,1282938.88,1093.83,1092.00,1093.83,0.60,0.31,0.23,1
620753.06,1282938.88,1104.89,1103.00,1104.89,0.61,0.32,0.24,1
620845.31,1282938.88,1116.96,1115.00,1116.96,0.62,0.33,0.25,1
620937.62,1282938.88,1124.05,1122.00,1124.05,0.63,0.34,0.26,1
621029.88,1282938.88,1123.22,1121.00,1123.22,0.64,0.34,0.26,1
621122.19,1282938.88,1117.46,1115.00,1117.46,0.64,0.33,0.24,1
621214.44,1282938.88,1114.57,1112.00,1114.57,0.63,0.32,0.23,1
621306.69,1282938.88,1119.54,1117.00,1119.54,0.62,0.31,0.23,1
621399.00,1282938.88,1137.34,1135.00,1137.34,0.61,0.31,0.23,1
621491.25,1282938.88,1160.82,1159.00,1160.82,0.62,0.33,0.25,1
621583.56,1282938.88,1176.13,1175.00,1176.13,0.63,0.37,0.29,1
621675.81,1282938.88,1196.61,1196.00,1196.61,0.61,0.38,0.32,1
621768.12,1282938.88,1228.30,1228.00,1228.30,0.61,0.41,0.36,1
621860.38,1282938.88,1243.13,1243.00,1243.13,0.70,0.53,0.48,1
621952.69,1282938.88,1210.05,1210.00,1210.05,0.81,0.67,0.57,1
622044.94,1282938.88,1150.03,1150.00,1150.03,0.81,0.67,0.57,1
622137.19,1282938.88,1096.04,1096.00,1096.04,0.82,0.68,0.57,1
622229.50,1282938.88,1049.17,1049.00,1049.17,0.73,0.55,0.50,1
622321.75,1282938.88,1002.90,1002.00,1002.90,0.67,0.42,0.35,1
622414.06,1282938.88,962.22,960.00,962.22,0.63,0.34,0.25,1
622506.31,1282938.88,931.72,929.00,931.72,0.62,0.31,0.22,1
622598.62,1282938.88,914.74,912.00,914.74,0.61,0.30,0.22,1
622690.88,1282938.88,902.71,900.00,902.71,0.61,0.30,0.21,1
622783.19,1282938.88,880.61,878.00,880.61,0.61,0.31,0.22,1
622875.44,1282938.88,852.50,850.00,852.50,0.62,0.32,0.23,1
622967.69,1282938.88,821.44,819.00,821.44,0.63,0.32,0.24,1
623060.00,1282938.88,796.37,794.00,796.37,0.63,0.33,0.24,1
623152.25,1282938.88,783.22,781.00,783.22,0.62,0.33,0.24,1
623244.56,1282938.88,777.04,775.00,777.04,0.62,0.33,0.25,1
623336.81,1282938.88,776.90,775.00,776.90,0.62,0.33,0.25,1
623429.12,1282938.88,778.79,777.00,778.79,0.62,0.34,0.26,1
623521.38,1282938.88,774.72,773.00,774.72,0.63,0.34,0.26,1
623613.69,1282938.88,768.66,767.00,768.66,0.63,0.35,0.27,1
623705.94,1282938.88,764.61,763.00,764.61,0.63,0.35,0.27,1
623798.19,1282938.88,759.57,758.00,759.57,0.63,0.35,0.27,1
623890.50,1282938.88,758.54,757.00,758.54,0.62,0.34,0.26,1
623982.75,1282938.88,758.51,757.00,758.51,0.62,0.34,0.26,1
624075.06,1282938.88,757.49,756.00,757.49,0.62,0.34,0.26,1
624167.31,1282938.88,756.47,755.00,756.47,0.62,0.34,0.26,1
624259.62,1282938.88,755.46,754.00,755.46,0.62,0.35,0.27,1
624351.88,1282938.88,754.44,753.00,754.44,0.63,0.35,0.27,1
624444.19,1282938.88,753.43,752.00,753.43,0.62,0.35,0.27,1
624536.44,1282938.88,755.42,754.00,755.42,0.62,0.35,0.27,1
624628.69,1282938.88,759.40,758.00,759.40,0.61,0.34,0.26,1
624721.00,1282938.88,761.38,760.00,761.38,0.61,0.34,0.26,1
624813.25,1282938.88,758.36,757.00,758.36,0.62,0.35,0.27,1
624905.56,1282938.88,759.33,758.00,759.33,0.61,0.34,0.27,1
624997.81,1282938.88,770.28,769.00,770.28,0.61,0.34,0.26,1
625090.12,1282938.88,783.21,782.00,783.21,0.60,0.34,0.27,1
625182.38,1282938.88,791.16,790.00,791.16,0.61,0.35,0.27,1
625274.69,1282938.88,796.14,795.00,796.14,0.61,0.35,0.27,1
625366.94,1282938.88,805.37,804.38,805.37,0.58,0.32,0.25,1
625459.19,1282938.88,-9999.00,-9999.00,-9999.00,0.71,0.71,0.71,0
614385.88,1282846.50,-9999.00,-9999.00,-9999.00,0.71,0.71,0.71,0
614478.12,1282846.50,759.05,759.00,759.05,-0.49,-0.49,-0.49,0
614570.44,1282846.50,760.12,760.00,760.12,0.63,0.47,0.42,1
614662.69,1282846.50,769.22,769.00,769.22,0.63,0.44,0.39,1
614755.00,1282846.50,774.55,774.00,774.55,0.63,0.40,0.34,1
614847.25,1282846.50,778.90,778.00,778.90,0.62,0.37,0.30,1
614939.56,1282846.50,784.16,783.00,784.16,0.62,0.36,0.28,1
615031.81,1282846.50,785.34,784.00,785.34,0.62,0.35,0.27,1
615124.12,1282846.50,780.46,779.00,780.46,0.62,0.35,0.27,1
615216.38,1282846.50,773.55,772.00,773.55,0.63,0.35,0.27,1
615308.62,1282846.50,767.60,766.00,767.60,0.62,0.34,0.26,1
615400.94,1282846.50,760.64,759.00,760.64,0.62,0.34,0.26,1
615493.19,1282846.50,761.66,760.00,761.66,0.62,0.34,0.26,1
615585.50,1282846.50,769.67,768.00,769.67,0.63,0.35,0.27,1
615677.75,1282846.50,760.68,759.00,760.68,0.64,0.36,0.28,1
615770.06,1282846.50,749.69,748.00,749.69,0.63,0.35,0.27,1
615862.31,1282846.50,750.69,749.00,750.69,0.62,0.34,0.26,1
615954.62,1282846.50,751.69,750.00,751.69,0.62,0.34,0.26,1
616046.88,1282846.50,754.69,753.00,754.69,0.61,0.33,0.25,1
616139.12,1282846.50,763.69,762.00,763.69,0.61,0.33,0.25,1
616231.44,1282846.50,769.69,768.00,769.69,0.63,0.34,0.26,1
616323.69,1282846.50,762.69,761.00,762.69,0.64,0.36,0.27,1
616416.00,1282846.50,747.69,746.00,747.69,0.63,0.35,0.27,1
616508.25,1282846.50,748.69,747.00,748.69,0.63,0.34,0.26,1
616600.56,1282846.50,756.68,755.00,756.68,0.63,0.35,0.27,1
616692.81,1282846.50,763.67,762.00,763.67,0.63,0.35,0.27,1
616785.12,1282846.50,761.66,760.00,761.66,0.64,0.36,0.28,1
616877.38,1282846.50,747.65,746.00,747.65,0.63,0.35,0.27,1
616969.62,1282846.50,753.63,752.00,753.63,0.61,0.33,0.25,1
617061.94,1282846.50,765.61,764.00,765.61,0.59,0.31,0.23,1
617154.19,1282846.50,782.58,781.00,782.58,0.60,0.32,0.24,1
617246.50,1282846.50,780.54,779.00,780.54,0.63,0.35,0.27,1
617338.75,1282846.50,772.50,771.00,772.50,0.63,0.36,0.28,1
617431.06,1282846.50,778.47,777.00,778.47,0.63,0.35,0.28,1
617523.31,1282846.50,767.44,766.00,767.44,0.64,0.36,0.28,1
617615.62,1282846.50,746.41,745.00,746.41,0.63,0.36,0.28,1
617707.88,1282846.50,746.39,745.00,746.39,0.62,0.35,0.27,1
617800.12,1282846.50,754.37,753.00,754.37,0.61,0.34,0.26,1
617892.44,1282846.50,751.36,750.00,751.36,0.62,0.35,0.27,1
617984.69,1282846.50,749.35,748.00,749.35,0.62,0.35,0.27,1
618077.00,1282846.50,753.33,752.00,753.33,0.62,0.35,0.27,1
618169.25,1282846.50,760.32,759.00,760.32,0.62,0.35,0.28,1
618261.56,1282846.50,756.31,755.00,756.31,0.62,0.36,0.28,1
618353.81,1282846.50,753.30,752.00,753.30,0.63,0.36,0.28,1
618446.12,1282846.50,752.30,751.00,752.30,0.63,0.36,0.29,1
618538.38,1282846.50,754.30,753.00,754.30,0.63,0.36,0.28,1
618630.62,1282846.50,756.31,755.00,756.31,0.62,0.36,0.28,1
618722.94,1282846.50,758.33,757.00,758.33,0.62,0.35,0.28,1
618815.19,1282846.50,760.36,759.00,760.36,0.62,0.35,0.28,1
618907.50,1282846.50,766.39,765.00,766.39,0.62,0.35,0.27,1
618999.75,1282846.50,776.42,775.00,776.42,0.61,0.34,0.26,1
619092.06,1282846.50,790.46,789.00,790.46,0.61,0.33,0.25,1
619184.31,1282846.50,805.50,804.00,805.50,0.60,0.33,0.25,1
619276.62,1282846.50,821.55,820.00,821.55,0.60,0.32,0.24,1
619368.88,1282846.50,841.60,840.00,841.60,0.60,0.32,0.24,1
619461.19,1282846.50,862.66,861.00,862.66,0.61,0.33,0.25,1
619553.44,1282846.50,879.70,878.00,879.70,0.62,0.33,0.25,1
619645.69,1282846.50,888.72,887.00,888.72,0.61,0.33,0.25,1
619738.00,1282846.50,901.73,900.00,901.73,0.60,0.32,0.23,1
619830.25,1282846.50,919.71,918.00,919.71,0.58,0.29,0.21,1
619922.56,1282846.50,945.62,944.00,945.62,0.56,0.29,0.21,1
620014.81,1282846.50,967.51,966.00,967.51,0.56,0.29,0.21,1
620107.12,1282846.50,983.47,982.00,983.47,0.57,0.30,0.22,1
620199.38,1282846.50,1000.49,999.00,1000.49,0.58,0.30,0.22,1
620291.69,1282846.50,1011.57,1010.00,1011.57,0.58,0.30,0.22,1
620383.94,1282846.50,1020.68,1019.00,1020.68,0.58,0.29,0.21,1
620476.19,1282846.50,1035.75,1034.00,1035.75,0.58,0.29,0.21,1
620568.50,1282846.50,1059.80,1058.00,1059.80,0.58,0.29,0.21,1
620660.75,1282846.50,1083.82,1082.00,1083.82,0.58,0.30,0.21,1
620753.06,1282846.50,1103.84,1102.00,1103.84,0.59,0.30,0.22,1
620845.31,1282846.50,1127.81,1126.00,1127.81,0.60,0.31,0.23,1
620937.62,1282846.50,1153.65,1152.00,1153.65,0.62,0.34,0.26,1
621029.88,1282846.50,1164.47,1163.00,1164.47,0.65,0.38,0.30,1
621122.19,1282846.50,1161.50,1160.00,1161.50,0.66,0.38,0.30,1
621214.44,1282846.50,1156.62,1155.00,1156.62,0.66,0.38,0.30,1
621306.69,1282846.50,1152.69,1151.00,1152.69,0.64,0.36,0.28,1
621399.00,1282846.50,1169.52,1168.00,1169.52,0.62,0.35,0.27,1
621491.25,1282846.50,1197.01,1196.00,1197.01,0.62,0.37,0.30,1
621583.56,1282846.50,1220.51,1220.00,1220.51,0.64,0.42,0.36,1
621675.81,1282846.50,1240.27,1240.00,1240.27,0.66,0.47,0.41,1
621768.12,1282846.50,1260.14,1260.00,1260.14,0.70,0.53,0.48,1
621860.38,1282846.50,1252.07,1252.00,1252.07,0.81,0.67,0.56,1
621952.69,1282846.50,1206.03,1206.00,1206.03,0.79,0.65,0.55,1
622044.94,1282846.50,1146.02,1146.00,1146.02,0.79,0.65,0.55,1
622137.19,1282846.50,1093.02,1093.00,1093.02,0.80,0.66,0.55,1
622229.50,1282846.50,1045.09,1045.00,1045.09,0.80,0.66,0.56,1
622321.75,1282846.50,997.63,997.00,997.63,0.69,0.45,0.39,1
622414.06,1282846.50,958.07,956.00,958.07,0.64,0.34,0.26,1
622506.31,1282846.50,928.86,926.00,928.86,0.62,0.31,0.22,1
622598.62,1282846.50,905.93,903.00,905.93,0.61,0.30,0.21,1
622690.88,1282846.50,888.90,886.00,888.90,0.61,0.30,0.21,1
622783.19,1282846.50,870.81,868.00,870.81,0.61,0.30,0.21,1
622875.44,1282846.50,849.67,847.00,849.67,0.62,0.31,0.23,1
622967.69,1282846.50,825.53,823.00,825.53,0.63,0.32,0.24,1
623060.00,1282846.50,802.38,800.00,802.38,0.63,0.33,0.24,1
623152.25,1282846.50,786.21,784.00,786.21,0.63,0.33,0.24,1
623244.56,1282846.50,781.04,779.00,781.04,0.63,0.33,0.25,1
623336.81,1282846.50,778.91,777.00,778.91,0.62,0.33,0.25,1
623429.12,1282846.50,779.80,778.00,779.80,0.62,0.34,0.26,1
623521.38,1282846.50,777.73,776.00,777.73,0.63,0.35,0.26,1
623613.69,1282846.50,770.67,769.00,770.67,0.63,0.35,0.27,1
623705.94,1282846.50,763.62,762.00,763.62,0.63,0.35,0.27,1
623798.19,1282846.50,760.58,759.00,760.58,0.63,0.35,0.27,1
623890.50,1282846.50,758.55,757.00,758.55,0.63,0.35,0.27,1
623982.75,1282846.50,755.52,754.00,755.52,0.62,0.35,0.27,1
624075.06,1282846.50,754.50,753.00,754.50,0.62,0.35,0.27,1
624167.31,1282846.50,754.48,753.00,754.48,0.62,0.35,0.27,1
624259.62,1282846.50,755.46,754.00,755.46,0.62,0.35,0.27,1
624351.88,1282846.50,756.45,755.00,756.45,0.63,0.35,0.28,1
624444.19,1282846.50,754.44,753.00,754.44,0.63,0.35,0.28,1
624536.44,1282846.50,754.42,753.00,754.42,0.62,0.35,0.27,1
624628.69,1282846.50,754.40,753.00,754.40,0.62,0.35,0.27,1
624721.00,1282846.50,754.38,753.00,754.38,0.62,0.35,0.27,1
624813.25,1282846.50,755.36,754.00,755.36,0.62,0.35,0.27,1
624905.56,1282846.50,757.32,756.00,757.32,0.62,0.35,0.27,1
624997.81,1282846.50,765.27,764.00,765.27,0.60,0.34,0.26,1
625090.12,1282846.50,774.20,773.00,774.20,0.60,0.34,0.26,1
625182.38,1282846.50,783.15,782.00,783.15,0.61,0.35,0.27,1
625274.69,1282846.50,789.12,788.00,789.12,0.61,0.35,0.27,1
625366.94,1282846.50,798.73,797.73,798.73,0.58,0.32,0.25,1
625459.19,1282846.50,-9999.00,-9999.00,-9999.00,0.71,0.71,0.71,0
614385.88,1282754.25,-9999.00,-9999.00,-9999.00,0.71,0.71,0.71,0
614478.12,1282754.25,754.22,754.00,754.22,0.10,-0.09,-0.14,1
614570.44,1282754.25,760.28,760.00,760.28,0.63,0.44,0.38,1
614662.69,1282754.25,770.27,770.00,770.27,0.63,0.44,0.38,1
614755.00,1282754.25,779.55,779.00,779.55,0.64,0.41,0.35,1
614847.25,1282754.25,784.90,784.00,784.90,0.64,0.39,0.32,1
614939.56,1282754.25,784.15,783.00,784.15,0.63,0.37,0.29,1
615031.81,1282754.25,783.34,782.00,783.34,0.63,0.36,0.28,1
615124.12,1282754.25,785.46,784.00,785.46,0.63,0.36,0.28,1
615216.38,1282754.25,783.55,782.00,783.55,0.64,0.36,0.29,1
615308.62,1282754.25,769.60,768.00,769.60,0.64,0.36,0.28,1
615400.94,1282754.25,761.64,760.00,761.64,0.62,0.34,0.26,1
615493.19,1282754.25,770.66,769.00,770.66,0.62,0.34,0.26,1
615585.50,1282754.25,782.67,781.00,782.67,0.63,0.35,0.27,1
615677.75,1282754.25,775.68,774.00,775.68,0.65,0.36,0.28,1
615770.06,1282754.25,755.69,754.00,755.69,0.64,0.36,0.28,1
615862.31,1282754.25,752.69,751.00,752.69,0.62,0.34,0.26,1
615954.62,1282754.25,757.69,756.00,757.69,0.63,0.35,0.27,1
616046.88,1282754.25,754.69,753.00,754.69,0.62,0.34,0.26,1
616139.12,1282754.25,761.69,760.00,761.69,0.61,0.33,0.25,1
616231.44,1282754.25,774.69,773.00,774.69,0.62,0.34,0.26,1
616323.69,1282754.25,770.69,769.00,770.69,0.64,0.35,0.27,1
616416.00,1282754.25,756.69,755.00,756.69,0.63,0.35,0.27,1
616508.25,1282754.25,761.69,760.00,761.69,0.62,0.34,0.26,1
616600.56,1282754.25,779.68,778.00,779.68,0.62,0.34,0.26,1
616692.81,1282754.25,780.67,779.00,780.67,0.63,0.35,0.27,1
616785.12,1282754.25,766.66,765.00,766.66,0.64,0.36,0.28,1
616877.38,1282754.25,748.65,747.00,748.65,0.63,0.35,0.27,1
616969.62,1282754.25,761.64,760.00,761.64,0.62,0.34,0.26,1
617061.94,1282754.25,759.61,758.00,759.61,0.62,0.34,0.26,1
617154.19,1282754.25,767.58,766.00,767.58,0.60,0.32,0.24,1
617246.50,1282754.25,778.55,777.00,778.55,0.61,0.34,0.26,1
617338.75,1282754.25,777.51,776.00,777.51,0.62,0.35,0.27,1
617431.06,1282754.25,776.49,775.00,776.49,0.62,0.35,0.27,1
617523.31,1282754.25,759.47,758.00,759.47,0.63,0.35,0.28,1
617615.62,1282754.25,746.45,745.00,746.45,0.63,0.36,0.28,1
617707.88,1282754.25,745.44,744.00,745.44,0.62,0.35,0.27,1
617800.12,1282754.25,748.42,747.00,748.42,0.62,0.35,0.27,1
617892.44,1282754.25,747.41,746.00,747.41,0.62,0.35,0.27,1
617984.69,1282754.25,747.40,746.00,747.40,0.62,0.35,0.27,1
618077.00,1282754.25,754.39,753.00,754.39,0.62,0.35,0.27,1
618169.25,1282754.25,759.38,758.00,759.38,0.63,0.36,0.28,1
618261.56,1282754.25,753.37,752.00,753.37,0.62,0.35,0.28,1
618353.81,1282754.25,755.36,754.00,755.36,0.62,0.35,0.27,1
618446.12,1282754.25,765.35,764.00,765.35,0.63,0.36,0.28,1
618538.38,1282754.25,766.34,765.00,766.34,0.64,0.37,0.29,1
618630.62,1282754.25,758.34,757.00,758.34,0.63,0.36,0.29,1
618722.94,1282754.25,759.35,758.00,759.35,0.62,0.35,0.28,1
618815.19,1282754.25,766.37,765.00,766.37,0.62,0.35,0.27,1
618907.50,1282754.25,776.39,775.00,776.39,0.62,0.35,0.27,1
618999.75,1282754.25,784.42,783.00,784.42,0.62,0.34,0.27,1
619092.06,1282754.25,796.46,795.00,796.46,0.61,0.34,0.26,1
619184.31,1282754.25,810.50,809.00,810.50,0.61,0.34,0.26,1
619276.62,1282754.25,822.54,821.00,822.54,0.60,0.33,0.25,1
619368.88,1282754.25,840.58,839.00,840.58,0.59,0.32,0.24,1
619461.19,1282754.25,864.62,863.00,864.62,0.59,0.31,0.23,1
619553.44,1282754.25,886.65,885.00,886.65,0.60,0.32,0.24,1
619645.69,1282754.25,895.67,894.00,895.67,0.61,0.33,0.25,1
619738.00,1282754.25,901.68,900.00,901.68,0.62,0.34,0.26,1
619830.25,1282754.25,906.67,905.00,906.67,0.61,0.33,0.25,1
619922.56,1282754.25,922.64,921.00,922.64,0.59,0.31,0.23,1
620014.81,1282754.25,942.57,941.00,942.57,0.58,0.31,0.23,1
620107.12,1282754.25,961.56,960.00,961.56,0.58,0.30,0.22,1
620199.38,1282754.25,978.59,977.00,978.59,0.58,0.30,0.22,1
620291.69,1282754.25,987.67,986.00,987.67,0.59,0.30,0.22,1
620383.94,1282754.25,998.75,997.00,998.75,0.58,0.30,0.22,1
620476.19,1282754.25,1020.80,1019.00,1020.80,0.58,0.30,0.22,1
620568.50,1282754.25,1045.82,1044.00,1045.82,0.58,0.30,0.22,1
620660.75,1282754.25,1069.82,1068.00,1069.82,0.58,0.30,0.22,1
620753.06,1282754.25,1098.80,1097.00,1098.80,0.58,0.30,0.21,1
620845.31,1282754.25,1132.60,1131.00,1132.60,0.57,0.29,0.21,1
620937.62,1282754.25,1179.01,1178.00,1179.01,0.58,0.33,0.26,1
621029.88,1282754.25,1206.53,1206.00,1206.53,0.66,0.43,0.37,1
621122.19,1282754.25,1205.38,1205.00,1205.38,0.71,0.50,0.44,1
621214.44,1282754.25,1200.39,1200.00,1200.39,0.71,0.50,0.44,1
621306.69,1282754.25,1192.44,1192.00,1192.44,0.70,0.48,0.42,1
621399.00,1282754.25,1202.41,1202.00,1202.41,0.65,0.44,0.38,1
621491.25,1282754.25,1230.23,1230.00,1230.23,0.63,0.44,0.39,1
621583.56,1282754.25,1259.09,1259.00,1259.09,0.69,0.55,0.44,1
621675.81,1282754.25,1283.05,1283.00,1283.05,0.73,0.59,0.48,1
621768.12,1282754.25,1294.04,1294.00,1294.04,0.80,0.66,0.55,1
621860.38,1282754.25,1263.03,1263.00,1263.03,0.81,0.67,0.56,1
621952.69,1282754.25,1201.02,1201.00,1201.02,0.80,0.66,0.55,1
622044.94,1282754.25,1141.01,1141.00,1141.01,0.81,0.67,0.56,1
622137.19,1282754.25,1092.01,1092.00,1092.01,0.81,0.67,0.57,1
622229.50,1282754.25,1048.05,1048.00,1048.05,0.81,0.67,0.57,1
622321.75,1282754.25,1001.39,1001.00,1001.39,0.70,0.49,0.43,1
622414.06,1282754.25,957.74,956.00,957.74,0.65,0.36,0.28,1
622506.31,1282754.25,922.88,920.00,922.88,0.62,0.31,0.22,1
622598.62,1282754.25,895.04,892.00,895.04,0.62,0.30,0.21,1
622690.88,1282754.25,875.00,872.00,875.00,0.61,0.30,0.21,1
622783.19,1282754.25,860.90,858.00,860.90,0.61,0.30,0.21,1
622875.44,1282754.25,846.77,844.00,846.77,0.62,0.31,0.22,1
622967.69,1282754.25,827.61,825.00,827.61,0.62,0.32,0.23,1
623060.00,1282754.25,805.41,803.00,805.41,0.63,0.33,0.24,1
623152.25,1282754.25,792.22,790.00,792.22,0.63,0.33,0.25,1
623244.56,1282754.25,788.05,786.00,788.05,0.63,0.33,0.25,1
623336.81,1282754.25,785.92,784.00,785.92,0.63,0.34,0.25,1
623429.12,1282754.25,786.82,785.00,786.82,0.63,0.34,0.26,1
623521.38,1282754.25,781.74,780.00,781.74,0.63,0.34,0.26,1
623613.69,1282754.25,770.68,769.00,770.68,0.63,0.35,0.27,1
623705.94,1282754.25,767.63,766.00,767.63,0.63,0.35,0.27,1
623798.19,1282754.25,767.59,766.00,767.59,0.63,0.35,0.27,1
623890.50,1282754.25,763.56,762.00,763.56,0.63,0.36,0.28,1
623982.75,1282754.25,757.53,756.00,757.53,0.63,0.35,0.27,1
624075.06,1282754.25,756.51,755.00,756.51,0.63,0.35,0.27,1
624167.31,1282754.25,757.49,756.00,757.49,0.63,0.35,0.27,1
624259.62,1282754.25,759.47,758.00,759.47,0.63,0.35,0.28,1
624351.88,1282754.25,760.46,759.00,760.46,0.63,0.36,0.28,1
624444.19,1282754.25,757.44,756.00,757.44,0.63,0.36,0.28,1
624536.44,1282754.25,755.43,754.00,755.43,0.63,0.35,0.28,1
624628.69,1282754.25,755.41,754.00,755.41,0.63,0.36,0.28,1
624721.00,1282754.25,753.39,752.00,753.39,0.63,0.36,0.28,1
624813.25,1282754.25,753.36,752.00,753.36,0.63,0.36,0.28,1
624905.56,1282754.25,755.32,754.00,755.32,0.62,0.35,0.28,1
624997.81,1282754.25,757.26,756.00,757.26,0.61,0.35,0.27,1
625090.12,1282754.25,766.19,765.00,766.19,0.60,0.34,0.27,1
625182.38,1282754.25,780.13,779.00,780.13,0.61,0.35,0.28,1
625274.69,1282754.25,785.10,784.00,785.10,0.61,0.35,0.28,1
625366.94,1282754.25,790.63,789.63,790.63,0.58,0.32,0.25,1
625459.19,1282754.25,-9999.00,-9999.00,-9999.00,0.71,0.71,0.71,0
614385.88,1282662.00,-9999.00,-9999.00,-9999.00,0.71,0.71,0.71,0
614478.12,1282662.00,757.57,757.00,757.57,0.22,-0.01,-0.07,1
614570.44,1282662.00,767.62,767.00,767.62,0.62,0.39,0.32,1
614662.69,1282662.00,778.48,778.00,778.48,0.62,0.40,0.34,1
614755.00,1282662.00,787.64,787.00,787.64,0.62,0.39,0.33,1
614847.25,1282662.00,789.91,789.00,789.91,0.62,0.38,0.31,1
614939.56,1282662.00,787.16,786.00,787.16,0.62,0.36,0.29,1
615031.81,1282662.00,792.34,791.00,792.34,0.62,0.35,0.27,1
615124.12,1282662.00,799.47,798.00,799.47,0.63,0.36,0.28,1
615216.38,1282662.00,794.55,793.00,794.55,0.64,0.36,0.28,1
615308.62,1282662.00,777.60,776.00,777.60,0.64,0.36,0.28,1
615400.94,1282662.00,768.64,767.00,768.64,0.63,0.35,0.27,1
615493.19,1282662.00,778.66,777.00,778.66,0.62,0.34,0.26,1
615585.50,1282662.00,790.67,789.00,790.67,0.62,0.34,0.26,1
615677.75,1282662.00,785.68,784.00,785.68,0.64,0.36,0.28,1
615770.06,1282662.00,762.69,761.00,762.69,0.64,0.36,0.28,1
615862.31,1282662.00,759.69,758.00,759.69,0.63,0.35,0.27,1
615954.62,1282662.00,767.69,766.00,767.69,0.63,0.35,0.27,1
616046.88,1282662.00,761.69,760.00,761.69,0.63,0.35,0.27,1
616139.12,1282662.00,765.69,764.00,765.69,0.61,0.33,0.25,1
616231.44,1282662.00,780.70,779.00,780.70,0.62,0.33,0.25,1
616323.69,1282662.00,775.69,774.00,775.69,0.63,0.35,0.27,1
616416.00,1282662.00,766.69,765.00,766.69,0.63,0.35,0.27,1
616508.25,1282662.00,774.69,773.00,774.69,0.62,0.34,0.26,1
616600.56,1282662.00,785.68,784.00,785.68,0.62,0.34,0.26,1
616692.81,1282662.00,773.66,772.00,773.66,0.62,0.34,0.26,1
616785.12,1282662.00,762.65,761.00,762.65,0.63,0.35,0.27,1
616877.38,1282662.00,752.65,751.00,752.65,0.63,0.35,0.27,1
616969.62,1282662.00,772.64,771.00,772.64,0.62,0.34,0.26,1
617061.94,1282662.00,766.61,765.00,766.61,0.63,0.35,0.27,1
617154.19,1282662.00,767.58,766.00,767.58,0.62,0.34,0.26,1
617246.50,1282662.00,775.55,774.00,775.55,0.61,0.34,0.26,1
617338.75,1282662.00,768.53,767.00,768.53,0.61,0.34,0.26,1
617431.06,1282662.00,763.51,762.00,763.51,0.61,0.34,0.26,1
617523.31,1282662.00,751.49,750.00,751.49,0.62,0.35,0.27,1
617615.62,1282662.00,747.48,746.00,747.48,0.62,0.35,0.27,1
617707.88,1282662.00,748.47,747.00,748.47,0.62,0.35,0.27,1
617800.12,1282662.00,748.46,747.00,748.46,0.62,0.35,0.27,1
617892.44,1282662.00,745.46,744.00,745.46,0.62,0.35,0.27,1
617984.69,1282662.00,746.45,745.00,746.45,0.62,0.34,0.26,1
618077.00,1282662.00,756.44,755.00,756.44,0.61,0.34,0.26,1
618169.25,1282662.00,762.43,761.00,762.43,0.62,0.35,0.27,1
618261.56,1282662.00,753.42,752.00,753.42,0.62,0.35,0.27,1
618353.81,1282662.00,759.41,758.00,759.41,0.61,0.34,0.26,1
618446.12,1282662.00,774.39,773.00,774.39,0.62,0.35,0.27,1
618538.38,1282662.00,770.38,769.00,770.38,0.64,0.37,0.29,1
618630.62,1282662.00,759.38,758.00,759.38,0.63,0.36,0.28,1
618722.94,1282662.00,762.38,761.00,762.38,0.62,0.35,0.27,1
618815.19,1282662.00,769.39,768.00,769.39,0.61,0.34,0.26,1
618907.50,1282662.00,777.41,776.00,777.41,0.61,0.34,0.26,1
618999.75,1282662.00,786.43,785.00,786.43,0.61,0.33,0.26,1
619092.06,1282662.00,799.46,798.00,799.46,0.60,0.33,0.25,1
619184.31,1282662.00,812.50,811.00,812.50,0.60,0.33,0.25,1
619276.62,1282662.00,824.54,823.00,824.54,0.60,0.33,0.25,1
619368.88,1282662.00,839.57,838.00,839.57,0.60,0.32,0.24,1
619461.19,1282662.00,855.59,854.00,855.59,0.59,0.31,0.23,1
619553.44,1282662.00,873.60,872.00,873.60,0.58,0.30,0.22,1
619645.69,1282662.00,892.61,891.00,892.61,0.59,0.31,0.23,1
619738.00,1282662.00,911.62,910.00,911.62,0.61,0.33,0.25,1
619830.25,1282662.00,918.62,917.00,918.62,0.62,0.34,0.26,1
619922.56,1282662.00,931.60,930.00,931.60,0.62,0.34,0.26,1
620014.81,1282662.00,943.58,942.00,943.58,0.62,0.34,0.26,1
620107.12,1282662.00,950.59,949.00,950.59,0.61,0.33,0.26,1
620199.38,1282662.00,961.64,960.00,961.64,0.60,0.32,0.24,1
620291.69,1282662.00,970.73,969.00,970.73,0.60,0.32,0.24,1
620383.94,1282662.00,988.80,987.00,988.80,0.59,0.31,0.23,1
620476.19,1282662.00,1015.82,1014.00,1015.82,0.58,0.30,0.22,1
620568.50,1282662.00,1046.83,1045.00,1046.83,0.59,0.30,0.22,1
620660.75,1282662.00,1070.82,1069.00,1070.82,0.59,0.31,0.23,1
620753.06,1282662.00,1098.77,1097.00,1098.77,0.58,0.30,0.22,1
620845.31,1282662.00,1135.37,1134.00,1135.37,0.56,0.29,0.22,1
620937.62,1282662.00,1185.56,1185.00,1185.56,0.53,0.31,0.24,1
621029.88,1282662.00,1227.16,1227.00,1227.16,0.59,0.41,0.36,1
621122.19,1282662.00,1244.07,1244.00,1244.07,0.75,0.61,0.50,1
621214.44,1282662.00,1250.05,1250.00,1250.05,0.80,0.66,0.56,1
621306.69,1282662.00,1246.06,1246.00,1246.06,0.81,0.67,0.56,1
621399.00,1282662.00,1249.06,1249.00,1249.06,0.77,0.63,0.53,1
621491.25,1282662.00,1267.03,1267.00,1267.03,0.72,0.58,0.47,1
621583.56,1282662.00,1294.01,1294.00,1294.01,0.69,0.55,0.45,1
621675.81,1282662.00,1316.01,1316.00,1316.01,0.76,0.62,0.51,1
621768.12,1282662.00,1304.01,1304.00,1304.01,0.81,0.67,0.57,1
621860.38,1282662.00,1257.01,1257.00,1257.01,0.81,0.67,0.56,1
621952.69,1282662.00,1200.01,1200.00,1200.01,0.82,0.68,0.57,1
622044.94,1282662.00,1149.01,1149.00,1149.01,0.83,0.69,0.58,1
622137.19,1282662.00,1102.01,1102.00,1102.01,0.83,0.69,0.58,1
622229.50,1282662.00,1053.02,1053.00,1053.02,0.82,0.68,0.58,1
622321.75,1282662.00,1001.23,1001.00,1001.23,0.72,0.54,0.48,1
622414.06,1282662.00,959.32,958.00,959.32,0.66,0.39,0.32,1
622506.31,1282662.00,924.72,922.00,924.72,0.63,0.32,0.23,1
622598.62,1282662.00,893.05,890.00,893.05,0.62,0.31,0.21,1
622690.88,1282662.00,874.02,871.00,874.02,0.62,0.30,0.21,1
622783.19,1282662.00,860.93,858.00,860.93,0.62,0.30,0.21,1
622875.44,1282662.00,845.82,843.00,845.82,0.62,0.31,0.22,1
622967.69,1282662.00,827.66,825.00,827.66,0.62,0.31,0.23,1
623060.00,1282662.00,810.46,808.00,810.46,0.63,0.32,0.23,1
623152.25,1282662.00,801.25,799.00,801.25,0.63,0.33,0.24,1
623244.56,1282662.00,799.09,797.00,799.09,0.63,0.33,0.25,1
623336.81,1282662.00,796.95,795.00,796.95,0.63,0.34,0.26,1
623429.12,1282662.00,789.84,788.00,789.84,0.63,0.34,0.26,1
623521.38,1282662.00,777.76,776.00,777.76,0.63,0.34,0.26,1
623613.69,1282662.00,770.70,769.00,770.70,0.63,0.34,0.26,1
623705.94,1282662.00,773.64,772.00,773.64,0.62,0.34,0.26,1
623798.19,1282662.00,777.60,776.00,777.60,0.63,0.35,0.27,1
623890.50,1282662.00,771.57,770.00,771.57,0.64,0.36,0.28,1
623982.75,1282662.00,762.54,761.00,762.54,0.63,0.36,0.28,1
624075.06,1282662.00,760.52,759.00,760.52,0.63,0.35,0.27,1
624167.31,1282662.00,764.50,763.00,764.50,0.63,0.35,0.27,1
624259.62,1282662.00,768.48,767.00,768.48,0.63,0.35,0.28,1
624351.88,1282662.00,767.47,766.00,767.47,0.63,0.36,0.28,1
624444.19,1282662.00,760.45,759.00,760.45,0.63,0.36,0.28,1
624536.44,1282662.00,757.44,756.00,757.44,0.62,0.35,0.27,1
624628.69,1282662.00,764.42,763.00,764.42,0.63,0.36,0.28,1
624721.00,1282662.00,766.40,765.00,766.40,0.64,0.37,0.29,1
624813.25,1282662.00,759.37,758.00,759.37,0.64,0.37,0.29,1
624905.56,1282662.00,755.32,754.00,755.32,0.63,0.36,0.29,1
624997.81,1282662.00,757.26,756.00,757.26,0.62,0.35,0.27,1
625090.12,1282662.00,768.18,767.00,768.18,0.61,0.34,0.27,1
625182.38,1282662.00,780.12,779.00,780.12,0.61,0.35,0.28,1
625274.69,1282662.00,778.09,777.00,778.09,0.61,0.35,0.28,1
625366.94,1282662.00,782.54,781.53,782.54,0.58,0.32,0.25,1
625459.19,1282662.00,-9999.00,-9999.00,-9999.00,0.71,0.71,0.71,0
614385.88,1282569.75,-9999.00,-9999.00,-9999.00,0.71,0.71,0.71,0
614478.12,1282569.75,753.89,753.00,753.89,0.28,0.03,-0.04,1
614570.44,1282569.75,761.92,761.00,761.92,0.60,0.35,0.28,1
614662.69,1282569.75,772.80,772.00,772.80,0.60,0.36,0.29,1
614755.00,1282569.75,777.84,777.00,777.84,0.60,0.36,0.29,1
614847.25,1282569.75,776.97,776.00,776.97,0.61,0.35,0.28,1
614939.56,1282569.75,778.17,777.00,778.17,0.60,0.34,0.27,1
615031.81,1282569.75,788.35,787.00,788.35,0.60,0.33,0.25,1
615124.12,1282569.75,798.47,797.00,798.47,0.61,0.34,0.26,1
615216.38,1282569.75,790.55,789.00,790.55,0.63,0.35,0.27,1
615308.62,1282569.75,777.60,776.00,777.60,0.63,0.35,0.27,1
615400.94,1282569.75,776.64,775.00,776.64,0.63,0.35,0.27,1
615493.19,1282569.75,787.66,786.00,787.66,0.62,0.34,0.26,1
615585.50,1282569.75,795.67,794.00,795.67,0.62,0.34,0.26,1
615677.75,1282569.75,786.68,785.00,786.68,0.63,0.35,0.27,1
615770.06,1282569.75,769.69,768.00,769.69,0.63,0.35,0.27,1
615862.31,1282569.75,772.69,771.00,772.69,0.63,0.35,0.27,1
615954.62,1282569.75,776.69,775.00,776.69,0.63,0.35,0.27,1
616046.88,1282569.75,766.70,765.00,766.70,0.63,0.35,0.27,1
616139.12,1282569.75,763.70,762.00,763.70,0.61,0.33,0.25,1
616231.44,1282569.75,776.69,775.00,776.69,0.60,0.32,0.24,1
616323.69,1282569.75,778.69,777.00,778.69,0.62,0.34,0.26,1
616416.00,1282569.75,775.69,774.00,775.69,0.62,0.34,0.26,1
616508.25,1282569.75,782.68,781.00,782.68,0.62,0.34,0.26,1
616600.56,1282569.75,780.67,779.00,780.67,0.62,0.34,0.26,1
616692.81,1282569.75,763.66,762.00,763.66,0.62,0.34,0.26,1
616785.12,1282569.75,766.65,765.00,766.65,0.62,0.34,0.26,1
616877.38,1282569.75,769.65,768.00,769.65,0.63,0.35,0.27,1
616969.62,1282569.75,779.64,778.00,779.64,0.62,0.34,0.26,1
617061.94,1282569.75,773.61,772.00,773.61,0.63,0.35,0.27,1
617154.19,1282569.75,765.58,764.00,765.58,0.62,0.34,0.26,1
617246.50,1282569.75,764.55,763.00,764.55,0.61,0.34,0.26,1
617338.75,1282569.75,755.54,754.00,755.54,0.62,0.34,0.26,1
617431.06,1282569.75,749.52,748.00,749.52,0.62,0.34,0.26,1
617523.31,1282569.75,746.51,745.00,746.51,0.62,0.35,0.27,1
617615.62,1282569.75,745.50,744.00,745.50,0.62,0.35,0.27,1
617707.88,1282569.75,747.50,746.00,747.50,0.62,0.35,0.27,1
617800.12,1282569.75,748.49,747.00,748.49,0.62,0.35,0.27,1
617892.44,1282569.75,746.49,745.00,746.49,0.63,0.35,0.27,1
617984.69,1282569.75,745.49,744.00,745.49,0.62,0.34,0.26,1
618077.00,1282569.75,752.48,751.00,752.48,0.61,0.34,0.26,1
618169.25,1282569.75,756.48,755.00,756.48,0.61,0.34,0.26,1
618261.56,1282569.75,751.47,750.00,751.47,0.62,0.34,0.27,1
618353.81,1282569.75,760.45,759.00,760.45,0.61,0.34,0.26,1
618446.12,1282569.75,775.44,774.00,775.44,0.61,0.34,0.26,1
618538.38,1282569.75,772.43,771.00,772.43,0.63,0.36,0.28,1
618630.62,1282569.75,761.42,760.00,761.42,0.63,0.36,0.28,1
618722.94,1282569.75,760.42,759.00,760.42,0.62,0.34,0.27,1
618815.19,1282569.75,765.43,764.00,765.43,0.61,0.34,0.26,1
618907.50,1282569.75,770.43,769.00,770.43,0.60,0.33,0.25,1
618999.75,1282569.75,780.45,779.00,780.45,0.60,0.33,0.25,1
619092.06,1282569.75,792.47,791.00,792.47,0.60,0.33,0.25,1
619184.31,1282569.75,802.51,801.00,802.51,0.60,0.32,0.25,1
619276.62,1282569.75,815.54,814.00,815.54,0.59,0.32,0.24,1
619368.88,1282569.75,832.56,831.00,832.56,0.60,0.32,0.24,1
619461.19,1282569.75,842.57,841.00,842.57,0.60,0.32,0.24,1
619553.44,1282569.75,860.57,859.00,860.57,0.59,0.31,0.23,1
619645.69,1282569.75,885.57,884.00,885.57,0.59,0.31,0.23,1
619738.00,1282569.75,907.56,906.00,907.56,0.60,0.32,0.24,1
619830.25,1282569.75,921.55,920.00,921.55,0.60,0.33,0.25,1
619922.56,1282569.75,941.55,940.00,941.55,0.61,0.33,0.25,1
620014.81,1282569.75,956.55,955.00,956.55,0.62,0.34,0.26,1
620107.12,1282569.75,964.58,963.00,964.58,0.63,0.35,0.27,1
620199.38,1282569.75,970.64,969.00,970.64,0.63,0.35,0.27,1
620291.69,1282569.75,980.75,979.00,980.75,0.62,0.34,0.26,1
620383.94,1282569.75,996.81,995.00,996.81,0.61,0.33,0.24,1
620476.19,1282569.75,1017.82,1016.00,1017.82,0.60,0.31,0.23,1
620568.50,1282569.75,1049.79,1048.00,1049.79,0.59,0.31,0.22,1
620660.75,1282569.75,1076.76,1075.00,1076.76,0.59,0.31,0.23,1
620753.06,1282569.75,1105.67,1104.00,1105.67,0.59,0.31,0.23,1
620845.31,1282569.75,1139.11,1138.00,1139.11,0.57,0.32,0.24,1
620937.62,1282569.75,1183.31,1183.00,1183.31,0.53,0.33,0.27,1
621029.88,1282569.75,1230.05,1230.00,1230.05,0.54,0.40,0.29,1
621122.19,1282569.75,1277.01,1277.00,1277.01,0.60,0.46,0.35,1
621214.44,1282569.75,1309.01,1309.00,1309.01,0.73,0.59,0.48,1
621306.69,1282569.75,1308.01,1308.00,1308.01,0.80,0.66,0.55,1
621399.00,1282569.75,1310.01,1310.00,1310.01,0.78,0.64,0.54,1
621491.25,1282569.75,1319.01,1319.00,1319.01,0.76,0.62,0.51,1
621583.56,1282569.75,1329.01,1329.00,1329.01,0.75,0.61,0.51,1
621675.81,1282569.75,1336.01,1336.00,1336.01,0.79,0.65,0.54,1
621768.12,1282569.75,1314.01,1314.00,1314.01,0.84,0.70,0.60,1
621860.38,1282569.75,1266.01,1266.00,1266.01,0.86,0.72,0.61,1
621952.69,1282569.75,1211.00,1211.00,1211.00,0.86,0.72,0.61,1
622044.94,1282569.75,1159.00,1159.00,1159.00,0.83,0.69,0.59,1
622137.19,1282569.75,1111.00,1111.00,1111.00,0.82,0.68,0.57,1
622229.50,1282569.75,1061.01,1061.00,1061.01,0.82,0.68,0.58,1
622321.75,1282569.75,1007.10,1007.00,1007.10,0.76,0.60,0.56,1
622414.06,1282569.75,963.84,963.00,963.84,0.69,0.44,0.37,1
622506.31,1282569.75,932.28,930.00,932.28,0.64,0.34,0.26,1
622598.62,1282569.75,903.90,901.00,903.90,0.63,0.31,0.22,1
622690.88,1282569.75,880.98,878.00,880.98,0.62,0.31,0.22,1
622783.19,1282569.75,861.92,859.00,861.92,0.62,0.30,0.22,1
622875.44,1282569.75,844.84,842.00,844.84,0.62,0.30,0.21,1
622967.69,1282569.75,828.72,826.00,828.72,0.62,0.31,0.22,1
623060.00,1282569.75,814.54,812.00,814.54,0.62,0.31,0.23,1
623152.25,1282569.75,807.33,805.00,807.33,0.62,0.32,0.23,1
623244.56,1282569.75,806.15,804.00,806.15,0.62,0.32,0.24,1
623336.81,1282569.75,805.00,803.00,805.00,0.63,0.33,0.25,1
623429.12,1282569.75,791.88,790.00,791.88,0.63,0.34,0.26,1
623521.38,1282569.75,778.79,777.00,778.79,0.63,0.34,0.26,1
623613.69,1282569.75,775.72,774.00,775.72,0.62,0.34,0.26,1
623705.94,1282569.75,779.66,778.00,779.66,0.62,0.34,0.26,1
623798.19,1282569.75,780.62,779.00,780.62,0.63,0.35,0.27,1
623890.50,1282569.75,774.58,773.00,774.58,0.63,0.35,0.27,1
623982.75,1282569.75,766.56,765.00,766.56,0.63,0.35,0.27,1
624075.06,1282569.75,767.53,766.00,767.53,0.62,0.35,0.27,1
624167.31,1282569.75,773.51,772.00,773.51,0.62,0.35,0.27,1
624259.62,1282569.75,774.49,773.00,774.49,0.63,0.35,0.28,1
624351.88,1282569.75,768.48,767.00,768.48,0.63,0.36,0.28,1
624444.19,1282569.75,759.46,758.00,759.46,0.63,0.35,0.28,1
624536.44,1282569.75,759.45,758.00,759.45,0.62,0.34,0.27,1
624628.69,1282569.75,772.43,771.00,772.43,0.61,0.34,0.26,1
624721.00,1282569.75,781.41,780.00,781.41,0.63,0.36,0.28,1
624813.25,1282569.75,774.37,773.00,774.37,0.65,0.38,0.30,1
624905.56,1282569.75,762.33,761.00,762.33,0.64,0.37,0.30,1
624997.81,1282569.75,757.26,756.00,757.26,0.63,0.36,0.28,1
625090.12,1282569.75,762.17,761.00,762.17,0.61,0.35,0.27,1
625182.38,1282569.75,768.10,767.00,768.10,0.61,0.35,0.28,1
625274.69,1282569.75,765.07,764.00,765.07,0.61,0.35,0.28,1
625366.94,1282569.75,776.87,775.86,776.87,0.58,0.32,0.25,1
625459.19,1282569.75,-9999.00,-9999.00,-9999.00,0.71,0.71,0.71,0
614385.88,1282477.38,-9999.00,-9999.00,-9999.00,0.71,0.71,0.71,0
614478.12,1282477.38,750.03,749.00,750.03,0.30,0.05,-0.02,1
614570.44,1282477.38,753.06,752.00,753.06,0.62,0.36,0.29,1
614662.69,1282477.38,758.00,757.00,758.00,0.61,0.35,0.28,1
614755.00,1282477.38,761.01,760.00,761.01,0.61,0.36,0.29,1
614847.25,1282477.38,762.07,761.00,762.07,0.62,0.36,0.28,1
614939.56,1282477.38,767.21,766.00,767.21,0.61,0.35,0.27,1
615031.81,1282477.38,774.36,773.00,774.36,0.60,0.33,0.25,1
615124.12,1282477.38,785.48,784.00,785.48,0.60,0.33,0.25,1
615216.38,1282477.38,783.56,782.00,783.56,0.62,0.34,0.26,1
615308.62,1282477.38,780.61,779.00,780.61,0.63,0.35,0.27,1
615400.94,1282477.38,788.64,787.00,788.64,0.63,0.35,0.27,1
615493.19,1282477.38,796.66,795.00,796.66,0.63,0.34,0.26,1
615585.50,1282477.38,789.68,788.00,789.68,0.62,0.34,0.26,1
615677.75,1282477.38,776.68,775.00,776.68,0.62,0.34,0.26,1
615770.06,1282477.38,775.69,774.00,775.69,0.62,0.34,0.26,1
615862.31,1282477.38,788.69,787.00,788.69,0.63,0.34,0.26,1
615954.62,1282477.38,787.69,786.00,787.69,0.63,0.35,0.27,1
616046.88,1282477.38,774.70,773.00,774.70,0.64,0.36,0.28,1
616139.12,1282477.38,760.70,759.00,760.70,0.62,0.34,0.26,1
616231.44,1282477.38,764.69,763.00,764.69,0.61,0.32,0.24,1
616323.69,1282477.38,769.69,768.00,769.69,0.61,0.33,0.25,1
616416.00,1282477.38,770.69,769.00,770.69,0.61,0.33,0.25,1
616508.25,1282477.38,777.68,776.00,777.68,0.61,0.33,0.25,1
616600.56,1282477.38,775.67,774.00,775.67,0.62,0.34,0.26,1
616692.81,1282477.38,761.67,760.00,761.67,0.62,0.34,0.26,1
616785.12,1282477.38,770.66,769.00,770.66,0.61,0.33,0.25,1
616877.38,1282477.38,780.65,779.00,780.65,0.62,0.34,0.26,1
616969.62,1282477.38,779.63,778.00,779.63,0.62,0.34,0.26,1
617061.94,1282477.38,769.61,768.00,769.61,0.62,0.35,0.27,1
617154.19,1282477.38,757.58,756.00,757.58,0.63,0.35,0.27,1
617246.50,1282477.38,753.56,752.00,753.56,0.62,0.34,0.26,1
617338.75,1282477.38,751.54,750.00,751.54,0.63,0.35,0.27,1
617431.06,1282477.38,746.53,745.00,746.53,0.63,0.35,0.27,1
617523.31,1282477.38,744.52,743.00,744.52,0.62,0.35,0.27,1
617615.62,1282477.38,749.52,748.00,749.52,0.62,0.35,0.27,1
617707.88,1282477.38,748.52,747.00,748.52,0.62,0.35,0.27,1
617800.12,1282477.38,748.52,747.00,748.52,0.62,0.35,0.27,1
617892.44,1282477.38,748.52,747.00,748.52,0.62,0.35,0.27,1
617984.69,1282477.38,744.52,743.00,744.52,0.62,0.35,0.27,1
618077.00,1282477.38,746.51,745.00,746.51,0.62,0.34,0.26,1
618169.25,1282477.38,748.51,747.00,748.51,0.61,0.34,0.26,1
618261.56,1282477.38,750.50,749.00,750.50,0.61,0.34,0.26,1
618353.81,1282477.38,761.49,760.00,761.49,0.61,0.33,0.25,1
618446.12,1282477.38,771.48,770.00,771.48,0.60,0.33,0.25,1
618538.38,1282477.38,775.48,774.00,775.48,0.62,0.35,0.27,1
618630.62,1282477.38,763.47,762.00,763.47,0.63,0.36,0.28,1
618722.94,1282477.38,753.47,752.00,753.47,0.62,0.35,0.27,1
618815.19,1282477.38,755.47,754.00,755.47,0.61,0.34,0.26,1
618907.50,1282477.38,758.47,757.00,758.47,0.61,0.33,0.25,1
618999.75,1282477.38,769.48,768.00,769.48,0.60,0.32,0.24,1
619092.06,1282477.38,784.50,783.00,784.50,0.60,0.32,0.24,1
619184.31,1282477.38,797.53,796.00,797.53,0.60,0.33,0.25,1
619276.62,1282477.38,808.55,807.00,808.55,0.60,0.33,0.25,1
619368.88,1282477.38,823.57,822.00,823.57,0.60,0.32,0.24,1
619461.19,1282477.38,839.57,838.00,839.57,0.60,0.32,0.24,1
619553.44,1282477.38,861.57,860.00,861.57,0.60,0.32,0.24,1
619645.69,1282477.38,887.55,886.00,887.55,0.60,0.32,0.25,1
619738.00,1282477.38,904.50,903.00,904.50,0.61,0.33,0.25,1
619830.25,1282477.38,923.47,922.00,923.47,0.60,0.33,0.25,1
619922.56,1282477.38,946.46,945.00,946.46,0.61,0.33,0.26,1
620014.81,1282477.38,963.47,962.00,963.47,0.61,0.33,0.26,1
620107.12,1282477.38,986.51,985.00,986.51,0.62,0.34,0.26,1
620199.38,1282477.38,1001.60,1000.00,1001.60,0.63,0.36,0.28,1
620291.69,1282477.38,1007.71,1006.00,1007.71,0.64,0.35,0.27,1
620383.94,1282477.38,1019.76,1018.00,1019.76,0.63,0.34,0.26,1
620476.19,1282477.38,1038.74,1037.00,1038.74,0.62,0.34,0.25,1
620568.50,1282477.38,1060.66,1059.00,1060.66,0.61,0.33,0.25,1
620660.75,1282477.38,1079.58,1078.00,1079.58,0.60,0.32,0.24,1
620753.06,1282477.38,1109.44,1108.00,1109.44,0.58,0.30,0.23,1
620845.31,1282477.38,1155.85,1155.00,1155.85,0.56,0.31,0.24,1
620937.62,1282477.38,1197.20,1197.00,1197.20,0.53,0.34,0.29,1
621029.88,1282477.38,1247.03,1247.00,1247.03,0.55,0.41,0.30,1
621122.19,1282477.38,1284.01,1284.00,1284.01,0.56,0.42,0.31,1
621214.44,1282477.38,1318.00,1318.00,1318.00,0.59,0.45,0.34,1
621306.69,1282477.38,1333.00,1333.00,1333.00,0.68,0.54,0.44,1
621399.00,1282477.38,1337.01,1337.00,1337.01,0.71,0.57,0.47,1
621491.25,1282477.38,1345.01,1345.00,1345.01,0.71,0.57,0.46,1
621583.56,1282477.38,1356.01,1356.00,1356.01,0.74,0.60,0.49,1
621675.81,1282477.38,1359.01,1359.00,1359.01,0.79,0.65,0.55,1
621768.12,1282477.38,1342.01,1342.00,1342.01,0.85,0.71,0.61,1
621860.38,1282477.38,1301.01,1301.00,1301.01,0.87,0.73,0.63,1
621952.69,1282477.38,1242.00,1242.00,1242.00,0.87,0.73,0.63,1
622044.94,1282477.38,1171.00,1171.00,1171.00,0.85,0.71,0.61,1
622137.19,1282477.38,1112.00,1112.00,1112.00,0.84,0.70,0.59,1
622229.50,1282477.38,1067.00,1067.00,1067.00,0.83,0.69,0.58,1
622321.75,1282477.38,1021.03,1021.00,1021.03,0.84,0.70,0.60,1
622414.06,1282477.38,979.35,979.00,979.35,0.73,0.53,0.47,1
622506.31,1282477.38,948.44,947.00,948.44,0.67,0.40,0.32,1
622598.62,1282477.38,915.48,913.00,915.48,0.64,0.33,0.25,1
622690.88,1282477.38,886.81,884.00,886.81,0.63,0.32,0.23,1
622783.19,1282477.38,860.87,858.00,860.87,0.62,0.31,0.22,1
622875.44,1282477.38,836.84,834.00,836.84,0.62,0.31,0.22,1
622967.69,1282477.38,819.76,817.00,819.76,0.61,0.30,0.21,1
623060.00,1282477.38,807.63,805.00,807.63,0.61,0.30,0.22,1
623152.25,1282477.38,798.44,796.00,798.44,0.61,0.31,0.22,1
623244.56,1282477.38,797.24,795.00,797.24,0.61,0.31,0.22,1
623336.81,1282477.38,802.07,800.00,802.07,0.61,0.32,0.24,1
623429.12,1282477.38,796.93,795.00,796.93,0.63,0.34,0.26,1
623521.38,1282477.38,783.83,782.00,783.83,0.63,0.35,0.26,1
623613.69,1282477.38,779.74,778.00,779.74,0.62,0.34,0.26,1
623705.94,1282477.38,783.68,782.00,783.68,0.62,0.34,0.26,1
623798.19,1282477.38,781.63,780.00,781.63,0.62,0.34,0.26,1
623890.50,1282477.38,774.60,773.00,774.60,0.62,0.35,0.27,1
623982.75,1282477.38,768.57,767.00,768.57,0.62,0.34,0.26,1
624075.06,1282477.38,770.55,769.00,770.55,0.62,0.34,0.26,1
624167.31,1282477.38,773.53,772.00,773.53,0.61,0.34,0.26,1
624259.62,1282477.38,774.51,773.00,774.51,0.62,0.34,0.26,1
624351.88,1282477.38,769.49,768.00,769.49,0.63,0.35,0.27,1
624444.19,1282477.38,761.48,760.00,761.48,0.63,0.35,0.27,1
624536.44,1282477.38,760.46,759.00,760.46,0.62,0.34,0.27,1
624628.69,1282477.38,769.45,768.00,769.45,0.61,0.33,0.25,1
624721.00,1282477.38,783.42,782.00,783.42,0.61,0.34,0.26,1
624813.25,1282477.38,784.39,783.00,784.39,0.64,0.37,0.29,1
624905.56,1282477.38,770.34,769.00,770.34,0.65,0.38,0.30,1
624997.81,1282477.38,759.27,758.00,759.27,0.64,0.37,0.30,1
625090.12,1282477.38,757.17,756.00,757.17,0.62,0.36,0.29,1
625182.38,1282477.38,758.08,757.00,758.08,0.62,0.36,0.29,1
625274.69,1282477.38,759.04,758.00,759.04,0.61,0.36,0.29,1
625366.94,1282477.38,773.62,772.62,773.62,0.58,0.32,0.25,1
625459.19,1282477.38,-9999.00,-9999.00,-9999.00,0.71,0.71,0.71,0
614385.88,1282385.12,-9999.00,-9999.00,-9999.00,0.71,0.71,0.71,0
614478.12,1282385.12,754.06,753.00,754.06,0.31,0.05,-0.02,1
614570.44,1282385.12,754.09,753.00,754.09,0.63,0.38,0.30,1
614662.69,1282385.12,754.08,753.00,754.08,0.62,0.37,0.29,1
614755.00,1282385.12,761.10,760.00,761.10,0.62,0.36,0.29,1
614847.25,1282385.12,766.17,765.00,766.17,0.62,0.36,0.29,1
614939.56,1282385.12,769.28,768.00,769.28,0.63,0.36,0.29,1
615031.81,1282385.12,770.41,769.00,770.41,0.63,0.35,0.28,1
615124.12,1282385.12,774.50,773.00,774.50,0.61,0.34,0.26,1
615216.38,1282385.12,777.57,776.00,777.57,0.61,0.33,0.25,1
615308.62,1282385.12,790.62,789.00,790.62,0.61,0.33,0.25,1
615400.94,1282385.12,803.64,802.00,803.64,0.63,0.34,0.26,1
615493.19,1282385.12,797.66,796.00,797.66,0.63,0.35,0.27,1
615585.50,1282385.12,779.68,778.00,779.68,0.62,0.34,0.26,1
615677.75,1282385.12,770.69,769.00,770.69,0.62,0.34,0.26,1
615770.06,1282385.12,780.69,779.00,780.69,0.61,0.33,0.25,1
615862.31,1282385.12,796.69,795.00,796.69,0.62,0.34,0.26,1
615954.62,1282385.12,790.69,789.00,790.69,0.63,0.35,0.27,1
616046.88,1282385.12,776.70,775.00,776.70,0.63,0.35,0.27,1
616139.12,1282385.12,760.70,759.00,760.70,0.63,0.35,0.27,1
616231.44,1282385.12,759.69,758.00,759.69,0.62,0.34,0.26,1
616323.69,1282385.12,762.69,761.00,762.69,0.62,0.33,0.25,1
616416.00,1282385.12,765.69,764.00,765.69,0.62,0.34,0.26,1
616508.25,1282385.12,769.68,768.00,769.68,0.62,0.34,0.26,1
616600.56,1282385.12,766.68,765.00,766.68,0.62,0.34,0.26,1
616692.81,1282385.12,761.67,760.00,761.67,0.62,0.34,0.26,1
616785.12,1282385.12,774.66,773.00,774.66,0.61,0.33,0.25,1
616877.38,1282385.12,782.65,781.00,782.65,0.63,0.35,0.27,1
616969.62,1282385.12,765.63,764.00,765.63,0.62,0.34,0.26,1
617061.94,1282385.12,760.61,759.00,760.61,0.62,0.34,0.26,1
617154.19,1282385.12,760.59,759.00,760.59,0.63,0.35,0.27,1
617246.50,1282385.12,757.57,756.00,757.57,0.63,0.35,0.27,1
617338.75,1282385.12,759.55,758.00,759.55,0.63,0.36,0.28,1
617431.06,1282385.12,753.54,752.00,753.54,0.63,0.36,0.28,1
617523.31,1282385.12,750.53,749.00,750.53,0.63,0.35,0.28,1
617615.62,1282385.12,754.53,753.00,754.53,0.63,0.35,0.27,1
617707.88,1282385.12,750.53,749.00,750.53,0.63,0.35,0.27,1
617800.12,1282385.12,746.53,745.00,746.53,0.62,0.35,0.27,1
617892.44,1282385.12,747.53,746.00,747.53,0.62,0.34,0.27,1
617984.69,1282385.12,748.54,747.00,748.54,0.63,0.35,0.27,1
618077.00,1282385.12,748.54,747.00,748.54,0.62,0.35,0.27,1
618169.25,1282385.12,746.54,745.00,746.54,0.62,0.34,0.27,1
618261.56,1282385.12,747.54,746.00,747.54,0.62,0.34,0.26,1
618353.81,1282385.12,753.53,752.00,753.53,0.61,0.33,0.25,1
618446.12,1282385.12,758.52,757.00,758.52,0.61,0.33,0.25,1
618538.38,1282385.12,761.52,760.00,761.52,0.61,0.33,0.25,1
618630.62,1282385.12,755.52,754.00,755.52,0.62,0.34,0.27,1
618722.94,1282385.12,747.52,746.00,747.52,0.62,0.35,0.27,1
618815.19,1282385.12,751.52,750.00,751.52,0.61,0.34,0.26,1
618907.50,1282385.12,757.52,756.00,757.52,0.61,0.34,0.26,1
618999.75,1282385.12,766.53,765.00,766.53,0.60,0.33,0.25,1
619092.06,1282385.12,780.54,779.00,780.54,0.60,0.32,0.24,1
619184.31,1282385.12,794.55,793.00,794.55,0.60,0.32,0.24,1
619276.62,1282385.12,809.57,808.00,809.57,0.60,0.32,0.24,1
619368.88,1282385.12,823.58,822.00,823.58,0.60,0.32,0.24,1
619461.19,1282385.12,844.58,843.00,844.58,0.59,0.31,0.23,1
619553.44,1282385.12,868.58,867.00,868.58,0.59,0.31,0.23,1
619645.69,1282385.12,898.55,897.00,898.55,0.59,0.31,0.23,1
619738.00,1282385.12,918.47,917.00,918.47,0.60,0.33,0.25,1
619830.25,1282385.12,938.37,937.00,938.37,0.61,0.34,0.26,1
619922.56,1282385.12,961.31,960.00,961.31,0.61,0.34,0.27,1
620014.81,1282385.12,979.29,978.00,979.29,0.61,0.34,0.27,1
620107.12,1282385.12,1006.31,1005.00,1006.31,0.61,0.34,0.26,1
620199.38,1282385.12,1031.35,1030.00,1031.35,0.62,0.35,0.27,1
620291.69,1282385.12,1048.38,1047.00,1048.38,0.63,0.36,0.29,1
620383.94,1282385.12,1060.36,1059.00,1060.36,0.64,0.37,0.29,1
620476.19,1282385.12,1076.32,1075.00,1076.32,0.64,0.37,0.30,1
620568.50,1282385.12,1084.28,1083.00,1084.28,0.64,0.37,0.30,1
620660.75,1282385.12,1097.22,1096.00,1097.22,0.63,0.36,0.29,1
620753.06,1282385.12,1122.08,1121.00,1122.08,0.60,0.34,0.27,1
620845.31,1282385.12,1156.64,1156.00,1156.64,0.55,0.32,0.25,1
620937.62,1282385.12,1200.19,1200.00,1200.19,0.50,0.32,0.27,1
621029.88,1282385.12,1248.04,1248.00,1248.04,0.50,0.36,0.25,1
621122.19,1282385.12,1278.01,1278.00,1278.01,0.53,0.39,0.28,1
621214.44,1282385.12,1299.01,1299.00,1299.01,0.52,0.38,0.28,1
621306.69,1282385.12,1317.01,1317.00,1317.01,0.56,0.42,0.31,1
621399.00,1282385.12,1328.01,1328.00,1328.01,0.60,0.46,0.36,1
621491.25,1282385.12,1345.01,1345.00,1345.01,0.61,0.47,0.36,1
621583.56,1282385.12,1370.01,1370.00,1370.01,0.62,0.48,0.37,1
621675.81,1282385.12,1382.01,1382.00,1382.01,0.70,0.56,0.46,1
621768.12,1282385.12,1372.01,1372.00,1372.01,0.80,0.66,0.55,1
621860.38,1282385.12,1334.01,1334.00,1334.01,0.85,0.71,0.61,1
621952.69,1282385.12,1273.00,1273.00,1273.00,0.86,0.72,0.61,1
622044.94,1282385.12,1198.00,1198.00,1198.00,0.86,0.72,0.62,1
622137.19,1282385.12,1134.00,1134.00,1134.00,0.86,0.72,0.62,1
622229.50,1282385.12,1082.00,1082.00,1082.00,0.85,0.71,0.61,1
622321.75,1282385.12,1039.01,1039.00,1039.01,0.84,0.70,0.60,1
622414.06,1282385.12,1001.10,1001.00,1001.10,0.77,0.61,0.56,1
622506.31,1282385.12,967.62,967.00,967.62,0.70,0.47,0.41,1
622598.62,1282385.12,929.68,928.00,929.68,0.66,0.38,0.30,1
622690.88,1282385.12,896.45,894.00,896.45,0.64,0.33,0.25,1
622783.19,1282385.12,867.73,865.00,867.73,0.63,0.32,0.23,1
622875.44,1282385.12,837.81,835.00,837.81,0.63,0.32,0.23,1
622967.69,1282385.12,809.78,807.00,809.78,0.62,0.31,0.22,1
623060.00,1282385.12,794.70,792.00,794.70,0.62,0.31,0.22,1
623152.25,1282385.12,785.56,783.00,785.56,0.61,0.30,0.22,1
623244.56,1282385.12,788.38,786.00,788.38,0.60,0.30,0.21,1
623336.81,1282385.12,798.18,796.00,798.18,0.61,0.31,0.23,1
623429.12,1282385.12,797.01,795.00,797.01,0.62,0.33,0.24,1
623521.38,1282385.12,787.88,786.00,787.88,0.63,0.34,0.26,1
623613.69,1282385.12,783.78,782.00,783.78,0.62,0.34,0.26,1
623705.94,1282385.12,783.70,782.00,783.70,0.62,0.34,0.26,1
623798.19,1282385.12,777.65,776.00,777.65,0.63,0.35,0.27,1
623890.50,1282385.12,767.61,766.00,767.61,0.62,0.35,0.27,1
623982.75,1282385.12,761.58,760.00,761.58,0.62,0.34,0.26,1
624075.06,1282385.12,764.56,763.00,764.56,0.61,0.34,0.26,1
624167.31,1282385.12,765.54,764.00,765.54,0.62,0.34,0.26,1
624259.62,1282385.12,763.52,762.00,763.52,0.62,0.34,0.26,1
624351.88,1282385.12,761.51,760.00,761.51,0.62,0.34,0.26,1
624444.19,1282385.12,758.49,757.00,758.49,0.62,0.35,0.27,1
624536.44,1282385.12,759.48,758.00,759.48,0.62,0.34,0.27,1
624628.69,1282385.12,767.46,766.00,767.46,0.61,0.33,0.26,1
624721.00,1282385.12,781.44,780.00,781.44,0.61,0.33,0.25,1
624813.25,1282385.12,789.40,788.00,789.40,0.62,0.35,0.27,1
624905.56,1282385.12,780.35,779.00,780.35,0.64,0.37,0.29,1
624997.81,1282385.12,764.28,763.00,764.28,0.64,0.37,0.30,1
625090.12,1282385.12,757.18,756.00,757.18,0.63,0.37,0.29,1
625182.38,1282385.12,757.08,756.00,757.08,0.62,0.37,0.29,1
625274.69,1282385.12,763.01,762.00,763.01,0.62,0.37,0.30,1
625366.94,1282385.12,770.37,769.37,770.37,0.58,0.32,0.25,1
625459.19,1282385.12,-9999.00,-9999.00,-9999.00,0.71,0.71,0.71,0
614385.88,1282292.88,-9999.00,-9999.00,-9999.00,0.71,0.71,0.71,0
614478.12,1282292.88,769.07,768.00,769.07,0.31,0.06,-0.02,1
614570.44,1282292.88,764.11,763.00,764.11,0.65,0.39,0.32,1
614662.69,1282292.88,759.12,758.00,759.12,0.64,0.38,0.31,1
614755.00,1282292.88,761.16,760.00,761.16,0.62,0.36,0.28,1
614847.25,1282292.88,768.23,767.00,768.23,0.61,0.35,0.27,1
614939.56,1282292.88,777.34,776.00,777.34,0.62,0.35,0.28,1
615031.81,1282292.88,783.45,782.00,783.45,0.63,0.36,0.28,1
615124.12,1282292.88,777.53,776.00,777.53,0.63,0.36,0.28,1
615216.38,1282292.88,777.58,776.00,777.58,0.62,0.34,0.26,1
615308.62,1282292.88,791.62,790.00,791.62,0.61,0.33,0.25,1
615400.94,1282292.88,803.65,802.00,803.65,0.62,0.34,0.26,1
615493.19,1282292.88,790.67,789.00,790.67,0.63,0.34,0.26,1
615585.50,1282292.88,772.68,771.00,772.68,0.62,0.34,0.26,1
615677.75,1282292.88,774.69,773.00,774.69,0.62,0.33,0.25,1
615770.06,1282292.88,789.69,788.00,789.69,0.61,0.33,0.25,1
615862.31,1282292.88,798.69,797.00,798.69,0.62,0.34,0.26,1
615954.62,1282292.88,786.69,785.00,786.69,0.63,0.35,0.27,1
616046.88,1282292.88,772.70,771.00,772.70,0.63,0.35,0.26,1
616139.12,1282292.88,764.70,763.00,764.70,0.63,0.35,0.27,1
616231.44,1282292.88,764.69,763.00,764.69,0.63,0.35,0.27,1
616323.69,1282292.88,766.69,765.00,766.69,0.62,0.34,0.26,1
616416.00,1282292.88,775.69,774.00,775.69,0.62,0.34,0.26,1
616508.25,1282292.88,777.69,776.00,777.69,0.63,0.35,0.27,1
616600.56,1282292.88,769.68,768.00,769.68,0.63,0.35,0.27,1
616692.81,1282292.88,766.67,765.00,766.67,0.62,0.34,0.26,1
616785.12,1282292.88,778.66,777.00,778.66,0.61,0.33,0.25,1
616877.38,1282292.88,782.65,781.00,782.65,0.63,0.35,0.27,1
616969.62,1282292.88,756.63,755.00,756.63,0.63,0.35,0.27,1
617061.94,1282292.88,762.61,761.00,762.61,0.62,0.34,0.26,1
617154.19,1282292.88,771.59,770.00,771.59,0.63,0.35,0.27,1
617246.50,1282292.88,766.57,765.00,766.57,0.63,0.35,0.27,1
617338.75,1282292.88,768.56,767.00,768.56,0.63,0.36,0.28,1
617431.06,1282292.88,760.55,759.00,760.55,0.63,0.36,0.28,1
617523.31,1282292.88,762.54,761.00,762.54,0.63,0.36,0.28,1
617615.62,1282292.88,760.54,759.00,760.54,0.63,0.35,0.28,1
617707.88,1282292.88,748.54,747.00,748.54,0.63,0.35,0.27,1
617800.12,1282292.88,745.54,744.00,745.54,0.63,0.35,0.27,1
617892.44,1282292.88,748.55,747.00,748.55,0.62,0.34,0.27,1
617984.69,1282292.88,753.55,752.00,753.55,0.63,0.35,0.27,1
618077.00,1282292.88,749.55,748.00,749.55,0.63,0.35,0.27,1
618169.25,1282292.88,745.56,744.00,745.56,0.62,0.34,0.27,1
618261.56,1282292.88,746.56,745.00,746.56,0.62,0.34,0.26,1
618353.81,1282292.88,749.56,748.00,749.56,0.61,0.34,0.26,1
618446.12,1282292.88,752.56,751.00,752.56,0.62,0.34,0.26,1
618538.38,1282292.88,750.56,749.00,750.56,0.62,0.34,0.27,1
618630.62,1282292.88,747.56,746.00,747.56,0.63,0.35,0.27,1
618722.94,1282292.88,747.56,746.00,747.56,0.62,0.35,0.27,1
618815.19,1282292.88,752.56,751.00,752.56,0.62,0.34,0.26,1
618907.50,1282292.88,759.56,758.00,759.56,0.61,0.34,0.26,1
618999.75,1282292.88,764.57,763.00,764.57,0.61,0.33,0.25,1
619092.06,1282292.88,773.58,772.00,773.58,0.60,0.32,0.24,1
619184.31,1282292.88,785.58,784.00,785.58,0.59,0.31,0.23,1
619276.62,1282292.88,803.60,802.00,803.60,0.59,0.31,0.23,1
619368.88,1282292.88,818.61,817.00,818.61,0.59,0.31,0.24,1
619461.19,1282292.88,836.61,835.00,836.61,0.58,0.30,0.22,1
619553.44,1282292.88,861.61,860.00,861.61,0.57,0.29,0.21,1
619645.69,1282292.88,886.57,885.00,886.57,0.57,0.29,0.21,1
619738.00,1282292.88,914.45,913.00,914.45,0.58,0.30,0.22,1
619830.25,1282292.88,943.26,942.00,943.26,0.58,0.32,0.24,1
619922.56,1282292.88,972.11,971.00,972.11,0.59,0.33,0.25,1
620014.81,1282292.88,1000.00,999.00,1000.00,0.60,0.34,0.27,1
620107.12,1282292.88,1022.93,1022.00,1022.93,0.60,0.35,0.28,1
620199.38,1282292.88,1044.89,1044.00,1044.89,0.59,0.34,0.27,1
620291.69,1282292.88,1074.81,1074.00,1074.81,0.59,0.35,0.28,1
620383.94,1282292.88,1100.73,1100.00,1100.73,0.62,0.38,0.32,1
620476.19,1282292.88,1116.71,1116.00,1116.71,0.65,0.41,0.35,1
620568.50,1282292.88,1123.74,1123.00,1123.74,0.66,0.42,0.35,1
620660.75,1282292.88,1130.75,1130.00,1130.75,0.65,0.41,0.35,1
620753.06,1282292.88,1140.70,1140.00,1140.70,0.64,0.40,0.33,1
620845.31,1282292.88,1157.49,1157.00,1157.49,0.59,0.37,0.31,1
620937.62,1282292.88,1191.22,1191.00,1191.22,0.53,0.34,0.29,1
621029.88,1282292.88,1223.09,1223.00,1223.09,0.50,0.36,0.25,1
621122.19,1282292.88,1244.03,1244.00,1244.03,0.50,0.36,0.25,1
621214.44,1282292.88,1265.01,1265.00,1265.01,0.49,0.35,0.25,1
621306.69,1282292.88,1286.01,1286.00,1286.01,0.49,0.35,0.24,1
621399.00,1282292.88,1312.01,1312.00,1312.01,0.51,0.37,0.27,1
621491.25,1282292.88,1337.01,1337.00,1337.01,0.56,0.42,0.31,1
621583.56,1282292.88,1350.01,1350.00,1350.01,0.55,0.41,0.31,1
621675.81,1282292.88,1360.01,1360.00,1360.01,0.57,0.43,0.32,1
621768.12,1282292.88,1360.01,1360.00,1360.01,0.66,0.52,0.41,1
621860.38,1282292.88,1338.01,1338.00,1338.01,0.80,0.66,0.55,1
621952.69,1282292.88,1286.00,1286.00,1286.00,0.85,0.71,0.60,1
622044.94,1282292.88,1220.00,1220.00,1220.00,0.85,0.71,0.61,1
622137.19,1282292.88,1163.00,1163.00,1163.00,0.86,0.72,0.61,1
622229.50,1282292.88,1107.00,1107.00,1107.00,0.85,0.71,0.61,1
622321.75,1282292.88,1054.00,1054.00,1054.00,0.83,0.69,0.59,1
622414.06,1282292.88,1014.03,1014.00,1014.03,0.82,0.68,0.58,1
622506.31,1282292.88,978.22,978.00,978.22,0.73,0.54,0.49,1
622598.62,1282292.88,939.89,939.00,939.89,0.68,0.44,0.37,1
622690.88,1282292.88,906.85,905.00,906.85,0.65,0.36,0.28,1
622783.19,1282292.88,881.46,879.00,881.46,0.63,0.33,0.24,1
622875.44,1282292.88,855.73,853.00,855.73,0.63,0.32,0.23,1
622967.69,1282292.88,824.77,822.00,824.77,0.63,0.32,0.23,1
623060.00,1282292.88,796.74,794.00,796.74,0.62,0.31,0.22,1
623152.25,1282292.88,781.65,779.00,781.65,0.62,0.31,0.22,1
623244.56,1282292.88,780.51,778.00,780.51,0.61,0.30,0.22,1
623336.81,1282292.88,789.29,787.00,789.29,0.60,0.30,0.22,1
623429.12,1282292.88,792.08,790.00,792.08,0.61,0.32,0.24,1
623521.38,1282292.88,786.92,785.00,786.92,0.62,0.33,0.25,1
623613.69,1282292.88,782.80,781.00,782.80,0.62,0.33,0.25,1
623705.94,1282292.88,781.72,780.00,781.72,0.62,0.34,0.26,1
623798.19,1282292.88,775.66,774.00,775.66,0.63,0.35,0.27,1
623890.50,1282292.88,766.62,765.00,766.62,0.63,0.35,0.27,1
623982.75,1282292.88,760.59,759.00,760.59,0.63,0.35,0.27,1
624075.06,1282292.88,760.57,759.00,760.57,0.62,0.34,0.27,1
624167.31,1282292.88,761.55,760.00,761.55,0.62,0.35,0.27,1
624259.62,1282292.88,759.54,758.00,759.54,0.62,0.35,0.27,1
624351.88,1282292.88,758.52,757.00,758.52,0.62,0.35,0.27,1
624444.19,1282292.88,757.51,756.00,757.51,0.62,0.35,0.27,1
624536.44,1282292.88,761.50,760.00,761.50,0.62,0.34,0.26,1
624628.69,1282292.88,768.48,767.00,768.48,0.62,0.34,0.26,1
624721.00,1282292.88,776.46,775.00,776.46,0.61,0.34,0.26,1
624813.25,1282292.88,782.42,781.00,782.42,0.62,0.34,0.27,1
624905.56,1282292.88,774.38,773.00,774.38,0.63,0.36,0.28,1
624997.81,1282292.88,763.31,762.00,763.31,0.63,0.36,0.29,1
625090.12,1282292.88,758.21,757.00,758.21,0.63,0.37,0.29,1
625182.38,1282292.88,759.10,758.00,759.10,0.63,0.37,0.30,1
625274.69,1282292.88,765.03,764.00,765.03,0.62,0.36,0.29,1
625366.94,1282292.88,772.14,771.12,772.14,0.58,0.32,0.25,1
625459.19,1282292.88,-9999.00,-9999.00,-9999.00,0.71,0.71,0.71,0
614385.88,1282200.62,-9999.00,-9999.00,-9999.00,0.71,0.71,0.71,0
614478.12,1282200.62,788.07,787.00,788.07,0.31,0.06,-0.02,1
614570.44,1282200.62,782.12,781.00,782.12,0.66,0.40,0.32,1
614662.69,1282200.62,770.14,769.00,770.14,0.65,0.39,0.32,1
614755.00,1282200.62,761.19,760.00,761.19,0.63,0.37,0.30,1
614847.25,1282200.62,766.28,765.00,766.28,0.61,0.34,0.27,1
614939.56,1282200.62,780.38,779.00,780.38,0.60,0.33,0.26,1
615031.81,1282200.62,789.48,788.00,789.48,0.61,0.34,0.26,1
615124.12,1282200.62,787.55,786.00,787.55,0.63,0.35,0.27,1
615216.38,1282200.62,785.60,784.00,785.60,0.62,0.35,0.27,1
615308.62,1282200.62,793.63,792.00,793.63,0.62,0.34,0.26,1
615400.94,1282200.62,794.65,793.00,794.65,0.62,0.34,0.26,1
615493.19,1282200.62,780.67,779.00,780.67,0.63,0.35,0.27,1
615585.50,1282200.62,769.68,768.00,769.68,0.62,0.34,0.26,1
615677.75,1282200.62,779.69,778.00,779.69,0.61,0.33,0.25,1
615770.06,1282200.62,794.69,793.00,794.69,0.61,0.33,0.25,1
615862.31,1282200.62,796.69,795.00,796.69,0.62,0.34,0.26,1
615954.62,1282200.62,782.69,781.00,782.69,0.63,0.35,0.27,1
616046.88,1282200.62,769.70,768.00,769.70,0.63,0.34,0.26,1
616139.12,1282200.62,774.70,773.00,774.70,0.63,0.35,0.26,1
616231.44,1282200.62,775.69,774.00,775.69,0.63,0.35,0.27,1
616323.69,1282200.62,769.69,768.00,769.69,0.62,0.33,0.25,1
616416.00,1282200.62,783.69,782.00,783.69,0.61,0.33,0.25,1
616508.25,1282200.62,786.69,785.00,786.69,0.63,0.34,0.26,1
616600.56,1282200.62,776.68,775.00,776.68,0.63,0.35,0.27,1
616692.81,1282200.62,773.68,772.00,773.68,0.63,0.35,0.27,1
616785.12,1282200.62,778.66,777.00,778.66,0.62,0.34,0.26,1
616877.38,1282200.62,773.65,772.00,773.65,0.62,0.34,0.26,1
616969.62,1282200.62,761.64,760.00,761.64,0.63,0.35,0.27,1
617061.94,1282200.62,770.62,769.00,770.62,0.62,0.34,0.26,1
617154.19,1282200.62,778.59,777.00,778.59,0.62,0.35,0.27,1
617246.50,1282200.62,773.58,772.00,773.58,0.63,0.35,0.27,1
617338.75,1282200.62,773.56,772.00,773.56,0.63,0.35,0.27,1
617431.06,1282200.62,769.56,768.00,769.56,0.63,0.35,0.27,1
617523.31,1282200.62,769.55,768.00,769.55,0.63,0.35,0.27,1
617615.62,1282200.62,757.55,756.00,757.55,0.63,0.35,0.27,1
617707.88,1282200.62,749.55,748.00,749.55,0.63,0.35,0.27,1
617800.12,1282200.62,753.56,752.00,753.56,0.63,0.35,0.28,1
617892.44,1282200.62,754.56,753.00,754.56,0.63,0.36,0.28,1
617984.69,1282200.62,755.56,754.00,755.56,0.63,0.36,0.28,1
618077.00,1282200.62,747.57,746.00,747.57,0.63,0.35,0.27,1
618169.25,1282200.62,743.57,742.00,743.57,0.62,0.34,0.26,1
618261.56,1282200.62,744.58,743.00,744.58,0.62,0.34,0.26,1
618353.81,1282200.62,746.59,745.00,746.59,0.62,0.35,0.27,1
618446.12,1282200.62,749.59,748.00,749.59,0.62,0.34,0.27,1
618538.38,1282200.62,757.59,756.00,757.59,0.63,0.35,0.27,1
618630.62,1282200.62,760.59,759.00,760.59,0.64,0.36,0.28,1
618722.94,1282200.62,755.59,754.00,755.59,0.64,0.36,0.28,1
618815.19,1282200.62,753.59,752.00,753.59,0.62,0.34,0.27,1
618907.50,1282200.62,757.60,756.00,757.60,0.61,0.33,0.25,1
618999.75,1282200.62,760.60,759.00,760.60,0.61,0.33,0.25,1
619092.06,1282200.62,765.61,764.00,765.61,0.61,0.33,0.25,1
619184.31,1282200.62,771.62,770.00,771.62,0.59,0.32,0.24,1
619276.62,1282200.62,792.63,791.00,792.63,0.59,0.31,0.23,1
619368.88,1282200.62,810.65,809.00,810.65,0.59,0.31,0.23,1
619461.19,1282200.62,822.67,821.00,822.67,0.59,0.31,0.23,1
619553.44,1282200.62,840.68,839.00,840.68,0.57,0.29,0.21,1
619645.69,1282200.62,870.63,869.00,870.63,0.57,0.29,0.21,1
619738.00,1282200.62,905.47,904.00,905.47,0.57,0.29,0.21,1
619830.25,1282200.62,939.21,938.00,939.21,0.57,0.30,0.23,1
619922.56,1282200.62,969.97,969.00,969.97,0.57,0.31,0.24,1
620014.81,1282200.62,994.78,994.00,994.78,0.56,0.32,0.25,1
620107.12,1282200.62,1015.63,1015.00,1015.63,0.56,0.32,0.26,1
620199.38,1282200.62,1036.52,1036.00,1036.52,0.55,0.32,0.26,1
620291.69,1282200.62,1066.44,1066.00,1066.44,0.53,0.32,0.26,1
620383.94,1282200.62,1100.39,1100.00,1100.39,0.54,0.33,0.27,1
620476.19,1282200.62,1129.39,1129.00,1129.39,0.59,0.38,0.32,1
620568.50,1282200.62,1138.43,1138.00,1138.43,0.62,0.41,0.35,1
620660.75,1282200.62,1150.45,1150.00,1150.45,0.63,0.41,0.35,1
620753.06,1282200.62,1159.44,1159.00,1159.44,0.63,0.42,0.36,1
620845.31,1282200.62,1171.37,1171.00,1171.37,0.62,0.41,0.35,1
620937.62,1282200.62,1180.23,1180.00,1180.23,0.57,0.38,0.32,1
621029.88,1282200.62,1196.12,1196.00,1196.12,0.51,0.35,0.30,1
621122.19,1282200.62,1216.05,1216.00,1216.05,0.52,0.38,0.28,1
621214.44,1282200.62,1233.02,1233.00,1233.02,0.51,0.37,0.27,1
621306.69,1282200.62,1254.01,1254.00,1254.01,0.49,0.35,0.24,1
621399.00,1282200.62,1281.01,1281.00,1281.01,0.48,0.34,0.24,1
621491.25,1282200.62,1307.01,1307.00,1307.01,0.51,0.37,0.27,1
621583.56,1282200.62,1317.01,1317.00,1317.01,0.55,0.41,0.31,1
621675.81,1282200.62,1324.02,1324.00,1324.02,0.54,0.40,0.30,1
621768.12,1282200.62,1332.01,1332.00,1332.01,0.55,0.41,0.31,1
621860.38,1282200.62,1339.01,1339.00,1339.01,0.68,0.54,0.44,1
621952.69,1282200.62,1308.00,1308.00,1308.00,0.82,0.68,0.57,1
622044.94,1282200.62,1235.00,1235.00,1235.00,0.84,0.70,0.59,1
622137.19,1282200.62,1175.00,1175.00,1175.00,0.83,0.69,0.58,1
622229.50,1282200.62,1118.00,1118.00,1118.00,0.82,0.68,0.58,1
622321.75,1282200.62,1063.00,1063.00,1063.00,0.83,0.69,0.58,1
622414.06,1282200.62,1021.01,1021.00,1021.01,0.82,0.68,0.58,1
622506.31,1282200.62,985.07,985.00,985.07,0.83,0.69,0.58,1
622598.62,1282200.62,948.36,948.00,948.36,0.73,0.52,0.46,1
622690.88,1282200.62,912.12,911.00,912.12,0.68,0.42,0.34,1
622783.19,1282200.62,884.01,882.00,884.01,0.64,0.35,0.27,1
622875.44,1282200.62,855.58,853.00,855.58,0.63,0.32,0.24,1
622967.69,1282200.62,823.77,821.00,823.77,0.62,0.31,0.22,1
623060.00,1282200.62,799.79,797.00,799.79,0.62,0.31,0.22,1
623152.25,1282200.62,786.75,784.00,786.75,0.62,0.31,0.22,1
623244.56,1282200.62,779.61,777.00,779.61,0.61,0.31,0.22,1
623336.81,1282200.62,782.36,780.00,782.36,0.61,0.31,0.22,1
623429.12,1282200.62,787.12,785.00,787.12,0.61,0.32,0.23,1
623521.38,1282200.62,782.95,781.00,782.95,0.62,0.33,0.25,1
623613.69,1282200.62,777.82,776.00,777.82,0.62,0.33,0.25,1
623705.94,1282200.62,775.74,774.00,775.74,0.62,0.34,0.25,1
623798.19,1282200.62,773.67,772.00,773.67,0.62,0.34,0.26,1
623890.50,1282200.62,769.63,768.00,769.63,0.63,0.35,0.27,1
623982.75,1282200.62,766.60,765.00,766.60,0.63,0.35,0.27,1
624075.06,1282200.62,765.58,764.00,765.58,0.63,0.35,0.27,1
624167.31,1282200.62,765.56,764.00,765.56,0.63,0.35,0.27,1
624259.62,1282200.62,764.55,763.00,764.55,0.63,0.35,0.27,1
624351.88,1282200.62,763.54,762.00,763.54,0.63,0.35,0.27,1
624444.19,1282200.62,759.53,758.00,759.53,0.62,0.35,0.27,1
624536.44,1282200.62,763.51,762.00,763.51,0.62,0.34,0.26,1
624628.69,1282200.62,771.50,770.00,771.50,0.62,0.34,0.26,1
624721.00,1282200.62,775.48,774.00,775.48,0.62,0.35,0.27,1
624813.25,1282200.62,775.45,774.00,775.45,0.62,0.35,0.27,1
624905.56,1282200.62,768.41,767.00,768.41,0.63,0.35,0.28,1
624997.81,1282200.62,760.35,759.00,760.35,0.63,0.36,0.28,1
625090.12,1282200.62,760.26,759.00,760.26,0.63,0.36,0.29,1
625182.38,1282200.62,765.16,764.00,765.16,0.63,0.37,0.30,1
625274.69,1282200.62,766.08,765.00,766.08,0.62,0.37,0.29,1
625366.94,1282200.62,778.90,777.87,778.90,0.58,0.32,0.25,1
625459.19,1282200.62,-9999.00,-9999.00,-9999.00,0.71,0.71,0.71,0
614385.88,1282108.38,-9999.00,-9999.00,-9999.00,0.71,0.71,0.71,0
614478.12,1282108.38,802.08,801.00,802.08,0.31,0.06,-0.02,1
614570.44,1282108.38,794.14,793.00,794.14,0.65,0.39,0.32,1
614662.69,1282108.38,781.15,780.00,781.15,0.65,0.39,0.32,1
614755.00,1282108.38,767.22,766.00,767.22,0.64,0.38,0.30,1
614847.25,1282108.38,764.30,763.00,764.30,0.62,0.35,0.28,1
614939.56,1282108.38,771.41,770.00,771.41,0.61,0.33,0.26,1
615031.81,1282108.38,776.50,775.00,776.50,0.60,0.33,0.25,1
615124.12,1282108.38,785.56,784.00,785.56,0.61,0.33,0.25,1
615216.38,1282108.38,790.61,789.00,790.61,0.62,0.34,0.26,1
615308.62,1282108.38,800.64,799.00,800.64,0.63,0.35,0.27,1
615400.94,1282108.38,798.66,797.00,798.66,0.64,0.35,0.27,1
615493.19,1282108.38,781.68,780.00,781.68,0.64,0.36,0.28,1
615585.50,1282108.38,773.68,772.00,773.68,0.63,0.35,0.27,1
615677.75,1282108.38,777.69,776.00,777.69,0.62,0.33,0.25,1
615770.06,1282108.38,788.69,787.00,788.69,0.61,0.33,0.25,1
615862.31,1282108.38,787.69,786.00,787.69,0.62,0.34,0.26,1
615954.62,1282108.38,776.69,775.00,776.69,0.63,0.34,0.26,1
616046.88,1282108.38,775.70,774.00,775.70,0.62,0.34,0.26,1
616139.12,1282108.38,786.70,785.00,786.70,0.63,0.34,0.26,1
616231.44,1282108.38,781.69,780.00,781.69,0.63,0.35,0.27,1
616323.69,1282108.38,768.69,767.00,768.69,0.63,0.35,0.27,1
616416.00,1282108.38,775.69,774.00,775.69,0.61,0.33,0.25,1
616508.25,1282108.38,779.69,778.00,779.69,0.61,0.33,0.25,1
616600.56,1282108.38,778.68,777.00,778.68,0.62,0.34,0.26,1
616692.81,1282108.38,780.68,779.00,780.68,0.63,0.35,0.27,1
616785.12,1282108.38,779.67,778.00,779.67,0.63,0.35,0.27,1
616877.38,1282108.38,770.65,769.00,770.65,0.62,0.34,0.26,1
616969.62,1282108.38,781.64,780.00,781.64,0.63,0.35,0.27,1
617061.94,1282108.38,778.62,777.00,778.62,0.63,0.35,0.27,1
617154.19,1282108.38,780.60,779.00,780.60,0.62,0.34,0.26,1
617246.50,1282108.38,779.58,778.00,779.58,0.62,0.35,0.27,1
617338.75,1282108.38,777.57,776.00,777.57,0.63,0.35,0.27,1
617431.06,1282108.38,770.57,769.00,770.57,0.63,0.35,0.27,1
617523.31,1282108.38,760.56,759.00,760.56,0.62,0.34,0.27,1
617615.62,1282108.38,751.56,750.00,751.56,0.62,0.34,0.27,1
617707.88,1282108.38,753.56,752.00,753.56,0.61,0.34,0.26,1
617800.12,1282108.38,771.56,770.00,771.56,0.62,0.34,0.27,1
617892.44,1282108.38,771.56,770.00,771.56,0.63,0.36,0.28,1
617984.69,1282108.38,768.57,767.00,768.57,0.64,0.37,0.29,1
618077.00,1282108.38,749.57,748.00,749.57,0.64,0.36,0.28,1
618169.25,1282108.38,743.58,742.00,743.58,0.62,0.34,0.26,1
618261.56,1282108.38,750.60,749.00,750.60,0.62,0.34,0.26,1
618353.81,1282108.38,758.60,757.00,758.60,0.62,0.34,0.26,1
618446.12,1282108.38,767.61,766.00,767.61,0.62,0.34,0.26,1
618538.38,1282108.38,783.61,782.00,783.61,0.63,0.35,0.27,1
618630.62,1282108.38,785.61,784.00,785.61,0.65,0.37,0.29,1
618722.94,1282108.38,769.62,768.00,769.62,0.65,0.37,0.29,1
618815.19,1282108.38,758.62,757.00,758.62,0.64,0.36,0.28,1
618907.50,1282108.38,751.63,750.00,751.63,0.62,0.34,0.26,1
618999.75,1282108.38,754.63,753.00,754.63,0.61,0.33,0.25,1
619092.06,1282108.38,760.64,759.00,760.64,0.61,0.33,0.25,1
619184.31,1282108.38,766.64,765.00,766.64,0.60,0.32,0.24,1
619276.62,1282108.38,782.66,781.00,782.66,0.59,0.31,0.23,1
619368.88,1282108.38,800.68,799.00,800.68,0.59,0.31,0.23,1
619461.19,1282108.38,812.71,811.00,812.71,0.60,0.31,0.23,1
619553.44,1282108.38,829.72,828.00,829.72,0.58,0.30,0.22,1
619645.69,1282108.38,862.70,861.00,862.70,0.57,0.29,0.21,1
619738.00,1282108.38,897.53,896.00,897.53,0.56,0.29,0.21,1
619830.25,1282108.38,930.23,929.00,930.23,0.56,0.30,0.22,1
619922.56,1282108.38,953.93,953.00,953.93,0.56,0.31,0.24,1
620014.81,1282108.38,972.68,972.00,972.68,0.55,0.31,0.25,1
620107.12,1282108.38,985.46,985.00,985.46,0.52,0.31,0.24,1
620199.38,1282108.38,1010.31,1010.00,1010.31,0.49,0.29,0.24,1
620291.69,1282108.38,1046.22,1046.00,1046.22,0.49,0.30,0.24,1
620383.94,1282108.38,1081.19,1081.00,1081.19,0.49,0.31,0.26,1
620476.19,1282108.38,1111.20,1111.00,1111.20,0.52,0.34,0.29,1
620568.50,1282108.38,1127.23,1127.00,1127.23,0.57,0.38,0.33,1
620660.75,1282108.38,1141.26,1141.00,1141.26,0.58,0.39,0.33,1
620753.06,1282108.38,1156.26,1156.00,1156.26,0.60,0.41,0.35,1
620845.31,1282108.38,1159.24,1159.00,1159.24,0.60,0.40,0.35,1
620937.62,1282108.38,1156.20,1156.00,1156.20,0.56,0.37,0.32,1
621029.88,1282108.38,1168.12,1168.00,1168.12,0.50,0.33,0.29,1
621122.19,1282108.38,1189.06,1189.00,1189.06,0.50,0.36,0.26,1
621214.44,1282108.38,1206.02,1206.00,1206.02,0.53,0.39,0.29,1
621306.69,1282108.38,1225.01,1225.00,1225.01,0.52,0.38,0.27,1
621399.00,1282108.38,1253.01,1253.00,1253.01,0.51,0.37,0.27,1
621491.25,1282108.38,1275.01,1275.00,1275.01,0.52,0.38,0.28,1
621583.56,1282108.38,1290.02,1290.00,1290.02,0.56,0.42,0.31,1
621675.81,1282108.38,1294.02,1294.00,1294.02,0.57,0.43,0.32,1
621768.12,1282108.38,1298.01,1298.00,1298.01,0.55,0.41,0.30,1
621860.38,1282108.38,1307.01,1307.00,1307.01,0.56,0.42,0.31,1
621952.69,1282108.38,1295.00,1295.00,1295.00,0.68,0.54,0.44,1
622044.94,1282108.38,1245.00,1245.00,1245.00,0.80,0.66,0.55,1
622137.19,1282108.38,1178.00,1178.00,1178.00,0.82,0.68,0.58,1
622229.50,1282108.38,1120.00,1120.00,1120.00,0.84,0.70,0.59,1
622321.75,1282108.38,1072.00,1072.00,1072.00,0.85,0.71,0.60,1
622414.06,1282108.38,1035.00,1035.00,1035.00,0.84,0.70,0.59,1
622506.31,1282108.38,1003.02,1003.00,1003.02,0.84,0.70,0.59,1
622598.62,1282108.38,972.10,972.00,972.10,0.77,0.61,0.57,1
622690.88,1282108.38,935.44,935.00,935.44,0.73,0.51,0.45,1
622783.19,1282108.38,896.24,895.00,896.24,0.67,0.41,0.33,1
622875.44,1282108.38,860.27,858.00,860.27,0.64,0.34,0.26,1
622967.69,1282108.38,824.84,822.00,824.84,0.63,0.31,0.22,1
623060.00,1282108.38,800.90,798.00,800.90,0.62,0.31,0.22,1
623152.25,1282108.38,785.84,783.00,785.84,0.62,0.30,0.21,1
623244.56,1282108.38,779.66,777.00,779.66,0.61,0.31,0.22,1
623336.81,1282108.38,781.38,779.00,781.38,0.61,0.31,0.22,1
623429.12,1282108.38,785.14,783.00,785.14,0.61,0.32,0.23,1
623521.38,1282108.38,781.96,780.00,781.96,0.62,0.33,0.24,1
623613.69,1282108.38,776.84,775.00,776.84,0.62,0.33,0.25,1
623705.94,1282108.38,774.75,773.00,774.75,0.62,0.34,0.25,1
623798.19,1282108.38,772.69,771.00,772.69,0.62,0.34,0.26,1
623890.50,1282108.38,770.64,769.00,770.64,0.62,0.34,0.26,1
623982.75,1282108.38,770.61,769.00,770.61,0.62,0.34,0.26,1
624075.06,1282108.38,771.59,770.00,771.59,0.62,0.34,0.27,1
624167.31,1282108.38,770.58,769.00,770.58,0.62,0.35,0.27,1
624259.62,1282108.38,767.56,766.00,767.56,0.63,0.35,0.27,1
624351.88,1282108.38,763.55,762.00,763.55,0.62,0.35,0.27,1
624444.19,1282108.38,762.54,761.00,762.54,0.62,0.35,0.27,1
624536.44,1282108.38,766.53,765.00,766.53,0.62,0.35,0.27,1
624628.69,1282108.38,771.52,770.00,771.52,0.62,0.34,0.27,1
624721.00,1282108.38,775.50,774.00,775.50,0.62,0.35,0.27,1
624813.25,1282108.38,774.48,773.00,774.48,0.63,0.35,0.28,1
624905.56,1282108.38,765.45,764.00,765.45,0.63,0.36,0.28,1
624997.81,1282108.38,759.40,758.00,759.40,0.62,0.35,0.27,1
625090.12,1282108.38,765.32,764.00,765.32,0.61,0.35,0.27,1
625182.38,1282108.38,775.23,774.00,775.23,0.62,0.36,0.28,1
625274.69,1282108.38,776.14,775.00,776.14,0.63,0.37,0.29,1
625366.94,1282108.38,785.67,784.62,785.67,0.58,0.32,0.25,1
625459.19,1282108.38,-9999.00,-9999.00,-9999.00,0.71,0.71,0.71,0
614385.88,1282016.00,-9999.00,-9999.00,-9999.00,0.71,0.71,0.71,0
614478.12,1282016.00,809.09,808.00,809.09,0.32,0.06,-0.02,1
614570.44,1282016.00,803.15,802.00,803.15,0.65,0.39,0.31,1
614662.69,1282016.00,785.17,784.00,785.17,0.65,0.39,0.31,1
614755.00,1282016.00,770.23,769.00,770.23,0.64,0.38,0.30,1
614847.25,1282016.00,764.32,763.00,764.32,0.63,0.37,0.29,1
614939.56,1282016.00,764.43,763.00,764.43,0.62,0.35,0.27,1
615031.81,1282016.00,768.51,767.00,768.51,0.61,0.33,0.26,1
615124.12,1282016.00,780.57,779.00,780.57,0.60,0.32,0.25,1
615216.38,1282016.00,798.61,797.00,798.61,0.61,0.33,0.25,1
615308.62,1282016.00,810.64,809.00,810.64,0.63,0.34,0.26,1
615400.94,1282016.00,804.66,803.00,804.66,0.64,0.36,0.28,1
615493.19,1282016.00,790.68,789.00,790.68,0.64,0.36,0.28,1
615585.50,1282016.00,786.68,785.00,786.68,0.64,0.35,0.27,1
615677.75,1282016.00,786.69,785.00,786.69,0.63,0.35,0.27,1
615770.06,1282016.00,789.69,788.00,789.69,0.63,0.35,0.27,1
615862.31,1282016.00,785.69,784.00,785.69,0.63,0.35,0.27,1
615954.62,1282016.00,782.69,781.00,782.69,0.63,0.35,0.27,1
616046.88,1282016.00,788.70,787.00,788.70,0.63,0.35,0.27,1
616139.12,1282016.00,792.69,791.00,792.69,0.63,0.35,0.27,1
616231.44,1282016.00,782.69,781.00,782.69,0.63,0.35,0.27,1
616323.69,1282016.00,777.69,776.00,777.69,0.63,0.35,0.27,1
616416.00,1282016.00,779.69,778.00,779.69,0.63,0.35,0.27,1
616508.25,1282016.00,776.69,775.00,776.69,0.62,0.34,0.26,1
616600.56,1282016.00,780.68,779.00,780.68,0.62,0.34,0.26,1
616692.81,1282016.00,789.67,788.00,789.67,0.62,0.34,0.26,1
616785.12,1282016.00,789.67,788.00,789.67,0.64,0.35,0.27,1
616877.38,1282016.00,783.66,782.00,783.66,0.63,0.35,0.27,1
616969.62,1282016.00,795.64,794.00,795.64,0.63,0.34,0.26,1
617061.94,1282016.00,786.63,785.00,786.63,0.63,0.35,0.27,1
617154.19,1282016.00,779.61,778.00,779.61,0.62,0.34,0.26,1
617246.50,1282016.00,774.60,773.00,774.60,0.62,0.34,0.26,1
617338.75,1282016.00,773.58,772.00,773.58,0.62,0.34,0.26,1
617431.06,1282016.00,763.58,762.00,763.58,0.62,0.35,0.27,1
617523.31,1282016.00,753.57,752.00,753.57,0.62,0.35,0.27,1
617615.62,1282016.00,750.57,749.00,750.57,0.63,0.35,0.27,1
617707.88,1282016.00,757.57,756.00,757.57,0.61,0.34,0.26,1
617800.12,1282016.00,774.57,773.00,774.57,0.61,0.33,0.25,1
617892.44,1282016.00,775.57,774.00,775.57,0.61,0.34,0.26,1
617984.69,1282016.00,779.57,778.00,779.57,0.63,0.35,0.27,1
618077.00,1282016.00,759.58,758.00,759.58,0.64,0.36,0.29,1
618169.25,1282016.00,746.59,745.00,746.59,0.63,0.35,0.27,1
618261.56,1282016.00,753.60,752.00,753.60,0.61,0.33,0.25,1
618353.81,1282016.00,768.62,767.00,768.62,0.61,0.33,0.25,1
618446.12,1282016.00,777.62,776.00,777.62,0.61,0.33,0.25,1
618538.38,1282016.00,796.63,795.00,796.63,0.61,0.33,0.25,1
618630.62,1282016.00,800.63,799.00,800.63,0.63,0.35,0.27,1
618722.94,1282016.00,784.64,783.00,784.64,0.64,0.36,0.28,1
618815.19,1282016.00,764.64,763.00,764.64,0.64,0.36,0.28,1
618907.50,1282016.00,753.65,752.00,753.65,0.64,0.35,0.27,1
618999.75,1282016.00,753.65,752.00,753.65,0.62,0.34,0.26,1
619092.06,1282016.00,757.66,756.00,757.66,0.61,0.33,0.25,1
619184.31,1282016.00,765.66,764.00,765.66,0.61,0.33,0.25,1
619276.62,1282016.00,776.68,775.00,776.68,0.60,0.32,0.24,1
619368.88,1282016.00,790.70,789.00,790.70,0.59,0.31,0.23,1
619461.19,1282016.00,809.73,808.00,809.73,0.59,0.31,0.23,1
619553.44,1282016.00,828.75,827.00,828.75,0.59,0.31,0.23,1
619645.69,1282016.00,853.76,852.00,853.76,0.58,0.30,0.21,1
619738.00,1282016.00,884.63,883.00,884.63,0.57,0.29,0.21,1
619830.25,1282016.00,912.34,911.00,912.34,0.56,0.29,0.22,1
619922.56,1282016.00,931.98,931.00,931.98,0.56,0.31,0.23,1
620014.81,1282016.00,940.67,940.00,940.67,0.55,0.32,0.25,1
620107.12,1282016.00,952.40,952.00,952.40,0.53,0.31,0.25,1
620199.38,1282016.00,978.21,978.00,978.21,0.47,0.28,0.23,1
620291.69,1282016.00,1020.11,1020.00,1020.11,0.44,0.27,0.22,1
620383.94,1282016.00,1056.09,1056.00,1056.09,0.47,0.33,0.22,1
620476.19,1282016.00,1086.09,1086.00,1086.09,0.50,0.36,0.25,1
620568.50,1282016.00,1109.11,1109.00,1109.11,0.51,0.35,0.30,1
620660.75,1282016.00,1128.13,1128.00,1128.13,0.54,0.37,0.33,1
620753.06,1282016.00,1143.14,1143.00,1143.14,0.58,0.41,0.36,1
620845.31,1282016.00,1134.14,1134.00,1134.14,0.59,0.42,0.37,1
620937.62,1282016.00,1125.13,1125.00,1125.13,0.56,0.39,0.34,1
621029.88,1282016.00,1132.10,1132.00,1132.10,0.50,0.34,0.29,1
621122.19,1282016.00,1153.06,1153.00,1153.06,0.47,0.33,0.22,1
621214.44,1282016.00,1180.02,1180.00,1180.02,0.48,0.34,0.23,1
621306.69,1282016.00,1204.01,1204.00,1204.01,0.51,0.37,0.26,1
621399.00,1282016.00,1232.01,1232.00,1232.01,0.53,0.39,0.28,1
621491.25,1282016.00,1252.01,1252.00,1252.01,0.56,0.42,0.32,1
621583.56,1282016.00,1261.01,1261.00,1261.01,0.58,0.44,0.33,1
621675.81,1282016.00,1264.01,1264.00,1264.01,0.58,0.44,0.34,1
621768.12,1282016.00,1266.01,1266.00,1266.01,0.57,0.43,0.33,1
621860.38,1282016.00,1266.01,1266.00,1266.01,0.55,0.41,0.31,1
621952.69,1282016.00,1257.00,1257.00,1257.00,0.59,0.45,0.35,1
622044.94,1282016.00,1230.00,1230.00,1230.00,0.70,0.56,0.46,1
622137.19,1282016.00,1188.00,1188.00,1188.00,0.81,0.67,0.57,1
622229.50,1282016.00,1143.00,1143.00,1143.00,0.85,0.71,0.61,1
622321.75,1282016.00,1100.00,1100.00,1100.00,0.86,0.72,0.62,1
622414.06,1282016.00,1059.00,1059.00,1059.00,0.86,0.72,0.61,1
622506.31,1282016.00,1026.00,1026.00,1026.00,0.85,0.71,0.61,1
622598.62,1282016.00,992.02,992.00,992.02,0.85,0.71,0.60,1
622690.88,1282016.00,951.10,951.00,951.10,0.77,0.61,0.56,1
622783.19,1282016.00,909.48,909.00,909.48,0.71,0.49,0.43,1
622875.44,1282016.00,870.61,869.00,870.61,0.66,0.38,0.30,1
622967.69,1282016.00,829.79,827.00,829.79,0.63,0.32,0.23,1
623060.00,1282016.00,798.00,795.00,798.00,0.62,0.30,0.21,1
623152.25,1282016.00,783.90,781.00,783.90,0.62,0.30,0.21,1
623244.56,1282016.00,780.68,778.00,780.68,0.62,0.31,0.22,1
623336.81,1282016.00,779.38,777.00,779.38,0.62,0.31,0.23,1
623429.12,1282016.00,777.14,775.00,777.14,0.62,0.32,0.24,1
623521.38,1282016.00,775.97,774.00,775.97,0.62,0.33,0.24,1
623613.69,1282016.00,773.85,772.00,773.85,0.62,0.34,0.25,1
623705.94,1282016.00,770.76,769.00,770.76,0.62,0.34,0.26,1
623798.19,1282016.00,769.70,768.00,769.70,0.62,0.34,0.26,1
623890.50,1282016.00,770.65,769.00,770.65,0.62,0.34,0.26,1
623982.75,1282016.00,771.62,770.00,771.62,0.62,0.34,0.26,1
624075.06,1282016.00,768.60,767.00,768.60,0.62,0.34,0.26,1
624167.31,1282016.00,765.59,764.00,765.59,0.62,0.34,0.26,1
624259.62,1282016.00,763.58,762.00,763.58,0.62,0.34,0.26,1
624351.88,1282016.00,761.57,760.00,761.57,0.62,0.34,0.26,1
624444.19,1282016.00,767.56,766.00,767.56,0.62,0.34,0.26,1
624536.44,1282016.00,775.55,774.00,775.55,0.62,0.35,0.27,1
624628.69,1282016.00,778.54,777.00,778.54,0.63,0.35,0.27,1
624721.00,1282016.00,780.52,779.00,780.52,0.63,0.35,0.27,1
624813.25,1282016.00,775.50,774.00,775.50,0.63,0.36,0.28,1
624905.56,1282016.00,765.47,764.00,765.47,0.63,0.36,0.28,1
624997.81,1282016.00,759.43,758.00,759.43,0.63,0.35,0.28,1
625090.12,1282016.00,762.37,761.00,762.37,0.61,0.34,0.26,1
625182.38,1282016.00,772.30,771.00,772.30,0.61,0.34,0.26,1
625274.69,1282016.00,778.22,777.00,778.22,0.61,0.35,0.27,1
625366.94,1282016.00,785.36,784.26,785.36,0.58,0.32,0.24,1
625459.19,1282016.00,-9999.00,-9999.00,-9999.00,0.71,0.71,0.71,0
614385.88,1281923.75,-9999.00,-9999.00,-9999.00,0.71,0.71,0.71,0
614478.12,1281923.75,810.09,809.00,810.09,0.32,0.06,-0.02,1
614570.44,1281923.75,806.16,805.00,806.16,0.64,0.38,0.31,1
614662.69,1281923.75,787.18,786.00,787.18,0.65,0.39,0.31,1
614755.00,1281923.75,774.24,773.00,774.24,0.65,0.38,0.31,1
614847.25,1281923.75,773.33,772.00,773.33,0.64,0.38,0.30,1
614939.56,1281923.75,769.44,768.00,769.44,0.64,0.36,0.29,1
615031.81,1281923.75,770.52,769.00,770.52,0.62,0.34,0.26,1
615124.12,1281923.75,784.58,783.00,784.58,0.61,0.33,0.25,1
615216.38,1281923.75,802.62,801.00,802.62,0.61,0.33,0.25,1
615308.62,1281923.75,815.65,814.00,815.65,0.62,0.34,0.26,1
615400.94,1281923.75,810.66,809.00,810.66,0.63,0.35,0.27,1
615493.19,1281923.75,805.68,804.00,805.68,0.64,0.35,0.27,1
615585.50,1281923.75,801.68,800.00,801.68,0.63,0.35,0.27,1
615677.75,1281923.75,804.69,803.00,804.69,0.63,0.35,0.27,1
615770.06,1281923.75,810.69,809.00,810.69,0.64,0.35,0.27,1
615862.31,1281923.75,805.69,804.00,805.69,0.64,0.36,0.28,1
615954.62,1281923.75,801.69,800.00,801.69,0.64,0.36,0.28,1
616046.88,1281923.75,803.69,802.00,803.69,0.64,0.36,0.28,1
616139.12,1281923.75,794.69,793.00,794.69,0.64,0.35,0.27,1
616231.44,1281923.75,786.69,785.00,786.69,0.63,0.35,0.27,1
616323.69,1281923.75,790.69,789.00,790.69,0.63,0.35,0.27,1
616416.00,1281923.75,789.69,788.00,789.69,0.63,0.35,0.27,1
616508.25,1281923.75,781.68,780.00,781.68,0.63,0.35,0.26,1
616600.56,1281923.75,788.68,787.00,788.68,0.62,0.34,0.26,1
616692.81,1281923.75,798.67,797.00,798.67,0.62,0.34,0.26,1
616785.12,1281923.75,803.67,802.00,803.67,0.63,0.35,0.27,1
616877.38,1281923.75,799.66,798.00,799.66,0.63,0.35,0.27,1
616969.62,1281923.75,792.65,791.00,792.65,0.62,0.34,0.26,1
617061.94,1281923.75,782.63,781.00,782.63,0.62,0.34,0.26,1
617154.19,1281923.75,772.62,771.00,772.62,0.62,0.34,0.26,1
617246.50,1281923.75,765.61,764.00,765.61,0.62,0.34,0.26,1
617338.75,1281923.75,764.60,763.00,764.60,0.62,0.34,0.26,1
617431.06,1281923.75,755.59,754.00,755.59,0.62,0.34,0.26,1
617523.31,1281923.75,753.58,752.00,753.58,0.62,0.34,0.26,1
617615.62,1281923.75,761.57,760.00,761.57,0.63,0.35,0.27,1
617707.88,1281923.75,766.57,765.00,766.57,0.63,0.35,0.27,1
617800.12,1281923.75,764.57,763.00,764.57,0.62,0.34,0.26,1
617892.44,1281923.75,761.57,760.00,761.57,0.60,0.33,0.25,1
617984.69,1281923.75,770.58,769.00,770.58,0.61,0.33,0.25,1
618077.00,1281923.75,759.58,758.00,759.58,0.63,0.35,0.27,1
618169.25,1281923.75,747.60,746.00,747.60,0.63,0.35,0.27,1
618261.56,1281923.75,751.61,750.00,751.61,0.61,0.33,0.25,1
618353.81,1281923.75,767.62,766.00,767.62,0.60,0.32,0.24,1
618446.12,1281923.75,778.63,777.00,778.63,0.60,0.32,0.24,1
618538.38,1281923.75,787.64,786.00,787.64,0.60,0.32,0.24,1
618630.62,1281923.75,787.65,786.00,787.65,0.60,0.32,0.24,1
618722.94,1281923.75,783.65,782.00,783.65,0.62,0.34,0.26,1
618815.19,1281923.75,777.66,776.00,777.66,0.64,0.36,0.28,1
618907.50,1281923.75,768.66,767.00,768.66,0.64,0.36,0.28,1
618999.75,1281923.75,760.67,759.00,760.67,0.64,0.35,0.27,1
619092.06,1281923.75,756.67,755.00,756.67,0.62,0.34,0.26,1
619184.31,1281923.75,763.68,762.00,763.68,0.61,0.32,0.24,1
619276.62,1281923.75,776.69,775.00,776.69,0.61,0.32,0.24,1
619368.88,1281923.75,786.71,785.00,786.71,0.60,0.32,0.24,1
619461.19,1281923.75,801.75,800.00,801.75,0.59,0.30,0.22,1
619553.44,1281923.75,825.78,824.00,825.78,0.58,0.30,0.22,1
619645.69,1281923.75,847.81,846.00,847.81,0.58,0.30,0.22,1
619738.00,1281923.75,868.73,867.00,868.73,0.57,0.29,0.21,1
619830.25,1281923.75,887.53,886.00,887.53,0.57,0.29,0.21,1
619922.56,1281923.75,899.20,898.00,899.20,0.56,0.30,0.22,1
620014.81,1281923.75,909.80,909.00,909.80,0.55,0.31,0.24,1
620107.12,1281923.75,926.42,926.00,926.42,0.53,0.32,0.26,1
620199.38,1281923.75,947.18,947.00,947.18,0.47,0.29,0.24,1
620291.69,1281923.75,986.07,986.00,986.07,0.40,0.26,0.15,1
620383.94,1281923.75,1027.04,1027.00,1027.04,0.41,0.27,0.17,1
620476.19,1281923.75,1060.04,1060.00,1060.04,0.45,0.31,0.20,1
620568.50,1281923.75,1078.05,1078.00,1078.05,0.46,0.32,0.22,1
620660.75,1281923.75,1103.06,1103.00,1103.06,0.50,0.36,0.25,1
620753.06,1281923.75,1117.06,1117.00,1117.06,0.55,0.41,0.31,1
620845.31,1281923.75,1103.07,1103.00,1103.07,0.59,0.45,0.35,1
620937.62,1281923.75,1095.07,1095.00,1095.07,0.57,0.43,0.32,1
621029.88,1281923.75,1099.07,1099.00,1099.07,0.53,0.39,0.28,1
621122.19,1281923.75,1116.05,1116.00,1116.05,0.48,0.34,0.23,1
621214.44,1281923.75,1143.02,1143.00,1143.02,0.43,0.29,0.19,1
621306.69,1281923.75,1176.01,1176.00,1176.01,0.44,0.30,0.20,1
621399.00,1281923.75,1209.01,1209.00,1209.01,0.48,0.34,0.23,1
621491.25,1281923.75,1232.01,1232.00,1232.01,0.54,0.40,0.30,1
621583.56,1281923.75,1239.01,1239.00,1239.01,0.58,0.44,0.33,1
621675.81,1281923.75,1239.01,1239.00,1239.01,0.57,0.43,0.32,1
621768.12,1281923.75,1235.01,1235.00,1235.01,0.56,0.42,0.31,1
621860.38,1281923.75,1228.01,1228.00,1228.01,0.54,0.40,0.30,1
621952.69,1281923.75,1216.00,1216.00,1216.00,0.55,0.41,0.30,1
622044.94,1281923.75,1200.00,1200.00,1200.00,0.59,0.45,0.34,1
622137.19,1281923.75,1186.00,1186.00,1186.00,0.68,0.54,0.44,1
622229.50,1281923.75,1162.00,1162.00,1162.00,0.79,0.65,0.54,1
622321.75,1281923.75,1126.00,1126.00,1126.00,0.84,0.70,0.59,1
622414.06,1281923.75,1089.00,1089.00,1089.00,0.85,0.71,0.61,1
622506.31,1281923.75,1055.00,1055.00,1055.00,0.86,0.72,0.62,1
622598.62,1281923.75,1013.00,1013.00,1013.00,0.85,0.71,0.61,1
622690.88,1281923.75,964.02,964.00,964.02,0.84,0.70,0.59,1
622783.19,1281923.75,917.15,917.00,917.15,0.75,0.57,0.52,1
622875.44,1281923.75,876.95,876.00,876.95,0.68,0.43,0.36,1
622967.69,1281923.75,835.49,833.00,835.49,0.64,0.33,0.24,1
623060.00,1281923.75,802.01,799.00,802.01,0.62,0.31,0.22,1
623152.25,1281923.75,787.89,785.00,787.89,0.62,0.31,0.22,1
623244.56,1281923.75,784.66,782.00,784.66,0.62,0.31,0.22,1
623336.81,1281923.75,783.37,781.00,783.37,0.62,0.32,0.23,1
623429.12,1281923.75,780.14,778.00,780.14,0.62,0.33,0.24,1
623521.38,1281923.75,778.97,777.00,778.97,0.63,0.34,0.25,1
623613.69,1281923.75,777.85,776.00,777.85,0.63,0.35,0.26,1
623705.94,1281923.75,772.77,771.00,772.77,0.63,0.35,0.27,1
623798.19,1281923.75,768.71,767.00,768.71,0.63,0.35,0.27,1
623890.50,1281923.75,765.66,764.00,765.66,0.63,0.35,0.27,1
623982.75,1281923.75,763.64,762.00,763.64,0.62,0.34,0.26,1
624075.06,1281923.75,761.62,760.00,761.62,0.63,0.35,0.27,1
624167.31,1281923.75,760.60,759.00,760.60,0.62,0.35,0.27,1
624259.62,1281923.75,760.59,759.00,760.59,0.62,0.34,0.26,1
624351.88,1281923.75,760.58,759.00,760.58,0.62,0.34,0.26,1
624444.19,1281923.75,769.57,768.00,769.57,0.61,0.33,0.25,1
624536.44,1281923.75,779.56,778.00,779.56,0.61,0.34,0.26,1
624628.69,1281923.75,782.55,781.00,782.55,0.62,0.34,0.27,1
624721.00,1281923.75,781.54,780.00,781.54,0.62,0.35,0.27,1
624813.25,1281923.75,775.52,774.00,775.52,0.63,0.35,0.27,1
624905.56,1281923.75,765.49,764.00,765.49,0.63,0.36,0.28,1
624997.81,1281923.75,760.44,759.00,760.44,0.63,0.36,0.28,1
625090.12,1281923.75,759.39,758.00,759.39,0.62,0.35,0.27,1
625182.38,1281923.75,762.34,761.00,762.34,0.61,0.34,0.27,1
625274.69,1281923.75,766.28,765.00,766.28,0.60,0.34,0.26,1
625366.94,1281923.75,777.96,776.81,777.96,0.58,0.32,0.24,1
625459.19,1281923.75,-9999.00,-9999.00,-9999.00,0.71,0.71,0.71,0
614385.88,1281831.50,-9999.00,-9999.00,-9999.00,0.71,0.71,0.71,0
614478.12,1281831.50,808.06,807.00,808.06,0.31,0.05,-0.02,1
614570.44,1281831.50,809.12,808.00,809.12,0.64,0.38,0.31,1
614662.69,1281831.50,794.17,793.00,794.17,0.65,0.39,0.31,1
614755.00,1281831.50,789.24,788.00,789.24,0.65,0.38,0.31,1
614847.25,1281831.50,793.34,792.00,793.34,0.65,0.38,0.30,1
614939.56,1281831.50,785.45,784.00,785.45,0.65,0.38,0.30,1
615031.81,1281831.50,779.52,778.00,779.52,0.63,0.35,0.28,1
615124.12,1281831.50,791.58,790.00,791.58,0.61,0.33,0.25,1
615216.38,1281831.50,807.62,806.00,807.62,0.61,0.33,0.25,1
615308.62,1281831.50,811.65,810.00,811.65,0.61,0.33,0.25,1
615400.94,1281831.50,806.66,805.00,806.66,0.62,0.34,0.26,1
615493.19,1281831.50,811.68,810.00,811.68,0.62,0.34,0.26,1
615585.50,1281831.50,814.68,813.00,814.68,0.62,0.34,0.26,1
615677.75,1281831.50,817.69,816.00,817.69,0.62,0.34,0.26,1
615770.06,1281831.50,827.69,826.00,827.69,0.62,0.34,0.26,1
615862.31,1281831.50,827.69,826.00,827.69,0.63,0.35,0.27,1
615954.62,1281831.50,826.69,825.00,826.69,0.64,0.36,0.28,1
616046.88,1281831.50,820.69,819.00,820.69,0.64,0.36,0.28,1
616139.12,1281831.50,807.69,806.00,807.69,0.64,0.36,0.28,1
616231.44,1281831.50,807.69,806.00,807.69,0.64,0.36,0.28,1
616323.69,1281831.50,802.69,801.00,802.69,0.64,0.35,0.27,1
616416.00,1281831.50,794.69,793.00,794.69,0.63,0.35,0.27,1
616508.25,1281831.50,788.68,787.00,788.68,0.63,0.35,0.27,1
616600.56,1281831.50,797.68,796.00,797.68,0.62,0.34,0.26,1
616692.81,1281831.50,803.67,802.00,803.67,0.62,0.34,0.26,1
616785.12,1281831.50,804.67,803.00,804.67,0.62,0.34,0.26,1
616877.38,1281831.50,798.66,797.00,798.66,0.63,0.35,0.27,1
616969.62,1281831.50,780.65,779.00,780.65,0.62,0.34,0.26,1
617061.94,1281831.50,771.64,770.00,771.64,0.62,0.34,0.26,1
617154.19,1281831.50,764.63,763.00,764.63,0.62,0.34,0.26,1
617246.50,1281831.50,758.62,757.00,758.62,0.63,0.35,0.27,1
617338.75,1281831.50,754.61,753.00,754.61,0.62,0.34,0.26,1
617431.06,1281831.50,752.60,751.00,752.60,0.62,0.34,0.26,1
617523.31,1281831.50,757.59,756.00,757.59,0.61,0.34,0.26,1
617615.62,1281831.50,776.58,775.00,776.58,0.62,0.34,0.26,1
617707.88,1281831.50,776.57,775.00,776.57,0.64,0.36,0.28,1
617800.12,1281831.50,762.57,761.00,762.57,0.63,0.36,0.28,1
617892.44,1281831.50,750.57,749.00,750.57,0.62,0.34,0.26,1
617984.69,1281831.50,756.58,755.00,756.58,0.61,0.33,0.25,1
618077.00,1281831.50,752.59,751.00,752.59,0.62,0.34,0.26,1
618169.25,1281831.50,748.60,747.00,748.60,0.62,0.35,0.27,1
618261.56,1281831.50,751.61,750.00,751.61,0.62,0.34,0.26,1
618353.81,1281831.50,754.63,753.00,754.63,0.61,0.33,0.25,1
618446.12,1281831.50,762.64,761.00,762.64,0.60,0.32,0.24,1
618538.38,1281831.50,766.65,765.00,766.65,0.60,0.32,0.24,1
618630.62,1281831.50,766.66,765.00,766.66,0.60,0.32,0.24,1
618722.94,1281831.50,768.66,767.00,768.66,0.60,0.32,0.24,1
618815.19,1281831.50,780.67,779.00,780.67,0.62,0.34,0.25,1
618907.50,1281831.50,781.67,780.00,781.67,0.63,0.35,0.27,1
618999.75,1281831.50,771.68,770.00,771.68,0.64,0.36,0.28,1
619092.06,1281831.50,756.68,755.00,756.68,0.63,0.35,0.27,1
619184.31,1281831.50,759.69,758.00,759.69,0.61,0.33,0.25,1
619276.62,1281831.50,772.70,771.00,772.70,0.60,0.32,0.24,1
619368.88,1281831.50,779.72,778.00,779.72,0.60,0.32,0.24,1
619461.19,1281831.50,790.75,789.00,790.75,0.59,0.31,0.23,1
619553.44,1281831.50,811.80,810.00,811.80,0.58,0.30,0.21,1
619645.69,1281831.50,832.86,831.00,832.86,0.58,0.30,0.21,1
619738.00,1281831.50,841.90,840.00,841.90,0.58,0.29,0.21,1
619830.25,1281831.50,856.88,855.00,856.88,0.57,0.28,0.20,1
619922.56,1281831.50,866.71,865.00,866.71,0.57,0.29,0.21,1
620014.81,1281831.50,878.29,877.00,878.29,0.55,0.29,0.21,1
620107.12,1281831.50,898.67,898.00,898.67,0.53,0.30,0.23,1
620199.38,1281831.50,916.22,916.00,916.22,0.50,0.31,0.26,1
620291.69,1281831.50,940.06,940.00,940.06,0.42,0.28,0.17,1
620383.94,1281831.50,979.03,979.00,979.03,0.38,0.24,0.13,1
620476.19,1281831.50,1007.03,1007.00,1007.03,0.39,0.25,0.14,1
620568.50,1281831.50,1030.02,1030.00,1030.02,0.39,0.25,0.15,1
620660.75,1281831.50,1062.03,1062.00,1062.03,0.42,0.28,0.17,1
620753.06,1281831.50,1071.03,1071.00,1071.03,0.47,0.33,0.23,1
620845.31,1281831.50,1064.04,1064.00,1064.04,0.52,0.38,0.27,1
620937.62,1281831.50,1057.05,1057.00,1057.05,0.52,0.38,0.28,1
621029.88,1281831.50,1063.05,1063.00,1063.05,0.50,0.36,0.25,1
621122.19,1281831.50,1081.04,1081.00,1081.04,0.48,0.34,0.24,1
621214.44,1281831.50,1102.02,1102.00,1102.02,0.45,0.31,0.20,1
621306.69,1281831.50,1136.01,1136.00,1136.01,0.41,0.27,0.17,1
621399.00,1281831.50,1172.00,1172.00,1172.00,0.43,0.29,0.19,1
621491.25,1281831.50,1199.00,1199.00,1199.00,0.49,0.35,0.25,1
621583.56,1281831.50,1206.01,1206.00,1206.01,0.54,0.40,0.29,1
621675.81,1281831.50,1196.01,1196.00,1196.01,0.52,0.38,0.27,1
621768.12,1281831.50,1188.00,1188.00,1188.00,0.50,0.36,0.26,1
621860.38,1281831.50,1175.00,1175.00,1175.00,0.50,0.36,0.25,1
621952.69,1281831.50,1162.00,1162.00,1162.00,0.49,0.35,0.24,1
622044.94,1281831.50,1152.00,1152.00,1152.00,0.50,0.36,0.26,1
622137.19,1281831.50,1149.00,1149.00,1149.00,0.53,0.39,0.28,1
622229.50,1281831.50,1147.00,1147.00,1147.00,0.61,0.47,0.36,1
622321.75,1281831.50,1132.00,1132.00,1132.00,0.72,0.58,0.47,1
622414.06,1281831.50,1112.00,1112.00,1112.00,0.80,0.66,0.56,1
622506.31,1281831.50,1083.00,1083.00,1083.00,0.85,0.71,0.60,1
622598.62,1281831.50,1032.00,1032.00,1032.00,0.85,0.71,0.60,1
622690.88,1281831.50,976.01,976.00,976.01,0.84,0.70,0.59,1
622783.19,1281831.50,926.07,926.00,926.07,0.83,0.69,0.58,1
622875.44,1281831.50,882.59,882.00,882.59,0.70,0.47,0.41,1
622967.69,1281831.50,843.04,841.00,843.04,0.65,0.36,0.27,1
623060.00,1281831.50,814.80,812.00,814.80,0.63,0.32,0.23,1
623152.25,1281831.50,802.77,800.00,802.77,0.63,0.32,0.23,1
623244.56,1281831.50,798.58,796.00,798.58,0.63,0.32,0.23,1
623336.81,1281831.50,796.32,794.00,796.32,0.63,0.33,0.24,1
623429.12,1281831.50,794.12,792.00,794.12,0.63,0.33,0.25,1
623521.38,1281831.50,797.96,796.00,797.96,0.63,0.34,0.26,1
623613.69,1281831.50,798.85,797.00,798.85,0.64,0.36,0.27,1
623705.94,1281831.50,790.77,789.00,790.77,0.64,0.36,0.28,1
623798.19,1281831.50,784.72,783.00,784.72,0.64,0.36,0.28,1
623890.50,1281831.50,776.68,775.00,776.68,0.64,0.35,0.27,1
623982.75,1281831.50,773.65,772.00,773.65,0.63,0.35,0.27,1
624075.06,1281831.50,772.63,771.00,772.63,0.63,0.35,0.27,1
624167.31,1281831.50,768.62,767.00,768.62,0.63,0.35,0.27,1
624259.62,1281831.50,762.61,761.00,762.61,0.63,0.35,0.27,1
624351.88,1281831.50,761.60,760.00,761.60,0.62,0.34,0.26,1
624444.19,1281831.50,766.59,765.00,766.59,0.62,0.34,0.26,1
624536.44,1281831.50,776.58,775.00,776.58,0.62,0.34,0.26,1
624628.69,1281831.50,781.57,780.00,781.57,0.63,0.35,0.27,1
624721.00,1281831.50,777.55,776.00,777.55,0.63,0.35,0.27,1
624813.25,1281831.50,770.53,769.00,770.53,0.62,0.35,0.27,1
624905.56,1281831.50,765.50,764.00,765.50,0.63,0.35,0.27,1
624997.81,1281831.50,762.45,761.00,762.45,0.63,0.35,0.28,1
625090.12,1281831.50,760.40,759.00,760.40,0.63,0.36,0.28,1
625182.38,1281831.50,761.37,760.00,761.37,0.62,0.35,0.28,1
625274.69,1281831.50,763.34,762.00,763.34,0.62,0.35,0.27,1
625366.94,1281831.50,770.57,769.36,770.57,0.58,0.31,0.24,1
625459.19,1281831.50,-9999.00,-9999.00,-9999.00,0.71,0.71,0.71,0
614385.88,1281739.25,-9999.00,-9999.00,-9999.00,0.71,0.71,0.71,0
614478.12,1281739.25,803.02,802.00,803.02,0.30,0.05,-0.02,1
614570.44,1281739.25,809.06,808.00,809.06,0.63,0.37,0.30,1
614662.69,1281739.25,801.12,800.00,801.12,0.64,0.38,0.30,1
614755.00,1281739.25,808.23,807.00,808.23,0.63,0.37,0.29,1
614847.25,1281739.25,814.35,813.00,814.35,0.64,0.37,0.29,1
614939.56,1281739.25,804.45,803.00,804.45,0.65,0.37,0.30,1
615031.81,1281739.25,791.53,790.00,791.53,0.64,0.36,0.28,1
615124.12,1281739.25,796.58,795.00,796.58,0.62,0.34,0.26,1
615216.38,1281739.25,806.62,805.00,806.62,0.61,0.33,0.26,1
615308.62,1281739.25,803.65,802.00,803.65,0.61,0.33,0.25,1
615400.94,1281739.25,802.66,801.00,802.66,0.61,0.33,0.25,1
615493.19,1281739.25,812.67,811.00,812.67,0.62,0.33,0.25,1
615585.50,1281739.25,814.68,813.00,814.68,0.62,0.34,0.26,1
615677.75,1281739.25,814.68,813.00,814.68,0.61,0.33,0.25,1
615770.06,1281739.25,825.69,824.00,825.69,0.60,0.32,0.24,1
615862.31,1281739.25,829.69,828.00,829.69,0.61,0.33,0.25,1
615954.62,1281739.25,829.69,828.00,829.69,0.62,0.34,0.26,1
616046.88,1281739.25,825.69,824.00,825.69,0.63,0.34,0.26,1
616139.12,1281739.25,826.69,825.00,826.69,0.63,0.35,0.27,1
616231.44,1281739.25,825.69,824.00,825.69,0.64,0.36,0.28,1
616323.69,1281739.25,806.68,805.00,806.68,0.64,0.36,0.28,1
616416.00,1281739.25,796.68,795.00,796.68,0.63,0.35,0.27,1
616508.25,1281739.25,800.68,799.00,800.68,0.63,0.35,0.27,1
616600.56,1281739.25,808.68,807.00,808.68,0.63,0.35,0.27,1
616692.81,1281739.25,811.67,810.00,811.67,0.64,0.36,0.28,1
616785.12,1281739.25,799.67,798.00,799.67,0.63,0.35,0.27,1
616877.38,1281739.25,791.66,790.00,791.66,0.63,0.35,0.27,1
616969.62,1281739.25,774.66,773.00,774.66,0.63,0.35,0.27,1
617061.94,1281739.25,767.65,766.00,767.65,0.63,0.35,0.27,1
617154.19,1281739.25,764.64,763.00,764.64,0.63,0.35,0.27,1
617246.50,1281739.25,764.63,763.00,764.63,0.64,0.36,0.28,1
617338.75,1281739.25,758.61,757.00,758.61,0.64,0.36,0.28,1
617431.06,1281739.25,755.60,754.00,755.60,0.62,0.35,0.27,1
617523.31,1281739.25,767.59,766.00,767.59,0.61,0.34,0.26,1
617615.62,1281739.25,782.59,781.00,782.59,0.62,0.34,0.26,1
617707.88,1281739.25,781.57,780.00,781.57,0.63,0.36,0.28,1
617800.12,1281739.25,763.58,762.00,763.58,0.64,0.36,0.28,1
617892.44,1281739.25,750.58,749.00,750.58,0.63,0.35,0.27,1
617984.69,1281739.25,753.59,752.00,753.59,0.62,0.35,0.27,1
618077.00,1281739.25,748.59,747.00,748.59,0.62,0.34,0.26,1
618169.25,1281739.25,750.60,749.00,750.60,0.62,0.34,0.26,1
618261.56,1281739.25,754.61,753.00,754.61,0.62,0.34,0.26,1
618353.81,1281739.25,753.63,752.00,753.63,0.63,0.35,0.27,1
618446.12,1281739.25,751.64,750.00,751.64,0.62,0.34,0.26,1
618538.38,1281739.25,754.65,753.00,754.65,0.62,0.34,0.26,1
618630.62,1281739.25,754.67,753.00,754.67,0.61,0.33,0.25,1
618722.94,1281739.25,765.67,764.00,765.67,0.60,0.32,0.24,1
618815.19,1281739.25,783.68,782.00,783.68,0.61,0.32,0.24,1
618907.50,1281739.25,784.68,783.00,784.68,0.63,0.34,0.26,1
618999.75,1281739.25,770.68,769.00,770.68,0.63,0.35,0.27,1
619092.06,1281739.25,759.69,758.00,759.69,0.63,0.35,0.27,1
619184.31,1281739.25,758.69,757.00,758.69,0.62,0.34,0.26,1
619276.62,1281739.25,763.71,762.00,763.71,0.61,0.32,0.24,1
619368.88,1281739.25,772.73,771.00,772.73,0.60,0.32,0.24,1
619461.19,1281739.25,784.76,783.00,784.76,0.60,0.32,0.24,1
619553.44,1281739.25,798.81,797.00,798.81,0.59,0.31,0.23,1
619645.69,1281739.25,810.89,809.00,810.89,0.59,0.30,0.22,1
619738.00,1281739.25,815.00,813.00,815.00,0.59,0.30,0.21,1
619830.25,1281739.25,827.15,825.00,827.15,0.58,0.29,0.20,1
619922.56,1281739.25,837.28,835.00,837.28,0.58,0.28,0.20,1
620014.81,1281739.25,846.14,844.00,846.14,0.57,0.28,0.19,1
620107.12,1281739.25,865.47,864.00,865.47,0.55,0.28,0.20,1
620199.38,1281739.25,881.60,881.00,881.60,0.52,0.29,0.23,1
620291.69,1281739.25,901.16,901.00,901.16,0.48,0.30,0.25,1
620383.94,1281739.25,924.06,924.00,924.06,0.43,0.29,0.18,1
620476.19,1281739.25,948.04,948.00,948.04,0.40,0.26,0.15,1
620568.50,1281739.25,973.03,973.00,973.03,0.38,0.23,0.13,1
620660.75,1281739.25,999.03,999.00,999.03,0.36,0.22,0.12,1
620753.06,1281739.25,1008.02,1008.00,1008.02,0.41,0.27,0.16,1
620845.31,1281739.25,1005.03,1005.00,1005.03,0.46,0.32,0.21,1
620937.62,1281739.25,1008.04,1008.00,1008.04,0.49,0.35,0.24,1
621029.88,1281739.25,1021.04,1021.00,1021.04,0.49,0.35,0.24,1
621122.19,1281739.25,1044.03,1044.00,1044.03,0.48,0.34,0.24,1
621214.44,1281739.25,1066.01,1066.00,1066.01,0.48,0.34,0.24,1
621306.69,1281739.25,1096.00,1096.00,1096.00,0.45,0.31,0.20,1
621399.00,1281739.25,1133.00,1133.00,1133.00,0.43,0.29,0.18,1
621491.25,1281739.25,1159.00,1159.00,1159.00,0.46,0.32,0.22,1
621583.56,1281739.25,1156.00,1156.00,1156.00,0.50,0.36,0.26,1
621675.81,1281739.25,1137.00,1137.00,1137.00,0.50,0.36,0.25,1
621768.12,1281739.25,1125.00,1125.00,1125.00,0.47,0.33,0.23,1
621860.38,1281739.25,1113.00,1113.00,1113.00,0.48,0.34,0.24,1
621952.69,1281739.25,1099.00,1099.00,1099.00,0.49,0.35,0.25,1
622044.94,1281739.25,1096.00,1096.00,1096.00,0.49,0.35,0.24,1
622137.19,1281739.25,1099.00,1099.00,1099.00,0.48,0.34,0.24,1
622229.50,1281739.25,1103.00,1103.00,1103.00,0.50,0.36,0.25,1
622321.75,1281739.25,1106.00,1106.00,1106.00,0.57,0.43,0.33,1
622414.06,1281739.25,1109.00,1109.00,1109.00,0.69,0.55,0.44,1
622506.31,1281739.25,1096.00,1096.00,1096.00,0.81,0.67,0.56,1
622598.62,1281739.25,1045.00,1045.00,1045.00,0.85,0.71,0.60,1
622690.88,1281739.25,988.01,988.00,988.01,0.84,0.70,0.60,1
622783.19,1281739.25,937.08,937.00,937.08,0.83,0.69,0.59,1
622875.44,1281739.25,896.47,896.00,896.47,0.71,0.49,0.43,1
622967.69,1281739.25,864.50,863.00,864.50,0.67,0.39,0.31,1
623060.00,1281739.25,843.22,841.00,843.22,0.64,0.35,0.26,1
623152.25,1281739.25,832.41,830.00,832.41,0.64,0.34,0.25,1
623244.56,1281739.25,820.36,818.00,820.36,0.64,0.34,0.25,1
623336.81,1281739.25,810.21,808.00,810.21,0.63,0.33,0.25,1
623429.12,1281739.25,817.07,815.00,817.07,0.62,0.33,0.25,1
623521.38,1281739.25,832.95,831.00,832.95,0.63,0.34,0.26,1
623613.69,1281739.25,833.84,832.00,833.84,0.65,0.36,0.28,1
623705.94,1281739.25,816.77,815.00,816.77,0.65,0.37,0.29,1
623798.19,1281739.25,795.73,794.00,795.73,0.64,0.36,0.28,1
623890.50,1281739.25,783.69,782.00,783.69,0.63,0.35,0.27,1
623982.75,1281739.25,777.67,776.00,777.67,0.63,0.34,0.26,1
624075.06,1281739.25,773.65,772.00,773.65,0.62,0.34,0.26,1
624167.31,1281739.25,768.64,767.00,768.64,0.63,0.35,0.27,1
624259.62,1281739.25,763.63,762.00,763.63,0.63,0.35,0.27,1
624351.88,1281739.25,763.62,762.00,763.62,0.62,0.34,0.26,1
624444.19,1281739.25,774.61,773.00,774.61,0.62,0.34,0.26,1
624536.44,1281739.25,788.60,787.00,788.60,0.62,0.35,0.27,1
624628.69,1281739.25,789.58,788.00,789.58,0.63,0.36,0.28,1
624721.00,1281739.25,777.57,776.00,777.57,0.63,0.35,0.27,1
624813.25,1281739.25,767.54,766.00,767.54,0.63,0.35,0.27,1
624905.56,1281739.25,764.50,763.00,764.50,0.62,0.35,0.27,1
624997.81,1281739.25,762.44,761.00,762.44,0.62,0.35,0.27,1
625090.12,1281739.25,762.40,761.00,762.40,0.62,0.35,0.28,1
625182.38,1281739.25,764.37,763.00,764.37,0.63,0.36,0.28,1
625274.69,1281739.25,764.37,763.00,764.37,0.63,0.36,0.28,1
625366.94,1281739.25,767.11,765.89,767.11,0.58,0.31,0.24,1
625459.19,1281739.25,-9999.00,-9999.00,-9999.00,0.71,0.71,0.71,0
614385.88,1281646.88,-9999.00,-9999.00,-9999.00,0.71,0.71,0.71,0
614478.12,1281646.88,800.05,799.00,800.05,0.31,0.05,-0.02,1
614570.44,1281646.88,808.11,807.00,808.11,0.62,0.36,0.29,1
614662.69,1281646.88,808.12,807.00,808.12,0.63,0.37,0.29,1
614755.00,1281646.88,813.23,812.00,813.23,0.62,0.35,0.28,1
614847.25,1281646.88,815.35,814.00,815.35,0.62,0.35,0.28,1
614939.56,1281646.88,805.45,804.00,805.45,0.63,0.36,0.28,1
615031.81,1281646.88,798.53,797.00,798.53,0.63,0.35,0.27,1
615124.12,1281646.88,803.58,802.00,803.58,0.62,0.35,0.27,1
615216.38,1281646.88,801.62,800.00,801.62,0.62,0.34,0.26,1
615308.62,1281646.88,793.64,792.00,793.64,0.61,0.33,0.25,1
615400.94,1281646.88,797.66,796.00,797.66,0.61,0.33,0.25,1
615493.19,1281646.88,813.67,812.00,813.67,0.61,0.33,0.25,1
615585.50,1281646.88,815.68,814.00,815.68,0.63,0.34,0.26,1
615677.75,1281646.88,808.68,807.00,808.68,0.62,0.34,0.26,1
615770.06,1281646.88,811.68,810.00,811.68,0.60,0.32,0.24,1
615862.31,1281646.88,815.68,814.00,815.68,0.61,0.32,0.24,1
615954.62,1281646.88,819.68,818.00,819.68,0.61,0.33,0.25,1
616046.88,1281646.88,827.68,826.00,827.68,0.62,0.33,0.25,1
616139.12,1281646.88,837.68,836.00,837.68,0.62,0.34,0.26,1
616231.44,1281646.88,835.68,834.00,835.68,0.64,0.36,0.27,1
616323.69,1281646.88,814.68,813.00,814.68,0.65,0.36,0.28,1
616416.00,1281646.88,803.68,802.00,803.68,0.63,0.35,0.27,1
616508.25,1281646.88,820.68,819.00,820.68,0.62,0.34,0.26,1
616600.56,1281646.88,831.67,830.00,831.67,0.64,0.36,0.27,1
616692.81,1281646.88,828.67,827.00,828.67,0.65,0.36,0.28,1
616785.12,1281646.88,809.67,808.00,809.67,0.65,0.37,0.29,1
616877.38,1281646.88,795.66,794.00,795.66,0.64,0.36,0.28,1
616969.62,1281646.88,785.66,784.00,785.66,0.65,0.36,0.28,1
617061.94,1281646.88,780.65,779.00,780.65,0.64,0.36,0.28,1
617154.19,1281646.88,779.64,778.00,779.64,0.64,0.36,0.28,1
617246.50,1281646.88,782.63,781.00,782.63,0.64,0.36,0.28,1
617338.75,1281646.88,775.62,774.00,775.62,0.64,0.36,0.28,1
617431.06,1281646.88,768.61,767.00,768.61,0.63,0.35,0.27,1
617523.31,1281646.88,773.59,772.00,773.59,0.62,0.34,0.26,1
617615.62,1281646.88,781.59,780.00,781.59,0.61,0.33,0.26,1
617707.88,1281646.88,779.58,778.00,779.58,0.63,0.35,0.27,1
617800.12,1281646.88,760.58,759.00,760.58,0.64,0.36,0.28,1
617892.44,1281646.88,756.59,755.00,756.59,0.63,0.35,0.27,1
617984.69,1281646.88,760.59,759.00,760.59,0.63,0.35,0.27,1
618077.00,1281646.88,749.60,748.00,749.60,0.63,0.35,0.27,1
618169.25,1281646.88,750.61,749.00,750.61,0.62,0.34,0.26,1
618261.56,1281646.88,758.61,757.00,758.61,0.62,0.34,0.26,1
618353.81,1281646.88,765.62,764.00,765.62,0.63,0.35,0.27,1
618446.12,1281646.88,768.64,767.00,768.64,0.63,0.35,0.27,1
618538.38,1281646.88,768.66,767.00,768.66,0.64,0.36,0.28,1
618630.62,1281646.88,759.67,758.00,759.67,0.64,0.36,0.28,1
618722.94,1281646.88,759.68,758.00,759.68,0.61,0.33,0.25,1
618815.19,1281646.88,772.68,771.00,772.68,0.60,0.32,0.24,1
618907.50,1281646.88,778.68,777.00,778.68,0.61,0.33,0.25,1
618999.75,1281646.88,772.69,771.00,772.69,0.63,0.35,0.27,1
619092.06,1281646.88,770.69,769.00,770.69,0.63,0.35,0.27,1
619184.31,1281646.88,766.70,765.00,766.70,0.63,0.35,0.27,1
619276.62,1281646.88,759.71,758.00,759.71,0.62,0.34,0.25,1
619368.88,1281646.88,770.73,769.00,770.73,0.60,0.32,0.24,1
619461.19,1281646.88,783.76,782.00,783.76,0.61,0.32,0.24,1
619553.44,1281646.88,789.82,788.00,789.82,0.61,0.32,0.24,1
619645.69,1281646.88,792.90,791.00,792.90,0.60,0.31,0.23,1
619738.00,1281646.88,800.03,798.00,800.03,0.60,0.31,0.22,1
619830.25,1281646.88,811.22,809.00,811.22,0.60,0.30,0.22,1
619922.56,1281646.88,809.50,807.00,809.50,0.60,0.29,0.21,1
620014.81,1281646.88,812.72,810.00,812.72,0.59,0.28,0.19,1
620107.12,1281646.88,829.60,827.00,829.60,0.58,0.27,0.18,1
620199.38,1281646.88,843.85,842.00,843.85,0.56,0.27,0.19,1
620291.69,1281646.88,865.91,865.00,865.91,0.53,0.28,0.21,1
620383.94,1281646.88,885.45,885.00,885.45,0.51,0.30,0.23,1
620476.19,1281646.88,897.32,897.00,897.32,0.48,0.28,0.22,1
620568.50,1281646.88,911.24,911.00,911.24,0.45,0.26,0.20,1
620660.75,1281646.88,921.18,921.00,921.18,0.42,0.24,0.19,1
620753.06,1281646.88,933.11,933.00,933.11,0.42,0.26,0.21,1
620845.31,1281646.88,947.06,947.00,947.06,0.45,0.31,0.20,1
620937.62,1281646.88,968.04,968.00,968.04,0.48,0.34,0.24,1
621029.88,1281646.88,990.03,990.00,990.03,0.49,0.35,0.24,1
621122.19,1281646.88,1013.02,1013.00,1013.02,0.46,0.32,0.22,1
621214.44,1281646.88,1042.01,1042.00,1042.01,0.46,0.32,0.21,1
621306.69,1281646.88,1072.00,1072.00,1072.00,0.47,0.33,0.22,1
621399.00,1281646.88,1092.00,1092.00,1092.00,0.44,0.30,0.20,1
621491.25,1281646.88,1102.00,1102.00,1102.00,0.44,0.30,0.19,1
621583.56,1281646.88,1095.00,1095.00,1095.00,0.48,0.34,0.24,1
621675.81,1281646.88,1077.00,1077.00,1077.00,0.51,0.37,0.27,1
621768.12,1281646.88,1063.01,1063.00,1063.01,0.49,0.35,0.25,1
621860.38,1281646.88,1053.01,1053.00,1053.01,0.49,0.35,0.24,1
621952.69,1281646.88,1050.01,1050.00,1050.01,0.51,0.37,0.26,1
622044.94,1281646.88,1049.01,1049.00,1049.01,0.52,0.38,0.27,1
622137.19,1281646.88,1049.01,1049.00,1049.01,0.51,0.37,0.27,1
622229.50,1281646.88,1056.00,1056.00,1056.00,0.52,0.38,0.27,1
622321.75,1281646.88,1072.01,1072.00,1072.01,0.53,0.39,0.29,1
622414.06,1281646.88,1094.01,1094.00,1094.01,0.60,0.46,0.35,1
622506.31,1281646.88,1098.00,1098.00,1098.00,0.74,0.60,0.50,1
622598.62,1281646.88,1063.01,1063.00,1063.01,0.83,0.69,0.59,1
622690.88,1281646.88,1004.02,1004.00,1004.02,0.84,0.70,0.60,1
622783.19,1281646.88,949.11,949.00,949.11,0.77,0.61,0.56,1
622875.44,1281646.88,908.48,908.00,908.48,0.71,0.49,0.43,1
622967.69,1281646.88,884.17,883.00,884.17,0.67,0.41,0.33,1
623060.00,1281646.88,875.65,874.00,875.65,0.65,0.37,0.29,1
623152.25,1281646.88,867.87,866.00,867.87,0.65,0.36,0.28,1
623244.56,1281646.88,846.96,845.00,846.96,0.65,0.36,0.28,1
623336.81,1281646.88,833.97,832.00,833.97,0.64,0.35,0.27,1
623429.12,1281646.88,847.93,846.00,847.93,0.63,0.34,0.25,1
623521.38,1281646.88,863.84,862.00,863.84,0.63,0.35,0.27,1
623613.69,1281646.88,859.79,858.00,859.79,0.65,0.36,0.28,1
623705.94,1281646.88,828.77,827.00,828.77,0.64,0.36,0.28,1
623798.19,1281646.88,797.74,796.00,797.74,0.64,0.36,0.27,1
623890.50,1281646.88,779.72,778.00,779.72,0.63,0.35,0.27,1
623982.75,1281646.88,772.70,771.00,772.70,0.63,0.34,0.26,1
624075.06,1281646.88,769.68,768.00,769.68,0.62,0.34,0.26,1
624167.31,1281646.88,767.66,766.00,767.66,0.63,0.35,0.27,1
624259.62,1281646.88,764.65,763.00,764.65,0.62,0.34,0.26,1
624351.88,1281646.88,766.64,765.00,766.64,0.61,0.33,0.25,1
624444.19,1281646.88,783.62,782.00,783.62,0.61,0.33,0.25,1
624536.44,1281646.88,800.61,799.00,800.61,0.62,0.34,0.26,1
624628.69,1281646.88,794.59,793.00,794.59,0.63,0.36,0.28,1
624721.00,1281646.88,775.57,774.00,775.57,0.64,0.36,0.28,1
624813.25,1281646.88,764.54,763.00,764.54,0.63,0.35,0.27,1
624905.56,1281646.88,762.50,761.00,762.50,0.62,0.35,0.27,1
624997.81,1281646.88,762.44,761.00,762.44,0.62,0.35,0.27,1
625090.12,1281646.88,764.38,763.00,764.38,0.62,0.35,0.27,1
625182.38,1281646.88,771.35,770.00,771.35,0.62,0.35,0.27,1
625274.69,1281646.88,771.34,770.00,771.34,0.63,0.36,0.28,1
625366.94,1281646.88,767.57,766.41,767.57,0.58,0.32,0.24,1
625459.19,1281646.88,-9999.00,-9999.00,-9999.00,0.71,0.71,0.71,0
614385.88,1281554.62,-9999.00,-9999.00,-9999.00,0.71,0.71,0.71,0
614478.12,1281554.62,807.13,806.00,807.13,0.32,0.06,-0.01,1
614570.44,1281554.62,810.21,809.00,810.21,0.62,0.36,0.28,1
614662.69,1281554.62,804.18,803.00,804.18,0.62,0.36,0.28,1
614755.00,1281554.62,804.24,803.00,804.24,0.61,0.35,0.27,1
614847.25,1281554.62,805.35,804.00,805.35,0.62,0.35,0.27,1
614939.56,1281554.62,797.45,796.00,797.45,0.62,0.34,0.27,1
615031.81,1281554.62,797.53,796.00,797.53,0.61,0.34,0.26,1
615124.12,1281554.62,803.58,802.00,803.58,0.62,0.34,0.26,1
615216.38,1281554.62,793.62,792.00,793.62,0.62,0.34,0.26,1
615308.62,1281554.62,787.64,786.00,787.64,0.62,0.34,0.26,1
615400.94,1281554.62,797.66,796.00,797.66,0.61,0.33,0.25,1
615493.19,1281554.62,813.67,812.00,813.67,0.61,0.33,0.25,1
615585.50,1281554.62,818.67,817.00,818.67,0.62,0.34,0.26,1
615677.75,1281554.62,807.67,806.00,807.67,0.62,0.34,0.26,1
615770.06,1281554.62,804.68,803.00,804.68,0.61,0.33,0.25,1
615862.31,1281554.62,810.68,809.00,810.68,0.61,0.33,0.25,1
615954.62,1281554.62,821.68,820.00,821.68,0.61,0.33,0.25,1
616046.88,1281554.62,834.67,833.00,834.67,0.61,0.33,0.25,1
616139.12,1281554.62,839.67,838.00,839.67,0.62,0.33,0.25,1
616231.44,1281554.62,835.67,834.00,835.67,0.62,0.34,0.26,1
616323.69,1281554.62,829.67,828.00,829.67,0.64,0.36,0.28,1
616416.00,1281554.62,820.67,819.00,820.67,0.63,0.35,0.27,1
616508.25,1281554.62,838.67,837.00,838.67,0.62,0.34,0.25,1
616600.56,1281554.62,854.67,853.00,854.67,0.63,0.35,0.27,1
616692.81,1281554.62,842.67,841.00,842.67,0.65,0.36,0.28,1
616785.12,1281554.62,823.66,822.00,823.66,0.65,0.37,0.29,1
616877.38,1281554.62,816.66,815.00,816.66,0.65,0.37,0.29,1
616969.62,1281554.62,812.66,811.00,812.66,0.65,0.37,0.29,1
617061.94,1281554.62,805.65,804.00,805.65,0.65,0.37,0.29,1
617154.19,1281554.62,796.64,795.00,796.64,0.64,0.36,0.28,1
617246.50,1281554.62,790.63,789.00,790.63,0.63,0.35,0.27,1
617338.75,1281554.62,780.62,779.00,780.62,0.63,0.35,0.27,1
617431.06,1281554.62,773.61,772.00,773.61,0.63,0.35,0.27,1
617523.31,1281554.62,769.60,768.00,769.60,0.62,0.34,0.26,1
617615.62,1281554.62,773.59,772.00,773.59,0.61,0.33,0.25,1
617707.88,1281554.62,776.59,775.00,776.59,0.62,0.34,0.26,1
617800.12,1281554.62,767.59,766.00,767.59,0.63,0.36,0.28,1
617892.44,1281554.62,763.59,762.00,763.59,0.63,0.35,0.27,1
617984.69,1281554.62,759.60,758.00,759.60,0.63,0.35,0.27,1
618077.00,1281554.62,749.60,748.00,749.60,0.63,0.35,0.27,1
618169.25,1281554.62,750.61,749.00,750.61,0.62,0.34,0.26,1
618261.56,1281554.62,761.61,760.00,761.61,0.61,0.33,0.25,1
618353.81,1281554.62,774.63,773.00,774.63,0.62,0.34,0.26,1
618446.12,1281554.62,779.64,778.00,779.64,0.63,0.34,0.26,1
618538.38,1281554.62,785.66,784.00,785.66,0.63,0.35,0.27,1
618630.62,1281554.62,778.67,777.00,778.67,0.65,0.36,0.28,1
618722.94,1281554.62,768.68,767.00,768.68,0.64,0.36,0.28,1
618815.19,1281554.62,764.68,763.00,764.68,0.62,0.34,0.26,1
618907.50,1281554.62,769.69,768.00,769.69,0.61,0.33,0.25,1
618999.75,1281554.62,777.69,776.00,777.69,0.62,0.34,0.26,1
619092.06,1281554.62,781.69,780.00,781.69,0.63,0.35,0.27,1
619184.31,1281554.62,773.69,772.00,773.69,0.64,0.35,0.27,1
619276.62,1281554.62,761.71,760.00,761.71,0.63,0.34,0.26,1
619368.88,1281554.62,766.73,765.00,766.73,0.61,0.32,0.24,1
619461.19,1281554.62,779.77,778.00,779.77,0.60,0.32,0.24,1
619553.44,1281554.62,781.82,780.00,781.82,0.61,0.32,0.24,1
619645.69,1281554.62,784.90,783.00,784.90,0.61,0.32,0.24,1
619738.00,1281554.62,793.03,791.00,793.03,0.60,0.31,0.23,1
619830.25,1281554.62,798.22,796.00,798.22,0.60,0.31,0.22,1
619922.56,1281554.62,799.52,797.00,799.52,0.61,0.30,0.22,1
620014.81,1281554.62,791.83,789.00,791.83,0.60,0.29,0.20,1
620107.12,1281554.62,799.02,796.00,799.02,0.59,0.27,0.18,1
620199.38,1281554.62,809.93,807.00,809.93,0.58,0.27,0.18,1
620291.69,1281554.62,830.38,828.00,830.38,0.57,0.27,0.18,1
620383.94,1281554.62,846.86,845.00,846.86,0.57,0.28,0.20,1
620476.19,1281554.62,849.67,848.00,849.67,0.57,0.28,0.20,1
620568.50,1281554.62,854.57,853.00,854.57,0.55,0.28,0.20,1
620660.75,1281554.62,867.40,866.00,867.40,0.54,0.27,0.19,1
620753.06,1281554.62,890.99,890.00,890.99,0.53,0.28,0.21,1
620845.31,1281554.62,911.47,911.00,911.47,0.51,0.30,0.23,1
620937.62,1281554.62,938.18,938.00,938.18,0.49,0.31,0.26,1
621029.88,1281554.62,957.06,957.00,957.06,0.48,0.34,0.24,1
621122.19,1281554.62,974.02,974.00,974.02,0.45,0.31,0.21,1
621214.44,1281554.62,1000.01,1000.00,1000.01,0.44,0.30,0.19,1
621306.69,1281554.62,1025.00,1025.00,1025.00,0.44,0.30,0.19,1
621399.00,1281554.62,1033.00,1033.00,1033.00,0.44,0.30,0.20,1
621491.25,1281554.62,1035.00,1035.00,1035.00,0.45,0.31,0.21,1
621583.56,1281554.62,1035.01,1035.00,1035.01,0.49,0.35,0.24,1
621675.81,1281554.62,1025.01,1025.00,1025.01,0.53,0.39,0.28,1
621768.12,1281554.62,1009.05,1009.00,1009.05,0.53,0.39,0.28,1
621860.38,1281554.62,1002.07,1002.00,1002.07,0.52,0.38,0.27,1
621952.69,1281554.62,1003.07,1003.00,1003.07,0.50,0.36,0.26,1
622044.94,1281554.62,1006.06,1006.00,1006.06,0.52,0.38,0.27,1
622137.19,1281554.62,1014.03,1014.00,1014.03,0.54,0.40,0.30,1
622229.50,1281554.62,1033.01,1033.00,1033.01,0.57,0.43,0.32,1
622321.75,1281554.62,1057.01,1057.00,1057.01,0.58,0.44,0.34,1
622414.06,1281554.62,1079.01,1079.00,1079.01,0.58,0.44,0.34,1
622506.31,1281554.62,1092.01,1092.00,1092.01,0.66,0.52,0.42,1
622598.62,1281554.62,1067.01,1067.00,1067.01,0.77,0.63,0.52,1
622690.88,1281554.62,1015.04,1015.00,1015.04,0.81,0.67,0.57,1
622783.19,1281554.62,964.18,964.00,964.18,0.74,0.56,0.51,1
622875.44,1281554.62,928.55,928.00,928.55,0.70,0.48,0.42,1
622967.69,1281554.62,907.07,906.00,907.07,0.67,0.41,0.34,1
623060.00,1281554.62,900.39,899.00,900.39,0.65,0.38,0.30,1
623152.25,1281554.62,890.57,889.00,890.57,0.65,0.37,0.29,1
623244.56,1281554.62,874.67,873.00,874.67,0.65,0.37,0.29,1
623336.81,1281554.62,873.71,872.00,873.71,0.64,0.35,0.27,1
623429.12,1281554.62,888.70,887.00,888.70,0.63,0.35,0.27,1
623521.38,1281554.62,888.69,887.00,888.69,0.64,0.36,0.28,1
623613.69,1281554.62,859.70,858.00,859.70,0.64,0.36,0.28,1
623705.94,1281554.62,819.75,818.00,819.75,0.64,0.35,0.27,1
623798.19,1281554.62,795.76,794.00,795.76,0.63,0.35,0.27,1
623890.50,1281554.62,783.75,782.00,783.75,0.63,0.35,0.27,1
623982.75,1281554.62,778.74,777.00,778.74,0.63,0.34,0.26,1
624075.06,1281554.62,776.72,775.00,776.72,0.63,0.34,0.26,1
624167.31,1281554.62,773.70,772.00,773.70,0.63,0.35,0.27,1
624259.62,1281554.62,766.68,765.00,766.68,0.63,0.34,0.26,1
624351.88,1281554.62,769.66,768.00,769.66,0.61,0.33,0.25,1
624444.19,1281554.62,784.64,783.00,784.64,0.60,0.32,0.24,1
624536.44,1281554.62,795.62,794.00,795.62,0.61,0.33,0.25,1
624628.69,1281554.62,790.60,789.00,790.60,0.63,0.35,0.27,1
624721.00,1281554.62,776.57,775.00,776.57,0.64,0.36,0.28,1
624813.25,1281554.62,765.54,764.00,765.54,0.63,0.35,0.28,1
624905.56,1281554.62,763.49,762.00,763.49,0.62,0.35,0.27,1
624997.81,1281554.62,765.43,764.00,765.43,0.63,0.35,0.27,1
625090.12,1281554.62,764.36,763.00,764.36,0.62,0.35,0.28,1
625182.38,1281554.62,765.31,764.00,765.31,0.62,0.35,0.27,1
625274.69,1281554.62,769.27,768.00,769.27,0.62,0.35,0.28,1
625366.94,1281554.62,768.04,766.92,768.04,0.58,0.32,0.24,1
625459.19,1281554.62,-9999.00,-9999.00,-9999.00,0.71,0.71,0.71,0
614385.88,1281462.38,-9999.00,-9999.00,-9999.00,0.71,0.71,0.71,0
614478.12,1281462.38,801.17,800.00,801.17,0.33,0.06,-0.01,1
614570.44,1281462.38,801.26,800.00,801.26,0.61,0.35,0.27,1
614662.69,1281462.38,791.25,790.00,791.25,0.61,0.35,0.27,1
614755.00,1281462.38,796.28,795.00,796.28,0.61,0.34,0.27,1
614847.25,1281462.38,796.35,795.00,796.35,0.61,0.35,0.27,1
614939.56,1281462.38,787.45,786.00,787.45,0.62,0.34,0.26,1
615031.81,1281462.38,788.53,787.00,788.53,0.61,0.33,0.26,1
615124.12,1281462.38,791.58,790.00,791.58,0.62,0.34,0.26,1
615216.38,1281462.38,787.62,786.00,787.62,0.63,0.35,0.27,1
615308.62,1281462.38,787.64,786.00,787.64,0.62,0.34,0.26,1
615400.94,1281462.38,800.65,799.00,800.65,0.61,0.32,0.24,1
615493.19,1281462.38,812.66,811.00,812.66,0.61,0.33,0.25,1
615585.50,1281462.38,811.66,810.00,811.66,0.62,0.34,0.26,1
615677.75,1281462.38,799.67,798.00,799.67,0.62,0.34,0.26,1
615770.06,1281462.38,800.67,799.00,800.67,0.61,0.33,0.25,1
615862.31,1281462.38,810.67,809.00,810.67,0.61,0.33,0.25,1
615954.62,1281462.38,824.66,823.00,824.66,0.61,0.32,0.24,1
616046.88,1281462.38,835.66,834.00,835.66,0.61,0.33,0.25,1
616139.12,1281462.38,829.65,828.00,829.65,0.61,0.33,0.25,1
616231.44,1281462.38,827.65,826.00,827.65,0.61,0.33,0.25,1
616323.69,1281462.38,834.65,833.00,834.65,0.61,0.33,0.25,1
616416.00,1281462.38,838.66,837.00,838.66,0.62,0.34,0.26,1
616508.25,1281462.38,854.66,853.00,854.66,0.61,0.33,0.25,1
616600.56,1281462.38,861.66,860.00,861.66,0.62,0.34,0.26,1
616692.81,1281462.38,850.66,849.00,850.66,0.63,0.35,0.27,1
616785.12,1281462.38,846.66,845.00,846.66,0.64,0.36,0.28,1
616877.38,1281462.38,842.66,841.00,842.66,0.64,0.36,0.28,1
616969.62,1281462.38,836.65,835.00,836.65,0.65,0.37,0.29,1
617061.94,1281462.38,822.65,821.00,822.65,0.65,0.37,0.29,1
617154.19,1281462.38,806.64,805.00,806.64,0.65,0.37,0.29,1
617246.50,1281462.38,792.64,791.00,792.64,0.64,0.36,0.28,1
617338.75,1281462.38,777.63,776.00,777.63,0.63,0.35,0.27,1
617431.06,1281462.38,770.62,769.00,770.62,0.63,0.35,0.27,1
617523.31,1281462.38,764.61,763.00,764.61,0.63,0.35,0.27,1
617615.62,1281462.38,765.60,764.00,765.60,0.61,0.34,0.26,1
617707.88,1281462.38,768.60,767.00,768.60,0.61,0.33,0.25,1
617800.12,1281462.38,771.60,770.00,771.60,0.62,0.34,0.26,1
617892.44,1281462.38,768.60,767.00,768.60,0.63,0.35,0.27,1
617984.69,1281462.38,759.60,758.00,759.60,0.63,0.35,0.27,1
618077.00,1281462.38,752.61,751.00,752.61,0.63,0.35,0.27,1
618169.25,1281462.38,751.61,750.00,751.61,0.62,0.34,0.26,1
618261.56,1281462.38,763.62,762.00,763.62,0.60,0.33,0.25,1
618353.81,1281462.38,782.63,781.00,782.63,0.61,0.33,0.25,1
618446.12,1281462.38,789.64,788.00,789.64,0.62,0.34,0.26,1
618538.38,1281462.38,796.66,795.00,796.66,0.62,0.34,0.26,1
618630.62,1281462.38,796.67,795.00,796.67,0.64,0.36,0.28,1
618722.94,1281462.38,781.68,780.00,781.68,0.64,0.36,0.28,1
618815.19,1281462.38,767.68,766.00,767.68,0.63,0.35,0.27,1
618907.50,1281462.38,773.69,772.00,773.69,0.62,0.34,0.25,1
618999.75,1281462.38,786.69,785.00,786.69,0.62,0.34,0.26,1
619092.06,1281462.38,787.69,786.00,787.69,0.63,0.35,0.27,1
619184.31,1281462.38,777.69,776.00,777.69,0.63,0.35,0.27,1
619276.62,1281462.38,763.71,762.00,763.71,0.63,0.35,0.27,1
619368.88,1281462.38,761.73,760.00,761.73,0.62,0.33,0.25,1
619461.19,1281462.38,768.76,767.00,768.76,0.61,0.32,0.24,1
619553.44,1281462.38,773.82,772.00,773.82,0.61,0.32,0.24,1
619645.69,1281462.38,779.90,778.00,779.90,0.60,0.32,0.23,1
619738.00,1281462.38,786.02,784.00,786.02,0.60,0.31,0.23,1
619830.25,1281462.38,787.20,785.00,787.20,0.60,0.31,0.22,1
619922.56,1281462.38,790.47,788.00,790.47,0.61,0.30,0.22,1
620014.81,1281462.38,784.77,782.00,784.77,0.61,0.30,0.21,1
620107.12,1281462.38,781.96,779.00,781.96,0.60,0.29,0.20,1
620199.38,1281462.38,788.01,785.00,788.01,0.60,0.28,0.19,1
620291.69,1281462.38,800.95,798.00,800.95,0.59,0.27,0.18,1
620383.94,1281462.38,811.80,809.00,811.80,0.59,0.28,0.19,1
620476.19,1281462.38,818.78,816.00,818.78,0.59,0.28,0.19,1
620568.50,1281462.38,826.79,824.00,826.79,0.59,0.28,0.19,1
620660.75,1281462.38,843.75,841.00,843.75,0.59,0.28,0.19,1
620753.06,1281462.38,864.44,862.00,864.44,0.58,0.27,0.19,1
620845.31,1281462.38,885.74,884.00,885.74,0.56,0.28,0.20,1
620937.62,1281462.38,904.95,904.00,904.95,0.54,0.29,0.22,1
621029.88,1281462.38,915.41,915.00,915.41,0.51,0.30,0.23,1
621122.19,1281462.38,928.13,928.00,928.13,0.45,0.29,0.24,1
621214.44,1281462.38,956.03,956.00,956.03,0.44,0.30,0.20,1
621306.69,1281462.38,971.02,971.00,971.02,0.46,0.32,0.21,1
621399.00,1281462.38,974.02,974.00,974.02,0.46,0.32,0.21,1
621491.25,1281462.38,983.03,983.00,983.03,0.48,0.34,0.24,1
621583.56,1281462.38,985.06,985.00,985.06,0.52,0.38,0.27,1
621675.81,1281462.38,976.18,976.00,976.18,0.53,0.35,0.30,1
621768.12,1281462.38,964.36,964.00,964.36,0.55,0.34,0.28,1
621860.38,1281462.38,960.45,960.00,960.45,0.55,0.33,0.27,1
621952.69,1281462.38,959.45,959.00,959.45,0.54,0.32,0.26,1
622044.94,1281462.38,968.34,968.00,968.34,0.52,0.32,0.26,1
622137.19,1281462.38,993.12,993.00,993.12,0.49,0.33,0.28,1
622229.50,1281462.38,1030.03,1030.00,1030.03,0.54,0.40,0.29,1
622321.75,1281462.38,1057.01,1057.00,1057.01,0.60,0.46,0.35,1
622414.06,1281462.38,1067.01,1067.00,1067.01,0.60,0.46,0.35,1
622506.31,1281462.38,1066.01,1066.00,1066.01,0.60,0.46,0.36,1
622598.62,1281462.38,1048.03,1048.00,1048.03,0.69,0.55,0.44,1
622690.88,1281462.38,1009.10,1009.00,1009.10,0.76,0.62,0.52,1
622783.19,1281462.38,971.29,971.00,971.29,0.71,0.51,0.45,1
622875.44,1281462.38,941.67,941.00,941.67,0.69,0.45,0.39,1
622967.69,1281462.38,924.05,923.00,924.05,0.67,0.41,0.34,1
623060.00,1281462.38,914.28,913.00,914.28,0.65,0.38,0.31,1
623152.25,1281462.38,899.42,898.00,899.42,0.65,0.37,0.30,1
623244.56,1281462.38,888.51,887.00,888.51,0.64,0.37,0.29,1
623336.81,1281462.38,890.55,889.00,890.55,0.63,0.36,0.28,1
623429.12,1281462.38,887.56,886.00,887.56,0.63,0.35,0.27,1
623521.38,1281462.38,871.59,870.00,871.59,0.63,0.35,0.27,1
623613.69,1281462.38,847.64,846.00,847.64,0.64,0.36,0.28,1
623705.94,1281462.38,817.75,816.00,817.75,0.65,0.36,0.28,1
623798.19,1281462.38,794.80,793.00,794.80,0.64,0.35,0.27,1
623890.50,1281462.38,785.81,784.00,785.81,0.63,0.34,0.26,1
623982.75,1281462.38,780.80,779.00,780.80,0.62,0.34,0.26,1
624075.06,1281462.38,778.78,777.00,778.78,0.62,0.34,0.26,1
624167.31,1281462.38,772.74,771.00,772.74,0.62,0.34,0.26,1
624259.62,1281462.38,769.71,768.00,769.71,0.62,0.34,0.26,1
624351.88,1281462.38,774.68,773.00,774.68,0.62,0.34,0.26,1
624444.19,1281462.38,781.66,780.00,781.66,0.62,0.34,0.26,1
624536.44,1281462.38,788.63,787.00,788.63,0.61,0.33,0.25,1
624628.69,1281462.38,789.61,788.00,789.61,0.62,0.35,0.27,1
624721.00,1281462.38,778.58,777.00,778.58,0.63,0.35,0.28,1
624813.25,1281462.38,768.54,767.00,768.54,0.63,0.35,0.28,1
624905.56,1281462.38,765.49,764.00,765.49,0.63,0.35,0.27,1
624997.81,1281462.38,766.41,765.00,766.41,0.62,0.35,0.27,1
625090.12,1281462.38,764.32,763.00,764.32,0.63,0.36,0.28,1
625182.38,1281462.38,764.24,763.00,764.24,0.63,0.36,0.29,1
625274.69,1281462.38,766.20,765.00,766.20,0.62,0.36,0.28,1
625366.94,1281462.38,770.11,769.04,770.11,0.58,0.32,0.25,1
625459.19,1281462.38,-9999.00,-9999.00,-9999.00,0.71,0.71,0.71,0
614385.88,1281370.12,-9999.00,-9999.00,-9999.00,0.71,0.71,0.71,0
614478.12,1281370.12,784.16,783.00,784.16,0.33,0.06,-0.01,1
614570.44,1281370.12,783.24,782.00,783.24,0.60,0.34,0.26,1
614662.69,1281370.12,780.26,779.00,780.26,0.61,0.35,0.27,1
614755.00,1281370.12,784.29,783.00,784.29,0.61,0.35,0.27,1
614847.25,1281370.12,783.35,782.00,783.35,0.62,0.35,0.27,1
614939.56,1281370.12,778.45,777.00,778.45,0.62,0.35,0.27,1
615031.81,1281370.12,782.53,781.00,782.53,0.61,0.33,0.25,1
615124.12,1281370.12,797.58,796.00,797.58,0.62,0.34,0.26,1
615216.38,1281370.12,802.62,801.00,802.62,0.64,0.36,0.28,1
615308.62,1281370.12,793.64,792.00,793.64,0.64,0.36,0.28,1
615400.94,1281370.12,795.65,794.00,795.65,0.61,0.33,0.25,1
615493.19,1281370.12,804.65,803.00,804.65,0.61,0.33,0.25,1
615585.50,1281370.12,800.65,799.00,800.65,0.61,0.33,0.25,1
615677.75,1281370.12,798.65,797.00,798.65,0.62,0.34,0.26,1
615770.06,1281370.12,803.65,802.00,803.65,0.62,0.34,0.25,1
615862.31,1281370.12,810.65,809.00,810.65,0.61,0.33,0.25,1
615954.62,1281370.12,819.64,818.00,819.64,0.60,0.32,0.24,1
616046.88,1281370.12,825.64,824.00,825.64,0.61,0.33,0.25,1
616139.12,1281370.12,819.64,818.00,819.64,0.61,0.33,0.25,1
616231.44,1281370.12,820.63,819.00,820.63,0.61,0.33,0.25,1
616323.69,1281370.12,825.64,824.00,825.64,0.61,0.33,0.25,1
616416.00,1281370.12,837.64,836.00,837.64,0.60,0.32,0.24,1
616508.25,1281370.12,852.64,851.00,852.64,0.61,0.33,0.25,1
616600.56,1281370.12,857.64,856.00,857.64,0.61,0.33,0.25,1
616692.81,1281370.12,855.64,854.00,855.64,0.62,0.34,0.26,1
616785.12,1281370.12,856.65,855.00,856.65,0.62,0.34,0.26,1
616877.38,1281370.12,854.65,853.00,854.65,0.62,0.34,0.26,1
616969.62,1281370.12,855.65,854.00,855.65,0.64,0.36,0.28,1
617061.94,1281370.12,836.64,835.00,836.64,0.65,0.37,0.29,1
617154.19,1281370.12,818.64,817.00,818.64,0.64,0.36,0.28,1
617246.50,1281370.12,795.64,794.00,795.64,0.64,0.36,0.28,1
617338.75,1281370.12,782.63,781.00,782.63,0.64,0.36,0.28,1
617431.06,1281370.12,778.62,777.00,778.62,0.64,0.36,0.28,1
617523.31,1281370.12,776.62,775.00,776.62,0.64,0.36,0.28,1
617615.62,1281370.12,765.61,764.00,765.61,0.63,0.35,0.27,1
617707.88,1281370.12,760.61,759.00,760.61,0.62,0.34,0.26,1
617800.12,1281370.12,766.61,765.00,766.61,0.61,0.33,0.25,1
617892.44,1281370.12,766.61,765.00,766.61,0.62,0.34,0.26,1
617984.69,1281370.12,760.61,759.00,760.61,0.63,0.35,0.27,1
618077.00,1281370.12,755.61,754.00,755.61,0.63,0.35,0.27,1
618169.25,1281370.12,751.62,750.00,751.62,0.62,0.34,0.26,1
618261.56,1281370.12,765.62,764.00,765.62,0.60,0.32,0.24,1
618353.81,1281370.12,787.63,786.00,787.63,0.60,0.32,0.24,1
618446.12,1281370.12,795.65,794.00,795.65,0.61,0.33,0.25,1
618538.38,1281370.12,798.66,797.00,798.66,0.61,0.33,0.25,1
618630.62,1281370.12,798.68,797.00,798.68,0.62,0.34,0.26,1
618722.94,1281370.12,787.68,786.00,787.68,0.64,0.35,0.27,1
618815.19,1281370.12,773.69,772.00,773.69,0.63,0.35,0.27,1
618907.50,1281370.12,783.69,782.00,783.69,0.62,0.34,0.26,1
618999.75,1281370.12,792.69,791.00,792.69,0.62,0.34,0.26,1
619092.06,1281370.12,790.69,789.00,790.69,0.63,0.35,0.27,1
619184.31,1281370.12,777.69,776.00,777.69,0.63,0.35,0.27,1
619276.62,1281370.12,764.70,763.00,764.70,0.63,0.35,0.27,1
619368.88,1281370.12,763.73,762.00,763.73,0.62,0.34,0.26,1
619461.19,1281370.12,770.76,769.00,770.76,0.62,0.34,0.26,1
619553.44,1281370.12,768.80,767.00,768.80,0.62,0.33,0.25,1
619645.69,1281370.12,769.87,768.00,769.87,0.61,0.32,0.24,1
619738.00,1281370.12,769.97,768.00,769.97,0.61,0.32,0.23,1
619830.25,1281370.12,771.13,769.00,771.13,0.60,0.31,0.22,1
619922.56,1281370.12,777.35,775.00,777.35,0.60,0.30,0.22,1
620014.81,1281370.12,779.60,777.00,779.60,0.61,0.30,0.21,1
620107.12,1281370.12,777.76,775.00,777.76,0.61,0.30,0.21,1
620199.38,1281370.12,775.85,773.00,775.85,0.60,0.29,0.20,1
620291.69,1281370.12,782.87,780.00,782.87,0.60,0.29,0.20,1
620383.94,1281370.12,791.87,789.00,791.87,0.60,0.28,0.19,1
620476.19,1281370.12,800.89,798.00,800.89,0.59,0.28,0.19,1
620568.50,1281370.12,816.90,814.00,816.90,0.60,0.28,0.19,1
620660.75,1281370.12,834.89,832.00,834.89,0.60,0.28,0.19,1
620753.06,1281370.12,842.83,840.00,842.83,0.59,0.28,0.19,1
620845.31,1281370.12,852.64,850.00,852.64,0.58,0.27,0.19,1
620937.62,1281370.12,867.19,865.00,867.19,0.57,0.28,0.19,1
621029.88,1281370.12,872.55,871.00,872.55,0.56,0.28,0.20,1
621122.19,1281370.12,887.85,887.00,887.85,0.53,0.28,0.21,1
621214.44,1281370.12,910.35,910.00,910.35,0.49,0.29,0.23,1
621306.69,1281370.12,921.20,921.00,921.20,0.49,0.31,0.26,1
621399.00,1281370.12,926.19,926.00,926.19,0.49,0.31,0.26,1
621491.25,1281370.12,938.25,938.00,938.25,0.51,0.31,0.26,1
621583.56,1281370.12,942.44,942.00,942.44,0.54,0.33,0.27,1
621675.81,1281370.12,935.86,935.00,935.86,0.58,0.33,0.26,1
621768.12,1281370.12,926.24,925.00,926.24,0.58,0.31,0.24,1
621860.38,1281370.12,923.36,922.00,923.36,0.57,0.30,0.23,1
621952.69,1281370.12,927.30,926.00,927.30,0.57,0.30,0.22,1
622044.94,1281370.12,941.97,941.00,941.97,0.55,0.30,0.22,1
622137.19,1281370.12,973.39,973.00,973.39,0.50,0.29,0.23,1
622229.50,1281370.12,1014.08,1014.00,1014.08,0.47,0.33,0.23,1
622321.75,1281370.12,1038.02,1038.00,1038.02,0.53,0.39,0.29,1
622414.06,1281370.12,1035.01,1035.00,1035.01,0.56,0.42,0.32,1
622506.31,1281370.12,1029.02,1029.00,1029.02,0.56,0.42,0.31,1
622598.62,1281370.12,1020.06,1020.00,1020.06,0.61,0.47,0.36,1
622690.88,1281370.12,998.19,998.00,998.19,0.64,0.46,0.41,1
622783.19,1281370.12,972.45,972.00,972.45,0.66,0.45,0.38,1
622875.44,1281370.12,953.79,953.00,953.79,0.66,0.42,0.35,1
622967.69,1281370.12,938.06,937.00,938.06,0.65,0.40,0.32,1
623060.00,1281370.12,918.22,917.00,918.22,0.65,0.38,0.31,1
623152.25,1281370.12,906.32,905.00,906.32,0.65,0.38,0.30,1
623244.56,1281370.12,903.38,902.00,903.38,0.65,0.38,0.30,1
623336.81,1281370.12,897.42,896.00,897.42,0.65,0.38,0.30,1
623429.12,1281370.12,885.45,884.00,885.45,0.65,0.37,0.29,1
623521.38,1281370.12,874.49,873.00,874.49,0.65,0.37,0.29,1
623613.69,1281370.12,861.57,860.00,861.57,0.65,0.38,0.30,1
623705.94,1281370.12,832.76,831.00,832.76,0.65,0.37,0.29,1
623798.19,1281370.12,802.88,801.00,802.88,0.64,0.36,0.27,1
623890.50,1281370.12,785.89,784.00,785.89,0.63,0.34,0.26,1
623982.75,1281370.12,778.87,777.00,778.87,0.62,0.34,0.25,1
624075.06,1281370.12,774.83,773.00,774.83,0.62,0.34,0.25,1
624167.31,1281370.12,770.77,769.00,770.77,0.62,0.34,0.25,1
624259.62,1281370.12,776.73,775.00,776.73,0.62,0.33,0.25,1
624351.88,1281370.12,788.70,787.00,788.70,0.62,0.34,0.26,1
624444.19,1281370.12,794.67,793.00,794.67,0.63,0.35,0.27,1
624536.44,1281370.12,791.64,790.00,791.64,0.63,0.35,0.27,1
624628.69,1281370.12,785.61,784.00,785.61,0.62,0.35,0.27,1
624721.00,1281370.12,776.58,775.00,776.58,0.63,0.35,0.27,1
624813.25,1281370.12,769.54,768.00,769.54,0.63,0.35,0.27,1
624905.56,1281370.12,768.48,767.00,768.48,0.63,0.35,0.27,1
624997.81,1281370.12,766.40,765.00,766.40,0.63,0.36,0.28,1
625090.12,1281370.12,766.30,765.00,766.30,0.63,0.36,0.28,1
625182.38,1281370.12,768.21,767.00,768.21,0.63,0.37,0.29,1
625274.69,1281370.12,767.15,766.00,767.15,0.63,0.37,0.29,1
625366.94,1281370.12,773.79,772.76,773.79,0.58,0.32,0.25,1
625459.19,1281370.12,-9999.00,-9999.00,-9999.00,0.71,0.71,0.71,0
614385.88,1281277.88,-9999.00,-9999.00,-9999.00,0.71,0.71,0.71,0
614478.12,1281277.88,768.13,767.00,768.13,0.32,0.06,-0.01,1
614570.44,1281277.88,769.18,768.00,769.18,0.61,0.35,0.27,1
614662.69,1281277.88,776.24,775.00,776.24,0.62,0.36,0.28,1
614755.00,1281277.88,780.29,779.00,780.29,0.63,0.36,0.29,1
614847.25,1281277.88,782.36,781.00,782.36,0.63,0.37,0.29,1
614939.56,1281277.88,780.45,779.00,780.45,0.63,0.36,0.28,1
615031.81,1281277.88,787.53,786.00,787.53,0.61,0.34,0.26,1
615124.12,1281277.88,809.58,808.00,809.58,0.61,0.33,0.25,1
615216.38,1281277.88,821.61,820.00,821.61,0.63,0.36,0.28,1
615308.62,1281277.88,808.63,807.00,808.63,0.65,0.37,0.29,1
615400.94,1281277.88,793.64,792.00,793.64,0.63,0.35,0.27,1
615493.19,1281277.88,793.64,792.00,793.64,0.62,0.34,0.26,1
615585.50,1281277.88,789.64,788.00,789.64,0.61,0.33,0.25,1
615677.75,1281277.88,796.64,795.00,796.64,0.61,0.33,0.25,1
615770.06,1281277.88,803.64,802.00,803.64,0.61,0.33,0.25,1
615862.31,1281277.88,804.63,803.00,804.63,0.62,0.34,0.26,1
615954.62,1281277.88,805.62,804.00,805.62,0.61,0.33,0.25,1
616046.88,1281277.88,809.61,808.00,809.61,0.61,0.33,0.25,1
616139.12,1281277.88,809.61,808.00,809.61,0.61,0.33,0.25,1
616231.44,1281277.88,816.61,815.00,816.61,0.62,0.34,0.26,1
616323.69,1281277.88,823.61,822.00,823.61,0.61,0.33,0.25,1
616416.00,1281277.88,836.61,835.00,836.61,0.61,0.33,0.25,1
616508.25,1281277.88,848.61,847.00,848.61,0.61,0.33,0.25,1
616600.56,1281277.88,853.61,852.00,853.61,0.61,0.33,0.25,1
616692.81,1281277.88,855.62,854.00,855.62,0.62,0.34,0.26,1
616785.12,1281277.88,850.63,849.00,850.63,0.62,0.34,0.26,1
616877.38,1281277.88,847.63,846.00,847.63,0.61,0.33,0.25,1
616969.62,1281277.88,868.64,867.00,868.64,0.63,0.35,0.27,1
617061.94,1281277.88,844.64,843.00,844.64,0.65,0.37,0.29,1
617154.19,1281277.88,815.64,814.00,815.64,0.64,0.36,0.28,1
617246.50,1281277.88,797.64,796.00,797.64,0.64,0.36,0.28,1
617338.75,1281277.88,803.63,802.00,803.63,0.64,0.36,0.28,1
617431.06,1281277.88,799.63,798.00,799.63,0.64,0.37,0.29,1
617523.31,1281277.88,791.62,790.00,791.62,0.65,0.37,0.29,1
617615.62,1281277.88,773.62,772.00,773.62,0.65,0.37,0.29,1
617707.88,1281277.88,758.62,757.00,758.62,0.63,0.35,0.27,1
617800.12,1281277.88,755.62,754.00,755.62,0.61,0.33,0.25,1
617892.44,1281277.88,758.62,757.00,758.62,0.61,0.33,0.25,1
617984.69,1281277.88,757.62,756.00,757.62,0.62,0.34,0.26,1
618077.00,1281277.88,754.62,753.00,754.62,0.62,0.34,0.26,1
618169.25,1281277.88,752.62,751.00,752.62,0.62,0.34,0.26,1
618261.56,1281277.88,757.63,756.00,757.63,0.60,0.32,0.24,1
618353.81,1281277.88,775.64,774.00,775.64,0.59,0.31,0.23,1
618446.12,1281277.88,786.65,785.00,786.65,0.60,0.32,0.24,1
618538.38,1281277.88,788.67,787.00,788.67,0.61,0.33,0.25,1
618630.62,1281277.88,787.68,786.00,787.68,0.61,0.33,0.25,1
618722.94,1281277.88,788.68,787.00,788.68,0.62,0.34,0.26,1
618815.19,1281277.88,791.69,790.00,791.69,0.63,0.35,0.27,1
618907.50,1281277.88,799.68,798.00,799.68,0.63,0.35,0.27,1
618999.75,1281277.88,796.69,795.00,796.69,0.63,0.34,0.26,1
619092.06,1281277.88,789.69,788.00,789.69,0.62,0.34,0.26,1
619184.31,1281277.88,774.70,773.00,774.70,0.63,0.34,0.26,1
619276.62,1281277.88,765.70,764.00,765.70,0.62,0.34,0.26,1
619368.88,1281277.88,774.72,773.00,774.72,0.62,0.34,0.26,1
619461.19,1281277.88,779.75,778.00,779.75,0.63,0.35,0.26,1
619553.44,1281277.88,771.78,770.00,771.78,0.63,0.35,0.27,1
619645.69,1281277.88,766.83,765.00,766.83,0.63,0.34,0.26,1
619738.00,1281277.88,762.90,761.00,762.90,0.62,0.33,0.25,1
619830.25,1281277.88,764.00,762.00,764.00,0.61,0.32,0.23,1
619922.56,1281277.88,771.15,769.00,771.15,0.61,0.31,0.23,1
620014.81,1281277.88,773.32,771.00,773.32,0.61,0.31,0.22,1
620107.12,1281277.88,770.46,768.00,770.46,0.61,0.31,0.22,1
620199.38,1281277.88,770.58,768.00,770.58,0.61,0.30,0.21,1
620291.69,1281277.88,777.67,775.00,777.67,0.61,0.30,0.21,1
620383.94,1281277.88,783.74,781.00,783.74,0.60,0.29,0.21,1
620476.19,1281277.88,790.79,788.00,790.79,0.60,0.29,0.20,1
620568.50,1281277.88,808.83,806.00,808.83,0.59,0.28,0.19,1
620660.75,1281277.88,826.84,824.00,826.84,0.59,0.28,0.19,1
620753.06,1281277.88,825.82,823.00,825.82,0.60,0.28,0.20,1
620845.31,1281277.88,827.79,825.00,827.79,0.59,0.28,0.19,1
620937.62,1281277.88,836.71,834.00,836.71,0.59,0.28,0.19,1
621029.88,1281277.88,842.53,840.00,842.53,0.58,0.28,0.19,1
621122.19,1281277.88,856.11,854.00,856.11,0.57,0.28,0.19,1
621214.44,1281277.88,870.52,869.00,870.52,0.56,0.28,0.20,1
621306.69,1281277.88,881.14,880.00,881.14,0.55,0.29,0.22,1
621399.00,1281277.88,886.06,885.00,886.06,0.55,0.29,0.22,1
621491.25,1281277.88,899.13,898.00,899.13,0.55,0.29,0.22,1
621583.56,1281277.88,906.35,905.00,906.35,0.57,0.30,0.22,1
621675.81,1281277.88,905.70,904.00,905.70,0.59,0.31,0.23,1
621768.12,1281277.88,895.89,894.00,895.89,0.59,0.31,0.22,1
621860.38,1281277.88,893.93,892.00,893.93,0.59,0.30,0.22,1
621952.69,1281277.88,901.86,900.00,901.86,0.58,0.29,0.21,1
622044.94,1281277.88,920.58,919.00,920.58,0.56,0.28,0.20,1
622137.19,1281277.88,952.87,952.00,952.87,0.53,0.28,0.21,1
622229.50,1281277.88,976.24,976.00,976.24,0.48,0.29,0.24,1
622321.75,1281277.88,992.05,992.00,992.05,0.47,0.33,0.23,1
622414.06,1281277.88,993.03,993.00,993.03,0.51,0.37,0.27,1
622506.31,1281277.88,985.04,985.00,985.04,0.52,0.38,0.28,1
622598.62,1281277.88,980.11,980.00,980.11,0.53,0.36,0.32,1
622690.88,1281277.88,968.31,968.00,968.31,0.58,0.38,0.32,1
622783.19,1281277.88,956.62,956.00,956.62,0.61,0.38,0.31,1
622875.44,1281277.88,947.91,947.00,947.91,0.63,0.38,0.31,1
622967.69,1281277.88,931.10,930.00,931.10,0.64,0.38,0.31,1
623060.00,1281277.88,922.21,921.00,922.21,0.64,0.38,0.30,1
623152.25,1281277.88,927.26,926.00,927.26,0.64,0.38,0.30,1
623244.56,1281277.88,932.28,931.00,932.28,0.66,0.39,0.31,1
623336.81,1281277.88,926.29,925.00,926.29,0.67,0.40,0.33,1
623429.12,1281277.88,907.31,906.00,907.31,0.67,0.40,0.33,1
623521.38,1281277.88,892.36,891.00,892.36,0.67,0.40,0.32,1
623613.69,1281277.88,874.48,873.00,874.48,0.66,0.39,0.31,1
623705.94,1281277.88,842.79,841.00,842.79,0.65,0.37,0.29,1
623798.19,1281277.88,812.99,811.00,812.99,0.64,0.35,0.27,1
623890.50,1281277.88,789.99,788.00,789.99,0.64,0.34,0.26,1
623982.75,1281277.88,779.93,778.00,779.93,0.63,0.34,0.25,1
624075.06,1281277.88,777.85,776.00,777.85,0.62,0.34,0.25,1
624167.31,1281277.88,776.78,775.00,776.78,0.62,0.34,0.26,1
624259.62,1281277.88,780.74,779.00,780.74,0.62,0.33,0.25,1
624351.88,1281277.88,792.70,791.00,792.70,0.62,0.34,0.25,1
624444.19,1281277.88,795.67,794.00,795.67,0.63,0.35,0.26,1
624536.44,1281277.88,788.64,787.00,788.64,0.63,0.35,0.27,1
624628.69,1281277.88,781.61,780.00,781.61,0.63,0.35,0.27,1
624721.00,1281277.88,776.58,775.00,776.58,0.63,0.35,0.27,1
624813.25,1281277.88,771.53,770.00,771.53,0.63,0.36,0.28,1
624905.56,1281277.88,768.47,767.00,768.47,0.63,0.35,0.27,1
624997.81,1281277.88,768.39,767.00,768.39,0.62,0.35,0.28,1
625090.12,1281277.88,769.28,768.00,769.28,0.63,0.36,0.28,1
625182.38,1281277.88,773.19,772.00,773.19,0.63,0.37,0.30,1
625274.69,1281277.88,772.12,771.00,772.12,0.63,0.37,0.30,1
625366.94,1281277.88,777.46,776.48,777.46,0.57,0.32,0.25,1
625459.19,1281277.88,-9999.00,-9999.00,-9999.00,0.71,0.71,0.71,0
614385.88,1281185.50,-9999.00,-9999.00,-9999.00,0.71,0.71,0.71,0
614478.12,1281185.50,763.08,762.00,763.08,0.31,0.06,-0.02,1
614570.44,1281185.50,768.12,767.00,768.12,0.61,0.35,0.28,1
614662.69,1281185.50,783.19,782.00,783.19,0.61,0.35,0.27,1
614755.00,1281185.50,798.27,797.00,798.27,0.63,0.36,0.29,1
614847.25,1281185.50,802.36,801.00,802.36,0.64,0.37,0.30,1
614939.56,1281185.50,799.45,798.00,799.45,0.64,0.37,0.29,1
615031.81,1281185.50,801.52,800.00,801.52,0.63,0.35,0.27,1
615124.12,1281185.50,815.57,814.00,815.57,0.61,0.33,0.25,1
615216.38,1281185.50,829.60,828.00,829.60,0.62,0.35,0.27,1
615308.62,1281185.50,816.62,815.00,816.62,0.64,0.36,0.28,1
615400.94,1281185.50,801.63,800.00,801.63,0.64,0.36,0.28,1
615493.19,1281185.50,801.63,800.00,801.63,0.64,0.36,0.28,1
615585.50,1281185.50,790.63,789.00,790.63,0.63,0.35,0.27,1
615677.75,1281185.50,789.62,788.00,789.62,0.62,0.34,0.26,1
615770.06,1281185.50,796.61,795.00,796.61,0.61,0.33,0.25,1
615862.31,1281185.50,802.60,801.00,802.60,0.62,0.34,0.26,1
615954.62,1281185.50,804.59,803.00,804.59,0.62,0.34,0.26,1
616046.88,1281185.50,810.59,809.00,810.59,0.62,0.35,0.27,1
616139.12,1281185.50,812.59,811.00,812.59,0.62,0.34,0.26,1
616231.44,1281185.50,823.58,822.00,823.58,0.62,0.34,0.26,1
616323.69,1281185.50,832.58,831.00,832.58,0.62,0.34,0.26,1
616416.00,1281185.50,840.59,839.00,840.59,0.62,0.34,0.26,1
616508.25,1281185.50,846.59,845.00,846.59,0.61,0.33,0.26,1
616600.56,1281185.50,850.60,849.00,850.60,0.61,0.33,0.25,1
616692.81,1281185.50,852.60,851.00,852.60,0.62,0.34,0.26,1
616785.12,1281185.50,844.61,843.00,844.61,0.62,0.34,0.26,1
616877.38,1281185.50,845.62,844.00,845.62,0.61,0.33,0.25,1
616969.62,1281185.50,869.62,868.00,869.62,0.62,0.34,0.26,1
617061.94,1281185.50,842.63,841.00,842.63,0.64,0.36,0.28,1
617154.19,1281185.50,820.63,819.00,820.63,0.64,0.36,0.28,1
617246.50,1281185.50,815.64,814.00,815.64,0.63,0.35,0.27,1
617338.75,1281185.50,820.63,819.00,820.63,0.63,0.35,0.27,1
617431.06,1281185.50,816.63,815.00,816.63,0.63,0.35,0.27,1
617523.31,1281185.50,803.63,802.00,803.63,0.64,0.36,0.28,1
617615.62,1281185.50,785.63,784.00,785.63,0.65,0.37,0.29,1
617707.88,1281185.50,762.62,761.00,762.62,0.64,0.36,0.28,1
617800.12,1281185.50,751.62,750.00,751.62,0.63,0.35,0.27,1
617892.44,1281185.50,751.62,750.00,751.62,0.62,0.34,0.26,1
617984.69,1281185.50,750.62,749.00,750.62,0.63,0.35,0.27,1
618077.00,1281185.50,749.63,748.00,749.63,0.62,0.34,0.26,1
618169.25,1281185.50,753.63,752.00,753.63,0.63,0.35,0.27,1
618261.56,1281185.50,755.64,754.00,755.64,0.62,0.34,0.26,1
618353.81,1281185.50,760.65,759.00,760.65,0.61,0.33,0.25,1
618446.12,1281185.50,768.66,767.00,768.66,0.60,0.32,0.24,1
618538.38,1281185.50,776.67,775.00,776.67,0.61,0.33,0.25,1
618630.62,1281185.50,781.68,780.00,781.68,0.61,0.33,0.25,1
618722.94,1281185.50,794.69,793.00,794.69,0.61,0.33,0.25,1
618815.19,1281185.50,806.69,805.00,806.69,0.62,0.34,0.26,1
618907.50,1281185.50,804.69,803.00,804.69,0.62,0.34,0.26,1
618999.75,1281185.50,792.69,791.00,792.69,0.63,0.34,0.26,1
619092.06,1281185.50,777.69,776.00,777.69,0.62,0.34,0.26,1
619184.31,1281185.50,766.70,765.00,766.70,0.62,0.34,0.26,1
619276.62,1281185.50,767.70,766.00,767.70,0.61,0.33,0.25,1
619368.88,1281185.50,784.71,783.00,784.71,0.62,0.33,0.25,1
619461.19,1281185.50,786.73,785.00,786.73,0.63,0.34,0.26,1
619553.44,1281185.50,780.74,779.00,780.74,0.63,0.35,0.27,1
619645.69,1281185.50,775.77,774.00,775.77,0.63,0.35,0.27,1
619738.00,1281185.50,765.82,764.00,765.82,0.63,0.35,0.26,1
619830.25,1281185.50,760.88,759.00,760.88,0.62,0.33,0.25,1
619922.56,1281185.50,762.97,761.00,762.97,0.61,0.32,0.24,1
620014.81,1281185.50,764.07,762.00,764.07,0.61,0.32,0.23,1
620107.12,1281185.50,762.17,760.00,762.17,0.61,0.32,0.23,1
620199.38,1281185.50,765.27,763.00,765.27,0.61,0.31,0.23,1
620291.69,1281185.50,775.38,773.00,775.38,0.61,0.31,0.22,1
620383.94,1281185.50,780.49,778.00,780.49,0.61,0.30,0.22,1
620476.19,1281185.50,783.59,781.00,783.59,0.60,0.30,0.21,1
620568.50,1281185.50,789.67,787.00,789.67,0.60,0.29,0.20,1
620660.75,1281185.50,798.72,796.00,798.72,0.59,0.28,0.19,1
620753.06,1281185.50,800.75,798.00,800.75,0.59,0.28,0.19,1
620845.31,1281185.50,805.75,803.00,805.75,0.60,0.28,0.20,1
620937.62,1281185.50,812.73,810.00,812.73,0.60,0.29,0.20,1
621029.88,1281185.50,818.69,816.00,818.69,0.59,0.29,0.20,1
621122.19,1281185.50,828.64,826.00,828.64,0.59,0.28,0.19,1
621214.44,1281185.50,836.52,834.00,836.52,0.58,0.28,0.19,1
621306.69,1281185.50,843.34,841.00,843.34,0.58,0.28,0.19,1
621399.00,1281185.50,852.17,850.00,852.17,0.58,0.28,0.20,1
621491.25,1281185.50,863.04,861.00,863.04,0.58,0.28,0.20,1
621583.56,1281185.50,873.99,872.00,873.99,0.58,0.29,0.21,1
621675.81,1281185.50,879.03,877.00,879.03,0.60,0.30,0.22,1
621768.12,1281185.50,873.08,871.00,873.08,0.60,0.31,0.23,1
621860.38,1281185.50,874.10,872.00,874.10,0.60,0.30,0.22,1
621952.69,1281185.50,882.11,880.00,882.11,0.59,0.30,0.21,1
622044.94,1281185.50,898.02,896.00,898.02,0.58,0.28,0.20,1
622137.19,1281185.50,918.51,917.00,918.51,0.55,0.28,0.20,1
622229.50,1281185.50,932.68,932.00,932.68,0.53,0.29,0.22,1
622321.75,1281185.50,941.26,941.00,941.26,0.50,0.31,0.25,1
622414.06,1281185.50,939.18,939.00,939.18,0.50,0.33,0.27,1
622506.31,1281185.50,934.20,934.00,934.20,0.51,0.33,0.27,1
622598.62,1281185.50,933.32,933.00,933.32,0.52,0.32,0.26,1
622690.88,1281185.50,933.55,933.00,933.55,0.56,0.33,0.27,1
622783.19,1281185.50,930.84,930.00,930.84,0.58,0.34,0.27,1
622875.44,1281185.50,933.05,932.00,933.05,0.60,0.34,0.27,1
622967.69,1281185.50,933.17,932.00,933.17,0.62,0.36,0.28,1
623060.00,1281185.50,939.22,938.00,939.22,0.62,0.36,0.28,1
623152.25,1281185.50,954.23,953.00,954.23,0.63,0.36,0.29,1
623244.56,1281185.50,966.22,965.00,966.22,0.65,0.38,0.31,1
623336.81,1281185.50,965.16,964.00,965.16,0.67,0.41,0.33,1
623429.12,1281185.50,948.10,947.00,948.10,0.68,0.42,0.35,1
623521.38,1281185.50,925.12,924.00,925.12,0.68,0.42,0.35,1
623613.69,1281185.50,896.26,895.00,896.26,0.68,0.41,0.34,1
623705.94,1281185.50,855.71,854.00,855.71,0.66,0.37,0.29,1
623798.19,1281185.50,818.05,816.00,818.05,0.64,0.35,0.27,1
623890.50,1281185.50,796.03,794.00,796.03,0.64,0.35,0.26,1
623982.75,1281185.50,782.95,781.00,782.95,0.63,0.34,0.26,1
624075.06,1281185.50,777.86,776.00,777.86,0.62,0.33,0.25,1
624167.31,1281185.50,780.79,779.00,780.79,0.62,0.33,0.25,1
624259.62,1281185.50,789.74,788.00,789.74,0.61,0.33,0.25,1
624351.88,1281185.50,799.71,798.00,799.71,0.62,0.34,0.26,1
624444.19,1281185.50,800.67,799.00,800.67,0.63,0.35,0.27,1
624536.44,1281185.50,795.64,794.00,795.64,0.64,0.36,0.28,1
624628.69,1281185.50,791.61,790.00,791.61,0.64,0.36,0.28,1
624721.00,1281185.50,786.58,785.00,786.58,0.64,0.36,0.28,1
624813.25,1281185.50,778.53,777.00,778.53,0.64,0.36,0.28,1
624905.56,1281185.50,770.47,769.00,770.47,0.63,0.36,0.28,1
624997.81,1281185.50,769.38,768.00,769.38,0.63,0.36,0.28,1
625090.12,1281185.50,772.27,771.00,772.27,0.62,0.36,0.28,1
625182.38,1281185.50,782.18,781.00,782.18,0.63,0.37,0.29,1
625274.69,1281185.50,781.11,780.00,781.11,0.64,0.38,0.30,1
625366.94,1281185.50,782.87,781.91,782.87,0.57,0.32,0.25,1
625459.19,1281185.50,-9999.00,-9999.00,-9999.00,0.71,0.71,0.71,0
614385.88,1281093.25,-9999.00,-9999.00,-9999.00,0.71,0.71,0.71,0
614478.12,1281093.25,762.05,761.00,762.05,0.31,0.05,-0.02,1
614570.44,1281093.25,770.08,769.00,770.08,0.61,0.35,0.28,1
614662.69,1281093.25,787.13,786.00,787.13,0.60,0.34,0.26,1
614755.00,1281093.25,808.23,807.00,808.23,0.61,0.34,0.27,1
614847.25,1281093.25,820.34,819.00,820.34,0.63,0.36,0.28,1
614939.56,1281093.25,819.44,818.00,819.44,0.64,0.36,0.29,1
615031.81,1281093.25,817.51,816.00,817.51,0.63,0.35,0.28,1
615124.12,1281093.25,821.56,820.00,821.56,0.62,0.34,0.26,1
615216.38,1281093.25,826.59,825.00,826.59,0.62,0.34,0.26,1
615308.62,1281093.25,818.61,817.00,818.61,0.63,0.35,0.27,1
615400.94,1281093.25,811.61,810.00,811.61,0.63,0.35,0.27,1
615493.19,1281093.25,813.61,812.00,813.61,0.64,0.36,0.28,1
615585.50,1281093.25,798.61,797.00,798.61,0.64,0.36,0.28,1
615677.75,1281093.25,794.61,793.00,794.61,0.63,0.35,0.27,1
615770.06,1281093.25,796.59,795.00,796.59,0.62,0.34,0.26,1
615862.31,1281093.25,804.58,803.00,804.58,0.62,0.34,0.26,1
615954.62,1281093.25,814.57,813.00,814.57,0.62,0.34,0.26,1
616046.88,1281093.25,823.57,822.00,823.57,0.63,0.35,0.27,1
616139.12,1281093.25,822.56,821.00,822.56,0.62,0.34,0.27,1
616231.44,1281093.25,836.56,835.00,836.56,0.62,0.34,0.26,1
616323.69,1281093.25,842.56,841.00,842.56,0.62,0.34,0.26,1
616416.00,1281093.25,841.57,840.00,841.57,0.62,0.34,0.26,1
616508.25,1281093.25,843.57,842.00,843.57,0.62,0.34,0.26,1
616600.56,1281093.25,843.58,842.00,843.58,0.62,0.34,0.26,1
616692.81,1281093.25,842.59,841.00,842.59,0.61,0.34,0.26,1
616785.12,1281093.25,836.60,835.00,836.60,0.61,0.33,0.25,1
616877.38,1281093.25,845.60,844.00,845.60,0.60,0.33,0.25,1
616969.62,1281093.25,864.61,863.00,864.61,0.61,0.33,0.25,1
617061.94,1281093.25,844.62,843.00,844.62,0.64,0.36,0.28,1
617154.19,1281093.25,827.63,826.00,827.63,0.63,0.35,0.27,1
617246.50,1281093.25,821.63,820.00,821.63,0.62,0.34,0.26,1
617338.75,1281093.25,812.63,811.00,812.63,0.61,0.33,0.25,1
617431.06,1281093.25,807.63,806.00,807.63,0.61,0.33,0.25,1
617523.31,1281093.25,797.63,796.00,797.63,0.62,0.34,0.26,1
617615.62,1281093.25,787.63,786.00,787.63,0.63,0.35,0.27,1
617707.88,1281093.25,769.63,768.00,769.63,0.64,0.36,0.28,1
617800.12,1281093.25,756.63,755.00,756.63,0.63,0.35,0.27,1
617892.44,1281093.25,756.63,755.00,756.63,0.62,0.34,0.26,1
617984.69,1281093.25,764.63,763.00,764.63,0.62,0.34,0.26,1
618077.00,1281093.25,760.63,759.00,760.63,0.62,0.34,0.26,1
618169.25,1281093.25,766.64,765.00,766.64,0.63,0.35,0.27,1
618261.56,1281093.25,762.64,761.00,762.64,0.63,0.35,0.27,1
618353.81,1281093.25,766.65,765.00,766.65,0.63,0.35,0.27,1
618446.12,1281093.25,770.67,769.00,770.67,0.62,0.34,0.26,1
618538.38,1281093.25,782.68,781.00,782.68,0.62,0.33,0.25,1
618630.62,1281093.25,788.68,787.00,788.68,0.62,0.33,0.25,1
618722.94,1281093.25,801.69,800.00,801.69,0.62,0.34,0.26,1
618815.19,1281093.25,804.69,803.00,804.69,0.63,0.34,0.26,1
618907.50,1281093.25,794.69,793.00,794.69,0.63,0.34,0.26,1
618999.75,1281093.25,781.69,780.00,781.69,0.62,0.34,0.26,1
619092.06,1281093.25,770.70,769.00,770.70,0.62,0.34,0.26,1
619184.31,1281093.25,762.70,761.00,762.70,0.62,0.33,0.25,1
619276.62,1281093.25,768.70,767.00,768.70,0.60,0.32,0.24,1
619368.88,1281093.25,786.70,785.00,786.70,0.61,0.32,0.24,1
619461.19,1281093.25,787.71,786.00,787.71,0.62,0.33,0.25,1
619553.44,1281093.25,783.72,782.00,783.72,0.62,0.34,0.26,1
619645.69,1281093.25,780.74,779.00,780.74,0.62,0.34,0.26,1
619738.00,1281093.25,771.76,770.00,771.76,0.63,0.34,0.26,1
619830.25,1281093.25,763.80,762.00,763.80,0.63,0.34,0.26,1
619922.56,1281093.25,758.85,757.00,758.85,0.62,0.33,0.25,1
620014.81,1281093.25,759.91,758.00,759.91,0.61,0.32,0.24,1
620107.12,1281093.25,765.98,764.00,765.98,0.61,0.32,0.24,1
620199.38,1281093.25,772.05,770.00,772.05,0.62,0.32,0.24,1
620291.69,1281093.25,774.12,772.00,774.12,0.61,0.32,0.24,1
620383.94,1281093.25,776.21,774.00,776.21,0.61,0.32,0.23,1
620476.19,1281093.25,775.31,773.00,775.31,0.61,0.31,0.22,1
620568.50,1281093.25,774.43,772.00,774.43,0.61,0.30,0.22,1
620660.75,1281093.25,774.54,772.00,774.54,0.60,0.29,0.21,1
620753.06,1281093.25,780.61,778.00,780.61,0.60,0.29,0.20,1
620845.31,1281093.25,790.65,788.00,790.65,0.60,0.29,0.20,1
620937.62,1281093.25,803.67,801.00,803.67,0.60,0.29,0.20,1
621029.88,1281093.25,808.66,806.00,808.66,0.61,0.30,0.21,1
621122.19,1281093.25,806.67,804.00,806.67,0.60,0.29,0.20,1
621214.44,1281093.25,805.68,803.00,805.68,0.59,0.29,0.20,1
621306.69,1281093.25,813.62,811.00,813.62,0.59,0.28,0.19,1
621399.00,1281093.25,828.46,826.00,828.46,0.59,0.28,0.20,1
621491.25,1281093.25,842.26,840.00,842.26,0.59,0.29,0.20,1
621583.56,1281093.25,852.17,850.00,852.17,0.59,0.29,0.21,1
621675.81,1281093.25,863.14,861.00,863.14,0.60,0.30,0.22,1
621768.12,1281093.25,862.15,860.00,862.15,0.61,0.31,0.23,1
621860.38,1281093.25,864.18,862.00,864.18,0.60,0.31,0.22,1
621952.69,1281093.25,869.23,867.00,869.23,0.60,0.30,0.22,1
622044.94,1281093.25,874.29,872.00,874.29,0.59,0.29,0.20,1
622137.19,1281093.25,884.19,882.00,884.19,0.58,0.28,0.20,1
622229.50,1281093.25,893.69,892.00,893.69,0.57,0.28,0.20,1
622321.75,1281093.25,898.18,897.00,898.18,0.56,0.29,0.22,1
622414.06,1281093.25,896.05,895.00,896.05,0.56,0.30,0.23,1
622506.31,1281093.25,891.10,890.00,891.10,0.56,0.30,0.23,1
622598.62,1281093.25,891.22,890.00,891.22,0.56,0.29,0.22,1
622690.88,1281093.25,897.28,896.00,897.28,0.56,0.29,0.22,1
622783.19,1281093.25,904.26,903.00,904.26,0.57,0.30,0.23,1
622875.44,1281093.25,915.27,914.00,915.27,0.58,0.31,0.23,1
622967.69,1281093.25,924.27,923.00,924.27,0.59,0.33,0.25,1
623060.00,1281093.25,942.26,941.00,942.26,0.60,0.33,0.25,1
623152.25,1281093.25,968.24,967.00,968.24,0.60,0.34,0.26,1
623244.56,1281093.25,983.21,982.00,983.21,0.62,0.35,0.28,1
623336.81,1281093.25,981.13,980.00,981.13,0.64,0.38,0.30,1
623429.12,1281093.25,967.03,966.00,967.03,0.65,0.40,0.33,1
623521.38,1281093.25,945.98,945.00,945.98,0.67,0.42,0.35,1
623613.69,1281093.25,914.01,913.00,914.01,0.68,0.43,0.36,1
623705.94,1281093.25,864.45,863.00,864.45,0.67,0.40,0.32,1
623798.19,1281093.25,828.98,827.00,828.98,0.65,0.36,0.27,1
623890.50,1281093.25,811.02,809.00,811.02,0.64,0.35,0.26,1
623982.75,1281093.25,792.94,791.00,792.94,0.64,0.35,0.26,1
624075.06,1281093.25,781.85,780.00,781.85,0.63,0.34,0.26,1
624167.31,1281093.25,780.79,779.00,780.79,0.62,0.33,0.25,1
624259.62,1281093.25,789.74,788.00,789.74,0.61,0.33,0.25,1
624351.88,1281093.25,805.71,804.00,805.71,0.62,0.34,0.25,1
624444.19,1281093.25,813.67,812.00,813.67,0.63,0.35,0.27,1
624536.44,1281093.25,814.65,813.00,814.65,0.64,0.35,0.27,1
624628.69,1281093.25,811.62,810.00,811.62,0.64,0.36,0.28,1
624721.00,1281093.25,799.58,798.00,799.58,0.64,0.36,0.28,1
624813.25,1281093.25,782.53,781.00,782.53,0.64,0.36,0.28,1
624905.56,1281093.25,772.47,771.00,772.47,0.63,0.36,0.28,1
624997.81,1281093.25,773.38,772.00,773.38,0.63,0.36,0.28,1
625090.12,1281093.25,777.27,776.00,777.27,0.63,0.36,0.29,1
625182.38,1281093.25,786.17,785.00,786.17,0.63,0.37,0.29,1
625274.69,1281093.25,788.10,787.00,788.10,0.63,0.38,0.30,1
625366.94,1281093.25,790.00,789.03,790.00,0.57,0.32,0.25,1
625459.19,1281093.25,-9999.00,-9999.00,-9999.00,0.71,0.71,0.71,0
614385.88,1281001.00,-9999.00,-9999.00,-9999.00,0.71,0.71,0.71,0
614478.12,1281001.00,768.04,767.00,768.04,0.31,0.05,-0.02,1
614570.44,1281001.00,772.06,771.00,772.06,0.62,0.37,0.29,1
614662.69,1281001.00,783.10,782.00,783.10,0.60,0.34,0.27,1
614755.00,1281001.00,804.19,803.00,804.19,0.59,0.33,0.25,1
614847.25,1281001.00,821.31,820.00,821.31,0.61,0.34,0.26,1
614939.56,1281001.00,820.42,819.00,820.42,0.62,0.35,0.27,1
615031.81,1281001.00,818.50,817.00,818.50,0.61,0.34,0.26,1
615124.12,1281001.00,819.55,818.00,819.55,0.61,0.34,0.26,1
615216.38,1281001.00,815.58,814.00,815.58,0.61,0.33,0.25,1
615308.62,1281001.00,816.60,815.00,816.60,0.62,0.34,0.26,1
615400.94,1281001.00,818.60,817.00,818.60,0.62,0.35,0.27,1
615493.19,1281001.00,816.60,815.00,816.60,0.63,0.35,0.27,1
615585.50,1281001.00,805.60,804.00,805.60,0.63,0.35,0.27,1
615677.75,1281001.00,809.59,808.00,809.59,0.63,0.36,0.28,1
615770.06,1281001.00,809.58,808.00,809.58,0.63,0.36,0.28,1
615862.31,1281001.00,814.57,813.00,814.57,0.62,0.35,0.27,1
615954.62,1281001.00,820.56,819.00,820.56,0.62,0.34,0.26,1
616046.88,1281001.00,826.55,825.00,826.55,0.62,0.34,0.26,1
616139.12,1281001.00,826.55,825.00,826.55,0.62,0.34,0.26,1
616231.44,1281001.00,834.55,833.00,834.55,0.61,0.33,0.26,1
616323.69,1281001.00,834.55,833.00,834.55,0.61,0.34,0.26,1
616416.00,1281001.00,837.56,836.00,837.56,0.61,0.34,0.26,1
616508.25,1281001.00,840.56,839.00,840.56,0.62,0.34,0.26,1
616600.56,1281001.00,842.57,841.00,842.57,0.62,0.35,0.27,1
616692.81,1281001.00,834.58,833.00,834.58,0.62,0.34,0.26,1
616785.12,1281001.00,832.59,831.00,832.59,0.61,0.33,0.25,1
616877.38,1281001.00,844.59,843.00,844.59,0.61,0.33,0.25,1
616969.62,1281001.00,853.60,852.00,853.60,0.62,0.34,0.26,1
617061.94,1281001.00,837.61,836.00,837.61,0.63,0.35,0.27,1
617154.19,1281001.00,817.62,816.00,817.62,0.63,0.35,0.27,1
617246.50,1281001.00,802.63,801.00,802.63,0.62,0.34,0.26,1
617338.75,1281001.00,788.63,787.00,788.63,0.61,0.33,0.25,1
617431.06,1281001.00,785.63,784.00,785.63,0.60,0.32,0.24,1
617523.31,1281001.00,781.63,780.00,781.63,0.61,0.33,0.25,1
617615.62,1281001.00,771.63,770.00,771.63,0.62,0.34,0.26,1
617707.88,1281001.00,763.63,762.00,763.63,0.63,0.35,0.27,1
617800.12,1281001.00,756.63,755.00,756.63,0.63,0.35,0.27,1
617892.44,1281001.00,753.63,752.00,753.63,0.62,0.34,0.26,1
617984.69,1281001.00,758.63,757.00,758.63,0.61,0.34,0.26,1
618077.00,1281001.00,757.64,756.00,757.64,0.62,0.34,0.26,1
618169.25,1281001.00,770.64,769.00,770.64,0.61,0.33,0.25,1
618261.56,1281001.00,782.65,781.00,782.65,0.62,0.34,0.26,1
618353.81,1281001.00,790.66,789.00,790.66,0.63,0.35,0.27,1
618446.12,1281001.00,790.67,789.00,790.67,0.63,0.35,0.27,1
618538.38,1281001.00,786.68,785.00,786.68,0.62,0.34,0.26,1
618630.62,1281001.00,792.68,791.00,792.68,0.61,0.33,0.25,1
618722.94,1281001.00,812.69,811.00,812.69,0.62,0.34,0.26,1
618815.19,1281001.00,809.69,808.00,809.69,0.63,0.35,0.27,1
618907.50,1281001.00,793.69,792.00,793.69,0.63,0.35,0.27,1
618999.75,1281001.00,779.69,778.00,779.69,0.63,0.35,0.27,1
619092.06,1281001.00,766.70,765.00,766.70,0.63,0.35,0.27,1
619184.31,1281001.00,758.70,757.00,758.70,0.63,0.34,0.26,1
619276.62,1281001.00,760.70,759.00,760.70,0.60,0.32,0.24,1
619368.88,1281001.00,776.70,775.00,776.70,0.60,0.31,0.23,1
619461.19,1281001.00,777.70,776.00,777.70,0.61,0.32,0.24,1
619553.44,1281001.00,774.71,773.00,774.71,0.61,0.33,0.25,1
619645.69,1281001.00,773.71,772.00,773.71,0.61,0.33,0.25,1
619738.00,1281001.00,767.73,766.00,767.73,0.62,0.34,0.25,1
619830.25,1281001.00,759.75,758.00,759.75,0.62,0.34,0.26,1
619922.56,1281001.00,755.78,754.00,755.78,0.62,0.33,0.25,1
620014.81,1281001.00,758.81,757.00,758.81,0.61,0.33,0.24,1
620107.12,1281001.00,766.85,765.00,766.85,0.61,0.32,0.24,1
620199.38,1281001.00,771.90,770.00,771.90,0.61,0.32,0.24,1
620291.69,1281001.00,773.95,772.00,773.95,0.61,0.32,0.24,1
620383.94,1281001.00,773.01,771.00,773.01,0.62,0.33,0.24,1
620476.19,1281001.00,767.08,765.00,767.08,0.62,0.32,0.24,1
620568.50,1281001.00,765.17,763.00,765.17,0.61,0.32,0.23,1
620660.75,1281001.00,767.29,765.00,767.29,0.61,0.31,0.22,1
620753.06,1281001.00,772.40,770.00,772.40,0.60,0.30,0.22,1
620845.31,1281001.00,783.48,781.00,783.48,0.60,0.30,0.21,1
620937.62,1281001.00,796.54,794.00,796.54,0.60,0.30,0.21,1
621029.88,1281001.00,799.57,797.00,799.57,0.61,0.30,0.22,1
621122.19,1281001.00,793.58,791.00,793.58,0.61,0.30,0.22,1
621214.44,1281001.00,791.58,789.00,791.58,0.60,0.30,0.21,1
621306.69,1281001.00,799.54,797.00,799.54,0.60,0.29,0.21,1
621399.00,1281001.00,813.42,811.00,813.42,0.60,0.29,0.21,1
621491.25,1281001.00,824.27,822.00,824.27,0.59,0.30,0.21,1
621583.56,1281001.00,834.19,832.00,834.19,0.59,0.29,0.21,1
621675.81,1281001.00,847.17,845.00,847.17,0.59,0.30,0.21,1
621768.12,1281001.00,852.17,850.00,852.17,0.60,0.31,0.22,1
621860.38,1281001.00,853.20,851.00,853.20,0.61,0.31,0.23,1
621952.69,1281001.00,853.27,851.00,853.27,0.60,0.30,0.22,1
622044.94,1281001.00,848.39,846.00,848.39,0.59,0.29,0.20,1
622137.19,1281001.00,854.52,852.00,854.52,0.58,0.28,0.19,1
622229.50,1281001.00,859.54,857.00,859.54,0.58,0.28,0.19,1
622321.75,1281001.00,859.43,857.00,859.43,0.58,0.28,0.19,1
622414.06,1281001.00,857.41,855.00,857.41,0.59,0.28,0.20,1
622506.31,1281001.00,852.42,850.00,852.42,0.59,0.29,0.20,1
622598.62,1281001.00,852.35,850.00,852.35,0.58,0.28,0.20,1
622690.88,1281001.00,861.13,859.00,861.13,0.57,0.28,0.20,1
622783.19,1281001.00,869.79,868.00,869.79,0.57,0.28,0.20,1
622875.44,1281001.00,884.55,883.00,884.55,0.56,0.29,0.21,1
622967.69,1281001.00,913.40,912.00,913.40,0.57,0.30,0.22,1
623060.00,1281001.00,943.31,942.00,943.31,0.58,0.31,0.24,1
623152.25,1281001.00,963.26,962.00,963.26,0.59,0.32,0.25,1
623244.56,1281001.00,967.21,966.00,967.21,0.59,0.33,0.25,1
623336.81,1281001.00,964.14,963.00,964.14,0.60,0.34,0.26,1
623429.12,1281001.00,953.05,952.00,953.05,0.61,0.36,0.28,1
623521.38,1281001.00,940.00,939.00,940.00,0.64,0.38,0.31,1
623613.69,1281001.00,922.99,922.00,922.99,0.67,0.41,0.34,1
623705.94,1281001.00,886.25,885.00,886.25,0.67,0.41,0.33,1
623798.19,1281001.00,845.77,844.00,845.77,0.65,0.37,0.29,1
623890.50,1281001.00,818.91,817.00,818.91,0.64,0.35,0.27,1
623982.75,1281001.00,799.89,798.00,799.89,0.64,0.35,0.27,1
624075.06,1281001.00,786.83,785.00,786.83,0.63,0.34,0.26,1
624167.31,1281001.00,789.78,788.00,789.78,0.62,0.34,0.26,1
624259.62,1281001.00,806.74,805.00,806.74,0.62,0.34,0.25,1
624351.88,1281001.00,822.70,821.00,822.70,0.62,0.34,0.26,1
624444.19,1281001.00,828.67,827.00,828.67,0.63,0.35,0.27,1
624536.44,1281001.00,823.64,822.00,823.64,0.63,0.35,0.27,1
624628.69,1281001.00,812.61,811.00,812.61,0.63,0.35,0.27,1
624721.00,1281001.00,795.57,794.00,795.57,0.63,0.35,0.27,1
624813.25,1281001.00,777.53,776.00,777.53,0.63,0.35,0.27,1
624905.56,1281001.00,772.47,771.00,772.47,0.62,0.35,0.27,1
624997.81,1281001.00,780.38,779.00,780.38,0.62,0.35,0.27,1
625090.12,1281001.00,790.27,789.00,790.27,0.63,0.36,0.29,1
625182.38,1281001.00,797.16,796.00,797.16,0.64,0.38,0.30,1
625274.69,1281001.00,796.09,795.00,796.09,0.64,0.38,0.31,1
625366.94,1281001.00,797.14,796.16,797.14,0.57,0.32,0.25,1
625459.19,1281001.00,-9999.00,-9999.00,-9999.00,0.71,0.71,0.71,0
614385.88,1280908.75,-9999.00,-9999.00,-9999.00,0.71,0.71,0.71,0
614478.12,1280908.75,784.00,783.00,784.00,0.30,0.05,-0.03,1
614570.44,1280908.75,781.01,780.00,781.01,0.64,0.39,0.31,1
614662.69,1280908.75,783.06,782.00,783.06,0.62,0.36,0.29,1
614755.00,1280908.75,797.15,796.00,797.15,0.60,0.34,0.26,1
614847.25,1280908.75,810.29,809.00,810.29,0.60,0.33,0.26,1
614939.56,1280908.75,807.41,806.00,807.41,0.61,0.34,0.26,1
615031.81,1280908.75,801.49,800.00,801.49,0.61,0.33,0.26,1
615124.12,1280908.75,803.55,802.00,803.55,0.61,0.33,0.25,1
615216.38,1280908.75,807.57,806.00,807.57,0.61,0.33,0.26,1
615308.62,1280908.75,812.59,811.00,812.59,0.61,0.34,0.26,1
615400.94,1280908.75,815.59,814.00,815.59,0.61,0.34,0.26,1
615493.19,1280908.75,812.59,811.00,812.59,0.61,0.34,0.26,1
615585.50,1280908.75,813.59,812.00,813.59,0.62,0.34,0.26,1
615677.75,1280908.75,826.58,825.00,826.58,0.63,0.35,0.27,1
615770.06,1280908.75,826.57,825.00,826.57,0.63,0.36,0.28,1
615862.31,1280908.75,822.56,821.00,822.56,0.63,0.35,0.27,1
615954.62,1280908.75,822.55,821.00,822.55,0.62,0.34,0.26,1
616046.88,1280908.75,819.55,818.00,819.55,0.61,0.34,0.26,1
616139.12,1280908.75,821.55,820.00,821.55,0.61,0.34,0.26,1
616231.44,1280908.75,826.55,825.00,826.55,0.61,0.34,0.26,1
616323.69,1280908.75,830.55,829.00,830.55,0.61,0.34,0.26,1
616416.00,1280908.75,835.55,834.00,835.55,0.61,0.34,0.26,1
616508.25,1280908.75,839.56,838.00,839.56,0.61,0.34,0.26,1
616600.56,1280908.75,841.57,840.00,841.57,0.62,0.34,0.26,1
616692.81,1280908.75,830.58,829.00,830.58,0.62,0.34,0.26,1
616785.12,1280908.75,831.59,830.00,831.59,0.61,0.34,0.26,1
616877.38,1280908.75,844.59,843.00,844.59,0.61,0.33,0.25,1
616969.62,1280908.75,851.60,850.00,851.60,0.62,0.34,0.26,1
617061.94,1280908.75,834.61,833.00,834.61,0.63,0.35,0.27,1
617154.19,1280908.75,812.62,811.00,812.62,0.64,0.36,0.28,1
617246.50,1280908.75,796.63,795.00,796.63,0.63,0.35,0.27,1
617338.75,1280908.75,784.63,783.00,784.63,0.63,0.35,0.27,1
617431.06,1280908.75,773.64,772.00,773.64,0.63,0.35,0.27,1
617523.31,1280908.75,765.64,764.00,765.64,0.62,0.34,0.26,1
617615.62,1280908.75,765.64,764.00,765.64,0.63,0.35,0.27,1
617707.88,1280908.75,768.64,767.00,768.64,0.64,0.36,0.28,1
617800.12,1280908.75,754.64,753.00,754.64,0.63,0.35,0.27,1
617892.44,1280908.75,750.64,749.00,750.64,0.62,0.34,0.26,1
617984.69,1280908.75,757.64,756.00,757.64,0.61,0.33,0.25,1
618077.00,1280908.75,763.64,762.00,763.64,0.62,0.34,0.26,1
618169.25,1280908.75,769.64,768.00,769.64,0.61,0.33,0.25,1
618261.56,1280908.75,788.65,787.00,788.65,0.60,0.32,0.24,1
618353.81,1280908.75,801.66,800.00,801.66,0.62,0.34,0.26,1
618446.12,1280908.75,795.67,794.00,795.67,0.62,0.34,0.26,1
618538.38,1280908.75,783.68,782.00,783.68,0.61,0.33,0.25,1
618630.62,1280908.75,801.68,800.00,801.68,0.60,0.32,0.24,1
618722.94,1280908.75,816.68,815.00,816.68,0.61,0.33,0.25,1
618815.19,1280908.75,808.69,807.00,808.69,0.62,0.34,0.26,1
618907.50,1280908.75,791.69,790.00,791.69,0.63,0.34,0.26,1
618999.75,1280908.75,781.69,780.00,781.69,0.64,0.35,0.27,1
619092.06,1280908.75,775.70,774.00,775.70,0.64,0.36,0.28,1
619184.31,1280908.75,765.70,764.00,765.70,0.64,0.36,0.27,1
619276.62,1280908.75,756.70,755.00,756.70,0.62,0.34,0.26,1
619368.88,1280908.75,760.70,759.00,760.70,0.61,0.32,0.24,1
619461.19,1280908.75,759.70,758.00,759.70,0.61,0.33,0.25,1
619553.44,1280908.75,758.70,757.00,758.70,0.61,0.33,0.25,1
619645.69,1280908.75,759.70,758.00,759.70,0.61,0.33,0.25,1
619738.00,1280908.75,756.71,755.00,756.71,0.62,0.33,0.25,1
619830.25,1280908.75,755.72,754.00,755.72,0.62,0.33,0.25,1
619922.56,1280908.75,755.73,754.00,755.73,0.62,0.34,0.26,1
620014.81,1280908.75,754.75,753.00,754.75,0.62,0.33,0.25,1
620107.12,1280908.75,757.77,756.00,757.77,0.61,0.33,0.24,1
620199.38,1280908.75,763.80,762.00,763.80,0.61,0.32,0.24,1
620291.69,1280908.75,766.83,765.00,766.83,0.61,0.32,0.24,1
620383.94,1280908.75,769.87,768.00,769.87,0.62,0.33,0.25,1
620476.19,1280908.75,763.92,762.00,763.92,0.62,0.33,0.25,1
620568.50,1280908.75,763.99,762.00,763.99,0.62,0.33,0.24,1
620660.75,1280908.75,767.07,765.00,767.07,0.61,0.32,0.24,1
620753.06,1280908.75,770.17,768.00,770.17,0.61,0.31,0.23,1
620845.31,1280908.75,780.26,778.00,780.26,0.60,0.30,0.22,1
620937.62,1280908.75,794.33,792.00,794.33,0.61,0.30,0.22,1
621029.88,1280908.75,797.37,795.00,797.37,0.61,0.31,0.22,1
621122.19,1280908.75,791.39,789.00,791.39,0.61,0.31,0.23,1
621214.44,1280908.75,788.39,786.00,788.39,0.61,0.31,0.22,1
621306.69,1280908.75,797.37,795.00,797.37,0.60,0.30,0.22,1
621399.00,1280908.75,809.32,807.00,809.32,0.60,0.30,0.22,1
621491.25,1280908.75,815.23,813.00,815.23,0.60,0.30,0.22,1
621583.56,1280908.75,819.18,817.00,819.18,0.60,0.30,0.22,1
621675.81,1280908.75,831.16,829.00,831.16,0.59,0.30,0.21,1
621768.12,1280908.75,842.17,840.00,842.17,0.60,0.30,0.22,1
621860.38,1280908.75,845.20,843.00,845.20,0.61,0.31,0.23,1
621952.69,1280908.75,834.27,832.00,834.27,0.61,0.31,0.22,1
622044.94,1280908.75,822.39,820.00,822.39,0.60,0.30,0.21,1
622137.19,1280908.75,823.56,821.00,823.56,0.59,0.29,0.20,1
622229.50,1280908.75,827.69,825.00,827.69,0.59,0.28,0.20,1
622321.75,1280908.75,825.76,823.00,825.76,0.59,0.28,0.20,1
622414.06,1280908.75,824.75,822.00,824.75,0.60,0.28,0.20,1
622506.31,1280908.75,826.69,824.00,826.69,0.60,0.29,0.20,1
622598.62,1280908.75,827.54,825.00,827.54,0.60,0.29,0.20,1
622690.88,1280908.75,829.31,827.00,829.31,0.59,0.29,0.20,1
622783.19,1280908.75,840.00,838.00,840.00,0.58,0.29,0.21,1
622875.44,1280908.75,868.71,867.00,868.71,0.57,0.29,0.21,1
622967.69,1280908.75,905.49,904.00,905.49,0.57,0.29,0.22,1
623060.00,1280908.75,930.38,929.00,930.38,0.58,0.31,0.23,1
623152.25,1280908.75,940.31,939.00,940.31,0.59,0.32,0.25,1
623244.56,1280908.75,936.25,935.00,936.25,0.60,0.33,0.26,1
623336.81,1280908.75,931.18,930.00,931.18,0.60,0.33,0.26,1
623429.12,1280908.75,928.12,927.00,928.12,0.60,0.34,0.27,1
623521.38,1280908.75,930.09,929.00,930.09,0.61,0.36,0.28,1
623613.69,1280908.75,921.09,920.00,921.09,0.64,0.38,0.30,1
623705.94,1280908.75,888.23,887.00,888.23,0.65,0.39,0.31,1
623798.19,1280908.75,847.61,846.00,847.61,0.65,0.37,0.29,1
623890.50,1280908.75,822.76,821.00,822.76,0.64,0.36,0.28,1
623982.75,1280908.75,805.78,804.00,805.78,0.64,0.36,0.27,1
624075.06,1280908.75,795.78,794.00,795.78,0.63,0.35,0.26,1
624167.31,1280908.75,810.76,809.00,810.76,0.62,0.33,0.25,1
624259.62,1280908.75,830.72,829.00,830.72,0.62,0.34,0.26,1
624351.88,1280908.75,836.70,835.00,836.70,0.62,0.34,0.26,1
624444.19,1280908.75,828.67,827.00,828.67,0.62,0.34,0.26,1
624536.44,1280908.75,812.65,811.00,812.65,0.62,0.34,0.26,1
624628.69,1280908.75,797.62,796.00,797.62,0.62,0.34,0.26,1
624721.00,1280908.75,785.58,784.00,785.58,0.63,0.35,0.27,1
624813.25,1280908.75,775.54,774.00,775.54,0.63,0.35,0.28,1
624905.56,1280908.75,774.48,773.00,774.48,0.62,0.34,0.27,1
624997.81,1280908.75,788.39,787.00,788.39,0.61,0.34,0.26,1
625090.12,1280908.75,805.27,804.00,805.27,0.62,0.35,0.27,1
625182.38,1280908.75,812.16,811.00,812.16,0.63,0.37,0.30,1
625274.69,1280908.75,808.08,807.00,808.08,0.64,0.39,0.31,1
625366.94,1280908.75,810.84,809.85,810.84,0.58,0.32,0.25,1
625459.19,1280908.75,-9999.00,-9999.00,-9999.00,0.71,0.71,0.71,0
614385.88,1280816.38,-9999.00,-9999.00,-9999.00,0.71,0.71,0.71,0
614478.12,1280816.38,788.95,788.00,788.95,0.29,0.04,-0.03,1
614570.44,1280816.38,788.96,788.00,788.96,0.64,0.38,0.31,1
614662.69,1280816.38,787.01,786.00,787.01,0.63,0.37,0.30,1
614755.00,1280816.38,792.12,791.00,792.12,0.61,0.35,0.28,1
614847.25,1280816.38,795.27,794.00,795.27,0.61,0.34,0.27,1
614939.56,1280816.38,793.40,792.00,793.40,0.62,0.35,0.27,1
615031.81,1280816.38,793.48,792.00,793.48,0.62,0.35,0.27,1
615124.12,1280816.38,800.53,799.00,800.53,0.62,0.34,0.26,1
615216.38,1280816.38,807.56,806.00,807.56,0.61,0.34,0.26,1
615308.62,1280816.38,810.58,809.00,810.58,0.62,0.34,0.26,1
615400.94,1280816.38,806.58,805.00,806.58,0.61,0.34,0.26,1
615493.19,1280816.38,802.58,801.00,802.58,0.61,0.33,0.25,1
615585.50,1280816.38,816.58,815.00,816.58,0.60,0.32,0.24,1
615677.75,1280816.38,832.58,831.00,832.58,0.61,0.33,0.25,1
615770.06,1280816.38,831.57,830.00,831.57,0.62,0.35,0.27,1
615862.31,1280816.38,820.55,819.00,820.55,0.63,0.35,0.27,1
615954.62,1280816.38,812.55,811.00,812.55,0.62,0.34,0.26,1
616046.88,1280816.38,810.54,809.00,810.54,0.61,0.33,0.25,1
616139.12,1280816.38,819.54,818.00,819.54,0.61,0.33,0.25,1
616231.44,1280816.38,826.54,825.00,826.54,0.61,0.34,0.26,1
616323.69,1280816.38,830.54,829.00,830.54,0.62,0.34,0.26,1
616416.00,1280816.38,829.55,828.00,829.55,0.62,0.34,0.26,1
616508.25,1280816.38,830.56,829.00,830.56,0.61,0.34,0.26,1
616600.56,1280816.38,831.57,830.00,831.57,0.61,0.34,0.26,1
616692.81,1280816.38,825.58,824.00,825.58,0.62,0.34,0.26,1
616785.12,1280816.38,833.58,832.00,833.58,0.61,0.34,0.26,1
616877.38,1280816.38,842.59,841.00,842.59,0.62,0.34,0.26,1
616969.62,1280816.38,837.60,836.00,837.60,0.61,0.33,0.25,1
617061.94,1280816.38,827.61,826.00,827.61,0.62,0.34,0.26,1
617154.19,1280816.38,817.62,816.00,817.62,0.64,0.36,0.28,1
617246.50,1280816.38,798.63,797.00,798.63,0.64,0.36,0.28,1
617338.75,1280816.38,783.64,782.00,783.64,0.64,0.36,0.28,1
617431.06,1280816.38,776.64,775.00,776.64,0.63,0.35,0.27,1
617523.31,1280816.38,775.64,774.00,775.64,0.63,0.35,0.27,1
617615.62,1280816.38,782.64,781.00,782.64,0.63,0.35,0.27,1
617707.88,1280816.38,782.64,781.00,782.64,0.64,0.36,0.28,1
617800.12,1280816.38,759.64,758.00,759.64,0.64,0.36,0.28,1
617892.44,1280816.38,752.64,751.00,752.64,0.62,0.34,0.26,1
617984.69,1280816.38,759.64,758.00,759.64,0.61,0.33,0.25,1
618077.00,1280816.38,774.64,773.00,774.64,0.61,0.33,0.25,1
618169.25,1280816.38,781.64,780.00,781.64,0.62,0.34,0.26,1
618261.56,1280816.38,788.65,787.00,788.65,0.61,0.33,0.25,1
618353.81,1280816.38,790.67,789.00,790.67,0.60,0.32,0.24,1
618446.12,1280816.38,779.68,778.00,779.68,0.61,0.32,0.24,1
618538.38,1280816.38,779.68,778.00,779.68,0.60,0.32,0.24,1
618630.62,1280816.38,798.68,797.00,798.68,0.59,0.31,0.23,1
618722.94,1280816.38,802.68,801.00,802.68,0.60,0.32,0.24,1
618815.19,1280816.38,788.69,787.00,788.69,0.60,0.32,0.24,1
618907.50,1280816.38,781.69,780.00,781.69,0.60,0.32,0.24,1
618999.75,1280816.38,793.69,792.00,793.69,0.62,0.33,0.25,1
619092.06,1280816.38,790.69,789.00,790.69,0.64,0.35,0.27,1
619184.31,1280816.38,774.70,773.00,774.70,0.64,0.36,0.28,1
619276.62,1280816.38,756.70,755.00,756.70,0.63,0.35,0.27,1
619368.88,1280816.38,752.70,751.00,752.70,0.62,0.34,0.26,1
619461.19,1280816.38,754.70,753.00,754.70,0.62,0.34,0.26,1
619553.44,1280816.38,760.70,759.00,760.70,0.63,0.34,0.26,1
619645.69,1280816.38,759.70,758.00,759.70,0.63,0.35,0.27,1
619738.00,1280816.38,755.70,754.00,755.70,0.63,0.35,0.27,1
619830.25,1280816.38,752.70,751.00,752.70,0.62,0.34,0.26,1
619922.56,1280816.38,753.71,752.00,753.71,0.62,0.34,0.26,1
620014.81,1280816.38,755.71,754.00,755.71,0.63,0.34,0.26,1
620107.12,1280816.38,757.73,756.00,757.73,0.63,0.34,0.26,1
620199.38,1280816.38,757.74,756.00,757.74,0.62,0.33,0.25,1
620291.69,1280816.38,758.76,757.00,758.76,0.61,0.33,0.25,1
620383.94,1280816.38,763.79,762.00,763.79,0.61,0.33,0.24,1
620476.19,1280816.38,762.82,761.00,762.82,0.62,0.33,0.25,1
620568.50,1280816.38,764.87,763.00,764.87,0.62,0.33,0.25,1
620660.75,1280816.38,765.93,764.00,765.93,0.62,0.33,0.24,1
620753.06,1280816.38,765.00,763.00,765.00,0.61,0.32,0.23,1
620845.31,1280816.38,776.06,774.00,776.06,0.60,0.31,0.22,1
620937.62,1280816.38,789.11,787.00,789.11,0.60,0.31,0.22,1
621029.88,1280816.38,791.15,789.00,791.15,0.61,0.31,0.23,1
621122.19,1280816.38,785.16,783.00,785.16,0.61,0.32,0.23,1
621214.44,1280816.38,788.17,786.00,788.17,0.61,0.31,0.23,1
621306.69,1280816.38,796.16,794.00,796.16,0.60,0.31,0.22,1
621399.00,1280816.38,802.15,800.00,802.15,0.60,0.31,0.22,1
621491.25,1280816.38,802.13,800.00,802.13,0.60,0.31,0.22,1
621583.56,1280816.38,806.12,804.00,806.12,0.60,0.30,0.22,1
621675.81,1280816.38,818.12,816.00,818.12,0.59,0.30,0.21,1
621768.12,1280816.38,824.13,822.00,824.13,0.59,0.29,0.21,1
621860.38,1280816.38,827.16,825.00,827.16,0.60,0.30,0.22,1
621952.69,1280816.38,814.23,812.00,814.23,0.61,0.31,0.22,1
622044.94,1280816.38,802.34,800.00,802.34,0.61,0.30,0.22,1
622137.19,1280816.38,804.50,802.00,804.50,0.60,0.29,0.21,1
622229.50,1280816.38,809.61,807.00,809.61,0.60,0.29,0.20,1
622321.75,1280816.38,808.65,806.00,808.65,0.60,0.29,0.21,1
622414.06,1280816.38,810.65,808.00,810.65,0.60,0.29,0.21,1
622506.31,1280816.38,816.60,814.00,816.60,0.60,0.30,0.21,1
622598.62,1280816.38,813.48,811.00,813.48,0.61,0.30,0.21,1
622690.88,1280816.38,816.28,814.00,816.28,0.60,0.30,0.21,1
622783.19,1280816.38,834.01,832.00,834.01,0.59,0.30,0.22,1
622875.44,1280816.38,862.74,861.00,862.74,0.58,0.30,0.22,1
622967.69,1280816.38,894.56,893.00,894.56,0.58,0.31,0.23,1
623060.00,1280816.38,913.46,912.00,913.46,0.60,0.32,0.24,1
623152.25,1280816.38,922.38,921.00,922.38,0.61,0.34,0.26,1
623244.56,1280816.38,921.31,920.00,921.31,0.62,0.36,0.28,1
623336.81,1280816.38,919.27,918.00,919.27,0.62,0.35,0.27,1
623429.12,1280816.38,919.24,918.00,919.24,0.61,0.34,0.27,1
623521.38,1280816.38,916.24,915.00,916.24,0.61,0.35,0.27,1
623613.69,1280816.38,902.25,901.00,902.25,0.62,0.36,0.28,1
623705.94,1280816.38,872.34,871.00,872.34,0.64,0.37,0.29,1
623798.19,1280816.38,844.56,843.00,844.56,0.64,0.37,0.29,1
623890.50,1280816.38,830.67,829.00,830.67,0.64,0.36,0.28,1
623982.75,1280816.38,820.71,819.00,820.71,0.64,0.36,0.27,1
624075.06,1280816.38,817.72,816.00,817.72,0.63,0.35,0.27,1
624167.31,1280816.38,831.72,830.00,831.72,0.62,0.34,0.26,1
624259.62,1280816.38,836.70,835.00,836.70,0.63,0.35,0.26,1
624351.88,1280816.38,827.69,826.00,827.69,0.63,0.35,0.27,1
624444.19,1280816.38,814.67,813.00,814.67,0.63,0.35,0.27,1
624536.44,1280816.38,799.65,798.00,799.65,0.63,0.35,0.27,1
624628.69,1280816.38,789.62,788.00,789.62,0.63,0.35,0.27,1
624721.00,1280816.38,787.59,786.00,787.59,0.63,0.35,0.27,1
624813.25,1280816.38,782.55,781.00,782.55,0.63,0.36,0.28,1
624905.56,1280816.38,778.49,777.00,778.49,0.62,0.35,0.27,1
624997.81,1280816.38,788.40,787.00,788.40,0.60,0.33,0.26,1
625090.12,1280816.38,802.29,801.00,802.29,0.60,0.34,0.26,1
625182.38,1280816.38,812.16,811.00,812.16,0.62,0.36,0.28,1
625274.69,1280816.38,817.07,816.00,817.07,0.63,0.37,0.30,1
625366.94,1280816.38,831.10,830.09,831.10,0.58,0.32,0.25,1
625459.19,1280816.38,-9999.00,-9999.00,-9999.00,0.71,0.71,0.71,0
614385.88,1280724.12,-9999.00,-9999.00,-9999.00,0.71,0.71,0.71,0
614478.12,1280724.12,784.97,784.00,784.97,0.30,0.04,-0.03,1
614570.44,1280724.12,786.99,786.00,786.99,0.62,0.37,0.30,1
614662.69,1280724.12,785.00,784.00,785.00,0.62,0.37,0.30,1
614755.00,1280724.12,784.11,783.00,784.11,0.61,0.35,0.28,1
614847.25,1280724.12,790.26,789.00,790.26,0.61,0.35,0.27,1
614939.56,1280724.12,799.38,798.00,799.38,0.62,0.35,0.28,1
615031.81,1280724.12,806.47,805.00,806.47,0.63,0.36,0.28,1
615124.12,1280724.12,809.52,808.00,809.52,0.63,0.35,0.28,1
615216.38,1280724.12,804.55,803.00,804.55,0.63,0.35,0.27,1
615308.62,1280724.12,800.57,799.00,800.57,0.62,0.34,0.26,1
615400.94,1280724.12,794.58,793.00,794.58,0.61,0.33,0.25,1
615493.19,1280724.12,796.58,795.00,796.58,0.61,0.33,0.25,1
615585.50,1280724.12,812.58,811.00,812.58,0.60,0.32,0.25,1
615677.75,1280724.12,818.57,817.00,818.57,0.60,0.32,0.24,1
615770.06,1280724.12,818.56,817.00,818.56,0.61,0.33,0.25,1
615862.31,1280724.12,814.55,813.00,814.55,0.62,0.35,0.27,1
615954.62,1280724.12,803.55,802.00,803.55,0.62,0.34,0.26,1
616046.88,1280724.12,806.54,805.00,806.54,0.61,0.34,0.26,1
616139.12,1280724.12,814.54,813.00,814.54,0.61,0.33,0.25,1
616231.44,1280724.12,823.54,822.00,823.54,0.61,0.34,0.26,1
616323.69,1280724.12,825.54,824.00,825.54,0.62,0.34,0.26,1
616416.00,1280724.12,828.55,827.00,828.55,0.62,0.35,0.27,1
616508.25,1280724.12,829.56,828.00,829.56,0.63,0.35,0.27,1
616600.56,1280724.12,824.57,823.00,824.57,0.62,0.35,0.27,1
616692.81,1280724.12,825.57,824.00,825.57,0.62,0.34,0.26,1
616785.12,1280724.12,837.58,836.00,837.58,0.62,0.34,0.26,1
616877.38,1280724.12,841.59,840.00,841.59,0.63,0.35,0.27,1
616969.62,1280724.12,820.60,819.00,820.60,0.62,0.34,0.26,1
617061.94,1280724.12,813.61,812.00,813.61,0.61,0.33,0.25,1
617154.19,1280724.12,814.62,813.00,814.62,0.62,0.34,0.26,1
617246.50,1280724.12,802.63,801.00,802.63,0.63,0.35,0.27,1
617338.75,1280724.12,790.64,789.00,790.64,0.63,0.35,0.27,1
617431.06,1280724.12,790.64,789.00,790.64,0.63,0.35,0.27,1
617523.31,1280724.12,794.64,793.00,794.64,0.63,0.35,0.27,1
617615.62,1280724.12,797.64,796.00,797.64,0.63,0.35,0.27,1
617707.88,1280724.12,785.64,784.00,785.64,0.63,0.35,0.27,1
617800.12,1280724.12,767.64,766.00,767.64,0.64,0.36,0.28,1
617892.44,1280724.12,755.64,754.00,755.64,0.63,0.35,0.27,1
617984.69,1280724.12,756.64,755.00,756.64,0.61,0.33,0.25,1
618077.00,1280724.12,769.64,768.00,769.64,0.60,0.32,0.24,1
618169.25,1280724.12,778.64,777.00,778.64,0.61,0.33,0.25,1
618261.56,1280724.12,775.65,774.00,775.65,0.61,0.33,0.25,1
618353.81,1280724.12,766.67,765.00,766.67,0.61,0.33,0.24,1
618446.12,1280724.12,761.68,760.00,761.68,0.60,0.32,0.24,1
618538.38,1280724.12,773.68,772.00,773.68,0.60,0.32,0.24,1
618630.62,1280724.12,777.68,776.00,777.68,0.60,0.32,0.24,1
618722.94,1280724.12,774.68,773.00,774.68,0.60,0.32,0.24,1
618815.19,1280724.12,765.69,764.00,765.69,0.61,0.33,0.24,1
618907.50,1280724.12,766.69,765.00,766.69,0.60,0.31,0.23,1
618999.75,1280724.12,784.69,783.00,784.69,0.59,0.31,0.23,1
619092.06,1280724.12,786.69,785.00,786.69,0.61,0.33,0.25,1
619184.31,1280724.12,770.69,769.00,770.69,0.63,0.35,0.27,1
619276.62,1280724.12,754.69,753.00,754.69,0.63,0.35,0.27,1
619368.88,1280724.12,754.70,753.00,754.70,0.62,0.34,0.26,1
619461.19,1280724.12,766.70,765.00,766.70,0.62,0.34,0.26,1
619553.44,1280724.12,774.70,773.00,774.70,0.63,0.35,0.27,1
619645.69,1280724.12,773.70,772.00,773.70,0.64,0.36,0.28,1
619738.00,1280724.12,767.70,766.00,767.70,0.64,0.36,0.28,1
619830.25,1280724.12,757.69,756.00,757.69,0.63,0.35,0.27,1
619922.56,1280724.12,764.69,763.00,764.69,0.63,0.35,0.27,1
620014.81,1280724.12,772.70,771.00,772.70,0.63,0.35,0.27,1
620107.12,1280724.12,770.70,769.00,770.70,0.64,0.35,0.27,1
620199.38,1280724.12,760.71,759.00,760.71,0.63,0.35,0.27,1
620291.69,1280724.12,755.72,754.00,755.72,0.62,0.34,0.26,1
620383.94,1280724.12,757.73,756.00,757.73,0.61,0.33,0.25,1
620476.19,1280724.12,760.76,759.00,760.76,0.61,0.33,0.25,1
620568.50,1280724.12,762.79,761.00,762.79,0.62,0.33,0.25,1
620660.75,1280724.12,761.83,760.00,761.83,0.62,0.33,0.25,1
620753.06,1280724.12,761.88,760.00,761.88,0.61,0.33,0.24,1
620845.31,1280724.12,770.93,769.00,770.93,0.61,0.32,0.24,1
620937.62,1280724.12,775.96,774.00,775.96,0.60,0.31,0.23,1
621029.88,1280724.12,776.98,775.00,776.98,0.60,0.31,0.23,1
621122.19,1280724.12,778.00,776.00,778.00,0.61,0.32,0.24,1
621214.44,1280724.12,780.00,778.00,780.00,0.61,0.32,0.23,1
621306.69,1280724.12,785.00,783.00,785.00,0.61,0.32,0.23,1
621399.00,1280724.12,788.00,786.00,788.00,0.61,0.31,0.23,1
621491.25,1280724.12,791.00,789.00,791.00,0.61,0.32,0.23,1
621583.56,1280724.12,792.00,790.00,792.00,0.60,0.31,0.23,1
621675.81,1280724.12,794.02,792.00,794.02,0.60,0.31,0.22,1
621768.12,1280724.12,794.04,792.00,794.04,0.60,0.30,0.22,1
621860.38,1280724.12,795.07,793.00,795.07,0.60,0.30,0.22,1
621952.69,1280724.12,792.13,790.00,792.13,0.60,0.31,0.23,1
622044.94,1280724.12,791.23,789.00,791.23,0.61,0.31,0.23,1
622137.19,1280724.12,793.34,791.00,793.34,0.61,0.31,0.22,1
622229.50,1280724.12,795.40,793.00,795.40,0.60,0.30,0.22,1
622321.75,1280724.12,797.42,795.00,797.42,0.60,0.30,0.22,1
622414.06,1280724.12,802.42,800.00,802.42,0.60,0.30,0.22,1
622506.31,1280724.12,805.40,803.00,805.40,0.60,0.30,0.21,1
622598.62,1280724.12,804.32,802.00,804.32,0.60,0.30,0.22,1
622690.88,1280724.12,811.18,809.00,811.18,0.60,0.30,0.22,1
622783.19,1280724.12,832.97,831.00,832.97,0.59,0.30,0.22,1
622875.44,1280724.12,864.74,863.00,864.74,0.59,0.30,0.22,1
622967.69,1280724.12,894.60,893.00,894.60,0.59,0.31,0.23,1
623060.00,1280724.12,917.52,916.00,917.52,0.60,0.33,0.25,1
623152.25,1280724.12,930.45,929.00,930.45,0.62,0.35,0.27,1
623244.56,1280724.12,930.41,929.00,930.41,0.64,0.37,0.29,1
623336.81,1280724.12,916.38,915.00,916.38,0.64,0.37,0.29,1
623429.12,1280724.12,902.38,901.00,902.38,0.62,0.35,0.27,1
623521.38,1280724.12,896.38,895.00,896.38,0.60,0.33,0.26,1
623613.69,1280724.12,887.39,886.00,887.39,0.62,0.34,0.27,1
623705.94,1280724.12,868.45,867.00,868.45,0.63,0.36,0.28,1
623798.19,1280724.12,852.55,851.00,852.55,0.64,0.36,0.28,1
623890.50,1280724.12,839.64,838.00,839.64,0.64,0.36,0.28,1
623982.75,1280724.12,828.68,827.00,828.68,0.63,0.35,0.27,1
624075.06,1280724.12,833.69,832.00,833.69,0.63,0.34,0.26,1
624167.31,1280724.12,843.70,842.00,843.70,0.63,0.35,0.26,1
624259.62,1280724.12,839.68,838.00,839.68,0.64,0.35,0.27,1
624351.88,1280724.12,829.68,828.00,829.68,0.64,0.36,0.28,1
624444.19,1280724.12,818.67,817.00,818.67,0.64,0.36,0.28,1
624536.44,1280724.12,806.65,805.00,806.65,0.64,0.36,0.28,1
624628.69,1280724.12,802.63,801.00,802.63,0.64,0.36,0.28,1
624721.00,1280724.12,800.60,799.00,800.60,0.64,0.36,0.28,1
624813.25,1280724.12,789.56,788.00,789.56,0.64,0.36,0.28,1
624905.56,1280724.12,780.50,779.00,780.50,0.63,0.35,0.28,1
624997.81,1280724.12,783.42,782.00,783.42,0.61,0.34,0.27,1
625090.12,1280724.12,795.31,794.00,795.31,0.60,0.34,0.26,1
625182.38,1280724.12,817.19,816.00,817.19,0.61,0.35,0.28,1
625274.69,1280724.12,829.09,828.00,829.09,0.62,0.36,0.29,1
625366.94,1280724.12,851.36,850.33,851.36,0.58,0.32,0.25,1
625459.19,1280724.12,-9999.00,-9999.00,-9999.00,0.71,0.71,0.71,0
614385.88,1280631.88,-9999.00,-9999.00,-9999.00,0.71,0.71,0.71,0
614478.12,1280631.88,779.04,778.00,779.04,0.31,0.05,-0.02,1
614570.44,1280631.88,779.07,778.00,779.07,0.61,0.36,0.28,1
614662.69,1280631.88,777.05,776.00,777.05,0.61,0.36,0.29,1
614755.00,1280631.88,778.13,777.00,778.13,0.61,0.35,0.27,1
614847.25,1280631.88,794.25,793.00,794.25,0.60,0.33,0.26,1
614939.56,1280631.88,812.37,811.00,812.37,0.61,0.34,0.26,1
615031.81,1280631.88,817.45,816.00,817.45,0.62,0.35,0.27,1
615124.12,1280631.88,814.51,813.00,814.51,0.63,0.35,0.28,1
615216.38,1280631.88,804.54,803.00,804.54,0.64,0.36,0.28,1
615308.62,1280631.88,793.56,792.00,793.56,0.63,0.35,0.27,1
615400.94,1280631.88,786.57,785.00,786.57,0.62,0.34,0.26,1
615493.19,1280631.88,793.57,792.00,793.57,0.61,0.33,0.25,1
615585.50,1280631.88,805.57,804.00,805.57,0.61,0.33,0.25,1
615677.75,1280631.88,803.57,802.00,803.57,0.61,0.33,0.25,1
615770.06,1280631.88,809.56,808.00,809.56,0.61,0.33,0.25,1
615862.31,1280631.88,810.55,809.00,810.55,0.62,0.34,0.26,1
615954.62,1280631.88,800.55,799.00,800.55,0.62,0.35,0.27,1
616046.88,1280631.88,804.54,803.00,804.54,0.62,0.34,0.26,1
616139.12,1280631.88,810.54,809.00,810.54,0.61,0.33,0.25,1
616231.44,1280631.88,821.54,820.00,821.54,0.60,0.33,0.25,1
616323.69,1280631.88,827.55,826.00,827.55,0.61,0.34,0.26,1
616416.00,1280631.88,833.55,832.00,833.55,0.62,0.34,0.26,1
616508.25,1280631.88,836.56,835.00,836.56,0.63,0.35,0.27,1
616600.56,1280631.88,829.57,828.00,829.57,0.63,0.36,0.28,1
616692.81,1280631.88,831.57,830.00,831.57,0.62,0.35,0.27,1
616785.12,1280631.88,842.58,841.00,842.58,0.62,0.35,0.27,1
616877.38,1280631.88,838.59,837.00,838.59,0.64,0.36,0.28,1
616969.62,1280631.88,809.60,808.00,809.60,0.63,0.35,0.27,1
617061.94,1280631.88,796.61,795.00,796.61,0.61,0.33,0.25,1
617154.19,1280631.88,799.62,798.00,799.62,0.60,0.32,0.24,1
617246.50,1280631.88,795.63,794.00,795.63,0.61,0.33,0.25,1
617338.75,1280631.88,792.63,791.00,792.63,0.61,0.33,0.25,1
617431.06,1280631.88,796.63,795.00,796.63,0.61,0.33,0.25,1
617523.31,1280631.88,798.63,797.00,798.63,0.61,0.33,0.25,1
617615.62,1280631.88,792.63,791.00,792.63,0.62,0.34,0.26,1
617707.88,1280631.88,778.64,777.00,778.64,0.62,0.34,0.26,1
617800.12,1280631.88,771.64,770.00,771.64,0.63,0.35,0.27,1
617892.44,1280631.88,760.63,759.00,760.63,0.63,0.35,0.27,1
617984.69,1280631.88,755.64,754.00,755.64,0.62,0.34,0.26,1
618077.00,1280631.88,760.64,759.00,760.64,0.61,0.33,0.25,1
618169.25,1280631.88,763.64,762.00,763.64,0.61,0.33,0.25,1
618261.56,1280631.88,759.65,758.00,759.65,0.61,0.33,0.25,1
618353.81,1280631.88,754.67,753.00,754.67,0.62,0.34,0.26,1
618446.12,1280631.88,753.67,752.00,753.67,0.61,0.33,0.25,1
618538.38,1280631.88,765.68,764.00,765.68,0.61,0.33,0.25,1
618630.62,1280631.88,760.68,759.00,760.68,0.61,0.33,0.25,1
618722.94,1280631.88,757.68,756.00,757.68,0.61,0.33,0.25,1
618815.19,1280631.88,758.69,757.00,758.69,0.62,0.34,0.26,1
618907.50,1280631.88,757.69,756.00,757.69,0.61,0.33,0.25,1
618999.75,1280631.88,763.70,762.00,763.70,0.60,0.32,0.24,1
619092.06,1280631.88,766.69,765.00,766.69,0.60,0.32,0.24,1
619184.31,1280631.88,760.70,759.00,760.70,0.62,0.33,0.25,1
619276.62,1280631.88,758.70,757.00,758.70,0.62,0.34,0.26,1
619368.88,1280631.88,769.70,768.00,769.70,0.62,0.33,0.25,1
619461.19,1280631.88,786.70,785.00,786.70,0.62,0.34,0.26,1
619553.44,1280631.88,793.70,792.00,793.70,0.63,0.35,0.27,1
619645.69,1280631.88,795.70,794.00,795.70,0.64,0.36,0.28,1
619738.00,1280631.88,781.69,780.00,781.69,0.64,0.36,0.28,1
619830.25,1280631.88,773.69,772.00,773.69,0.63,0.35,0.27,1
619922.56,1280631.88,786.69,785.00,786.69,0.63,0.35,0.27,1
620014.81,1280631.88,788.69,787.00,788.69,0.64,0.36,0.27,1
620107.12,1280631.88,774.69,773.00,774.69,0.63,0.35,0.27,1
620199.38,1280631.88,765.69,764.00,765.69,0.64,0.35,0.27,1
620291.69,1280631.88,759.69,758.00,759.69,0.63,0.35,0.27,1
620383.94,1280631.88,759.70,758.00,759.70,0.62,0.34,0.26,1
620476.19,1280631.88,757.72,756.00,757.72,0.62,0.34,0.26,1
620568.50,1280631.88,758.74,757.00,758.74,0.62,0.33,0.25,1
620660.75,1280631.88,759.77,758.00,759.77,0.62,0.33,0.25,1
620753.06,1280631.88,763.80,762.00,763.80,0.61,0.33,0.25,1
620845.31,1280631.88,768.84,767.00,768.84,0.61,0.33,0.24,1
620937.62,1280631.88,765.86,764.00,765.86,0.61,0.33,0.24,1
621029.88,1280631.88,765.88,764.00,765.88,0.61,0.32,0.24,1
621122.19,1280631.88,772.89,771.00,772.89,0.61,0.32,0.24,1
621214.44,1280631.88,773.89,772.00,773.89,0.61,0.32,0.24,1
621306.69,1280631.88,780.89,779.00,780.89,0.61,0.32,0.24,1
621399.00,1280631.88,783.89,782.00,783.89,0.61,0.32,0.24,1
621491.25,1280631.88,784.89,783.00,784.89,0.61,0.33,0.24,1
621583.56,1280631.88,781.89,780.00,781.89,0.61,0.33,0.24,1
621675.81,1280631.88,779.90,778.00,779.90,0.61,0.32,0.24,1
621768.12,1280631.88,781.92,780.00,781.92,0.61,0.32,0.24,1
621860.38,1280631.88,782.95,781.00,782.95,0.61,0.32,0.24,1
621952.69,1280631.88,784.99,783.00,784.99,0.61,0.32,0.24,1
622044.94,1280631.88,788.06,786.00,788.06,0.61,0.32,0.24,1
622137.19,1280631.88,787.12,785.00,787.12,0.61,0.32,0.23,1
622229.50,1280631.88,786.15,784.00,786.15,0.61,0.31,0.23,1
622321.75,1280631.88,791.16,789.00,791.16,0.61,0.31,0.23,1
622414.06,1280631.88,792.15,790.00,792.15,0.61,0.31,0.23,1
622506.31,1280631.88,790.14,788.00,790.14,0.61,0.31,0.23,1
622598.62,1280631.88,792.11,790.00,792.11,0.60,0.31,0.23,1
622690.88,1280631.88,808.05,806.00,808.05,0.60,0.31,0.22,1
622783.19,1280631.88,836.91,835.00,836.91,0.59,0.31,0.22,1
622875.44,1280631.88,868.72,867.00,868.72,0.59,0.31,0.23,1
622967.69,1280631.88,899.62,898.00,899.62,0.59,0.31,0.23,1
623060.00,1280631.88,922.56,921.00,922.56,0.60,0.32,0.25,1
623152.25,1280631.88,933.51,932.00,933.51,0.61,0.33,0.26,1
623244.56,1280631.88,933.49,932.00,933.49,0.62,0.35,0.27,1
623336.81,1280631.88,919.47,918.00,919.47,0.64,0.37,0.29,1
623429.12,1280631.88,894.47,893.00,894.47,0.64,0.37,0.29,1
623521.38,1280631.88,876.47,875.00,876.47,0.63,0.35,0.28,1
623613.69,1280631.88,867.48,866.00,867.48,0.62,0.34,0.26,1
623705.94,1280631.88,862.51,861.00,862.51,0.62,0.35,0.27,1
623798.19,1280631.88,852.57,851.00,852.57,0.63,0.35,0.27,1
623890.50,1280631.88,841.63,840.00,841.63,0.63,0.35,0.27,1
623982.75,1280631.88,838.66,837.00,838.66,0.62,0.34,0.26,1
624075.06,1280631.88,846.68,845.00,846.68,0.62,0.34,0.26,1
624167.31,1280631.88,852.68,851.00,852.68,0.62,0.34,0.26,1
624259.62,1280631.88,852.68,851.00,852.68,0.63,0.35,0.27,1
624351.88,1280631.88,848.67,847.00,848.67,0.64,0.36,0.28,1
624444.19,1280631.88,831.67,830.00,831.67,0.65,0.37,0.29,1
624536.44,1280631.88,815.66,814.00,815.66,0.64,0.36,0.28,1
624628.69,1280631.88,811.64,810.00,811.64,0.64,0.36,0.28,1
624721.00,1280631.88,800.61,799.00,800.61,0.63,0.36,0.28,1
624813.25,1280631.88,789.57,788.00,789.57,0.64,0.36,0.28,1
624905.56,1280631.88,784.51,783.00,784.51,0.63,0.36,0.28,1
624997.81,1280631.88,790.44,789.00,790.44,0.61,0.34,0.26,1
625090.12,1280631.88,807.34,806.00,807.34,0.60,0.33,0.25,1
625182.38,1280631.88,833.24,832.00,833.24,0.60,0.33,0.26,1
625274.69,1280631.88,845.15,844.00,845.15,0.61,0.35,0.27,1
625366.94,1280631.88,856.34,855.29,856.34,0.58,0.32,0.25,1
625459.19,1280631.88,-9999.00,-9999.00,-9999.00,0.71,0.71,0.71,0
614385.88,1280539.62,-9999.00,-9999.00,-9999.00,0.71,0.71,0.71,0
614478.12,1280539.62,768.08,767.00,768.08,0.31,0.06,-0.02,1
614570.44,1280539.62,768.12,767.00,768.12,0.61,0.35,0.28,1
614662.69,1280539.62,767.12,766.00,767.12,0.61,0.35,0.28,1
614755.00,1280539.62,772.16,771.00,772.16,0.60,0.34,0.27,1
614847.25,1280539.62,788.24,787.00,788.24,0.59,0.32,0.25,1
614939.56,1280539.62,803.36,802.00,803.36,0.59,0.32,0.25,1
615031.81,1280539.62,805.44,804.00,805.44,0.60,0.33,0.25,1
615124.12,1280539.62,808.50,807.00,808.50,0.61,0.33,0.26,1
615216.38,1280539.62,809.53,808.00,809.53,0.63,0.35,0.27,1
615308.62,1280539.62,798.55,797.00,798.55,0.64,0.36,0.28,1
615400.94,1280539.62,786.56,785.00,786.56,0.63,0.35,0.27,1
615493.19,1280539.62,793.57,792.00,793.57,0.61,0.33,0.25,1
615585.50,1280539.62,797.57,796.00,797.57,0.61,0.33,0.25,1
615677.75,1280539.62,797.57,796.00,797.57,0.61,0.33,0.25,1
615770.06,1280539.62,805.56,804.00,805.56,0.61,0.33,0.25,1
615862.31,1280539.62,801.55,800.00,801.55,0.61,0.34,0.26,1
615954.62,1280539.62,800.55,799.00,800.55,0.62,0.34,0.26,1
616046.88,1280539.62,809.55,808.00,809.55,0.62,0.35,0.27,1
616139.12,1280539.62,805.55,804.00,805.55,0.62,0.34,0.26,1
616231.44,1280539.62,811.55,810.00,811.55,0.60,0.32,0.25,1
616323.69,1280539.62,822.55,821.00,822.55,0.60,0.33,0.25,1
616416.00,1280539.62,827.55,826.00,827.55,0.60,0.32,0.25,1
616508.25,1280539.62,835.56,834.00,835.56,0.61,0.33,0.25,1
616600.56,1280539.62,839.57,838.00,839.57,0.62,0.35,0.27,1
616692.81,1280539.62,845.58,844.00,845.58,0.63,0.35,0.27,1
616785.12,1280539.62,849.58,848.00,849.58,0.63,0.36,0.28,1
616877.38,1280539.62,841.60,840.00,841.60,0.65,0.37,0.29,1
616969.62,1280539.62,799.61,798.00,799.61,0.64,0.36,0.29,1
617061.94,1280539.62,785.61,784.00,785.61,0.63,0.35,0.27,1
617154.19,1280539.62,781.62,780.00,781.62,0.62,0.34,0.26,1
617246.50,1280539.62,776.63,775.00,776.63,0.62,0.34,0.26,1
617338.75,1280539.62,776.64,775.00,776.64,0.62,0.34,0.26,1
617431.06,1280539.62,777.64,776.00,777.64,0.61,0.33,0.25,1
617523.31,1280539.62,776.64,775.00,776.64,0.61,0.33,0.25,1
617615.62,1280539.62,772.64,771.00,772.64,0.61,0.33,0.25,1
617707.88,1280539.62,764.64,763.00,764.64,0.62,0.34,0.26,1
617800.12,1280539.62,763.63,762.00,763.63,0.62,0.34,0.26,1
617892.44,1280539.62,757.63,756.00,757.63,0.63,0.35,0.27,1
617984.69,1280539.62,752.63,751.00,752.63,0.63,0.35,0.27,1
618077.00,1280539.62,752.64,751.00,752.64,0.62,0.34,0.26,1
618169.25,1280539.62,754.64,753.00,754.64,0.62,0.34,0.26,1
618261.56,1280539.62,756.66,755.00,756.66,0.62,0.34,0.26,1
618353.81,1280539.62,755.67,754.00,755.67,0.63,0.35,0.27,1
618446.12,1280539.62,751.67,750.00,751.67,0.62,0.34,0.26,1
618538.38,1280539.62,755.68,754.00,755.68,0.61,0.33,0.25,1
618630.62,1280539.62,754.68,753.00,754.68,0.61,0.33,0.25,1
618722.94,1280539.62,760.69,759.00,760.69,0.61,0.33,0.25,1
618815.19,1280539.62,767.69,766.00,767.69,0.62,0.34,0.26,1
618907.50,1280539.62,760.69,759.00,760.69,0.63,0.35,0.27,1
618999.75,1280539.62,754.70,753.00,754.70,0.62,0.34,0.26,1
619092.06,1280539.62,755.69,754.00,755.69,0.61,0.33,0.25,1
619184.31,1280539.62,755.69,754.00,755.69,0.61,0.33,0.25,1
619276.62,1280539.62,765.69,764.00,765.69,0.61,0.33,0.25,1
619368.88,1280539.62,781.69,780.00,781.69,0.60,0.32,0.24,1
619461.19,1280539.62,804.69,803.00,804.69,0.61,0.33,0.25,1
619553.44,1280539.62,813.69,812.00,813.69,0.63,0.35,0.27,1
619645.69,1280539.62,807.69,806.00,807.69,0.64,0.36,0.28,1
619738.00,1280539.62,782.69,781.00,782.69,0.64,0.35,0.27,1
619830.25,1280539.62,788.69,787.00,788.69,0.62,0.34,0.26,1
619922.56,1280539.62,802.68,801.00,802.68,0.63,0.35,0.27,1
620014.81,1280539.62,794.68,793.00,794.68,0.64,0.36,0.28,1
620107.12,1280539.62,775.68,774.00,775.68,0.64,0.35,0.27,1
620199.38,1280539.62,775.68,774.00,775.68,0.64,0.35,0.27,1
620291.69,1280539.62,767.68,766.00,767.68,0.64,0.35,0.27,1
620383.94,1280539.62,762.69,761.00,762.69,0.63,0.35,0.27,1
620476.19,1280539.62,760.70,759.00,760.70,0.63,0.35,0.26,1
620568.50,1280539.62,760.71,759.00,760.71,0.62,0.34,0.26,1
620660.75,1280539.62,759.73,758.00,759.73,0.62,0.34,0.26,1
620753.06,1280539.62,759.75,758.00,759.75,0.62,0.33,0.25,1
620845.31,1280539.62,759.78,758.00,759.78,0.61,0.33,0.25,1
620937.62,1280539.62,762.79,761.00,762.79,0.61,0.33,0.25,1
621029.88,1280539.62,766.81,765.00,766.81,0.62,0.33,0.25,1
621122.19,1280539.62,771.81,770.00,771.81,0.61,0.33,0.25,1
621214.44,1280539.62,771.82,770.00,771.82,0.62,0.33,0.25,1
621306.69,1280539.62,773.82,772.00,773.82,0.61,0.32,0.24,1
621399.00,1280539.62,778.82,777.00,778.82,0.61,0.32,0.24,1
621491.25,1280539.62,780.82,779.00,780.82,0.61,0.33,0.25,1
621583.56,1280539.62,777.82,776.00,777.82,0.62,0.33,0.25,1
621675.81,1280539.62,775.83,774.00,775.83,0.62,0.33,0.25,1
621768.12,1280539.62,776.83,775.00,776.83,0.61,0.33,0.25,1
621860.38,1280539.62,781.85,780.00,781.85,0.61,0.33,0.24,1
621952.69,1280539.62,785.88,784.00,785.88,0.62,0.33,0.25,1
622044.94,1280539.62,783.92,782.00,783.92,0.62,0.33,0.24,1
622137.19,1280539.62,781.95,780.00,781.95,0.61,0.32,0.24,1
622229.50,1280539.62,781.97,780.00,781.97,0.61,0.32,0.24,1
622321.75,1280539.62,782.97,781.00,782.97,0.61,0.32,0.24,1
622414.06,1280539.62,781.97,780.00,781.97,0.61,0.32,0.24,1
622506.31,1280539.62,784.96,783.00,784.96,0.61,0.32,0.24,1
622598.62,1280539.62,794.94,793.00,794.94,0.61,0.32,0.24,1
622690.88,1280539.62,821.91,820.00,821.91,0.60,0.31,0.23,1
622783.19,1280539.62,853.81,852.00,853.81,0.60,0.31,0.23,1
622875.44,1280539.62,881.68,880.00,881.68,0.59,0.31,0.23,1
622967.69,1280539.62,906.63,905.00,906.63,0.59,0.31,0.23,1
623060.00,1280539.62,919.59,918.00,919.59,0.59,0.32,0.24,1
623152.25,1280539.62,920.56,919.00,920.56,0.59,0.32,0.24,1
623244.56,1280539.62,919.55,918.00,919.55,0.60,0.32,0.24,1
623336.81,1280539.62,914.54,913.00,914.54,0.62,0.34,0.26,1
623429.12,1280539.62,901.54,900.00,901.54,0.64,0.36,0.28,1
623521.38,1280539.62,882.54,881.00,882.54,0.64,0.37,0.29,1
623613.69,1280539.62,865.55,864.00,865.55,0.64,0.36,0.28,1
623705.94,1280539.62,854.57,853.00,854.57,0.63,0.35,0.27,1
623798.19,1280539.62,849.60,848.00,849.60,0.63,0.35,0.27,1
623890.50,1280539.62,842.64,841.00,842.64,0.63,0.35,0.27,1
623982.75,1280539.62,840.66,839.00,840.66,0.62,0.34,0.26,1
624075.06,1280539.62,849.67,848.00,849.67,0.62,0.34,0.26,1
624167.31,1280539.62,853.67,852.00,853.67,0.62,0.34,0.26,1
624259.62,1280539.62,850.67,849.00,850.67,0.61,0.33,0.25,1
624351.88,1280539.62,848.67,847.00,848.67,0.61,0.33,0.25,1
624444.19,1280539.62,844.67,843.00,844.67,0.63,0.35,0.27,1
624536.44,1280539.62,834.66,833.00,834.66,0.64,0.36,0.28,1
624628.69,1280539.62,817.64,816.00,817.64,0.64,0.36,0.28,1
624721.00,1280539.62,803.61,802.00,803.61,0.63,0.35,0.27,1
624813.25,1280539.62,801.57,800.00,801.57,0.64,0.36,0.28,1
624905.56,1280539.62,798.52,797.00,798.52,0.64,0.37,0.29,1
624997.81,1280539.62,794.44,793.00,794.44,0.63,0.36,0.28,1
625090.12,1280539.62,799.35,798.00,799.35,0.60,0.33,0.26,1
625182.38,1280539.62,816.28,815.00,816.28,0.58,0.31,0.24,1
625274.69,1280539.62,830.22,829.00,830.22,0.58,0.31,0.24,1
625366.94,1280539.62,846.03,844.96,846.03,0.58,0.32,0.25,1
625459.19,1280539.62,-9999.00,-9999.00,-9999.00,0.71,0.71,0.71,0
614385.88,1280447.38,-9999.00,-9999.00,-9999.00,0.71,0.71,0.71,0
614478.12,1280447.38,759.09,758.00,759.09,0.31,0.06,-0.02,1
614570.44,1280447.38,760.13,759.00,760.13,0.62,0.36,0.29,1
614662.69,1280447.38,760.14,759.00,760.14,0.62,0.36,0.29,1
614755.00,1280447.38,765.17,764.00,765.17,0.61,0.35,0.28,1
614847.25,1280447.38,774.24,773.00,774.24,0.61,0.34,0.27,1
614939.56,1280447.38,781.35,780.00,781.35,0.60,0.33,0.25,1
615031.81,1280447.38,784.43,783.00,784.43,0.59,0.32,0.24,1
615124.12,1280447.38,796.49,795.00,796.49,0.60,0.32,0.24,1
615216.38,1280447.38,806.52,805.00,806.52,0.61,0.34,0.26,1
615308.62,1280447.38,802.55,801.00,802.55,0.63,0.35,0.28,1
615400.94,1280447.38,787.56,786.00,787.56,0.63,0.35,0.27,1
615493.19,1280447.38,785.57,784.00,785.57,0.61,0.34,0.26,1
615585.50,1280447.38,785.57,784.00,785.57,0.61,0.33,0.25,1
615677.75,1280447.38,789.57,788.00,789.57,0.61,0.33,0.25,1
615770.06,1280447.38,794.56,793.00,794.56,0.61,0.33,0.25,1
615862.31,1280447.38,790.56,789.00,790.56,0.61,0.33,0.25,1
615954.62,1280447.38,802.56,801.00,802.56,0.60,0.33,0.25,1
616046.88,1280447.38,814.56,813.00,814.56,0.62,0.34,0.26,1
616139.12,1280447.38,806.56,805.00,806.56,0.63,0.35,0.27,1
616231.44,1280447.38,804.56,803.00,804.56,0.61,0.33,0.25,1
616323.69,1280447.38,813.56,812.00,813.56,0.60,0.33,0.25,1
616416.00,1280447.38,812.56,811.00,812.56,0.60,0.32,0.24,1
616508.25,1280447.38,826.56,825.00,826.56,0.59,0.32,0.24,1
616600.56,1280447.38,843.57,842.00,843.57,0.60,0.32,0.24,1
616692.81,1280447.38,860.58,859.00,860.58,0.61,0.34,0.26,1
616785.12,1280447.38,861.58,860.00,861.58,0.63,0.35,0.27,1
616877.38,1280447.38,850.59,849.00,850.59,0.64,0.37,0.29,1
616969.62,1280447.38,807.60,806.00,807.60,0.66,0.38,0.30,1
617061.94,1280447.38,791.61,790.00,791.61,0.65,0.37,0.29,1
617154.19,1280447.38,783.61,782.00,783.61,0.64,0.36,0.28,1
617246.50,1280447.38,785.62,784.00,785.62,0.64,0.36,0.28,1
617338.75,1280447.38,788.63,787.00,788.63,0.64,0.36,0.28,1
617431.06,1280447.38,780.64,779.00,780.64,0.64,0.36,0.28,1
617523.31,1280447.38,773.64,772.00,773.64,0.64,0.36,0.28,1
617615.62,1280447.38,770.64,769.00,770.64,0.64,0.36,0.28,1
617707.88,1280447.38,764.64,763.00,764.64,0.63,0.35,0.27,1
617800.12,1280447.38,761.63,760.00,761.63,0.63,0.35,0.27,1
617892.44,1280447.38,763.63,762.00,763.63,0.63,0.36,0.28,1
617984.69,1280447.38,763.63,762.00,763.63,0.64,0.36,0.28,1
618077.00,1280447.38,765.63,764.00,765.63,0.64,0.36,0.28,1
618169.25,1280447.38,763.64,762.00,763.64,0.64,0.36,0.28,1
618261.56,1280447.38,762.66,761.00,762.66,0.63,0.35,0.27,1
618353.81,1280447.38,761.67,760.00,761.67,0.64,0.36,0.28,1
618446.12,1280447.38,756.67,755.00,756.67,0.64,0.36,0.27,1
618538.38,1280447.38,752.68,751.00,752.68,0.62,0.34,0.26,1
618630.62,1280447.38,753.68,752.00,753.68,0.62,0.34,0.26,1
618722.94,1280447.38,760.69,759.00,760.69,0.61,0.33,0.25,1
618815.19,1280447.38,763.69,762.00,763.69,0.62,0.34,0.26,1
618907.50,1280447.38,762.69,761.00,762.69,0.63,0.35,0.27,1
618999.75,1280447.38,758.69,757.00,758.69,0.63,0.35,0.27,1
619092.06,1280447.38,754.70,753.00,754.70,0.62,0.34,0.26,1
619184.31,1280447.38,754.69,753.00,754.69,0.61,0.33,0.25,1
619276.62,1280447.38,765.69,764.00,765.69,0.60,0.32,0.24,1
619368.88,1280447.38,782.69,781.00,782.69,0.59,0.31,0.23,1
619461.19,1280447.38,805.69,804.00,805.69,0.59,0.31,0.23,1
619553.44,1280447.38,816.69,815.00,816.69,0.61,0.33,0.25,1
619645.69,1280447.38,809.69,808.00,809.69,0.63,0.35,0.26,1
619738.00,1280447.38,793.69,792.00,793.69,0.63,0.35,0.27,1
619830.25,1280447.38,804.68,803.00,804.68,0.62,0.34,0.26,1
619922.56,1280447.38,809.68,808.00,809.68,0.62,0.34,0.26,1
620014.81,1280447.38,797.68,796.00,797.68,0.63,0.35,0.27,1
620107.12,1280447.38,786.68,785.00,786.68,0.64,0.35,0.27,1
620199.38,1280447.38,788.68,787.00,788.68,0.64,0.36,0.28,1
620291.69,1280447.38,775.68,774.00,775.68,0.64,0.36,0.28,1
620383.94,1280447.38,768.68,767.00,768.68,0.63,0.35,0.27,1
620476.19,1280447.38,769.69,768.00,769.69,0.63,0.35,0.27,1
620568.50,1280447.38,766.70,765.00,766.70,0.63,0.35,0.27,1
620660.75,1280447.38,758.71,757.00,758.71,0.62,0.34,0.26,1
620753.06,1280447.38,759.72,758.00,759.72,0.62,0.34,0.26,1
620845.31,1280447.38,759.74,758.00,759.74,0.62,0.33,0.25,1
620937.62,1280447.38,763.75,762.00,763.75,0.61,0.33,0.25,1
621029.88,1280447.38,766.76,765.00,766.76,0.61,0.33,0.25,1
621122.19,1280447.38,768.76,767.00,768.76,0.61,0.33,0.25,1
621214.44,1280447.38,767.77,766.00,767.77,0.61,0.33,0.25,1
621306.69,1280447.38,767.77,766.00,767.77,0.61,0.33,0.25,1
621399.00,1280447.38,771.77,770.00,771.77,0.61,0.33,0.25,1
621491.25,1280447.38,773.77,772.00,773.77,0.61,0.33,0.25,1
621583.56,1280447.38,772.77,771.00,772.77,0.62,0.33,0.25,1
621675.81,1280447.38,775.78,774.00,775.78,0.62,0.33,0.25,1
621768.12,1280447.38,778.78,777.00,778.78,0.62,0.33,0.25,1
621860.38,1280447.38,780.79,779.00,780.79,0.62,0.33,0.25,1
621952.69,1280447.38,781.81,780.00,781.81,0.62,0.33,0.25,1
622044.94,1280447.38,779.83,778.00,779.83,0.62,0.33,0.25,1
622137.19,1280447.38,776.85,775.00,776.85,0.62,0.33,0.25,1
622229.50,1280447.38,776.86,775.00,776.86,0.62,0.33,0.25,1
622321.75,1280447.38,774.86,773.00,774.86,0.62,0.33,0.25,1
622414.06,1280447.38,779.86,778.00,779.86,0.61,0.33,0.24,1
622506.31,1280447.38,794.84,793.00,794.84,0.61,0.32,0.24,1
622598.62,1280447.38,818.82,817.00,818.82,0.60,0.32,0.24,1
622690.88,1280447.38,845.77,844.00,845.77,0.60,0.31,0.23,1
622783.19,1280447.38,866.72,865.00,866.72,0.60,0.31,0.23,1
622875.44,1280447.38,874.68,873.00,874.68,0.59,0.31,0.23,1
622967.69,1280447.38,884.64,883.00,884.64,0.58,0.30,0.22,1
623060.00,1280447.38,890.61,889.00,890.61,0.58,0.30,0.22,1
623152.25,1280447.38,890.60,889.00,890.60,0.58,0.30,0.22,1
623244.56,1280447.38,891.59,890.00,891.59,0.58,0.30,0.22,1
623336.81,1280447.38,898.59,897.00,898.59,0.59,0.31,0.23,1
623429.12,1280447.38,897.59,896.00,897.59,0.62,0.34,0.26,1
623521.38,1280447.38,883.59,882.00,883.59,0.63,0.35,0.27,1
623613.69,1280447.38,869.60,868.00,869.60,0.63,0.35,0.27,1
623705.94,1280447.38,861.61,860.00,861.61,0.63,0.35,0.27,1
623798.19,1280447.38,855.63,854.00,855.63,0.63,0.35,0.27,1
623890.50,1280447.38,847.65,846.00,847.65,0.63,0.35,0.27,1
623982.75,1280447.38,847.66,846.00,847.66,0.63,0.34,0.26,1
624075.06,1280447.38,853.67,852.00,853.67,0.62,0.34,0.26,1
624167.31,1280447.38,849.68,848.00,849.68,0.63,0.34,0.26,1
624259.62,1280447.38,837.68,836.00,837.68,0.62,0.34,0.26,1
624351.88,1280447.38,831.68,830.00,831.68,0.61,0.32,0.24,1
624444.19,1280447.38,832.67,831.00,832.67,0.60,0.32,0.24,1
624536.44,1280447.38,826.66,825.00,826.66,0.61,0.33,0.25,1
624628.69,1280447.38,810.64,809.00,810.64,0.62,0.34,0.26,1
624721.00,1280447.38,806.61,805.00,806.61,0.62,0.35,0.27,1
624813.25,1280447.38,815.57,814.00,815.57,0.63,0.35,0.27,1
624905.56,1280447.38,819.51,818.00,819.51,0.64,0.36,0.29,1
624997.81,1280447.38,809.44,808.00,809.44,0.65,0.37,0.30,1
625090.12,1280447.38,797.36,796.00,797.36,0.63,0.36,0.28,1
625182.38,1280447.38,800.30,799.00,800.30,0.61,0.34,0.27,1
625274.69,1280447.38,808.26,807.00,808.26,0.59,0.32,0.25,1
625366.94,1280447.38,835.73,834.64,835.73,0.58,0.32,0.24,1
625459.19,1280447.38,-9999.00,-9999.00,-9999.00,0.71,0.71,0.71,0
614385.88,1280355.00,-9999.00,-9999.00,-9999.00,0.71,0.71,0.71,0
614478.12,1280355.00,762.08,761.00,762.08,0.31,0.06,-0.02,1
614570.44,1280355.00,760.10,759.00,760.10,0.63,0.37,0.30,1
614662.69,1280355.00,763.13,762.00,763.13,0.63,0.37,0.29,1
614755.00,1280355.00,770.17,769.00,770.17,0.63,0.37,0.29,1
614847.25,1280355.00,775.24,774.00,775.24,0.63,0.37,0.29,1
614939.56,1280355.00,774.34,773.00,774.34,0.63,0.36,0.29,1
615031.81,1280355.00,774.42,773.00,774.42,0.61,0.34,0.26,1
615124.12,1280355.00,789.48,788.00,789.48,0.60,0.32,0.25,1
615216.38,1280355.00,798.52,797.00,798.52,0.60,0.33,0.25,1
615308.62,1280355.00,796.54,795.00,796.54,0.62,0.34,0.26,1
615400.94,1280355.00,784.55,783.00,784.55,0.63,0.35,0.27,1
615493.19,1280355.00,776.56,775.00,776.56,0.62,0.34,0.26,1
615585.50,1280355.00,775.57,774.00,775.57,0.61,0.34,0.26,1
615677.75,1280355.00,779.57,778.00,779.57,0.61,0.33,0.25,1
615770.06,1280355.00,782.56,781.00,782.56,0.61,0.33,0.25,1
615862.31,1280355.00,784.56,783.00,784.56,0.61,0.34,0.26,1
615954.62,1280355.00,795.56,794.00,795.56,0.61,0.33,0.25,1
616046.88,1280355.00,806.56,805.00,806.56,0.61,0.33,0.26,1
616139.12,1280355.00,802.56,801.00,802.56,0.63,0.35,0.27,1
616231.44,1280355.00,799.56,798.00,799.56,0.62,0.35,0.27,1
616323.69,1280355.00,802.56,801.00,802.56,0.62,0.34,0.26,1
616416.00,1280355.00,801.56,800.00,801.56,0.60,0.33,0.25,1
616508.25,1280355.00,818.57,817.00,818.57,0.59,0.31,0.24,1
616600.56,1280355.00,831.57,830.00,831.57,0.58,0.31,0.23,1
616692.81,1280355.00,848.57,847.00,848.57,0.59,0.31,0.23,1
616785.12,1280355.00,852.58,851.00,852.58,0.61,0.33,0.25,1
616877.38,1280355.00,841.58,840.00,841.58,0.62,0.34,0.26,1
616969.62,1280355.00,833.58,832.00,833.58,0.65,0.37,0.29,1
617061.94,1280355.00,822.59,821.00,822.59,0.65,0.37,0.29,1
617154.19,1280355.00,813.60,812.00,813.60,0.65,0.37,0.29,1
617246.50,1280355.00,814.61,813.00,814.61,0.64,0.36,0.28,1
617338.75,1280355.00,817.61,816.00,817.61,0.64,0.36,0.28,1
617431.06,1280355.00,810.62,809.00,810.62,0.65,0.37,0.29,1
617523.31,1280355.00,800.62,799.00,800.62,0.65,0.37,0.29,1
617615.62,1280355.00,793.62,792.00,793.62,0.65,0.37,0.29,1
617707.88,1280355.00,776.62,775.00,776.62,0.64,0.36,0.28,1
617800.12,1280355.00,780.62,779.00,780.62,0.63,0.36,0.28,1
617892.44,1280355.00,788.61,787.00,788.61,0.64,0.36,0.28,1
617984.69,1280355.00,792.62,791.00,792.62,0.64,0.36,0.28,1
618077.00,1280355.00,799.62,798.00,799.62,0.65,0.37,0.29,1
618169.25,1280355.00,793.64,792.00,793.64,0.65,0.37,0.29,1
618261.56,1280355.00,784.66,783.00,784.66,0.65,0.37,0.29,1
618353.81,1280355.00,783.67,782.00,783.67,0.65,0.37,0.29,1
618446.12,1280355.00,774.68,773.00,774.68,0.65,0.37,0.29,1
618538.38,1280355.00,759.67,758.00,759.67,0.64,0.36,0.28,1
618630.62,1280355.00,755.68,754.00,755.68,0.63,0.34,0.26,1
618722.94,1280355.00,756.69,755.00,756.69,0.62,0.33,0.25,1
618815.19,1280355.00,763.69,762.00,763.69,0.62,0.34,0.26,1
618907.50,1280355.00,770.69,769.00,770.69,0.63,0.35,0.27,1
618999.75,1280355.00,768.69,767.00,768.69,0.64,0.36,0.28,1
619092.06,1280355.00,754.70,753.00,754.70,0.63,0.35,0.27,1
619184.31,1280355.00,754.69,753.00,754.69,0.61,0.33,0.25,1
619276.62,1280355.00,766.69,765.00,766.69,0.61,0.33,0.24,1
619368.88,1280355.00,777.69,776.00,777.69,0.60,0.32,0.24,1
619461.19,1280355.00,790.69,789.00,790.69,0.59,0.31,0.23,1
619553.44,1280355.00,802.69,801.00,802.69,0.60,0.32,0.24,1
619645.69,1280355.00,798.69,797.00,798.69,0.61,0.33,0.24,1
619738.00,1280355.00,794.69,793.00,794.69,0.61,0.33,0.25,1
619830.25,1280355.00,800.69,799.00,800.69,0.61,0.33,0.25,1
619922.56,1280355.00,801.68,800.00,801.68,0.61,0.33,0.25,1
620014.81,1280355.00,795.68,794.00,795.68,0.62,0.34,0.26,1
620107.12,1280355.00,796.68,795.00,796.68,0.63,0.34,0.26,1
620199.38,1280355.00,797.68,796.00,797.68,0.63,0.35,0.27,1
620291.69,1280355.00,780.68,779.00,780.68,0.64,0.35,0.27,1
620383.94,1280355.00,777.68,776.00,777.68,0.63,0.35,0.27,1
620476.19,1280355.00,779.68,778.00,779.68,0.63,0.35,0.27,1
620568.50,1280355.00,770.69,769.00,770.69,0.63,0.35,0.27,1
620660.75,1280355.00,759.69,758.00,759.69,0.63,0.35,0.27,1
620753.06,1280355.00,757.70,756.00,757.70,0.62,0.34,0.26,1
620845.31,1280355.00,758.71,757.00,758.71,0.62,0.34,0.26,1
620937.62,1280355.00,760.72,759.00,760.72,0.62,0.34,0.26,1
621029.88,1280355.00,760.73,759.00,760.73,0.62,0.33,0.25,1
621122.19,1280355.00,760.73,759.00,760.73,0.62,0.33,0.25,1
621214.44,1280355.00,761.74,760.00,761.74,0.61,0.33,0.25,1
621306.69,1280355.00,767.74,766.00,767.74,0.61,0.33,0.25,1
621399.00,1280355.00,771.74,770.00,771.74,0.62,0.33,0.25,1
621491.25,1280355.00,771.74,770.00,771.74,0.62,0.33,0.25,1
621583.56,1280355.00,771.74,770.00,771.74,0.61,0.33,0.25,1
621675.81,1280355.00,779.74,778.00,779.74,0.61,0.33,0.25,1
621768.12,1280355.00,782.75,781.00,782.75,0.62,0.33,0.25,1
621860.38,1280355.00,781.75,780.00,781.75,0.62,0.34,0.26,1
621952.69,1280355.00,779.77,778.00,779.77,0.62,0.34,0.26,1
622044.94,1280355.00,775.78,774.00,775.78,0.62,0.33,0.25,1
622137.19,1280355.00,776.79,775.00,776.79,0.61,0.33,0.25,1
622229.50,1280355.00,784.79,783.00,784.79,0.62,0.33,0.25,1
622321.75,1280355.00,787.79,786.00,787.79,0.62,0.34,0.25,1
622414.06,1280355.00,791.79,790.00,791.79,0.61,0.33,0.25,1
622506.31,1280355.00,808.78,807.00,808.78,0.60,0.32,0.24,1
622598.62,1280355.00,824.76,823.00,824.76,0.60,0.32,0.23,1
622690.88,1280355.00,832.73,831.00,832.73,0.59,0.31,0.23,1
622783.19,1280355.00,839.71,838.00,839.71,0.58,0.30,0.22,1
622875.44,1280355.00,846.68,845.00,846.68,0.58,0.30,0.22,1
622967.69,1280355.00,853.65,852.00,853.65,0.58,0.30,0.22,1
623060.00,1280355.00,855.63,854.00,855.63,0.58,0.30,0.22,1
623152.25,1280355.00,854.62,853.00,854.62,0.59,0.31,0.23,1
623244.56,1280355.00,859.62,858.00,859.62,0.59,0.31,0.23,1
623336.81,1280355.00,873.63,872.00,873.63,0.59,0.31,0.23,1
623429.12,1280355.00,877.63,876.00,877.63,0.61,0.33,0.25,1
623521.38,1280355.00,868.63,867.00,868.63,0.61,0.33,0.25,1
623613.69,1280355.00,860.64,859.00,860.64,0.61,0.33,0.25,1
623705.94,1280355.00,860.64,859.00,860.64,0.61,0.33,0.25,1
623798.19,1280355.00,854.65,853.00,854.65,0.62,0.34,0.26,1
623890.50,1280355.00,850.66,849.00,850.66,0.62,0.34,0.26,1
623982.75,1280355.00,856.67,855.00,856.67,0.63,0.35,0.27,1
624075.06,1280355.00,857.68,856.00,857.68,0.63,0.35,0.27,1
624167.31,1280355.00,849.68,848.00,849.68,0.63,0.35,0.27,1
624259.62,1280355.00,833.68,832.00,833.68,0.63,0.35,0.27,1
624351.88,1280355.00,818.68,817.00,818.68,0.63,0.35,0.27,1
624444.19,1280355.00,811.67,810.00,811.67,0.62,0.34,0.26,1
624536.44,1280355.00,805.66,804.00,805.66,0.62,0.34,0.26,1
624628.69,1280355.00,805.64,804.00,805.64,0.62,0.34,0.26,1
624721.00,1280355.00,814.61,813.00,814.61,0.62,0.34,0.26,1
624813.25,1280355.00,826.57,825.00,826.57,0.62,0.35,0.27,1
624905.56,1280355.00,827.51,826.00,827.51,0.63,0.35,0.28,1
624997.81,1280355.00,813.44,812.00,813.44,0.64,0.36,0.28,1
625090.12,1280355.00,802.36,801.00,802.36,0.63,0.36,0.29,1
625182.38,1280355.00,807.29,806.00,807.29,0.63,0.36,0.29,1
625274.69,1280355.00,814.26,813.00,814.26,0.63,0.36,0.28,1
625366.94,1280355.00,829.91,828.82,829.91,0.58,0.32,0.24,1
625459.19,1280355.00,-9999.00,-9999.00,-9999.00,0.71,0.71,0.71,0
614385.88,1280262.75,-9999.00,-9999.00,-9999.00,0.71,0.71,0.71,0
614478.12,1280262.75,771.07,770.00,771.07,0.31,0.05,-0.02,1
614570.44,1280262.75,769.05,768.00,769.05,0.64,0.38,0.31,1
614662.69,1280262.75,772.09,771.00,772.09,0.63,0.37,0.30,1
614755.00,1280262.75,786.16,785.00,786.16,0.63,0.36,0.29,1
614847.25,1280262.75,793.24,792.00,793.24,0.64,0.37,0.30,1
614939.56,1280262.75,792.33,791.00,792.33,0.65,0.38,0.30,1
615031.81,1280262.75,779.41,778.00,779.41,0.64,0.37,0.29,1
615124.12,1280262.75,781.46,780.00,781.46,0.61,0.34,0.26,1
615216.38,1280262.75,784.50,783.00,784.50,0.61,0.33,0.26,1
615308.62,1280262.75,785.53,784.00,785.53,0.62,0.35,0.27,1
615400.94,1280262.75,781.55,780.00,781.55,0.63,0.36,0.28,1
615493.19,1280262.75,775.56,774.00,775.56,0.63,0.35,0.27,1
615585.50,1280262.75,775.56,774.00,775.56,0.63,0.35,0.27,1
615677.75,1280262.75,775.57,774.00,775.57,0.62,0.34,0.26,1
615770.06,1280262.75,779.57,778.00,779.57,0.61,0.34,0.26,1
615862.31,1280262.75,791.57,790.00,791.57,0.62,0.34,0.26,1
615954.62,1280262.75,798.57,797.00,798.57,0.62,0.34,0.26,1
616046.88,1280262.75,805.56,804.00,805.56,0.62,0.34,0.26,1
616139.12,1280262.75,805.56,804.00,805.56,0.62,0.34,0.26,1
616231.44,1280262.75,809.56,808.00,809.56,0.63,0.35,0.27,1
616323.69,1280262.75,804.56,803.00,804.56,0.63,0.35,0.28,1
616416.00,1280262.75,796.56,795.00,796.56,0.62,0.34,0.26,1
616508.25,1280262.75,806.57,805.00,806.57,0.60,0.32,0.24,1
616600.56,1280262.75,811.57,810.00,811.57,0.59,0.31,0.23,1
616692.81,1280262.75,826.57,825.00,826.57,0.59,0.31,0.23,1
616785.12,1280262.75,831.58,830.00,831.58,0.60,0.32,0.24,1
616877.38,1280262.75,826.58,825.00,826.58,0.60,0.32,0.25,1
616969.62,1280262.75,836.58,835.00,836.58,0.61,0.34,0.26,1
617061.94,1280262.75,833.58,832.00,833.58,0.63,0.35,0.27,1
617154.19,1280262.75,828.59,827.00,828.59,0.63,0.35,0.27,1
617246.50,1280262.75,826.60,825.00,826.60,0.62,0.34,0.26,1
617338.75,1280262.75,830.60,829.00,830.60,0.62,0.35,0.27,1
617431.06,1280262.75,828.61,827.00,828.61,0.63,0.35,0.27,1
617523.31,1280262.75,826.61,825.00,826.61,0.64,0.36,0.28,1
617615.62,1280262.75,812.61,811.00,812.61,0.65,0.37,0.29,1
617707.88,1280262.75,798.61,797.00,798.61,0.64,0.36,0.28,1
617800.12,1280262.75,807.61,806.00,807.61,0.63,0.35,0.27,1
617892.44,1280262.75,814.59,813.00,814.59,0.63,0.35,0.27,1
617984.69,1280262.75,821.59,820.00,821.59,0.62,0.34,0.26,1
618077.00,1280262.75,836.59,835.00,836.59,0.63,0.35,0.27,1
618169.25,1280262.75,832.59,831.00,832.59,0.65,0.37,0.29,1
618261.56,1280262.75,823.60,822.00,823.60,0.66,0.38,0.30,1
618353.81,1280262.75,815.61,814.00,815.61,0.66,0.38,0.30,1
618446.12,1280262.75,795.63,794.00,795.63,0.66,0.38,0.30,1
618538.38,1280262.75,779.66,778.00,779.66,0.65,0.37,0.29,1
618630.62,1280262.75,760.68,759.00,760.68,0.63,0.35,0.27,1
618722.94,1280262.75,758.68,757.00,758.68,0.61,0.33,0.25,1
618815.19,1280262.75,776.69,775.00,776.69,0.62,0.34,0.25,1
618907.50,1280262.75,784.69,783.00,784.69,0.63,0.35,0.27,1
618999.75,1280262.75,778.69,777.00,778.69,0.64,0.36,0.28,1
619092.06,1280262.75,759.69,758.00,759.69,0.64,0.35,0.27,1
619184.31,1280262.75,755.69,754.00,755.69,0.62,0.34,0.26,1
619276.62,1280262.75,764.69,763.00,764.69,0.61,0.33,0.25,1
619368.88,1280262.75,765.69,764.00,765.69,0.60,0.32,0.24,1
619461.19,1280262.75,775.69,774.00,775.69,0.60,0.32,0.24,1
619553.44,1280262.75,785.69,784.00,785.69,0.60,0.32,0.24,1
619645.69,1280262.75,778.69,777.00,778.69,0.60,0.32,0.24,1
619738.00,1280262.75,779.69,778.00,779.69,0.60,0.32,0.24,1
619830.25,1280262.75,788.69,787.00,788.69,0.60,0.32,0.24,1
619922.56,1280262.75,784.68,783.00,784.68,0.60,0.32,0.24,1
620014.81,1280262.75,789.68,788.00,789.68,0.61,0.33,0.25,1
620107.12,1280262.75,799.68,798.00,799.68,0.62,0.34,0.26,1
620199.38,1280262.75,797.68,796.00,797.68,0.63,0.35,0.27,1
620291.69,1280262.75,785.68,784.00,785.68,0.63,0.35,0.27,1
620383.94,1280262.75,783.68,782.00,783.68,0.63,0.34,0.26,1
620476.19,1280262.75,778.68,777.00,778.68,0.63,0.35,0.27,1
620568.50,1280262.75,772.68,771.00,772.68,0.64,0.35,0.27,1
620660.75,1280262.75,766.68,765.00,766.68,0.63,0.35,0.27,1
620753.06,1280262.75,763.69,762.00,763.69,0.63,0.35,0.26,1
620845.31,1280262.75,768.70,767.00,768.70,0.63,0.35,0.27,1
620937.62,1280262.75,764.70,763.00,764.70,0.63,0.35,0.27,1
621029.88,1280262.75,760.71,759.00,760.71,0.63,0.34,0.26,1
621122.19,1280262.75,761.71,760.00,761.71,0.63,0.34,0.26,1
621214.44,1280262.75,762.71,761.00,762.71,0.62,0.34,0.26,1
621306.69,1280262.75,764.72,763.00,764.72,0.62,0.33,0.25,1
621399.00,1280262.75,767.72,766.00,767.72,0.61,0.33,0.25,1
621491.25,1280262.75,769.72,768.00,769.72,0.61,0.33,0.25,1
621583.56,1280262.75,769.72,768.00,769.72,0.61,0.33,0.25,1
621675.81,1280262.75,774.72,773.00,774.72,0.61,0.32,0.24,1
621768.12,1280262.75,778.73,777.00,778.73,0.61,0.32,0.24,1
621860.38,1280262.75,781.73,780.00,781.73,0.61,0.33,0.25,1
621952.69,1280262.75,778.74,777.00,778.74,0.62,0.34,0.26,1
622044.94,1280262.75,772.74,771.00,772.74,0.62,0.34,0.25,1
622137.19,1280262.75,775.75,774.00,775.75,0.61,0.33,0.25,1
622229.50,1280262.75,783.75,782.00,783.75,0.61,0.32,0.24,1
622321.75,1280262.75,785.75,784.00,785.75,0.61,0.33,0.25,1
622414.06,1280262.75,786.75,785.00,786.75,0.61,0.32,0.24,1
622506.31,1280262.75,795.74,794.00,795.74,0.59,0.31,0.23,1
622598.62,1280262.75,805.74,804.00,805.74,0.59,0.30,0.22,1
622690.88,1280262.75,810.72,809.00,810.72,0.59,0.31,0.23,1
622783.19,1280262.75,813.70,812.00,813.70,0.59,0.30,0.22,1
622875.44,1280262.75,819.68,818.00,819.68,0.59,0.30,0.22,1
622967.69,1280262.75,824.67,823.00,824.67,0.59,0.31,0.23,1
623060.00,1280262.75,830.65,829.00,830.65,0.60,0.32,0.24,1
623152.25,1280262.75,838.65,837.00,838.65,0.61,0.33,0.25,1
623244.56,1280262.75,853.65,852.00,853.65,0.60,0.32,0.24,1
623336.81,1280262.75,865.65,864.00,865.65,0.60,0.32,0.24,1
623429.12,1280262.75,867.65,866.00,867.65,0.61,0.33,0.25,1
623521.38,1280262.75,857.66,856.00,857.66,0.61,0.33,0.25,1
623613.69,1280262.75,847.67,846.00,847.67,0.61,0.33,0.25,1
623705.94,1280262.75,843.67,842.00,843.67,0.60,0.32,0.24,1
623798.19,1280262.75,841.67,840.00,841.67,0.60,0.32,0.24,1
623890.50,1280262.75,852.67,851.00,852.67,0.61,0.33,0.24,1
623982.75,1280262.75,868.68,867.00,868.68,0.62,0.34,0.26,1
624075.06,1280262.75,863.68,862.00,863.68,0.64,0.36,0.28,1
624167.31,1280262.75,847.68,846.00,847.68,0.64,0.35,0.27,1
624259.62,1280262.75,836.68,835.00,836.68,0.64,0.35,0.27,1
624351.88,1280262.75,833.68,832.00,833.68,0.64,0.36,0.28,1
624444.19,1280262.75,825.67,824.00,825.67,0.65,0.36,0.28,1
624536.44,1280262.75,818.66,817.00,818.66,0.64,0.36,0.28,1
624628.69,1280262.75,825.65,824.00,825.65,0.63,0.35,0.27,1
624721.00,1280262.75,834.61,833.00,834.61,0.63,0.35,0.27,1
624813.25,1280262.75,832.57,831.00,832.57,0.63,0.35,0.28,1
624905.56,1280262.75,818.51,817.00,818.51,0.63,0.36,0.28,1
624997.81,1280262.75,807.44,806.00,807.44,0.63,0.36,0.28,1
625090.12,1280262.75,808.35,807.00,808.35,0.63,0.36,0.28,1
625182.38,1280262.75,822.28,821.00,822.28,0.62,0.35,0.27,1
625274.69,1280262.75,836.24,835.00,836.24,0.63,0.37,0.29,1
625366.94,1280262.75,828.58,827.52,828.58,0.58,0.32,0.25,1
625459.19,1280262.75,-9999.00,-9999.00,-9999.00,0.71,0.71,0.71,0
614385.88,1280170.50,-9999.00,-9999.00,-9999.00,0.71,0.71,0.71,0
614478.12,1280170.50,776.06,775.00,776.06,0.31,0.05,-0.02,1
614570.44,1280170.50,779.02,778.00,779.02,0.64,0.38,0.31,1
614662.69,1280170.50,784.06,783.00,784.06,0.64,0.38,0.31,1
614755.00,1280170.50,793.14,792.00,793.14,0.62,0.36,0.29,1
614847.25,1280170.50,801.24,800.00,801.24,0.62,0.36,0.28,1
614939.56,1280170.50,803.33,802.00,803.33,0.63,0.37,0.29,1
615031.81,1280170.50,789.40,788.00,789.40,0.64,0.37,0.29,1
615124.12,1280170.50,778.45,777.00,778.45,0.63,0.35,0.28,1
615216.38,1280170.50,780.49,779.00,780.49,0.61,0.34,0.26,1
615308.62,1280170.50,792.52,791.00,792.52,0.62,0.35,0.27,1
615400.94,1280170.50,792.54,791.00,792.54,0.63,0.36,0.28,1
615493.19,1280170.50,785.55,784.00,785.55,0.63,0.36,0.28,1
615585.50,1280170.50,785.56,784.00,785.56,0.63,0.35,0.28,1
615677.75,1280170.50,779.57,778.00,779.57,0.63,0.35,0.27,1
615770.06,1280170.50,784.57,783.00,784.57,0.62,0.34,0.26,1
615862.31,1280170.50,798.57,797.00,798.57,0.61,0.34,0.26,1
615954.62,1280170.50,805.56,804.00,805.56,0.62,0.34,0.26,1
616046.88,1280170.50,803.56,802.00,803.56,0.62,0.34,0.26,1
616139.12,1280170.50,803.56,802.00,803.56,0.61,0.33,0.25,1
616231.44,1280170.50,812.56,811.00,812.56,0.62,0.34,0.26,1
616323.69,1280170.50,807.56,806.00,807.56,0.63,0.35,0.27,1
616416.00,1280170.50,792.56,791.00,792.56,0.62,0.35,0.27,1
616508.25,1280170.50,794.56,793.00,794.56,0.60,0.33,0.25,1
616600.56,1280170.50,802.57,801.00,802.57,0.60,0.32,0.25,1
616692.81,1280170.50,815.57,814.00,815.57,0.60,0.32,0.24,1
616785.12,1280170.50,817.58,816.00,817.58,0.60,0.33,0.25,1
616877.38,1280170.50,814.58,813.00,814.58,0.60,0.32,0.24,1
616969.62,1280170.50,827.58,826.00,827.58,0.60,0.32,0.24,1
617061.94,1280170.50,822.58,821.00,822.58,0.62,0.34,0.26,1
617154.19,1280170.50,815.59,814.00,815.59,0.61,0.33,0.25,1
617246.50,1280170.50,817.59,816.00,817.59,0.60,0.33,0.25,1
617338.75,1280170.50,824.59,823.00,824.59,0.61,0.33,0.25,1
617431.06,1280170.50,823.59,822.00,823.59,0.61,0.34,0.26,1
617523.31,1280170.50,824.59,823.00,824.59,0.61,0.34,0.26,1
617615.62,1280170.50,822.59,821.00,822.59,0.63,0.35,0.27,1
617707.88,1280170.50,818.59,817.00,818.59,0.64,0.36,0.28,1
617800.12,1280170.50,819.59,818.00,819.59,0.63,0.35,0.28,1
617892.44,1280170.50,813.58,812.00,813.58,0.62,0.34,0.26,1
617984.69,1280170.50,814.57,813.00,814.57,0.60,0.32,0.24,1
618077.00,1280170.50,827.56,826.00,827.56,0.58,0.31,0.23,1
618169.25,1280170.50,837.57,836.00,837.57,0.60,0.32,0.24,1
618261.56,1280170.50,849.59,848.00,849.59,0.62,0.34,0.26,1
618353.81,1280170.50,846.59,845.00,846.59,0.64,0.37,0.29,1
618446.12,1280170.50,819.62,818.00,819.62,0.65,0.37,0.29,1
618538.38,1280170.50,787.65,786.00,787.65,0.65,0.37,0.29,1
618630.62,1280170.50,762.67,761.00,762.67,0.63,0.35,0.27,1
618722.94,1280170.50,762.69,761.00,762.69,0.61,0.33,0.25,1
618815.19,1280170.50,786.69,785.00,786.69,0.61,0.32,0.24,1
618907.50,1280170.50,797.69,796.00,797.69,0.63,0.35,0.27,1
618999.75,1280170.50,779.69,778.00,779.69,0.64,0.35,0.27,1
619092.06,1280170.50,761.69,760.00,761.69,0.63,0.35,0.27,1
619184.31,1280170.50,758.69,757.00,758.69,0.62,0.34,0.26,1
619276.62,1280170.50,757.69,756.00,757.69,0.61,0.33,0.25,1
619368.88,1280170.50,758.69,757.00,758.69,0.61,0.33,0.24,1
619461.19,1280170.50,771.69,770.00,771.69,0.61,0.32,0.24,1
619553.44,1280170.50,774.69,773.00,774.69,0.61,0.33,0.25,1
619645.69,1280170.50,765.69,764.00,765.69,0.61,0.33,0.25,1
619738.00,1280170.50,765.69,764.00,765.69,0.60,0.32,0.24,1
619830.25,1280170.50,770.69,769.00,770.69,0.60,0.32,0.24,1
619922.56,1280170.50,771.68,770.00,771.68,0.60,0.32,0.24,1
620014.81,1280170.50,786.68,785.00,786.68,0.60,0.32,0.24,1
620107.12,1280170.50,801.68,800.00,801.68,0.61,0.33,0.25,1
620199.38,1280170.50,800.68,799.00,800.68,0.62,0.34,0.26,1
620291.69,1280170.50,786.68,785.00,786.68,0.63,0.34,0.26,1
620383.94,1280170.50,781.68,780.00,781.68,0.62,0.34,0.26,1
620476.19,1280170.50,786.68,785.00,786.68,0.63,0.34,0.26,1
620568.50,1280170.50,787.67,786.00,787.67,0.64,0.36,0.27,1
620660.75,1280170.50,775.68,774.00,775.68,0.63,0.35,0.27,1
620753.06,1280170.50,771.68,770.00,771.68,0.63,0.34,0.26,1
620845.31,1280170.50,775.68,774.00,775.68,0.63,0.35,0.27,1
620937.62,1280170.50,770.69,769.00,770.69,0.63,0.35,0.27,1
621029.88,1280170.50,767.69,766.00,767.69,0.62,0.34,0.26,1
621122.19,1280170.50,776.69,775.00,776.69,0.63,0.35,0.27,1
621214.44,1280170.50,771.70,770.00,771.70,0.64,0.36,0.28,1
621306.69,1280170.50,762.70,761.00,762.70,0.64,0.35,0.27,1
621399.00,1280170.50,760.70,759.00,760.70,0.62,0.34,0.26,1
621491.25,1280170.50,762.70,761.00,762.70,0.61,0.33,0.25,1
621583.56,1280170.50,764.71,763.00,764.71,0.62,0.33,0.25,1
621675.81,1280170.50,764.71,763.00,764.71,0.61,0.33,0.25,1
621768.12,1280170.50,765.71,764.00,765.71,0.61,0.33,0.25,1
621860.38,1280170.50,770.72,769.00,770.72,0.61,0.32,0.24,1
621952.69,1280170.50,772.72,771.00,772.72,0.61,0.33,0.25,1
622044.94,1280170.50,770.72,769.00,770.72,0.62,0.34,0.25,1
622137.19,1280170.50,769.73,768.00,769.73,0.61,0.33,0.25,1
622229.50,1280170.50,771.73,770.00,771.73,0.61,0.32,0.24,1
622321.75,1280170.50,775.73,774.00,775.73,0.60,0.32,0.24,1
622414.06,1280170.50,778.73,777.00,778.73,0.61,0.33,0.24,1
622506.31,1280170.50,779.72,778.00,779.72,0.60,0.32,0.24,1
622598.62,1280170.50,783.72,782.00,783.72,0.60,0.32,0.24,1
622690.88,1280170.50,786.71,785.00,786.71,0.60,0.32,0.24,1
622783.19,1280170.50,789.70,788.00,789.70,0.60,0.31,0.23,1
622875.44,1280170.50,799.68,798.00,799.68,0.59,0.31,0.23,1
622967.69,1280170.50,819.67,818.00,819.67,0.59,0.31,0.23,1
623060.00,1280170.50,840.67,839.00,840.67,0.60,0.32,0.24,1
623152.25,1280170.50,852.66,851.00,852.66,0.61,0.33,0.25,1
623244.56,1280170.50,856.66,855.00,856.66,0.61,0.32,0.24,1
623336.81,1280170.50,856.67,855.00,856.67,0.60,0.32,0.24,1
623429.12,1280170.50,851.68,850.00,851.68,0.60,0.32,0.24,1
623521.38,1280170.50,839.69,838.00,839.69,0.61,0.32,0.24,1
623613.69,1280170.50,827.69,826.00,827.69,0.61,0.33,0.25,1
623705.94,1280170.50,825.69,824.00,825.69,0.61,0.33,0.25,1
623798.19,1280170.50,834.69,833.00,834.69,0.61,0.33,0.25,1
623890.50,1280170.50,852.69,851.00,852.69,0.60,0.32,0.24,1
623982.75,1280170.50,872.69,871.00,872.69,0.61,0.33,0.25,1
624075.06,1280170.50,873.69,872.00,873.69,0.63,0.35,0.27,1
624167.31,1280170.50,853.68,852.00,853.68,0.64,0.36,0.27,1
624259.62,1280170.50,848.68,847.00,848.68,0.63,0.35,0.27,1
624351.88,1280170.50,857.68,856.00,857.68,0.64,0.35,0.27,1
624444.19,1280170.50,850.67,849.00,850.67,0.65,0.37,0.29,1
624536.44,1280170.50,843.66,842.00,843.66,0.64,0.36,0.28,1
624628.69,1280170.50,846.65,845.00,846.65,0.64,0.36,0.28,1
624721.00,1280170.50,841.61,840.00,841.61,0.63,0.35,0.27,1
624813.25,1280170.50,830.57,829.00,830.57,0.63,0.36,0.28,1
624905.56,1280170.50,821.51,820.00,821.51,0.64,0.36,0.28,1
624997.81,1280170.50,823.43,822.00,823.43,0.64,0.37,0.29,1
625090.12,1280170.50,825.34,824.00,825.34,0.64,0.37,0.30,1
625182.38,1280170.50,826.27,825.00,826.27,0.63,0.36,0.28,1
625274.69,1280170.50,831.22,830.00,831.22,0.62,0.35,0.28,1
625366.94,1280170.50,827.25,826.22,827.25,0.58,0.32,0.25,1
625459.19,1280170.50,-9999.00,-9999.00,-9999.00,0.71,0.71,0.71,0
614385.88,1280078.25,-9999.00,-9999.00,-9999.00,0.71,0.71,0.71,0
614478.12,1280078.25,779.08,778.00,779.08,0.31,0.06,-0.02,1
614570.44,1280078.25,793.06,792.00,793.06,0.63,0.37,0.30,1
614662.69,1280078.25,801.06,800.00,801.06,0.64,0.38,0.31,1
614755.00,1280078.25,798.14,797.00,798.14,0.63,0.37,0.30,1
614847.25,1280078.25,796.24,795.00,796.24,0.62,0.36,0.28,1
614939.56,1280078.25,795.33,794.00,795.33,0.63,0.36,0.28,1
615031.81,1280078.25,786.40,785.00,786.40,0.64,0.37,0.29,1
615124.12,1280078.25,780.45,779.00,780.45,0.63,0.36,0.28,1
615216.38,1280078.25,785.49,784.00,785.49,0.61,0.34,0.26,1
615308.62,1280078.25,799.51,798.00,799.51,0.62,0.34,0.26,1
615400.94,1280078.25,798.54,797.00,798.54,0.63,0.35,0.28,1
615493.19,1280078.25,790.55,789.00,790.55,0.63,0.35,0.27,1
615585.50,1280078.25,787.56,786.00,787.56,0.62,0.35,0.27,1
615677.75,1280078.25,787.56,786.00,787.56,0.63,0.35,0.27,1
615770.06,1280078.25,793.56,792.00,793.56,0.62,0.35,0.27,1
615862.31,1280078.25,798.56,797.00,798.56,0.62,0.34,0.26,1
615954.62,1280078.25,801.56,800.00,801.56,0.62,0.34,0.26,1
616046.88,1280078.25,797.56,796.00,797.56,0.62,0.34,0.26,1
616139.12,1280078.25,795.56,794.00,795.56,0.61,0.33,0.25,1
616231.44,1280078.25,803.56,802.00,803.56,0.60,0.33,0.25,1
616323.69,1280078.25,801.56,800.00,801.56,0.62,0.34,0.26,1
616416.00,1280078.25,788.56,787.00,788.56,0.62,0.35,0.27,1
616508.25,1280078.25,788.56,787.00,788.56,0.61,0.34,0.26,1
616600.56,1280078.25,799.56,798.00,799.56,0.61,0.33,0.25,1
616692.81,1280078.25,807.57,806.00,807.57,0.61,0.33,0.26,1
616785.12,1280078.25,803.57,802.00,803.57,0.61,0.33,0.25,1
616877.38,1280078.25,802.58,801.00,802.58,0.60,0.32,0.24,1
616969.62,1280078.25,811.58,810.00,811.58,0.60,0.32,0.24,1
617061.94,1280078.25,812.58,811.00,812.58,0.61,0.33,0.25,1
617154.19,1280078.25,808.58,807.00,808.58,0.61,0.34,0.26,1
617246.50,1280078.25,806.58,805.00,806.58,0.61,0.33,0.25,1
617338.75,1280078.25,815.58,814.00,815.58,0.61,0.33,0.25,1
617431.06,1280078.25,815.57,814.00,815.57,0.62,0.34,0.26,1
617523.31,1280078.25,813.57,812.00,813.57,0.61,0.34,0.26,1
617615.62,1280078.25,818.57,817.00,818.57,0.62,0.34,0.26,1
617707.88,1280078.25,825.57,824.00,825.57,0.63,0.35,0.27,1
617800.12,1280078.25,824.56,823.00,824.56,0.64,0.36,0.28,1
617892.44,1280078.25,809.56,808.00,809.56,0.64,0.36,0.29,1
617984.69,1280078.25,793.57,792.00,793.57,0.62,0.34,0.26,1
618077.00,1280078.25,796.58,795.00,796.58,0.58,0.30,0.22,1
618169.25,1280078.25,809.59,808.00,809.59,0.57,0.29,0.21,1
618261.56,1280078.25,827.59,826.00,827.59,0.58,0.30,0.22,1
618353.81,1280078.25,833.59,832.00,833.59,0.60,0.32,0.24,1
618446.12,1280078.25,813.61,812.00,813.61,0.63,0.35,0.27,1
618538.38,1280078.25,786.64,785.00,786.64,0.63,0.35,0.27,1
618630.62,1280078.25,760.66,759.00,760.66,0.63,0.35,0.27,1
618722.94,1280078.25,761.69,760.00,761.69,0.60,0.32,0.24,1
618815.19,1280078.25,788.68,787.00,788.68,0.59,0.31,0.23,1
618907.50,1280078.25,797.68,796.00,797.68,0.62,0.34,0.26,1
618999.75,1280078.25,778.68,777.00,778.68,0.64,0.36,0.28,1
619092.06,1280078.25,761.69,760.00,761.69,0.63,0.35,0.27,1
619184.31,1280078.25,758.69,757.00,758.69,0.63,0.35,0.27,1
619276.62,1280078.25,753.69,752.00,753.69,0.62,0.34,0.26,1
619368.88,1280078.25,754.69,753.00,754.69,0.61,0.33,0.25,1
619461.19,1280078.25,763.69,762.00,763.69,0.61,0.33,0.25,1
619553.44,1280078.25,761.69,760.00,761.69,0.61,0.33,0.25,1
619645.69,1280078.25,758.69,757.00,758.69,0.62,0.34,0.26,1
619738.00,1280078.25,756.69,755.00,756.69,0.62,0.33,0.25,1
619830.25,1280078.25,758.68,757.00,758.68,0.61,0.33,0.25,1
619922.56,1280078.25,769.68,768.00,769.68,0.61,0.32,0.24,1
620014.81,1280078.25,783.68,782.00,783.68,0.60,0.32,0.24,1
620107.12,1280078.25,792.68,791.00,792.68,0.61,0.33,0.24,1
620199.38,1280078.25,786.68,785.00,786.68,0.61,0.33,0.25,1
620291.69,1280078.25,778.68,777.00,778.68,0.61,0.33,0.25,1
620383.94,1280078.25,782.68,781.00,782.68,0.61,0.33,0.25,1
620476.19,1280078.25,796.67,795.00,796.67,0.62,0.34,0.26,1
620568.50,1280078.25,792.67,791.00,792.67,0.63,0.35,0.27,1
620660.75,1280078.25,775.67,774.00,775.67,0.63,0.35,0.27,1
620753.06,1280078.25,774.67,773.00,774.67,0.62,0.34,0.26,1
620845.31,1280078.25,781.67,780.00,781.67,0.63,0.35,0.27,1
620937.62,1280078.25,770.67,769.00,770.67,0.63,0.35,0.27,1
621029.88,1280078.25,771.68,770.00,771.68,0.61,0.33,0.25,1
621122.19,1280078.25,786.68,785.00,786.68,0.61,0.33,0.25,1
621214.44,1280078.25,790.68,789.00,790.68,0.63,0.35,0.27,1
621306.69,1280078.25,782.68,781.00,782.68,0.64,0.36,0.28,1
621399.00,1280078.25,771.69,770.00,771.69,0.64,0.36,0.28,1
621491.25,1280078.25,762.69,761.00,762.69,0.63,0.35,0.27,1
621583.56,1280078.25,764.70,763.00,764.70,0.62,0.34,0.26,1
621675.81,1280078.25,764.70,763.00,764.70,0.63,0.34,0.26,1
621768.12,1280078.25,762.70,761.00,762.70,0.62,0.34,0.26,1
621860.38,1280078.25,762.71,761.00,762.71,0.62,0.33,0.25,1
621952.69,1280078.25,762.71,761.00,762.71,0.61,0.33,0.25,1
622044.94,1280078.25,765.71,764.00,765.71,0.62,0.33,0.25,1
622137.19,1280078.25,763.71,762.00,763.71,0.62,0.33,0.25,1
622229.50,1280078.25,764.71,763.00,764.71,0.62,0.33,0.25,1
622321.75,1280078.25,764.71,763.00,764.71,0.61,0.33,0.25,1
622414.06,1280078.25,768.71,767.00,768.71,0.61,0.33,0.25,1
622506.31,1280078.25,771.71,770.00,771.71,0.61,0.33,0.25,1
622598.62,1280078.25,776.71,775.00,776.71,0.61,0.33,0.25,1
622690.88,1280078.25,781.70,780.00,781.70,0.61,0.33,0.25,1
622783.19,1280078.25,784.70,783.00,784.70,0.61,0.32,0.24,1
622875.44,1280078.25,798.69,797.00,798.69,0.60,0.31,0.23,1
622967.69,1280078.25,817.68,816.00,817.68,0.59,0.31,0.23,1
623060.00,1280078.25,830.67,829.00,830.67,0.59,0.31,0.23,1
623152.25,1280078.25,835.67,834.00,835.67,0.59,0.31,0.23,1
623244.56,1280078.25,830.67,829.00,830.67,0.59,0.31,0.23,1
623336.81,1280078.25,821.68,820.00,821.68,0.59,0.31,0.23,1
623429.12,1280078.25,816.69,815.00,816.69,0.59,0.31,0.23,1
623521.38,1280078.25,813.70,812.00,813.70,0.60,0.32,0.24,1
623613.69,1280078.25,813.70,812.00,813.70,0.61,0.32,0.24,1
623705.94,1280078.25,827.70,826.00,827.70,0.60,0.32,0.24,1
623798.19,1280078.25,847.70,846.00,847.70,0.60,0.32,0.24,1
623890.50,1280078.25,864.69,863.00,864.69,0.60,0.32,0.24,1
623982.75,1280078.25,873.69,872.00,873.69,0.61,0.33,0.25,1
624075.06,1280078.25,869.69,868.00,869.69,0.62,0.34,0.26,1
624167.31,1280078.25,855.69,854.00,855.69,0.63,0.35,0.27,1
624259.62,1280078.25,855.68,854.00,855.68,0.62,0.33,0.25,1
624351.88,1280078.25,868.68,867.00,868.68,0.61,0.33,0.25,1
624444.19,1280078.25,870.67,869.00,870.67,0.63,0.35,0.27,1
624536.44,1280078.25,865.66,864.00,865.66,0.64,0.36,0.28,1
624628.69,1280078.25,855.64,854.00,855.64,0.64,0.36,0.28,1
624721.00,1280078.25,842.61,841.00,842.61,0.64,0.36,0.28,1
624813.25,1280078.25,837.57,836.00,837.57,0.64,0.36,0.28,1
624905.56,1280078.25,839.51,838.00,839.51,0.63,0.36,0.28,1
624997.81,1280078.25,845.42,844.00,845.42,0.63,0.36,0.28,1
625090.12,1280078.25,844.32,843.00,844.32,0.65,0.38,0.30,1
625182.38,1280078.25,829.25,828.00,829.25,0.64,0.38,0.30,1
625274.69,1280078.25,822.20,821.00,822.20,0.63,0.36,0.29,1
625366.94,1280078.25,828.09,827.08,828.09,0.58,0.32,0.25,1
625459.19,1280078.25,-9999.00,-9999.00,-9999.00,0.71,0.71,0.71,0
614385.88,1279985.88,-9999.00,-9999.00,-9999.00,0.71,0.71,0.71,0
614478.12,1279985.88,790.13,789.00,790.13,0.32,0.06,-0.01,1
614570.44,1279985.88,803.15,802.00,803.15,0.62,0.36,0.28,1
614662.69,1279985.88,805.11,804.00,805.11,0.63,0.37,0.30,1
614755.00,1279985.88,795.16,794.00,795.16,0.63,0.37,0.29,1
614847.25,1279985.88,793.25,792.00,793.25,0.62,0.36,0.28,1
614939.56,1279985.88,798.33,797.00,798.33,0.63,0.36,0.28,1
615031.81,1279985.88,795.39,794.00,795.39,0.64,0.37,0.29,1
615124.12,1279985.88,788.44,787.00,788.44,0.64,0.36,0.29,1
615216.38,1279985.88,787.48,786.00,787.48,0.62,0.34,0.26,1
615308.62,1279985.88,797.51,796.00,797.51,0.61,0.34,0.26,1
615400.94,1279985.88,798.53,797.00,798.53,0.62,0.35,0.27,1
615493.19,1279985.88,789.54,788.00,789.54,0.63,0.35,0.27,1
615585.50,1279985.88,786.55,785.00,786.55,0.62,0.34,0.26,1
615677.75,1279985.88,792.56,791.00,792.56,0.62,0.34,0.26,1
615770.06,1279985.88,798.56,797.00,798.56,0.62,0.34,0.26,1
615862.31,1279985.88,796.56,795.00,796.56,0.62,0.34,0.26,1
615954.62,1279985.88,793.55,792.00,793.55,0.62,0.34,0.26,1
616046.88,1279985.88,790.55,789.00,790.55,0.62,0.35,0.27,1
616139.12,1279985.88,787.55,786.00,787.55,0.62,0.34,0.26,1
616231.44,1279985.88,790.55,789.00,790.55,0.61,0.34,0.26,1
616323.69,1279985.88,789.55,788.00,789.55,0.61,0.34,0.26,1
616416.00,1279985.88,783.55,782.00,783.55,0.62,0.34,0.26,1
616508.25,1279985.88,790.55,789.00,790.55,0.61,0.33,0.25,1
616600.56,1279985.88,801.56,800.00,801.56,0.61,0.34,0.26,1
616692.81,1279985.88,803.56,802.00,803.56,0.62,0.34,0.26,1
616785.12,1279985.88,794.57,793.00,794.57,0.62,0.34,0.26,1
616877.38,1279985.88,788.57,787.00,788.57,0.62,0.34,0.26,1
616969.62,1279985.88,793.57,792.00,793.57,0.61,0.33,0.25,1
617061.94,1279985.88,797.57,796.00,797.57,0.61,0.33,0.25,1
617154.19,1279985.88,798.57,797.00,798.57,0.61,0.33,0.25,1
617246.50,1279985.88,802.57,801.00,802.57,0.61,0.33,0.25,1
617338.75,1279985.88,812.56,811.00,812.56,0.61,0.34,0.26,1
617431.06,1279985.88,812.55,811.00,812.55,0.62,0.35,0.27,1
617523.31,1279985.88,813.55,812.00,813.55,0.62,0.34,0.26,1
617615.62,1279985.88,824.54,823.00,824.54,0.61,0.33,0.26,1
617707.88,1279985.88,833.54,832.00,833.54,0.61,0.34,0.26,1
617800.12,1279985.88,837.54,836.00,837.54,0.63,0.35,0.28,1
617892.44,1279985.88,823.54,822.00,823.54,0.65,0.37,0.29,1
617984.69,1279985.88,796.54,795.00,796.54,0.64,0.37,0.29,1
618077.00,1279985.88,779.56,778.00,779.56,0.61,0.34,0.26,1
618169.25,1279985.88,786.57,785.00,786.57,0.59,0.31,0.23,1
618261.56,1279985.88,801.58,800.00,801.58,0.58,0.30,0.22,1
618353.81,1279985.88,804.59,803.00,804.59,0.60,0.32,0.24,1
618446.12,1279985.88,791.61,790.00,791.61,0.61,0.34,0.26,1
618538.38,1279985.88,772.63,771.00,772.63,0.62,0.34,0.26,1
618630.62,1279985.88,756.66,755.00,756.66,0.63,0.35,0.27,1
618722.94,1279985.88,757.68,756.00,757.68,0.61,0.33,0.25,1
618815.19,1279985.88,772.68,771.00,772.68,0.59,0.31,0.23,1
618907.50,1279985.88,786.68,785.00,786.68,0.61,0.33,0.25,1
618999.75,1279985.88,782.68,781.00,782.68,0.64,0.35,0.27,1
619092.06,1279985.88,766.68,765.00,766.68,0.64,0.36,0.28,1
619184.31,1279985.88,763.68,762.00,763.68,0.64,0.35,0.27,1
619276.62,1279985.88,756.68,755.00,756.68,0.63,0.35,0.27,1
619368.88,1279985.88,754.69,753.00,754.69,0.62,0.34,0.26,1
619461.19,1279985.88,758.69,757.00,758.69,0.62,0.34,0.26,1
619553.44,1279985.88,758.68,757.00,758.68,0.62,0.34,0.26,1
619645.69,1279985.88,755.68,754.00,755.68,0.62,0.34,0.26,1
619738.00,1279985.88,756.68,755.00,756.68,0.62,0.34,0.26,1
619830.25,1279985.88,760.68,759.00,760.68,0.61,0.33,0.25,1
619922.56,1279985.88,771.68,770.00,771.68,0.61,0.33,0.25,1
620014.81,1279985.88,780.68,779.00,780.68,0.61,0.33,0.25,1
620107.12,1279985.88,780.68,779.00,780.68,0.61,0.33,0.25,1
620199.38,1279985.88,772.68,771.00,772.68,0.61,0.33,0.25,1
620291.69,1279985.88,772.68,771.00,772.68,0.61,0.33,0.25,1
620383.94,1279985.88,784.68,783.00,784.68,0.61,0.33,0.25,1
620476.19,1279985.88,792.67,791.00,792.67,0.62,0.34,0.26,1
620568.50,1279985.88,789.66,788.00,789.66,0.63,0.35,0.27,1
620660.75,1279985.88,779.66,778.00,779.66,0.63,0.35,0.27,1
620753.06,1279985.88,785.66,784.00,785.66,0.62,0.34,0.26,1
620845.31,1279985.88,790.66,789.00,790.66,0.63,0.35,0.27,1
620937.62,1279985.88,776.66,775.00,776.66,0.63,0.35,0.27,1
621029.88,1279985.88,773.66,772.00,773.66,0.62,0.34,0.26,1
621122.19,1279985.88,783.67,782.00,783.67,0.61,0.33,0.25,1
621214.44,1279985.88,792.67,791.00,792.67,0.62,0.34,0.26,1
621306.69,1279985.88,791.67,790.00,791.67,0.64,0.36,0.27,1
621399.00,1279985.88,776.68,775.00,776.68,0.64,0.36,0.28,1
621491.25,1279985.88,768.69,767.00,768.69,0.63,0.35,0.27,1
621583.56,1279985.88,771.69,770.00,771.69,0.63,0.35,0.27,1
621675.81,1279985.88,772.69,771.00,772.69,0.63,0.35,0.27,1
621768.12,1279985.88,766.70,765.00,766.70,0.63,0.35,0.27,1
621860.38,1279985.88,762.70,761.00,762.70,0.62,0.34,0.26,1
621952.69,1279985.88,762.70,761.00,762.70,0.62,0.34,0.26,1
622044.94,1279985.88,763.70,762.00,763.70,0.62,0.34,0.26,1
622137.19,1279985.88,763.70,762.00,763.70,0.62,0.34,0.26,1
622229.50,1279985.88,764.70,763.00,764.70,0.62,0.34,0.26,1
622321.75,1279985.88,765.70,764.00,765.70,0.62,0.34,0.26,1
622414.06,1279985.88,767.70,766.00,767.70,0.62,0.33,0.25,1
622506.31,1279985.88,769.70,768.00,769.70,0.61,0.33,0.25,1
622598.62,1279985.88,774.70,773.00,774.70,0.61,0.33,0.25,1
622690.88,1279985.88,777.70,776.00,777.70,0.61,0.33,0.25,1
622783.19,1279985.88,781.69,780.00,781.69,0.61,0.33,0.25,1
622875.44,1279985.88,789.69,788.00,789.69,0.60,0.32,0.24,1
622967.69,1279985.88,800.68,799.00,800.68,0.59,0.31,0.23,1
623060.00,1279985.88,806.68,805.00,806.68,0.59,0.31,0.23,1
623152.25,1279985.88,803.68,802.00,803.68,0.60,0.31,0.23,1
623244.56,1279985.88,797.68,796.00,797.68,0.59,0.31,0.23,1
623336.81,1279985.88,796.69,795.00,796.69,0.60,0.32,0.24,1
623429.12,1279985.88,801.70,800.00,801.70,0.61,0.32,0.24,1
623521.38,1279985.88,807.70,806.00,807.70,0.61,0.33,0.25,1
623613.69,1279985.88,814.70,813.00,814.70,0.61,0.33,0.25,1
623705.94,1279985.88,826.70,825.00,826.70,0.60,0.32,0.24,1
623798.19,1279985.88,839.70,838.00,839.70,0.60,0.32,0.23,1
623890.50,1279985.88,848.69,847.00,848.69,0.60,0.32,0.23,1
623982.75,1279985.88,857.69,856.00,857.69,0.60,0.32,0.24,1
624075.06,1279985.88,860.69,859.00,860.69,0.62,0.34,0.26,1
624167.31,1279985.88,856.69,855.00,856.69,0.63,0.35,0.27,1
624259.62,1279985.88,853.68,852.00,853.68,0.62,0.34,0.26,1
624351.88,1279985.88,860.68,859.00,860.68,0.60,0.32,0.24,1
624444.19,1279985.88,871.67,870.00,871.67,0.61,0.33,0.25,1
624536.44,1279985.88,874.66,873.00,874.66,0.62,0.34,0.26,1
624628.69,1279985.88,871.64,870.00,871.64,0.64,0.36,0.28,1
624721.00,1279985.88,863.61,862.00,863.61,0.64,0.37,0.29,1
624813.25,1279985.88,856.57,855.00,856.57,0.64,0.37,0.29,1
624905.56,1279985.88,849.50,848.00,849.50,0.63,0.36,0.28,1
624997.81,1279985.88,847.41,846.00,847.41,0.63,0.36,0.28,1
625090.12,1279985.88,846.31,845.00,846.31,0.64,0.37,0.29,1
625182.38,1279985.88,835.23,834.00,835.23,0.65,0.38,0.31,1
625274.69,1279985.88,830.18,829.00,830.18,0.64,0.38,0.31,1
625366.94,1279985.88,831.11,830.11,831.11,0.58,0.32,0.25,1
625459.19,1279985.88,-9999.00,-9999.00,-9999.00,0.71,0.71,0.71,0
614385.88,1279893.62,-9999.00,-9999.00,-9999.00,0.71,0.71,0.71,0
614478.12,1279893.62,789.18,788.00,789.18,0.33,0.07,-0.01,1
614570.44,1279893.62,796.25,795.00,796.25,0.61,0.35,0.27,1
614662.69,1279893.62,795.21,794.00,795.21,0.62,0.35,0.28,1
614755.00,1279893.62,789.23,788.00,789.23,0.62,0.36,0.28,1
614847.25,1279893.62,794.27,793.00,794.27,0.62,0.35,0.27,1
614939.56,1279893.62,803.33,802.00,803.33,0.62,0.35,0.27,1
615031.81,1279893.62,807.39,806.00,807.39,0.63,0.36,0.28,1
615124.12,1279893.62,798.44,797.00,798.44,0.64,0.37,0.29,1
615216.38,1279893.62,786.48,785.00,786.48,0.63,0.36,0.28,1
615308.62,1279893.62,791.51,790.00,791.51,0.61,0.34,0.26,1
615400.94,1279893.62,794.53,793.00,794.53,0.62,0.34,0.26,1
615493.19,1279893.62,789.54,788.00,789.54,0.63,0.35,0.27,1
615585.50,1279893.62,787.54,786.00,787.54,0.62,0.34,0.26,1
615677.75,1279893.62,791.55,790.00,791.55,0.61,0.34,0.26,1
615770.06,1279893.62,796.55,795.00,796.55,0.62,0.34,0.26,1
615862.31,1279893.62,792.55,791.00,792.55,0.62,0.34,0.27,1
615954.62,1279893.62,791.54,790.00,791.54,0.62,0.35,0.27,1
616046.88,1279893.62,794.54,793.00,794.54,0.63,0.35,0.27,1
616139.12,1279893.62,793.54,792.00,793.54,0.64,0.36,0.28,1
616231.44,1279893.62,788.54,787.00,788.54,0.63,0.36,0.28,1
616323.69,1279893.62,783.54,782.00,783.54,0.62,0.35,0.27,1
616416.00,1279893.62,782.54,781.00,782.54,0.62,0.34,0.26,1
616508.25,1279893.62,787.54,786.00,787.54,0.61,0.33,0.25,1
616600.56,1279893.62,795.55,794.00,795.55,0.61,0.33,0.25,1
616692.81,1279893.62,794.55,793.00,794.55,0.61,0.34,0.26,1
616785.12,1279893.62,786.56,785.00,786.56,0.62,0.34,0.26,1
616877.38,1279893.62,792.57,791.00,792.57,0.62,0.34,0.26,1
616969.62,1279893.62,797.57,796.00,797.57,0.63,0.35,0.27,1
617061.94,1279893.62,794.57,793.00,794.57,0.63,0.35,0.27,1
617154.19,1279893.62,794.56,793.00,794.56,0.62,0.35,0.27,1
617246.50,1279893.62,799.56,798.00,799.56,0.62,0.34,0.26,1
617338.75,1279893.62,810.55,809.00,810.55,0.61,0.33,0.25,1
617431.06,1279893.62,816.53,815.00,816.53,0.62,0.35,0.27,1
617523.31,1279893.62,817.52,816.00,817.52,0.62,0.35,0.27,1
617615.62,1279893.62,820.51,819.00,820.51,0.61,0.34,0.26,1
617707.88,1279893.62,824.51,823.00,824.51,0.60,0.32,0.24,1
617800.12,1279893.62,831.50,830.00,831.50,0.60,0.32,0.25,1
617892.44,1279893.62,823.50,822.00,823.50,0.62,0.35,0.27,1
617984.69,1279893.62,796.51,795.00,796.51,0.64,0.36,0.28,1
618077.00,1279893.62,773.52,772.00,773.52,0.63,0.35,0.27,1
618169.25,1279893.62,774.54,773.00,774.54,0.61,0.33,0.25,1
618261.56,1279893.62,779.56,778.00,779.56,0.60,0.32,0.24,1
618353.81,1279893.62,783.58,782.00,783.58,0.60,0.32,0.24,1
618446.12,1279893.62,777.60,776.00,777.60,0.62,0.34,0.26,1
618538.38,1279893.62,762.63,761.00,762.63,0.62,0.34,0.26,1
618630.62,1279893.62,757.65,756.00,757.65,0.63,0.35,0.27,1
618722.94,1279893.62,759.67,758.00,759.67,0.62,0.34,0.26,1
618815.19,1279893.62,772.67,771.00,772.67,0.61,0.33,0.25,1
618907.50,1279893.62,787.68,786.00,787.68,0.61,0.33,0.25,1
618999.75,1279893.62,788.68,787.00,788.68,0.63,0.34,0.26,1
619092.06,1279893.62,781.68,780.00,781.68,0.63,0.35,0.27,1
619184.31,1279893.62,779.68,778.00,779.68,0.63,0.35,0.27,1
619276.62,1279893.62,762.68,761.00,762.68,0.63,0.35,0.27,1
619368.88,1279893.62,759.68,758.00,759.68,0.63,0.35,0.26,1
619461.19,1279893.62,763.68,762.00,763.68,0.63,0.35,0.27,1
619553.44,1279893.62,764.68,763.00,764.68,0.63,0.35,0.27,1
619645.69,1279893.62,754.68,753.00,754.68,0.63,0.35,0.26,1
619738.00,1279893.62,756.68,755.00,756.68,0.62,0.34,0.26,1
619830.25,1279893.62,762.68,761.00,762.68,0.62,0.34,0.26,1
619922.56,1279893.62,770.68,769.00,770.68,0.61,0.33,0.25,1
620014.81,1279893.62,778.68,777.00,778.68,0.62,0.34,0.26,1
620107.12,1279893.62,769.68,768.00,769.68,0.62,0.34,0.25,1
620199.38,1279893.62,766.68,765.00,766.68,0.62,0.33,0.25,1
620291.69,1279893.62,776.68,775.00,776.68,0.61,0.33,0.25,1
620383.94,1279893.62,790.67,789.00,790.67,0.62,0.33,0.25,1
620476.19,1279893.62,794.67,793.00,794.67,0.62,0.34,0.26,1
620568.50,1279893.62,790.66,789.00,790.66,0.63,0.35,0.27,1
620660.75,1279893.62,783.65,782.00,783.65,0.63,0.35,0.27,1
620753.06,1279893.62,792.65,791.00,792.65,0.62,0.34,0.26,1
620845.31,1279893.62,794.65,793.00,794.65,0.63,0.35,0.27,1
620937.62,1279893.62,779.65,778.00,779.65,0.63,0.35,0.27,1
621029.88,1279893.62,780.65,779.00,780.65,0.62,0.34,0.26,1
621122.19,1279893.62,796.65,795.00,796.65,0.62,0.34,0.26,1
621214.44,1279893.62,805.66,804.00,805.66,0.63,0.35,0.27,1
621306.69,1279893.62,798.67,797.00,798.67,0.64,0.36,0.28,1
621399.00,1279893.62,783.67,782.00,783.67,0.64,0.36,0.28,1
621491.25,1279893.62,776.68,775.00,776.68,0.63,0.35,0.27,1
621583.56,1279893.62,783.69,782.00,783.69,0.63,0.35,0.27,1
621675.81,1279893.62,782.69,781.00,782.69,0.63,0.35,0.27,1
621768.12,1279893.62,773.69,772.00,773.69,0.64,0.35,0.27,1
621860.38,1279893.62,765.69,764.00,765.69,0.63,0.35,0.27,1
621952.69,1279893.62,764.69,763.00,764.69,0.62,0.34,0.26,1
622044.94,1279893.62,763.69,762.00,763.69,0.62,0.34,0.26,1
622137.19,1279893.62,764.69,763.00,764.69,0.62,0.34,0.26,1
622229.50,1279893.62,763.69,762.00,763.69,0.62,0.34,0.26,1
622321.75,1279893.62,764.70,763.00,764.70,0.62,0.34,0.26,1
622414.06,1279893.62,765.70,764.00,765.70,0.62,0.34,0.26,1
622506.31,1279893.62,766.70,765.00,766.70,0.62,0.33,0.25,1
622598.62,1279893.62,769.70,768.00,769.70,0.61,0.33,0.25,1
622690.88,1279893.62,771.69,770.00,771.69,0.61,0.33,0.25,1
622783.19,1279893.62,772.69,771.00,772.69,0.61,0.33,0.25,1
622875.44,1279893.62,778.69,777.00,778.69,0.60,0.32,0.24,1
622967.69,1279893.62,784.69,783.00,784.69,0.60,0.32,0.24,1
623060.00,1279893.62,788.69,787.00,788.69,0.61,0.32,0.24,1
623152.25,1279893.62,786.69,785.00,786.69,0.61,0.33,0.25,1
623244.56,1279893.62,782.69,781.00,782.69,0.61,0.33,0.25,1
623336.81,1279893.62,787.70,786.00,787.70,0.60,0.32,0.24,1
623429.12,1279893.62,800.70,799.00,800.70,0.60,0.32,0.24,1
623521.38,1279893.62,814.70,813.00,814.70,0.61,0.33,0.25,1
623613.69,1279893.62,819.70,818.00,819.70,0.63,0.35,0.26,1
623705.94,1279893.62,818.70,817.00,818.70,0.62,0.34,0.26,1
623798.19,1279893.62,827.70,826.00,827.70,0.61,0.33,0.25,1
623890.50,1279893.62,840.69,839.00,840.69,0.60,0.32,0.24,1
623982.75,1279893.62,854.69,853.00,854.69,0.61,0.32,0.24,1
624075.06,1279893.62,863.69,862.00,863.69,0.61,0.33,0.25,1
624167.31,1279893.62,863.69,862.00,863.69,0.62,0.34,0.26,1
624259.62,1279893.62,862.69,861.00,862.69,0.63,0.35,0.27,1
624351.88,1279893.62,857.68,856.00,857.68,0.62,0.34,0.26,1
624444.19,1279893.62,859.67,858.00,859.67,0.61,0.33,0.25,1
624536.44,1279893.62,871.66,870.00,871.66,0.60,0.32,0.24,1
624628.69,1279893.62,879.64,878.00,879.64,0.62,0.34,0.26,1
624721.00,1279893.62,876.61,875.00,876.61,0.63,0.35,0.27,1
624813.25,1279893.62,866.56,865.00,866.56,0.64,0.36,0.28,1
624905.56,1279893.62,852.49,851.00,852.49,0.64,0.36,0.28,1
624997.81,1279893.62,850.40,849.00,850.40,0.63,0.36,0.28,1
625090.12,1279893.62,855.29,854.00,855.29,0.63,0.36,0.29,1
625182.38,1279893.62,851.21,850.00,851.21,0.64,0.38,0.30,1
625274.69,1279893.62,845.16,844.00,845.16,0.64,0.38,0.31,1
625366.94,1279893.62,834.12,833.14,834.12,0.57,0.32,0.25,1
625459.19,1279893.62,-9999.00,-9999.00,-9999.00,0.71,0.71,0.71,0
614385.88,1279801.38,-9999.00,-9999.00,-9999.00,0.71,0.71,0.71,0
614478.12,1279801.38,790.22,789.00,790.22,0.33,0.07,-0.01,1
614570.44,1279801.38,790.30,789.00,790.30,0.62,0.36,0.28,1
614662.69,1279801.38,787.28,786.00,787.28,0.62,0.36,0.28,1
614755.00,1279801.38,786.28,785.00,786.28,0.62,0.35,0.28,1
614847.25,1279801.38,793.30,792.00,793.30,0.61,0.34,0.27,1
614939.56,1279801.38,798.34,797.00,798.34,0.61,0.34,0.26,1
615031.81,1279801.38,802.40,801.00,802.40,0.61,0.34,0.26,1
615124.12,1279801.38,801.44,800.00,801.44,0.63,0.36,0.28,1
615216.38,1279801.38,792.48,791.00,792.48,0.64,0.36,0.28,1
615308.62,1279801.38,788.50,787.00,788.50,0.63,0.35,0.27,1
615400.94,1279801.38,790.52,789.00,790.52,0.62,0.35,0.27,1
615493.19,1279801.38,789.53,788.00,789.53,0.62,0.35,0.27,1
615585.50,1279801.38,786.53,785.00,786.53,0.62,0.35,0.27,1
615677.75,1279801.38,786.53,785.00,786.53,0.62,0.34,0.26,1
615770.06,1279801.38,789.53,788.00,789.53,0.61,0.34,0.26,1
615862.31,1279801.38,790.53,789.00,790.53,0.61,0.34,0.26,1
615954.62,1279801.38,799.53,798.00,799.53,0.62,0.34,0.26,1
616046.88,1279801.38,807.52,806.00,807.52,0.62,0.35,0.27,1
616139.12,1279801.38,808.51,807.00,808.51,0.63,0.36,0.28,1
616231.44,1279801.38,799.51,798.00,799.51,0.64,0.37,0.29,1
616323.69,1279801.38,784.51,783.00,784.51,0.63,0.36,0.28,1
616416.00,1279801.38,779.51,778.00,779.51,0.62,0.35,0.27,1
616508.25,1279801.38,780.52,779.00,780.52,0.62,0.34,0.26,1
616600.56,1279801.38,783.52,782.00,783.52,0.61,0.34,0.26,1
616692.81,1279801.38,782.53,781.00,782.53,0.61,0.34,0.26,1
616785.12,1279801.38,782.54,781.00,782.54,0.61,0.33,0.26,1
616877.38,1279801.38,791.55,790.00,791.55,0.60,0.33,0.25,1
616969.62,1279801.38,801.55,800.00,801.55,0.61,0.33,0.25,1
617061.94,1279801.38,802.55,801.00,802.55,0.62,0.34,0.26,1
617154.19,1279801.38,805.55,804.00,805.55,0.62,0.34,0.26,1
617246.50,1279801.38,808.54,807.00,808.54,0.62,0.34,0.26,1
617338.75,1279801.38,810.53,809.00,810.53,0.61,0.33,0.25,1
617431.06,1279801.38,819.51,818.00,819.51,0.61,0.33,0.25,1
617523.31,1279801.38,819.48,818.00,819.48,0.62,0.34,0.26,1
617615.62,1279801.38,817.47,816.00,817.47,0.62,0.35,0.27,1
617707.88,1279801.38,805.46,804.00,805.46,0.61,0.34,0.26,1
617800.12,1279801.38,800.46,799.00,800.46,0.59,0.32,0.24,1
617892.44,1279801.38,797.46,796.00,797.46,0.61,0.33,0.25,1
617984.69,1279801.38,780.47,779.00,780.47,0.62,0.35,0.27,1
618077.00,1279801.38,767.48,766.00,767.48,0.63,0.35,0.27,1
618169.25,1279801.38,765.50,764.00,765.50,0.62,0.35,0.27,1
618261.56,1279801.38,766.52,765.00,766.52,0.62,0.34,0.26,1
618353.81,1279801.38,768.55,767.00,768.55,0.62,0.34,0.26,1
618446.12,1279801.38,764.58,763.00,764.58,0.62,0.34,0.26,1
618538.38,1279801.38,755.62,754.00,755.62,0.62,0.34,0.26,1
618630.62,1279801.38,764.64,763.00,764.64,0.62,0.34,0.26,1
618722.94,1279801.38,770.66,769.00,770.66,0.62,0.34,0.26,1
618815.19,1279801.38,781.66,780.00,781.66,0.62,0.34,0.26,1
618907.50,1279801.38,792.67,791.00,792.67,0.62,0.34,0.26,1
618999.75,1279801.38,786.67,785.00,786.67,0.62,0.34,0.26,1
619092.06,1279801.38,779.67,778.00,779.67,0.62,0.34,0.26,1
619184.31,1279801.38,771.67,770.00,771.67,0.62,0.34,0.26,1
619276.62,1279801.38,761.68,760.00,761.68,0.62,0.34,0.26,1
619368.88,1279801.38,767.68,766.00,767.68,0.62,0.33,0.25,1
619461.19,1279801.38,779.68,778.00,779.68,0.63,0.34,0.26,1
619553.44,1279801.38,775.68,774.00,775.68,0.63,0.35,0.27,1
619645.69,1279801.38,759.68,758.00,759.68,0.63,0.35,0.27,1
619738.00,1279801.38,767.68,766.00,767.68,0.62,0.34,0.26,1
619830.25,1279801.38,779.68,778.00,779.68,0.63,0.35,0.27,1
619922.56,1279801.38,776.68,775.00,776.68,0.63,0.35,0.27,1
620014.81,1279801.38,773.68,772.00,773.68,0.62,0.34,0.26,1
620107.12,1279801.38,763.68,762.00,763.68,0.62,0.34,0.26,1
620199.38,1279801.38,769.68,768.00,769.68,0.61,0.33,0.25,1
620291.69,1279801.38,785.68,784.00,785.68,0.61,0.33,0.25,1
620383.94,1279801.38,793.67,792.00,793.67,0.61,0.33,0.25,1
620476.19,1279801.38,798.66,797.00,798.66,0.62,0.34,0.26,1
620568.50,1279801.38,799.65,798.00,799.65,0.63,0.35,0.27,1
620660.75,1279801.38,793.64,792.00,793.64,0.63,0.35,0.27,1
620753.06,1279801.38,800.64,799.00,800.64,0.62,0.34,0.26,1
620845.31,1279801.38,796.64,795.00,796.64,0.63,0.35,0.27,1
620937.62,1279801.38,784.64,783.00,784.64,0.63,0.35,0.27,1
621029.88,1279801.38,793.64,792.00,793.64,0.61,0.33,0.25,1
621122.19,1279801.38,814.65,813.00,814.65,0.62,0.34,0.26,1
621214.44,1279801.38,816.65,815.00,816.65,0.63,0.35,0.27,1
621306.69,1279801.38,804.66,803.00,804.66,0.64,0.36,0.28,1
621399.00,1279801.38,787.67,786.00,787.67,0.64,0.35,0.27,1
621491.25,1279801.38,785.68,784.00,785.68,0.63,0.35,0.27,1
621583.56,1279801.38,794.68,793.00,794.68,0.63,0.35,0.27,1
621675.81,1279801.38,789.68,788.00,789.68,0.64,0.35,0.27,1
621768.12,1279801.38,779.68,778.00,779.68,0.64,0.35,0.27,1
621860.38,1279801.38,768.68,767.00,768.68,0.63,0.35,0.27,1
621952.69,1279801.38,766.69,765.00,766.69,0.62,0.34,0.26,1
622044.94,1279801.38,767.69,766.00,767.69,0.63,0.34,0.26,1
622137.19,1279801.38,769.69,768.00,769.69,0.63,0.35,0.27,1
622229.50,1279801.38,765.69,764.00,765.69,0.63,0.35,0.27,1
622321.75,1279801.38,765.69,764.00,765.69,0.62,0.34,0.26,1
622414.06,1279801.38,765.69,764.00,765.69,0.62,0.34,0.26,1
622506.31,1279801.38,766.69,765.00,766.69,0.62,0.34,0.26,1
622598.62,1279801.38,766.69,765.00,766.69,0.62,0.34,0.26,1
622690.88,1279801.38,767.69,766.00,767.69,0.62,0.34,0.26,1
622783.19,1279801.38,768.69,767.00,768.69,0.62,0.33,0.25,1
622875.44,1279801.38,772.69,771.00,772.69,0.61,0.33,0.25,1
622967.69,1279801.38,780.69,779.00,780.69,0.61,0.33,0.25,1
623060.00,1279801.38,781.69,780.00,781.69,0.61,0.33,0.25,1
623152.25,1279801.38,777.69,776.00,777.69,0.61,0.33,0.25,1
623244.56,1279801.38,777.69,776.00,777.69,0.61,0.33,0.25,1
623336.81,1279801.38,783.70,782.00,783.70,0.61,0.33,0.25,1
623429.12,1279801.38,799.70,798.00,799.70,0.60,0.32,0.24,1
623521.38,1279801.38,817.70,816.00,817.70,0.60,0.32,0.24,1
623613.69,1279801.38,832.70,831.00,832.70,0.62,0.33,0.25,1
623705.94,1279801.38,834.70,833.00,834.70,0.62,0.34,0.26,1
623798.19,1279801.38,839.70,838.00,839.70,0.62,0.33,0.25,1
623890.50,1279801.38,847.70,846.00,847.70,0.61,0.33,0.25,1
623982.75,1279801.38,853.69,852.00,853.69,0.60,0.32,0.24,1
624075.06,1279801.38,856.69,855.00,856.69,0.61,0.32,0.24,1
624167.31,1279801.38,854.69,853.00,854.69,0.61,0.32,0.24,1
624259.62,1279801.38,861.69,860.00,861.69,0.61,0.33,0.25,1
624351.88,1279801.38,864.68,863.00,864.68,0.63,0.34,0.26,1
624444.19,1279801.38,860.67,859.00,860.67,0.62,0.34,0.26,1
624536.44,1279801.38,866.66,865.00,866.66,0.61,0.33,0.25,1
624628.69,1279801.38,873.64,872.00,873.64,0.61,0.33,0.25,1
624721.00,1279801.38,870.60,869.00,870.60,0.62,0.34,0.26,1
624813.25,1279801.38,863.55,862.00,863.55,0.63,0.35,0.27,1
624905.56,1279801.38,858.48,857.00,858.48,0.63,0.36,0.28,1
624997.81,1279801.38,856.38,855.00,856.38,0.63,0.36,0.28,1
625090.12,1279801.38,854.27,853.00,854.27,0.63,0.36,0.28,1
625182.38,1279801.38,850.19,849.00,850.19,0.63,0.37,0.29,1
625274.69,1279801.38,840.14,839.00,840.14,0.63,0.37,0.30,1
625366.94,1279801.38,831.81,830.82,831.81,0.57,0.32,0.25,1
625459.19,1279801.38,-9999.00,-9999.00,-9999.00,0.71,0.71,0.71,0
614385.88,1279709.12,-9999.00,-9999.00,-9999.00,0.71,0.71,0.71,0
614478.12,1279709.12,789.24,788.00,789.24,0.34,0.07,-0.00,1
614570.44,1279709.12,791.31,790.00,791.31,0.62,0.36,0.28,1
614662.69,1279709.12,788.31,787.00,788.31,0.63,0.36,0.29,1
614755.00,1279709.12,784.30,783.00,784.30,0.63,0.36,0.28,1
614847.25,1279709.12,786.32,785.00,786.32,0.62,0.35,0.27,1
614939.56,1279709.12,788.35,787.00,788.35,0.62,0.35,0.27,1
615031.81,1279709.12,792.40,791.00,792.40,0.61,0.34,0.26,1
615124.12,1279709.12,797.44,796.00,797.44,0.62,0.35,0.27,1
615216.38,1279709.12,797.47,796.00,797.47,0.63,0.36,0.28,1
615308.62,1279709.12,795.50,794.00,795.50,0.63,0.36,0.28,1
615400.94,1279709.12,792.51,791.00,792.51,0.63,0.35,0.28,1
615493.19,1279709.12,787.52,786.00,787.52,0.62,0.35,0.27,1
615585.50,1279709.12,783.52,782.00,783.52,0.62,0.35,0.27,1
615677.75,1279709.12,783.52,782.00,783.52,0.62,0.34,0.26,1
615770.06,1279709.12,786.52,785.00,786.52,0.62,0.34,0.26,1
615862.31,1279709.12,790.51,789.00,790.51,0.62,0.34,0.26,1
615954.62,1279709.12,800.50,799.00,800.50,0.61,0.34,0.26,1
616046.88,1279709.12,809.49,808.00,809.49,0.61,0.34,0.26,1
616139.12,1279709.12,809.48,808.00,809.48,0.62,0.35,0.27,1
616231.44,1279709.12,799.48,798.00,799.48,0.63,0.36,0.28,1
616323.69,1279709.12,785.48,784.00,785.48,0.63,0.36,0.28,1
616416.00,1279709.12,781.48,780.00,781.48,0.63,0.36,0.28,1
616508.25,1279709.12,782.48,781.00,782.48,0.63,0.36,0.28,1
616600.56,1279709.12,784.49,783.00,784.49,0.63,0.36,0.28,1
616692.81,1279709.12,779.50,778.00,779.50,0.63,0.35,0.28,1
616785.12,1279709.12,777.52,776.00,777.52,0.62,0.35,0.27,1
616877.38,1279709.12,779.52,778.00,779.52,0.61,0.33,0.25,1
616969.62,1279709.12,786.53,785.00,786.53,0.60,0.33,0.25,1
617061.94,1279709.12,790.53,789.00,790.53,0.60,0.33,0.25,1
617154.19,1279709.12,794.52,793.00,794.52,0.60,0.33,0.25,1
617246.50,1279709.12,795.52,794.00,795.52,0.60,0.33,0.25,1
617338.75,1279709.12,797.50,796.00,797.50,0.60,0.32,0.25,1
617431.06,1279709.12,801.47,800.00,801.47,0.59,0.32,0.24,1
617523.31,1279709.12,805.44,804.00,805.44,0.60,0.32,0.24,1
617615.62,1279709.12,810.42,809.00,810.42,0.62,0.34,0.27,1
617707.88,1279709.12,792.41,791.00,792.41,0.62,0.35,0.27,1
617800.12,1279709.12,779.40,778.00,779.40,0.61,0.34,0.26,1
617892.44,1279709.12,780.40,779.00,780.40,0.61,0.34,0.26,1
617984.69,1279709.12,769.40,768.00,769.40,0.62,0.35,0.27,1
618077.00,1279709.12,767.42,766.00,767.42,0.63,0.36,0.28,1
618169.25,1279709.12,772.44,771.00,772.44,0.63,0.36,0.28,1
618261.56,1279709.12,774.47,773.00,774.47,0.64,0.36,0.28,1
618353.81,1279709.12,776.51,775.00,776.51,0.64,0.36,0.29,1
618446.12,1279709.12,765.56,764.00,765.56,0.64,0.36,0.28,1
618538.38,1279709.12,758.60,757.00,758.60,0.62,0.35,0.27,1
618630.62,1279709.12,773.62,772.00,773.62,0.61,0.33,0.25,1
618722.94,1279709.12,784.64,783.00,784.64,0.62,0.34,0.26,1
618815.19,1279709.12,789.65,788.00,789.65,0.62,0.34,0.26,1
618907.50,1279709.12,791.66,790.00,791.66,0.62,0.34,0.26,1
618999.75,1279709.12,779.66,778.00,779.66,0.62,0.34,0.26,1
619092.06,1279709.12,768.66,767.00,768.66,0.62,0.34,0.26,1
619184.31,1279709.12,760.67,759.00,760.67,0.62,0.34,0.26,1
619276.62,1279709.12,760.67,759.00,760.67,0.62,0.33,0.25,1
619368.88,1279709.12,771.67,770.00,771.67,0.61,0.33,0.25,1
619461.19,1279709.12,782.67,781.00,782.67,0.62,0.34,0.26,1
619553.44,1279709.12,766.67,765.00,766.67,0.62,0.34,0.26,1
619645.69,1279709.12,762.68,761.00,762.68,0.62,0.33,0.25,1
619738.00,1279709.12,775.68,774.00,775.68,0.61,0.33,0.25,1
619830.25,1279709.12,787.68,786.00,787.68,0.61,0.33,0.25,1
619922.56,1279709.12,778.68,777.00,778.68,0.62,0.34,0.26,1
620014.81,1279709.12,770.68,769.00,770.68,0.62,0.34,0.26,1
620107.12,1279709.12,763.68,762.00,763.68,0.62,0.34,0.26,1
620199.38,1279709.12,772.68,771.00,772.68,0.61,0.33,0.25,1
620291.69,1279709.12,780.67,779.00,780.67,0.60,0.32,0.24,1
620383.94,1279709.12,786.67,785.00,786.67,0.60,0.32,0.24,1
620476.19,1279709.12,794.66,793.00,794.66,0.60,0.32,0.24,1
620568.50,1279709.12,797.65,796.00,797.65,0.62,0.34,0.26,1
620660.75,1279709.12,795.64,794.00,795.64,0.62,0.34,0.26,1
620753.06,1279709.12,799.63,798.00,799.63,0.61,0.33,0.25,1
620845.31,1279709.12,799.63,798.00,799.63,0.62,0.34,0.26,1
620937.62,1279709.12,792.63,791.00,792.63,0.63,0.35,0.27,1
621029.88,1279709.12,797.64,796.00,797.64,0.61,0.33,0.25,1
621122.19,1279709.12,813.64,812.00,813.64,0.61,0.33,0.25,1
621214.44,1279709.12,818.65,817.00,818.65,0.62,0.34,0.26,1
621306.69,1279709.12,809.65,808.00,809.65,0.63,0.35,0.27,1
621399.00,1279709.12,794.66,793.00,794.66,0.63,0.35,0.27,1
621491.25,1279709.12,804.67,803.00,804.67,0.63,0.34,0.26,1
621583.56,1279709.12,810.67,809.00,810.67,0.64,0.36,0.27,1
621675.81,1279709.12,797.68,796.00,797.68,0.64,0.36,0.28,1
621768.12,1279709.12,783.68,782.00,783.68,0.64,0.35,0.27,1
621860.38,1279709.12,770.68,769.00,770.68,0.63,0.35,0.27,1
621952.69,1279709.12,770.68,769.00,770.68,0.62,0.34,0.26,1
622044.94,1279709.12,776.68,775.00,776.68,0.62,0.34,0.26,1
622137.19,1279709.12,779.68,778.00,779.68,0.63,0.35,0.27,1
622229.50,1279709.12,773.68,772.00,773.68,0.63,0.35,0.27,1
622321.75,1279709.12,768.68,767.00,768.68,0.63,0.35,0.27,1
622414.06,1279709.12,768.68,767.00,768.68,0.63,0.34,0.26,1
622506.31,1279709.12,767.68,766.00,767.68,0.63,0.34,0.26,1
622598.62,1279709.12,766.68,765.00,766.68,0.62,0.34,0.26,1
622690.88,1279709.12,767.69,766.00,767.69,0.63,0.34,0.26,1
622783.19,1279709.12,768.69,767.00,768.69,0.63,0.35,0.26,1
622875.44,1279709.12,768.69,767.00,768.69,0.62,0.34,0.26,1
622967.69,1279709.12,771.69,770.00,771.69,0.61,0.33,0.25,1
623060.00,1279709.12,772.69,771.00,772.69,0.61,0.33,0.25,1
623152.25,1279709.12,772.69,771.00,772.69,0.62,0.33,0.25,1
623244.56,1279709.12,777.69,776.00,777.69,0.61,0.33,0.25,1
623336.81,1279709.12,786.70,785.00,786.70,0.61,0.32,0.24,1
623429.12,1279709.12,801.70,800.00,801.70,0.60,0.32,0.24,1
623521.38,1279709.12,819.70,818.00,819.70,0.60,0.31,0.23,1
623613.69,1279709.12,831.70,830.00,831.70,0.60,0.32,0.24,1
623705.94,1279709.12,833.70,832.00,833.70,0.60,0.32,0.24,1
623798.19,1279709.12,833.70,832.00,833.70,0.60,0.32,0.24,1
623890.50,1279709.12,832.70,831.00,832.70,0.60,0.32,0.24,1
623982.75,1279709.12,835.69,834.00,835.69,0.60,0.32,0.24,1
624075.06,1279709.12,839.69,838.00,839.69,0.60,0.32,0.24,1
624167.31,1279709.12,841.69,840.00,841.69,0.60,0.32,0.24,1
624259.62,1279709.12,852.69,851.00,852.69,0.59,0.31,0.23,1
624351.88,1279709.12,866.68,865.00,866.68,0.61,0.33,0.25,1
624444.19,1279709.12,867.67,866.00,867.67,0.62,0.34,0.26,1
624536.44,1279709.12,865.66,864.00,865.66,0.62,0.34,0.26,1
624628.69,1279709.12,864.63,863.00,864.63,0.61,0.33,0.25,1
624721.00,1279709.12,864.60,863.00,864.60,0.62,0.34,0.26,1
624813.25,1279709.12,865.54,864.00,865.54,0.63,0.35,0.27,1
624905.56,1279709.12,863.47,862.00,863.47,0.63,0.36,0.28,1
624997.81,1279709.12,856.37,855.00,856.37,0.63,0.36,0.28,1
625090.12,1279709.12,849.26,848.00,849.26,0.62,0.36,0.28,1
625182.38,1279709.12,845.17,844.00,845.17,0.62,0.36,0.29,1
625274.69,1279709.12,836.12,835.00,836.12,0.63,0.37,0.29,1
625366.94,1279709.12,824.15,823.14,824.15,0.58,0.32,0.25,1
625459.19,1279709.12,-9999.00,-9999.00,-9999.00,0.71,0.71,0.71,0
614385.88,1279616.88,-9999.00,-9999.00,-9999.00,0.71,0.71,0.71,0
614478.12,1279616.88,785.22,784.00,785.22,0.33,0.07,-0.01,1
614570.44,1279616.88,789.28,788.00,789.28,0.62,0.36,0.28,1
614662.69,1279616.88,788.30,787.00,788.30,0.62,0.36,0.28,1
614755.00,1279616.88,788.31,787.00,788.31,0.63,0.36,0.29,1
614847.25,1279616.88,788.33,787.00,788.33,0.63,0.36,0.29,1
614939.56,1279616.88,790.37,789.00,790.37,0.63,0.35,0.28,1
615031.81,1279616.88,795.42,794.00,795.42,0.62,0.35,0.27,1
615124.12,1279616.88,803.45,802.00,803.45,0.63,0.35,0.27,1
615216.38,1279616.88,806.48,805.00,806.48,0.63,0.36,0.28,1
615308.62,1279616.88,805.49,804.00,805.49,0.64,0.36,0.29,1
615400.94,1279616.88,796.50,795.00,796.50,0.64,0.36,0.28,1
615493.19,1279616.88,785.50,784.00,785.50,0.63,0.36,0.28,1
615585.50,1279616.88,781.51,780.00,781.51,0.63,0.35,0.27,1
615677.75,1279616.88,783.50,782.00,783.50,0.62,0.34,0.27,1
615770.06,1279616.88,789.49,788.00,789.49,0.62,0.34,0.27,1
615862.31,1279616.88,796.48,795.00,796.48,0.62,0.35,0.27,1
615954.62,1279616.88,800.46,799.00,800.46,0.62,0.35,0.27,1
616046.88,1279616.88,802.44,801.00,802.44,0.62,0.35,0.27,1
616139.12,1279616.88,799.43,798.00,799.43,0.62,0.35,0.27,1
616231.44,1279616.88,792.42,791.00,792.42,0.63,0.35,0.28,1
616323.69,1279616.88,787.43,786.00,787.43,0.63,0.36,0.28,1
616416.00,1279616.88,792.43,791.00,792.43,0.63,0.36,0.28,1
616508.25,1279616.88,800.43,799.00,800.43,0.64,0.36,0.29,1
616600.56,1279616.88,799.44,798.00,799.44,0.65,0.37,0.30,1
616692.81,1279616.88,788.46,787.00,788.46,0.65,0.37,0.29,1
616785.12,1279616.88,781.48,780.00,781.48,0.64,0.36,0.29,1
616877.38,1279616.88,778.49,777.00,778.49,0.63,0.35,0.28,1
616969.62,1279616.88,779.50,778.00,779.50,0.62,0.35,0.27,1
617061.94,1279616.88,778.50,777.00,778.50,0.62,0.34,0.27,1
617154.19,1279616.88,779.50,778.00,779.50,0.61,0.34,0.26,1
617246.50,1279616.88,779.49,778.00,779.49,0.61,0.34,0.26,1
617338.75,1279616.88,780.47,779.00,780.47,0.62,0.34,0.26,1
617431.06,1279616.88,780.43,779.00,780.43,0.61,0.34,0.26,1
617523.31,1279616.88,786.39,785.00,786.39,0.60,0.33,0.25,1
617615.62,1279616.88,794.35,793.00,794.35,0.61,0.34,0.26,1
617707.88,1279616.88,780.33,779.00,780.33,0.63,0.36,0.28,1
617800.12,1279616.88,769.32,768.00,769.32,0.62,0.35,0.28,1
617892.44,1279616.88,768.32,767.00,768.32,0.62,0.35,0.27,1
617984.69,1279616.88,764.32,763.00,764.32,0.62,0.35,0.27,1
618077.00,1279616.88,777.33,776.00,777.33,0.62,0.35,0.27,1
618169.25,1279616.88,793.36,792.00,793.36,0.63,0.36,0.29,1
618261.56,1279616.88,797.39,796.00,797.39,0.65,0.37,0.30,1
618353.81,1279616.88,793.45,792.00,793.45,0.65,0.38,0.30,1
618446.12,1279616.88,776.51,775.00,776.51,0.65,0.37,0.30,1
618538.38,1279616.88,768.56,767.00,768.56,0.63,0.35,0.27,1
618630.62,1279616.88,781.59,780.00,781.59,0.62,0.34,0.26,1
618722.94,1279616.88,789.62,788.00,789.62,0.62,0.34,0.26,1
618815.19,1279616.88,783.64,782.00,783.64,0.62,0.34,0.26,1
618907.50,1279616.88,775.65,774.00,775.65,0.61,0.33,0.25,1
618999.75,1279616.88,767.65,766.00,767.65,0.62,0.34,0.26,1
619092.06,1279616.88,762.66,761.00,762.66,0.62,0.34,0.26,1
619184.31,1279616.88,760.67,759.00,760.67,0.62,0.34,0.26,1
619276.62,1279616.88,762.67,761.00,762.67,0.61,0.33,0.25,1
619368.88,1279616.88,774.67,773.00,774.67,0.62,0.34,0.26,1
619461.19,1279616.88,774.67,773.00,774.67,0.63,0.35,0.27,1
619553.44,1279616.88,758.67,757.00,758.67,0.63,0.35,0.27,1
619645.69,1279616.88,758.67,757.00,758.67,0.61,0.33,0.25,1
619738.00,1279616.88,769.67,768.00,769.67,0.61,0.32,0.24,1
619830.25,1279616.88,770.68,769.00,770.68,0.61,0.33,0.25,1
619922.56,1279616.88,763.68,762.00,763.68,0.62,0.34,0.26,1
620014.81,1279616.88,758.68,757.00,758.68,0.62,0.34,0.26,1
620107.12,1279616.88,760.68,759.00,760.68,0.62,0.34,0.26,1
620199.38,1279616.88,764.67,763.00,764.67,0.61,0.33,0.25,1
620291.69,1279616.88,768.67,767.00,768.67,0.60,0.32,0.24,1
620383.94,1279616.88,773.66,772.00,773.66,0.60,0.32,0.24,1
620476.19,1279616.88,780.65,779.00,780.65,0.60,0.32,0.24,1
620568.50,1279616.88,790.64,789.00,790.64,0.61,0.33,0.25,1
620660.75,1279616.88,793.64,792.00,793.64,0.62,0.34,0.26,1
620753.06,1279616.88,790.63,789.00,790.63,0.61,0.33,0.25,1
620845.31,1279616.88,795.63,794.00,795.63,0.61,0.33,0.25,1
620937.62,1279616.88,798.63,797.00,798.63,0.62,0.34,0.26,1
621029.88,1279616.88,803.63,802.00,803.63,0.61,0.33,0.25,1
621122.19,1279616.88,814.64,813.00,814.64,0.61,0.33,0.25,1
621214.44,1279616.88,814.64,813.00,814.64,0.62,0.34,0.26,1
621306.69,1279616.88,802.65,801.00,802.65,0.62,0.34,0.26,1
621399.00,1279616.88,798.66,797.00,798.66,0.62,0.34,0.26,1
621491.25,1279616.88,815.66,814.00,815.66,0.62,0.34,0.26,1
621583.56,1279616.88,819.67,818.00,819.67,0.63,0.35,0.27,1
621675.81,1279616.88,804.67,803.00,804.67,0.64,0.36,0.28,1
621768.12,1279616.88,785.67,784.00,785.67,0.64,0.35,0.27,1
621860.38,1279616.88,775.67,774.00,775.67,0.63,0.35,0.27,1
621952.69,1279616.88,776.67,775.00,776.67,0.62,0.34,0.26,1
622044.94,1279616.88,784.67,783.00,784.67,0.62,0.34,0.26,1
622137.19,1279616.88,788.67,787.00,788.67,0.63,0.35,0.27,1
622229.50,1279616.88,781.67,780.00,781.67,0.64,0.36,0.27,1
622321.75,1279616.88,774.67,773.00,774.67,0.63,0.35,0.27,1
622414.06,1279616.88,775.67,774.00,775.67,0.63,0.34,0.26,1
622506.31,1279616.88,773.67,772.00,773.67,0.63,0.35,0.27,1
622598.62,1279616.88,772.68,771.00,772.68,0.63,0.34,0.26,1
622690.88,1279616.88,778.68,777.00,778.68,0.63,0.34,0.26,1
622783.19,1279616.88,782.69,781.00,782.69,0.63,0.35,0.27,1
622875.44,1279616.88,776.69,775.00,776.69,0.63,0.35,0.27,1
622967.69,1279616.88,772.69,771.00,772.69,0.63,0.34,0.26,1
623060.00,1279616.88,770.69,769.00,770.69,0.62,0.34,0.26,1
623152.25,1279616.88,772.69,771.00,772.69,0.62,0.34,0.26,1
623244.56,1279616.88,775.69,774.00,775.69,0.61,0.33,0.25,1
623336.81,1279616.88,783.69,782.00,783.69,0.60,0.32,0.24,1
623429.12,1279616.88,793.70,792.00,793.70,0.60,0.32,0.23,1
623521.38,1279616.88,803.70,802.00,803.70,0.59,0.31,0.23,1
623613.69,1279616.88,808.70,807.00,808.70,0.59,0.31,0.23,1
623705.94,1279616.88,805.70,804.00,805.70,0.59,0.31,0.23,1
623798.19,1279616.88,809.70,808.00,809.70,0.59,0.31,0.23,1
623890.50,1279616.88,817.70,816.00,817.70,0.60,0.32,0.24,1
623982.75,1279616.88,822.69,821.00,822.69,0.60,0.32,0.24,1
624075.06,1279616.88,826.69,825.00,826.69,0.61,0.33,0.24,1
624167.31,1279616.88,829.69,828.00,829.69,0.61,0.33,0.25,1
624259.62,1279616.88,839.69,838.00,839.69,0.60,0.32,0.24,1
624351.88,1279616.88,858.68,857.00,858.68,0.60,0.32,0.24,1
624444.19,1279616.88,867.67,866.00,867.67,0.61,0.33,0.25,1
624536.44,1279616.88,864.65,863.00,864.65,0.62,0.34,0.26,1
624628.69,1279616.88,860.63,859.00,860.63,0.61,0.33,0.25,1
624721.00,1279616.88,862.59,861.00,862.59,0.61,0.33,0.25,1
624813.25,1279616.88,871.54,870.00,871.54,0.61,0.34,0.26,1
624905.56,1279616.88,867.46,866.00,867.46,0.63,0.35,0.28,1
624997.81,1279616.88,854.36,853.00,854.36,0.64,0.37,0.29,1
625090.12,1279616.88,843.25,842.00,843.25,0.64,0.37,0.30,1
625182.38,1279616.88,834.16,833.00,834.16,0.64,0.37,0.30,1
625274.69,1279616.88,824.11,823.00,824.11,0.63,0.37,0.30,1
625366.94,1279616.88,818.08,817.00,818.08,0.58,0.32,0.25,1
625459.19,1279616.88,-9999.00,-9999.00,-9999.00,0.71,0.71,0.71,0
614385.88,1279524.50,-9999.00,-9999.00,-9999.00,0.71,0.71,0.71,0
614478.12,1279524.50,786.16,785.00,786.16,0.32,0.06,-0.01,1
614570.44,1279524.50,788.21,787.00,788.21,0.63,0.36,0.29,1
614662.69,1279524.50,787.26,786.00,787.26,0.62,0.36,0.28,1
614755.00,1279524.50,794.30,793.00,794.30,0.62,0.36,0.28,1
614847.25,1279524.50,799.34,798.00,799.34,0.63,0.36,0.29,1
614939.56,1279524.50,798.39,797.00,798.39,0.63,0.36,0.28,1
615031.81,1279524.50,804.43,803.00,804.43,0.62,0.35,0.27,1
615124.12,1279524.50,814.46,813.00,814.46,0.62,0.35,0.27,1
615216.38,1279524.50,819.48,818.00,819.48,0.63,0.36,0.28,1
615308.62,1279524.50,814.49,813.00,814.49,0.64,0.36,0.28,1
615400.94,1279524.50,799.49,798.00,799.49,0.64,0.36,0.28,1
615493.19,1279524.50,787.49,786.00,787.49,0.63,0.36,0.28,1
615585.50,1279524.50,785.49,784.00,785.49,0.63,0.35,0.27,1
615677.75,1279524.50,786.48,785.00,786.48,0.62,0.35,0.27,1
615770.06,1279524.50,794.46,793.00,794.46,0.61,0.34,0.26,1
615862.31,1279524.50,804.44,803.00,804.44,0.62,0.34,0.27,1
615954.62,1279524.50,808.40,807.00,808.40,0.63,0.36,0.28,1
616046.88,1279524.50,809.38,808.00,809.38,0.64,0.37,0.29,1
616139.12,1279524.50,800.36,799.00,800.36,0.64,0.37,0.30,1
616231.44,1279524.50,793.36,792.00,793.36,0.63,0.36,0.28,1
616323.69,1279524.50,798.36,797.00,798.36,0.62,0.35,0.28,1
616416.00,1279524.50,807.36,806.00,807.36,0.62,0.35,0.27,1
616508.25,1279524.50,818.36,817.00,818.36,0.63,0.36,0.28,1
616600.56,1279524.50,817.38,816.00,817.38,0.64,0.37,0.30,1
616692.81,1279524.50,804.40,803.00,804.40,0.65,0.38,0.30,1
616785.12,1279524.50,797.44,796.00,797.44,0.65,0.37,0.30,1
616877.38,1279524.50,790.45,789.00,790.45,0.64,0.37,0.29,1
616969.62,1279524.50,785.46,784.00,785.46,0.64,0.36,0.28,1
617061.94,1279524.50,784.46,783.00,784.46,0.64,0.36,0.28,1
617154.19,1279524.50,776.46,775.00,776.46,0.63,0.35,0.27,1
617246.50,1279524.50,779.45,778.00,779.45,0.62,0.34,0.26,1
617338.75,1279524.50,788.43,787.00,788.43,0.63,0.35,0.28,1
617431.06,1279524.50,788.39,787.00,788.39,0.64,0.37,0.30,1
617523.31,1279524.50,779.33,778.00,779.33,0.64,0.37,0.29,1
617615.62,1279524.50,778.27,777.00,778.27,0.62,0.36,0.28,1
617707.88,1279524.50,775.24,774.00,775.24,0.64,0.37,0.30,1
617800.12,1279524.50,766.22,765.00,766.22,0.63,0.37,0.29,1
617892.44,1279524.50,764.22,763.00,764.22,0.62,0.36,0.28,1
617984.69,1279524.50,770.22,769.00,770.22,0.62,0.35,0.28,1
618077.00,1279524.50,794.23,793.00,794.23,0.61,0.35,0.27,1
618169.25,1279524.50,817.25,816.00,817.25,0.62,0.36,0.28,1
618261.56,1279524.50,819.29,818.00,819.29,0.64,0.37,0.30,1
618353.81,1279524.50,808.35,807.00,808.35,0.65,0.38,0.30,1
618446.12,1279524.50,792.43,791.00,792.43,0.65,0.38,0.30,1
618538.38,1279524.50,781.50,780.00,781.50,0.64,0.36,0.28,1
618630.62,1279524.50,791.55,790.00,791.55,0.62,0.35,0.27,1
618722.94,1279524.50,788.59,787.00,788.59,0.62,0.35,0.27,1
618815.19,1279524.50,774.61,773.00,774.61,0.63,0.35,0.27,1
618907.50,1279524.50,764.64,763.00,764.64,0.62,0.34,0.26,1
618999.75,1279524.50,764.66,763.00,764.66,0.63,0.35,0.27,1
619092.06,1279524.50,762.66,761.00,762.66,0.63,0.34,0.26,1
619184.31,1279524.50,761.66,760.00,761.66,0.62,0.34,0.26,1
619276.62,1279524.50,763.66,762.00,763.66,0.61,0.33,0.25,1
619368.88,1279524.50,777.66,776.00,777.66,0.61,0.33,0.25,1
619461.19,1279524.50,777.66,776.00,777.66,0.63,0.35,0.27,1
619553.44,1279524.50,765.66,764.00,765.66,0.64,0.36,0.28,1
619645.69,1279524.50,759.66,758.00,759.66,0.63,0.35,0.27,1
619738.00,1279524.50,759.67,758.00,759.67,0.61,0.33,0.25,1
619830.25,1279524.50,762.67,761.00,762.67,0.62,0.34,0.26,1
619922.56,1279524.50,761.68,760.00,761.68,0.63,0.34,0.26,1
620014.81,1279524.50,764.68,763.00,764.68,0.63,0.35,0.27,1
620107.12,1279524.50,762.67,761.00,762.67,0.63,0.35,0.27,1
620199.38,1279524.50,760.67,759.00,760.67,0.62,0.34,0.26,1
620291.69,1279524.50,761.67,760.00,761.67,0.61,0.33,0.25,1
620383.94,1279524.50,767.66,766.00,767.66,0.61,0.33,0.25,1
620476.19,1279524.50,773.65,772.00,773.65,0.61,0.33,0.25,1
620568.50,1279524.50,783.64,782.00,783.64,0.61,0.33,0.25,1
620660.75,1279524.50,786.64,785.00,786.64,0.61,0.33,0.25,1
620753.06,1279524.50,781.63,780.00,781.63,0.61,0.33,0.25,1
620845.31,1279524.50,788.63,787.00,788.63,0.61,0.33,0.25,1
620937.62,1279524.50,790.63,789.00,790.63,0.61,0.33,0.25,1
621029.88,1279524.50,801.63,800.00,801.63,0.60,0.32,0.24,1
621122.19,1279524.50,808.64,807.00,808.64,0.61,0.33,0.25,1
621214.44,1279524.50,801.64,800.00,801.64,0.61,0.33,0.25,1
621306.69,1279524.50,800.65,799.00,800.65,0.61,0.33,0.25,1
621399.00,1279524.50,806.66,805.00,806.66,0.61,0.33,0.25,1
621491.25,1279524.50,819.66,818.00,819.66,0.61,0.33,0.25,1
621583.56,1279524.50,820.66,819.00,820.66,0.62,0.34,0.26,1
621675.81,1279524.50,806.66,805.00,806.66,0.63,0.35,0.27,1
621768.12,1279524.50,786.66,785.00,786.66,0.63,0.35,0.27,1
621860.38,1279524.50,774.66,773.00,774.66,0.63,0.35,0.27,1
621952.69,1279524.50,779.66,778.00,779.66,0.62,0.34,0.26,1
622044.94,1279524.50,791.66,790.00,791.66,0.62,0.34,0.26,1
622137.19,1279524.50,796.66,795.00,796.66,0.63,0.35,0.27,1
622229.50,1279524.50,790.66,789.00,790.66,0.64,0.36,0.28,1
622321.75,1279524.50,778.66,777.00,778.66,0.63,0.35,0.27,1
622414.06,1279524.50,777.66,776.00,777.66,0.63,0.34,0.26,1
622506.31,1279524.50,778.66,777.00,778.66,0.63,0.35,0.27,1
622598.62,1279524.50,781.67,780.00,781.67,0.63,0.35,0.27,1
622690.88,1279524.50,789.68,788.00,789.68,0.63,0.34,0.26,1
622783.19,1279524.50,791.68,790.00,791.68,0.63,0.35,0.27,1
622875.44,1279524.50,784.69,783.00,784.69,0.63,0.35,0.27,1
622967.69,1279524.50,774.69,773.00,774.69,0.63,0.35,0.27,1
623060.00,1279524.50,772.69,771.00,772.69,0.62,0.34,0.26,1
623152.25,1279524.50,771.69,770.00,771.69,0.62,0.34,0.26,1
623244.56,1279524.50,773.69,772.00,773.69,0.62,0.33,0.25,1
623336.81,1279524.50,775.69,774.00,775.69,0.61,0.33,0.25,1
623429.12,1279524.50,779.69,778.00,779.69,0.61,0.33,0.25,1
623521.38,1279524.50,784.69,783.00,784.69,0.61,0.32,0.24,1
623613.69,1279524.50,785.69,784.00,785.69,0.61,0.32,0.24,1
623705.94,1279524.50,787.69,786.00,787.69,0.60,0.32,0.24,1
623798.19,1279524.50,797.69,796.00,797.69,0.60,0.31,0.23,1
623890.50,1279524.50,808.69,807.00,808.69,0.60,0.32,0.24,1
623982.75,1279524.50,812.69,811.00,812.69,0.61,0.33,0.24,1
624075.06,1279524.50,822.69,821.00,822.69,0.61,0.33,0.25,1
624167.31,1279524.50,835.69,834.00,835.69,0.62,0.34,0.26,1
624259.62,1279524.50,846.69,845.00,846.69,0.61,0.33,0.25,1
624351.88,1279524.50,859.68,858.00,859.68,0.61,0.33,0.25,1
624444.19,1279524.50,862.66,861.00,862.66,0.62,0.34,0.26,1
624536.44,1279524.50,854.65,853.00,854.65,0.62,0.34,0.26,1
624628.69,1279524.50,848.62,847.00,848.62,0.61,0.33,0.25,1
624721.00,1279524.50,851.59,850.00,851.59,0.60,0.32,0.24,1
624813.25,1279524.50,857.53,856.00,857.53,0.60,0.32,0.24,1
624905.56,1279524.50,856.46,855.00,856.46,0.61,0.34,0.26,1
624997.81,1279524.50,853.36,852.00,853.36,0.63,0.36,0.28,1
625090.12,1279524.50,851.24,850.00,851.24,0.64,0.38,0.30,1
625182.38,1279524.50,841.15,840.00,841.15,0.65,0.39,0.31,1
625274.69,1279524.50,824.10,823.00,824.10,0.64,0.38,0.31,1
625366.94,1279524.50,816.07,815.00,816.07,0.58,0.32,0.25,1
625459.19,1279524.50,-9999.00,-9999.00,-9999.00,0.71,0.71,0.71,0
614385.88,1279432.25,-9999.00,-9999.00,-9999.00,0.71,0.71,0.71,0
614478.12,1279432.25,798.10,797.00,798.10,0.32,0.06,-0.02,1
614570.44,1279432.25,793.14,792.00,793.14,0.64,0.38,0.31,1
614662.69,1279432.25,787.19,786.00,787.19,0.63,0.36,0.29,1
614755.00,1279432.25,798.26,797.00,798.26,0.61,0.35,0.27,1
614847.25,1279432.25,808.33,807.00,808.33,0.63,0.36,0.28,1
614939.56,1279432.25,807.39,806.00,807.39,0.63,0.36,0.28,1
615031.81,1279432.25,810.43,809.00,810.43,0.62,0.35,0.27,1
615124.12,1279432.25,817.46,816.00,817.46,0.62,0.35,0.27,1
615216.38,1279432.25,819.48,818.00,819.48,0.62,0.35,0.27,1
615308.62,1279432.25,810.48,809.00,810.48,0.63,0.35,0.28,1
615400.94,1279432.25,794.49,793.00,794.49,0.63,0.35,0.28,1
615493.19,1279432.25,786.48,785.00,786.48,0.62,0.35,0.27,1
615585.50,1279432.25,788.48,787.00,788.48,0.62,0.35,0.27,1
615677.75,1279432.25,791.46,790.00,791.46,0.63,0.36,0.28,1
615770.06,1279432.25,794.43,793.00,794.43,0.62,0.35,0.27,1
615862.31,1279432.25,801.38,800.00,801.38,0.61,0.34,0.26,1
615954.62,1279432.25,815.33,814.00,815.33,0.61,0.34,0.27,1
616046.88,1279432.25,824.30,823.00,824.30,0.64,0.37,0.29,1
616139.12,1279432.25,817.28,816.00,817.28,0.66,0.39,0.31,1
616231.44,1279432.25,801.27,800.00,801.27,0.65,0.38,0.31,1
616323.69,1279432.25,799.27,798.00,799.27,0.62,0.35,0.28,1
616416.00,1279432.25,810.27,809.00,810.27,0.60,0.34,0.26,1
616508.25,1279432.25,819.28,818.00,819.28,0.61,0.34,0.26,1
616600.56,1279432.25,821.30,820.00,821.30,0.62,0.36,0.28,1
616692.81,1279432.25,817.34,816.00,817.34,0.64,0.37,0.29,1
616785.12,1279432.25,813.38,812.00,813.38,0.64,0.37,0.29,1
616877.38,1279432.25,805.41,804.00,805.41,0.64,0.37,0.29,1
616969.62,1279432.25,798.42,797.00,798.42,0.63,0.36,0.28,1
617061.94,1279432.25,790.43,789.00,790.43,0.63,0.36,0.28,1
617154.19,1279432.25,780.42,779.00,780.42,0.63,0.36,0.28,1
617246.50,1279432.25,779.41,778.00,779.41,0.62,0.35,0.27,1
617338.75,1279432.25,795.39,794.00,795.39,0.61,0.34,0.27,1
617431.06,1279432.25,806.34,805.00,806.34,0.64,0.37,0.29,1
617523.31,1279432.25,798.26,797.00,798.26,0.66,0.39,0.32,1
617615.62,1279432.25,788.18,787.00,788.18,0.65,0.39,0.31,1
617707.88,1279432.25,788.13,787.00,788.13,0.65,0.39,0.31,1
617800.12,1279432.25,771.10,770.00,771.10,0.65,0.39,0.31,1
617892.44,1279432.25,767.09,766.00,767.09,0.62,0.36,0.29,1
617984.69,1279432.25,787.09,786.00,787.09,0.60,0.34,0.27,1
618077.00,1279432.25,813.09,812.00,813.09,0.61,0.35,0.27,1
618169.25,1279432.25,821.12,820.00,821.12,0.62,0.36,0.28,1
618261.56,1279432.25,813.16,812.00,813.16,0.62,0.35,0.28,1
618353.81,1279432.25,807.23,806.00,807.23,0.62,0.36,0.28,1
618446.12,1279432.25,806.33,805.00,806.33,0.64,0.38,0.30,1
618538.38,1279432.25,794.42,793.00,794.42,0.65,0.38,0.30,1
618630.62,1279432.25,790.49,789.00,790.49,0.63,0.36,0.28,1
618722.94,1279432.25,779.54,778.00,779.54,0.63,0.35,0.27,1
618815.19,1279432.25,769.59,768.00,769.59,0.62,0.35,0.27,1
618907.50,1279432.25,767.62,766.00,767.62,0.62,0.34,0.26,1
618999.75,1279432.25,778.64,777.00,778.64,0.63,0.35,0.27,1
619092.06,1279432.25,768.65,767.00,768.65,0.63,0.35,0.27,1
619184.31,1279432.25,763.65,762.00,763.65,0.63,0.35,0.27,1
619276.62,1279432.25,768.65,767.00,768.65,0.62,0.34,0.26,1
619368.88,1279432.25,778.66,777.00,778.66,0.61,0.33,0.25,1
619461.19,1279432.25,785.66,784.00,785.66,0.62,0.34,0.26,1
619553.44,1279432.25,785.65,784.00,785.65,0.64,0.36,0.28,1
619645.69,1279432.25,768.66,767.00,768.66,0.64,0.36,0.28,1
619738.00,1279432.25,759.66,758.00,759.66,0.62,0.34,0.26,1
619830.25,1279432.25,770.67,769.00,770.67,0.62,0.34,0.26,1
619922.56,1279432.25,774.67,773.00,774.67,0.63,0.35,0.27,1
620014.81,1279432.25,776.67,775.00,776.67,0.63,0.35,0.27,1
620107.12,1279432.25,770.67,769.00,770.67,0.63,0.35,0.27,1
620199.38,1279432.25,765.67,764.00,765.67,0.63,0.35,0.27,1
620291.69,1279432.25,763.67,762.00,763.67,0.62,0.34,0.26,1
620383.94,1279432.25,766.66,765.00,766.66,0.61,0.33,0.25,1
620476.19,1279432.25,777.65,776.00,777.65,0.62,0.34,0.26,1
620568.50,1279432.25,781.64,780.00,781.64,0.62,0.34,0.26,1
620660.75,1279432.25,777.63,776.00,777.63,0.62,0.34,0.26,1
620753.06,1279432.25,778.63,777.00,778.63,0.61,0.33,0.25,1
620845.31,1279432.25,787.63,786.00,787.63,0.61,0.33,0.25,1
620937.62,1279432.25,783.63,782.00,783.63,0.62,0.34,0.26,1
621029.88,1279432.25,784.63,783.00,784.63,0.60,0.32,0.24,1
621122.19,1279432.25,790.63,789.00,790.63,0.60,0.32,0.24,1
621214.44,1279432.25,790.64,789.00,790.64,0.61,0.33,0.25,1
621306.69,1279432.25,796.64,795.00,796.64,0.61,0.33,0.25,1
621399.00,1279432.25,808.65,807.00,808.65,0.62,0.34,0.26,1
621491.25,1279432.25,815.65,814.00,815.65,0.62,0.34,0.26,1
621583.56,1279432.25,811.65,810.00,811.65,0.62,0.34,0.26,1
621675.81,1279432.25,800.65,799.00,800.65,0.63,0.35,0.27,1
621768.12,1279432.25,784.65,783.00,784.65,0.63,0.35,0.27,1
621860.38,1279432.25,779.64,778.00,779.64,0.62,0.34,0.26,1
621952.69,1279432.25,787.64,786.00,787.64,0.62,0.34,0.26,1
622044.94,1279432.25,797.64,796.00,797.64,0.62,0.34,0.26,1
622137.19,1279432.25,802.64,801.00,802.64,0.63,0.35,0.27,1
622229.50,1279432.25,796.64,795.00,796.64,0.64,0.36,0.28,1
622321.75,1279432.25,782.64,781.00,782.64,0.63,0.35,0.27,1
622414.06,1279432.25,785.64,784.00,785.64,0.63,0.35,0.27,1
622506.31,1279432.25,793.65,792.00,793.65,0.63,0.35,0.27,1
622598.62,1279432.25,799.66,798.00,799.66,0.63,0.35,0.27,1
622690.88,1279432.25,800.67,799.00,800.67,0.63,0.35,0.27,1
622783.19,1279432.25,795.67,794.00,795.67,0.63,0.35,0.27,1
622875.44,1279432.25,784.68,783.00,784.68,0.63,0.35,0.27,1
622967.69,1279432.25,775.68,774.00,775.68,0.63,0.35,0.26,1
623060.00,1279432.25,773.69,772.00,773.69,0.62,0.34,0.26,1
623152.25,1279432.25,772.69,771.00,772.69,0.62,0.34,0.26,1
623244.56,1279432.25,772.69,771.00,772.69,0.62,0.34,0.26,1
623336.81,1279432.25,773.69,772.00,773.69,0.62,0.34,0.26,1
623429.12,1279432.25,778.69,777.00,778.69,0.62,0.33,0.25,1
623521.38,1279432.25,782.69,781.00,782.69,0.62,0.34,0.26,1
623613.69,1279432.25,786.69,785.00,786.69,0.62,0.34,0.26,1
623705.94,1279432.25,788.69,787.00,788.69,0.63,0.35,0.27,1
623798.19,1279432.25,787.69,786.00,787.69,0.62,0.34,0.26,1
623890.50,1279432.25,797.69,796.00,797.69,0.61,0.33,0.25,1
623982.75,1279432.25,811.69,810.00,811.69,0.61,0.32,0.24,1
624075.06,1279432.25,833.69,832.00,833.69,0.61,0.32,0.24,1
624167.31,1279432.25,852.68,851.00,852.68,0.62,0.33,0.25,1
624259.62,1279432.25,854.67,853.00,854.67,0.62,0.34,0.26,1
624351.88,1279432.25,856.67,855.00,856.67,0.61,0.33,0.25,1
624444.19,1279432.25,861.66,860.00,861.66,0.62,0.34,0.26,1
624536.44,1279432.25,852.64,851.00,852.64,0.63,0.35,0.27,1
624628.69,1279432.25,842.62,841.00,842.62,0.63,0.35,0.27,1
624721.00,1279432.25,839.58,838.00,839.58,0.62,0.34,0.26,1
624813.25,1279432.25,839.53,838.00,839.53,0.61,0.33,0.25,1
624905.56,1279432.25,845.46,844.00,845.46,0.60,0.33,0.25,1
624997.81,1279432.25,852.36,851.00,852.36,0.61,0.34,0.26,1
625090.12,1279432.25,854.24,853.00,854.24,0.63,0.36,0.29,1
625182.38,1279432.25,844.14,843.00,844.14,0.65,0.39,0.31,1
625274.69,1279432.25,823.09,822.00,823.09,0.65,0.39,0.31,1
625366.94,1279432.25,813.06,812.00,813.06,0.58,0.32,0.25,1
625459.19,1279432.25,-9999.00,-9999.00,-9999.00,0.71,0.71,0.71,0
614385.88,1279340.00,-9999.00,-9999.00,-9999.00,0.71,0.71,0.71,0
614478.12,1279340.00,815.07,814.00,815.07,0.31,0.05,-0.02,1
614570.44,1279340.00,802.10,801.00,802.10,0.65,0.40,0.32,1
614662.69,1279340.00,791.15,790.00,791.15,0.64,0.37,0.30,1
614755.00,1279340.00,799.23,798.00,799.23,0.62,0.35,0.28,1
614847.25,1279340.00,810.32,809.00,810.32,0.62,0.35,0.27,1
614939.56,1279340.00,812.39,811.00,812.39,0.62,0.35,0.27,1
615031.81,1279340.00,813.44,812.00,813.44,0.62,0.35,0.27,1
615124.12,1279340.00,818.46,817.00,818.46,0.62,0.35,0.27,1
615216.38,1279340.00,816.47,815.00,816.47,0.63,0.35,0.27,1
615308.62,1279340.00,803.48,802.00,803.48,0.63,0.36,0.28,1
615400.94,1279340.00,789.48,788.00,789.48,0.63,0.35,0.28,1
615493.19,1279340.00,783.48,782.00,783.48,0.62,0.34,0.27,1
615585.50,1279340.00,791.46,790.00,791.46,0.61,0.34,0.26,1
615677.75,1279340.00,803.43,802.00,803.43,0.62,0.35,0.27,1
615770.06,1279340.00,806.38,805.00,806.38,0.63,0.36,0.28,1
615862.31,1279340.00,805.32,804.00,805.32,0.62,0.36,0.28,1
615954.62,1279340.00,816.25,815.00,816.25,0.61,0.34,0.27,1
616046.88,1279340.00,831.21,830.00,831.21,0.62,0.35,0.28,1
616139.12,1279340.00,834.18,833.00,834.18,0.65,0.38,0.31,1
616231.44,1279340.00,815.17,814.00,815.17,0.66,0.40,0.32,1
616323.69,1279340.00,796.17,795.00,796.17,0.64,0.38,0.30,1
616416.00,1279340.00,796.17,795.00,796.17,0.61,0.35,0.27,1
616508.25,1279340.00,803.18,802.00,803.18,0.60,0.33,0.26,1
616600.56,1279340.00,812.21,811.00,812.21,0.61,0.34,0.27,1
616692.81,1279340.00,817.26,816.00,817.26,0.62,0.36,0.28,1
616785.12,1279340.00,815.32,814.00,815.32,0.63,0.36,0.29,1
616877.38,1279340.00,804.35,803.00,804.35,0.63,0.36,0.29,1
616969.62,1279340.00,790.38,789.00,790.38,0.63,0.36,0.28,1
617061.94,1279340.00,781.39,780.00,781.39,0.62,0.35,0.27,1
617154.19,1279340.00,782.39,781.00,782.39,0.62,0.35,0.27,1
617246.50,1279340.00,789.38,788.00,789.38,0.62,0.35,0.27,1
617338.75,1279340.00,801.34,800.00,801.34,0.61,0.34,0.26,1
617431.06,1279340.00,816.28,815.00,816.28,0.62,0.35,0.27,1
617523.31,1279340.00,821.19,820.00,821.19,0.65,0.39,0.31,1
617615.62,1279340.00,809.08,808.00,809.08,0.66,0.41,0.33,1
617707.88,1279340.00,791.01,790.00,791.01,0.66,0.40,0.33,1
617800.12,1279340.00,773.96,773.00,773.96,0.65,0.40,0.33,1
617892.44,1279340.00,769.94,769.00,769.94,0.63,0.38,0.31,1
617984.69,1279340.00,783.94,783.00,783.94,0.60,0.35,0.28,1
618077.00,1279340.00,799.94,799.00,799.94,0.59,0.33,0.26,1
618169.25,1279340.00,802.96,802.00,802.96,0.60,0.35,0.28,1
618261.56,1279340.00,793.01,792.00,793.01,0.60,0.35,0.28,1
618353.81,1279340.00,800.08,799.00,800.08,0.61,0.35,0.27,1
618446.12,1279340.00,813.19,812.00,813.19,0.63,0.36,0.29,1
618538.38,1279340.00,811.31,810.00,811.31,0.65,0.38,0.30,1
618630.62,1279340.00,798.41,797.00,798.41,0.65,0.38,0.30,1
618722.94,1279340.00,777.49,776.00,777.49,0.64,0.36,0.28,1
618815.19,1279340.00,766.55,765.00,766.55,0.62,0.35,0.27,1
618907.50,1279340.00,774.59,773.00,774.59,0.62,0.34,0.26,1
618999.75,1279340.00,784.62,783.00,784.62,0.63,0.35,0.27,1
619092.06,1279340.00,770.63,769.00,770.63,0.63,0.35,0.27,1
619184.31,1279340.00,770.64,769.00,770.64,0.63,0.35,0.27,1
619276.62,1279340.00,776.64,775.00,776.64,0.63,0.35,0.27,1
619368.88,1279340.00,781.64,780.00,781.64,0.62,0.34,0.26,1
619461.19,1279340.00,791.65,790.00,791.65,0.62,0.34,0.26,1
619553.44,1279340.00,793.65,792.00,793.65,0.63,0.35,0.27,1
619645.69,1279340.00,774.65,773.00,774.65,0.64,0.36,0.28,1
619738.00,1279340.00,760.66,759.00,760.66,0.62,0.34,0.26,1
619830.25,1279340.00,774.66,773.00,774.66,0.61,0.33,0.25,1
619922.56,1279340.00,783.66,782.00,783.66,0.62,0.34,0.26,1
620014.81,1279340.00,784.67,783.00,784.67,0.63,0.35,0.27,1
620107.12,1279340.00,775.67,774.00,775.67,0.63,0.35,0.27,1
620199.38,1279340.00,768.66,767.00,768.66,0.63,0.35,0.27,1
620291.69,1279340.00,765.66,764.00,765.66,0.63,0.35,0.27,1
620383.94,1279340.00,767.66,766.00,767.66,0.61,0.33,0.25,1
620476.19,1279340.00,781.65,780.00,781.65,0.61,0.33,0.25,1
620568.50,1279340.00,785.64,784.00,785.64,0.63,0.35,0.27,1
620660.75,1279340.00,776.64,775.00,776.64,0.63,0.35,0.27,1
620753.06,1279340.00,774.63,773.00,774.63,0.61,0.33,0.25,1
620845.31,1279340.00,781.63,780.00,781.63,0.61,0.33,0.25,1
620937.62,1279340.00,778.63,777.00,778.63,0.62,0.34,0.26,1
621029.88,1279340.00,773.63,772.00,773.63,0.61,0.34,0.26,1
621122.19,1279340.00,778.63,777.00,778.63,0.61,0.33,0.25,1
621214.44,1279340.00,787.64,786.00,787.64,0.60,0.32,0.24,1
621306.69,1279340.00,806.64,805.00,806.64,0.61,0.33,0.25,1
621399.00,1279340.00,824.64,823.00,824.64,0.63,0.34,0.26,1
621491.25,1279340.00,819.64,818.00,819.64,0.64,0.36,0.28,1
621583.56,1279340.00,806.64,805.00,806.64,0.63,0.35,0.27,1
621675.81,1279340.00,792.64,791.00,792.64,0.63,0.35,0.27,1
621768.12,1279340.00,782.63,781.00,782.63,0.63,0.35,0.27,1
621860.38,1279340.00,778.62,777.00,778.62,0.62,0.34,0.26,1
621952.69,1279340.00,791.62,790.00,791.62,0.61,0.33,0.25,1
622044.94,1279340.00,806.61,805.00,806.61,0.62,0.34,0.26,1
622137.19,1279340.00,810.61,809.00,810.61,0.63,0.35,0.27,1
622229.50,1279340.00,799.61,798.00,799.61,0.64,0.36,0.28,1
622321.75,1279340.00,787.61,786.00,787.61,0.63,0.35,0.27,1
622414.06,1279340.00,799.62,798.00,799.62,0.62,0.34,0.26,1
622506.31,1279340.00,810.62,809.00,810.62,0.62,0.34,0.27,1
622598.62,1279340.00,814.64,813.00,814.64,0.63,0.35,0.27,1
622690.88,1279340.00,810.65,809.00,810.65,0.63,0.35,0.27,1
622783.19,1279340.00,796.66,795.00,796.66,0.63,0.35,0.27,1
622875.44,1279340.00,782.67,781.00,782.67,0.63,0.35,0.27,1
622967.69,1279340.00,776.68,775.00,776.68,0.63,0.35,0.27,1
623060.00,1279340.00,775.68,774.00,775.68,0.63,0.34,0.26,1
623152.25,1279340.00,775.68,774.00,775.68,0.63,0.34,0.26,1
623244.56,1279340.00,774.69,773.00,774.69,0.62,0.34,0.26,1
623336.81,1279340.00,776.69,775.00,776.69,0.62,0.34,0.26,1
623429.12,1279340.00,780.69,779.00,780.69,0.61,0.33,0.25,1
623521.38,1279340.00,787.69,786.00,787.69,0.61,0.33,0.25,1
623613.69,1279340.00,799.69,798.00,799.69,0.62,0.34,0.26,1
623705.94,1279340.00,805.69,804.00,805.69,0.63,0.35,0.27,1
623798.19,1279340.00,802.69,801.00,802.69,0.63,0.35,0.27,1
623890.50,1279340.00,809.69,808.00,809.69,0.62,0.34,0.26,1
623982.75,1279340.00,824.69,823.00,824.69,0.61,0.33,0.25,1
624075.06,1279340.00,841.68,840.00,841.68,0.61,0.33,0.25,1
624167.31,1279340.00,848.68,847.00,848.68,0.61,0.33,0.25,1
624259.62,1279340.00,844.67,843.00,844.67,0.61,0.33,0.25,1
624351.88,1279340.00,851.67,850.00,851.67,0.61,0.33,0.25,1
624444.19,1279340.00,858.66,857.00,858.66,0.62,0.34,0.26,1
624536.44,1279340.00,852.64,851.00,852.64,0.63,0.35,0.27,1
624628.69,1279340.00,849.61,848.00,849.61,0.63,0.35,0.27,1
624721.00,1279340.00,848.58,847.00,848.58,0.64,0.36,0.28,1
624813.25,1279340.00,838.53,837.00,838.53,0.63,0.36,0.28,1
624905.56,1279340.00,834.46,833.00,834.46,0.61,0.34,0.26,1
624997.81,1279340.00,842.37,841.00,842.37,0.60,0.33,0.25,1
625090.12,1279340.00,849.25,848.00,849.25,0.61,0.34,0.27,1
625182.38,1279340.00,844.15,843.00,844.15,0.63,0.37,0.29,1
625274.69,1279340.00,824.08,823.00,824.08,0.65,0.39,0.31,1
625366.94,1279340.00,812.06,811.00,812.06,0.58,0.32,0.25,1
625459.19,1279340.00,-9999.00,-9999.00,-9999.00,0.71,0.71,0.71,0
614385.88,1279247.75,-9999.00,-9999.00,-9999.00,0.71,0.71,0.71,0
614478.12,1279247.75,828.07,827.00,828.07,0.31,0.05,-0.02,1
614570.44,1279247.75,810.10,809.00,810.10,0.65,0.39,0.32,1
614662.69,1279247.75,796.13,795.00,796.13,0.64,0.38,0.30,1
614755.00,1279247.75,804.21,803.00,804.21,0.62,0.36,0.28,1
614847.25,1279247.75,809.31,808.00,809.31,0.62,0.35,0.27,1
614939.56,1279247.75,809.38,808.00,809.38,0.61,0.34,0.27,1
615031.81,1279247.75,813.43,812.00,813.43,0.61,0.34,0.26,1
615124.12,1279247.75,818.46,817.00,818.46,0.62,0.35,0.27,1
615216.38,1279247.75,813.47,812.00,813.47,0.63,0.36,0.28,1
615308.62,1279247.75,799.48,798.00,799.48,0.63,0.36,0.28,1
615400.94,1279247.75,786.47,785.00,786.47,0.63,0.35,0.28,1
615493.19,1279247.75,780.46,779.00,780.46,0.62,0.34,0.27,1
615585.50,1279247.75,791.44,790.00,791.44,0.60,0.33,0.25,1
615677.75,1279247.75,805.40,804.00,805.40,0.61,0.34,0.26,1
615770.06,1279247.75,811.33,810.00,811.33,0.62,0.35,0.27,1
615862.31,1279247.75,810.24,809.00,810.24,0.62,0.35,0.28,1
615954.62,1279247.75,817.16,816.00,817.16,0.60,0.34,0.27,1
616046.88,1279247.75,830.11,829.00,830.11,0.60,0.35,0.27,1
616139.12,1279247.75,833.07,832.00,833.07,0.62,0.37,0.29,1
616231.44,1279247.75,819.06,818.00,819.06,0.65,0.39,0.32,1
616323.69,1279247.75,797.05,796.00,797.05,0.65,0.39,0.32,1
616416.00,1279247.75,790.06,789.00,790.06,0.63,0.37,0.30,1
616508.25,1279247.75,795.07,794.00,795.07,0.61,0.35,0.28,1
616600.56,1279247.75,806.11,805.00,806.11,0.61,0.35,0.27,1
616692.81,1279247.75,814.17,813.00,814.17,0.62,0.36,0.28,1
616785.12,1279247.75,810.25,809.00,810.25,0.63,0.37,0.29,1
616877.38,1279247.75,796.31,795.00,796.31,0.63,0.37,0.29,1
616969.62,1279247.75,791.34,790.00,791.34,0.64,0.37,0.29,1
617061.94,1279247.75,782.35,781.00,782.35,0.63,0.36,0.29,1
617154.19,1279247.75,783.35,782.00,783.35,0.62,0.35,0.27,1
617246.50,1279247.75,794.34,793.00,794.34,0.62,0.35,0.27,1
617338.75,1279247.75,804.31,803.00,804.31,0.61,0.35,0.27,1
617431.06,1279247.75,816.24,815.00,816.24,0.61,0.35,0.27,1
617523.31,1279247.75,826.13,825.00,826.13,0.64,0.38,0.30,1
617615.62,1279247.75,817.01,816.00,817.01,0.67,0.41,0.34,1
617707.88,1279247.75,796.91,796.00,796.91,0.68,0.43,0.36,1
617800.12,1279247.75,783.86,783.00,783.86,0.67,0.43,0.36,1
617892.44,1279247.75,780.83,780.00,780.83,0.66,0.41,0.34,1
617984.69,1279247.75,777.82,777.00,777.82,0.63,0.39,0.32,1
618077.00,1279247.75,778.82,778.00,778.82,0.60,0.36,0.29,1
618169.25,1279247.75,781.84,781.00,781.84,0.61,0.36,0.29,1
618261.56,1279247.75,779.88,779.00,779.88,0.61,0.36,0.29,1
618353.81,1279247.75,796.96,796.00,796.96,0.60,0.35,0.28,1
618446.12,1279247.75,816.06,815.00,816.06,0.61,0.35,0.28,1
618538.38,1279247.75,821.20,820.00,821.20,0.63,0.37,0.30,1
618630.62,1279247.75,805.33,804.00,805.33,0.64,0.38,0.30,1
618722.94,1279247.75,778.43,777.00,778.43,0.64,0.37,0.29,1
618815.19,1279247.75,770.50,769.00,770.50,0.63,0.35,0.27,1
618907.50,1279247.75,786.55,785.00,786.55,0.62,0.34,0.26,1
618999.75,1279247.75,790.59,789.00,790.59,0.64,0.36,0.28,1
619092.06,1279247.75,772.61,771.00,772.61,0.63,0.35,0.27,1
619184.31,1279247.75,779.62,778.00,779.62,0.62,0.34,0.26,1
619276.62,1279247.75,793.62,792.00,793.62,0.63,0.35,0.27,1
619368.88,1279247.75,792.63,791.00,792.63,0.63,0.35,0.27,1
619461.19,1279247.75,788.64,787.00,788.64,0.62,0.34,0.26,1
619553.44,1279247.75,787.64,786.00,787.64,0.62,0.34,0.26,1
619645.69,1279247.75,772.65,771.00,772.65,0.63,0.35,0.27,1
619738.00,1279247.75,763.65,762.00,763.65,0.62,0.34,0.26,1
619830.25,1279247.75,777.66,776.00,777.66,0.61,0.33,0.25,1
619922.56,1279247.75,792.66,791.00,792.66,0.62,0.34,0.26,1
620014.81,1279247.75,788.66,787.00,788.66,0.63,0.35,0.27,1
620107.12,1279247.75,778.66,777.00,778.66,0.63,0.35,0.27,1
620199.38,1279247.75,773.66,772.00,773.66,0.63,0.35,0.27,1
620291.69,1279247.75,773.66,772.00,773.66,0.63,0.35,0.27,1
620383.94,1279247.75,768.66,767.00,768.66,0.62,0.34,0.26,1
620476.19,1279247.75,776.65,775.00,776.65,0.60,0.32,0.24,1
620568.50,1279247.75,791.64,790.00,791.64,0.62,0.34,0.26,1
620660.75,1279247.75,781.64,780.00,781.64,0.63,0.35,0.27,1
620753.06,1279247.75,768.64,767.00,768.64,0.62,0.34,0.26,1
620845.31,1279247.75,772.63,771.00,772.63,0.61,0.33,0.25,1
620937.62,1279247.75,772.63,771.00,772.63,0.61,0.34,0.26,1
621029.88,1279247.75,773.63,772.00,773.63,0.62,0.34,0.26,1
621122.19,1279247.75,780.63,779.00,780.63,0.61,0.33,0.25,1
621214.44,1279247.75,791.64,790.00,791.64,0.60,0.32,0.24,1
621306.69,1279247.75,815.64,814.00,815.64,0.60,0.32,0.24,1
621399.00,1279247.75,831.64,830.00,831.64,0.62,0.34,0.26,1
621491.25,1279247.75,826.63,825.00,826.63,0.64,0.36,0.28,1
621583.56,1279247.75,806.63,805.00,806.63,0.64,0.36,0.28,1
621675.81,1279247.75,791.62,790.00,791.62,0.63,0.35,0.27,1
621768.12,1279247.75,785.61,784.00,785.61,0.64,0.36,0.28,1
621860.38,1279247.75,783.59,782.00,783.59,0.63,0.35,0.27,1
621952.69,1279247.75,790.58,789.00,790.58,0.61,0.33,0.25,1
622044.94,1279247.75,808.58,807.00,808.58,0.61,0.33,0.25,1
622137.19,1279247.75,814.58,813.00,814.58,0.63,0.35,0.27,1
622229.50,1279247.75,805.58,804.00,805.58,0.64,0.36,0.28,1
622321.75,1279247.75,799.58,798.00,799.58,0.63,0.35,0.27,1
622414.06,1279247.75,810.58,809.00,810.58,0.62,0.34,0.26,1
622506.31,1279247.75,818.59,817.00,818.59,0.62,0.34,0.26,1
622598.62,1279247.75,817.60,816.00,817.60,0.62,0.34,0.26,1
622690.88,1279247.75,806.62,805.00,806.62,0.63,0.35,0.27,1
622783.19,1279247.75,792.64,791.00,792.64,0.63,0.35,0.27,1
622875.44,1279247.75,786.66,785.00,786.66,0.63,0.35,0.27,1
622967.69,1279247.75,783.67,782.00,783.67,0.63,0.35,0.27,1
623060.00,1279247.75,781.67,780.00,781.67,0.63,0.35,0.27,1
623152.25,1279247.75,782.68,781.00,782.68,0.63,0.35,0.27,1
623244.56,1279247.75,780.68,779.00,780.68,0.63,0.35,0.27,1
623336.81,1279247.75,779.68,778.00,779.68,0.63,0.35,0.27,1
623429.12,1279247.75,777.68,776.00,777.68,0.62,0.34,0.26,1
623521.38,1279247.75,783.68,782.00,783.68,0.60,0.32,0.24,1
623613.69,1279247.75,801.68,800.00,801.68,0.60,0.32,0.24,1
623705.94,1279247.75,810.68,809.00,810.68,0.62,0.33,0.25,1
623798.19,1279247.75,809.68,808.00,809.68,0.62,0.34,0.26,1
623890.50,1279247.75,816.68,815.00,816.68,0.62,0.33,0.25,1
623982.75,1279247.75,824.68,823.00,824.68,0.61,0.33,0.25,1
624075.06,1279247.75,834.68,833.00,834.68,0.61,0.32,0.24,1
624167.31,1279247.75,837.68,836.00,837.68,0.61,0.32,0.24,1
624259.62,1279247.75,838.67,837.00,838.67,0.61,0.33,0.25,1
624351.88,1279247.75,850.66,849.00,850.66,0.61,0.33,0.25,1
624444.19,1279247.75,854.65,853.00,854.65,0.61,0.33,0.25,1
624536.44,1279247.75,852.63,851.00,852.63,0.62,0.34,0.26,1
624628.69,1279247.75,859.61,858.00,859.61,0.62,0.34,0.26,1
624721.00,1279247.75,860.57,859.00,860.57,0.63,0.36,0.28,1
624813.25,1279247.75,846.53,845.00,846.53,0.64,0.37,0.29,1
624905.56,1279247.75,833.47,832.00,833.47,0.64,0.36,0.28,1
624997.81,1279247.75,831.38,830.00,831.38,0.62,0.35,0.27,1
625090.12,1279247.75,832.27,831.00,832.27,0.61,0.35,0.27,1
625182.38,1279247.75,827.17,826.00,827.17,0.63,0.37,0.29,1
625274.69,1279247.75,820.10,819.00,820.10,0.65,0.39,0.31,1
625366.94,1279247.75,818.07,817.00,818.07,0.58,0.32,0.25,1
625459.19,1279247.75,-9999.00,-9999.00,-9999.00,0.71,0.71,0.71,0
614385.88,1279155.38,-9999.00,-9999.00,-9999.00,0.71,0.71,0.71,0
614478.12,1279155.38,821.06,820.00,821.06,0.31,0.05,-0.02,1
614570.44,1279155.38,807.10,806.00,807.10,0.64,0.38,0.30,1
614662.69,1279155.38,797.12,796.00,797.12,0.63,0.37,0.30,1
614755.00,1279155.38,804.19,803.00,804.19,0.62,0.36,0.29,1
614847.25,1279155.38,806.30,805.00,806.30,0.63,0.36,0.29,1
614939.56,1279155.38,801.38,800.00,801.38,0.62,0.35,0.27,1
615031.81,1279155.38,806.43,805.00,806.43,0.61,0.33,0.25,1
615124.12,1279155.38,818.46,817.00,818.46,0.61,0.34,0.26,1
615216.38,1279155.38,815.47,814.00,815.47,0.63,0.36,0.28,1
615308.62,1279155.38,797.47,796.00,797.47,0.63,0.36,0.28,1
615400.94,1279155.38,782.47,781.00,782.47,0.63,0.35,0.28,1
615493.19,1279155.38,778.45,777.00,778.45,0.62,0.35,0.27,1
615585.50,1279155.38,787.42,786.00,787.42,0.61,0.34,0.26,1
615677.75,1279155.38,798.36,797.00,798.36,0.61,0.34,0.26,1
615770.06,1279155.38,800.27,799.00,800.27,0.61,0.34,0.27,1
615862.31,1279155.38,797.16,796.00,797.16,0.61,0.34,0.27,1
615954.62,1279155.38,804.06,803.00,804.06,0.59,0.34,0.26,1
616046.88,1279155.38,815.99,815.00,815.99,0.59,0.34,0.27,1
616139.12,1279155.38,817.96,817.00,817.96,0.61,0.36,0.29,1
616231.44,1279155.38,813.94,813.00,813.94,0.64,0.39,0.32,1
616323.69,1279155.38,797.94,797.00,797.94,0.65,0.40,0.33,1
616416.00,1279155.38,789.94,789.00,789.94,0.64,0.39,0.31,1
616508.25,1279155.38,792.96,792.00,792.96,0.62,0.37,0.30,1
616600.56,1279155.38,804.01,803.00,804.01,0.61,0.36,0.29,1
616692.81,1279155.38,811.09,810.00,811.09,0.62,0.36,0.28,1
616785.12,1279155.38,810.20,809.00,810.20,0.63,0.37,0.29,1
616877.38,1279155.38,801.27,800.00,801.27,0.63,0.37,0.29,1
616969.62,1279155.38,798.30,797.00,798.30,0.63,0.37,0.29,1
617061.94,1279155.38,787.31,786.00,787.31,0.63,0.37,0.29,1
617154.19,1279155.38,788.32,787.00,788.32,0.62,0.35,0.28,1
617246.50,1279155.38,799.31,798.00,799.31,0.61,0.35,0.27,1
617338.75,1279155.38,806.27,805.00,806.27,0.61,0.34,0.26,1
617431.06,1279155.38,821.20,820.00,821.20,0.60,0.33,0.26,1
617523.31,1279155.38,836.09,835.00,836.09,0.61,0.35,0.28,1
617615.62,1279155.38,839.95,839.00,839.95,0.65,0.40,0.33,1
617707.88,1279155.38,830.84,830.00,830.84,0.68,0.43,0.36,1
617800.12,1279155.38,816.78,816.00,816.78,0.69,0.45,0.38,1
617892.44,1279155.38,800.75,800.00,800.75,0.69,0.45,0.38,1
617984.69,1279155.38,782.74,782.00,782.74,0.67,0.43,0.36,1
618077.00,1279155.38,772.74,772.00,772.74,0.64,0.40,0.34,1
618169.25,1279155.38,774.75,774.00,774.75,0.63,0.39,0.32,1
618261.56,1279155.38,783.79,783.00,783.79,0.63,0.39,0.32,1
618353.81,1279155.38,799.86,799.00,799.86,0.61,0.37,0.29,1
618446.12,1279155.38,811.98,811.00,811.98,0.61,0.36,0.28,1
618538.38,1279155.38,813.13,812.00,813.13,0.62,0.36,0.29,1
618630.62,1279155.38,794.27,793.00,794.27,0.63,0.37,0.29,1
618722.94,1279155.38,774.38,773.00,774.38,0.63,0.36,0.28,1
618815.19,1279155.38,781.47,780.00,781.47,0.62,0.35,0.27,1
618907.50,1279155.38,795.53,794.00,795.53,0.62,0.35,0.27,1
618999.75,1279155.38,797.56,796.00,797.56,0.64,0.36,0.28,1
619092.06,1279155.38,777.59,776.00,777.59,0.63,0.35,0.27,1
619184.31,1279155.38,792.61,791.00,792.61,0.61,0.33,0.25,1
619276.62,1279155.38,806.61,805.00,806.61,0.63,0.35,0.27,1
619368.88,1279155.38,801.62,800.00,801.62,0.64,0.36,0.28,1
619461.19,1279155.38,783.63,782.00,783.63,0.63,0.35,0.28,1
619553.44,1279155.38,772.63,771.00,772.63,0.62,0.34,0.26,1
619645.69,1279155.38,763.64,762.00,763.64,0.62,0.34,0.26,1
619738.00,1279155.38,767.64,766.00,767.64,0.62,0.34,0.26,1
619830.25,1279155.38,780.65,779.00,780.65,0.61,0.33,0.25,1
619922.56,1279155.38,793.65,792.00,793.65,0.62,0.34,0.25,1
620014.81,1279155.38,791.65,790.00,791.65,0.63,0.35,0.27,1
620107.12,1279155.38,781.65,780.00,781.65,0.63,0.35,0.27,1
620199.38,1279155.38,777.66,776.00,777.66,0.63,0.35,0.27,1
620291.69,1279155.38,774.66,773.00,774.66,0.62,0.34,0.26,1
620383.94,1279155.38,769.66,768.00,769.66,0.62,0.34,0.26,1
620476.19,1279155.38,770.65,769.00,770.65,0.61,0.33,0.25,1
620568.50,1279155.38,783.65,782.00,783.65,0.60,0.32,0.24,1
620660.75,1279155.38,779.64,778.00,779.64,0.62,0.34,0.26,1
620753.06,1279155.38,766.64,765.00,766.64,0.63,0.35,0.27,1
620845.31,1279155.38,765.64,764.00,765.64,0.62,0.34,0.26,1
620937.62,1279155.38,768.64,767.00,768.64,0.62,0.34,0.26,1
621029.88,1279155.38,774.64,773.00,774.64,0.61,0.33,0.25,1
621122.19,1279155.38,785.64,784.00,785.64,0.61,0.33,0.25,1
621214.44,1279155.38,796.64,795.00,796.64,0.61,0.33,0.25,1
621306.69,1279155.38,813.64,812.00,813.64,0.60,0.32,0.24,1
621399.00,1279155.38,828.63,827.00,828.63,0.61,0.33,0.25,1
621491.25,1279155.38,824.63,823.00,824.63,0.63,0.36,0.28,1
621583.56,1279155.38,804.61,803.00,804.61,0.64,0.36,0.28,1
621675.81,1279155.38,794.60,793.00,794.60,0.63,0.35,0.27,1
621768.12,1279155.38,801.58,800.00,801.58,0.64,0.36,0.28,1
621860.38,1279155.38,798.56,797.00,798.56,0.64,0.36,0.28,1
621952.69,1279155.38,793.54,792.00,793.54,0.62,0.34,0.26,1
622044.94,1279155.38,808.54,807.00,808.54,0.60,0.32,0.25,1
622137.19,1279155.38,820.53,819.00,820.53,0.62,0.34,0.26,1
622229.50,1279155.38,817.53,816.00,817.53,0.64,0.36,0.28,1
622321.75,1279155.38,810.53,809.00,810.53,0.63,0.36,0.28,1
622414.06,1279155.38,815.54,814.00,815.54,0.63,0.35,0.27,1
622506.31,1279155.38,813.55,812.00,813.55,0.63,0.35,0.27,1
622598.62,1279155.38,806.56,805.00,806.56,0.62,0.35,0.27,1
622690.88,1279155.38,796.59,795.00,796.59,0.62,0.35,0.27,1
622783.19,1279155.38,796.62,795.00,796.62,0.63,0.35,0.27,1
622875.44,1279155.38,799.64,798.00,799.64,0.63,0.35,0.27,1
622967.69,1279155.38,796.65,795.00,796.65,0.63,0.35,0.27,1
623060.00,1279155.38,800.66,799.00,800.66,0.63,0.35,0.27,1
623152.25,1279155.38,803.67,802.00,803.67,0.64,0.36,0.28,1
623244.56,1279155.38,798.67,797.00,798.67,0.64,0.36,0.28,1
623336.81,1279155.38,789.68,788.00,789.68,0.64,0.36,0.28,1
623429.12,1279155.38,782.68,781.00,782.68,0.63,0.35,0.27,1
623521.38,1279155.38,781.68,780.00,781.68,0.62,0.34,0.26,1
623613.69,1279155.38,790.68,789.00,790.68,0.60,0.32,0.24,1
623705.94,1279155.38,803.68,802.00,803.68,0.60,0.32,0.24,1
623798.19,1279155.38,808.68,807.00,808.68,0.61,0.33,0.25,1
623890.50,1279155.38,816.68,815.00,816.68,0.61,0.33,0.25,1
623982.75,1279155.38,825.67,824.00,825.67,0.62,0.34,0.26,1
624075.06,1279155.38,827.67,826.00,827.67,0.62,0.34,0.26,1
624167.31,1279155.38,825.67,824.00,825.67,0.61,0.33,0.25,1
624259.62,1279155.38,834.67,833.00,834.67,0.60,0.32,0.24,1
624351.88,1279155.38,846.66,845.00,846.66,0.60,0.32,0.24,1
624444.19,1279155.38,846.65,845.00,846.65,0.61,0.33,0.25,1
624536.44,1279155.38,847.63,846.00,847.63,0.61,0.33,0.25,1
624628.69,1279155.38,856.60,855.00,856.60,0.61,0.33,0.25,1
624721.00,1279155.38,857.57,856.00,857.57,0.62,0.34,0.26,1
624813.25,1279155.38,848.53,847.00,848.53,0.63,0.36,0.28,1
624905.56,1279155.38,842.48,841.00,842.48,0.64,0.36,0.29,1
624997.81,1279155.38,833.41,832.00,833.41,0.64,0.36,0.29,1
625090.12,1279155.38,827.32,826.00,827.32,0.63,0.36,0.28,1
625182.38,1279155.38,837.22,836.00,837.22,0.63,0.37,0.29,1
625274.69,1279155.38,842.15,841.00,842.15,0.64,0.38,0.31,1
625366.94,1279155.38,843.12,842.00,843.12,0.58,0.32,0.24,1
625459.19,1279155.38,-9999.00,-9999.00,-9999.00,0.71,0.71,0.71,0
614385.88,1279063.12,-9999.00,-9999.00,-9999.00,0.71,0.71,0.71,0
614478.12,1279063.12,807.02,806.00,807.02,0.30,0.05,-0.02,1
614570.44,1279063.12,800.05,799.00,800.05,0.63,0.37,0.30,1
614662.69,1279063.12,798.10,797.00,798.10,0.62,0.36,0.29,1
614755.00,1279063.12,809.18,808.00,809.18,0.62,0.36,0.29,1
614847.25,1279063.12,813.29,812.00,813.29,0.64,0.37,0.29,1
614939.56,1279063.12,805.38,804.00,805.38,0.64,0.37,0.29,1
615031.81,1279063.12,801.43,800.00,801.43,0.62,0.34,0.27,1
615124.12,1279063.12,808.45,807.00,808.45,0.60,0.33,0.25,1
615216.38,1279063.12,808.46,807.00,808.46,0.62,0.34,0.27,1
615308.62,1279063.12,791.46,790.00,791.46,0.63,0.35,0.28,1
615400.94,1279063.12,778.46,777.00,778.46,0.62,0.35,0.27,1
615493.19,1279063.12,780.44,779.00,780.44,0.62,0.34,0.27,1
615585.50,1279063.12,788.39,787.00,788.39,0.61,0.34,0.27,1
615677.75,1279063.12,791.31,790.00,791.31,0.62,0.35,0.27,1
615770.06,1279063.12,789.20,788.00,789.20,0.62,0.36,0.28,1
615862.31,1279063.12,786.06,785.00,786.06,0.62,0.36,0.29,1
615954.62,1279063.12,790.96,790.00,790.96,0.61,0.36,0.28,1
616046.88,1279063.12,799.88,799.00,799.88,0.60,0.35,0.28,1
616139.12,1279063.12,806.84,806.00,806.84,0.61,0.37,0.30,1
616231.44,1279063.12,810.83,810.00,810.83,0.64,0.39,0.32,1
616323.69,1279063.12,799.82,799.00,799.82,0.65,0.41,0.34,1
616416.00,1279063.12,793.83,793.00,793.83,0.64,0.40,0.33,1
616508.25,1279063.12,794.86,794.00,794.86,0.63,0.38,0.31,1
616600.56,1279063.12,801.92,801.00,801.92,0.62,0.37,0.30,1
616692.81,1279063.12,805.03,804.00,805.03,0.62,0.36,0.29,1
616785.12,1279063.12,804.15,803.00,804.15,0.62,0.36,0.28,1
616877.38,1279063.12,799.23,798.00,799.23,0.63,0.36,0.29,1
616969.62,1279063.12,791.27,790.00,791.27,0.63,0.36,0.28,1
617061.94,1279063.12,789.28,788.00,789.28,0.63,0.36,0.29,1
617154.19,1279063.12,794.28,793.00,794.28,0.63,0.36,0.29,1
617246.50,1279063.12,797.27,796.00,797.27,0.63,0.36,0.29,1
617338.75,1279063.12,798.24,797.00,798.24,0.62,0.35,0.28,1
617431.06,1279063.12,808.17,807.00,808.17,0.60,0.33,0.26,1
617523.31,1279063.12,823.06,822.00,823.06,0.58,0.32,0.25,1
617615.62,1279063.12,840.91,840.00,840.91,0.59,0.34,0.27,1
617707.88,1279063.12,847.80,847.00,847.80,0.63,0.39,0.32,1
617800.12,1279063.12,839.73,839.00,839.73,0.67,0.43,0.36,1
617892.44,1279063.12,820.69,820.00,820.69,0.68,0.44,0.38,1
617984.69,1279063.12,792.68,792.00,792.68,0.67,0.44,0.37,1
618077.00,1279063.12,780.68,780.00,780.68,0.65,0.42,0.35,1
618169.25,1279063.12,789.69,789.00,789.69,0.64,0.40,0.33,1
618261.56,1279063.12,803.73,803.00,803.73,0.65,0.41,0.34,1
618353.81,1279063.12,803.80,803.00,803.80,0.65,0.40,0.33,1
618446.12,1279063.12,800.92,800.00,800.92,0.63,0.38,0.31,1
618538.38,1279063.12,795.08,794.00,795.08,0.62,0.36,0.29,1
618630.62,1279063.12,784.24,783.00,784.24,0.63,0.37,0.29,1
618722.94,1279063.12,779.36,778.00,779.36,0.63,0.36,0.28,1
618815.19,1279063.12,792.45,791.00,792.45,0.61,0.34,0.26,1
618907.50,1279063.12,807.51,806.00,807.51,0.63,0.35,0.27,1
618999.75,1279063.12,801.55,800.00,801.55,0.64,0.37,0.29,1
619092.06,1279063.12,781.58,780.00,781.58,0.63,0.36,0.28,1
619184.31,1279063.12,788.60,787.00,788.60,0.60,0.32,0.24,1
619276.62,1279063.12,813.61,812.00,813.61,0.61,0.33,0.25,1
619368.88,1279063.12,808.62,807.00,808.62,0.64,0.36,0.28,1
619461.19,1279063.12,788.62,787.00,788.62,0.64,0.36,0.28,1
619553.44,1279063.12,775.63,774.00,775.63,0.63,0.35,0.27,1
619645.69,1279063.12,766.63,765.00,766.63,0.63,0.35,0.27,1
619738.00,1279063.12,772.64,771.00,772.64,0.61,0.33,0.25,1
619830.25,1279063.12,787.64,786.00,787.64,0.61,0.33,0.25,1
619922.56,1279063.12,794.65,793.00,794.65,0.62,0.34,0.26,1
620014.81,1279063.12,790.65,789.00,790.65,0.62,0.34,0.26,1
620107.12,1279063.12,781.65,780.00,781.65,0.63,0.35,0.27,1
620199.38,1279063.12,776.65,775.00,776.65,0.63,0.35,0.26,1
620291.69,1279063.12,773.66,772.00,773.66,0.62,0.34,0.26,1
620383.94,1279063.12,768.66,767.00,768.66,0.62,0.34,0.26,1
620476.19,1279063.12,766.66,765.00,766.66,0.62,0.34,0.26,1
620568.50,1279063.12,770.65,769.00,770.65,0.61,0.33,0.25,1
620660.75,1279063.12,765.65,764.00,765.65,0.61,0.33,0.25,1
620753.06,1279063.12,765.65,764.00,765.65,0.62,0.34,0.26,1
620845.31,1279063.12,773.65,772.00,773.65,0.62,0.34,0.26,1
620937.62,1279063.12,779.65,778.00,779.65,0.63,0.35,0.27,1
621029.88,1279063.12,775.65,774.00,775.65,0.63,0.35,0.27,1
621122.19,1279063.12,782.64,781.00,782.64,0.61,0.33,0.25,1
621214.44,1279063.12,798.64,797.00,798.64,0.61,0.33,0.25,1
621306.69,1279063.12,816.64,815.00,816.64,0.60,0.32,0.24,1
621399.00,1279063.12,830.64,829.00,830.64,0.61,0.33,0.25,1
621491.25,1279063.12,830.62,829.00,830.62,0.63,0.35,0.27,1
621583.56,1279063.12,810.60,809.00,810.60,0.64,0.36,0.28,1
621675.81,1279063.12,809.58,808.00,809.58,0.64,0.36,0.28,1
621768.12,1279063.12,819.55,818.00,819.55,0.64,0.37,0.29,1
621860.38,1279063.12,810.53,809.00,810.53,0.65,0.37,0.29,1
621952.69,1279063.12,795.51,794.00,795.51,0.63,0.36,0.28,1
622044.94,1279063.12,800.50,799.00,800.50,0.60,0.33,0.25,1
622137.19,1279063.12,815.50,814.00,815.50,0.60,0.32,0.24,1
622229.50,1279063.12,821.49,820.00,821.49,0.62,0.34,0.27,1
622321.75,1279063.12,815.49,814.00,815.49,0.63,0.36,0.28,1
622414.06,1279063.12,819.50,818.00,819.50,0.63,0.36,0.28,1
622506.31,1279063.12,816.51,815.00,816.51,0.64,0.36,0.28,1
622598.62,1279063.12,804.53,803.00,804.53,0.63,0.36,0.28,1
622690.88,1279063.12,801.55,800.00,801.55,0.62,0.35,0.27,1
622783.19,1279063.12,809.58,808.00,809.58,0.63,0.35,0.27,1
622875.44,1279063.12,807.61,806.00,807.61,0.63,0.36,0.28,1
622967.69,1279063.12,803.63,802.00,803.63,0.63,0.35,0.27,1
623060.00,1279063.12,815.64,814.00,815.64,0.63,0.35,0.27,1
623152.25,1279063.12,819.65,818.00,819.65,0.63,0.35,0.27,1
623244.56,1279063.12,818.66,817.00,818.66,0.64,0.36,0.28,1
623336.81,1279063.12,806.67,805.00,806.67,0.65,0.37,0.29,1
623429.12,1279063.12,796.67,795.00,796.67,0.64,0.36,0.28,1
623521.38,1279063.12,790.67,789.00,790.67,0.64,0.35,0.27,1
623613.69,1279063.12,787.68,786.00,787.68,0.62,0.34,0.26,1
623705.94,1279063.12,790.67,789.00,790.67,0.61,0.32,0.24,1
623798.19,1279063.12,803.67,802.00,803.67,0.60,0.32,0.24,1
623890.50,1279063.12,818.67,817.00,818.67,0.60,0.32,0.24,1
623982.75,1279063.12,832.67,831.00,832.67,0.62,0.34,0.25,1
624075.06,1279063.12,836.67,835.00,836.67,0.63,0.35,0.27,1
624167.31,1279063.12,829.67,828.00,829.67,0.63,0.35,0.27,1
624259.62,1279063.12,827.66,826.00,827.66,0.62,0.34,0.26,1
624351.88,1279063.12,831.65,830.00,831.65,0.61,0.33,0.25,1
624444.19,1279063.12,833.64,832.00,833.64,0.61,0.33,0.25,1
624536.44,1279063.12,841.62,840.00,841.62,0.61,0.33,0.25,1
624628.69,1279063.12,850.60,849.00,850.60,0.61,0.33,0.25,1
624721.00,1279063.12,853.57,852.00,853.57,0.62,0.34,0.26,1
624813.25,1279063.12,852.54,851.00,852.54,0.63,0.35,0.27,1
624905.56,1279063.12,846.50,845.00,846.50,0.63,0.35,0.28,1
624997.81,1279063.12,836.44,835.00,836.44,0.63,0.36,0.28,1
625090.12,1279063.12,838.37,837.00,838.37,0.62,0.35,0.28,1
625182.38,1279063.12,851.30,850.00,851.30,0.62,0.35,0.28,1
625274.69,1279063.12,857.24,856.00,857.24,0.62,0.36,0.28,1
625366.94,1279063.12,859.19,858.00,859.19,0.58,0.31,0.24,1
625459.19,1279063.12,-9999.00,-9999.00,-9999.00,0.71,0.71,0.71,0
614385.88,1278970.88,-9999.00,-9999.00,-9999.00,0.71,0.71,0.71,0
614478.12,1278970.88,802.98,802.00,802.98,0.30,0.04,-0.03,1
614570.44,1278970.88,796.00,795.00,796.00,0.63,0.38,0.30,1
614662.69,1278970.88,799.05,798.00,799.05,0.61,0.36,0.28,1
614755.00,1278970.88,814.17,813.00,814.17,0.61,0.35,0.27,1
614847.25,1278970.88,822.29,821.00,822.29,0.63,0.36,0.29,1
614939.56,1278970.88,812.37,811.00,812.37,0.64,0.37,0.30,1
615031.81,1278970.88,798.42,797.00,798.42,0.64,0.37,0.29,1
615124.12,1278970.88,794.45,793.00,794.45,0.62,0.35,0.27,1
615216.38,1278970.88,791.46,790.00,791.46,0.62,0.34,0.27,1
615308.62,1278970.88,781.46,780.00,781.46,0.63,0.35,0.27,1
615400.94,1278970.88,775.44,774.00,775.44,0.63,0.35,0.27,1
615493.19,1278970.88,779.41,778.00,779.41,0.62,0.35,0.27,1
615585.50,1278970.88,783.35,782.00,783.35,0.62,0.35,0.27,1
615677.75,1278970.88,785.26,784.00,785.26,0.63,0.36,0.28,1
615770.06,1278970.88,786.12,785.00,786.12,0.63,0.37,0.30,1
615862.31,1278970.88,787.97,787.00,787.97,0.64,0.39,0.31,1
615954.62,1278970.88,790.85,790.00,790.85,0.63,0.39,0.32,1
616046.88,1278970.88,796.78,796.00,796.78,0.63,0.39,0.32,1
616139.12,1278970.88,806.74,806.00,806.74,0.63,0.40,0.33,1
616231.44,1278970.88,811.72,811.00,811.72,0.65,0.41,0.34,1
616323.69,1278970.88,803.72,803.00,803.72,0.66,0.42,0.35,1
616416.00,1278970.88,798.73,798.00,798.73,0.65,0.41,0.34,1
616508.25,1278970.88,798.77,798.00,798.77,0.64,0.39,0.33,1
616600.56,1278970.88,798.85,798.00,798.85,0.63,0.38,0.31,1
616692.81,1278970.88,795.97,795.00,795.97,0.63,0.37,0.30,1
616785.12,1278970.88,792.11,791.00,792.11,0.62,0.36,0.29,1
616877.38,1278970.88,791.19,790.00,791.19,0.62,0.36,0.28,1
616969.62,1278970.88,791.24,790.00,791.24,0.63,0.36,0.29,1
617061.94,1278970.88,796.25,795.00,796.25,0.62,0.36,0.28,1
617154.19,1278970.88,806.26,805.00,806.26,0.63,0.36,0.29,1
617246.50,1278970.88,810.25,809.00,810.25,0.64,0.37,0.30,1
617338.75,1278970.88,808.21,807.00,808.21,0.64,0.38,0.30,1
617431.06,1278970.88,803.15,802.00,803.15,0.63,0.37,0.30,1
617523.31,1278970.88,805.04,804.00,805.04,0.60,0.35,0.28,1
617615.62,1278970.88,817.88,817.00,817.88,0.58,0.33,0.26,1
617707.88,1278970.88,831.77,831.00,831.77,0.59,0.35,0.28,1
617800.12,1278970.88,829.70,829.00,829.70,0.63,0.39,0.33,1
617892.44,1278970.88,814.66,814.00,814.66,0.65,0.42,0.35,1
617984.69,1278970.88,793.65,793.00,793.65,0.66,0.43,0.36,1
618077.00,1278970.88,791.65,791.00,791.65,0.65,0.42,0.35,1
618169.25,1278970.88,805.66,805.00,805.66,0.64,0.40,0.34,1
618261.56,1278970.88,818.70,818.00,818.70,0.65,0.42,0.35,1
618353.81,1278970.88,815.77,815.00,815.77,0.67,0.43,0.36,1
618446.12,1278970.88,800.89,800.00,800.89,0.66,0.41,0.34,1
618538.38,1278970.88,791.05,790.00,791.05,0.64,0.38,0.31,1
618630.62,1278970.88,793.22,792.00,793.22,0.64,0.38,0.30,1
618722.94,1278970.88,788.34,787.00,788.34,0.63,0.36,0.29,1
618815.19,1278970.88,796.44,795.00,796.44,0.61,0.34,0.26,1
618907.50,1278970.88,815.50,814.00,815.50,0.62,0.34,0.26,1
618999.75,1278970.88,811.54,810.00,811.54,0.65,0.37,0.29,1
619092.06,1278970.88,789.57,788.00,789.57,0.65,0.37,0.29,1
619184.31,1278970.88,785.60,784.00,785.60,0.61,0.33,0.25,1
619276.62,1278970.88,811.60,810.00,811.60,0.60,0.32,0.24,1
619368.88,1278970.88,811.61,810.00,811.61,0.63,0.35,0.27,1
619461.19,1278970.88,791.61,790.00,791.61,0.64,0.36,0.28,1
619553.44,1278970.88,776.62,775.00,776.62,0.63,0.35,0.27,1
619645.69,1278970.88,768.62,767.00,768.62,0.62,0.35,0.27,1
619738.00,1278970.88,779.63,778.00,779.63,0.61,0.33,0.25,1
619830.25,1278970.88,793.63,792.00,793.63,0.62,0.34,0.26,1
619922.56,1278970.88,795.64,794.00,795.64,0.63,0.35,0.27,1
620014.81,1278970.88,784.64,783.00,784.64,0.63,0.35,0.27,1
620107.12,1278970.88,781.65,780.00,781.65,0.63,0.35,0.27,1
620199.38,1278970.88,778.65,777.00,778.65,0.63,0.35,0.27,1
620291.69,1278970.88,773.65,772.00,773.65,0.63,0.35,0.27,1
620383.94,1278970.88,769.66,768.00,769.66,0.63,0.35,0.27,1
620476.19,1278970.88,766.66,765.00,766.66,0.63,0.35,0.27,1
620568.50,1278970.88,765.66,764.00,765.66,0.62,0.34,0.26,1
620660.75,1278970.88,762.66,761.00,762.66,0.62,0.34,0.26,1
620753.06,1278970.88,764.65,763.00,764.65,0.61,0.33,0.25,1
620845.31,1278970.88,775.65,774.00,775.65,0.61,0.33,0.25,1
620937.62,1278970.88,787.65,786.00,787.65,0.62,0.34,0.26,1
621029.88,1278970.88,787.65,786.00,787.65,0.63,0.35,0.27,1
621122.19,1278970.88,797.65,796.00,797.65,0.62,0.34,0.26,1
621214.44,1278970.88,816.65,815.00,816.65,0.62,0.34,0.26,1
621306.69,1278970.88,819.64,818.00,819.64,0.62,0.34,0.26,1
621399.00,1278970.88,816.64,815.00,816.64,0.60,0.32,0.24,1
621491.25,1278970.88,821.62,820.00,821.62,0.60,0.33,0.25,1
621583.56,1278970.88,825.59,824.00,825.59,0.62,0.34,0.26,1
621675.81,1278970.88,843.56,842.00,843.56,0.63,0.35,0.27,1
621768.12,1278970.88,848.53,847.00,848.53,0.65,0.38,0.30,1
621860.38,1278970.88,823.50,822.00,823.50,0.65,0.38,0.30,1
621952.69,1278970.88,800.49,799.00,800.49,0.64,0.37,0.29,1
622044.94,1278970.88,793.48,792.00,793.48,0.62,0.34,0.26,1
622137.19,1278970.88,800.47,799.00,800.47,0.60,0.33,0.25,1
622229.50,1278970.88,810.47,809.00,810.47,0.60,0.33,0.25,1
622321.75,1278970.88,824.47,823.00,824.47,0.62,0.34,0.26,1
622414.06,1278970.88,832.47,831.00,832.47,0.63,0.36,0.28,1
622506.31,1278970.88,826.48,825.00,826.48,0.64,0.37,0.29,1
622598.62,1278970.88,809.50,808.00,809.50,0.64,0.36,0.29,1
622690.88,1278970.88,806.52,805.00,806.52,0.62,0.35,0.27,1
622783.19,1278970.88,818.55,817.00,818.55,0.62,0.34,0.26,1
622875.44,1278970.88,819.58,818.00,819.58,0.63,0.35,0.27,1
622967.69,1278970.88,820.60,819.00,820.60,0.63,0.35,0.27,1
623060.00,1278970.88,832.62,831.00,832.62,0.62,0.34,0.26,1
623152.25,1278970.88,836.63,835.00,836.63,0.63,0.35,0.27,1
623244.56,1278970.88,835.64,834.00,835.64,0.64,0.36,0.28,1
623336.81,1278970.88,823.65,822.00,823.65,0.65,0.37,0.29,1
623429.12,1278970.88,813.66,812.00,813.66,0.65,0.37,0.29,1
623521.38,1278970.88,803.66,802.00,803.66,0.64,0.36,0.28,1
623613.69,1278970.88,798.67,797.00,798.67,0.64,0.36,0.28,1
623705.94,1278970.88,792.67,791.00,792.67,0.63,0.35,0.27,1
623798.19,1278970.88,799.67,798.00,799.67,0.60,0.32,0.24,1
623890.50,1278970.88,817.66,816.00,817.66,0.59,0.31,0.23,1
623982.75,1278970.88,836.66,835.00,836.66,0.60,0.32,0.24,1
624075.06,1278970.88,840.66,839.00,840.66,0.62,0.34,0.26,1
624167.31,1278970.88,834.66,833.00,834.66,0.63,0.35,0.27,1
624259.62,1278970.88,832.66,831.00,832.66,0.63,0.35,0.27,1
624351.88,1278970.88,834.65,833.00,834.65,0.63,0.34,0.26,1
624444.19,1278970.88,838.63,837.00,838.63,0.63,0.35,0.27,1
624536.44,1278970.88,846.62,845.00,846.62,0.62,0.34,0.26,1
624628.69,1278970.88,853.60,852.00,853.60,0.62,0.34,0.26,1
624721.00,1278970.88,857.58,856.00,857.58,0.62,0.34,0.26,1
624813.25,1278970.88,852.55,851.00,852.55,0.63,0.35,0.27,1
624905.56,1278970.88,838.52,837.00,838.52,0.63,0.35,0.27,1
624997.81,1278970.88,834.49,833.00,834.49,0.62,0.35,0.27,1
625090.12,1278970.88,845.45,844.00,845.45,0.62,0.34,0.27,1
625182.38,1278970.88,848.39,847.00,848.39,0.62,0.35,0.27,1
625274.69,1278970.88,844.33,843.00,844.33,0.61,0.34,0.26,1
625366.94,1278970.88,844.28,843.00,844.28,0.58,0.31,0.24,1
625459.19,1278970.88,-9999.00,-9999.00,-9999.00,0.71,0.71,0.71,0
614385.88,1278878.62,-9999.00,-9999.00,-9999.00,0.71,0.71,0.71,0
614478.12,1278878.62,806.01,805.00,806.01,0.30,0.05,-0.02,1
614570.44,1278878.62,798.04,797.00,798.04,0.64,0.38,0.31,1
614662.69,1278878.62,797.05,796.00,797.05,0.62,0.37,0.29,1
614755.00,1278878.62,808.16,807.00,808.16,0.61,0.35,0.27,1
614847.25,1278878.62,819.29,818.00,819.29,0.62,0.35,0.28,1
614939.56,1278878.62,817.37,816.00,817.37,0.64,0.37,0.29,1
615031.81,1278878.62,811.42,810.00,811.42,0.64,0.37,0.29,1
615124.12,1278878.62,803.44,802.00,803.44,0.64,0.37,0.29,1
615216.38,1278878.62,789.44,788.00,789.44,0.63,0.36,0.28,1
615308.62,1278878.62,781.44,780.00,781.44,0.63,0.35,0.28,1
615400.94,1278878.62,780.43,779.00,780.43,0.63,0.36,0.28,1
615493.19,1278878.62,784.38,783.00,784.38,0.63,0.36,0.28,1
615585.50,1278878.62,788.31,787.00,788.31,0.63,0.36,0.29,1
615677.75,1278878.62,795.19,794.00,795.19,0.64,0.37,0.30,1
615770.06,1278878.62,802.03,801.00,802.03,0.65,0.39,0.32,1
615862.31,1278878.62,803.87,803.00,803.87,0.66,0.41,0.34,1
615954.62,1278878.62,803.75,803.00,803.75,0.65,0.41,0.34,1
616046.88,1278878.62,812.67,812.00,812.67,0.65,0.41,0.35,1
616139.12,1278878.62,823.63,823.00,823.63,0.66,0.43,0.36,1
616231.44,1278878.62,826.62,826.00,826.62,0.67,0.44,0.38,1
616323.69,1278878.62,813.62,813.00,813.62,0.67,0.44,0.38,1
616416.00,1278878.62,802.64,802.00,802.64,0.66,0.42,0.36,1
616508.25,1278878.62,797.69,797.00,797.69,0.64,0.41,0.34,1
616600.56,1278878.62,793.79,793.00,793.79,0.63,0.39,0.32,1
616692.81,1278878.62,793.93,793.00,793.93,0.63,0.38,0.31,1
616785.12,1278878.62,792.07,791.00,792.07,0.63,0.38,0.30,1
616877.38,1278878.62,792.16,791.00,792.16,0.63,0.37,0.29,1
616969.62,1278878.62,798.21,797.00,798.21,0.62,0.36,0.28,1
617061.94,1278878.62,805.23,804.00,805.23,0.62,0.35,0.28,1
617154.19,1278878.62,815.23,814.00,815.23,0.62,0.35,0.28,1
617246.50,1278878.62,818.22,817.00,818.22,0.62,0.36,0.28,1
617338.75,1278878.62,816.19,815.00,816.19,0.63,0.37,0.29,1
617431.06,1278878.62,812.13,811.00,812.13,0.64,0.38,0.30,1
617523.31,1278878.62,807.02,806.00,807.02,0.63,0.38,0.31,1
617615.62,1278878.62,805.88,805.00,805.88,0.61,0.36,0.29,1
617707.88,1278878.62,814.76,814.00,814.76,0.60,0.36,0.29,1
617800.12,1278878.62,820.69,820.00,820.69,0.63,0.39,0.32,1
617892.44,1278878.62,808.65,808.00,808.65,0.65,0.42,0.35,1
617984.69,1278878.62,800.64,800.00,800.64,0.65,0.41,0.35,1
618077.00,1278878.62,813.64,813.00,813.64,0.64,0.41,0.34,1
618169.25,1278878.62,826.65,826.00,826.65,0.64,0.41,0.34,1
618261.56,1278878.62,839.69,839.00,839.69,0.66,0.42,0.35,1
618353.81,1278878.62,836.76,836.00,836.76,0.68,0.44,0.37,1
618446.12,1278878.62,813.87,813.00,813.87,0.68,0.43,0.36,1
618538.38,1278878.62,802.03,801.00,802.03,0.65,0.40,0.32,1
618630.62,1278878.62,803.21,802.00,803.21,0.64,0.38,0.30,1
618722.94,1278878.62,799.34,798.00,799.34,0.64,0.37,0.29,1
618815.19,1278878.62,797.44,796.00,797.44,0.62,0.34,0.27,1
618907.50,1278878.62,816.50,815.00,816.50,0.60,0.33,0.25,1
618999.75,1278878.62,824.54,823.00,824.54,0.63,0.36,0.28,1
619092.06,1278878.62,811.57,810.00,811.57,0.66,0.38,0.30,1
619184.31,1278878.62,794.60,793.00,794.60,0.64,0.36,0.28,1
619276.62,1278878.62,807.60,806.00,807.60,0.61,0.33,0.25,1
619368.88,1278878.62,808.60,807.00,808.60,0.63,0.35,0.27,1
619461.19,1278878.62,788.61,787.00,788.61,0.64,0.36,0.28,1
619553.44,1278878.62,773.61,772.00,773.61,0.63,0.35,0.27,1
619645.69,1278878.62,775.61,774.00,775.61,0.62,0.35,0.27,1
619738.00,1278878.62,787.61,786.00,787.61,0.62,0.34,0.26,1
619830.25,1278878.62,801.62,800.00,801.62,0.62,0.34,0.26,1
619922.56,1278878.62,796.63,795.00,796.63,0.63,0.35,0.27,1
620014.81,1278878.62,787.63,786.00,787.63,0.63,0.35,0.27,1
620107.12,1278878.62,784.64,783.00,784.64,0.63,0.35,0.27,1
620199.38,1278878.62,781.65,780.00,781.65,0.63,0.35,0.27,1
620291.69,1278878.62,779.65,778.00,779.65,0.64,0.35,0.27,1
620383.94,1278878.62,780.65,779.00,780.65,0.64,0.36,0.28,1
620476.19,1278878.62,775.66,774.00,775.66,0.64,0.36,0.28,1
620568.50,1278878.62,769.66,768.00,769.66,0.63,0.35,0.27,1
620660.75,1278878.62,765.66,764.00,765.66,0.62,0.34,0.26,1
620753.06,1278878.62,767.66,766.00,767.66,0.61,0.33,0.25,1
620845.31,1278878.62,782.66,781.00,782.66,0.61,0.33,0.25,1
620937.62,1278878.62,797.66,796.00,797.66,0.61,0.33,0.25,1
621029.88,1278878.62,812.65,811.00,812.65,0.63,0.35,0.26,1
621122.19,1278878.62,821.65,820.00,821.65,0.63,0.35,0.27,1
621214.44,1278878.62,826.65,825.00,826.65,0.63,0.35,0.27,1
621306.69,1278878.62,811.65,810.00,811.65,0.62,0.34,0.26,1
621399.00,1278878.62,802.63,801.00,802.63,0.61,0.33,0.25,1
621491.25,1278878.62,811.61,810.00,811.61,0.60,0.32,0.24,1
621583.56,1278878.62,827.59,826.00,827.59,0.60,0.32,0.24,1
621675.81,1278878.62,851.56,850.00,851.56,0.61,0.33,0.25,1
621768.12,1278878.62,858.51,857.00,858.51,0.64,0.36,0.28,1
621860.38,1278878.62,830.49,829.00,830.49,0.65,0.38,0.30,1
621952.69,1278878.62,803.47,802.00,803.47,0.65,0.37,0.30,1
622044.94,1278878.62,790.46,789.00,790.46,0.63,0.35,0.28,1
622137.19,1278878.62,797.46,796.00,797.46,0.61,0.34,0.26,1
622229.50,1278878.62,810.45,809.00,810.45,0.60,0.33,0.25,1
622321.75,1278878.62,830.45,829.00,830.45,0.60,0.33,0.25,1
622414.06,1278878.62,841.46,840.00,841.46,0.62,0.35,0.27,1
622506.31,1278878.62,833.46,832.00,833.46,0.64,0.37,0.29,1
622598.62,1278878.62,814.48,813.00,814.48,0.65,0.37,0.29,1
622690.88,1278878.62,810.50,809.00,810.50,0.64,0.36,0.28,1
622783.19,1278878.62,813.52,812.00,813.52,0.63,0.35,0.27,1
622875.44,1278878.62,816.55,815.00,816.55,0.62,0.34,0.27,1
622967.69,1278878.62,826.57,825.00,826.57,0.62,0.34,0.26,1
623060.00,1278878.62,835.59,834.00,835.59,0.61,0.33,0.25,1
623152.25,1278878.62,845.61,844.00,845.61,0.62,0.34,0.26,1
623244.56,1278878.62,852.62,851.00,852.62,0.63,0.35,0.27,1
623336.81,1278878.62,845.63,844.00,845.63,0.65,0.37,0.29,1
623429.12,1278878.62,835.64,834.00,835.64,0.65,0.37,0.29,1
623521.38,1278878.62,826.65,825.00,826.65,0.64,0.36,0.28,1
623613.69,1278878.62,824.66,823.00,824.66,0.64,0.36,0.28,1
623705.94,1278878.62,810.66,809.00,810.66,0.65,0.37,0.29,1
623798.19,1278878.62,795.66,794.00,795.66,0.63,0.35,0.27,1
623890.50,1278878.62,805.66,804.00,805.66,0.59,0.31,0.23,1
623982.75,1278878.62,825.66,824.00,825.66,0.59,0.31,0.23,1
624075.06,1278878.62,831.66,830.00,831.66,0.60,0.32,0.24,1
624167.31,1278878.62,834.66,833.00,834.66,0.61,0.33,0.25,1
624259.62,1278878.62,839.65,838.00,839.65,0.62,0.34,0.26,1
624351.88,1278878.62,846.64,845.00,846.64,0.62,0.34,0.26,1
624444.19,1278878.62,855.62,854.00,855.62,0.63,0.35,0.27,1
624536.44,1278878.62,857.61,856.00,857.61,0.63,0.35,0.27,1
624628.69,1278878.62,854.59,853.00,854.59,0.63,0.35,0.27,1
624721.00,1278878.62,850.58,849.00,850.58,0.62,0.34,0.26,1
624813.25,1278878.62,844.57,843.00,844.57,0.62,0.35,0.27,1
624905.56,1278878.62,839.56,838.00,839.56,0.63,0.35,0.27,1
624997.81,1278878.62,842.54,841.00,842.54,0.63,0.35,0.27,1
625090.12,1278878.62,843.52,842.00,843.52,0.63,0.35,0.27,1
625182.38,1278878.62,839.49,838.00,839.49,0.63,0.35,0.27,1
625274.69,1278878.62,832.45,831.00,832.45,0.63,0.35,0.28,1
625366.94,1278878.62,829.40,828.00,829.40,0.58,0.31,0.23,1
625459.19,1278878.62,-9999.00,-9999.00,-9999.00,0.71,0.71,0.71,0
614385.88,1278786.25,-9999.00,-9999.00,-9999.00,0.71,0.71,0.71,0
614478.12,1278786.25,805.08,804.00,805.08,0.31,0.06,-0.02,1
614570.44,1278786.25,802.13,801.00,802.13,0.63,0.37,0.30,1
614662.69,1278786.25,804.10,803.00,804.10,0.63,0.37,0.30,1
614755.00,1278786.25,813.18,812.00,813.18,0.62,0.36,0.28,1
614847.25,1278786.25,825.29,824.00,825.29,0.63,0.36,0.28,1
614939.56,1278786.25,828.37,827.00,828.37,0.64,0.37,0.29,1
615031.81,1278786.25,821.41,820.00,821.41,0.64,0.37,0.29,1
615124.12,1278786.25,805.43,804.00,805.43,0.64,0.37,0.29,1
615216.38,1278786.25,786.43,785.00,786.43,0.63,0.36,0.28,1
615308.62,1278786.25,780.42,779.00,780.42,0.62,0.35,0.27,1
615400.94,1278786.25,788.40,787.00,788.40,0.62,0.35,0.27,1
615493.19,1278786.25,796.34,795.00,796.34,0.62,0.35,0.27,1
615585.50,1278786.25,806.25,805.00,806.25,0.62,0.36,0.28,1
615677.75,1278786.25,818.11,817.00,818.11,0.63,0.37,0.29,1
615770.06,1278786.25,826.93,826.00,826.93,0.64,0.39,0.32,1
615862.31,1278786.25,827.76,827.00,827.76,0.65,0.41,0.34,1
615954.62,1278786.25,827.64,827.00,827.64,0.65,0.42,0.36,1
616046.88,1278786.25,841.57,841.00,841.57,0.65,0.42,0.36,1
616139.12,1278786.25,855.54,855.00,855.54,0.67,0.45,0.39,1
616231.44,1278786.25,847.53,847.00,847.53,0.70,0.47,0.41,1
616323.69,1278786.25,823.54,823.00,823.54,0.69,0.47,0.40,1
616416.00,1278786.25,807.57,807.00,807.57,0.67,0.44,0.38,1
616508.25,1278786.25,798.64,798.00,798.64,0.65,0.42,0.35,1
616600.56,1278786.25,791.75,791.00,791.75,0.63,0.39,0.32,1
616692.81,1278786.25,798.90,798.00,798.90,0.63,0.38,0.31,1
616785.12,1278786.25,799.05,798.00,799.05,0.64,0.38,0.31,1
616877.38,1278786.25,799.14,798.00,799.14,0.64,0.38,0.31,1
616969.62,1278786.25,798.19,797.00,798.19,0.63,0.37,0.29,1
617061.94,1278786.25,801.21,800.00,801.21,0.61,0.35,0.28,1
617154.19,1278786.25,805.22,804.00,805.22,0.61,0.35,0.27,1
617246.50,1278786.25,806.21,805.00,806.21,0.61,0.35,0.27,1
617338.75,1278786.25,806.18,805.00,806.18,0.61,0.35,0.28,1
617431.06,1278786.25,808.12,807.00,808.12,0.62,0.36,0.29,1
617523.31,1278786.25,806.02,805.00,806.02,0.64,0.38,0.31,1
617615.62,1278786.25,801.87,801.00,801.87,0.63,0.39,0.32,1
617707.88,1278786.25,806.76,806.00,806.76,0.62,0.38,0.31,1
617800.12,1278786.25,814.69,814.00,814.69,0.63,0.40,0.33,1
617892.44,1278786.25,810.65,810.00,810.65,0.64,0.41,0.35,1
617984.69,1278786.25,811.64,811.00,811.64,0.63,0.40,0.33,1
618077.00,1278786.25,832.64,832.00,832.64,0.62,0.39,0.32,1
618169.25,1278786.25,850.65,850.00,850.65,0.63,0.40,0.33,1
618261.56,1278786.25,860.68,860.00,860.68,0.66,0.42,0.36,1
618353.81,1278786.25,854.76,854.00,854.76,0.68,0.44,0.37,1
618446.12,1278786.25,829.87,829.00,829.87,0.68,0.44,0.37,1
618538.38,1278786.25,815.03,814.00,815.03,0.66,0.41,0.33,1
618630.62,1278786.25,813.21,812.00,813.21,0.65,0.38,0.31,1
618722.94,1278786.25,811.35,810.00,811.35,0.65,0.38,0.30,1
618815.19,1278786.25,804.44,803.00,804.44,0.63,0.36,0.28,1
618907.50,1278786.25,812.51,811.00,812.51,0.61,0.34,0.26,1
618999.75,1278786.25,827.55,826.00,827.55,0.61,0.34,0.26,1
619092.06,1278786.25,831.58,830.00,831.58,0.65,0.37,0.29,1
619184.31,1278786.25,809.59,808.00,809.59,0.65,0.37,0.29,1
619276.62,1278786.25,809.60,808.00,809.60,0.63,0.35,0.27,1
619368.88,1278786.25,811.60,810.00,811.60,0.64,0.36,0.28,1
619461.19,1278786.25,794.60,793.00,794.60,0.65,0.37,0.29,1
619553.44,1278786.25,785.60,784.00,785.60,0.64,0.36,0.28,1
619645.69,1278786.25,790.60,789.00,790.60,0.63,0.35,0.27,1
619738.00,1278786.25,799.60,798.00,799.60,0.63,0.35,0.27,1
619830.25,1278786.25,803.60,802.00,803.60,0.63,0.35,0.27,1
619922.56,1278786.25,800.61,799.00,800.61,0.63,0.35,0.27,1
620014.81,1278786.25,796.62,795.00,796.62,0.64,0.36,0.28,1
620107.12,1278786.25,791.63,790.00,791.63,0.63,0.35,0.27,1
620199.38,1278786.25,793.64,792.00,793.64,0.62,0.34,0.26,1
620291.69,1278786.25,802.64,801.00,802.64,0.63,0.35,0.27,1
620383.94,1278786.25,799.65,798.00,799.65,0.64,0.36,0.28,1
620476.19,1278786.25,788.65,787.00,788.65,0.64,0.36,0.28,1
620568.50,1278786.25,776.66,775.00,776.66,0.64,0.36,0.28,1
620660.75,1278786.25,767.66,766.00,767.66,0.63,0.35,0.27,1
620753.06,1278786.25,767.66,766.00,767.66,0.61,0.33,0.25,1
620845.31,1278786.25,783.66,782.00,783.66,0.60,0.32,0.24,1
620937.62,1278786.25,805.66,804.00,805.66,0.60,0.32,0.24,1
621029.88,1278786.25,830.65,829.00,830.65,0.61,0.33,0.25,1
621122.19,1278786.25,838.65,837.00,838.65,0.63,0.35,0.27,1
621214.44,1278786.25,820.65,819.00,820.65,0.63,0.35,0.26,1
621306.69,1278786.25,798.65,797.00,798.65,0.62,0.34,0.26,1
621399.00,1278786.25,794.63,793.00,794.63,0.61,0.33,0.25,1
621491.25,1278786.25,808.62,807.00,808.62,0.61,0.33,0.25,1
621583.56,1278786.25,828.59,827.00,828.59,0.60,0.32,0.24,1
621675.81,1278786.25,850.55,849.00,850.55,0.60,0.33,0.25,1
621768.12,1278786.25,852.51,851.00,852.51,0.62,0.34,0.26,1
621860.38,1278786.25,831.48,830.00,831.48,0.64,0.36,0.29,1
621952.69,1278786.25,809.47,808.00,809.47,0.64,0.37,0.29,1
622044.94,1278786.25,796.46,795.00,796.46,0.63,0.36,0.28,1
622137.19,1278786.25,807.45,806.00,807.45,0.63,0.35,0.27,1
622229.50,1278786.25,815.45,814.00,815.45,0.62,0.35,0.27,1
622321.75,1278786.25,823.45,822.00,823.45,0.60,0.33,0.25,1
622414.06,1278786.25,839.45,838.00,839.45,0.60,0.33,0.25,1
622506.31,1278786.25,840.46,839.00,840.46,0.63,0.35,0.27,1
622598.62,1278786.25,830.47,829.00,830.47,0.63,0.36,0.28,1
622690.88,1278786.25,830.49,829.00,830.49,0.62,0.35,0.27,1
622783.19,1278786.25,833.51,832.00,833.51,0.62,0.35,0.27,1
622875.44,1278786.25,832.53,831.00,832.53,0.63,0.35,0.27,1
622967.69,1278786.25,834.55,833.00,834.55,0.63,0.35,0.27,1
623060.00,1278786.25,837.56,836.00,837.56,0.62,0.34,0.26,1
623152.25,1278786.25,849.58,848.00,849.58,0.61,0.33,0.26,1
623244.56,1278786.25,860.60,859.00,860.60,0.62,0.34,0.26,1
623336.81,1278786.25,860.60,859.00,860.60,0.64,0.36,0.28,1
623429.12,1278786.25,849.62,848.00,849.62,0.64,0.36,0.28,1
623521.38,1278786.25,836.63,835.00,836.63,0.64,0.36,0.28,1
623613.69,1278786.25,830.64,829.00,830.64,0.64,0.36,0.28,1
623705.94,1278786.25,820.65,819.00,820.65,0.64,0.36,0.28,1
623798.19,1278786.25,809.65,808.00,809.65,0.65,0.36,0.28,1
623890.50,1278786.25,802.66,801.00,802.66,0.63,0.35,0.27,1
623982.75,1278786.25,804.66,803.00,804.66,0.61,0.33,0.25,1
624075.06,1278786.25,812.65,811.00,812.65,0.60,0.32,0.24,1
624167.31,1278786.25,821.65,820.00,821.65,0.59,0.31,0.23,1
624259.62,1278786.25,835.64,834.00,835.64,0.60,0.32,0.24,1
624351.88,1278786.25,852.63,851.00,852.63,0.60,0.32,0.24,1
624444.19,1278786.25,863.61,862.00,863.61,0.61,0.33,0.25,1
624536.44,1278786.25,865.60,864.00,865.60,0.63,0.35,0.27,1
624628.69,1278786.25,857.59,856.00,857.59,0.63,0.35,0.27,1
624721.00,1278786.25,846.59,845.00,846.59,0.63,0.35,0.27,1
624813.25,1278786.25,843.58,842.00,843.58,0.62,0.35,0.27,1
624905.56,1278786.25,850.58,849.00,850.58,0.63,0.35,0.27,1
624997.81,1278786.25,854.58,853.00,854.58,0.63,0.36,0.28,1
625090.12,1278786.25,850.58,849.00,850.58,0.63,0.36,0.28,1
625182.38,1278786.25,846.58,845.00,846.58,0.63,0.35,0.27,1
625274.69,1278786.25,842.56,841.00,842.56,0.63,0.36,0.28,1
625366.94,1278786.25,839.54,838.00,839.54,0.58,0.30,0.23,1
625459.19,1278786.25,-9999.00,-9999.00,-9999.00,0.71,0.71,0.71,0
614385.88,1278694.00,-9999.00,-9999.00,-9999.00,0.71,0.71,0.71,0
614478.12,1278694.00,801.13,800.00,801.13,0.32,0.06,-0.01,1
614570.44,1278694.00,804.19,803.00,804.19,0.62,0.36,0.28,1
614662.69,1278694.00,811.18,810.00,811.18,0.62,0.36,0.28,1
614755.00,1278694.00,823.22,822.00,823.22,0.62,0.36,0.28,1
614847.25,1278694.00,836.30,835.00,836.30,0.62,0.36,0.28,1
614939.56,1278694.00,838.37,837.00,838.37,0.63,0.36,0.29,1
615031.81,1278694.00,821.40,820.00,821.40,0.64,0.36,0.29,1
615124.12,1278694.00,798.41,797.00,798.41,0.63,0.36,0.28,1
615216.38,1278694.00,781.41,780.00,781.41,0.63,0.36,0.28,1
615308.62,1278694.00,779.40,778.00,779.40,0.62,0.35,0.27,1
615400.94,1278694.00,787.36,786.00,787.36,0.61,0.34,0.26,1
615493.19,1278694.00,798.29,797.00,798.29,0.61,0.34,0.27,1
615585.50,1278694.00,807.18,806.00,807.18,0.61,0.35,0.27,1
615677.75,1278694.00,816.01,815.00,816.01,0.61,0.36,0.28,1
615770.06,1278694.00,823.81,823.00,823.81,0.62,0.38,0.31,1
615862.31,1278694.00,830.65,830.00,830.65,0.63,0.40,0.33,1
615954.62,1278694.00,845.55,845.00,845.55,0.64,0.41,0.35,1
616046.88,1278694.00,864.48,864.00,864.48,0.64,0.42,0.36,1
616139.12,1278694.00,879.45,879.00,879.45,0.68,0.46,0.40,1
616231.44,1278694.00,864.45,864.00,864.45,0.71,0.49,0.43,1
616323.69,1278694.00,834.47,834.00,834.47,0.70,0.48,0.42,1
616416.00,1278694.00,813.52,813.00,813.52,0.68,0.46,0.39,1
616508.25,1278694.00,800.60,800.00,800.60,0.66,0.43,0.37,1
616600.56,1278694.00,791.72,791.00,791.72,0.64,0.40,0.33,1
616692.81,1278694.00,798.88,798.00,798.88,0.62,0.37,0.30,1
616785.12,1278694.00,805.03,804.00,805.03,0.62,0.37,0.30,1
616877.38,1278694.00,813.12,812.00,813.12,0.64,0.38,0.31,1
616969.62,1278694.00,804.18,803.00,804.18,0.64,0.38,0.31,1
617061.94,1278694.00,796.20,795.00,796.20,0.63,0.36,0.29,1
617154.19,1278694.00,798.21,797.00,798.21,0.62,0.36,0.28,1
617246.50,1278694.00,800.20,799.00,800.20,0.63,0.36,0.29,1
617338.75,1278694.00,802.18,801.00,802.18,0.63,0.36,0.29,1
617431.06,1278694.00,806.12,805.00,806.12,0.62,0.36,0.29,1
617523.31,1278694.00,812.02,811.00,812.02,0.63,0.38,0.31,1
617615.62,1278694.00,810.88,810.00,810.88,0.65,0.40,0.33,1
617707.88,1278694.00,808.76,808.00,808.76,0.63,0.39,0.32,1
617800.12,1278694.00,820.69,820.00,820.69,0.63,0.40,0.33,1
617892.44,1278694.00,816.66,816.00,816.66,0.65,0.41,0.35,1
617984.69,1278694.00,820.64,820.00,820.64,0.63,0.40,0.33,1
618077.00,1278694.00,839.64,839.00,839.64,0.61,0.37,0.31,1
618169.25,1278694.00,861.65,861.00,861.65,0.61,0.38,0.31,1
618261.56,1278694.00,877.69,877.00,877.69,0.65,0.41,0.34,1
618353.81,1278694.00,873.76,873.00,873.76,0.68,0.44,0.37,1
618446.12,1278694.00,853.87,853.00,853.87,0.68,0.44,0.36,1
618538.38,1278694.00,838.03,837.00,838.03,0.67,0.42,0.34,1
618630.62,1278694.00,831.22,830.00,831.22,0.65,0.39,0.31,1
618722.94,1278694.00,831.36,830.00,831.36,0.65,0.38,0.30,1
618815.19,1278694.00,819.47,818.00,819.47,0.65,0.37,0.29,1
618907.50,1278694.00,821.53,820.00,821.53,0.63,0.36,0.28,1
618999.75,1278694.00,829.57,828.00,829.57,0.62,0.34,0.26,1
619092.06,1278694.00,841.59,840.00,841.59,0.63,0.35,0.28,1
619184.31,1278694.00,836.60,835.00,836.60,0.65,0.38,0.30,1
619276.62,1278694.00,823.59,822.00,823.59,0.65,0.37,0.29,1
619368.88,1278694.00,822.59,821.00,822.59,0.64,0.36,0.28,1
619461.19,1278694.00,821.58,820.00,821.58,0.65,0.37,0.29,1
619553.44,1278694.00,815.58,814.00,815.58,0.65,0.37,0.29,1
619645.69,1278694.00,818.58,817.00,818.58,0.64,0.36,0.29,1
619738.00,1278694.00,819.58,818.00,819.58,0.64,0.37,0.29,1
619830.25,1278694.00,812.58,811.00,812.58,0.64,0.36,0.28,1
619922.56,1278694.00,806.59,805.00,806.59,0.63,0.36,0.28,1
620014.81,1278694.00,806.60,805.00,806.60,0.64,0.36,0.28,1
620107.12,1278694.00,796.61,795.00,796.61,0.63,0.35,0.27,1
620199.38,1278694.00,798.62,797.00,798.62,0.62,0.34,0.26,1
620291.69,1278694.00,812.63,811.00,812.63,0.62,0.34,0.26,1
620383.94,1278694.00,812.64,811.00,812.64,0.64,0.36,0.28,1
620476.19,1278694.00,794.65,793.00,794.65,0.64,0.36,0.28,1
620568.50,1278694.00,780.65,779.00,780.65,0.64,0.36,0.28,1
620660.75,1278694.00,769.66,768.00,769.66,0.63,0.35,0.27,1
620753.06,1278694.00,770.66,769.00,770.66,0.61,0.33,0.25,1
620845.31,1278694.00,791.66,790.00,791.66,0.60,0.32,0.24,1
620937.62,1278694.00,813.66,812.00,813.66,0.60,0.32,0.24,1
621029.88,1278694.00,832.65,831.00,832.65,0.61,0.33,0.25,1
621122.19,1278694.00,828.66,827.00,828.66,0.62,0.34,0.26,1
621214.44,1278694.00,803.66,802.00,803.66,0.62,0.34,0.26,1
621306.69,1278694.00,789.65,788.00,789.65,0.61,0.33,0.25,1
621399.00,1278694.00,798.63,797.00,798.63,0.61,0.33,0.25,1
621491.25,1278694.00,820.61,819.00,820.61,0.60,0.32,0.24,1
621583.56,1278694.00,840.58,839.00,840.58,0.61,0.33,0.25,1
621675.81,1278694.00,847.54,846.00,847.54,0.62,0.34,0.26,1
621768.12,1278694.00,834.51,833.00,834.51,0.61,0.33,0.26,1
621860.38,1278694.00,822.48,821.00,822.48,0.62,0.34,0.26,1
621952.69,1278694.00,809.47,808.00,809.47,0.63,0.36,0.28,1
622044.94,1278694.00,805.45,804.00,805.45,0.63,0.35,0.28,1
622137.19,1278694.00,825.45,824.00,825.45,0.62,0.35,0.27,1
622229.50,1278694.00,830.45,829.00,830.45,0.63,0.36,0.28,1
622321.75,1278694.00,824.45,823.00,824.45,0.62,0.35,0.27,1
622414.06,1278694.00,824.45,823.00,824.45,0.60,0.33,0.25,1
622506.31,1278694.00,830.46,829.00,830.46,0.61,0.33,0.26,1
622598.62,1278694.00,824.47,823.00,824.47,0.62,0.34,0.27,1
622690.88,1278694.00,817.48,816.00,817.48,0.61,0.34,0.26,1
622783.19,1278694.00,817.50,816.00,817.50,0.60,0.33,0.25,1
622875.44,1278694.00,828.51,827.00,828.51,0.60,0.32,0.25,1
622967.69,1278694.00,839.52,838.00,839.52,0.61,0.33,0.25,1
623060.00,1278694.00,847.53,846.00,847.53,0.62,0.34,0.26,1
623152.25,1278694.00,855.55,854.00,855.55,0.62,0.34,0.26,1
623244.56,1278694.00,865.56,864.00,865.56,0.62,0.34,0.26,1
623336.81,1278694.00,862.57,861.00,862.57,0.63,0.35,0.27,1
623429.12,1278694.00,847.59,846.00,847.59,0.63,0.35,0.27,1
623521.38,1278694.00,838.61,837.00,838.61,0.64,0.36,0.28,1
623613.69,1278694.00,837.62,836.00,837.62,0.64,0.36,0.28,1
623705.94,1278694.00,833.63,832.00,833.63,0.64,0.36,0.28,1
623798.19,1278694.00,829.64,828.00,829.64,0.64,0.36,0.28,1
623890.50,1278694.00,818.65,817.00,818.65,0.64,0.36,0.28,1
623982.75,1278694.00,814.65,813.00,814.65,0.64,0.36,0.28,1
624075.06,1278694.00,812.65,811.00,812.65,0.63,0.35,0.27,1
624167.31,1278694.00,811.64,810.00,811.64,0.61,0.33,0.25,1
624259.62,1278694.00,829.63,828.00,829.63,0.59,0.31,0.23,1
624351.88,1278694.00,841.62,840.00,841.62,0.59,0.31,0.23,1
624444.19,1278694.00,850.61,849.00,850.61,0.59,0.31,0.23,1
624536.44,1278694.00,859.60,858.00,859.60,0.61,0.33,0.25,1
624628.69,1278694.00,851.59,850.00,851.59,0.62,0.34,0.26,1
624721.00,1278694.00,844.59,843.00,844.59,0.62,0.34,0.26,1
624813.25,1278694.00,851.59,850.00,851.59,0.61,0.34,0.26,1
624905.56,1278694.00,863.59,862.00,863.59,0.62,0.34,0.26,1
624997.81,1278694.00,864.60,863.00,864.60,0.63,0.35,0.27,1
625090.12,1278694.00,856.61,855.00,856.61,0.63,0.35,0.27,1
625182.38,1278694.00,849.64,848.00,849.64,0.63,0.35,0.27,1
625274.69,1278694.00,846.65,845.00,846.65,0.62,0.34,0.26,1
625366.94,1278694.00,846.65,845.00,846.65,0.58,0.30,0.22,1
625459.19,1278694.00,-9999.00,-9999.00,-9999.00,0.71,0.71,0.71,0
614385.88,1278601.75,-9999.00,-9999.00,-9999.00,0.71,0.71,0.71,0
614478.12,1278601.75,794.15,793.00,794.15,0.32,0.06,-0.01,1
614570.44,1278601.75,804.22,803.00,804.22,0.61,0.34,0.27,1
614662.69,1278601.75,818.22,817.00,818.22,0.61,0.34,0.27,1
614755.00,1278601.75,833.26,832.00,833.26,0.61,0.35,0.27,1
614847.25,1278601.75,839.32,838.00,839.32,0.62,0.36,0.28,1
614939.56,1278601.75,830.37,829.00,830.37,0.63,0.36,0.28,1
615031.81,1278601.75,808.40,807.00,808.40,0.63,0.36,0.28,1
615124.12,1278601.75,787.40,786.00,787.40,0.63,0.36,0.28,1
615216.38,1278601.75,777.40,776.00,777.40,0.63,0.36,0.28,1
615308.62,1278601.75,778.37,777.00,778.37,0.62,0.35,0.27,1
615400.94,1278601.75,785.32,784.00,785.32,0.62,0.35,0.27,1
615493.19,1278601.75,794.23,793.00,794.23,0.62,0.36,0.28,1
615585.50,1278601.75,801.10,800.00,801.10,0.62,0.36,0.29,1
615677.75,1278601.75,810.92,810.00,810.92,0.62,0.37,0.30,1
615770.06,1278601.75,828.71,828.00,828.71,0.61,0.38,0.31,1
615862.31,1278601.75,851.56,851.00,851.56,0.63,0.40,0.34,1
615954.62,1278601.75,873.45,873.00,873.45,0.64,0.42,0.36,1
616046.88,1278601.75,893.40,893.00,893.40,0.65,0.44,0.38,1
616139.12,1278601.75,904.38,904.00,904.38,0.69,0.48,0.42,1
616231.44,1278601.75,880.39,880.00,880.39,0.71,0.50,0.44,1
616323.69,1278601.75,844.43,844.00,844.43,0.70,0.48,0.42,1
616416.00,1278601.75,820.49,820.00,820.49,0.68,0.46,0.40,1
616508.25,1278601.75,805.58,805.00,805.58,0.66,0.44,0.37,1
616600.56,1278601.75,794.70,794.00,794.70,0.65,0.41,0.34,1
616692.81,1278601.75,797.87,797.00,797.87,0.62,0.38,0.31,1
616785.12,1278601.75,809.01,808.00,809.01,0.61,0.36,0.29,1
616877.38,1278601.75,824.11,823.00,824.11,0.64,0.38,0.30,1
616969.62,1278601.75,809.17,808.00,809.17,0.65,0.38,0.31,1
617061.94,1278601.75,797.20,796.00,797.20,0.64,0.37,0.30,1
617154.19,1278601.75,802.20,801.00,802.20,0.63,0.36,0.29,1
617246.50,1278601.75,809.20,808.00,809.20,0.63,0.37,0.29,1
617338.75,1278601.75,812.17,811.00,812.17,0.64,0.38,0.30,1
617431.06,1278601.75,813.12,812.00,813.12,0.64,0.38,0.30,1
617523.31,1278601.75,820.02,819.00,820.02,0.64,0.38,0.31,1
617615.62,1278601.75,825.89,825.00,825.89,0.66,0.41,0.34,1
617707.88,1278601.75,817.78,817.00,817.78,0.66,0.42,0.35,1
617800.12,1278601.75,822.71,822.00,822.71,0.63,0.39,0.33,1
617892.44,1278601.75,824.67,824.00,824.67,0.64,0.40,0.34,1
617984.69,1278601.75,830.66,830.00,830.66,0.63,0.40,0.33,1
618077.00,1278601.75,846.66,846.00,846.66,0.61,0.37,0.31,1
618169.25,1278601.75,871.67,871.00,871.67,0.60,0.37,0.30,1
618261.56,1278601.75,892.71,892.00,892.71,0.63,0.40,0.33,1
618353.81,1278601.75,891.78,891.00,891.78,0.67,0.43,0.36,1
618446.12,1278601.75,872.89,872.00,872.89,0.68,0.43,0.36,1
618538.38,1278601.75,863.05,862.00,863.05,0.67,0.41,0.34,1
618630.62,1278601.75,850.24,849.00,850.24,0.66,0.40,0.32,1
618722.94,1278601.75,842.40,841.00,842.40,0.64,0.37,0.30,1
618815.19,1278601.75,842.51,841.00,842.51,0.64,0.37,0.29,1
618907.50,1278601.75,844.58,843.00,844.58,0.64,0.36,0.28,1
618999.75,1278601.75,845.60,844.00,845.60,0.63,0.35,0.27,1
619092.06,1278601.75,862.61,861.00,862.61,0.63,0.35,0.27,1
619184.31,1278601.75,867.60,866.00,867.60,0.65,0.37,0.29,1
619276.62,1278601.75,853.59,852.00,853.59,0.66,0.38,0.30,1
619368.88,1278601.75,840.58,839.00,840.58,0.65,0.37,0.29,1
619461.19,1278601.75,838.57,837.00,838.57,0.64,0.36,0.28,1
619553.44,1278601.75,846.56,845.00,846.56,0.64,0.36,0.28,1
619645.69,1278601.75,845.55,844.00,845.55,0.64,0.36,0.29,1
619738.00,1278601.75,842.55,841.00,842.55,0.64,0.37,0.29,1
619830.25,1278601.75,831.55,830.00,831.55,0.65,0.37,0.29,1
619922.56,1278601.75,817.56,816.00,817.56,0.64,0.37,0.29,1
620014.81,1278601.75,812.57,811.00,812.57,0.64,0.36,0.28,1
620107.12,1278601.75,804.58,803.00,804.58,0.64,0.36,0.28,1
620199.38,1278601.75,804.60,803.00,804.60,0.63,0.35,0.27,1
620291.69,1278601.75,818.61,817.00,818.61,0.62,0.34,0.26,1
620383.94,1278601.75,817.62,816.00,817.62,0.63,0.35,0.27,1
620476.19,1278601.75,800.63,799.00,800.63,0.64,0.36,0.28,1
620568.50,1278601.75,785.64,784.00,785.64,0.64,0.36,0.28,1
620660.75,1278601.75,774.65,773.00,774.65,0.63,0.35,0.27,1
620753.06,1278601.75,775.65,774.00,775.65,0.61,0.33,0.25,1
620845.31,1278601.75,798.66,797.00,798.66,0.59,0.31,0.23,1
620937.62,1278601.75,820.66,819.00,820.66,0.60,0.32,0.24,1
621029.88,1278601.75,826.65,825.00,826.65,0.61,0.33,0.25,1
621122.19,1278601.75,813.66,812.00,813.66,0.62,0.34,0.26,1
621214.44,1278601.75,790.65,789.00,790.65,0.62,0.34,0.26,1
621306.69,1278601.75,783.65,782.00,783.65,0.61,0.33,0.25,1
621399.00,1278601.75,799.63,798.00,799.63,0.60,0.32,0.24,1
621491.25,1278601.75,820.61,819.00,820.61,0.59,0.32,0.24,1
621583.56,1278601.75,841.58,840.00,841.58,0.60,0.33,0.25,1
621675.81,1278601.75,838.55,837.00,838.55,0.62,0.35,0.27,1
621768.12,1278601.75,812.51,811.00,812.51,0.62,0.34,0.26,1
621860.38,1278601.75,801.49,800.00,801.49,0.61,0.33,0.25,1
621952.69,1278601.75,804.47,803.00,804.47,0.61,0.33,0.26,1
622044.94,1278601.75,821.46,820.00,821.46,0.61,0.34,0.26,1
622137.19,1278601.75,834.45,833.00,834.45,0.62,0.34,0.27,1
622229.50,1278601.75,832.45,831.00,832.45,0.62,0.35,0.27,1
622321.75,1278601.75,818.45,817.00,818.45,0.62,0.35,0.27,1
622414.06,1278601.75,812.45,811.00,812.45,0.61,0.34,0.26,1
622506.31,1278601.75,816.46,815.00,816.46,0.61,0.33,0.26,1
622598.62,1278601.75,810.46,809.00,810.46,0.62,0.34,0.26,1
622690.88,1278601.75,804.48,803.00,804.48,0.62,0.35,0.27,1
622783.19,1278601.75,809.49,808.00,809.49,0.62,0.34,0.27,1
622875.44,1278601.75,818.50,817.00,818.50,0.61,0.33,0.25,1
622967.69,1278601.75,831.51,830.00,831.51,0.60,0.32,0.24,1
623060.00,1278601.75,847.51,846.00,847.51,0.60,0.33,0.25,1
623152.25,1278601.75,857.52,856.00,857.52,0.61,0.34,0.26,1
623244.56,1278601.75,860.53,859.00,860.53,0.62,0.34,0.26,1
623336.81,1278601.75,855.54,854.00,855.54,0.62,0.34,0.26,1
623429.12,1278601.75,845.56,844.00,845.56,0.62,0.34,0.26,1
623521.38,1278601.75,855.58,854.00,855.58,0.62,0.34,0.26,1
623613.69,1278601.75,866.60,865.00,866.60,0.63,0.36,0.28,1
623705.94,1278601.75,863.61,862.00,863.61,0.65,0.37,0.29,1
623798.19,1278601.75,843.62,842.00,843.62,0.65,0.37,0.29,1
623890.50,1278601.75,830.63,829.00,830.63,0.64,0.36,0.28,1
623982.75,1278601.75,837.63,836.00,837.63,0.64,0.36,0.28,1
624075.06,1278601.75,828.63,827.00,828.63,0.64,0.36,0.28,1
624167.31,1278601.75,811.62,810.00,811.62,0.63,0.35,0.27,1
624259.62,1278601.75,814.62,813.00,814.62,0.61,0.33,0.25,1
624351.88,1278601.75,822.61,821.00,822.61,0.60,0.32,0.24,1
624444.19,1278601.75,832.60,831.00,832.60,0.60,0.32,0.24,1
624536.44,1278601.75,842.59,841.00,842.59,0.61,0.33,0.25,1
624628.69,1278601.75,842.59,841.00,842.59,0.62,0.34,0.26,1
624721.00,1278601.75,840.59,839.00,840.59,0.61,0.34,0.26,1
624813.25,1278601.75,849.59,848.00,849.59,0.60,0.32,0.25,1
624905.56,1278601.75,864.60,863.00,864.60,0.61,0.33,0.25,1
624997.81,1278601.75,866.61,865.00,866.61,0.63,0.35,0.27,1
625090.12,1278601.75,853.63,852.00,853.63,0.63,0.35,0.27,1
625182.38,1278601.75,844.67,843.00,844.67,0.62,0.33,0.25,1
625274.69,1278601.75,846.69,845.00,846.69,0.61,0.33,0.25,1
625366.94,1278601.75,848.69,847.00,848.69,0.58,0.30,0.22,1
625459.19,1278601.75,-9999.00,-9999.00,-9999.00,0.71,0.71,0.71,0
614385.88,1278509.50,-9999.00,-9999.00,-9999.00,0.71,0.71,0.71,0
614478.12,1278509.50,787.17,786.00,787.17,0.33,0.06,-0.01,1
614570.44,1278509.50,800.24,799.00,800.24,0.59,0.33,0.25,1
614662.69,1278509.50,817.25,816.00,817.25,0.59,0.33,0.25,1
614755.00,1278509.50,829.29,828.00,829.29,0.59,0.33,0.25,1
614847.25,1278509.50,832.34,831.00,832.34,0.61,0.34,0.26,1
614939.56,1278509.50,818.38,817.00,818.38,0.62,0.35,0.28,1
615031.81,1278509.50,793.39,792.00,793.39,0.63,0.36,0.28,1
615124.12,1278509.50,781.39,780.00,781.39,0.63,0.36,0.28,1
615216.38,1278509.50,780.38,779.00,780.38,0.62,0.35,0.27,1
615308.62,1278509.50,783.35,782.00,783.35,0.62,0.35,0.27,1
615400.94,1278509.50,794.29,793.00,794.29,0.62,0.35,0.27,1
615493.19,1278509.50,808.19,807.00,808.19,0.62,0.36,0.29,1
615585.50,1278509.50,819.04,818.00,819.04,0.63,0.38,0.31,1
615677.75,1278509.50,828.84,828.00,828.84,0.63,0.39,0.32,1
615770.06,1278509.50,850.64,850.00,850.64,0.61,0.38,0.32,1
615862.31,1278509.50,880.49,880.00,880.49,0.61,0.39,0.33,1
615954.62,1278509.50,905.39,905.00,905.39,0.62,0.41,0.35,1
616046.88,1278509.50,923.35,923.00,923.35,0.66,0.45,0.39,1
616139.12,1278509.50,921.34,921.00,921.34,0.70,0.49,0.43,1
616231.44,1278509.50,883.35,883.00,883.35,0.70,0.49,0.43,1
616323.69,1278509.50,844.41,844.00,844.41,0.69,0.47,0.41,1
616416.00,1278509.50,821.48,821.00,821.48,0.67,0.45,0.39,1
616508.25,1278509.50,806.57,806.00,806.57,0.66,0.43,0.37,1
616600.56,1278509.50,797.69,797.00,797.69,0.65,0.41,0.34,1
616692.81,1278509.50,801.86,801.00,801.86,0.63,0.38,0.31,1
616785.12,1278509.50,815.01,814.00,815.01,0.62,0.37,0.29,1
616877.38,1278509.50,828.11,827.00,828.11,0.64,0.38,0.31,1
616969.62,1278509.50,809.17,808.00,809.17,0.64,0.38,0.31,1
617061.94,1278509.50,802.20,801.00,802.20,0.64,0.37,0.30,1
617154.19,1278509.50,810.20,809.00,810.20,0.62,0.36,0.29,1
617246.50,1278509.50,821.20,820.00,821.20,0.63,0.37,0.29,1
617338.75,1278509.50,826.18,825.00,826.18,0.64,0.38,0.30,1
617431.06,1278509.50,828.13,827.00,828.13,0.63,0.37,0.30,1
617523.31,1278509.50,837.04,836.00,837.04,0.63,0.38,0.30,1
617615.62,1278509.50,846.91,846.00,846.91,0.65,0.40,0.33,1
617707.88,1278509.50,838.81,838.00,838.81,0.67,0.43,0.36,1
617800.12,1278509.50,825.75,825.00,825.75,0.65,0.41,0.34,1
617892.44,1278509.50,829.72,829.00,829.72,0.63,0.39,0.33,1
617984.69,1278509.50,840.71,840.00,840.71,0.63,0.39,0.32,1
618077.00,1278509.50,855.71,855.00,855.71,0.61,0.37,0.31,1
618169.25,1278509.50,880.72,880.00,880.72,0.60,0.36,0.30,1
618261.56,1278509.50,899.75,899.00,899.75,0.62,0.38,0.31,1
618353.81,1278509.50,901.81,901.00,901.81,0.66,0.41,0.34,1
618446.12,1278509.50,895.92,895.00,895.92,0.67,0.42,0.35,1
618538.38,1278509.50,887.08,886.00,887.08,0.67,0.41,0.34,1
618630.62,1278509.50,873.28,872.00,873.28,0.67,0.40,0.32,1
618722.94,1278509.50,862.46,861.00,862.46,0.65,0.37,0.30,1
618815.19,1278509.50,869.57,868.00,869.57,0.64,0.36,0.28,1
618907.50,1278509.50,871.63,870.00,871.63,0.64,0.36,0.28,1
618999.75,1278509.50,871.64,870.00,871.64,0.64,0.36,0.28,1
619092.06,1278509.50,877.63,876.00,877.63,0.63,0.35,0.27,1
619184.31,1278509.50,887.61,886.00,887.61,0.64,0.36,0.28,1
619276.62,1278509.50,876.59,875.00,876.59,0.65,0.38,0.30,1
619368.88,1278509.50,855.56,854.00,855.56,0.65,0.37,0.29,1
619461.19,1278509.50,858.54,857.00,858.54,0.63,0.36,0.28,1
619553.44,1278509.50,861.53,860.00,861.53,0.63,0.36,0.28,1
619645.69,1278509.50,856.52,855.00,856.52,0.64,0.36,0.28,1
619738.00,1278509.50,846.52,845.00,846.52,0.63,0.36,0.28,1
619830.25,1278509.50,839.52,838.00,839.52,0.64,0.36,0.28,1
619922.56,1278509.50,828.52,827.00,828.52,0.64,0.36,0.29,1
620014.81,1278509.50,820.53,819.00,820.53,0.64,0.36,0.28,1
620107.12,1278509.50,823.54,822.00,823.54,0.64,0.36,0.28,1
620199.38,1278509.50,826.56,825.00,826.56,0.64,0.36,0.28,1
620291.69,1278509.50,826.58,825.00,826.58,0.64,0.36,0.28,1
620383.94,1278509.50,810.60,809.00,810.60,0.63,0.35,0.27,1
620476.19,1278509.50,795.62,794.00,795.62,0.63,0.35,0.27,1
620568.50,1278509.50,784.63,783.00,784.63,0.63,0.35,0.27,1
620660.75,1278509.50,777.64,776.00,777.64,0.63,0.35,0.27,1
620753.06,1278509.50,776.65,775.00,776.65,0.61,0.33,0.25,1
620845.31,1278509.50,793.65,792.00,793.65,0.59,0.31,0.23,1
620937.62,1278509.50,808.66,807.00,808.66,0.59,0.31,0.23,1
621029.88,1278509.50,809.66,808.00,809.66,0.60,0.32,0.24,1
621122.19,1278509.50,793.66,792.00,793.66,0.61,0.33,0.25,1
621214.44,1278509.50,777.65,776.00,777.65,0.62,0.34,0.26,1
621306.69,1278509.50,785.65,784.00,785.65,0.61,0.33,0.25,1
621399.00,1278509.50,805.64,804.00,805.64,0.61,0.33,0.25,1
621491.25,1278509.50,818.62,817.00,818.62,0.60,0.32,0.24,1
621583.56,1278509.50,830.59,829.00,830.59,0.60,0.32,0.24,1
621675.81,1278509.50,824.55,823.00,824.55,0.62,0.34,0.26,1
621768.12,1278509.50,801.52,800.00,801.52,0.62,0.35,0.27,1
621860.38,1278509.50,790.50,789.00,790.50,0.61,0.33,0.25,1
621952.69,1278509.50,805.48,804.00,805.48,0.60,0.33,0.25,1
622044.94,1278509.50,823.47,822.00,823.47,0.60,0.33,0.25,1
622137.19,1278509.50,826.46,825.00,826.46,0.61,0.34,0.26,1
622229.50,1278509.50,815.46,814.00,815.46,0.62,0.34,0.27,1
622321.75,1278509.50,802.46,801.00,802.46,0.61,0.34,0.26,1
622414.06,1278509.50,801.46,800.00,801.46,0.61,0.34,0.26,1
622506.31,1278509.50,803.46,802.00,803.46,0.62,0.34,0.27,1
622598.62,1278509.50,801.48,800.00,801.48,0.62,0.35,0.27,1
622690.88,1278509.50,812.49,811.00,812.49,0.62,0.34,0.26,1
622783.19,1278509.50,826.49,825.00,826.49,0.62,0.35,0.27,1
622875.44,1278509.50,826.50,825.00,826.50,0.62,0.35,0.27,1
622967.69,1278509.50,826.49,825.00,826.49,0.61,0.33,0.25,1
623060.00,1278509.50,844.50,843.00,844.50,0.60,0.33,0.25,1
623152.25,1278509.50,856.50,855.00,856.50,0.62,0.35,0.27,1
623244.56,1278509.50,853.51,852.00,853.51,0.63,0.35,0.27,1
623336.81,1278509.50,846.51,845.00,846.51,0.62,0.35,0.27,1
623429.12,1278509.50,843.53,842.00,843.53,0.61,0.34,0.26,1
623521.38,1278509.50,862.54,861.00,862.54,0.60,0.33,0.25,1
623613.69,1278509.50,875.56,874.00,875.56,0.62,0.34,0.26,1
623705.94,1278509.50,873.58,872.00,873.58,0.64,0.36,0.28,1
623798.19,1278509.50,849.59,848.00,849.59,0.64,0.36,0.28,1
623890.50,1278509.50,846.60,845.00,846.60,0.63,0.35,0.27,1
623982.75,1278509.50,850.60,849.00,850.60,0.63,0.35,0.27,1
624075.06,1278509.50,830.61,829.00,830.61,0.64,0.36,0.28,1
624167.31,1278509.50,814.60,813.00,814.60,0.63,0.36,0.28,1
624259.62,1278509.50,818.61,817.00,818.61,0.62,0.34,0.26,1
624351.88,1278509.50,828.60,827.00,828.60,0.61,0.34,0.26,1
624444.19,1278509.50,839.59,838.00,839.59,0.62,0.34,0.26,1
624536.44,1278509.50,844.59,843.00,844.59,0.62,0.34,0.26,1
624628.69,1278509.50,841.59,840.00,841.59,0.63,0.35,0.27,1
624721.00,1278509.50,838.59,837.00,838.59,0.62,0.34,0.26,1
624813.25,1278509.50,844.59,843.00,844.59,0.60,0.33,0.25,1
624905.56,1278509.50,858.60,857.00,858.60,0.60,0.33,0.25,1
624997.81,1278509.50,863.61,862.00,863.61,0.62,0.34,0.27,1
625090.12,1278509.50,846.64,845.00,846.64,0.63,0.35,0.27,1
625182.38,1278509.50,833.68,832.00,833.68,0.62,0.34,0.26,1
625274.69,1278509.50,832.70,831.00,832.70,0.61,0.33,0.25,1
625366.94,1278509.50,832.70,831.00,832.70,0.58,0.30,0.22,1
625459.19,1278509.50,-9999.00,-9999.00,-9999.00,0.71,0.71,0.71,0
614385.88,1278417.25,-9999.00,-9999.00,-9999.00,0.71,0.71,0.71,0
614478.12,1278417.25,783.19,782.00,783.19,0.33,0.07,-0.01,1
614570.44,1278417.25,788.27,787.00,788.27,0.60,0.33,0.26,1
614662.69,1278417.25,798.27,797.00,798.27,0.59,0.32,0.24,1
614755.00,1278417.25,804.31,803.00,804.31,0.58,0.32,0.24,1
614847.25,1278417.25,807.35,806.00,807.35,0.59,0.32,0.24,1
614939.56,1278417.25,802.38,801.00,802.38,0.61,0.34,0.26,1
615031.81,1278417.25,786.39,785.00,786.39,0.63,0.36,0.28,1
615124.12,1278417.25,779.39,778.00,779.39,0.63,0.36,0.28,1
615216.38,1278417.25,777.38,776.00,777.38,0.62,0.35,0.27,1
615308.62,1278417.25,781.34,780.00,781.34,0.61,0.34,0.27,1
615400.94,1278417.25,798.27,797.00,798.27,0.60,0.34,0.26,1
615493.19,1278417.25,820.16,819.00,820.16,0.61,0.35,0.27,1
615585.50,1278417.25,838.01,837.00,838.01,0.61,0.36,0.29,1
615677.75,1278417.25,858.80,858.00,858.80,0.62,0.38,0.31,1
615770.06,1278417.25,874.60,874.00,874.60,0.61,0.38,0.32,1
615862.31,1278417.25,893.45,893.00,893.45,0.59,0.37,0.31,1
615954.62,1278417.25,910.37,910.00,910.37,0.58,0.37,0.31,1
616046.88,1278417.25,926.34,926.00,926.34,0.61,0.41,0.35,1
616139.12,1278417.25,921.33,921.00,921.33,0.67,0.47,0.41,1
616231.44,1278417.25,878.34,878.00,878.34,0.69,0.49,0.43,1
616323.69,1278417.25,839.40,839.00,839.40,0.68,0.47,0.41,1
616416.00,1278417.25,818.47,818.00,818.47,0.67,0.45,0.39,1
616508.25,1278417.25,808.55,808.00,808.55,0.66,0.44,0.37,1
616600.56,1278417.25,804.68,804.00,804.68,0.65,0.42,0.35,1
616692.81,1278417.25,811.85,811.00,811.85,0.63,0.38,0.31,1
616785.12,1278417.25,825.01,824.00,825.01,0.62,0.37,0.30,1
616877.38,1278417.25,835.11,834.00,835.11,0.64,0.39,0.31,1
616969.62,1278417.25,810.17,809.00,810.17,0.65,0.39,0.31,1
617061.94,1278417.25,814.20,813.00,814.20,0.64,0.37,0.30,1
617154.19,1278417.25,821.20,820.00,821.20,0.63,0.37,0.29,1
617246.50,1278417.25,832.20,831.00,832.20,0.63,0.37,0.29,1
617338.75,1278417.25,839.18,838.00,839.18,0.64,0.38,0.30,1
617431.06,1278417.25,837.14,836.00,837.14,0.63,0.37,0.30,1
617523.31,1278417.25,848.07,847.00,848.07,0.62,0.36,0.29,1
617615.62,1278417.25,858.96,858.00,858.96,0.64,0.38,0.31,1
617707.88,1278417.25,850.88,850.00,850.88,0.66,0.41,0.34,1
617800.12,1278417.25,836.82,836.00,836.82,0.66,0.42,0.35,1
617892.44,1278417.25,837.79,837.00,837.79,0.64,0.40,0.33,1
617984.69,1278417.25,853.78,853.00,853.78,0.63,0.39,0.32,1
618077.00,1278417.25,868.78,868.00,868.78,0.63,0.39,0.32,1
618169.25,1278417.25,885.79,885.00,885.79,0.62,0.38,0.31,1
618261.56,1278417.25,903.82,903.00,903.82,0.62,0.37,0.30,1
618353.81,1278417.25,919.88,919.00,919.88,0.64,0.39,0.32,1
618446.12,1278417.25,919.98,919.00,919.98,0.66,0.41,0.34,1
618538.38,1278417.25,913.13,912.00,913.13,0.66,0.40,0.33,1
618630.62,1278417.25,906.33,905.00,906.33,0.67,0.40,0.32,1
618722.94,1278417.25,889.49,888.00,889.49,0.65,0.38,0.30,1
618815.19,1278417.25,900.59,899.00,900.59,0.64,0.36,0.28,1
618907.50,1278417.25,905.63,904.00,905.63,0.65,0.37,0.29,1
618999.75,1278417.25,899.63,898.00,899.63,0.65,0.37,0.29,1
619092.06,1278417.25,896.63,895.00,896.63,0.64,0.36,0.28,1
619184.31,1278417.25,901.61,900.00,901.61,0.64,0.36,0.28,1
619276.62,1278417.25,891.58,890.00,891.58,0.65,0.37,0.29,1
619368.88,1278417.25,869.54,868.00,869.54,0.65,0.37,0.29,1
619461.19,1278417.25,871.52,870.00,871.52,0.64,0.36,0.28,1
619553.44,1278417.25,867.49,866.00,867.49,0.64,0.36,0.28,1
619645.69,1278417.25,859.48,858.00,859.48,0.64,0.36,0.28,1
619738.00,1278417.25,847.47,846.00,847.47,0.64,0.36,0.28,1
619830.25,1278417.25,840.47,839.00,840.47,0.63,0.36,0.28,1
619922.56,1278417.25,833.47,832.00,833.47,0.63,0.36,0.28,1
620014.81,1278417.25,832.48,831.00,832.48,0.63,0.35,0.28,1
620107.12,1278417.25,844.49,843.00,844.49,0.63,0.36,0.28,1
620199.38,1278417.25,843.51,842.00,843.51,0.64,0.36,0.28,1
620291.69,1278417.25,828.54,827.00,828.54,0.64,0.36,0.28,1
620383.94,1278417.25,807.57,806.00,807.57,0.64,0.36,0.28,1
620476.19,1278417.25,787.60,786.00,787.60,0.63,0.35,0.27,1
620568.50,1278417.25,776.62,775.00,776.62,0.63,0.35,0.27,1
620660.75,1278417.25,775.64,774.00,775.64,0.62,0.34,0.26,1
620753.06,1278417.25,774.65,773.00,774.65,0.62,0.34,0.26,1
620845.31,1278417.25,778.65,777.00,778.65,0.61,0.33,0.25,1
620937.62,1278417.25,784.66,783.00,784.66,0.60,0.32,0.24,1
621029.88,1278417.25,784.66,783.00,784.66,0.60,0.32,0.24,1
621122.19,1278417.25,777.66,776.00,777.66,0.61,0.33,0.25,1
621214.44,1278417.25,776.66,775.00,776.66,0.61,0.33,0.25,1
621306.69,1278417.25,798.65,797.00,798.65,0.60,0.32,0.24,1
621399.00,1278417.25,816.64,815.00,816.64,0.61,0.33,0.25,1
621491.25,1278417.25,813.62,812.00,813.62,0.61,0.33,0.25,1
621583.56,1278417.25,809.60,808.00,809.60,0.60,0.32,0.24,1
621675.81,1278417.25,806.57,805.00,806.57,0.60,0.33,0.25,1
621768.12,1278417.25,789.54,788.00,789.54,0.62,0.34,0.26,1
621860.38,1278417.25,781.51,780.00,781.51,0.60,0.33,0.25,1
621952.69,1278417.25,802.50,801.00,802.50,0.59,0.31,0.24,1
622044.94,1278417.25,812.49,811.00,812.49,0.60,0.32,0.24,1
622137.19,1278417.25,813.48,812.00,813.48,0.61,0.33,0.26,1
622229.50,1278417.25,803.48,802.00,803.48,0.62,0.35,0.27,1
622321.75,1278417.25,790.47,789.00,790.47,0.62,0.35,0.27,1
622414.06,1278417.25,797.48,796.00,797.48,0.62,0.35,0.27,1
622506.31,1278417.25,806.48,805.00,806.48,0.62,0.35,0.27,1
622598.62,1278417.25,816.49,815.00,816.49,0.63,0.35,0.27,1
622690.88,1278417.25,825.48,824.00,825.48,0.62,0.35,0.27,1
622783.19,1278417.25,826.49,825.00,826.49,0.62,0.34,0.26,1
622875.44,1278417.25,820.49,819.00,820.49,0.61,0.34,0.26,1
622967.69,1278417.25,821.49,820.00,821.49,0.61,0.33,0.25,1
623060.00,1278417.25,843.48,842.00,843.48,0.60,0.32,0.25,1
623152.25,1278417.25,862.48,861.00,862.48,0.62,0.34,0.26,1
623244.56,1278417.25,856.48,855.00,856.48,0.63,0.36,0.28,1
623336.81,1278417.25,845.48,844.00,845.48,0.63,0.36,0.28,1
623429.12,1278417.25,844.49,843.00,844.49,0.62,0.34,0.26,1
623521.38,1278417.25,859.51,858.00,859.51,0.60,0.32,0.24,1
623613.69,1278417.25,874.53,873.00,874.53,0.61,0.33,0.26,1
623705.94,1278417.25,869.54,868.00,869.54,0.63,0.35,0.27,1
623798.19,1278417.25,851.56,850.00,851.56,0.63,0.36,0.28,1
623890.50,1278417.25,851.57,850.00,851.57,0.63,0.35,0.27,1
623982.75,1278417.25,841.57,840.00,841.57,0.63,0.35,0.27,1
624075.06,1278417.25,823.58,822.00,823.58,0.63,0.36,0.28,1
624167.31,1278417.25,823.59,822.00,823.59,0.63,0.35,0.27,1
624259.62,1278417.25,831.59,830.00,831.59,0.63,0.35,0.27,1
624351.88,1278417.25,832.58,831.00,832.58,0.63,0.35,0.27,1
624444.19,1278417.25,837.58,836.00,837.58,0.62,0.34,0.27,1
624536.44,1278417.25,845.58,844.00,845.58,0.62,0.34,0.26,1
624628.69,1278417.25,845.58,844.00,845.58,0.63,0.35,0.27,1
624721.00,1278417.25,839.59,838.00,839.59,0.63,0.35,0.27,1
624813.25,1278417.25,841.59,840.00,841.59,0.61,0.33,0.25,1
624905.56,1278417.25,854.60,853.00,854.60,0.60,0.33,0.25,1
624997.81,1278417.25,859.61,858.00,859.61,0.62,0.34,0.26,1
625090.12,1278417.25,843.64,842.00,843.64,0.63,0.35,0.27,1
625182.38,1278417.25,828.68,827.00,828.68,0.63,0.35,0.27,1
625274.69,1278417.25,826.70,825.00,826.70,0.62,0.34,0.26,1
625366.94,1278417.25,830.70,829.00,830.70,0.58,0.30,0.22,1
625459.19,1278417.25,-9999.00,-9999.00,-9999.00,0.71,0.71,0.71,0
614385.88,1278324.88,-9999.00,-9999.00,-9999.00,0.71,0.71,0.71,0
614478.12,1278324.88,779.21,778.00,779.21,0.33,0.07,-0.01,1
614570.44,1278324.88,776.29,775.00,776.29,0.61,0.35,0.27,1
614662.69,1278324.88,778.29,777.00,778.29,0.60,0.34,0.26,1
614755.00,1278324.88,781.32,780.00,781.32,0.61,0.34,0.26,1
614847.25,1278324.88,782.36,781.00,782.36,0.61,0.34,0.26,1
614939.56,1278324.88,783.38,782.00,783.38,0.61,0.34,0.26,1
615031.81,1278324.88,786.39,785.00,786.39,0.62,0.35,0.28,1
615124.12,1278324.88,785.39,784.00,785.39,0.63,0.36,0.28,1
615216.38,1278324.88,778.37,777.00,778.37,0.63,0.36,0.28,1
615308.62,1278324.88,784.33,783.00,784.33,0.61,0.34,0.27,1
615400.94,1278324.88,804.26,803.00,804.26,0.60,0.33,0.26,1
615493.19,1278324.88,826.15,825.00,826.15,0.60,0.34,0.26,1
615585.50,1278324.88,842.99,842.00,842.99,0.60,0.35,0.27,1
615677.75,1278324.88,856.79,856.00,856.79,0.59,0.35,0.28,1
615770.06,1278324.88,863.59,863.00,863.59,0.58,0.35,0.28,1
615862.31,1278324.88,873.45,873.00,873.45,0.55,0.34,0.27,1
615954.62,1278324.88,886.37,886.00,886.37,0.53,0.33,0.27,1
616046.88,1278324.88,905.34,905.00,905.34,0.56,0.35,0.30,1
616139.12,1278324.88,907.33,907.00,907.33,0.63,0.43,0.37,1
616231.44,1278324.88,872.34,872.00,872.34,0.69,0.48,0.42,1
616323.69,1278324.88,836.39,836.00,836.39,0.69,0.48,0.42,1
616416.00,1278324.88,824.46,824.00,824.46,0.67,0.45,0.39,1
616508.25,1278324.88,822.55,822.00,822.55,0.67,0.45,0.38,1
616600.56,1278324.88,819.68,819.00,819.68,0.67,0.43,0.36,1
616692.81,1278324.88,821.85,821.00,821.85,0.65,0.40,0.33,1
616785.12,1278324.88,832.01,831.00,832.01,0.63,0.38,0.31,1
616877.38,1278324.88,840.11,839.00,840.11,0.65,0.39,0.31,1
616969.62,1278324.88,826.18,825.00,826.18,0.66,0.39,0.32,1
617061.94,1278324.88,834.20,833.00,834.20,0.64,0.38,0.30,1
617154.19,1278324.88,840.21,839.00,840.21,0.64,0.38,0.30,1
617246.50,1278324.88,851.20,850.00,851.20,0.64,0.38,0.30,1
617338.75,1278324.88,852.20,851.00,852.20,0.64,0.38,0.31,1
617431.06,1278324.88,843.17,842.00,843.17,0.64,0.37,0.30,1
617523.31,1278324.88,852.12,851.00,852.12,0.62,0.36,0.29,1
617615.62,1278324.88,858.04,857.00,858.04,0.63,0.38,0.31,1
617707.88,1278324.88,850.97,850.00,850.97,0.65,0.39,0.32,1
617800.12,1278324.88,849.93,849.00,849.93,0.65,0.40,0.32,1
617892.44,1278324.88,859.91,859.00,859.91,0.64,0.39,0.32,1
617984.69,1278324.88,879.90,879.00,879.90,0.63,0.38,0.31,1
618077.00,1278324.88,892.90,892.00,892.90,0.64,0.39,0.32,1
618169.25,1278324.88,906.91,906.00,906.91,0.64,0.39,0.32,1
618261.56,1278324.88,919.93,919.00,919.93,0.63,0.38,0.30,1
618353.81,1278324.88,937.98,937.00,937.98,0.63,0.38,0.31,1
618446.12,1278324.88,946.07,945.00,946.07,0.66,0.40,0.33,1
618538.38,1278324.88,939.21,938.00,939.21,0.66,0.40,0.32,1
618630.62,1278324.88,934.37,933.00,934.37,0.66,0.39,0.31,1
618722.94,1278324.88,917.50,916.00,917.50,0.65,0.38,0.30,1
618815.19,1278324.88,928.58,927.00,928.58,0.63,0.35,0.27,1
618907.50,1278324.88,943.61,942.00,943.61,0.64,0.36,0.28,1
618999.75,1278324.88,935.62,934.00,935.62,0.66,0.38,0.30,1
619092.06,1278324.88,921.62,920.00,921.62,0.65,0.37,0.29,1
619184.31,1278324.88,916.60,915.00,916.60,0.64,0.36,0.28,1
619276.62,1278324.88,905.56,904.00,905.56,0.65,0.37,0.29,1
619368.88,1278324.88,889.52,888.00,889.52,0.65,0.37,0.30,1
619461.19,1278324.88,885.49,884.00,885.49,0.64,0.37,0.29,1
619553.44,1278324.88,875.47,874.00,875.47,0.64,0.37,0.29,1
619645.69,1278324.88,863.46,862.00,863.46,0.64,0.37,0.29,1
619738.00,1278324.88,852.45,851.00,852.45,0.64,0.37,0.29,1
619830.25,1278324.88,847.44,846.00,847.44,0.64,0.37,0.29,1
619922.56,1278324.88,838.44,837.00,838.44,0.64,0.36,0.28,1
620014.81,1278324.88,842.44,841.00,842.44,0.63,0.36,0.28,1
620107.12,1278324.88,850.45,849.00,850.45,0.63,0.36,0.28,1
620199.38,1278324.88,840.47,839.00,840.47,0.64,0.36,0.29,1
620291.69,1278324.88,822.50,821.00,822.50,0.64,0.36,0.28,1
620383.94,1278324.88,804.55,803.00,804.55,0.64,0.36,0.28,1
620476.19,1278324.88,789.59,788.00,789.59,0.64,0.36,0.28,1
620568.50,1278324.88,786.62,785.00,786.62,0.64,0.36,0.28,1
620660.75,1278324.88,777.64,776.00,777.64,0.63,0.35,0.27,1
620753.06,1278324.88,775.65,774.00,775.65,0.63,0.35,0.27,1
620845.31,1278324.88,778.65,777.00,778.65,0.62,0.34,0.26,1
620937.62,1278324.88,779.66,778.00,779.66,0.62,0.34,0.26,1
621029.88,1278324.88,772.66,771.00,772.66,0.62,0.34,0.26,1
621122.19,1278324.88,766.66,765.00,766.66,0.62,0.34,0.26,1
621214.44,1278324.88,773.66,772.00,773.66,0.60,0.32,0.24,1
621306.69,1278324.88,793.65,792.00,793.65,0.59,0.31,0.23,1
621399.00,1278324.88,807.64,806.00,807.64,0.60,0.32,0.24,1
621491.25,1278324.88,796.63,795.00,796.63,0.61,0.33,0.25,1
621583.56,1278324.88,787.62,786.00,787.62,0.61,0.33,0.25,1
621675.81,1278324.88,781.59,780.00,781.59,0.61,0.33,0.25,1
621768.12,1278324.88,774.57,773.00,774.57,0.62,0.35,0.27,1
621860.38,1278324.88,773.55,772.00,773.55,0.62,0.34,0.26,1
621952.69,1278324.88,784.53,783.00,784.53,0.60,0.32,0.24,1
622044.94,1278324.88,793.52,792.00,793.52,0.59,0.32,0.24,1
622137.19,1278324.88,797.52,796.00,797.52,0.60,0.33,0.25,1
622229.50,1278324.88,791.51,790.00,791.51,0.61,0.33,0.25,1
622321.75,1278324.88,794.51,793.00,794.51,0.61,0.33,0.25,1
622414.06,1278324.88,813.50,812.00,813.50,0.60,0.33,0.25,1
622506.31,1278324.88,825.50,824.00,825.50,0.61,0.34,0.26,1
622598.62,1278324.88,832.50,831.00,832.50,0.63,0.35,0.27,1
622690.88,1278324.88,822.49,821.00,822.49,0.62,0.35,0.27,1
622783.19,1278324.88,811.49,810.00,811.49,0.61,0.34,0.26,1
622875.44,1278324.88,808.49,807.00,808.49,0.61,0.33,0.25,1
622967.69,1278324.88,821.48,820.00,821.48,0.60,0.32,0.25,1
623060.00,1278324.88,848.47,847.00,848.47,0.60,0.32,0.25,1
623152.25,1278324.88,858.46,857.00,858.46,0.61,0.33,0.25,1
623244.56,1278324.88,856.46,855.00,856.46,0.62,0.35,0.27,1
623336.81,1278324.88,852.45,851.00,852.45,0.64,0.36,0.29,1
623429.12,1278324.88,845.46,844.00,845.46,0.63,0.35,0.27,1
623521.38,1278324.88,851.47,850.00,851.47,0.60,0.33,0.25,1
623613.69,1278324.88,865.48,864.00,865.48,0.60,0.33,0.25,1
623705.94,1278324.88,866.50,865.00,866.50,0.63,0.35,0.27,1
623798.19,1278324.88,854.51,853.00,854.51,0.63,0.36,0.28,1
623890.50,1278324.88,843.52,842.00,843.52,0.63,0.35,0.27,1
623982.75,1278324.88,834.53,833.00,834.53,0.63,0.36,0.28,1
624075.06,1278324.88,834.54,833.00,834.54,0.64,0.36,0.28,1
624167.31,1278324.88,834.56,833.00,834.56,0.63,0.36,0.28,1
624259.62,1278324.88,839.56,838.00,839.56,0.62,0.35,0.27,1
624351.88,1278324.88,850.57,849.00,850.57,0.63,0.35,0.27,1
624444.19,1278324.88,855.57,854.00,855.57,0.63,0.36,0.28,1
624536.44,1278324.88,851.57,850.00,851.57,0.63,0.35,0.27,1
624628.69,1278324.88,849.57,848.00,849.57,0.63,0.35,0.28,1
624721.00,1278324.88,844.58,843.00,844.58,0.63,0.35,0.27,1
624813.25,1278324.88,840.58,839.00,840.58,0.62,0.34,0.26,1
624905.56,1278324.88,848.59,847.00,848.59,0.60,0.32,0.24,1
624997.81,1278324.88,851.60,850.00,851.60,0.61,0.33,0.25,1
625090.12,1278324.88,841.63,840.00,841.63,0.62,0.34,0.26,1
625182.38,1278324.88,830.67,829.00,830.67,0.62,0.34,0.26,1
625274.69,1278324.88,839.70,838.00,839.70,0.62,0.33,0.25,1
625366.94,1278324.88,850.70,849.00,850.70,0.58,0.30,0.22,1
625459.19,1278324.88,-9999.00,-9999.00,-9999.00,0.71,0.71,0.71,0
614385.88,1278232.62,-9999.00,-9999.00,-9999.00,0.71,0.71,0.71,0
614478.12,1278232.62,768.22,767.00,768.22,0.33,0.07,-0.01,1
614570.44,1278232.62,769.30,768.00,769.30,0.62,0.35,0.27,1
614662.69,1278232.62,773.31,772.00,773.31,0.62,0.35,0.27,1
614755.00,1278232.62,782.33,781.00,782.33,0.62,0.35,0.28,1
614847.25,1278232.62,783.36,782.00,783.36,0.63,0.36,0.28,1
614939.56,1278232.62,782.38,781.00,782.38,0.62,0.35,0.27,1
615031.81,1278232.62,789.39,788.00,789.39,0.63,0.35,0.28,1
615124.12,1278232.62,786.38,785.00,786.38,0.63,0.36,0.28,1
615216.38,1278232.62,781.37,780.00,781.37,0.63,0.36,0.28,1
615308.62,1278232.62,790.33,789.00,790.33,0.61,0.34,0.27,1
615400.94,1278232.62,807.26,806.00,807.26,0.60,0.34,0.26,1
615493.19,1278232.62,824.14,823.00,824.14,0.60,0.34,0.26,1
615585.50,1278232.62,832.99,832.00,832.99,0.60,0.34,0.27,1
615677.75,1278232.62,832.78,832.00,832.78,0.59,0.34,0.27,1
615770.06,1278232.62,833.60,833.00,833.60,0.57,0.34,0.28,1
615862.31,1278232.62,840.47,840.00,840.47,0.55,0.33,0.27,1
615954.62,1278232.62,853.39,853.00,853.39,0.52,0.31,0.25,1
616046.88,1278232.62,878.35,878.00,878.35,0.53,0.33,0.27,1
616139.12,1278232.62,888.34,888.00,888.34,0.60,0.39,0.33,1
616231.44,1278232.62,868.36,868.00,868.36,0.67,0.46,0.40,1
616323.69,1278232.62,842.39,842.00,842.39,0.68,0.47,0.41,1
616416.00,1278232.62,837.46,837.00,837.46,0.66,0.45,0.39,1
616508.25,1278232.62,842.55,842.00,842.55,0.66,0.44,0.37,1
616600.56,1278232.62,846.68,846.00,846.68,0.67,0.43,0.36,1
616692.81,1278232.62,847.85,847.00,847.85,0.66,0.42,0.35,1
616785.12,1278232.62,851.01,850.00,851.01,0.65,0.40,0.32,1
616877.38,1278232.62,857.12,856.00,857.12,0.65,0.39,0.31,1
616969.62,1278232.62,856.19,855.00,856.19,0.65,0.39,0.32,1
617061.94,1278232.62,862.21,861.00,862.21,0.65,0.38,0.31,1
617154.19,1278232.62,870.22,869.00,870.22,0.64,0.38,0.31,1
617246.50,1278232.62,875.22,874.00,875.22,0.65,0.39,0.31,1
617338.75,1278232.62,862.22,861.00,862.22,0.65,0.39,0.31,1
617431.06,1278232.62,852.21,851.00,852.21,0.64,0.38,0.31,1
617523.31,1278232.62,857.19,856.00,857.19,0.63,0.37,0.29,1
617615.62,1278232.62,865.15,864.00,865.15,0.63,0.37,0.29,1
617707.88,1278232.62,868.12,867.00,868.12,0.64,0.39,0.31,1
617800.12,1278232.62,872.10,871.00,872.10,0.64,0.39,0.31,1
617892.44,1278232.62,886.08,885.00,886.08,0.64,0.38,0.30,1
617984.69,1278232.62,902.07,901.00,902.07,0.63,0.37,0.30,1
618077.00,1278232.62,917.07,916.00,917.07,0.63,0.38,0.30,1
618169.25,1278232.62,928.07,927.00,928.07,0.63,0.38,0.30,1
618261.56,1278232.62,938.09,937.00,938.09,0.62,0.36,0.29,1
618353.81,1278232.62,956.13,955.00,956.13,0.61,0.35,0.28,1
618446.12,1278232.62,972.20,971.00,972.20,0.64,0.37,0.30,1
618538.38,1278232.62,966.30,965.00,966.30,0.66,0.39,0.31,1
618630.62,1278232.62,957.39,956.00,957.39,0.66,0.39,0.31,1
618722.94,1278232.62,949.46,948.00,949.46,0.65,0.38,0.30,1
618815.19,1278232.62,957.50,956.00,957.50,0.64,0.36,0.28,1
618907.50,1278232.62,968.53,967.00,968.53,0.64,0.37,0.29,1
618999.75,1278232.62,965.55,964.00,965.55,0.66,0.38,0.30,1
619092.06,1278232.62,943.57,942.00,943.57,0.66,0.38,0.30,1
619184.31,1278232.62,929.57,928.00,929.57,0.65,0.38,0.30,1
619276.62,1278232.62,913.53,912.00,913.53,0.65,0.37,0.29,1
619368.88,1278232.62,907.50,906.00,907.50,0.65,0.37,0.29,1
619461.19,1278232.62,900.48,899.00,900.48,0.64,0.37,0.29,1
619553.44,1278232.62,880.46,879.00,880.46,0.65,0.37,0.29,1
619645.69,1278232.62,873.45,872.00,873.45,0.64,0.37,0.29,1
619738.00,1278232.62,869.43,868.00,869.43,0.64,0.37,0.29,1
619830.25,1278232.62,861.43,860.00,861.43,0.64,0.37,0.29,1
619922.56,1278232.62,850.42,849.00,850.42,0.64,0.37,0.29,1
620014.81,1278232.62,857.43,856.00,857.43,0.64,0.36,0.29,1
620107.12,1278232.62,856.43,855.00,856.43,0.64,0.37,0.29,1
620199.38,1278232.62,843.45,842.00,843.45,0.65,0.38,0.30,1
620291.69,1278232.62,821.49,820.00,821.49,0.65,0.37,0.30,1
620383.94,1278232.62,809.55,808.00,809.55,0.64,0.36,0.29,1
620476.19,1278232.62,804.59,803.00,804.59,0.64,0.36,0.28,1
620568.50,1278232.62,798.62,797.00,798.62,0.64,0.36,0.28,1
620660.75,1278232.62,784.64,783.00,784.64,0.64,0.36,0.28,1
620753.06,1278232.62,784.65,783.00,784.65,0.63,0.35,0.27,1
620845.31,1278232.62,778.66,777.00,778.66,0.63,0.35,0.27,1
620937.62,1278232.62,774.66,773.00,774.66,0.62,0.34,0.26,1
621029.88,1278232.62,774.66,773.00,774.66,0.62,0.34,0.26,1
621122.19,1278232.62,773.66,772.00,773.66,0.63,0.35,0.27,1
621214.44,1278232.62,776.66,775.00,776.66,0.62,0.34,0.26,1
621306.69,1278232.62,776.65,775.00,776.65,0.60,0.32,0.24,1
621399.00,1278232.62,786.65,785.00,786.65,0.60,0.32,0.24,1
621491.25,1278232.62,780.64,779.00,780.64,0.62,0.34,0.26,1
621583.56,1278232.62,775.64,774.00,775.64,0.62,0.34,0.26,1
621675.81,1278232.62,778.62,777.00,778.62,0.63,0.35,0.27,1
621768.12,1278232.62,785.60,784.00,785.60,0.64,0.36,0.28,1
621860.38,1278232.62,780.59,779.00,780.59,0.64,0.36,0.28,1
621952.69,1278232.62,777.58,776.00,777.58,0.63,0.35,0.27,1
622044.94,1278232.62,780.58,779.00,780.58,0.61,0.34,0.26,1
622137.19,1278232.62,780.57,779.00,780.57,0.61,0.34,0.26,1
622229.50,1278232.62,779.56,778.00,779.56,0.61,0.34,0.26,1
622321.75,1278232.62,787.55,786.00,787.55,0.60,0.33,0.25,1
622414.06,1278232.62,799.54,798.00,799.54,0.59,0.32,0.24,1
622506.31,1278232.62,811.53,810.00,811.53,0.59,0.31,0.24,1
622598.62,1278232.62,819.52,818.00,819.52,0.60,0.32,0.25,1
622690.88,1278232.62,809.51,808.00,809.51,0.61,0.34,0.26,1
622783.19,1278232.62,799.51,798.00,799.51,0.61,0.34,0.26,1
622875.44,1278232.62,804.50,803.00,804.50,0.60,0.33,0.25,1
622967.69,1278232.62,824.48,823.00,824.48,0.59,0.32,0.24,1
623060.00,1278232.62,841.47,840.00,841.47,0.59,0.32,0.24,1
623152.25,1278232.62,843.44,842.00,843.44,0.60,0.32,0.25,1
623244.56,1278232.62,853.43,852.00,853.43,0.61,0.34,0.26,1
623336.81,1278232.62,859.42,858.00,859.42,0.63,0.36,0.28,1
623429.12,1278232.62,849.42,848.00,849.42,0.63,0.36,0.28,1
623521.38,1278232.62,847.42,846.00,847.42,0.61,0.34,0.26,1
623613.69,1278232.62,858.43,857.00,858.43,0.60,0.33,0.25,1
623705.94,1278232.62,864.44,863.00,864.44,0.62,0.35,0.27,1
623798.19,1278232.62,851.46,850.00,851.46,0.63,0.36,0.28,1
623890.50,1278232.62,839.47,838.00,839.47,0.63,0.36,0.28,1
623982.75,1278232.62,849.49,848.00,849.49,0.63,0.36,0.28,1
624075.06,1278232.62,859.50,858.00,859.50,0.65,0.37,0.29,1
624167.31,1278232.62,851.52,850.00,851.52,0.65,0.37,0.29,1
624259.62,1278232.62,852.53,851.00,852.53,0.63,0.36,0.28,1
624351.88,1278232.62,865.54,864.00,865.54,0.63,0.35,0.27,1
624444.19,1278232.62,864.55,863.00,864.55,0.63,0.36,0.28,1
624536.44,1278232.62,857.56,856.00,857.56,0.63,0.35,0.28,1
624628.69,1278232.62,858.56,857.00,858.56,0.64,0.36,0.28,1
624721.00,1278232.62,850.57,849.00,850.57,0.64,0.36,0.29,1
624813.25,1278232.62,835.57,834.00,835.57,0.63,0.35,0.28,1
624905.56,1278232.62,832.58,831.00,832.58,0.61,0.33,0.25,1
624997.81,1278232.62,836.59,835.00,836.59,0.61,0.33,0.25,1
625090.12,1278232.62,830.60,829.00,830.60,0.62,0.34,0.26,1
625182.38,1278232.62,826.64,825.00,826.64,0.61,0.33,0.25,1
625274.69,1278232.62,841.69,840.00,841.69,0.60,0.32,0.24,1
625366.94,1278232.62,853.69,852.00,853.69,0.58,0.30,0.22,1
625459.19,1278232.62,-9999.00,-9999.00,-9999.00,0.71,0.71,0.71,0
614385.88,1278140.38,-9999.00,-9999.00,-9999.00,0.71,0.71,0.71,0
614478.12,1278140.38,763.21,762.00,763.21,0.33,0.07,-0.01,1
614570.44,1278140.38,770.27,769.00,770.27,0.62,0.35,0.28,1
614662.69,1278140.38,779.30,778.00,779.30,0.62,0.35,0.28,1
614755.00,1278140.38,789.33,788.00,789.33,0.63,0.36,0.28,1
614847.25,1278140.38,788.36,787.00,788.36,0.63,0.36,0.28,1
614939.56,1278140.38,786.38,785.00,786.38,0.62,0.35,0.28,1
615031.81,1278140.38,794.38,793.00,794.38,0.63,0.36,0.28,1
615124.12,1278140.38,787.38,786.00,787.38,0.63,0.36,0.28,1
615216.38,1278140.38,784.37,783.00,784.37,0.62,0.35,0.28,1
615308.62,1278140.38,792.33,791.00,792.33,0.61,0.34,0.26,1
615400.94,1278140.38,804.26,803.00,804.26,0.60,0.34,0.26,1
615493.19,1278140.38,812.15,811.00,812.15,0.60,0.34,0.26,1
615585.50,1278140.38,810.99,810.00,810.99,0.60,0.35,0.27,1
615677.75,1278140.38,808.79,808.00,808.79,0.60,0.36,0.29,1
615770.06,1278140.38,809.62,809.00,809.62,0.61,0.38,0.31,1
615862.31,1278140.38,814.50,814.00,814.50,0.60,0.37,0.31,1
615954.62,1278140.38,827.43,827.00,827.43,0.57,0.35,0.29,1
616046.88,1278140.38,850.39,850.00,850.39,0.55,0.34,0.28,1
616139.12,1278140.38,863.38,863.00,863.38,0.58,0.37,0.31,1
616231.44,1278140.38,858.38,858.00,858.38,0.63,0.42,0.36,1
616323.69,1278140.38,846.40,846.00,846.40,0.65,0.44,0.38,1
616416.00,1278140.38,850.46,850.00,850.46,0.64,0.42,0.36,1
616508.25,1278140.38,860.55,860.00,860.55,0.63,0.40,0.34,1
616600.56,1278140.38,870.68,870.00,870.68,0.64,0.40,0.33,1
616692.81,1278140.38,873.86,873.00,873.86,0.64,0.40,0.33,1
616785.12,1278140.38,877.02,876.00,877.02,0.64,0.39,0.31,1
616877.38,1278140.38,883.13,882.00,883.13,0.64,0.38,0.31,1
616969.62,1278140.38,890.19,889.00,890.19,0.65,0.39,0.31,1
617061.94,1278140.38,894.22,893.00,894.22,0.65,0.39,0.31,1
617154.19,1278140.38,894.24,893.00,894.24,0.65,0.38,0.31,1
617246.50,1278140.38,885.26,884.00,885.26,0.65,0.38,0.30,1
617338.75,1278140.38,869.27,868.00,869.27,0.65,0.38,0.30,1
617431.06,1278140.38,868.28,867.00,868.28,0.64,0.37,0.30,1
617523.31,1278140.38,870.28,869.00,870.28,0.64,0.37,0.29,1
617615.62,1278140.38,876.29,875.00,876.29,0.63,0.36,0.28,1
617707.88,1278140.38,890.29,889.00,890.29,0.63,0.36,0.28,1
617800.12,1278140.38,905.31,904.00,905.31,0.63,0.36,0.29,1
617892.44,1278140.38,918.32,917.00,918.32,0.63,0.37,0.29,1
617984.69,1278140.38,930.31,929.00,930.31,0.64,0.37,0.29,1
618077.00,1278140.38,937.30,936.00,937.30,0.64,0.37,0.30,1
618169.25,1278140.38,945.30,944.00,945.30,0.64,0.37,0.30,1
618261.56,1278140.38,942.30,941.00,942.30,0.63,0.36,0.29,1
618353.81,1278140.38,952.33,951.00,952.33,0.60,0.33,0.26,1
618446.12,1278140.38,973.38,972.00,973.38,0.61,0.33,0.26,1
618538.38,1278140.38,981.42,980.00,981.42,0.63,0.36,0.28,1
618630.62,1278140.38,982.44,981.00,982.44,0.65,0.37,0.30,1
618722.94,1278140.38,980.43,979.00,980.43,0.64,0.37,0.29,1
618815.19,1278140.38,991.42,990.00,991.42,0.63,0.36,0.28,1
618907.50,1278140.38,1008.41,1007.00,1008.41,0.65,0.38,0.30,1
618999.75,1278140.38,991.41,990.00,991.41,0.67,0.40,0.32,1
619092.06,1278140.38,965.47,964.00,965.47,0.66,0.39,0.31,1
619184.31,1278140.38,954.48,953.00,954.48,0.66,0.38,0.30,1
619276.62,1278140.38,937.48,936.00,937.48,0.66,0.38,0.31,1
619368.88,1278140.38,920.47,919.00,920.47,0.65,0.38,0.30,1
619461.19,1278140.38,899.47,898.00,899.47,0.65,0.37,0.29,1
619553.44,1278140.38,890.46,889.00,890.46,0.65,0.37,0.29,1
619645.69,1278140.38,887.45,886.00,887.45,0.64,0.37,0.29,1
619738.00,1278140.38,878.43,877.00,878.43,0.64,0.37,0.29,1
619830.25,1278140.38,867.42,866.00,867.42,0.64,0.37,0.29,1
619922.56,1278140.38,865.42,864.00,865.42,0.63,0.36,0.28,1
620014.81,1278140.38,874.42,873.00,874.42,0.64,0.36,0.29,1
620107.12,1278140.38,873.43,872.00,873.43,0.65,0.38,0.30,1
620199.38,1278140.38,857.45,856.00,857.45,0.65,0.38,0.30,1
620291.69,1278140.38,841.49,840.00,841.49,0.65,0.38,0.30,1
620383.94,1278140.38,823.55,822.00,823.55,0.65,0.37,0.29,1
620476.19,1278140.38,817.60,816.00,817.60,0.64,0.36,0.28,1
620568.50,1278140.38,808.63,807.00,808.63,0.64,0.36,0.28,1
620660.75,1278140.38,796.65,795.00,796.65,0.64,0.36,0.28,1
620753.06,1278140.38,788.66,787.00,788.66,0.63,0.35,0.27,1
620845.31,1278140.38,780.66,779.00,780.66,0.63,0.35,0.27,1
620937.62,1278140.38,777.67,776.00,777.67,0.63,0.35,0.27,1
621029.88,1278140.38,776.66,775.00,776.66,0.62,0.34,0.26,1
621122.19,1278140.38,780.66,779.00,780.66,0.63,0.34,0.26,1
621214.44,1278140.38,779.66,778.00,779.66,0.63,0.35,0.27,1
621306.69,1278140.38,772.66,771.00,772.66,0.63,0.35,0.27,1
621399.00,1278140.38,775.65,774.00,775.65,0.62,0.34,0.25,1
621491.25,1278140.38,779.65,778.00,779.65,0.62,0.34,0.26,1
621583.56,1278140.38,789.65,788.00,789.65,0.62,0.34,0.26,1
621675.81,1278140.38,807.63,806.00,807.63,0.63,0.35,0.27,1
621768.12,1278140.38,815.62,814.00,815.62,0.64,0.36,0.28,1
621860.38,1278140.38,807.63,806.00,807.63,0.65,0.37,0.29,1
621952.69,1278140.38,791.64,790.00,791.64,0.64,0.36,0.28,1
622044.94,1278140.38,784.65,783.00,784.65,0.63,0.35,0.27,1
622137.19,1278140.38,784.64,783.00,784.64,0.63,0.35,0.27,1
622229.50,1278140.38,784.63,783.00,784.63,0.63,0.35,0.27,1
622321.75,1278140.38,784.61,783.00,784.61,0.62,0.34,0.27,1
622414.06,1278140.38,788.59,787.00,788.59,0.61,0.33,0.25,1
622506.31,1278140.38,793.57,792.00,793.57,0.60,0.32,0.24,1
622598.62,1278140.38,795.55,794.00,795.55,0.60,0.32,0.24,1
622690.88,1278140.38,790.54,789.00,790.54,0.61,0.33,0.26,1
622783.19,1278140.38,788.53,787.00,788.53,0.61,0.33,0.26,1
622875.44,1278140.38,798.51,797.00,798.51,0.60,0.32,0.24,1
622967.69,1278140.38,813.49,812.00,813.49,0.59,0.32,0.24,1
623060.00,1278140.38,823.46,822.00,823.46,0.59,0.32,0.24,1
623152.25,1278140.38,829.43,828.00,829.43,0.60,0.32,0.25,1
623244.56,1278140.38,851.40,850.00,851.40,0.60,0.33,0.25,1
623336.81,1278140.38,861.39,860.00,861.39,0.63,0.36,0.28,1
623429.12,1278140.38,849.38,848.00,849.38,0.64,0.36,0.29,1
623521.38,1278140.38,845.38,844.00,845.38,0.63,0.36,0.28,1
623613.69,1278140.38,851.38,850.00,851.38,0.62,0.35,0.27,1
623705.94,1278140.38,858.39,857.00,858.39,0.63,0.36,0.28,1
623798.19,1278140.38,851.39,850.00,851.39,0.63,0.36,0.28,1
623890.50,1278140.38,853.41,852.00,853.41,0.61,0.34,0.26,1
623982.75,1278140.38,878.43,877.00,878.43,0.61,0.33,0.26,1
624075.06,1278140.38,889.45,888.00,889.45,0.64,0.36,0.28,1
624167.31,1278140.38,878.48,877.00,878.48,0.65,0.37,0.29,1
624259.62,1278140.38,875.50,874.00,875.50,0.64,0.36,0.28,1
624351.88,1278140.38,878.52,877.00,878.52,0.63,0.36,0.28,1
624444.19,1278140.38,867.53,866.00,867.53,0.63,0.36,0.28,1
624536.44,1278140.38,864.54,863.00,864.54,0.63,0.35,0.28,1
624628.69,1278140.38,871.54,870.00,871.54,0.64,0.36,0.28,1
624721.00,1278140.38,861.55,860.00,861.55,0.64,0.37,0.29,1
624813.25,1278140.38,843.55,842.00,843.55,0.64,0.36,0.29,1
624905.56,1278140.38,831.55,830.00,831.55,0.63,0.35,0.28,1
624997.81,1278140.38,827.55,826.00,827.55,0.63,0.35,0.27,1
625090.12,1278140.38,825.56,824.00,825.56,0.63,0.35,0.27,1
625182.38,1278140.38,824.58,823.00,824.58,0.62,0.34,0.26,1
625274.69,1278140.38,832.63,831.00,832.63,0.60,0.32,0.24,1
625366.94,1278140.38,840.60,839.00,840.60,0.58,0.30,0.22,1
625459.19,1278140.38,-9999.00,-9999.00,-9999.00,0.71,0.71,0.71,0
614385.88,1278048.12,-9999.00,-9999.00,-9999.00,0.71,0.71,0.71,0
614478.12,1278048.12,766.16,765.00,766.16,0.32,0.06,-0.01,1
614570.44,1278048.12,777.21,776.00,777.21,0.61,0.35,0.28,1
614662.69,1278048.12,791.27,790.00,791.27,0.62,0.36,0.28,1
614755.00,1278048.12,794.32,793.00,794.32,0.63,0.36,0.29,1
614847.25,1278048.12,787.36,786.00,787.36,0.63,0.36,0.28,1
614939.56,1278048.12,788.38,787.00,788.38,0.62,0.35,0.28,1
615031.81,1278048.12,797.38,796.00,797.38,0.63,0.36,0.28,1
615124.12,1278048.12,790.38,789.00,790.38,0.64,0.37,0.29,1
615216.38,1278048.12,783.37,782.00,783.37,0.63,0.36,0.28,1
615308.62,1278048.12,788.33,787.00,788.33,0.61,0.34,0.27,1
615400.94,1278048.12,793.27,792.00,793.27,0.61,0.34,0.27,1
615493.19,1278048.12,793.16,792.00,793.16,0.61,0.35,0.27,1
615585.50,1278048.12,795.00,794.00,795.00,0.61,0.36,0.28,1
615677.75,1278048.12,799.81,799.00,799.81,0.61,0.37,0.30,1
615770.06,1278048.12,809.65,809.00,809.65,0.62,0.38,0.32,1
615862.31,1278048.12,817.54,817.00,817.54,0.62,0.40,0.33,1
615954.62,1278048.12,826.47,826.00,826.47,0.61,0.39,0.33,1
616046.88,1278048.12,838.44,838.00,838.44,0.59,0.38,0.32,1
616139.12,1278048.12,846.42,846.00,846.42,0.60,0.38,0.32,1
616231.44,1278048.12,846.42,846.00,846.42,0.62,0.40,0.34,1
616323.69,1278048.12,842.43,842.00,842.43,0.62,0.40,0.34,1
616416.00,1278048.12,848.48,848.00,848.48,0.60,0.38,0.32,1
616508.25,1278048.12,855.56,855.00,855.56,0.60,0.37,0.31,1
616600.56,1278048.12,863.69,863.00,863.69,0.60,0.36,0.30,1
616692.81,1278048.12,871.87,871.00,871.87,0.61,0.37,0.30,1
616785.12,1278048.12,882.03,881.00,882.03,0.62,0.36,0.29,1
616877.38,1278048.12,896.14,895.00,896.14,0.62,0.36,0.28,1
616969.62,1278048.12,916.20,915.00,916.20,0.64,0.38,0.30,1
617061.94,1278048.12,913.24,912.00,913.24,0.66,0.39,0.32,1
617154.19,1278048.12,900.28,899.00,900.28,0.65,0.39,0.31,1
617246.50,1278048.12,884.30,883.00,884.30,0.64,0.38,0.30,1
617338.75,1278048.12,878.33,877.00,878.33,0.64,0.37,0.30,1
617431.06,1278048.12,882.35,881.00,882.35,0.64,0.37,0.29,1
617523.31,1278048.12,887.36,886.00,887.36,0.64,0.37,0.29,1
617615.62,1278048.12,893.39,892.00,893.39,0.63,0.36,0.28,1
617707.88,1278048.12,908.43,907.00,908.43,0.62,0.35,0.27,1
617800.12,1278048.12,925.49,924.00,925.49,0.62,0.34,0.27,1
617892.44,1278048.12,942.54,941.00,942.54,0.63,0.35,0.27,1
617984.69,1278048.12,954.56,953.00,954.56,0.63,0.35,0.27,1
618077.00,1278048.12,964.58,963.00,964.58,0.64,0.36,0.28,1
618169.25,1278048.12,966.58,965.00,966.58,0.65,0.37,0.29,1
618261.56,1278048.12,953.59,952.00,953.59,0.64,0.36,0.29,1
618353.81,1278048.12,953.60,952.00,953.60,0.61,0.34,0.26,1
618446.12,1278048.12,973.61,972.00,973.61,0.60,0.32,0.24,1
618538.38,1278048.12,996.60,995.00,996.60,0.61,0.34,0.26,1
618630.62,1278048.12,1006.55,1005.00,1006.55,0.64,0.36,0.28,1
618722.94,1278048.12,1005.47,1004.00,1005.47,0.64,0.37,0.29,1
618815.19,1278048.12,1020.39,1019.00,1020.39,0.63,0.36,0.28,1
618907.50,1278048.12,1038.35,1037.00,1038.35,0.64,0.37,0.30,1
618999.75,1278048.12,1021.35,1020.00,1021.35,0.66,0.40,0.32,1
619092.06,1278048.12,992.39,991.00,992.39,0.66,0.39,0.31,1
619184.31,1278048.12,972.42,971.00,972.42,0.65,0.38,0.30,1
619276.62,1278048.12,954.45,953.00,954.45,0.65,0.38,0.30,1
619368.88,1278048.12,930.46,929.00,930.46,0.65,0.38,0.30,1
619461.19,1278048.12,913.46,912.00,913.46,0.66,0.38,0.30,1
619553.44,1278048.12,911.46,910.00,911.46,0.65,0.38,0.30,1
619645.69,1278048.12,897.46,896.00,897.46,0.65,0.38,0.30,1
619738.00,1278048.12,884.44,883.00,884.44,0.64,0.37,0.29,1
619830.25,1278048.12,872.43,871.00,872.43,0.64,0.36,0.29,1
619922.56,1278048.12,877.42,876.00,877.42,0.63,0.35,0.28,1
620014.81,1278048.12,890.42,889.00,890.42,0.63,0.36,0.28,1
620107.12,1278048.12,887.43,886.00,887.43,0.64,0.37,0.29,1
620199.38,1278048.12,869.45,868.00,869.45,0.65,0.38,0.30,1
620291.69,1278048.12,852.50,851.00,852.50,0.65,0.38,0.30,1
620383.94,1278048.12,832.57,831.00,832.57,0.64,0.37,0.29,1
620476.19,1278048.12,827.62,826.00,827.62,0.64,0.36,0.28,1
620568.50,1278048.12,816.66,815.00,816.66,0.64,0.36,0.28,1
620660.75,1278048.12,801.68,800.00,801.68,0.64,0.36,0.28,1
620753.06,1278048.12,793.69,792.00,793.69,0.64,0.35,0.27,1
620845.31,1278048.12,787.69,786.00,787.69,0.63,0.35,0.27,1
620937.62,1278048.12,781.68,780.00,781.68,0.63,0.35,0.27,1
621029.88,1278048.12,779.68,778.00,779.68,0.63,0.35,0.27,1
621122.19,1278048.12,785.67,784.00,785.67,0.63,0.35,0.27,1
621214.44,1278048.12,788.66,787.00,788.66,0.64,0.36,0.28,1
621306.69,1278048.12,783.66,782.00,783.66,0.64,0.36,0.28,1
621399.00,1278048.12,783.66,782.00,783.66,0.62,0.34,0.26,1
621491.25,1278048.12,799.65,798.00,799.65,0.62,0.34,0.26,1
621583.56,1278048.12,820.62,819.00,820.62,0.63,0.35,0.27,1
621675.81,1278048.12,825.60,824.00,825.60,0.64,0.36,0.28,1
621768.12,1278048.12,829.61,828.00,829.61,0.64,0.36,0.28,1
621860.38,1278048.12,819.65,818.00,819.65,0.64,0.36,0.28,1
621952.69,1278048.12,797.70,796.00,797.70,0.64,0.36,0.28,1
622044.94,1278048.12,798.70,797.00,798.70,0.63,0.35,0.27,1
622137.19,1278048.12,800.70,799.00,800.70,0.64,0.35,0.27,1
622229.50,1278048.12,797.68,796.00,797.68,0.64,0.35,0.27,1
622321.75,1278048.12,796.65,795.00,796.65,0.64,0.36,0.28,1
622414.06,1278048.12,785.62,784.00,785.62,0.63,0.35,0.27,1
622506.31,1278048.12,781.60,780.00,781.60,0.62,0.34,0.26,1
622598.62,1278048.12,782.58,781.00,782.58,0.61,0.34,0.26,1
622690.88,1278048.12,784.56,783.00,784.56,0.62,0.34,0.26,1
622783.19,1278048.12,786.54,785.00,786.54,0.62,0.34,0.26,1
622875.44,1278048.12,791.52,790.00,791.52,0.61,0.34,0.26,1
622967.69,1278048.12,800.49,799.00,800.49,0.60,0.33,0.25,1
623060.00,1278048.12,811.46,810.00,811.46,0.60,0.33,0.25,1
623152.25,1278048.12,830.42,829.00,830.42,0.60,0.33,0.25,1
623244.56,1278048.12,854.38,853.00,854.38,0.61,0.34,0.26,1
623336.81,1278048.12,861.36,860.00,861.36,0.63,0.36,0.28,1
623429.12,1278048.12,853.34,852.00,853.34,0.64,0.37,0.29,1
623521.38,1278048.12,852.34,851.00,852.34,0.63,0.36,0.29,1
623613.69,1278048.12,861.33,860.00,861.33,0.63,0.36,0.28,1
623705.94,1278048.12,868.33,867.00,868.33,0.64,0.37,0.29,1
623798.19,1278048.12,856.34,855.00,856.34,0.64,0.37,0.30,1
623890.50,1278048.12,848.35,847.00,848.35,0.62,0.35,0.27,1
623982.75,1278048.12,863.37,862.00,863.37,0.58,0.31,0.24,1
624075.06,1278048.12,882.41,881.00,882.41,0.60,0.32,0.25,1
624167.31,1278048.12,884.45,883.00,884.45,0.62,0.35,0.27,1
624259.62,1278048.12,883.48,882.00,883.48,0.63,0.36,0.28,1
624351.88,1278048.12,881.50,880.00,881.50,0.63,0.36,0.28,1
624444.19,1278048.12,871.51,870.00,871.51,0.63,0.36,0.28,1
624536.44,1278048.12,878.52,877.00,878.52,0.63,0.35,0.27,1
624628.69,1278048.12,880.52,879.00,880.52,0.64,0.36,0.28,1
624721.00,1278048.12,865.52,864.00,865.52,0.64,0.36,0.29,1
624813.25,1278048.12,845.52,844.00,845.52,0.64,0.36,0.29,1
624905.56,1278048.12,835.51,834.00,835.51,0.63,0.36,0.28,1
624997.81,1278048.12,837.49,836.00,837.49,0.63,0.36,0.28,1
625090.12,1278048.12,842.46,841.00,842.46,0.64,0.37,0.29,1
625182.38,1278048.12,834.44,833.00,834.44,0.64,0.37,0.29,1
625274.69,1278048.12,827.43,826.00,827.43,0.63,0.35,0.28,1
625366.94,1278048.12,825.31,824.00,825.31,0.58,0.31,0.23,1
625459.19,1278048.12,-9999.00,-9999.00,-9999.00,0.71,0.71,0.71,0
614385.88,1277955.75,-9999.00,-9999.00,-9999.00,0.71,0.71,0.71,0
614478.12,1277955.75,774.10,773.00,774.10,0.32,0.06,-0.02,1
614570.44,1277955.75,781.13,780.00,781.13,0.61,0.35,0.28,1
614662.69,1277955.75,792.20,791.00,792.20,0.61,0.35,0.27,1
614755.00,1277955.75,797.28,796.00,797.28,0.63,0.36,0.28,1
614847.25,1277955.75,794.34,793.00,794.34,0.63,0.36,0.29,1
614939.56,1277955.75,797.37,796.00,797.37,0.63,0.36,0.28,1
615031.81,1277955.75,806.38,805.00,806.38,0.63,0.36,0.28,1
615124.12,1277955.75,799.38,798.00,799.38,0.65,0.38,0.30,1
615216.38,1277955.75,786.37,785.00,786.37,0.64,0.37,0.29,1
615308.62,1277955.75,782.34,781.00,782.34,0.63,0.36,0.28,1
615400.94,1277955.75,784.28,783.00,784.28,0.62,0.36,0.28,1
615493.19,1277955.75,788.18,787.00,788.18,0.63,0.37,0.29,1
615585.50,1277955.75,793.04,792.00,793.04,0.63,0.37,0.30,1
615677.75,1277955.75,797.85,797.00,797.85,0.62,0.37,0.30,1
615770.06,1277955.75,807.70,807.00,807.70,0.61,0.37,0.30,1
615862.31,1277955.75,815.60,815.00,815.60,0.60,0.38,0.31,1
615954.62,1277955.75,822.53,822.00,822.53,0.60,0.38,0.32,1
616046.88,1277955.75,827.49,827.00,827.49,0.60,0.38,0.32,1
616139.12,1277955.75,832.48,832.00,832.48,0.60,0.38,0.32,1
616231.44,1277955.75,833.48,833.00,833.48,0.61,0.39,0.33,1
616323.69,1277955.75,828.49,828.00,828.49,0.61,0.39,0.33,1
616416.00,1277955.75,829.52,829.00,829.52,0.60,0.38,0.31,1
616508.25,1277955.75,835.60,835.00,835.60,0.59,0.36,0.29,1
616600.56,1277955.75,850.72,850.00,850.72,0.59,0.35,0.28,1
616692.81,1277955.75,871.90,871.00,871.90,0.60,0.35,0.28,1
616785.12,1277955.75,890.06,889.00,890.06,0.61,0.35,0.28,1
616877.38,1277955.75,908.17,907.00,908.17,0.60,0.34,0.26,1
616969.62,1277955.75,942.22,941.00,942.22,0.63,0.37,0.29,1
617061.94,1277955.75,936.26,935.00,936.26,0.67,0.40,0.32,1
617154.19,1277955.75,913.32,912.00,913.32,0.66,0.40,0.32,1
617246.50,1277955.75,896.35,895.00,896.35,0.65,0.38,0.31,1
617338.75,1277955.75,896.37,895.00,896.37,0.64,0.37,0.29,1
617431.06,1277955.75,899.40,898.00,899.40,0.64,0.36,0.29,1
617523.31,1277955.75,907.42,906.00,907.42,0.63,0.36,0.28,1
617615.62,1277955.75,913.45,912.00,913.45,0.63,0.36,0.28,1
617707.88,1277955.75,922.50,921.00,922.50,0.62,0.35,0.27,1
617800.12,1277955.75,942.58,941.00,942.58,0.62,0.34,0.26,1
617892.44,1277955.75,964.64,963.00,964.64,0.62,0.34,0.26,1
617984.69,1277955.75,980.71,979.00,980.71,0.63,0.35,0.26,1
618077.00,1277955.75,992.80,991.00,992.80,0.63,0.35,0.27,1
618169.25,1277955.75,993.91,992.00,993.91,0.64,0.35,0.27,1
618261.56,1277955.75,971.95,970.00,971.95,0.64,0.35,0.27,1
618353.81,1277955.75,959.95,958.00,959.95,0.62,0.33,0.25,1
618446.12,1277955.75,974.94,973.00,974.94,0.60,0.31,0.22,1
618538.38,1277955.75,1006.87,1005.00,1006.87,0.59,0.31,0.22,1
618630.62,1277955.75,1030.69,1029.00,1030.69,0.62,0.34,0.26,1
618722.94,1277955.75,1035.52,1034.00,1035.52,0.64,0.37,0.29,1
618815.19,1277955.75,1043.42,1042.00,1043.42,0.64,0.37,0.29,1
618907.50,1277955.75,1049.38,1048.00,1049.38,0.63,0.36,0.29,1
618999.75,1277955.75,1026.36,1025.00,1026.36,0.64,0.37,0.30,1
619092.06,1277955.75,993.37,992.00,993.37,0.64,0.37,0.30,1
619184.31,1277955.75,966.41,965.00,966.41,0.64,0.37,0.29,1
619276.62,1277955.75,950.44,949.00,950.44,0.64,0.37,0.29,1
619368.88,1277955.75,938.45,937.00,938.45,0.64,0.36,0.29,1
619461.19,1277955.75,948.47,947.00,948.47,0.64,0.37,0.29,1
619553.44,1277955.75,941.48,940.00,941.48,0.66,0.38,0.31,1
619645.69,1277955.75,911.48,910.00,911.48,0.66,0.38,0.31,1
619738.00,1277955.75,890.47,889.00,890.47,0.65,0.37,0.30,1
619830.25,1277955.75,881.45,880.00,881.45,0.63,0.36,0.28,1
619922.56,1277955.75,890.43,889.00,890.43,0.62,0.35,0.27,1
620014.81,1277955.75,904.43,903.00,904.43,0.63,0.36,0.28,1
620107.12,1277955.75,891.44,890.00,891.44,0.64,0.37,0.29,1
620199.38,1277955.75,874.47,873.00,874.47,0.64,0.37,0.29,1
620291.69,1277955.75,861.53,860.00,861.53,0.64,0.37,0.29,1
620383.94,1277955.75,844.62,843.00,844.62,0.64,0.36,0.28,1
620476.19,1277955.75,833.69,832.00,833.69,0.64,0.35,0.27,1
620568.50,1277955.75,824.72,823.00,824.72,0.64,0.35,0.27,1
620660.75,1277955.75,811.74,810.00,811.74,0.64,0.35,0.27,1
620753.06,1277955.75,803.74,802.00,803.74,0.64,0.35,0.27,1
620845.31,1277955.75,793.74,792.00,793.74,0.63,0.35,0.27,1
620937.62,1277955.75,786.72,785.00,786.72,0.63,0.34,0.26,1
621029.88,1277955.75,793.70,792.00,793.70,0.62,0.33,0.25,1
621122.19,1277955.75,809.68,808.00,809.68,0.62,0.34,0.26,1
621214.44,1277955.75,816.67,815.00,816.67,0.64,0.36,0.28,1
621306.69,1277955.75,810.66,809.00,810.66,0.65,0.37,0.29,1
621399.00,1277955.75,797.66,796.00,797.66,0.63,0.35,0.27,1
621491.25,1277955.75,824.62,823.00,824.62,0.61,0.33,0.25,1
621583.56,1277955.75,858.52,857.00,858.52,0.62,0.35,0.27,1
621675.81,1277955.75,862.51,861.00,862.51,0.65,0.38,0.30,1
621768.12,1277955.75,847.55,846.00,847.55,0.66,0.39,0.31,1
621860.38,1277955.75,825.63,824.00,825.63,0.66,0.38,0.30,1
621952.69,1277955.75,811.72,810.00,811.72,0.65,0.36,0.28,1
622044.94,1277955.75,816.73,815.00,816.73,0.64,0.35,0.27,1
622137.19,1277955.75,818.72,817.00,818.72,0.64,0.35,0.27,1
622229.50,1277955.75,810.71,809.00,810.71,0.63,0.35,0.27,1
622321.75,1277955.75,802.68,801.00,802.68,0.63,0.35,0.27,1
622414.06,1277955.75,789.65,788.00,789.65,0.63,0.35,0.27,1
622506.31,1277955.75,783.63,782.00,783.63,0.63,0.35,0.27,1
622598.62,1277955.75,786.60,785.00,786.60,0.63,0.35,0.27,1
622690.88,1277955.75,788.58,787.00,788.58,0.63,0.35,0.27,1
622783.19,1277955.75,789.56,788.00,789.56,0.62,0.35,0.27,1
622875.44,1277955.75,794.53,793.00,794.53,0.62,0.34,0.26,1
622967.69,1277955.75,801.50,800.00,801.50,0.61,0.33,0.26,1
623060.00,1277955.75,818.45,817.00,818.45,0.60,0.33,0.25,1
623152.25,1277955.75,842.40,841.00,842.40,0.60,0.33,0.25,1
623244.56,1277955.75,864.36,863.00,864.36,0.62,0.35,0.27,1
623336.81,1277955.75,867.32,866.00,867.32,0.63,0.36,0.29,1
623429.12,1277955.75,861.30,860.00,861.30,0.63,0.37,0.29,1
623521.38,1277955.75,868.29,867.00,868.29,0.63,0.36,0.29,1
623613.69,1277955.75,874.29,873.00,874.29,0.63,0.36,0.29,1
623705.94,1277955.75,873.28,872.00,873.28,0.63,0.37,0.29,1
623798.19,1277955.75,861.29,860.00,861.29,0.64,0.37,0.30,1
623890.50,1277955.75,849.30,848.00,849.30,0.63,0.36,0.29,1
623982.75,1277955.75,852.33,851.00,852.33,0.60,0.33,0.26,1
624075.06,1277955.75,868.38,867.00,868.38,0.59,0.32,0.24,1
624167.31,1277955.75,876.43,875.00,876.43,0.60,0.33,0.25,1
624259.62,1277955.75,887.47,886.00,887.47,0.62,0.35,0.27,1
624351.88,1277955.75,885.49,884.00,885.49,0.63,0.36,0.28,1
624444.19,1277955.75,879.50,878.00,879.50,0.63,0.35,0.27,1
624536.44,1277955.75,884.51,883.00,884.51,0.62,0.35,0.27,1
624628.69,1277955.75,882.51,881.00,882.51,0.63,0.36,0.28,1
624721.00,1277955.75,864.50,863.00,864.50,0.64,0.36,0.28,1
624813.25,1277955.75,847.49,846.00,847.49,0.64,0.36,0.28,1
624905.56,1277955.75,844.47,843.00,844.47,0.63,0.36,0.28,1
624997.81,1277955.75,852.42,851.00,852.42,0.63,0.36,0.28,1
625090.12,1277955.75,854.35,853.00,854.35,0.64,0.37,0.29,1
625182.38,1277955.75,840.24,839.00,840.24,0.65,0.38,0.31,1
625274.69,1277955.75,829.15,828.00,829.15,0.64,0.38,0.31,1
625366.94,1277955.75,825.90,825.00,825.90,0.57,0.33,0.25,1
625459.19,1277955.75,-9999.00,-9999.00,-9999.00,0.71,0.71,0.71,0
614385.88,1277863.50,-9999.00,-9999.00,-9999.00,0.71,0.71,0.71,0
614478.12,1277863.50,770.07,769.00,770.07,0.31,0.05,-0.02,1
614570.44,1277863.50,774.09,773.00,774.09,0.61,0.36,0.28,1
614662.69,1277863.50,786.14,785.00,786.14,0.60,0.34,0.27,1
614755.00,1277863.50,796.24,795.00,796.24,0.61,0.34,0.27,1
614847.25,1277863.50,799.33,798.00,799.33,0.62,0.35,0.27,1
614939.56,1277863.50,805.37,804.00,805.37,0.62,0.35,0.27,1
615031.81,1277863.50,813.39,812.00,813.39,0.62,0.35,0.28,1
615124.12,1277863.50,810.39,809.00,810.39,0.64,0.37,0.29,1
615216.38,1277863.50,798.39,797.00,798.39,0.65,0.38,0.30,1
615308.62,1277863.50,791.36,790.00,791.36,0.64,0.37,0.29,1
615400.94,1277863.50,796.31,795.00,796.31,0.63,0.36,0.28,1
615493.19,1277863.50,806.22,805.00,806.22,0.63,0.37,0.29,1
615585.50,1277863.50,808.09,807.00,808.09,0.65,0.39,0.32,1
615677.75,1277863.50,799.92,799.00,799.92,0.65,0.40,0.33,1
615770.06,1277863.50,796.78,796.00,796.78,0.62,0.38,0.31,1
615862.31,1277863.50,799.67,799.00,799.67,0.60,0.37,0.30,1
615954.62,1277863.50,805.61,805.00,805.61,0.60,0.37,0.30,1
616046.88,1277863.50,813.57,813.00,813.57,0.60,0.37,0.31,1
616139.12,1277863.50,819.56,819.00,819.56,0.61,0.38,0.32,1
616231.44,1277863.50,819.56,819.00,819.56,0.62,0.39,0.33,1
616323.69,1277863.50,815.57,815.00,815.57,0.63,0.40,0.34,1
616416.00,1277863.50,818.60,818.00,818.60,0.62,0.39,0.33,1
616508.25,1277863.50,829.66,829.00,829.66,0.61,0.37,0.31,1
616600.56,1277863.50,853.78,853.00,853.78,0.59,0.35,0.28,1
616692.81,1277863.50,876.94,876.00,876.94,0.60,0.35,0.27,1
616785.12,1277863.50,896.10,895.00,896.10,0.60,0.34,0.27,1
616877.38,1277863.50,916.21,915.00,916.21,0.58,0.31,0.24,1
616969.62,1277863.50,966.25,965.00,966.25,0.60,0.33,0.26,1
617061.94,1277863.50,962.30,961.00,962.30,0.65,0.39,0.31,1
617154.19,1277863.50,937.36,936.00,937.36,0.66,0.40,0.32,1
617246.50,1277863.50,918.39,917.00,918.39,0.66,0.39,0.31,1
617338.75,1277863.50,913.41,912.00,913.41,0.64,0.37,0.29,1
617431.06,1277863.50,917.43,916.00,917.43,0.63,0.36,0.28,1
617523.31,1277863.50,925.45,924.00,925.45,0.63,0.36,0.28,1
617615.62,1277863.50,932.48,931.00,932.48,0.63,0.36,0.28,1
617707.88,1277863.50,946.52,945.00,946.52,0.62,0.35,0.27,1
617800.12,1277863.50,968.58,967.00,968.58,0.61,0.34,0.26,1
617892.44,1277863.50,992.64,991.00,992.64,0.62,0.34,0.26,1
617984.69,1277863.50,1010.73,1009.00,1010.73,0.63,0.34,0.26,1
618077.00,1277863.50,1019.90,1018.00,1019.90,0.64,0.35,0.27,1
618169.25,1277863.50,1008.19,1006.00,1008.19,0.64,0.34,0.26,1
618261.56,1277863.50,981.37,979.00,981.37,0.63,0.33,0.25,1
618353.81,1277863.50,971.41,969.00,971.41,0.62,0.32,0.23,1
618446.12,1277863.50,982.39,980.00,982.39,0.60,0.30,0.22,1
618538.38,1277863.50,1013.23,1011.00,1013.23,0.59,0.29,0.20,1
618630.62,1277863.50,1054.84,1053.00,1054.84,0.59,0.31,0.23,1
618722.94,1277863.50,1079.59,1078.00,1079.59,0.64,0.36,0.28,1
618815.19,1277863.50,1067.48,1066.00,1067.48,0.65,0.38,0.30,1
618907.50,1277863.50,1037.43,1036.00,1037.43,0.63,0.36,0.28,1
618999.75,1277863.50,1008.41,1007.00,1008.41,0.64,0.36,0.29,1
619092.06,1277863.50,979.41,978.00,979.41,0.64,0.37,0.30,1
619184.31,1277863.50,969.42,968.00,969.42,0.65,0.37,0.30,1
619276.62,1277863.50,961.44,960.00,961.44,0.65,0.37,0.29,1
619368.88,1277863.50,954.45,953.00,954.45,0.64,0.37,0.29,1
619461.19,1277863.50,961.47,960.00,961.47,0.64,0.37,0.29,1
619553.44,1277863.50,949.50,948.00,949.50,0.65,0.38,0.30,1
619645.69,1277863.50,924.54,923.00,924.54,0.66,0.38,0.30,1
619738.00,1277863.50,901.53,900.00,901.53,0.65,0.38,0.30,1
619830.25,1277863.50,893.50,892.00,893.50,0.64,0.37,0.29,1
619922.56,1277863.50,897.46,896.00,897.46,0.63,0.35,0.28,1
620014.81,1277863.50,906.45,905.00,906.45,0.63,0.36,0.28,1
620107.12,1277863.50,886.45,885.00,886.45,0.64,0.37,0.29,1
620199.38,1277863.50,874.49,873.00,874.49,0.64,0.37,0.29,1
620291.69,1277863.50,863.58,862.00,863.58,0.64,0.36,0.28,1
620383.94,1277863.50,850.71,849.00,850.71,0.64,0.36,0.28,1
620476.19,1277863.50,838.80,837.00,838.80,0.63,0.35,0.27,1
620568.50,1277863.50,827.85,826.00,827.85,0.63,0.35,0.26,1
620660.75,1277863.50,815.86,814.00,815.86,0.63,0.35,0.27,1
620753.06,1277863.50,806.85,805.00,806.85,0.63,0.34,0.26,1
620845.31,1277863.50,798.83,797.00,798.83,0.63,0.35,0.27,1
620937.62,1277863.50,793.79,792.00,793.79,0.63,0.34,0.26,1
621029.88,1277863.50,798.74,797.00,798.74,0.61,0.33,0.25,1
621122.19,1277863.50,816.71,815.00,816.71,0.60,0.32,0.24,1
621214.44,1277863.50,831.69,830.00,831.69,0.63,0.34,0.26,1
621306.69,1277863.50,824.67,823.00,824.67,0.64,0.36,0.28,1
621399.00,1277863.50,821.66,820.00,821.66,0.61,0.33,0.25,1
621491.25,1277863.50,855.61,854.00,855.61,0.59,0.31,0.23,1
621583.56,1277863.50,879.51,878.00,879.51,0.60,0.32,0.24,1
621675.81,1277863.50,887.47,886.00,887.47,0.63,0.35,0.28,1
621768.12,1277863.50,885.44,884.00,885.44,0.65,0.38,0.30,1
621860.38,1277863.50,874.48,873.00,874.48,0.67,0.39,0.32,1
621952.69,1277863.50,855.59,854.00,855.59,0.67,0.39,0.31,1
622044.94,1277863.50,843.70,842.00,843.70,0.66,0.37,0.29,1
622137.19,1277863.50,830.73,829.00,830.73,0.64,0.36,0.28,1
622229.50,1277863.50,809.72,808.00,809.72,0.63,0.35,0.27,1
622321.75,1277863.50,793.69,792.00,793.69,0.62,0.34,0.26,1
622414.06,1277863.50,788.66,787.00,788.66,0.63,0.35,0.27,1
622506.31,1277863.50,791.64,790.00,791.64,0.63,0.35,0.27,1
622598.62,1277863.50,798.61,797.00,798.61,0.63,0.35,0.27,1
622690.88,1277863.50,801.59,800.00,801.59,0.63,0.36,0.28,1
622783.19,1277863.50,797.56,796.00,797.56,0.64,0.36,0.28,1
622875.44,1277863.50,795.53,794.00,795.53,0.63,0.35,0.27,1
622967.69,1277863.50,803.50,802.00,803.50,0.61,0.34,0.26,1
623060.00,1277863.50,820.45,819.00,820.45,0.59,0.32,0.24,1
623152.25,1277863.50,848.39,847.00,848.39,0.58,0.31,0.24,1
623244.56,1277863.50,875.34,874.00,875.34,0.61,0.34,0.27,1
623336.81,1277863.50,870.29,869.00,870.29,0.63,0.36,0.29,1
623429.12,1277863.50,866.26,865.00,866.26,0.63,0.36,0.29,1
623521.38,1277863.50,878.25,877.00,878.25,0.63,0.36,0.29,1
623613.69,1277863.50,877.24,876.00,877.24,0.63,0.37,0.29,1
623705.94,1277863.50,867.24,866.00,867.24,0.63,0.37,0.29,1
623798.19,1277863.50,855.25,854.00,855.25,0.64,0.37,0.30,1
623890.50,1277863.50,848.27,847.00,848.27,0.64,0.37,0.30,1
623982.75,1277863.50,847.31,846.00,847.31,0.62,0.35,0.28,1
624075.06,1277863.50,856.36,855.00,856.36,0.60,0.33,0.25,1
624167.31,1277863.50,873.42,872.00,873.42,0.60,0.33,0.25,1
624259.62,1277863.50,888.46,887.00,888.46,0.61,0.34,0.26,1
624351.88,1277863.50,886.48,885.00,886.48,0.62,0.35,0.27,1
624444.19,1277863.50,879.50,878.00,879.50,0.62,0.35,0.27,1
624536.44,1277863.50,880.50,879.00,880.50,0.62,0.35,0.27,1
624628.69,1277863.50,876.50,875.00,876.50,0.63,0.36,0.28,1
624721.00,1277863.50,863.50,862.00,863.50,0.64,0.37,0.29,1
624813.25,1277863.50,853.47,852.00,853.47,0.64,0.36,0.28,1
624905.56,1277863.50,855.43,854.00,855.43,0.63,0.36,0.28,1
624997.81,1277863.50,864.36,863.00,864.36,0.63,0.36,0.28,1
625090.12,1277863.50,857.26,856.00,857.26,0.64,0.37,0.30,1
625182.38,1277863.50,844.12,843.00,844.12,0.64,0.38,0.31,1
625274.69,1277863.50,839.99,839.00,839.99,0.65,0.40,0.32,1
625366.94,1277863.50,836.67,836.00,836.67,0.57,0.34,0.27,1
625459.19,1277863.50,-9999.00,-9999.00,-9999.00,0.71,0.71,0.71,0
614385.88,1277771.25,-9999.00,-9999.00,-9999.00,0.71,0.71,0.71,0
614478.12,1277771.25,779.06,778.00,779.06,0.31,0.05,-0.02,1
614570.44,1277771.25,780.09,779.00,780.09,0.64,0.39,0.31,1
614662.69,1277771.25,782.12,781.00,782.12,0.63,0.37,0.30,1
614755.00,1277771.25,785.23,784.00,785.23,0.61,0.35,0.27,1
614847.25,1277771.25,791.33,790.00,791.33,0.61,0.34,0.26,1
614939.56,1277771.25,801.38,800.00,801.38,0.61,0.34,0.26,1
615031.81,1277771.25,811.41,810.00,811.41,0.61,0.34,0.26,1
615124.12,1277771.25,815.41,814.00,815.41,0.63,0.36,0.28,1
615216.38,1277771.25,810.41,809.00,810.41,0.64,0.37,0.29,1
615308.62,1277771.25,799.40,798.00,799.40,0.63,0.36,0.28,1
615400.94,1277771.25,803.36,802.00,803.36,0.61,0.34,0.27,1
615493.19,1277771.25,816.28,815.00,816.28,0.62,0.35,0.27,1
615585.50,1277771.25,822.18,821.00,822.18,0.64,0.38,0.31,1
615677.75,1277771.25,808.03,807.00,808.03,0.66,0.40,0.33,1
615770.06,1277771.25,791.89,791.00,791.89,0.64,0.40,0.33,1
615862.31,1277771.25,791.79,791.00,791.79,0.62,0.38,0.31,1
615954.62,1277771.25,800.72,800.00,800.72,0.62,0.38,0.31,1
616046.88,1277771.25,806.69,806.00,806.69,0.62,0.39,0.32,1
616139.12,1277771.25,811.67,811.00,811.67,0.63,0.39,0.32,1
616231.44,1277771.25,812.67,812.00,812.67,0.63,0.40,0.33,1
616323.69,1277771.25,818.68,818.00,818.68,0.63,0.40,0.33,1
616416.00,1277771.25,830.71,830.00,830.71,0.64,0.40,0.33,1
616508.25,1277771.25,842.76,842.00,842.76,0.63,0.39,0.33,1
616600.56,1277771.25,857.86,857.00,857.86,0.62,0.37,0.30,1
616692.81,1277771.25,877.01,876.00,877.01,0.60,0.35,0.28,1
616785.12,1277771.25,894.16,893.00,894.16,0.59,0.33,0.26,1
616877.38,1277771.25,916.26,915.00,916.26,0.57,0.31,0.23,1
616969.62,1277771.25,954.31,953.00,954.31,0.57,0.30,0.22,1
617061.94,1277771.25,958.35,957.00,958.35,0.61,0.34,0.26,1
617154.19,1277771.25,949.40,948.00,949.40,0.64,0.37,0.29,1
617246.50,1277771.25,937.43,936.00,937.43,0.65,0.38,0.30,1
617338.75,1277771.25,931.44,930.00,931.44,0.64,0.37,0.29,1
617431.06,1277771.25,936.45,935.00,936.45,0.63,0.36,0.28,1
617523.31,1277771.25,947.46,946.00,947.46,0.63,0.36,0.28,1
617615.62,1277771.25,956.48,955.00,956.48,0.63,0.35,0.27,1
617707.88,1277771.25,972.52,971.00,972.52,0.62,0.35,0.27,1
617800.12,1277771.25,992.55,991.00,992.55,0.62,0.34,0.26,1
617892.44,1277771.25,1014.60,1013.00,1014.60,0.62,0.34,0.26,1
617984.69,1277771.25,1030.71,1029.00,1030.71,0.62,0.34,0.26,1
618077.00,1277771.25,1040.92,1039.00,1040.92,0.64,0.35,0.27,1
618169.25,1277771.25,1018.32,1016.00,1018.32,0.64,0.34,0.25,1
618261.56,1277771.25,992.70,990.00,992.70,0.63,0.32,0.23,1
618353.81,1277771.25,989.81,987.00,989.81,0.62,0.31,0.22,1
618446.12,1277771.25,997.76,995.00,997.76,0.61,0.30,0.21,1
618538.38,1277771.25,1021.51,1019.00,1021.51,0.59,0.29,0.20,1
618630.62,1277771.25,1063.98,1062.00,1063.98,0.59,0.30,0.21,1
618722.94,1277771.25,1084.67,1083.00,1084.67,0.62,0.34,0.26,1
618815.19,1277771.25,1056.55,1055.00,1056.55,0.63,0.35,0.28,1
618907.50,1277771.25,1021.50,1020.00,1021.50,0.64,0.37,0.29,1
618999.75,1277771.25,1004.47,1003.00,1004.47,0.64,0.37,0.29,1
619092.06,1277771.25,996.44,995.00,996.44,0.65,0.38,0.30,1
619184.31,1277771.25,990.44,989.00,990.44,0.65,0.38,0.30,1
619276.62,1277771.25,976.44,975.00,976.44,0.65,0.38,0.30,1
619368.88,1277771.25,973.45,972.00,973.45,0.64,0.37,0.29,1
619461.19,1277771.25,981.46,980.00,981.46,0.65,0.37,0.30,1
619553.44,1277771.25,965.49,964.00,965.49,0.66,0.39,0.31,1
619645.69,1277771.25,943.54,942.00,943.54,0.66,0.38,0.31,1
619738.00,1277771.25,925.57,924.00,925.57,0.66,0.38,0.30,1
619830.25,1277771.25,916.53,915.00,916.53,0.65,0.37,0.30,1
619922.56,1277771.25,916.47,915.00,916.47,0.65,0.37,0.30,1
620014.81,1277771.25,912.45,911.00,912.45,0.64,0.37,0.29,1
620107.12,1277771.25,895.46,894.00,895.46,0.65,0.38,0.30,1
620199.38,1277771.25,888.51,887.00,888.51,0.65,0.38,0.30,1
620291.69,1277771.25,874.64,873.00,874.64,0.65,0.37,0.29,1
620383.94,1277771.25,859.84,858.00,859.84,0.64,0.35,0.27,1
620476.19,1277771.25,842.98,841.00,842.98,0.64,0.34,0.26,1
620568.50,1277771.25,834.04,832.00,834.04,0.64,0.34,0.26,1
620660.75,1277771.25,826.06,824.00,826.06,0.64,0.34,0.26,1
620753.06,1277771.25,815.04,813.00,815.04,0.63,0.34,0.26,1
620845.31,1277771.25,813.99,812.00,813.99,0.64,0.34,0.26,1
620937.62,1277771.25,809.90,808.00,809.90,0.64,0.35,0.27,1
621029.88,1277771.25,805.81,804.00,805.81,0.62,0.34,0.25,1
621122.19,1277771.25,816.76,815.00,816.76,0.61,0.32,0.24,1
621214.44,1277771.25,834.71,833.00,834.71,0.62,0.34,0.26,1
621306.69,1277771.25,831.68,830.00,831.68,0.64,0.35,0.27,1
621399.00,1277771.25,823.65,822.00,823.65,0.62,0.34,0.26,1
621491.25,1277771.25,836.60,835.00,836.60,0.59,0.31,0.23,1
621583.56,1277771.25,853.52,852.00,853.52,0.57,0.29,0.21,1
621675.81,1277771.25,876.47,875.00,876.47,0.57,0.30,0.22,1
621768.12,1277771.25,898.41,897.00,898.41,0.61,0.33,0.26,1
621860.38,1277771.25,908.37,907.00,908.37,0.64,0.37,0.29,1
621952.69,1277771.25,906.38,905.00,906.38,0.66,0.39,0.31,1
622044.94,1277771.25,880.51,879.00,880.51,0.66,0.39,0.31,1
622137.19,1277771.25,837.68,836.00,837.68,0.65,0.37,0.29,1
622229.50,1277771.25,804.71,803.00,804.71,0.64,0.36,0.28,1
622321.75,1277771.25,791.69,790.00,791.69,0.63,0.35,0.27,1
622414.06,1277771.25,797.67,796.00,797.67,0.62,0.34,0.26,1
622506.31,1277771.25,803.64,802.00,803.64,0.63,0.35,0.27,1
622598.62,1277771.25,810.62,809.00,810.62,0.63,0.35,0.27,1
622690.88,1277771.25,812.59,811.00,812.59,0.63,0.35,0.27,1
622783.19,1277771.25,812.56,811.00,812.56,0.64,0.36,0.28,1
622875.44,1277771.25,809.53,808.00,809.53,0.64,0.36,0.28,1
622967.69,1277771.25,811.50,810.00,811.50,0.63,0.35,0.27,1
623060.00,1277771.25,819.45,818.00,819.45,0.61,0.33,0.25,1
623152.25,1277771.25,840.39,839.00,840.39,0.58,0.31,0.24,1
623244.56,1277771.25,866.32,865.00,866.32,0.60,0.33,0.25,1
623336.81,1277771.25,868.27,867.00,868.27,0.62,0.35,0.28,1
623429.12,1277771.25,874.23,873.00,874.23,0.62,0.36,0.28,1
623521.38,1277771.25,885.21,884.00,885.21,0.63,0.37,0.29,1
623613.69,1277771.25,874.21,873.00,874.21,0.64,0.38,0.30,1
623705.94,1277771.25,861.21,860.00,861.21,0.64,0.37,0.30,1
623798.19,1277771.25,860.22,859.00,860.22,0.64,0.38,0.30,1
623890.50,1277771.25,862.25,861.00,862.25,0.64,0.38,0.30,1
623982.75,1277771.25,855.29,854.00,855.29,0.64,0.37,0.29,1
624075.06,1277771.25,860.36,859.00,860.36,0.62,0.35,0.27,1
624167.31,1277771.25,877.42,876.00,877.42,0.61,0.34,0.26,1
624259.62,1277771.25,883.46,882.00,883.46,0.62,0.34,0.27,1
624351.88,1277771.25,875.49,874.00,875.49,0.62,0.34,0.26,1
624444.19,1277771.25,872.50,871.00,872.50,0.62,0.34,0.26,1
624536.44,1277771.25,881.50,880.00,881.50,0.62,0.34,0.26,1
624628.69,1277771.25,886.50,885.00,886.50,0.63,0.36,0.28,1
624721.00,1277771.25,876.49,875.00,876.49,0.64,0.37,0.29,1
624813.25,1277771.25,863.46,862.00,863.46,0.64,0.36,0.28,1
624905.56,1277771.25,864.41,863.00,864.41,0.63,0.36,0.28,1
624997.81,1277771.25,867.32,866.00,867.32,0.63,0.36,0.28,1
625090.12,1277771.25,854.20,853.00,854.20,0.63,0.37,0.30,1
625182.38,1277771.25,848.06,847.00,848.06,0.64,0.38,0.31,1
625274.69,1277771.25,849.96,849.00,849.96,0.65,0.39,0.32,1
625366.94,1277771.25,842.61,842.00,842.61,0.57,0.34,0.27,1
625459.19,1277771.25,-9999.00,-9999.00,-9999.00,0.71,0.71,0.71,0
614385.88,1277679.00,-9999.00,-9999.00,-9999.00,0.71,0.71,0.71,0
614478.12,1277679.00,798.07,797.00,798.07,0.31,0.05,-0.02,1
614570.44,1277679.00,804.10,803.00,804.10,0.65,0.39,0.32,1
614662.69,1277679.00,799.12,798.00,799.12,0.66,0.40,0.32,1
614755.00,1277679.00,787.22,786.00,787.22,0.64,0.38,0.30,1
614847.25,1277679.00,789.33,788.00,789.33,0.62,0.35,0.27,1
614939.56,1277679.00,799.40,798.00,799.40,0.61,0.34,0.26,1
615031.81,1277679.00,812.43,811.00,812.43,0.61,0.34,0.26,1
615124.12,1277679.00,819.45,818.00,819.45,0.63,0.35,0.28,1
615216.38,1277679.00,812.45,811.00,812.45,0.64,0.36,0.29,1
615308.62,1277679.00,799.44,798.00,799.44,0.64,0.36,0.28,1
615400.94,1277679.00,799.42,798.00,799.42,0.61,0.34,0.26,1
615493.19,1277679.00,812.37,811.00,812.37,0.60,0.33,0.25,1
615585.50,1277679.00,825.29,824.00,825.29,0.62,0.35,0.28,1
615677.75,1277679.00,818.17,817.00,818.17,0.65,0.39,0.31,1
615770.06,1277679.00,800.04,799.00,800.04,0.66,0.40,0.33,1
615862.31,1277679.00,794.94,794.00,794.94,0.64,0.39,0.32,1
615954.62,1277679.00,804.88,804.00,804.88,0.63,0.38,0.31,1
616046.88,1277679.00,811.84,811.00,811.84,0.64,0.39,0.32,1
616139.12,1277679.00,816.83,816.00,816.83,0.64,0.40,0.33,1
616231.44,1277679.00,820.83,820.00,820.83,0.63,0.39,0.32,1
616323.69,1277679.00,835.83,835.00,835.83,0.62,0.38,0.31,1
616416.00,1277679.00,851.85,851.00,851.85,0.63,0.38,0.31,1
616508.25,1277679.00,866.90,866.00,866.90,0.64,0.39,0.32,1
616600.56,1277679.00,874.99,874.00,874.99,0.64,0.39,0.32,1
616692.81,1277679.00,882.11,881.00,882.11,0.63,0.37,0.30,1
616785.12,1277679.00,890.25,889.00,890.25,0.61,0.35,0.27,1
616877.38,1277679.00,903.34,902.00,903.34,0.59,0.32,0.25,1
616969.62,1277679.00,924.40,923.00,924.40,0.58,0.31,0.23,1
617061.94,1277679.00,934.43,933.00,934.43,0.59,0.32,0.24,1
617154.19,1277679.00,943.46,942.00,943.46,0.61,0.33,0.26,1
617246.50,1277679.00,947.47,946.00,947.47,0.63,0.35,0.28,1
617338.75,1277679.00,946.48,945.00,946.48,0.63,0.36,0.28,1
617431.06,1277679.00,954.47,953.00,954.47,0.63,0.36,0.28,1
617523.31,1277679.00,963.46,962.00,963.46,0.63,0.35,0.27,1
617615.62,1277679.00,976.46,975.00,976.46,0.62,0.35,0.27,1
617707.88,1277679.00,996.47,995.00,996.47,0.62,0.35,0.27,1
617800.12,1277679.00,1012.50,1011.00,1012.50,0.62,0.35,0.27,1
617892.44,1277679.00,1031.55,1030.00,1031.55,0.62,0.34,0.26,1
617984.69,1277679.00,1048.67,1047.00,1048.67,0.63,0.35,0.27,1
618077.00,1277679.00,1057.88,1056.00,1057.88,0.64,0.35,0.27,1
618169.25,1277679.00,1040.27,1038.00,1040.27,0.64,0.34,0.26,1
618261.56,1277679.00,1026.79,1024.00,1026.79,0.63,0.32,0.23,1
618353.81,1277679.00,1025.00,1022.00,1025.00,0.62,0.31,0.22,1
618446.12,1277679.00,1020.94,1018.00,1020.94,0.62,0.30,0.21,1
618538.38,1277679.00,1031.63,1029.00,1031.63,0.60,0.30,0.21,1
618630.62,1277679.00,1065.07,1063.00,1065.07,0.60,0.31,0.23,1
618722.94,1277679.00,1068.72,1067.00,1068.72,0.62,0.34,0.26,1
618815.19,1277679.00,1040.58,1039.00,1040.58,0.64,0.36,0.28,1
618907.50,1277679.00,1027.51,1026.00,1027.51,0.64,0.37,0.29,1
618999.75,1277679.00,1022.47,1021.00,1022.47,0.65,0.37,0.29,1
619092.06,1277679.00,1018.46,1017.00,1018.46,0.65,0.38,0.30,1
619184.31,1277679.00,1012.45,1011.00,1012.45,0.66,0.38,0.30,1
619276.62,1277679.00,997.45,996.00,997.45,0.66,0.38,0.30,1
619368.88,1277679.00,1000.45,999.00,1000.45,0.65,0.37,0.30,1
619461.19,1277679.00,1004.44,1003.00,1004.44,0.66,0.38,0.31,1
619553.44,1277679.00,989.46,988.00,989.46,0.67,0.39,0.31,1
619645.69,1277679.00,972.52,971.00,972.52,0.66,0.39,0.31,1
619738.00,1277679.00,955.55,954.00,955.55,0.66,0.38,0.30,1
619830.25,1277679.00,948.52,947.00,948.52,0.65,0.38,0.30,1
619922.56,1277679.00,945.46,944.00,945.46,0.66,0.39,0.31,1
620014.81,1277679.00,923.44,922.00,923.44,0.65,0.38,0.30,1
620107.12,1277679.00,916.45,915.00,916.45,0.65,0.38,0.30,1
620199.38,1277679.00,913.51,912.00,913.51,0.66,0.39,0.31,1
620291.69,1277679.00,888.65,887.00,888.65,0.66,0.38,0.30,1
620383.94,1277679.00,868.92,867.00,868.92,0.65,0.36,0.27,1
620476.19,1277679.00,857.12,855.00,857.12,0.64,0.34,0.26,1
620568.50,1277679.00,856.21,854.00,856.21,0.64,0.34,0.25,1
620660.75,1277679.00,842.23,840.00,842.23,0.64,0.34,0.25,1
620753.06,1277679.00,834.21,832.00,834.21,0.63,0.33,0.25,1
620845.31,1277679.00,842.14,840.00,842.14,0.63,0.34,0.25,1
620937.62,1277679.00,830.02,828.00,830.02,0.64,0.35,0.26,1
621029.88,1277679.00,810.91,809.00,810.91,0.63,0.34,0.26,1
621122.19,1277679.00,822.82,821.00,822.82,0.60,0.32,0.24,1
621214.44,1277679.00,846.75,845.00,846.75,0.62,0.33,0.25,1
621306.69,1277679.00,843.70,842.00,843.70,0.64,0.36,0.28,1
621399.00,1277679.00,829.65,828.00,829.65,0.64,0.36,0.28,1
621491.25,1277679.00,829.61,828.00,829.61,0.62,0.34,0.26,1
621583.56,1277679.00,831.55,830.00,831.55,0.59,0.32,0.24,1
621675.81,1277679.00,857.48,856.00,857.48,0.57,0.29,0.21,1
621768.12,1277679.00,892.43,891.00,892.43,0.58,0.31,0.23,1
621860.38,1277679.00,907.39,906.00,907.39,0.61,0.34,0.26,1
621952.69,1277679.00,893.38,892.00,893.38,0.62,0.34,0.27,1
622044.94,1277679.00,868.48,867.00,868.48,0.62,0.35,0.27,1
622137.19,1277679.00,833.66,832.00,833.66,0.64,0.36,0.28,1
622229.50,1277679.00,808.69,807.00,808.69,0.64,0.36,0.28,1
622321.75,1277679.00,802.69,801.00,802.69,0.63,0.35,0.27,1
622414.06,1277679.00,806.67,805.00,806.67,0.62,0.34,0.26,1
622506.31,1277679.00,816.65,815.00,816.65,0.63,0.35,0.27,1
622598.62,1277679.00,822.62,821.00,822.62,0.63,0.35,0.27,1
622690.88,1277679.00,827.59,826.00,827.59,0.63,0.35,0.27,1
622783.19,1277679.00,828.56,827.00,828.56,0.64,0.36,0.28,1
622875.44,1277679.00,827.53,826.00,827.53,0.64,0.37,0.29,1
622967.69,1277679.00,821.50,820.00,821.50,0.64,0.36,0.29,1
623060.00,1277679.00,823.45,822.00,823.45,0.63,0.35,0.27,1
623152.25,1277679.00,838.39,837.00,838.39,0.61,0.34,0.26,1
623244.56,1277679.00,860.31,859.00,860.31,0.60,0.33,0.26,1
623336.81,1277679.00,869.24,868.00,869.24,0.61,0.34,0.27,1
623429.12,1277679.00,882.20,881.00,882.20,0.62,0.35,0.28,1
623521.38,1277679.00,886.18,885.00,886.18,0.63,0.37,0.29,1
623613.69,1277679.00,875.17,874.00,875.17,0.64,0.37,0.30,1
623705.94,1277679.00,872.18,871.00,872.18,0.64,0.38,0.30,1
623798.19,1277679.00,878.20,877.00,878.20,0.64,0.38,0.30,1
623890.50,1277679.00,874.23,873.00,874.23,0.65,0.38,0.31,1
623982.75,1277679.00,863.29,862.00,863.29,0.64,0.37,0.29,1
624075.06,1277679.00,870.36,869.00,870.36,0.62,0.35,0.27,1
624167.31,1277679.00,881.43,880.00,881.43,0.62,0.34,0.27,1
624259.62,1277679.00,878.47,877.00,878.47,0.62,0.35,0.27,1
624351.88,1277679.00,866.50,865.00,866.50,0.62,0.34,0.26,1
624444.19,1277679.00,872.51,871.00,872.51,0.61,0.33,0.26,1
624536.44,1277679.00,888.51,887.00,888.51,0.62,0.34,0.26,1
624628.69,1277679.00,888.51,887.00,888.51,0.63,0.35,0.27,1
624721.00,1277679.00,875.50,874.00,875.50,0.63,0.35,0.27,1
624813.25,1277679.00,866.46,865.00,866.46,0.62,0.35,0.27,1
624905.56,1277679.00,867.41,866.00,867.41,0.62,0.35,0.28,1
624997.81,1277679.00,862.30,861.00,862.30,0.64,0.37,0.29,1
625090.12,1277679.00,852.15,851.00,852.15,0.64,0.38,0.31,1
625182.38,1277679.00,857.02,856.00,857.02,0.64,0.39,0.32,1
625274.69,1277679.00,857.95,857.00,857.95,0.65,0.40,0.33,1
625366.94,1277679.00,851.60,851.00,851.60,0.57,0.34,0.27,1
625459.19,1277679.00,-9999.00,-9999.00,-9999.00,0.71,0.71,0.71,0
614385.88,1277586.75,-9999.00,-9999.00,-9999.00,0.71,0.71,0.71,0
614478.12,1277586.75,803.07,802.00,803.07,0.31,0.06,-0.02,1
614570.44,1277586.75,815.11,814.00,815.11,0.62,0.36,0.29,1
614662.69,1277586.75,815.13,814.00,815.13,0.65,0.39,0.31,1
614755.00,1277586.75,799.23,798.00,799.23,0.65,0.38,0.31,1
614847.25,1277586.75,796.35,795.00,796.35,0.62,0.35,0.28,1
614939.56,1277586.75,805.43,804.00,805.43,0.61,0.34,0.26,1
615031.81,1277586.75,818.47,817.00,818.47,0.61,0.34,0.26,1
615124.12,1277586.75,822.50,821.00,822.50,0.63,0.35,0.27,1
615216.38,1277586.75,817.50,816.00,817.50,0.64,0.36,0.29,1
615308.62,1277586.75,807.50,806.00,807.50,0.64,0.37,0.29,1
615400.94,1277586.75,798.50,797.00,798.50,0.63,0.35,0.27,1
615493.19,1277586.75,804.47,803.00,804.47,0.61,0.33,0.25,1
615585.50,1277586.75,818.42,817.00,818.42,0.61,0.33,0.26,1
615677.75,1277586.75,821.34,820.00,821.34,0.63,0.36,0.28,1
615770.06,1277586.75,812.24,811.00,812.24,0.65,0.38,0.31,1
615862.31,1277586.75,808.15,807.00,808.15,0.65,0.38,0.31,1
615954.62,1277586.75,818.08,817.00,818.08,0.63,0.38,0.30,1
616046.88,1277586.75,831.05,830.00,831.05,0.64,0.38,0.31,1
616139.12,1277586.75,836.03,835.00,836.03,0.64,0.39,0.32,1
616231.44,1277586.75,837.03,836.00,837.03,0.64,0.38,0.31,1
616323.69,1277586.75,849.04,848.00,849.04,0.62,0.37,0.29,1
616416.00,1277586.75,867.05,866.00,867.05,0.62,0.36,0.29,1
616508.25,1277586.75,887.09,886.00,887.09,0.62,0.37,0.29,1
616600.56,1277586.75,896.15,895.00,896.15,0.63,0.37,0.30,1
616692.81,1277586.75,898.25,897.00,898.25,0.64,0.37,0.30,1
616785.12,1277586.75,900.37,899.00,900.37,0.63,0.36,0.28,1
616877.38,1277586.75,903.45,902.00,903.45,0.62,0.34,0.27,1
616969.62,1277586.75,915.49,914.00,915.49,0.61,0.33,0.26,1
617061.94,1277586.75,923.52,922.00,923.52,0.61,0.33,0.25,1
617154.19,1277586.75,937.52,936.00,937.52,0.61,0.33,0.25,1
617246.50,1277586.75,949.52,948.00,949.52,0.61,0.34,0.26,1
617338.75,1277586.75,959.50,958.00,959.50,0.62,0.35,0.27,1
617431.06,1277586.75,968.47,967.00,968.47,0.63,0.35,0.27,1
617523.31,1277586.75,979.44,978.00,979.44,0.63,0.35,0.27,1
617615.62,1277586.75,993.42,992.00,993.42,0.61,0.34,0.26,1
617707.88,1277586.75,1020.41,1019.00,1020.41,0.61,0.34,0.26,1
617800.12,1277586.75,1039.42,1038.00,1039.42,0.62,0.35,0.27,1
617892.44,1277586.75,1057.47,1056.00,1057.47,0.62,0.35,0.27,1
617984.69,1277586.75,1077.55,1076.00,1077.55,0.63,0.35,0.27,1
618077.00,1277586.75,1084.70,1083.00,1084.70,0.64,0.36,0.28,1
618169.25,1277586.75,1072.95,1071.00,1072.95,0.65,0.36,0.28,1
618261.56,1277586.75,1061.43,1059.00,1061.43,0.64,0.34,0.25,1
618353.81,1277586.75,1053.83,1051.00,1053.83,0.63,0.32,0.23,1
618446.12,1277586.75,1042.89,1040.00,1042.89,0.62,0.31,0.22,1
618538.38,1277586.75,1051.62,1049.00,1051.62,0.61,0.31,0.22,1
618630.62,1277586.75,1075.08,1073.00,1075.08,0.62,0.32,0.24,1
618722.94,1277586.75,1065.73,1064.00,1065.73,0.63,0.35,0.27,1
618815.19,1277586.75,1049.58,1048.00,1049.58,0.65,0.37,0.29,1
618907.50,1277586.75,1043.51,1042.00,1043.51,0.64,0.37,0.29,1
618999.75,1277586.75,1039.47,1038.00,1039.47,0.64,0.37,0.29,1
619092.06,1277586.75,1037.46,1036.00,1037.46,0.64,0.37,0.29,1
619184.31,1277586.75,1037.46,1036.00,1037.46,0.64,0.37,0.29,1
619276.62,1277586.75,1036.45,1035.00,1036.45,0.65,0.38,0.30,1
619368.88,1277586.75,1039.43,1038.00,1039.43,0.65,0.37,0.30,1
619461.19,1277586.75,1045.39,1044.00,1045.39,0.66,0.39,0.31,1
619553.44,1277586.75,1033.35,1032.00,1033.35,0.67,0.40,0.32,1
619645.69,1277586.75,1011.37,1010.00,1011.37,0.67,0.40,0.32,1
619738.00,1277586.75,988.44,987.00,988.44,0.66,0.39,0.31,1
619830.25,1277586.75,979.44,978.00,979.44,0.66,0.38,0.31,1
619922.56,1277586.75,966.43,965.00,966.43,0.66,0.39,0.31,1
620014.81,1277586.75,944.42,943.00,944.42,0.65,0.38,0.30,1
620107.12,1277586.75,951.40,950.00,951.40,0.65,0.38,0.30,1
620199.38,1277586.75,945.42,944.00,945.42,0.67,0.39,0.32,1
620291.69,1277586.75,915.56,914.00,915.56,0.67,0.39,0.31,1
620383.94,1277586.75,893.89,892.00,893.89,0.65,0.36,0.28,1
620476.19,1277586.75,889.14,887.00,889.14,0.64,0.35,0.26,1
620568.50,1277586.75,875.24,873.00,875.24,0.64,0.34,0.26,1
620660.75,1277586.75,866.27,864.00,866.27,0.64,0.34,0.25,1
620753.06,1277586.75,866.26,864.00,866.26,0.64,0.34,0.25,1
620845.31,1277586.75,862.20,860.00,862.20,0.64,0.34,0.25,1
620937.62,1277586.75,838.11,836.00,838.11,0.64,0.34,0.26,1
621029.88,1277586.75,818.98,817.00,818.98,0.63,0.34,0.26,1
621122.19,1277586.75,826.86,825.00,826.86,0.61,0.32,0.24,1
621214.44,1277586.75,852.77,851.00,852.77,0.61,0.32,0.24,1
621306.69,1277586.75,861.71,860.00,861.71,0.63,0.35,0.27,1
621399.00,1277586.75,847.67,846.00,847.67,0.64,0.36,0.28,1
621491.25,1277586.75,840.63,839.00,840.63,0.64,0.36,0.28,1
621583.56,1277586.75,834.58,833.00,834.58,0.62,0.34,0.26,1
621675.81,1277586.75,850.53,849.00,850.53,0.58,0.31,0.23,1
621768.12,1277586.75,888.48,887.00,888.48,0.59,0.31,0.23,1
621860.38,1277586.75,888.45,887.00,888.45,0.61,0.33,0.25,1
621952.69,1277586.75,864.47,863.00,864.47,0.61,0.34,0.26,1
622044.94,1277586.75,842.58,841.00,842.58,0.62,0.34,0.26,1
622137.19,1277586.75,826.66,825.00,826.66,0.63,0.35,0.27,1
622229.50,1277586.75,823.67,822.00,823.67,0.64,0.36,0.28,1
622321.75,1277586.75,814.68,813.00,814.68,0.63,0.35,0.27,1
622414.06,1277586.75,821.67,820.00,821.67,0.62,0.34,0.26,1
622506.31,1277586.75,835.65,834.00,835.65,0.63,0.35,0.27,1
622598.62,1277586.75,838.62,837.00,838.62,0.63,0.35,0.27,1
622690.88,1277586.75,843.59,842.00,843.59,0.63,0.36,0.28,1
622783.19,1277586.75,845.56,844.00,845.56,0.64,0.36,0.28,1
622875.44,1277586.75,842.53,841.00,842.53,0.64,0.36,0.28,1
622967.69,1277586.75,838.50,837.00,838.50,0.64,0.36,0.28,1
623060.00,1277586.75,845.45,844.00,845.45,0.63,0.36,0.28,1
623152.25,1277586.75,856.39,855.00,856.39,0.63,0.36,0.28,1
623244.56,1277586.75,861.31,860.00,861.31,0.63,0.36,0.28,1
623336.81,1277586.75,865.22,864.00,865.22,0.61,0.35,0.27,1
623429.12,1277586.75,879.16,878.00,879.16,0.61,0.35,0.28,1
623521.38,1277586.75,881.14,880.00,881.14,0.63,0.37,0.29,1
623613.69,1277586.75,876.13,875.00,876.13,0.63,0.37,0.30,1
623705.94,1277586.75,882.15,881.00,882.15,0.63,0.37,0.29,1
623798.19,1277586.75,883.17,882.00,883.17,0.63,0.36,0.29,1
623890.50,1277586.75,880.23,879.00,880.23,0.63,0.37,0.29,1
623982.75,1277586.75,872.30,871.00,872.30,0.64,0.37,0.29,1
624075.06,1277586.75,870.38,869.00,870.38,0.62,0.35,0.27,1
624167.31,1277586.75,874.44,873.00,874.44,0.61,0.34,0.26,1
624259.62,1277586.75,867.49,866.00,867.49,0.62,0.34,0.26,1
624351.88,1277586.75,859.51,858.00,859.51,0.61,0.34,0.26,1
624444.19,1277586.75,875.52,874.00,875.52,0.60,0.33,0.25,1
624536.44,1277586.75,888.53,887.00,888.53,0.62,0.34,0.26,1
624628.69,1277586.75,880.52,879.00,880.52,0.62,0.35,0.27,1
624721.00,1277586.75,862.51,861.00,862.51,0.62,0.35,0.27,1
624813.25,1277586.75,853.47,852.00,853.47,0.61,0.34,0.26,1
624905.56,1277586.75,862.41,861.00,862.41,0.61,0.33,0.26,1
624997.81,1277586.75,870.29,869.00,870.29,0.63,0.36,0.29,1
625090.12,1277586.75,871.11,870.00,871.11,0.65,0.39,0.31,1
625182.38,1277586.75,876.96,876.00,876.96,0.65,0.40,0.33,1
625274.69,1277586.75,876.90,876.00,876.90,0.66,0.41,0.34,1
625366.94,1277586.75,875.56,875.00,875.56,0.57,0.34,0.28,1
625459.19,1277586.75,-9999.00,-9999.00,-9999.00,0.71,0.71,0.71,0
614385.88,1277494.38,-9999.00,-9999.00,-9999.00,0.71,0.71,0.71,0
614478.12,1277494.38,794.08,793.00,794.08,0.31,0.06,-0.02,1
614570.44,1277494.38,810.12,809.00,810.12,0.59,0.33,0.26,1
614662.69,1277494.38,817.15,816.00,817.15,0.62,0.36,0.28,1
614755.00,1277494.38,805.25,804.00,805.25,0.64,0.37,0.29,1
614847.25,1277494.38,794.39,793.00,794.39,0.62,0.35,0.28,1
614939.56,1277494.38,797.48,796.00,797.48,0.61,0.33,0.25,1
615031.81,1277494.38,812.53,811.00,812.53,0.60,0.32,0.24,1
615124.12,1277494.38,824.56,823.00,824.56,0.61,0.34,0.26,1
615216.38,1277494.38,828.57,827.00,828.57,0.63,0.36,0.28,1
615308.62,1277494.38,818.58,817.00,818.58,0.65,0.37,0.29,1
615400.94,1277494.38,804.58,803.00,804.58,0.64,0.36,0.28,1
615493.19,1277494.38,804.56,803.00,804.56,0.62,0.35,0.27,1
615585.50,1277494.38,814.54,813.00,814.54,0.61,0.34,0.26,1
615677.75,1277494.38,822.49,821.00,822.49,0.62,0.34,0.26,1
615770.06,1277494.38,827.43,826.00,827.43,0.63,0.36,0.28,1
615862.31,1277494.38,834.36,833.00,834.36,0.64,0.37,0.29,1
615954.62,1277494.38,844.32,843.00,844.32,0.64,0.37,0.29,1
616046.88,1277494.38,852.29,851.00,852.29,0.64,0.37,0.30,1
616139.12,1277494.38,850.28,849.00,850.28,0.64,0.37,0.29,1
616231.44,1277494.38,850.28,849.00,850.28,0.63,0.36,0.28,1
616323.69,1277494.38,865.28,864.00,865.28,0.62,0.35,0.28,1
616416.00,1277494.38,884.29,883.00,884.29,0.62,0.35,0.28,1
616508.25,1277494.38,896.31,895.00,896.31,0.63,0.36,0.28,1
616600.56,1277494.38,901.35,900.00,901.35,0.63,0.36,0.28,1
616692.81,1277494.38,907.42,906.00,907.42,0.63,0.35,0.28,1
616785.12,1277494.38,910.50,909.00,910.50,0.63,0.35,0.27,1
616877.38,1277494.38,910.56,909.00,910.56,0.62,0.34,0.27,1
616969.62,1277494.38,923.58,922.00,923.58,0.62,0.34,0.26,1
617061.94,1277494.38,929.59,928.00,929.59,0.62,0.34,0.26,1
617154.19,1277494.38,942.59,941.00,942.59,0.61,0.33,0.26,1
617246.50,1277494.38,956.56,955.00,956.56,0.61,0.34,0.26,1
617338.75,1277494.38,970.52,969.00,970.52,0.62,0.34,0.26,1
617431.06,1277494.38,984.46,983.00,984.46,0.62,0.35,0.27,1
617523.31,1277494.38,1000.41,999.00,1000.41,0.62,0.35,0.28,1
617615.62,1277494.38,1011.36,1010.00,1011.36,0.62,0.35,0.27,1
617707.88,1277494.38,1034.32,1033.00,1034.32,0.61,0.34,0.26,1
617800.12,1277494.38,1061.30,1060.00,1061.30,0.61,0.34,0.26,1
617892.44,1277494.38,1086.31,1085.00,1086.31,0.61,0.35,0.27,1
617984.69,1277494.38,1106.33,1105.00,1106.33,0.63,0.36,0.28,1
618077.00,1277494.38,1111.34,1110.00,1111.34,0.65,0.38,0.30,1
618169.25,1277494.38,1106.29,1105.00,1106.29,0.67,0.40,0.32,1
618261.56,1277494.38,1095.40,1094.00,1095.40,0.66,0.39,0.32,1
618353.81,1277494.38,1088.73,1087.00,1088.73,0.65,0.37,0.29,1
618446.12,1277494.38,1080.07,1078.00,1080.07,0.65,0.35,0.27,1
618538.38,1277494.38,1078.16,1076.00,1078.16,0.63,0.34,0.25,1
618630.62,1277494.38,1085.90,1084.00,1085.90,0.63,0.34,0.26,1
618722.94,1277494.38,1072.64,1071.00,1072.64,0.64,0.36,0.28,1
618815.19,1277494.38,1070.52,1069.00,1070.52,0.65,0.37,0.29,1
618907.50,1277494.38,1061.47,1060.00,1061.47,0.65,0.38,0.30,1
618999.75,1277494.38,1053.46,1052.00,1053.46,0.64,0.37,0.29,1
619092.06,1277494.38,1053.46,1052.00,1053.46,0.64,0.37,0.29,1
619184.31,1277494.38,1055.46,1054.00,1055.46,0.64,0.36,0.29,1
619276.62,1277494.38,1060.46,1059.00,1060.46,0.64,0.37,0.29,1
619368.88,1277494.38,1064.44,1063.00,1064.44,0.64,0.36,0.28,1
619461.19,1277494.38,1073.38,1072.00,1073.38,0.64,0.37,0.29,1
619553.44,1277494.38,1061.35,1060.00,1061.35,0.66,0.39,0.31,1
619645.69,1277494.38,1034.36,1033.00,1034.36,0.66,0.39,0.31,1
619738.00,1277494.38,1012.41,1011.00,1012.41,0.66,0.39,0.31,1
619830.25,1277494.38,995.43,994.00,995.43,0.65,0.38,0.30,1
619922.56,1277494.38,982.44,981.00,982.44,0.65,0.38,0.30,1
620014.81,1277494.38,969.42,968.00,969.42,0.64,0.37,0.29,1
620107.12,1277494.38,981.35,980.00,981.35,0.65,0.38,0.30,1
620199.38,1277494.38,965.27,964.00,965.27,0.67,0.40,0.33,1
620291.69,1277494.38,943.26,942.00,943.26,0.67,0.41,0.33,1
620383.94,1277494.38,931.43,930.00,931.43,0.67,0.39,0.32,1
620476.19,1277494.38,925.59,924.00,925.59,0.66,0.38,0.30,1
620568.50,1277494.38,916.72,915.00,916.72,0.66,0.37,0.29,1
620660.75,1277494.38,907.86,906.00,907.86,0.65,0.37,0.28,1
620753.06,1277494.38,899.02,897.00,899.02,0.65,0.36,0.28,1
620845.31,1277494.38,871.17,869.00,871.17,0.65,0.35,0.26,1
620937.62,1277494.38,845.14,843.00,845.14,0.64,0.35,0.26,1
621029.88,1277494.38,834.02,832.00,834.02,0.63,0.34,0.26,1
621122.19,1277494.38,844.87,843.00,844.87,0.62,0.33,0.25,1
621214.44,1277494.38,864.78,863.00,864.78,0.62,0.33,0.25,1
621306.69,1277494.38,867.72,866.00,867.72,0.63,0.34,0.26,1
621399.00,1277494.38,855.69,854.00,855.69,0.64,0.36,0.28,1
621491.25,1277494.38,844.66,843.00,844.66,0.64,0.36,0.28,1
621583.56,1277494.38,834.62,833.00,834.62,0.62,0.34,0.26,1
621675.81,1277494.38,849.59,848.00,849.59,0.60,0.32,0.24,1
621768.12,1277494.38,874.56,873.00,874.56,0.60,0.32,0.24,1
621860.38,1277494.38,862.55,861.00,862.55,0.61,0.33,0.25,1
621952.69,1277494.38,844.58,843.00,844.58,0.62,0.34,0.26,1
622044.94,1277494.38,832.65,831.00,832.65,0.62,0.34,0.26,1
622137.19,1277494.38,832.67,831.00,832.67,0.63,0.35,0.27,1
622229.50,1277494.38,831.67,830.00,831.67,0.63,0.35,0.27,1
622321.75,1277494.38,824.67,823.00,824.67,0.63,0.35,0.27,1
622414.06,1277494.38,834.67,833.00,834.67,0.62,0.34,0.26,1
622506.31,1277494.38,850.65,849.00,850.65,0.62,0.34,0.26,1
622598.62,1277494.38,856.62,855.00,856.62,0.63,0.35,0.27,1
622690.88,1277494.38,860.58,859.00,860.58,0.64,0.36,0.28,1
622783.19,1277494.38,857.55,856.00,857.55,0.64,0.36,0.28,1
622875.44,1277494.38,852.52,851.00,852.52,0.64,0.36,0.28,1
622967.69,1277494.38,854.50,853.00,854.50,0.64,0.36,0.28,1
623060.00,1277494.38,864.46,863.00,864.46,0.64,0.36,0.28,1
623152.25,1277494.38,873.40,872.00,873.40,0.64,0.37,0.29,1
623244.56,1277494.38,873.31,872.00,873.31,0.64,0.37,0.29,1
623336.81,1277494.38,870.20,869.00,870.20,0.63,0.37,0.29,1
623429.12,1277494.38,879.12,878.00,879.12,0.62,0.36,0.29,1
623521.38,1277494.38,883.10,882.00,883.10,0.62,0.37,0.29,1
623613.69,1277494.38,882.09,881.00,882.09,0.63,0.37,0.30,1
623705.94,1277494.38,881.11,880.00,881.11,0.62,0.36,0.29,1
623798.19,1277494.38,876.16,875.00,876.16,0.62,0.36,0.28,1
623890.50,1277494.38,875.24,874.00,875.24,0.62,0.36,0.28,1
623982.75,1277494.38,870.33,869.00,870.33,0.62,0.36,0.28,1
624075.06,1277494.38,865.41,864.00,865.41,0.62,0.35,0.27,1
624167.31,1277494.38,861.47,860.00,861.47,0.61,0.34,0.26,1
624259.62,1277494.38,854.52,853.00,854.52,0.61,0.34,0.26,1
624351.88,1277494.38,855.55,854.00,855.55,0.61,0.33,0.25,1
624444.19,1277494.38,873.55,872.00,873.55,0.60,0.33,0.25,1
624536.44,1277494.38,882.56,881.00,882.56,0.62,0.34,0.26,1
624628.69,1277494.38,870.55,869.00,870.55,0.63,0.35,0.27,1
624721.00,1277494.38,853.54,852.00,853.54,0.63,0.35,0.27,1
624813.25,1277494.38,846.50,845.00,846.50,0.62,0.34,0.26,1
624905.56,1277494.38,857.43,856.00,857.43,0.60,0.33,0.25,1
624997.81,1277494.38,878.31,877.00,878.31,0.61,0.34,0.26,1
625090.12,1277494.38,896.10,895.00,896.10,0.63,0.37,0.29,1
625182.38,1277494.38,903.87,903.00,903.87,0.65,0.40,0.33,1
625274.69,1277494.38,896.74,896.00,896.74,0.66,0.42,0.35,1
625366.94,1277494.38,889.43,889.00,889.43,0.57,0.35,0.29,1
625459.19,1277494.38,-9999.00,-9999.00,-9999.00,0.71,0.71,0.71,0
614385.88,1277402.12,-9999.00,-9999.00,-9999.00,0.71,0.71,0.71,0
614478.12,1277402.12,779.09,778.00,779.09,0.32,0.06,-0.02,1
614570.44,1277402.12,789.14,788.00,789.14,0.59,0.33,0.26,1
614662.69,1277402.12,798.17,797.00,798.17,0.60,0.33,0.26,1
614755.00,1277402.12,793.31,792.00,793.31,0.61,0.35,0.27,1
614847.25,1277402.12,790.46,789.00,790.46,0.62,0.34,0.27,1
614939.56,1277402.12,796.55,795.00,796.55,0.61,0.33,0.26,1
615031.81,1277402.12,808.60,807.00,808.60,0.61,0.33,0.25,1
615124.12,1277402.12,825.63,824.00,825.63,0.61,0.33,0.25,1
615216.38,1277402.12,836.64,835.00,836.64,0.63,0.35,0.27,1
615308.62,1277402.12,832.64,831.00,832.64,0.64,0.36,0.28,1
615400.94,1277402.12,821.64,820.00,821.64,0.65,0.37,0.29,1
615493.19,1277402.12,817.63,816.00,817.63,0.63,0.35,0.27,1
615585.50,1277402.12,821.62,820.00,821.62,0.62,0.34,0.26,1
615677.75,1277402.12,827.60,826.00,827.60,0.62,0.34,0.26,1
615770.06,1277402.12,840.57,839.00,840.57,0.62,0.34,0.26,1
615862.31,1277402.12,857.53,856.00,857.53,0.62,0.35,0.27,1
615954.62,1277402.12,867.51,866.00,867.51,0.64,0.36,0.28,1
616046.88,1277402.12,864.49,863.00,864.49,0.64,0.37,0.29,1
616139.12,1277402.12,854.48,853.00,854.48,0.63,0.36,0.28,1
616231.44,1277402.12,858.47,857.00,858.47,0.61,0.34,0.26,1
616323.69,1277402.12,880.47,879.00,880.47,0.60,0.33,0.25,1
616416.00,1277402.12,901.48,900.00,901.48,0.61,0.34,0.26,1
616508.25,1277402.12,913.49,912.00,913.49,0.63,0.35,0.27,1
616600.56,1277402.12,913.51,912.00,913.51,0.63,0.36,0.28,1
616692.81,1277402.12,913.56,912.00,913.56,0.63,0.35,0.27,1
616785.12,1277402.12,914.61,913.00,914.61,0.62,0.35,0.27,1
616877.38,1277402.12,918.64,917.00,918.64,0.62,0.34,0.26,1
616969.62,1277402.12,932.65,931.00,932.65,0.62,0.34,0.26,1
617061.94,1277402.12,940.65,939.00,940.65,0.63,0.35,0.27,1
617154.19,1277402.12,951.64,950.00,951.64,0.62,0.34,0.26,1
617246.50,1277402.12,966.59,965.00,966.59,0.61,0.33,0.25,1
617338.75,1277402.12,983.52,982.00,983.52,0.61,0.34,0.26,1
617431.06,1277402.12,1000.43,999.00,1000.43,0.62,0.35,0.27,1
617523.31,1277402.12,1016.36,1015.00,1016.36,0.62,0.35,0.27,1
617615.62,1277402.12,1031.29,1030.00,1031.29,0.62,0.36,0.28,1
617707.88,1277402.12,1053.22,1052.00,1053.22,0.62,0.35,0.28,1
617800.12,1277402.12,1074.17,1073.00,1074.17,0.61,0.35,0.28,1
617892.44,1277402.12,1096.14,1095.00,1096.14,0.61,0.35,0.28,1
617984.69,1277402.12,1114.13,1113.00,1114.13,0.62,0.36,0.28,1
618077.00,1277402.12,1131.07,1130.00,1131.07,0.63,0.37,0.30,1
618169.25,1277402.12,1141.87,1141.00,1141.87,0.67,0.42,0.35,1
618261.56,1277402.12,1137.69,1137.00,1137.69,0.69,0.45,0.39,1
618353.81,1277402.12,1136.68,1136.00,1136.68,0.69,0.46,0.39,1
618446.12,1277402.12,1131.89,1131.00,1131.89,0.69,0.44,0.37,1
618538.38,1277402.12,1117.26,1116.00,1117.26,0.68,0.41,0.33,1
618630.62,1277402.12,1095.43,1094.00,1095.43,0.65,0.38,0.30,1
618722.94,1277402.12,1087.40,1086.00,1087.40,0.65,0.38,0.30,1
618815.19,1277402.12,1087.39,1086.00,1087.39,0.65,0.38,0.30,1
618907.50,1277402.12,1078.39,1077.00,1078.39,0.65,0.38,0.30,1
618999.75,1277402.12,1071.42,1070.00,1071.42,0.65,0.38,0.30,1
619092.06,1277402.12,1071.46,1070.00,1071.46,0.64,0.37,0.29,1
619184.31,1277402.12,1076.49,1075.00,1076.49,0.64,0.36,0.29,1
619276.62,1277402.12,1079.49,1078.00,1079.49,0.64,0.36,0.29,1
619368.88,1277402.12,1080.48,1079.00,1080.48,0.64,0.37,0.29,1
619461.19,1277402.12,1078.46,1077.00,1078.46,0.65,0.37,0.30,1
619553.44,1277402.12,1055.46,1054.00,1055.46,0.65,0.38,0.30,1
619645.69,1277402.12,1029.47,1028.00,1029.47,0.65,0.37,0.29,1
619738.00,1277402.12,1017.48,1016.00,1017.48,0.64,0.37,0.29,1
619830.25,1277402.12,1008.49,1007.00,1008.49,0.65,0.37,0.29,1
619922.56,1277402.12,997.48,996.00,997.48,0.65,0.37,0.30,1
620014.81,1277402.12,985.44,984.00,985.44,0.64,0.37,0.29,1
620107.12,1277402.12,997.36,996.00,997.36,0.64,0.37,0.29,1
620199.38,1277402.12,993.23,992.00,993.23,0.66,0.40,0.32,1
620291.69,1277402.12,985.13,984.00,985.13,0.67,0.41,0.33,1
620383.94,1277402.12,982.10,981.00,982.10,0.67,0.41,0.34,1
620476.19,1277402.12,971.11,970.00,971.11,0.67,0.41,0.34,1
620568.50,1277402.12,961.14,960.00,961.14,0.67,0.41,0.34,1
620660.75,1277402.12,950.20,949.00,950.20,0.68,0.41,0.34,1
620753.06,1277402.12,929.38,928.00,929.38,0.67,0.40,0.33,1
620845.31,1277402.12,896.78,895.00,896.78,0.66,0.38,0.30,1
620937.62,1277402.12,868.04,866.00,868.04,0.65,0.36,0.27,1
621029.88,1277402.12,854.00,852.00,854.00,0.64,0.34,0.26,1
621122.19,1277402.12,863.86,862.00,863.86,0.62,0.34,0.25,1
621214.44,1277402.12,871.77,870.00,871.77,0.63,0.34,0.26,1
621306.69,1277402.12,863.72,862.00,863.72,0.62,0.34,0.26,1
621399.00,1277402.12,859.70,858.00,859.70,0.63,0.35,0.26,1
621491.25,1277402.12,853.68,852.00,853.68,0.63,0.35,0.27,1
621583.56,1277402.12,838.66,837.00,838.66,0.62,0.34,0.26,1
621675.81,1277402.12,854.65,853.00,854.65,0.61,0.33,0.25,1
621768.12,1277402.12,861.63,860.00,861.63,0.61,0.34,0.26,1
621860.38,1277402.12,846.63,845.00,846.63,0.62,0.34,0.26,1
621952.69,1277402.12,832.65,831.00,832.65,0.62,0.34,0.26,1
622044.94,1277402.12,837.67,836.00,837.67,0.63,0.34,0.26,1
622137.19,1277402.12,847.68,846.00,847.68,0.63,0.35,0.27,1
622229.50,1277402.12,844.68,843.00,844.68,0.64,0.36,0.28,1
622321.75,1277402.12,841.68,840.00,841.68,0.63,0.35,0.27,1
622414.06,1277402.12,848.67,847.00,848.67,0.62,0.34,0.26,1
622506.31,1277402.12,859.66,858.00,859.66,0.62,0.34,0.26,1
622598.62,1277402.12,869.61,868.00,869.61,0.63,0.35,0.27,1
622690.88,1277402.12,872.56,871.00,872.56,0.64,0.36,0.28,1
622783.19,1277402.12,873.52,872.00,873.52,0.64,0.37,0.29,1
622875.44,1277402.12,871.51,870.00,871.51,0.64,0.36,0.29,1
622967.69,1277402.12,882.50,881.00,882.50,0.63,0.36,0.28,1
623060.00,1277402.12,896.48,895.00,896.48,0.64,0.36,0.28,1
623152.25,1277402.12,901.43,900.00,901.43,0.65,0.38,0.30,1
623244.56,1277402.12,882.34,881.00,882.34,0.65,0.38,0.30,1
623336.81,1277402.12,880.18,879.00,880.18,0.64,0.38,0.30,1
623429.12,1277402.12,886.07,885.00,886.07,0.64,0.39,0.31,1
623521.38,1277402.12,879.03,878.00,879.03,0.64,0.38,0.31,1
623613.69,1277402.12,875.03,874.00,875.03,0.63,0.37,0.30,1
623705.94,1277402.12,871.07,870.00,871.07,0.62,0.36,0.29,1
623798.19,1277402.12,867.17,866.00,867.17,0.62,0.36,0.28,1
623890.50,1277402.12,867.28,866.00,867.28,0.62,0.35,0.28,1
623982.75,1277402.12,861.38,860.00,861.38,0.62,0.35,0.27,1
624075.06,1277402.12,853.46,852.00,853.46,0.62,0.35,0.27,1
624167.31,1277402.12,849.52,848.00,849.52,0.63,0.35,0.27,1
624259.62,1277402.12,848.57,847.00,848.57,0.62,0.34,0.26,1
624351.88,1277402.12,856.60,855.00,856.60,0.60,0.33,0.25,1
624444.19,1277402.12,875.61,874.00,875.61,0.60,0.32,0.24,1
624536.44,1277402.12,880.61,879.00,880.61,0.61,0.33,0.25,1
624628.69,1277402.12,868.61,867.00,868.61,0.63,0.35,0.27,1
624721.00,1277402.12,849.59,848.00,849.59,0.63,0.35,0.27,1
624813.25,1277402.12,846.56,845.00,846.56,0.62,0.34,0.26,1
624905.56,1277402.12,860.49,859.00,860.49,0.60,0.33,0.25,1
624997.81,1277402.12,884.36,883.00,884.36,0.60,0.33,0.25,1
625090.12,1277402.12,902.14,901.00,902.14,0.61,0.35,0.28,1
625182.38,1277402.12,906.78,906.00,906.78,0.63,0.39,0.32,1
625274.69,1277402.12,890.52,890.00,890.52,0.65,0.43,0.36,1
625366.94,1277402.12,874.24,874.00,874.24,0.56,0.37,0.31,1
625459.19,1277402.12,-9999.00,-9999.00,-9999.00,0.71,0.71,0.71,0
614385.88,1277309.88,-9999.00,-9999.00,-9999.00,0.71,0.71,0.71,0
614478.12,1277309.88,783.11,782.00,783.11,0.32,0.06,-0.02,1
614570.44,1277309.88,781.15,780.00,781.15,0.63,0.37,0.30,1
614662.69,1277309.88,780.22,779.00,780.22,0.61,0.35,0.27,1
614755.00,1277309.88,782.41,781.00,782.41,0.61,0.34,0.26,1
614847.25,1277309.88,789.56,788.00,789.56,0.61,0.34,0.26,1
614939.56,1277309.88,798.63,797.00,798.63,0.61,0.33,0.25,1
615031.81,1277309.88,816.67,815.00,816.67,0.60,0.32,0.24,1
615124.12,1277309.88,836.68,835.00,836.68,0.61,0.33,0.25,1
615216.38,1277309.88,848.68,847.00,848.68,0.62,0.34,0.26,1
615308.62,1277309.88,849.68,848.00,849.68,0.64,0.36,0.28,1
615400.94,1277309.88,842.68,841.00,842.68,0.65,0.36,0.28,1
615493.19,1277309.88,831.68,830.00,831.68,0.64,0.36,0.28,1
615585.50,1277309.88,830.67,829.00,830.67,0.63,0.35,0.27,1
615677.75,1277309.88,836.67,835.00,836.67,0.62,0.34,0.26,1
615770.06,1277309.88,853.66,852.00,853.66,0.61,0.33,0.25,1
615862.31,1277309.88,875.65,874.00,875.65,0.61,0.33,0.25,1
615954.62,1277309.88,887.63,886.00,887.63,0.64,0.36,0.28,1
616046.88,1277309.88,878.62,877.00,878.62,0.65,0.37,0.29,1
616139.12,1277309.88,863.61,862.00,863.61,0.64,0.36,0.28,1
616231.44,1277309.88,865.60,864.00,865.60,0.62,0.34,0.26,1
616323.69,1277309.88,881.60,880.00,881.60,0.60,0.32,0.24,1
616416.00,1277309.88,901.60,900.00,901.60,0.60,0.32,0.24,1
616508.25,1277309.88,916.61,915.00,916.61,0.61,0.33,0.25,1
616600.56,1277309.88,923.62,922.00,923.62,0.63,0.35,0.27,1
616692.81,1277309.88,920.65,919.00,920.65,0.63,0.35,0.27,1
616785.12,1277309.88,921.67,920.00,921.67,0.63,0.35,0.27,1
616877.38,1277309.88,928.69,927.00,928.69,0.62,0.34,0.26,1
616969.62,1277309.88,955.69,954.00,955.69,0.62,0.34,0.26,1
617061.94,1277309.88,963.69,962.00,963.69,0.64,0.36,0.28,1
617154.19,1277309.88,966.67,965.00,966.67,0.63,0.35,0.27,1
617246.50,1277309.88,977.61,976.00,977.61,0.62,0.34,0.26,1
617338.75,1277309.88,995.51,994.00,995.51,0.61,0.34,0.26,1
617431.06,1277309.88,1016.37,1015.00,1016.37,0.62,0.35,0.27,1
617523.31,1277309.88,1036.26,1035.00,1036.26,0.62,0.35,0.28,1
617615.62,1277309.88,1058.18,1057.00,1058.18,0.63,0.36,0.29,1
617707.88,1277309.88,1078.12,1077.00,1078.12,0.63,0.37,0.30,1
617800.12,1277309.88,1093.07,1092.00,1093.07,0.63,0.37,0.30,1
617892.44,1277309.88,1113.01,1112.00,1113.01,0.62,0.37,0.30,1
617984.69,1277309.88,1135.97,1135.00,1135.97,0.63,0.38,0.31,1
618077.00,1277309.88,1155.89,1155.00,1155.89,0.64,0.39,0.32,1
618169.25,1277309.88,1181.73,1181.00,1181.73,0.65,0.41,0.34,1
618261.56,1277309.88,1194.58,1194.00,1194.58,0.68,0.46,0.39,1
618353.81,1277309.88,1191.55,1191.00,1191.55,0.70,0.48,0.42,1
618446.12,1277309.88,1182.60,1182.00,1182.60,0.72,0.49,0.42,1
618538.38,1277309.88,1147.83,1147.00,1147.83,0.70,0.46,0.39,1
618630.62,1277309.88,1110.02,1109.00,1110.02,0.67,0.42,0.35,1
618722.94,1277309.88,1109.08,1108.00,1109.08,0.66,0.40,0.33,1
618815.19,1277309.88,1108.15,1107.00,1108.15,0.66,0.40,0.32,1
618907.50,1277309.88,1102.24,1101.00,1102.24,0.66,0.39,0.32,1
618999.75,1277309.88,1100.34,1099.00,1100.34,0.66,0.39,0.31,1
619092.06,1277309.88,1100.44,1099.00,1100.44,0.65,0.38,0.30,1
619184.31,1277309.88,1100.52,1099.00,1100.52,0.65,0.37,0.29,1
619276.62,1277309.88,1099.57,1098.00,1099.57,0.64,0.37,0.29,1
619368.88,1277309.88,1097.57,1096.00,1097.57,0.64,0.36,0.28,1
619461.19,1277309.88,1094.57,1093.00,1094.57,0.65,0.38,0.30,1
619553.44,1277309.88,1071.56,1070.00,1071.56,0.66,0.39,0.31,1
619645.69,1277309.88,1044.60,1043.00,1044.60,0.66,0.38,0.30,1
619738.00,1277309.88,1030.61,1029.00,1030.61,0.65,0.37,0.29,1
619830.25,1277309.88,1019.61,1018.00,1019.61,0.64,0.36,0.28,1
619922.56,1277309.88,1009.58,1008.00,1009.58,0.64,0.37,0.29,1
620014.81,1277309.88,1005.53,1004.00,1005.53,0.64,0.37,0.29,1
620107.12,1277309.88,1018.42,1017.00,1018.42,0.64,0.37,0.29,1
620199.38,1277309.88,1019.26,1018.00,1019.26,0.65,0.39,0.31,1
620291.69,1277309.88,1011.18,1010.00,1011.18,0.66,0.40,0.32,1
620383.94,1277309.88,1002.17,1001.00,1002.17,0.65,0.39,0.31,1
620476.19,1277309.88,992.18,991.00,992.18,0.65,0.38,0.31,1
620568.50,1277309.88,984.17,983.00,984.17,0.64,0.38,0.31,1
620660.75,1277309.88,978.14,977.00,978.14,0.65,0.39,0.32,1
620753.06,1277309.88,958.15,957.00,958.15,0.67,0.41,0.33,1
620845.31,1277309.88,930.35,929.00,930.35,0.67,0.40,0.33,1
620937.62,1277309.88,898.67,897.00,898.67,0.66,0.38,0.30,1
621029.88,1277309.88,876.80,875.00,876.80,0.65,0.36,0.28,1
621122.19,1277309.88,878.78,877.00,878.78,0.63,0.35,0.26,1
621214.44,1277309.88,876.73,875.00,876.73,0.63,0.35,0.27,1
621306.69,1277309.88,863.71,862.00,863.71,0.63,0.35,0.27,1
621399.00,1277309.88,859.70,858.00,859.70,0.63,0.35,0.27,1
621491.25,1277309.88,844.69,843.00,844.69,0.63,0.35,0.27,1
621583.56,1277309.88,840.69,839.00,840.69,0.62,0.33,0.25,1
621675.81,1277309.88,857.68,856.00,857.68,0.61,0.33,0.25,1
621768.12,1277309.88,856.68,855.00,856.68,0.62,0.34,0.26,1
621860.38,1277309.88,843.68,842.00,843.68,0.63,0.35,0.27,1
621952.69,1277309.88,843.69,842.00,843.69,0.62,0.34,0.26,1
622044.94,1277309.88,859.69,858.00,859.69,0.62,0.34,0.26,1
622137.19,1277309.88,864.69,863.00,864.69,0.64,0.35,0.27,1
622229.50,1277309.88,859.69,858.00,859.69,0.64,0.36,0.28,1
622321.75,1277309.88,858.69,857.00,858.69,0.64,0.35,0.27,1
622414.06,1277309.88,863.69,862.00,863.69,0.63,0.35,0.27,1
622506.31,1277309.88,873.66,872.00,873.66,0.63,0.35,0.27,1
622598.62,1277309.88,888.60,887.00,888.60,0.63,0.36,0.28,1
622690.88,1277309.88,899.50,898.00,899.50,0.65,0.37,0.29,1
622783.19,1277309.88,899.47,898.00,899.47,0.65,0.38,0.30,1
622875.44,1277309.88,900.48,899.00,900.48,0.65,0.37,0.30,1
622967.69,1277309.88,904.51,903.00,904.51,0.63,0.36,0.28,1
623060.00,1277309.88,921.53,920.00,921.53,0.64,0.36,0.28,1
623152.25,1277309.88,913.50,912.00,913.50,0.65,0.37,0.29,1
623244.56,1277309.88,892.40,891.00,892.40,0.64,0.37,0.29,1
623336.81,1277309.88,897.21,896.00,897.21,0.63,0.37,0.29,1
623429.12,1277309.88,901.99,901.00,901.99,0.64,0.39,0.32,1
623521.38,1277309.88,883.89,883.00,883.89,0.66,0.41,0.34,1
623613.69,1277309.88,870.91,870.00,870.91,0.65,0.40,0.33,1
623705.94,1277309.88,866.02,865.00,866.02,0.64,0.38,0.31,1
623798.19,1277309.88,861.22,860.00,861.22,0.63,0.36,0.29,1
623890.50,1277309.88,859.36,858.00,859.36,0.62,0.35,0.28,1
623982.75,1277309.88,853.45,852.00,853.45,0.62,0.35,0.27,1
624075.06,1277309.88,854.51,853.00,854.51,0.62,0.35,0.27,1
624167.31,1277309.88,862.57,861.00,862.57,0.63,0.35,0.27,1
624259.62,1277309.88,860.61,859.00,860.61,0.64,0.36,0.28,1
624351.88,1277309.88,853.65,852.00,853.65,0.63,0.35,0.27,1
624444.19,1277309.88,856.66,855.00,856.66,0.60,0.32,0.24,1
624536.44,1277309.88,863.67,862.00,863.67,0.60,0.32,0.24,1
624628.69,1277309.88,856.67,855.00,856.67,0.61,0.33,0.25,1
624721.00,1277309.88,844.66,843.00,844.66,0.62,0.34,0.26,1
624813.25,1277309.88,849.65,848.00,849.65,0.61,0.33,0.25,1
624905.56,1277309.88,869.60,868.00,869.60,0.60,0.32,0.24,1
624997.81,1277309.88,891.49,890.00,891.49,0.60,0.33,0.25,1
625090.12,1277309.88,900.25,899.00,900.25,0.61,0.35,0.27,1
625182.38,1277309.88,895.81,895.00,895.81,0.62,0.38,0.31,1
625274.69,1277309.88,880.38,880.00,880.38,0.64,0.43,0.37,1
625366.94,1277309.88,869.13,869.00,869.13,0.55,0.38,0.34,1
625459.19,1277309.88,-9999.00,-9999.00,-9999.00,0.71,0.71,0.71,0
614385.88,1277217.62,-9999.00,-9999.00,-9999.00,0.71,0.71,0.71,0
614478.12,1277217.62,798.12,797.00,798.12,0.32,0.06,-0.01,1
614570.44,1277217.62,792.17,791.00,792.17,0.65,0.39,0.31,1
614662.69,1277217.62,782.31,781.00,782.31,0.64,0.37,0.29,1
614755.00,1277217.62,782.48,781.00,782.48,0.62,0.35,0.27,1
614847.25,1277217.62,791.61,790.00,791.61,0.62,0.34,0.26,1
614939.56,1277217.62,802.68,801.00,802.68,0.61,0.33,0.25,1
615031.81,1277217.62,821.70,820.00,821.70,0.60,0.32,0.24,1
615124.12,1277217.62,844.70,843.00,844.70,0.60,0.32,0.24,1
615216.38,1277217.62,857.70,856.00,857.70,0.62,0.33,0.25,1
615308.62,1277217.62,862.70,861.00,862.70,0.63,0.35,0.27,1
615400.94,1277217.62,856.70,855.00,856.70,0.64,0.36,0.28,1
615493.19,1277217.62,846.70,845.00,846.70,0.64,0.36,0.28,1
615585.50,1277217.62,845.70,844.00,845.70,0.64,0.35,0.27,1
615677.75,1277217.62,849.70,848.00,849.70,0.63,0.35,0.27,1
615770.06,1277217.62,864.70,863.00,864.70,0.62,0.33,0.25,1
615862.31,1277217.62,887.70,886.00,887.70,0.61,0.33,0.25,1
615954.62,1277217.62,905.70,904.00,905.70,0.63,0.35,0.27,1
616046.88,1277217.62,893.69,892.00,893.69,0.65,0.36,0.28,1
616139.12,1277217.62,871.68,870.00,871.68,0.64,0.36,0.28,1
616231.44,1277217.62,870.67,869.00,870.67,0.62,0.34,0.26,1
616323.69,1277217.62,881.67,880.00,881.67,0.61,0.33,0.25,1
616416.00,1277217.62,900.67,899.00,900.67,0.60,0.32,0.24,1
616508.25,1277217.62,914.67,913.00,914.67,0.61,0.33,0.25,1
616600.56,1277217.62,925.68,924.00,925.68,0.61,0.33,0.25,1
616692.81,1277217.62,935.69,934.00,935.69,0.62,0.34,0.26,1
616785.12,1277217.62,946.70,945.00,946.70,0.63,0.35,0.27,1
616877.38,1277217.62,957.70,956.00,957.70,0.62,0.34,0.25,1
616969.62,1277217.62,994.70,993.00,994.70,0.62,0.34,0.26,1
617061.94,1277217.62,1000.70,999.00,1000.70,0.64,0.36,0.28,1
617154.19,1277217.62,997.68,996.00,997.68,0.65,0.37,0.28,1
617246.50,1277217.62,1002.63,1001.00,1002.63,0.64,0.36,0.28,1
617338.75,1277217.62,1013.49,1012.00,1013.49,0.63,0.35,0.27,1
617431.06,1277217.62,1037.32,1036.00,1037.32,0.61,0.34,0.27,1
617523.31,1277217.62,1065.19,1064.00,1065.19,0.62,0.36,0.28,1
617615.62,1277217.62,1093.12,1092.00,1093.12,0.63,0.37,0.30,1
617707.88,1277217.62,1112.08,1111.00,1112.08,0.64,0.39,0.31,1
617800.12,1277217.62,1128.02,1127.00,1128.02,0.64,0.39,0.32,1
617892.44,1277217.62,1151.93,1151.00,1151.93,0.63,0.38,0.31,1
617984.69,1277217.62,1184.85,1184.00,1184.85,0.62,0.38,0.31,1
618077.00,1277217.62,1220.79,1220.00,1220.79,0.63,0.39,0.32,1
618169.25,1277217.62,1249.78,1249.00,1249.78,0.65,0.41,0.34,1
618261.56,1277217.62,1262.77,1262.00,1262.77,0.68,0.44,0.37,1
618353.81,1277217.62,1251.77,1251.00,1251.77,0.71,0.46,0.40,1
618446.12,1277217.62,1222.78,1222.00,1222.78,0.71,0.47,0.40,1
618538.38,1277217.62,1169.79,1169.00,1169.79,0.70,0.46,0.39,1
618630.62,1277217.62,1131.82,1131.00,1131.82,0.68,0.44,0.37,1
618722.94,1277217.62,1136.87,1136.00,1136.87,0.66,0.41,0.34,1
618815.19,1277217.62,1137.95,1137.00,1137.95,0.67,0.42,0.34,1
618907.50,1277217.62,1138.06,1137.00,1138.06,0.66,0.41,0.33,1
618999.75,1277217.62,1141.19,1140.00,1141.19,0.66,0.40,0.32,1
619092.06,1277217.62,1147.35,1146.00,1147.35,0.66,0.39,0.32,1
619184.31,1277217.62,1138.51,1137.00,1138.51,0.66,0.39,0.31,1
619276.62,1277217.62,1125.62,1124.00,1125.62,0.66,0.38,0.30,1
619368.88,1277217.62,1115.65,1114.00,1115.65,0.65,0.36,0.28,1
619461.19,1277217.62,1117.64,1116.00,1117.64,0.65,0.37,0.29,1
619553.44,1277217.62,1099.63,1098.00,1099.63,0.66,0.38,0.30,1
619645.69,1277217.62,1072.64,1071.00,1072.64,0.66,0.38,0.30,1
619738.00,1277217.62,1054.67,1053.00,1054.67,0.66,0.38,0.30,1
619830.25,1277217.62,1031.69,1030.00,1031.69,0.65,0.37,0.29,1
619922.56,1277217.62,1028.69,1027.00,1028.69,0.64,0.36,0.27,1
620014.81,1277217.62,1042.63,1041.00,1042.63,0.63,0.35,0.27,1
620107.12,1277217.62,1048.50,1047.00,1048.50,0.64,0.37,0.29,1
620199.38,1277217.62,1040.34,1039.00,1040.34,0.65,0.38,0.31,1
620291.69,1277217.62,1021.26,1020.00,1021.26,0.66,0.39,0.32,1
620383.94,1277217.62,1001.32,1000.00,1001.32,0.65,0.38,0.31,1
620476.19,1277217.62,985.43,984.00,985.43,0.64,0.37,0.29,1
620568.50,1277217.62,972.44,971.00,972.44,0.63,0.36,0.28,1
620660.75,1277217.62,967.35,966.00,967.35,0.63,0.36,0.28,1
620753.06,1277217.62,956.27,955.00,956.27,0.63,0.37,0.29,1
620845.31,1277217.62,942.30,941.00,942.30,0.65,0.38,0.30,1
620937.62,1277217.62,921.45,920.00,921.45,0.65,0.38,0.30,1
621029.88,1277217.62,901.60,900.00,901.60,0.65,0.37,0.29,1
621122.19,1277217.62,888.68,887.00,888.68,0.64,0.36,0.28,1
621214.44,1277217.62,880.70,879.00,880.70,0.63,0.35,0.27,1
621306.69,1277217.62,872.70,871.00,872.70,0.64,0.35,0.27,1
621399.00,1277217.62,866.70,865.00,866.70,0.63,0.35,0.27,1
621491.25,1277217.62,850.70,849.00,850.70,0.64,0.35,0.27,1
621583.56,1277217.62,844.70,843.00,844.70,0.62,0.34,0.26,1
621675.81,1277217.62,852.70,851.00,852.70,0.61,0.33,0.25,1
621768.12,1277217.62,856.70,855.00,856.70,0.62,0.34,0.26,1
621860.38,1277217.62,851.70,850.00,851.70,0.63,0.35,0.27,1
621952.69,1277217.62,857.70,856.00,857.70,0.62,0.34,0.26,1
622044.94,1277217.62,871.70,870.00,871.70,0.62,0.34,0.26,1
622137.19,1277217.62,881.70,880.00,881.70,0.63,0.35,0.27,1
622229.50,1277217.62,879.70,878.00,879.70,0.64,0.36,0.28,1
622321.75,1277217.62,879.70,878.00,879.70,0.63,0.35,0.27,1
622414.06,1277217.62,892.69,891.00,892.69,0.63,0.34,0.26,1
622506.31,1277217.62,914.65,913.00,914.65,0.62,0.34,0.26,1
622598.62,1277217.62,939.56,938.00,939.56,0.63,0.35,0.27,1
622690.88,1277217.62,951.43,950.00,951.43,0.65,0.37,0.29,1
622783.19,1277217.62,948.35,947.00,948.35,0.66,0.39,0.31,1
622875.44,1277217.62,942.39,941.00,942.39,0.66,0.39,0.31,1
622967.69,1277217.62,939.51,938.00,939.51,0.65,0.38,0.30,1
623060.00,1277217.62,935.60,934.00,935.60,0.65,0.37,0.29,1
623152.25,1277217.62,917.60,916.00,917.60,0.65,0.37,0.29,1
623244.56,1277217.62,900.50,899.00,900.50,0.64,0.37,0.29,1
623336.81,1277217.62,898.27,897.00,898.27,0.63,0.36,0.28,1
623429.12,1277217.62,893.95,893.00,893.95,0.62,0.37,0.29,1
623521.38,1277217.62,885.72,885.00,885.72,0.63,0.39,0.32,1
623613.69,1277217.62,882.74,882.00,882.74,0.64,0.40,0.33,1
623705.94,1277217.62,877.00,876.00,877.00,0.65,0.39,0.32,1
623798.19,1277217.62,864.28,863.00,864.28,0.64,0.37,0.30,1
623890.50,1277217.62,860.45,859.00,860.45,0.64,0.36,0.28,1
623982.75,1277217.62,859.51,858.00,859.51,0.63,0.36,0.28,1
624075.06,1277217.62,862.54,861.00,862.54,0.62,0.34,0.27,1
624167.31,1277217.62,874.58,873.00,874.58,0.62,0.34,0.26,1
624259.62,1277217.62,874.64,873.00,874.64,0.63,0.35,0.27,1
624351.88,1277217.62,861.68,860.00,861.68,0.64,0.36,0.28,1
624444.19,1277217.62,846.69,845.00,846.69,0.63,0.34,0.26,1
624536.44,1277217.62,841.70,840.00,841.70,0.61,0.33,0.25,1
624628.69,1277217.62,838.70,837.00,838.70,0.61,0.33,0.25,1
624721.00,1277217.62,838.70,837.00,838.70,0.61,0.33,0.25,1
624813.25,1277217.62,850.70,849.00,850.70,0.61,0.32,0.24,1
624905.56,1277217.62,867.70,866.00,867.70,0.60,0.31,0.23,1
624997.81,1277217.62,884.66,883.00,884.66,0.60,0.32,0.24,1
625090.12,1277217.62,890.45,889.00,890.45,0.61,0.34,0.26,1
625182.38,1277217.62,879.93,879.00,879.93,0.62,0.37,0.30,1
625274.69,1277217.62,870.36,870.00,870.36,0.63,0.43,0.37,1
625366.94,1277217.62,871.11,871.00,871.11,0.55,0.39,0.34,1
625459.19,1277217.62,-9999.00,-9999.00,-9999.00,0.71,0.71,0.71,0
614385.88,1277125.25,-9999.00,-9999.00,-9999.00,0.71,0.71,0.71,0
614478.12,1277125.25,809.13,808.00,809.13,0.27,0.01,-0.07,1
614570.44,1277125.25,800.19,799.00,800.19,0.33,0.07,-0.01,1
614662.69,1277125.25,790.33,789.00,790.33,0.35,0.08,0.00,1
614755.00,1277125.25,793.50,792.00,793.50,0.37,0.09,0.01,1
614847.25,1277125.25,806.62,805.00,806.62,0.38,0.10,0.02,1
614939.56,1277125.25,818.68,817.00,818.68,0.39,0.11,0.03,1
615031.81,1277125.25,829.70,828.00,829.70,0.39,0.11,0.03,1
615124.12,1277125.25,846.70,845.00,846.70,0.39,0.11,0.03,1
615216.38,1277125.25,857.70,856.00,857.70,0.39,0.11,0.03,1
615308.62,1277125.25,863.70,862.00,863.70,0.39,0.11,0.03,1
615400.94,1277125.25,865.70,864.00,865.70,0.39,0.11,0.03,1
615493.19,1277125.25,864.70,863.00,864.70,0.39,0.11,0.03,1
615585.50,1277125.25,871.70,870.00,871.70,0.39,0.11,0.03,1
615677.75,1277125.25,880.70,879.00,880.70,0.39,0.11,0.03,1
615770.06,1277125.25,894.70,893.00,894.70,0.39,0.11,0.03,1
615862.31,1277125.25,914.70,913.00,914.70,0.39,0.11,0.03,1
615954.62,1277125.25,921.70,920.00,921.70,0.39,0.11,0.03,1
616046.88,1277125.25,897.70,896.00,897.70,0.39,0.11,0.03,1
616139.12,1277125.25,876.70,875.00,876.70,0.39,0.11,0.03,1
616231.44,1277125.25,881.70,880.00,881.70,0.39,0.11,0.03,1
616323.69,1277125.25,892.70,891.00,892.70,0.39,0.11,0.03,1
616416.00,1277125.25,908.70,907.00,908.70,0.39,0.11,0.03,1
616508.25,1277125.25,925.70,924.00,925.70,0.39,0.11,0.03,1
616600.56,1277125.25,931.70,930.00,931.70,0.39,0.11,0.03,1
616692.81,1277125.25,951.70,950.00,951.70,0.39,0.11,0.03,1
616785.12,1277125.25,981.70,980.00,981.70,0.39,0.11,0.03,1
616877.38,1277125.25,996.70,995.00,996.70,0.39,0.11,0.03,1
616969.62,1277125.25,1023.70,1022.00,1023.70,0.39,0.11,0.03,1
617061.94,1277125.25,1037.70,1036.00,1037.70,0.39,0.11,0.03,1
617154.19,1277125.25,1045.68,1044.00,1045.68,0.39,0.11,0.03,1
617246.50,1277125.25,1053.61,1052.00,1053.61,0.38,0.10,0.02,1
617338.75,1277125.25,1054.47,1053.00,1054.47,0.36,0.09,0.01,1
617431.06,1277125.25,1068.30,1067.00,1068.30,0.34,0.08,-0.00,1
617523.31,1277125.25,1107.18,1106.00,1107.18,0.33,0.06,-0.01,1
617615.62,1277125.25,1154.11,1153.00,1154.11,0.32,0.06,-0.02,1
617707.88,1277125.25,1188.07,1187.00,1188.07,0.31,0.05,-0.02,1
617800.12,1277125.25,1207.00,1206.00,1207.00,0.30,0.05,-0.03,1
617892.44,1277125.25,1229.89,1229.00,1229.89,0.28,0.03,-0.04,1
617984.69,1277125.25,1265.79,1265.00,1265.79,0.26,0.02,-0.05,1
618077.00,1277125.25,1294.74,1294.00,1294.74,0.25,0.02,-0.05,1
618169.25,1277125.25,1303.72,1303.00,1303.72,0.25,0.01,-0.05,1
618261.56,1277125.25,1302.72,1302.00,1302.72,0.25,0.01,-0.05,1
618353.81,1277125.25,1291.72,1291.00,1291.72,0.25,0.01,-0.05,1
618446.12,1277125.25,1247.72,1247.00,1247.72,0.25,0.01,-0.05,1
618538.38,1277125.25,1184.72,1184.00,1184.72,0.25,0.02,-0.05,1
618630.62,1277125.25,1150.74,1150.00,1150.74,0.25,0.02,-0.05,1
618722.94,1277125.25,1159.77,1159.00,1159.77,0.26,0.02,-0.05,1
618815.19,1277125.25,1179.85,1179.00,1179.85,0.28,0.03,-0.04,1
618907.50,1277125.25,1190.97,1190.00,1190.97,0.30,0.04,-0.03,1
618999.75,1277125.25,1198.13,1197.00,1198.13,0.32,0.06,-0.01,1
619092.06,1277125.25,1202.31,1201.00,1202.31,0.34,0.08,0.00,1
619184.31,1277125.25,1182.49,1181.00,1182.49,0.37,0.09,0.01,1
619276.62,1277125.25,1155.62,1154.00,1155.62,0.38,0.10,0.02,1
619368.88,1277125.25,1145.68,1144.00,1145.68,0.39,0.11,0.03,1
619461.19,1277125.25,1138.68,1137.00,1138.68,0.39,0.11,0.03,1
619553.44,1277125.25,1119.68,1118.00,1119.68,0.39,0.11,0.03,1
619645.69,1277125.25,1108.69,1107.00,1108.69,0.39,0.11,0.03,1
619738.00,1277125.25,1090.69,1089.00,1090.69,0.39,0.11,0.03,1
619830.25,1277125.25,1072.70,1071.00,1072.70,0.39,0.11,0.03,1
619922.56,1277125.25,1065.69,1064.00,1065.69,0.39,0.11,0.03,1
620014.81,1277125.25,1065.63,1064.00,1065.63,0.38,0.10,0.02,1
620107.12,1277125.25,1060.49,1059.00,1060.49,0.37,0.09,0.01,1
620199.38,1277125.25,1044.33,1043.00,1044.33,0.35,0.08,0.00,1
620291.69,1277125.25,1030.27,1029.00,1030.27,0.34,0.07,-0.00,1
620383.94,1277125.25,1014.36,1013.00,1014.36,0.35,0.08,0.00,1
620476.19,1277125.25,1000.48,999.00,1000.48,0.37,0.09,0.01,1
620568.50,1277125.25,986.49,985.00,986.49,0.37,0.09,0.01,1
620660.75,1277125.25,970.38,969.00,970.38,0.35,0.08,0.01,1
620753.06,1277125.25,950.28,949.00,950.28,0.34,0.07,-0.00,1
620845.31,1277125.25,932.32,931.00,932.32,0.35,0.08,0.00,1
620937.62,1277125.25,913.47,912.00,913.47,0.36,0.09,0.01,1
621029.88,1277125.25,901.61,900.00,901.61,0.38,0.10,0.02,1
621122.19,1277125.25,893.68,892.00,893.68,0.39,0.11,0.03,1
621214.44,1277125.25,888.70,887.00,888.70,0.39,0.11,0.03,1
621306.69,1277125.25,878.70,877.00,878.70,0.39,0.11,0.03,1
621399.00,1277125.25,864.70,863.00,864.70,0.39,0.11,0.03,1
621491.25,1277125.25,853.70,852.00,853.70,0.39,0.11,0.03,1
621583.56,1277125.25,849.70,848.00,849.70,0.39,0.11,0.03,1
621675.81,1277125.25,853.70,852.00,853.70,0.39,0.11,0.03,1
621768.12,1277125.25,863.70,862.00,863.70,0.39,0.11,0.03,1
621860.38,1277125.25,867.70,866.00,867.70,0.39,0.11,0.03,1
621952.69,1277125.25,870.70,869.00,870.70,0.39,0.11,0.03,1
622044.94,1277125.25,883.70,882.00,883.70,0.39,0.11,0.03,1
622137.19,1277125.25,896.70,895.00,896.70,0.39,0.11,0.03,1
622229.50,1277125.25,901.70,900.00,901.70,0.39,0.11,0.03,1
622321.75,1277125.25,907.70,906.00,907.70,0.39,0.11,0.03,1
622414.06,1277125.25,929.69,928.00,929.69,0.39,0.11,0.03,1
622506.31,1277125.25,945.64,944.00,945.64,0.38,0.10,0.02,1
622598.62,1277125.25,959.53,958.00,959.53,0.37,0.10,0.02,1
622690.88,1277125.25,961.39,960.00,961.39,0.35,0.08,0.01,1
622783.19,1277125.25,963.30,962.00,963.30,0.34,0.08,0.00,1
622875.44,1277125.25,967.36,966.00,967.36,0.35,0.08,0.00,1
622967.69,1277125.25,967.50,966.00,967.50,0.37,0.09,0.01,1
623060.00,1277125.25,955.62,954.00,955.62,0.38,0.10,0.02,1
623152.25,1277125.25,928.65,927.00,928.65,0.38,0.10,0.02,1
623244.56,1277125.25,908.57,907.00,908.57,0.38,0.10,0.02,1
623336.81,1277125.25,891.34,890.00,891.34,0.35,0.08,0.00,1
623429.12,1277125.25,877.01,876.00,877.01,0.30,0.05,-0.02,1
623521.38,1277125.25,866.76,866.00,866.76,0.26,0.02,-0.05,1
623613.69,1277125.25,868.81,868.00,868.81,0.27,0.03,-0.04,1
623705.94,1277125.25,872.11,871.00,872.11,0.32,0.06,-0.02,1
623798.19,1277125.25,871.42,870.00,871.42,0.36,0.09,0.01,1
623890.50,1277125.25,875.60,874.00,875.60,0.38,0.10,0.02,1
623982.75,1277125.25,877.65,876.00,877.65,0.38,0.10,0.02,1
624075.06,1277125.25,870.66,869.00,870.66,0.39,0.10,0.02,1
624167.31,1277125.25,870.67,869.00,870.67,0.39,0.11,0.02,1
624259.62,1277125.25,873.69,872.00,873.69,0.39,0.11,0.03,1
624351.88,1277125.25,863.69,862.00,863.69,0.39,0.11,0.03,1
624444.19,1277125.25,848.70,847.00,848.70,0.39,0.11,0.03,1
624536.44,1277125.25,836.70,835.00,836.70,0.39,0.11,0.03,1
624628.69,1277125.25,835.70,834.00,835.70,0.39,0.11,0.03,1
624721.00,1277125.25,843.70,842.00,843.70,0.39,0.11,0.03,1
624813.25,1277125.25,852.70,851.00,852.70,0.39,0.11,0.03,1
624905.56,1277125.25,860.70,859.00,860.70,0.39,0.11,0.03,1
624997.81,1277125.25,871.66,870.00,871.66,0.38,0.10,0.02,1
625090.12,1277125.25,876.45,875.00,876.45,0.36,0.09,0.01,1
625182.38,1277125.25,866.93,866.00,866.93,0.29,0.04,-0.03,1
625274.69,1277125.25,865.36,865.00,865.36,0.15,-0.05,-0.11,1
625366.94,1277125.25,874.11,874.00,874.11,0.28,0.12,0.07,1
625459.19,1277125.25,-9999.00,-9999.00,-9999.00,0.71,0.71,0.71,0
614385.88,1277033.00,-9999.00,-9999.00,-9999.00,0.71,0.71,0.71,0
614478.12,1277033.00,-9999.00,-9999.00,-9999.00,0.71,0.71,0.71,0
614570.44,1277033.00,-9999.00,-9999.00,-9999.00,0.71,0.71,0.71,0
614662.69,1277033.00,-9999.00,-9999.00,-9999.00,0.71,0.71,0.71,0
614755.00,1277033.00,-9999.00,-9999.00,-9999.00,0.71,0.71,0.71,0
614847.25,1277033.00,-9999.00,-9999.00,-9999.00,0.71,0.71,0.71,0
614939.56,1277033.00,-9999.00,-9999.00,-9999.00,0.71,0.71,0.71,0
615031.81,1277033.00,-9999.00,-9999.00,-9999.00,0.71,0.71,0.71,0
615124.12,1277033.00,-9999.00,-9999.00,-9999.00,0.71,0.71,0.71,0
615216.38,1277033.00,-9999.00,-9999.00,-9999.00,0.71,0.71,0.71,0
615308.62,1277033.00,-9999.00,-9999.00,-9999.00,0.71,0.71,0.71,0
615400.94,1277033.00,-9999.00,-9999.00,-9999.00,0.71,0.71,0.71,0
615493.19,1277033.00,-9999.00,-9999.00,-9999.00,0.71,0.71,0.71,0
615585.50,1277033.00,-9999.00,-9999.00,-9999.00,0.71,0.71,0.71,0
615677.75,1277033.00,-9999.00,-9999.00,-9999.00,0.71,0.71,0.71,0
615770.06,1277033.00,-9999.00,-9999.00,-9999.00,0.71,0.71,0.71,0
615862.31,1277033.00,-9999.00,-9999.00,-9999.00,0.71,0.71,0.71,0
615954.62,1277033.00,-9999.00,-9999.00,-9999.00,0.71,0.71,0.71,0
616046.88,1277033.00,-9999.00,-9999.00,-9999.00,0.71,0.71,0.71,0
616139.12,1277033.00,-9999.00,-9999.00,-9999.00,0.71,0.71,0.71,0
616231.44,1277033.00,-9999.00,-9999.00,-9999.00,0.71,0.71,0.71,0
616323.69,1277033.00,-9999.00,-9999.00,-9999.00,0.71,0.71,0.71,0
616416.00,1277033.00,-9999.00,-9999.00,-9999.00,0.71,0.71,0.71,0
616508.25,1277033.00,-9999.00,-9999.00,-9999.00,0.71,0.71,0.71,0
616600.56,1277033.00,-9999.00,-9999.00,-9999.00,0.71,0.71,0.71,0
616692.81,1277033.00,-9999.00,-9999.00,-9999.00,0.71,0.71,0.71,0
616785.12,1277033.00,-9999.00,-9999.00,-9999.00,0.71,0.71,0.71,0
616877.38,1277033.00,-9999.00,-9999.00,-9999.00,0.71,0.71,0.71,0
616969.62,1277033.00,-9999.00,-9999.00,-9999.00,0.71,0.71,0.71,0
617061.94,1277033.00,-9999.00,-9999.00,-9999.00,0.71,0.71,0.71,0
617154.19,1277033.00,-9999.00,-9999.00,-9999.00,0.71,0.71,0.71,0
617246.50,1277033.00,-9999.00,-9999.00,-9999.00,0.71,0.71,0.71,0
617338.75,1277033.00,-9999.00,-9999.00,-9999.00,0.71,0.71,0.71,0
617431.06,1277033.00,-9999.00,-9999.00,-9999.00,0.71,0.71,0.71,0
617523.31,1277033.00,-9999.00,-9999.00,-9999.00,0.71,0.71,0.71,0
617615.62,1277033.00,-9999.00,-9999.00,-9999.00,0.71,0.71,0.71,0
617707.88,1277033.00,-9999.00,-9999.00,-9999.00,0.71,0.71,0.71,0
617800.12,1277033.00,-9999.00,-9999.00,-9999.00,0.71,0.71,0.71,0
617892.44,1277033.00,-9999.00,-9999.00,-9999.00,0.71,0.71,0.71,0
617984.69,1277033.00,-9999.00,-9999.00,-9999.00,0.71,0.71,0.71,0
618077.00,1277033.00,-9999.00,-9999.00,-9999.00,0.71,0.71,0.71,0
618169.25,1277033.00,-9999.00,-9999.00,-9999.00,0.71,0.71,0.71,0
618261.56,1277033.00,-9999.00,-9999.00,-9999.00,0.71,0.71,0.71,0
618353.81,1277033.00,-9999.00,-9999.00,-9999.00,0.71,0.71,0.71,0
618446.12,1277033.00,-9999.00,-9999.00,-9999.00,0.71,0.71,0.71,0
618538.38,1277033.00,-9999.00,-9999.00,-9999.00,0.71,0.71,0.71,0
618630.62,1277033.00,-9999.00,-9999.00,-9999.00,0.71,0.71,0.71,0
618722.94,1277033.00,-9999.00,-9999.00,-9999.00,0.71,0.71,0.71,0
618815.19,1277033.00,-9999.00,-9999.00,-9999.00,0.71,0.71,0.71,0
618907.50,1277033.00,-9999.00,-9999.00,-9999.00,0.71,0.71,0.71,0
618999.75,1277033.00,-9999.00,-9999.00,-9999.00,0.71,0.71,0.71,0
619092.06,1277033.00,-9999.00,-9999.00,-9999.00,0.71,0.71,0.71,0
619184.31,1277033.00,-9999.00,-9999.00,-9999.00,0.71,0.71,0.71,0
619276.62,1277033.00,-9999.00,-9999.00,-9999.00,0.71,0.71,0.71,0
619368.88,1277033.00,-9999.00,-9999.00,-9999.00,0.71,0.71,0.71,0
619461.19,1277033.00,-9999.00,-9999.00,-9999.00,0.71,0.71,0.71,0
619553.44,1277033.00,-9999.00,-9999.00,-9999.00,0.71,0.71,0.71,0
619645.69,1277033.00,-9999.00,-9999.00,-9999.00,0.71,0.71,0.71,0
619738.00,1277033.00,-9999.00,-9999.00,-9999.00,0.71,0.71,0.71,0
619830.25,1277033.00,-9999.00,-9999.00,-9999.00,0.71,0.71,0.71,0
619922.56,1277033.00,-9999.00,-9999.00,-9999.00,0.71,0.71,0.71,0
620014.81,1277033.00,-9999.00,-9999.00,-9999.00,0.71,0.71,0.71,0
620107.12,1277033.00,-9999.00,-9999.00,-9999.00,0.71,0.71,0.71,0
620199.38,1277033.00,-9999.00,-9999.00,-9999.00,0.71,0.71,0.71,0
620291.69,1277033.00,-9999.00,-9999.00,-9999.00,0.71,0.71,0.71,0
620383.94,1277033.00,-9999.00,-9999.00,-9999.00,0.71,0.71,0.71,0
620476.19,1277033.00,-9999.00,-9999.00,-9999.00,0.71,0.71,0.71,0
620568.50,1277033.00,-9999.00,-9999.00,-9999.00,0.71,0.71,0.71,0
620660.75,1277033.00,-9999.00,-9999.00,-9999.00,0.71,0.71,0.71,0
620753.06,1277033.00,-9999.00,-9999.00,-9999.00,0.71,0.71,0.71,0
620845.31,1277033.00,-9999.00,-9999.00,-9999.00,0.71,0.71,0.71,0
620937.62,1277033.00,-9999.00,-9999.00,-9999.00,0.71,0.71,0.71,0
621029.88,1277033.00,-9999.00,-9999.00,-9999.00,0.71,0.71,0.71,0
621122.19,1277033.00,-9999.00,-9999.00,-9999.00,0.71,0.71,0.71,0
621214.44,1277033.00,-9999.00,-9999.00,-9999.00,0.71,0.71,0.71,0
621306.69,1277033.00,-9999.00,-9999.00,-9999.00,0.71,0.71,0.71,0
621399.00,1277033.00,-9999.00,-9999.00,-9999.00,0.71,0.71,0.71,0
621491.25,1277033.00,-9999.00,-9999.00,-9999.00,0.71,0.71,0.71,0
621583.56,1277033.00,-9999.00,-9999.00,-9999.00,0.71,0.71,0.71,0
621675.81,1277033.00,-9999.00,-9999.00,-9999.00,0.71,0.71,0.71,0
621768.12,1277033.00,-9999.00,-9999.00,-9999.00,0.71,0.71,0.71,0
621860.38,1277033.00,-9999.00,-9999.00,-9999.00,0.71,0.71,0.71,0
621952.69,1277033.00,-9999.00,-9999.00,-9999.00,0.71,0.71,0.71,0
622044.94,1277033.00,-9999.00,-9999.00,-9999.00,0.71,0.71,0.71,0
622137.19,1277033.00,-9999.00,-9999.00,-9999.00,0.71,0.71,0.71,0
622229.50,1277033.00,-9999.00,-9999.00,-9999.00,0.71,0.71,0.71,0
622321.75,1277033.00,-9999.00,-9999.00,-9999.00,0.71,0.71,0.71,0
622414.06,1277033.00,-9999.00,-9999.00,-9999.00,0.71,0.71,0.71,0
622506.31,1277033.00,-9999.00,-9999.00,-9999.00,0.71,0.71,0.71,0
622598.62,1277033.00,-9999.00,-9999.00,-9999.00,0.71,0.71,0.71,0
622690.88,1277033.00,-9999.00,-9999.00,-9999.00,0.71,0.71,0.71,0
622783.19,1277033.00,-9999.00,-9999.00,-9999.00,0.71,0.71,0.71,0
622875.44,1277033.00,-9999.00,-9999.00,-9999.00,0.71,0.71,0.71,0
622967.69,1277033.00,-9999.00,-9999.00,-9999.00,0.71,0.71,0.71,0
623060.00,1277033.00,-9999.00,-9999.00,-9999.00,0.71,0.71,0.71,0
623152.25,1277033.00,-9999.00,-9999.00,-9999.00,0.71,0.71,0.71,0
623244.56,1277033.00,-9999.00,-9999.00,-9999.00,0.71,0.71,0.71,0
623336.81,1277033.00,-9999.00,-9999.00,-9999.00,0.71,0.71,0.71,0
623429.12,1277033.00,-9999.00,-9999.00,-9999.00,0.71,0.71,0.71,0
623521.38,1277033.00,-9999.00,-9999.00,-9999.00,0.71,0.71,0.71,0
623613.69,1277033.00,-9999.00,-9999.00,-9999.00,0.71,0.71,0.71,0
623705.94,1277033.00,-9999.00,-9999.00,-9999.00,0.71,0.71,0.71,0
623798.19,1277033.00,-9999.00,-9999.00,-9999.00,0.71,0.71,0.71,0
623890.50,1277033.00,-9999.00,-9999.00,-9999.00,0.71,0.71,0.71,0
623982.75,1277033.00,-9999.00,-9999.00,-9999.00,0.71,0.71,0.71,0
624075.06,1277033.00,-9999.00,-9999.00,-9999.00,0.71,0.71,0.71,0
624167.31,1277033.00,-9999.00,-9999.00,-9999.00,0.71,0.71,0.71,0
624259.62,1277033.00,-9999.00,-9999.00,-9999.00,0.71,0.71,0.71,0
624351.88,1277033.00,-9999.00,-9999.00,-9999.00,0.71,0.71,0.71,0
624444.19,1277033.00,-9999.00,-9999.00,-9999.00,0.71,0.71,0.71,0
624536.44,1277033.00,-9999.00,-9999.00,-9999.00,0.71,0.71,0.71,0
624628.69,1277033.00,-9999.00,-9999.00,-9999.00,0.71,0.71,0.71,0
624721.00,1277033.00,-9999.00,-9999.00,-9999.00,0.71,0.71,0.71,0
624813.25,1277033.00,-9999.00,-9999.00,-9999.00,0.71,0.71,0.71,0
624905.56,1277033.00,-9999.00,-9999.00,-9999.00,0.71,0.71,0.71,0
624997.81,1277033.00,-9999.00,-9999.00,-9999.00,0.71,0.71,0.71,0
625090.12,1277033.00,-9999.00,-9999.00,-9999.00,0.71,0.71,0.71,0
625182.38,1277033.00,-9999.00,-9999.00,-9999.00,0.71,0.71,0.71,0
625274.69,1277033.00,-9999.00,-9999.00,-9999.00,0.71,0.71,0.71,0
625366.94,1277033.00,-9999.00,-9999.00,-9999.00,0.71,0.71,0.71,0
625459.19,1277033.00,-9999.00,-9999.00,-9999.00,0.71,0.71,0.71,0
