x,y,z,zb,z1,r,g,b,i
614385.88,1288106.38,-9999.00,-9999.00,-9999.00,0.71,0.71,0.71,0
614478.12,1288106.38,733.00,733.00,733.00,0.71,0.71,0.71,0
614570.44,1288106.38,728.01,728.00,728.01,0.71,0.71,0.71,0
614662.69,1288106.38,728.07,728.00,728.07,0.71,0.71,0.71,0
614755.00,1288106.38,729.32,729.00,729.32,0.64,0.44,0.38,1
614847.25,1288106.38,729.73,729.00,729.73,0.63,0.40,0.33,1
614939.56,1288106.38,731.98,731.00,731.98,0.63,0.38,0.30,1
615031.81,1288106.38,734.03,733.00,734.03,0.63,0.37,0.30,1
615124.12,1288106.38,737.04,736.00,737.04,0.63,0.37,0.30,1
615216.38,1288106.38,745.04,744.00,745.04,0.63,0.37,0.30,1
615308.62,1288106.38,764.04,763.00,764.04,0.63,0.37,0.30,1
615400.94,1288106.38,785.04,784.00,785.04,0.63,0.37,0.30,1
615493.19,1288106.38,800.04,799.00,800.04,0.63,0.37,0.30,1
615585.50,1288106.38,795.04,794.00,795.04,0.63,0.37,0.30,1
615677.75,1288106.38,786.04,785.00,786.04,0.63,0.37,0.30,1
615770.06,1288106.38,779.04,778.00,779.04,0.63,0.37,0.30,1
615862.31,1288106.38,778.04,777.00,778.04,0.63,0.37,0.30,1
615954.62,1288106.38,761.04,760.00,761.04,0.63,0.37,0.30,1
616046.88,1288106.38,753.04,752.00,753.04,0.63,0.37,0.30,1
616139.12,1288106.38,772.04,771.00,772.04,0.63,0.37,0.30,1
616231.44,1288106.38,791.04,790.00,791.04,0.63,0.37,0.30,1
616323.69,1288106.38,794.04,793.00,794.04,0.63,0.37,0.30,1
616416.00,1288106.38,776.04,775.00,776.04,0.63,0.37,0.30,1
616508.25,1288106.38,762.04,761.00,762.04,0.63,0.37,0.30,1
616600.56,1288106.38,769.04,768.00,769.04,0.63,0.37,0.30,1
616692.81,1288106.38,775.04,774.00,775.04,0.63,0.37,0.30,1
616785.12,1288106.38,785.04,784.00,785.04,0.63,0.37,0.30,1
616877.38,1288106.38,795.04,794.00,795.04,0.63,0.37,0.30,1
616969.62,1288106.38,810.04,809.00,810.04,0.63,0.37,0.30,1
617061.94,1288106.38,821.04,820.00,821.04,0.63,0.37,0.30,1
617154.19,1288106.38,827.04,826.00,827.04,0.63,0.37,0.30,1
617246.50,1288106.38,828.04,827.00,828.04,0.63,0.37,0.30,1
617338.75,1288106.38,830.04,829.00,830.04,0.63,0.37,0.30,1
617431.06,1288106.38,842.04,841.00,842.04,0.63,0.37,0.30,1
617523.31,1288106.38,855.04,854.00,855.04,0.63,0.37,0.30,1
617615.62,1288106.38,869.04,868.00,869.04,0.63,0.37,0.30,1
617707.88,1288106.38,882.04,881.00,882.04,0.63,0.37,0.30,1
617800.12,1288106.38,879.04,878.00,879.04,0.63,0.37,0.30,1
617892.44,1288106.38,862.04,861.00,862.04,0.63,0.37,0.30,1
617984.69,1288106.38,847.04,846.00,847.04,0.63,0.37,0.30,1
618077.00,1288106.38,833.04,832.00,833.04,0.63,0.37,0.30,1
618169.25,1288106.38,817.04,816.00,817.04,0.63,0.37,0.30,1
618261.56,1288106.38,805.04,804.00,805.04,0.63,0.37,0.30,1
618353.81,1288106.38,798.04,797.00,798.04,0.63,0.37,0.30,1
618446.12,1288106.38,795.04,794.00,795.04,0.63,0.37,0.30,1
618538.38,1288106.38,789.04,788.00,789.04,0.63,0.37,0.30,1
618630.62,1288106.38,783.04,782.00,783.04,0.63,0.37,0.30,1
618722.94,1288106.38,778.04,777.00,778.04,0.63,0.37,0.30,1
618815.19,1288106.38,775.04,774.00,775.04,0.63,0.37,0.30,1
618907.50,1288106.38,781.04,780.00,781.04,0.63,0.37,0.30,1
618999.75,1288106.38,789.04,788.00,789.04,0.63,0.37,0.30,1
619092.06,1288106.38,782.04,781.00,782.04,0.63,0.37,0.30,1
619184.31,1288106.38,761.04,760.00,761.04,0.63,0.37,0.30,1
619276.62,1288106.38,747.04,746.00,747.04,0.63,0.37,0.30,1
619368.88,1288106.38,760.04,759.00,760.04,0.63,0.37,0.30,1
619461.19,1288106.38,776.04,775.00,776.04,0.63,0.37,0.30,1
619553.44,1288106.38,772.04,771.00,772.04,0.63,0.37,0.30,1
619645.69,1288106.38,759.04,758.00,759.04,0.63,0.37,0.30,1
619738.00,1288106.38,751.04,750.00,751.04,0.63,0.37,0.30,1
619830.25,1288106.38,759.04,758.00,759.04,0.63,0.37,0.30,1
619922.56,1288106.38,765.04,764.00,765.04,0.63,0.37,0.30,1
620014.81,1288106.38,762.04,761.00,762.04,0.63,0.37,0.30,1
620107.12,1288106.38,753.03,752.00,753.03,0.63,0.37,0.30,1
620199.38,1288106.38,745.02,744.00,745.02,0.63,0.37,0.30,1
620291.69,1288106.38,742.94,742.00,742.94,0.63,0.38,0.31,1
620383.94,1288106.38,746.83,746.00,746.83,0.63,0.39,0.32,1
620476.19,1288106.38,746.83,746.00,746.83,0.63,0.39,0.32,1
620568.50,1288106.38,749.94,749.00,749.94,0.63,0.38,0.31,1
620660.75,1288106.38,758.02,757.00,758.02,0.63,0.37,0.30,1
620753.06,1288106.38,756.03,755.00,756.03,0.63,0.37,0.30,1
620845.31,1288106.38,748.04,747.00,748.04,0.63,0.37,0.30,1
620937.62,1288106.38,746.04,745.00,746.04,0.63,0.37,0.30,1
621029.88,1288106.38,751.04,750.00,751.04,0.63,0.37,0.30,1
621122.19,1288106.38,753.04,752.00,753.04,0.63,0.37,0.30,1
621214.44,1288106.38,748.04,747.00,748.04,0.63,0.37,0.30,1
621306.69,1288106.38,741.04,740.00,741.04,0.63,0.37,0.30,1
621399.00,1288106.38,737.04,736.00,737.04,0.63,0.37,0.30,1
621491.25,1288106.38,735.05,734.00,735.05,0.63,0.37,0.30,1
621583.56,1288106.38,734.07,733.00,734.07,0.63,0.37,0.30,1
621675.81,1288106.38,734.09,733.00,734.09,0.63,0.37,0.30,1
621768.12,1288106.38,735.08,734.00,735.08,0.63,0.37,0.30,1
621860.38,1288106.38,734.98,734.00,734.98,0.63,0.38,0.30,1
621952.69,1288106.38,735.85,735.00,735.85,0.63,0.39,0.32,1
622044.94,1288106.38,735.85,735.00,735.85,0.63,0.39,0.32,1
622137.19,1288106.38,735.96,735.00,735.96,0.63,0.38,0.31,1
622229.50,1288106.38,736.02,735.00,736.02,0.63,0.37,0.30,1
622321.75,1288106.38,736.04,735.00,736.04,0.63,0.37,0.30,1
622414.06,1288106.38,736.04,735.00,736.04,0.63,0.37,0.30,1
622506.31,1288106.38,737.04,736.00,737.04,0.63,0.37,0.30,1
622598.62,1288106.38,739.04,738.00,739.04,0.63,0.37,0.30,1
622690.88,1288106.38,738.04,737.00,738.04,0.63,0.37,0.30,1
622783.19,1288106.38,737.04,736.00,737.04,0.63,0.37,0.30,1
622875.44,1288106.38,738.04,737.00,738.04,0.63,0.37,0.30,1
622967.69,1288106.38,739.04,738.00,739.04,0.63,0.37,0.30,1
623060.00,1288106.38,740.04,739.00,740.04,0.63,0.37,0.30,1
623152.25,1288106.38,740.04,739.00,740.04,0.63,0.37,0.30,1
623244.56,1288106.38,740.04,739.00,740.04,0.63,0.37,0.30,1
623336.81,1288106.38,741.04,740.00,741.04,0.63,0.37,0.30,1
623429.12,1288106.38,741.04,740.00,741.04,0.63,0.37,0.30,1
623521.38,1288106.38,741.04,740.00,741.04,0.63,0.37,0.30,1
623613.69,1288106.38,742.04,741.00,742.04,0.63,0.37,0.30,1
623705.94,1288106.38,745.04,744.00,745.04,0.63,0.37,0.30,1
623798.19,1288106.38,747.04,746.00,747.04,0.63,0.37,0.30,1
623890.50,1288106.38,749.04,748.00,749.04,0.63,0.37,0.30,1
623982.75,1288106.38,751.04,750.00,751.04,0.63,0.37,0.30,1
624075.06,1288106.38,751.03,750.00,751.03,0.63,0.37,0.30,1
624167.31,1288106.38,753.01,752.00,753.01,0.63,0.37,0.30,1
624259.62,1288106.38,753.90,753.00,753.90,0.63,0.38,0.31,1
624351.88,1288106.38,751.80,751.00,751.80,0.63,0.39,0.32,1
624444.19,1288106.38,753.85,753.00,753.85,0.63,0.39,0.32,1
624536.44,1288106.38,764.93,764.00,764.93,0.63,0.38,0.31,1
624628.69,1288106.38,773.92,773.00,773.92,0.63,0.38,0.31,1
624721.00,1288106.38,776.86,776.00,776.86,0.63,0.39,0.31,1
624813.25,1288106.38,770.85,770.00,770.85,0.63,0.39,0.32,1
624905.56,1288106.38,763.90,763.00,763.90,0.63,0.38,0.31,1
624997.81,1288106.38,775.97,775.00,775.97,0.63,0.38,0.31,1
625090.12,1288106.38,791.01,790.00,791.01,0.63,0.37,0.30,1
625182.38,1288106.38,793.03,792.00,793.03,0.63,0.37,0.30,1
625274.69,1288106.38,783.03,782.00,783.03,0.63,0.37,0.30,1
625366.94,1288106.38,786.32,785.31,786.32,0.63,0.37,0.30,1
625459.19,1288106.38,-9999.00,-9999.00,-9999.00,0.71,0.71,0.71,0
614385.88,1288014.12,-9999.00,-9999.00,-9999.00,0.71,0.71,0.71,0
614478.12,1288014.12,737.00,737.00,737.00,-0.49,-0.49,-0.49,0
614570.44,1288014.12,729.01,729.00,729.01,0.73,0.73,0.73,0
614662.69,1288014.12,728.07,728.00,728.07,0.71,0.71,0.71,0
614755.00,1288014.12,728.33,728.00,728.33,0.64,0.44,0.38,1
614847.25,1288014.12,729.75,729.00,729.75,0.63,0.39,0.32,1
614939.56,1288014.12,732.00,731.00,732.00,0.63,0.37,0.30,1
615031.81,1288014.12,734.05,733.00,734.05,0.62,0.37,0.29,1
615124.12,1288014.12,738.06,737.00,738.06,0.62,0.36,0.29,1
615216.38,1288014.12,751.06,750.00,751.06,0.61,0.35,0.28,1
615308.62,1288014.12,769.06,768.00,769.06,0.60,0.35,0.27,1
615400.94,1288014.12,788.06,787.00,788.06,0.60,0.35,0.27,1
615493.19,1288014.12,799.06,798.00,799.06,0.62,0.36,0.29,1
615585.50,1288014.12,787.06,786.00,787.06,0.63,0.37,0.30,1
615677.75,1288014.12,775.06,774.00,775.06,0.62,0.36,0.29,1
615770.06,1288014.12,771.06,770.00,771.06,0.61,0.36,0.28,1
615862.31,1288014.12,773.06,772.00,773.06,0.62,0.37,0.29,1
615954.62,1288014.12,762.06,761.00,762.06,0.64,0.38,0.31,1
616046.88,1288014.12,753.06,752.00,753.06,0.63,0.37,0.30,1
616139.12,1288014.12,769.06,768.00,769.06,0.60,0.35,0.27,1
616231.44,1288014.12,784.06,783.00,784.06,0.60,0.35,0.27,1
616323.69,1288014.12,789.06,788.00,789.06,0.63,0.37,0.30,1
616416.00,1288014.12,770.06,769.00,770.06,0.63,0.38,0.30,1
616508.25,1288014.12,762.06,761.00,762.06,0.62,0.37,0.29,1
616600.56,1288014.12,770.06,769.00,770.06,0.62,0.36,0.29,1
616692.81,1288014.12,777.06,776.00,777.06,0.62,0.37,0.29,1
616785.12,1288014.12,784.06,783.00,784.06,0.62,0.36,0.29,1
616877.38,1288014.12,791.06,790.00,791.06,0.61,0.35,0.28,1
616969.62,1288014.12,806.06,805.00,806.06,0.60,0.34,0.27,1
617061.94,1288014.12,819.06,818.00,819.06,0.60,0.34,0.27,1
617154.19,1288014.12,831.06,830.00,831.06,0.61,0.36,0.28,1
617246.50,1288014.12,831.06,830.00,831.06,0.63,0.37,0.30,1
617338.75,1288014.12,830.06,829.00,830.06,0.62,0.36,0.29,1
617431.06,1288014.12,844.06,843.00,844.06,0.61,0.35,0.28,1
617523.31,1288014.12,858.06,857.00,858.06,0.61,0.35,0.28,1
617615.62,1288014.12,870.06,869.00,870.06,0.61,0.35,0.28,1
617707.88,1288014.12,883.06,882.00,883.06,0.62,0.36,0.29,1
617800.12,1288014.12,888.06,887.00,888.06,0.64,0.39,0.31,1
617892.44,1288014.12,881.06,880.00,881.06,0.66,0.41,0.33,1
617984.69,1288014.12,868.06,867.00,868.06,0.67,0.41,0.34,1
618077.00,1288014.12,851.05,850.00,851.05,0.67,0.41,0.34,1
618169.25,1288014.12,830.05,829.00,830.05,0.67,0.41,0.34,1
618261.56,1288014.12,816.05,815.00,816.05,0.66,0.40,0.33,1
618353.81,1288014.12,811.05,810.00,811.05,0.65,0.40,0.32,1
618446.12,1288014.12,806.06,805.00,806.06,0.65,0.39,0.32,1
618538.38,1288014.12,800.06,799.00,800.06,0.65,0.39,0.32,1
618630.62,1288014.12,795.06,794.00,795.06,0.65,0.39,0.32,1
618722.94,1288014.12,790.06,789.00,790.06,0.65,0.39,0.32,1
618815.19,1288014.12,782.06,781.00,782.06,0.64,0.38,0.31,1
618907.50,1288014.12,783.06,782.00,783.06,0.62,0.37,0.29,1
618999.75,1288014.12,788.06,787.00,788.06,0.62,0.36,0.29,1
619092.06,1288014.12,783.06,782.00,783.06,0.64,0.38,0.31,1
619184.31,1288014.12,764.06,763.00,764.06,0.65,0.39,0.32,1
619276.62,1288014.12,748.06,747.00,748.06,0.63,0.37,0.30,1
619368.88,1288014.12,761.05,760.00,761.05,0.60,0.35,0.27,1
619461.19,1288014.12,777.05,776.00,777.05,0.61,0.36,0.28,1
619553.44,1288014.12,776.05,775.00,776.05,0.64,0.38,0.31,1
619645.69,1288014.12,763.06,762.00,763.06,0.65,0.39,0.32,1
619738.00,1288014.12,754.06,753.00,754.06,0.64,0.38,0.31,1
619830.25,1288014.12,758.06,757.00,758.06,0.62,0.37,0.29,1
619922.56,1288014.12,760.06,759.00,760.06,0.62,0.37,0.29,1
620014.81,1288014.12,757.06,756.00,757.06,0.63,0.37,0.30,1
620107.12,1288014.12,751.06,750.00,751.06,0.63,0.38,0.30,1
620199.38,1288014.12,749.05,748.00,749.05,0.64,0.38,0.31,1
620291.69,1288014.12,751.01,750.00,751.01,0.64,0.38,0.31,1
620383.94,1288014.12,749.94,749.00,749.94,0.64,0.38,0.31,1
620476.19,1288014.12,748.94,748.00,748.94,0.63,0.38,0.31,1
620568.50,1288014.12,752.01,751.00,752.01,0.62,0.37,0.30,1
620660.75,1288014.12,760.05,759.00,760.05,0.62,0.37,0.29,1
620753.06,1288014.12,760.06,759.00,760.06,0.64,0.38,0.31,1
620845.31,1288014.12,752.06,751.00,752.06,0.64,0.39,0.31,1
620937.62,1288014.12,747.06,746.00,747.06,0.63,0.37,0.30,1
621029.88,1288014.12,751.06,750.00,751.06,0.62,0.37,0.29,1
621122.19,1288014.12,757.06,756.00,757.06,0.63,0.38,0.30,1
621214.44,1288014.12,753.06,752.00,753.06,0.64,0.39,0.31,1
621306.69,1288014.12,746.06,745.00,746.06,0.65,0.39,0.32,1
621399.00,1288014.12,740.05,739.00,740.05,0.64,0.38,0.31,1
621491.25,1288014.12,736.07,735.00,736.07,0.64,0.38,0.30,1
621583.56,1288014.12,734.10,733.00,734.10,0.63,0.37,0.30,1
621675.81,1288014.12,735.14,734.00,735.14,0.63,0.37,0.29,1
621768.12,1288014.12,735.14,734.00,735.14,0.63,0.37,0.29,1
621860.38,1288014.12,735.08,734.00,735.08,0.63,0.37,0.30,1
621952.69,1288014.12,735.99,735.00,735.99,0.63,0.38,0.31,1
622044.94,1288014.12,735.97,735.00,735.97,0.63,0.38,0.31,1
622137.19,1288014.12,736.02,735.00,736.02,0.63,0.37,0.30,1
622229.50,1288014.12,735.06,734.00,735.06,0.63,0.37,0.30,1
622321.75,1288014.12,736.06,735.00,736.06,0.63,0.37,0.30,1
622414.06,1288014.12,737.07,736.00,737.07,0.63,0.37,0.30,1
622506.31,1288014.12,738.07,737.00,738.07,0.63,0.37,0.30,1
622598.62,1288014.12,740.07,739.00,740.07,0.63,0.38,0.30,1
622690.88,1288014.12,739.07,738.00,739.07,0.64,0.38,0.31,1
622783.19,1288014.12,739.07,738.00,739.07,0.64,0.38,0.31,1
622875.44,1288014.12,739.07,738.00,739.07,0.63,0.38,0.30,1
622967.69,1288014.12,742.07,741.00,742.07,0.64,0.38,0.31,1
623060.00,1288014.12,744.07,743.00,744.07,0.64,0.38,0.31,1
623152.25,1288014.12,743.07,742.00,743.07,0.64,0.38,0.31,1
623244.56,1288014.12,743.07,742.00,743.07,0.64,0.38,0.31,1
623336.81,1288014.12,743.07,742.00,743.07,0.64,0.38,0.31,1
623429.12,1288014.12,746.07,745.00,746.07,0.64,0.38,0.31,1
623521.38,1288014.12,747.07,746.00,747.07,0.64,0.39,0.31,1
623613.69,1288014.12,745.07,744.00,745.07,0.64,0.38,0.31,1
623705.94,1288014.12,744.07,743.00,744.07,0.63,0.37,0.30,1
623798.19,1288014.12,744.07,743.00,744.07,0.63,0.37,0.30,1
623890.50,1288014.12,745.07,744.00,745.07,0.63,0.37,0.30,1
623982.75,1288014.12,747.07,746.00,747.07,0.63,0.37,0.30,1
624075.06,1288014.12,749.07,748.00,749.07,0.63,0.37,0.30,1
624167.31,1288014.12,750.05,749.00,750.05,0.63,0.37,0.30,1
624259.62,1288014.12,751.00,750.00,751.00,0.63,0.38,0.30,1
624351.88,1288014.12,751.95,751.00,751.95,0.63,0.38,0.31,1
624444.19,1288014.12,753.96,753.00,753.96,0.63,0.38,0.31,1
624536.44,1288014.12,757.96,757.00,757.96,0.61,0.36,0.29,1
624628.69,1288014.12,764.88,764.00,764.88,0.61,0.36,0.29,1
624721.00,1288014.12,770.79,770.00,770.79,0.62,0.38,0.31,1
624813.25,1288014.12,768.78,768.00,768.78,0.64,0.39,0.33,1
624905.56,1288014.12,768.86,768.00,768.86,0.63,0.39,0.31,1
624997.81,1288014.12,781.97,781.00,781.97,0.61,0.36,0.29,1
625090.12,1288014.12,792.04,791.00,792.04,0.61,0.36,0.28,1
625182.38,1288014.12,797.06,796.00,797.06,0.62,0.37,0.29,1
625274.69,1288014.12,794.06,793.00,794.06,0.64,0.38,0.31,1
625366.94,1288014.12,783.69,782.68,783.69,0.58,0.32,0.25,1
625459.19,1288014.12,-9999.00,-9999.00,-9999.00,0.71,0.71,0.71,0
614385.88,1287921.88,-9999.00,-9999.00,-9999.00,0.71,0.71,0.71,0
614478.12,1287921.88,740.00,740.00,740.00,-0.49,-0.49,-0.49,0
614570.44,1287921.88,730.01,730.00,730.01,0.74,0.74,0.74,0
614662.69,1287921.88,729.08,729.00,729.08,0.72,0.72,0.72,0
614755.00,1287921.88,729.36,729.00,729.36,0.64,0.44,0.38,1
614847.25,1287921.88,729.80,729.00,729.80,0.63,0.39,0.32,1
614939.56,1287921.88,732.06,731.00,732.06,0.63,0.37,0.30,1
615031.81,1287921.88,734.11,733.00,734.11,0.62,0.36,0.29,1
615124.12,1287921.88,742.12,741.00,742.12,0.62,0.36,0.28,1
615216.38,1287921.88,756.12,755.00,756.12,0.61,0.35,0.27,1
615308.62,1287921.88,771.12,770.00,771.12,0.60,0.34,0.27,1
615400.94,1287921.88,785.12,784.00,785.12,0.60,0.34,0.27,1
615493.19,1287921.88,790.12,789.00,790.12,0.62,0.36,0.28,1
615585.50,1287921.88,774.12,773.00,774.12,0.63,0.37,0.30,1
615677.75,1287921.88,759.12,758.00,759.12,0.62,0.36,0.28,1
615770.06,1287921.88,759.12,758.00,759.12,0.61,0.35,0.27,1
615862.31,1287921.88,763.12,762.00,763.12,0.61,0.35,0.28,1
615954.62,1287921.88,758.12,757.00,758.12,0.62,0.36,0.29,1
616046.88,1287921.88,756.12,755.00,756.12,0.62,0.36,0.29,1
616139.12,1287921.88,771.12,770.00,771.12,0.61,0.35,0.28,1
616231.44,1287921.88,779.12,778.00,779.12,0.62,0.36,0.28,1
616323.69,1287921.88,780.12,779.00,780.12,0.63,0.37,0.29,1
616416.00,1287921.88,762.12,761.00,762.12,0.63,0.37,0.30,1
616508.25,1287921.88,757.12,756.00,757.12,0.62,0.36,0.28,1
616600.56,1287921.88,769.12,768.00,769.12,0.60,0.34,0.27,1
616692.81,1287921.88,781.12,780.00,781.12,0.61,0.35,0.28,1
616785.12,1287921.88,787.12,786.00,787.12,0.62,0.36,0.28,1
616877.38,1287921.88,790.12,789.00,790.12,0.61,0.35,0.28,1
616969.62,1287921.88,797.12,796.00,797.12,0.60,0.34,0.26,1
617061.94,1287921.88,805.12,804.00,805.12,0.59,0.33,0.25,1
617154.19,1287921.88,819.12,818.00,819.12,0.59,0.33,0.25,1
617246.50,1287921.88,829.12,828.00,829.12,0.61,0.35,0.28,1
617338.75,1287921.88,831.12,830.00,831.12,0.63,0.37,0.29,1
617431.06,1287921.88,843.13,842.00,843.13,0.61,0.35,0.28,1
617523.31,1287921.88,859.13,858.00,859.13,0.60,0.34,0.27,1
617615.62,1287921.88,873.13,872.00,873.13,0.61,0.35,0.27,1
617707.88,1287921.88,886.13,885.00,886.13,0.61,0.35,0.28,1
617800.12,1287921.88,898.13,897.00,898.13,0.63,0.37,0.29,1
617892.44,1287921.88,897.12,896.00,897.12,0.65,0.39,0.31,1
617984.69,1287921.88,882.11,881.00,882.11,0.65,0.39,0.32,1
618077.00,1287921.88,862.08,861.00,862.08,0.65,0.39,0.32,1
618169.25,1287921.88,842.07,841.00,842.07,0.65,0.40,0.32,1
618261.56,1287921.88,832.07,831.00,832.07,0.65,0.39,0.32,1
618353.81,1287921.88,826.09,825.00,826.09,0.65,0.39,0.32,1
618446.12,1287921.88,817.11,816.00,817.11,0.64,0.39,0.31,1
618538.38,1287921.88,807.13,806.00,807.13,0.64,0.38,0.31,1
618630.62,1287921.88,800.13,799.00,800.13,0.63,0.37,0.30,1
618722.94,1287921.88,793.13,792.00,793.13,0.63,0.37,0.30,1
618815.19,1287921.88,787.13,786.00,787.13,0.63,0.37,0.30,1
618907.50,1287921.88,781.13,780.00,781.13,0.63,0.37,0.29,1
618999.75,1287921.88,777.13,776.00,777.13,0.62,0.36,0.28,1
619092.06,1287921.88,772.13,771.00,772.13,0.62,0.36,0.29,1
619184.31,1287921.88,759.12,758.00,759.12,0.63,0.37,0.30,1
619276.62,1287921.88,749.10,748.00,749.10,0.63,0.37,0.29,1
619368.88,1287921.88,758.08,757.00,758.08,0.60,0.34,0.27,1
619461.19,1287921.88,771.07,770.00,771.07,0.60,0.34,0.27,1
619553.44,1287921.88,770.08,769.00,770.08,0.62,0.36,0.29,1
619645.69,1287921.88,763.10,762.00,763.10,0.63,0.37,0.30,1
619738.00,1287921.88,757.11,756.00,757.11,0.63,0.37,0.30,1
619830.25,1287921.88,758.11,757.00,758.11,0.63,0.37,0.30,1
619922.56,1287921.88,759.11,758.00,759.11,0.63,0.37,0.30,1
620014.81,1287921.88,755.12,754.00,755.12,0.63,0.37,0.30,1
620107.12,1287921.88,752.13,751.00,752.13,0.63,0.37,0.29,1
620199.38,1287921.88,757.13,756.00,757.13,0.63,0.37,0.30,1
620291.69,1287921.88,758.12,757.00,758.12,0.64,0.38,0.30,1
620383.94,1287921.88,753.10,752.00,753.10,0.64,0.38,0.31,1
620476.19,1287921.88,752.10,751.00,752.10,0.63,0.37,0.30,1
620568.50,1287921.88,755.12,754.00,755.12,0.63,0.37,0.29,1
620660.75,1287921.88,760.13,759.00,760.13,0.62,0.36,0.29,1
620753.06,1287921.88,762.14,761.00,762.14,0.63,0.37,0.30,1
620845.31,1287921.88,756.14,755.00,756.14,0.64,0.38,0.31,1
620937.62,1287921.88,750.14,749.00,750.14,0.64,0.38,0.30,1
621029.88,1287921.88,754.14,753.00,754.14,0.63,0.36,0.29,1
621122.19,1287921.88,763.13,762.00,763.13,0.63,0.37,0.29,1
621214.44,1287921.88,762.12,761.00,762.12,0.65,0.39,0.31,1
621306.69,1287921.88,753.09,752.00,753.09,0.65,0.39,0.32,1
621399.00,1287921.88,744.06,743.00,744.06,0.65,0.39,0.32,1
621491.25,1287921.88,739.06,738.00,739.06,0.64,0.38,0.31,1
621583.56,1287921.88,737.10,736.00,737.10,0.63,0.37,0.30,1
621675.81,1287921.88,737.16,736.00,737.16,0.63,0.37,0.29,1
621768.12,1287921.88,738.19,737.00,738.19,0.63,0.36,0.29,1
621860.38,1287921.88,738.18,737.00,738.18,0.63,0.36,0.29,1
621952.69,1287921.88,739.14,738.00,739.14,0.63,0.37,0.29,1
622044.94,1287921.88,738.12,737.00,738.12,0.63,0.37,0.30,1
622137.19,1287921.88,737.13,736.00,737.13,0.63,0.37,0.30,1
622229.50,1287921.88,736.14,735.00,736.14,0.63,0.37,0.30,1
622321.75,1287921.88,736.14,735.00,736.14,0.63,0.37,0.30,1
622414.06,1287921.88,736.14,735.00,736.14,0.62,0.36,0.29,1
622506.31,1287921.88,741.14,740.00,741.14,0.62,0.36,0.29,1
622598.62,1287921.88,750.14,749.00,750.14,0.63,0.37,0.29,1
622690.88,1287921.88,751.14,750.00,751.14,0.64,0.38,0.30,1
622783.19,1287921.88,751.14,750.00,751.14,0.64,0.38,0.30,1
622875.44,1287921.88,751.14,750.00,751.14,0.63,0.37,0.30,1
622967.69,1287921.88,755.14,754.00,755.14,0.63,0.37,0.30,1
623060.00,1287921.88,758.14,757.00,758.14,0.64,0.38,0.30,1
623152.25,1287921.88,754.14,753.00,754.14,0.65,0.38,0.31,1
623244.56,1287921.88,752.15,751.00,752.15,0.64,0.38,0.30,1
623336.81,1287921.88,756.15,755.00,756.15,0.64,0.38,0.30,1
623429.12,1287921.88,763.15,762.00,763.15,0.64,0.38,0.30,1
623521.38,1287921.88,763.15,762.00,763.15,0.65,0.39,0.31,1
623613.69,1287921.88,757.15,756.00,757.15,0.65,0.39,0.31,1
623705.94,1287921.88,749.15,748.00,749.15,0.64,0.38,0.31,1
623798.19,1287921.88,746.15,745.00,746.15,0.63,0.37,0.29,1
623890.50,1287921.88,752.15,751.00,752.15,0.63,0.37,0.29,1
623982.75,1287921.88,755.15,754.00,755.15,0.63,0.37,0.30,1
624075.06,1287921.88,756.15,755.00,756.15,0.63,0.37,0.30,1
624167.31,1287921.88,759.15,758.00,759.15,0.64,0.38,0.30,1
624259.62,1287921.88,760.13,759.00,760.13,0.64,0.38,0.30,1
624351.88,1287921.88,762.12,761.00,762.12,0.64,0.38,0.31,1
624444.19,1287921.88,762.10,761.00,762.10,0.64,0.38,0.31,1
624536.44,1287921.88,756.03,755.00,756.03,0.63,0.38,0.31,1
624628.69,1287921.88,758.90,758.00,758.90,0.62,0.37,0.30,1
624721.00,1287921.88,766.78,766.00,766.78,0.62,0.38,0.31,1
624813.25,1287921.88,771.78,771.00,771.78,0.63,0.39,0.32,1
624905.56,1287921.88,777.90,777.00,777.90,0.63,0.39,0.31,1
624997.81,1287921.88,780.03,779.00,780.03,0.62,0.36,0.29,1
625090.12,1287921.88,785.09,784.00,785.09,0.61,0.35,0.28,1
625182.38,1287921.88,789.10,788.00,789.10,0.61,0.35,0.28,1
625274.69,1287921.88,788.09,787.00,788.09,0.62,0.36,0.29,1
625366.94,1287921.88,781.07,780.05,781.07,0.58,0.32,0.25,1
625459.19,1287921.88,-9999.00,-9999.00,-9999.00,0.71,0.71,0.71,0
614385.88,1287829.50,-9999.00,-9999.00,-9999.00,0.71,0.71,0.71,0
614478.12,1287829.50,734.00,734.00,734.00,-0.49,-0.49,-0.49,0
614570.44,1287829.50,731.02,731.00,731.02,0.74,0.74,0.74,0
614662.69,1287829.50,733.05,733.00,733.05,0.73,0.59,0.48,1
614755.00,1287829.50,730.22,730.00,730.22,0.66,0.47,0.42,1
614847.25,1287829.50,730.58,730.00,730.58,0.64,0.41,0.34,1
614939.56,1287829.50,731.92,731.00,731.92,0.62,0.38,0.30,1
615031.81,1287829.50,738.07,737.00,738.07,0.62,0.36,0.29,1
615124.12,1287829.50,746.11,745.00,746.11,0.62,0.36,0.28,1
615216.38,1287829.50,756.13,755.00,756.13,0.61,0.35,0.27,1
615308.62,1287829.50,765.14,764.00,765.14,0.60,0.34,0.27,1
615400.94,1287829.50,775.15,774.00,775.15,0.60,0.34,0.26,1
615493.19,1287829.50,777.15,776.00,777.15,0.61,0.35,0.27,1
615585.50,1287829.50,765.15,764.00,765.15,0.63,0.37,0.29,1
615677.75,1287829.50,750.15,749.00,750.15,0.62,0.36,0.29,1
615770.06,1287829.50,749.15,748.00,749.15,0.61,0.35,0.28,1
615862.31,1287829.50,749.16,748.00,749.16,0.61,0.35,0.27,1
615954.62,1287829.50,750.16,749.00,750.16,0.61,0.35,0.28,1
616046.88,1287829.50,758.16,757.00,758.16,0.61,0.35,0.28,1
616139.12,1287829.50,771.16,770.00,771.16,0.61,0.35,0.27,1
616231.44,1287829.50,776.16,775.00,776.16,0.62,0.36,0.28,1
616323.69,1287829.50,774.16,773.00,774.16,0.63,0.37,0.29,1
616416.00,1287829.50,759.16,758.00,759.16,0.64,0.38,0.30,1
616508.25,1287829.50,752.16,751.00,752.16,0.62,0.36,0.28,1
616600.56,1287829.50,761.16,760.00,761.16,0.60,0.34,0.26,1
616692.81,1287829.50,772.16,771.00,772.16,0.60,0.34,0.26,1
616785.12,1287829.50,777.16,776.00,777.16,0.60,0.34,0.27,1
616877.38,1287829.50,777.16,776.00,777.16,0.60,0.34,0.26,1
616969.62,1287829.50,780.16,779.00,780.16,0.60,0.34,0.27,1
617061.94,1287829.50,788.16,787.00,788.16,0.60,0.34,0.26,1
617154.19,1287829.50,802.16,801.00,802.16,0.59,0.32,0.25,1
617246.50,1287829.50,824.16,823.00,824.16,0.59,0.33,0.25,1
617338.75,1287829.50,843.16,842.00,843.16,0.61,0.35,0.28,1
617431.06,1287829.50,852.16,851.00,852.16,0.62,0.36,0.29,1
617523.31,1287829.50,856.16,855.00,856.16,0.61,0.35,0.27,1
617615.62,1287829.50,870.16,869.00,870.16,0.60,0.34,0.27,1
617707.88,1287829.50,887.16,886.00,887.16,0.61,0.35,0.27,1
617800.12,1287829.50,900.16,899.00,900.16,0.63,0.36,0.29,1
617892.44,1287829.50,894.16,893.00,894.16,0.64,0.38,0.31,1
617984.69,1287829.50,872.15,871.00,872.15,0.64,0.38,0.30,1
618077.00,1287829.50,853.12,852.00,853.12,0.63,0.37,0.30,1
618169.25,1287829.50,841.10,840.00,841.10,0.63,0.37,0.30,1
618261.56,1287829.50,833.10,832.00,833.10,0.63,0.37,0.30,1
618353.81,1287829.50,825.11,824.00,825.11,0.63,0.37,0.30,1
618446.12,1287829.50,813.13,812.00,813.13,0.63,0.37,0.30,1
618538.38,1287829.50,802.15,801.00,802.15,0.63,0.37,0.29,1
618630.62,1287829.50,792.16,791.00,792.16,0.62,0.36,0.29,1
618722.94,1287829.50,785.16,784.00,785.16,0.62,0.36,0.28,1
618815.19,1287829.50,779.16,778.00,779.16,0.62,0.36,0.28,1
618907.50,1287829.50,773.17,772.00,773.17,0.62,0.36,0.29,1
618999.75,1287829.50,766.17,765.00,766.17,0.62,0.36,0.29,1
619092.06,1287829.50,757.16,756.00,757.16,0.62,0.36,0.29,1
619184.31,1287829.50,750.16,749.00,750.16,0.63,0.36,0.29,1
619276.62,1287829.50,746.14,745.00,746.14,0.63,0.36,0.29,1
619368.88,1287829.50,749.12,748.00,749.12,0.61,0.35,0.28,1
619461.19,1287829.50,755.10,754.00,755.10,0.60,0.34,0.27,1
619553.44,1287829.50,757.10,756.00,757.10,0.61,0.35,0.28,1
619645.69,1287829.50,757.12,756.00,757.12,0.62,0.36,0.29,1
619738.00,1287829.50,758.14,757.00,758.14,0.63,0.37,0.29,1
619830.25,1287829.50,762.14,761.00,762.14,0.63,0.37,0.29,1
619922.56,1287829.50,762.14,761.00,762.14,0.63,0.37,0.30,1
620014.81,1287829.50,758.15,757.00,758.15,0.64,0.38,0.30,1
620107.12,1287829.50,757.16,756.00,757.16,0.63,0.37,0.30,1
620199.38,1287829.50,761.17,760.00,761.17,0.63,0.37,0.29,1
620291.69,1287829.50,762.17,761.00,762.17,0.63,0.37,0.30,1
620383.94,1287829.50,759.16,758.00,759.16,0.64,0.38,0.30,1
620476.19,1287829.50,758.15,757.00,758.15,0.63,0.37,0.30,1
620568.50,1287829.50,761.15,760.00,761.15,0.63,0.37,0.30,1
620660.75,1287829.50,760.17,759.00,760.17,0.63,0.37,0.30,1
620753.06,1287829.50,761.17,760.00,761.17,0.63,0.36,0.29,1
620845.31,1287829.50,763.17,762.00,763.17,0.63,0.37,0.30,1
620937.62,1287829.50,761.17,760.00,761.17,0.64,0.38,0.30,1
621029.88,1287829.50,762.17,761.00,762.17,0.63,0.37,0.30,1
621122.19,1287829.50,769.16,768.00,769.16,0.63,0.37,0.29,1
621214.44,1287829.50,771.15,770.00,771.15,0.64,0.38,0.30,1
621306.69,1287829.50,764.12,763.00,764.12,0.65,0.39,0.31,1
621399.00,1287829.50,753.09,752.00,753.09,0.65,0.39,0.32,1
621491.25,1287829.50,744.07,743.00,744.07,0.64,0.39,0.31,1
621583.56,1287829.50,739.09,738.00,739.09,0.63,0.38,0.30,1
621675.81,1287829.50,738.14,737.00,738.14,0.63,0.37,0.29,1
621768.12,1287829.50,738.18,737.00,738.18,0.63,0.36,0.29,1
621860.38,1287829.50,737.19,736.00,737.19,0.63,0.36,0.29,1
621952.69,1287829.50,738.18,737.00,738.18,0.62,0.36,0.29,1
622044.94,1287829.50,738.16,737.00,738.16,0.63,0.36,0.29,1
622137.19,1287829.50,738.16,737.00,738.16,0.63,0.37,0.29,1
622229.50,1287829.50,741.16,740.00,741.16,0.63,0.37,0.30,1
622321.75,1287829.50,741.17,740.00,741.17,0.64,0.38,0.30,1
622414.06,1287829.50,738.17,737.00,738.17,0.63,0.37,0.29,1
622506.31,1287829.50,744.17,743.00,744.17,0.62,0.35,0.28,1
622598.62,1287829.50,753.17,752.00,753.17,0.61,0.35,0.28,1
622690.88,1287829.50,754.17,753.00,754.17,0.62,0.36,0.29,1
622783.19,1287829.50,753.16,752.00,753.16,0.62,0.36,0.29,1
622875.44,1287829.50,754.16,753.00,754.16,0.62,0.36,0.29,1
622967.69,1287829.50,760.16,759.00,760.16,0.62,0.36,0.28,1
623060.00,1287829.50,764.16,763.00,764.16,0.62,0.36,0.29,1
623152.25,1287829.50,765.16,764.00,765.16,0.64,0.37,0.30,1
623244.56,1287829.50,766.16,765.00,766.16,0.64,0.38,0.30,1
623336.81,1287829.50,770.16,769.00,770.16,0.64,0.37,0.30,1
623429.12,1287829.50,776.16,775.00,776.16,0.64,0.38,0.30,1
623521.38,1287829.50,775.17,774.00,775.17,0.64,0.38,0.31,1
623613.69,1287829.50,766.17,765.00,766.17,0.65,0.38,0.31,1
623705.94,1287829.50,754.18,753.00,754.18,0.64,0.38,0.30,1
623798.19,1287829.50,748.18,747.00,748.18,0.63,0.37,0.29,1
623890.50,1287829.50,753.19,752.00,753.19,0.61,0.35,0.28,1
623982.75,1287829.50,759.19,758.00,759.19,0.62,0.36,0.28,1
624075.06,1287829.50,763.19,762.00,763.19,0.62,0.36,0.29,1
624167.31,1287829.50,768.19,767.00,768.19,0.63,0.36,0.29,1
624259.62,1287829.50,772.18,771.00,772.18,0.64,0.37,0.30,1
624351.88,1287829.50,774.17,773.00,774.17,0.64,0.38,0.30,1
624444.19,1287829.50,772.16,771.00,772.16,0.65,0.39,0.31,1
624536.44,1287829.50,762.12,761.00,762.12,0.64,0.39,0.31,1
624628.69,1287829.50,761.02,760.00,761.02,0.62,0.37,0.30,1
624721.00,1287829.50,767.88,767.00,767.88,0.62,0.37,0.30,1
624813.25,1287829.50,775.83,775.00,775.83,0.62,0.38,0.31,1
624905.56,1287829.50,781.87,781.00,781.87,0.63,0.38,0.31,1
624997.81,1287829.50,776.98,776.00,776.98,0.63,0.38,0.31,1
625090.12,1287829.50,774.07,773.00,774.07,0.61,0.35,0.28,1
625182.38,1287829.50,777.10,776.00,777.10,0.61,0.35,0.27,1
625274.69,1287829.50,774.11,773.00,774.11,0.61,0.35,0.27,1
625366.94,1287829.50,776.66,775.64,776.66,0.58,0.32,0.25,1
625459.19,1287829.50,-9999.00,-9999.00,-9999.00,0.71,0.71,0.71,0
614385.88,1287737.25,-9999.00,-9999.00,-9999.00,0.71,0.71,0.71,0
614478.12,1287737.25,733.00,733.00,733.00,-0.49,-0.49,-0.49,0
614570.44,1287737.25,741.05,741.00,741.05,0.73,0.73,0.73,0
614662.69,1287737.25,743.08,743.00,743.08,0.74,0.60,0.49,1
614755.00,1287737.25,732.26,732.00,732.26,0.67,0.47,0.42,1
614847.25,1287737.25,731.58,731.00,731.58,0.64,0.41,0.35,1
614939.56,1287737.25,731.87,731.00,731.87,0.63,0.38,0.31,1
615031.81,1287737.25,737.03,736.00,737.03,0.62,0.36,0.29,1
615124.12,1287737.25,744.12,743.00,744.12,0.61,0.35,0.28,1
615216.38,1287737.25,749.17,748.00,749.17,0.61,0.34,0.27,1
615308.62,1287737.25,753.20,752.00,753.20,0.60,0.34,0.26,1
615400.94,1287737.25,758.22,757.00,758.22,0.60,0.33,0.26,1
615493.19,1287737.25,759.23,758.00,759.23,0.60,0.34,0.26,1
615585.50,1287737.25,752.24,751.00,752.24,0.62,0.35,0.28,1
615677.75,1287737.25,742.24,741.00,742.24,0.62,0.36,0.28,1
615770.06,1287737.25,741.24,740.00,741.24,0.62,0.36,0.28,1
615862.31,1287737.25,741.25,740.00,741.25,0.62,0.35,0.28,1
615954.62,1287737.25,745.25,744.00,745.25,0.62,0.35,0.28,1
616046.88,1287737.25,756.25,755.00,756.25,0.61,0.35,0.27,1
616139.12,1287737.25,765.25,764.00,765.25,0.61,0.35,0.27,1
616231.44,1287737.25,769.25,768.00,769.25,0.62,0.35,0.27,1
616323.69,1287737.25,770.25,769.00,770.25,0.63,0.36,0.29,1
616416.00,1287737.25,757.26,756.00,757.26,0.63,0.37,0.29,1
616508.25,1287737.25,748.26,747.00,748.26,0.62,0.36,0.28,1
616600.56,1287737.25,751.26,750.00,751.26,0.61,0.34,0.27,1
616692.81,1287737.25,756.26,755.00,756.26,0.60,0.34,0.26,1
616785.12,1287737.25,759.26,758.00,759.26,0.60,0.34,0.26,1
616877.38,1287737.25,759.26,758.00,759.26,0.60,0.33,0.26,1
616969.62,1287737.25,775.26,774.00,775.26,0.60,0.34,0.26,1
617061.94,1287737.25,788.26,787.00,788.26,0.61,0.35,0.27,1
617154.19,1287737.25,801.25,800.00,801.25,0.60,0.34,0.26,1
617246.50,1287737.25,821.25,820.00,821.25,0.59,0.33,0.25,1
617338.75,1287737.25,840.25,839.00,840.25,0.59,0.32,0.25,1
617431.06,1287737.25,850.25,849.00,850.25,0.59,0.33,0.25,1
617523.31,1287737.25,856.25,855.00,856.25,0.59,0.33,0.25,1
617615.62,1287737.25,875.25,874.00,875.25,0.59,0.33,0.25,1
617707.88,1287737.25,893.25,892.00,893.25,0.60,0.34,0.26,1
617800.12,1287737.25,904.24,903.00,904.24,0.62,0.35,0.28,1
617892.44,1287737.25,895.23,894.00,895.23,0.64,0.37,0.30,1
617984.69,1287737.25,866.22,865.00,866.22,0.64,0.38,0.30,1
618077.00,1287737.25,843.20,842.00,843.20,0.64,0.37,0.30,1
618169.25,1287737.25,832.18,831.00,832.18,0.63,0.36,0.29,1
618261.56,1287737.25,825.18,824.00,825.18,0.63,0.36,0.29,1
618353.81,1287737.25,817.18,816.00,817.18,0.63,0.37,0.29,1
618446.12,1287737.25,805.20,804.00,805.20,0.63,0.37,0.29,1
618538.38,1287737.25,791.22,790.00,791.22,0.63,0.37,0.29,1
618630.62,1287737.25,780.23,779.00,780.23,0.63,0.37,0.29,1
618722.94,1287737.25,771.24,770.00,771.24,0.62,0.36,0.28,1
618815.19,1287737.25,766.25,765.00,766.25,0.62,0.35,0.28,1
618907.50,1287737.25,763.25,762.00,763.25,0.62,0.35,0.28,1
618999.75,1287737.25,759.25,758.00,759.25,0.63,0.36,0.29,1
619092.06,1287737.25,751.25,750.00,751.25,0.63,0.37,0.29,1
619184.31,1287737.25,748.24,747.00,748.24,0.63,0.37,0.29,1
619276.62,1287737.25,745.23,744.00,745.23,0.63,0.37,0.29,1
619368.88,1287737.25,743.21,742.00,743.21,0.62,0.36,0.29,1
619461.19,1287737.25,744.19,743.00,744.19,0.61,0.35,0.27,1
619553.44,1287737.25,750.19,749.00,750.19,0.61,0.35,0.27,1
619645.69,1287737.25,756.20,755.00,756.20,0.61,0.35,0.28,1
619738.00,1287737.25,761.21,760.00,761.21,0.62,0.35,0.28,1
619830.25,1287737.25,765.22,764.00,765.22,0.62,0.36,0.28,1
619922.56,1287737.25,765.23,764.00,765.23,0.63,0.36,0.29,1
620014.81,1287737.25,763.23,762.00,763.23,0.63,0.37,0.29,1
620107.12,1287737.25,765.24,764.00,765.24,0.63,0.37,0.29,1
620199.38,1287737.25,767.25,766.00,767.25,0.63,0.37,0.29,1
620291.69,1287737.25,766.26,765.00,766.26,0.63,0.37,0.29,1
620383.94,1287737.25,764.26,763.00,764.26,0.63,0.36,0.29,1
620476.19,1287737.25,765.26,764.00,765.26,0.63,0.36,0.29,1
620568.50,1287737.25,770.26,769.00,770.26,0.63,0.37,0.29,1
620660.75,1287737.25,769.26,768.00,769.26,0.64,0.38,0.30,1
620753.06,1287737.25,765.26,764.00,765.26,0.64,0.37,0.29,1
620845.31,1287737.25,767.26,766.00,767.26,0.63,0.36,0.28,1
620937.62,1287737.25,772.25,771.00,772.25,0.63,0.36,0.29,1
621029.88,1287737.25,774.24,773.00,774.24,0.63,0.37,0.29,1
621122.19,1287737.25,778.23,777.00,778.23,0.63,0.37,0.29,1
621214.44,1287737.25,776.20,775.00,776.20,0.63,0.37,0.30,1
621306.69,1287737.25,768.17,767.00,768.17,0.64,0.38,0.30,1
621399.00,1287737.25,758.14,757.00,758.14,0.64,0.38,0.31,1
621491.25,1287737.25,747.13,746.00,747.13,0.64,0.38,0.30,1
621583.56,1287737.25,739.13,738.00,739.13,0.63,0.37,0.30,1
621675.81,1287737.25,737.15,736.00,737.15,0.63,0.37,0.29,1
621768.12,1287737.25,737.19,736.00,737.19,0.62,0.36,0.29,1
621860.38,1287737.25,737.21,736.00,737.21,0.63,0.36,0.29,1
621952.69,1287737.25,737.22,736.00,737.22,0.63,0.36,0.29,1
622044.94,1287737.25,737.22,736.00,737.22,0.62,0.36,0.28,1
622137.19,1287737.25,741.22,740.00,741.22,0.62,0.35,0.28,1
622229.50,1287737.25,752.23,751.00,752.23,0.62,0.36,0.28,1
622321.75,1287737.25,752.23,751.00,752.23,0.64,0.38,0.30,1
622414.06,1287737.25,744.23,743.00,744.23,0.64,0.38,0.30,1
622506.31,1287737.25,741.23,740.00,741.23,0.62,0.36,0.28,1
622598.62,1287737.25,743.23,742.00,743.23,0.61,0.35,0.27,1
622690.88,1287737.25,745.22,744.00,745.22,0.62,0.35,0.28,1
622783.19,1287737.25,747.21,746.00,747.21,0.61,0.35,0.28,1
622875.44,1287737.25,751.20,750.00,751.20,0.61,0.35,0.28,1
622967.69,1287737.25,755.20,754.00,755.20,0.61,0.35,0.27,1
623060.00,1287737.25,761.19,760.00,761.19,0.61,0.35,0.27,1
623152.25,1287737.25,770.19,769.00,770.19,0.62,0.35,0.28,1
623244.56,1287737.25,778.19,777.00,778.19,0.63,0.36,0.29,1
623336.81,1287737.25,783.20,782.00,783.20,0.63,0.37,0.30,1
623429.12,1287737.25,785.20,784.00,785.20,0.64,0.38,0.30,1
623521.38,1287737.25,781.22,780.00,781.22,0.64,0.38,0.30,1
623613.69,1287737.25,768.23,767.00,768.23,0.65,0.38,0.30,1
623705.94,1287737.25,754.25,753.00,754.25,0.64,0.37,0.30,1
623798.19,1287737.25,748.27,747.00,748.27,0.63,0.37,0.29,1
623890.50,1287737.25,747.28,746.00,747.28,0.62,0.35,0.28,1
623982.75,1287737.25,754.28,753.00,754.28,0.61,0.34,0.27,1
624075.06,1287737.25,761.29,760.00,761.29,0.61,0.34,0.27,1
624167.31,1287737.25,771.29,770.00,771.29,0.61,0.35,0.27,1
624259.62,1287737.25,781.29,780.00,781.29,0.63,0.36,0.28,1
624351.88,1287737.25,783.28,782.00,783.28,0.64,0.37,0.29,1
624444.19,1287737.25,781.26,780.00,781.26,0.64,0.38,0.30,1
624536.44,1287737.25,772.22,771.00,772.22,0.65,0.38,0.31,1
624628.69,1287737.25,760.15,759.00,760.15,0.63,0.37,0.30,1
624721.00,1287737.25,765.06,764.00,765.06,0.62,0.36,0.29,1
624813.25,1287737.25,773.01,772.00,773.01,0.62,0.36,0.29,1
624905.56,1287737.25,777.00,776.00,777.00,0.62,0.37,0.30,1
624997.81,1287737.25,774.04,773.00,774.04,0.63,0.38,0.30,1
625090.12,1287737.25,763.09,762.00,763.09,0.63,0.37,0.29,1
625182.38,1287737.25,763.12,762.00,763.12,0.62,0.36,0.28,1
625274.69,1287737.25,760.13,759.00,760.13,0.61,0.35,0.28,1
625366.94,1287737.25,770.47,769.47,770.47,0.58,0.32,0.25,1
625459.19,1287737.25,-9999.00,-9999.00,-9999.00,0.71,0.71,0.71,0
614385.88,1287645.00,-9999.00,-9999.00,-9999.00,0.71,0.71,0.71,0
614478.12,1287645.00,743.01,743.00,743.01,-0.49,-0.49,-0.49,0
614570.44,1287645.00,750.08,750.00,750.08,0.72,0.72,0.72,0
614662.69,1287645.00,745.12,745.00,745.12,0.67,0.50,0.45,1
614755.00,1287645.00,736.31,736.00,736.31,0.67,0.46,0.41,1
614847.25,1287645.00,734.60,734.00,734.60,0.64,0.41,0.35,1
614939.56,1287645.00,732.86,732.00,732.86,0.63,0.39,0.32,1
615031.81,1287645.00,733.03,732.00,733.03,0.62,0.37,0.29,1
615124.12,1287645.00,737.14,736.00,737.14,0.62,0.36,0.28,1
615216.38,1287645.00,737.22,736.00,737.22,0.61,0.35,0.27,1
615308.62,1287645.00,739.27,738.00,739.27,0.61,0.34,0.27,1
615400.94,1287645.00,742.31,741.00,742.31,0.61,0.34,0.26,1
615493.19,1287645.00,742.33,741.00,742.33,0.61,0.34,0.26,1
615585.50,1287645.00,739.35,738.00,739.35,0.62,0.35,0.27,1
615677.75,1287645.00,737.36,736.00,737.36,0.63,0.36,0.28,1
615770.06,1287645.00,740.37,739.00,740.37,0.63,0.36,0.28,1
615862.31,1287645.00,744.37,743.00,744.37,0.63,0.36,0.28,1
615954.62,1287645.00,753.38,752.00,753.38,0.62,0.35,0.28,1
616046.88,1287645.00,762.38,761.00,762.38,0.62,0.35,0.28,1
616139.12,1287645.00,763.38,762.00,763.38,0.62,0.35,0.27,1
616231.44,1287645.00,766.39,765.00,766.39,0.62,0.35,0.27,1
616323.69,1287645.00,765.39,764.00,765.39,0.62,0.35,0.28,1
616416.00,1287645.00,753.39,752.00,753.39,0.63,0.36,0.28,1
616508.25,1287645.00,745.39,744.00,745.39,0.63,0.35,0.28,1
616600.56,1287645.00,745.39,744.00,745.39,0.62,0.35,0.27,1
616692.81,1287645.00,748.39,747.00,748.39,0.62,0.34,0.27,1
616785.12,1287645.00,751.39,750.00,751.39,0.62,0.34,0.27,1
616877.38,1287645.00,754.39,753.00,754.39,0.61,0.33,0.26,1
616969.62,1287645.00,779.39,778.00,779.39,0.60,0.33,0.25,1
617061.94,1287645.00,795.39,794.00,795.39,0.61,0.34,0.26,1
617154.19,1287645.00,807.38,806.00,807.38,0.61,0.34,0.26,1
617246.50,1287645.00,817.38,816.00,817.38,0.61,0.33,0.26,1
617338.75,1287645.00,820.38,819.00,820.38,0.59,0.32,0.25,1
617431.06,1287645.00,823.38,822.00,823.38,0.58,0.31,0.23,1
617523.31,1287645.00,837.38,836.00,837.38,0.57,0.30,0.22,1
617615.62,1287645.00,861.37,860.00,861.37,0.57,0.30,0.22,1
617707.88,1287645.00,882.36,881.00,882.36,0.58,0.31,0.23,1
617800.12,1287645.00,892.35,891.00,892.35,0.60,0.33,0.26,1
617892.44,1287645.00,882.34,881.00,882.34,0.62,0.35,0.27,1
617984.69,1287645.00,858.31,857.00,858.31,0.63,0.36,0.29,1
618077.00,1287645.00,840.30,839.00,840.30,0.63,0.37,0.29,1
618169.25,1287645.00,825.29,824.00,825.29,0.63,0.36,0.28,1
618261.56,1287645.00,820.28,819.00,820.28,0.63,0.36,0.28,1
618353.81,1287645.00,812.29,811.00,812.29,0.63,0.36,0.29,1
618446.12,1287645.00,800.29,799.00,800.29,0.63,0.36,0.29,1
618538.38,1287645.00,789.31,788.00,789.31,0.63,0.37,0.29,1
618630.62,1287645.00,780.33,779.00,780.33,0.64,0.37,0.29,1
618722.94,1287645.00,769.35,768.00,769.35,0.64,0.37,0.29,1
618815.19,1287645.00,760.36,759.00,760.36,0.63,0.36,0.28,1
618907.50,1287645.00,756.36,755.00,756.36,0.63,0.36,0.28,1
618999.75,1287645.00,756.36,755.00,756.36,0.63,0.36,0.28,1
619092.06,1287645.00,756.36,755.00,756.36,0.63,0.36,0.29,1
619184.31,1287645.00,757.35,756.00,757.35,0.64,0.37,0.29,1
619276.62,1287645.00,754.34,753.00,754.34,0.64,0.37,0.29,1
619368.88,1287645.00,745.33,744.00,745.33,0.64,0.37,0.29,1
619461.19,1287645.00,742.31,741.00,742.31,0.62,0.36,0.28,1
619553.44,1287645.00,746.30,745.00,746.30,0.61,0.35,0.27,1
619645.69,1287645.00,752.30,751.00,752.30,0.61,0.34,0.27,1
619738.00,1287645.00,756.30,755.00,756.30,0.61,0.34,0.27,1
619830.25,1287645.00,761.30,760.00,761.30,0.61,0.34,0.27,1
619922.56,1287645.00,765.31,764.00,765.31,0.62,0.35,0.27,1
620014.81,1287645.00,768.31,767.00,768.31,0.62,0.35,0.28,1
620107.12,1287645.00,773.32,772.00,773.32,0.62,0.36,0.28,1
620199.38,1287645.00,775.33,774.00,775.33,0.63,0.36,0.28,1
620291.69,1287645.00,769.34,768.00,769.34,0.63,0.36,0.28,1
620383.94,1287645.00,764.35,763.00,764.35,0.62,0.35,0.28,1
620476.19,1287645.00,767.35,766.00,767.35,0.61,0.34,0.27,1
620568.50,1287645.00,775.35,774.00,775.35,0.62,0.35,0.27,1
620660.75,1287645.00,780.35,779.00,780.35,0.63,0.36,0.28,1
620753.06,1287645.00,776.35,775.00,776.35,0.64,0.37,0.29,1
620845.31,1287645.00,772.35,771.00,772.35,0.63,0.36,0.28,1
620937.62,1287645.00,776.34,775.00,776.34,0.62,0.35,0.27,1
621029.88,1287645.00,780.33,779.00,780.33,0.62,0.35,0.28,1
621122.19,1287645.00,779.30,778.00,779.30,0.62,0.36,0.28,1
621214.44,1287645.00,774.27,773.00,774.27,0.63,0.36,0.29,1
621306.69,1287645.00,764.23,763.00,764.23,0.63,0.37,0.29,1
621399.00,1287645.00,753.21,752.00,753.21,0.63,0.37,0.29,1
621491.25,1287645.00,743.19,742.00,743.19,0.63,0.37,0.29,1
621583.56,1287645.00,739.19,738.00,739.19,0.63,0.37,0.29,1
621675.81,1287645.00,737.20,736.00,737.20,0.63,0.37,0.29,1
621768.12,1287645.00,736.21,735.00,736.21,0.63,0.36,0.29,1
621860.38,1287645.00,737.23,736.00,737.23,0.62,0.36,0.28,1
621952.69,1287645.00,737.26,736.00,737.26,0.62,0.36,0.28,1
622044.94,1287645.00,736.28,735.00,736.28,0.62,0.36,0.28,1
622137.19,1287645.00,739.29,738.00,739.29,0.61,0.35,0.27,1
622229.50,1287645.00,750.30,749.00,750.30,0.61,0.34,0.27,1
622321.75,1287645.00,756.31,755.00,756.31,0.63,0.36,0.28,1
622414.06,1287645.00,750.31,749.00,750.31,0.64,0.37,0.29,1
622506.31,1287645.00,742.31,741.00,742.31,0.63,0.37,0.29,1
622598.62,1287645.00,740.30,739.00,740.30,0.62,0.36,0.28,1
622690.88,1287645.00,743.29,742.00,743.29,0.63,0.36,0.28,1
622783.19,1287645.00,743.27,742.00,743.27,0.63,0.36,0.29,1
622875.44,1287645.00,745.25,744.00,745.25,0.62,0.36,0.28,1
622967.69,1287645.00,749.24,748.00,749.24,0.61,0.35,0.27,1
623060.00,1287645.00,757.24,756.00,757.24,0.61,0.34,0.27,1
623152.25,1287645.00,771.24,770.00,771.24,0.60,0.34,0.26,1
623244.56,1287645.00,782.24,781.00,782.24,0.61,0.34,0.27,1
623336.81,1287645.00,791.25,790.00,791.25,0.62,0.35,0.28,1
623429.12,1287645.00,794.26,793.00,794.26,0.63,0.37,0.29,1
623521.38,1287645.00,786.28,785.00,786.28,0.64,0.38,0.30,1
623613.69,1287645.00,771.32,770.00,771.32,0.65,0.38,0.30,1
623705.94,1287645.00,758.35,757.00,758.35,0.64,0.37,0.30,1
623798.19,1287645.00,753.38,752.00,753.38,0.64,0.37,0.29,1
623890.50,1287645.00,750.39,749.00,750.39,0.63,0.36,0.28,1
623982.75,1287645.00,753.40,752.00,753.40,0.62,0.35,0.27,1
624075.06,1287645.00,760.41,759.00,760.41,0.61,0.34,0.26,1
624167.31,1287645.00,771.41,770.00,771.41,0.61,0.34,0.26,1
624259.62,1287645.00,786.41,785.00,786.41,0.61,0.34,0.26,1
624351.88,1287645.00,793.40,792.00,793.40,0.63,0.36,0.28,1
624444.19,1287645.00,789.38,788.00,789.38,0.64,0.37,0.29,1
624536.44,1287645.00,778.35,777.00,778.35,0.65,0.38,0.30,1
624628.69,1287645.00,763.30,762.00,763.30,0.64,0.37,0.30,1
624721.00,1287645.00,765.24,764.00,765.24,0.62,0.35,0.28,1
624813.25,1287645.00,773.18,772.00,773.18,0.62,0.36,0.28,1
624905.56,1287645.00,774.15,773.00,774.15,0.63,0.37,0.29,1
624997.81,1287645.00,767.13,766.00,767.13,0.63,0.37,0.30,1
625090.12,1287645.00,761.12,760.00,761.12,0.64,0.38,0.31,1
625182.38,1287645.00,760.13,759.00,760.13,0.63,0.37,0.30,1
625274.69,1287645.00,760.13,759.00,760.13,0.63,0.37,0.30,1
625366.94,1287645.00,764.28,763.29,764.28,0.58,0.32,0.25,1
625459.19,1287645.00,-9999.00,-9999.00,-9999.00,0.71,0.71,0.71,0
614385.88,1287552.75,-9999.00,-9999.00,-9999.00,0.71,0.71,0.71,0
614478.12,1287552.75,753.05,753.00,753.05,-0.49,-0.49,-0.49,0
614570.44,1287552.75,749.14,749.00,749.14,0.67,0.50,0.45,1
614662.69,1287552.75,740.17,740.00,740.17,0.65,0.47,0.42,1
614755.00,1287552.75,739.37,739.00,739.37,0.65,0.44,0.38,1
614847.25,1287552.75,734.64,734.00,734.64,0.64,0.41,0.34,1
614939.56,1287552.75,733.87,733.00,733.87,0.63,0.39,0.32,1
615031.81,1287552.75,732.05,731.00,732.05,0.63,0.37,0.30,1
615124.12,1287552.75,733.18,732.00,733.18,0.62,0.36,0.29,1
615216.38,1287552.75,732.27,731.00,732.27,0.62,0.36,0.28,1
615308.62,1287552.75,732.34,731.00,732.34,0.62,0.35,0.27,1
615400.94,1287552.75,733.39,732.00,733.39,0.62,0.35,0.27,1
615493.19,1287552.75,734.42,733.00,734.42,0.62,0.35,0.27,1
615585.50,1287552.75,736.45,735.00,736.45,0.62,0.35,0.27,1
615677.75,1287552.75,745.46,744.00,745.46,0.62,0.35,0.27,1
615770.06,1287552.75,756.47,755.00,756.47,0.63,0.35,0.28,1
615862.31,1287552.75,760.48,759.00,760.48,0.63,0.36,0.28,1
615954.62,1287552.75,764.48,763.00,764.48,0.62,0.35,0.27,1
616046.88,1287552.75,769.49,768.00,769.49,0.63,0.35,0.27,1
616139.12,1287552.75,764.49,763.00,764.49,0.63,0.35,0.27,1
616231.44,1287552.75,762.49,761.00,762.49,0.62,0.34,0.26,1
616323.69,1287552.75,758.49,757.00,758.49,0.62,0.34,0.27,1
616416.00,1287552.75,747.49,746.00,747.49,0.62,0.35,0.27,1
616508.25,1287552.75,743.50,742.00,743.50,0.62,0.35,0.27,1
616600.56,1287552.75,744.50,743.00,744.50,0.62,0.35,0.27,1
616692.81,1287552.75,749.50,748.00,749.50,0.62,0.35,0.27,1
616785.12,1287552.75,753.50,752.00,753.50,0.63,0.35,0.27,1
616877.38,1287552.75,759.50,758.00,759.50,0.61,0.34,0.26,1
616969.62,1287552.75,786.49,785.00,786.49,0.61,0.33,0.25,1
617061.94,1287552.75,800.49,799.00,800.49,0.61,0.34,0.26,1
617154.19,1287552.75,803.49,802.00,803.49,0.61,0.33,0.25,1
617246.50,1287552.75,805.49,804.00,805.49,0.60,0.33,0.25,1
617338.75,1287552.75,802.49,801.00,802.49,0.60,0.33,0.25,1
617431.06,1287552.75,803.49,802.00,803.49,0.59,0.32,0.24,1
617523.31,1287552.75,817.48,816.00,817.48,0.58,0.31,0.23,1
617615.62,1287552.75,835.48,834.00,835.48,0.57,0.29,0.21,1
617707.88,1287552.75,859.46,858.00,859.46,0.57,0.30,0.22,1
617800.12,1287552.75,874.45,873.00,874.45,0.60,0.33,0.25,1
617892.44,1287552.75,859.42,858.00,859.42,0.61,0.34,0.26,1
617984.69,1287552.75,842.40,841.00,842.40,0.62,0.35,0.27,1
618077.00,1287552.75,828.38,827.00,828.38,0.62,0.35,0.27,1
618169.25,1287552.75,816.37,815.00,816.37,0.62,0.35,0.27,1
618261.56,1287552.75,813.37,812.00,813.37,0.62,0.35,0.27,1
618353.81,1287552.75,806.37,805.00,806.37,0.63,0.36,0.28,1
618446.12,1287552.75,795.37,794.00,795.37,0.63,0.36,0.28,1
618538.38,1287552.75,788.39,787.00,788.39,0.64,0.36,0.29,1
618630.62,1287552.75,781.41,780.00,781.41,0.64,0.37,0.29,1
618722.94,1287552.75,772.43,771.00,772.43,0.64,0.37,0.29,1
618815.19,1287552.75,765.45,764.00,765.45,0.64,0.37,0.29,1
618907.50,1287552.75,762.45,761.00,762.45,0.63,0.36,0.28,1
618999.75,1287552.75,762.46,761.00,762.46,0.63,0.36,0.28,1
619092.06,1287552.75,766.45,765.00,766.45,0.63,0.35,0.28,1
619184.31,1287552.75,767.45,766.00,767.45,0.63,0.36,0.28,1
619276.62,1287552.75,760.44,759.00,760.44,0.64,0.36,0.29,1
619368.88,1287552.75,749.43,748.00,749.43,0.64,0.37,0.29,1
619461.19,1287552.75,742.41,741.00,742.41,0.63,0.36,0.28,1
619553.44,1287552.75,742.38,741.00,742.38,0.62,0.35,0.27,1
619645.69,1287552.75,745.37,744.00,745.37,0.62,0.35,0.27,1
619738.00,1287552.75,750.36,749.00,750.36,0.62,0.35,0.27,1
619830.25,1287552.75,754.36,753.00,754.36,0.61,0.34,0.27,1
619922.56,1287552.75,759.36,758.00,759.36,0.61,0.34,0.27,1
620014.81,1287552.75,764.36,763.00,764.36,0.61,0.34,0.27,1
620107.12,1287552.75,771.36,770.00,771.36,0.62,0.35,0.27,1
620199.38,1287552.75,770.37,769.00,770.37,0.62,0.35,0.28,1
620291.69,1287552.75,762.39,761.00,762.39,0.62,0.35,0.28,1
620383.94,1287552.75,758.40,757.00,758.40,0.62,0.35,0.27,1
620476.19,1287552.75,761.41,760.00,761.41,0.61,0.34,0.26,1
620568.50,1287552.75,770.41,769.00,770.41,0.61,0.33,0.26,1
620660.75,1287552.75,778.42,777.00,778.42,0.61,0.34,0.27,1
620753.06,1287552.75,778.41,777.00,778.41,0.62,0.35,0.27,1
620845.31,1287552.75,774.41,773.00,774.41,0.63,0.35,0.28,1
620937.62,1287552.75,772.40,771.00,772.40,0.62,0.35,0.27,1
621029.88,1287552.75,773.39,772.00,773.39,0.61,0.34,0.27,1
621122.19,1287552.75,771.36,770.00,771.36,0.62,0.35,0.27,1
621214.44,1287552.75,766.33,765.00,766.33,0.62,0.35,0.28,1
621306.69,1287552.75,758.30,757.00,758.30,0.63,0.36,0.28,1
621399.00,1287552.75,747.28,746.00,747.28,0.63,0.36,0.29,1
621491.25,1287552.75,741.27,740.00,741.27,0.63,0.37,0.29,1
621583.56,1287552.75,742.26,741.00,742.26,0.63,0.37,0.29,1
621675.81,1287552.75,743.26,742.00,743.26,0.64,0.37,0.30,1
621768.12,1287552.75,739.26,738.00,739.26,0.64,0.37,0.30,1
621860.38,1287552.75,736.28,735.00,736.28,0.63,0.36,0.29,1
621952.69,1287552.75,735.30,734.00,735.30,0.63,0.36,0.28,1
622044.94,1287552.75,735.33,734.00,735.33,0.62,0.35,0.28,1
622137.19,1287552.75,738.35,737.00,738.35,0.62,0.35,0.27,1
622229.50,1287552.75,746.36,745.00,746.36,0.61,0.34,0.26,1
622321.75,1287552.75,755.36,754.00,755.36,0.62,0.35,0.27,1
622414.06,1287552.75,753.36,752.00,753.36,0.63,0.36,0.29,1
622506.31,1287552.75,747.36,746.00,747.36,0.64,0.37,0.29,1
622598.62,1287552.75,744.36,743.00,744.36,0.63,0.36,0.28,1
622690.88,1287552.75,750.35,749.00,750.35,0.63,0.36,0.28,1
622783.19,1287552.75,752.33,751.00,752.33,0.64,0.37,0.29,1
622875.44,1287552.75,751.31,750.00,751.31,0.64,0.37,0.29,1
622967.69,1287552.75,751.30,750.00,751.30,0.63,0.36,0.28,1
623060.00,1287552.75,755.29,754.00,755.29,0.61,0.35,0.27,1
623152.25,1287552.75,766.29,765.00,766.29,0.61,0.34,0.26,1
623244.56,1287552.75,774.30,773.00,774.30,0.60,0.34,0.26,1
623336.81,1287552.75,784.31,783.00,784.31,0.60,0.34,0.26,1
623429.12,1287552.75,793.32,792.00,793.32,0.62,0.35,0.27,1
623521.38,1287552.75,792.35,791.00,792.35,0.64,0.37,0.29,1
623613.69,1287552.75,781.39,780.00,781.39,0.65,0.37,0.30,1
623705.94,1287552.75,771.44,770.00,771.44,0.65,0.37,0.30,1
623798.19,1287552.75,763.46,762.00,763.46,0.64,0.37,0.29,1
623890.50,1287552.75,756.48,755.00,756.48,0.63,0.36,0.28,1
623982.75,1287552.75,755.49,754.00,755.49,0.63,0.35,0.27,1
624075.06,1287552.75,762.50,761.00,762.50,0.62,0.34,0.26,1
624167.31,1287552.75,772.50,771.00,772.50,0.61,0.34,0.26,1
624259.62,1287552.75,786.50,785.00,786.50,0.61,0.33,0.26,1
624351.88,1287552.75,797.49,796.00,797.49,0.62,0.35,0.27,1
624444.19,1287552.75,796.47,795.00,796.47,0.63,0.36,0.28,1
624536.44,1287552.75,786.45,785.00,786.45,0.64,0.37,0.29,1
624628.69,1287552.75,772.41,771.00,772.41,0.64,0.37,0.29,1
624721.00,1287552.75,766.36,765.00,766.36,0.63,0.36,0.28,1
624813.25,1287552.75,771.30,770.00,771.30,0.62,0.35,0.28,1
624905.56,1287552.75,772.24,771.00,772.24,0.63,0.36,0.29,1
624997.81,1287552.75,772.19,771.00,772.19,0.64,0.37,0.30,1
625090.12,1287552.75,774.16,773.00,774.16,0.64,0.38,0.31,1
625182.38,1287552.75,773.14,772.00,773.14,0.64,0.38,0.31,1
625274.69,1287552.75,772.12,771.00,772.12,0.65,0.39,0.31,1
625366.94,1287552.75,761.17,760.19,761.17,0.57,0.32,0.25,1
625459.19,1287552.75,-9999.00,-9999.00,-9999.00,0.71,0.71,0.71,0
614385.88,1287460.38,-9999.00,-9999.00,-9999.00,0.71,0.71,0.71,0
614478.12,1287460.38,756.24,756.00,756.24,0.11,-0.08,-0.14,1
614570.44,1287460.38,746.34,746.00,746.34,0.65,0.45,0.39,1
614662.69,1287460.38,738.29,738.00,738.29,0.65,0.45,0.40,1
614755.00,1287460.38,736.47,736.00,736.47,0.64,0.42,0.36,1
614847.25,1287460.38,731.71,731.00,731.71,0.63,0.40,0.33,1
614939.56,1287460.38,732.91,732.00,732.91,0.63,0.38,0.31,1
615031.81,1287460.38,734.07,733.00,734.07,0.63,0.37,0.30,1
615124.12,1287460.38,732.20,731.00,732.20,0.63,0.36,0.29,1
615216.38,1287460.38,731.30,730.00,731.30,0.63,0.36,0.28,1
615308.62,1287460.38,731.38,730.00,731.38,0.62,0.35,0.28,1
615400.94,1287460.38,732.44,731.00,732.44,0.62,0.35,0.27,1
615493.19,1287460.38,739.48,738.00,739.48,0.62,0.35,0.27,1
615585.50,1287460.38,746.51,745.00,746.51,0.62,0.34,0.27,1
615677.75,1287460.38,759.53,758.00,759.53,0.62,0.34,0.26,1
615770.06,1287460.38,769.54,768.00,769.54,0.62,0.35,0.27,1
615862.31,1287460.38,769.55,768.00,769.55,0.63,0.35,0.27,1
615954.62,1287460.38,766.55,765.00,766.55,0.62,0.34,0.27,1
616046.88,1287460.38,767.56,766.00,767.56,0.62,0.34,0.26,1
616139.12,1287460.38,761.56,760.00,761.56,0.62,0.35,0.27,1
616231.44,1287460.38,753.56,752.00,753.56,0.62,0.34,0.26,1
616323.69,1287460.38,747.56,746.00,747.56,0.62,0.34,0.26,1
616416.00,1287460.38,742.56,741.00,742.56,0.62,0.34,0.26,1
616508.25,1287460.38,743.57,742.00,743.57,0.62,0.34,0.27,1
616600.56,1287460.38,749.57,748.00,749.57,0.62,0.34,0.27,1
616692.81,1287460.38,760.57,759.00,760.57,0.62,0.35,0.27,1
616785.12,1287460.38,767.57,766.00,767.57,0.63,0.35,0.27,1
616877.38,1287460.38,776.57,775.00,776.57,0.62,0.34,0.26,1
616969.62,1287460.38,798.57,797.00,798.57,0.62,0.34,0.26,1
617061.94,1287460.38,799.57,798.00,799.57,0.63,0.35,0.27,1
617154.19,1287460.38,788.57,787.00,788.57,0.61,0.34,0.26,1
617246.50,1287460.38,784.57,783.00,784.57,0.60,0.32,0.24,1
617338.75,1287460.38,786.57,785.00,786.57,0.60,0.32,0.24,1
617431.06,1287460.38,792.56,791.00,792.56,0.60,0.32,0.24,1
617523.31,1287460.38,802.56,801.00,802.56,0.59,0.31,0.23,1
617615.62,1287460.38,817.55,816.00,817.55,0.58,0.30,0.22,1
617707.88,1287460.38,840.54,839.00,840.54,0.57,0.30,0.22,1
617800.12,1287460.38,855.52,854.00,855.52,0.59,0.31,0.23,1
617892.44,1287460.38,844.49,843.00,844.49,0.61,0.34,0.26,1
617984.69,1287460.38,826.46,825.00,826.46,0.62,0.34,0.27,1
618077.00,1287460.38,813.44,812.00,813.44,0.62,0.34,0.27,1
618169.25,1287460.38,807.43,806.00,807.43,0.62,0.34,0.27,1
618261.56,1287460.38,802.42,801.00,802.42,0.61,0.34,0.26,1
618353.81,1287460.38,798.42,797.00,798.42,0.62,0.35,0.27,1
618446.12,1287460.38,796.43,795.00,796.43,0.63,0.35,0.27,1
618538.38,1287460.38,795.44,794.00,795.44,0.63,0.36,0.28,1
618630.62,1287460.38,793.47,792.00,793.47,0.64,0.36,0.29,1
618722.94,1287460.38,784.50,783.00,784.50,0.64,0.37,0.29,1
618815.19,1287460.38,778.51,777.00,778.51,0.64,0.36,0.29,1
618907.50,1287460.38,774.52,773.00,774.52,0.63,0.36,0.28,1
618999.75,1287460.38,771.52,770.00,771.52,0.63,0.35,0.27,1
619092.06,1287460.38,770.52,769.00,770.52,0.62,0.35,0.27,1
619184.31,1287460.38,767.52,766.00,767.52,0.62,0.35,0.27,1
619276.62,1287460.38,759.51,758.00,759.51,0.63,0.35,0.27,1
619368.88,1287460.38,752.49,751.00,752.49,0.63,0.36,0.28,1
619461.19,1287460.38,744.46,743.00,744.46,0.63,0.36,0.28,1
619553.44,1287460.38,742.43,741.00,742.43,0.62,0.35,0.27,1
619645.69,1287460.38,747.41,746.00,747.41,0.62,0.35,0.27,1
619738.00,1287460.38,752.39,751.00,752.39,0.62,0.35,0.27,1
619830.25,1287460.38,754.38,753.00,754.38,0.62,0.35,0.27,1
619922.56,1287460.38,758.38,757.00,758.38,0.62,0.35,0.27,1
620014.81,1287460.38,764.38,763.00,764.38,0.62,0.35,0.27,1
620107.12,1287460.38,768.38,767.00,768.38,0.62,0.35,0.28,1
620199.38,1287460.38,765.39,764.00,765.39,0.63,0.36,0.28,1
620291.69,1287460.38,758.41,757.00,758.41,0.63,0.36,0.28,1
620383.94,1287460.38,753.43,752.00,753.43,0.62,0.35,0.27,1
620476.19,1287460.38,756.44,755.00,756.44,0.61,0.34,0.26,1
620568.50,1287460.38,765.45,764.00,765.45,0.61,0.33,0.26,1
620660.75,1287460.38,774.45,773.00,774.45,0.61,0.34,0.26,1
620753.06,1287460.38,774.45,773.00,774.45,0.62,0.35,0.27,1
620845.31,1287460.38,769.45,768.00,769.45,0.62,0.35,0.27,1
620937.62,1287460.38,766.44,765.00,766.44,0.62,0.35,0.27,1
621029.88,1287460.38,764.43,763.00,764.43,0.62,0.34,0.27,1
621122.19,1287460.38,760.40,759.00,760.40,0.62,0.34,0.27,1
621214.44,1287460.38,757.38,756.00,757.38,0.62,0.35,0.27,1
621306.69,1287460.38,750.36,749.00,750.36,0.62,0.35,0.28,1
621399.00,1287460.38,744.34,743.00,744.34,0.63,0.36,0.28,1
621491.25,1287460.38,748.33,747.00,748.33,0.63,0.36,0.28,1
621583.56,1287460.38,755.33,754.00,755.33,0.63,0.37,0.29,1
621675.81,1287460.38,755.33,754.00,755.33,0.64,0.37,0.30,1
621768.12,1287460.38,748.33,747.00,748.33,0.64,0.37,0.30,1
621860.38,1287460.38,740.33,739.00,740.33,0.64,0.37,0.29,1
621952.69,1287460.38,737.35,736.00,737.35,0.63,0.36,0.28,1
622044.94,1287460.38,736.38,735.00,736.38,0.62,0.35,0.28,1
622137.19,1287460.38,738.39,737.00,738.39,0.62,0.35,0.27,1
622229.50,1287460.38,745.40,744.00,745.40,0.61,0.34,0.26,1
622321.75,1287460.38,756.41,755.00,756.41,0.62,0.35,0.27,1
622414.06,1287460.38,757.41,756.00,757.41,0.63,0.36,0.28,1
622506.31,1287460.38,752.41,751.00,752.41,0.63,0.36,0.28,1
622598.62,1287460.38,754.40,753.00,754.40,0.63,0.36,0.28,1
622690.88,1287460.38,762.39,761.00,762.39,0.63,0.36,0.28,1
622783.19,1287460.38,766.37,765.00,766.37,0.64,0.37,0.29,1
622875.44,1287460.38,762.36,761.00,762.36,0.64,0.37,0.30,1
622967.69,1287460.38,757.35,756.00,757.35,0.64,0.37,0.29,1
623060.00,1287460.38,756.34,755.00,756.34,0.63,0.36,0.28,1
623152.25,1287460.38,761.34,760.00,761.34,0.62,0.35,0.27,1
623244.56,1287460.38,769.35,768.00,769.35,0.62,0.35,0.27,1
623336.81,1287460.38,779.36,778.00,779.36,0.62,0.35,0.27,1
623429.12,1287460.38,789.38,788.00,789.38,0.62,0.35,0.27,1
623521.38,1287460.38,792.41,791.00,792.41,0.63,0.36,0.28,1
623613.69,1287460.38,788.46,787.00,788.46,0.64,0.37,0.29,1
623705.94,1287460.38,781.50,780.00,781.50,0.64,0.37,0.29,1
623798.19,1287460.38,768.53,767.00,768.53,0.64,0.36,0.28,1
623890.50,1287460.38,761.55,760.00,761.55,0.63,0.35,0.27,1
623982.75,1287460.38,765.55,764.00,765.55,0.63,0.35,0.27,1
624075.06,1287460.38,771.56,770.00,771.56,0.62,0.35,0.27,1
624167.31,1287460.38,776.56,775.00,776.56,0.61,0.34,0.26,1
624259.62,1287460.38,790.56,789.00,790.56,0.61,0.33,0.25,1
624351.88,1287460.38,802.55,801.00,802.55,0.62,0.34,0.26,1
624444.19,1287460.38,800.54,799.00,800.54,0.63,0.36,0.28,1
624536.44,1287460.38,790.51,789.00,790.51,0.64,0.36,0.28,1
624628.69,1287460.38,774.48,773.00,774.48,0.64,0.36,0.28,1
624721.00,1287460.38,767.43,766.00,767.43,0.63,0.36,0.28,1
624813.25,1287460.38,772.38,771.00,772.38,0.62,0.35,0.27,1
624905.56,1287460.38,780.30,779.00,780.30,0.62,0.35,0.28,1
624997.81,1287460.38,787.23,786.00,787.23,0.63,0.37,0.29,1
625090.12,1287460.38,787.17,786.00,787.17,0.64,0.38,0.30,1
625182.38,1287460.38,784.13,783.00,784.13,0.64,0.38,0.31,1
625274.69,1287460.38,777.11,776.00,777.11,0.64,0.39,0.31,1
625366.94,1287460.38,761.15,760.17,761.15,0.57,0.32,0.25,1
625459.19,1287460.38,-9999.00,-9999.00,-9999.00,0.71,0.71,0.71,0
614385.88,1287368.12,-9999.00,-9999.00,-9999.00,0.71,0.71,0.71,0
614478.12,1287368.12,752.64,752.00,752.64,0.23,0.00,-0.06,1
614570.44,1287368.12,742.73,742.00,742.73,0.64,0.40,0.33,1
614662.69,1287368.12,734.56,734.00,734.56,0.64,0.42,0.35,1
614755.00,1287368.12,731.67,731.00,731.67,0.63,0.40,0.33,1
614847.25,1287368.12,729.82,729.00,729.82,0.64,0.39,0.32,1
614939.56,1287368.12,731.96,731.00,731.96,0.63,0.38,0.31,1
615031.81,1287368.12,733.08,732.00,733.08,0.63,0.37,0.30,1
615124.12,1287368.12,731.21,730.00,731.21,0.63,0.36,0.29,1
615216.38,1287368.12,732.32,731.00,732.32,0.62,0.36,0.28,1
615308.62,1287368.12,732.40,731.00,732.40,0.62,0.35,0.27,1
615400.94,1287368.12,737.47,736.00,737.47,0.62,0.34,0.26,1
615493.19,1287368.12,749.52,748.00,749.52,0.62,0.34,0.26,1
615585.50,1287368.12,755.55,754.00,755.55,0.62,0.34,0.26,1
615677.75,1287368.12,763.58,762.00,763.58,0.62,0.34,0.26,1
615770.06,1287368.12,767.59,766.00,767.59,0.62,0.34,0.26,1
615862.31,1287368.12,765.60,764.00,765.60,0.62,0.34,0.26,1
615954.62,1287368.12,762.60,761.00,762.60,0.62,0.34,0.26,1
616046.88,1287368.12,763.61,762.00,763.61,0.62,0.34,0.26,1
616139.12,1287368.12,756.61,755.00,756.61,0.62,0.34,0.27,1
616231.44,1287368.12,744.61,743.00,744.61,0.62,0.34,0.26,1
616323.69,1287368.12,740.61,739.00,740.61,0.62,0.34,0.26,1
616416.00,1287368.12,742.61,741.00,742.61,0.62,0.34,0.26,1
616508.25,1287368.12,751.61,750.00,751.61,0.62,0.34,0.26,1
616600.56,1287368.12,764.61,763.00,764.61,0.62,0.34,0.26,1
616692.81,1287368.12,774.61,773.00,774.61,0.62,0.34,0.26,1
616785.12,1287368.12,780.61,779.00,780.61,0.62,0.34,0.26,1
616877.38,1287368.12,785.61,784.00,785.61,0.61,0.33,0.25,1
616969.62,1287368.12,803.61,802.00,803.61,0.61,0.33,0.25,1
617061.94,1287368.12,796.61,795.00,796.61,0.63,0.35,0.27,1
617154.19,1287368.12,778.62,777.00,778.62,0.63,0.35,0.27,1
617246.50,1287368.12,768.62,767.00,768.62,0.61,0.33,0.25,1
617338.75,1287368.12,776.61,775.00,776.61,0.60,0.32,0.24,1
617431.06,1287368.12,784.61,783.00,784.61,0.60,0.33,0.25,1
617523.31,1287368.12,786.61,785.00,786.61,0.60,0.32,0.24,1
617615.62,1287368.12,798.60,797.00,798.60,0.58,0.30,0.22,1
617707.88,1287368.12,817.58,816.00,817.58,0.58,0.30,0.22,1
617800.12,1287368.12,825.56,824.00,825.56,0.59,0.31,0.23,1
617892.44,1287368.12,820.53,819.00,820.53,0.60,0.33,0.25,1
617984.69,1287368.12,810.50,809.00,810.50,0.61,0.34,0.26,1
618077.00,1287368.12,803.48,802.00,803.48,0.62,0.34,0.27,1
618169.25,1287368.12,795.47,794.00,795.47,0.62,0.35,0.27,1
618261.56,1287368.12,790.47,789.00,790.47,0.62,0.34,0.26,1
618353.81,1287368.12,792.47,791.00,792.47,0.62,0.34,0.26,1
618446.12,1287368.12,795.47,794.00,795.47,0.62,0.35,0.27,1
618538.38,1287368.12,796.49,795.00,796.49,0.62,0.34,0.27,1
618630.62,1287368.12,796.51,795.00,796.51,0.62,0.34,0.26,1
618722.94,1287368.12,794.54,793.00,794.54,0.63,0.35,0.27,1
618815.19,1287368.12,788.56,787.00,788.56,0.63,0.36,0.28,1
618907.50,1287368.12,777.57,776.00,777.57,0.63,0.35,0.27,1
618999.75,1287368.12,768.57,767.00,768.57,0.62,0.35,0.27,1
619092.06,1287368.12,762.57,761.00,762.57,0.62,0.34,0.26,1
619184.31,1287368.12,758.56,757.00,758.56,0.62,0.34,0.26,1
619276.62,1287368.12,755.55,754.00,755.55,0.62,0.34,0.26,1
619368.88,1287368.12,752.53,751.00,752.53,0.62,0.35,0.27,1
619461.19,1287368.12,746.50,745.00,746.50,0.63,0.35,0.28,1
619553.44,1287368.12,744.45,743.00,744.45,0.63,0.35,0.28,1
619645.69,1287368.12,747.42,746.00,747.42,0.63,0.35,0.28,1
619738.00,1287368.12,751.40,750.00,751.40,0.62,0.35,0.27,1
619830.25,1287368.12,757.39,756.00,757.39,0.62,0.35,0.28,1
619922.56,1287368.12,763.39,762.00,763.39,0.62,0.35,0.28,1
620014.81,1287368.12,770.39,769.00,770.39,0.62,0.35,0.27,1
620107.12,1287368.12,774.39,773.00,774.39,0.63,0.36,0.28,1
620199.38,1287368.12,769.40,768.00,769.40,0.64,0.36,0.29,1
620291.69,1287368.12,759.42,758.00,759.42,0.63,0.36,0.28,1
620383.94,1287368.12,753.44,752.00,753.44,0.63,0.35,0.27,1
620476.19,1287368.12,755.46,754.00,755.46,0.61,0.34,0.26,1
620568.50,1287368.12,763.47,762.00,763.47,0.61,0.33,0.26,1
620660.75,1287368.12,769.47,768.00,769.47,0.61,0.34,0.26,1
620753.06,1287368.12,769.47,768.00,769.47,0.62,0.34,0.26,1
620845.31,1287368.12,765.47,764.00,765.47,0.62,0.35,0.27,1
620937.62,1287368.12,761.46,760.00,761.46,0.62,0.35,0.27,1
621029.88,1287368.12,757.45,756.00,757.45,0.62,0.35,0.27,1
621122.19,1287368.12,753.43,752.00,753.43,0.62,0.35,0.27,1
621214.44,1287368.12,750.41,749.00,750.41,0.62,0.35,0.27,1
621306.69,1287368.12,747.40,746.00,747.40,0.63,0.36,0.28,1
621399.00,1287368.12,748.39,747.00,748.39,0.62,0.35,0.28,1
621491.25,1287368.12,758.39,757.00,758.39,0.62,0.35,0.27,1
621583.56,1287368.12,766.38,765.00,766.38,0.62,0.35,0.27,1
621675.81,1287368.12,764.39,763.00,764.39,0.63,0.36,0.28,1
621768.12,1287368.12,755.39,754.00,755.39,0.64,0.36,0.29,1
621860.38,1287368.12,744.39,743.00,744.39,0.63,0.36,0.29,1
621952.69,1287368.12,738.40,737.00,738.40,0.63,0.36,0.28,1
622044.94,1287368.12,738.42,737.00,738.42,0.62,0.35,0.27,1
622137.19,1287368.12,738.43,737.00,738.43,0.62,0.35,0.27,1
622229.50,1287368.12,745.44,744.00,745.44,0.61,0.33,0.26,1
622321.75,1287368.12,758.44,757.00,758.44,0.61,0.34,0.26,1
622414.06,1287368.12,761.44,760.00,761.44,0.62,0.35,0.27,1
622506.31,1287368.12,761.44,760.00,761.44,0.63,0.36,0.28,1
622598.62,1287368.12,764.44,763.00,764.44,0.63,0.36,0.28,1
622690.88,1287368.12,771.43,770.00,771.43,0.63,0.35,0.28,1
622783.19,1287368.12,778.41,777.00,778.41,0.63,0.36,0.28,1
622875.44,1287368.12,778.40,777.00,778.40,0.64,0.37,0.30,1
622967.69,1287368.12,774.39,773.00,774.39,0.65,0.38,0.30,1
623060.00,1287368.12,771.39,770.00,771.39,0.64,0.37,0.29,1
623152.25,1287368.12,775.39,774.00,775.39,0.63,0.35,0.28,1
623244.56,1287368.12,785.40,784.00,785.40,0.62,0.35,0.27,1
623336.81,1287368.12,795.41,794.00,795.41,0.62,0.34,0.27,1
623429.12,1287368.12,804.43,803.00,804.43,0.62,0.35,0.27,1
623521.38,1287368.12,806.46,805.00,806.46,0.64,0.36,0.29,1
623613.69,1287368.12,799.51,798.00,799.51,0.65,0.37,0.29,1
623705.94,1287368.12,786.54,785.00,786.54,0.64,0.37,0.29,1
623798.19,1287368.12,770.57,769.00,770.57,0.64,0.36,0.28,1
623890.50,1287368.12,764.59,763.00,764.59,0.63,0.35,0.27,1
623982.75,1287368.12,774.59,773.00,774.59,0.62,0.34,0.27,1
624075.06,1287368.12,778.60,777.00,778.60,0.63,0.35,0.27,1
624167.31,1287368.12,779.60,778.00,779.60,0.62,0.34,0.26,1
624259.62,1287368.12,789.59,788.00,789.59,0.61,0.33,0.25,1
624351.88,1287368.12,800.59,799.00,800.59,0.61,0.34,0.26,1
624444.19,1287368.12,802.57,801.00,802.57,0.63,0.35,0.27,1
624536.44,1287368.12,790.55,789.00,790.55,0.63,0.36,0.28,1
624628.69,1287368.12,776.52,775.00,776.52,0.63,0.36,0.28,1
624721.00,1287368.12,776.48,775.00,776.48,0.63,0.36,0.28,1
624813.25,1287368.12,779.42,778.00,779.42,0.63,0.36,0.28,1
624905.56,1287368.12,781.34,780.00,781.34,0.62,0.35,0.28,1
624997.81,1287368.12,789.25,788.00,789.25,0.62,0.35,0.28,1
625090.12,1287368.12,789.18,788.00,789.18,0.63,0.37,0.29,1
625182.38,1287368.12,784.13,783.00,784.13,0.63,0.37,0.30,1
625274.69,1287368.12,776.10,775.00,776.10,0.63,0.38,0.30,1
625366.94,1287368.12,761.13,760.15,761.13,0.57,0.32,0.25,1
625459.19,1287368.12,-9999.00,-9999.00,-9999.00,0.71,0.71,0.71,0
614385.88,1287275.88,-9999.00,-9999.00,-9999.00,0.71,0.71,0.71,0
614478.12,1287275.88,747.98,747.00,747.98,0.30,0.05,-0.03,1
614570.44,1287275.88,738.05,737.00,738.05,0.63,0.38,0.30,1
614662.69,1287275.88,732.90,732.00,732.90,0.63,0.38,0.31,1
614755.00,1287275.88,731.88,731.00,731.88,0.64,0.39,0.32,1
614847.25,1287275.88,736.92,736.00,736.92,0.64,0.39,0.32,1
614939.56,1287275.88,737.99,737.00,737.99,0.64,0.39,0.32,1
615031.81,1287275.88,732.09,731.00,732.09,0.63,0.37,0.30,1
615124.12,1287275.88,731.21,730.00,731.21,0.63,0.36,0.29,1
615216.38,1287275.88,733.32,732.00,733.32,0.62,0.35,0.28,1
615308.62,1287275.88,734.42,733.00,734.42,0.62,0.35,0.27,1
615400.94,1287275.88,741.49,740.00,741.49,0.61,0.34,0.26,1
615493.19,1287275.88,749.54,748.00,749.54,0.61,0.33,0.25,1
615585.50,1287275.88,755.58,754.00,755.58,0.61,0.33,0.25,1
615677.75,1287275.88,761.60,760.00,761.60,0.61,0.33,0.25,1
615770.06,1287275.88,760.62,759.00,760.62,0.61,0.33,0.26,1
615862.31,1287275.88,757.63,756.00,757.63,0.61,0.34,0.26,1
615954.62,1287275.88,756.63,755.00,756.63,0.61,0.33,0.25,1
616046.88,1287275.88,757.63,756.00,757.63,0.61,0.33,0.25,1
616139.12,1287275.88,749.63,748.00,749.63,0.62,0.34,0.26,1
616231.44,1287275.88,740.63,739.00,740.63,0.62,0.34,0.26,1
616323.69,1287275.88,743.63,742.00,743.63,0.62,0.34,0.26,1
616416.00,1287275.88,752.63,751.00,752.63,0.62,0.34,0.26,1
616508.25,1287275.88,761.63,760.00,761.63,0.62,0.34,0.26,1
616600.56,1287275.88,775.63,774.00,775.63,0.62,0.34,0.26,1
616692.81,1287275.88,781.63,780.00,781.63,0.62,0.34,0.26,1
616785.12,1287275.88,780.63,779.00,780.63,0.62,0.34,0.26,1
616877.38,1287275.88,775.63,774.00,775.63,0.60,0.32,0.24,1
616969.62,1287275.88,790.64,789.00,790.64,0.60,0.32,0.24,1
617061.94,1287275.88,787.64,786.00,787.64,0.62,0.34,0.26,1
617154.19,1287275.88,773.64,772.00,773.64,0.63,0.35,0.27,1
617246.50,1287275.88,762.65,761.00,762.65,0.62,0.34,0.26,1
617338.75,1287275.88,768.65,767.00,768.65,0.61,0.33,0.25,1
617431.06,1287275.88,774.64,773.00,774.64,0.61,0.33,0.25,1
617523.31,1287275.88,774.64,773.00,774.64,0.60,0.32,0.24,1
617615.62,1287275.88,784.63,783.00,784.63,0.60,0.32,0.24,1
617707.88,1287275.88,797.62,796.00,797.62,0.59,0.32,0.24,1
617800.12,1287275.88,801.60,800.00,801.60,0.60,0.32,0.24,1
617892.44,1287275.88,801.57,800.00,801.57,0.61,0.33,0.25,1
617984.69,1287275.88,796.54,795.00,796.54,0.61,0.34,0.26,1
618077.00,1287275.88,793.52,792.00,793.52,0.62,0.34,0.26,1
618169.25,1287275.88,790.51,789.00,790.51,0.62,0.34,0.27,1
618261.56,1287275.88,787.50,786.00,787.50,0.62,0.35,0.27,1
618353.81,1287275.88,791.50,790.00,791.50,0.62,0.35,0.27,1
618446.12,1287275.88,795.51,794.00,795.51,0.63,0.35,0.27,1
618538.38,1287275.88,791.52,790.00,791.52,0.62,0.35,0.27,1
618630.62,1287275.88,786.55,785.00,786.55,0.62,0.34,0.26,1
618722.94,1287275.88,786.57,785.00,786.57,0.61,0.34,0.26,1
618815.19,1287275.88,781.59,780.00,781.59,0.62,0.34,0.26,1
618907.50,1287275.88,770.59,769.00,770.59,0.62,0.35,0.27,1
618999.75,1287275.88,759.60,758.00,759.60,0.62,0.34,0.27,1
619092.06,1287275.88,755.59,754.00,755.59,0.62,0.34,0.26,1
619184.31,1287275.88,752.59,751.00,752.59,0.62,0.35,0.27,1
619276.62,1287275.88,748.57,747.00,748.57,0.62,0.34,0.26,1
619368.88,1287275.88,747.55,746.00,747.55,0.62,0.34,0.26,1
619461.19,1287275.88,746.51,745.00,746.51,0.62,0.35,0.27,1
619553.44,1287275.88,752.46,751.00,752.46,0.63,0.35,0.27,1
619645.69,1287275.88,758.42,757.00,758.42,0.63,0.36,0.28,1
619738.00,1287275.88,760.40,759.00,760.40,0.63,0.36,0.28,1
619830.25,1287275.88,768.39,767.00,768.39,0.63,0.36,0.28,1
619922.56,1287275.88,772.39,771.00,772.39,0.63,0.36,0.28,1
620014.81,1287275.88,774.39,773.00,774.39,0.62,0.35,0.28,1
620107.12,1287275.88,778.39,777.00,778.39,0.62,0.35,0.27,1
620199.38,1287275.88,772.40,771.00,772.40,0.63,0.36,0.28,1
620291.69,1287275.88,760.42,759.00,760.42,0.63,0.36,0.28,1
620383.94,1287275.88,753.45,752.00,753.45,0.63,0.36,0.28,1
620476.19,1287275.88,752.47,751.00,752.47,0.62,0.35,0.27,1
620568.50,1287275.88,756.47,755.00,756.47,0.61,0.34,0.26,1
620660.75,1287275.88,759.48,758.00,759.48,0.61,0.33,0.26,1
620753.06,1287275.88,761.48,760.00,761.48,0.61,0.34,0.26,1
620845.31,1287275.88,759.48,758.00,759.48,0.61,0.34,0.26,1
620937.62,1287275.88,757.47,756.00,757.47,0.62,0.34,0.27,1
621029.88,1287275.88,754.46,753.00,754.46,0.62,0.35,0.27,1
621122.19,1287275.88,753.45,752.00,753.45,0.62,0.35,0.27,1
621214.44,1287275.88,753.44,752.00,753.44,0.63,0.35,0.27,1
621306.69,1287275.88,754.43,753.00,754.43,0.63,0.35,0.27,1
621399.00,1287275.88,757.43,756.00,757.43,0.62,0.35,0.27,1
621491.25,1287275.88,761.43,760.00,761.43,0.62,0.35,0.27,1
621583.56,1287275.88,759.43,758.00,759.43,0.62,0.35,0.27,1
621675.81,1287275.88,754.43,753.00,754.43,0.62,0.34,0.27,1
621768.12,1287275.88,749.43,748.00,749.43,0.62,0.35,0.27,1
621860.38,1287275.88,742.44,741.00,742.44,0.63,0.35,0.28,1
621952.69,1287275.88,737.44,736.00,737.44,0.63,0.35,0.27,1
622044.94,1287275.88,737.45,736.00,737.45,0.62,0.35,0.27,1
622137.19,1287275.88,738.46,737.00,738.46,0.62,0.35,0.27,1
622229.50,1287275.88,741.47,740.00,741.47,0.61,0.34,0.26,1
622321.75,1287275.88,751.47,750.00,751.47,0.60,0.33,0.25,1
622414.06,1287275.88,761.47,760.00,761.47,0.61,0.34,0.26,1
622506.31,1287275.88,769.47,768.00,769.47,0.62,0.35,0.27,1
622598.62,1287275.88,778.46,777.00,778.46,0.63,0.35,0.27,1
622690.88,1287275.88,785.45,784.00,785.45,0.63,0.36,0.28,1
622783.19,1287275.88,792.44,791.00,792.44,0.63,0.35,0.27,1
622875.44,1287275.88,796.44,795.00,796.44,0.63,0.36,0.28,1
622967.69,1287275.88,793.43,792.00,793.43,0.63,0.36,0.28,1
623060.00,1287275.88,787.44,786.00,787.44,0.63,0.36,0.28,1
623152.25,1287275.88,780.44,779.00,780.44,0.62,0.35,0.27,1
623244.56,1287275.88,780.45,779.00,780.45,0.61,0.33,0.25,1
623336.81,1287275.88,789.46,788.00,789.46,0.60,0.33,0.25,1
623429.12,1287275.88,803.48,802.00,803.48,0.60,0.33,0.25,1
623521.38,1287275.88,815.51,814.00,815.51,0.62,0.34,0.26,1
623613.69,1287275.88,811.54,810.00,811.54,0.64,0.36,0.28,1
623705.94,1287275.88,796.57,795.00,796.57,0.64,0.36,0.29,1
623798.19,1287275.88,776.59,775.00,776.59,0.64,0.36,0.28,1
623890.50,1287275.88,773.61,772.00,773.61,0.63,0.35,0.27,1
623982.75,1287275.88,785.61,784.00,785.61,0.63,0.35,0.27,1
624075.06,1287275.88,789.62,788.00,789.62,0.63,0.35,0.27,1
624167.31,1287275.88,789.62,788.00,789.62,0.63,0.35,0.27,1
624259.62,1287275.88,794.61,793.00,794.61,0.62,0.35,0.27,1
624351.88,1287275.88,803.61,802.00,803.61,0.62,0.34,0.27,1
624444.19,1287275.88,801.60,800.00,801.60,0.63,0.35,0.27,1
624536.44,1287275.88,787.58,786.00,787.58,0.63,0.36,0.28,1
624628.69,1287275.88,782.54,781.00,782.54,0.63,0.35,0.27,1
624721.00,1287275.88,788.50,787.00,788.50,0.63,0.35,0.28,1
624813.25,1287275.88,788.44,787.00,788.44,0.63,0.36,0.28,1
624905.56,1287275.88,785.36,784.00,785.36,0.63,0.36,0.28,1
624997.81,1287275.88,786.26,785.00,786.26,0.62,0.35,0.28,1
625090.12,1287275.88,784.18,783.00,784.18,0.62,0.35,0.28,1
625182.38,1287275.88,776.13,775.00,776.13,0.62,0.36,0.29,1
625274.69,1287275.88,767.09,766.00,767.09,0.63,0.37,0.29,1
625366.94,1287275.88,764.92,763.93,764.92,0.58,0.32,0.25,1
625459.19,1287275.88,-9999.00,-9999.00,-9999.00,0.71,0.71,0.71,0
614385.88,1287183.62,-9999.00,-9999.00,-9999.00,0.71,0.71,0.71,0
614478.12,1287183.62,741.08,740.00,741.08,0.31,0.06,-0.02,1
614570.44,1287183.62,734.09,733.00,734.09,0.63,0.37,0.30,1
614662.69,1287183.62,733.03,732.00,733.03,0.62,0.37,0.30,1
614755.00,1287183.62,742.97,742.00,742.97,0.63,0.38,0.31,1
614847.25,1287183.62,750.97,750.00,750.97,0.64,0.39,0.32,1
614939.56,1287183.62,749.01,748.00,749.01,0.65,0.40,0.32,1
615031.81,1287183.62,734.09,733.00,734.09,0.64,0.38,0.31,1
615124.12,1287183.62,731.21,730.00,731.21,0.63,0.36,0.29,1
615216.38,1287183.62,732.33,731.00,732.33,0.62,0.35,0.28,1
615308.62,1287183.62,735.43,734.00,735.43,0.62,0.35,0.27,1
615400.94,1287183.62,739.50,738.00,739.50,0.61,0.34,0.26,1
615493.19,1287183.62,743.56,742.00,743.56,0.61,0.33,0.25,1
615585.50,1287183.62,748.60,747.00,748.60,0.61,0.33,0.25,1
615677.75,1287183.62,752.62,751.00,752.62,0.61,0.33,0.25,1
615770.06,1287183.62,751.64,750.00,751.64,0.61,0.33,0.25,1
615862.31,1287183.62,751.64,750.00,751.64,0.62,0.34,0.26,1
615954.62,1287183.62,748.65,747.00,748.65,0.62,0.34,0.26,1
616046.88,1287183.62,745.65,744.00,745.65,0.61,0.33,0.25,1
616139.12,1287183.62,740.65,739.00,740.65,0.62,0.34,0.26,1
616231.44,1287183.62,744.65,743.00,744.65,0.62,0.34,0.26,1
616323.69,1287183.62,755.64,754.00,755.64,0.62,0.34,0.26,1
616416.00,1287183.62,762.64,761.00,762.64,0.62,0.34,0.26,1
616508.25,1287183.62,769.64,768.00,769.64,0.62,0.34,0.26,1
616600.56,1287183.62,777.64,776.00,777.64,0.61,0.33,0.25,1
616692.81,1287183.62,779.64,778.00,779.64,0.62,0.34,0.26,1
616785.12,1287183.62,773.64,772.00,773.64,0.62,0.34,0.26,1
616877.38,1287183.62,761.65,760.00,761.65,0.61,0.33,0.25,1
616969.62,1287183.62,776.65,775.00,776.65,0.60,0.32,0.24,1
617061.94,1287183.62,778.66,777.00,778.66,0.61,0.33,0.25,1
617154.19,1287183.62,771.66,770.00,771.66,0.63,0.34,0.26,1
617246.50,1287183.62,761.66,760.00,761.66,0.62,0.34,0.26,1
617338.75,1287183.62,762.66,761.00,762.66,0.61,0.33,0.25,1
617431.06,1287183.62,765.66,764.00,765.66,0.61,0.33,0.25,1
617523.31,1287183.62,766.66,765.00,766.66,0.61,0.33,0.25,1
617615.62,1287183.62,778.65,777.00,778.65,0.61,0.33,0.25,1
617707.88,1287183.62,788.64,787.00,788.64,0.61,0.33,0.25,1
617800.12,1287183.62,793.62,792.00,793.62,0.61,0.33,0.25,1
617892.44,1287183.62,793.59,792.00,793.59,0.62,0.34,0.26,1
617984.69,1287183.62,789.56,788.00,789.56,0.62,0.34,0.26,1
618077.00,1287183.62,787.54,786.00,787.54,0.62,0.34,0.26,1
618169.25,1287183.62,786.53,785.00,786.53,0.62,0.34,0.26,1
618261.56,1287183.62,788.53,787.00,788.53,0.62,0.34,0.26,1
618353.81,1287183.62,797.53,796.00,797.53,0.62,0.34,0.26,1
618446.12,1287183.62,799.54,798.00,799.54,0.63,0.35,0.27,1
618538.38,1287183.62,791.55,790.00,791.55,0.63,0.35,0.27,1
618630.62,1287183.62,781.57,780.00,781.57,0.63,0.35,0.27,1
618722.94,1287183.62,775.59,774.00,775.59,0.62,0.34,0.26,1
618815.19,1287183.62,770.61,769.00,770.61,0.62,0.34,0.26,1
618907.50,1287183.62,763.61,762.00,763.61,0.62,0.34,0.26,1
618999.75,1287183.62,758.61,757.00,758.61,0.62,0.34,0.27,1
619092.06,1287183.62,757.61,756.00,757.61,0.62,0.34,0.27,1
619184.31,1287183.62,754.60,753.00,754.60,0.63,0.35,0.27,1
619276.62,1287183.62,746.58,745.00,746.58,0.63,0.35,0.27,1
619368.88,1287183.62,745.55,744.00,745.55,0.62,0.34,0.26,1
619461.19,1287183.62,752.51,751.00,752.51,0.62,0.34,0.26,1
619553.44,1287183.62,762.46,761.00,762.46,0.62,0.35,0.27,1
619645.69,1287183.62,772.42,771.00,772.42,0.63,0.36,0.28,1
619738.00,1287183.62,780.39,779.00,780.39,0.63,0.36,0.29,1
619830.25,1287183.62,788.38,787.00,788.38,0.64,0.37,0.29,1
619922.56,1287183.62,786.38,785.00,786.38,0.65,0.38,0.30,1
620014.81,1287183.62,776.38,775.00,776.38,0.63,0.36,0.29,1
620107.12,1287183.62,771.38,770.00,771.38,0.62,0.35,0.27,1
620199.38,1287183.62,768.40,767.00,768.40,0.62,0.35,0.27,1
620291.69,1287183.62,761.42,760.00,761.42,0.63,0.36,0.28,1
620383.94,1287183.62,754.45,753.00,754.45,0.63,0.36,0.28,1
620476.19,1287183.62,752.47,751.00,752.47,0.63,0.35,0.28,1
620568.50,1287183.62,751.48,750.00,751.48,0.62,0.35,0.27,1
620660.75,1287183.62,750.48,749.00,750.48,0.62,0.34,0.26,1
620753.06,1287183.62,749.48,748.00,749.48,0.61,0.34,0.26,1
620845.31,1287183.62,748.48,747.00,748.48,0.61,0.34,0.26,1
620937.62,1287183.62,748.48,747.00,748.48,0.61,0.34,0.26,1
621029.88,1287183.62,747.47,746.00,747.47,0.62,0.34,0.26,1
621122.19,1287183.62,750.46,749.00,750.46,0.61,0.34,0.26,1
621214.44,1287183.62,754.46,753.00,754.46,0.62,0.34,0.27,1
621306.69,1287183.62,755.45,754.00,755.45,0.62,0.34,0.27,1
621399.00,1287183.62,756.45,755.00,756.45,0.62,0.34,0.26,1
621491.25,1287183.62,757.46,756.00,757.46,0.62,0.34,0.26,1
621583.56,1287183.62,752.46,751.00,752.46,0.62,0.35,0.27,1
621675.81,1287183.62,745.46,744.00,745.46,0.62,0.35,0.27,1
621768.12,1287183.62,742.47,741.00,742.47,0.62,0.35,0.27,1
621860.38,1287183.62,738.47,737.00,738.47,0.62,0.35,0.27,1
621952.69,1287183.62,737.48,736.00,737.48,0.62,0.35,0.27,1
622044.94,1287183.62,738.48,737.00,738.48,0.62,0.35,0.27,1
622137.19,1287183.62,737.49,736.00,737.49,0.62,0.35,0.27,1
622229.50,1287183.62,738.49,737.00,738.49,0.62,0.34,0.26,1
622321.75,1287183.62,745.49,744.00,745.49,0.60,0.33,0.25,1
622414.06,1287183.62,759.49,758.00,759.49,0.60,0.33,0.25,1
622506.31,1287183.62,775.49,774.00,775.49,0.61,0.33,0.25,1
622598.62,1287183.62,789.48,788.00,789.48,0.61,0.34,0.26,1
622690.88,1287183.62,798.47,797.00,798.47,0.62,0.35,0.27,1
622783.19,1287183.62,796.47,795.00,796.47,0.62,0.35,0.27,1
622875.44,1287183.62,790.47,789.00,790.47,0.62,0.34,0.26,1
622967.69,1287183.62,781.48,780.00,781.48,0.61,0.34,0.26,1
623060.00,1287183.62,771.48,770.00,771.48,0.61,0.34,0.26,1
623152.25,1287183.62,765.48,764.00,765.48,0.61,0.34,0.26,1
623244.56,1287183.62,767.49,766.00,767.49,0.60,0.33,0.25,1
623336.81,1287183.62,780.51,779.00,780.51,0.60,0.32,0.24,1
623429.12,1287183.62,794.52,793.00,794.52,0.60,0.32,0.24,1
623521.38,1287183.62,804.54,803.00,804.54,0.60,0.32,0.24,1
623613.69,1287183.62,805.57,804.00,805.57,0.61,0.34,0.26,1
623705.94,1287183.62,793.59,792.00,793.59,0.62,0.35,0.27,1
623798.19,1287183.62,777.61,776.00,777.61,0.62,0.34,0.26,1
623890.50,1287183.62,783.62,782.00,783.62,0.61,0.33,0.25,1
623982.75,1287183.62,801.62,800.00,801.62,0.62,0.34,0.26,1
624075.06,1287183.62,805.63,804.00,805.63,0.63,0.35,0.27,1
624167.31,1287183.62,809.63,808.00,809.63,0.63,0.35,0.27,1
624259.62,1287183.62,812.62,811.00,812.62,0.63,0.35,0.27,1
624351.88,1287183.62,813.62,812.00,813.62,0.63,0.35,0.27,1
624444.19,1287183.62,804.61,803.00,804.61,0.63,0.35,0.27,1
624536.44,1287183.62,794.59,793.00,794.59,0.64,0.36,0.28,1
624628.69,1287183.62,793.56,792.00,793.56,0.63,0.35,0.28,1
624721.00,1287183.62,795.51,794.00,795.51,0.63,0.36,0.28,1
624813.25,1287183.62,790.45,789.00,790.45,0.63,0.36,0.28,1
624905.56,1287183.62,784.37,783.00,784.37,0.63,0.36,0.28,1
624997.81,1287183.62,776.27,775.00,776.27,0.62,0.36,0.28,1
625090.12,1287183.62,767.18,766.00,767.18,0.62,0.36,0.29,1
625182.38,1287183.62,764.12,763.00,764.12,0.63,0.37,0.29,1
625274.69,1287183.62,764.08,763.00,764.08,0.63,0.37,0.30,1
625366.94,1287183.62,772.50,771.49,772.50,0.58,0.32,0.25,1
625459.19,1287183.62,-9999.00,-9999.00,-9999.00,0.71,0.71,0.71,0
614385.88,1287091.38,-9999.00,-9999.00,-9999.00,0.71,0.71,0.71,0
614478.12,1287091.38,738.04,737.00,738.04,0.31,0.05,-0.02,1
614570.44,1287091.38,733.95,733.00,733.95,0.63,0.38,0.31,1
614662.69,1287091.38,737.01,736.00,737.01,0.62,0.37,0.29,1
614755.00,1287091.38,753.98,753.00,753.98,0.62,0.37,0.30,1
614847.25,1287091.38,758.98,758.00,758.98,0.63,0.38,0.31,1
614939.56,1287091.38,751.02,750.00,751.02,0.64,0.39,0.32,1
615031.81,1287091.38,734.10,733.00,734.10,0.64,0.38,0.31,1
615124.12,1287091.38,730.21,729.00,730.21,0.63,0.36,0.29,1
615216.38,1287091.38,733.33,732.00,733.33,0.62,0.36,0.28,1
615308.62,1287091.38,733.43,732.00,733.43,0.62,0.35,0.27,1
615400.94,1287091.38,735.51,734.00,735.51,0.62,0.34,0.26,1
615493.19,1287091.38,738.57,737.00,738.57,0.61,0.34,0.26,1
615585.50,1287091.38,740.61,739.00,740.61,0.61,0.33,0.25,1
615677.75,1287091.38,742.63,741.00,742.63,0.61,0.33,0.25,1
615770.06,1287091.38,746.65,745.00,746.65,0.61,0.33,0.25,1
615862.31,1287091.38,747.65,746.00,747.65,0.62,0.34,0.26,1
615954.62,1287091.38,741.66,740.00,741.66,0.62,0.34,0.26,1
616046.88,1287091.38,736.66,735.00,736.66,0.62,0.34,0.26,1
616139.12,1287091.38,739.66,738.00,739.66,0.61,0.33,0.25,1
616231.44,1287091.38,754.65,753.00,754.65,0.61,0.33,0.25,1
616323.69,1287091.38,767.65,766.00,767.65,0.62,0.34,0.26,1
616416.00,1287091.38,770.64,769.00,770.64,0.62,0.34,0.26,1
616508.25,1287091.38,770.64,769.00,770.64,0.62,0.34,0.26,1
616600.56,1287091.38,770.64,769.00,770.64,0.61,0.33,0.25,1
616692.81,1287091.38,774.64,773.00,774.64,0.62,0.34,0.26,1
616785.12,1287091.38,770.65,769.00,770.65,0.63,0.34,0.26,1
616877.38,1287091.38,760.65,759.00,760.65,0.62,0.34,0.26,1
616969.62,1287091.38,764.66,763.00,764.66,0.60,0.32,0.24,1
617061.94,1287091.38,768.67,767.00,768.67,0.61,0.33,0.25,1
617154.19,1287091.38,766.67,765.00,766.67,0.62,0.34,0.26,1
617246.50,1287091.38,758.67,757.00,758.67,0.62,0.34,0.26,1
617338.75,1287091.38,754.67,753.00,754.67,0.62,0.33,0.25,1
617431.06,1287091.38,756.67,755.00,756.67,0.61,0.33,0.25,1
617523.31,1287091.38,762.67,761.00,762.67,0.60,0.32,0.24,1
617615.62,1287091.38,781.66,780.00,781.66,0.61,0.33,0.25,1
617707.88,1287091.38,790.65,789.00,790.65,0.61,0.33,0.25,1
617800.12,1287091.38,791.64,790.00,791.64,0.62,0.34,0.26,1
617892.44,1287091.38,787.61,786.00,787.61,0.62,0.34,0.26,1
617984.69,1287091.38,782.59,781.00,782.59,0.62,0.34,0.26,1
618077.00,1287091.38,780.57,779.00,780.57,0.61,0.34,0.26,1
618169.25,1287091.38,782.56,781.00,782.56,0.61,0.33,0.26,1
618261.56,1287091.38,790.56,789.00,790.56,0.61,0.34,0.26,1
618353.81,1287091.38,798.56,797.00,798.56,0.62,0.34,0.26,1
618446.12,1287091.38,797.56,796.00,797.56,0.62,0.34,0.27,1
618538.38,1287091.38,788.57,787.00,788.57,0.63,0.35,0.27,1
618630.62,1287091.38,780.59,779.00,780.59,0.63,0.35,0.27,1
618722.94,1287091.38,769.61,768.00,769.61,0.62,0.34,0.27,1
618815.19,1287091.38,763.62,762.00,763.62,0.62,0.34,0.26,1
618907.50,1287091.38,760.62,759.00,760.62,0.62,0.34,0.26,1
618999.75,1287091.38,758.62,757.00,758.62,0.62,0.34,0.26,1
619092.06,1287091.38,756.62,755.00,756.62,0.62,0.34,0.26,1
619184.31,1287091.38,752.61,751.00,752.61,0.62,0.35,0.27,1
619276.62,1287091.38,747.59,746.00,747.59,0.63,0.35,0.27,1
619368.88,1287091.38,749.55,748.00,749.55,0.62,0.35,0.27,1
619461.19,1287091.38,758.50,757.00,758.50,0.62,0.34,0.26,1
619553.44,1287091.38,772.45,771.00,772.45,0.61,0.34,0.26,1
619645.69,1287091.38,786.41,785.00,786.41,0.62,0.35,0.27,1
619738.00,1287091.38,802.38,801.00,802.38,0.63,0.36,0.28,1
619830.25,1287091.38,812.36,811.00,812.36,0.65,0.38,0.30,1
619922.56,1287091.38,800.36,799.00,800.36,0.65,0.38,0.31,1
620014.81,1287091.38,778.36,777.00,778.36,0.64,0.37,0.30,1
620107.12,1287091.38,765.37,764.00,765.37,0.63,0.36,0.28,1
620199.38,1287091.38,762.39,761.00,762.39,0.62,0.35,0.27,1
620291.69,1287091.38,758.42,757.00,758.42,0.62,0.35,0.27,1
620383.94,1287091.38,756.45,755.00,756.45,0.62,0.35,0.27,1
620476.19,1287091.38,758.47,757.00,758.47,0.62,0.35,0.27,1
620568.50,1287091.38,754.48,753.00,754.48,0.63,0.35,0.27,1
620660.75,1287091.38,747.48,746.00,747.48,0.62,0.35,0.27,1
620753.06,1287091.38,745.48,744.00,745.48,0.62,0.35,0.27,1
620845.31,1287091.38,743.48,742.00,743.48,0.62,0.35,0.27,1
620937.62,1287091.38,743.48,742.00,743.48,0.62,0.35,0.27,1
621029.88,1287091.38,743.47,742.00,743.47,0.62,0.35,0.27,1
621122.19,1287091.38,745.47,744.00,745.47,0.62,0.34,0.26,1
621214.44,1287091.38,748.47,747.00,748.47,0.62,0.34,0.26,1
621306.69,1287091.38,748.46,747.00,748.46,0.62,0.34,0.27,1
621399.00,1287091.38,747.47,746.00,747.47,0.62,0.34,0.26,1
621491.25,1287091.38,745.47,744.00,745.47,0.61,0.34,0.26,1
621583.56,1287091.38,744.48,743.00,744.48,0.62,0.34,0.26,1
621675.81,1287091.38,742.49,741.00,742.49,0.62,0.35,0.27,1
621768.12,1287091.38,740.49,739.00,740.49,0.62,0.35,0.27,1
621860.38,1287091.38,738.49,737.00,738.49,0.63,0.35,0.27,1
621952.69,1287091.38,736.50,735.00,736.50,0.62,0.35,0.27,1
622044.94,1287091.38,737.50,736.00,737.50,0.62,0.35,0.27,1
622137.19,1287091.38,737.50,736.00,737.50,0.62,0.35,0.27,1
622229.50,1287091.38,737.50,736.00,737.50,0.62,0.34,0.26,1
622321.75,1287091.38,742.50,741.00,742.50,0.61,0.33,0.25,1
622414.06,1287091.38,756.50,755.00,756.50,0.60,0.32,0.24,1
622506.31,1287091.38,772.50,771.00,772.50,0.59,0.32,0.24,1
622598.62,1287091.38,785.49,784.00,785.49,0.60,0.33,0.25,1
622690.88,1287091.38,790.49,789.00,790.49,0.61,0.33,0.25,1
622783.19,1287091.38,782.49,781.00,782.49,0.61,0.34,0.26,1
622875.44,1287091.38,771.50,770.00,771.50,0.61,0.33,0.26,1
622967.69,1287091.38,762.51,761.00,762.51,0.61,0.33,0.26,1
623060.00,1287091.38,755.51,754.00,755.51,0.61,0.34,0.26,1
623152.25,1287091.38,757.52,756.00,757.52,0.61,0.33,0.25,1
623244.56,1287091.38,764.53,763.00,764.53,0.61,0.33,0.25,1
623336.81,1287091.38,776.54,775.00,776.54,0.60,0.33,0.25,1
623429.12,1287091.38,783.55,782.00,783.55,0.60,0.32,0.24,1
623521.38,1287091.38,788.57,787.00,788.57,0.60,0.32,0.24,1
623613.69,1287091.38,788.59,787.00,788.59,0.61,0.33,0.25,1
623705.94,1287091.38,777.61,776.00,777.61,0.62,0.34,0.26,1
623798.19,1287091.38,770.62,769.00,770.62,0.61,0.33,0.25,1
623890.50,1287091.38,786.62,785.00,786.62,0.60,0.32,0.24,1
623982.75,1287091.38,807.63,806.00,807.63,0.60,0.32,0.24,1
624075.06,1287091.38,818.63,817.00,818.63,0.61,0.33,0.25,1
624167.31,1287091.38,822.63,821.00,822.63,0.62,0.34,0.26,1
624259.62,1287091.38,821.63,820.00,821.63,0.62,0.34,0.26,1
624351.88,1287091.38,815.63,814.00,815.63,0.62,0.34,0.26,1
624444.19,1287091.38,806.62,805.00,806.62,0.62,0.34,0.26,1
624536.44,1287091.38,802.60,801.00,802.60,0.63,0.35,0.27,1
624628.69,1287091.38,802.57,801.00,802.57,0.62,0.35,0.27,1
624721.00,1287091.38,800.52,799.00,800.52,0.62,0.35,0.27,1
624813.25,1287091.38,790.46,789.00,790.46,0.63,0.36,0.28,1
624905.56,1287091.38,779.38,778.00,779.38,0.63,0.36,0.29,1
624997.81,1287091.38,768.28,767.00,768.28,0.63,0.37,0.29,1
625090.12,1287091.38,768.19,767.00,768.19,0.63,0.37,0.29,1
625182.38,1287091.38,775.11,774.00,775.11,0.64,0.38,0.30,1
625274.69,1287091.38,776.06,775.00,776.06,0.64,0.38,0.31,1
625366.94,1287091.38,780.09,779.06,780.09,0.58,0.32,0.25,1
625459.19,1287091.38,-9999.00,-9999.00,-9999.00,0.71,0.71,0.71,0
614385.88,1286999.00,-9999.00,-9999.00,-9999.00,0.71,0.71,0.71,0
614478.12,1286999.00,745.00,744.00,745.00,0.30,0.05,-0.02,1
614570.44,1286999.00,738.81,738.00,738.81,0.65,0.40,0.33,1
614662.69,1286999.00,743.89,743.00,743.89,0.63,0.39,0.31,1
614755.00,1286999.00,753.94,753.00,753.94,0.62,0.37,0.30,1
614847.25,1286999.00,752.98,752.00,752.98,0.63,0.38,0.30,1
614939.56,1286999.00,745.03,744.00,745.03,0.64,0.38,0.31,1
615031.81,1286999.00,733.11,732.00,733.11,0.64,0.38,0.30,1
615124.12,1286999.00,732.21,731.00,732.21,0.63,0.37,0.29,1
615216.38,1286999.00,735.34,734.00,735.34,0.63,0.36,0.28,1
615308.62,1286999.00,735.44,734.00,735.44,0.63,0.35,0.28,1
615400.94,1286999.00,733.52,732.00,733.52,0.62,0.34,0.27,1
615493.19,1286999.00,735.58,734.00,735.58,0.62,0.34,0.26,1
615585.50,1286999.00,736.61,735.00,736.61,0.62,0.34,0.26,1
615677.75,1286999.00,737.64,736.00,737.64,0.62,0.34,0.26,1
615770.06,1286999.00,739.65,738.00,739.65,0.61,0.33,0.25,1
615862.31,1286999.00,738.66,737.00,738.66,0.61,0.33,0.25,1
615954.62,1286999.00,734.66,733.00,734.66,0.62,0.34,0.26,1
616046.88,1286999.00,735.66,734.00,735.66,0.62,0.34,0.26,1
616139.12,1286999.00,748.66,747.00,748.66,0.61,0.33,0.25,1
616231.44,1286999.00,764.65,763.00,764.65,0.61,0.33,0.25,1
616323.69,1286999.00,773.65,772.00,773.65,0.62,0.34,0.26,1
616416.00,1286999.00,771.64,770.00,771.64,0.62,0.34,0.26,1
616508.25,1286999.00,761.64,760.00,761.64,0.61,0.33,0.25,1
616600.56,1286999.00,760.64,759.00,760.64,0.61,0.33,0.25,1
616692.81,1286999.00,769.64,768.00,769.64,0.61,0.33,0.25,1
616785.12,1286999.00,767.65,766.00,767.65,0.62,0.34,0.26,1
616877.38,1286999.00,762.65,761.00,762.65,0.63,0.35,0.27,1
616969.62,1286999.00,751.66,750.00,751.66,0.61,0.33,0.25,1
617061.94,1286999.00,756.67,755.00,756.67,0.61,0.33,0.25,1
617154.19,1286999.00,757.67,756.00,757.67,0.61,0.33,0.25,1
617246.50,1286999.00,753.68,752.00,753.68,0.62,0.34,0.26,1
617338.75,1286999.00,750.68,749.00,750.68,0.62,0.34,0.26,1
617431.06,1286999.00,752.68,751.00,752.68,0.61,0.33,0.25,1
617523.31,1286999.00,763.67,762.00,763.67,0.61,0.32,0.24,1
617615.62,1286999.00,783.67,782.00,783.67,0.61,0.32,0.24,1
617707.88,1286999.00,787.66,786.00,787.66,0.61,0.33,0.25,1
617800.12,1286999.00,786.65,785.00,786.65,0.62,0.34,0.26,1
617892.44,1286999.00,781.63,780.00,781.63,0.62,0.34,0.26,1
617984.69,1286999.00,776.60,775.00,776.60,0.62,0.34,0.26,1
618077.00,1286999.00,775.59,774.00,775.59,0.62,0.34,0.26,1
618169.25,1286999.00,780.58,779.00,780.58,0.61,0.33,0.25,1
618261.56,1286999.00,792.58,791.00,792.58,0.61,0.34,0.26,1
618353.81,1286999.00,796.58,795.00,796.58,0.62,0.34,0.26,1
618446.12,1286999.00,790.58,789.00,790.58,0.62,0.34,0.27,1
618538.38,1286999.00,782.59,781.00,782.59,0.62,0.35,0.27,1
618630.62,1286999.00,773.60,772.00,773.60,0.62,0.35,0.27,1
618722.94,1286999.00,764.61,763.00,764.61,0.62,0.34,0.26,1
618815.19,1286999.00,759.62,758.00,759.62,0.62,0.34,0.26,1
618907.50,1286999.00,754.62,753.00,754.62,0.62,0.34,0.26,1
618999.75,1286999.00,751.62,750.00,751.62,0.62,0.34,0.26,1
619092.06,1286999.00,750.62,749.00,750.62,0.62,0.34,0.26,1
619184.31,1286999.00,751.61,750.00,751.61,0.62,0.34,0.26,1
619276.62,1286999.00,753.58,752.00,753.58,0.62,0.35,0.27,1
619368.88,1286999.00,757.54,756.00,757.54,0.62,0.35,0.27,1
619461.19,1286999.00,764.49,763.00,764.49,0.62,0.34,0.27,1
619553.44,1286999.00,780.42,779.00,780.42,0.61,0.34,0.26,1
619645.69,1286999.00,804.38,803.00,804.38,0.61,0.34,0.26,1
619738.00,1286999.00,824.35,823.00,824.35,0.62,0.35,0.27,1
619830.25,1286999.00,826.33,825.00,826.33,0.64,0.37,0.29,1
619922.56,1286999.00,805.34,804.00,805.34,0.65,0.38,0.30,1
620014.81,1286999.00,778.34,777.00,778.34,0.64,0.37,0.30,1
620107.12,1286999.00,761.35,760.00,761.35,0.63,0.36,0.29,1
620199.38,1286999.00,755.38,754.00,755.38,0.62,0.35,0.27,1
620291.69,1286999.00,753.41,752.00,753.41,0.62,0.35,0.27,1
620383.94,1286999.00,752.45,751.00,752.45,0.62,0.35,0.27,1
620476.19,1286999.00,750.47,749.00,750.47,0.62,0.35,0.27,1
620568.50,1286999.00,747.48,746.00,747.48,0.62,0.35,0.27,1
620660.75,1286999.00,745.48,744.00,745.48,0.62,0.35,0.27,1
620753.06,1286999.00,744.49,743.00,744.49,0.62,0.35,0.27,1
620845.31,1286999.00,744.48,743.00,744.48,0.63,0.35,0.27,1
620937.62,1286999.00,744.48,743.00,744.48,0.63,0.35,0.28,1
621029.88,1286999.00,743.48,742.00,743.48,0.63,0.35,0.27,1
621122.19,1286999.00,744.47,743.00,744.47,0.62,0.35,0.27,1
621214.44,1286999.00,744.47,743.00,744.47,0.62,0.35,0.27,1
621306.69,1286999.00,744.47,743.00,744.47,0.62,0.35,0.27,1
621399.00,1286999.00,743.48,742.00,743.48,0.62,0.35,0.27,1
621491.25,1286999.00,741.48,740.00,741.48,0.62,0.35,0.27,1
621583.56,1286999.00,740.49,739.00,740.49,0.62,0.35,0.27,1
621675.81,1286999.00,741.50,740.00,741.50,0.62,0.35,0.27,1
621768.12,1286999.00,741.51,740.00,741.51,0.63,0.35,0.27,1
621860.38,1286999.00,740.51,739.00,740.51,0.63,0.35,0.27,1
621952.69,1286999.00,737.51,736.00,737.51,0.63,0.35,0.27,1
622044.94,1286999.00,736.51,735.00,736.51,0.62,0.35,0.27,1
622137.19,1286999.00,737.51,736.00,737.51,0.62,0.35,0.27,1
622229.50,1286999.00,736.51,735.00,736.51,0.62,0.35,0.27,1
622321.75,1286999.00,738.51,737.00,738.51,0.61,0.34,0.26,1
622414.06,1286999.00,746.51,745.00,746.51,0.60,0.32,0.25,1
622506.31,1286999.00,759.51,758.00,759.51,0.59,0.32,0.24,1
622598.62,1286999.00,770.50,769.00,770.50,0.59,0.32,0.24,1
622690.88,1286999.00,772.50,771.00,772.50,0.60,0.33,0.25,1
622783.19,1286999.00,764.51,763.00,764.51,0.61,0.34,0.26,1
622875.44,1286999.00,754.51,753.00,754.51,0.61,0.34,0.26,1
622967.69,1286999.00,748.52,747.00,748.52,0.61,0.34,0.26,1
623060.00,1286999.00,748.54,747.00,748.54,0.62,0.34,0.26,1
623152.25,1286999.00,752.55,751.00,752.55,0.61,0.34,0.26,1
623244.56,1286999.00,762.56,761.00,762.56,0.61,0.33,0.26,1
623336.81,1286999.00,769.57,768.00,769.57,0.61,0.33,0.25,1
623429.12,1286999.00,771.58,770.00,771.58,0.60,0.33,0.25,1
623521.38,1286999.00,774.59,773.00,774.59,0.60,0.32,0.25,1
623613.69,1286999.00,774.60,773.00,774.60,0.61,0.33,0.25,1
623705.94,1286999.00,767.61,766.00,767.61,0.61,0.34,0.26,1
623798.19,1286999.00,770.62,769.00,770.62,0.61,0.33,0.25,1
623890.50,1286999.00,784.62,783.00,784.62,0.60,0.32,0.24,1
623982.75,1286999.00,798.63,797.00,798.63,0.60,0.32,0.24,1
624075.06,1286999.00,808.63,807.00,808.63,0.60,0.32,0.24,1
624167.31,1286999.00,812.63,811.00,812.63,0.60,0.32,0.24,1
624259.62,1286999.00,809.63,808.00,809.63,0.61,0.33,0.25,1
624351.88,1286999.00,801.63,800.00,801.63,0.61,0.33,0.25,1
624444.19,1286999.00,795.62,794.00,795.62,0.61,0.33,0.25,1
624536.44,1286999.00,797.60,796.00,797.60,0.61,0.33,0.25,1
624628.69,1286999.00,793.57,792.00,793.57,0.61,0.34,0.26,1
624721.00,1286999.00,786.53,785.00,786.53,0.61,0.33,0.26,1
624813.25,1286999.00,782.47,781.00,782.47,0.62,0.35,0.27,1
624905.56,1286999.00,779.39,778.00,779.39,0.63,0.36,0.28,1
624997.81,1286999.00,776.29,775.00,776.29,0.63,0.37,0.29,1
625090.12,1286999.00,783.20,782.00,783.20,0.63,0.36,0.29,1
625182.38,1286999.00,787.12,786.00,787.12,0.63,0.37,0.30,1
625274.69,1286999.00,786.06,785.00,786.06,0.63,0.38,0.30,1
625366.94,1286999.00,781.75,780.70,781.75,0.58,0.32,0.25,1
625459.19,1286999.00,-9999.00,-9999.00,-9999.00,0.71,0.71,0.71,0
614385.88,1286906.75,-9999.00,-9999.00,-9999.00,0.71,0.71,0.71,0
614478.12,1286906.75,751.99,751.00,751.99,0.30,0.05,-0.03,1
614570.44,1286906.75,752.77,752.00,752.77,0.65,0.41,0.34,1
614662.69,1286906.75,756.81,756.00,756.81,0.65,0.41,0.34,1
614755.00,1286906.75,753.89,753.00,753.89,0.64,0.39,0.32,1
614847.25,1286906.75,748.97,748.00,748.97,0.64,0.38,0.31,1
614939.56,1286906.75,743.05,742.00,743.05,0.64,0.38,0.31,1
615031.81,1286906.75,734.13,733.00,734.13,0.63,0.37,0.30,1
615124.12,1286906.75,738.23,737.00,738.23,0.63,0.36,0.29,1
615216.38,1286906.75,739.35,738.00,739.35,0.63,0.36,0.28,1
615308.62,1286906.75,737.45,736.00,737.45,0.63,0.36,0.28,1
615400.94,1286906.75,733.53,732.00,733.53,0.63,0.35,0.27,1
615493.19,1286906.75,735.58,734.00,735.58,0.62,0.34,0.26,1
615585.50,1286906.75,736.62,735.00,736.62,0.62,0.34,0.26,1
615677.75,1286906.75,736.64,735.00,736.64,0.62,0.34,0.26,1
615770.06,1286906.75,735.66,734.00,735.66,0.62,0.34,0.26,1
615862.31,1286906.75,732.66,731.00,732.66,0.62,0.34,0.26,1
615954.62,1286906.75,732.66,731.00,732.66,0.61,0.33,0.25,1
616046.88,1286906.75,743.66,742.00,743.66,0.61,0.33,0.25,1
616139.12,1286906.75,762.66,761.00,762.66,0.61,0.33,0.25,1
616231.44,1286906.75,771.65,770.00,771.65,0.62,0.34,0.26,1
616323.69,1286906.75,771.64,770.00,771.64,0.62,0.34,0.26,1
616416.00,1286906.75,764.64,763.00,764.64,0.62,0.34,0.26,1
616508.25,1286906.75,750.64,749.00,750.64,0.62,0.34,0.26,1
616600.56,1286906.75,756.64,755.00,756.64,0.61,0.33,0.25,1
616692.81,1286906.75,763.64,762.00,763.64,0.61,0.33,0.25,1
616785.12,1286906.75,760.64,759.00,760.64,0.61,0.33,0.25,1
616877.38,1286906.75,761.65,760.00,761.65,0.63,0.35,0.27,1
616969.62,1286906.75,746.66,745.00,746.66,0.62,0.34,0.26,1
617061.94,1286906.75,749.67,748.00,749.67,0.61,0.33,0.25,1
617154.19,1286906.75,750.67,749.00,750.67,0.62,0.34,0.26,1
617246.50,1286906.75,751.68,750.00,751.68,0.62,0.34,0.26,1
617338.75,1286906.75,753.68,752.00,753.68,0.62,0.34,0.26,1
617431.06,1286906.75,756.68,755.00,756.68,0.62,0.33,0.25,1
617523.31,1286906.75,769.68,768.00,769.68,0.61,0.33,0.25,1
617615.62,1286906.75,779.67,778.00,779.67,0.61,0.33,0.25,1
617707.88,1286906.75,781.67,780.00,781.67,0.61,0.33,0.25,1
617800.12,1286906.75,780.65,779.00,780.65,0.62,0.34,0.26,1
617892.44,1286906.75,776.64,775.00,776.64,0.62,0.34,0.26,1
617984.69,1286906.75,772.62,771.00,772.62,0.62,0.34,0.26,1
618077.00,1286906.75,774.60,773.00,774.60,0.62,0.34,0.26,1
618169.25,1286906.75,781.59,780.00,781.59,0.61,0.33,0.25,1
618261.56,1286906.75,792.59,791.00,792.59,0.61,0.34,0.26,1
618353.81,1286906.75,794.59,793.00,794.59,0.62,0.34,0.26,1
618446.12,1286906.75,786.59,785.00,786.59,0.62,0.35,0.27,1
618538.38,1286906.75,778.60,777.00,778.60,0.62,0.35,0.27,1
618630.62,1286906.75,768.61,767.00,768.61,0.63,0.35,0.27,1
618722.94,1286906.75,760.62,759.00,760.62,0.62,0.34,0.26,1
618815.19,1286906.75,755.62,754.00,755.62,0.62,0.34,0.26,1
618907.50,1286906.75,751.62,750.00,751.62,0.62,0.34,0.26,1
618999.75,1286906.75,749.62,748.00,749.62,0.62,0.34,0.26,1
619092.06,1286906.75,750.62,749.00,750.62,0.62,0.34,0.26,1
619184.31,1286906.75,755.60,754.00,755.60,0.62,0.34,0.26,1
619276.62,1286906.75,760.58,759.00,760.58,0.62,0.35,0.27,1
619368.88,1286906.75,766.53,765.00,766.53,0.62,0.34,0.27,1
619461.19,1286906.75,777.46,776.00,777.46,0.62,0.34,0.26,1
619553.44,1286906.75,797.40,796.00,797.40,0.61,0.34,0.26,1
619645.69,1286906.75,814.35,813.00,814.35,0.61,0.34,0.26,1
619738.00,1286906.75,821.33,820.00,821.33,0.61,0.34,0.26,1
619830.25,1286906.75,815.33,814.00,815.33,0.61,0.34,0.27,1
619922.56,1286906.75,795.33,794.00,795.33,0.63,0.36,0.28,1
620014.81,1286906.75,772.34,771.00,772.34,0.64,0.37,0.29,1
620107.12,1286906.75,757.35,756.00,757.35,0.63,0.36,0.29,1
620199.38,1286906.75,751.38,750.00,751.38,0.63,0.36,0.28,1
620291.69,1286906.75,749.42,748.00,749.42,0.62,0.35,0.27,1
620383.94,1286906.75,749.45,748.00,749.45,0.62,0.35,0.27,1
620476.19,1286906.75,749.47,748.00,749.47,0.62,0.35,0.27,1
620568.50,1286906.75,748.48,747.00,748.48,0.63,0.35,0.27,1
620660.75,1286906.75,747.49,746.00,747.49,0.63,0.35,0.27,1
620753.06,1286906.75,746.49,745.00,746.49,0.63,0.35,0.27,1
620845.31,1286906.75,748.49,747.00,748.49,0.62,0.35,0.27,1
620937.62,1286906.75,751.48,750.00,751.48,0.63,0.35,0.27,1
621029.88,1286906.75,749.48,748.00,749.48,0.63,0.36,0.28,1
621122.19,1286906.75,748.48,747.00,748.48,0.63,0.35,0.28,1
621214.44,1286906.75,747.48,746.00,747.48,0.63,0.35,0.27,1
621306.69,1286906.75,746.48,745.00,746.48,0.63,0.35,0.28,1
621399.00,1286906.75,745.48,744.00,745.48,0.63,0.36,0.28,1
621491.25,1286906.75,744.49,743.00,744.49,0.63,0.36,0.28,1
621583.56,1286906.75,741.50,740.00,741.50,0.63,0.35,0.27,1
621675.81,1286906.75,742.51,741.00,742.51,0.62,0.35,0.27,1
621768.12,1286906.75,745.52,744.00,745.52,0.62,0.35,0.27,1
621860.38,1286906.75,742.52,741.00,742.52,0.63,0.35,0.27,1
621952.69,1286906.75,738.52,737.00,738.52,0.63,0.35,0.27,1
622044.94,1286906.75,737.52,736.00,737.52,0.63,0.35,0.27,1
622137.19,1286906.75,737.52,736.00,737.52,0.63,0.35,0.27,1
622229.50,1286906.75,736.52,735.00,736.52,0.62,0.35,0.27,1
622321.75,1286906.75,736.52,735.00,736.52,0.62,0.35,0.27,1
622414.06,1286906.75,740.51,739.00,740.51,0.61,0.34,0.26,1
622506.31,1286906.75,747.51,746.00,747.51,0.60,0.33,0.25,1
622598.62,1286906.75,752.51,751.00,752.51,0.60,0.33,0.25,1
622690.88,1286906.75,752.51,751.00,752.51,0.60,0.33,0.25,1
622783.19,1286906.75,750.52,749.00,750.52,0.61,0.34,0.26,1
622875.44,1286906.75,746.53,745.00,746.53,0.62,0.34,0.26,1
622967.69,1286906.75,745.54,744.00,745.54,0.62,0.34,0.26,1
623060.00,1286906.75,752.55,751.00,752.55,0.62,0.34,0.26,1
623152.25,1286906.75,758.57,757.00,758.57,0.62,0.34,0.26,1
623244.56,1286906.75,763.58,762.00,763.58,0.62,0.34,0.26,1
623336.81,1286906.75,762.58,761.00,762.58,0.62,0.34,0.26,1
623429.12,1286906.75,758.59,757.00,758.59,0.61,0.33,0.25,1
623521.38,1286906.75,760.60,759.00,760.60,0.61,0.33,0.25,1
623613.69,1286906.75,761.61,760.00,761.61,0.61,0.33,0.25,1
623705.94,1286906.75,761.62,760.00,761.62,0.61,0.33,0.25,1
623798.19,1286906.75,771.62,770.00,771.62,0.61,0.33,0.25,1
623890.50,1286906.75,782.62,781.00,782.62,0.61,0.33,0.25,1
623982.75,1286906.75,786.63,785.00,786.63,0.60,0.33,0.25,1
624075.06,1286906.75,789.63,788.00,789.63,0.60,0.32,0.24,1
624167.31,1286906.75,794.63,793.00,794.63,0.60,0.32,0.24,1
624259.62,1286906.75,795.63,794.00,795.63,0.61,0.33,0.25,1
624351.88,1286906.75,788.63,787.00,788.63,0.61,0.33,0.25,1
624444.19,1286906.75,781.62,780.00,781.62,0.61,0.33,0.25,1
624536.44,1286906.75,785.60,784.00,785.60,0.61,0.33,0.25,1
624628.69,1286906.75,779.58,778.00,779.58,0.61,0.34,0.26,1
624721.00,1286906.75,772.53,771.00,772.53,0.61,0.34,0.26,1
624813.25,1286906.75,780.47,779.00,780.47,0.61,0.34,0.26,1
624905.56,1286906.75,786.40,785.00,786.40,0.63,0.36,0.28,1
624997.81,1286906.75,785.31,784.00,785.31,0.64,0.37,0.29,1
625090.12,1286906.75,782.22,781.00,782.22,0.63,0.37,0.29,1
625182.38,1286906.75,782.14,781.00,782.14,0.62,0.36,0.29,1
625274.69,1286906.75,779.09,778.00,779.09,0.62,0.36,0.29,1
625366.94,1286906.75,777.49,776.42,777.49,0.58,0.32,0.25,1
625459.19,1286906.75,-9999.00,-9999.00,-9999.00,0.71,0.71,0.71,0
614385.88,1286814.50,-9999.00,-9999.00,-9999.00,0.71,0.71,0.71,0
614478.12,1286814.50,763.00,762.00,763.00,0.30,0.05,-0.03,1
614570.44,1286814.50,767.77,767.00,767.77,0.64,0.40,0.33,1
614662.69,1286814.50,768.79,768.00,768.79,0.65,0.40,0.34,1
614755.00,1286814.50,758.88,758.00,758.88,0.64,0.40,0.33,1
614847.25,1286814.50,750.97,750.00,750.97,0.64,0.39,0.31,1
614939.56,1286814.50,742.06,741.00,742.06,0.64,0.38,0.31,1
615031.81,1286814.50,738.16,737.00,738.16,0.63,0.37,0.30,1
615124.12,1286814.50,741.26,740.00,741.26,0.63,0.36,0.29,1
615216.38,1286814.50,743.37,742.00,743.37,0.63,0.36,0.28,1
615308.62,1286814.50,741.47,740.00,741.47,0.63,0.36,0.28,1
615400.94,1286814.50,738.54,737.00,738.54,0.63,0.35,0.28,1
615493.19,1286814.50,737.59,736.00,737.59,0.62,0.35,0.27,1
615585.50,1286814.50,735.63,734.00,735.63,0.62,0.34,0.26,1
615677.75,1286814.50,735.65,734.00,735.65,0.62,0.34,0.26,1
615770.06,1286814.50,733.66,732.00,733.66,0.62,0.34,0.26,1
615862.31,1286814.50,731.66,730.00,731.66,0.62,0.34,0.26,1
615954.62,1286814.50,733.66,732.00,733.66,0.61,0.33,0.25,1
616046.88,1286814.50,748.66,747.00,748.66,0.60,0.32,0.24,1
616139.12,1286814.50,764.65,763.00,764.65,0.61,0.33,0.25,1
616231.44,1286814.50,767.64,766.00,767.64,0.62,0.34,0.26,1
616323.69,1286814.50,762.64,761.00,762.64,0.62,0.34,0.26,1
616416.00,1286814.50,754.64,753.00,754.64,0.62,0.34,0.26,1
616508.25,1286814.50,746.64,745.00,746.64,0.62,0.34,0.26,1
616600.56,1286814.50,756.63,755.00,756.63,0.61,0.33,0.25,1
616692.81,1286814.50,759.63,758.00,759.63,0.62,0.34,0.26,1
616785.12,1286814.50,753.64,752.00,753.64,0.61,0.33,0.25,1
616877.38,1286814.50,759.64,758.00,759.64,0.62,0.34,0.26,1
616969.62,1286814.50,743.66,742.00,743.66,0.63,0.35,0.26,1
617061.94,1286814.50,747.67,746.00,747.67,0.62,0.33,0.25,1
617154.19,1286814.50,756.67,755.00,756.67,0.62,0.34,0.26,1
617246.50,1286814.50,761.68,760.00,761.68,0.63,0.34,0.26,1
617338.75,1286814.50,759.68,758.00,759.68,0.63,0.35,0.27,1
617431.06,1286814.50,760.68,759.00,760.68,0.62,0.34,0.26,1
617523.31,1286814.50,769.68,768.00,769.68,0.61,0.33,0.25,1
617615.62,1286814.50,775.67,774.00,775.67,0.61,0.33,0.25,1
617707.88,1286814.50,776.67,775.00,776.67,0.62,0.34,0.26,1
617800.12,1286814.50,773.66,772.00,773.66,0.62,0.34,0.26,1
617892.44,1286814.50,770.64,769.00,770.64,0.62,0.34,0.26,1
617984.69,1286814.50,770.63,769.00,770.63,0.62,0.34,0.26,1
618077.00,1286814.50,776.61,775.00,776.61,0.62,0.34,0.26,1
618169.25,1286814.50,783.60,782.00,783.60,0.62,0.34,0.26,1
618261.56,1286814.50,792.60,791.00,792.60,0.62,0.34,0.26,1
618353.81,1286814.50,789.60,788.00,789.60,0.62,0.34,0.27,1
618446.12,1286814.50,780.60,779.00,780.60,0.62,0.35,0.27,1
618538.38,1286814.50,772.60,771.00,772.60,0.62,0.35,0.27,1
618630.62,1286814.50,765.61,764.00,765.61,0.63,0.35,0.27,1
618722.94,1286814.50,757.62,756.00,757.62,0.63,0.35,0.27,1
618815.19,1286814.50,753.62,752.00,753.62,0.62,0.35,0.27,1
618907.50,1286814.50,751.62,750.00,751.62,0.62,0.34,0.26,1
618999.75,1286814.50,752.62,751.00,752.62,0.62,0.34,0.26,1
619092.06,1286814.50,755.61,754.00,755.61,0.62,0.34,0.26,1
619184.31,1286814.50,761.60,760.00,761.60,0.62,0.34,0.26,1
619276.62,1286814.50,768.56,767.00,768.56,0.62,0.35,0.27,1
619368.88,1286814.50,774.51,773.00,774.51,0.62,0.34,0.26,1
619461.19,1286814.50,789.45,788.00,789.45,0.61,0.34,0.26,1
619553.44,1286814.50,804.39,803.00,804.39,0.61,0.34,0.26,1
619645.69,1286814.50,805.35,804.00,805.35,0.61,0.34,0.26,1
619738.00,1286814.50,797.34,796.00,797.34,0.60,0.33,0.25,1
619830.25,1286814.50,789.33,788.00,789.33,0.60,0.33,0.26,1
619922.56,1286814.50,778.33,777.00,778.33,0.61,0.35,0.27,1
620014.81,1286814.50,764.34,763.00,764.34,0.63,0.36,0.28,1
620107.12,1286814.50,754.35,753.00,754.35,0.63,0.36,0.28,1
620199.38,1286814.50,750.38,749.00,750.38,0.63,0.36,0.28,1
620291.69,1286814.50,748.42,747.00,748.42,0.62,0.35,0.27,1
620383.94,1286814.50,749.46,748.00,749.46,0.62,0.35,0.27,1
620476.19,1286814.50,752.48,751.00,752.48,0.62,0.35,0.27,1
620568.50,1286814.50,752.49,751.00,752.49,0.63,0.35,0.27,1
620660.75,1286814.50,752.49,751.00,752.49,0.63,0.35,0.27,1
620753.06,1286814.50,753.49,752.00,753.49,0.63,0.36,0.28,1
620845.31,1286814.50,753.49,752.00,753.49,0.63,0.35,0.27,1
620937.62,1286814.50,755.49,754.00,755.49,0.62,0.35,0.27,1
621029.88,1286814.50,755.48,754.00,755.48,0.63,0.35,0.27,1
621122.19,1286814.50,752.48,751.00,752.48,0.63,0.35,0.27,1
621214.44,1286814.50,750.48,749.00,750.48,0.63,0.35,0.27,1
621306.69,1286814.50,751.48,750.00,751.48,0.63,0.35,0.28,1
621399.00,1286814.50,753.49,752.00,753.49,0.63,0.36,0.28,1
621491.25,1286814.50,750.49,749.00,750.49,0.63,0.36,0.28,1
621583.56,1286814.50,743.50,742.00,743.50,0.63,0.35,0.28,1
621675.81,1286814.50,742.51,741.00,742.51,0.62,0.35,0.27,1
621768.12,1286814.50,745.52,744.00,745.52,0.62,0.35,0.27,1
621860.38,1286814.50,743.53,742.00,743.53,0.63,0.35,0.27,1
621952.69,1286814.50,742.53,741.00,742.53,0.63,0.35,0.27,1
622044.94,1286814.50,744.53,743.00,744.53,0.63,0.35,0.27,1
622137.19,1286814.50,742.53,741.00,742.53,0.63,0.36,0.28,1
622229.50,1286814.50,738.53,737.00,738.53,0.63,0.35,0.27,1
622321.75,1286814.50,739.52,738.00,739.52,0.62,0.35,0.27,1
622414.06,1286814.50,739.52,738.00,739.52,0.62,0.35,0.27,1
622506.31,1286814.50,740.52,739.00,740.52,0.61,0.34,0.26,1
622598.62,1286814.50,742.52,741.00,742.52,0.61,0.34,0.26,1
622690.88,1286814.50,742.52,741.00,742.52,0.62,0.34,0.26,1
622783.19,1286814.50,742.52,741.00,742.52,0.62,0.34,0.26,1
622875.44,1286814.50,743.53,742.00,743.53,0.62,0.34,0.26,1
622967.69,1286814.50,750.54,749.00,750.54,0.62,0.34,0.26,1
623060.00,1286814.50,756.56,755.00,756.56,0.61,0.34,0.26,1
623152.25,1286814.50,760.58,759.00,760.58,0.62,0.34,0.26,1
623244.56,1286814.50,762.59,761.00,762.59,0.62,0.34,0.26,1
623336.81,1286814.50,757.60,756.00,757.60,0.62,0.34,0.26,1
623429.12,1286814.50,750.60,749.00,750.60,0.62,0.34,0.26,1
623521.38,1286814.50,753.61,752.00,753.61,0.62,0.34,0.26,1
623613.69,1286814.50,755.61,754.00,755.61,0.62,0.34,0.26,1
623705.94,1286814.50,757.61,756.00,757.61,0.61,0.33,0.25,1
623798.19,1286814.50,770.62,769.00,770.62,0.60,0.33,0.25,1
623890.50,1286814.50,777.62,776.00,777.62,0.61,0.33,0.25,1
623982.75,1286814.50,776.63,775.00,776.63,0.61,0.33,0.25,1
624075.06,1286814.50,773.63,772.00,773.63,0.60,0.32,0.24,1
624167.31,1286814.50,778.63,777.00,778.63,0.60,0.32,0.24,1
624259.62,1286814.50,781.63,780.00,781.63,0.61,0.33,0.25,1
624351.88,1286814.50,777.63,776.00,777.63,0.61,0.33,0.25,1
624444.19,1286814.50,774.62,773.00,774.62,0.61,0.33,0.25,1
624536.44,1286814.50,777.61,776.00,777.61,0.61,0.33,0.25,1
624628.69,1286814.50,770.58,769.00,770.58,0.61,0.34,0.26,1
624721.00,1286814.50,769.54,768.00,769.54,0.61,0.33,0.26,1
624813.25,1286814.50,781.48,780.00,781.48,0.60,0.33,0.25,1
624905.56,1286814.50,797.41,796.00,797.41,0.62,0.34,0.27,1
624997.81,1286814.50,796.33,795.00,796.33,0.64,0.37,0.29,1
625090.12,1286814.50,787.26,786.00,787.26,0.64,0.38,0.30,1
625182.38,1286814.50,780.20,779.00,780.20,0.64,0.38,0.30,1
625274.69,1286814.50,775.16,774.00,775.16,0.64,0.38,0.30,1
625366.94,1286814.50,773.22,772.13,773.22,0.58,0.32,0.24,1
625459.19,1286814.50,-9999.00,-9999.00,-9999.00,0.71,0.71,0.71,0
614385.88,1286722.25,-9999.00,-9999.00,-9999.00,0.71,0.71,0.71,0
614478.12,1286722.25,775.02,774.00,775.02,0.30,0.05,-0.02,1
614570.44,1286722.25,768.84,768.00,768.84,0.63,0.39,0.32,1
614662.69,1286722.25,765.82,765.00,765.82,0.63,0.39,0.32,1
614755.00,1286722.25,754.89,754.00,754.89,0.64,0.39,0.32,1
614847.25,1286722.25,743.98,743.00,743.98,0.63,0.38,0.31,1
614939.56,1286722.25,743.09,742.00,743.09,0.63,0.38,0.30,1
615031.81,1286722.25,745.19,744.00,745.19,0.63,0.37,0.30,1
615124.12,1286722.25,747.30,746.00,747.30,0.63,0.36,0.28,1
615216.38,1286722.25,752.41,751.00,752.41,0.63,0.36,0.28,1
615308.62,1286722.25,751.49,750.00,751.49,0.64,0.36,0.28,1
615400.94,1286722.25,746.56,745.00,746.56,0.64,0.36,0.28,1
615493.19,1286722.25,738.60,737.00,738.60,0.63,0.35,0.27,1
615585.50,1286722.25,733.63,732.00,733.63,0.62,0.34,0.26,1
615677.75,1286722.25,735.65,734.00,735.65,0.62,0.34,0.26,1
615770.06,1286722.25,735.66,734.00,735.66,0.62,0.34,0.26,1
615862.31,1286722.25,734.66,733.00,734.66,0.62,0.34,0.26,1
615954.62,1286722.25,736.66,735.00,736.66,0.62,0.34,0.26,1
616046.88,1286722.25,745.66,744.00,745.66,0.61,0.32,0.24,1
616139.12,1286722.25,758.65,757.00,758.65,0.61,0.33,0.25,1
616231.44,1286722.25,760.64,759.00,760.64,0.62,0.34,0.26,1
616323.69,1286722.25,750.63,749.00,750.63,0.62,0.34,0.26,1
616416.00,1286722.25,744.63,743.00,744.63,0.61,0.33,0.25,1
616508.25,1286722.25,745.63,744.00,745.63,0.61,0.33,0.25,1
616600.56,1286722.25,757.63,756.00,757.63,0.61,0.33,0.25,1
616692.81,1286722.25,757.62,756.00,757.62,0.62,0.34,0.26,1
616785.12,1286722.25,746.63,745.00,746.63,0.62,0.34,0.26,1
616877.38,1286722.25,748.64,747.00,748.64,0.61,0.33,0.25,1
616969.62,1286722.25,743.65,742.00,743.65,0.62,0.34,0.26,1
617061.94,1286722.25,753.66,752.00,753.66,0.61,0.33,0.25,1
617154.19,1286722.25,766.67,765.00,766.67,0.62,0.34,0.25,1
617246.50,1286722.25,766.67,765.00,766.67,0.62,0.34,0.26,1
617338.75,1286722.25,764.67,763.00,764.67,0.62,0.34,0.26,1
617431.06,1286722.25,764.67,763.00,764.67,0.62,0.34,0.26,1
617523.31,1286722.25,769.67,768.00,769.67,0.62,0.34,0.26,1
617615.62,1286722.25,771.67,770.00,771.67,0.62,0.33,0.25,1
617707.88,1286722.25,772.67,771.00,772.67,0.62,0.34,0.26,1
617800.12,1286722.25,767.66,766.00,767.66,0.62,0.34,0.26,1
617892.44,1286722.25,765.64,764.00,765.64,0.62,0.34,0.26,1
617984.69,1286722.25,771.63,770.00,771.63,0.62,0.34,0.26,1
618077.00,1286722.25,782.62,781.00,782.62,0.62,0.34,0.26,1
618169.25,1286722.25,787.61,786.00,787.61,0.62,0.34,0.26,1
618261.56,1286722.25,791.60,790.00,791.60,0.62,0.34,0.26,1
618353.81,1286722.25,786.60,785.00,786.60,0.63,0.35,0.27,1
618446.12,1286722.25,775.60,774.00,775.60,0.63,0.35,0.27,1
618538.38,1286722.25,769.60,768.00,769.60,0.62,0.35,0.27,1
618630.62,1286722.25,763.61,762.00,763.61,0.63,0.35,0.27,1
618722.94,1286722.25,758.61,757.00,758.61,0.63,0.35,0.27,1
618815.19,1286722.25,755.62,754.00,755.62,0.63,0.35,0.27,1
618907.50,1286722.25,754.62,753.00,754.62,0.63,0.35,0.27,1
618999.75,1286722.25,755.62,754.00,755.62,0.62,0.35,0.27,1
619092.06,1286722.25,759.61,758.00,759.61,0.62,0.34,0.26,1
619184.31,1286722.25,766.59,765.00,766.59,0.62,0.34,0.26,1
619276.62,1286722.25,777.56,776.00,777.56,0.62,0.34,0.26,1
619368.88,1286722.25,783.51,782.00,783.51,0.63,0.35,0.27,1
619461.19,1286722.25,786.44,785.00,786.44,0.62,0.35,0.27,1
619553.44,1286722.25,787.39,786.00,787.39,0.61,0.33,0.26,1
619645.69,1286722.25,781.35,780.00,781.35,0.60,0.33,0.26,1
619738.00,1286722.25,772.34,771.00,772.34,0.61,0.34,0.26,1
619830.25,1286722.25,767.34,766.00,767.34,0.61,0.34,0.26,1
619922.56,1286722.25,761.34,760.00,761.34,0.62,0.35,0.27,1
620014.81,1286722.25,755.34,754.00,755.34,0.63,0.36,0.28,1
620107.12,1286722.25,752.36,751.00,752.36,0.63,0.36,0.28,1
620199.38,1286722.25,750.40,749.00,750.40,0.63,0.36,0.28,1
620291.69,1286722.25,749.44,748.00,749.44,0.63,0.35,0.27,1
620383.94,1286722.25,751.47,750.00,751.47,0.62,0.35,0.27,1
620476.19,1286722.25,754.49,753.00,754.49,0.62,0.35,0.27,1
620568.50,1286722.25,754.50,753.00,754.50,0.62,0.35,0.27,1
620660.75,1286722.25,757.51,756.00,757.51,0.62,0.35,0.27,1
620753.06,1286722.25,761.51,760.00,761.51,0.63,0.35,0.27,1
620845.31,1286722.25,759.51,758.00,759.51,0.63,0.35,0.28,1
620937.62,1286722.25,755.50,754.00,755.50,0.63,0.35,0.27,1
621029.88,1286722.25,751.49,750.00,751.49,0.62,0.35,0.27,1
621122.19,1286722.25,749.49,748.00,749.49,0.62,0.34,0.27,1
621214.44,1286722.25,752.49,751.00,752.49,0.62,0.34,0.27,1
621306.69,1286722.25,758.49,757.00,758.49,0.62,0.35,0.27,1
621399.00,1286722.25,759.49,758.00,759.49,0.63,0.35,0.28,1
621491.25,1286722.25,753.50,752.00,753.50,0.63,0.36,0.28,1
621583.56,1286722.25,745.51,744.00,745.51,0.63,0.35,0.28,1
621675.81,1286722.25,744.52,743.00,744.52,0.62,0.35,0.27,1
621768.12,1286722.25,747.53,746.00,747.53,0.62,0.35,0.27,1
621860.38,1286722.25,745.53,744.00,745.53,0.62,0.35,0.27,1
621952.69,1286722.25,746.53,745.00,746.53,0.62,0.35,0.27,1
622044.94,1286722.25,749.53,748.00,749.53,0.63,0.35,0.27,1
622137.19,1286722.25,748.53,747.00,748.53,0.63,0.36,0.28,1
622229.50,1286722.25,743.53,742.00,743.53,0.63,0.36,0.28,1
622321.75,1286722.25,740.52,739.00,740.52,0.63,0.35,0.27,1
622414.06,1286722.25,738.52,737.00,738.52,0.62,0.35,0.27,1
622506.31,1286722.25,737.52,736.00,737.52,0.62,0.34,0.26,1
622598.62,1286722.25,740.52,739.00,740.52,0.62,0.34,0.26,1
622690.88,1286722.25,742.52,741.00,742.52,0.62,0.34,0.26,1
622783.19,1286722.25,743.52,742.00,743.52,0.62,0.34,0.27,1
622875.44,1286722.25,745.53,744.00,745.53,0.62,0.34,0.26,1
622967.69,1286722.25,747.55,746.00,747.55,0.61,0.34,0.26,1
623060.00,1286722.25,750.57,749.00,750.57,0.61,0.33,0.25,1
623152.25,1286722.25,753.59,752.00,753.59,0.61,0.33,0.25,1
623244.56,1286722.25,754.60,753.00,754.60,0.61,0.33,0.25,1
623336.81,1286722.25,750.61,749.00,750.61,0.62,0.34,0.26,1
623429.12,1286722.25,747.61,746.00,747.61,0.62,0.34,0.26,1
623521.38,1286722.25,754.61,753.00,754.61,0.61,0.33,0.25,1
623613.69,1286722.25,760.61,759.00,760.61,0.62,0.34,0.26,1
623705.94,1286722.25,757.61,756.00,757.61,0.62,0.34,0.26,1
623798.19,1286722.25,763.62,762.00,763.62,0.61,0.33,0.25,1
623890.50,1286722.25,769.62,768.00,769.62,0.61,0.33,0.25,1
623982.75,1286722.25,763.63,762.00,763.63,0.61,0.34,0.26,1
624075.06,1286722.25,758.63,757.00,758.63,0.61,0.33,0.25,1
624167.31,1286722.25,767.63,766.00,767.63,0.61,0.33,0.25,1
624259.62,1286722.25,771.63,770.00,771.63,0.61,0.33,0.25,1
624351.88,1286722.25,768.63,767.00,768.63,0.61,0.34,0.26,1
624444.19,1286722.25,768.63,767.00,768.63,0.61,0.33,0.25,1
624536.44,1286722.25,767.61,766.00,767.61,0.61,0.33,0.25,1
624628.69,1286722.25,760.59,759.00,760.59,0.61,0.34,0.26,1
624721.00,1286722.25,764.55,763.00,764.55,0.61,0.33,0.25,1
624813.25,1286722.25,776.50,775.00,776.50,0.60,0.33,0.25,1
624905.56,1286722.25,789.43,788.00,789.43,0.60,0.33,0.25,1
624997.81,1286722.25,794.35,793.00,794.35,0.62,0.35,0.27,1
625090.12,1286722.25,796.29,795.00,796.29,0.64,0.37,0.29,1
625182.38,1286722.25,795.25,794.00,795.25,0.65,0.38,0.31,1
625274.69,1286722.25,787.22,786.00,787.22,0.65,0.39,0.31,1
625366.94,1286722.25,775.91,774.81,775.91,0.58,0.32,0.24,1
625459.19,1286722.25,-9999.00,-9999.00,-9999.00,0.71,0.71,0.71,0
614385.88,1286629.88,-9999.00,-9999.00,-9999.00,0.71,0.71,0.71,0
614478.12,1286629.88,771.05,770.00,771.05,0.31,0.05,-0.02,1
614570.44,1286629.88,758.98,758.00,758.98,0.64,0.38,0.31,1
614662.69,1286629.88,753.91,753.00,753.91,0.64,0.39,0.31,1
614755.00,1286629.88,750.95,750.00,750.95,0.64,0.39,0.32,1
614847.25,1286629.88,747.03,746.00,747.03,0.64,0.39,0.31,1
614939.56,1286629.88,753.13,752.00,753.13,0.64,0.38,0.30,1
615031.81,1286629.88,753.25,752.00,753.25,0.63,0.37,0.29,1
615124.12,1286629.88,755.36,754.00,755.36,0.63,0.36,0.28,1
615216.38,1286629.88,760.45,759.00,760.45,0.63,0.35,0.28,1
615308.62,1286629.88,758.53,757.00,758.53,0.63,0.35,0.28,1
615400.94,1286629.88,750.58,749.00,750.58,0.63,0.35,0.27,1
615493.19,1286629.88,738.62,737.00,738.62,0.63,0.35,0.27,1
615585.50,1286629.88,733.64,732.00,733.64,0.62,0.34,0.26,1
615677.75,1286629.88,736.65,735.00,736.65,0.62,0.34,0.26,1
615770.06,1286629.88,736.66,735.00,736.66,0.62,0.34,0.26,1
615862.31,1286629.88,735.66,734.00,735.66,0.62,0.34,0.26,1
615954.62,1286629.88,737.66,736.00,737.66,0.62,0.34,0.26,1
616046.88,1286629.88,743.66,742.00,743.66,0.60,0.32,0.24,1
616139.12,1286629.88,760.65,759.00,760.65,0.61,0.33,0.25,1
616231.44,1286629.88,759.64,758.00,759.64,0.62,0.34,0.26,1
616323.69,1286629.88,742.63,741.00,742.63,0.63,0.35,0.27,1
616416.00,1286629.88,736.62,735.00,736.62,0.62,0.34,0.26,1
616508.25,1286629.88,741.62,740.00,741.62,0.61,0.33,0.25,1
616600.56,1286629.88,752.62,751.00,752.62,0.61,0.33,0.25,1
616692.81,1286629.88,751.61,750.00,751.61,0.62,0.34,0.26,1
616785.12,1286629.88,741.62,740.00,741.62,0.62,0.34,0.26,1
616877.38,1286629.88,739.63,738.00,739.63,0.61,0.33,0.25,1
616969.62,1286629.88,745.64,744.00,745.64,0.61,0.33,0.25,1
617061.94,1286629.88,755.65,754.00,755.65,0.61,0.33,0.25,1
617154.19,1286629.88,762.66,761.00,762.66,0.61,0.33,0.25,1
617246.50,1286629.88,760.67,759.00,760.67,0.61,0.33,0.25,1
617338.75,1286629.88,760.67,759.00,760.67,0.61,0.33,0.25,1
617431.06,1286629.88,765.67,764.00,765.67,0.61,0.33,0.25,1
617523.31,1286629.88,769.67,768.00,769.67,0.62,0.33,0.25,1
617615.62,1286629.88,768.66,767.00,768.66,0.62,0.34,0.26,1
617707.88,1286629.88,767.66,766.00,767.66,0.62,0.34,0.26,1
617800.12,1286629.88,764.65,763.00,764.65,0.62,0.34,0.26,1
617892.44,1286629.88,767.64,766.00,767.64,0.62,0.34,0.26,1
617984.69,1286629.88,781.63,780.00,781.63,0.62,0.34,0.26,1
618077.00,1286629.88,792.62,791.00,792.62,0.62,0.34,0.26,1
618169.25,1286629.88,792.61,791.00,792.61,0.63,0.35,0.27,1
618261.56,1286629.88,791.60,790.00,791.60,0.63,0.35,0.27,1
618353.81,1286629.88,787.60,786.00,787.60,0.63,0.35,0.27,1
618446.12,1286629.88,778.60,777.00,778.60,0.64,0.36,0.28,1
618538.38,1286629.88,767.60,766.00,767.60,0.63,0.35,0.27,1
618630.62,1286629.88,762.60,761.00,762.60,0.63,0.35,0.27,1
618722.94,1286629.88,759.61,758.00,759.61,0.62,0.35,0.27,1
618815.19,1286629.88,757.61,756.00,757.61,0.62,0.34,0.27,1
618907.50,1286629.88,758.61,757.00,758.61,0.62,0.34,0.26,1
618999.75,1286629.88,764.61,763.00,764.61,0.63,0.35,0.27,1
619092.06,1286629.88,769.60,768.00,769.60,0.63,0.35,0.27,1
619184.31,1286629.88,771.58,770.00,771.58,0.63,0.35,0.27,1
619276.62,1286629.88,779.55,778.00,779.55,0.62,0.34,0.26,1
619368.88,1286629.88,790.51,789.00,790.51,0.62,0.35,0.27,1
619461.19,1286629.88,785.44,784.00,785.44,0.63,0.36,0.28,1
619553.44,1286629.88,772.39,771.00,772.39,0.62,0.35,0.28,1
619645.69,1286629.88,765.37,764.00,765.37,0.62,0.35,0.27,1
619738.00,1286629.88,760.36,759.00,760.36,0.62,0.35,0.27,1
619830.25,1286629.88,757.35,756.00,757.35,0.62,0.35,0.27,1
619922.56,1286629.88,756.35,755.00,756.35,0.62,0.35,0.28,1
620014.81,1286629.88,757.36,756.00,757.36,0.63,0.36,0.28,1
620107.12,1286629.88,756.38,755.00,756.38,0.63,0.36,0.28,1
620199.38,1286629.88,752.42,751.00,752.42,0.63,0.36,0.28,1
620291.69,1286629.88,752.47,751.00,752.47,0.63,0.35,0.27,1
620383.94,1286629.88,753.50,752.00,753.50,0.62,0.35,0.27,1
620476.19,1286629.88,753.52,752.00,753.52,0.62,0.35,0.27,1
620568.50,1286629.88,755.53,754.00,755.53,0.62,0.34,0.26,1
620660.75,1286629.88,759.53,758.00,759.53,0.62,0.34,0.26,1
620753.06,1286629.88,763.53,762.00,763.53,0.62,0.35,0.27,1
620845.31,1286629.88,761.53,760.00,761.53,0.63,0.35,0.27,1
620937.62,1286629.88,755.52,754.00,755.52,0.63,0.35,0.27,1
621029.88,1286629.88,749.51,748.00,749.51,0.63,0.35,0.27,1
621122.19,1286629.88,748.50,747.00,748.50,0.62,0.35,0.27,1
621214.44,1286629.88,752.50,751.00,752.50,0.62,0.34,0.26,1
621306.69,1286629.88,759.50,758.00,759.50,0.62,0.34,0.26,1
621399.00,1286629.88,758.50,757.00,758.50,0.63,0.35,0.27,1
621491.25,1286629.88,751.50,750.00,751.50,0.63,0.35,0.28,1
621583.56,1286629.88,746.51,745.00,746.51,0.63,0.35,0.27,1
621675.81,1286629.88,747.52,746.00,747.52,0.62,0.35,0.27,1
621768.12,1286629.88,749.53,748.00,749.53,0.62,0.35,0.27,1
621860.38,1286629.88,746.53,745.00,746.53,0.62,0.35,0.27,1
621952.69,1286629.88,748.54,747.00,748.54,0.62,0.34,0.26,1
622044.94,1286629.88,753.54,752.00,753.54,0.62,0.35,0.27,1
622137.19,1286629.88,753.53,752.00,753.53,0.63,0.35,0.27,1
622229.50,1286629.88,747.53,746.00,747.53,0.63,0.35,0.28,1
622321.75,1286629.88,741.53,740.00,741.53,0.63,0.35,0.27,1
622414.06,1286629.88,737.52,736.00,737.52,0.63,0.35,0.27,1
622506.31,1286629.88,737.52,736.00,737.52,0.63,0.35,0.27,1
622598.62,1286629.88,739.52,738.00,739.52,0.62,0.35,0.27,1
622690.88,1286629.88,740.52,739.00,740.52,0.62,0.34,0.27,1
622783.19,1286629.88,741.52,740.00,741.52,0.62,0.34,0.27,1
622875.44,1286629.88,741.53,740.00,741.53,0.62,0.34,0.26,1
622967.69,1286629.88,740.55,739.00,740.55,0.62,0.34,0.26,1
623060.00,1286629.88,740.57,739.00,740.57,0.62,0.34,0.26,1
623152.25,1286629.88,741.59,740.00,741.59,0.61,0.33,0.25,1
623244.56,1286629.88,743.61,742.00,743.61,0.61,0.33,0.25,1
623336.81,1286629.88,742.61,741.00,742.61,0.62,0.34,0.26,1
623429.12,1286629.88,743.61,742.00,743.61,0.61,0.34,0.26,1
623521.38,1286629.88,750.61,749.00,750.61,0.61,0.33,0.25,1
623613.69,1286629.88,760.61,759.00,760.61,0.61,0.34,0.26,1
623705.94,1286629.88,756.62,755.00,756.62,0.62,0.34,0.26,1
623798.19,1286629.88,759.62,758.00,759.62,0.61,0.33,0.25,1
623890.50,1286629.88,763.62,762.00,763.62,0.62,0.34,0.26,1
623982.75,1286629.88,756.63,755.00,756.63,0.62,0.34,0.26,1
624075.06,1286629.88,756.63,755.00,756.63,0.61,0.33,0.25,1
624167.31,1286629.88,767.63,766.00,767.63,0.61,0.33,0.25,1
624259.62,1286629.88,770.64,769.00,770.64,0.61,0.34,0.26,1
624351.88,1286629.88,763.64,762.00,763.64,0.62,0.34,0.26,1
624444.19,1286629.88,759.63,758.00,759.63,0.61,0.34,0.26,1
624536.44,1286629.88,757.62,756.00,757.62,0.61,0.33,0.25,1
624628.69,1286629.88,755.60,754.00,755.60,0.62,0.34,0.26,1
624721.00,1286629.88,763.57,762.00,763.57,0.61,0.34,0.26,1
624813.25,1286629.88,771.52,770.00,771.52,0.61,0.33,0.25,1
624905.56,1286629.88,782.46,781.00,782.46,0.60,0.33,0.25,1
624997.81,1286629.88,796.38,795.00,796.38,0.61,0.34,0.26,1
625090.12,1286629.88,809.31,808.00,809.31,0.62,0.36,0.28,1
625182.38,1286629.88,815.27,814.00,815.27,0.65,0.38,0.30,1
625274.69,1286629.88,801.25,800.00,801.25,0.66,0.39,0.31,1
625366.94,1286629.88,785.55,784.47,785.55,0.58,0.32,0.25,1
625459.19,1286629.88,-9999.00,-9999.00,-9999.00,0.71,0.71,0.71,0
614385.88,1286537.62,-9999.00,-9999.00,-9999.00,0.71,0.71,0.71,0
614478.12,1286537.62,758.09,757.00,758.09,0.32,0.06,-0.02,1
614570.44,1286537.62,762.12,761.00,762.12,0.64,0.38,0.30,1
614662.69,1286537.62,764.06,763.00,764.06,0.64,0.39,0.31,1
614755.00,1286537.62,768.07,767.00,768.07,0.65,0.39,0.32,1
614847.25,1286537.62,767.11,766.00,767.11,0.65,0.39,0.31,1
614939.56,1286537.62,766.20,765.00,766.20,0.64,0.38,0.30,1
615031.81,1286537.62,761.32,760.00,761.32,0.63,0.36,0.29,1
615124.12,1286537.62,759.43,758.00,759.43,0.62,0.35,0.27,1
615216.38,1286537.62,761.51,760.00,761.51,0.62,0.34,0.26,1
615308.62,1286537.62,756.57,755.00,756.57,0.62,0.35,0.27,1
615400.94,1286537.62,745.61,744.00,745.61,0.62,0.35,0.27,1
615493.19,1286537.62,736.64,735.00,736.64,0.63,0.35,0.27,1
615585.50,1286537.62,733.65,732.00,733.65,0.62,0.34,0.26,1
615677.75,1286537.62,735.66,734.00,735.66,0.62,0.34,0.26,1
615770.06,1286537.62,735.66,734.00,735.66,0.62,0.34,0.26,1
615862.31,1286537.62,736.66,735.00,736.66,0.62,0.34,0.26,1
615954.62,1286537.62,736.66,735.00,736.66,0.62,0.34,0.26,1
616046.88,1286537.62,739.66,738.00,739.66,0.61,0.33,0.25,1
616139.12,1286537.62,749.65,748.00,749.65,0.60,0.32,0.24,1
616231.44,1286537.62,749.64,748.00,749.64,0.61,0.33,0.25,1
616323.69,1286537.62,737.62,736.00,737.62,0.62,0.34,0.27,1
616416.00,1286537.62,734.61,733.00,734.61,0.62,0.34,0.26,1
616508.25,1286537.62,736.61,735.00,736.61,0.62,0.34,0.26,1
616600.56,1286537.62,740.61,739.00,740.61,0.61,0.34,0.26,1
616692.81,1286537.62,741.61,740.00,741.61,0.62,0.34,0.26,1
616785.12,1286537.62,739.61,738.00,739.61,0.62,0.34,0.26,1
616877.38,1286537.62,740.62,739.00,740.62,0.62,0.34,0.26,1
616969.62,1286537.62,748.63,747.00,748.63,0.62,0.34,0.26,1
617061.94,1286537.62,752.64,751.00,752.64,0.62,0.34,0.26,1
617154.19,1286537.62,754.65,753.00,754.65,0.61,0.33,0.25,1
617246.50,1286537.62,752.66,751.00,752.66,0.61,0.33,0.25,1
617338.75,1286537.62,751.66,750.00,751.66,0.61,0.33,0.25,1
617431.06,1286537.62,760.66,759.00,760.66,0.61,0.33,0.25,1
617523.31,1286537.62,762.65,761.00,762.65,0.61,0.33,0.25,1
617615.62,1286537.62,763.65,762.00,763.65,0.62,0.34,0.26,1
617707.88,1286537.62,762.65,761.00,762.65,0.62,0.34,0.26,1
617800.12,1286537.62,763.65,762.00,763.65,0.61,0.33,0.25,1
617892.44,1286537.62,775.64,774.00,775.64,0.61,0.33,0.25,1
617984.69,1286537.62,789.63,788.00,789.63,0.61,0.33,0.25,1
618077.00,1286537.62,798.62,797.00,798.62,0.62,0.34,0.26,1
618169.25,1286537.62,800.61,799.00,800.61,0.63,0.35,0.27,1
618261.56,1286537.62,797.60,796.00,797.60,0.63,0.35,0.27,1
618353.81,1286537.62,791.60,790.00,791.60,0.63,0.35,0.27,1
618446.12,1286537.62,785.59,784.00,785.59,0.64,0.36,0.28,1
618538.38,1286537.62,773.59,772.00,773.59,0.64,0.36,0.28,1
618630.62,1286537.62,763.59,762.00,763.59,0.63,0.35,0.27,1
618722.94,1286537.62,759.59,758.00,759.59,0.63,0.35,0.27,1
618815.19,1286537.62,758.60,757.00,758.60,0.62,0.34,0.26,1
618907.50,1286537.62,765.60,764.00,765.60,0.62,0.34,0.26,1
618999.75,1286537.62,779.59,778.00,779.59,0.62,0.34,0.26,1
619092.06,1286537.62,786.59,785.00,786.59,0.63,0.36,0.28,1
619184.31,1286537.62,784.57,783.00,784.57,0.64,0.36,0.28,1
619276.62,1286537.62,786.55,785.00,786.55,0.63,0.36,0.28,1
619368.88,1286537.62,790.51,789.00,790.51,0.63,0.36,0.28,1
619461.19,1286537.62,782.46,781.00,782.46,0.63,0.36,0.28,1
619553.44,1286537.62,770.42,769.00,770.42,0.63,0.36,0.28,1
619645.69,1286537.62,762.40,761.00,762.40,0.63,0.36,0.28,1
619738.00,1286537.62,759.39,758.00,759.39,0.63,0.36,0.28,1
619830.25,1286537.62,757.39,756.00,757.39,0.63,0.36,0.28,1
619922.56,1286537.62,757.39,756.00,757.39,0.62,0.35,0.28,1
620014.81,1286537.62,759.40,758.00,759.40,0.62,0.35,0.27,1
620107.12,1286537.62,758.43,757.00,758.43,0.63,0.35,0.28,1
620199.38,1286537.62,756.47,755.00,756.47,0.63,0.35,0.28,1
620291.69,1286537.62,756.51,755.00,756.51,0.63,0.35,0.27,1
620383.94,1286537.62,754.54,753.00,754.54,0.63,0.35,0.27,1
620476.19,1286537.62,753.55,752.00,753.55,0.62,0.34,0.27,1
620568.50,1286537.62,756.56,755.00,756.56,0.62,0.34,0.26,1
620660.75,1286537.62,760.56,759.00,760.56,0.62,0.34,0.26,1
620753.06,1286537.62,762.56,761.00,762.56,0.62,0.34,0.26,1
620845.31,1286537.62,759.56,758.00,759.56,0.62,0.35,0.27,1
620937.62,1286537.62,754.55,753.00,754.55,0.63,0.35,0.27,1
621029.88,1286537.62,751.54,750.00,751.54,0.63,0.35,0.27,1
621122.19,1286537.62,751.53,750.00,751.53,0.63,0.35,0.27,1
621214.44,1286537.62,753.52,752.00,753.52,0.62,0.35,0.27,1
621306.69,1286537.62,756.51,755.00,756.51,0.62,0.34,0.26,1
621399.00,1286537.62,757.51,756.00,757.51,0.62,0.35,0.27,1
621491.25,1286537.62,753.51,752.00,753.51,0.63,0.35,0.27,1
621583.56,1286537.62,749.52,748.00,749.52,0.63,0.35,0.28,1
621675.81,1286537.62,748.53,747.00,748.53,0.63,0.35,0.27,1
621768.12,1286537.62,749.53,748.00,749.53,0.62,0.35,0.27,1
621860.38,1286537.62,748.54,747.00,748.54,0.63,0.35,0.27,1
621952.69,1286537.62,749.54,748.00,749.54,0.62,0.34,0.26,1
622044.94,1286537.62,754.54,753.00,754.54,0.62,0.34,0.26,1
622137.19,1286537.62,754.54,753.00,754.54,0.62,0.35,0.27,1
622229.50,1286537.62,747.53,746.00,747.53,0.63,0.35,0.27,1
622321.75,1286537.62,741.53,740.00,741.53,0.63,0.35,0.27,1
622414.06,1286537.62,740.53,739.00,740.53,0.62,0.35,0.27,1
622506.31,1286537.62,745.52,744.00,745.52,0.63,0.35,0.27,1
622598.62,1286537.62,744.52,743.00,744.52,0.63,0.36,0.28,1
622690.88,1286537.62,741.52,740.00,741.52,0.63,0.35,0.28,1
622783.19,1286537.62,740.53,739.00,740.53,0.63,0.35,0.27,1
622875.44,1286537.62,740.54,739.00,740.54,0.62,0.35,0.27,1
622967.69,1286537.62,739.55,738.00,739.55,0.62,0.35,0.27,1
623060.00,1286537.62,740.58,739.00,740.58,0.62,0.34,0.26,1
623152.25,1286537.62,741.59,740.00,741.59,0.62,0.35,0.27,1
623244.56,1286537.62,742.61,741.00,742.61,0.63,0.35,0.27,1
623336.81,1286537.62,742.61,741.00,742.61,0.63,0.35,0.27,1
623429.12,1286537.62,742.61,741.00,742.61,0.62,0.34,0.26,1
623521.38,1286537.62,746.62,745.00,746.62,0.61,0.33,0.25,1
623613.69,1286537.62,754.62,753.00,754.62,0.61,0.33,0.25,1
623705.94,1286537.62,753.62,752.00,753.62,0.62,0.34,0.26,1
623798.19,1286537.62,753.62,752.00,753.62,0.61,0.33,0.25,1
623890.50,1286537.62,756.62,755.00,756.62,0.61,0.33,0.25,1
623982.75,1286537.62,751.63,750.00,751.63,0.62,0.34,0.26,1
624075.06,1286537.62,753.63,752.00,753.63,0.61,0.33,0.25,1
624167.31,1286537.62,756.64,755.00,756.64,0.61,0.33,0.25,1
624259.62,1286537.62,757.64,756.00,757.64,0.61,0.33,0.25,1
624351.88,1286537.62,754.64,753.00,754.64,0.61,0.33,0.25,1
624444.19,1286537.62,752.64,751.00,752.64,0.62,0.34,0.26,1
624536.44,1286537.62,750.63,749.00,750.63,0.61,0.33,0.25,1
624628.69,1286537.62,757.62,756.00,757.62,0.61,0.33,0.25,1
624721.00,1286537.62,765.59,764.00,765.59,0.61,0.33,0.26,1
624813.25,1286537.62,768.55,767.00,768.55,0.61,0.33,0.25,1
624905.56,1286537.62,778.49,777.00,778.49,0.60,0.32,0.24,1
624997.81,1286537.62,798.41,797.00,798.41,0.59,0.32,0.24,1
625090.12,1286537.62,819.33,818.00,819.33,0.61,0.34,0.26,1
625182.38,1286537.62,824.27,823.00,824.27,0.63,0.36,0.29,1
625274.69,1286537.62,809.24,808.00,809.24,0.64,0.38,0.30,1
625366.94,1286537.62,795.19,794.13,795.19,0.58,0.32,0.25,1
625459.19,1286537.62,-9999.00,-9999.00,-9999.00,0.71,0.71,0.71,0
614385.88,1286445.38,-9999.00,-9999.00,-9999.00,0.71,0.71,0.71,0
614478.12,1286445.38,762.12,761.00,762.12,0.32,0.06,-0.01,1
614570.44,1286445.38,778.20,777.00,778.20,0.62,0.36,0.29,1
614662.69,1286445.38,783.17,782.00,783.17,0.63,0.37,0.30,1
614755.00,1286445.38,783.18,782.00,783.18,0.64,0.37,0.30,1
614847.25,1286445.38,776.22,775.00,776.22,0.63,0.37,0.29,1
614939.56,1286445.38,767.30,766.00,767.30,0.63,0.36,0.28,1
615031.81,1286445.38,759.41,758.00,759.41,0.62,0.35,0.27,1
615124.12,1286445.38,754.50,753.00,754.50,0.62,0.34,0.26,1
615216.38,1286445.38,752.57,751.00,752.57,0.61,0.34,0.26,1
615308.62,1286445.38,745.61,744.00,745.61,0.62,0.34,0.26,1
615400.94,1286445.38,738.64,737.00,738.64,0.62,0.34,0.26,1
615493.19,1286445.38,736.66,735.00,736.66,0.62,0.34,0.26,1
615585.50,1286445.38,734.66,733.00,734.66,0.62,0.34,0.26,1
615677.75,1286445.38,733.67,732.00,733.67,0.62,0.34,0.26,1
615770.06,1286445.38,734.67,733.00,734.67,0.62,0.34,0.26,1
615862.31,1286445.38,737.67,736.00,737.67,0.62,0.34,0.26,1
615954.62,1286445.38,736.66,735.00,736.66,0.62,0.34,0.26,1
616046.88,1286445.38,736.66,735.00,736.66,0.62,0.34,0.26,1
616139.12,1286445.38,736.65,735.00,736.65,0.61,0.33,0.25,1
616231.44,1286445.38,737.64,736.00,737.64,0.61,0.33,0.25,1
616323.69,1286445.38,734.62,733.00,734.62,0.62,0.34,0.26,1
616416.00,1286445.38,738.61,737.00,738.61,0.62,0.34,0.27,1
616508.25,1286445.38,743.60,742.00,743.60,0.63,0.35,0.27,1
616600.56,1286445.38,744.60,743.00,744.60,0.63,0.35,0.27,1
616692.81,1286445.38,744.60,743.00,744.60,0.63,0.35,0.27,1
616785.12,1286445.38,743.60,742.00,743.60,0.63,0.35,0.27,1
616877.38,1286445.38,745.61,744.00,745.61,0.62,0.34,0.26,1
616969.62,1286445.38,752.62,751.00,752.62,0.62,0.34,0.26,1
617061.94,1286445.38,752.63,751.00,752.63,0.62,0.34,0.26,1
617154.19,1286445.38,750.64,749.00,750.64,0.62,0.34,0.26,1
617246.50,1286445.38,746.64,745.00,746.64,0.62,0.34,0.26,1
617338.75,1286445.38,749.64,748.00,749.64,0.62,0.34,0.26,1
617431.06,1286445.38,757.64,756.00,757.64,0.62,0.34,0.26,1
617523.31,1286445.38,761.64,760.00,761.64,0.62,0.34,0.26,1
617615.62,1286445.38,763.64,762.00,763.64,0.62,0.34,0.26,1
617707.88,1286445.38,763.64,762.00,763.64,0.63,0.35,0.27,1
617800.12,1286445.38,763.63,762.00,763.63,0.62,0.34,0.26,1
617892.44,1286445.38,774.63,773.00,774.63,0.61,0.33,0.25,1
617984.69,1286445.38,789.62,788.00,789.62,0.60,0.32,0.24,1
618077.00,1286445.38,799.62,798.00,799.62,0.61,0.33,0.25,1
618169.25,1286445.38,807.61,806.00,807.61,0.62,0.34,0.26,1
618261.56,1286445.38,802.60,801.00,802.60,0.63,0.35,0.27,1
618353.81,1286445.38,794.59,793.00,794.59,0.63,0.35,0.27,1
618446.12,1286445.38,790.58,789.00,790.58,0.63,0.35,0.27,1
618538.38,1286445.38,778.57,777.00,778.57,0.64,0.36,0.28,1
618630.62,1286445.38,765.57,764.00,765.57,0.63,0.36,0.28,1
618722.94,1286445.38,762.57,761.00,762.57,0.63,0.35,0.27,1
618815.19,1286445.38,761.57,760.00,761.57,0.62,0.34,0.26,1
618907.50,1286445.38,770.57,769.00,770.57,0.61,0.33,0.25,1
618999.75,1286445.38,789.57,788.00,789.57,0.61,0.33,0.25,1
619092.06,1286445.38,803.57,802.00,803.57,0.62,0.34,0.26,1
619184.31,1286445.38,810.57,809.00,810.57,0.64,0.36,0.28,1
619276.62,1286445.38,811.56,810.00,811.56,0.65,0.37,0.29,1
619368.88,1286445.38,801.53,800.00,801.53,0.65,0.37,0.29,1
619461.19,1286445.38,782.50,781.00,782.50,0.64,0.37,0.29,1
619553.44,1286445.38,769.48,768.00,769.48,0.63,0.36,0.28,1
619645.69,1286445.38,760.46,759.00,760.46,0.63,0.35,0.28,1
619738.00,1286445.38,760.45,759.00,760.45,0.63,0.35,0.27,1
619830.25,1286445.38,761.45,760.00,761.45,0.63,0.35,0.28,1
619922.56,1286445.38,760.46,759.00,760.46,0.63,0.35,0.28,1
620014.81,1286445.38,759.46,758.00,759.46,0.62,0.35,0.27,1
620107.12,1286445.38,759.49,758.00,759.49,0.63,0.35,0.27,1
620199.38,1286445.38,758.52,757.00,758.52,0.63,0.35,0.27,1
620291.69,1286445.38,758.56,757.00,758.56,0.63,0.35,0.27,1
620383.94,1286445.38,757.58,756.00,757.58,0.63,0.35,0.27,1
620476.19,1286445.38,756.60,755.00,756.60,0.62,0.35,0.27,1
620568.50,1286445.38,757.60,756.00,757.60,0.62,0.34,0.26,1
620660.75,1286445.38,760.60,759.00,760.60,0.62,0.34,0.26,1
620753.06,1286445.38,760.60,759.00,760.60,0.62,0.35,0.27,1
620845.31,1286445.38,756.60,755.00,756.60,0.62,0.35,0.27,1
620937.62,1286445.38,753.59,752.00,753.59,0.62,0.35,0.27,1
621029.88,1286445.38,753.57,752.00,753.57,0.62,0.35,0.27,1
621122.19,1286445.38,757.55,756.00,757.55,0.63,0.35,0.27,1
621214.44,1286445.38,759.54,758.00,759.54,0.63,0.35,0.27,1
621306.69,1286445.38,757.53,756.00,757.53,0.62,0.35,0.27,1
621399.00,1286445.38,757.53,756.00,757.53,0.62,0.35,0.27,1
621491.25,1286445.38,755.53,754.00,755.53,0.63,0.35,0.27,1
621583.56,1286445.38,755.53,754.00,755.53,0.63,0.35,0.27,1
621675.81,1286445.38,754.54,753.00,754.54,0.63,0.35,0.27,1
621768.12,1286445.38,752.54,751.00,752.54,0.63,0.35,0.27,1
621860.38,1286445.38,752.55,751.00,752.55,0.63,0.35,0.27,1
621952.69,1286445.38,752.55,751.00,752.55,0.63,0.35,0.27,1
622044.94,1286445.38,753.55,752.00,753.55,0.62,0.35,0.27,1
622137.19,1286445.38,751.55,750.00,751.55,0.63,0.35,0.27,1
622229.50,1286445.38,746.54,745.00,746.54,0.63,0.35,0.27,1
622321.75,1286445.38,745.53,744.00,745.53,0.63,0.35,0.27,1
622414.06,1286445.38,746.53,745.00,746.53,0.62,0.35,0.27,1
622506.31,1286445.38,751.53,750.00,751.53,0.62,0.34,0.27,1
622598.62,1286445.38,754.53,753.00,754.53,0.63,0.35,0.27,1
622690.88,1286445.38,751.53,750.00,751.53,0.63,0.36,0.28,1
622783.19,1286445.38,747.53,746.00,747.53,0.63,0.36,0.28,1
622875.44,1286445.38,742.54,741.00,742.54,0.63,0.35,0.27,1
622967.69,1286445.38,740.56,739.00,740.56,0.62,0.34,0.27,1
623060.00,1286445.38,743.58,742.00,743.58,0.62,0.34,0.26,1
623152.25,1286445.38,749.60,748.00,749.60,0.62,0.35,0.27,1
623244.56,1286445.38,752.60,751.00,752.60,0.63,0.35,0.27,1
623336.81,1286445.38,752.61,751.00,752.61,0.63,0.36,0.28,1
623429.12,1286445.38,747.62,746.00,747.62,0.63,0.35,0.28,1
623521.38,1286445.38,746.62,745.00,746.62,0.62,0.34,0.26,1
623613.69,1286445.38,749.62,748.00,749.62,0.62,0.34,0.26,1
623705.94,1286445.38,747.62,746.00,747.62,0.62,0.34,0.26,1
623798.19,1286445.38,744.62,743.00,744.62,0.62,0.34,0.26,1
623890.50,1286445.38,744.62,743.00,744.62,0.62,0.34,0.26,1
623982.75,1286445.38,744.63,743.00,744.63,0.62,0.34,0.26,1
624075.06,1286445.38,745.64,744.00,745.64,0.62,0.34,0.26,1
624167.31,1286445.38,745.65,744.00,745.65,0.62,0.34,0.26,1
624259.62,1286445.38,745.65,744.00,745.65,0.61,0.33,0.25,1
624351.88,1286445.38,747.65,746.00,747.65,0.62,0.34,0.26,1
624444.19,1286445.38,748.65,747.00,748.65,0.62,0.34,0.26,1
624536.44,1286445.38,748.65,747.00,748.65,0.62,0.34,0.26,1
624628.69,1286445.38,755.63,754.00,755.63,0.61,0.33,0.25,1
624721.00,1286445.38,759.61,758.00,759.61,0.61,0.33,0.25,1
624813.25,1286445.38,757.57,756.00,757.57,0.61,0.33,0.25,1
624905.56,1286445.38,769.51,768.00,769.51,0.59,0.32,0.24,1
624997.81,1286445.38,791.43,790.00,791.43,0.58,0.31,0.23,1
625090.12,1286445.38,811.33,810.00,811.33,0.59,0.33,0.25,1
625182.38,1286445.38,813.26,812.00,813.26,0.61,0.34,0.27,1
625274.69,1286445.38,802.22,801.00,802.22,0.62,0.36,0.28,1
625366.94,1286445.38,792.49,791.45,792.49,0.58,0.32,0.25,1
625459.19,1286445.38,-9999.00,-9999.00,-9999.00,0.71,0.71,0.71,0
614385.88,1286353.12,-9999.00,-9999.00,-9999.00,0.71,0.71,0.71,0
614478.12,1286353.12,775.14,774.00,775.14,0.32,0.06,-0.01,1
614570.44,1286353.12,783.24,782.00,783.24,0.62,0.35,0.28,1
614662.69,1286353.12,782.23,781.00,782.23,0.62,0.36,0.28,1
614755.00,1286353.12,775.26,774.00,775.26,0.62,0.36,0.28,1
614847.25,1286353.12,763.31,762.00,763.31,0.62,0.36,0.28,1
614939.56,1286353.12,754.40,753.00,754.40,0.63,0.35,0.28,1
615031.81,1286353.12,749.49,748.00,749.49,0.62,0.35,0.27,1
615124.12,1286353.12,744.56,743.00,744.56,0.62,0.34,0.26,1
615216.38,1286353.12,740.61,739.00,740.61,0.62,0.34,0.26,1
615308.62,1286353.12,737.64,736.00,737.64,0.62,0.34,0.26,1
615400.94,1286353.12,739.66,738.00,739.66,0.62,0.34,0.26,1
615493.19,1286353.12,739.67,738.00,739.67,0.63,0.35,0.27,1
615585.50,1286353.12,736.67,735.00,736.67,0.62,0.34,0.26,1
615677.75,1286353.12,741.67,740.00,741.67,0.63,0.34,0.26,1
615770.06,1286353.12,741.67,740.00,741.67,0.63,0.35,0.27,1
615862.31,1286353.12,736.67,735.00,736.67,0.63,0.34,0.26,1
615954.62,1286353.12,735.67,734.00,735.67,0.62,0.34,0.26,1
616046.88,1286353.12,735.66,734.00,735.66,0.62,0.34,0.26,1
616139.12,1286353.12,733.65,732.00,733.65,0.62,0.34,0.26,1
616231.44,1286353.12,735.64,734.00,735.64,0.62,0.34,0.26,1
616323.69,1286353.12,740.62,739.00,740.62,0.62,0.34,0.26,1
616416.00,1286353.12,749.61,748.00,749.61,0.62,0.34,0.26,1
616508.25,1286353.12,758.60,757.00,758.60,0.62,0.34,0.26,1
616600.56,1286353.12,761.59,760.00,761.59,0.63,0.35,0.27,1
616692.81,1286353.12,758.59,757.00,758.59,0.63,0.35,0.28,1
616785.12,1286353.12,753.59,752.00,753.59,0.63,0.35,0.27,1
616877.38,1286353.12,751.60,750.00,751.60,0.63,0.35,0.27,1
616969.62,1286353.12,755.60,754.00,755.60,0.62,0.34,0.26,1
617061.94,1286353.12,753.61,752.00,753.61,0.62,0.34,0.26,1
617154.19,1286353.12,745.62,744.00,745.62,0.62,0.34,0.26,1
617246.50,1286353.12,744.62,743.00,744.62,0.62,0.34,0.26,1
617338.75,1286353.12,753.63,752.00,753.63,0.61,0.33,0.25,1
617431.06,1286353.12,764.63,763.00,764.63,0.62,0.34,0.26,1
617523.31,1286353.12,770.63,769.00,770.63,0.63,0.35,0.27,1
617615.62,1286353.12,772.62,771.00,772.62,0.63,0.35,0.27,1
617707.88,1286353.12,771.62,770.00,771.62,0.63,0.35,0.27,1
617800.12,1286353.12,770.62,769.00,770.62,0.62,0.35,0.27,1
617892.44,1286353.12,774.62,773.00,774.62,0.62,0.34,0.26,1
617984.69,1286353.12,785.62,784.00,785.62,0.60,0.32,0.24,1
618077.00,1286353.12,798.61,797.00,798.61,0.60,0.33,0.25,1
618169.25,1286353.12,807.60,806.00,807.60,0.62,0.34,0.26,1
618261.56,1286353.12,803.59,802.00,803.59,0.63,0.35,0.27,1
618353.81,1286353.12,795.57,794.00,795.57,0.63,0.35,0.27,1
618446.12,1286353.12,789.56,788.00,789.56,0.63,0.35,0.27,1
618538.38,1286353.12,779.55,778.00,779.55,0.64,0.36,0.28,1
618630.62,1286353.12,770.54,769.00,770.54,0.63,0.36,0.28,1
618722.94,1286353.12,766.54,765.00,766.54,0.63,0.35,0.27,1
618815.19,1286353.12,765.54,764.00,765.54,0.62,0.35,0.27,1
618907.50,1286353.12,776.54,775.00,776.54,0.62,0.34,0.26,1
618999.75,1286353.12,791.55,790.00,791.55,0.61,0.33,0.25,1
619092.06,1286353.12,809.56,808.00,809.56,0.61,0.33,0.25,1
619184.31,1286353.12,826.57,825.00,826.57,0.62,0.35,0.27,1
619276.62,1286353.12,831.58,830.00,831.58,0.64,0.37,0.29,1
619368.88,1286353.12,811.58,810.00,811.58,0.65,0.38,0.30,1
619461.19,1286353.12,785.58,784.00,785.58,0.64,0.37,0.29,1
619553.44,1286353.12,770.57,769.00,770.57,0.64,0.36,0.28,1
619645.69,1286353.12,763.56,762.00,763.56,0.63,0.35,0.27,1
619738.00,1286353.12,764.56,763.00,764.56,0.63,0.35,0.27,1
619830.25,1286353.12,765.56,764.00,765.56,0.63,0.35,0.27,1
619922.56,1286353.12,763.56,762.00,763.56,0.63,0.35,0.27,1
620014.81,1286353.12,761.56,760.00,761.56,0.63,0.35,0.27,1
620107.12,1286353.12,762.57,761.00,762.57,0.62,0.35,0.27,1
620199.38,1286353.12,763.59,762.00,763.59,0.63,0.35,0.27,1
620291.69,1286353.12,762.61,761.00,762.61,0.63,0.35,0.27,1
620383.94,1286353.12,760.62,759.00,760.62,0.63,0.35,0.27,1
620476.19,1286353.12,758.63,757.00,758.63,0.63,0.35,0.27,1
620568.50,1286353.12,758.63,757.00,758.63,0.62,0.34,0.26,1
620660.75,1286353.12,763.63,762.00,763.63,0.62,0.34,0.26,1
620753.06,1286353.12,763.63,762.00,763.63,0.63,0.35,0.27,1
620845.31,1286353.12,757.63,756.00,757.63,0.63,0.35,0.27,1
620937.62,1286353.12,755.62,754.00,755.62,0.62,0.34,0.26,1
621029.88,1286353.12,759.61,758.00,759.61,0.62,0.34,0.26,1
621122.19,1286353.12,764.59,763.00,764.59,0.62,0.35,0.27,1
621214.44,1286353.12,761.58,760.00,761.58,0.63,0.35,0.27,1
621306.69,1286353.12,758.57,757.00,758.57,0.63,0.35,0.27,1
621399.00,1286353.12,757.56,756.00,757.56,0.62,0.35,0.27,1
621491.25,1286353.12,758.56,757.00,758.56,0.62,0.35,0.27,1
621583.56,1286353.12,760.56,759.00,760.56,0.63,0.35,0.27,1
621675.81,1286353.12,759.56,758.00,759.56,0.63,0.35,0.27,1
621768.12,1286353.12,759.56,758.00,759.56,0.63,0.35,0.27,1
621860.38,1286353.12,760.56,759.00,760.56,0.63,0.35,0.27,1
621952.69,1286353.12,757.56,756.00,757.56,0.63,0.35,0.28,1
622044.94,1286353.12,755.56,754.00,755.56,0.63,0.35,0.27,1
622137.19,1286353.12,753.55,752.00,753.55,0.63,0.35,0.27,1
622229.50,1286353.12,751.55,750.00,751.55,0.63,0.35,0.27,1
622321.75,1286353.12,750.54,749.00,750.54,0.63,0.35,0.27,1
622414.06,1286353.12,748.54,747.00,748.54,0.63,0.35,0.27,1
622506.31,1286353.12,750.53,749.00,750.53,0.62,0.34,0.26,1
622598.62,1286353.12,753.53,752.00,753.53,0.62,0.34,0.26,1
622690.88,1286353.12,752.53,751.00,752.53,0.63,0.35,0.27,1
622783.19,1286353.12,747.54,746.00,747.54,0.63,0.35,0.27,1
622875.44,1286353.12,742.54,741.00,742.54,0.63,0.35,0.27,1
622967.69,1286353.12,741.56,740.00,741.56,0.62,0.34,0.27,1
623060.00,1286353.12,748.58,747.00,748.58,0.62,0.34,0.26,1
623152.25,1286353.12,757.60,756.00,757.60,0.62,0.34,0.26,1
623244.56,1286353.12,762.61,761.00,762.61,0.63,0.35,0.27,1
623336.81,1286353.12,764.61,763.00,764.61,0.63,0.35,0.27,1
623429.12,1286353.12,761.62,760.00,761.62,0.64,0.36,0.28,1
623521.38,1286353.12,752.62,751.00,752.62,0.63,0.35,0.27,1
623613.69,1286353.12,748.62,747.00,748.62,0.63,0.35,0.27,1
623705.94,1286353.12,746.62,745.00,746.62,0.62,0.34,0.26,1
623798.19,1286353.12,745.63,744.00,745.63,0.63,0.35,0.27,1
623890.50,1286353.12,746.63,745.00,746.63,0.63,0.35,0.27,1
623982.75,1286353.12,748.64,747.00,748.64,0.63,0.35,0.27,1
624075.06,1286353.12,747.65,746.00,747.65,0.63,0.35,0.27,1
624167.31,1286353.12,747.66,746.00,747.66,0.63,0.35,0.27,1
624259.62,1286353.12,747.66,746.00,747.66,0.63,0.35,0.27,1
624351.88,1286353.12,747.66,746.00,747.66,0.62,0.34,0.26,1
624444.19,1286353.12,748.66,747.00,748.66,0.62,0.34,0.26,1
624536.44,1286353.12,750.65,749.00,750.65,0.63,0.35,0.27,1
624628.69,1286353.12,750.64,749.00,750.64,0.62,0.34,0.26,1
624721.00,1286353.12,751.62,750.00,751.62,0.62,0.34,0.26,1
624813.25,1286353.12,752.58,751.00,752.58,0.61,0.33,0.25,1
624905.56,1286353.12,763.52,762.00,763.52,0.60,0.32,0.24,1
624997.81,1286353.12,781.44,780.00,781.44,0.59,0.32,0.24,1
625090.12,1286353.12,796.33,795.00,796.33,0.60,0.33,0.25,1
625182.38,1286353.12,794.25,793.00,794.25,0.61,0.34,0.27,1
625274.69,1286353.12,786.20,785.00,786.20,0.62,0.35,0.28,1
625366.94,1286353.12,777.47,776.44,777.47,0.58,0.32,0.25,1
625459.19,1286353.12,-9999.00,-9999.00,-9999.00,0.71,0.71,0.71,0
614385.88,1286260.88,-9999.00,-9999.00,-9999.00,0.71,0.71,0.71,0
614478.12,1286260.88,778.15,777.00,778.15,0.32,0.06,-0.01,1
614570.44,1286260.88,776.26,775.00,776.26,0.62,0.35,0.28,1
614662.69,1286260.88,770.27,769.00,770.27,0.62,0.35,0.28,1
614755.00,1286260.88,761.31,760.00,761.31,0.62,0.36,0.28,1
614847.25,1286260.88,756.38,755.00,756.38,0.63,0.36,0.28,1
614939.56,1286260.88,757.46,756.00,757.46,0.64,0.37,0.29,1
615031.81,1286260.88,749.54,748.00,749.54,0.64,0.36,0.28,1
615124.12,1286260.88,740.59,739.00,740.59,0.62,0.35,0.27,1
615216.38,1286260.88,737.63,736.00,737.63,0.62,0.34,0.26,1
615308.62,1286260.88,740.66,739.00,740.66,0.62,0.34,0.26,1
615400.94,1286260.88,748.67,747.00,748.67,0.62,0.34,0.26,1
615493.19,1286260.88,746.68,745.00,746.68,0.63,0.35,0.27,1
615585.50,1286260.88,737.68,736.00,737.68,0.62,0.34,0.26,1
615677.75,1286260.88,750.68,749.00,750.68,0.62,0.34,0.26,1
615770.06,1286260.88,750.68,749.00,750.68,0.63,0.35,0.27,1
615862.31,1286260.88,740.68,739.00,740.68,0.63,0.35,0.27,1
615954.62,1286260.88,739.68,738.00,739.68,0.63,0.35,0.27,1
616046.88,1286260.88,736.67,735.00,736.67,0.63,0.35,0.27,1
616139.12,1286260.88,734.66,733.00,734.66,0.62,0.34,0.26,1
616231.44,1286260.88,734.64,733.00,734.64,0.61,0.33,0.25,1
616323.69,1286260.88,744.62,743.00,744.62,0.61,0.33,0.25,1
616416.00,1286260.88,752.60,751.00,752.60,0.61,0.33,0.25,1
616508.25,1286260.88,757.59,756.00,757.59,0.61,0.33,0.25,1
616600.56,1286260.88,757.59,756.00,757.59,0.62,0.34,0.26,1
616692.81,1286260.88,757.58,756.00,757.58,0.62,0.34,0.26,1
616785.12,1286260.88,756.58,755.00,756.58,0.62,0.35,0.27,1
616877.38,1286260.88,756.59,755.00,756.59,0.63,0.35,0.27,1
616969.62,1286260.88,752.59,751.00,752.59,0.62,0.34,0.26,1
617061.94,1286260.88,746.60,745.00,746.60,0.62,0.34,0.26,1
617154.19,1286260.88,742.61,741.00,742.61,0.62,0.34,0.26,1
617246.50,1286260.88,744.61,743.00,744.61,0.61,0.33,0.25,1
617338.75,1286260.88,758.61,757.00,758.61,0.61,0.33,0.25,1
617431.06,1286260.88,772.61,771.00,772.61,0.61,0.33,0.25,1
617523.31,1286260.88,779.61,778.00,779.61,0.62,0.34,0.26,1
617615.62,1286260.88,778.61,777.00,778.61,0.62,0.34,0.26,1
617707.88,1286260.88,774.61,773.00,774.61,0.62,0.34,0.26,1
617800.12,1286260.88,772.61,771.00,772.61,0.62,0.34,0.26,1
617892.44,1286260.88,780.61,779.00,780.61,0.62,0.34,0.26,1
617984.69,1286260.88,784.61,783.00,784.61,0.62,0.34,0.26,1
618077.00,1286260.88,793.60,792.00,793.60,0.60,0.33,0.25,1
618169.25,1286260.88,805.59,804.00,805.59,0.62,0.34,0.26,1
618261.56,1286260.88,801.57,800.00,801.57,0.63,0.35,0.27,1
618353.81,1286260.88,795.55,794.00,795.55,0.63,0.35,0.27,1
618446.12,1286260.88,791.52,790.00,791.52,0.63,0.36,0.28,1
618538.38,1286260.88,786.51,785.00,786.51,0.64,0.36,0.28,1
618630.62,1286260.88,775.50,774.00,775.50,0.64,0.36,0.28,1
618722.94,1286260.88,770.49,769.00,770.49,0.63,0.35,0.27,1
618815.19,1286260.88,775.49,774.00,775.49,0.62,0.35,0.27,1
618907.50,1286260.88,791.50,790.00,791.50,0.62,0.34,0.26,1
618999.75,1286260.88,804.51,803.00,804.51,0.61,0.34,0.26,1
619092.06,1286260.88,824.54,823.00,824.54,0.61,0.33,0.25,1
619184.31,1286260.88,840.57,839.00,840.57,0.62,0.34,0.26,1
619276.62,1286260.88,842.61,841.00,842.61,0.64,0.36,0.28,1
619368.88,1286260.88,823.66,822.00,823.66,0.65,0.37,0.29,1
619461.19,1286260.88,790.70,789.00,790.70,0.65,0.37,0.28,1
619553.44,1286260.88,774.72,773.00,774.72,0.64,0.35,0.27,1
619645.69,1286260.88,769.72,768.00,769.72,0.63,0.35,0.26,1
619738.00,1286260.88,769.72,768.00,769.72,0.62,0.34,0.26,1
619830.25,1286260.88,768.72,767.00,768.72,0.62,0.34,0.26,1
619922.56,1286260.88,765.70,764.00,765.70,0.63,0.34,0.26,1
620014.81,1286260.88,764.68,763.00,764.68,0.62,0.34,0.26,1
620107.12,1286260.88,766.66,765.00,766.66,0.62,0.34,0.26,1
620199.38,1286260.88,767.66,766.00,767.66,0.63,0.35,0.27,1
620291.69,1286260.88,764.66,763.00,764.66,0.63,0.35,0.27,1
620383.94,1286260.88,763.66,762.00,763.66,0.63,0.34,0.26,1
620476.19,1286260.88,765.66,764.00,765.66,0.63,0.35,0.27,1
620568.50,1286260.88,765.66,764.00,765.66,0.63,0.35,0.27,1
620660.75,1286260.88,766.66,765.00,766.66,0.62,0.34,0.26,1
620753.06,1286260.88,764.65,763.00,764.65,0.63,0.35,0.27,1
620845.31,1286260.88,759.65,758.00,759.65,0.63,0.35,0.27,1
620937.62,1286260.88,758.65,757.00,758.65,0.62,0.34,0.26,1
621029.88,1286260.88,761.64,760.00,761.64,0.62,0.34,0.26,1
621122.19,1286260.88,764.63,763.00,764.63,0.62,0.34,0.26,1
621214.44,1286260.88,763.62,762.00,763.62,0.63,0.35,0.27,1
621306.69,1286260.88,762.62,761.00,762.62,0.63,0.35,0.27,1
621399.00,1286260.88,760.61,759.00,760.61,0.63,0.35,0.27,1
621491.25,1286260.88,761.60,760.00,761.60,0.63,0.35,0.27,1
621583.56,1286260.88,763.60,762.00,763.60,0.62,0.35,0.27,1
621675.81,1286260.88,763.60,762.00,763.60,0.62,0.35,0.27,1
621768.12,1286260.88,764.59,763.00,764.59,0.62,0.35,0.27,1
621860.38,1286260.88,766.59,765.00,766.59,0.63,0.35,0.27,1
621952.69,1286260.88,765.58,764.00,765.58,0.63,0.36,0.28,1
622044.94,1286260.88,760.57,759.00,760.57,0.63,0.36,0.28,1
622137.19,1286260.88,756.57,755.00,756.57,0.63,0.35,0.27,1
622229.50,1286260.88,757.56,756.00,757.56,0.63,0.35,0.27,1
622321.75,1286260.88,756.55,755.00,756.55,0.63,0.35,0.27,1
622414.06,1286260.88,753.55,752.00,753.55,0.63,0.35,0.27,1
622506.31,1286260.88,751.54,750.00,751.54,0.63,0.35,0.27,1
622598.62,1286260.88,752.54,751.00,752.54,0.62,0.35,0.27,1
622690.88,1286260.88,753.54,752.00,753.54,0.63,0.35,0.27,1
622783.19,1286260.88,749.55,748.00,749.55,0.63,0.35,0.28,1
622875.44,1286260.88,744.55,743.00,744.55,0.63,0.35,0.27,1
622967.69,1286260.88,746.57,745.00,746.57,0.62,0.34,0.26,1
623060.00,1286260.88,755.59,754.00,755.59,0.62,0.34,0.26,1
623152.25,1286260.88,765.60,764.00,765.60,0.62,0.34,0.26,1
623244.56,1286260.88,770.61,769.00,770.61,0.62,0.35,0.27,1
623336.81,1286260.88,769.62,768.00,769.62,0.63,0.35,0.27,1
623429.12,1286260.88,764.62,763.00,764.62,0.63,0.35,0.27,1
623521.38,1286260.88,758.62,757.00,758.62,0.63,0.35,0.27,1
623613.69,1286260.88,750.62,749.00,750.62,0.63,0.35,0.27,1
623705.94,1286260.88,749.62,748.00,749.62,0.62,0.35,0.27,1
623798.19,1286260.88,753.63,752.00,753.63,0.62,0.34,0.26,1
623890.50,1286260.88,763.63,762.00,763.63,0.62,0.34,0.26,1
623982.75,1286260.88,769.64,768.00,769.64,0.63,0.35,0.27,1
624075.06,1286260.88,764.65,763.00,764.65,0.64,0.35,0.27,1
624167.31,1286260.88,766.66,765.00,766.66,0.63,0.35,0.27,1
624259.62,1286260.88,763.66,762.00,763.66,0.64,0.36,0.28,1
624351.88,1286260.88,752.66,751.00,752.66,0.63,0.35,0.27,1
624444.19,1286260.88,754.67,753.00,754.67,0.62,0.34,0.26,1
624536.44,1286260.88,763.66,762.00,763.66,0.63,0.35,0.27,1
624628.69,1286260.88,759.65,758.00,759.65,0.64,0.36,0.28,1
624721.00,1286260.88,752.62,751.00,752.62,0.63,0.35,0.27,1
624813.25,1286260.88,750.58,749.00,750.58,0.62,0.34,0.26,1
624905.56,1286260.88,756.52,755.00,756.52,0.60,0.33,0.25,1
624997.81,1286260.88,769.44,768.00,769.44,0.59,0.32,0.24,1
625090.12,1286260.88,781.33,780.00,781.33,0.59,0.33,0.25,1
625182.38,1286260.88,781.24,780.00,781.24,0.61,0.34,0.27,1
625274.69,1286260.88,774.18,773.00,774.18,0.62,0.36,0.28,1
625366.94,1286260.88,762.44,761.43,762.44,0.58,0.32,0.25,1
625459.19,1286260.88,-9999.00,-9999.00,-9999.00,0.71,0.71,0.71,0
614385.88,1286168.50,-9999.00,-9999.00,-9999.00,0.71,0.71,0.71,0
614478.12,1286168.50,774.17,773.00,774.17,0.33,0.06,-0.01,1
614570.44,1286168.50,766.29,765.00,766.29,0.63,0.36,0.28,1
614662.69,1286168.50,760.30,759.00,760.30,0.62,0.36,0.28,1
614755.00,1286168.50,761.35,760.00,761.35,0.63,0.36,0.28,1
614847.25,1286168.50,770.42,769.00,770.42,0.63,0.35,0.28,1
614939.56,1286168.50,777.50,776.00,777.50,0.64,0.37,0.29,1
615031.81,1286168.50,759.56,758.00,759.56,0.64,0.37,0.29,1
615124.12,1286168.50,739.61,738.00,739.61,0.63,0.35,0.27,1
615216.38,1286168.50,742.65,741.00,742.65,0.62,0.34,0.26,1
615308.62,1286168.50,749.67,748.00,749.67,0.62,0.34,0.26,1
615400.94,1286168.50,754.68,753.00,754.68,0.62,0.34,0.26,1
615493.19,1286168.50,751.68,750.00,751.68,0.63,0.35,0.27,1
615585.50,1286168.50,737.68,736.00,737.68,0.62,0.34,0.26,1
615677.75,1286168.50,748.68,747.00,748.68,0.61,0.33,0.25,1
615770.06,1286168.50,751.68,750.00,751.68,0.62,0.34,0.26,1
615862.31,1286168.50,750.68,749.00,750.68,0.63,0.35,0.27,1
615954.62,1286168.50,752.68,751.00,752.68,0.63,0.35,0.27,1
616046.88,1286168.50,741.67,740.00,741.67,0.63,0.35,0.27,1
616139.12,1286168.50,733.66,732.00,733.66,0.62,0.34,0.26,1
616231.44,1286168.50,733.65,732.00,733.65,0.62,0.34,0.26,1
616323.69,1286168.50,739.63,738.00,739.63,0.61,0.33,0.25,1
616416.00,1286168.50,741.61,740.00,741.61,0.61,0.33,0.25,1
616508.25,1286168.50,745.59,744.00,745.59,0.60,0.33,0.25,1
616600.56,1286168.50,752.58,751.00,752.58,0.61,0.33,0.25,1
616692.81,1286168.50,756.58,755.00,756.58,0.61,0.34,0.26,1
616785.12,1286168.50,755.58,754.00,755.58,0.62,0.34,0.26,1
616877.38,1286168.50,758.58,757.00,758.58,0.62,0.35,0.27,1
616969.62,1286168.50,746.58,745.00,746.58,0.62,0.35,0.27,1
617061.94,1286168.50,739.58,738.00,739.58,0.62,0.34,0.26,1
617154.19,1286168.50,739.59,738.00,739.59,0.62,0.34,0.26,1
617246.50,1286168.50,742.60,741.00,742.60,0.61,0.33,0.25,1
617338.75,1286168.50,755.61,754.00,755.61,0.60,0.32,0.24,1
617431.06,1286168.50,770.61,769.00,770.61,0.60,0.32,0.24,1
617523.31,1286168.50,776.61,775.00,776.61,0.61,0.33,0.25,1
617615.62,1286168.50,772.61,771.00,772.61,0.61,0.33,0.25,1
617707.88,1286168.50,767.61,766.00,767.61,0.62,0.34,0.26,1
617800.12,1286168.50,768.60,767.00,768.60,0.61,0.33,0.25,1
617892.44,1286168.50,783.60,782.00,783.60,0.61,0.33,0.25,1
617984.69,1286168.50,789.59,788.00,789.59,0.62,0.34,0.26,1
618077.00,1286168.50,791.59,790.00,791.59,0.62,0.34,0.26,1
618169.25,1286168.50,804.57,803.00,804.57,0.62,0.34,0.26,1
618261.56,1286168.50,803.55,802.00,803.55,0.63,0.35,0.27,1
618353.81,1286168.50,797.51,796.00,797.51,0.63,0.36,0.28,1
618446.12,1286168.50,796.48,795.00,796.48,0.63,0.36,0.28,1
618538.38,1286168.50,791.46,790.00,791.46,0.64,0.36,0.28,1
618630.62,1286168.50,781.46,780.00,781.46,0.64,0.36,0.29,1
618722.94,1286168.50,775.46,774.00,775.46,0.62,0.35,0.27,1
618815.19,1286168.50,787.46,786.00,787.46,0.61,0.34,0.26,1
618907.50,1286168.50,802.47,801.00,802.47,0.61,0.34,0.26,1
618999.75,1286168.50,810.49,809.00,810.49,0.61,0.33,0.26,1
619092.06,1286168.50,827.52,826.00,827.52,0.60,0.32,0.25,1
619184.31,1286168.50,845.56,844.00,845.56,0.61,0.33,0.25,1
619276.62,1286168.50,851.61,850.00,851.61,0.63,0.36,0.28,1
619368.88,1286168.50,832.71,831.00,832.71,0.65,0.37,0.29,1
619461.19,1286168.50,798.85,797.00,798.85,0.65,0.36,0.28,1
619553.44,1286168.50,781.94,780.00,781.94,0.63,0.34,0.26,1
619645.69,1286168.50,774.97,773.00,774.97,0.63,0.34,0.25,1
619738.00,1286168.50,773.97,772.00,773.97,0.62,0.33,0.25,1
619830.25,1286168.50,770.95,769.00,770.95,0.62,0.33,0.25,1
619922.56,1286168.50,769.91,768.00,769.91,0.62,0.34,0.25,1
620014.81,1286168.50,769.84,768.00,769.84,0.62,0.34,0.26,1
620107.12,1286168.50,771.77,770.00,771.77,0.62,0.34,0.26,1
620199.38,1286168.50,777.73,776.00,777.73,0.63,0.34,0.26,1
620291.69,1286168.50,777.71,776.00,777.71,0.64,0.35,0.27,1
620383.94,1286168.50,771.70,770.00,771.70,0.63,0.35,0.27,1
620476.19,1286168.50,773.69,772.00,773.69,0.63,0.35,0.27,1
620568.50,1286168.50,770.68,769.00,770.68,0.63,0.35,0.27,1
620660.75,1286168.50,766.68,765.00,766.68,0.62,0.34,0.26,1
620753.06,1286168.50,766.67,765.00,766.67,0.63,0.34,0.26,1
620845.31,1286168.50,764.67,763.00,764.67,0.63,0.35,0.27,1
620937.62,1286168.50,763.67,762.00,763.67,0.63,0.35,0.27,1
621029.88,1286168.50,764.67,763.00,764.67,0.63,0.34,0.26,1
621122.19,1286168.50,764.68,763.00,764.68,0.62,0.34,0.26,1
621214.44,1286168.50,766.69,765.00,766.69,0.62,0.34,0.26,1
621306.69,1286168.50,767.69,766.00,767.69,0.62,0.34,0.26,1
621399.00,1286168.50,768.69,767.00,768.69,0.63,0.34,0.26,1
621491.25,1286168.50,769.68,768.00,769.68,0.63,0.35,0.27,1
621583.56,1286168.50,769.67,768.00,769.67,0.63,0.35,0.27,1
621675.81,1286168.50,767.67,766.00,767.67,0.63,0.35,0.27,1
621768.12,1286168.50,768.65,767.00,768.65,0.62,0.34,0.26,1
621860.38,1286168.50,771.64,770.00,771.64,0.62,0.34,0.26,1
621952.69,1286168.50,773.62,772.00,773.62,0.63,0.35,0.27,1
622044.94,1286168.50,771.60,770.00,771.60,0.64,0.36,0.28,1
622137.19,1286168.50,768.59,767.00,768.59,0.64,0.36,0.28,1
622229.50,1286168.50,764.58,763.00,764.58,0.64,0.36,0.28,1
622321.75,1286168.50,759.57,758.00,759.57,0.63,0.35,0.27,1
622414.06,1286168.50,756.57,755.00,756.57,0.63,0.35,0.27,1
622506.31,1286168.50,755.56,754.00,755.56,0.63,0.35,0.27,1
622598.62,1286168.50,759.56,758.00,759.56,0.63,0.35,0.27,1
622690.88,1286168.50,761.56,760.00,761.56,0.63,0.35,0.27,1
622783.19,1286168.50,755.56,754.00,755.56,0.63,0.36,0.28,1
622875.44,1286168.50,750.57,749.00,750.57,0.63,0.35,0.27,1
622967.69,1286168.50,754.58,753.00,754.58,0.62,0.34,0.26,1
623060.00,1286168.50,764.60,763.00,764.60,0.62,0.34,0.26,1
623152.25,1286168.50,772.61,771.00,772.61,0.62,0.34,0.26,1
623244.56,1286168.50,773.61,772.00,773.61,0.62,0.34,0.26,1
623336.81,1286168.50,769.62,768.00,769.62,0.62,0.34,0.26,1
623429.12,1286168.50,760.62,759.00,760.62,0.62,0.34,0.26,1
623521.38,1286168.50,753.62,752.00,753.62,0.62,0.34,0.26,1
623613.69,1286168.50,750.62,749.00,750.62,0.62,0.34,0.26,1
623705.94,1286168.50,756.62,755.00,756.62,0.62,0.34,0.26,1
623798.19,1286168.50,764.63,763.00,764.63,0.62,0.34,0.26,1
623890.50,1286168.50,772.63,771.00,772.63,0.62,0.34,0.26,1
623982.75,1286168.50,778.64,777.00,778.64,0.63,0.35,0.27,1
624075.06,1286168.50,773.66,772.00,773.66,0.63,0.35,0.27,1
624167.31,1286168.50,772.67,771.00,772.67,0.63,0.35,0.27,1
624259.62,1286168.50,766.67,765.00,766.67,0.63,0.35,0.27,1
624351.88,1286168.50,754.67,753.00,754.67,0.63,0.35,0.26,1
624444.19,1286168.50,759.67,758.00,759.67,0.62,0.34,0.26,1
624536.44,1286168.50,771.66,770.00,771.66,0.62,0.34,0.26,1
624628.69,1286168.50,775.65,774.00,775.65,0.64,0.36,0.28,1
624721.00,1286168.50,765.63,764.00,765.63,0.64,0.37,0.29,1
624813.25,1286168.50,753.59,752.00,753.59,0.63,0.35,0.28,1
624905.56,1286168.50,752.53,751.00,752.53,0.62,0.34,0.26,1
624997.81,1286168.50,757.44,756.00,757.44,0.61,0.34,0.26,1
625090.12,1286168.50,763.33,762.00,763.33,0.60,0.34,0.26,1
625182.38,1286168.50,763.22,762.00,763.22,0.61,0.34,0.27,1
625274.69,1286168.50,761.16,760.00,761.16,0.62,0.36,0.28,1
625366.94,1286168.50,757.14,756.15,757.14,0.58,0.32,0.25,1
625459.19,1286168.50,-9999.00,-9999.00,-9999.00,0.71,0.71,0.71,0
614385.88,1286076.25,-9999.00,-9999.00,-9999.00,0.71,0.71,0.71,0
614478.12,1286076.25,771.19,770.00,771.19,0.33,0.07,-0.01,1
614570.44,1286076.25,763.31,762.00,763.31,0.63,0.37,0.29,1
614662.69,1286076.25,762.32,761.00,762.32,0.63,0.36,0.28,1
614755.00,1286076.25,773.38,772.00,773.38,0.62,0.35,0.27,1
614847.25,1286076.25,782.45,781.00,782.45,0.62,0.35,0.27,1
614939.56,1286076.25,782.52,781.00,782.52,0.63,0.35,0.27,1
615031.81,1286076.25,758.58,757.00,758.58,0.64,0.36,0.28,1
615124.12,1286076.25,741.63,740.00,741.63,0.63,0.35,0.27,1
615216.38,1286076.25,748.66,747.00,748.66,0.62,0.34,0.26,1
615308.62,1286076.25,757.67,756.00,757.67,0.62,0.34,0.26,1
615400.94,1286076.25,756.68,755.00,756.68,0.62,0.34,0.26,1
615493.19,1286076.25,749.68,748.00,749.68,0.63,0.34,0.26,1
615585.50,1286076.25,738.69,737.00,738.69,0.62,0.34,0.26,1
615677.75,1286076.25,744.69,743.00,744.69,0.61,0.33,0.25,1
615770.06,1286076.25,752.69,751.00,752.69,0.62,0.33,0.25,1
615862.31,1286076.25,757.69,756.00,757.69,0.62,0.34,0.26,1
615954.62,1286076.25,754.68,753.00,754.68,0.63,0.35,0.27,1
616046.88,1286076.25,738.67,737.00,738.67,0.63,0.35,0.27,1
616139.12,1286076.25,733.66,732.00,733.66,0.62,0.34,0.26,1
616231.44,1286076.25,735.65,734.00,735.65,0.62,0.34,0.26,1
616323.69,1286076.25,736.63,735.00,736.63,0.62,0.34,0.26,1
616416.00,1286076.25,734.60,733.00,734.60,0.62,0.34,0.26,1
616508.25,1286076.25,738.59,737.00,738.59,0.61,0.33,0.25,1
616600.56,1286076.25,745.58,744.00,745.58,0.61,0.33,0.25,1
616692.81,1286076.25,748.57,747.00,748.57,0.61,0.33,0.25,1
616785.12,1286076.25,749.57,748.00,749.57,0.61,0.33,0.25,1
616877.38,1286076.25,752.57,751.00,752.57,0.62,0.34,0.26,1
616969.62,1286076.25,740.57,739.00,740.57,0.63,0.35,0.27,1
617061.94,1286076.25,736.57,735.00,736.57,0.62,0.34,0.27,1
617154.19,1286076.25,740.58,739.00,740.58,0.62,0.35,0.27,1
617246.50,1286076.25,743.59,742.00,743.59,0.63,0.35,0.27,1
617338.75,1286076.25,748.60,747.00,748.60,0.62,0.34,0.26,1
617431.06,1286076.25,756.60,755.00,756.60,0.61,0.33,0.25,1
617523.31,1286076.25,760.60,759.00,760.60,0.61,0.33,0.25,1
617615.62,1286076.25,757.60,756.00,757.60,0.62,0.34,0.26,1
617707.88,1286076.25,759.60,758.00,759.60,0.61,0.33,0.26,1
617800.12,1286076.25,765.60,764.00,765.60,0.61,0.33,0.25,1
617892.44,1286076.25,779.59,778.00,779.59,0.60,0.32,0.25,1
617984.69,1286076.25,794.58,793.00,794.58,0.61,0.33,0.25,1
618077.00,1286076.25,804.57,803.00,804.57,0.62,0.34,0.26,1
618169.25,1286076.25,811.55,810.00,811.55,0.63,0.35,0.27,1
618261.56,1286076.25,808.52,807.00,808.52,0.63,0.36,0.28,1
618353.81,1286076.25,804.48,803.00,804.48,0.63,0.36,0.28,1
618446.12,1286076.25,801.45,800.00,801.45,0.63,0.36,0.28,1
618538.38,1286076.25,795.43,794.00,795.43,0.64,0.36,0.29,1
618630.62,1286076.25,784.43,783.00,784.43,0.63,0.36,0.28,1
618722.94,1286076.25,778.43,777.00,778.43,0.62,0.35,0.27,1
618815.19,1286076.25,790.43,789.00,790.43,0.61,0.34,0.26,1
618907.50,1286076.25,800.45,799.00,800.45,0.61,0.34,0.26,1
618999.75,1286076.25,807.47,806.00,807.47,0.61,0.34,0.26,1
619092.06,1286076.25,826.51,825.00,826.51,0.60,0.33,0.25,1
619184.31,1286076.25,845.54,844.00,845.54,0.60,0.33,0.25,1
619276.62,1286076.25,856.60,855.00,856.60,0.63,0.35,0.27,1
619368.88,1286076.25,842.70,841.00,842.70,0.65,0.37,0.29,1
619461.19,1286076.25,806.94,805.00,806.94,0.65,0.36,0.27,1
619553.44,1286076.25,787.23,785.00,787.23,0.63,0.33,0.25,1
619645.69,1286076.25,781.34,779.00,781.34,0.62,0.32,0.24,1
619738.00,1286076.25,780.34,778.00,780.34,0.62,0.32,0.24,1
619830.25,1286076.25,778.30,776.00,778.30,0.62,0.32,0.24,1
619922.56,1286076.25,778.21,776.00,778.21,0.62,0.33,0.24,1
620014.81,1286076.25,779.06,777.00,779.06,0.62,0.33,0.25,1
620107.12,1286076.25,778.91,777.00,778.91,0.62,0.33,0.25,1
620199.38,1286076.25,790.82,789.00,790.82,0.62,0.34,0.26,1
620291.69,1286076.25,793.77,792.00,793.77,0.64,0.35,0.27,1
620383.94,1286076.25,784.73,783.00,784.73,0.64,0.36,0.28,1
620476.19,1286076.25,782.72,781.00,782.72,0.63,0.35,0.27,1
620568.50,1286076.25,777.70,776.00,777.70,0.63,0.35,0.27,1
620660.75,1286076.25,769.70,768.00,769.70,0.63,0.35,0.27,1
620753.06,1286076.25,771.69,770.00,771.69,0.63,0.34,0.26,1
620845.31,1286076.25,777.69,776.00,777.69,0.63,0.35,0.27,1
620937.62,1286076.25,778.69,777.00,778.69,0.64,0.36,0.28,1
621029.88,1286076.25,772.69,771.00,772.69,0.64,0.36,0.28,1
621122.19,1286076.25,767.71,766.00,767.71,0.63,0.35,0.27,1
621214.44,1286076.25,766.75,765.00,766.75,0.63,0.34,0.26,1
621306.69,1286076.25,769.78,768.00,769.78,0.62,0.34,0.25,1
621399.00,1286076.25,773.80,772.00,773.80,0.62,0.33,0.25,1
621491.25,1286076.25,779.80,778.00,779.80,0.62,0.33,0.25,1
621583.56,1286076.25,781.80,780.00,781.80,0.63,0.34,0.26,1
621675.81,1286076.25,777.78,776.00,777.78,0.63,0.35,0.27,1
621768.12,1286076.25,775.76,774.00,775.76,0.63,0.34,0.26,1
621860.38,1286076.25,777.72,776.00,777.72,0.62,0.34,0.26,1
621952.69,1286076.25,782.68,781.00,782.68,0.63,0.34,0.26,1
622044.94,1286076.25,784.65,783.00,784.65,0.63,0.35,0.27,1
622137.19,1286076.25,784.63,783.00,784.63,0.64,0.36,0.28,1
622229.50,1286076.25,776.61,775.00,776.61,0.64,0.36,0.28,1
622321.75,1286076.25,767.60,766.00,767.60,0.64,0.36,0.28,1
622414.06,1286076.25,761.60,760.00,761.60,0.63,0.35,0.27,1
622506.31,1286076.25,761.59,760.00,761.59,0.62,0.35,0.27,1
622598.62,1286076.25,766.59,765.00,766.59,0.63,0.35,0.27,1
622690.88,1286076.25,765.58,764.00,765.58,0.63,0.35,0.27,1
622783.19,1286076.25,759.59,758.00,759.59,0.63,0.35,0.28,1
622875.44,1286076.25,755.59,754.00,755.59,0.63,0.35,0.27,1
622967.69,1286076.25,757.60,756.00,757.60,0.62,0.34,0.26,1
623060.00,1286076.25,765.61,764.00,765.61,0.61,0.33,0.25,1
623152.25,1286076.25,773.62,772.00,773.62,0.62,0.34,0.26,1
623244.56,1286076.25,771.62,770.00,771.62,0.62,0.35,0.27,1
623336.81,1286076.25,762.62,761.00,762.62,0.63,0.35,0.27,1
623429.12,1286076.25,752.62,751.00,752.62,0.62,0.34,0.26,1
623521.38,1286076.25,746.62,745.00,746.62,0.62,0.34,0.26,1
623613.69,1286076.25,750.62,749.00,750.62,0.61,0.33,0.25,1
623705.94,1286076.25,763.62,762.00,763.62,0.61,0.33,0.25,1
623798.19,1286076.25,773.62,772.00,773.62,0.61,0.33,0.25,1
623890.50,1286076.25,779.63,778.00,779.63,0.62,0.34,0.26,1
623982.75,1286076.25,782.64,781.00,782.64,0.62,0.34,0.26,1
624075.06,1286076.25,781.66,780.00,781.66,0.63,0.35,0.27,1
624167.31,1286076.25,775.67,774.00,775.67,0.63,0.35,0.27,1
624259.62,1286076.25,762.67,761.00,762.67,0.63,0.35,0.27,1
624351.88,1286076.25,756.67,755.00,756.67,0.62,0.34,0.26,1
624444.19,1286076.25,766.67,765.00,766.67,0.61,0.33,0.25,1
624536.44,1286076.25,779.67,778.00,779.67,0.61,0.33,0.25,1
624628.69,1286076.25,787.65,786.00,787.65,0.63,0.35,0.27,1
624721.00,1286076.25,779.63,778.00,779.63,0.64,0.36,0.28,1
624813.25,1286076.25,759.59,758.00,759.59,0.64,0.36,0.28,1
624905.56,1286076.25,756.53,755.00,756.53,0.63,0.35,0.27,1
624997.81,1286076.25,757.44,756.00,757.44,0.63,0.36,0.28,1
625090.12,1286076.25,756.32,755.00,756.32,0.63,0.36,0.28,1
625182.38,1286076.25,754.21,753.00,754.21,0.63,0.36,0.29,1
625274.69,1286076.25,756.14,755.00,756.14,0.62,0.36,0.29,1
625366.94,1286076.25,761.58,760.60,761.58,0.57,0.32,0.25,1
625459.19,1286076.25,-9999.00,-9999.00,-9999.00,0.71,0.71,0.71,0
614385.88,1285984.00,-9999.00,-9999.00,-9999.00,0.71,0.71,0.71,0
614478.12,1285984.00,775.21,774.00,775.21,0.33,0.07,-0.01,1
614570.44,1285984.00,772.33,771.00,772.33,0.64,0.37,0.29,1
614662.69,1285984.00,773.34,772.00,773.34,0.63,0.36,0.28,1
614755.00,1285984.00,779.39,778.00,779.39,0.62,0.35,0.27,1
614847.25,1285984.00,778.46,777.00,778.46,0.62,0.34,0.27,1
614939.56,1285984.00,765.54,764.00,765.54,0.62,0.34,0.26,1
615031.81,1285984.00,750.60,749.00,750.60,0.63,0.35,0.27,1
615124.12,1285984.00,752.64,751.00,752.64,0.63,0.35,0.27,1
615216.38,1285984.00,757.66,756.00,757.66,0.63,0.35,0.27,1
615308.62,1285984.00,757.67,756.00,757.67,0.63,0.35,0.26,1
615400.94,1285984.00,750.68,749.00,750.68,0.62,0.34,0.26,1
615493.19,1285984.00,743.69,742.00,743.69,0.62,0.34,0.26,1
615585.50,1285984.00,739.69,738.00,739.69,0.62,0.34,0.26,1
615677.75,1285984.00,749.69,748.00,749.69,0.62,0.34,0.26,1
615770.06,1285984.00,757.69,756.00,757.69,0.62,0.34,0.26,1
615862.31,1285984.00,755.69,754.00,755.69,0.62,0.34,0.26,1
615954.62,1285984.00,746.68,745.00,746.68,0.62,0.34,0.26,1
616046.88,1285984.00,736.67,735.00,736.67,0.63,0.34,0.26,1
616139.12,1285984.00,737.67,736.00,737.67,0.63,0.35,0.27,1
616231.44,1285984.00,737.65,736.00,737.65,0.63,0.35,0.27,1
616323.69,1285984.00,735.63,734.00,735.63,0.62,0.34,0.26,1
616416.00,1285984.00,734.60,733.00,734.60,0.62,0.34,0.26,1
616508.25,1285984.00,734.58,733.00,734.58,0.62,0.34,0.26,1
616600.56,1285984.00,735.57,734.00,735.57,0.61,0.34,0.26,1
616692.81,1285984.00,736.56,735.00,736.56,0.61,0.33,0.25,1
616785.12,1285984.00,738.56,737.00,738.56,0.61,0.33,0.25,1
616877.38,1285984.00,740.56,739.00,740.56,0.61,0.33,0.25,1
616969.62,1285984.00,737.56,736.00,737.56,0.62,0.34,0.26,1
617061.94,1285984.00,740.56,739.00,740.56,0.62,0.34,0.26,1
617154.19,1285984.00,753.58,752.00,753.58,0.62,0.34,0.26,1
617246.50,1285984.00,759.59,758.00,759.59,0.63,0.35,0.27,1
617338.75,1285984.00,760.59,759.00,760.59,0.63,0.36,0.28,1
617431.06,1285984.00,759.60,758.00,759.60,0.63,0.35,0.27,1
617523.31,1285984.00,760.60,759.00,760.60,0.62,0.35,0.27,1
617615.62,1285984.00,760.60,759.00,760.60,0.63,0.35,0.27,1
617707.88,1285984.00,761.59,760.00,761.59,0.62,0.34,0.26,1
617800.12,1285984.00,768.59,767.00,768.59,0.61,0.33,0.25,1
617892.44,1285984.00,782.58,781.00,782.58,0.61,0.33,0.25,1
617984.69,1285984.00,799.57,798.00,799.57,0.61,0.33,0.25,1
618077.00,1285984.00,809.56,808.00,809.56,0.61,0.34,0.26,1
618169.25,1285984.00,814.53,813.00,814.53,0.62,0.35,0.27,1
618261.56,1285984.00,815.49,814.00,815.49,0.63,0.36,0.28,1
618353.81,1285984.00,809.45,808.00,809.45,0.63,0.36,0.28,1
618446.12,1285984.00,802.43,801.00,802.43,0.63,0.36,0.28,1
618538.38,1285984.00,796.41,795.00,796.41,0.63,0.36,0.28,1
618630.62,1285984.00,785.41,784.00,785.41,0.63,0.36,0.28,1
618722.94,1285984.00,782.41,781.00,782.41,0.62,0.35,0.27,1
618815.19,1285984.00,791.42,790.00,791.42,0.61,0.34,0.26,1
618907.50,1285984.00,805.44,804.00,805.44,0.61,0.34,0.26,1
618999.75,1285984.00,816.46,815.00,816.46,0.61,0.34,0.26,1
619092.06,1285984.00,832.48,831.00,832.48,0.61,0.33,0.25,1
619184.31,1285984.00,848.51,847.00,848.51,0.61,0.33,0.25,1
619276.62,1285984.00,863.53,862.00,863.53,0.63,0.35,0.27,1
619368.88,1285984.00,854.60,853.00,854.60,0.66,0.38,0.30,1
619461.19,1285984.00,818.88,817.00,818.88,0.66,0.37,0.29,1
619553.44,1285984.00,797.41,795.00,797.41,0.64,0.33,0.25,1
619645.69,1285984.00,792.71,790.00,792.71,0.62,0.31,0.22,1
619738.00,1285984.00,790.76,788.00,790.76,0.62,0.31,0.22,1
619830.25,1285984.00,791.71,789.00,791.71,0.62,0.31,0.22,1
619922.56,1285984.00,790.57,788.00,790.57,0.62,0.31,0.23,1
620014.81,1285984.00,788.33,786.00,788.33,0.62,0.32,0.24,1
620107.12,1285984.00,793.09,791.00,793.09,0.62,0.33,0.24,1
620199.38,1285984.00,806.92,805.00,806.92,0.62,0.33,0.25,1
620291.69,1285984.00,812.83,811.00,812.83,0.63,0.34,0.26,1
620383.94,1285984.00,804.77,803.00,804.77,0.64,0.35,0.27,1
620476.19,1285984.00,792.74,791.00,792.74,0.64,0.35,0.27,1
620568.50,1285984.00,781.73,780.00,781.73,0.64,0.35,0.27,1
620660.75,1285984.00,777.72,776.00,777.72,0.63,0.35,0.27,1
620753.06,1285984.00,784.71,783.00,784.71,0.63,0.35,0.27,1
620845.31,1285984.00,793.70,792.00,793.70,0.63,0.35,0.27,1
620937.62,1285984.00,799.70,798.00,799.70,0.64,0.36,0.28,1
621029.88,1285984.00,792.71,791.00,792.71,0.65,0.37,0.29,1
621122.19,1285984.00,782.74,781.00,782.74,0.65,0.36,0.28,1
621214.44,1285984.00,779.78,778.00,779.78,0.64,0.36,0.28,1
621306.69,1285984.00,774.84,773.00,774.84,0.64,0.35,0.27,1
621399.00,1285984.00,772.93,771.00,772.93,0.63,0.34,0.25,1
621491.25,1285984.00,779.00,777.00,779.00,0.61,0.32,0.24,1
621583.56,1285984.00,787.00,785.00,787.00,0.61,0.32,0.24,1
621675.81,1285984.00,789.98,788.00,789.98,0.62,0.33,0.25,1
621768.12,1285984.00,787.94,786.00,787.94,0.63,0.34,0.26,1
621860.38,1285984.00,785.87,784.00,785.87,0.63,0.34,0.26,1
621952.69,1285984.00,790.79,789.00,790.79,0.62,0.33,0.25,1
622044.94,1285984.00,801.72,800.00,801.72,0.62,0.34,0.26,1
622137.19,1285984.00,802.68,801.00,802.68,0.64,0.36,0.28,1
622229.50,1285984.00,789.66,788.00,789.66,0.65,0.37,0.29,1
622321.75,1285984.00,776.64,775.00,776.64,0.65,0.37,0.29,1
622414.06,1285984.00,767.64,766.00,767.64,0.64,0.36,0.28,1
622506.31,1285984.00,766.63,765.00,766.63,0.62,0.34,0.26,1
622598.62,1285984.00,774.62,773.00,774.62,0.62,0.34,0.26,1
622690.88,1285984.00,774.61,773.00,774.61,0.63,0.35,0.27,1
622783.19,1285984.00,767.61,766.00,767.61,0.64,0.36,0.28,1
622875.44,1285984.00,761.62,760.00,761.62,0.63,0.35,0.27,1
622967.69,1285984.00,759.62,758.00,759.62,0.63,0.35,0.27,1
623060.00,1285984.00,761.62,760.00,761.62,0.62,0.34,0.26,1
623152.25,1285984.00,767.62,766.00,767.62,0.61,0.33,0.25,1
623244.56,1285984.00,768.62,767.00,768.62,0.62,0.34,0.26,1
623336.81,1285984.00,760.62,759.00,760.62,0.63,0.35,0.27,1
623429.12,1285984.00,748.62,747.00,748.62,0.63,0.35,0.27,1
623521.38,1285984.00,746.62,745.00,746.62,0.62,0.34,0.26,1
623613.69,1285984.00,748.62,747.00,748.62,0.61,0.33,0.25,1
623705.94,1285984.00,758.62,757.00,758.62,0.60,0.32,0.24,1
623798.19,1285984.00,767.62,766.00,767.62,0.60,0.32,0.24,1
623890.50,1285984.00,775.63,774.00,775.63,0.61,0.33,0.25,1
623982.75,1285984.00,782.64,781.00,782.64,0.62,0.34,0.26,1
624075.06,1285984.00,784.66,783.00,784.66,0.62,0.34,0.26,1
624167.31,1285984.00,777.67,776.00,777.67,0.63,0.35,0.27,1
624259.62,1285984.00,767.67,766.00,767.67,0.64,0.35,0.27,1
624351.88,1285984.00,764.67,763.00,764.67,0.63,0.35,0.27,1
624444.19,1285984.00,771.67,770.00,771.67,0.62,0.34,0.26,1
624536.44,1285984.00,780.67,779.00,780.67,0.61,0.33,0.25,1
624628.69,1285984.00,787.65,786.00,787.65,0.62,0.34,0.26,1
624721.00,1285984.00,780.63,779.00,780.63,0.63,0.35,0.27,1
624813.25,1285984.00,763.59,762.00,763.59,0.63,0.36,0.28,1
624905.56,1285984.00,761.52,760.00,761.52,0.63,0.35,0.27,1
624997.81,1285984.00,768.43,767.00,768.43,0.63,0.36,0.28,1
625090.12,1285984.00,767.31,766.00,767.31,0.64,0.37,0.30,1
625182.38,1285984.00,766.20,765.00,766.20,0.64,0.38,0.31,1
625274.69,1285984.00,765.12,764.00,765.12,0.64,0.38,0.31,1
625366.94,1285984.00,766.03,765.04,766.03,0.57,0.32,0.25,1
625459.19,1285984.00,-9999.00,-9999.00,-9999.00,0.71,0.71,0.71,0
614385.88,1285891.75,-9999.00,-9999.00,-9999.00,0.71,0.71,0.71,0
614478.12,1285891.75,786.22,785.00,786.22,0.33,0.07,-0.01,1
614570.44,1285891.75,782.33,781.00,782.33,0.64,0.37,0.30,1
614662.69,1285891.75,774.35,773.00,774.35,0.63,0.36,0.29,1
614755.00,1285891.75,769.40,768.00,769.40,0.62,0.35,0.27,1
614847.25,1285891.75,760.47,759.00,760.47,0.61,0.34,0.26,1
614939.56,1285891.75,750.55,749.00,750.55,0.62,0.34,0.26,1
615031.81,1285891.75,757.60,756.00,757.60,0.62,0.34,0.26,1
615124.12,1285891.75,771.64,770.00,771.64,0.63,0.35,0.27,1
615216.38,1285891.75,770.66,769.00,770.66,0.64,0.36,0.28,1
615308.62,1285891.75,761.68,760.00,761.68,0.64,0.36,0.28,1
615400.94,1285891.75,746.68,745.00,746.68,0.63,0.35,0.27,1
615493.19,1285891.75,740.69,739.00,740.69,0.62,0.34,0.26,1
615585.50,1285891.75,746.69,745.00,746.69,0.62,0.34,0.26,1
615677.75,1285891.75,759.69,758.00,759.69,0.62,0.34,0.26,1
615770.06,1285891.75,759.69,758.00,759.69,0.63,0.35,0.26,1
615862.31,1285891.75,749.69,748.00,749.69,0.63,0.34,0.26,1
615954.62,1285891.75,740.68,739.00,740.68,0.62,0.34,0.26,1
616046.88,1285891.75,739.68,738.00,739.68,0.63,0.34,0.26,1
616139.12,1285891.75,745.66,744.00,745.66,0.63,0.35,0.27,1
616231.44,1285891.75,742.65,741.00,742.65,0.63,0.35,0.27,1
616323.69,1285891.75,737.62,736.00,737.62,0.63,0.35,0.27,1
616416.00,1285891.75,735.60,734.00,735.60,0.62,0.35,0.27,1
616508.25,1285891.75,735.57,734.00,735.57,0.63,0.35,0.27,1
616600.56,1285891.75,733.56,732.00,733.56,0.62,0.35,0.27,1
616692.81,1285891.75,731.55,730.00,731.55,0.62,0.34,0.27,1
616785.12,1285891.75,732.55,731.00,732.55,0.62,0.34,0.26,1
616877.38,1285891.75,733.55,732.00,733.55,0.62,0.34,0.26,1
616969.62,1285891.75,735.55,734.00,735.55,0.62,0.34,0.26,1
617061.94,1285891.75,741.56,740.00,741.56,0.61,0.33,0.25,1
617154.19,1285891.75,757.57,756.00,757.57,0.60,0.32,0.24,1
617246.50,1285891.75,768.58,767.00,768.58,0.61,0.33,0.25,1
617338.75,1285891.75,772.59,771.00,772.59,0.62,0.35,0.27,1
617431.06,1285891.75,768.59,767.00,768.59,0.63,0.35,0.27,1
617523.31,1285891.75,766.59,765.00,766.59,0.62,0.34,0.26,1
617615.62,1285891.75,768.59,767.00,768.59,0.62,0.34,0.26,1
617707.88,1285891.75,766.59,765.00,766.59,0.62,0.34,0.26,1
617800.12,1285891.75,771.58,770.00,771.58,0.61,0.33,0.25,1
617892.44,1285891.75,784.58,783.00,784.58,0.60,0.33,0.25,1
617984.69,1285891.75,799.56,798.00,799.56,0.61,0.33,0.25,1
618077.00,1285891.75,806.54,805.00,806.54,0.61,0.33,0.25,1
618169.25,1285891.75,816.51,815.00,816.51,0.62,0.34,0.26,1
618261.56,1285891.75,819.47,818.00,819.47,0.63,0.35,0.28,1
618353.81,1285891.75,807.43,806.00,807.43,0.63,0.36,0.28,1
618446.12,1285891.75,798.41,797.00,798.41,0.62,0.35,0.27,1
618538.38,1285891.75,793.40,792.00,793.40,0.62,0.35,0.28,1
618630.62,1285891.75,787.40,786.00,787.40,0.63,0.36,0.28,1
618722.94,1285891.75,785.41,784.00,785.41,0.62,0.35,0.27,1
618815.19,1285891.75,793.42,792.00,793.42,0.61,0.34,0.27,1
618907.50,1285891.75,807.44,806.00,807.44,0.61,0.34,0.26,1
618999.75,1285891.75,823.45,822.00,823.45,0.61,0.34,0.26,1
619092.06,1285891.75,836.46,835.00,836.46,0.61,0.34,0.26,1
619184.31,1285891.75,853.45,852.00,853.45,0.60,0.33,0.25,1
619276.62,1285891.75,872.41,871.00,872.41,0.62,0.35,0.27,1
619368.88,1285891.75,874.35,873.00,874.35,0.66,0.39,0.31,1
619461.19,1285891.75,853.51,852.00,853.51,0.67,0.40,0.32,1
619553.44,1285891.75,830.10,828.00,830.10,0.65,0.36,0.27,1
619645.69,1285891.75,814.77,812.00,814.77,0.63,0.32,0.23,1
619738.00,1285891.75,804.99,802.00,804.99,0.62,0.31,0.22,1
619830.25,1285891.75,803.96,801.00,803.96,0.62,0.30,0.21,1
619922.56,1285891.75,803.82,801.00,803.82,0.62,0.31,0.22,1
620014.81,1285891.75,802.55,800.00,802.55,0.62,0.31,0.22,1
620107.12,1285891.75,812.25,810.00,812.25,0.62,0.32,0.23,1
620199.38,1285891.75,822.04,820.00,822.04,0.62,0.33,0.25,1
620291.69,1285891.75,816.90,815.00,816.90,0.63,0.34,0.26,1
620383.94,1285891.75,801.82,800.00,801.82,0.63,0.34,0.26,1
620476.19,1285891.75,795.78,794.00,795.78,0.63,0.35,0.27,1
620568.50,1285891.75,798.76,797.00,798.76,0.63,0.35,0.27,1
620660.75,1285891.75,803.75,802.00,803.75,0.64,0.35,0.27,1
620753.06,1285891.75,810.73,809.00,810.73,0.64,0.35,0.27,1
620845.31,1285891.75,820.73,819.00,820.73,0.64,0.35,0.27,1
620937.62,1285891.75,824.72,823.00,824.72,0.64,0.36,0.28,1
621029.88,1285891.75,822.72,821.00,822.72,0.64,0.36,0.28,1
621122.19,1285891.75,820.73,819.00,820.73,0.65,0.36,0.28,1
621214.44,1285891.75,819.75,818.00,819.75,0.65,0.37,0.29,1
621306.69,1285891.75,810.81,809.00,810.81,0.65,0.37,0.29,1
621399.00,1285891.75,794.94,793.00,794.94,0.65,0.36,0.28,1
621491.25,1285891.75,782.16,780.00,782.16,0.63,0.34,0.25,1
621583.56,1285891.75,782.28,780.00,782.28,0.62,0.32,0.23,1
621675.81,1285891.75,790.28,788.00,790.28,0.61,0.31,0.23,1
621768.12,1285891.75,800.23,798.00,800.23,0.62,0.32,0.23,1
621860.38,1285891.75,802.12,800.00,802.12,0.63,0.33,0.25,1
621952.69,1285891.75,800.96,799.00,800.96,0.63,0.34,0.25,1
622044.94,1285891.75,806.84,805.00,806.84,0.62,0.33,0.25,1
622137.19,1285891.75,809.76,808.00,809.76,0.63,0.34,0.26,1
622229.50,1285891.75,804.71,803.00,804.71,0.64,0.36,0.28,1
622321.75,1285891.75,797.69,796.00,797.69,0.65,0.37,0.29,1
622414.06,1285891.75,782.67,781.00,782.67,0.65,0.37,0.29,1
622506.31,1285891.75,772.66,771.00,772.66,0.63,0.35,0.27,1
622598.62,1285891.75,776.65,775.00,776.65,0.62,0.34,0.26,1
622690.88,1285891.75,779.64,778.00,779.64,0.63,0.34,0.26,1
622783.19,1285891.75,774.64,773.00,774.64,0.63,0.35,0.27,1
622875.44,1285891.75,770.64,769.00,770.64,0.63,0.35,0.27,1
622967.69,1285891.75,769.64,768.00,769.64,0.63,0.35,0.27,1
623060.00,1285891.75,763.64,762.00,763.64,0.63,0.35,0.27,1
623152.25,1285891.75,762.64,761.00,762.64,0.62,0.34,0.26,1
623244.56,1285891.75,763.63,762.00,763.63,0.61,0.34,0.26,1
623336.81,1285891.75,757.62,756.00,757.62,0.62,0.34,0.26,1
623429.12,1285891.75,748.62,747.00,748.62,0.63,0.35,0.27,1
623521.38,1285891.75,746.61,745.00,746.61,0.62,0.34,0.26,1
623613.69,1285891.75,745.61,744.00,745.61,0.62,0.34,0.26,1
623705.94,1285891.75,748.61,747.00,748.61,0.61,0.33,0.25,1
623798.19,1285891.75,757.62,756.00,757.62,0.60,0.32,0.24,1
623890.50,1285891.75,772.63,771.00,772.63,0.60,0.32,0.24,1
623982.75,1285891.75,781.64,780.00,781.64,0.61,0.33,0.25,1
624075.06,1285891.75,782.66,781.00,782.66,0.62,0.34,0.26,1
624167.31,1285891.75,778.67,777.00,778.67,0.62,0.34,0.26,1
624259.62,1285891.75,778.67,777.00,778.67,0.63,0.35,0.27,1
624351.88,1285891.75,777.67,776.00,777.67,0.63,0.35,0.27,1
624444.19,1285891.75,780.67,779.00,780.67,0.63,0.35,0.27,1
624536.44,1285891.75,784.67,783.00,784.67,0.62,0.34,0.26,1
624628.69,1285891.75,787.65,786.00,787.65,0.62,0.34,0.26,1
624721.00,1285891.75,779.63,778.00,779.63,0.63,0.35,0.27,1
624813.25,1285891.75,765.59,764.00,765.59,0.63,0.35,0.27,1
624905.56,1285891.75,767.52,766.00,767.52,0.62,0.34,0.27,1
624997.81,1285891.75,780.43,779.00,780.43,0.63,0.35,0.28,1
625090.12,1285891.75,781.30,780.00,781.30,0.64,0.37,0.29,1
625182.38,1285891.75,783.19,782.00,783.19,0.64,0.38,0.30,1
625274.69,1285891.75,782.11,781.00,782.11,0.65,0.39,0.32,1
625366.94,1285891.75,772.51,771.53,772.51,0.57,0.32,0.25,1
625459.19,1285891.75,-9999.00,-9999.00,-9999.00,0.71,0.71,0.71,0
614385.88,1285799.38,-9999.00,-9999.00,-9999.00,0.71,0.71,0.71,0
614478.12,1285799.38,794.19,793.00,794.19,0.33,0.07,-0.01,1
614570.44,1285799.38,789.27,788.00,789.27,0.64,0.37,0.30,1
614662.69,1285799.38,774.33,773.00,774.33,0.64,0.38,0.30,1
614755.00,1285799.38,761.39,760.00,761.39,0.64,0.37,0.29,1
614847.25,1285799.38,749.47,748.00,749.47,0.62,0.35,0.27,1
614939.56,1285799.38,754.55,753.00,754.55,0.62,0.34,0.26,1
615031.81,1285799.38,770.60,769.00,770.60,0.61,0.33,0.26,1
615124.12,1285799.38,781.64,780.00,781.64,0.62,0.34,0.26,1
615216.38,1285799.38,779.66,778.00,779.66,0.63,0.35,0.27,1
615308.62,1285799.38,767.68,766.00,767.68,0.64,0.35,0.27,1
615400.94,1285799.38,749.68,748.00,749.68,0.63,0.35,0.27,1
615493.19,1285799.38,744.69,743.00,744.69,0.62,0.34,0.26,1
615585.50,1285799.38,756.69,755.00,756.69,0.62,0.33,0.25,1
615677.75,1285799.38,766.69,765.00,766.69,0.62,0.34,0.26,1
615770.06,1285799.38,759.69,758.00,759.69,0.63,0.35,0.27,1
615862.31,1285799.38,746.69,745.00,746.69,0.63,0.35,0.27,1
615954.62,1285799.38,744.68,743.00,744.68,0.62,0.34,0.26,1
616046.88,1285799.38,753.67,752.00,753.67,0.63,0.34,0.26,1
616139.12,1285799.38,758.66,757.00,758.66,0.63,0.35,0.27,1
616231.44,1285799.38,752.64,751.00,752.64,0.64,0.36,0.28,1
616323.69,1285799.38,742.62,741.00,742.62,0.63,0.35,0.27,1
616416.00,1285799.38,737.59,736.00,737.59,0.63,0.35,0.27,1
616508.25,1285799.38,738.56,737.00,738.56,0.62,0.35,0.27,1
616600.56,1285799.38,736.55,735.00,736.55,0.63,0.35,0.27,1
616692.81,1285799.38,734.54,733.00,734.54,0.63,0.35,0.27,1
616785.12,1285799.38,734.54,733.00,734.54,0.62,0.35,0.27,1
616877.38,1285799.38,736.54,735.00,736.54,0.62,0.35,0.27,1
616969.62,1285799.38,740.55,739.00,740.55,0.63,0.35,0.27,1
617061.94,1285799.38,737.55,736.00,737.55,0.62,0.34,0.26,1
617154.19,1285799.38,747.57,746.00,747.57,0.60,0.32,0.24,1
617246.50,1285799.38,758.57,757.00,758.57,0.60,0.32,0.24,1
617338.75,1285799.38,764.58,763.00,764.58,0.60,0.33,0.25,1
617431.06,1285799.38,762.58,761.00,762.58,0.61,0.33,0.26,1
617523.31,1285799.38,760.58,759.00,760.58,0.61,0.33,0.26,1
617615.62,1285799.38,761.58,760.00,761.58,0.61,0.33,0.26,1
617707.88,1285799.38,763.58,762.00,763.58,0.62,0.34,0.26,1
617800.12,1285799.38,770.57,769.00,770.57,0.61,0.34,0.26,1
617892.44,1285799.38,783.57,782.00,783.57,0.61,0.33,0.25,1
617984.69,1285799.38,796.55,795.00,796.55,0.61,0.33,0.25,1
618077.00,1285799.38,806.53,805.00,806.53,0.61,0.33,0.25,1
618169.25,1285799.38,818.49,817.00,818.49,0.62,0.34,0.26,1
618261.56,1285799.38,817.45,816.00,817.45,0.63,0.35,0.27,1
618353.81,1285799.38,801.42,800.00,801.42,0.63,0.36,0.28,1
618446.12,1285799.38,790.40,789.00,790.40,0.62,0.35,0.27,1
618538.38,1285799.38,788.40,787.00,788.40,0.62,0.35,0.27,1
618630.62,1285799.38,788.40,787.00,788.40,0.62,0.35,0.28,1
618722.94,1285799.38,789.40,788.00,789.40,0.62,0.35,0.27,1
618815.19,1285799.38,801.42,800.00,801.42,0.61,0.34,0.27,1
618907.50,1285799.38,817.44,816.00,817.44,0.61,0.34,0.26,1
618999.75,1285799.38,835.45,834.00,835.45,0.62,0.34,0.26,1
619092.06,1285799.38,845.44,844.00,845.44,0.62,0.35,0.27,1
619184.31,1285799.38,857.42,856.00,857.42,0.61,0.34,0.26,1
619276.62,1285799.38,881.34,880.00,881.34,0.61,0.34,0.26,1
619368.88,1285799.38,900.15,899.00,900.15,0.64,0.38,0.30,1
619461.19,1285799.38,896.91,896.00,896.91,0.68,0.44,0.36,1
619553.44,1285799.38,874.04,873.00,874.04,0.69,0.44,0.36,1
619645.69,1285799.38,851.73,850.00,851.73,0.66,0.38,0.30,1
619738.00,1285799.38,839.46,837.00,839.46,0.64,0.34,0.25,1
619830.25,1285799.38,828.87,826.00,828.87,0.63,0.32,0.23,1
619922.56,1285799.38,820.88,818.00,820.88,0.63,0.31,0.22,1
620014.81,1285799.38,814.66,812.00,814.66,0.62,0.31,0.23,1
620107.12,1285799.38,819.35,817.00,819.35,0.62,0.31,0.23,1
620199.38,1285799.38,823.12,821.00,823.12,0.61,0.32,0.24,1
620291.69,1285799.38,813.98,812.00,813.98,0.62,0.33,0.25,1
620383.94,1285799.38,805.89,804.00,805.89,0.63,0.34,0.26,1
620476.19,1285799.38,814.83,813.00,814.83,0.62,0.34,0.26,1
620568.50,1285799.38,827.80,826.00,827.80,0.63,0.34,0.26,1
620660.75,1285799.38,838.78,837.00,838.78,0.63,0.34,0.26,1
620753.06,1285799.38,849.77,848.00,849.77,0.63,0.34,0.26,1
620845.31,1285799.38,858.76,857.00,858.76,0.64,0.35,0.27,1
620937.62,1285799.38,856.75,855.00,856.75,0.65,0.36,0.28,1
621029.88,1285799.38,850.75,849.00,850.75,0.65,0.36,0.28,1
621122.19,1285799.38,849.75,848.00,849.75,0.64,0.36,0.27,1
621214.44,1285799.38,854.72,853.00,854.72,0.64,0.36,0.28,1
621306.69,1285799.38,850.67,849.00,850.67,0.65,0.37,0.29,1
621399.00,1285799.38,835.75,834.00,835.75,0.66,0.38,0.30,1
621491.25,1285799.38,814.07,812.00,814.07,0.65,0.36,0.27,1
621583.56,1285799.38,798.41,796.00,798.41,0.64,0.33,0.25,1
621675.81,1285799.38,796.52,794.00,796.52,0.62,0.32,0.23,1
621768.12,1285799.38,803.51,801.00,803.51,0.61,0.31,0.22,1
621860.38,1285799.38,814.40,812.00,814.40,0.62,0.32,0.23,1
621952.69,1285799.38,815.19,813.00,815.19,0.63,0.33,0.25,1
622044.94,1285799.38,812.99,811.00,812.99,0.63,0.34,0.25,1
622137.19,1285799.38,817.85,816.00,817.85,0.62,0.34,0.26,1
622229.50,1285799.38,824.77,823.00,824.77,0.64,0.35,0.27,1
622321.75,1285799.38,815.72,814.00,815.72,0.65,0.36,0.28,1
622414.06,1285799.38,796.69,795.00,796.69,0.65,0.37,0.29,1
622506.31,1285799.38,789.68,788.00,789.68,0.64,0.36,0.28,1
622598.62,1285799.38,785.67,784.00,785.67,0.64,0.36,0.28,1
622690.88,1285799.38,779.67,778.00,779.67,0.63,0.35,0.27,1
622783.19,1285799.38,773.67,772.00,773.67,0.63,0.35,0.27,1
622875.44,1285799.38,768.67,767.00,768.67,0.62,0.34,0.26,1
622967.69,1285799.38,767.66,766.00,767.66,0.62,0.34,0.26,1
623060.00,1285799.38,764.66,763.00,764.66,0.62,0.34,0.26,1
623152.25,1285799.38,757.65,756.00,757.65,0.62,0.34,0.26,1
623244.56,1285799.38,753.63,752.00,753.63,0.62,0.34,0.26,1
623336.81,1285799.38,750.62,749.00,750.62,0.62,0.34,0.26,1
623429.12,1285799.38,747.61,746.00,747.61,0.62,0.34,0.26,1
623521.38,1285799.38,747.61,746.00,747.61,0.62,0.34,0.26,1
623613.69,1285799.38,745.61,744.00,745.61,0.62,0.35,0.27,1
623705.94,1285799.38,744.61,743.00,744.61,0.62,0.34,0.26,1
623798.19,1285799.38,754.62,753.00,754.62,0.60,0.32,0.24,1
623890.50,1285799.38,770.63,769.00,770.63,0.60,0.32,0.24,1
623982.75,1285799.38,775.64,774.00,775.64,0.61,0.33,0.25,1
624075.06,1285799.38,776.66,775.00,776.66,0.61,0.33,0.25,1
624167.31,1285799.38,780.67,779.00,780.67,0.62,0.34,0.26,1
624259.62,1285799.38,783.67,782.00,783.67,0.63,0.35,0.27,1
624351.88,1285799.38,784.67,783.00,784.67,0.63,0.35,0.26,1
624444.19,1285799.38,791.67,790.00,791.67,0.62,0.34,0.26,1
624536.44,1285799.38,793.67,792.00,793.67,0.63,0.35,0.27,1
624628.69,1285799.38,789.65,788.00,789.65,0.63,0.35,0.27,1
624721.00,1285799.38,779.63,778.00,779.63,0.63,0.35,0.27,1
624813.25,1285799.38,767.58,766.00,767.58,0.63,0.35,0.27,1
624905.56,1285799.38,774.52,773.00,774.52,0.62,0.34,0.26,1
624997.81,1285799.38,788.42,787.00,788.42,0.62,0.35,0.27,1
625090.12,1285799.38,788.30,787.00,788.30,0.63,0.37,0.29,1
625182.38,1285799.38,793.18,792.00,793.18,0.64,0.38,0.30,1
625274.69,1285799.38,789.10,788.00,789.10,0.64,0.39,0.31,1
625366.94,1285799.38,781.04,780.06,781.04,0.57,0.32,0.25,1
625459.19,1285799.38,-9999.00,-9999.00,-9999.00,0.71,0.71,0.71,0
614385.88,1285707.12,-9999.00,-9999.00,-9999.00,0.71,0.71,0.71,0
614478.12,1285707.12,789.13,788.00,789.13,0.32,0.06,-0.01,1
614570.44,1285707.12,788.20,787.00,788.20,0.63,0.36,0.29,1
614662.69,1285707.12,780.28,779.00,780.28,0.64,0.38,0.30,1
614755.00,1285707.12,767.37,766.00,767.37,0.65,0.38,0.30,1
614847.25,1285707.12,755.46,754.00,755.46,0.63,0.36,0.28,1
614939.56,1285707.12,765.54,764.00,765.54,0.62,0.34,0.27,1
615031.81,1285707.12,774.59,773.00,774.59,0.62,0.34,0.26,1
615124.12,1285707.12,774.63,773.00,774.63,0.62,0.34,0.26,1
615216.38,1285707.12,770.66,769.00,770.66,0.62,0.34,0.26,1
615308.62,1285707.12,762.68,761.00,762.68,0.63,0.34,0.26,1
615400.94,1285707.12,751.68,750.00,751.68,0.63,0.35,0.27,1
615493.19,1285707.12,754.69,753.00,754.69,0.62,0.34,0.26,1
615585.50,1285707.12,762.69,761.00,762.69,0.62,0.33,0.25,1
615677.75,1285707.12,766.69,765.00,766.69,0.62,0.34,0.26,1
615770.06,1285707.12,756.69,755.00,756.69,0.63,0.35,0.27,1
615862.31,1285707.12,748.69,747.00,748.69,0.63,0.34,0.26,1
615954.62,1285707.12,755.68,754.00,755.68,0.62,0.34,0.26,1
616046.88,1285707.12,766.67,765.00,766.67,0.62,0.34,0.26,1
616139.12,1285707.12,766.65,765.00,766.65,0.63,0.35,0.27,1
616231.44,1285707.12,758.63,757.00,758.63,0.63,0.35,0.27,1
616323.69,1285707.12,745.61,744.00,745.61,0.63,0.35,0.27,1
616416.00,1285707.12,739.58,738.00,739.58,0.63,0.35,0.27,1
616508.25,1285707.12,739.55,738.00,739.55,0.62,0.35,0.27,1
616600.56,1285707.12,737.54,736.00,737.54,0.62,0.35,0.27,1
616692.81,1285707.12,736.53,735.00,736.53,0.62,0.35,0.27,1
616785.12,1285707.12,737.53,736.00,737.53,0.62,0.35,0.27,1
616877.38,1285707.12,739.53,738.00,739.53,0.62,0.34,0.27,1
616969.62,1285707.12,742.53,741.00,742.53,0.62,0.35,0.27,1
617061.94,1285707.12,738.54,737.00,738.54,0.62,0.35,0.27,1
617154.19,1285707.12,742.55,741.00,742.55,0.62,0.34,0.27,1
617246.50,1285707.12,745.56,744.00,745.56,0.61,0.34,0.26,1
617338.75,1285707.12,748.57,747.00,748.57,0.61,0.33,0.25,1
617431.06,1285707.12,749.57,748.00,749.57,0.61,0.33,0.25,1
617523.31,1285707.12,750.57,749.00,750.57,0.61,0.33,0.25,1
617615.62,1285707.12,756.57,755.00,756.57,0.61,0.33,0.25,1
617707.88,1285707.12,768.57,767.00,768.57,0.62,0.34,0.26,1
617800.12,1285707.12,777.56,776.00,777.56,0.62,0.34,0.26,1
617892.44,1285707.12,790.55,789.00,790.55,0.62,0.34,0.26,1
617984.69,1285707.12,800.54,799.00,800.54,0.62,0.34,0.26,1
618077.00,1285707.12,809.51,808.00,809.51,0.62,0.34,0.26,1
618169.25,1285707.12,814.47,813.00,814.47,0.62,0.34,0.27,1
618261.56,1285707.12,808.44,807.00,808.44,0.63,0.35,0.27,1
618353.81,1285707.12,794.41,793.00,794.41,0.63,0.36,0.28,1
618446.12,1285707.12,785.40,784.00,785.40,0.62,0.35,0.28,1
618538.38,1285707.12,783.39,782.00,783.39,0.62,0.35,0.27,1
618630.62,1285707.12,788.39,787.00,788.39,0.61,0.34,0.27,1
618722.94,1285707.12,796.40,795.00,796.40,0.61,0.34,0.26,1
618815.19,1285707.12,810.42,809.00,810.42,0.61,0.34,0.26,1
618907.50,1285707.12,827.44,826.00,827.44,0.61,0.34,0.26,1
618999.75,1285707.12,843.45,842.00,843.45,0.61,0.34,0.26,1
619092.06,1285707.12,854.44,853.00,854.44,0.61,0.34,0.26,1
619184.31,1285707.12,869.41,868.00,869.41,0.61,0.34,0.26,1
619276.62,1285707.12,896.33,895.00,896.33,0.61,0.34,0.26,1
619368.88,1285707.12,919.13,918.00,919.13,0.62,0.36,0.29,1
619461.19,1285707.12,920.79,920.00,920.79,0.66,0.41,0.35,1
619553.44,1285707.12,912.54,912.00,912.54,0.70,0.48,0.41,1
619645.69,1285707.12,898.51,898.00,898.51,0.72,0.49,0.43,1
619738.00,1285707.12,883.86,883.00,883.86,0.69,0.45,0.38,1
619830.25,1285707.12,870.54,869.00,870.54,0.67,0.39,0.31,1
619922.56,1285707.12,858.26,856.00,858.26,0.65,0.35,0.26,1
620014.81,1285707.12,841.55,839.00,841.55,0.64,0.33,0.24,1
620107.12,1285707.12,824.36,822.00,824.36,0.63,0.33,0.24,1
620199.38,1285707.12,813.15,811.00,813.15,0.62,0.32,0.24,1
620291.69,1285707.12,812.04,810.00,812.04,0.62,0.32,0.24,1
620383.94,1285707.12,819.97,818.00,819.97,0.62,0.33,0.24,1
620476.19,1285707.12,833.91,832.00,833.91,0.62,0.33,0.25,1
620568.50,1285707.12,844.86,843.00,844.86,0.62,0.33,0.25,1
620660.75,1285707.12,851.84,850.00,851.84,0.62,0.34,0.25,1
620753.06,1285707.12,858.83,857.00,858.83,0.62,0.33,0.25,1
620845.31,1285707.12,870.82,869.00,870.82,0.62,0.33,0.25,1
620937.62,1285707.12,880.81,879.00,880.81,0.63,0.35,0.26,1
621029.88,1285707.12,879.82,878.00,879.82,0.64,0.36,0.27,1
621122.19,1285707.12,871.81,870.00,871.81,0.64,0.35,0.27,1
621214.44,1285707.12,865.77,864.00,865.77,0.63,0.35,0.26,1
621306.69,1285707.12,866.71,865.00,866.71,0.63,0.35,0.27,1
621399.00,1285707.12,866.65,865.00,866.65,0.65,0.36,0.28,1
621491.25,1285707.12,856.70,855.00,856.70,0.66,0.38,0.29,1
621583.56,1285707.12,843.03,841.00,843.03,0.65,0.36,0.27,1
621675.81,1285707.12,831.41,829.00,831.41,0.64,0.34,0.25,1
621768.12,1285707.12,823.60,821.00,823.60,0.63,0.32,0.24,1
621860.38,1285707.12,824.54,822.00,824.54,0.62,0.32,0.23,1
621952.69,1285707.12,830.35,828.00,830.35,0.62,0.32,0.23,1
622044.94,1285707.12,832.11,830.00,832.11,0.63,0.33,0.25,1
622137.19,1285707.12,835.92,834.00,835.92,0.63,0.34,0.26,1
622229.50,1285707.12,839.80,838.00,839.80,0.63,0.35,0.27,1
622321.75,1285707.12,830.73,829.00,830.73,0.64,0.36,0.28,1
622414.06,1285707.12,817.70,816.00,817.70,0.65,0.37,0.29,1
622506.31,1285707.12,808.68,807.00,808.68,0.65,0.37,0.29,1
622598.62,1285707.12,799.68,798.00,799.68,0.65,0.36,0.28,1
622690.88,1285707.12,789.69,788.00,789.69,0.64,0.36,0.28,1
622783.19,1285707.12,776.69,775.00,776.69,0.64,0.35,0.27,1
622875.44,1285707.12,767.69,766.00,767.69,0.63,0.35,0.27,1
622967.69,1285707.12,763.69,762.00,763.69,0.62,0.34,0.26,1
623060.00,1285707.12,760.68,759.00,760.68,0.62,0.34,0.26,1
623152.25,1285707.12,754.66,753.00,754.66,0.63,0.34,0.26,1
623244.56,1285707.12,751.64,750.00,751.64,0.63,0.35,0.27,1
623336.81,1285707.12,748.62,747.00,748.62,0.62,0.34,0.26,1
623429.12,1285707.12,747.61,746.00,747.61,0.62,0.34,0.26,1
623521.38,1285707.12,747.61,746.00,747.61,0.62,0.34,0.26,1
623613.69,1285707.12,748.61,747.00,748.61,0.62,0.34,0.26,1
623705.94,1285707.12,746.61,745.00,746.61,0.62,0.34,0.26,1
623798.19,1285707.12,750.62,749.00,750.62,0.61,0.33,0.25,1
623890.50,1285707.12,761.63,760.00,761.63,0.60,0.32,0.24,1
623982.75,1285707.12,764.64,763.00,764.64,0.61,0.33,0.25,1
624075.06,1285707.12,770.66,769.00,770.66,0.60,0.32,0.24,1
624167.31,1285707.12,789.67,788.00,789.67,0.61,0.33,0.25,1
624259.62,1285707.12,798.67,797.00,798.67,0.63,0.35,0.27,1
624351.88,1285707.12,797.67,796.00,797.67,0.63,0.35,0.27,1
624444.19,1285707.12,797.67,796.00,797.67,0.62,0.34,0.26,1
624536.44,1285707.12,797.67,796.00,797.67,0.62,0.34,0.26,1
624628.69,1285707.12,792.65,791.00,792.65,0.63,0.35,0.27,1
624721.00,1285707.12,778.62,777.00,778.62,0.63,0.35,0.27,1
624813.25,1285707.12,770.58,769.00,770.58,0.62,0.34,0.26,1
624905.56,1285707.12,782.52,781.00,782.52,0.61,0.34,0.26,1
624997.81,1285707.12,795.42,794.00,795.42,0.62,0.35,0.27,1
625090.12,1285707.12,799.30,798.00,799.30,0.63,0.36,0.29,1
625182.38,1285707.12,803.17,802.00,803.17,0.64,0.37,0.30,1
625274.69,1285707.12,795.09,794.00,795.09,0.64,0.38,0.31,1
625366.94,1285707.12,789.57,788.59,789.57,0.57,0.32,0.25,1
625459.19,1285707.12,-9999.00,-9999.00,-9999.00,0.71,0.71,0.71,0
614385.88,1285614.88,-9999.00,-9999.00,-9999.00,0.71,0.71,0.71,0
614478.12,1285614.88,774.09,773.00,774.09,0.31,0.06,-0.02,1
614570.44,1285614.88,779.13,778.00,779.13,0.61,0.35,0.27,1
614662.69,1285614.88,781.20,780.00,781.20,0.63,0.36,0.29,1
614755.00,1285614.88,775.32,774.00,775.32,0.64,0.37,0.30,1
614847.25,1285614.88,768.44,767.00,768.44,0.64,0.37,0.29,1
614939.56,1285614.88,774.53,773.00,774.53,0.62,0.35,0.27,1
615031.81,1285614.88,774.59,773.00,774.59,0.63,0.35,0.27,1
615124.12,1285614.88,768.63,767.00,768.63,0.63,0.35,0.27,1
615216.38,1285614.88,762.66,761.00,762.66,0.62,0.34,0.26,1
615308.62,1285614.88,758.67,757.00,758.67,0.63,0.34,0.26,1
615400.94,1285614.88,757.68,756.00,757.68,0.63,0.35,0.26,1
615493.19,1285614.88,757.69,756.00,757.69,0.62,0.34,0.26,1
615585.50,1285614.88,758.69,757.00,758.69,0.61,0.33,0.25,1
615677.75,1285614.88,759.69,758.00,759.69,0.61,0.33,0.25,1
615770.06,1285614.88,758.69,757.00,758.69,0.62,0.34,0.26,1
615862.31,1285614.88,754.68,753.00,754.68,0.62,0.34,0.26,1
615954.62,1285614.88,759.68,758.00,759.68,0.61,0.33,0.25,1
616046.88,1285614.88,767.66,766.00,767.66,0.62,0.34,0.26,1
616139.12,1285614.88,762.64,761.00,762.64,0.63,0.34,0.26,1
616231.44,1285614.88,752.62,751.00,752.62,0.62,0.34,0.26,1
616323.69,1285614.88,745.59,744.00,745.59,0.63,0.35,0.27,1
616416.00,1285614.88,740.56,739.00,740.56,0.63,0.35,0.27,1
616508.25,1285614.88,739.54,738.00,739.54,0.62,0.35,0.27,1
616600.56,1285614.88,736.53,735.00,736.53,0.62,0.35,0.27,1
616692.81,1285614.88,736.52,735.00,736.52,0.62,0.35,0.27,1
616785.12,1285614.88,739.52,738.00,739.52,0.62,0.35,0.27,1
616877.38,1285614.88,739.52,738.00,739.52,0.62,0.35,0.27,1
616969.62,1285614.88,740.52,739.00,740.52,0.62,0.34,0.26,1
617061.94,1285614.88,741.52,740.00,741.52,0.61,0.34,0.26,1
617154.19,1285614.88,754.53,753.00,754.53,0.62,0.35,0.27,1
617246.50,1285614.88,752.54,751.00,752.54,0.63,0.36,0.28,1
617338.75,1285614.88,747.55,746.00,747.55,0.63,0.35,0.27,1
617431.06,1285614.88,746.55,745.00,746.55,0.62,0.35,0.27,1
617523.31,1285614.88,749.56,748.00,749.56,0.62,0.34,0.26,1
617615.62,1285614.88,760.56,759.00,760.56,0.61,0.33,0.25,1
617707.88,1285614.88,775.55,774.00,775.55,0.61,0.33,0.25,1
617800.12,1285614.88,787.55,786.00,787.55,0.61,0.34,0.26,1
617892.44,1285614.88,798.54,797.00,798.54,0.62,0.34,0.26,1
617984.69,1285614.88,807.52,806.00,807.52,0.62,0.34,0.26,1
618077.00,1285614.88,811.49,810.00,811.49,0.62,0.35,0.27,1
618169.25,1285614.88,809.45,808.00,809.45,0.62,0.35,0.27,1
618261.56,1285614.88,802.42,801.00,802.42,0.63,0.36,0.28,1
618353.81,1285614.88,789.40,788.00,789.40,0.63,0.36,0.28,1
618446.12,1285614.88,780.39,779.00,780.39,0.62,0.35,0.27,1
618538.38,1285614.88,780.39,779.00,780.39,0.62,0.34,0.27,1
618630.62,1285614.88,786.39,785.00,786.39,0.61,0.34,0.26,1
618722.94,1285614.88,796.40,795.00,796.40,0.61,0.33,0.26,1
618815.19,1285614.88,814.43,813.00,814.43,0.60,0.33,0.25,1
618907.50,1285614.88,833.45,832.00,833.45,0.60,0.33,0.25,1
618999.75,1285614.88,847.45,846.00,847.45,0.61,0.33,0.25,1
619092.06,1285614.88,859.45,858.00,859.45,0.60,0.33,0.25,1
619184.31,1285614.88,884.42,883.00,884.42,0.60,0.33,0.25,1
619276.62,1285614.88,913.34,912.00,913.34,0.60,0.34,0.26,1
619368.88,1285614.88,922.16,921.00,922.16,0.61,0.35,0.27,1
619461.19,1285614.88,922.87,922.00,922.87,0.62,0.37,0.30,1
619553.44,1285614.88,936.55,936.00,936.55,0.64,0.41,0.35,1
619645.69,1285614.88,949.36,949.00,949.36,0.70,0.49,0.43,1
619738.00,1285614.88,938.30,938.00,938.30,0.73,0.53,0.48,1
619830.25,1285614.88,921.47,921.00,921.47,0.72,0.51,0.44,1
619922.56,1285614.88,899.09,898.00,899.09,0.69,0.43,0.35,1
620014.81,1285614.88,864.95,863.00,864.95,0.65,0.36,0.28,1
620107.12,1285614.88,831.23,829.00,831.23,0.64,0.34,0.26,1
620199.38,1285614.88,819.15,817.00,819.15,0.63,0.34,0.25,1
620291.69,1285614.88,821.07,819.00,821.07,0.63,0.33,0.25,1
620383.94,1285614.88,829.03,827.00,829.03,0.62,0.33,0.25,1
620476.19,1285614.88,841.98,840.00,841.98,0.62,0.33,0.25,1
620568.50,1285614.88,854.94,853.00,854.94,0.62,0.33,0.25,1
620660.75,1285614.88,861.93,860.00,861.93,0.63,0.34,0.26,1
620753.06,1285614.88,865.92,864.00,865.92,0.62,0.33,0.25,1
620845.31,1285614.88,881.92,880.00,881.92,0.62,0.33,0.24,1
620937.62,1285614.88,899.89,898.00,899.89,0.63,0.34,0.26,1
621029.88,1285614.88,894.87,893.00,894.87,0.64,0.36,0.27,1
621122.19,1285614.88,879.89,878.00,879.89,0.64,0.35,0.27,1
621214.44,1285614.88,870.92,869.00,870.92,0.63,0.34,0.26,1
621306.69,1285614.88,872.88,871.00,872.88,0.62,0.33,0.25,1
621399.00,1285614.88,880.78,879.00,880.78,0.62,0.34,0.26,1
621491.25,1285614.88,885.62,884.00,885.62,0.64,0.36,0.28,1
621583.56,1285614.88,882.48,881.00,882.48,0.65,0.38,0.30,1
621675.81,1285614.88,879.58,878.00,879.58,0.66,0.38,0.30,1
621768.12,1285614.88,867.96,866.00,867.96,0.65,0.36,0.28,1
621860.38,1285614.88,850.36,848.00,850.36,0.64,0.34,0.25,1
621952.69,1285614.88,844.38,842.00,844.38,0.63,0.33,0.24,1
622044.94,1285614.88,848.18,846.00,848.18,0.62,0.33,0.24,1
622137.19,1285614.88,850.96,849.00,850.96,0.63,0.34,0.25,1
622229.50,1285614.88,851.82,850.00,851.82,0.63,0.35,0.26,1
622321.75,1285614.88,843.74,842.00,843.74,0.64,0.35,0.27,1
622414.06,1285614.88,835.70,834.00,835.70,0.64,0.36,0.28,1
622506.31,1285614.88,832.68,831.00,832.68,0.65,0.36,0.28,1
622598.62,1285614.88,822.69,821.00,822.69,0.65,0.37,0.29,1
622690.88,1285614.88,802.71,801.00,802.71,0.65,0.36,0.28,1
622783.19,1285614.88,783.73,782.00,783.73,0.64,0.36,0.28,1
622875.44,1285614.88,773.73,772.00,773.73,0.63,0.35,0.27,1
622967.69,1285614.88,767.72,766.00,767.72,0.63,0.35,0.27,1
623060.00,1285614.88,762.70,761.00,762.70,0.63,0.35,0.27,1
623152.25,1285614.88,757.67,756.00,757.67,0.63,0.35,0.27,1
623244.56,1285614.88,754.64,753.00,754.64,0.63,0.35,0.27,1
623336.81,1285614.88,749.62,748.00,749.62,0.63,0.35,0.27,1
623429.12,1285614.88,747.62,746.00,747.62,0.62,0.34,0.26,1
623521.38,1285614.88,746.61,745.00,746.61,0.62,0.34,0.26,1
623613.69,1285614.88,744.61,743.00,744.61,0.62,0.34,0.26,1
623705.94,1285614.88,744.61,743.00,744.61,0.62,0.34,0.26,1
623798.19,1285614.88,745.62,744.00,745.62,0.62,0.34,0.26,1
623890.50,1285614.88,748.63,747.00,748.63,0.61,0.33,0.25,1
623982.75,1285614.88,758.64,757.00,758.64,0.61,0.33,0.25,1
624075.06,1285614.88,773.66,772.00,773.66,0.60,0.32,0.24,1
624167.31,1285614.88,793.67,792.00,793.67,0.60,0.32,0.24,1
624259.62,1285614.88,810.67,809.00,810.67,0.62,0.33,0.25,1
624351.88,1285614.88,809.67,808.00,809.67,0.63,0.35,0.27,1
624444.19,1285614.88,798.67,797.00,798.67,0.63,0.35,0.27,1
624536.44,1285614.88,795.66,794.00,795.66,0.62,0.34,0.26,1
624628.69,1285614.88,789.65,788.00,789.65,0.63,0.35,0.27,1
624721.00,1285614.88,775.63,774.00,775.63,0.63,0.35,0.27,1
624813.25,1285614.88,769.58,768.00,769.58,0.62,0.34,0.26,1
624905.56,1285614.88,783.52,782.00,783.52,0.60,0.33,0.25,1
624997.81,1285614.88,797.43,796.00,797.43,0.61,0.33,0.26,1
625090.12,1285614.88,804.30,803.00,804.30,0.62,0.35,0.28,1
625182.38,1285614.88,805.17,804.00,805.17,0.63,0.37,0.29,1
625274.69,1285614.88,797.08,796.00,797.08,0.64,0.38,0.31,1
625366.94,1285614.88,791.05,790.06,791.05,0.58,0.32,0.25,1
625459.19,1285614.88,-9999.00,-9999.00,-9999.00,0.71,0.71,0.71,0
614385.88,1285522.62,-9999.00,-9999.00,-9999.00,0.71,0.71,0.71,0
614478.12,1285522.62,763.06,762.00,763.06,0.31,0.05,-0.02,1
614570.44,1285522.62,767.11,766.00,767.11,0.61,0.35,0.27,1
614662.69,1285522.62,776.16,775.00,776.16,0.61,0.34,0.27,1
614755.00,1285522.62,781.27,780.00,781.27,0.62,0.36,0.28,1
614847.25,1285522.62,781.41,780.00,781.41,0.63,0.36,0.28,1
614939.56,1285522.62,777.51,776.00,777.51,0.62,0.34,0.27,1
615031.81,1285522.62,777.58,776.00,777.58,0.62,0.34,0.26,1
615124.12,1285522.62,772.63,771.00,772.63,0.62,0.34,0.26,1
615216.38,1285522.62,766.66,765.00,766.66,0.62,0.34,0.26,1
615308.62,1285522.62,767.67,766.00,767.67,0.63,0.35,0.27,1
615400.94,1285522.62,762.68,761.00,762.68,0.63,0.35,0.27,1
615493.19,1285522.62,754.69,753.00,754.69,0.63,0.35,0.27,1
615585.50,1285522.62,750.69,749.00,750.69,0.62,0.34,0.26,1
615677.75,1285522.62,749.69,748.00,749.69,0.61,0.33,0.25,1
615770.06,1285522.62,752.69,751.00,752.69,0.61,0.33,0.25,1
615862.31,1285522.62,749.68,748.00,749.68,0.61,0.33,0.25,1
615954.62,1285522.62,753.67,752.00,753.67,0.60,0.32,0.24,1
616046.88,1285522.62,764.65,763.00,764.65,0.61,0.33,0.25,1
616139.12,1285522.62,759.63,758.00,759.63,0.62,0.34,0.26,1
616231.44,1285522.62,746.60,745.00,746.60,0.62,0.35,0.27,1
616323.69,1285522.62,742.57,741.00,742.57,0.62,0.34,0.26,1
616416.00,1285522.62,741.55,740.00,741.55,0.62,0.35,0.27,1
616508.25,1285522.62,739.52,738.00,739.52,0.63,0.35,0.27,1
616600.56,1285522.62,735.51,734.00,735.51,0.63,0.35,0.27,1
616692.81,1285522.62,737.50,736.00,737.50,0.62,0.34,0.27,1
616785.12,1285522.62,740.50,739.00,740.50,0.62,0.35,0.27,1
616877.38,1285522.62,740.49,739.00,740.49,0.63,0.35,0.27,1
616969.62,1285522.62,739.49,738.00,739.49,0.62,0.35,0.27,1
617061.94,1285522.62,740.50,739.00,740.50,0.61,0.34,0.26,1
617154.19,1285522.62,753.51,752.00,753.51,0.60,0.33,0.25,1
617246.50,1285522.62,759.51,758.00,759.51,0.62,0.34,0.26,1
617338.75,1285522.62,757.52,756.00,757.52,0.63,0.35,0.27,1
617431.06,1285522.62,753.53,752.00,753.53,0.63,0.35,0.27,1
617523.31,1285522.62,753.53,752.00,753.53,0.62,0.35,0.27,1
617615.62,1285522.62,761.53,760.00,761.53,0.61,0.34,0.26,1
617707.88,1285522.62,774.53,773.00,774.53,0.60,0.33,0.25,1
617800.12,1285522.62,788.52,787.00,788.52,0.61,0.33,0.25,1
617892.44,1285522.62,800.51,799.00,800.51,0.61,0.33,0.25,1
617984.69,1285522.62,808.50,807.00,808.50,0.62,0.34,0.26,1
618077.00,1285522.62,808.47,807.00,808.47,0.62,0.35,0.27,1
618169.25,1285522.62,803.43,802.00,803.43,0.62,0.35,0.27,1
618261.56,1285522.62,797.41,796.00,797.41,0.63,0.35,0.28,1
618353.81,1285522.62,786.39,785.00,786.39,0.63,0.36,0.28,1
618446.12,1285522.62,775.39,774.00,775.39,0.62,0.35,0.27,1
618538.38,1285522.62,777.39,776.00,777.39,0.62,0.34,0.27,1
618630.62,1285522.62,784.39,783.00,784.39,0.61,0.34,0.26,1
618722.94,1285522.62,797.41,796.00,797.41,0.61,0.33,0.26,1
618815.19,1285522.62,811.44,810.00,811.44,0.60,0.32,0.25,1
618907.50,1285522.62,824.46,823.00,824.46,0.59,0.32,0.24,1
618999.75,1285522.62,842.47,841.00,842.47,0.59,0.32,0.24,1
619092.06,1285522.62,864.46,863.00,864.46,0.60,0.32,0.25,1
619184.31,1285522.62,892.43,891.00,892.43,0.60,0.32,0.25,1
619276.62,1285522.62,907.36,906.00,907.36,0.59,0.32,0.25,1
619368.88,1285522.62,907.24,906.00,907.24,0.59,0.32,0.25,1
619461.19,1285522.62,920.01,919.00,920.01,0.58,0.33,0.26,1
619553.44,1285522.62,946.70,946.00,946.70,0.58,0.34,0.27,1
619645.69,1285522.62,973.47,973.00,973.47,0.62,0.40,0.34,1
619738.00,1285522.62,977.37,977.00,977.37,0.70,0.49,0.43,1
619830.25,1285522.62,951.39,951.00,951.39,0.73,0.52,0.46,1
619922.56,1285522.62,913.69,913.00,913.69,0.70,0.46,0.39,1
620014.81,1285522.62,872.49,871.00,872.49,0.66,0.39,0.31,1
620107.12,1285522.62,845.96,844.00,845.96,0.65,0.36,0.27,1
620199.38,1285522.62,844.06,842.00,844.06,0.63,0.34,0.26,1
620291.69,1285522.62,852.05,850.00,852.05,0.63,0.34,0.25,1
620383.94,1285522.62,863.01,861.00,863.01,0.63,0.34,0.25,1
620476.19,1285522.62,875.00,873.00,875.00,0.63,0.34,0.26,1
620568.50,1285522.62,881.03,879.00,881.03,0.63,0.34,0.25,1
620660.75,1285522.62,889.05,887.00,889.05,0.63,0.33,0.25,1
620753.06,1285522.62,899.06,897.00,899.06,0.63,0.33,0.25,1
620845.31,1285522.62,910.02,908.00,910.02,0.63,0.33,0.25,1
620937.62,1285522.62,922.91,921.00,922.91,0.63,0.34,0.26,1
621029.88,1285522.62,920.87,919.00,920.87,0.65,0.36,0.28,1
621122.19,1285522.62,903.91,902.00,903.91,0.65,0.36,0.28,1
621214.44,1285522.62,886.10,884.00,886.10,0.64,0.35,0.26,1
621306.69,1285522.62,879.20,877.00,879.20,0.62,0.33,0.24,1
621399.00,1285522.62,886.10,884.00,886.10,0.61,0.32,0.23,1
621491.25,1285522.62,895.86,894.00,895.86,0.62,0.33,0.25,1
621583.56,1285522.62,904.50,903.00,904.50,0.63,0.35,0.27,1
621675.81,1285522.62,913.24,912.00,913.24,0.64,0.38,0.30,1
621768.12,1285522.62,917.18,916.00,917.18,0.67,0.41,0.33,1
621860.38,1285522.62,900.55,899.00,900.55,0.67,0.39,0.31,1
621952.69,1285522.62,874.07,872.00,874.07,0.65,0.36,0.27,1
622044.94,1285522.62,862.16,860.00,862.16,0.63,0.34,0.25,1
622137.19,1285522.62,859.98,858.00,859.98,0.63,0.34,0.25,1
622229.50,1285522.62,859.82,858.00,859.82,0.63,0.34,0.26,1
622321.75,1285522.62,850.73,849.00,850.73,0.63,0.35,0.27,1
622414.06,1285522.62,848.69,847.00,848.69,0.63,0.35,0.27,1
622506.31,1285522.62,852.67,851.00,852.67,0.64,0.36,0.28,1
622598.62,1285522.62,836.68,835.00,836.68,0.65,0.37,0.29,1
622690.88,1285522.62,808.72,807.00,808.72,0.65,0.37,0.29,1
622783.19,1285522.62,790.77,789.00,790.77,0.64,0.36,0.28,1
622875.44,1285522.62,781.78,780.00,781.78,0.64,0.35,0.27,1
622967.69,1285522.62,773.76,772.00,773.76,0.63,0.35,0.27,1
623060.00,1285522.62,767.72,766.00,767.72,0.63,0.35,0.27,1
623152.25,1285522.62,762.68,761.00,762.68,0.63,0.35,0.27,1
623244.56,1285522.62,757.65,756.00,757.65,0.63,0.35,0.27,1
623336.81,1285522.62,752.63,751.00,752.63,0.63,0.35,0.27,1
623429.12,1285522.62,748.62,747.00,748.62,0.62,0.35,0.27,1
623521.38,1285522.62,747.62,746.00,747.62,0.62,0.35,0.27,1
623613.69,1285522.62,746.62,745.00,746.62,0.63,0.35,0.27,1
623705.94,1285522.62,745.62,744.00,745.62,0.63,0.35,0.27,1
623798.19,1285522.62,746.62,745.00,746.62,0.63,0.35,0.27,1
623890.50,1285522.62,751.63,750.00,751.63,0.62,0.34,0.26,1
623982.75,1285522.62,763.65,762.00,763.65,0.61,0.33,0.25,1
624075.06,1285522.62,780.66,779.00,780.66,0.61,0.33,0.25,1
624167.31,1285522.62,795.67,794.00,795.67,0.61,0.32,0.24,1
624259.62,1285522.62,806.67,805.00,806.67,0.61,0.32,0.24,1
624351.88,1285522.62,807.67,806.00,807.67,0.62,0.34,0.26,1
624444.19,1285522.62,795.67,794.00,795.67,0.62,0.34,0.26,1
624536.44,1285522.62,789.66,788.00,789.66,0.62,0.33,0.25,1
624628.69,1285522.62,786.65,785.00,786.65,0.62,0.34,0.26,1
624721.00,1285522.62,781.62,780.00,781.62,0.63,0.35,0.27,1
624813.25,1285522.62,772.58,771.00,772.58,0.63,0.35,0.27,1
624905.56,1285522.62,778.52,777.00,778.52,0.61,0.33,0.25,1
624997.81,1285522.62,791.43,790.00,791.43,0.60,0.33,0.25,1
625090.12,1285522.62,799.31,798.00,799.31,0.61,0.34,0.26,1
625182.38,1285522.62,801.18,800.00,801.18,0.62,0.35,0.28,1
625274.69,1285522.62,797.08,796.00,797.08,0.63,0.37,0.30,1
625366.94,1285522.62,785.49,784.47,785.49,0.58,0.32,0.25,1
625459.19,1285522.62,-9999.00,-9999.00,-9999.00,0.71,0.71,0.71,0
614385.88,1285430.38,-9999.00,-9999.00,-9999.00,0.71,0.71,0.71,0
614478.12,1285430.38,769.06,768.00,769.06,0.31,0.05,-0.02,1
614570.44,1285430.38,764.11,763.00,764.11,0.63,0.37,0.30,1
614662.69,1285430.38,766.14,765.00,766.14,0.60,0.34,0.27,1
614755.00,1285430.38,778.25,777.00,778.25,0.61,0.34,0.27,1
614847.25,1285430.38,777.40,776.00,777.40,0.62,0.35,0.27,1
614939.56,1285430.38,766.50,765.00,766.50,0.62,0.34,0.26,1
615031.81,1285430.38,765.58,764.00,765.58,0.61,0.33,0.25,1
615124.12,1285430.38,764.62,763.00,764.62,0.61,0.33,0.25,1
615216.38,1285430.38,763.65,762.00,763.65,0.61,0.33,0.25,1
615308.62,1285430.38,771.67,770.00,771.67,0.61,0.33,0.25,1
615400.94,1285430.38,768.68,767.00,768.68,0.62,0.34,0.26,1
615493.19,1285430.38,762.69,761.00,762.69,0.63,0.35,0.27,1
615585.50,1285430.38,756.69,755.00,756.69,0.63,0.35,0.27,1
615677.75,1285430.38,748.69,747.00,748.69,0.63,0.34,0.26,1
615770.06,1285430.38,740.68,739.00,740.68,0.62,0.34,0.25,1
615862.31,1285430.38,739.67,738.00,739.67,0.62,0.34,0.26,1
615954.62,1285430.38,742.66,741.00,742.66,0.61,0.33,0.25,1
616046.88,1285430.38,749.64,748.00,749.64,0.60,0.32,0.24,1
616139.12,1285430.38,748.62,747.00,748.62,0.61,0.33,0.25,1
616231.44,1285430.38,741.59,740.00,741.59,0.62,0.34,0.26,1
616323.69,1285430.38,740.56,739.00,740.56,0.62,0.34,0.26,1
616416.00,1285430.38,741.53,740.00,741.53,0.62,0.34,0.27,1
616508.25,1285430.38,741.51,740.00,741.51,0.63,0.35,0.27,1
616600.56,1285430.38,738.49,737.00,738.49,0.63,0.35,0.27,1
616692.81,1285430.38,737.48,736.00,737.48,0.62,0.35,0.27,1
616785.12,1285430.38,741.47,740.00,741.47,0.62,0.35,0.27,1
616877.38,1285430.38,742.46,741.00,742.46,0.63,0.35,0.27,1
616969.62,1285430.38,739.46,738.00,739.46,0.63,0.35,0.28,1
617061.94,1285430.38,737.46,736.00,737.46,0.62,0.35,0.27,1
617154.19,1285430.38,741.46,740.00,741.46,0.61,0.33,0.25,1
617246.50,1285430.38,748.47,747.00,748.47,0.60,0.33,0.25,1
617338.75,1285430.38,752.48,751.00,752.48,0.61,0.34,0.26,1
617431.06,1285430.38,754.48,753.00,754.48,0.62,0.35,0.27,1
617523.31,1285430.38,758.48,757.00,758.48,0.62,0.35,0.27,1
617615.62,1285430.38,764.49,763.00,764.49,0.62,0.34,0.26,1
617707.88,1285430.38,775.49,774.00,775.49,0.61,0.33,0.25,1
617800.12,1285430.38,788.49,787.00,788.49,0.61,0.33,0.25,1
617892.44,1285430.38,797.48,796.00,797.48,0.61,0.33,0.26,1
617984.69,1285430.38,803.47,802.00,803.47,0.61,0.34,0.26,1
618077.00,1285430.38,802.44,801.00,802.44,0.62,0.35,0.27,1
618169.25,1285430.38,797.41,796.00,797.41,0.62,0.35,0.27,1
618261.56,1285430.38,791.39,790.00,791.39,0.62,0.35,0.28,1
618353.81,1285430.38,777.39,776.00,777.39,0.62,0.35,0.28,1
618446.12,1285430.38,770.38,769.00,770.38,0.62,0.35,0.27,1
618538.38,1285430.38,775.39,774.00,775.39,0.61,0.34,0.27,1
618630.62,1285430.38,785.39,784.00,785.39,0.61,0.34,0.26,1
618722.94,1285430.38,796.42,795.00,796.42,0.61,0.34,0.26,1
618815.19,1285430.38,800.45,799.00,800.45,0.60,0.33,0.25,1
618907.50,1285430.38,812.48,811.00,812.48,0.58,0.31,0.23,1
618999.75,1285430.38,845.49,844.00,845.49,0.58,0.30,0.22,1
619092.06,1285430.38,874.49,873.00,874.49,0.59,0.32,0.24,1
619184.31,1285430.38,886.48,885.00,886.48,0.60,0.32,0.25,1
619276.62,1285430.38,883.44,882.00,883.44,0.60,0.32,0.24,1
619368.88,1285430.38,885.36,884.00,885.36,0.59,0.32,0.24,1
619461.19,1285430.38,906.22,905.00,906.22,0.57,0.31,0.23,1
619553.44,1285430.38,933.98,933.00,933.98,0.56,0.30,0.23,1
619645.69,1285430.38,962.75,962.00,962.75,0.56,0.32,0.25,1
619738.00,1285430.38,980.63,980.00,980.63,0.62,0.39,0.33,1
619830.25,1285430.38,961.59,961.00,961.59,0.69,0.46,0.39,1
619922.56,1285430.38,920.74,920.00,920.74,0.69,0.45,0.39,1
620014.81,1285430.38,890.23,889.00,890.23,0.67,0.41,0.33,1
620107.12,1285430.38,877.61,876.00,877.61,0.65,0.37,0.29,1
620199.38,1285430.38,883.74,882.00,883.74,0.64,0.35,0.27,1
620291.69,1285430.38,896.78,895.00,896.78,0.64,0.35,0.27,1
620383.94,1285430.38,902.82,901.00,902.82,0.64,0.35,0.27,1
620476.19,1285430.38,904.98,903.00,904.98,0.63,0.34,0.26,1
620568.50,1285430.38,903.15,901.00,903.15,0.63,0.33,0.25,1
620660.75,1285430.38,908.20,906.00,908.20,0.62,0.32,0.23,1
620753.06,1285430.38,925.18,923.00,925.18,0.62,0.32,0.24,1
620845.31,1285430.38,941.01,939.00,941.01,0.63,0.34,0.25,1
620937.62,1285430.38,949.81,948.00,949.81,0.64,0.35,0.27,1
621029.88,1285430.38,948.74,947.00,948.74,0.65,0.36,0.28,1
621122.19,1285430.38,938.77,937.00,938.77,0.66,0.37,0.29,1
621214.44,1285430.38,915.06,913.00,915.06,0.65,0.36,0.28,1
621306.69,1285430.38,892.43,890.00,892.43,0.64,0.33,0.25,1
621399.00,1285430.38,891.43,889.00,891.43,0.62,0.32,0.23,1
621491.25,1285430.38,900.23,898.00,900.23,0.61,0.32,0.23,1
621583.56,1285430.38,910.81,909.00,910.81,0.61,0.32,0.24,1
621675.81,1285430.38,927.38,926.00,927.38,0.61,0.34,0.26,1
621768.12,1285430.38,944.15,943.00,944.15,0.64,0.38,0.30,1
621860.38,1285430.38,937.14,936.00,937.14,0.68,0.41,0.34,1
621952.69,1285430.38,909.51,908.00,909.51,0.67,0.40,0.32,1
622044.94,1285430.38,884.89,883.00,884.89,0.65,0.37,0.28,1
622137.19,1285430.38,870.92,869.00,870.92,0.64,0.35,0.27,1
622229.50,1285430.38,865.81,864.00,865.81,0.64,0.35,0.27,1
622321.75,1285430.38,858.72,857.00,858.72,0.63,0.35,0.27,1
622414.06,1285430.38,861.67,860.00,861.67,0.63,0.35,0.27,1
622506.31,1285430.38,866.63,865.00,866.63,0.64,0.36,0.28,1
622598.62,1285430.38,854.61,853.00,854.61,0.66,0.38,0.30,1
622690.88,1285430.38,836.64,835.00,836.64,0.66,0.38,0.30,1
622783.19,1285430.38,813.76,812.00,813.76,0.66,0.37,0.29,1
622875.44,1285430.38,794.81,793.00,794.81,0.65,0.36,0.28,1
622967.69,1285430.38,781.78,780.00,781.78,0.64,0.35,0.27,1
623060.00,1285430.38,771.72,770.00,771.72,0.63,0.35,0.27,1
623152.25,1285430.38,766.68,765.00,766.68,0.63,0.35,0.27,1
623244.56,1285430.38,759.65,758.00,759.65,0.63,0.35,0.27,1
623336.81,1285430.38,751.64,750.00,751.64,0.63,0.35,0.27,1
623429.12,1285430.38,748.63,747.00,748.63,0.62,0.34,0.26,1
623521.38,1285430.38,750.63,749.00,750.63,0.62,0.34,0.26,1
623613.69,1285430.38,751.62,750.00,751.62,0.62,0.34,0.26,1
623705.94,1285430.38,755.63,754.00,755.63,0.62,0.34,0.26,1
623798.19,1285430.38,759.63,758.00,759.63,0.62,0.34,0.26,1
623890.50,1285430.38,763.64,762.00,763.64,0.62,0.34,0.26,1
623982.75,1285430.38,774.65,773.00,774.65,0.61,0.33,0.25,1
624075.06,1285430.38,787.66,786.00,787.66,0.61,0.33,0.25,1
624167.31,1285430.38,793.66,792.00,793.66,0.61,0.33,0.25,1
624259.62,1285430.38,795.67,794.00,795.67,0.61,0.33,0.25,1
624351.88,1285430.38,794.67,793.00,794.67,0.61,0.33,0.25,1
624444.19,1285430.38,787.67,786.00,787.67,0.62,0.34,0.26,1
624536.44,1285430.38,778.66,777.00,778.66,0.61,0.33,0.25,1
624628.69,1285430.38,779.65,778.00,779.65,0.61,0.33,0.25,1
624721.00,1285430.38,781.62,780.00,781.62,0.62,0.34,0.26,1
624813.25,1285430.38,776.59,775.00,776.59,0.63,0.35,0.27,1
624905.56,1285430.38,775.53,774.00,775.53,0.62,0.34,0.26,1
624997.81,1285430.38,781.45,780.00,781.45,0.60,0.33,0.25,1
625090.12,1285430.38,788.34,787.00,788.34,0.60,0.33,0.26,1
625182.38,1285430.38,788.20,787.00,788.20,0.61,0.34,0.27,1
625274.69,1285430.38,789.10,788.00,789.10,0.62,0.36,0.28,1
625366.94,1285430.38,779.92,778.88,779.92,0.58,0.32,0.25,1
625459.19,1285430.38,-9999.00,-9999.00,-9999.00,0.71,0.71,0.71,0
614385.88,1285338.00,-9999.00,-9999.00,-9999.00,0.71,0.71,0.71,0
614478.12,1285338.00,777.07,776.00,777.07,0.31,0.05,-0.02,1
614570.44,1285338.00,766.12,765.00,766.12,0.64,0.39,0.31,1
614662.69,1285338.00,757.15,756.00,757.15,0.63,0.37,0.29,1
614755.00,1285338.00,766.25,765.00,766.25,0.61,0.34,0.26,1
614847.25,1285338.00,767.39,766.00,767.39,0.62,0.35,0.27,1
614939.56,1285338.00,754.50,753.00,754.50,0.62,0.35,0.27,1
615031.81,1285338.00,749.57,748.00,749.57,0.62,0.34,0.26,1
615124.12,1285338.00,748.62,747.00,748.62,0.62,0.34,0.26,1
615216.38,1285338.00,749.65,748.00,749.65,0.61,0.33,0.25,1
615308.62,1285338.00,756.67,755.00,756.67,0.60,0.32,0.24,1
615400.94,1285338.00,759.68,758.00,759.68,0.61,0.33,0.25,1
615493.19,1285338.00,757.68,756.00,757.68,0.61,0.33,0.25,1
615585.50,1285338.00,751.69,750.00,751.69,0.62,0.34,0.26,1
615677.75,1285338.00,743.68,742.00,743.68,0.62,0.34,0.26,1
615770.06,1285338.00,737.68,736.00,737.68,0.62,0.34,0.26,1
615862.31,1285338.00,744.67,743.00,744.67,0.62,0.34,0.26,1
615954.62,1285338.00,746.65,745.00,746.65,0.63,0.35,0.27,1
616046.88,1285338.00,740.63,739.00,740.63,0.62,0.34,0.26,1
616139.12,1285338.00,738.61,737.00,738.61,0.62,0.34,0.26,1
616231.44,1285338.00,738.58,737.00,738.58,0.62,0.34,0.26,1
616323.69,1285338.00,740.55,739.00,740.55,0.62,0.34,0.26,1
616416.00,1285338.00,740.52,739.00,740.52,0.62,0.34,0.27,1
616508.25,1285338.00,741.50,740.00,741.50,0.62,0.35,0.27,1
616600.56,1285338.00,740.48,739.00,740.48,0.63,0.35,0.27,1
616692.81,1285338.00,738.46,737.00,738.46,0.62,0.35,0.27,1
616785.12,1285338.00,741.44,740.00,741.44,0.62,0.35,0.27,1
616877.38,1285338.00,743.42,742.00,743.42,0.62,0.35,0.27,1
616969.62,1285338.00,741.41,740.00,741.41,0.63,0.36,0.28,1
617061.94,1285338.00,737.41,736.00,737.41,0.63,0.35,0.28,1
617154.19,1285338.00,737.41,736.00,737.41,0.62,0.35,0.27,1
617246.50,1285338.00,739.41,738.00,739.41,0.61,0.34,0.26,1
617338.75,1285338.00,744.41,743.00,744.41,0.61,0.34,0.26,1
617431.06,1285338.00,753.42,752.00,753.42,0.61,0.34,0.26,1
617523.31,1285338.00,761.42,760.00,761.42,0.61,0.34,0.26,1
617615.62,1285338.00,769.43,768.00,769.43,0.61,0.34,0.26,1
617707.88,1285338.00,774.43,773.00,774.43,0.61,0.34,0.26,1
617800.12,1285338.00,784.43,783.00,784.43,0.60,0.33,0.25,1
617892.44,1285338.00,793.43,792.00,793.43,0.61,0.34,0.26,1
617984.69,1285338.00,798.42,797.00,798.42,0.62,0.34,0.27,1
618077.00,1285338.00,795.40,794.00,795.40,0.62,0.35,0.27,1
618169.25,1285338.00,789.39,788.00,789.39,0.62,0.35,0.27,1
618261.56,1285338.00,780.38,779.00,780.38,0.62,0.35,0.27,1
618353.81,1285338.00,770.37,769.00,770.37,0.62,0.35,0.27,1
618446.12,1285338.00,771.38,770.00,771.38,0.62,0.35,0.27,1
618538.38,1285338.00,777.38,776.00,777.38,0.62,0.35,0.27,1
618630.62,1285338.00,783.40,782.00,783.40,0.61,0.34,0.26,1
618722.94,1285338.00,787.42,786.00,787.42,0.61,0.34,0.26,1
618815.19,1285338.00,789.46,788.00,789.46,0.60,0.33,0.25,1
618907.50,1285338.00,804.50,803.00,804.50,0.59,0.31,0.23,1
618999.75,1285338.00,836.52,835.00,836.52,0.57,0.29,0.21,1
619092.06,1285338.00,860.53,859.00,860.53,0.58,0.30,0.22,1
619184.31,1285338.00,863.53,862.00,863.53,0.59,0.31,0.24,1
619276.62,1285338.00,865.51,864.00,865.51,0.60,0.32,0.25,1
619368.88,1285338.00,877.46,876.00,877.46,0.60,0.33,0.25,1
619461.19,1285338.00,894.38,893.00,894.38,0.58,0.31,0.24,1
619553.44,1285338.00,919.24,918.00,919.24,0.57,0.30,0.23,1
619645.69,1285338.00,943.08,942.00,943.08,0.57,0.31,0.23,1
619738.00,1285338.00,964.97,964.00,964.97,0.58,0.33,0.26,1
619830.25,1285338.00,961.93,961.00,961.93,0.64,0.39,0.32,1
619922.56,1285338.00,935.95,935.00,935.95,0.67,0.42,0.35,1
620014.81,1285338.00,916.14,915.00,916.14,0.67,0.41,0.33,1
620107.12,1285338.00,911.36,910.00,911.36,0.65,0.38,0.30,1
620199.38,1285338.00,919.47,918.00,919.47,0.64,0.37,0.29,1
620291.69,1285338.00,923.58,922.00,923.58,0.64,0.36,0.28,1
620383.94,1285338.00,918.75,917.00,918.75,0.64,0.35,0.27,1
620476.19,1285338.00,914.04,912.00,914.04,0.63,0.34,0.25,1
620568.50,1285338.00,912.30,910.00,912.30,0.62,0.32,0.24,1
620660.75,1285338.00,918.38,916.00,918.38,0.61,0.31,0.22,1
620753.06,1285338.00,946.29,944.00,946.29,0.60,0.30,0.22,1
620845.31,1285338.00,977.83,976.00,977.83,0.62,0.34,0.25,1
620937.62,1285338.00,983.52,982.00,983.52,0.65,0.37,0.30,1
621029.88,1285338.00,974.37,973.00,974.37,0.66,0.39,0.31,1
621122.19,1285338.00,968.29,967.00,968.29,0.66,0.40,0.32,1
621214.44,1285338.00,952.51,951.00,952.51,0.67,0.39,0.31,1
621306.69,1285338.00,925.16,923.00,925.16,0.65,0.35,0.27,1
621399.00,1285338.00,912.51,910.00,912.51,0.63,0.33,0.24,1
621491.25,1285338.00,914.43,912.00,914.43,0.62,0.32,0.23,1
621583.56,1285338.00,917.14,915.00,917.14,0.62,0.32,0.24,1
621675.81,1285338.00,926.72,925.00,926.72,0.61,0.32,0.24,1
621768.12,1285338.00,946.39,945.00,946.39,0.61,0.33,0.26,1
621860.38,1285338.00,955.26,954.00,955.26,0.64,0.38,0.30,1
621952.69,1285338.00,943.32,942.00,943.32,0.67,0.40,0.32,1
622044.94,1285338.00,918.57,917.00,918.57,0.66,0.39,0.31,1
622137.19,1285338.00,896.71,895.00,896.71,0.65,0.37,0.29,1
622229.50,1285338.00,883.72,882.00,883.72,0.65,0.36,0.28,1
622321.75,1285338.00,873.68,872.00,873.68,0.64,0.36,0.28,1
622414.06,1285338.00,876.64,875.00,876.64,0.63,0.35,0.27,1
622506.31,1285338.00,884.59,883.00,884.59,0.63,0.35,0.27,1
622598.62,1285338.00,883.53,882.00,883.53,0.65,0.37,0.29,1
622690.88,1285338.00,874.48,873.00,874.48,0.66,0.39,0.31,1
622783.19,1285338.00,849.55,848.00,849.55,0.67,0.39,0.31,1
622875.44,1285338.00,817.73,816.00,817.73,0.66,0.38,0.30,1
622967.69,1285338.00,794.78,793.00,794.78,0.65,0.36,0.28,1
623060.00,1285338.00,781.72,780.00,781.72,0.64,0.36,0.28,1
623152.25,1285338.00,774.68,773.00,774.68,0.64,0.35,0.27,1
623244.56,1285338.00,766.66,765.00,766.66,0.64,0.36,0.28,1
623336.81,1285338.00,757.65,756.00,757.65,0.64,0.36,0.28,1
623429.12,1285338.00,749.64,748.00,749.64,0.63,0.35,0.27,1
623521.38,1285338.00,748.64,747.00,748.64,0.62,0.34,0.26,1
623613.69,1285338.00,753.64,752.00,753.64,0.61,0.33,0.25,1
623705.94,1285338.00,757.64,756.00,757.64,0.61,0.33,0.25,1
623798.19,1285338.00,761.64,760.00,761.64,0.61,0.33,0.25,1
623890.50,1285338.00,766.65,765.00,766.65,0.61,0.33,0.25,1
623982.75,1285338.00,774.65,773.00,774.65,0.61,0.33,0.25,1
624075.06,1285338.00,782.66,781.00,782.66,0.61,0.33,0.25,1
624167.31,1285338.00,784.66,783.00,784.66,0.61,0.33,0.25,1
624259.62,1285338.00,786.67,785.00,786.67,0.61,0.33,0.25,1
624351.88,1285338.00,787.67,786.00,787.67,0.62,0.33,0.25,1
624444.19,1285338.00,780.66,779.00,780.66,0.62,0.34,0.26,1
624536.44,1285338.00,768.66,767.00,768.66,0.62,0.33,0.25,1
624628.69,1285338.00,772.65,771.00,772.65,0.61,0.33,0.25,1
624721.00,1285338.00,782.62,781.00,782.62,0.62,0.34,0.26,1
624813.25,1285338.00,782.59,781.00,782.59,0.63,0.36,0.28,1
624905.56,1285338.00,774.54,773.00,774.54,0.64,0.36,0.28,1
624997.81,1285338.00,773.46,772.00,773.46,0.62,0.35,0.27,1
625090.12,1285338.00,775.37,774.00,775.37,0.62,0.35,0.27,1
625182.38,1285338.00,774.26,773.00,774.26,0.62,0.35,0.27,1
625274.69,1285338.00,777.16,776.00,777.16,0.61,0.35,0.27,1
625366.94,1285338.00,783.06,782.00,783.06,0.58,0.32,0.25,1
625459.19,1285338.00,-9999.00,-9999.00,-9999.00,0.71,0.71,0.71,0
614385.88,1285245.75,-9999.00,-9999.00,-9999.00,0.71,0.71,0.71,0
614478.12,1285245.75,771.08,770.00,771.08,0.31,0.06,-0.02,1
614570.44,1285245.75,770.13,769.00,770.13,0.63,0.37,0.30,1
614662.69,1285245.75,766.16,765.00,766.16,0.65,0.38,0.31,1
614755.00,1285245.75,759.25,758.00,759.25,0.63,0.37,0.29,1
614847.25,1285245.75,760.39,759.00,760.39,0.63,0.36,0.28,1
614939.56,1285245.75,753.50,752.00,753.50,0.63,0.36,0.28,1
615031.81,1285245.75,755.58,754.00,755.58,0.63,0.35,0.27,1
615124.12,1285245.75,755.63,754.00,755.63,0.63,0.36,0.28,1
615216.38,1285245.75,747.66,746.00,747.66,0.63,0.35,0.27,1
615308.62,1285245.75,743.67,742.00,743.67,0.62,0.34,0.25,1
615400.94,1285245.75,745.68,744.00,745.68,0.62,0.34,0.26,1
615493.19,1285245.75,744.68,743.00,744.68,0.62,0.34,0.26,1
615585.50,1285245.75,741.68,740.00,741.68,0.62,0.34,0.26,1
615677.75,1285245.75,738.68,737.00,738.68,0.62,0.34,0.26,1
615770.06,1285245.75,736.68,735.00,736.68,0.61,0.33,0.25,1
615862.31,1285245.75,748.67,747.00,748.67,0.61,0.33,0.25,1
615954.62,1285245.75,750.65,749.00,750.65,0.62,0.34,0.26,1
616046.88,1285245.75,742.63,741.00,742.63,0.63,0.35,0.27,1
616139.12,1285245.75,738.60,737.00,738.60,0.62,0.35,0.27,1
616231.44,1285245.75,738.58,737.00,738.58,0.62,0.34,0.26,1
616323.69,1285245.75,740.55,739.00,740.55,0.62,0.34,0.26,1
616416.00,1285245.75,740.52,739.00,740.52,0.62,0.35,0.27,1
616508.25,1285245.75,740.49,739.00,740.49,0.62,0.35,0.27,1
616600.56,1285245.75,740.47,739.00,740.47,0.62,0.35,0.27,1
616692.81,1285245.75,740.44,739.00,740.44,0.62,0.35,0.27,1
616785.12,1285245.75,742.42,741.00,742.42,0.62,0.35,0.27,1
616877.38,1285245.75,744.38,743.00,744.38,0.62,0.35,0.28,1
616969.62,1285245.75,741.36,740.00,741.36,0.63,0.36,0.28,1
617061.94,1285245.75,738.34,737.00,738.34,0.63,0.36,0.28,1
617154.19,1285245.75,737.33,736.00,737.33,0.62,0.36,0.28,1
617246.50,1285245.75,738.33,737.00,738.33,0.62,0.35,0.28,1
617338.75,1285245.75,740.33,739.00,740.33,0.62,0.35,0.27,1
617431.06,1285245.75,747.33,746.00,747.33,0.61,0.34,0.26,1
617523.31,1285245.75,757.34,756.00,757.34,0.61,0.34,0.26,1
617615.62,1285245.75,764.35,763.00,764.35,0.61,0.34,0.26,1
617707.88,1285245.75,767.37,766.00,767.37,0.61,0.34,0.26,1
617800.12,1285245.75,777.37,776.00,777.37,0.60,0.33,0.26,1
617892.44,1285245.75,789.37,788.00,789.37,0.61,0.34,0.26,1
617984.69,1285245.75,792.37,791.00,792.37,0.62,0.35,0.27,1
618077.00,1285245.75,788.36,787.00,788.36,0.62,0.35,0.28,1
618169.25,1285245.75,780.36,779.00,780.36,0.62,0.35,0.28,1
618261.56,1285245.75,771.36,770.00,771.36,0.62,0.35,0.28,1
618353.81,1285245.75,765.36,764.00,765.36,0.62,0.35,0.27,1
618446.12,1285245.75,773.36,772.00,773.36,0.62,0.35,0.27,1
618538.38,1285245.75,778.38,777.00,778.38,0.62,0.35,0.27,1
618630.62,1285245.75,779.39,778.00,779.39,0.62,0.35,0.27,1
618722.94,1285245.75,780.42,779.00,780.42,0.61,0.34,0.26,1
618815.19,1285245.75,786.46,785.00,786.46,0.61,0.33,0.26,1
618907.50,1285245.75,803.51,802.00,803.51,0.60,0.33,0.25,1
618999.75,1285245.75,818.54,817.00,818.54,0.59,0.32,0.24,1
619092.06,1285245.75,831.56,830.00,831.56,0.59,0.31,0.23,1
619184.31,1285245.75,842.56,841.00,842.56,0.59,0.31,0.23,1
619276.62,1285245.75,861.55,860.00,861.55,0.60,0.32,0.24,1
619368.88,1285245.75,879.53,878.00,879.53,0.61,0.33,0.25,1
619461.19,1285245.75,887.48,886.00,887.48,0.60,0.33,0.25,1
619553.44,1285245.75,906.40,905.00,906.40,0.59,0.31,0.24,1
619645.69,1285245.75,930.29,929.00,930.29,0.58,0.31,0.24,1
619738.00,1285245.75,945.21,944.00,945.21,0.58,0.32,0.24,1
619830.25,1285245.75,951.16,950.00,951.16,0.60,0.34,0.27,1
619922.56,1285245.75,946.16,945.00,946.16,0.63,0.37,0.30,1
620014.81,1285245.75,941.20,940.00,941.20,0.65,0.39,0.31,1
620107.12,1285245.75,940.29,939.00,940.29,0.65,0.38,0.31,1
620199.38,1285245.75,941.39,940.00,941.39,0.65,0.38,0.30,1
620291.69,1285245.75,934.51,933.00,934.51,0.65,0.37,0.29,1
620383.94,1285245.75,930.71,929.00,930.71,0.64,0.36,0.28,1
620476.19,1285245.75,929.06,927.00,929.06,0.64,0.35,0.26,1
620568.50,1285245.75,925.37,923.00,925.37,0.63,0.33,0.24,1
620660.75,1285245.75,931.46,929.00,931.46,0.61,0.31,0.22,1
620753.06,1285245.75,966.13,964.00,966.13,0.59,0.30,0.21,1
620845.31,1285245.75,1009.36,1008.00,1009.36,0.61,0.34,0.27,1
620937.62,1285245.75,1010.00,1009.00,1010.00,0.66,0.41,0.34,1
621029.88,1285245.75,996.81,996.00,996.81,0.68,0.43,0.37,1
621122.19,1285245.75,990.64,990.00,990.64,0.68,0.45,0.39,1
621214.44,1285245.75,981.61,981.00,981.61,0.70,0.47,0.41,1
621306.69,1285245.75,964.06,963.00,964.06,0.69,0.43,0.36,1
621399.00,1285245.75,945.92,944.00,945.92,0.65,0.36,0.28,1
621491.25,1285245.75,936.37,934.00,936.37,0.63,0.33,0.25,1
621583.56,1285245.75,933.27,931.00,933.27,0.63,0.33,0.25,1
621675.81,1285245.75,932.97,931.00,932.97,0.62,0.33,0.25,1
621768.12,1285245.75,946.65,945.00,946.65,0.61,0.33,0.25,1
621860.38,1285245.75,961.47,960.00,961.47,0.63,0.35,0.27,1
621952.69,1285245.75,956.41,955.00,956.41,0.65,0.38,0.30,1
622044.94,1285245.75,937.44,936.00,937.44,0.66,0.39,0.31,1
622137.19,1285245.75,916.52,915.00,916.52,0.66,0.38,0.30,1
622229.50,1285245.75,899.59,898.00,899.59,0.65,0.38,0.30,1
622321.75,1285245.75,889.61,888.00,889.61,0.64,0.37,0.29,1
622414.06,1285245.75,891.59,890.00,891.59,0.63,0.36,0.28,1
622506.31,1285245.75,894.56,893.00,894.56,0.63,0.35,0.27,1
622598.62,1285245.75,893.51,892.00,893.51,0.63,0.35,0.27,1
622690.88,1285245.75,891.44,890.00,891.44,0.64,0.36,0.29,1
622783.19,1285245.75,875.42,874.00,875.42,0.66,0.39,0.31,1
622875.44,1285245.75,843.54,842.00,843.54,0.66,0.39,0.31,1
622967.69,1285245.75,810.69,809.00,810.69,0.65,0.37,0.29,1
623060.00,1285245.75,792.70,791.00,792.70,0.64,0.36,0.28,1
623152.25,1285245.75,782.68,781.00,782.68,0.64,0.36,0.28,1
623244.56,1285245.75,773.66,772.00,773.66,0.64,0.35,0.27,1
623336.81,1285245.75,763.65,762.00,763.65,0.63,0.35,0.27,1
623429.12,1285245.75,753.65,752.00,753.65,0.63,0.35,0.27,1
623521.38,1285245.75,748.65,747.00,748.65,0.62,0.34,0.26,1
623613.69,1285245.75,749.65,748.00,749.65,0.62,0.34,0.26,1
623705.94,1285245.75,752.65,751.00,752.65,0.61,0.33,0.25,1
623798.19,1285245.75,755.65,754.00,755.65,0.61,0.33,0.25,1
623890.50,1285245.75,759.65,758.00,759.65,0.61,0.33,0.24,1
623982.75,1285245.75,766.65,765.00,766.65,0.60,0.32,0.24,1
624075.06,1285245.75,776.66,775.00,776.66,0.60,0.32,0.24,1
624167.31,1285245.75,778.66,777.00,778.66,0.61,0.33,0.25,1
624259.62,1285245.75,779.66,778.00,779.66,0.61,0.33,0.25,1
624351.88,1285245.75,779.66,778.00,779.66,0.61,0.33,0.25,1
624444.19,1285245.75,769.66,768.00,769.66,0.62,0.34,0.26,1
624536.44,1285245.75,762.65,761.00,762.65,0.61,0.33,0.25,1
624628.69,1285245.75,768.64,767.00,768.64,0.61,0.33,0.25,1
624721.00,1285245.75,780.62,779.00,780.62,0.60,0.32,0.24,1
624813.25,1285245.75,791.59,790.00,791.59,0.62,0.34,0.26,1
624905.56,1285245.75,791.54,790.00,791.54,0.64,0.36,0.28,1
624997.81,1285245.75,783.47,782.00,783.47,0.64,0.37,0.29,1
625090.12,1285245.75,777.38,776.00,777.38,0.64,0.37,0.29,1
625182.38,1285245.75,776.30,775.00,776.30,0.64,0.37,0.29,1
625274.69,1285245.75,776.24,775.00,776.24,0.62,0.36,0.28,1
625366.94,1285245.75,794.91,793.82,794.91,0.58,0.32,0.24,1
625459.19,1285245.75,-9999.00,-9999.00,-9999.00,0.71,0.71,0.71,0
614385.88,1285153.50,-9999.00,-9999.00,-9999.00,0.71,0.71,0.71,0
614478.12,1285153.50,764.09,763.00,764.09,0.31,0.06,-0.02,1
614570.44,1285153.50,769.15,768.00,769.15,0.62,0.36,0.28,1
614662.69,1285153.50,775.17,774.00,775.17,0.63,0.37,0.30,1
614755.00,1285153.50,767.26,766.00,767.26,0.64,0.37,0.30,1
614847.25,1285153.50,767.39,766.00,767.39,0.64,0.36,0.29,1
614939.56,1285153.50,764.50,763.00,764.50,0.63,0.36,0.28,1
615031.81,1285153.50,770.58,769.00,770.58,0.63,0.35,0.27,1
615124.12,1285153.50,766.62,765.00,766.62,0.63,0.35,0.27,1
615216.38,1285153.50,753.65,752.00,753.65,0.63,0.35,0.27,1
615308.62,1285153.50,746.67,745.00,746.67,0.63,0.35,0.27,1
615400.94,1285153.50,754.68,753.00,754.68,0.63,0.35,0.27,1
615493.19,1285153.50,754.68,753.00,754.68,0.64,0.36,0.28,1
615585.50,1285153.50,747.68,746.00,747.68,0.64,0.36,0.28,1
615677.75,1285153.50,739.68,738.00,739.68,0.63,0.35,0.27,1
615770.06,1285153.50,735.68,734.00,735.68,0.62,0.34,0.26,1
615862.31,1285153.50,742.66,741.00,742.66,0.61,0.33,0.25,1
615954.62,1285153.50,743.65,742.00,743.65,0.61,0.33,0.25,1
616046.88,1285153.50,740.63,739.00,740.63,0.62,0.34,0.26,1
616139.12,1285153.50,738.60,737.00,738.60,0.62,0.34,0.26,1
616231.44,1285153.50,737.57,736.00,737.57,0.62,0.34,0.27,1
616323.69,1285153.50,738.55,737.00,738.55,0.62,0.34,0.26,1
616416.00,1285153.50,739.52,738.00,739.52,0.62,0.34,0.26,1
616508.25,1285153.50,743.49,742.00,743.49,0.62,0.35,0.27,1
616600.56,1285153.50,741.47,740.00,741.47,0.63,0.35,0.27,1
616692.81,1285153.50,741.44,740.00,741.44,0.62,0.35,0.27,1
616785.12,1285153.50,742.40,741.00,742.40,0.62,0.35,0.27,1
616877.38,1285153.50,743.36,742.00,743.36,0.62,0.35,0.28,1
616969.62,1285153.50,741.32,740.00,741.32,0.63,0.36,0.28,1
617061.94,1285153.50,739.29,738.00,739.29,0.63,0.36,0.28,1
617154.19,1285153.50,737.27,736.00,737.27,0.63,0.36,0.28,1
617246.50,1285153.50,739.26,738.00,739.26,0.62,0.36,0.28,1
617338.75,1285153.50,739.26,738.00,739.26,0.62,0.36,0.28,1
617431.06,1285153.50,743.26,742.00,743.26,0.61,0.35,0.27,1
617523.31,1285153.50,752.26,751.00,752.26,0.61,0.34,0.27,1
617615.62,1285153.50,758.28,757.00,758.28,0.61,0.34,0.27,1
617707.88,1285153.50,762.30,761.00,762.30,0.61,0.34,0.27,1
617800.12,1285153.50,775.32,774.00,775.32,0.61,0.34,0.26,1
617892.44,1285153.50,786.33,785.00,786.33,0.62,0.35,0.27,1
617984.69,1285153.50,786.33,785.00,786.33,0.62,0.35,0.28,1
618077.00,1285153.50,781.33,780.00,781.33,0.62,0.36,0.28,1
618169.25,1285153.50,774.34,773.00,774.34,0.63,0.36,0.28,1
618261.56,1285153.50,766.34,765.00,766.34,0.63,0.36,0.28,1
618353.81,1285153.50,763.35,762.00,763.35,0.62,0.35,0.28,1
618446.12,1285153.50,771.36,770.00,771.36,0.62,0.35,0.27,1
618538.38,1285153.50,775.37,774.00,775.37,0.62,0.35,0.27,1
618630.62,1285153.50,775.39,774.00,775.39,0.62,0.34,0.27,1
618722.94,1285153.50,779.42,778.00,779.42,0.61,0.34,0.26,1
618815.19,1285153.50,788.46,787.00,788.46,0.61,0.34,0.26,1
618907.50,1285153.50,804.52,803.00,804.52,0.61,0.33,0.25,1
618999.75,1285153.50,819.55,818.00,819.55,0.62,0.34,0.26,1
619092.06,1285153.50,825.58,824.00,825.58,0.61,0.34,0.26,1
619184.31,1285153.50,836.58,835.00,836.58,0.60,0.32,0.24,1
619276.62,1285153.50,859.58,858.00,859.58,0.59,0.32,0.24,1
619368.88,1285153.50,877.57,876.00,877.57,0.60,0.32,0.24,1
619461.19,1285153.50,890.55,889.00,890.55,0.60,0.33,0.25,1
619553.44,1285153.50,906.50,905.00,906.50,0.60,0.33,0.25,1
619645.69,1285153.50,920.43,919.00,920.43,0.60,0.32,0.25,1
619738.00,1285153.50,924.36,923.00,924.36,0.59,0.32,0.24,1
619830.25,1285153.50,932.31,931.00,932.31,0.59,0.32,0.25,1
619922.56,1285153.50,939.27,938.00,939.27,0.60,0.33,0.26,1
620014.81,1285153.50,951.24,950.00,951.24,0.61,0.35,0.27,1
620107.12,1285153.50,963.24,962.00,963.24,0.64,0.37,0.30,1
620199.38,1285153.50,964.28,963.00,964.28,0.65,0.39,0.31,1
620291.69,1285153.50,959.38,958.00,959.38,0.65,0.38,0.30,1
620383.94,1285153.50,962.56,961.00,962.56,0.64,0.37,0.29,1
620476.19,1285153.50,968.81,967.00,968.81,0.64,0.36,0.28,1
620568.50,1285153.50,969.97,968.00,969.97,0.64,0.35,0.27,1
620660.75,1285153.50,970.91,969.00,970.91,0.64,0.35,0.26,1
620753.06,1285153.50,987.39,986.00,987.39,0.62,0.35,0.27,1
620845.31,1285153.50,1016.71,1016.00,1016.71,0.62,0.38,0.31,1
620937.62,1285153.50,1029.48,1029.00,1029.48,0.67,0.46,0.39,1
621029.88,1285153.50,1022.38,1022.00,1022.38,0.71,0.50,0.44,1
621122.19,1285153.50,1020.25,1020.00,1020.25,0.72,0.52,0.47,1
621214.44,1285153.50,1018.17,1018.00,1018.17,0.74,0.56,0.51,1
621306.69,1285153.50,1006.19,1006.00,1006.19,0.75,0.57,0.52,1
621399.00,1285153.50,986.70,986.00,986.70,0.71,0.47,0.40,1
621491.25,1285153.50,969.61,968.00,969.61,0.66,0.38,0.30,1
621583.56,1285153.50,961.11,959.00,961.11,0.64,0.35,0.26,1
621675.81,1285153.50,958.03,956.00,958.03,0.63,0.34,0.26,1
621768.12,1285153.50,962.76,961.00,962.76,0.62,0.34,0.26,1
621860.38,1285153.50,973.55,972.00,973.55,0.63,0.35,0.27,1
621952.69,1285153.50,966.45,965.00,966.45,0.65,0.38,0.30,1
622044.94,1285153.50,950.42,949.00,950.42,0.66,0.38,0.31,1
622137.19,1285153.50,939.44,938.00,939.44,0.66,0.39,0.31,1
622229.50,1285153.50,927.49,926.00,927.49,0.66,0.38,0.31,1
622321.75,1285153.50,915.53,914.00,915.53,0.65,0.38,0.30,1
622414.06,1285153.50,907.55,906.00,907.55,0.65,0.37,0.29,1
622506.31,1285153.50,896.55,895.00,896.55,0.64,0.36,0.28,1
622598.62,1285153.50,885.52,884.00,885.52,0.62,0.35,0.27,1
622690.88,1285153.50,880.48,879.00,880.48,0.61,0.34,0.26,1
622783.19,1285153.50,876.46,875.00,876.46,0.63,0.36,0.28,1
622875.44,1285153.50,853.49,852.00,853.49,0.65,0.38,0.30,1
622967.69,1285153.50,822.62,821.00,822.62,0.65,0.37,0.29,1
623060.00,1285153.50,804.65,803.00,804.65,0.64,0.36,0.28,1
623152.25,1285153.50,790.66,789.00,790.66,0.64,0.36,0.28,1
623244.56,1285153.50,776.66,775.00,776.66,0.64,0.36,0.28,1
623336.81,1285153.50,764.66,763.00,764.66,0.63,0.35,0.27,1
623429.12,1285153.50,753.66,752.00,753.66,0.63,0.35,0.27,1
623521.38,1285153.50,748.66,747.00,748.66,0.63,0.35,0.27,1
623613.69,1285153.50,748.66,747.00,748.66,0.62,0.34,0.26,1
623705.94,1285153.50,749.66,748.00,749.66,0.62,0.34,0.26,1
623798.19,1285153.50,750.65,749.00,750.65,0.62,0.34,0.26,1
623890.50,1285153.50,750.65,749.00,750.65,0.61,0.33,0.25,1
623982.75,1285153.50,752.65,751.00,752.65,0.61,0.33,0.25,1
624075.06,1285153.50,760.66,759.00,760.66,0.60,0.32,0.24,1
624167.31,1285153.50,765.66,764.00,765.66,0.60,0.32,0.24,1
624259.62,1285153.50,765.66,764.00,765.66,0.61,0.33,0.25,1
624351.88,1285153.50,762.66,761.00,762.66,0.61,0.33,0.25,1
624444.19,1285153.50,757.65,756.00,757.65,0.61,0.33,0.25,1
624536.44,1285153.50,756.65,755.00,756.65,0.62,0.34,0.26,1
624628.69,1285153.50,764.64,763.00,764.64,0.61,0.33,0.25,1
624721.00,1285153.50,775.62,774.00,775.62,0.61,0.33,0.25,1
624813.25,1285153.50,790.59,789.00,790.59,0.61,0.33,0.25,1
624905.56,1285153.50,795.54,794.00,795.54,0.62,0.34,0.26,1
624997.81,1285153.50,795.47,794.00,795.47,0.62,0.35,0.27,1
625090.12,1285153.50,793.38,792.00,793.38,0.63,0.36,0.28,1
625182.38,1285153.50,793.31,792.00,793.31,0.64,0.37,0.29,1
625274.69,1285153.50,795.27,794.00,795.27,0.63,0.37,0.29,1
625366.94,1285153.50,806.75,805.65,806.75,0.58,0.32,0.24,1
625459.19,1285153.50,-9999.00,-9999.00,-9999.00,0.71,0.71,0.71,0
614385.88,1285061.25,-9999.00,-9999.00,-9999.00,0.71,0.71,0.71,0
614478.12,1285061.25,765.10,764.00,765.10,0.32,0.06,-0.02,1
614570.44,1285061.25,770.17,769.00,770.17,0.62,0.36,0.29,1
614662.69,1285061.25,773.19,772.00,773.19,0.62,0.36,0.28,1
614755.00,1285061.25,773.28,772.00,773.28,0.62,0.36,0.28,1
614847.25,1285061.25,777.40,776.00,777.40,0.63,0.36,0.28,1
614939.56,1285061.25,771.50,770.00,771.50,0.63,0.35,0.27,1
615031.81,1285061.25,767.57,766.00,767.57,0.62,0.34,0.26,1
615124.12,1285061.25,760.62,759.00,760.62,0.63,0.35,0.27,1
615216.38,1285061.25,754.65,753.00,754.65,0.63,0.35,0.27,1
615308.62,1285061.25,759.67,758.00,759.67,0.62,0.34,0.26,1
615400.94,1285061.25,775.67,774.00,775.67,0.62,0.34,0.26,1
615493.19,1285061.25,774.67,773.00,774.67,0.64,0.35,0.27,1
615585.50,1285061.25,766.67,765.00,766.67,0.64,0.36,0.28,1
615677.75,1285061.25,749.67,748.00,749.67,0.64,0.36,0.28,1
615770.06,1285061.25,737.67,736.00,737.67,0.63,0.35,0.27,1
615862.31,1285061.25,735.66,734.00,735.66,0.62,0.34,0.26,1
615954.62,1285061.25,737.65,736.00,737.65,0.62,0.34,0.26,1
616046.88,1285061.25,738.63,737.00,738.63,0.62,0.34,0.26,1
616139.12,1285061.25,738.60,737.00,738.60,0.62,0.34,0.26,1
616231.44,1285061.25,739.58,738.00,739.58,0.62,0.35,0.27,1
616323.69,1285061.25,736.55,735.00,736.55,0.62,0.34,0.26,1
616416.00,1285061.25,738.52,737.00,738.52,0.61,0.34,0.26,1
616508.25,1285061.25,746.49,745.00,746.49,0.62,0.35,0.27,1
616600.56,1285061.25,742.47,741.00,742.47,0.63,0.36,0.28,1
616692.81,1285061.25,742.44,741.00,742.44,0.63,0.35,0.27,1
616785.12,1285061.25,741.40,740.00,741.40,0.62,0.35,0.27,1
616877.38,1285061.25,743.35,742.00,743.35,0.63,0.36,0.28,1
616969.62,1285061.25,741.30,740.00,741.30,0.63,0.36,0.29,1
617061.94,1285061.25,738.25,737.00,738.25,0.63,0.36,0.29,1
617154.19,1285061.25,737.23,736.00,737.23,0.63,0.36,0.29,1
617246.50,1285061.25,739.21,738.00,739.21,0.62,0.36,0.29,1
617338.75,1285061.25,741.21,740.00,741.21,0.63,0.36,0.29,1
617431.06,1285061.25,743.21,742.00,743.21,0.62,0.36,0.28,1
617523.31,1285061.25,747.21,746.00,747.21,0.61,0.35,0.28,1
617615.62,1285061.25,752.23,751.00,752.23,0.61,0.35,0.27,1
617707.88,1285061.25,761.25,760.00,761.25,0.61,0.34,0.27,1
617800.12,1285061.25,776.28,775.00,776.28,0.61,0.34,0.26,1
617892.44,1285061.25,786.29,785.00,786.29,0.62,0.35,0.27,1
617984.69,1285061.25,782.30,781.00,782.30,0.63,0.36,0.28,1
618077.00,1285061.25,777.31,776.00,777.31,0.63,0.36,0.28,1
618169.25,1285061.25,771.32,770.00,771.32,0.63,0.36,0.28,1
618261.56,1285061.25,765.33,764.00,765.33,0.63,0.36,0.28,1
618353.81,1285061.25,766.34,765.00,766.34,0.62,0.35,0.28,1
618446.12,1285061.25,772.35,771.00,772.35,0.62,0.36,0.28,1
618538.38,1285061.25,772.37,771.00,772.37,0.62,0.35,0.28,1
618630.62,1285061.25,771.39,770.00,771.39,0.62,0.35,0.27,1
618722.94,1285061.25,778.42,777.00,778.42,0.61,0.34,0.26,1
618815.19,1285061.25,791.46,790.00,791.46,0.61,0.33,0.25,1
618907.50,1285061.25,813.52,812.00,813.52,0.61,0.33,0.25,1
618999.75,1285061.25,832.56,831.00,832.56,0.62,0.34,0.26,1
619092.06,1285061.25,835.59,834.00,835.59,0.62,0.35,0.27,1
619184.31,1285061.25,843.60,842.00,843.60,0.62,0.34,0.26,1
619276.62,1285061.25,857.61,856.00,857.61,0.61,0.33,0.25,1
619368.88,1285061.25,869.61,868.00,869.61,0.60,0.32,0.24,1
619461.19,1285061.25,888.59,887.00,888.59,0.60,0.32,0.24,1
619553.44,1285061.25,903.57,902.00,903.57,0.60,0.32,0.24,1
619645.69,1285061.25,907.53,906.00,907.53,0.60,0.32,0.25,1
619738.00,1285061.25,908.48,907.00,908.48,0.61,0.33,0.25,1
619830.25,1285061.25,916.43,915.00,916.43,0.60,0.33,0.25,1
619922.56,1285061.25,928.37,927.00,928.37,0.59,0.32,0.25,1
620014.81,1285061.25,948.28,947.00,948.28,0.59,0.32,0.24,1
620107.12,1285061.25,974.15,973.00,974.15,0.60,0.34,0.26,1
620199.38,1285061.25,991.10,990.00,991.10,0.63,0.38,0.30,1
620291.69,1285061.25,996.11,995.00,996.11,0.65,0.39,0.32,1
620383.94,1285061.25,1002.13,1001.00,1002.13,0.64,0.38,0.31,1
620476.19,1285061.25,1015.09,1014.00,1015.09,0.65,0.39,0.31,1
620568.50,1285061.25,1017.96,1017.00,1017.96,0.67,0.41,0.34,1
620660.75,1285061.25,1015.74,1015.00,1015.74,0.68,0.44,0.37,1
620753.06,1285061.25,1021.44,1021.00,1021.44,0.67,0.45,0.39,1
620845.31,1285061.25,1041.22,1041.00,1041.22,0.66,0.47,0.41,1
620937.62,1285061.25,1061.16,1061.00,1061.16,0.68,0.50,0.45,1
621029.88,1285061.25,1069.12,1069.00,1069.12,0.72,0.55,0.51,1
621122.19,1285061.25,1072.07,1072.00,1072.07,0.81,0.67,0.56,1
621214.44,1285061.25,1065.04,1065.00,1065.04,0.83,0.69,0.59,1
621306.69,1285061.25,1047.03,1047.00,1047.03,0.85,0.71,0.60,1
621399.00,1285061.25,1026.10,1026.00,1026.10,0.85,0.71,0.61,1
621491.25,1285061.25,1006.56,1006.00,1006.56,0.71,0.49,0.42,1
621583.56,1285061.25,994.38,993.00,994.38,0.67,0.40,0.32,1
621675.81,1285061.25,983.83,982.00,983.83,0.65,0.36,0.28,1
621768.12,1285061.25,974.76,973.00,974.76,0.64,0.35,0.27,1
621860.38,1285061.25,980.56,979.00,980.56,0.63,0.35,0.27,1
621952.69,1285061.25,982.43,981.00,982.43,0.65,0.37,0.30,1
622044.94,1285061.25,975.37,974.00,975.37,0.66,0.39,0.31,1
622137.19,1285061.25,967.36,966.00,967.36,0.66,0.39,0.32,1
622229.50,1285061.25,952.38,951.00,952.38,0.66,0.39,0.31,1
622321.75,1285061.25,933.47,932.00,933.47,0.65,0.38,0.30,1
622414.06,1285061.25,920.54,919.00,920.54,0.65,0.37,0.29,1
622506.31,1285061.25,904.56,903.00,904.56,0.64,0.37,0.29,1
622598.62,1285061.25,883.55,882.00,883.55,0.64,0.36,0.28,1
622690.88,1285061.25,869.54,868.00,869.54,0.62,0.34,0.26,1
622783.19,1285061.25,865.53,864.00,865.53,0.61,0.34,0.26,1
622875.44,1285061.25,850.54,849.00,850.54,0.63,0.35,0.27,1
622967.69,1285061.25,823.59,822.00,823.59,0.63,0.36,0.28,1
623060.00,1285061.25,805.63,804.00,805.63,0.63,0.35,0.27,1
623152.25,1285061.25,795.65,794.00,795.65,0.64,0.35,0.27,1
623244.56,1285061.25,782.66,781.00,782.66,0.64,0.36,0.28,1
623336.81,1285061.25,767.66,766.00,767.66,0.64,0.36,0.28,1
623429.12,1285061.25,756.66,755.00,756.66,0.63,0.35,0.27,1
623521.38,1285061.25,754.66,753.00,754.66,0.63,0.35,0.27,1
623613.69,1285061.25,751.66,750.00,751.66,0.63,0.35,0.27,1
623705.94,1285061.25,749.66,748.00,749.66,0.62,0.34,0.26,1
623798.19,1285061.25,750.65,749.00,750.65,0.62,0.34,0.26,1
623890.50,1285061.25,749.65,748.00,749.65,0.62,0.34,0.26,1
623982.75,1285061.25,750.65,749.00,750.65,0.62,0.34,0.26,1
624075.06,1285061.25,752.65,751.00,752.65,0.61,0.33,0.25,1
624167.31,1285061.25,753.65,752.00,753.65,0.61,0.33,0.25,1
624259.62,1285061.25,752.65,751.00,752.65,0.62,0.34,0.26,1
624351.88,1285061.25,752.65,751.00,752.65,0.62,0.34,0.26,1
624444.19,1285061.25,753.65,752.00,753.65,0.62,0.34,0.26,1
624536.44,1285061.25,759.65,758.00,759.65,0.62,0.34,0.26,1
624628.69,1285061.25,773.63,772.00,773.63,0.61,0.33,0.25,1
624721.00,1285061.25,786.61,785.00,786.61,0.62,0.34,0.26,1
624813.25,1285061.25,789.58,788.00,789.58,0.62,0.34,0.26,1
624905.56,1285061.25,787.54,786.00,787.54,0.62,0.34,0.26,1
624997.81,1285061.25,784.46,783.00,784.46,0.61,0.33,0.26,1
625090.12,1285061.25,789.37,788.00,789.37,0.60,0.33,0.26,1
625182.38,1285061.25,799.31,798.00,799.31,0.61,0.35,0.27,1
625274.69,1285061.25,806.27,805.00,806.27,0.62,0.36,0.28,1
625366.94,1285061.25,808.91,807.80,808.91,0.58,0.32,0.24,1
625459.19,1285061.25,-9999.00,-9999.00,-9999.00,0.71,0.71,0.71,0
614385.88,1284968.88,-9999.00,-9999.00,-9999.00,0.71,0.71,0.71,0
614478.12,1284968.88,772.11,771.00,772.11,0.32,0.06,-0.02,1
614570.44,1284968.88,772.19,771.00,772.19,0.63,0.36,0.29,1
614662.69,1284968.88,770.21,769.00,770.21,0.62,0.36,0.28,1
614755.00,1284968.88,769.29,768.00,769.29,0.62,0.35,0.28,1
614847.25,1284968.88,769.41,768.00,769.41,0.61,0.34,0.26,1
614939.56,1284968.88,764.50,763.00,764.50,0.62,0.34,0.26,1
615031.81,1284968.88,759.57,758.00,759.57,0.62,0.34,0.26,1
615124.12,1284968.88,763.62,762.00,763.62,0.62,0.34,0.26,1
615216.38,1284968.88,767.65,766.00,767.65,0.63,0.35,0.27,1
615308.62,1284968.88,768.65,767.00,768.65,0.62,0.34,0.26,1
615400.94,1284968.88,777.66,776.00,777.66,0.61,0.33,0.25,1
615493.19,1284968.88,777.66,776.00,777.66,0.62,0.34,0.26,1
615585.50,1284968.88,770.67,769.00,770.67,0.63,0.35,0.27,1
615677.75,1284968.88,752.67,751.00,752.67,0.63,0.35,0.27,1
615770.06,1284968.88,739.66,738.00,739.66,0.63,0.35,0.27,1
615862.31,1284968.88,737.66,736.00,737.66,0.62,0.34,0.26,1
615954.62,1284968.88,737.65,736.00,737.65,0.62,0.34,0.26,1
616046.88,1284968.88,738.63,737.00,738.63,0.62,0.34,0.26,1
616139.12,1284968.88,739.61,738.00,739.61,0.62,0.34,0.26,1
616231.44,1284968.88,739.58,738.00,739.58,0.62,0.34,0.27,1
616323.69,1284968.88,735.55,734.00,735.55,0.62,0.35,0.27,1
616416.00,1284968.88,736.53,735.00,736.53,0.62,0.34,0.26,1
616508.25,1284968.88,744.50,743.00,744.50,0.62,0.34,0.26,1
616600.56,1284968.88,747.47,746.00,747.47,0.63,0.35,0.27,1
616692.81,1284968.88,743.44,742.00,743.44,0.63,0.35,0.28,1
616785.12,1284968.88,741.40,740.00,741.40,0.62,0.35,0.27,1
616877.38,1284968.88,744.35,743.00,744.35,0.62,0.35,0.28,1
616969.62,1284968.88,743.29,742.00,743.29,0.63,0.37,0.29,1
617061.94,1284968.88,739.23,738.00,739.23,0.63,0.37,0.29,1
617154.19,1284968.88,739.20,738.00,739.20,0.63,0.36,0.29,1
617246.50,1284968.88,741.18,740.00,741.18,0.63,0.37,0.29,1
617338.75,1284968.88,742.18,741.00,742.18,0.63,0.36,0.29,1
617431.06,1284968.88,743.18,742.00,743.18,0.62,0.36,0.29,1
617523.31,1284968.88,745.18,744.00,745.18,0.62,0.36,0.28,1
617615.62,1284968.88,748.19,747.00,748.19,0.61,0.35,0.28,1
617707.88,1284968.88,760.21,759.00,760.21,0.61,0.34,0.27,1
617800.12,1284968.88,773.24,772.00,773.24,0.61,0.34,0.27,1
617892.44,1284968.88,781.26,780.00,781.26,0.61,0.35,0.27,1
617984.69,1284968.88,781.28,780.00,781.28,0.62,0.36,0.28,1
618077.00,1284968.88,777.29,776.00,777.29,0.63,0.36,0.29,1
618169.25,1284968.88,769.30,768.00,769.30,0.63,0.36,0.29,1
618261.56,1284968.88,763.32,762.00,763.32,0.62,0.35,0.28,1
618353.81,1284968.88,769.33,768.00,769.33,0.62,0.35,0.27,1
618446.12,1284968.88,777.35,776.00,777.35,0.62,0.36,0.28,1
618538.38,1284968.88,773.37,772.00,773.37,0.63,0.36,0.28,1
618630.62,1284968.88,773.39,772.00,773.39,0.62,0.35,0.27,1
618722.94,1284968.88,783.42,782.00,783.42,0.61,0.34,0.26,1
618815.19,1284968.88,798.46,797.00,798.46,0.60,0.33,0.25,1
618907.50,1284968.88,823.51,822.00,823.51,0.60,0.33,0.25,1
618999.75,1284968.88,840.56,839.00,840.56,0.61,0.33,0.25,1
619092.06,1284968.88,844.59,843.00,844.59,0.62,0.34,0.26,1
619184.31,1284968.88,852.61,851.00,852.61,0.61,0.33,0.25,1
619276.62,1284968.88,867.63,866.00,867.63,0.62,0.34,0.26,1
619368.88,1284968.88,874.64,873.00,874.64,0.62,0.34,0.26,1
619461.19,1284968.88,881.64,880.00,881.64,0.61,0.33,0.25,1
619553.44,1284968.88,886.63,885.00,886.63,0.59,0.31,0.23,1
619645.69,1284968.88,891.62,890.00,891.62,0.58,0.30,0.23,1
619738.00,1284968.88,904.59,903.00,904.59,0.59,0.31,0.23,1
619830.25,1284968.88,916.55,915.00,916.55,0.60,0.32,0.24,1
619922.56,1284968.88,927.50,926.00,927.50,0.60,0.32,0.24,1
620014.81,1284968.88,943.36,942.00,943.36,0.57,0.31,0.23,1
620107.12,1284968.88,973.04,972.00,973.04,0.56,0.30,0.23,1
620199.38,1284968.88,1003.86,1003.00,1003.86,0.58,0.34,0.27,1
620291.69,1284968.88,1015.85,1015.00,1015.85,0.62,0.38,0.31,1
620383.94,1284968.88,1011.88,1011.00,1011.88,0.62,0.37,0.30,1
620476.19,1284968.88,1022.84,1022.00,1022.84,0.60,0.35,0.28,1
620568.50,1284968.88,1040.68,1040.00,1040.68,0.61,0.37,0.30,1
620660.75,1284968.88,1058.37,1058.00,1058.37,0.64,0.43,0.37,1
620753.06,1284968.88,1074.14,1074.00,1074.14,0.68,0.51,0.46,1
620845.31,1284968.88,1088.05,1088.00,1088.05,0.75,0.61,0.51,1
620937.62,1284968.88,1101.03,1101.00,1101.03,0.76,0.62,0.51,1
621029.88,1284968.88,1112.02,1112.00,1112.02,0.78,0.64,0.53,1
621122.19,1284968.88,1117.02,1117.00,1117.02,0.81,0.67,0.57,1
621214.44,1284968.88,1108.02,1108.00,1108.02,0.84,0.70,0.59,1
621306.69,1284968.88,1091.03,1091.00,1091.03,0.84,0.70,0.60,1
621399.00,1284968.88,1077.03,1077.00,1077.03,0.85,0.71,0.60,1
621491.25,1284968.88,1058.11,1058.00,1058.11,0.78,0.62,0.57,1
621583.56,1284968.88,1035.57,1035.00,1035.57,0.72,0.49,0.43,1
621675.81,1284968.88,1014.31,1013.00,1014.31,0.67,0.40,0.33,1
621768.12,1284968.88,996.57,995.00,996.57,0.65,0.37,0.30,1
621860.38,1284968.88,996.48,995.00,996.48,0.64,0.36,0.29,1
621952.69,1284968.88,1007.32,1006.00,1007.32,0.64,0.37,0.29,1
622044.94,1284968.88,1012.23,1011.00,1012.23,0.66,0.39,0.32,1
622137.19,1284968.88,998.21,997.00,998.21,0.67,0.41,0.33,1
622229.50,1284968.88,971.24,970.00,971.24,0.66,0.40,0.32,1
622321.75,1284968.88,946.42,945.00,946.42,0.65,0.38,0.30,1
622414.06,1284968.88,927.57,926.00,927.57,0.64,0.36,0.28,1
622506.31,1284968.88,905.61,904.00,905.61,0.64,0.36,0.28,1
622598.62,1284968.88,880.61,879.00,880.61,0.64,0.36,0.28,1
622690.88,1284968.88,860.61,859.00,860.61,0.63,0.35,0.27,1
622783.19,1284968.88,846.61,845.00,846.61,0.61,0.33,0.25,1
622875.44,1284968.88,830.61,829.00,830.61,0.61,0.33,0.25,1
622967.69,1284968.88,809.62,808.00,809.62,0.62,0.34,0.26,1
623060.00,1284968.88,797.64,796.00,797.64,0.62,0.34,0.26,1
623152.25,1284968.88,795.65,794.00,795.65,0.62,0.34,0.26,1
623244.56,1284968.88,788.66,787.00,788.66,0.63,0.35,0.27,1
623336.81,1284968.88,777.66,776.00,777.66,0.64,0.36,0.28,1
623429.12,1284968.88,766.66,765.00,766.66,0.64,0.36,0.28,1
623521.38,1284968.88,758.66,757.00,758.66,0.63,0.35,0.27,1
623613.69,1284968.88,753.66,752.00,753.66,0.63,0.35,0.27,1
623705.94,1284968.88,752.66,751.00,752.66,0.62,0.34,0.26,1
623798.19,1284968.88,752.65,751.00,752.65,0.62,0.34,0.26,1
623890.50,1284968.88,749.65,748.00,749.65,0.62,0.34,0.26,1
623982.75,1284968.88,749.64,748.00,749.64,0.62,0.34,0.26,1
624075.06,1284968.88,751.64,750.00,751.64,0.62,0.34,0.26,1
624167.31,1284968.88,753.64,752.00,753.64,0.62,0.34,0.26,1
624259.62,1284968.88,758.64,757.00,758.64,0.63,0.35,0.27,1
624351.88,1284968.88,763.64,762.00,763.64,0.63,0.35,0.27,1
624444.19,1284968.88,767.64,766.00,767.64,0.63,0.35,0.27,1
624536.44,1284968.88,775.63,774.00,775.63,0.63,0.35,0.27,1
624628.69,1284968.88,780.62,779.00,780.62,0.63,0.35,0.27,1
624721.00,1284968.88,786.60,785.00,786.60,0.62,0.34,0.26,1
624813.25,1284968.88,788.57,787.00,788.57,0.62,0.34,0.27,1
624905.56,1284968.88,782.53,781.00,782.53,0.62,0.35,0.27,1
624997.81,1284968.88,773.46,772.00,773.46,0.61,0.34,0.26,1
625090.12,1284968.88,778.36,777.00,778.36,0.60,0.33,0.25,1
625182.38,1284968.88,792.29,791.00,792.29,0.59,0.33,0.25,1
625274.69,1284968.88,801.24,800.00,801.24,0.60,0.34,0.26,1
625366.94,1284968.88,801.38,800.29,801.38,0.58,0.32,0.24,1
625459.19,1284968.88,-9999.00,-9999.00,-9999.00,0.71,0.71,0.71,0
614385.88,1284876.62,-9999.00,-9999.00,-9999.00,0.71,0.71,0.71,0
614478.12,1284876.62,774.13,773.00,774.13,0.32,0.06,-0.01,1
614570.44,1284876.62,769.21,768.00,769.21,0.63,0.37,0.29,1
614662.69,1284876.62,765.23,764.00,765.23,0.63,0.36,0.29,1
614755.00,1284876.62,762.31,761.00,762.31,0.63,0.36,0.28,1
614847.25,1284876.62,755.43,754.00,755.43,0.62,0.34,0.27,1
614939.56,1284876.62,753.52,752.00,753.52,0.61,0.33,0.25,1
615031.81,1284876.62,761.58,760.00,761.58,0.61,0.33,0.25,1
615124.12,1284876.62,771.62,770.00,771.62,0.61,0.33,0.26,1
615216.38,1284876.62,771.64,770.00,771.64,0.62,0.34,0.26,1
615308.62,1284876.62,762.64,761.00,762.64,0.62,0.34,0.26,1
615400.94,1284876.62,762.65,761.00,762.65,0.60,0.32,0.24,1
615493.19,1284876.62,763.66,762.00,763.66,0.61,0.32,0.24,1
615585.50,1284876.62,760.66,759.00,760.66,0.62,0.34,0.26,1
615677.75,1284876.62,749.66,748.00,749.66,0.63,0.35,0.27,1
615770.06,1284876.62,742.66,741.00,742.66,0.63,0.35,0.27,1
615862.31,1284876.62,739.65,738.00,739.65,0.62,0.34,0.26,1
615954.62,1284876.62,739.64,738.00,739.64,0.62,0.34,0.26,1
616046.88,1284876.62,739.63,738.00,739.63,0.62,0.34,0.26,1
616139.12,1284876.62,740.61,739.00,740.61,0.62,0.34,0.26,1
616231.44,1284876.62,737.59,736.00,737.59,0.62,0.34,0.26,1
616323.69,1284876.62,735.57,734.00,735.57,0.62,0.34,0.27,1
616416.00,1284876.62,741.54,740.00,741.54,0.62,0.34,0.27,1
616508.25,1284876.62,747.52,746.00,747.52,0.62,0.35,0.27,1
616600.56,1284876.62,749.49,748.00,749.49,0.62,0.35,0.27,1
616692.81,1284876.62,742.45,741.00,742.45,0.62,0.35,0.27,1
616785.12,1284876.62,740.41,739.00,740.41,0.62,0.35,0.27,1
616877.38,1284876.62,743.35,742.00,743.35,0.62,0.35,0.27,1
616969.62,1284876.62,748.28,747.00,748.28,0.63,0.37,0.29,1
617061.94,1284876.62,740.23,739.00,740.23,0.63,0.37,0.29,1
617154.19,1284876.62,741.19,740.00,741.19,0.62,0.36,0.29,1
617246.50,1284876.62,744.17,743.00,744.17,0.63,0.37,0.29,1
617338.75,1284876.62,743.16,742.00,743.16,0.63,0.37,0.29,1
617431.06,1284876.62,743.16,742.00,743.16,0.63,0.37,0.29,1
617523.31,1284876.62,745.16,744.00,745.16,0.62,0.36,0.29,1
617615.62,1284876.62,749.17,748.00,749.17,0.62,0.35,0.28,1
617707.88,1284876.62,760.19,759.00,760.19,0.61,0.35,0.27,1
617800.12,1284876.62,769.21,768.00,769.21,0.61,0.35,0.27,1
617892.44,1284876.62,776.24,775.00,776.24,0.61,0.35,0.27,1
617984.69,1284876.62,777.26,776.00,777.26,0.62,0.35,0.28,1
618077.00,1284876.62,774.28,773.00,774.28,0.63,0.36,0.28,1
618169.25,1284876.62,765.29,764.00,765.29,0.63,0.36,0.28,1
618261.56,1284876.62,758.31,757.00,758.31,0.62,0.35,0.27,1
618353.81,1284876.62,767.33,766.00,767.33,0.61,0.34,0.26,1
618446.12,1284876.62,777.35,776.00,777.35,0.62,0.35,0.27,1
618538.38,1284876.62,773.37,772.00,773.37,0.62,0.35,0.28,1
618630.62,1284876.62,773.39,772.00,773.39,0.61,0.34,0.27,1
618722.94,1284876.62,787.43,786.00,787.43,0.60,0.33,0.25,1
618815.19,1284876.62,806.47,805.00,806.47,0.60,0.32,0.25,1
618907.50,1284876.62,825.51,824.00,825.51,0.60,0.32,0.24,1
618999.75,1284876.62,832.56,831.00,832.56,0.60,0.32,0.24,1
619092.06,1284876.62,838.59,837.00,838.59,0.60,0.32,0.24,1
619184.31,1284876.62,849.62,848.00,849.62,0.59,0.31,0.23,1
619276.62,1284876.62,871.65,870.00,871.65,0.60,0.32,0.24,1
619368.88,1284876.62,884.67,883.00,884.67,0.61,0.33,0.25,1
619461.19,1284876.62,883.69,882.00,883.69,0.63,0.34,0.26,1
619553.44,1284876.62,866.70,865.00,866.70,0.61,0.33,0.25,1
619645.69,1284876.62,863.71,862.00,863.71,0.58,0.29,0.21,1
619738.00,1284876.62,881.74,880.00,881.74,0.56,0.28,0.20,1
619830.25,1284876.62,900.75,899.00,900.75,0.57,0.29,0.21,1
619922.56,1284876.62,913.73,912.00,913.73,0.58,0.30,0.22,1
620014.81,1284876.62,922.59,921.00,922.59,0.56,0.29,0.21,1
620107.12,1284876.62,950.12,949.00,950.12,0.53,0.27,0.20,1
620199.38,1284876.62,978.76,978.00,978.76,0.52,0.28,0.21,1
620291.69,1284876.62,995.75,995.00,995.75,0.56,0.32,0.25,1
620383.94,1284876.62,994.82,994.00,994.82,0.58,0.34,0.27,1
620476.19,1284876.62,1001.82,1001.00,1001.82,0.57,0.32,0.25,1
620568.50,1284876.62,1026.67,1026.00,1026.67,0.55,0.31,0.24,1
620660.75,1284876.62,1060.33,1060.00,1060.33,0.54,0.33,0.27,1
620753.06,1284876.62,1096.11,1096.00,1096.11,0.55,0.39,0.34,1
620845.31,1284876.62,1129.03,1129.00,1129.03,0.63,0.50,0.39,1
620937.62,1284876.62,1154.02,1154.00,1154.02,0.68,0.54,0.44,1
621029.88,1284876.62,1175.01,1175.00,1175.01,0.73,0.59,0.48,1
621122.19,1284876.62,1188.02,1188.00,1188.02,0.81,0.67,0.56,1
621214.44,1284876.62,1173.03,1173.00,1173.03,0.86,0.72,0.61,1
621306.69,1284876.62,1146.04,1146.00,1146.04,0.86,0.72,0.61,1
621399.00,1284876.62,1128.05,1128.00,1128.05,0.86,0.72,0.61,1
621491.25,1284876.62,1102.06,1102.00,1102.06,0.86,0.72,0.62,1
621583.56,1284876.62,1069.22,1069.00,1069.22,0.76,0.57,0.52,1
621675.81,1284876.62,1038.77,1038.00,1038.77,0.70,0.46,0.39,1
621768.12,1284876.62,1024.15,1023.00,1024.15,0.67,0.40,0.33,1
621860.38,1284876.62,1027.18,1026.00,1027.18,0.65,0.39,0.31,1
621952.69,1284876.62,1031.08,1030.00,1031.08,0.65,0.39,0.32,1
622044.94,1284876.62,1023.95,1023.00,1023.95,0.65,0.40,0.33,1
622137.19,1284876.62,1003.90,1003.00,1003.90,0.65,0.40,0.33,1
622229.50,1284876.62,972.06,971.00,972.06,0.64,0.38,0.31,1
622321.75,1284876.62,942.47,941.00,942.47,0.63,0.35,0.27,1
622414.06,1284876.62,920.68,919.00,920.68,0.63,0.34,0.26,1
622506.31,1284876.62,901.73,900.00,901.73,0.63,0.35,0.27,1
622598.62,1284876.62,878.72,877.00,878.72,0.64,0.36,0.28,1
622690.88,1284876.62,850.70,849.00,850.70,0.64,0.36,0.28,1
622783.19,1284876.62,824.68,823.00,824.68,0.63,0.35,0.27,1
622875.44,1284876.62,803.66,802.00,803.66,0.61,0.33,0.25,1
622967.69,1284876.62,792.65,791.00,792.65,0.61,0.33,0.25,1
623060.00,1284876.62,791.65,790.00,791.65,0.61,0.33,0.25,1
623152.25,1284876.62,792.65,791.00,792.65,0.62,0.33,0.25,1
623244.56,1284876.62,791.66,790.00,791.66,0.63,0.35,0.27,1
623336.81,1284876.62,783.66,782.00,783.66,0.63,0.35,0.27,1
623429.12,1284876.62,770.66,769.00,770.66,0.63,0.35,0.27,1
623521.38,1284876.62,761.66,760.00,761.66,0.63,0.35,0.27,1
623613.69,1284876.62,756.66,755.00,756.66,0.63,0.35,0.27,1
623705.94,1284876.62,753.65,752.00,753.65,0.62,0.34,0.26,1
623798.19,1284876.62,751.64,750.00,751.64,0.62,0.34,0.26,1
623890.50,1284876.62,749.63,748.00,749.63,0.62,0.34,0.26,1
623982.75,1284876.62,751.63,750.00,751.63,0.62,0.34,0.26,1
624075.06,1284876.62,757.63,756.00,757.63,0.61,0.33,0.25,1
624167.31,1284876.62,766.62,765.00,766.62,0.62,0.34,0.26,1
624259.62,1284876.62,771.62,770.00,771.62,0.62,0.34,0.26,1
624351.88,1284876.62,774.62,773.00,774.62,0.62,0.34,0.26,1
624444.19,1284876.62,782.62,781.00,782.62,0.62,0.34,0.26,1
624536.44,1284876.62,790.61,789.00,790.61,0.62,0.34,0.26,1
624628.69,1284876.62,793.61,792.00,793.61,0.62,0.35,0.27,1
624721.00,1284876.62,792.59,791.00,792.59,0.63,0.35,0.27,1
624813.25,1284876.62,787.56,786.00,787.56,0.63,0.35,0.27,1
624905.56,1284876.62,777.51,776.00,777.51,0.63,0.35,0.27,1
624997.81,1284876.62,766.44,765.00,766.44,0.62,0.35,0.27,1
625090.12,1284876.62,767.34,766.00,767.34,0.61,0.34,0.26,1
625182.38,1284876.62,777.25,776.00,777.25,0.59,0.33,0.25,1
625274.69,1284876.62,785.21,784.00,785.21,0.59,0.33,0.25,1
625366.94,1284876.62,793.84,792.78,793.84,0.58,0.32,0.25,1
625459.19,1284876.62,-9999.00,-9999.00,-9999.00,0.71,0.71,0.71,0
614385.88,1284784.38,-9999.00,-9999.00,-9999.00,0.71,0.71,0.71,0
614478.12,1284784.38,775.14,774.00,775.14,0.32,0.06,-0.01,1
614570.44,1284784.38,769.24,768.00,769.24,0.64,0.37,0.29,1
614662.69,1284784.38,767.26,766.00,767.26,0.64,0.37,0.30,1
614755.00,1284784.38,761.34,760.00,761.34,0.64,0.37,0.29,1
614847.25,1284784.38,750.44,749.00,750.44,0.63,0.36,0.28,1
614939.56,1284784.38,745.52,744.00,745.52,0.62,0.34,0.26,1
615031.81,1284784.38,751.58,750.00,751.58,0.60,0.33,0.25,1
615124.12,1284784.38,760.61,759.00,760.61,0.60,0.32,0.24,1
615216.38,1284784.38,762.63,761.00,762.63,0.62,0.34,0.26,1
615308.62,1284784.38,757.64,756.00,757.64,0.63,0.35,0.27,1
615400.94,1284784.38,748.64,747.00,748.64,0.62,0.34,0.26,1
615493.19,1284784.38,749.65,748.00,749.65,0.60,0.32,0.24,1
615585.50,1284784.38,761.65,760.00,761.65,0.62,0.34,0.26,1
615677.75,1284784.38,758.65,757.00,758.65,0.63,0.35,0.27,1
615770.06,1284784.38,745.65,744.00,745.65,0.63,0.35,0.27,1
615862.31,1284784.38,740.65,739.00,740.65,0.62,0.34,0.26,1
615954.62,1284784.38,738.65,737.00,738.65,0.62,0.34,0.26,1
616046.88,1284784.38,739.64,738.00,739.64,0.62,0.34,0.26,1
616139.12,1284784.38,739.63,738.00,739.63,0.62,0.34,0.26,1
616231.44,1284784.38,736.61,735.00,736.61,0.62,0.34,0.26,1
616323.69,1284784.38,739.59,738.00,739.59,0.62,0.34,0.26,1
616416.00,1284784.38,748.57,747.00,748.57,0.62,0.34,0.26,1
616508.25,1284784.38,749.54,748.00,749.54,0.62,0.35,0.27,1
616600.56,1284784.38,744.51,743.00,744.51,0.62,0.35,0.27,1
616692.81,1284784.38,738.47,737.00,738.47,0.62,0.35,0.27,1
616785.12,1284784.38,739.42,738.00,739.42,0.62,0.35,0.27,1
616877.38,1284784.38,741.36,740.00,741.36,0.62,0.35,0.27,1
616969.62,1284784.38,750.29,749.00,750.29,0.63,0.36,0.28,1
617061.94,1284784.38,741.23,740.00,741.23,0.63,0.37,0.29,1
617154.19,1284784.38,741.18,740.00,741.18,0.62,0.36,0.29,1
617246.50,1284784.38,745.16,744.00,745.16,0.62,0.36,0.29,1
617338.75,1284784.38,746.15,745.00,746.15,0.63,0.37,0.29,1
617431.06,1284784.38,745.14,744.00,745.14,0.63,0.37,0.29,1
617523.31,1284784.38,745.15,744.00,745.15,0.63,0.36,0.29,1
617615.62,1284784.38,748.15,747.00,748.15,0.62,0.36,0.28,1
617707.88,1284784.38,758.17,757.00,758.17,0.61,0.34,0.27,1
617800.12,1284784.38,770.19,769.00,770.19,0.62,0.35,0.28,1
617892.44,1284784.38,770.22,769.00,770.22,0.62,0.36,0.28,1
617984.69,1284784.38,769.24,768.00,769.24,0.62,0.35,0.28,1
618077.00,1284784.38,769.27,768.00,769.27,0.62,0.36,0.28,1
618169.25,1284784.38,759.29,758.00,759.29,0.63,0.36,0.28,1
618261.56,1284784.38,756.31,755.00,756.31,0.62,0.36,0.28,1
618353.81,1284784.38,763.33,762.00,763.33,0.62,0.35,0.27,1
618446.12,1284784.38,769.35,768.00,769.35,0.61,0.34,0.27,1
618538.38,1284784.38,768.37,767.00,768.37,0.62,0.35,0.27,1
618630.62,1284784.38,772.40,771.00,772.40,0.61,0.34,0.26,1
618722.94,1284784.38,784.43,783.00,784.43,0.60,0.33,0.25,1
618815.19,1284784.38,799.47,798.00,799.47,0.59,0.32,0.24,1
618907.50,1284784.38,812.51,811.00,812.51,0.60,0.32,0.24,1
618999.75,1284784.38,814.56,813.00,814.56,0.60,0.32,0.24,1
619092.06,1284784.38,827.59,826.00,827.59,0.59,0.32,0.24,1
619184.31,1284784.38,837.63,836.00,837.63,0.59,0.31,0.23,1
619276.62,1284784.38,858.66,857.00,858.66,0.58,0.30,0.22,1
619368.88,1284784.38,873.69,872.00,873.69,0.59,0.31,0.23,1
619461.19,1284784.38,873.73,872.00,873.73,0.61,0.33,0.25,1
619553.44,1284784.38,850.79,849.00,850.79,0.62,0.34,0.26,1
619645.69,1284784.38,832.89,831.00,832.89,0.60,0.31,0.22,1
619738.00,1284784.38,846.06,844.00,846.06,0.57,0.28,0.19,1
619830.25,1284784.38,869.25,867.00,869.25,0.57,0.27,0.19,1
619922.56,1284784.38,881.47,879.00,881.47,0.58,0.27,0.19,1
620014.81,1284784.38,889.61,887.00,889.61,0.57,0.27,0.18,1
620107.12,1284784.38,911.20,909.00,911.20,0.56,0.26,0.18,1
620199.38,1284784.38,934.53,933.00,934.53,0.54,0.26,0.18,1
620291.69,1284784.38,952.24,951.00,952.24,0.54,0.27,0.20,1
620383.94,1284784.38,964.13,963.00,964.13,0.55,0.29,0.22,1
620476.19,1284784.38,980.98,980.00,980.98,0.56,0.31,0.23,1
620568.50,1284784.38,1009.70,1009.00,1009.70,0.54,0.31,0.24,1
620660.75,1284784.38,1044.36,1044.00,1044.36,0.51,0.31,0.25,1
620753.06,1284784.38,1083.13,1083.00,1083.13,0.48,0.31,0.26,1
620845.31,1284784.38,1122.04,1122.00,1122.04,0.50,0.36,0.25,1
620937.62,1284784.38,1152.02,1152.00,1152.02,0.53,0.39,0.29,1
621029.88,1284784.38,1184.02,1184.00,1184.02,0.54,0.40,0.30,1
621122.19,1284784.38,1220.04,1220.00,1220.04,0.63,0.50,0.39,1
621214.44,1284784.38,1225.06,1225.00,1225.06,0.79,0.65,0.55,1
621306.69,1284784.38,1200.08,1200.00,1200.08,0.85,0.71,0.61,1
621399.00,1284784.38,1174.09,1174.00,1174.09,0.86,0.72,0.61,1
621491.25,1284784.38,1138.10,1138.00,1138.10,0.86,0.72,0.62,1
621583.56,1284784.38,1100.15,1100.00,1100.15,0.78,0.60,0.56,1
621675.81,1284784.38,1071.43,1071.00,1071.43,0.73,0.51,0.45,1
621768.12,1284784.38,1060.73,1060.00,1060.73,0.69,0.45,0.38,1
621860.38,1284784.38,1051.81,1051.00,1051.81,0.67,0.43,0.36,1
621952.69,1284784.38,1036.76,1036.00,1036.76,0.65,0.41,0.35,1
622044.94,1284784.38,1015.66,1015.00,1015.66,0.64,0.41,0.34,1
622137.19,1284784.38,981.67,981.00,981.67,0.63,0.40,0.33,1
622229.50,1284784.38,943.11,942.00,943.11,0.61,0.35,0.28,1
622321.75,1284784.38,915.80,914.00,915.80,0.60,0.31,0.23,1
622414.06,1284784.38,905.02,903.00,905.02,0.60,0.31,0.23,1
622506.31,1284784.38,897.00,895.00,897.00,0.61,0.32,0.24,1
622598.62,1284784.38,879.88,878.00,879.88,0.63,0.34,0.26,1
622690.88,1284784.38,855.78,854.00,855.78,0.64,0.36,0.28,1
622783.19,1284784.38,822.72,821.00,822.72,0.65,0.37,0.28,1
622875.44,1284784.38,795.69,794.00,795.69,0.64,0.36,0.28,1
622967.69,1284784.38,785.67,784.00,785.67,0.62,0.34,0.26,1
623060.00,1284784.38,782.66,781.00,782.66,0.61,0.33,0.25,1
623152.25,1284784.38,785.66,784.00,785.66,0.61,0.33,0.25,1
623244.56,1284784.38,790.66,789.00,790.66,0.62,0.33,0.25,1
623336.81,1284784.38,785.66,784.00,785.66,0.63,0.35,0.27,1
623429.12,1284784.38,770.66,769.00,770.66,0.63,0.35,0.27,1
623521.38,1284784.38,761.66,760.00,761.66,0.63,0.34,0.26,1
623613.69,1284784.38,757.65,756.00,757.65,0.62,0.34,0.26,1
623705.94,1284784.38,755.64,754.00,755.64,0.62,0.34,0.26,1
623798.19,1284784.38,752.63,751.00,752.63,0.62,0.34,0.26,1
623890.50,1284784.38,753.62,752.00,753.62,0.62,0.34,0.26,1
623982.75,1284784.38,752.61,751.00,752.61,0.62,0.34,0.27,1
624075.06,1284784.38,752.60,751.00,752.60,0.61,0.33,0.25,1
624167.31,1284784.38,761.60,760.00,761.60,0.60,0.32,0.24,1
624259.62,1284784.38,768.60,767.00,768.60,0.60,0.32,0.25,1
624351.88,1284784.38,773.59,772.00,773.59,0.61,0.33,0.25,1
624444.19,1284784.38,778.59,777.00,778.59,0.61,0.33,0.25,1
624536.44,1284784.38,783.59,782.00,783.59,0.60,0.33,0.25,1
624628.69,1284784.38,789.58,788.00,789.58,0.61,0.33,0.25,1
624721.00,1284784.38,792.56,791.00,792.56,0.62,0.34,0.26,1
624813.25,1284784.38,785.54,784.00,785.54,0.63,0.35,0.27,1
624905.56,1284784.38,774.49,773.00,774.49,0.63,0.35,0.28,1
624997.81,1284784.38,764.41,763.00,764.41,0.63,0.35,0.28,1
625090.12,1284784.38,760.30,759.00,760.30,0.62,0.35,0.28,1
625182.38,1284784.38,764.20,763.00,764.20,0.60,0.34,0.27,1
625274.69,1284784.38,770.15,769.00,770.15,0.59,0.33,0.25,1
625366.94,1284784.38,787.77,786.76,787.77,0.58,0.32,0.25,1
625459.19,1284784.38,-9999.00,-9999.00,-9999.00,0.71,0.71,0.71,0
614385.88,1284692.12,-9999.00,-9999.00,-9999.00,0.71,0.71,0.71,0
614478.12,1284692.12,778.16,777.00,778.16,0.32,0.06,-0.01,1
614570.44,1284692.12,776.26,775.00,776.26,0.63,0.36,0.29,1
614662.69,1284692.12,776.28,775.00,776.28,0.63,0.37,0.29,1
614755.00,1284692.12,769.36,768.00,769.36,0.64,0.37,0.30,1
614847.25,1284692.12,757.45,756.00,757.45,0.64,0.37,0.29,1
614939.56,1284692.12,746.52,745.00,746.52,0.63,0.36,0.28,1
615031.81,1284692.12,744.57,743.00,744.57,0.62,0.34,0.26,1
615124.12,1284692.12,751.60,750.00,751.60,0.61,0.33,0.25,1
615216.38,1284692.12,759.61,758.00,759.61,0.61,0.33,0.25,1
615308.62,1284692.12,759.62,758.00,759.62,0.62,0.34,0.26,1
615400.94,1284692.12,748.63,747.00,748.63,0.63,0.35,0.27,1
615493.19,1284692.12,745.63,744.00,745.63,0.61,0.33,0.25,1
615585.50,1284692.12,760.64,759.00,760.64,0.61,0.33,0.25,1
615677.75,1284692.12,757.64,756.00,757.64,0.62,0.34,0.26,1
615770.06,1284692.12,743.64,742.00,743.64,0.63,0.35,0.27,1
615862.31,1284692.12,739.65,738.00,739.65,0.62,0.34,0.26,1
615954.62,1284692.12,743.65,742.00,743.65,0.63,0.35,0.27,1
616046.88,1284692.12,746.65,745.00,746.65,0.63,0.35,0.27,1
616139.12,1284692.12,741.64,740.00,741.64,0.63,0.35,0.27,1
616231.44,1284692.12,737.63,736.00,737.63,0.63,0.35,0.27,1
616323.69,1284692.12,738.62,737.00,738.62,0.62,0.34,0.26,1
616416.00,1284692.12,745.60,744.00,745.60,0.61,0.34,0.26,1
616508.25,1284692.12,743.58,742.00,743.58,0.62,0.34,0.27,1
616600.56,1284692.12,739.55,738.00,739.55,0.63,0.35,0.27,1
616692.81,1284692.12,737.50,736.00,737.50,0.63,0.35,0.27,1
616785.12,1284692.12,738.45,737.00,738.45,0.62,0.35,0.27,1
616877.38,1284692.12,740.38,739.00,740.38,0.62,0.35,0.27,1
616969.62,1284692.12,748.29,747.00,748.29,0.62,0.36,0.28,1
617061.94,1284692.12,742.23,741.00,742.23,0.63,0.37,0.29,1
617154.19,1284692.12,740.18,739.00,740.18,0.63,0.36,0.29,1
617246.50,1284692.12,743.15,742.00,743.15,0.62,0.36,0.29,1
617338.75,1284692.12,745.14,744.00,745.14,0.62,0.36,0.29,1
617431.06,1284692.12,745.14,744.00,745.14,0.63,0.37,0.29,1
617523.31,1284692.12,745.14,744.00,745.14,0.62,0.36,0.29,1
617615.62,1284692.12,748.14,747.00,748.14,0.62,0.36,0.29,1
617707.88,1284692.12,754.15,753.00,754.15,0.61,0.35,0.27,1
617800.12,1284692.12,767.17,766.00,767.17,0.61,0.35,0.28,1
617892.44,1284692.12,766.20,765.00,766.20,0.62,0.36,0.29,1
617984.69,1284692.12,762.23,761.00,762.23,0.62,0.36,0.28,1
618077.00,1284692.12,760.25,759.00,760.25,0.62,0.35,0.28,1
618169.25,1284692.12,754.28,753.00,754.28,0.62,0.36,0.28,1
618261.56,1284692.12,760.31,759.00,760.31,0.62,0.36,0.28,1
618353.81,1284692.12,767.33,766.00,767.33,0.63,0.36,0.28,1
618446.12,1284692.12,764.35,763.00,764.35,0.63,0.36,0.28,1
618538.38,1284692.12,768.38,767.00,768.38,0.62,0.35,0.27,1
618630.62,1284692.12,773.41,772.00,773.41,0.62,0.35,0.27,1
618722.94,1284692.12,780.44,779.00,780.44,0.61,0.34,0.26,1
618815.19,1284692.12,790.48,789.00,790.48,0.60,0.33,0.25,1
618907.50,1284692.12,798.52,797.00,798.52,0.60,0.33,0.25,1
618999.75,1284692.12,803.56,802.00,803.56,0.60,0.33,0.25,1
619092.06,1284692.12,815.59,814.00,815.59,0.60,0.32,0.24,1
619184.31,1284692.12,820.63,819.00,820.63,0.59,0.31,0.23,1
619276.62,1284692.12,832.66,831.00,832.66,0.58,0.30,0.22,1
619368.88,1284692.12,844.71,843.00,844.71,0.58,0.30,0.22,1
619461.19,1284692.12,849.76,848.00,849.76,0.59,0.31,0.23,1
619553.44,1284692.12,839.85,838.00,839.85,0.61,0.33,0.25,1
619645.69,1284692.12,817.02,815.00,817.02,0.61,0.32,0.24,1
619738.00,1284692.12,820.32,818.00,820.32,0.59,0.29,0.20,1
619830.25,1284692.12,839.80,837.00,839.80,0.59,0.27,0.18,1
619922.56,1284692.12,844.49,841.00,844.49,0.59,0.27,0.17,1
620014.81,1284692.12,851.25,847.00,851.25,0.60,0.26,0.16,1
620107.12,1284692.12,870.55,866.00,870.55,0.60,0.25,0.15,1
620199.38,1284692.12,890.22,886.00,890.22,0.59,0.25,0.16,1
620291.69,1284692.12,908.69,905.00,908.69,0.59,0.26,0.16,1
620383.94,1284692.12,929.98,927.00,929.98,0.58,0.26,0.17,1
620476.19,1284692.12,964.95,963.00,964.95,0.56,0.27,0.19,1
620568.50,1284692.12,999.04,998.00,999.04,0.55,0.30,0.22,1
620660.75,1284692.12,1032.60,1032.00,1032.60,0.54,0.31,0.25,1
620753.06,1284692.12,1063.36,1063.00,1063.36,0.52,0.31,0.25,1
620845.31,1284692.12,1095.20,1095.00,1095.20,0.48,0.29,0.24,1
620937.62,1284692.12,1129.10,1129.00,1129.10,0.46,0.30,0.26,1
621029.88,1284692.12,1163.08,1163.00,1163.08,0.48,0.34,0.23,1
621122.19,1284692.12,1196.10,1196.00,1196.10,0.50,0.36,0.25,1
621214.44,1284692.12,1214.16,1214.00,1214.16,0.57,0.40,0.35,1
621306.69,1284692.12,1213.20,1213.00,1213.20,0.66,0.48,0.42,1
621399.00,1284692.12,1194.21,1194.00,1194.21,0.70,0.51,0.46,1
621491.25,1284692.12,1167.21,1167.00,1167.21,0.72,0.54,0.49,1
621583.56,1284692.12,1144.22,1144.00,1144.22,0.74,0.55,0.49,1
621675.81,1284692.12,1122.34,1122.00,1122.34,0.73,0.53,0.47,1
621768.12,1284692.12,1092.57,1092.00,1092.57,0.70,0.48,0.41,1
621860.38,1284692.12,1057.64,1057.00,1057.64,0.68,0.45,0.38,1
621952.69,1284692.12,1025.61,1025.00,1025.61,0.66,0.43,0.37,1
622044.94,1284692.12,994.56,994.00,994.56,0.65,0.42,0.36,1
622137.19,1284692.12,952.70,952.00,952.70,0.64,0.40,0.34,1
622229.50,1284692.12,908.74,907.00,908.74,0.62,0.34,0.26,1
622321.75,1284692.12,882.68,880.00,882.68,0.60,0.29,0.21,1
622414.06,1284692.12,876.67,874.00,876.67,0.59,0.28,0.20,1
622506.31,1284692.12,873.34,871.00,873.34,0.59,0.29,0.21,1
622598.62,1284692.12,865.02,863.00,865.02,0.60,0.31,0.22,1
622690.88,1284692.12,854.83,853.00,854.83,0.62,0.33,0.25,1
622783.19,1284692.12,835.73,834.00,835.73,0.64,0.36,0.28,1
622875.44,1284692.12,811.69,810.00,811.69,0.65,0.37,0.29,1
622967.69,1284692.12,787.67,786.00,787.67,0.64,0.36,0.28,1
623060.00,1284692.12,774.67,773.00,774.67,0.62,0.34,0.26,1
623152.25,1284692.12,774.66,773.00,774.66,0.61,0.33,0.25,1
623244.56,1284692.12,782.66,781.00,782.66,0.61,0.32,0.24,1
623336.81,1284692.12,783.66,782.00,783.66,0.62,0.34,0.26,1
623429.12,1284692.12,771.65,770.00,771.65,0.63,0.35,0.27,1
623521.38,1284692.12,758.65,757.00,758.65,0.63,0.35,0.27,1
623613.69,1284692.12,753.64,752.00,753.64,0.62,0.34,0.26,1
623705.94,1284692.12,753.62,752.00,753.62,0.62,0.34,0.26,1
623798.19,1284692.12,752.60,751.00,752.60,0.62,0.34,0.26,1
623890.50,1284692.12,753.58,752.00,753.58,0.62,0.35,0.27,1
623982.75,1284692.12,754.57,753.00,754.57,0.63,0.35,0.27,1
624075.06,1284692.12,751.57,750.00,751.57,0.63,0.35,0.27,1
624167.31,1284692.12,748.56,747.00,748.56,0.62,0.34,0.26,1
624259.62,1284692.12,752.56,751.00,752.56,0.60,0.33,0.25,1
624351.88,1284692.12,761.56,760.00,761.56,0.60,0.32,0.24,1
624444.19,1284692.12,767.56,766.00,767.56,0.60,0.32,0.24,1
624536.44,1284692.12,772.56,771.00,772.56,0.60,0.32,0.24,1
624628.69,1284692.12,776.55,775.00,776.55,0.60,0.32,0.24,1
624721.00,1284692.12,779.53,778.00,779.53,0.60,0.32,0.25,1
624813.25,1284692.12,778.51,777.00,778.51,0.61,0.34,0.26,1
624905.56,1284692.12,768.45,767.00,768.45,0.62,0.35,0.27,1
624997.81,1284692.12,758.37,757.00,758.37,0.62,0.35,0.28,1
625090.12,1284692.12,757.24,756.00,757.24,0.62,0.36,0.28,1
625182.38,1284692.12,757.14,756.00,757.14,0.63,0.36,0.29,1
625274.69,1284692.12,758.08,757.00,758.08,0.60,0.35,0.27,1
625366.94,1284692.12,783.17,782.24,783.17,0.57,0.32,0.25,1
625459.19,1284692.12,-9999.00,-9999.00,-9999.00,0.71,0.71,0.71,0
614385.88,1284599.88,-9999.00,-9999.00,-9999.00,0.71,0.71,0.71,0
614478.12,1284599.88,780.18,779.00,780.18,0.33,0.07,-0.01,1
614570.44,1284599.88,773.29,772.00,773.29,0.63,0.36,0.28,1
614662.69,1284599.88,773.31,772.00,773.31,0.62,0.35,0.27,1
614755.00,1284599.88,773.37,772.00,773.37,0.62,0.35,0.28,1
614847.25,1284599.88,767.46,766.00,767.46,0.64,0.36,0.28,1
614939.56,1284599.88,753.52,752.00,753.52,0.63,0.36,0.28,1
615031.81,1284599.88,745.56,744.00,745.56,0.62,0.35,0.27,1
615124.12,1284599.88,747.58,746.00,747.58,0.61,0.34,0.26,1
615216.38,1284599.88,750.59,749.00,750.59,0.61,0.33,0.25,1
615308.62,1284599.88,750.60,749.00,750.60,0.62,0.34,0.26,1
615400.94,1284599.88,744.61,743.00,744.61,0.62,0.34,0.26,1
615493.19,1284599.88,742.62,741.00,742.62,0.62,0.34,0.26,1
615585.50,1284599.88,747.62,746.00,747.62,0.61,0.33,0.25,1
615677.75,1284599.88,746.63,745.00,746.63,0.61,0.34,0.26,1
615770.06,1284599.88,741.64,740.00,741.64,0.63,0.35,0.27,1
615862.31,1284599.88,745.65,744.00,745.65,0.62,0.34,0.26,1
615954.62,1284599.88,757.65,756.00,757.65,0.63,0.35,0.27,1
616046.88,1284599.88,759.65,758.00,759.65,0.64,0.36,0.28,1
616139.12,1284599.88,750.65,749.00,750.65,0.64,0.36,0.28,1
616231.44,1284599.88,743.65,742.00,743.65,0.64,0.36,0.28,1
616323.69,1284599.88,738.64,737.00,738.64,0.62,0.34,0.26,1
616416.00,1284599.88,741.62,740.00,741.62,0.62,0.34,0.26,1
616508.25,1284599.88,745.60,744.00,745.60,0.62,0.34,0.26,1
616600.56,1284599.88,744.57,743.00,744.57,0.63,0.35,0.27,1
616692.81,1284599.88,741.53,740.00,741.53,0.63,0.35,0.27,1
616785.12,1284599.88,744.47,743.00,744.47,0.63,0.35,0.27,1
616877.38,1284599.88,747.39,746.00,747.39,0.63,0.36,0.28,1
616969.62,1284599.88,748.30,747.00,748.30,0.63,0.36,0.29,1
617061.94,1284599.88,745.23,744.00,745.23,0.64,0.37,0.30,1
617154.19,1284599.88,742.18,741.00,742.18,0.63,0.37,0.30,1
617246.50,1284599.88,744.15,743.00,744.15,0.63,0.37,0.30,1
617338.75,1284599.88,743.14,742.00,743.14,0.63,0.37,0.30,1
617431.06,1284599.88,745.13,744.00,745.13,0.64,0.38,0.30,1
617523.31,1284599.88,742.13,741.00,742.13,0.63,0.37,0.29,1
617615.62,1284599.88,748.13,747.00,748.13,0.62,0.36,0.28,1
617707.88,1284599.88,753.14,752.00,753.14,0.62,0.35,0.28,1
617800.12,1284599.88,762.15,761.00,762.15,0.61,0.35,0.28,1
617892.44,1284599.88,763.18,762.00,763.18,0.63,0.37,0.29,1
617984.69,1284599.88,757.21,756.00,757.21,0.63,0.37,0.29,1
618077.00,1284599.88,753.24,752.00,753.24,0.62,0.36,0.28,1
618169.25,1284599.88,757.27,756.00,757.27,0.62,0.35,0.27,1
618261.56,1284599.88,770.31,769.00,770.31,0.62,0.35,0.28,1
618353.81,1284599.88,774.34,773.00,774.34,0.63,0.36,0.28,1
618446.12,1284599.88,772.36,771.00,772.36,0.63,0.36,0.28,1
618538.38,1284599.88,772.39,771.00,772.39,0.62,0.35,0.28,1
618630.62,1284599.88,774.42,773.00,774.42,0.62,0.35,0.27,1
618722.94,1284599.88,780.46,779.00,780.46,0.62,0.35,0.27,1
618815.19,1284599.88,785.49,784.00,785.49,0.62,0.34,0.26,1
618907.50,1284599.88,791.53,790.00,791.53,0.61,0.33,0.25,1
618999.75,1284599.88,800.56,799.00,800.56,0.61,0.33,0.25,1
619092.06,1284599.88,810.59,809.00,810.59,0.61,0.33,0.25,1
619184.31,1284599.88,807.63,806.00,807.63,0.61,0.33,0.25,1
619276.62,1284599.88,812.67,811.00,812.67,0.59,0.31,0.23,1
619368.88,1284599.88,820.72,819.00,820.72,0.59,0.31,0.23,1
619461.19,1284599.88,820.78,819.00,820.78,0.59,0.31,0.22,1
619553.44,1284599.88,815.89,814.00,815.89,0.60,0.31,0.23,1
619645.69,1284599.88,803.09,801.00,803.09,0.61,0.32,0.23,1
619738.00,1284599.88,804.43,802.00,804.43,0.60,0.30,0.21,1
619830.25,1284599.88,813.98,811.00,813.98,0.60,0.28,0.19,1
619922.56,1284599.88,821.79,818.00,821.79,0.60,0.27,0.17,1
620014.81,1284599.88,837.63,833.00,837.63,0.60,0.26,0.16,1
620107.12,1284599.88,855.13,850.00,855.13,0.60,0.25,0.15,1
620199.38,1284599.88,868.25,863.00,868.25,0.60,0.25,0.15,1
620291.69,1284599.88,886.09,881.00,886.09,0.60,0.25,0.15,1
620383.94,1284599.88,913.45,909.00,913.45,0.60,0.26,0.16,1
620476.19,1284599.88,949.11,946.00,949.11,0.58,0.26,0.17,1
620568.50,1284599.88,986.80,985.00,986.80,0.56,0.28,0.19,1
620660.75,1284599.88,1020.18,1019.00,1020.18,0.56,0.30,0.22,1
620753.06,1284599.88,1042.92,1042.00,1042.92,0.56,0.31,0.24,1
620845.31,1284599.88,1067.68,1067.00,1067.68,0.53,0.30,0.23,1
620937.62,1284599.88,1101.45,1101.00,1101.45,0.50,0.29,0.22,1
621029.88,1284599.88,1137.31,1137.00,1137.31,0.49,0.29,0.23,1
621122.19,1284599.88,1166.29,1166.00,1166.29,0.51,0.31,0.25,1
621214.44,1284599.88,1187.35,1187.00,1187.35,0.55,0.35,0.29,1
621306.69,1284599.88,1189.43,1189.00,1189.43,0.60,0.38,0.32,1
621399.00,1284599.88,1176.45,1176.00,1176.45,0.62,0.40,0.34,1
621491.25,1284599.88,1159.44,1159.00,1159.44,0.64,0.42,0.36,1
621583.56,1284599.88,1143.42,1143.00,1143.42,0.65,0.43,0.37,1
621675.81,1284599.88,1123.44,1123.00,1123.44,0.66,0.44,0.38,1
621768.12,1284599.88,1087.56,1087.00,1087.56,0.66,0.44,0.37,1
621860.38,1284599.88,1051.62,1051.00,1051.62,0.67,0.44,0.37,1
621952.69,1284599.88,1019.59,1019.00,1019.59,0.67,0.45,0.38,1
622044.94,1284599.88,981.57,981.00,981.57,0.68,0.45,0.39,1
622137.19,1284599.88,937.90,937.00,937.90,0.66,0.42,0.34,1
622229.50,1284599.88,897.25,895.00,897.25,0.63,0.34,0.25,1
622321.75,1284599.88,866.09,863.00,866.09,0.62,0.30,0.21,1
622414.06,1284599.88,847.93,845.00,847.93,0.61,0.29,0.20,1
622506.31,1284599.88,836.48,834.00,836.48,0.60,0.30,0.21,1
622598.62,1284599.88,831.09,829.00,831.09,0.59,0.30,0.21,1
622690.88,1284599.88,828.87,827.00,828.87,0.59,0.30,0.22,1
622783.19,1284599.88,827.75,826.00,827.75,0.61,0.32,0.24,1
622875.44,1284599.88,820.70,819.00,820.70,0.63,0.35,0.27,1
622967.69,1284599.88,797.68,796.00,797.68,0.65,0.36,0.28,1
623060.00,1284599.88,776.67,775.00,776.67,0.64,0.36,0.28,1
623152.25,1284599.88,768.66,767.00,768.66,0.62,0.34,0.26,1
623244.56,1284599.88,772.65,771.00,772.65,0.61,0.33,0.25,1
623336.81,1284599.88,775.65,774.00,775.65,0.62,0.34,0.26,1
623429.12,1284599.88,765.65,764.00,765.65,0.63,0.35,0.27,1
623521.38,1284599.88,756.64,755.00,756.64,0.63,0.35,0.27,1
623613.69,1284599.88,752.62,751.00,752.62,0.63,0.35,0.27,1
623705.94,1284599.88,752.59,751.00,752.59,0.62,0.34,0.26,1
623798.19,1284599.88,754.56,753.00,754.56,0.62,0.34,0.26,1
623890.50,1284599.88,761.54,760.00,761.54,0.62,0.35,0.27,1
623982.75,1284599.88,765.53,764.00,765.53,0.63,0.36,0.28,1
624075.06,1284599.88,759.52,758.00,759.52,0.64,0.36,0.29,1
624167.31,1284599.88,751.52,750.00,751.52,0.64,0.36,0.28,1
624259.62,1284599.88,749.52,748.00,749.52,0.62,0.35,0.27,1
624351.88,1284599.88,750.52,749.00,750.52,0.61,0.34,0.26,1
624444.19,1284599.88,753.52,752.00,753.52,0.61,0.33,0.25,1
624536.44,1284599.88,756.52,755.00,756.52,0.60,0.33,0.25,1
624628.69,1284599.88,758.52,757.00,758.52,0.60,0.33,0.25,1
624721.00,1284599.88,760.50,759.00,760.50,0.60,0.33,0.25,1
624813.25,1284599.88,761.48,760.00,761.48,0.61,0.34,0.26,1
624905.56,1284599.88,757.42,756.00,757.42,0.62,0.35,0.27,1
624997.81,1284599.88,754.34,753.00,754.34,0.62,0.35,0.28,1
625090.12,1284599.88,758.21,757.00,758.21,0.63,0.36,0.29,1
625182.38,1284599.88,762.08,761.00,762.08,0.63,0.38,0.30,1
625274.69,1284599.88,765.02,764.00,765.02,0.63,0.38,0.30,1
625366.94,1284599.88,778.56,777.72,778.56,0.57,0.33,0.26,1
625459.19,1284599.88,-9999.00,-9999.00,-9999.00,0.71,0.71,0.71,0
614385.88,1284507.50,-9999.00,-9999.00,-9999.00,0.71,0.71,0.71,0
614478.12,1284507.50,785.20,784.00,785.20,0.33,0.07,-0.01,1
614570.44,1284507.50,769.31,768.00,769.31,0.64,0.37,0.29,1
614662.69,1284507.50,762.33,761.00,762.33,0.62,0.35,0.27,1
614755.00,1284507.50,763.38,762.00,763.38,0.61,0.34,0.26,1
614847.25,1284507.50,759.46,758.00,759.46,0.62,0.34,0.27,1
614939.56,1284507.50,748.51,747.00,748.51,0.63,0.35,0.27,1
615031.81,1284507.50,742.55,741.00,742.55,0.62,0.34,0.27,1
615124.12,1284507.50,744.57,743.00,744.57,0.62,0.34,0.26,1
615216.38,1284507.50,747.58,746.00,747.58,0.62,0.35,0.27,1
615308.62,1284507.50,747.59,746.00,747.59,0.62,0.35,0.27,1
615400.94,1284507.50,742.60,741.00,742.60,0.62,0.35,0.27,1
615493.19,1284507.50,741.61,740.00,741.61,0.62,0.34,0.26,1
615585.50,1284507.50,740.62,739.00,740.62,0.62,0.34,0.26,1
615677.75,1284507.50,741.63,740.00,741.63,0.61,0.33,0.25,1
615770.06,1284507.50,750.64,749.00,750.64,0.62,0.34,0.26,1
615862.31,1284507.50,761.65,760.00,761.65,0.62,0.34,0.26,1
615954.62,1284507.50,769.65,768.00,769.65,0.62,0.34,0.26,1
616046.88,1284507.50,771.66,770.00,771.66,0.63,0.35,0.27,1
616139.12,1284507.50,767.66,766.00,767.66,0.64,0.36,0.28,1
616231.44,1284507.50,754.65,753.00,754.65,0.64,0.36,0.28,1
616323.69,1284507.50,740.65,739.00,740.65,0.63,0.35,0.27,1
616416.00,1284507.50,742.64,741.00,742.64,0.62,0.34,0.26,1
616508.25,1284507.50,750.61,749.00,750.61,0.62,0.34,0.26,1
616600.56,1284507.50,750.58,749.00,750.58,0.63,0.35,0.27,1
616692.81,1284507.50,745.54,744.00,745.54,0.62,0.35,0.27,1
616785.12,1284507.50,751.48,750.00,751.48,0.62,0.34,0.27,1
616877.38,1284507.50,758.41,757.00,758.41,0.63,0.36,0.28,1
616969.62,1284507.50,756.32,755.00,756.32,0.64,0.37,0.29,1
617061.94,1284507.50,751.24,750.00,751.24,0.64,0.37,0.30,1
617154.19,1284507.50,749.19,748.00,749.19,0.63,0.37,0.29,1
617246.50,1284507.50,756.15,755.00,756.15,0.64,0.38,0.30,1
617338.75,1284507.50,757.13,756.00,757.13,0.64,0.38,0.31,1
617431.06,1284507.50,758.12,757.00,758.12,0.65,0.39,0.31,1
617523.31,1284507.50,749.12,748.00,749.12,0.64,0.38,0.31,1
617615.62,1284507.50,747.12,746.00,747.12,0.62,0.36,0.29,1
617707.88,1284507.50,752.12,751.00,752.12,0.62,0.36,0.28,1
617800.12,1284507.50,759.13,758.00,759.13,0.62,0.35,0.28,1
617892.44,1284507.50,763.16,762.00,763.16,0.62,0.36,0.29,1
617984.69,1284507.50,759.19,758.00,759.19,0.63,0.37,0.30,1
618077.00,1284507.50,752.22,751.00,752.22,0.63,0.36,0.29,1
618169.25,1284507.50,760.26,759.00,760.26,0.61,0.35,0.27,1
618261.56,1284507.50,772.30,771.00,772.30,0.61,0.35,0.27,1
618353.81,1284507.50,771.34,770.00,771.34,0.62,0.35,0.27,1
618446.12,1284507.50,771.38,770.00,771.38,0.62,0.35,0.27,1
618538.38,1284507.50,772.41,771.00,772.41,0.62,0.35,0.27,1
618630.62,1284507.50,777.44,776.00,777.44,0.62,0.34,0.27,1
618722.94,1284507.50,784.48,783.00,784.48,0.62,0.34,0.27,1
618815.19,1284507.50,789.51,788.00,789.51,0.62,0.35,0.27,1
618907.50,1284507.50,791.54,790.00,791.54,0.62,0.34,0.26,1
618999.75,1284507.50,799.57,798.00,799.57,0.61,0.33,0.25,1
619092.06,1284507.50,803.59,802.00,803.59,0.61,0.33,0.25,1
619184.31,1284507.50,795.62,794.00,795.62,0.61,0.33,0.25,1
619276.62,1284507.50,795.66,794.00,795.66,0.60,0.32,0.24,1
619368.88,1284507.50,798.71,797.00,798.71,0.60,0.32,0.24,1
619461.19,1284507.50,794.79,793.00,794.79,0.61,0.32,0.24,1
619553.44,1284507.50,791.91,790.00,791.91,0.61,0.32,0.24,1
619645.69,1284507.50,792.13,790.00,792.13,0.61,0.32,0.23,1
619738.00,1284507.50,799.50,797.00,799.50,0.61,0.30,0.22,1
619830.25,1284507.50,812.09,809.00,812.09,0.60,0.29,0.20,1
619922.56,1284507.50,831.87,828.00,831.87,0.60,0.27,0.18,1
620014.81,1284507.50,855.52,851.00,855.52,0.60,0.26,0.16,1
620107.12,1284507.50,872.92,868.00,872.92,0.60,0.25,0.15,1
620199.38,1284507.50,885.08,880.00,885.08,0.60,0.25,0.15,1
620291.69,1284507.50,903.00,898.00,903.00,0.60,0.25,0.15,1
620383.94,1284507.50,926.45,922.00,926.45,0.60,0.26,0.16,1
620476.19,1284507.50,946.30,943.00,946.30,0.60,0.28,0.19,1
620568.50,1284507.50,969.18,967.00,969.18,0.59,0.29,0.21,1
620660.75,1284507.50,1001.55,1000.00,1001.55,0.58,0.30,0.22,1
620753.06,1284507.50,1027.22,1026.00,1027.22,0.58,0.32,0.24,1
620845.31,1284507.50,1051.99,1051.00,1051.99,0.58,0.32,0.25,1
620937.62,1284507.50,1079.79,1079.00,1079.79,0.56,0.32,0.25,1
621029.88,1284507.50,1109.64,1109.00,1109.64,0.54,0.31,0.24,1
621122.19,1284507.50,1139.58,1139.00,1139.58,0.54,0.31,0.25,1
621214.44,1284507.50,1163.59,1163.00,1163.59,0.56,0.34,0.27,1
621306.69,1284507.50,1168.65,1168.00,1168.65,0.61,0.37,0.31,1
621399.00,1284507.50,1154.69,1154.00,1154.69,0.62,0.39,0.32,1
621491.25,1284507.50,1138.72,1138.00,1138.72,0.62,0.38,0.31,1
621583.56,1284507.50,1120.70,1120.00,1120.70,0.61,0.38,0.31,1
621675.81,1284507.50,1099.67,1099.00,1099.67,0.62,0.39,0.32,1
621768.12,1284507.50,1071.68,1071.00,1071.68,0.64,0.41,0.34,1
621860.38,1284507.50,1044.68,1044.00,1044.68,0.66,0.43,0.36,1
621952.69,1284507.50,1017.63,1017.00,1017.63,0.68,0.44,0.38,1
622044.94,1284507.50,983.63,983.00,983.63,0.69,0.45,0.39,1
622137.19,1284507.50,940.97,940.00,940.97,0.67,0.42,0.35,1
622229.50,1284507.50,906.17,904.00,906.17,0.64,0.35,0.26,1
622321.75,1284507.50,874.97,872.00,874.97,0.63,0.31,0.22,1
622414.06,1284507.50,845.90,843.00,845.90,0.62,0.31,0.22,1
622506.31,1284507.50,825.51,823.00,825.51,0.62,0.32,0.23,1
622598.62,1284507.50,811.13,809.00,811.13,0.62,0.32,0.24,1
622690.88,1284507.50,803.91,802.00,803.91,0.61,0.32,0.23,1
622783.19,1284507.50,806.78,805.00,806.78,0.59,0.31,0.23,1
622875.44,1284507.50,811.72,810.00,811.72,0.61,0.32,0.24,1
622967.69,1284507.50,801.69,800.00,801.69,0.63,0.35,0.27,1
623060.00,1284507.50,779.68,778.00,779.68,0.64,0.36,0.28,1
623152.25,1284507.50,766.66,765.00,766.66,0.63,0.35,0.27,1
623244.56,1284507.50,765.65,764.00,765.65,0.61,0.33,0.25,1
623336.81,1284507.50,770.64,769.00,770.64,0.61,0.33,0.25,1
623429.12,1284507.50,770.63,769.00,770.63,0.63,0.35,0.27,1
623521.38,1284507.50,766.61,765.00,766.61,0.64,0.36,0.28,1
623613.69,1284507.50,757.58,756.00,757.58,0.63,0.36,0.28,1
623705.94,1284507.50,751.54,750.00,751.54,0.62,0.35,0.27,1
623798.19,1284507.50,755.50,754.00,755.50,0.61,0.34,0.26,1
623890.50,1284507.50,765.48,764.00,765.48,0.61,0.33,0.25,1
623982.75,1284507.50,773.47,772.00,773.47,0.62,0.34,0.26,1
624075.06,1284507.50,772.47,771.00,772.47,0.64,0.36,0.28,1
624167.31,1284507.50,762.47,761.00,762.47,0.64,0.37,0.29,1
624259.62,1284507.50,753.48,752.00,753.48,0.64,0.36,0.28,1
624351.88,1284507.50,749.49,748.00,749.49,0.63,0.35,0.27,1
624444.19,1284507.50,749.49,748.00,749.49,0.63,0.35,0.27,1
624536.44,1284507.50,749.49,748.00,749.49,0.63,0.35,0.27,1
624628.69,1284507.50,749.49,748.00,749.49,0.62,0.34,0.27,1
624721.00,1284507.50,752.48,751.00,752.48,0.62,0.34,0.26,1
624813.25,1284507.50,754.45,753.00,754.45,0.62,0.34,0.27,1
624905.56,1284507.50,753.40,752.00,753.40,0.62,0.35,0.27,1
624997.81,1284507.50,756.32,755.00,756.32,0.62,0.35,0.27,1
625090.12,1284507.50,764.19,763.00,764.19,0.62,0.36,0.28,1
625182.38,1284507.50,773.04,772.00,773.04,0.62,0.37,0.30,1
625274.69,1284507.50,780.95,780.00,780.95,0.64,0.39,0.31,1
625366.94,1284507.50,777.53,776.74,777.53,0.57,0.33,0.26,1
625459.19,1284507.50,-9999.00,-9999.00,-9999.00,0.71,0.71,0.71,0
614385.88,1284415.25,-9999.00,-9999.00,-9999.00,0.71,0.71,0.71,0
614478.12,1284415.25,789.21,788.00,789.21,0.33,0.07,-0.01,1
614570.44,1284415.25,773.31,772.00,773.31,0.64,0.38,0.30,1
614662.69,1284415.25,757.33,756.00,757.33,0.63,0.36,0.29,1
614755.00,1284415.25,751.38,750.00,751.38,0.62,0.35,0.27,1
614847.25,1284415.25,746.45,745.00,746.45,0.62,0.35,0.27,1
614939.56,1284415.25,742.50,741.00,742.50,0.62,0.35,0.27,1
615031.81,1284415.25,740.53,739.00,740.53,0.62,0.34,0.26,1
615124.12,1284415.25,750.55,749.00,750.55,0.61,0.34,0.26,1
615216.38,1284415.25,757.57,756.00,757.57,0.62,0.35,0.27,1
615308.62,1284415.25,751.58,750.00,751.58,0.63,0.35,0.27,1
615400.94,1284415.25,743.59,742.00,743.59,0.63,0.35,0.27,1
615493.19,1284415.25,740.60,739.00,740.60,0.62,0.35,0.27,1
615585.50,1284415.25,739.61,738.00,739.61,0.62,0.34,0.26,1
615677.75,1284415.25,743.63,742.00,743.63,0.61,0.33,0.25,1
615770.06,1284415.25,764.64,763.00,764.64,0.61,0.33,0.25,1
615862.31,1284415.25,775.65,774.00,775.65,0.62,0.34,0.26,1
615954.62,1284415.25,773.65,772.00,773.65,0.62,0.34,0.26,1
616046.88,1284415.25,776.66,775.00,776.66,0.62,0.34,0.26,1
616139.12,1284415.25,775.66,774.00,775.66,0.63,0.35,0.27,1
616231.44,1284415.25,758.66,757.00,758.66,0.64,0.35,0.27,1
616323.69,1284415.25,744.66,743.00,744.66,0.64,0.36,0.28,1
616416.00,1284415.25,742.65,741.00,742.65,0.63,0.34,0.26,1
616508.25,1284415.25,749.62,748.00,749.62,0.62,0.34,0.26,1
616600.56,1284415.25,750.59,749.00,750.59,0.62,0.34,0.26,1
616692.81,1284415.25,747.55,746.00,747.55,0.62,0.35,0.27,1
616785.12,1284415.25,753.50,752.00,753.50,0.61,0.34,0.26,1
616877.38,1284415.25,760.42,759.00,760.42,0.62,0.35,0.27,1
616969.62,1284415.25,762.33,761.00,762.33,0.63,0.36,0.29,1
617061.94,1284415.25,757.25,756.00,757.25,0.63,0.37,0.29,1
617154.19,1284415.25,757.20,756.00,757.20,0.63,0.36,0.29,1
617246.50,1284415.25,772.15,771.00,772.15,0.63,0.37,0.29,1
617338.75,1284415.25,771.12,770.00,771.12,0.64,0.38,0.31,1
617431.06,1284415.25,765.11,764.00,765.11,0.64,0.38,0.31,1
617523.31,1284415.25,753.10,752.00,753.10,0.65,0.39,0.31,1
617615.62,1284415.25,746.10,745.00,746.10,0.63,0.38,0.30,1
617707.88,1284415.25,748.11,747.00,748.11,0.62,0.36,0.28,1
617800.12,1284415.25,756.11,755.00,756.11,0.61,0.35,0.28,1
617892.44,1284415.25,760.13,759.00,760.13,0.62,0.36,0.29,1
617984.69,1284415.25,757.16,756.00,757.16,0.63,0.37,0.29,1
618077.00,1284415.25,753.20,752.00,753.20,0.63,0.36,0.29,1
618169.25,1284415.25,759.24,758.00,759.24,0.61,0.35,0.27,1
618261.56,1284415.25,766.29,765.00,766.29,0.61,0.34,0.27,1
618353.81,1284415.25,765.34,764.00,765.34,0.62,0.35,0.27,1
618446.12,1284415.25,768.39,767.00,768.39,0.62,0.35,0.27,1
618538.38,1284415.25,770.43,769.00,770.43,0.62,0.35,0.27,1
618630.62,1284415.25,776.46,775.00,776.46,0.61,0.34,0.26,1
618722.94,1284415.25,785.49,784.00,785.49,0.61,0.33,0.25,1
618815.19,1284415.25,796.52,795.00,796.52,0.62,0.34,0.26,1
618907.50,1284415.25,793.55,792.00,793.55,0.62,0.35,0.27,1
618999.75,1284415.25,791.57,790.00,791.57,0.61,0.34,0.26,1
619092.06,1284415.25,790.59,789.00,790.59,0.61,0.33,0.26,1
619184.31,1284415.25,785.61,784.00,785.61,0.62,0.34,0.26,1
619276.62,1284415.25,786.65,785.00,786.65,0.62,0.34,0.26,1
619368.88,1284415.25,789.70,788.00,789.70,0.62,0.34,0.26,1
619461.19,1284415.25,788.78,787.00,788.78,0.62,0.34,0.26,1
619553.44,1284415.25,792.90,791.00,792.90,0.62,0.34,0.25,1
619645.69,1284415.25,799.13,797.00,799.13,0.62,0.33,0.24,1
619738.00,1284415.25,806.53,804.00,806.53,0.61,0.31,0.22,1
619830.25,1284415.25,830.11,827.00,830.11,0.60,0.29,0.19,1
619922.56,1284415.25,860.65,857.00,860.65,0.60,0.27,0.18,1
620014.81,1284415.25,881.97,878.00,881.97,0.60,0.27,0.17,1
620107.12,1284415.25,898.10,894.00,898.10,0.60,0.27,0.17,1
620199.38,1284415.25,916.90,913.00,916.90,0.61,0.27,0.18,1
620291.69,1284415.25,937.52,934.00,937.52,0.61,0.28,0.19,1
620383.94,1284415.25,956.07,953.00,956.07,0.61,0.30,0.21,1
620476.19,1284415.25,969.57,967.00,969.57,0.62,0.31,0.23,1
620568.50,1284415.25,984.04,982.00,984.04,0.62,0.32,0.24,1
620660.75,1284415.25,1007.57,1006.00,1007.57,0.61,0.33,0.25,1
620753.06,1284415.25,1034.23,1033.00,1034.23,0.61,0.34,0.27,1
620845.31,1284415.25,1059.01,1058.00,1059.01,0.61,0.36,0.28,1
620937.62,1284415.25,1081.84,1081.00,1081.84,0.61,0.36,0.29,1
621029.88,1284415.25,1103.73,1103.00,1103.73,0.60,0.36,0.30,1
621122.19,1284415.25,1126.70,1126.00,1126.70,0.59,0.36,0.29,1
621214.44,1284415.25,1146.71,1146.00,1146.71,0.60,0.36,0.29,1
621306.69,1284415.25,1153.74,1153.00,1153.74,0.63,0.39,0.32,1
621399.00,1284415.25,1142.80,1142.00,1142.80,0.65,0.41,0.34,1
621491.25,1284415.25,1118.88,1118.00,1118.88,0.66,0.41,0.34,1
621583.56,1284415.25,1094.95,1094.00,1094.95,0.64,0.39,0.32,1
621675.81,1284415.25,1076.95,1076.00,1076.95,0.64,0.38,0.31,1
621768.12,1284415.25,1055.91,1055.00,1055.91,0.64,0.39,0.32,1
621860.38,1284415.25,1038.84,1038.00,1038.84,0.65,0.41,0.34,1
621952.69,1284415.25,1018.76,1018.00,1018.76,0.67,0.43,0.36,1
622044.94,1284415.25,984.75,984.00,984.75,0.68,0.44,0.37,1
622137.19,1284415.25,946.98,946.00,946.98,0.68,0.42,0.35,1
622229.50,1284415.25,920.73,919.00,920.73,0.65,0.37,0.29,1
622321.75,1284415.25,892.45,890.00,892.45,0.64,0.34,0.25,1
622414.06,1284415.25,855.62,853.00,855.62,0.63,0.33,0.24,1
622506.31,1284415.25,833.44,831.00,833.44,0.63,0.33,0.24,1
622598.62,1284415.25,818.14,816.00,818.14,0.63,0.34,0.26,1
622690.88,1284415.25,800.93,799.00,800.93,0.63,0.34,0.26,1
622783.19,1284415.25,787.82,786.00,787.82,0.61,0.33,0.25,1
622875.44,1284415.25,789.75,788.00,789.75,0.60,0.31,0.23,1
622967.69,1284415.25,790.71,789.00,790.71,0.61,0.33,0.25,1
623060.00,1284415.25,781.69,780.00,781.69,0.63,0.35,0.27,1
623152.25,1284415.25,770.67,769.00,770.67,0.63,0.35,0.27,1
623244.56,1284415.25,763.65,762.00,763.65,0.62,0.34,0.26,1
623336.81,1284415.25,766.63,765.00,766.63,0.61,0.33,0.25,1
623429.12,1284415.25,771.61,770.00,771.61,0.62,0.34,0.26,1
623521.38,1284415.25,769.58,768.00,769.58,0.63,0.35,0.27,1
623613.69,1284415.25,760.53,759.00,760.53,0.63,0.36,0.28,1
623705.94,1284415.25,753.49,752.00,753.49,0.63,0.35,0.28,1
623798.19,1284415.25,753.46,752.00,753.46,0.62,0.35,0.27,1
623890.50,1284415.25,755.44,754.00,755.44,0.61,0.34,0.26,1
623982.75,1284415.25,762.43,761.00,762.43,0.60,0.33,0.25,1
624075.06,1284415.25,771.43,770.00,771.43,0.61,0.34,0.26,1
624167.31,1284415.25,772.43,771.00,772.43,0.63,0.36,0.28,1
624259.62,1284415.25,759.44,758.00,759.44,0.64,0.37,0.29,1
624351.88,1284415.25,751.46,750.00,751.46,0.63,0.36,0.28,1
624444.19,1284415.25,757.47,756.00,757.47,0.63,0.35,0.28,1
624536.44,1284415.25,760.47,759.00,760.47,0.64,0.36,0.29,1
624628.69,1284415.25,755.47,754.00,755.47,0.64,0.36,0.29,1
624721.00,1284415.25,753.46,752.00,753.46,0.63,0.36,0.28,1
624813.25,1284415.25,752.43,751.00,752.43,0.62,0.35,0.27,1
624905.56,1284415.25,753.38,752.00,753.38,0.62,0.35,0.28,1
624997.81,1284415.25,757.30,756.00,757.30,0.62,0.36,0.28,1
625090.12,1284415.25,766.18,765.00,766.18,0.62,0.36,0.28,1
625182.38,1284415.25,775.04,774.00,775.04,0.62,0.36,0.29,1
625274.69,1284415.25,781.91,781.00,781.91,0.63,0.38,0.31,1
625366.94,1284415.25,780.10,779.29,780.10,0.57,0.33,0.26,1
625459.19,1284415.25,-9999.00,-9999.00,-9999.00,0.71,0.71,0.71,0
614385.88,1284323.00,-9999.00,-9999.00,-9999.00,0.71,0.71,0.71,0
614478.12,1284323.00,783.18,782.00,783.18,0.33,0.07,-0.01,1
614570.44,1284323.00,770.27,769.00,770.27,0.63,0.37,0.29,1
614662.69,1284323.00,755.32,754.00,755.32,0.64,0.37,0.29,1
614755.00,1284323.00,750.38,749.00,750.38,0.64,0.37,0.29,1
614847.25,1284323.00,748.44,747.00,748.44,0.64,0.36,0.29,1
614939.56,1284323.00,744.49,743.00,744.49,0.63,0.36,0.28,1
615031.81,1284323.00,742.52,741.00,742.52,0.62,0.35,0.27,1
615124.12,1284323.00,750.54,749.00,750.54,0.62,0.34,0.26,1
615216.38,1284323.00,752.56,751.00,752.56,0.62,0.34,0.26,1
615308.62,1284323.00,747.58,746.00,747.58,0.62,0.34,0.27,1
615400.94,1284323.00,743.59,742.00,743.59,0.62,0.35,0.27,1
615493.19,1284323.00,741.60,740.00,741.60,0.62,0.34,0.26,1
615585.50,1284323.00,742.61,741.00,742.61,0.62,0.34,0.26,1
615677.75,1284323.00,752.63,751.00,752.63,0.61,0.33,0.25,1
615770.06,1284323.00,772.64,771.00,772.64,0.61,0.33,0.25,1
615862.31,1284323.00,775.65,774.00,775.65,0.62,0.34,0.25,1
615954.62,1284323.00,768.66,767.00,768.66,0.62,0.34,0.26,1
616046.88,1284323.00,772.66,771.00,772.66,0.62,0.34,0.26,1
616139.12,1284323.00,769.67,768.00,769.67,0.63,0.35,0.27,1
616231.44,1284323.00,755.66,754.00,755.66,0.63,0.35,0.27,1
616323.69,1284323.00,758.66,757.00,758.66,0.64,0.35,0.27,1
616416.00,1284323.00,756.65,755.00,756.65,0.64,0.36,0.28,1
616508.25,1284323.00,751.63,750.00,751.63,0.63,0.35,0.27,1
616600.56,1284323.00,750.60,749.00,750.60,0.63,0.35,0.27,1
616692.81,1284323.00,750.56,749.00,750.56,0.63,0.35,0.27,1
616785.12,1284323.00,751.50,750.00,751.50,0.62,0.35,0.27,1
616877.38,1284323.00,757.43,756.00,757.43,0.62,0.34,0.27,1
616969.62,1284323.00,764.34,763.00,764.34,0.63,0.36,0.28,1
617061.94,1284323.00,759.27,758.00,759.27,0.63,0.36,0.29,1
617154.19,1284323.00,764.20,763.00,764.20,0.62,0.36,0.28,1
617246.50,1284323.00,777.15,776.00,777.15,0.62,0.36,0.28,1
617338.75,1284323.00,772.12,771.00,772.12,0.63,0.37,0.30,1
617431.06,1284323.00,763.10,762.00,763.10,0.63,0.37,0.30,1
617523.31,1284323.00,759.09,758.00,759.09,0.64,0.38,0.31,1
617615.62,1284323.00,751.08,750.00,751.08,0.64,0.39,0.31,1
617707.88,1284323.00,746.08,745.00,746.08,0.63,0.37,0.30,1
617800.12,1284323.00,750.09,749.00,750.09,0.61,0.36,0.28,1
617892.44,1284323.00,754.10,753.00,754.10,0.62,0.36,0.28,1
617984.69,1284323.00,753.13,752.00,753.13,0.62,0.36,0.29,1
618077.00,1284323.00,755.17,754.00,755.17,0.63,0.37,0.29,1
618169.25,1284323.00,757.22,756.00,757.22,0.63,0.36,0.29,1
618261.56,1284323.00,758.28,757.00,758.28,0.62,0.35,0.28,1
618353.81,1284323.00,764.34,763.00,764.34,0.62,0.35,0.27,1
618446.12,1284323.00,771.39,770.00,771.39,0.62,0.35,0.27,1
618538.38,1284323.00,772.44,771.00,772.44,0.63,0.35,0.28,1
618630.62,1284323.00,773.47,772.00,773.47,0.62,0.34,0.27,1
618722.94,1284323.00,780.50,779.00,780.50,0.61,0.33,0.26,1
618815.19,1284323.00,788.53,787.00,788.53,0.61,0.33,0.25,1
618907.50,1284323.00,786.55,785.00,786.55,0.62,0.34,0.26,1
618999.75,1284323.00,782.57,781.00,782.57,0.62,0.34,0.26,1
619092.06,1284323.00,783.59,782.00,783.59,0.61,0.34,0.26,1
619184.31,1284323.00,788.61,787.00,788.61,0.62,0.34,0.26,1
619276.62,1284323.00,796.64,795.00,796.64,0.62,0.34,0.26,1
619368.88,1284323.00,804.68,803.00,804.68,0.62,0.34,0.26,1
619461.19,1284323.00,807.75,806.00,807.75,0.63,0.35,0.27,1
619553.44,1284323.00,815.86,814.00,815.86,0.63,0.34,0.26,1
619645.69,1284323.00,825.09,823.00,825.09,0.63,0.33,0.25,1
619738.00,1284323.00,836.46,834.00,836.46,0.62,0.32,0.23,1
619830.25,1284323.00,858.76,856.00,858.76,0.61,0.30,0.21,1
619922.56,1284323.00,882.85,880.00,882.85,0.61,0.29,0.20,1
620014.81,1284323.00,903.68,901.00,903.68,0.61,0.30,0.21,1
620107.12,1284323.00,926.04,924.00,926.04,0.61,0.32,0.24,1
620199.38,1284323.00,953.26,952.00,953.26,0.62,0.36,0.28,1
620291.69,1284323.00,976.84,976.00,976.84,0.64,0.40,0.33,1
620383.94,1284323.00,996.73,996.00,996.73,0.65,0.41,0.34,1
620476.19,1284323.00,1012.78,1012.00,1012.78,0.66,0.41,0.35,1
620568.50,1284323.00,1024.88,1024.00,1024.88,0.65,0.40,0.33,1
620660.75,1284323.00,1041.90,1041.00,1041.90,0.64,0.39,0.32,1
620753.06,1284323.00,1064.81,1064.00,1064.81,0.63,0.39,0.32,1
620845.31,1284323.00,1084.73,1084.00,1084.73,0.64,0.40,0.33,1
620937.62,1284323.00,1103.68,1103.00,1103.68,0.64,0.41,0.34,1
621029.88,1284323.00,1125.67,1125.00,1125.67,0.65,0.41,0.34,1
621122.19,1284323.00,1140.70,1140.00,1140.70,0.65,0.41,0.34,1
621214.44,1284323.00,1150.73,1150.00,1150.73,0.65,0.41,0.34,1
621306.69,1284323.00,1156.76,1156.00,1156.76,0.66,0.42,0.35,1
621399.00,1284323.00,1151.81,1151.00,1151.81,0.68,0.43,0.36,1
621491.25,1284323.00,1131.90,1131.00,1131.90,0.69,0.44,0.37,1
621583.56,1284323.00,1103.10,1102.00,1103.10,0.67,0.41,0.34,1
621675.81,1284323.00,1076.21,1075.00,1076.21,0.66,0.39,0.32,1
621768.12,1284323.00,1057.19,1056.00,1057.19,0.65,0.39,0.32,1
621860.38,1284323.00,1041.07,1040.00,1041.07,0.66,0.40,0.33,1
621952.69,1284323.00,1023.96,1023.00,1023.96,0.67,0.42,0.34,1
622044.94,1284323.00,992.95,992.00,992.95,0.68,0.43,0.35,1
622137.19,1284323.00,958.08,957.00,958.08,0.67,0.41,0.34,1
622229.50,1284323.00,934.50,933.00,934.50,0.66,0.38,0.30,1
622321.75,1284323.00,904.07,902.00,904.07,0.65,0.35,0.27,1
622414.06,1284323.00,864.34,862.00,864.34,0.64,0.34,0.25,1
622506.31,1284323.00,841.31,839.00,841.31,0.63,0.33,0.25,1
622598.62,1284323.00,828.14,826.00,828.14,0.63,0.34,0.25,1
622690.88,1284323.00,810.96,809.00,810.96,0.64,0.35,0.27,1
622783.19,1284323.00,786.86,785.00,786.86,0.64,0.35,0.27,1
622875.44,1284323.00,774.79,773.00,774.79,0.62,0.33,0.25,1
622967.69,1284323.00,777.75,776.00,777.75,0.61,0.32,0.24,1
623060.00,1284323.00,781.71,780.00,781.71,0.62,0.33,0.25,1
623152.25,1284323.00,775.68,774.00,775.68,0.63,0.35,0.27,1
623244.56,1284323.00,766.65,765.00,766.65,0.63,0.35,0.27,1
623336.81,1284323.00,763.63,762.00,763.63,0.62,0.34,0.26,1
623429.12,1284323.00,766.59,765.00,766.59,0.61,0.34,0.26,1
623521.38,1284323.00,768.55,767.00,768.55,0.62,0.35,0.27,1
623613.69,1284323.00,761.50,760.00,761.50,0.63,0.36,0.28,1
623705.94,1284323.00,755.46,754.00,755.46,0.63,0.36,0.28,1
623798.19,1284323.00,753.42,752.00,753.42,0.63,0.35,0.28,1
623890.50,1284323.00,751.40,750.00,751.40,0.62,0.35,0.27,1
623982.75,1284323.00,753.40,752.00,753.40,0.61,0.34,0.26,1
624075.06,1284323.00,762.40,761.00,762.40,0.61,0.33,0.26,1
624167.31,1284323.00,769.40,768.00,769.40,0.62,0.35,0.27,1
624259.62,1284323.00,764.41,763.00,764.41,0.63,0.36,0.28,1
624351.88,1284323.00,759.43,758.00,759.43,0.63,0.35,0.28,1
624444.19,1284323.00,768.45,767.00,768.45,0.62,0.34,0.27,1
624536.44,1284323.00,775.45,774.00,775.45,0.63,0.36,0.28,1
624628.69,1284323.00,769.45,768.00,769.45,0.64,0.37,0.29,1
624721.00,1284323.00,760.44,759.00,760.44,0.64,0.37,0.29,1
624813.25,1284323.00,755.42,754.00,755.42,0.63,0.36,0.28,1
624905.56,1284323.00,758.37,757.00,758.37,0.62,0.35,0.27,1
624997.81,1284323.00,769.29,768.00,769.29,0.62,0.36,0.28,1
625090.12,1284323.00,774.18,773.00,774.18,0.63,0.37,0.29,1
625182.38,1284323.00,776.05,775.00,776.05,0.63,0.37,0.30,1
625274.69,1284323.00,780.95,780.00,780.95,0.62,0.37,0.30,1
625366.94,1284323.00,782.66,781.85,782.66,0.57,0.33,0.26,1
625459.19,1284323.00,-9999.00,-9999.00,-9999.00,0.71,0.71,0.71,0
614385.88,1284230.75,-9999.00,-9999.00,-9999.00,0.71,0.71,0.71,0
614478.12,1284230.75,766.13,765.00,766.13,0.32,0.06,-0.01,1
614570.44,1284230.75,759.19,758.00,759.19,0.62,0.36,0.29,1
614662.69,1284230.75,757.27,756.00,757.27,0.63,0.36,0.29,1
614755.00,1284230.75,764.35,763.00,764.35,0.64,0.37,0.29,1
614847.25,1284230.75,763.42,762.00,763.42,0.64,0.37,0.29,1
614939.56,1284230.75,753.47,752.00,753.47,0.64,0.36,0.29,1
615031.81,1284230.75,748.51,747.00,748.51,0.63,0.35,0.27,1
615124.12,1284230.75,753.54,752.00,753.54,0.62,0.35,0.27,1
615216.38,1284230.75,749.56,748.00,749.56,0.63,0.35,0.27,1
615308.62,1284230.75,744.57,743.00,744.57,0.62,0.34,0.27,1
615400.94,1284230.75,742.59,741.00,742.59,0.62,0.34,0.26,1
615493.19,1284230.75,742.60,741.00,742.60,0.62,0.34,0.26,1
615585.50,1284230.75,748.61,747.00,748.61,0.61,0.33,0.25,1
615677.75,1284230.75,758.63,757.00,758.63,0.61,0.33,0.25,1
615770.06,1284230.75,765.64,764.00,765.64,0.60,0.32,0.24,1
615862.31,1284230.75,762.65,761.00,762.65,0.61,0.33,0.25,1
615954.62,1284230.75,763.66,762.00,763.66,0.61,0.33,0.25,1
616046.88,1284230.75,776.67,775.00,776.67,0.62,0.34,0.26,1
616139.12,1284230.75,769.67,768.00,769.67,0.63,0.35,0.27,1
616231.44,1284230.75,763.67,762.00,763.67,0.62,0.34,0.26,1
616323.69,1284230.75,777.66,776.00,777.66,0.63,0.35,0.27,1
616416.00,1284230.75,777.65,776.00,777.65,0.64,0.36,0.28,1
616508.25,1284230.75,764.64,763.00,764.64,0.64,0.36,0.28,1
616600.56,1284230.75,763.61,762.00,763.61,0.64,0.36,0.28,1
616692.81,1284230.75,761.57,760.00,761.57,0.64,0.36,0.28,1
616785.12,1284230.75,761.51,760.00,761.51,0.64,0.36,0.28,1
616877.38,1284230.75,762.44,761.00,762.44,0.63,0.36,0.28,1
616969.62,1284230.75,766.36,765.00,766.36,0.62,0.35,0.28,1
617061.94,1284230.75,764.28,763.00,764.28,0.63,0.36,0.29,1
617154.19,1284230.75,765.21,764.00,765.21,0.62,0.36,0.28,1
617246.50,1284230.75,770.15,769.00,770.15,0.62,0.36,0.28,1
617338.75,1284230.75,761.11,760.00,761.11,0.62,0.36,0.29,1
617431.06,1284230.75,755.08,754.00,755.08,0.62,0.37,0.29,1
617523.31,1284230.75,758.06,757.00,758.06,0.63,0.37,0.30,1
617615.62,1284230.75,756.05,755.00,756.05,0.64,0.38,0.31,1
617707.88,1284230.75,750.05,749.00,750.05,0.64,0.39,0.31,1
617800.12,1284230.75,745.05,744.00,745.05,0.63,0.37,0.30,1
617892.44,1284230.75,749.06,748.00,749.06,0.62,0.36,0.29,1
617984.69,1284230.75,751.08,750.00,751.08,0.62,0.36,0.29,1
618077.00,1284230.75,759.12,758.00,759.12,0.62,0.36,0.29,1
618169.25,1284230.75,761.18,760.00,761.18,0.63,0.37,0.29,1
618261.56,1284230.75,762.25,761.00,762.25,0.63,0.36,0.29,1
618353.81,1284230.75,768.33,767.00,768.33,0.62,0.35,0.28,1
618446.12,1284230.75,773.39,772.00,773.39,0.62,0.35,0.27,1
618538.38,1284230.75,777.44,776.00,777.44,0.62,0.35,0.27,1
618630.62,1284230.75,778.48,777.00,778.48,0.63,0.35,0.27,1
618722.94,1284230.75,780.51,779.00,780.51,0.63,0.35,0.27,1
618815.19,1284230.75,777.53,776.00,777.53,0.62,0.35,0.27,1
618907.50,1284230.75,777.55,776.00,777.55,0.62,0.34,0.26,1
618999.75,1284230.75,777.57,776.00,777.57,0.62,0.34,0.26,1
619092.06,1284230.75,782.58,781.00,782.58,0.61,0.34,0.26,1
619184.31,1284230.75,790.60,789.00,790.60,0.61,0.33,0.25,1
619276.62,1284230.75,797.63,796.00,797.63,0.61,0.33,0.25,1
619368.88,1284230.75,810.66,809.00,810.66,0.61,0.32,0.24,1
619461.19,1284230.75,827.71,826.00,827.71,0.61,0.33,0.25,1
619553.44,1284230.75,844.78,843.00,844.78,0.61,0.33,0.25,1
619645.69,1284230.75,863.90,862.00,863.90,0.62,0.33,0.25,1
619738.00,1284230.75,877.06,875.00,877.06,0.63,0.34,0.25,1
619830.25,1284230.75,884.11,882.00,884.11,0.62,0.33,0.24,1
619922.56,1284230.75,901.09,899.00,901.09,0.61,0.31,0.23,1
620014.81,1284230.75,928.72,927.00,928.72,0.60,0.32,0.24,1
620107.12,1284230.75,961.76,961.00,961.76,0.60,0.36,0.29,1
620199.38,1284230.75,1001.17,1001.00,1001.17,0.62,0.44,0.39,1
620291.69,1284230.75,1029.06,1029.00,1029.06,0.72,0.58,0.47,1
620383.94,1284230.75,1047.07,1047.00,1047.07,0.75,0.61,0.50,1
620476.19,1284230.75,1061.08,1061.00,1061.08,0.76,0.62,0.51,1
620568.50,1284230.75,1072.13,1072.00,1072.13,0.71,0.54,0.49,1
620660.75,1284230.75,1082.18,1082.00,1082.18,0.69,0.51,0.46,1
620753.06,1284230.75,1098.21,1098.00,1098.21,0.66,0.47,0.42,1
620845.31,1284230.75,1124.23,1124.00,1124.23,0.63,0.44,0.39,1
620937.62,1284230.75,1159.27,1159.00,1159.27,0.65,0.45,0.39,1
621029.88,1284230.75,1178.36,1178.00,1178.36,0.68,0.47,0.42,1
621122.19,1284230.75,1179.55,1179.00,1179.55,0.68,0.46,0.39,1
621214.44,1284230.75,1182.67,1182.00,1182.67,0.67,0.44,0.37,1
621306.69,1284230.75,1188.71,1188.00,1188.71,0.67,0.44,0.37,1
621399.00,1284230.75,1183.74,1183.00,1183.74,0.69,0.45,0.38,1
621491.25,1284230.75,1159.81,1159.00,1159.81,0.70,0.45,0.38,1
621583.56,1284230.75,1123.12,1122.00,1123.12,0.68,0.42,0.35,1
621675.81,1284230.75,1088.41,1087.00,1088.41,0.66,0.39,0.31,1
621768.12,1284230.75,1066.41,1065.00,1066.41,0.65,0.38,0.30,1
621860.38,1284230.75,1050.24,1049.00,1050.24,0.65,0.39,0.31,1
621952.69,1284230.75,1031.06,1030.00,1031.06,0.66,0.41,0.33,1
622044.94,1284230.75,1002.03,1001.00,1002.03,0.67,0.42,0.34,1
622137.19,1284230.75,964.15,963.00,964.15,0.66,0.40,0.33,1
622229.50,1284230.75,940.50,939.00,940.50,0.65,0.37,0.30,1
622321.75,1284230.75,915.01,913.00,915.01,0.64,0.35,0.27,1
622414.06,1284230.75,874.28,872.00,874.28,0.64,0.34,0.25,1
622506.31,1284230.75,848.27,846.00,848.27,0.63,0.34,0.25,1
622598.62,1284230.75,832.15,830.00,832.15,0.64,0.34,0.26,1
622690.88,1284230.75,813.01,811.00,813.01,0.64,0.35,0.27,1
622783.19,1284230.75,792.92,791.00,792.92,0.64,0.35,0.27,1
622875.44,1284230.75,776.86,775.00,776.86,0.63,0.34,0.26,1
622967.69,1284230.75,770.81,769.00,770.81,0.62,0.33,0.25,1
623060.00,1284230.75,772.76,771.00,772.76,0.61,0.32,0.24,1
623152.25,1284230.75,775.71,774.00,775.71,0.62,0.33,0.25,1
623244.56,1284230.75,772.67,771.00,772.67,0.62,0.34,0.26,1
623336.81,1284230.75,767.63,766.00,767.63,0.63,0.35,0.27,1
623429.12,1284230.75,764.59,763.00,764.59,0.62,0.34,0.26,1
623521.38,1284230.75,766.54,765.00,766.54,0.62,0.34,0.26,1
623613.69,1284230.75,762.48,761.00,762.48,0.63,0.36,0.28,1
623705.94,1284230.75,755.44,754.00,755.44,0.63,0.36,0.28,1
623798.19,1284230.75,754.40,753.00,754.40,0.63,0.36,0.28,1
623890.50,1284230.75,754.38,753.00,754.38,0.63,0.36,0.28,1
623982.75,1284230.75,752.38,751.00,752.38,0.62,0.35,0.27,1
624075.06,1284230.75,758.38,757.00,758.38,0.61,0.34,0.26,1
624167.31,1284230.75,769.38,768.00,769.38,0.61,0.34,0.27,1
624259.62,1284230.75,767.39,766.00,767.39,0.63,0.36,0.29,1
624351.88,1284230.75,760.42,759.00,760.42,0.63,0.36,0.28,1
624444.19,1284230.75,766.43,765.00,766.43,0.61,0.34,0.26,1
624536.44,1284230.75,776.44,775.00,776.44,0.61,0.34,0.26,1
624628.69,1284230.75,778.44,777.00,778.44,0.63,0.36,0.28,1
624721.00,1284230.75,772.43,771.00,772.43,0.64,0.37,0.29,1
624813.25,1284230.75,761.41,760.00,761.41,0.64,0.36,0.29,1
624905.56,1284230.75,762.36,761.00,762.36,0.62,0.35,0.27,1
624997.81,1284230.75,773.28,772.00,773.28,0.61,0.34,0.27,1
625090.12,1284230.75,781.17,780.00,781.17,0.62,0.36,0.28,1
625182.38,1284230.75,782.06,781.00,782.06,0.63,0.37,0.30,1
625274.69,1284230.75,780.00,779.00,780.00,0.62,0.37,0.30,1
625366.94,1284230.75,780.63,779.79,780.63,0.57,0.33,0.26,1
625459.19,1284230.75,-9999.00,-9999.00,-9999.00,0.71,0.71,0.71,0
614385.88,1284138.38,-9999.00,-9999.00,-9999.00,0.71,0.71,0.71,0
614478.12,1284138.38,756.08,755.00,756.08,0.31,0.06,-0.02,1
614570.44,1284138.38,758.13,757.00,758.13,0.63,0.37,0.29,1
614662.69,1284138.38,768.20,767.00,768.20,0.63,0.36,0.29,1
614755.00,1284138.38,776.30,775.00,776.30,0.63,0.36,0.29,1
614847.25,1284138.38,769.39,768.00,769.39,0.63,0.36,0.29,1
614939.56,1284138.38,755.45,754.00,755.45,0.63,0.36,0.28,1
615031.81,1284138.38,750.50,749.00,750.50,0.62,0.35,0.27,1
615124.12,1284138.38,756.54,755.00,756.54,0.62,0.34,0.26,1
615216.38,1284138.38,750.56,749.00,750.56,0.63,0.35,0.27,1
615308.62,1284138.38,742.57,741.00,742.57,0.63,0.35,0.27,1
615400.94,1284138.38,740.59,739.00,740.59,0.62,0.35,0.27,1
615493.19,1284138.38,740.60,739.00,740.60,0.62,0.34,0.26,1
615585.50,1284138.38,745.62,744.00,745.62,0.61,0.33,0.25,1
615677.75,1284138.38,751.63,750.00,751.63,0.61,0.33,0.25,1
615770.06,1284138.38,748.65,747.00,748.65,0.61,0.33,0.25,1
615862.31,1284138.38,749.66,748.00,749.66,0.60,0.32,0.24,1
615954.62,1284138.38,766.66,765.00,766.66,0.60,0.32,0.24,1
616046.88,1284138.38,780.67,779.00,780.67,0.62,0.33,0.25,1
616139.12,1284138.38,775.67,774.00,775.67,0.63,0.35,0.27,1
616231.44,1284138.38,771.67,770.00,771.67,0.62,0.33,0.25,1
616323.69,1284138.38,786.66,785.00,786.66,0.61,0.33,0.25,1
616416.00,1284138.38,784.66,783.00,784.66,0.63,0.35,0.26,1
616508.25,1284138.38,778.64,777.00,778.64,0.63,0.35,0.27,1
616600.56,1284138.38,779.61,778.00,779.61,0.63,0.35,0.27,1
616692.81,1284138.38,775.57,774.00,775.57,0.63,0.35,0.27,1
616785.12,1284138.38,783.52,782.00,783.52,0.64,0.36,0.28,1
616877.38,1284138.38,780.45,779.00,780.45,0.65,0.38,0.30,1
616969.62,1284138.38,767.37,766.00,767.37,0.63,0.36,0.28,1
617061.94,1284138.38,766.29,765.00,766.29,0.62,0.36,0.28,1
617154.19,1284138.38,765.22,764.00,765.22,0.62,0.36,0.28,1
617246.50,1284138.38,762.16,761.00,762.16,0.62,0.36,0.29,1
617338.75,1284138.38,752.10,751.00,752.10,0.63,0.37,0.29,1
617431.06,1284138.38,754.06,753.00,754.06,0.63,0.37,0.30,1
617523.31,1284138.38,758.03,757.00,758.03,0.63,0.37,0.30,1
617615.62,1284138.38,761.01,760.00,761.01,0.64,0.38,0.31,1
617707.88,1284138.38,758.00,757.00,758.00,0.65,0.39,0.32,1
617800.12,1284138.38,747.00,746.00,747.00,0.64,0.38,0.31,1
617892.44,1284138.38,746.01,745.00,746.01,0.62,0.37,0.30,1
617984.69,1284138.38,749.03,748.00,749.03,0.62,0.36,0.29,1
618077.00,1284138.38,758.07,757.00,758.07,0.61,0.35,0.28,1
618169.25,1284138.38,768.13,767.00,768.13,0.62,0.36,0.29,1
618261.56,1284138.38,769.22,768.00,769.22,0.63,0.36,0.29,1
618353.81,1284138.38,771.31,770.00,771.31,0.62,0.35,0.28,1
618446.12,1284138.38,773.39,772.00,773.39,0.61,0.34,0.27,1
618538.38,1284138.38,779.44,778.00,779.44,0.61,0.34,0.26,1
618630.62,1284138.38,784.48,783.00,784.48,0.62,0.35,0.27,1
618722.94,1284138.38,788.51,787.00,788.51,0.63,0.35,0.27,1
618815.19,1284138.38,786.53,785.00,786.53,0.63,0.35,0.27,1
618907.50,1284138.38,784.55,783.00,784.55,0.63,0.35,0.27,1
618999.75,1284138.38,785.57,784.00,785.57,0.63,0.35,0.27,1
619092.06,1284138.38,784.58,783.00,784.58,0.62,0.34,0.27,1
619184.31,1284138.38,785.60,784.00,785.60,0.61,0.33,0.25,1
619276.62,1284138.38,796.63,795.00,796.63,0.60,0.32,0.24,1
619368.88,1284138.38,808.66,807.00,808.66,0.60,0.32,0.24,1
619461.19,1284138.38,824.68,823.00,824.68,0.59,0.31,0.23,1
619553.44,1284138.38,849.70,848.00,849.70,0.59,0.31,0.23,1
619645.69,1284138.38,879.73,878.00,879.73,0.60,0.31,0.23,1
619738.00,1284138.38,899.78,898.00,899.78,0.62,0.33,0.25,1
619830.25,1284138.38,905.82,904.00,905.82,0.63,0.34,0.26,1
619922.56,1284138.38,918.77,917.00,918.77,0.61,0.33,0.25,1
620014.81,1284138.38,946.41,945.00,946.41,0.59,0.32,0.24,1
620107.12,1284138.38,984.51,984.00,984.51,0.56,0.34,0.28,1
620199.38,1284138.38,1035.07,1035.00,1035.07,0.58,0.44,0.33,1
620291.69,1284138.38,1074.02,1074.00,1074.02,0.66,0.52,0.41,1
620383.94,1284138.38,1097.02,1097.00,1097.02,0.73,0.59,0.48,1
620476.19,1284138.38,1111.02,1111.00,1111.02,0.75,0.61,0.51,1
620568.50,1284138.38,1123.03,1123.00,1123.03,0.77,0.63,0.52,1
620660.75,1284138.38,1133.05,1133.00,1133.05,0.77,0.63,0.53,1
620753.06,1284138.38,1145.07,1145.00,1145.07,0.74,0.60,0.50,1
620845.31,1284138.38,1170.10,1170.00,1170.10,0.65,0.49,0.45,1
620937.62,1284138.38,1200.15,1200.00,1200.15,0.64,0.47,0.42,1
621029.88,1284138.38,1217.24,1217.00,1217.24,0.68,0.49,0.43,1
621122.19,1284138.38,1217.41,1217.00,1217.41,0.69,0.48,0.42,1
621214.44,1284138.38,1218.52,1218.00,1218.52,0.68,0.46,0.40,1
621306.69,1284138.38,1222.55,1222.00,1222.55,0.69,0.46,0.40,1
621399.00,1284138.38,1209.53,1209.00,1209.53,0.71,0.48,0.42,1
621491.25,1284138.38,1174.57,1174.00,1174.57,0.70,0.47,0.41,1
621583.56,1284138.38,1133.98,1133.00,1133.98,0.68,0.42,0.35,1
621675.81,1284138.38,1097.50,1096.00,1097.50,0.65,0.38,0.30,1
621768.12,1284138.38,1068.54,1067.00,1068.54,0.64,0.37,0.29,1
621860.38,1284138.38,1052.33,1051.00,1052.33,0.64,0.38,0.30,1
621952.69,1284138.38,1036.08,1035.00,1036.08,0.66,0.41,0.33,1
622044.94,1284138.38,1006.02,1005.00,1006.02,0.67,0.42,0.35,1
622137.19,1284138.38,968.12,967.00,968.12,0.67,0.41,0.34,1
622229.50,1284138.38,940.48,939.00,940.48,0.65,0.38,0.30,1
622321.75,1284138.38,910.07,908.00,910.07,0.64,0.34,0.26,1
622414.06,1284138.38,877.34,875.00,877.34,0.63,0.33,0.25,1
622506.31,1284138.38,857.31,855.00,857.31,0.63,0.33,0.25,1
622598.62,1284138.38,847.15,845.00,847.15,0.64,0.34,0.26,1
622690.88,1284138.38,830.04,828.00,830.04,0.65,0.35,0.27,1
622783.19,1284138.38,801.03,799.00,801.03,0.64,0.35,0.27,1
622875.44,1284138.38,777.99,776.00,777.99,0.63,0.34,0.26,1
622967.69,1284138.38,767.93,766.00,767.93,0.63,0.34,0.25,1
623060.00,1284138.38,765.84,764.00,765.84,0.62,0.33,0.25,1
623152.25,1284138.38,766.76,765.00,766.76,0.61,0.33,0.25,1
623244.56,1284138.38,765.70,764.00,765.70,0.62,0.34,0.26,1
623336.81,1284138.38,764.64,763.00,764.64,0.62,0.34,0.26,1
623429.12,1284138.38,762.59,761.00,762.59,0.62,0.34,0.27,1
623521.38,1284138.38,762.54,761.00,762.54,0.62,0.34,0.26,1
623613.69,1284138.38,762.48,761.00,762.48,0.62,0.35,0.27,1
623705.94,1284138.38,759.43,758.00,759.43,0.63,0.36,0.28,1
623798.19,1284138.38,758.39,757.00,758.39,0.63,0.36,0.28,1
623890.50,1284138.38,758.38,757.00,758.38,0.63,0.36,0.28,1
623982.75,1284138.38,754.37,753.00,754.37,0.63,0.36,0.28,1
624075.06,1284138.38,754.37,753.00,754.37,0.61,0.34,0.27,1
624167.31,1284138.38,763.37,762.00,763.37,0.61,0.34,0.26,1
624259.62,1284138.38,772.38,771.00,772.38,0.62,0.35,0.28,1
624351.88,1284138.38,765.41,764.00,765.41,0.64,0.36,0.29,1
624444.19,1284138.38,761.42,760.00,761.42,0.62,0.35,0.27,1
624536.44,1284138.38,770.43,769.00,770.43,0.61,0.34,0.26,1
624628.69,1284138.38,778.43,777.00,778.43,0.62,0.34,0.27,1
624721.00,1284138.38,779.42,778.00,779.42,0.63,0.36,0.28,1
624813.25,1284138.38,767.40,766.00,767.40,0.64,0.37,0.29,1
624905.56,1284138.38,758.36,757.00,758.36,0.62,0.35,0.27,1
624997.81,1284138.38,766.28,765.00,766.28,0.60,0.34,0.26,1
625090.12,1284138.38,775.16,774.00,775.16,0.60,0.34,0.27,1
625182.38,1284138.38,776.05,775.00,776.05,0.61,0.36,0.29,1
625274.69,1284138.38,771.00,770.00,771.00,0.61,0.36,0.29,1
625366.94,1284138.38,774.01,773.12,774.01,0.57,0.33,0.26,1
625459.19,1284138.38,-9999.00,-9999.00,-9999.00,0.71,0.71,0.71,0
614385.88,1284046.12,-9999.00,-9999.00,-9999.00,0.71,0.71,0.71,0
614478.12,1284046.12,769.06,768.00,769.06,0.31,0.05,-0.02,1
614570.44,1284046.12,771.10,770.00,771.10,0.64,0.38,0.31,1
614662.69,1284046.12,780.15,779.00,780.15,0.64,0.37,0.30,1
614755.00,1284046.12,774.25,773.00,774.25,0.63,0.37,0.29,1
614847.25,1284046.12,760.36,759.00,760.36,0.63,0.36,0.28,1
614939.56,1284046.12,750.44,749.00,750.44,0.63,0.36,0.28,1
615031.81,1284046.12,746.50,745.00,746.50,0.63,0.35,0.27,1
615124.12,1284046.12,747.54,746.00,747.54,0.62,0.34,0.27,1
615216.38,1284046.12,742.56,741.00,742.56,0.62,0.34,0.27,1
615308.62,1284046.12,741.58,740.00,741.58,0.63,0.35,0.27,1
615400.94,1284046.12,743.59,742.00,743.59,0.63,0.35,0.27,1
615493.19,1284046.12,741.61,740.00,741.61,0.63,0.35,0.27,1
615585.50,1284046.12,741.62,740.00,741.62,0.62,0.34,0.27,1
615677.75,1284046.12,743.64,742.00,743.64,0.62,0.34,0.26,1
615770.06,1284046.12,740.65,739.00,740.65,0.62,0.34,0.26,1
615862.31,1284046.12,743.66,742.00,743.66,0.60,0.32,0.24,1
615954.62,1284046.12,762.66,761.00,762.66,0.60,0.32,0.23,1
616046.88,1284046.12,775.67,774.00,775.67,0.61,0.33,0.25,1
616139.12,1284046.12,772.67,771.00,772.67,0.62,0.34,0.26,1
616231.44,1284046.12,765.67,764.00,765.67,0.61,0.33,0.25,1
616323.69,1284046.12,775.67,774.00,775.67,0.60,0.32,0.24,1
616416.00,1284046.12,778.66,777.00,778.66,0.61,0.33,0.25,1
616508.25,1284046.12,783.64,782.00,783.64,0.62,0.34,0.26,1
616600.56,1284046.12,778.62,777.00,778.62,0.62,0.34,0.26,1
616692.81,1284046.12,777.58,776.00,777.58,0.61,0.33,0.25,1
616785.12,1284046.12,796.53,795.00,796.53,0.61,0.34,0.26,1
616877.38,1284046.12,798.45,797.00,798.45,0.65,0.37,0.30,1
616969.62,1284046.12,764.38,763.00,764.38,0.64,0.37,0.29,1
617061.94,1284046.12,758.31,757.00,758.31,0.62,0.36,0.28,1
617154.19,1284046.12,756.24,755.00,756.24,0.62,0.36,0.28,1
617246.50,1284046.12,752.17,751.00,752.17,0.62,0.36,0.28,1
617338.75,1284046.12,752.10,751.00,752.10,0.62,0.36,0.28,1
617431.06,1284046.12,765.05,764.00,765.05,0.62,0.37,0.30,1
617523.31,1284046.12,768.00,767.00,768.00,0.64,0.38,0.31,1
617615.62,1284046.12,766.97,766.00,766.97,0.64,0.39,0.32,1
617707.88,1284046.12,759.96,759.00,759.96,0.65,0.40,0.32,1
617800.12,1284046.12,746.95,746.00,746.95,0.64,0.39,0.32,1
617892.44,1284046.12,744.96,744.00,744.96,0.63,0.38,0.31,1
617984.69,1284046.12,747.97,747.00,747.97,0.62,0.37,0.30,1
618077.00,1284046.12,753.01,752.00,753.01,0.61,0.36,0.28,1
618169.25,1284046.12,763.07,762.00,763.07,0.61,0.35,0.28,1
618261.56,1284046.12,766.17,765.00,766.17,0.61,0.35,0.28,1
618353.81,1284046.12,768.29,767.00,768.29,0.62,0.35,0.27,1
618446.12,1284046.12,765.37,764.00,765.37,0.61,0.34,0.26,1
618538.38,1284046.12,772.43,771.00,772.43,0.60,0.33,0.25,1
618630.62,1284046.12,783.47,782.00,783.47,0.61,0.34,0.26,1
618722.94,1284046.12,787.50,786.00,787.50,0.62,0.34,0.26,1
618815.19,1284046.12,787.53,786.00,787.53,0.62,0.34,0.26,1
618907.50,1284046.12,786.55,785.00,786.55,0.62,0.34,0.27,1
618999.75,1284046.12,787.57,786.00,787.57,0.62,0.34,0.27,1
619092.06,1284046.12,783.59,782.00,783.59,0.62,0.34,0.26,1
619184.31,1284046.12,783.61,782.00,783.61,0.61,0.33,0.25,1
619276.62,1284046.12,791.65,790.00,791.65,0.61,0.33,0.25,1
619368.88,1284046.12,798.67,797.00,798.67,0.60,0.32,0.24,1
619461.19,1284046.12,815.68,814.00,815.68,0.59,0.30,0.22,1
619553.44,1284046.12,845.68,844.00,845.68,0.58,0.30,0.22,1
619645.69,1284046.12,874.66,873.00,874.66,0.58,0.30,0.22,1
619738.00,1284046.12,902.65,901.00,902.65,0.59,0.31,0.23,1
619830.25,1284046.12,922.64,921.00,922.64,0.61,0.33,0.25,1
619922.56,1284046.12,937.59,936.00,937.59,0.61,0.33,0.26,1
620014.81,1284046.12,961.31,960.00,961.31,0.59,0.33,0.25,1
620107.12,1284046.12,999.54,999.00,999.54,0.56,0.34,0.27,1
620199.38,1284046.12,1045.10,1045.00,1045.10,0.53,0.39,0.29,1
620291.69,1284046.12,1090.03,1090.00,1090.03,0.55,0.41,0.31,1
620383.94,1284046.12,1130.02,1130.00,1130.02,0.63,0.50,0.39,1
620476.19,1284046.12,1154.02,1154.00,1154.02,0.70,0.56,0.46,1
620568.50,1284046.12,1174.03,1174.00,1174.03,0.71,0.57,0.47,1
620660.75,1284046.12,1198.04,1198.00,1198.04,0.73,0.59,0.48,1
620753.06,1284046.12,1215.07,1215.00,1215.07,0.76,0.62,0.52,1
620845.31,1284046.12,1219.11,1219.00,1219.11,0.71,0.55,0.50,1
620937.62,1284046.12,1221.18,1221.00,1221.18,0.66,0.48,0.43,1
621029.88,1284046.12,1232.28,1232.00,1232.28,0.64,0.44,0.38,1
621122.19,1284046.12,1250.41,1250.00,1250.41,0.65,0.44,0.38,1
621214.44,1284046.12,1259.47,1259.00,1259.47,0.68,0.47,0.40,1
621306.69,1284046.12,1249.48,1249.00,1249.48,0.70,0.48,0.41,1
621399.00,1284046.12,1224.43,1224.00,1224.43,0.71,0.49,0.43,1
621491.25,1284046.12,1179.44,1179.00,1179.44,0.71,0.50,0.43,1
621583.56,1284046.12,1134.82,1134.00,1134.82,0.68,0.44,0.37,1
621675.81,1284046.12,1098.48,1097.00,1098.48,0.65,0.38,0.30,1
621768.12,1284046.12,1067.59,1066.00,1067.59,0.64,0.37,0.29,1
621860.38,1284046.12,1054.37,1053.00,1054.37,0.64,0.37,0.30,1
621952.69,1284046.12,1045.03,1044.00,1045.03,0.67,0.41,0.34,1
622044.94,1284046.12,1016.89,1016.00,1016.89,0.69,0.44,0.37,1
622137.19,1284046.12,980.94,980.00,980.94,0.69,0.44,0.37,1
622229.50,1284046.12,950.30,949.00,950.30,0.67,0.40,0.33,1
622321.75,1284046.12,916.06,914.00,916.06,0.65,0.36,0.27,1
622414.06,1284046.12,885.47,883.00,885.47,0.64,0.33,0.25,1
622506.31,1284046.12,866.40,864.00,866.40,0.63,0.33,0.24,1
622598.62,1284046.12,862.13,860.00,862.13,0.63,0.34,0.25,1
622690.88,1284046.12,851.05,849.00,851.05,0.65,0.35,0.27,1
622783.19,1284046.12,817.14,815.00,817.14,0.65,0.35,0.27,1
622875.44,1284046.12,787.20,785.00,787.20,0.64,0.34,0.26,1
622967.69,1284046.12,774.13,772.00,774.13,0.63,0.33,0.25,1
623060.00,1284046.12,767.01,765.00,767.01,0.62,0.33,0.25,1
623152.25,1284046.12,765.86,764.00,765.86,0.62,0.33,0.25,1
623244.56,1284046.12,766.75,765.00,766.75,0.62,0.34,0.26,1
623336.81,1284046.12,766.67,765.00,766.67,0.63,0.34,0.26,1
623429.12,1284046.12,765.60,764.00,765.60,0.63,0.35,0.27,1
623521.38,1284046.12,762.54,761.00,762.54,0.62,0.35,0.27,1
623613.69,1284046.12,761.47,760.00,761.47,0.62,0.35,0.27,1
623705.94,1284046.12,761.43,760.00,761.43,0.62,0.35,0.27,1
623798.19,1284046.12,760.39,759.00,760.39,0.63,0.35,0.28,1
623890.50,1284046.12,758.37,757.00,758.37,0.63,0.36,0.28,1
623982.75,1284046.12,752.36,751.00,752.36,0.63,0.36,0.28,1
624075.06,1284046.12,751.36,750.00,751.36,0.62,0.35,0.27,1
624167.31,1284046.12,758.37,757.00,758.37,0.61,0.34,0.26,1
624259.62,1284046.12,769.38,768.00,769.38,0.61,0.34,0.26,1
624351.88,1284046.12,771.40,770.00,771.40,0.63,0.36,0.28,1
624444.19,1284046.12,764.42,763.00,764.42,0.63,0.36,0.28,1
624536.44,1284046.12,768.43,767.00,768.43,0.62,0.34,0.27,1
624628.69,1284046.12,778.43,777.00,778.43,0.62,0.34,0.27,1
624721.00,1284046.12,779.42,778.00,779.42,0.63,0.35,0.28,1
624813.25,1284046.12,765.40,764.00,765.40,0.63,0.36,0.28,1
624905.56,1284046.12,756.36,755.00,756.36,0.63,0.36,0.28,1
624997.81,1284046.12,757.28,756.00,757.28,0.62,0.35,0.27,1
625090.12,1284046.12,761.17,760.00,761.17,0.61,0.35,0.27,1
625182.38,1284046.12,761.03,760.00,761.03,0.62,0.36,0.29,1
625274.69,1284046.12,759.95,759.00,759.95,0.62,0.37,0.30,1
625366.94,1284046.12,767.39,766.45,767.39,0.57,0.32,0.25,1
625459.19,1284046.12,-9999.00,-9999.00,-9999.00,0.71,0.71,0.71,0
614385.88,1283953.88,-9999.00,-9999.00,-9999.00,0.71,0.71,0.71,0
614478.12,1283953.88,787.06,786.00,787.06,0.31,0.05,-0.02,1
614570.44,1283953.88,787.10,786.00,787.10,0.64,0.38,0.31,1
614662.69,1283953.88,784.13,783.00,784.13,0.64,0.38,0.30,1
614755.00,1283953.88,769.23,768.00,769.23,0.64,0.38,0.30,1
614847.25,1283953.88,757.35,756.00,757.35,0.64,0.37,0.29,1
614939.56,1283953.88,758.44,757.00,758.44,0.64,0.36,0.28,1
615031.81,1283953.88,755.50,754.00,755.50,0.64,0.36,0.28,1
615124.12,1283953.88,750.54,749.00,750.54,0.63,0.36,0.28,1
615216.38,1283953.88,745.57,744.00,745.57,0.63,0.35,0.27,1
615308.62,1283953.88,754.59,753.00,754.59,0.62,0.35,0.27,1
615400.94,1283953.88,757.60,756.00,757.60,0.63,0.35,0.27,1
615493.19,1283953.88,752.62,751.00,752.62,0.63,0.35,0.27,1
615585.50,1283953.88,753.64,752.00,753.64,0.64,0.36,0.28,1
615677.75,1283953.88,745.65,744.00,745.65,0.63,0.35,0.27,1
615770.06,1283953.88,740.66,739.00,740.66,0.62,0.34,0.26,1
615862.31,1283953.88,743.67,742.00,743.67,0.61,0.33,0.25,1
615954.62,1283953.88,755.67,754.00,755.67,0.61,0.32,0.24,1
616046.88,1283953.88,769.67,768.00,769.67,0.61,0.33,0.25,1
616139.12,1283953.88,769.67,768.00,769.67,0.63,0.35,0.26,1
616231.44,1283953.88,760.67,759.00,760.67,0.63,0.35,0.26,1
616323.69,1283953.88,759.67,758.00,759.67,0.60,0.32,0.24,1
616416.00,1283953.88,767.66,766.00,767.66,0.60,0.32,0.24,1
616508.25,1283953.88,775.65,774.00,775.65,0.61,0.33,0.25,1
616600.56,1283953.88,769.62,768.00,769.62,0.61,0.33,0.25,1
616692.81,1283953.88,774.59,773.00,774.59,0.60,0.32,0.24,1
616785.12,1283953.88,793.54,792.00,793.54,0.60,0.32,0.24,1
616877.38,1283953.88,796.47,795.00,796.47,0.63,0.35,0.28,1
616969.62,1283953.88,761.40,760.00,761.40,0.64,0.37,0.29,1
617061.94,1283953.88,758.33,757.00,758.33,0.63,0.36,0.29,1
617154.19,1283953.88,755.25,754.00,755.25,0.64,0.37,0.29,1
617246.50,1283953.88,747.18,746.00,747.18,0.62,0.36,0.29,1
617338.75,1283953.88,751.11,750.00,751.11,0.61,0.35,0.28,1
617431.06,1283953.88,766.04,765.00,766.04,0.61,0.35,0.28,1
617523.31,1283953.88,769.99,769.00,769.99,0.62,0.37,0.30,1
617615.62,1283953.88,766.95,766.00,766.95,0.63,0.38,0.31,1
617707.88,1283953.88,762.93,762.00,762.93,0.64,0.39,0.32,1
617800.12,1283953.88,751.92,751.00,751.92,0.65,0.40,0.33,1
617892.44,1283953.88,746.92,746.00,746.92,0.64,0.39,0.32,1
617984.69,1283953.88,748.93,748.00,748.93,0.63,0.38,0.31,1
618077.00,1283953.88,749.97,749.00,749.97,0.63,0.38,0.30,1
618169.25,1283953.88,753.03,752.00,753.03,0.62,0.36,0.29,1
618261.56,1283953.88,755.13,754.00,755.13,0.62,0.36,0.28,1
618353.81,1283953.88,757.26,756.00,757.26,0.61,0.35,0.27,1
618446.12,1283953.88,758.35,757.00,758.35,0.61,0.34,0.27,1
618538.38,1283953.88,765.42,764.00,765.42,0.61,0.33,0.26,1
618630.62,1283953.88,777.47,776.00,777.47,0.60,0.33,0.25,1
618722.94,1283953.88,780.50,779.00,780.50,0.61,0.33,0.26,1
618815.19,1283953.88,779.52,778.00,779.52,0.61,0.33,0.26,1
618907.50,1283953.88,783.55,782.00,783.55,0.62,0.34,0.26,1
618999.75,1283953.88,782.57,781.00,782.57,0.62,0.34,0.26,1
619092.06,1283953.88,778.59,777.00,778.59,0.62,0.34,0.26,1
619184.31,1283953.88,779.63,778.00,779.63,0.62,0.34,0.26,1
619276.62,1283953.88,785.69,784.00,785.69,0.61,0.33,0.25,1
619368.88,1283953.88,793.72,792.00,793.72,0.60,0.32,0.24,1
619461.19,1283953.88,811.72,810.00,811.72,0.59,0.30,0.22,1
619553.44,1283953.88,843.70,842.00,843.70,0.58,0.30,0.22,1
619645.69,1283953.88,870.61,869.00,870.61,0.58,0.31,0.23,1
619738.00,1283953.88,899.53,898.00,899.53,0.59,0.31,0.23,1
619830.25,1283953.88,926.49,925.00,926.49,0.59,0.32,0.24,1
619922.56,1283953.88,951.45,950.00,951.45,0.60,0.33,0.25,1
620014.81,1283953.88,977.24,976.00,977.24,0.59,0.33,0.25,1
620107.12,1283953.88,1011.63,1011.00,1011.63,0.57,0.34,0.28,1
620199.38,1283953.88,1048.17,1048.00,1048.17,0.54,0.36,0.31,1
620291.69,1283953.88,1093.06,1093.00,1093.06,0.53,0.39,0.28,1
620383.94,1283953.88,1141.05,1141.00,1141.05,0.54,0.40,0.29,1
620476.19,1283953.88,1180.05,1180.00,1180.05,0.59,0.45,0.35,1
620568.50,1283953.88,1206.05,1206.00,1206.05,0.63,0.49,0.38,1
620660.75,1283953.88,1228.07,1228.00,1228.07,0.64,0.50,0.40,1
620753.06,1283953.88,1237.10,1237.00,1237.10,0.64,0.48,0.43,1
620845.31,1283953.88,1228.18,1228.00,1228.18,0.64,0.46,0.41,1
620937.62,1283953.88,1226.29,1226.00,1226.29,0.61,0.41,0.36,1
621029.88,1283953.88,1245.40,1245.00,1245.40,0.59,0.38,0.32,1
621122.19,1283953.88,1270.47,1270.00,1270.47,0.61,0.40,0.33,1
621214.44,1283953.88,1276.49,1276.00,1276.49,0.66,0.44,0.37,1
621306.69,1283953.88,1253.49,1253.00,1253.49,0.67,0.45,0.38,1
621399.00,1283953.88,1226.44,1226.00,1226.44,0.68,0.46,0.40,1
621491.25,1283953.88,1188.42,1188.00,1188.42,0.71,0.50,0.44,1
621583.56,1283953.88,1142.70,1142.00,1142.70,0.70,0.46,0.40,1
621675.81,1283953.88,1101.39,1100.00,1101.39,0.66,0.39,0.32,1
621768.12,1283953.88,1073.56,1072.00,1073.56,0.65,0.37,0.29,1
621860.38,1283953.88,1067.36,1066.00,1067.36,0.64,0.37,0.29,1
621952.69,1283953.88,1064.96,1064.00,1064.96,0.67,0.42,0.34,1
622044.94,1283953.88,1044.63,1044.00,1044.63,0.71,0.48,0.41,1
622137.19,1283953.88,1008.53,1008.00,1008.53,0.72,0.50,0.44,1
622229.50,1283953.88,972.71,972.00,972.71,0.70,0.47,0.40,1
622321.75,1283953.88,940.48,939.00,940.48,0.67,0.40,0.32,1
622414.06,1283953.88,912.29,910.00,912.29,0.65,0.35,0.26,1
622506.31,1283953.88,890.35,888.00,890.35,0.64,0.34,0.25,1
622598.62,1283953.88,881.08,879.00,881.08,0.64,0.34,0.26,1
622690.88,1283953.88,869.95,868.00,869.95,0.65,0.36,0.27,1
622783.19,1283953.88,835.09,833.00,835.09,0.65,0.35,0.27,1
622875.44,1283953.88,798.44,796.00,798.44,0.63,0.33,0.24,1
622967.69,1283953.88,778.43,776.00,778.43,0.62,0.32,0.24,1
623060.00,1283953.88,772.26,770.00,772.26,0.62,0.32,0.24,1
623152.25,1283953.88,772.02,770.00,772.02,0.62,0.33,0.25,1
623244.56,1283953.88,772.84,771.00,772.84,0.62,0.34,0.25,1
623336.81,1283953.88,772.71,771.00,772.71,0.63,0.34,0.26,1
623429.12,1283953.88,768.62,767.00,768.62,0.63,0.35,0.27,1
623521.38,1283953.88,761.54,760.00,761.54,0.63,0.35,0.27,1
623613.69,1283953.88,758.48,757.00,758.48,0.62,0.35,0.27,1
623705.94,1283953.88,759.43,758.00,759.43,0.62,0.35,0.27,1
623798.19,1283953.88,758.39,757.00,758.39,0.62,0.35,0.27,1
623890.50,1283953.88,753.37,752.00,753.37,0.63,0.36,0.28,1
623982.75,1283953.88,751.36,750.00,751.36,0.63,0.36,0.28,1
624075.06,1283953.88,752.36,751.00,752.36,0.62,0.35,0.28,1
624167.31,1283953.88,755.37,754.00,755.37,0.61,0.34,0.27,1
624259.62,1283953.88,763.38,762.00,763.38,0.61,0.34,0.26,1
624351.88,1283953.88,773.40,772.00,773.40,0.62,0.35,0.27,1
624444.19,1283953.88,773.42,772.00,773.42,0.63,0.36,0.28,1
624536.44,1283953.88,773.43,772.00,773.43,0.63,0.35,0.28,1
624628.69,1283953.88,777.43,776.00,777.43,0.62,0.35,0.27,1
624721.00,1283953.88,771.42,770.00,771.42,0.62,0.35,0.27,1
624813.25,1283953.88,763.40,762.00,763.40,0.64,0.36,0.29,1
624905.56,1283953.88,760.37,759.00,760.37,0.64,0.37,0.29,1
624997.81,1283953.88,758.30,757.00,758.30,0.64,0.37,0.29,1
625090.12,1283953.88,756.19,755.00,756.19,0.63,0.36,0.29,1
625182.38,1283953.88,760.05,759.00,760.05,0.63,0.38,0.30,1
625274.69,1283953.88,762.95,762.00,762.95,0.64,0.39,0.31,1
625366.94,1283953.88,768.81,767.81,768.81,0.58,0.32,0.25,1
625459.19,1283953.88,-9999.00,-9999.00,-9999.00,0.71,0.71,0.71,0
614385.88,1283861.62,-9999.00,-9999.00,-9999.00,0.71,0.71,0.71,0
614478.12,1283861.62,789.06,788.00,789.06,0.31,0.05,-0.02,1
614570.44,1283861.62,787.11,786.00,787.11,0.62,0.36,0.29,1
614662.69,1283861.62,779.13,778.00,779.13,0.63,0.37,0.29,1
614755.00,1283861.62,776.22,775.00,776.22,0.64,0.38,0.30,1
614847.25,1283861.62,772.34,771.00,772.34,0.64,0.37,0.29,1
614939.56,1283861.62,771.44,770.00,771.44,0.64,0.36,0.28,1
615031.81,1283861.62,765.50,764.00,765.50,0.64,0.36,0.28,1
615124.12,1283861.62,757.55,756.00,757.55,0.64,0.36,0.28,1
615216.38,1283861.62,753.58,752.00,753.58,0.63,0.35,0.27,1
615308.62,1283861.62,761.60,760.00,761.60,0.62,0.34,0.26,1
615400.94,1283861.62,762.62,761.00,762.62,0.62,0.34,0.26,1
615493.19,1283861.62,758.64,757.00,758.64,0.62,0.34,0.26,1
615585.50,1283861.62,762.65,761.00,762.65,0.62,0.34,0.26,1
615677.75,1283861.62,747.66,746.00,747.66,0.63,0.35,0.27,1
615770.06,1283861.62,740.67,739.00,740.67,0.62,0.34,0.26,1
615862.31,1283861.62,745.67,744.00,745.67,0.61,0.33,0.25,1
615954.62,1283861.62,761.67,760.00,761.67,0.61,0.33,0.25,1
616046.88,1283861.62,772.67,771.00,772.67,0.61,0.33,0.25,1
616139.12,1283861.62,774.68,773.00,774.68,0.62,0.34,0.26,1
616231.44,1283861.62,766.67,765.00,766.67,0.63,0.35,0.27,1
616323.69,1283861.62,754.67,753.00,754.67,0.62,0.34,0.26,1
616416.00,1283861.62,755.66,754.00,755.66,0.61,0.33,0.25,1
616508.25,1283861.62,763.65,762.00,763.65,0.61,0.33,0.25,1
616600.56,1283861.62,760.63,759.00,760.63,0.61,0.33,0.25,1
616692.81,1283861.62,763.60,762.00,763.60,0.60,0.32,0.24,1
616785.12,1283861.62,775.56,774.00,775.56,0.59,0.32,0.24,1
616877.38,1283861.62,782.50,781.00,782.50,0.62,0.34,0.26,1
616969.62,1283861.62,761.43,760.00,761.43,0.63,0.36,0.28,1
617061.94,1283861.62,766.35,765.00,766.35,0.63,0.36,0.28,1
617154.19,1283861.62,761.28,760.00,761.28,0.64,0.37,0.30,1
617246.50,1283861.62,745.21,744.00,745.21,0.63,0.37,0.29,1
617338.75,1283861.62,745.13,744.00,745.13,0.61,0.35,0.28,1
617431.06,1283861.62,756.05,755.00,756.05,0.60,0.35,0.28,1
617523.31,1283861.62,761.98,761.00,761.98,0.62,0.37,0.29,1
617615.62,1283861.62,761.94,761.00,761.94,0.63,0.38,0.31,1
617707.88,1283861.62,760.91,760.00,760.91,0.64,0.39,0.32,1
617800.12,1283861.62,753.90,753.00,753.90,0.64,0.39,0.32,1
617892.44,1283861.62,749.90,749.00,749.90,0.64,0.39,0.32,1
617984.69,1283861.62,750.91,750.00,750.91,0.63,0.38,0.31,1
618077.00,1283861.62,753.94,753.00,753.94,0.63,0.38,0.31,1
618169.25,1283861.62,756.00,755.00,756.00,0.64,0.38,0.31,1
618261.56,1283861.62,753.10,752.00,753.10,0.63,0.38,0.30,1
618353.81,1283861.62,754.22,753.00,754.22,0.63,0.36,0.29,1
618446.12,1283861.62,758.33,757.00,758.33,0.62,0.35,0.27,1
618538.38,1283861.62,765.40,764.00,765.40,0.61,0.34,0.26,1
618630.62,1283861.62,768.45,767.00,768.45,0.61,0.34,0.26,1
618722.94,1283861.62,768.49,767.00,768.49,0.61,0.33,0.26,1
618815.19,1283861.62,771.52,770.00,771.52,0.61,0.33,0.25,1
618907.50,1283861.62,778.54,777.00,778.54,0.61,0.33,0.26,1
618999.75,1283861.62,775.57,774.00,775.57,0.62,0.34,0.26,1
619092.06,1283861.62,776.61,775.00,776.61,0.62,0.34,0.26,1
619184.31,1283861.62,785.67,784.00,785.67,0.62,0.34,0.26,1
619276.62,1283861.62,787.77,786.00,787.77,0.62,0.33,0.25,1
619368.88,1283861.62,792.84,791.00,792.84,0.61,0.32,0.24,1
619461.19,1283861.62,808.85,807.00,808.85,0.59,0.30,0.22,1
619553.44,1283861.62,840.79,839.00,840.79,0.58,0.30,0.22,1
619645.69,1283861.62,873.53,872.00,873.53,0.59,0.31,0.23,1
619738.00,1283861.62,903.38,902.00,903.38,0.59,0.32,0.24,1
619830.25,1283861.62,929.33,928.00,929.33,0.59,0.32,0.25,1
619922.56,1283861.62,959.30,958.00,959.30,0.59,0.33,0.25,1
620014.81,1283861.62,987.16,986.00,987.16,0.59,0.33,0.25,1
620107.12,1283861.62,1021.69,1021.00,1021.69,0.58,0.34,0.28,1
620199.38,1283861.62,1059.26,1059.00,1059.26,0.56,0.37,0.31,1
620291.69,1283861.62,1102.15,1102.00,1102.15,0.55,0.37,0.32,1
620383.94,1283861.62,1139.13,1139.00,1139.13,0.53,0.36,0.32,1
620476.19,1283861.62,1168.11,1168.00,1168.11,0.51,0.35,0.30,1
620568.50,1283861.62,1186.11,1186.00,1186.11,0.51,0.34,0.30,1
620660.75,1283861.62,1197.13,1197.00,1197.13,0.51,0.35,0.30,1
620753.06,1283861.62,1203.21,1203.00,1203.21,0.54,0.36,0.31,1
620845.31,1283861.62,1201.34,1201.00,1201.34,0.56,0.35,0.30,1
620937.62,1283861.62,1210.47,1210.00,1210.47,0.56,0.34,0.28,1
621029.88,1283861.62,1231.54,1231.00,1231.54,0.55,0.32,0.26,1
621122.19,1283861.62,1258.58,1258.00,1258.58,0.56,0.33,0.26,1
621214.44,1283861.62,1261.58,1261.00,1261.58,0.60,0.37,0.31,1
621306.69,1283861.62,1237.58,1237.00,1237.58,0.63,0.40,0.34,1
621399.00,1283861.62,1214.54,1214.00,1214.54,0.64,0.41,0.35,1
621491.25,1283861.62,1193.51,1193.00,1193.51,0.68,0.46,0.39,1
621583.56,1283861.62,1160.61,1160.00,1160.61,0.70,0.47,0.41,1
621675.81,1283861.62,1119.11,1118.00,1119.11,0.68,0.42,0.35,1
621768.12,1283861.62,1085.34,1084.00,1085.34,0.67,0.40,0.32,1
621860.38,1283861.62,1076.25,1075.00,1076.25,0.65,0.38,0.31,1
621952.69,1283861.62,1080.92,1080.00,1080.92,0.66,0.41,0.34,1
622044.94,1283861.62,1066.52,1066.00,1066.52,0.71,0.49,0.42,1
622137.19,1283861.62,1030.30,1030.00,1030.30,0.74,0.54,0.48,1
622229.50,1283861.62,995.26,995.00,995.26,0.75,0.55,0.50,1
622321.75,1283861.62,965.56,965.00,965.56,0.72,0.49,0.42,1
622414.06,1283861.62,934.43,933.00,934.43,0.67,0.40,0.32,1
622506.31,1283861.62,909.93,908.00,909.93,0.65,0.36,0.28,1
622598.62,1283861.62,898.83,897.00,898.83,0.65,0.36,0.28,1
622690.88,1283861.62,882.67,881.00,882.67,0.66,0.38,0.30,1
622783.19,1283861.62,843.86,842.00,843.86,0.66,0.37,0.29,1
622875.44,1283861.62,801.57,799.00,801.57,0.63,0.33,0.24,1
622967.69,1283861.62,780.69,778.00,780.69,0.62,0.31,0.22,1
623060.00,1283861.62,776.47,774.00,776.47,0.62,0.31,0.23,1
623152.25,1283861.62,775.14,773.00,775.14,0.62,0.32,0.24,1
623244.56,1283861.62,774.91,773.00,774.91,0.62,0.33,0.25,1
623336.81,1283861.62,773.76,772.00,773.76,0.62,0.34,0.26,1
623429.12,1283861.62,767.65,766.00,767.65,0.63,0.35,0.27,1
623521.38,1283861.62,761.56,760.00,761.56,0.63,0.35,0.27,1
623613.69,1283861.62,756.49,755.00,756.49,0.63,0.35,0.27,1
623705.94,1283861.62,753.43,752.00,753.43,0.62,0.35,0.27,1
623798.19,1283861.62,753.40,752.00,753.40,0.62,0.35,0.27,1
623890.50,1283861.62,757.38,756.00,757.38,0.63,0.36,0.28,1
623982.75,1283861.62,758.37,757.00,758.37,0.64,0.37,0.29,1
624075.06,1283861.62,753.37,752.00,753.37,0.63,0.36,0.28,1
624167.31,1283861.62,752.37,751.00,752.37,0.61,0.34,0.27,1
624259.62,1283861.62,764.38,763.00,764.38,0.60,0.33,0.25,1
624351.88,1283861.62,781.40,780.00,781.40,0.61,0.34,0.27,1
624444.19,1283861.62,783.42,782.00,783.42,0.63,0.36,0.28,1
624536.44,1283861.62,779.43,778.00,779.43,0.63,0.36,0.28,1
624628.69,1283861.62,774.43,773.00,774.43,0.63,0.35,0.28,1
624721.00,1283861.62,768.43,767.00,768.43,0.62,0.35,0.27,1
624813.25,1283861.62,774.41,773.00,774.41,0.62,0.35,0.27,1
624905.56,1283861.62,780.38,779.00,780.38,0.64,0.37,0.29,1
624997.81,1283861.62,773.32,772.00,773.32,0.65,0.38,0.30,1
625090.12,1283861.62,765.23,764.00,765.23,0.64,0.37,0.30,1
625182.38,1283861.62,773.12,772.00,773.12,0.63,0.37,0.30,1
625274.69,1283861.62,780.03,779.00,780.03,0.64,0.39,0.31,1
625366.94,1283861.62,778.26,777.21,778.26,0.58,0.32,0.25,1
625459.19,1283861.62,-9999.00,-9999.00,-9999.00,0.71,0.71,0.71,0
614385.88,1283769.38,-9999.00,-9999.00,-9999.00,0.71,0.71,0.71,0
614478.12,1283769.38,777.07,776.00,777.07,0.31,0.05,-0.02,1
614570.44,1283769.38,773.12,772.00,773.12,0.61,0.35,0.28,1
614662.69,1283769.38,772.14,771.00,772.14,0.61,0.35,0.28,1
614755.00,1283769.38,784.22,783.00,784.22,0.62,0.36,0.28,1
614847.25,1283769.38,781.34,780.00,781.34,0.63,0.36,0.29,1
614939.56,1283769.38,773.44,772.00,773.44,0.63,0.36,0.28,1
615031.81,1283769.38,766.51,765.00,766.51,0.62,0.35,0.27,1
615124.12,1283769.38,765.56,764.00,765.56,0.63,0.35,0.27,1
615216.38,1283769.38,759.60,758.00,759.60,0.63,0.35,0.27,1
615308.62,1283769.38,756.62,755.00,756.62,0.62,0.34,0.26,1
615400.94,1283769.38,754.64,753.00,754.64,0.61,0.33,0.25,1
615493.19,1283769.38,752.65,751.00,752.65,0.61,0.33,0.25,1
615585.50,1283769.38,749.66,748.00,749.66,0.61,0.33,0.25,1
615677.75,1283769.38,742.67,741.00,742.67,0.62,0.34,0.26,1
615770.06,1283769.38,740.67,739.00,740.67,0.62,0.34,0.26,1
615862.31,1283769.38,746.68,745.00,746.68,0.61,0.32,0.24,1
615954.62,1283769.38,763.68,762.00,763.68,0.60,0.32,0.24,1
616046.88,1283769.38,767.68,766.00,767.68,0.61,0.33,0.25,1
616139.12,1283769.38,767.68,766.00,767.68,0.61,0.33,0.25,1
616231.44,1283769.38,766.68,765.00,766.68,0.62,0.34,0.26,1
616323.69,1283769.38,752.67,751.00,752.67,0.62,0.34,0.26,1
616416.00,1283769.38,752.67,751.00,752.67,0.61,0.33,0.25,1
616508.25,1283769.38,760.66,759.00,760.66,0.61,0.33,0.25,1
616600.56,1283769.38,756.64,755.00,756.64,0.62,0.34,0.26,1
616692.81,1283769.38,756.61,755.00,756.61,0.61,0.33,0.25,1
616785.12,1283769.38,766.58,765.00,766.58,0.60,0.33,0.25,1
616877.38,1283769.38,776.53,775.00,776.53,0.62,0.34,0.27,1
616969.62,1283769.38,755.46,754.00,755.46,0.62,0.35,0.27,1
617061.94,1283769.38,761.39,760.00,761.39,0.61,0.34,0.26,1
617154.19,1283769.38,758.32,757.00,758.32,0.62,0.36,0.28,1
617246.50,1283769.38,743.24,742.00,743.24,0.63,0.37,0.29,1
617338.75,1283769.38,742.15,741.00,742.15,0.62,0.36,0.28,1
617431.06,1283769.38,752.06,751.00,752.06,0.61,0.36,0.28,1
617523.31,1283769.38,761.99,761.00,761.99,0.62,0.37,0.30,1
617615.62,1283769.38,764.93,764.00,764.93,0.63,0.38,0.31,1
617707.88,1283769.38,761.90,761.00,761.90,0.64,0.39,0.32,1
617800.12,1283769.38,753.89,753.00,753.89,0.64,0.39,0.32,1
617892.44,1283769.38,749.89,749.00,749.89,0.64,0.39,0.32,1
617984.69,1283769.38,750.90,750.00,750.90,0.63,0.38,0.31,1
618077.00,1283769.38,754.92,754.00,754.92,0.62,0.37,0.30,1
618169.25,1283769.38,762.98,762.00,762.98,0.63,0.38,0.30,1
618261.56,1283769.38,764.07,763.00,764.07,0.64,0.38,0.31,1
618353.81,1283769.38,761.20,760.00,761.20,0.64,0.38,0.30,1
618446.12,1283769.38,755.31,754.00,755.31,0.63,0.36,0.28,1
618538.38,1283769.38,757.38,756.00,757.38,0.61,0.34,0.27,1
618630.62,1283769.38,758.43,757.00,758.43,0.61,0.34,0.26,1
618722.94,1283769.38,762.47,761.00,762.47,0.61,0.34,0.26,1
618815.19,1283769.38,765.50,764.00,765.50,0.61,0.34,0.26,1
618907.50,1283769.38,769.54,768.00,769.54,0.61,0.34,0.26,1
618999.75,1283769.38,771.58,770.00,771.58,0.61,0.34,0.26,1
619092.06,1283769.38,779.64,778.00,779.64,0.61,0.33,0.25,1
619184.31,1283769.38,785.74,784.00,785.74,0.61,0.33,0.25,1
619276.62,1283769.38,787.91,786.00,787.91,0.61,0.33,0.24,1
619368.88,1283769.38,793.07,791.00,793.07,0.61,0.31,0.23,1
619461.19,1283769.38,811.13,809.00,811.13,0.60,0.30,0.22,1
619553.44,1283769.38,846.90,845.00,846.90,0.59,0.30,0.22,1
619645.69,1283769.38,884.34,883.00,884.34,0.59,0.32,0.25,1
619738.00,1283769.38,913.13,912.00,913.13,0.60,0.34,0.26,1
619830.25,1283769.38,942.11,941.00,942.11,0.59,0.33,0.26,1
619922.56,1283769.38,973.11,972.00,973.11,0.59,0.33,0.26,1
620014.81,1283769.38,1002.04,1001.00,1002.04,0.58,0.33,0.25,1
620107.12,1283769.38,1040.71,1040.00,1040.71,0.57,0.33,0.26,1
620199.38,1283769.38,1080.39,1080.00,1080.39,0.57,0.36,0.30,1
620291.69,1283769.38,1112.32,1112.00,1112.32,0.57,0.37,0.31,1
620383.94,1283769.38,1131.30,1131.00,1131.30,0.57,0.37,0.31,1
620476.19,1283769.38,1137.27,1137.00,1137.27,0.54,0.34,0.29,1
620568.50,1283769.38,1143.25,1143.00,1143.25,0.51,0.32,0.26,1
620660.75,1283769.38,1158.28,1158.00,1158.28,0.52,0.33,0.27,1
620753.06,1283769.38,1170.39,1170.00,1170.39,0.56,0.35,0.29,1
620845.31,1283769.38,1169.57,1169.00,1169.57,0.57,0.34,0.28,1
620937.62,1283769.38,1182.70,1182.00,1182.70,0.55,0.32,0.25,1
621029.88,1283769.38,1207.75,1207.00,1207.75,0.54,0.30,0.23,1
621122.19,1283769.38,1223.76,1223.00,1223.76,0.55,0.31,0.24,1
621214.44,1283769.38,1226.77,1226.00,1226.77,0.58,0.34,0.27,1
621306.69,1283769.38,1213.76,1213.00,1213.76,0.62,0.38,0.31,1
621399.00,1283769.38,1194.73,1194.00,1194.73,0.62,0.38,0.32,1
621491.25,1283769.38,1186.71,1186.00,1186.71,0.63,0.40,0.33,1
621583.56,1283769.38,1169.72,1169.00,1169.72,0.67,0.43,0.36,1
621675.81,1283769.38,1136.91,1136.00,1136.91,0.68,0.43,0.36,1
621768.12,1283769.38,1110.06,1109.00,1110.06,0.68,0.42,0.34,1
621860.38,1283769.38,1106.05,1105.00,1106.05,0.67,0.41,0.34,1
621952.69,1283769.38,1102.84,1102.00,1102.84,0.68,0.43,0.36,1
622044.94,1283769.38,1084.49,1084.00,1084.49,0.71,0.49,0.43,1
622137.19,1283769.38,1050.24,1050.00,1050.24,0.75,0.56,0.50,1
622229.50,1283769.38,1019.14,1019.00,1019.14,0.77,0.60,0.55,1
622321.75,1283769.38,989.15,989.00,989.15,0.77,0.60,0.55,1
622414.06,1283769.38,956.52,956.00,956.52,0.72,0.50,0.44,1
622506.31,1283769.38,930.14,929.00,930.14,0.68,0.42,0.34,1
622598.62,1283769.38,918.32,917.00,918.32,0.66,0.39,0.32,1
622690.88,1283769.38,901.22,900.00,901.22,0.67,0.41,0.33,1
622783.19,1283769.38,862.37,861.00,862.37,0.68,0.41,0.33,1
622875.44,1283769.38,818.28,816.00,818.28,0.65,0.35,0.26,1
622967.69,1283769.38,789.75,787.00,789.75,0.63,0.32,0.23,1
623060.00,1283769.38,776.55,774.00,776.55,0.62,0.31,0.23,1
623152.25,1283769.38,773.19,771.00,773.19,0.62,0.32,0.24,1
623244.56,1283769.38,771.94,770.00,771.94,0.62,0.33,0.24,1
623336.81,1283769.38,770.78,769.00,770.78,0.62,0.33,0.25,1
623429.12,1283769.38,766.67,765.00,766.67,0.62,0.34,0.26,1
623521.38,1283769.38,760.58,759.00,760.58,0.62,0.35,0.27,1
623613.69,1283769.38,759.51,758.00,759.51,0.63,0.35,0.27,1
623705.94,1283769.38,758.45,757.00,758.45,0.63,0.35,0.28,1
623798.19,1283769.38,761.41,760.00,761.41,0.62,0.35,0.27,1
623890.50,1283769.38,769.39,768.00,769.39,0.63,0.36,0.28,1
623982.75,1283769.38,767.38,766.00,767.38,0.64,0.37,0.29,1
624075.06,1283769.38,755.37,754.00,755.37,0.63,0.36,0.29,1
624167.31,1283769.38,751.37,750.00,751.37,0.62,0.35,0.27,1
624259.62,1283769.38,761.38,760.00,761.38,0.60,0.33,0.25,1
624351.88,1283769.38,778.40,777.00,778.40,0.60,0.33,0.25,1
624444.19,1283769.38,787.42,786.00,787.42,0.62,0.35,0.27,1
624536.44,1283769.38,784.43,783.00,784.43,0.64,0.36,0.29,1
624628.69,1283769.38,773.43,772.00,773.43,0.64,0.36,0.29,1
624721.00,1283769.38,767.43,766.00,767.43,0.62,0.35,0.27,1
624813.25,1283769.38,777.42,776.00,777.42,0.61,0.34,0.26,1
624905.56,1283769.38,787.39,786.00,787.39,0.62,0.35,0.28,1
624997.81,1283769.38,781.35,780.00,781.35,0.64,0.37,0.29,1
625090.12,1283769.38,775.28,774.00,775.28,0.63,0.36,0.29,1
625182.38,1283769.38,784.22,783.00,784.22,0.62,0.36,0.28,1
625274.69,1283769.38,789.17,788.00,789.17,0.63,0.37,0.29,1
625366.94,1283769.38,787.72,786.62,787.72,0.58,0.32,0.24,1
625459.19,1283769.38,-9999.00,-9999.00,-9999.00,0.71,0.71,0.71,0
614385.88,1283677.00,-9999.00,-9999.00,-9999.00,0.71,0.71,0.71,0
614478.12,1283677.00,763.08,762.00,763.08,0.31,0.06,-0.02,1
614570.44,1283677.00,764.14,763.00,764.14,0.62,0.36,0.28,1
614662.69,1283677.00,772.16,771.00,772.16,0.62,0.36,0.28,1
614755.00,1283677.00,783.23,782.00,783.23,0.62,0.36,0.28,1
614847.25,1283677.00,777.35,776.00,777.35,0.64,0.37,0.29,1
614939.56,1283677.00,766.45,765.00,766.45,0.63,0.36,0.28,1
615031.81,1283677.00,759.53,758.00,759.53,0.62,0.34,0.26,1
615124.12,1283677.00,761.58,760.00,761.58,0.62,0.34,0.26,1
615216.38,1283677.00,753.61,752.00,753.61,0.63,0.35,0.27,1
615308.62,1283677.00,745.64,744.00,745.64,0.62,0.34,0.26,1
615400.94,1283677.00,742.65,741.00,742.65,0.61,0.33,0.25,1
615493.19,1283677.00,741.67,740.00,741.67,0.61,0.33,0.25,1
615585.50,1283677.00,739.67,738.00,739.67,0.62,0.33,0.25,1
615677.75,1283677.00,742.68,741.00,742.68,0.62,0.34,0.26,1
615770.06,1283677.00,743.68,742.00,743.68,0.63,0.35,0.27,1
615862.31,1283677.00,741.68,740.00,741.68,0.61,0.33,0.25,1
615954.62,1283677.00,751.68,750.00,751.68,0.60,0.32,0.24,1
616046.88,1283677.00,752.68,751.00,752.68,0.61,0.33,0.25,1
616139.12,1283677.00,751.68,750.00,751.68,0.61,0.33,0.25,1
616231.44,1283677.00,752.68,751.00,752.68,0.61,0.33,0.25,1
616323.69,1283677.00,748.68,747.00,748.68,0.62,0.33,0.25,1
616416.00,1283677.00,752.67,751.00,752.67,0.62,0.33,0.25,1
616508.25,1283677.00,752.67,751.00,752.67,0.61,0.33,0.25,1
616600.56,1283677.00,749.65,748.00,749.65,0.61,0.33,0.25,1
616692.81,1283677.00,752.64,751.00,752.64,0.61,0.33,0.25,1
616785.12,1283677.00,766.61,765.00,766.61,0.61,0.33,0.25,1
616877.38,1283677.00,770.56,769.00,770.56,0.62,0.34,0.27,1
616969.62,1283677.00,748.51,747.00,748.51,0.63,0.35,0.27,1
617061.94,1283677.00,749.44,748.00,749.44,0.61,0.34,0.26,1
617154.19,1283677.00,746.37,745.00,746.37,0.62,0.35,0.27,1
617246.50,1283677.00,742.28,741.00,742.28,0.63,0.36,0.29,1
617338.75,1283677.00,745.19,744.00,745.19,0.62,0.36,0.28,1
617431.06,1283677.00,757.09,756.00,757.09,0.62,0.36,0.29,1
617523.31,1283677.00,768.00,767.00,768.00,0.62,0.37,0.30,1
617615.62,1283677.00,766.94,766.00,766.94,0.63,0.38,0.31,1
617707.88,1283677.00,762.90,762.00,762.90,0.64,0.39,0.32,1
617800.12,1283677.00,757.89,757.00,757.89,0.64,0.39,0.32,1
617892.44,1283677.00,752.89,752.00,752.89,0.64,0.39,0.32,1
617984.69,1283677.00,749.89,749.00,749.89,0.63,0.39,0.31,1
618077.00,1283677.00,753.92,753.00,753.92,0.62,0.37,0.30,1
618169.25,1283677.00,763.97,763.00,763.97,0.62,0.36,0.29,1
618261.56,1283677.00,770.06,769.00,770.06,0.63,0.37,0.30,1
618353.81,1283677.00,768.17,767.00,768.17,0.64,0.38,0.31,1
618446.12,1283677.00,756.28,755.00,756.28,0.64,0.37,0.30,1
618538.38,1283677.00,752.35,751.00,752.35,0.62,0.35,0.28,1
618630.62,1283677.00,754.40,753.00,754.40,0.62,0.35,0.27,1
618722.94,1283677.00,756.45,755.00,756.45,0.62,0.34,0.26,1
618815.19,1283677.00,760.48,759.00,760.48,0.61,0.34,0.26,1
618907.50,1283677.00,766.52,765.00,766.52,0.61,0.34,0.26,1
618999.75,1283677.00,770.57,769.00,770.57,0.62,0.34,0.26,1
619092.06,1283677.00,776.65,775.00,776.65,0.61,0.33,0.25,1
619184.31,1283677.00,779.79,778.00,779.79,0.61,0.33,0.25,1
619276.62,1283677.00,785.03,783.00,785.03,0.61,0.32,0.24,1
619368.88,1283677.00,794.28,792.00,794.28,0.60,0.30,0.21,1
619461.19,1283677.00,823.32,821.00,823.32,0.59,0.29,0.20,1
619553.44,1283677.00,867.65,866.00,867.65,0.58,0.30,0.22,1
619645.69,1283677.00,904.85,904.00,904.85,0.60,0.36,0.29,1
619738.00,1283677.00,930.72,930.00,930.72,0.62,0.38,0.32,1
619830.25,1283677.00,950.81,950.00,950.81,0.61,0.37,0.30,1
619922.56,1283677.00,977.93,977.00,977.93,0.59,0.34,0.26,1
620014.81,1283677.00,1007.97,1007.00,1007.97,0.57,0.32,0.25,1
620107.12,1283677.00,1042.82,1042.00,1042.82,0.55,0.31,0.24,1
620199.38,1283677.00,1079.65,1079.00,1079.65,0.55,0.32,0.25,1
620291.69,1283677.00,1099.63,1099.00,1099.63,0.57,0.33,0.27,1
620383.94,1283677.00,1103.66,1103.00,1103.66,0.56,0.32,0.26,1
620476.19,1283677.00,1102.66,1102.00,1102.66,0.54,0.31,0.24,1
620568.50,1283677.00,1109.64,1109.00,1109.64,0.53,0.30,0.23,1
620660.75,1283677.00,1132.59,1132.00,1132.59,0.54,0.31,0.24,1
620753.06,1283677.00,1149.67,1149.00,1149.67,0.57,0.34,0.27,1
620845.31,1283677.00,1151.84,1151.00,1151.84,0.59,0.34,0.27,1
620937.62,1283677.00,1163.97,1163.00,1163.97,0.58,0.32,0.25,1
621029.88,1283677.00,1176.01,1175.00,1176.01,0.56,0.31,0.24,1
621122.19,1283677.00,1188.02,1187.00,1188.02,0.56,0.31,0.23,1
621214.44,1283677.00,1199.99,1199.00,1199.99,0.59,0.34,0.26,1
621306.69,1283677.00,1198.94,1198.00,1198.94,0.64,0.39,0.32,1
621399.00,1283677.00,1181.90,1181.00,1181.90,0.66,0.41,0.34,1
621491.25,1283677.00,1172.88,1172.00,1172.88,0.66,0.41,0.34,1
621583.56,1283677.00,1157.88,1157.00,1157.88,0.66,0.41,0.34,1
621675.81,1283677.00,1140.91,1140.00,1140.91,0.66,0.41,0.34,1
621768.12,1283677.00,1135.95,1135.00,1135.95,0.66,0.41,0.34,1
621860.38,1283677.00,1138.90,1138.00,1138.90,0.67,0.42,0.35,1
621952.69,1283677.00,1131.73,1131.00,1131.73,0.69,0.45,0.38,1
622044.94,1283677.00,1108.45,1108.00,1108.45,0.72,0.50,0.44,1
622137.19,1283677.00,1080.22,1080.00,1080.22,0.75,0.56,0.51,1
622229.50,1283677.00,1057.11,1057.00,1057.11,0.78,0.61,0.57,1
622321.75,1283677.00,1032.07,1032.00,1032.07,0.86,0.72,0.61,1
622414.06,1283677.00,999.15,999.00,999.15,0.78,0.61,0.56,1
622506.31,1283677.00,966.60,966.00,966.60,0.72,0.49,0.42,1
622598.62,1283677.00,942.01,941.00,942.01,0.68,0.42,0.35,1
622690.88,1283677.00,916.05,915.00,916.05,0.67,0.41,0.34,1
622783.19,1283677.00,885.05,884.00,885.05,0.68,0.42,0.35,1
622875.44,1283677.00,844.62,843.00,844.62,0.67,0.39,0.31,1
622967.69,1283677.00,807.45,805.00,807.45,0.64,0.34,0.25,1
623060.00,1283677.00,784.49,782.00,784.49,0.63,0.33,0.24,1
623152.25,1283677.00,774.19,772.00,774.19,0.62,0.33,0.24,1
623244.56,1283677.00,768.94,767.00,768.94,0.62,0.33,0.25,1
623336.81,1283677.00,765.79,764.00,765.79,0.62,0.33,0.25,1
623429.12,1283677.00,762.69,761.00,762.69,0.62,0.34,0.26,1
623521.38,1283677.00,759.61,758.00,759.61,0.62,0.34,0.26,1
623613.69,1283677.00,760.54,759.00,760.54,0.62,0.35,0.27,1
623705.94,1283677.00,763.48,762.00,763.48,0.62,0.35,0.27,1
623798.19,1283677.00,766.43,765.00,766.43,0.62,0.35,0.27,1
623890.50,1283677.00,768.40,767.00,768.40,0.62,0.35,0.27,1
623982.75,1283677.00,764.39,763.00,764.39,0.63,0.35,0.28,1
624075.06,1283677.00,755.39,754.00,755.39,0.63,0.36,0.28,1
624167.31,1283677.00,750.39,749.00,750.39,0.62,0.35,0.27,1
624259.62,1283677.00,756.39,755.00,756.39,0.60,0.33,0.25,1
624351.88,1283677.00,773.41,772.00,773.41,0.59,0.32,0.24,1
624444.19,1283677.00,788.42,787.00,788.42,0.61,0.34,0.26,1
624536.44,1283677.00,789.43,788.00,789.43,0.63,0.36,0.28,1
624628.69,1283677.00,780.43,779.00,780.43,0.64,0.37,0.29,1
624721.00,1283677.00,769.43,768.00,769.43,0.63,0.36,0.28,1
624813.25,1283677.00,773.42,772.00,773.42,0.61,0.34,0.26,1
624905.56,1283677.00,784.40,783.00,784.40,0.61,0.34,0.26,1
624997.81,1283677.00,781.36,780.00,781.36,0.63,0.36,0.28,1
625090.12,1283677.00,778.31,777.00,778.31,0.63,0.36,0.28,1
625182.38,1283677.00,785.28,784.00,785.28,0.62,0.35,0.28,1
625274.69,1283677.00,787.27,786.00,787.27,0.61,0.35,0.27,1
625366.94,1283677.00,791.24,790.12,791.24,0.58,0.32,0.24,1
625459.19,1283677.00,-9999.00,-9999.00,-9999.00,0.71,0.71,0.71,0
614385.88,1283584.75,-9999.00,-9999.00,-9999.00,0.71,0.71,0.71,0
614478.12,1283584.75,760.09,759.00,760.09,0.31,0.06,-0.02,1
614570.44,1283584.75,767.15,766.00,767.15,0.62,0.36,0.29,1
614662.69,1283584.75,779.17,778.00,779.17,0.62,0.35,0.28,1
614755.00,1283584.75,787.25,786.00,787.25,0.62,0.36,0.28,1
614847.25,1283584.75,783.35,782.00,783.35,0.64,0.37,0.29,1
614939.56,1283584.75,771.46,770.00,771.46,0.64,0.37,0.29,1
615031.81,1283584.75,754.54,753.00,754.54,0.63,0.35,0.27,1
615124.12,1283584.75,753.59,752.00,753.59,0.62,0.34,0.26,1
615216.38,1283584.75,755.62,754.00,755.62,0.63,0.35,0.27,1
615308.62,1283584.75,747.65,746.00,747.65,0.63,0.35,0.27,1
615400.94,1283584.75,739.66,738.00,739.66,0.63,0.35,0.27,1
615493.19,1283584.75,739.68,738.00,739.68,0.62,0.34,0.26,1
615585.50,1283584.75,741.68,740.00,741.68,0.62,0.34,0.26,1
615677.75,1283584.75,753.68,752.00,753.68,0.63,0.34,0.26,1
615770.06,1283584.75,751.68,750.00,751.68,0.63,0.35,0.27,1
615862.31,1283584.75,742.68,741.00,742.68,0.63,0.34,0.26,1
615954.62,1283584.75,745.68,744.00,745.68,0.61,0.33,0.25,1
616046.88,1283584.75,746.68,745.00,746.68,0.62,0.34,0.26,1
616139.12,1283584.75,745.68,744.00,745.68,0.62,0.34,0.26,1
616231.44,1283584.75,743.68,742.00,743.68,0.62,0.34,0.26,1
616323.69,1283584.75,743.68,742.00,743.68,0.62,0.33,0.25,1
616416.00,1283584.75,746.68,745.00,746.68,0.62,0.33,0.25,1
616508.25,1283584.75,743.67,742.00,743.67,0.62,0.34,0.26,1
616600.56,1283584.75,743.67,742.00,743.67,0.61,0.33,0.25,1
616692.81,1283584.75,749.65,748.00,749.65,0.61,0.33,0.25,1
616785.12,1283584.75,759.64,758.00,759.64,0.61,0.33,0.25,1
616877.38,1283584.75,760.60,759.00,760.60,0.62,0.34,0.26,1
616969.62,1283584.75,745.55,744.00,745.55,0.63,0.35,0.27,1
617061.94,1283584.75,743.50,742.00,743.50,0.62,0.35,0.27,1
617154.19,1283584.75,744.43,743.00,744.43,0.62,0.35,0.27,1
617246.50,1283584.75,747.34,746.00,747.34,0.62,0.35,0.28,1
617338.75,1283584.75,753.24,752.00,753.24,0.62,0.36,0.28,1
617431.06,1283584.75,764.12,763.00,764.12,0.62,0.36,0.29,1
617523.31,1283584.75,763.01,762.00,763.01,0.62,0.37,0.29,1
617615.62,1283584.75,758.95,758.00,758.95,0.62,0.37,0.30,1
617707.88,1283584.75,758.91,758.00,758.91,0.62,0.37,0.30,1
617800.12,1283584.75,757.89,757.00,757.89,0.63,0.38,0.31,1
617892.44,1283584.75,755.89,755.00,755.89,0.64,0.39,0.32,1
617984.69,1283584.75,754.89,754.00,754.89,0.64,0.39,0.32,1
618077.00,1283584.75,755.92,755.00,755.92,0.63,0.38,0.31,1
618169.25,1283584.75,761.97,761.00,761.97,0.62,0.36,0.29,1
618261.56,1283584.75,768.05,767.00,768.05,0.61,0.36,0.29,1
618353.81,1283584.75,775.16,774.00,775.16,0.63,0.37,0.30,1
618446.12,1283584.75,766.25,765.00,766.25,0.65,0.38,0.31,1
618538.38,1283584.75,756.32,755.00,756.32,0.64,0.37,0.30,1
618630.62,1283584.75,753.37,752.00,753.37,0.63,0.36,0.28,1
618722.94,1283584.75,756.42,755.00,756.42,0.62,0.35,0.27,1
618815.19,1283584.75,761.46,760.00,761.46,0.62,0.34,0.27,1
618907.50,1283584.75,767.50,766.00,767.50,0.62,0.34,0.26,1
618999.75,1283584.75,770.56,769.00,770.56,0.62,0.34,0.26,1
619092.06,1283584.75,774.65,773.00,774.65,0.62,0.34,0.26,1
619184.31,1283584.75,781.80,780.00,781.80,0.62,0.33,0.25,1
619276.62,1283584.75,788.06,786.00,788.06,0.62,0.32,0.24,1
619368.88,1283584.75,796.35,794.00,796.35,0.60,0.30,0.22,1
619461.19,1283584.75,829.35,827.00,829.35,0.58,0.28,0.19,1
619553.44,1283584.75,878.34,877.00,878.34,0.55,0.28,0.21,1
619645.69,1283584.75,929.50,929.00,929.50,0.57,0.34,0.28,1
619738.00,1283584.75,958.45,958.00,958.45,0.63,0.41,0.35,1
619830.25,1283584.75,970.61,970.00,970.61,0.64,0.41,0.35,1
619922.56,1283584.75,982.83,982.00,982.83,0.61,0.37,0.30,1
620014.81,1283584.75,1005.97,1005.00,1005.97,0.58,0.33,0.26,1
620107.12,1283584.75,1030.03,1029.00,1030.03,0.56,0.31,0.23,1
620199.38,1283584.75,1057.05,1056.00,1057.05,0.56,0.30,0.23,1
620291.69,1283584.75,1067.15,1066.00,1067.15,0.57,0.31,0.23,1
620383.94,1283584.75,1060.36,1059.00,1060.36,0.57,0.30,0.22,1
620476.19,1283584.75,1057.49,1056.00,1057.49,0.56,0.29,0.21,1
620568.50,1283584.75,1073.44,1072.00,1073.44,0.55,0.28,0.20,1
620660.75,1283584.75,1104.16,1103.00,1104.16,0.55,0.29,0.21,1
620753.06,1283584.75,1126.07,1125.00,1126.07,0.57,0.31,0.24,1
620845.31,1283584.75,1134.13,1133.00,1134.13,0.59,0.33,0.26,1
620937.62,1283584.75,1143.21,1142.00,1143.21,0.59,0.32,0.25,1
621029.88,1283584.75,1152.24,1151.00,1152.24,0.58,0.31,0.24,1
621122.19,1283584.75,1167.23,1166.00,1167.23,0.57,0.31,0.23,1
621214.44,1283584.75,1189.16,1188.00,1189.16,0.58,0.31,0.24,1
621306.69,1283584.75,1210.05,1209.00,1210.05,0.61,0.36,0.28,1
621399.00,1283584.75,1214.99,1214.00,1214.99,0.66,0.41,0.34,1
621491.25,1283584.75,1201.97,1201.00,1201.97,0.68,0.43,0.36,1
621583.56,1283584.75,1174.95,1174.00,1174.95,0.68,0.43,0.36,1
621675.81,1283584.75,1157.94,1157.00,1157.94,0.67,0.42,0.35,1
621768.12,1283584.75,1159.89,1159.00,1159.89,0.66,0.41,0.34,1
621860.38,1283584.75,1160.79,1160.00,1160.79,0.67,0.43,0.36,1
621952.69,1283584.75,1152.61,1152.00,1152.61,0.69,0.46,0.39,1
622044.94,1283584.75,1134.37,1134.00,1134.37,0.71,0.51,0.45,1
622137.19,1283584.75,1109.19,1109.00,1109.19,0.73,0.55,0.50,1
622229.50,1283584.75,1086.10,1086.00,1086.10,0.80,0.66,0.55,1
622321.75,1283584.75,1063.07,1063.00,1063.07,0.80,0.66,0.56,1
622414.06,1283584.75,1031.09,1031.00,1031.09,0.82,0.68,0.57,1
622506.31,1283584.75,992.42,992.00,992.42,0.71,0.49,0.43,1
622598.62,1283584.75,951.99,951.00,951.99,0.67,0.41,0.34,1
622690.88,1283584.75,918.13,917.00,918.13,0.65,0.39,0.32,1
622783.19,1283584.75,891.10,890.00,891.10,0.66,0.40,0.33,1
622875.44,1283584.75,862.26,861.00,862.26,0.67,0.41,0.33,1
622967.69,1283584.75,826.88,825.00,826.88,0.66,0.37,0.29,1
623060.00,1283584.75,795.18,793.00,795.18,0.64,0.35,0.26,1
623152.25,1283584.75,777.10,775.00,777.10,0.63,0.34,0.25,1
623244.56,1283584.75,768.93,767.00,768.93,0.63,0.34,0.25,1
623336.81,1283584.75,763.79,762.00,763.79,0.62,0.34,0.26,1
623429.12,1283584.75,761.70,760.00,761.70,0.62,0.34,0.26,1
623521.38,1283584.75,761.63,760.00,761.63,0.62,0.34,0.26,1
623613.69,1283584.75,764.57,763.00,764.57,0.63,0.35,0.27,1
623705.94,1283584.75,764.51,763.00,764.51,0.63,0.35,0.27,1
623798.19,1283584.75,762.47,761.00,762.47,0.62,0.35,0.27,1
623890.50,1283584.75,761.43,760.00,761.43,0.62,0.35,0.27,1
623982.75,1283584.75,758.41,757.00,758.41,0.62,0.35,0.27,1
624075.06,1283584.75,754.41,753.00,754.41,0.63,0.36,0.28,1
624167.31,1283584.75,750.40,749.00,750.40,0.63,0.35,0.28,1
624259.62,1283584.75,751.41,750.00,751.41,0.61,0.34,0.26,1
624351.88,1283584.75,763.41,762.00,763.41,0.59,0.32,0.24,1
624444.19,1283584.75,778.42,777.00,778.42,0.59,0.32,0.24,1
624536.44,1283584.75,787.43,786.00,787.43,0.61,0.33,0.26,1
624628.69,1283584.75,785.43,784.00,785.43,0.62,0.35,0.27,1
624721.00,1283584.75,776.43,775.00,776.43,0.63,0.36,0.28,1
624813.25,1283584.75,771.42,770.00,771.42,0.62,0.35,0.27,1
624905.56,1283584.75,773.40,772.00,773.40,0.61,0.34,0.26,1
624997.81,1283584.75,777.37,776.00,777.37,0.61,0.34,0.27,1
625090.12,1283584.75,783.32,782.00,783.32,0.62,0.35,0.28,1
625182.38,1283584.75,786.30,785.00,786.30,0.63,0.36,0.28,1
625274.69,1283584.75,778.29,777.00,778.29,0.62,0.35,0.28,1
625366.94,1283584.75,788.83,787.73,788.83,0.58,0.32,0.24,1
625459.19,1283584.75,-9999.00,-9999.00,-9999.00,0.71,0.71,0.71,0
614385.88,1283492.50,-9999.00,-9999.00,-9999.00,0.71,0.71,0.71,0
614478.12,1283492.50,778.10,777.00,778.10,0.32,0.06,-0.02,1
614570.44,1283492.50,780.17,779.00,780.17,0.64,0.38,0.30,1
614662.69,1283492.50,780.19,779.00,780.19,0.62,0.36,0.28,1
614755.00,1283492.50,785.25,784.00,785.25,0.61,0.35,0.27,1
614847.25,1283492.50,782.35,781.00,782.35,0.62,0.36,0.28,1
614939.56,1283492.50,769.46,768.00,769.46,0.63,0.36,0.28,1
615031.81,1283492.50,756.54,755.00,756.54,0.63,0.36,0.28,1
615124.12,1283492.50,764.59,763.00,764.59,0.63,0.35,0.27,1
615216.38,1283492.50,765.63,764.00,765.63,0.63,0.35,0.27,1
615308.62,1283492.50,750.65,749.00,750.65,0.63,0.35,0.27,1
615400.94,1283492.50,745.67,744.00,745.67,0.63,0.35,0.27,1
615493.19,1283492.50,751.67,750.00,751.67,0.63,0.35,0.27,1
615585.50,1283492.50,755.67,754.00,755.67,0.63,0.35,0.27,1
615677.75,1283492.50,764.67,763.00,764.67,0.63,0.35,0.27,1
615770.06,1283492.50,759.68,758.00,759.68,0.64,0.35,0.27,1
615862.31,1283492.50,746.68,745.00,746.68,0.63,0.35,0.27,1
615954.62,1283492.50,744.68,743.00,744.68,0.62,0.34,0.26,1
616046.88,1283492.50,746.68,745.00,746.68,0.62,0.33,0.25,1
616139.12,1283492.50,748.68,747.00,748.68,0.62,0.34,0.26,1
616231.44,1283492.50,745.68,744.00,745.68,0.62,0.34,0.26,1
616323.69,1283492.50,742.68,741.00,742.68,0.62,0.34,0.26,1
616416.00,1283492.50,743.68,742.00,743.68,0.62,0.34,0.26,1
616508.25,1283492.50,743.68,742.00,743.68,0.62,0.34,0.26,1
616600.56,1283492.50,741.68,740.00,741.68,0.62,0.34,0.26,1
616692.81,1283492.50,745.67,744.00,745.67,0.61,0.33,0.25,1
616785.12,1283492.50,752.65,751.00,752.65,0.61,0.33,0.25,1
616877.38,1283492.50,754.63,753.00,754.63,0.62,0.34,0.26,1
616969.62,1283492.50,743.59,742.00,743.59,0.63,0.35,0.27,1
617061.94,1283492.50,745.54,744.00,745.54,0.63,0.35,0.27,1
617154.19,1283492.50,745.48,744.00,745.48,0.63,0.35,0.27,1
617246.50,1283492.50,747.40,746.00,747.40,0.62,0.34,0.27,1
617338.75,1283492.50,755.29,754.00,755.29,0.61,0.35,0.27,1
617431.06,1283492.50,760.16,759.00,760.16,0.62,0.36,0.28,1
617523.31,1283492.50,753.04,752.00,753.04,0.62,0.37,0.29,1
617615.62,1283492.50,750.97,750.00,750.97,0.62,0.37,0.30,1
617707.88,1283492.50,752.92,752.00,752.92,0.63,0.38,0.31,1
617800.12,1283492.50,753.90,753.00,753.90,0.63,0.38,0.31,1
617892.44,1283492.50,758.90,758.00,758.90,0.63,0.38,0.31,1
617984.69,1283492.50,761.90,761.00,761.90,0.64,0.39,0.32,1
618077.00,1283492.50,757.92,757.00,757.92,0.64,0.39,0.32,1
618169.25,1283492.50,758.97,758.00,758.97,0.62,0.37,0.29,1
618261.56,1283492.50,765.05,764.00,765.05,0.61,0.35,0.28,1
618353.81,1283492.50,774.14,773.00,774.14,0.62,0.35,0.28,1
618446.12,1283492.50,772.23,771.00,772.23,0.63,0.37,0.29,1
618538.38,1283492.50,766.29,765.00,766.29,0.64,0.37,0.30,1
618630.62,1283492.50,760.34,759.00,760.34,0.64,0.37,0.29,1
618722.94,1283492.50,758.38,757.00,758.38,0.63,0.36,0.28,1
618815.19,1283492.50,761.43,760.00,761.43,0.62,0.35,0.27,1
618907.50,1283492.50,768.48,767.00,768.48,0.62,0.34,0.26,1
618999.75,1283492.50,774.54,773.00,774.54,0.62,0.34,0.26,1
619092.06,1283492.50,778.63,777.00,778.63,0.62,0.34,0.26,1
619184.31,1283492.50,788.79,787.00,788.79,0.61,0.33,0.25,1
619276.62,1283492.50,802.05,800.00,802.05,0.62,0.33,0.24,1
619368.88,1283492.50,809.30,807.00,809.30,0.61,0.31,0.23,1
619461.19,1283492.50,832.28,830.00,832.28,0.59,0.29,0.21,1
619553.44,1283492.50,878.30,877.00,878.30,0.55,0.29,0.21,1
619645.69,1283492.50,930.46,930.00,930.46,0.52,0.31,0.24,1
619738.00,1283492.50,970.40,970.00,970.40,0.58,0.37,0.31,1
619830.25,1283492.50,986.53,986.00,986.53,0.63,0.41,0.34,1
619922.56,1283492.50,994.76,994.00,994.76,0.63,0.39,0.32,1
620014.81,1283492.50,1002.97,1002.00,1002.97,0.61,0.36,0.29,1
620107.12,1283492.50,1013.15,1012.00,1013.15,0.59,0.33,0.25,1
620199.38,1283492.50,1027.31,1026.00,1027.31,0.58,0.31,0.23,1
620291.69,1283492.50,1031.50,1030.00,1031.50,0.58,0.31,0.23,1
620383.94,1283492.50,1023.74,1022.00,1023.74,0.59,0.31,0.23,1
620476.19,1283492.50,1024.87,1023.00,1024.87,0.58,0.30,0.21,1
620568.50,1283492.50,1051.85,1050.00,1051.85,0.57,0.28,0.20,1
620660.75,1283492.50,1086.58,1085.00,1086.58,0.56,0.29,0.21,1
620753.06,1283492.50,1109.41,1108.00,1109.41,0.57,0.30,0.22,1
620845.31,1283492.50,1121.41,1120.00,1121.41,0.59,0.32,0.24,1
620937.62,1283492.50,1128.43,1127.00,1128.43,0.60,0.32,0.25,1
621029.88,1283492.50,1135.44,1134.00,1135.44,0.59,0.32,0.24,1
621122.19,1283492.50,1149.42,1148.00,1149.42,0.58,0.31,0.23,1
621214.44,1283492.50,1175.35,1174.00,1175.35,0.56,0.29,0.22,1
621306.69,1283492.50,1204.17,1203.00,1204.17,0.56,0.30,0.22,1
621399.00,1283492.50,1227.04,1226.00,1227.04,0.60,0.34,0.27,1
621491.25,1283492.50,1225.01,1224.00,1225.01,0.65,0.39,0.32,1
621583.56,1283492.50,1202.00,1201.00,1202.00,0.67,0.42,0.34,1
621675.81,1283492.50,1186.95,1186.00,1186.95,0.67,0.42,0.34,1
621768.12,1283492.50,1188.85,1188.00,1188.85,0.66,0.41,0.34,1
621860.38,1283492.50,1193.68,1193.00,1193.68,0.68,0.44,0.38,1
621952.69,1283492.50,1175.47,1175.00,1175.47,0.70,0.49,0.42,1
622044.94,1283492.50,1145.28,1145.00,1145.28,0.71,0.51,0.46,1
622137.19,1283492.50,1110.16,1110.00,1110.16,0.71,0.54,0.49,1
622229.50,1283492.50,1075.09,1075.00,1075.09,0.74,0.60,0.50,1
622321.75,1283492.50,1047.07,1047.00,1047.07,0.71,0.57,0.46,1
622414.06,1283492.50,1017.13,1017.00,1017.13,0.67,0.50,0.45,1
622506.31,1283492.50,977.58,977.00,977.58,0.65,0.42,0.36,1
622598.62,1283492.50,939.27,938.00,939.27,0.64,0.37,0.30,1
622690.88,1283492.50,911.44,910.00,911.44,0.64,0.36,0.29,1
622783.19,1283492.50,892.39,891.00,892.39,0.64,0.37,0.29,1
622875.44,1283492.50,876.39,875.00,876.39,0.66,0.38,0.31,1
622967.69,1283492.50,845.61,844.00,845.61,0.66,0.38,0.30,1
623060.00,1283492.50,809.89,808.00,809.89,0.65,0.36,0.28,1
623152.25,1283492.50,786.94,785.00,786.94,0.64,0.35,0.27,1
623244.56,1283492.50,774.88,773.00,774.88,0.63,0.35,0.26,1
623336.81,1283492.50,766.78,765.00,766.78,0.63,0.34,0.26,1
623429.12,1283492.50,762.70,761.00,762.70,0.62,0.34,0.26,1
623521.38,1283492.50,766.64,765.00,766.64,0.62,0.34,0.26,1
623613.69,1283492.50,770.59,769.00,770.59,0.62,0.35,0.27,1
623705.94,1283492.50,769.54,768.00,769.54,0.63,0.35,0.27,1
623798.19,1283492.50,764.49,763.00,764.49,0.63,0.36,0.28,1
623890.50,1283492.50,757.46,756.00,757.46,0.63,0.35,0.27,1
623982.75,1283492.50,753.44,752.00,753.44,0.62,0.35,0.27,1
624075.06,1283492.50,753.42,752.00,753.42,0.63,0.35,0.28,1
624167.31,1283492.50,752.42,751.00,752.42,0.63,0.36,0.28,1
624259.62,1283492.50,752.42,751.00,752.42,0.63,0.35,0.28,1
624351.88,1283492.50,754.42,753.00,754.42,0.61,0.34,0.26,1
624444.19,1283492.50,761.42,760.00,761.42,0.60,0.33,0.25,1
624536.44,1283492.50,770.43,769.00,770.43,0.59,0.32,0.24,1
624628.69,1283492.50,772.43,771.00,772.43,0.60,0.33,0.25,1
624721.00,1283492.50,771.43,770.00,771.43,0.62,0.35,0.27,1
624813.25,1283492.50,771.42,770.00,771.42,0.63,0.36,0.28,1
624905.56,1283492.50,771.40,770.00,771.40,0.63,0.36,0.28,1
624997.81,1283492.50,775.37,774.00,775.37,0.62,0.35,0.27,1
625090.12,1283492.50,780.32,779.00,780.32,0.62,0.35,0.27,1
625182.38,1283492.50,783.29,782.00,783.29,0.62,0.36,0.28,1
625274.69,1283492.50,780.27,779.00,780.27,0.63,0.36,0.29,1
625366.94,1283492.50,786.42,785.35,786.42,0.58,0.32,0.25,1
625459.19,1283492.50,-9999.00,-9999.00,-9999.00,0.71,0.71,0.71,0
614385.88,1283400.25,-9999.00,-9999.00,-9999.00,0.71,0.71,0.71,0
614478.12,1283400.25,797.11,796.00,797.11,0.32,0.06,-0.02,1
614570.44,1283400.25,793.19,792.00,793.19,0.65,0.39,0.31,1
614662.69,1283400.25,777.20,776.00,777.20,0.64,0.37,0.30,1
614755.00,1283400.25,773.25,772.00,773.25,0.62,0.36,0.28,1
614847.25,1283400.25,769.34,768.00,769.34,0.62,0.35,0.28,1
614939.56,1283400.25,761.45,760.00,761.45,0.62,0.35,0.27,1
615031.81,1283400.25,767.54,766.00,767.54,0.62,0.35,0.27,1
615124.12,1283400.25,775.59,774.00,775.59,0.63,0.35,0.27,1
615216.38,1283400.25,763.63,762.00,763.63,0.64,0.36,0.28,1
615308.62,1283400.25,746.66,745.00,746.66,0.63,0.35,0.27,1
615400.94,1283400.25,752.67,751.00,752.67,0.61,0.33,0.25,1
615493.19,1283400.25,765.68,764.00,765.68,0.62,0.34,0.26,1
615585.50,1283400.25,772.68,771.00,772.68,0.62,0.34,0.26,1
615677.75,1283400.25,772.68,771.00,772.68,0.63,0.34,0.26,1
615770.06,1283400.25,763.68,762.00,763.68,0.63,0.35,0.27,1
615862.31,1283400.25,748.68,747.00,748.68,0.63,0.35,0.27,1
615954.62,1283400.25,741.68,740.00,741.68,0.63,0.34,0.26,1
616046.88,1283400.25,742.68,741.00,742.68,0.62,0.34,0.26,1
616139.12,1283400.25,743.69,742.00,743.69,0.62,0.33,0.25,1
616231.44,1283400.25,743.69,742.00,743.69,0.62,0.34,0.26,1
616323.69,1283400.25,743.69,742.00,743.69,0.62,0.34,0.26,1
616416.00,1283400.25,744.69,743.00,744.69,0.63,0.34,0.26,1
616508.25,1283400.25,745.68,744.00,745.68,0.62,0.34,0.26,1
616600.56,1283400.25,743.68,742.00,743.68,0.62,0.34,0.26,1
616692.81,1283400.25,746.68,745.00,746.68,0.62,0.34,0.26,1
616785.12,1283400.25,754.67,753.00,754.67,0.62,0.34,0.26,1
616877.38,1283400.25,750.65,749.00,750.65,0.62,0.34,0.26,1
616969.62,1283400.25,744.62,743.00,744.62,0.62,0.34,0.26,1
617061.94,1283400.25,751.58,750.00,751.58,0.62,0.34,0.26,1
617154.19,1283400.25,751.52,750.00,751.52,0.63,0.36,0.28,1
617246.50,1283400.25,745.44,744.00,745.44,0.63,0.35,0.27,1
617338.75,1283400.25,748.34,747.00,748.34,0.62,0.35,0.27,1
617431.06,1283400.25,749.21,748.00,749.21,0.62,0.35,0.28,1
617523.31,1283400.25,747.08,746.00,747.08,0.62,0.37,0.29,1
617615.62,1283400.25,750.00,749.00,750.00,0.63,0.37,0.30,1
617707.88,1283400.25,758.94,758.00,758.94,0.63,0.38,0.31,1
617800.12,1283400.25,764.92,764.00,764.92,0.64,0.39,0.32,1
617892.44,1283400.25,767.92,767.00,767.92,0.63,0.38,0.31,1
617984.69,1283400.25,768.92,768.00,768.92,0.64,0.39,0.32,1
618077.00,1283400.25,760.94,760.00,760.94,0.64,0.39,0.32,1
618169.25,1283400.25,754.98,754.00,754.98,0.63,0.37,0.30,1
618261.56,1283400.25,758.05,757.00,758.05,0.61,0.35,0.28,1
618353.81,1283400.25,766.14,765.00,766.14,0.61,0.35,0.27,1
618446.12,1283400.25,770.21,769.00,770.21,0.62,0.36,0.28,1
618538.38,1283400.25,769.26,768.00,769.26,0.63,0.36,0.29,1
618630.62,1283400.25,768.30,767.00,768.30,0.63,0.37,0.29,1
618722.94,1283400.25,763.34,762.00,763.34,0.63,0.36,0.29,1
618815.19,1283400.25,765.39,764.00,765.39,0.62,0.35,0.28,1
618907.50,1283400.25,771.43,770.00,771.43,0.62,0.35,0.27,1
618999.75,1283400.25,773.50,772.00,773.50,0.62,0.34,0.26,1
619092.06,1283400.25,779.60,778.00,779.60,0.61,0.33,0.25,1
619184.31,1283400.25,793.75,792.00,793.75,0.60,0.32,0.24,1
619276.62,1283400.25,814.95,813.00,814.95,0.61,0.32,0.23,1
619368.88,1283400.25,828.07,826.00,828.07,0.61,0.32,0.23,1
619461.19,1283400.25,851.05,849.00,851.05,0.60,0.30,0.22,1
619553.44,1283400.25,887.38,886.00,887.38,0.58,0.31,0.23,1
619645.69,1283400.25,926.59,926.00,926.59,0.55,0.32,0.25,1
619738.00,1283400.25,964.44,964.00,964.44,0.55,0.34,0.28,1
619830.25,1283400.25,990.53,990.00,990.53,0.60,0.38,0.32,1
619922.56,1283400.25,1000.72,1000.00,1000.72,0.63,0.40,0.33,1
620014.81,1283400.25,1001.96,1001.00,1001.96,0.63,0.38,0.31,1
620107.12,1283400.25,1002.18,1001.00,1002.18,0.62,0.36,0.28,1
620199.38,1283400.25,1005.39,1004.00,1005.39,0.61,0.34,0.26,1
620291.69,1283400.25,1008.58,1007.00,1008.58,0.61,0.33,0.25,1
620383.94,1283400.25,1007.76,1006.00,1007.76,0.61,0.33,0.25,1
620476.19,1283400.25,1020.86,1019.00,1020.86,0.60,0.31,0.23,1
620568.50,1283400.25,1046.87,1045.00,1046.87,0.58,0.29,0.21,1
620660.75,1283400.25,1069.76,1068.00,1069.76,0.58,0.29,0.21,1
620753.06,1283400.25,1085.65,1084.00,1085.65,0.57,0.29,0.21,1
620845.31,1283400.25,1101.65,1100.00,1101.65,0.57,0.29,0.21,1
620937.62,1283400.25,1115.65,1114.00,1115.65,0.58,0.30,0.22,1
621029.88,1283400.25,1124.66,1123.00,1124.66,0.59,0.31,0.23,1
621122.19,1283400.25,1137.66,1136.00,1137.66,0.58,0.30,0.22,1
621214.44,1283400.25,1154.62,1153.00,1154.62,0.57,0.29,0.21,1
621306.69,1283400.25,1173.42,1172.00,1173.42,0.55,0.28,0.20,1
621399.00,1283400.25,1198.15,1197.00,1198.15,0.55,0.28,0.21,1
621491.25,1283400.25,1205.07,1204.00,1205.07,0.57,0.32,0.24,1
621583.56,1283400.25,1203.04,1202.00,1203.04,0.61,0.36,0.29,1
621675.81,1283400.25,1205.95,1205.00,1205.95,0.64,0.39,0.32,1
621768.12,1283400.25,1208.78,1208.00,1208.78,0.66,0.42,0.35,1
621860.38,1283400.25,1208.55,1208.00,1208.55,0.68,0.46,0.39,1
621952.69,1283400.25,1181.34,1181.00,1181.34,0.70,0.50,0.44,1
622044.94,1283400.25,1142.20,1142.00,1142.20,0.70,0.52,0.46,1
622137.19,1283400.25,1104.13,1104.00,1104.13,0.70,0.53,0.48,1
622229.50,1283400.25,1063.10,1063.00,1063.10,0.74,0.60,0.50,1
622321.75,1283400.25,1025.13,1025.00,1025.13,0.66,0.49,0.44,1
622414.06,1283400.25,994.49,994.00,994.49,0.64,0.42,0.35,1
622506.31,1283400.25,957.38,956.00,957.38,0.63,0.36,0.28,1
622598.62,1283400.25,925.97,924.00,925.97,0.63,0.33,0.25,1
622690.88,1283400.25,904.95,903.00,904.95,0.63,0.34,0.25,1
622783.19,1283400.25,889.75,888.00,889.75,0.63,0.35,0.27,1
622875.44,1283400.25,877.65,876.00,877.65,0.64,0.36,0.28,1
622967.69,1283400.25,857.66,856.00,857.66,0.65,0.37,0.29,1
623060.00,1283400.25,829.79,828.00,829.79,0.65,0.37,0.28,1
623152.25,1283400.25,803.86,802.00,803.86,0.65,0.36,0.28,1
623244.56,1283400.25,781.83,780.00,781.83,0.64,0.35,0.27,1
623336.81,1283400.25,766.77,765.00,766.77,0.63,0.34,0.26,1
623429.12,1283400.25,763.70,762.00,763.70,0.62,0.34,0.26,1
623521.38,1283400.25,769.65,768.00,769.65,0.62,0.34,0.26,1
623613.69,1283400.25,772.60,771.00,772.60,0.62,0.34,0.26,1
623705.94,1283400.25,771.56,770.00,771.56,0.63,0.35,0.27,1
623798.19,1283400.25,765.52,764.00,765.52,0.63,0.36,0.28,1
623890.50,1283400.25,757.48,756.00,757.48,0.63,0.36,0.28,1
623982.75,1283400.25,753.45,752.00,753.45,0.62,0.35,0.27,1
624075.06,1283400.25,759.43,758.00,759.43,0.63,0.35,0.28,1
624167.31,1283400.25,763.43,762.00,763.43,0.64,0.37,0.29,1
624259.62,1283400.25,757.42,756.00,757.42,0.64,0.37,0.29,1
624351.88,1283400.25,753.42,752.00,753.42,0.63,0.36,0.28,1
624444.19,1283400.25,754.42,753.00,754.42,0.62,0.35,0.27,1
624536.44,1283400.25,754.43,753.00,754.43,0.61,0.34,0.26,1
624628.69,1283400.25,757.43,756.00,757.43,0.61,0.34,0.26,1
624721.00,1283400.25,767.43,766.00,767.43,0.61,0.34,0.26,1
624813.25,1283400.25,779.42,778.00,779.42,0.62,0.35,0.27,1
624905.56,1283400.25,784.40,783.00,784.40,0.63,0.36,0.28,1
624997.81,1283400.25,780.37,779.00,780.37,0.63,0.36,0.29,1
625090.12,1283400.25,779.32,778.00,779.32,0.62,0.35,0.28,1
625182.38,1283400.25,785.27,784.00,785.27,0.62,0.35,0.28,1
625274.69,1283400.25,791.24,790.00,791.24,0.63,0.37,0.29,1
625366.94,1283400.25,790.74,789.69,790.74,0.58,0.32,0.25,1
625459.19,1283400.25,-9999.00,-9999.00,-9999.00,0.71,0.71,0.71,0
614385.88,1283307.88,-9999.00,-9999.00,-9999.00,0.71,0.71,0.71,0
614478.12,1283307.88,803.09,802.00,803.09,0.31,0.06,-0.02,1
614570.44,1283307.88,801.17,800.00,801.17,0.64,0.38,0.31,1
614662.69,1283307.88,780.20,779.00,780.20,0.65,0.39,0.31,1
614755.00,1283307.88,771.23,770.00,771.23,0.64,0.38,0.30,1
614847.25,1283307.88,769.32,768.00,769.32,0.64,0.37,0.29,1
614939.56,1283307.88,763.44,762.00,763.44,0.62,0.35,0.27,1
615031.81,1283307.88,776.53,775.00,776.53,0.62,0.34,0.26,1
615124.12,1283307.88,782.59,781.00,782.59,0.64,0.36,0.28,1
615216.38,1283307.88,768.63,767.00,768.63,0.64,0.36,0.28,1
615308.62,1283307.88,752.66,751.00,752.66,0.63,0.35,0.27,1
615400.94,1283307.88,753.67,752.00,753.67,0.61,0.33,0.25,1
615493.19,1283307.88,766.67,765.00,766.67,0.60,0.32,0.24,1
615585.50,1283307.88,771.68,770.00,771.68,0.61,0.33,0.25,1
615677.75,1283307.88,766.68,765.00,766.68,0.62,0.34,0.26,1
615770.06,1283307.88,755.68,754.00,755.68,0.62,0.34,0.26,1
615862.31,1283307.88,747.68,746.00,747.68,0.63,0.35,0.27,1
615954.62,1283307.88,747.69,746.00,747.69,0.63,0.35,0.27,1
616046.88,1283307.88,742.69,741.00,742.69,0.63,0.35,0.27,1
616139.12,1283307.88,740.69,739.00,740.69,0.62,0.34,0.26,1
616231.44,1283307.88,741.69,740.00,741.69,0.62,0.34,0.26,1
616323.69,1283307.88,748.69,747.00,748.69,0.62,0.34,0.26,1
616416.00,1283307.88,754.69,753.00,754.69,0.63,0.35,0.27,1
616508.25,1283307.88,746.69,745.00,746.69,0.63,0.34,0.26,1
616600.56,1283307.88,745.69,744.00,745.69,0.62,0.34,0.26,1
616692.81,1283307.88,751.68,750.00,751.68,0.62,0.33,0.25,1
616785.12,1283307.88,761.67,760.00,761.67,0.62,0.34,0.26,1
616877.38,1283307.88,750.66,749.00,750.66,0.63,0.35,0.27,1
616969.62,1283307.88,747.63,746.00,747.63,0.62,0.34,0.26,1
617061.94,1283307.88,750.60,749.00,750.60,0.62,0.34,0.26,1
617154.19,1283307.88,756.55,755.00,756.55,0.63,0.35,0.28,1
617246.50,1283307.88,747.48,746.00,747.48,0.63,0.36,0.28,1
617338.75,1283307.88,748.39,747.00,748.39,0.62,0.35,0.27,1
617431.06,1283307.88,747.26,746.00,747.26,0.62,0.36,0.28,1
617523.31,1283307.88,749.13,748.00,749.13,0.62,0.36,0.28,1
617615.62,1283307.88,759.04,758.00,759.04,0.62,0.37,0.29,1
617707.88,1283307.88,766.98,766.00,766.98,0.62,0.37,0.30,1
617800.12,1283307.88,771.96,771.00,771.96,0.63,0.38,0.30,1
617892.44,1283307.88,767.95,767.00,767.95,0.63,0.38,0.30,1
617984.69,1283307.88,767.95,767.00,767.95,0.63,0.38,0.31,1
618077.00,1283307.88,760.96,760.00,760.96,0.64,0.38,0.31,1
618169.25,1283307.88,754.00,753.00,754.00,0.63,0.38,0.31,1
618261.56,1283307.88,753.06,752.00,753.06,0.62,0.36,0.29,1
618353.81,1283307.88,761.14,760.00,761.14,0.61,0.35,0.28,1
618446.12,1283307.88,766.20,765.00,766.20,0.62,0.35,0.28,1
618538.38,1283307.88,768.25,767.00,768.25,0.62,0.36,0.28,1
618630.62,1283307.88,770.28,769.00,770.28,0.62,0.36,0.28,1
618722.94,1283307.88,771.32,770.00,771.32,0.63,0.36,0.28,1
618815.19,1283307.88,771.35,770.00,771.35,0.62,0.35,0.28,1
618907.50,1283307.88,773.39,772.00,773.39,0.62,0.35,0.27,1
618999.75,1283307.88,771.45,770.00,771.45,0.62,0.35,0.27,1
619092.06,1283307.88,776.53,775.00,776.53,0.61,0.33,0.25,1
619184.31,1283307.88,794.66,793.00,794.66,0.60,0.32,0.24,1
619276.62,1283307.88,817.80,816.00,817.80,0.60,0.31,0.23,1
619368.88,1283307.88,835.86,834.00,835.86,0.60,0.31,0.23,1
619461.19,1283307.88,858.86,857.00,858.86,0.59,0.30,0.22,1
619553.44,1283307.88,894.59,893.00,894.59,0.57,0.29,0.21,1
619645.69,1283307.88,928.96,928.00,928.96,0.55,0.30,0.23,1
619738.00,1283307.88,959.60,959.00,959.60,0.54,0.31,0.25,1
619830.25,1283307.88,990.57,990.00,990.57,0.57,0.34,0.28,1
619922.56,1283307.88,1007.70,1007.00,1007.70,0.62,0.38,0.32,1
620014.81,1283307.88,1008.94,1008.00,1008.94,0.64,0.39,0.32,1
620107.12,1283307.88,1009.20,1008.00,1009.20,0.64,0.38,0.30,1
620199.38,1283307.88,1011.41,1010.00,1011.41,0.64,0.37,0.29,1
620291.69,1283307.88,1013.59,1012.00,1013.59,0.63,0.36,0.28,1
620383.94,1283307.88,1019.71,1018.00,1019.71,0.63,0.35,0.27,1
620476.19,1283307.88,1023.79,1022.00,1023.79,0.62,0.34,0.26,1
620568.50,1283307.88,1033.82,1032.00,1033.82,0.61,0.32,0.24,1
620660.75,1283307.88,1047.83,1046.00,1047.83,0.59,0.31,0.22,1
620753.06,1283307.88,1058.82,1057.00,1058.82,0.59,0.30,0.22,1
620845.31,1283307.88,1069.84,1068.00,1069.84,0.58,0.29,0.21,1
620937.62,1283307.88,1089.86,1088.00,1089.86,0.57,0.29,0.20,1
621029.88,1283307.88,1110.91,1109.00,1110.91,0.59,0.30,0.21,1
621122.19,1283307.88,1118.00,1116.00,1118.00,0.59,0.30,0.21,1
621214.44,1283307.88,1125.09,1123.00,1125.09,0.58,0.28,0.20,1
621306.69,1283307.88,1139.06,1137.00,1139.06,0.57,0.27,0.19,1
621399.00,1283307.88,1153.80,1152.00,1153.80,0.56,0.27,0.19,1
621491.25,1283307.88,1165.49,1164.00,1165.49,0.56,0.28,0.20,1
621583.56,1283307.88,1185.20,1184.00,1185.20,0.56,0.30,0.23,1
621675.81,1283307.88,1211.94,1211.00,1211.94,0.59,0.34,0.27,1
621768.12,1283307.88,1229.68,1229.00,1229.68,0.65,0.41,0.34,1
621860.38,1283307.88,1218.42,1218.00,1218.42,0.69,0.48,0.42,1
621952.69,1283307.88,1179.25,1179.00,1179.25,0.71,0.52,0.46,1
622044.94,1283307.88,1135.16,1135.00,1135.16,0.71,0.53,0.48,1
622137.19,1283307.88,1091.12,1091.00,1091.12,0.70,0.53,0.48,1
622229.50,1283307.88,1047.14,1047.00,1047.14,0.69,0.52,0.47,1
622321.75,1283307.88,1005.44,1005.00,1005.44,0.67,0.45,0.39,1
622414.06,1283307.88,971.43,970.00,971.43,0.63,0.36,0.28,1
622506.31,1283307.88,941.32,939.00,941.32,0.62,0.32,0.24,1
622598.62,1283307.88,916.45,914.00,916.45,0.62,0.32,0.23,1
622690.88,1283307.88,902.26,900.00,902.26,0.62,0.32,0.24,1
622783.19,1283307.88,891.98,890.00,891.98,0.63,0.34,0.26,1
622875.44,1283307.88,882.83,881.00,882.83,0.63,0.35,0.27,1
622967.69,1283307.88,863.79,862.00,863.79,0.64,0.35,0.27,1
623060.00,1283307.88,833.81,832.00,833.81,0.64,0.35,0.27,1
623152.25,1283307.88,804.84,803.00,804.84,0.64,0.35,0.27,1
623244.56,1283307.88,781.82,780.00,781.82,0.63,0.35,0.27,1
623336.81,1283307.88,767.76,766.00,767.76,0.63,0.34,0.26,1
623429.12,1283307.88,766.70,765.00,766.70,0.62,0.34,0.26,1
623521.38,1283307.88,771.65,770.00,771.65,0.62,0.34,0.26,1
623613.69,1283307.88,772.61,771.00,772.61,0.62,0.34,0.26,1
623705.94,1283307.88,770.57,769.00,770.57,0.62,0.34,0.26,1
623798.19,1283307.88,765.53,764.00,765.53,0.62,0.35,0.27,1
623890.50,1283307.88,757.50,756.00,757.50,0.63,0.35,0.27,1
623982.75,1283307.88,758.47,757.00,758.47,0.62,0.35,0.27,1
624075.06,1283307.88,769.44,768.00,769.44,0.62,0.35,0.27,1
624167.31,1283307.88,776.43,775.00,776.43,0.63,0.36,0.28,1
624259.62,1283307.88,769.43,768.00,769.43,0.64,0.37,0.29,1
624351.88,1283307.88,758.42,757.00,758.42,0.64,0.36,0.29,1
624444.19,1283307.88,752.42,751.00,752.42,0.62,0.35,0.27,1
624536.44,1283307.88,755.43,754.00,755.43,0.62,0.35,0.27,1
624628.69,1283307.88,763.43,762.00,763.43,0.62,0.35,0.27,1
624721.00,1283307.88,775.42,774.00,775.42,0.62,0.35,0.27,1
624813.25,1283307.88,786.41,785.00,786.41,0.62,0.35,0.27,1
624905.56,1283307.88,789.39,788.00,789.39,0.63,0.36,0.28,1
624997.81,1283307.88,783.36,782.00,783.36,0.63,0.36,0.28,1
625090.12,1283307.88,778.31,777.00,778.31,0.62,0.35,0.28,1
625182.38,1283307.88,787.25,786.00,787.25,0.61,0.35,0.27,1
625274.69,1283307.88,796.22,795.00,796.22,0.62,0.35,0.28,1
625366.94,1283307.88,801.79,800.78,801.79,0.58,0.32,0.25,1
625459.19,1283307.88,-9999.00,-9999.00,-9999.00,0.71,0.71,0.71,0
614385.88,1283215.62,-9999.00,-9999.00,-9999.00,0.71,0.71,0.71,0
614478.12,1283215.62,797.91,797.00,797.91,0.29,0.04,-0.03,1
614570.44,1283215.62,798.99,798.00,798.99,0.62,0.37,0.30,1
614662.69,1283215.62,791.12,790.00,791.12,0.64,0.38,0.30,1
614755.00,1283215.62,789.18,788.00,789.18,0.65,0.38,0.31,1
614847.25,1283215.62,784.29,783.00,784.29,0.65,0.38,0.31,1
614939.56,1283215.62,770.42,769.00,770.42,0.63,0.36,0.28,1
615031.81,1283215.62,781.52,780.00,781.52,0.61,0.34,0.26,1
615124.12,1283215.62,793.59,792.00,793.59,0.63,0.35,0.27,1
615216.38,1283215.62,780.63,779.00,780.63,0.65,0.37,0.29,1
615308.62,1283215.62,759.66,758.00,759.66,0.64,0.36,0.28,1
615400.94,1283215.62,749.67,748.00,749.67,0.63,0.35,0.26,1
615493.19,1283215.62,753.68,752.00,753.68,0.61,0.32,0.24,1
615585.50,1283215.62,759.69,758.00,759.69,0.61,0.33,0.25,1
615677.75,1283215.62,757.69,756.00,757.69,0.62,0.34,0.26,1
615770.06,1283215.62,751.69,750.00,751.69,0.62,0.34,0.26,1
615862.31,1283215.62,756.69,755.00,756.69,0.62,0.34,0.26,1
615954.62,1283215.62,763.69,762.00,763.69,0.63,0.35,0.27,1
616046.88,1283215.62,750.69,749.00,750.69,0.64,0.36,0.28,1
616139.12,1283215.62,741.69,740.00,741.69,0.62,0.34,0.26,1
616231.44,1283215.62,747.69,746.00,747.69,0.62,0.33,0.25,1
616323.69,1283215.62,764.69,763.00,764.69,0.63,0.34,0.26,1
616416.00,1283215.62,760.69,759.00,760.69,0.63,0.35,0.27,1
616508.25,1283215.62,747.69,746.00,747.69,0.63,0.34,0.26,1
616600.56,1283215.62,749.69,748.00,749.69,0.62,0.34,0.26,1
616692.81,1283215.62,755.69,754.00,755.69,0.62,0.34,0.25,1
616785.12,1283215.62,759.68,758.00,759.68,0.62,0.33,0.25,1
616877.38,1283215.62,751.66,750.00,751.66,0.63,0.34,0.26,1
616969.62,1283215.62,745.64,744.00,745.64,0.62,0.34,0.26,1
617061.94,1283215.62,751.61,750.00,751.61,0.61,0.33,0.25,1
617154.19,1283215.62,767.57,766.00,767.57,0.63,0.35,0.27,1
617246.50,1283215.62,759.51,758.00,759.51,0.64,0.37,0.29,1
617338.75,1283215.62,747.43,746.00,747.43,0.63,0.36,0.28,1
617431.06,1283215.62,745.32,744.00,745.32,0.62,0.35,0.28,1
617523.31,1283215.62,748.19,747.00,748.19,0.61,0.35,0.27,1
617615.62,1283215.62,763.10,762.00,763.10,0.61,0.35,0.28,1
617707.88,1283215.62,766.04,765.00,766.04,0.62,0.36,0.29,1
617800.12,1283215.62,762.01,761.00,762.01,0.62,0.36,0.29,1
617892.44,1283215.62,760.00,759.00,760.00,0.62,0.37,0.29,1
617984.69,1283215.62,762.00,761.00,762.00,0.62,0.37,0.30,1
618077.00,1283215.62,755.01,754.00,755.01,0.63,0.37,0.30,1
618169.25,1283215.62,751.04,750.00,751.04,0.63,0.37,0.30,1
618261.56,1283215.62,751.09,750.00,751.09,0.62,0.36,0.29,1
618353.81,1283215.62,757.15,756.00,757.15,0.61,0.35,0.28,1
618446.12,1283215.62,763.21,762.00,763.21,0.61,0.35,0.28,1
618538.38,1283215.62,770.24,769.00,770.24,0.62,0.36,0.28,1
618630.62,1283215.62,770.27,769.00,770.27,0.62,0.36,0.28,1
618722.94,1283215.62,769.30,768.00,769.30,0.62,0.35,0.27,1
618815.19,1283215.62,767.33,766.00,767.33,0.62,0.35,0.27,1
618907.50,1283215.62,768.36,767.00,768.36,0.62,0.35,0.27,1
618999.75,1283215.62,769.41,768.00,769.41,0.62,0.35,0.27,1
619092.06,1283215.62,777.47,776.00,777.47,0.61,0.34,0.26,1
619184.31,1283215.62,797.56,796.00,797.56,0.60,0.32,0.24,1
619276.62,1283215.62,819.67,818.00,819.67,0.61,0.32,0.24,1
619368.88,1283215.62,831.75,830.00,831.75,0.60,0.32,0.24,1
619461.19,1283215.62,849.79,848.00,849.79,0.59,0.30,0.22,1
619553.44,1283215.62,879.78,878.00,879.78,0.57,0.29,0.21,1
619645.69,1283215.62,906.52,905.00,906.52,0.56,0.28,0.20,1
619738.00,1283215.62,937.05,936.00,937.05,0.54,0.28,0.21,1
619830.25,1283215.62,973.72,973.00,973.72,0.53,0.30,0.23,1
619922.56,1283215.62,1004.74,1004.00,1004.74,0.58,0.34,0.27,1
620014.81,1283215.62,1016.93,1016.00,1016.93,0.61,0.36,0.29,1
620107.12,1283215.62,1026.20,1025.00,1026.20,0.63,0.37,0.29,1
620199.38,1283215.62,1035.41,1034.00,1035.41,0.64,0.36,0.29,1
620291.69,1283215.62,1043.56,1042.00,1043.56,0.64,0.36,0.28,1
620383.94,1283215.62,1048.65,1047.00,1048.65,0.64,0.36,0.28,1
620476.19,1283215.62,1048.71,1047.00,1048.71,0.64,0.36,0.28,1
620568.50,1283215.62,1044.76,1043.00,1044.76,0.64,0.36,0.27,1
620660.75,1283215.62,1045.80,1044.00,1045.80,0.63,0.34,0.26,1
620753.06,1283215.62,1046.85,1045.00,1046.85,0.62,0.33,0.25,1
620845.31,1283215.62,1051.91,1050.00,1051.91,0.60,0.31,0.23,1
620937.62,1283215.62,1071.99,1070.00,1071.99,0.59,0.30,0.21,1
621029.88,1283215.62,1090.13,1088.00,1090.13,0.59,0.29,0.21,1
621122.19,1283215.62,1093.34,1091.00,1093.34,0.59,0.29,0.21,1
621214.44,1283215.62,1094.52,1092.00,1094.52,0.59,0.29,0.20,1
621306.69,1283215.62,1103.61,1101.00,1103.61,0.59,0.28,0.19,1
621399.00,1283215.62,1116.53,1114.00,1116.53,0.58,0.28,0.19,1
621491.25,1283215.62,1135.19,1133.00,1135.19,0.58,0.28,0.19,1
621583.56,1283215.62,1167.56,1166.00,1167.56,0.56,0.28,0.21,1
621675.81,1283215.62,1205.95,1205.00,1205.95,0.57,0.31,0.24,1
621768.12,1283215.62,1229.59,1229.00,1229.59,0.62,0.39,0.33,1
621860.38,1283215.62,1221.33,1221.00,1221.33,0.70,0.49,0.44,1
621952.69,1283215.62,1178.19,1178.00,1178.19,0.73,0.55,0.49,1
622044.94,1283215.62,1128.13,1128.00,1128.13,0.73,0.56,0.51,1
622137.19,1283215.62,1079.13,1079.00,1079.13,0.71,0.54,0.50,1
622229.50,1283215.62,1037.25,1037.00,1037.25,0.69,0.50,0.45,1
622321.75,1283215.62,1002.91,1002.00,1002.91,0.67,0.42,0.35,1
622414.06,1283215.62,967.13,965.00,967.13,0.64,0.34,0.26,1
622506.31,1283215.62,935.62,933.00,935.62,0.63,0.32,0.23,1
622598.62,1283215.62,915.59,913.00,915.59,0.62,0.32,0.23,1
622690.88,1283215.62,902.42,900.00,902.42,0.62,0.32,0.23,1
622783.19,1283215.62,898.14,896.00,898.14,0.63,0.33,0.25,1
622875.44,1283215.62,885.94,884.00,885.94,0.64,0.35,0.26,1
622967.69,1283215.62,853.88,852.00,853.88,0.63,0.34,0.26,1
623060.00,1283215.62,820.90,819.00,820.90,0.63,0.34,0.26,1
623152.25,1283215.62,796.89,795.00,796.89,0.63,0.34,0.26,1
623244.56,1283215.62,777.82,776.00,777.82,0.63,0.34,0.26,1
623336.81,1283215.62,768.75,767.00,768.75,0.63,0.34,0.26,1
623429.12,1283215.62,768.70,767.00,768.70,0.62,0.34,0.26,1
623521.38,1283215.62,773.65,772.00,773.65,0.62,0.34,0.26,1
623613.69,1283215.62,772.62,771.00,772.62,0.62,0.35,0.27,1
623705.94,1283215.62,765.59,764.00,765.59,0.62,0.35,0.27,1
623798.19,1283215.62,758.55,757.00,758.55,0.62,0.34,0.27,1
623890.50,1283215.62,757.51,756.00,757.51,0.62,0.35,0.27,1
623982.75,1283215.62,764.48,763.00,764.48,0.62,0.35,0.27,1
624075.06,1283215.62,773.45,772.00,773.45,0.62,0.34,0.27,1
624167.31,1283215.62,778.44,777.00,778.44,0.62,0.35,0.27,1
624259.62,1283215.62,774.43,773.00,774.43,0.63,0.36,0.28,1
624351.88,1283215.62,760.42,759.00,760.42,0.64,0.36,0.29,1
624444.19,1283215.62,753.42,752.00,753.42,0.62,0.35,0.27,1
624536.44,1283215.62,760.42,759.00,760.42,0.61,0.34,0.26,1
624628.69,1283215.62,773.41,772.00,773.41,0.61,0.34,0.27,1
624721.00,1283215.62,784.41,783.00,784.41,0.62,0.35,0.27,1
624813.25,1283215.62,789.40,788.00,789.40,0.62,0.35,0.27,1
624905.56,1283215.62,787.37,786.00,787.37,0.62,0.35,0.27,1
624997.81,1283215.62,778.35,777.00,778.35,0.62,0.35,0.28,1
625090.12,1283215.62,775.30,774.00,775.30,0.62,0.35,0.28,1
625182.38,1283215.62,786.24,785.00,786.24,0.61,0.35,0.27,1
625274.69,1283215.62,796.20,795.00,796.20,0.61,0.34,0.27,1
625366.94,1283215.62,812.83,811.86,812.83,0.57,0.32,0.25,1
625459.19,1283215.62,-9999.00,-9999.00,-9999.00,0.71,0.71,0.71,0
614385.88,1283123.38,-9999.00,-9999.00,-9999.00,0.71,0.71,0.71,0
614478.12,1283123.38,787.53,787.00,787.53,0.21,-0.02,-0.08,1
614570.44,1283123.38,786.61,786.00,786.61,0.61,0.38,0.32,1
614662.69,1283123.38,786.88,786.00,786.88,0.61,0.36,0.29,1
614755.00,1283123.38,795.04,794.00,795.04,0.63,0.37,0.30,1
614847.25,1283123.38,790.22,789.00,790.22,0.64,0.38,0.30,1
614939.56,1283123.38,775.38,774.00,775.38,0.64,0.37,0.29,1
615031.81,1283123.38,785.49,784.00,785.49,0.61,0.34,0.26,1
615124.12,1283123.38,802.57,801.00,802.57,0.63,0.35,0.27,1
615216.38,1283123.38,786.62,785.00,786.62,0.65,0.37,0.29,1
615308.62,1283123.38,767.65,766.00,767.65,0.65,0.37,0.29,1
615400.94,1283123.38,757.67,756.00,757.67,0.64,0.36,0.28,1
615493.19,1283123.38,749.68,748.00,749.68,0.62,0.34,0.26,1
615585.50,1283123.38,759.69,758.00,759.69,0.61,0.33,0.25,1
615677.75,1283123.38,764.69,763.00,764.69,0.62,0.34,0.26,1
615770.06,1283123.38,758.69,757.00,758.69,0.62,0.34,0.26,1
615862.31,1283123.38,766.69,765.00,766.69,0.62,0.34,0.26,1
615954.62,1283123.38,767.69,766.00,767.69,0.63,0.34,0.26,1
616046.88,1283123.38,755.69,754.00,755.69,0.64,0.35,0.27,1
616139.12,1283123.38,744.69,743.00,744.69,0.62,0.34,0.26,1
616231.44,1283123.38,757.70,756.00,757.70,0.61,0.33,0.25,1
616323.69,1283123.38,773.69,772.00,773.69,0.62,0.34,0.26,1
616416.00,1283123.38,757.69,756.00,757.69,0.63,0.35,0.27,1
616508.25,1283123.38,748.69,747.00,748.69,0.62,0.34,0.26,1
616600.56,1283123.38,754.70,753.00,754.70,0.62,0.34,0.26,1
616692.81,1283123.38,755.69,754.00,755.69,0.62,0.34,0.26,1
616785.12,1283123.38,749.68,748.00,749.68,0.62,0.33,0.25,1
616877.38,1283123.38,746.67,745.00,746.67,0.62,0.34,0.26,1
616969.62,1283123.38,744.64,743.00,744.64,0.61,0.33,0.25,1
617061.94,1283123.38,760.61,759.00,760.61,0.61,0.33,0.25,1
617154.19,1283123.38,777.57,776.00,777.57,0.63,0.35,0.27,1
617246.50,1283123.38,769.53,768.00,769.53,0.64,0.37,0.29,1
617338.75,1283123.38,750.46,749.00,750.46,0.64,0.37,0.29,1
617431.06,1283123.38,745.37,744.00,745.37,0.63,0.36,0.29,1
617523.31,1283123.38,746.27,745.00,746.27,0.62,0.35,0.28,1
617615.62,1283123.38,756.18,755.00,756.18,0.61,0.35,0.27,1
617707.88,1283123.38,755.13,754.00,755.13,0.61,0.35,0.28,1
617800.12,1283123.38,754.10,753.00,754.10,0.62,0.36,0.29,1
617892.44,1283123.38,757.08,756.00,757.08,0.63,0.37,0.30,1
617984.69,1283123.38,755.08,754.00,755.08,0.63,0.37,0.30,1
618077.00,1283123.38,749.08,748.00,749.08,0.63,0.37,0.30,1
618169.25,1283123.38,749.10,748.00,749.10,0.63,0.37,0.30,1
618261.56,1283123.38,751.13,750.00,751.13,0.63,0.37,0.29,1
618353.81,1283123.38,756.17,755.00,756.17,0.62,0.36,0.28,1
618446.12,1283123.38,763.21,762.00,763.21,0.61,0.35,0.28,1
618538.38,1283123.38,767.24,766.00,767.24,0.62,0.35,0.28,1
618630.62,1283123.38,764.27,763.00,764.27,0.62,0.36,0.28,1
618722.94,1283123.38,759.29,758.00,759.29,0.62,0.35,0.28,1
618815.19,1283123.38,758.32,757.00,758.32,0.62,0.35,0.27,1
618907.50,1283123.38,763.35,762.00,763.35,0.62,0.35,0.27,1
618999.75,1283123.38,771.39,770.00,771.39,0.62,0.35,0.27,1
619092.06,1283123.38,784.44,783.00,784.44,0.61,0.34,0.26,1
619184.31,1283123.38,799.51,798.00,799.51,0.60,0.33,0.25,1
619276.62,1283123.38,826.59,825.00,826.59,0.61,0.33,0.25,1
619368.88,1283123.38,833.68,832.00,833.68,0.61,0.33,0.25,1
619461.19,1283123.38,845.75,844.00,845.75,0.59,0.31,0.23,1
619553.44,1283123.38,870.81,869.00,870.81,0.59,0.30,0.22,1
619645.69,1283123.38,885.83,884.00,885.83,0.58,0.29,0.21,1
619738.00,1283123.38,914.66,913.00,914.66,0.56,0.28,0.20,1
619830.25,1283123.38,955.15,954.00,955.15,0.54,0.28,0.21,1
619922.56,1283123.38,992.88,992.00,992.88,0.56,0.31,0.24,1
620014.81,1283123.38,1011.97,1011.00,1011.97,0.59,0.34,0.27,1
620107.12,1283123.38,1034.19,1033.00,1034.19,0.60,0.33,0.26,1
620199.38,1283123.38,1056.40,1055.00,1056.40,0.61,0.34,0.26,1
620291.69,1283123.38,1068.53,1067.00,1068.53,0.62,0.34,0.26,1
620383.94,1283123.38,1077.62,1076.00,1077.62,0.63,0.35,0.27,1
620476.19,1283123.38,1081.68,1080.00,1081.68,0.64,0.36,0.28,1
620568.50,1283123.38,1075.73,1074.00,1075.73,0.64,0.36,0.28,1
620660.75,1283123.38,1070.78,1069.00,1070.78,0.65,0.36,0.28,1
620753.06,1283123.38,1061.84,1060.00,1061.84,0.64,0.36,0.28,1
620845.31,1283123.38,1054.93,1053.00,1054.93,0.63,0.34,0.26,1
620937.62,1283123.38,1065.05,1063.00,1065.05,0.62,0.32,0.24,1
621029.88,1283123.38,1073.29,1071.00,1073.29,0.61,0.31,0.23,1
621122.19,1283123.38,1074.59,1072.00,1074.59,0.61,0.30,0.21,1
621214.44,1283123.38,1078.77,1076.00,1078.77,0.61,0.29,0.21,1
621306.69,1283123.38,1087.82,1085.00,1087.82,0.60,0.29,0.20,1
621399.00,1283123.38,1105.75,1103.00,1105.75,0.60,0.29,0.20,1
621491.25,1283123.38,1129.41,1127.00,1129.41,0.59,0.29,0.20,1
621583.56,1283123.38,1162.70,1161.00,1162.70,0.57,0.29,0.21,1
621675.81,1283123.38,1201.95,1201.00,1201.95,0.56,0.31,0.24,1
621768.12,1283123.38,1228.53,1228.00,1228.53,0.61,0.39,0.33,1
621860.38,1283123.38,1225.27,1225.00,1225.27,0.70,0.51,0.45,1
621952.69,1283123.38,1183.14,1183.00,1183.14,0.75,0.58,0.53,1
622044.94,1283123.38,1130.10,1130.00,1130.10,0.82,0.68,0.58,1
622137.19,1283123.38,1076.11,1076.00,1076.11,0.74,0.58,0.53,1
622229.50,1283123.38,1033.28,1033.00,1033.28,0.71,0.51,0.45,1
622321.75,1283123.38,1001.13,1000.00,1001.13,0.66,0.40,0.33,1
622414.06,1283123.38,968.34,966.00,968.34,0.63,0.33,0.25,1
622506.31,1283123.38,939.67,937.00,939.67,0.63,0.32,0.23,1
622598.62,1283123.38,915.66,913.00,915.66,0.62,0.32,0.23,1
622690.88,1283123.38,905.54,903.00,905.54,0.62,0.32,0.23,1
622783.19,1283123.38,902.28,900.00,902.28,0.62,0.32,0.24,1
622875.44,1283123.38,884.04,882.00,884.04,0.63,0.34,0.25,1
622967.69,1283123.38,845.99,844.00,845.99,0.63,0.34,0.26,1
623060.00,1283123.38,811.04,809.00,811.04,0.63,0.33,0.25,1
623152.25,1283123.38,790.98,789.00,790.98,0.62,0.33,0.25,1
623244.56,1283123.38,778.84,777.00,778.84,0.63,0.34,0.26,1
623336.81,1283123.38,770.75,769.00,770.75,0.63,0.34,0.26,1
623429.12,1283123.38,771.70,770.00,771.70,0.62,0.34,0.26,1
623521.38,1283123.38,775.66,774.00,775.66,0.62,0.34,0.26,1
623613.69,1283123.38,770.62,769.00,770.62,0.63,0.35,0.27,1
623705.94,1283123.38,761.59,760.00,761.59,0.63,0.35,0.27,1
623798.19,1283123.38,756.56,755.00,756.56,0.62,0.34,0.27,1
623890.50,1283123.38,762.52,761.00,762.52,0.62,0.34,0.26,1
623982.75,1283123.38,771.49,770.00,771.49,0.62,0.34,0.26,1
624075.06,1283123.38,776.46,775.00,776.46,0.62,0.34,0.27,1
624167.31,1283123.38,776.44,775.00,776.44,0.62,0.35,0.27,1
624259.62,1283123.38,771.43,770.00,771.43,0.63,0.35,0.27,1
624351.88,1283123.38,759.43,758.00,759.43,0.63,0.36,0.28,1
624444.19,1283123.38,754.42,753.00,754.42,0.62,0.35,0.27,1
624536.44,1283123.38,761.41,760.00,761.41,0.61,0.34,0.26,1
624628.69,1283123.38,776.41,775.00,776.41,0.61,0.34,0.26,1
624721.00,1283123.38,782.40,781.00,782.40,0.61,0.34,0.27,1
624813.25,1283123.38,780.39,779.00,780.39,0.62,0.35,0.27,1
624905.56,1283123.38,773.37,772.00,773.37,0.61,0.34,0.27,1
624997.81,1283123.38,770.33,769.00,770.33,0.61,0.35,0.27,1
625090.12,1283123.38,778.28,777.00,778.28,0.62,0.35,0.28,1
625182.38,1283123.38,788.22,787.00,788.22,0.62,0.35,0.28,1
625274.69,1283123.38,797.18,796.00,797.18,0.61,0.35,0.27,1
625366.94,1283123.38,815.76,814.80,815.76,0.57,0.32,0.25,1
625459.19,1283123.38,-9999.00,-9999.00,-9999.00,0.71,0.71,0.71,0
614385.88,1283031.12,-9999.00,-9999.00,-9999.00,0.71,0.71,0.71,0
614478.12,1283031.12,780.18,780.00,780.18,0.07,-0.11,-0.16,1
614570.44,1283031.12,772.26,772.00,772.26,0.63,0.43,0.38,1
614662.69,1283031.12,774.51,774.00,774.51,0.61,0.38,0.32,1
614755.00,1283031.12,787.81,787.00,787.81,0.61,0.36,0.30,1
614847.25,1283031.12,791.10,790.00,791.10,0.63,0.37,0.29,1
614939.56,1283031.12,786.31,785.00,786.31,0.63,0.36,0.29,1
615031.81,1283031.12,796.45,795.00,796.45,0.62,0.34,0.27,1
615124.12,1283031.12,806.55,805.00,806.55,0.62,0.34,0.26,1
615216.38,1283031.12,795.61,794.00,795.61,0.63,0.36,0.28,1
615308.62,1283031.12,783.65,782.00,783.65,0.64,0.36,0.28,1
615400.94,1283031.12,772.67,771.00,772.67,0.64,0.36,0.28,1
615493.19,1283031.12,753.68,752.00,753.68,0.63,0.35,0.27,1
615585.50,1283031.12,755.69,754.00,755.69,0.61,0.33,0.25,1
615677.75,1283031.12,760.69,759.00,760.69,0.61,0.33,0.25,1
615770.06,1283031.12,757.69,756.00,757.69,0.62,0.33,0.25,1
615862.31,1283031.12,761.70,760.00,761.70,0.61,0.33,0.25,1
615954.62,1283031.12,762.70,761.00,762.70,0.61,0.33,0.25,1
616046.88,1283031.12,759.69,758.00,759.69,0.63,0.34,0.26,1
616139.12,1283031.12,749.69,748.00,749.69,0.63,0.35,0.27,1
616231.44,1283031.12,760.69,759.00,760.69,0.62,0.33,0.25,1
616323.69,1283031.12,765.69,764.00,765.69,0.62,0.34,0.25,1
616416.00,1283031.12,751.69,750.00,751.69,0.62,0.34,0.26,1
616508.25,1283031.12,745.69,744.00,745.69,0.62,0.33,0.25,1
616600.56,1283031.12,751.70,750.00,751.70,0.61,0.33,0.25,1
616692.81,1283031.12,748.69,747.00,748.69,0.62,0.34,0.26,1
616785.12,1283031.12,742.68,741.00,742.68,0.62,0.34,0.26,1
616877.38,1283031.12,743.67,742.00,743.67,0.62,0.33,0.25,1
616969.62,1283031.12,749.65,748.00,749.65,0.61,0.33,0.25,1
617061.94,1283031.12,771.61,770.00,771.61,0.61,0.33,0.25,1
617154.19,1283031.12,785.58,784.00,785.58,0.63,0.35,0.27,1
617246.50,1283031.12,772.54,771.00,772.54,0.64,0.36,0.29,1
617338.75,1283031.12,755.49,754.00,755.49,0.64,0.36,0.28,1
617431.06,1283031.12,756.42,755.00,756.42,0.64,0.37,0.29,1
617523.31,1283031.12,751.34,750.00,751.34,0.64,0.37,0.29,1
617615.62,1283031.12,747.28,746.00,747.28,0.62,0.35,0.28,1
617707.88,1283031.12,747.23,746.00,747.23,0.61,0.35,0.27,1
617800.12,1283031.12,757.20,756.00,757.20,0.62,0.36,0.28,1
617892.44,1283031.12,761.19,760.00,761.19,0.63,0.37,0.29,1
617984.69,1283031.12,754.18,753.00,754.18,0.63,0.37,0.29,1
618077.00,1283031.12,751.17,750.00,751.17,0.63,0.36,0.29,1
618169.25,1283031.12,759.18,758.00,759.18,0.63,0.37,0.29,1
618261.56,1283031.12,758.19,757.00,758.19,0.63,0.37,0.30,1
618353.81,1283031.12,757.21,756.00,757.21,0.63,0.36,0.29,1
618446.12,1283031.12,758.23,757.00,758.23,0.62,0.35,0.28,1
618538.38,1283031.12,761.25,760.00,761.25,0.62,0.35,0.28,1
618630.62,1283031.12,759.27,758.00,759.27,0.62,0.36,0.28,1
618722.94,1283031.12,756.29,755.00,756.29,0.63,0.36,0.28,1
618815.19,1283031.12,759.32,758.00,759.32,0.62,0.35,0.28,1
618907.50,1283031.12,767.34,766.00,767.34,0.61,0.34,0.27,1
618999.75,1283031.12,781.38,780.00,781.38,0.61,0.34,0.26,1
619092.06,1283031.12,794.42,793.00,794.42,0.61,0.34,0.26,1
619184.31,1283031.12,809.48,808.00,809.48,0.60,0.33,0.25,1
619276.62,1283031.12,833.55,832.00,833.55,0.60,0.33,0.25,1
619368.88,1283031.12,839.62,838.00,839.62,0.62,0.34,0.26,1
619461.19,1283031.12,842.71,841.00,842.71,0.61,0.33,0.24,1
619553.44,1283031.12,863.79,862.00,863.79,0.59,0.31,0.23,1
619645.69,1283031.12,879.85,878.00,879.85,0.60,0.31,0.23,1
619738.00,1283031.12,906.86,905.00,906.86,0.58,0.29,0.21,1
619830.25,1283031.12,943.58,942.00,943.58,0.56,0.28,0.20,1
619922.56,1283031.12,982.17,981.00,982.17,0.55,0.29,0.22,1
620014.81,1283031.12,1012.12,1011.00,1012.12,0.57,0.32,0.24,1
620107.12,1283031.12,1032.22,1031.00,1032.22,0.58,0.32,0.24,1
620199.38,1283031.12,1048.39,1047.00,1048.39,0.58,0.31,0.23,1
620291.69,1283031.12,1063.53,1062.00,1063.53,0.59,0.31,0.23,1
620383.94,1283031.12,1074.61,1073.00,1074.61,0.59,0.32,0.24,1
620476.19,1283031.12,1081.68,1080.00,1081.68,0.60,0.32,0.24,1
620568.50,1283031.12,1088.72,1087.00,1088.72,0.61,0.33,0.25,1
620660.75,1283031.12,1097.77,1096.00,1097.77,0.63,0.34,0.26,1
620753.06,1283031.12,1093.83,1092.00,1093.83,0.64,0.35,0.27,1
620845.31,1283031.12,1091.92,1090.00,1091.92,0.64,0.35,0.27,1
620937.62,1283031.12,1095.06,1093.00,1095.06,0.64,0.34,0.26,1
621029.88,1283031.12,1093.35,1091.00,1093.35,0.63,0.33,0.25,1
621122.19,1283031.12,1085.74,1083.00,1085.74,0.62,0.31,0.23,1
621214.44,1283031.12,1088.92,1086.00,1088.92,0.62,0.30,0.21,1
621306.69,1283031.12,1097.94,1095.00,1097.94,0.61,0.30,0.21,1
621399.00,1283031.12,1115.80,1113.00,1115.80,0.61,0.29,0.20,1
621491.25,1283031.12,1140.40,1138.00,1140.40,0.60,0.30,0.22,1
621583.56,1283031.12,1163.65,1162.00,1163.65,0.59,0.31,0.23,1
621675.81,1283031.12,1197.90,1197.00,1197.90,0.56,0.32,0.24,1
621768.12,1283031.12,1230.47,1230.00,1230.47,0.60,0.38,0.32,1
621860.38,1283031.12,1234.22,1234.00,1234.22,0.71,0.52,0.46,1
621952.69,1283031.12,1197.10,1197.00,1197.10,0.84,0.70,0.59,1
622044.94,1283031.12,1140.06,1140.00,1140.06,0.83,0.69,0.59,1
622137.19,1283031.12,1083.07,1083.00,1083.07,0.83,0.69,0.59,1
622229.50,1283031.12,1038.24,1038.00,1038.24,0.73,0.54,0.48,1
622321.75,1283031.12,1002.10,1001.00,1002.10,0.66,0.41,0.33,1
622414.06,1283031.12,966.39,964.00,966.39,0.63,0.33,0.24,1
622506.31,1283031.12,938.75,936.00,938.75,0.62,0.31,0.22,1
622598.62,1283031.12,922.76,920.00,922.76,0.62,0.31,0.22,1
622690.88,1283031.12,912.67,910.00,912.67,0.62,0.31,0.22,1
622783.19,1283031.12,901.42,899.00,901.42,0.62,0.32,0.23,1
622875.44,1283031.12,871.21,869.00,871.21,0.62,0.32,0.24,1
622967.69,1283031.12,832.17,830.00,832.17,0.63,0.33,0.25,1
623060.00,1283031.12,801.17,799.00,801.17,0.63,0.33,0.24,1
623152.25,1283031.12,785.02,783.00,785.02,0.62,0.33,0.25,1
623244.56,1283031.12,776.85,775.00,776.85,0.62,0.34,0.26,1
623336.81,1283031.12,771.76,770.00,771.76,0.62,0.34,0.26,1
623429.12,1283031.12,774.70,773.00,774.70,0.62,0.34,0.26,1
623521.38,1283031.12,773.66,772.00,773.66,0.62,0.34,0.26,1
623613.69,1283031.12,766.63,765.00,766.63,0.63,0.35,0.27,1
623705.94,1283031.12,760.60,759.00,760.60,0.63,0.35,0.27,1
623798.19,1283031.12,759.56,758.00,759.56,0.62,0.34,0.26,1
623890.50,1283031.12,764.53,763.00,764.53,0.61,0.34,0.26,1
623982.75,1283031.12,768.50,767.00,768.50,0.61,0.34,0.26,1
624075.06,1283031.12,768.47,767.00,768.47,0.61,0.34,0.26,1
624167.31,1283031.12,766.45,765.00,766.45,0.61,0.34,0.26,1
624259.62,1283031.12,762.44,761.00,762.44,0.62,0.35,0.27,1
624351.88,1283031.12,755.43,754.00,755.43,0.63,0.35,0.28,1
624444.19,1283031.12,752.42,751.00,752.42,0.62,0.35,0.27,1
624536.44,1283031.12,758.41,757.00,758.41,0.61,0.34,0.26,1
624628.69,1283031.12,769.41,768.00,769.41,0.60,0.33,0.25,1
624721.00,1283031.12,774.40,773.00,774.40,0.61,0.34,0.26,1
624813.25,1283031.12,769.38,768.00,769.38,0.62,0.34,0.27,1
624905.56,1283031.12,764.36,763.00,764.36,0.62,0.35,0.27,1
624997.81,1283031.12,768.32,767.00,768.32,0.61,0.34,0.27,1
625090.12,1283031.12,783.26,782.00,783.26,0.61,0.34,0.27,1
625182.38,1283031.12,794.20,793.00,794.20,0.62,0.35,0.28,1
625274.69,1283031.12,800.16,799.00,800.16,0.61,0.35,0.28,1
625366.94,1283031.12,810.56,809.59,810.56,0.57,0.32,0.25,1
625459.19,1283031.12,-9999.00,-9999.00,-9999.00,0.71,0.71,0.71,0
614385.88,1282938.88,-9999.00,-9999.00,-9999.00,0.71,0.71,0.71,0
614478.12,1282938.88,772.04,772.00,772.04,-0.49,-0.49,-0.49,0
614570.44,1282938.88,765.11,765.00,765.11,0.64,0.48,0.43,1
614662.69,1282938.88,770.28,770.00,770.28,0.62,0.42,0.37,1
614755.00,1282938.88,782.65,782.00,782.65,0.61,0.38,0.31,1
614847.25,1282938.88,786.01,785.00,786.01,0.61,0.36,0.29,1
614939.56,1282938.88,790.26,789.00,790.26,0.62,0.35,0.27,1
615031.81,1282938.88,798.43,797.00,798.43,0.61,0.34,0.26,1
615124.12,1282938.88,798.54,797.00,798.54,0.61,0.34,0.26,1
615216.38,1282938.88,788.60,787.00,788.60,0.62,0.34,0.26,1
615308.62,1282938.88,781.64,780.00,781.64,0.62,0.34,0.26,1
615400.94,1282938.88,770.67,769.00,770.67,0.63,0.35,0.27,1
615493.19,1282938.88,755.68,754.00,755.68,0.63,0.35,0.27,1
615585.50,1282938.88,754.69,753.00,754.69,0.63,0.35,0.27,1
615677.75,1282938.88,752.69,751.00,752.69,0.62,0.34,0.26,1
615770.06,1282938.88,750.70,749.00,750.70,0.62,0.33,0.25,1
615862.31,1282938.88,751.70,750.00,751.70,0.61,0.33,0.25,1
615954.62,1282938.88,752.70,751.00,752.70,0.61,0.33,0.25,1
616046.88,1282938.88,754.70,753.00,754.70,0.61,0.33,0.25,1
616139.12,1282938.88,761.69,760.00,761.69,0.62,0.34,0.26,1
616231.44,1282938.88,765.69,764.00,765.69,0.63,0.35,0.26,1
616323.69,1282938.88,758.69,757.00,758.69,0.63,0.35,0.27,1
616416.00,1282938.88,744.69,743.00,744.69,0.63,0.34,0.26,1
616508.25,1282938.88,741.69,740.00,741.69,0.62,0.34,0.26,1
616600.56,1282938.88,744.69,743.00,744.69,0.62,0.34,0.26,1
616692.81,1282938.88,744.69,743.00,744.69,0.63,0.34,0.26,1
616785.12,1282938.88,748.68,747.00,748.68,0.63,0.35,0.27,1
616877.38,1282938.88,744.66,743.00,744.66,0.62,0.34,0.26,1
616969.62,1282938.88,754.64,753.00,754.64,0.60,0.32,0.24,1
617061.94,1282938.88,777.62,776.00,777.62,0.60,0.32,0.24,1
617154.19,1282938.88,791.59,790.00,791.59,0.62,0.34,0.26,1
617246.50,1282938.88,777.55,776.00,777.55,0.64,0.37,0.29,1
617338.75,1282938.88,760.50,759.00,760.50,0.64,0.36,0.28,1
617431.06,1282938.88,771.45,770.00,771.45,0.63,0.36,0.28,1
617523.31,1282938.88,766.41,765.00,766.41,0.65,0.37,0.30,1
617615.62,1282938.88,747.37,746.00,747.37,0.63,0.36,0.29,1
617707.88,1282938.88,747.34,746.00,747.34,0.61,0.35,0.27,1
617800.12,1282938.88,761.31,760.00,761.31,0.62,0.35,0.27,1
617892.44,1282938.88,758.29,757.00,758.29,0.62,0.36,0.28,1
617984.69,1282938.88,751.29,750.00,751.29,0.63,0.36,0.28,1
618077.00,1282938.88,753.28,752.00,753.28,0.62,0.35,0.28,1
618169.25,1282938.88,763.27,762.00,763.27,0.62,0.36,0.28,1
618261.56,1282938.88,760.26,759.00,760.26,0.63,0.36,0.29,1
618353.81,1282938.88,755.26,754.00,755.26,0.63,0.36,0.29,1
618446.12,1282938.88,754.26,753.00,754.26,0.62,0.36,0.28,1
618538.38,1282938.88,755.26,754.00,755.26,0.62,0.35,0.28,1
618630.62,1282938.88,757.27,756.00,757.27,0.62,0.35,0.28,1
618722.94,1282938.88,760.29,759.00,760.29,0.62,0.36,0.28,1
618815.19,1282938.88,762.31,761.00,762.31,0.62,0.35,0.28,1
618907.50,1282938.88,768.34,767.00,768.34,0.61,0.34,0.27,1
618999.75,1282938.88,780.38,779.00,780.38,0.60,0.33,0.26,1
619092.06,1282938.88,793.42,792.00,793.42,0.60,0.33,0.25,1
619184.31,1282938.88,809.47,808.00,809.47,0.60,0.32,0.25,1
619276.62,1282938.88,828.52,827.00,828.52,0.59,0.32,0.24,1
619368.88,1282938.88,842.58,841.00,842.58,0.61,0.33,0.25,1
619461.19,1282938.88,846.66,845.00,846.66,0.62,0.34,0.26,1
619553.44,1282938.88,862.75,861.00,862.75,0.61,0.32,0.24,1
619645.69,1282938.88,884.81,883.00,884.81,0.60,0.31,0.23,1
619738.00,1282938.88,909.82,908.00,909.82,0.59,0.30,0.22,1
619830.25,1282938.88,938.74,937.00,938.74,0.57,0.29,0.21,1
619922.56,1282938.88,968.47,967.00,968.47,0.56,0.29,0.21,1
620014.81,1282938.88,994.34,993.00,994.34,0.56,0.30,0.22,1
620107.12,1282938.88,1009.32,1008.00,1009.32,0.57,0.30,0.22,1
620199.38,1282938.88,1023.41,1022.00,1023.41,0.57,0.30,0.22,1
620291.69,1282938.88,1037.54,1036.00,1037.54,0.57,0.30,0.22,1
620383.94,1282938.88,1049.64,1048.00,1049.64,0.57,0.29,0.21,1
620476.19,1282938.88,1060.70,1059.00,1060.70,0.58,0.30,0.22,1
620568.50,1282938.88,1076.75,1075.00,1076.75,0.59,0.30,0.22,1
620660.75,1282938.88,1093.79,1092.00,1093.79,0.60,0.31,0.23,1
620753.06,1282938.88,1104.83,1103.00,1104.83,0.61,0.33,0.24,1
620845.31,1282938.88,1116.89,1115.00,1116.89,0.62,0.34,0.25,1
620937.62,1282938.88,1124.00,1122.00,1124.00,0.63,0.34,0.26,1
621029.88,1282938.88,1123.24,1121.00,1123.24,0.64,0.34,0.25,1
621122.19,1282938.88,1117.65,1115.00,1117.65,0.63,0.32,0.24,1
621214.44,1282938.88,1114.89,1112.00,1114.89,0.62,0.31,0.22,1
621306.69,1282938.88,1119.91,1117.00,1119.91,0.62,0.30,0.21,1
621399.00,1282938.88,1137.71,1135.00,1137.71,0.61,0.30,0.21,1
621491.25,1282938.88,1161.15,1159.00,1161.15,0.62,0.32,0.24,1
621583.56,1282938.88,1176.36,1175.00,1176.36,0.63,0.36,0.28,1
621675.81,1282938.88,1196.73,1196.00,1196.73,0.61,0.37,0.31,1
621768.12,1282938.88,1228.36,1228.00,1228.36,0.61,0.41,0.35,1
621860.38,1282938.88,1243.16,1243.00,1243.16,0.70,0.52,0.47,1
621952.69,1282938.88,1210.06,1210.00,1210.06,0.81,0.67,0.57,1
622044.94,1282938.88,1150.03,1150.00,1150.03,0.81,0.67,0.57,1
622137.19,1282938.88,1096.03,1096.00,1096.03,0.82,0.68,0.57,1
622229.50,1282938.88,1049.14,1049.00,1049.14,0.74,0.57,0.52,1
622321.75,1282938.88,1002.87,1002.00,1002.87,0.67,0.42,0.35,1
622414.06,1282938.88,962.35,960.00,962.35,0.63,0.33,0.24,1
622506.31,1282938.88,931.91,929.00,931.91,0.62,0.30,0.21,1
622598.62,1282938.88,914.93,912.00,914.93,0.61,0.30,0.21,1
622690.88,1282938.88,902.87,900.00,902.87,0.61,0.30,0.21,1
622783.19,1282938.88,880.68,878.00,880.68,0.61,0.31,0.22,1
622875.44,1282938.88,852.48,850.00,852.48,0.62,0.32,0.23,1
622967.69,1282938.88,821.35,819.00,821.35,0.63,0.33,0.24,1
623060.00,1282938.88,796.21,794.00,796.21,0.63,0.33,0.25,1
623152.25,1282938.88,783.02,781.00,783.02,0.63,0.33,0.25,1
623244.56,1282938.88,776.86,775.00,776.86,0.62,0.34,0.25,1
623336.81,1282938.88,776.76,775.00,776.76,0.62,0.34,0.26,1
623429.12,1282938.88,778.71,777.00,778.71,0.62,0.34,0.26,1
623521.38,1282938.88,774.67,773.00,774.67,0.63,0.35,0.27,1
623613.69,1282938.88,768.64,767.00,768.64,0.63,0.35,0.27,1
623705.94,1282938.88,764.60,763.00,764.60,0.63,0.35,0.27,1
623798.19,1282938.88,759.57,758.00,759.57,0.63,0.35,0.27,1
623890.50,1282938.88,758.54,757.00,758.54,0.62,0.34,0.26,1
623982.75,1282938.88,758.51,757.00,758.51,0.62,0.34,0.26,1
624075.06,1282938.88,757.48,756.00,757.48,0.62,0.34,0.26,1
624167.31,1282938.88,756.46,755.00,756.46,0.62,0.34,0.27,1
624259.62,1282938.88,755.44,754.00,755.44,0.62,0.35,0.27,1
624351.88,1282938.88,754.43,753.00,754.43,0.63,0.35,0.27,1
624444.19,1282938.88,753.42,752.00,753.42,0.62,0.35,0.27,1
624536.44,1282938.88,755.41,754.00,755.41,0.62,0.35,0.27,1
624628.69,1282938.88,759.41,758.00,759.41,0.61,0.34,0.26,1
624721.00,1282938.88,761.40,760.00,761.40,0.61,0.34,0.26,1
624813.25,1282938.88,758.38,757.00,758.38,0.62,0.35,0.27,1
624905.56,1282938.88,759.35,758.00,759.35,0.61,0.34,0.27,1
624997.81,1282938.88,770.31,769.00,770.31,0.61,0.34,0.26,1
625090.12,1282938.88,783.25,782.00,783.25,0.60,0.34,0.26,1
625182.38,1282938.88,791.18,790.00,791.18,0.61,0.35,0.27,1
625274.69,1282938.88,796.14,795.00,796.14,0.61,0.35,0.27,1
625366.94,1282938.88,805.37,804.38,805.37,0.58,0.32,0.25,1
625459.19,1282938.88,-9999.00,-9999.00,-9999.00,0.71,0.71,0.71,0
614385.88,1282846.50,-9999.00,-9999.00,-9999.00,0.71,0.71,0.71,0
614478.12,1282846.50,759.05,759.00,759.05,-0.49,-0.49,-0.49,0
614570.44,1282846.50,760.12,760.00,760.12,0.63,0.47,0.42,1
614662.69,1282846.50,769.22,769.00,769.22,0.63,0.44,0.39,1
614755.00,1282846.50,774.59,774.00,774.59,0.62,0.40,0.33,1
614847.25,1282846.50,778.97,778.00,778.97,0.62,0.37,0.30,1
614939.56,1282846.50,784.24,783.00,784.24,0.62,0.35,0.28,1
615031.81,1282846.50,785.42,784.00,785.42,0.62,0.34,0.27,1
615124.12,1282846.50,780.53,779.00,780.53,0.62,0.34,0.27,1
615216.38,1282846.50,773.60,772.00,773.60,0.63,0.35,0.27,1
615308.62,1282846.50,767.64,766.00,767.64,0.62,0.34,0.26,1
615400.94,1282846.50,760.67,759.00,760.67,0.62,0.34,0.26,1
615493.19,1282846.50,761.68,760.00,761.68,0.62,0.34,0.26,1
615585.50,1282846.50,769.69,768.00,769.69,0.63,0.35,0.27,1
615677.75,1282846.50,760.69,759.00,760.69,0.64,0.36,0.28,1
615770.06,1282846.50,749.70,748.00,749.70,0.63,0.35,0.27,1
615862.31,1282846.50,750.70,749.00,750.70,0.62,0.34,0.26,1
615954.62,1282846.50,751.70,750.00,751.70,0.62,0.34,0.26,1
616046.88,1282846.50,754.70,753.00,754.70,0.61,0.33,0.25,1
616139.12,1282846.50,763.69,762.00,763.69,0.61,0.33,0.25,1
616231.44,1282846.50,769.69,768.00,769.69,0.63,0.34,0.26,1
616323.69,1282846.50,762.69,761.00,762.69,0.64,0.35,0.27,1
616416.00,1282846.50,747.69,746.00,747.69,0.63,0.35,0.27,1
616508.25,1282846.50,748.69,747.00,748.69,0.63,0.34,0.26,1
616600.56,1282846.50,756.69,755.00,756.69,0.63,0.35,0.27,1
616692.81,1282846.50,763.68,762.00,763.68,0.63,0.35,0.27,1
616785.12,1282846.50,761.67,760.00,761.67,0.64,0.36,0.28,1
616877.38,1282846.50,747.66,746.00,747.66,0.63,0.35,0.27,1
616969.62,1282846.50,753.64,752.00,753.64,0.61,0.33,0.25,1
617061.94,1282846.50,765.62,764.00,765.62,0.59,0.31,0.23,1
617154.19,1282846.50,782.59,781.00,782.59,0.60,0.32,0.24,1
617246.50,1282846.50,780.55,779.00,780.55,0.63,0.35,0.27,1
617338.75,1282846.50,772.51,771.00,772.51,0.63,0.36,0.28,1
617431.06,1282846.50,778.48,777.00,778.48,0.63,0.35,0.28,1
617523.31,1282846.50,767.45,766.00,767.45,0.64,0.36,0.28,1
617615.62,1282846.50,746.43,745.00,746.43,0.63,0.36,0.28,1
617707.88,1282846.50,746.41,745.00,746.41,0.62,0.35,0.27,1
617800.12,1282846.50,754.39,753.00,754.39,0.61,0.34,0.26,1
617892.44,1282846.50,751.38,750.00,751.38,0.62,0.35,0.27,1
617984.69,1282846.50,749.37,748.00,749.37,0.62,0.35,0.27,1
618077.00,1282846.50,753.36,752.00,753.36,0.62,0.35,0.27,1
618169.25,1282846.50,760.35,759.00,760.35,0.62,0.35,0.27,1
618261.56,1282846.50,756.33,755.00,756.33,0.62,0.36,0.28,1
618353.81,1282846.50,753.31,752.00,753.31,0.63,0.36,0.28,1
618446.12,1282846.50,752.30,751.00,752.30,0.63,0.36,0.29,1
618538.38,1282846.50,754.29,753.00,754.29,0.63,0.36,0.29,1
618630.62,1282846.50,756.29,755.00,756.29,0.62,0.36,0.28,1
618722.94,1282846.50,758.30,757.00,758.30,0.62,0.35,0.28,1
618815.19,1282846.50,760.32,759.00,760.32,0.62,0.35,0.28,1
618907.50,1282846.50,766.34,765.00,766.34,0.62,0.35,0.27,1
618999.75,1282846.50,776.38,775.00,776.38,0.61,0.34,0.26,1
619092.06,1282846.50,790.42,789.00,790.42,0.61,0.33,0.26,1
619184.31,1282846.50,805.47,804.00,805.47,0.60,0.33,0.25,1
619276.62,1282846.50,821.51,820.00,821.51,0.60,0.32,0.24,1
619368.88,1282846.50,841.56,840.00,841.56,0.60,0.32,0.24,1
619461.19,1282846.50,862.61,861.00,862.61,0.61,0.33,0.25,1
619553.44,1282846.50,879.67,878.00,879.67,0.62,0.34,0.26,1
619645.69,1282846.50,888.72,887.00,888.72,0.61,0.33,0.25,1
619738.00,1282846.50,901.74,900.00,901.74,0.60,0.32,0.23,1
619830.25,1282846.50,919.73,918.00,919.73,0.58,0.29,0.21,1
619922.56,1282846.50,945.65,944.00,945.65,0.56,0.28,0.20,1
620014.81,1282846.50,967.53,966.00,967.53,0.57,0.29,0.21,1
620107.12,1282846.50,983.47,982.00,983.47,0.57,0.30,0.22,1
620199.38,1282846.50,1000.50,999.00,1000.50,0.58,0.30,0.22,1
620291.69,1282846.50,1011.59,1010.00,1011.59,0.58,0.30,0.22,1
620383.94,1282846.50,1020.69,1019.00,1020.69,0.58,0.29,0.21,1
620476.19,1282846.50,1035.76,1034.00,1035.76,0.58,0.29,0.21,1
620568.50,1282846.50,1059.80,1058.00,1059.80,0.58,0.29,0.21,1
620660.75,1282846.50,1083.83,1082.00,1083.83,0.58,0.30,0.21,1
620753.06,1282846.50,1103.83,1102.00,1103.83,0.59,0.31,0.22,1
620845.31,1282846.50,1127.79,1126.00,1127.79,0.60,0.31,0.23,1
620937.62,1282846.50,1153.58,1152.00,1153.58,0.62,0.34,0.26,1
621029.88,1282846.50,1164.38,1163.00,1164.38,0.65,0.38,0.30,1
621122.19,1282846.50,1161.47,1160.00,1161.47,0.66,0.38,0.31,1
621214.44,1282846.50,1156.71,1155.00,1156.71,0.65,0.37,0.29,1
621306.69,1282846.50,1152.87,1151.00,1152.87,0.64,0.35,0.27,1
621399.00,1282846.50,1169.71,1168.00,1169.71,0.62,0.34,0.26,1
621491.25,1282846.50,1197.14,1196.00,1197.14,0.62,0.36,0.29,1
621583.56,1282846.50,1220.57,1220.00,1220.57,0.64,0.42,0.35,1
621675.81,1282846.50,1240.31,1240.00,1240.31,0.66,0.46,0.40,1
621768.12,1282846.50,1260.17,1260.00,1260.17,0.70,0.52,0.47,1
621860.38,1282846.50,1252.08,1252.00,1252.08,0.81,0.67,0.56,1
621952.69,1282846.50,1206.04,1206.00,1206.04,0.79,0.65,0.55,1
622044.94,1282846.50,1146.02,1146.00,1146.02,0.79,0.65,0.55,1
622137.19,1282846.50,1093.02,1093.00,1093.02,0.80,0.66,0.55,1
622229.50,1282846.50,1045.06,1045.00,1045.06,0.80,0.66,0.56,1
622321.75,1282846.50,997.56,997.00,997.56,0.69,0.46,0.40,1
622414.06,1282846.50,958.12,956.00,958.12,0.64,0.34,0.26,1
622506.31,1282846.50,929.07,926.00,929.07,0.62,0.30,0.21,1
622598.62,1282846.50,906.17,903.00,906.17,0.61,0.29,0.20,1
622690.88,1282846.50,889.12,886.00,889.12,0.61,0.29,0.20,1
622783.19,1282846.50,870.96,868.00,870.96,0.61,0.30,0.21,1
622875.44,1282846.50,849.73,847.00,849.73,0.62,0.31,0.22,1
622967.69,1282846.50,825.49,823.00,825.49,0.63,0.32,0.24,1
623060.00,1282846.50,802.25,800.00,802.25,0.63,0.33,0.25,1
623152.25,1282846.50,786.03,784.00,786.03,0.63,0.34,0.25,1
623244.56,1282846.50,780.88,779.00,780.88,0.63,0.34,0.26,1
623336.81,1282846.50,778.78,777.00,778.78,0.62,0.34,0.26,1
623429.12,1282846.50,779.72,778.00,779.72,0.62,0.34,0.26,1
623521.38,1282846.50,777.67,776.00,777.67,0.63,0.35,0.27,1
623613.69,1282846.50,770.64,769.00,770.64,0.63,0.35,0.27,1
623705.94,1282846.50,763.61,762.00,763.61,0.63,0.35,0.27,1
623798.19,1282846.50,760.58,759.00,760.58,0.63,0.35,0.27,1
623890.50,1282846.50,758.55,757.00,758.55,0.63,0.35,0.27,1
623982.75,1282846.50,755.52,754.00,755.52,0.62,0.35,0.27,1
624075.06,1282846.50,754.49,753.00,754.49,0.62,0.35,0.27,1
624167.31,1282846.50,754.47,753.00,754.47,0.62,0.35,0.27,1
624259.62,1282846.50,755.45,754.00,755.45,0.62,0.35,0.27,1
624351.88,1282846.50,756.44,755.00,756.44,0.63,0.35,0.28,1
624444.19,1282846.50,754.43,753.00,754.43,0.63,0.35,0.28,1
624536.44,1282846.50,754.42,753.00,754.42,0.62,0.35,0.27,1
624628.69,1282846.50,754.41,753.00,754.41,0.62,0.35,0.27,1
624721.00,1282846.50,754.40,753.00,754.40,0.62,0.35,0.27,1
624813.25,1282846.50,755.38,754.00,755.38,0.62,0.35,0.27,1
624905.56,1282846.50,757.35,756.00,757.35,0.62,0.35,0.27,1
624997.81,1282846.50,765.30,764.00,765.30,0.60,0.34,0.26,1
625090.12,1282846.50,774.23,773.00,774.23,0.60,0.34,0.26,1
625182.38,1282846.50,783.16,782.00,783.16,0.61,0.35,0.27,1
625274.69,1282846.50,789.12,788.00,789.12,0.61,0.35,0.27,1
625366.94,1282846.50,798.73,797.73,798.73,0.58,0.32,0.25,1
625459.19,1282846.50,-9999.00,-9999.00,-9999.00,0.71,0.71,0.71,0
614385.88,1282754.25,-9999.00,-9999.00,-9999.00,0.71,0.71,0.71,0
614478.12,1282754.25,754.22,754.00,754.22,0.10,-0.09,-0.14,1
614570.44,1282754.25,760.28,760.00,760.28,0.63,0.44,0.38,1
614662.69,1282754.25,770.27,770.00,770.27,0.63,0.44,0.38,1
614755.00,1282754.25,779.59,779.00,779.59,0.63,0.41,0.34,1
614847.25,1282754.25,784.97,784.00,784.97,0.63,0.38,0.31,1
614939.56,1282754.25,784.24,783.00,784.24,0.63,0.36,0.29,1
615031.81,1282754.25,783.42,782.00,783.42,0.63,0.36,0.28,1
615124.12,1282754.25,785.53,784.00,785.53,0.63,0.36,0.28,1
615216.38,1282754.25,783.60,782.00,783.60,0.64,0.36,0.28,1
615308.62,1282754.25,769.64,768.00,769.64,0.64,0.36,0.28,1
615400.94,1282754.25,761.67,760.00,761.67,0.62,0.34,0.26,1
615493.19,1282754.25,770.68,769.00,770.68,0.62,0.34,0.26,1
615585.50,1282754.25,782.69,781.00,782.69,0.63,0.35,0.27,1
615677.75,1282754.25,775.69,774.00,775.69,0.65,0.36,0.28,1
615770.06,1282754.25,755.70,754.00,755.70,0.64,0.36,0.28,1
615862.31,1282754.25,752.70,751.00,752.70,0.62,0.34,0.26,1
615954.62,1282754.25,757.70,756.00,757.70,0.63,0.35,0.26,1
616046.88,1282754.25,754.70,753.00,754.70,0.62,0.34,0.26,1
616139.12,1282754.25,761.70,760.00,761.70,0.61,0.33,0.25,1
616231.44,1282754.25,774.70,773.00,774.70,0.62,0.34,0.26,1
616323.69,1282754.25,770.69,769.00,770.69,0.64,0.35,0.27,1
616416.00,1282754.25,756.69,755.00,756.69,0.63,0.35,0.27,1
616508.25,1282754.25,761.69,760.00,761.69,0.62,0.34,0.26,1
616600.56,1282754.25,779.69,778.00,779.69,0.62,0.34,0.26,1
616692.81,1282754.25,780.68,779.00,780.68,0.63,0.35,0.27,1
616785.12,1282754.25,766.67,765.00,766.67,0.64,0.36,0.28,1
616877.38,1282754.25,748.66,747.00,748.66,0.63,0.35,0.27,1
616969.62,1282754.25,761.64,760.00,761.64,0.62,0.34,0.26,1
617061.94,1282754.25,759.62,758.00,759.62,0.62,0.34,0.26,1
617154.19,1282754.25,767.59,766.00,767.59,0.60,0.32,0.24,1
617246.50,1282754.25,778.55,777.00,778.55,0.61,0.34,0.26,1
617338.75,1282754.25,777.52,776.00,777.52,0.62,0.34,0.27,1
617431.06,1282754.25,776.50,775.00,776.50,0.62,0.35,0.27,1
617523.31,1282754.25,759.48,758.00,759.48,0.63,0.35,0.28,1
617615.62,1282754.25,746.47,745.00,746.47,0.63,0.36,0.28,1
617707.88,1282754.25,745.46,744.00,745.46,0.62,0.35,0.27,1
617800.12,1282754.25,748.45,747.00,748.45,0.62,0.34,0.27,1
617892.44,1282754.25,747.44,746.00,747.44,0.62,0.35,0.27,1
617984.69,1282754.25,747.43,746.00,747.43,0.62,0.34,0.27,1
618077.00,1282754.25,754.42,753.00,754.42,0.62,0.35,0.27,1
618169.25,1282754.25,759.41,758.00,759.41,0.63,0.35,0.28,1
618261.56,1282754.25,753.39,752.00,753.39,0.62,0.35,0.28,1
618353.81,1282754.25,755.36,754.00,755.36,0.62,0.35,0.27,1
618446.12,1282754.25,765.34,764.00,765.34,0.63,0.36,0.28,1
618538.38,1282754.25,766.32,765.00,766.32,0.64,0.37,0.29,1
618630.62,1282754.25,758.32,757.00,758.32,0.63,0.36,0.29,1
618722.94,1282754.25,759.32,758.00,759.32,0.62,0.35,0.28,1
618815.19,1282754.25,766.33,765.00,766.33,0.62,0.35,0.27,1
618907.50,1282754.25,776.35,775.00,776.35,0.62,0.35,0.27,1
618999.75,1282754.25,784.39,783.00,784.39,0.62,0.35,0.27,1
619092.06,1282754.25,796.43,795.00,796.43,0.61,0.34,0.26,1
619184.31,1282754.25,810.47,809.00,810.47,0.61,0.34,0.26,1
619276.62,1282754.25,822.51,821.00,822.51,0.61,0.33,0.25,1
619368.88,1282754.25,840.54,839.00,840.54,0.59,0.32,0.24,1
619461.19,1282754.25,864.57,863.00,864.57,0.59,0.31,0.23,1
619553.44,1282754.25,886.60,885.00,886.60,0.60,0.32,0.24,1
619645.69,1282754.25,895.64,894.00,895.64,0.61,0.33,0.25,1
619738.00,1282754.25,901.66,900.00,901.66,0.62,0.34,0.26,1
619830.25,1282754.25,906.68,905.00,906.68,0.61,0.33,0.25,1
619922.56,1282754.25,922.66,921.00,922.66,0.59,0.31,0.23,1
620014.81,1282754.25,942.59,941.00,942.59,0.58,0.30,0.23,1
620107.12,1282754.25,961.57,960.00,961.57,0.58,0.30,0.22,1
620199.38,1282754.25,978.61,977.00,978.61,0.58,0.30,0.22,1
620291.69,1282754.25,987.69,986.00,987.69,0.59,0.30,0.22,1
620383.94,1282754.25,998.79,997.00,998.79,0.58,0.30,0.22,1
620476.19,1282754.25,1020.86,1019.00,1020.86,0.58,0.30,0.21,1
620568.50,1282754.25,1045.90,1044.00,1045.90,0.59,0.30,0.21,1
620660.75,1282754.25,1069.91,1068.00,1069.91,0.58,0.29,0.21,1
620753.06,1282754.25,1098.89,1097.00,1098.89,0.58,0.29,0.21,1
620845.31,1282754.25,1132.64,1131.00,1132.64,0.57,0.29,0.21,1
620937.62,1282754.25,1178.93,1178.00,1178.93,0.58,0.33,0.26,1
621029.88,1282754.25,1206.42,1206.00,1206.42,0.66,0.45,0.38,1
621122.19,1282754.25,1205.29,1205.00,1205.29,0.71,0.52,0.46,1
621214.44,1282754.25,1200.33,1200.00,1200.33,0.72,0.52,0.46,1
621306.69,1282754.25,1192.42,1192.00,1192.42,0.70,0.48,0.42,1
621399.00,1282754.25,1202.41,1202.00,1202.41,0.65,0.44,0.38,1
621491.25,1282754.25,1230.23,1230.00,1230.23,0.63,0.44,0.39,1
621583.56,1282754.25,1259.09,1259.00,1259.09,0.69,0.55,0.44,1
621675.81,1282754.25,1283.07,1283.00,1283.07,0.73,0.59,0.48,1
621768.12,1282754.25,1294.06,1294.00,1294.06,0.80,0.66,0.55,1
621860.38,1282754.25,1263.04,1263.00,1263.04,0.81,0.67,0.56,1
621952.69,1282754.25,1201.03,1201.00,1201.03,0.80,0.66,0.55,1
622044.94,1282754.25,1141.02,1141.00,1141.02,0.81,0.67,0.56,1
622137.19,1282754.25,1092.02,1092.00,1092.02,0.81,0.67,0.57,1
622229.50,1282754.25,1048.04,1048.00,1048.04,0.81,0.67,0.57,1
622321.75,1282754.25,1001.31,1001.00,1001.31,0.71,0.51,0.45,1
622414.06,1282754.25,957.70,956.00,957.70,0.65,0.37,0.29,1
622506.31,1282754.25,923.09,920.00,923.09,0.62,0.30,0.21,1
622598.62,1282754.25,895.31,892.00,895.31,0.61,0.29,0.20,1
622690.88,1282754.25,875.25,872.00,875.25,0.61,0.29,0.20,1
622783.19,1282754.25,861.10,858.00,861.10,0.61,0.30,0.20,1
622875.44,1282754.25,846.89,844.00,846.89,0.62,0.30,0.21,1
622967.69,1282754.25,827.62,825.00,827.62,0.62,0.32,0.23,1
623060.00,1282754.25,805.32,803.00,805.32,0.63,0.33,0.24,1
623152.25,1282754.25,792.08,790.00,792.08,0.63,0.34,0.25,1
623244.56,1282754.25,787.91,786.00,787.91,0.63,0.34,0.26,1
623336.81,1282754.25,785.80,784.00,785.80,0.63,0.34,0.26,1
623429.12,1282754.25,786.73,785.00,786.73,0.63,0.34,0.26,1
623521.38,1282754.25,781.68,780.00,781.68,0.63,0.35,0.27,1
623613.69,1282754.25,770.65,769.00,770.65,0.63,0.35,0.27,1
623705.94,1282754.25,767.62,766.00,767.62,0.63,0.35,0.27,1
623798.19,1282754.25,767.59,766.00,767.59,0.63,0.35,0.27,1
623890.50,1282754.25,763.56,762.00,763.56,0.63,0.36,0.28,1
623982.75,1282754.25,757.53,756.00,757.53,0.63,0.35,0.27,1
624075.06,1282754.25,756.50,755.00,756.50,0.63,0.35,0.27,1
624167.31,1282754.25,757.48,756.00,757.48,0.63,0.35,0.27,1
624259.62,1282754.25,759.46,758.00,759.46,0.63,0.35,0.28,1
624351.88,1282754.25,760.45,759.00,760.45,0.63,0.36,0.28,1
624444.19,1282754.25,757.44,756.00,757.44,0.63,0.36,0.28,1
624536.44,1282754.25,755.43,754.00,755.43,0.63,0.35,0.28,1
624628.69,1282754.25,755.42,754.00,755.42,0.63,0.36,0.28,1
624721.00,1282754.25,753.40,752.00,753.40,0.63,0.36,0.28,1
624813.25,1282754.25,753.38,752.00,753.38,0.62,0.35,0.28,1
624905.56,1282754.25,755.35,754.00,755.35,0.62,0.35,0.27,1
624997.81,1282754.25,757.30,756.00,757.30,0.61,0.34,0.27,1
625090.12,1282754.25,766.22,765.00,766.22,0.60,0.34,0.27,1
625182.38,1282754.25,780.15,779.00,780.15,0.61,0.35,0.28,1
625274.69,1282754.25,785.10,784.00,785.10,0.61,0.35,0.28,1
625366.94,1282754.25,790.63,789.63,790.63,0.58,0.32,0.25,1
625459.19,1282754.25,-9999.00,-9999.00,-9999.00,0.71,0.71,0.71,0
614385.88,1282662.00,-9999.00,-9999.00,-9999.00,0.71,0.71,0.71,0
614478.12,1282662.00,757.57,757.00,757.57,0.22,-0.01,-0.07,1
614570.44,1282662.00,767.62,767.00,767.62,0.62,0.39,0.32,1
614662.69,1282662.00,778.48,778.00,778.48,0.62,0.40,0.34,1
614755.00,1282662.00,787.67,787.00,787.67,0.62,0.39,0.32,1
614847.25,1282662.00,789.98,789.00,789.98,0.62,0.37,0.30,1
614939.56,1282662.00,787.24,786.00,787.24,0.62,0.36,0.28,1
615031.81,1282662.00,792.42,791.00,792.42,0.62,0.35,0.27,1
615124.12,1282662.00,799.53,798.00,799.53,0.63,0.35,0.27,1
615216.38,1282662.00,794.60,793.00,794.60,0.64,0.36,0.28,1
615308.62,1282662.00,777.64,776.00,777.64,0.64,0.36,0.28,1
615400.94,1282662.00,768.67,767.00,768.67,0.63,0.35,0.27,1
615493.19,1282662.00,778.68,777.00,778.68,0.62,0.33,0.25,1
615585.50,1282662.00,790.69,789.00,790.69,0.62,0.34,0.26,1
615677.75,1282662.00,785.69,784.00,785.69,0.64,0.36,0.28,1
615770.06,1282662.00,762.70,761.00,762.70,0.64,0.36,0.28,1
615862.31,1282662.00,759.70,758.00,759.70,0.63,0.35,0.26,1
615954.62,1282662.00,767.70,766.00,767.70,0.63,0.35,0.27,1
616046.88,1282662.00,761.70,760.00,761.70,0.63,0.35,0.26,1
616139.12,1282662.00,765.70,764.00,765.70,0.61,0.33,0.25,1
616231.44,1282662.00,780.70,779.00,780.70,0.62,0.33,0.25,1
616323.69,1282662.00,775.69,774.00,775.69,0.63,0.35,0.27,1
616416.00,1282662.00,766.69,765.00,766.69,0.63,0.35,0.27,1
616508.25,1282662.00,774.69,773.00,774.69,0.62,0.34,0.26,1
616600.56,1282662.00,785.68,784.00,785.68,0.62,0.34,0.26,1
616692.81,1282662.00,773.67,772.00,773.67,0.62,0.34,0.26,1
616785.12,1282662.00,762.66,761.00,762.66,0.63,0.35,0.27,1
616877.38,1282662.00,752.66,751.00,752.66,0.63,0.34,0.26,1
616969.62,1282662.00,772.64,771.00,772.64,0.62,0.34,0.26,1
617061.94,1282662.00,766.61,765.00,766.61,0.63,0.35,0.27,1
617154.19,1282662.00,767.58,766.00,767.58,0.62,0.34,0.26,1
617246.50,1282662.00,775.55,774.00,775.55,0.61,0.34,0.26,1
617338.75,1282662.00,768.53,767.00,768.53,0.61,0.34,0.26,1
617431.06,1282662.00,763.51,762.00,763.51,0.61,0.34,0.26,1
617523.31,1282662.00,751.50,750.00,751.50,0.62,0.35,0.27,1
617615.62,1282662.00,747.49,746.00,747.49,0.62,0.35,0.27,1
617707.88,1282662.00,748.49,747.00,748.49,0.62,0.35,0.27,1
617800.12,1282662.00,748.49,747.00,748.49,0.62,0.35,0.27,1
617892.44,1282662.00,745.48,744.00,745.48,0.62,0.35,0.27,1
617984.69,1282662.00,746.48,745.00,746.48,0.62,0.34,0.26,1
618077.00,1282662.00,756.47,755.00,756.47,0.61,0.34,0.26,1
618169.25,1282662.00,762.46,761.00,762.46,0.62,0.35,0.27,1
618261.56,1282662.00,753.44,752.00,753.44,0.62,0.35,0.27,1
618353.81,1282662.00,759.41,758.00,759.41,0.61,0.34,0.26,1
618446.12,1282662.00,774.38,773.00,774.38,0.62,0.35,0.28,1
618538.38,1282662.00,770.36,769.00,770.36,0.64,0.37,0.29,1
618630.62,1282662.00,759.35,758.00,759.35,0.63,0.36,0.28,1
618722.94,1282662.00,762.36,761.00,762.36,0.62,0.35,0.27,1
618815.19,1282662.00,769.36,768.00,769.36,0.61,0.34,0.27,1
618907.50,1282662.00,777.38,776.00,777.38,0.61,0.34,0.26,1
618999.75,1282662.00,786.41,785.00,786.41,0.61,0.34,0.26,1
619092.06,1282662.00,799.45,798.00,799.45,0.60,0.33,0.25,1
619184.31,1282662.00,812.49,811.00,812.49,0.60,0.33,0.25,1
619276.62,1282662.00,824.52,823.00,824.52,0.60,0.33,0.25,1
619368.88,1282662.00,839.54,838.00,839.54,0.60,0.32,0.24,1
619461.19,1282662.00,855.55,854.00,855.55,0.59,0.31,0.23,1
619553.44,1282662.00,873.56,872.00,873.56,0.58,0.31,0.23,1
619645.69,1282662.00,892.58,891.00,892.58,0.59,0.31,0.23,1
619738.00,1282662.00,911.59,910.00,911.59,0.61,0.33,0.25,1
619830.25,1282662.00,918.60,917.00,918.60,0.62,0.34,0.26,1
619922.56,1282662.00,931.61,930.00,931.61,0.62,0.34,0.26,1
620014.81,1282662.00,943.60,942.00,943.60,0.62,0.34,0.26,1
620107.12,1282662.00,950.62,949.00,950.62,0.61,0.33,0.25,1
620199.38,1282662.00,961.69,960.00,961.69,0.60,0.32,0.24,1
620291.69,1282662.00,970.83,969.00,970.83,0.60,0.32,0.23,1
620383.94,1282662.00,988.92,987.00,988.92,0.59,0.30,0.22,1
620476.19,1282662.00,1015.96,1014.00,1015.96,0.59,0.30,0.21,1
620568.50,1282662.00,1046.97,1045.00,1046.97,0.59,0.30,0.22,1
620660.75,1282662.00,1070.98,1069.00,1070.98,0.59,0.30,0.22,1
620753.06,1282662.00,1098.96,1097.00,1098.96,0.59,0.30,0.21,1
620845.31,1282662.00,1135.45,1134.00,1135.45,0.56,0.29,0.21,1
620937.62,1282662.00,1185.49,1185.00,1185.49,0.53,0.31,0.25,1
621029.88,1282662.00,1227.11,1227.00,1227.11,0.59,0.42,0.38,1
621122.19,1282662.00,1244.04,1244.00,1244.04,0.75,0.61,0.50,1
621214.44,1282662.00,1250.04,1250.00,1250.04,0.80,0.66,0.56,1
621306.69,1282662.00,1246.06,1246.00,1246.06,0.81,0.67,0.56,1
621399.00,1282662.00,1249.06,1249.00,1249.06,0.77,0.63,0.53,1
621491.25,1282662.00,1267.05,1267.00,1267.05,0.72,0.58,0.47,1
621583.56,1282662.00,1294.03,1294.00,1294.03,0.69,0.55,0.45,1
621675.81,1282662.00,1316.04,1316.00,1316.04,0.76,0.62,0.51,1
621768.12,1282662.00,1304.03,1304.00,1304.03,0.81,0.67,0.57,1
621860.38,1282662.00,1257.03,1257.00,1257.03,0.81,0.67,0.56,1
621952.69,1282662.00,1200.02,1200.00,1200.02,0.82,0.68,0.57,1
622044.94,1282662.00,1149.02,1149.00,1149.02,0.83,0.69,0.58,1
622137.19,1282662.00,1102.02,1102.00,1102.02,0.83,0.69,0.58,1
622229.50,1282662.00,1053.03,1053.00,1053.03,0.82,0.68,0.58,1
622321.75,1282662.00,1001.16,1001.00,1001.16,0.73,0.56,0.51,1
622414.06,1282662.00,959.22,958.00,959.22,0.66,0.40,0.33,1
622506.31,1282662.00,924.89,922.00,924.89,0.63,0.31,0.22,1
622598.62,1282662.00,893.33,890.00,893.33,0.62,0.30,0.20,1
622690.88,1282662.00,874.26,871.00,874.26,0.62,0.29,0.20,1
622783.19,1282662.00,861.14,858.00,861.14,0.62,0.30,0.21,1
622875.44,1282662.00,845.97,843.00,845.97,0.62,0.30,0.21,1
622967.69,1282662.00,827.75,825.00,827.75,0.62,0.31,0.22,1
623060.00,1282662.00,810.46,808.00,810.46,0.63,0.32,0.23,1
623152.25,1282662.00,801.17,799.00,801.17,0.63,0.33,0.25,1
623244.56,1282662.00,798.97,797.00,798.97,0.63,0.34,0.25,1
623336.81,1282662.00,796.83,795.00,796.83,0.63,0.35,0.26,1
623429.12,1282662.00,789.75,788.00,789.75,0.63,0.35,0.27,1
623521.38,1282662.00,777.70,776.00,777.70,0.63,0.35,0.27,1
623613.69,1282662.00,770.66,769.00,770.66,0.63,0.35,0.26,1
623705.94,1282662.00,773.62,772.00,773.62,0.62,0.34,0.26,1
623798.19,1282662.00,777.60,776.00,777.60,0.63,0.35,0.27,1
623890.50,1282662.00,771.57,770.00,771.57,0.64,0.36,0.28,1
623982.75,1282662.00,762.54,761.00,762.54,0.63,0.36,0.28,1
624075.06,1282662.00,760.52,759.00,760.52,0.63,0.35,0.27,1
624167.31,1282662.00,764.50,763.00,764.50,0.63,0.35,0.27,1
624259.62,1282662.00,768.48,767.00,768.48,0.63,0.35,0.28,1
624351.88,1282662.00,767.47,766.00,767.47,0.63,0.36,0.28,1
624444.19,1282662.00,760.46,759.00,760.46,0.63,0.36,0.28,1
624536.44,1282662.00,757.45,756.00,757.45,0.62,0.35,0.27,1
624628.69,1282662.00,764.43,763.00,764.43,0.63,0.35,0.28,1
624721.00,1282662.00,766.42,765.00,766.42,0.64,0.37,0.29,1
624813.25,1282662.00,759.39,758.00,759.39,0.64,0.37,0.29,1
624905.56,1282662.00,755.35,754.00,755.35,0.63,0.36,0.28,1
624997.81,1282662.00,757.29,756.00,757.29,0.62,0.35,0.27,1
625090.12,1282662.00,768.21,767.00,768.21,0.61,0.34,0.27,1
625182.38,1282662.00,780.13,779.00,780.13,0.61,0.35,0.28,1
625274.69,1282662.00,778.09,777.00,778.09,0.61,0.35,0.28,1
625366.94,1282662.00,782.54,781.53,782.54,0.58,0.32,0.25,1
625459.19,1282662.00,-9999.00,-9999.00,-9999.00,0.71,0.71,0.71,0
614385.88,1282569.75,-9999.00,-9999.00,-9999.00,0.71,0.71,0.71,0
614478.12,1282569.75,753.89,753.00,753.89,0.28,0.03,-0.04,1
614570.44,1282569.75,761.92,761.00,761.92,0.60,0.35,0.28,1
614662.69,1282569.75,772.81,772.00,772.81,0.60,0.36,0.29,1
614755.00,1282569.75,777.87,777.00,777.87,0.60,0.36,0.29,1
614847.25,1282569.75,777.04,776.00,777.04,0.61,0.35,0.28,1
614939.56,1282569.75,778.26,777.00,778.26,0.60,0.34,0.26,1
615031.81,1282569.75,788.43,787.00,788.43,0.60,0.33,0.25,1
615124.12,1282569.75,798.54,797.00,798.54,0.61,0.34,0.26,1
615216.38,1282569.75,790.61,789.00,790.61,0.63,0.35,0.27,1
615308.62,1282569.75,777.65,776.00,777.65,0.63,0.35,0.27,1
615400.94,1282569.75,776.67,775.00,776.67,0.62,0.34,0.26,1
615493.19,1282569.75,787.68,786.00,787.68,0.62,0.34,0.26,1
615585.50,1282569.75,795.69,794.00,795.69,0.62,0.34,0.26,1
615677.75,1282569.75,786.69,785.00,786.69,0.63,0.35,0.27,1
615770.06,1282569.75,769.70,768.00,769.70,0.63,0.35,0.27,1
615862.31,1282569.75,772.70,771.00,772.70,0.63,0.35,0.27,1
615954.62,1282569.75,776.70,775.00,776.70,0.63,0.35,0.27,1
616046.88,1282569.75,766.70,765.00,766.70,0.63,0.35,0.27,1
616139.12,1282569.75,763.70,762.00,763.70,0.61,0.33,0.25,1
616231.44,1282569.75,776.70,775.00,776.70,0.60,0.32,0.24,1
616323.69,1282569.75,778.70,777.00,778.70,0.62,0.34,0.26,1
616416.00,1282569.75,775.69,774.00,775.69,0.62,0.34,0.26,1
616508.25,1282569.75,782.69,781.00,782.69,0.62,0.34,0.26,1
616600.56,1282569.75,780.68,779.00,780.68,0.62,0.34,0.26,1
616692.81,1282569.75,763.67,762.00,763.67,0.62,0.34,0.26,1
616785.12,1282569.75,766.67,765.00,766.67,0.62,0.34,0.26,1
616877.38,1282569.75,769.66,768.00,769.66,0.63,0.35,0.27,1
616969.62,1282569.75,779.64,778.00,779.64,0.62,0.34,0.26,1
617061.94,1282569.75,773.61,772.00,773.61,0.63,0.35,0.27,1
617154.19,1282569.75,765.57,764.00,765.57,0.62,0.34,0.26,1
617246.50,1282569.75,764.55,763.00,764.55,0.61,0.34,0.26,1
617338.75,1282569.75,755.53,754.00,755.53,0.62,0.34,0.26,1
617431.06,1282569.75,749.52,748.00,749.52,0.62,0.34,0.26,1
617523.31,1282569.75,746.51,745.00,746.51,0.62,0.35,0.27,1
617615.62,1282569.75,745.51,744.00,745.51,0.62,0.35,0.27,1
617707.88,1282569.75,747.51,746.00,747.51,0.62,0.35,0.27,1
617800.12,1282569.75,748.51,747.00,748.51,0.62,0.35,0.27,1
617892.44,1282569.75,746.51,745.00,746.51,0.63,0.35,0.27,1
617984.69,1282569.75,745.51,744.00,745.51,0.62,0.34,0.26,1
618077.00,1282569.75,752.51,751.00,752.51,0.61,0.33,0.26,1
618169.25,1282569.75,756.50,755.00,756.50,0.61,0.34,0.26,1
618261.56,1282569.75,751.48,750.00,751.48,0.62,0.34,0.27,1
618353.81,1282569.75,760.45,759.00,760.45,0.61,0.34,0.26,1
618446.12,1282569.75,775.42,774.00,775.42,0.61,0.34,0.26,1
618538.38,1282569.75,772.40,771.00,772.40,0.63,0.36,0.29,1
618630.62,1282569.75,761.40,760.00,761.40,0.63,0.36,0.28,1
618722.94,1282569.75,760.40,759.00,760.40,0.62,0.34,0.27,1
618815.19,1282569.75,765.40,764.00,765.40,0.61,0.34,0.26,1
618907.50,1282569.75,770.42,769.00,770.42,0.60,0.33,0.25,1
618999.75,1282569.75,780.44,779.00,780.44,0.60,0.33,0.25,1
619092.06,1282569.75,792.48,791.00,792.48,0.60,0.33,0.25,1
619184.31,1282569.75,802.51,801.00,802.51,0.60,0.32,0.25,1
619276.62,1282569.75,815.53,814.00,815.53,0.59,0.32,0.24,1
619368.88,1282569.75,832.54,831.00,832.54,0.60,0.32,0.24,1
619461.19,1282569.75,842.55,841.00,842.55,0.60,0.32,0.24,1
619553.44,1282569.75,860.54,859.00,860.54,0.59,0.31,0.23,1
619645.69,1282569.75,885.54,884.00,885.54,0.59,0.31,0.23,1
619738.00,1282569.75,907.53,906.00,907.53,0.60,0.32,0.24,1
619830.25,1282569.75,921.53,920.00,921.53,0.60,0.33,0.25,1
619922.56,1282569.75,941.54,940.00,941.54,0.61,0.33,0.25,1
620014.81,1282569.75,956.56,955.00,956.56,0.62,0.34,0.26,1
620107.12,1282569.75,964.61,963.00,964.61,0.63,0.35,0.27,1
620199.38,1282569.75,970.72,969.00,970.72,0.63,0.35,0.26,1
620291.69,1282569.75,980.91,979.00,980.91,0.62,0.33,0.25,1
620383.94,1282569.75,997.01,995.00,997.01,0.61,0.32,0.24,1
620476.19,1282569.75,1018.01,1016.00,1018.01,0.60,0.31,0.22,1
620568.50,1282569.75,1049.97,1048.00,1049.97,0.59,0.30,0.22,1
620660.75,1282569.75,1076.98,1075.00,1076.98,0.59,0.30,0.22,1
620753.06,1282569.75,1105.93,1104.00,1105.93,0.59,0.30,0.22,1
620845.31,1282569.75,1139.21,1138.00,1139.21,0.58,0.31,0.24,1
620937.62,1282569.75,1183.27,1183.00,1183.27,0.53,0.33,0.28,1
621029.88,1282569.75,1230.04,1230.00,1230.04,0.54,0.40,0.29,1
621122.19,1282569.75,1277.01,1277.00,1277.01,0.60,0.46,0.35,1
621214.44,1282569.75,1309.01,1309.00,1309.01,0.73,0.59,0.48,1
621306.69,1282569.75,1308.02,1308.00,1308.02,0.80,0.66,0.55,1
621399.00,1282569.75,1310.03,1310.00,1310.03,0.78,0.64,0.54,1
621491.25,1282569.75,1319.04,1319.00,1319.04,0.76,0.62,0.51,1
621583.56,1282569.75,1329.04,1329.00,1329.04,0.75,0.61,0.51,1
621675.81,1282569.75,1336.04,1336.00,1336.04,0.79,0.65,0.54,1
621768.12,1282569.75,1314.03,1314.00,1314.03,0.84,0.70,0.60,1
621860.38,1282569.75,1266.02,1266.00,1266.02,0.86,0.72,0.61,1
621952.69,1282569.75,1211.02,1211.00,1211.02,0.86,0.72,0.61,1
622044.94,1282569.75,1159.02,1159.00,1159.02,0.83,0.69,0.59,1
622137.19,1282569.75,1111.02,1111.00,1111.02,0.82,0.68,0.57,1
622229.50,1282569.75,1061.02,1061.00,1061.02,0.82,0.68,0.58,1
622321.75,1282569.75,1007.07,1007.00,1007.07,0.83,0.69,0.59,1
622414.06,1282569.75,963.71,963.00,963.71,0.69,0.46,0.39,1
622506.31,1282569.75,932.33,930.00,932.33,0.64,0.34,0.25,1
622598.62,1282569.75,904.14,901.00,904.14,0.62,0.30,0.21,1
622690.88,1282569.75,881.20,878.00,881.20,0.62,0.30,0.21,1
622783.19,1282569.75,862.13,859.00,862.13,0.62,0.30,0.21,1
622875.44,1282569.75,845.00,842.00,845.00,0.62,0.30,0.21,1
622967.69,1282569.75,828.84,826.00,828.84,0.62,0.30,0.21,1
623060.00,1282569.75,814.61,812.00,814.61,0.62,0.31,0.22,1
623152.25,1282569.75,807.31,805.00,807.31,0.62,0.32,0.23,1
623244.56,1282569.75,806.06,804.00,806.06,0.62,0.32,0.24,1
623336.81,1282569.75,804.89,803.00,804.89,0.63,0.34,0.26,1
623429.12,1282569.75,791.78,790.00,791.78,0.63,0.35,0.27,1
623521.38,1282569.75,778.72,777.00,778.72,0.63,0.35,0.27,1
623613.69,1282569.75,775.67,774.00,775.67,0.62,0.34,0.26,1
623705.94,1282569.75,779.63,778.00,779.63,0.62,0.34,0.26,1
623798.19,1282569.75,780.60,779.00,780.60,0.63,0.35,0.27,1
623890.50,1282569.75,774.58,773.00,774.58,0.63,0.35,0.27,1
623982.75,1282569.75,766.55,765.00,766.55,0.63,0.35,0.27,1
624075.06,1282569.75,767.53,766.00,767.53,0.62,0.35,0.27,1
624167.31,1282569.75,773.51,772.00,773.51,0.62,0.35,0.27,1
624259.62,1282569.75,774.50,773.00,774.50,0.63,0.35,0.28,1
624351.88,1282569.75,768.48,767.00,768.48,0.63,0.36,0.28,1
624444.19,1282569.75,759.47,758.00,759.47,0.63,0.35,0.28,1
624536.44,1282569.75,759.47,758.00,759.47,0.62,0.34,0.26,1
624628.69,1282569.75,772.46,771.00,772.46,0.61,0.34,0.26,1
624721.00,1282569.75,781.44,780.00,781.44,0.63,0.36,0.28,1
624813.25,1282569.75,774.41,773.00,774.41,0.65,0.38,0.30,1
624905.56,1282569.75,762.36,761.00,762.36,0.64,0.37,0.30,1
624997.81,1282569.75,757.30,756.00,757.30,0.63,0.36,0.28,1
625090.12,1282569.75,762.20,761.00,762.20,0.61,0.35,0.27,1
625182.38,1282569.75,768.11,767.00,768.11,0.61,0.35,0.27,1
625274.69,1282569.75,765.07,764.00,765.07,0.61,0.35,0.28,1
625366.94,1282569.75,776.87,775.86,776.87,0.58,0.32,0.25,1
625459.19,1282569.75,-9999.00,-9999.00,-9999.00,0.71,0.71,0.71,0
614385.88,1282477.38,-9999.00,-9999.00,-9999.00,0.71,0.71,0.71,0
614478.12,1282477.38,750.03,749.00,750.03,0.30,0.05,-0.02,1
614570.44,1282477.38,753.06,752.00,753.06,0.62,0.36,0.29,1
614662.69,1282477.38,758.01,757.00,758.01,0.61,0.35,0.28,1
614755.00,1282477.38,761.04,760.00,761.04,0.61,0.36,0.28,1
614847.25,1282477.38,762.14,761.00,762.14,0.62,0.35,0.28,1
614939.56,1282477.38,767.31,766.00,767.31,0.61,0.34,0.27,1
615031.81,1282477.38,774.45,773.00,774.45,0.60,0.33,0.25,1
615124.12,1282477.38,785.56,784.00,785.56,0.60,0.33,0.25,1
615216.38,1282477.38,783.62,782.00,783.62,0.62,0.34,0.26,1
615308.62,1282477.38,780.66,779.00,780.66,0.62,0.34,0.26,1
615400.94,1282477.38,788.67,787.00,788.67,0.62,0.34,0.26,1
615493.19,1282477.38,796.68,795.00,796.68,0.63,0.34,0.26,1
615585.50,1282477.38,789.69,788.00,789.69,0.62,0.34,0.26,1
615677.75,1282477.38,776.69,775.00,776.69,0.62,0.34,0.26,1
615770.06,1282477.38,775.70,774.00,775.70,0.62,0.34,0.26,1
615862.31,1282477.38,788.70,787.00,788.70,0.63,0.34,0.26,1
615954.62,1282477.38,787.70,786.00,787.70,0.63,0.35,0.27,1
616046.88,1282477.38,774.70,773.00,774.70,0.64,0.36,0.28,1
616139.12,1282477.38,760.70,759.00,760.70,0.62,0.34,0.26,1
616231.44,1282477.38,764.70,763.00,764.70,0.61,0.32,0.24,1
616323.69,1282477.38,769.70,768.00,769.70,0.61,0.33,0.25,1
616416.00,1282477.38,770.69,769.00,770.69,0.61,0.33,0.25,1
616508.25,1282477.38,777.69,776.00,777.69,0.61,0.33,0.25,1
616600.56,1282477.38,775.68,774.00,775.68,0.62,0.34,0.26,1
616692.81,1282477.38,761.67,760.00,761.67,0.62,0.34,0.26,1
616785.12,1282477.38,770.67,769.00,770.67,0.61,0.33,0.25,1
616877.38,1282477.38,780.66,779.00,780.66,0.62,0.34,0.26,1
616969.62,1282477.38,779.63,778.00,779.63,0.62,0.34,0.26,1
617061.94,1282477.38,769.60,768.00,769.60,0.62,0.35,0.27,1
617154.19,1282477.38,757.57,756.00,757.57,0.63,0.35,0.27,1
617246.50,1282477.38,753.55,752.00,753.55,0.62,0.34,0.27,1
617338.75,1282477.38,751.53,750.00,751.53,0.63,0.35,0.27,1
617431.06,1282477.38,746.52,745.00,746.52,0.63,0.35,0.27,1
617523.31,1282477.38,744.52,743.00,744.52,0.62,0.35,0.27,1
617615.62,1282477.38,749.52,748.00,749.52,0.62,0.35,0.27,1
617707.88,1282477.38,748.52,747.00,748.52,0.62,0.35,0.27,1
617800.12,1282477.38,748.53,747.00,748.53,0.62,0.34,0.27,1
617892.44,1282477.38,748.53,747.00,748.53,0.62,0.35,0.27,1
617984.69,1282477.38,744.54,743.00,744.54,0.62,0.35,0.27,1
618077.00,1282477.38,746.53,745.00,746.53,0.62,0.34,0.26,1
618169.25,1282477.38,748.53,747.00,748.53,0.61,0.34,0.26,1
618261.56,1282477.38,750.51,749.00,750.51,0.61,0.34,0.26,1
618353.81,1282477.38,761.49,760.00,761.49,0.61,0.33,0.25,1
618446.12,1282477.38,771.46,770.00,771.46,0.60,0.33,0.25,1
618538.38,1282477.38,775.45,774.00,775.45,0.62,0.35,0.27,1
618630.62,1282477.38,763.45,762.00,763.45,0.63,0.36,0.28,1
618722.94,1282477.38,753.45,752.00,753.45,0.62,0.35,0.27,1
618815.19,1282477.38,755.46,754.00,755.46,0.61,0.34,0.26,1
618907.50,1282477.38,758.47,757.00,758.47,0.61,0.33,0.25,1
618999.75,1282477.38,769.50,768.00,769.50,0.60,0.32,0.24,1
619092.06,1282477.38,784.52,783.00,784.52,0.60,0.32,0.24,1
619184.31,1282477.38,797.54,796.00,797.54,0.60,0.33,0.25,1
619276.62,1282477.38,808.55,807.00,808.55,0.60,0.33,0.25,1
619368.88,1282477.38,823.55,822.00,823.55,0.60,0.32,0.24,1
619461.19,1282477.38,839.55,838.00,839.55,0.60,0.32,0.24,1
619553.44,1282477.38,861.54,860.00,861.54,0.60,0.32,0.24,1
619645.69,1282477.38,887.52,886.00,887.52,0.60,0.33,0.25,1
619738.00,1282477.38,904.48,903.00,904.48,0.61,0.33,0.25,1
619830.25,1282477.38,923.46,922.00,923.46,0.60,0.33,0.25,1
619922.56,1282477.38,946.46,945.00,946.46,0.61,0.33,0.26,1
620014.81,1282477.38,963.49,962.00,963.49,0.61,0.33,0.26,1
620107.12,1282477.38,986.56,985.00,986.56,0.62,0.34,0.26,1
620199.38,1282477.38,1001.70,1000.00,1001.70,0.63,0.35,0.27,1
620291.69,1282477.38,1007.90,1006.00,1007.90,0.63,0.34,0.26,1
620383.94,1282477.38,1020.00,1018.00,1020.00,0.62,0.33,0.25,1
620476.19,1282477.38,1038.97,1037.00,1038.97,0.62,0.33,0.24,1
620568.50,1282477.38,1060.90,1059.00,1060.90,0.61,0.32,0.24,1
620660.75,1282477.38,1079.90,1078.00,1079.90,0.60,0.31,0.23,1
620753.06,1282477.38,1109.78,1108.00,1109.78,0.58,0.30,0.21,1
620845.31,1282477.38,1156.00,1155.00,1156.00,0.56,0.31,0.24,1
620937.62,1282477.38,1197.20,1197.00,1197.20,0.53,0.34,0.29,1
621029.88,1282477.38,1247.04,1247.00,1247.04,0.55,0.41,0.30,1
621122.19,1282477.38,1284.01,1284.00,1284.01,0.56,0.42,0.31,1
621214.44,1282477.38,1318.01,1318.00,1318.01,0.59,0.45,0.34,1
621306.69,1282477.38,1333.02,1333.00,1333.02,0.68,0.54,0.44,1
621399.00,1282477.38,1337.04,1337.00,1337.04,0.71,0.57,0.47,1
621491.25,1282477.38,1345.05,1345.00,1345.05,0.71,0.57,0.46,1
621583.56,1282477.38,1356.06,1356.00,1356.06,0.74,0.60,0.49,1
621675.81,1282477.38,1359.06,1359.00,1359.06,0.79,0.65,0.55,1
621768.12,1282477.38,1342.04,1342.00,1342.04,0.85,0.71,0.61,1
621860.38,1282477.38,1301.02,1301.00,1301.02,0.87,0.73,0.63,1
621952.69,1282477.38,1242.02,1242.00,1242.02,0.87,0.73,0.63,1
622044.94,1282477.38,1171.01,1171.00,1171.01,0.85,0.71,0.61,1
622137.19,1282477.38,1112.01,1112.00,1112.01,0.84,0.70,0.59,1
622229.50,1282477.38,1067.01,1067.00,1067.01,0.83,0.69,0.58,1
622321.75,1282477.38,1021.02,1021.00,1021.02,0.84,0.70,0.60,1
622414.06,1282477.38,979.26,979.00,979.26,0.74,0.55,0.49,1
622506.31,1282477.38,948.38,947.00,948.38,0.67,0.40,0.32,1
622598.62,1282477.38,915.62,913.00,915.62,0.64,0.33,0.24,1
622690.88,1282477.38,887.01,884.00,887.01,0.63,0.31,0.22,1
622783.19,1282477.38,861.04,858.00,861.04,0.62,0.30,0.21,1
622875.44,1282477.38,837.00,834.00,837.00,0.62,0.30,0.21,1
622967.69,1282477.38,819.90,817.00,819.90,0.61,0.30,0.21,1
623060.00,1282477.38,807.73,805.00,807.73,0.61,0.30,0.21,1
623152.25,1282477.38,798.46,796.00,798.46,0.61,0.31,0.22,1
623244.56,1282477.38,797.17,795.00,797.17,0.61,0.31,0.23,1
623336.81,1282477.38,801.96,800.00,801.96,0.61,0.32,0.24,1
623429.12,1282477.38,796.83,795.00,796.83,0.63,0.34,0.26,1
623521.38,1282477.38,783.74,782.00,783.74,0.63,0.35,0.27,1
623613.69,1282477.38,779.69,778.00,779.69,0.62,0.34,0.26,1
623705.94,1282477.38,783.65,782.00,783.65,0.62,0.34,0.26,1
623798.19,1282477.38,781.61,780.00,781.61,0.62,0.35,0.27,1
623890.50,1282477.38,774.58,773.00,774.58,0.62,0.35,0.27,1
623982.75,1282477.38,768.56,767.00,768.56,0.62,0.34,0.26,1
624075.06,1282477.38,770.54,769.00,770.54,0.62,0.34,0.26,1
624167.31,1282477.38,773.53,772.00,773.53,0.61,0.34,0.26,1
624259.62,1282477.38,774.51,773.00,774.51,0.62,0.34,0.26,1
624351.88,1282477.38,769.50,768.00,769.50,0.63,0.35,0.27,1
624444.19,1282477.38,761.49,760.00,761.49,0.63,0.35,0.27,1
624536.44,1282477.38,760.49,759.00,760.49,0.62,0.34,0.26,1
624628.69,1282477.38,769.48,768.00,769.48,0.61,0.33,0.25,1
624721.00,1282477.38,783.46,782.00,783.46,0.61,0.34,0.26,1
624813.25,1282477.38,784.42,783.00,784.42,0.64,0.37,0.29,1
624905.56,1282477.38,770.38,769.00,770.38,0.65,0.38,0.30,1
624997.81,1282477.38,759.30,758.00,759.30,0.64,0.37,0.29,1
625090.12,1282477.38,757.20,756.00,757.20,0.62,0.36,0.29,1
625182.38,1282477.38,758.09,757.00,758.09,0.62,0.36,0.29,1
625274.69,1282477.38,759.04,758.00,759.04,0.61,0.36,0.29,1
625366.94,1282477.38,773.62,772.62,773.62,0.58,0.32,0.25,1
625459.19,1282477.38,-9999.00,-9999.00,-9999.00,0.71,0.71,0.71,0
614385.88,1282385.12,-9999.00,-9999.00,-9999.00,0.71,0.71,0.71,0
614478.12,1282385.12,754.06,753.00,754.06,0.31,0.05,-0.02,1
614570.44,1282385.12,754.09,753.00,754.09,0.63,0.38,0.30,1
614662.69,1282385.12,754.09,753.00,754.09,0.62,0.37,0.29,1
614755.00,1282385.12,761.13,760.00,761.13,0.62,0.36,0.28,1
614847.25,1282385.12,766.23,765.00,766.23,0.62,0.36,0.28,1
614939.56,1282385.12,769.37,768.00,769.37,0.63,0.36,0.28,1
615031.81,1282385.12,770.49,769.00,770.49,0.62,0.35,0.27,1
615124.12,1282385.12,774.58,773.00,774.58,0.61,0.34,0.26,1
615216.38,1282385.12,777.63,776.00,777.63,0.61,0.33,0.25,1
615308.62,1282385.12,790.66,789.00,790.66,0.61,0.33,0.25,1
615400.94,1282385.12,803.67,802.00,803.67,0.62,0.34,0.26,1
615493.19,1282385.12,797.68,796.00,797.68,0.63,0.35,0.27,1
615585.50,1282385.12,779.69,778.00,779.69,0.62,0.34,0.26,1
615677.75,1282385.12,770.70,769.00,770.70,0.62,0.34,0.26,1
615770.06,1282385.12,780.70,779.00,780.70,0.61,0.33,0.25,1
615862.31,1282385.12,796.70,795.00,796.70,0.62,0.34,0.26,1
615954.62,1282385.12,790.70,789.00,790.70,0.63,0.35,0.27,1
616046.88,1282385.12,776.70,775.00,776.70,0.63,0.35,0.27,1
616139.12,1282385.12,760.70,759.00,760.70,0.63,0.35,0.27,1
616231.44,1282385.12,759.70,758.00,759.70,0.62,0.34,0.26,1
616323.69,1282385.12,762.70,761.00,762.70,0.62,0.33,0.25,1
616416.00,1282385.12,765.69,764.00,765.69,0.62,0.34,0.26,1
616508.25,1282385.12,769.69,768.00,769.69,0.62,0.34,0.26,1
616600.56,1282385.12,766.69,765.00,766.69,0.62,0.34,0.26,1
616692.81,1282385.12,761.68,760.00,761.68,0.62,0.34,0.26,1
616785.12,1282385.12,774.67,773.00,774.67,0.61,0.33,0.25,1
616877.38,1282385.12,782.65,781.00,782.65,0.63,0.35,0.27,1
616969.62,1282385.12,765.63,764.00,765.63,0.62,0.34,0.26,1
617061.94,1282385.12,760.60,759.00,760.60,0.62,0.34,0.26,1
617154.19,1282385.12,760.57,759.00,760.57,0.63,0.35,0.27,1
617246.50,1282385.12,757.55,756.00,757.55,0.63,0.35,0.27,1
617338.75,1282385.12,759.54,758.00,759.54,0.63,0.36,0.28,1
617431.06,1282385.12,753.53,752.00,753.53,0.63,0.36,0.28,1
617523.31,1282385.12,750.53,749.00,750.53,0.63,0.36,0.28,1
617615.62,1282385.12,754.53,753.00,754.53,0.63,0.35,0.27,1
617707.88,1282385.12,750.53,749.00,750.53,0.63,0.35,0.27,1
617800.12,1282385.12,746.54,745.00,746.54,0.62,0.35,0.27,1
617892.44,1282385.12,747.55,746.00,747.55,0.62,0.34,0.26,1
617984.69,1282385.12,748.55,747.00,748.55,0.63,0.35,0.27,1
618077.00,1282385.12,748.55,747.00,748.55,0.62,0.35,0.27,1
618169.25,1282385.12,746.55,745.00,746.55,0.62,0.34,0.26,1
618261.56,1282385.12,747.54,746.00,747.54,0.62,0.34,0.26,1
618353.81,1282385.12,753.53,752.00,753.53,0.61,0.33,0.25,1
618446.12,1282385.12,758.51,757.00,758.51,0.61,0.33,0.25,1
618538.38,1282385.12,761.51,760.00,761.51,0.61,0.33,0.25,1
618630.62,1282385.12,755.51,754.00,755.51,0.62,0.34,0.27,1
618722.94,1282385.12,747.51,746.00,747.51,0.62,0.35,0.27,1
618815.19,1282385.12,751.51,750.00,751.51,0.62,0.34,0.26,1
618907.50,1282385.12,757.53,756.00,757.53,0.61,0.34,0.26,1
618999.75,1282385.12,766.55,765.00,766.55,0.60,0.33,0.25,1
619092.06,1282385.12,780.56,779.00,780.56,0.60,0.32,0.24,1
619184.31,1282385.12,794.57,793.00,794.57,0.60,0.32,0.24,1
619276.62,1282385.12,809.57,808.00,809.57,0.60,0.32,0.24,1
619368.88,1282385.12,823.57,822.00,823.57,0.60,0.32,0.24,1
619461.19,1282385.12,844.56,843.00,844.56,0.59,0.31,0.23,1
619553.44,1282385.12,868.55,867.00,868.55,0.59,0.31,0.23,1
619645.69,1282385.12,898.52,897.00,898.52,0.59,0.31,0.23,1
619738.00,1282385.12,918.44,917.00,918.44,0.60,0.33,0.25,1
619830.25,1282385.12,938.36,937.00,938.36,0.61,0.34,0.26,1
619922.56,1282385.12,961.33,960.00,961.33,0.61,0.34,0.26,1
620014.81,1282385.12,979.33,978.00,979.33,0.61,0.34,0.27,1
620107.12,1282385.12,1006.37,1005.00,1006.37,0.61,0.34,0.26,1
620199.38,1282385.12,1031.45,1030.00,1031.45,0.62,0.34,0.27,1
620291.69,1282385.12,1048.51,1047.00,1048.51,0.63,0.36,0.28,1
620383.94,1282385.12,1060.49,1059.00,1060.49,0.64,0.36,0.28,1
620476.19,1282385.12,1076.48,1075.00,1076.48,0.64,0.36,0.29,1
620568.50,1282385.12,1084.53,1083.00,1084.53,0.64,0.36,0.28,1
620660.75,1282385.12,1097.58,1096.00,1097.58,0.62,0.34,0.26,1
620753.06,1282385.12,1122.46,1121.00,1122.46,0.60,0.32,0.25,1
620845.31,1282385.12,1156.86,1156.00,1156.86,0.56,0.31,0.24,1
620937.62,1282385.12,1200.25,1200.00,1200.25,0.51,0.31,0.26,1
621029.88,1282385.12,1248.07,1248.00,1248.07,0.50,0.36,0.25,1
621122.19,1282385.12,1278.03,1278.00,1278.03,0.53,0.39,0.28,1
621214.44,1282385.12,1299.02,1299.00,1299.02,0.52,0.38,0.28,1
621306.69,1282385.12,1317.03,1317.00,1317.03,0.56,0.42,0.31,1
621399.00,1282385.12,1328.05,1328.00,1328.05,0.60,0.46,0.36,1
621491.25,1282385.12,1345.07,1345.00,1345.07,0.61,0.47,0.36,1
621583.56,1282385.12,1370.08,1370.00,1370.08,0.62,0.48,0.37,1
621675.81,1282385.12,1382.08,1382.00,1382.08,0.70,0.56,0.46,1
621768.12,1282385.12,1372.06,1372.00,1372.06,0.80,0.66,0.55,1
621860.38,1282385.12,1334.03,1334.00,1334.03,0.85,0.71,0.61,1
621952.69,1282385.12,1273.02,1273.00,1273.02,0.86,0.72,0.61,1
622044.94,1282385.12,1198.01,1198.00,1198.01,0.86,0.72,0.62,1
622137.19,1282385.12,1134.01,1134.00,1134.01,0.86,0.72,0.62,1
622229.50,1282385.12,1082.01,1082.00,1082.01,0.85,0.71,0.61,1
622321.75,1282385.12,1039.01,1039.00,1039.01,0.84,0.70,0.60,1
622414.06,1282385.12,1001.06,1001.00,1001.06,0.84,0.70,0.59,1
622506.31,1282385.12,967.53,967.00,967.53,0.71,0.49,0.42,1
622598.62,1282385.12,929.71,928.00,929.71,0.66,0.38,0.29,1
622690.88,1282385.12,896.57,894.00,896.57,0.63,0.33,0.24,1
622783.19,1282385.12,867.86,865.00,867.86,0.63,0.32,0.23,1
622875.44,1282385.12,837.96,835.00,837.96,0.63,0.31,0.22,1
622967.69,1282385.12,809.92,807.00,809.92,0.62,0.31,0.22,1
623060.00,1282385.12,794.80,792.00,794.80,0.61,0.30,0.21,1
623152.25,1282385.12,785.58,783.00,785.58,0.61,0.30,0.21,1
623244.56,1282385.12,788.30,786.00,788.30,0.60,0.30,0.22,1
623336.81,1282385.12,798.06,796.00,798.06,0.61,0.31,0.23,1
623429.12,1282385.12,796.89,795.00,796.89,0.62,0.33,0.25,1
623521.38,1282385.12,787.79,786.00,787.79,0.63,0.34,0.26,1
623613.69,1282385.12,783.71,782.00,783.71,0.62,0.34,0.26,1
623705.94,1282385.12,783.66,782.00,783.66,0.62,0.34,0.26,1
623798.19,1282385.12,777.62,776.00,777.62,0.63,0.35,0.27,1
623890.50,1282385.12,767.59,766.00,767.59,0.62,0.35,0.27,1
623982.75,1282385.12,761.57,760.00,761.57,0.62,0.34,0.26,1
624075.06,1282385.12,764.55,763.00,764.55,0.61,0.34,0.26,1
624167.31,1282385.12,765.54,764.00,765.54,0.62,0.34,0.26,1
624259.62,1282385.12,763.53,762.00,763.53,0.62,0.34,0.26,1
624351.88,1282385.12,761.52,760.00,761.52,0.62,0.34,0.26,1
624444.19,1282385.12,758.51,757.00,758.51,0.62,0.35,0.27,1
624536.44,1282385.12,759.50,758.00,759.50,0.62,0.34,0.26,1
624628.69,1282385.12,767.49,766.00,767.49,0.61,0.33,0.26,1
624721.00,1282385.12,781.48,780.00,781.48,0.61,0.33,0.25,1
624813.25,1282385.12,789.44,788.00,789.44,0.62,0.35,0.27,1
624905.56,1282385.12,780.40,779.00,780.40,0.64,0.37,0.29,1
624997.81,1282385.12,764.32,763.00,764.32,0.64,0.37,0.30,1
625090.12,1282385.12,757.21,756.00,757.21,0.63,0.37,0.29,1
625182.38,1282385.12,757.09,756.00,757.09,0.62,0.37,0.29,1
625274.69,1282385.12,763.01,762.00,763.01,0.62,0.37,0.30,1
625366.94,1282385.12,770.37,769.37,770.37,0.58,0.32,0.25,1
625459.19,1282385.12,-9999.00,-9999.00,-9999.00,0.71,0.71,0.71,0
614385.88,1282292.88,-9999.00,-9999.00,-9999.00,0.71,0.71,0.71,0
614478.12,1282292.88,769.07,768.00,769.07,0.31,0.06,-0.02,1
614570.44,1282292.88,764.11,763.00,764.11,0.65,0.39,0.32,1
614662.69,1282292.88,759.12,758.00,759.12,0.64,0.38,0.31,1
614755.00,1282292.88,761.18,760.00,761.18,0.62,0.36,0.28,1
614847.25,1282292.88,768.29,767.00,768.29,0.61,0.35,0.27,1
614939.56,1282292.88,777.42,776.00,777.42,0.62,0.35,0.27,1
615031.81,1282292.88,783.52,782.00,783.52,0.63,0.36,0.28,1
615124.12,1282292.88,777.59,776.00,777.59,0.63,0.35,0.27,1
615216.38,1282292.88,777.63,776.00,777.63,0.62,0.34,0.26,1
615308.62,1282292.88,791.66,790.00,791.66,0.61,0.33,0.25,1
615400.94,1282292.88,803.67,802.00,803.67,0.62,0.34,0.25,1
615493.19,1282292.88,790.68,789.00,790.68,0.63,0.34,0.26,1
615585.50,1282292.88,772.69,771.00,772.69,0.62,0.34,0.26,1
615677.75,1282292.88,774.69,773.00,774.69,0.62,0.33,0.25,1
615770.06,1282292.88,789.69,788.00,789.69,0.61,0.33,0.25,1
615862.31,1282292.88,798.70,797.00,798.70,0.62,0.34,0.26,1
615954.62,1282292.88,786.70,785.00,786.70,0.63,0.35,0.27,1
616046.88,1282292.88,772.70,771.00,772.70,0.63,0.35,0.26,1
616139.12,1282292.88,764.70,763.00,764.70,0.63,0.35,0.27,1
616231.44,1282292.88,764.70,763.00,764.70,0.63,0.35,0.26,1
616323.69,1282292.88,766.70,765.00,766.70,0.62,0.34,0.26,1
616416.00,1282292.88,775.69,774.00,775.69,0.62,0.34,0.26,1
616508.25,1282292.88,777.69,776.00,777.69,0.63,0.35,0.27,1
616600.56,1282292.88,769.69,768.00,769.69,0.63,0.35,0.27,1
616692.81,1282292.88,766.68,765.00,766.68,0.62,0.34,0.26,1
616785.12,1282292.88,778.67,777.00,778.67,0.61,0.33,0.25,1
616877.38,1282292.88,782.65,781.00,782.65,0.63,0.35,0.27,1
616969.62,1282292.88,756.63,755.00,756.63,0.63,0.35,0.27,1
617061.94,1282292.88,762.60,761.00,762.60,0.62,0.34,0.26,1
617154.19,1282292.88,771.57,770.00,771.57,0.63,0.35,0.27,1
617246.50,1282292.88,766.55,765.00,766.55,0.63,0.36,0.28,1
617338.75,1282292.88,768.54,767.00,768.54,0.63,0.36,0.28,1
617431.06,1282292.88,760.53,759.00,760.53,0.63,0.36,0.28,1
617523.31,1282292.88,762.53,761.00,762.53,0.63,0.36,0.28,1
617615.62,1282292.88,760.53,759.00,760.53,0.63,0.36,0.28,1
617707.88,1282292.88,748.54,747.00,748.54,0.63,0.35,0.27,1
617800.12,1282292.88,745.54,744.00,745.54,0.63,0.35,0.27,1
617892.44,1282292.88,748.55,747.00,748.55,0.62,0.34,0.26,1
617984.69,1282292.88,753.57,752.00,753.57,0.63,0.35,0.27,1
618077.00,1282292.88,749.57,748.00,749.57,0.63,0.35,0.27,1
618169.25,1282292.88,745.57,744.00,745.57,0.62,0.34,0.26,1
618261.56,1282292.88,746.57,745.00,746.57,0.62,0.34,0.26,1
618353.81,1282292.88,749.56,748.00,749.56,0.61,0.34,0.26,1
618446.12,1282292.88,752.56,751.00,752.56,0.62,0.34,0.26,1
618538.38,1282292.88,750.55,749.00,750.55,0.62,0.35,0.27,1
618630.62,1282292.88,747.55,746.00,747.55,0.63,0.35,0.27,1
618722.94,1282292.88,747.56,746.00,747.56,0.62,0.35,0.27,1
618815.19,1282292.88,752.56,751.00,752.56,0.62,0.34,0.26,1
618907.50,1282292.88,759.57,758.00,759.57,0.61,0.34,0.26,1
618999.75,1282292.88,764.59,763.00,764.59,0.61,0.33,0.25,1
619092.06,1282292.88,773.59,772.00,773.59,0.60,0.32,0.24,1
619184.31,1282292.88,785.60,784.00,785.60,0.59,0.31,0.23,1
619276.62,1282292.88,803.60,802.00,803.60,0.59,0.31,0.23,1
619368.88,1282292.88,818.60,817.00,818.60,0.59,0.32,0.24,1
619461.19,1282292.88,836.60,835.00,836.60,0.58,0.30,0.22,1
619553.44,1282292.88,861.60,860.00,861.60,0.57,0.30,0.22,1
619645.69,1282292.88,886.54,885.00,886.54,0.57,0.29,0.22,1
619738.00,1282292.88,914.42,913.00,914.42,0.58,0.30,0.23,1
619830.25,1282292.88,943.25,942.00,943.25,0.58,0.32,0.24,1
619922.56,1282292.88,972.14,971.00,972.14,0.59,0.33,0.25,1
620014.81,1282292.88,1000.05,999.00,1000.05,0.60,0.34,0.27,1
620107.12,1282292.88,1022.99,1022.00,1022.99,0.60,0.34,0.27,1
620199.38,1282292.88,1044.95,1044.00,1044.95,0.59,0.34,0.27,1
620291.69,1282292.88,1074.87,1074.00,1074.87,0.59,0.35,0.28,1
620383.94,1282292.88,1100.79,1100.00,1100.79,0.62,0.38,0.31,1
620476.19,1282292.88,1116.80,1116.00,1116.80,0.65,0.40,0.34,1
620568.50,1282292.88,1123.93,1123.00,1123.93,0.65,0.40,0.33,1
620660.75,1282292.88,1131.04,1130.00,1131.04,0.65,0.39,0.32,1
620753.06,1282292.88,1141.00,1140.00,1141.00,0.63,0.38,0.30,1
620845.31,1282292.88,1157.76,1157.00,1157.76,0.60,0.35,0.29,1
620937.62,1282292.88,1191.39,1191.00,1191.39,0.54,0.33,0.27,1
621029.88,1282292.88,1223.17,1223.00,1223.17,0.50,0.32,0.27,1
621122.19,1282292.88,1244.07,1244.00,1244.07,0.50,0.36,0.25,1
621214.44,1282292.88,1265.04,1265.00,1265.04,0.49,0.35,0.25,1
621306.69,1282292.88,1286.04,1286.00,1286.04,0.49,0.35,0.24,1
621399.00,1282292.88,1312.05,1312.00,1312.05,0.51,0.37,0.27,1
621491.25,1282292.88,1337.08,1337.00,1337.08,0.56,0.42,0.31,1
621583.56,1282292.88,1350.09,1350.00,1350.09,0.55,0.41,0.31,1
621675.81,1282292.88,1360.09,1360.00,1360.09,0.57,0.43,0.32,1
621768.12,1282292.88,1360.08,1360.00,1360.08,0.66,0.52,0.41,1
621860.38,1282292.88,1338.04,1338.00,1338.04,0.80,0.66,0.55,1
621952.69,1282292.88,1286.02,1286.00,1286.02,0.85,0.71,0.60,1
622044.94,1282292.88,1220.01,1220.00,1220.01,0.85,0.71,0.61,1
622137.19,1282292.88,1163.01,1163.00,1163.01,0.86,0.72,0.61,1
622229.50,1282292.88,1107.01,1107.00,1107.01,0.85,0.71,0.61,1
622321.75,1282292.88,1054.00,1054.00,1054.00,0.83,0.69,0.59,1
622414.06,1282292.88,1014.01,1014.00,1014.01,0.82,0.68,0.58,1
622506.31,1282292.88,978.17,978.00,978.17,0.74,0.56,0.51,1
622598.62,1282292.88,939.84,939.00,939.84,0.69,0.44,0.37,1
622690.88,1282292.88,906.89,905.00,906.89,0.65,0.36,0.28,1
622783.19,1282292.88,881.56,879.00,881.56,0.63,0.33,0.24,1
622875.44,1282292.88,855.86,853.00,855.86,0.63,0.31,0.23,1
622967.69,1282292.88,824.89,822.00,824.89,0.63,0.31,0.22,1
623060.00,1282292.88,796.83,794.00,796.83,0.62,0.31,0.22,1
623152.25,1282292.88,781.68,779.00,781.68,0.62,0.31,0.22,1
623244.56,1282292.88,780.44,778.00,780.44,0.61,0.30,0.22,1
623336.81,1282292.88,789.17,787.00,789.17,0.60,0.31,0.22,1
623429.12,1282292.88,791.97,790.00,791.97,0.61,0.32,0.24,1
623521.38,1282292.88,786.83,785.00,786.83,0.62,0.33,0.25,1
623613.69,1282292.88,782.74,781.00,782.74,0.62,0.34,0.25,1
623705.94,1282292.88,781.68,780.00,781.68,0.62,0.34,0.26,1
623798.19,1282292.88,775.63,774.00,775.63,0.63,0.35,0.27,1
623890.50,1282292.88,766.60,765.00,766.60,0.63,0.35,0.27,1
623982.75,1282292.88,760.57,759.00,760.57,0.63,0.35,0.27,1
624075.06,1282292.88,760.56,759.00,760.56,0.62,0.34,0.27,1
624167.31,1282292.88,761.54,760.00,761.54,0.62,0.35,0.27,1
624259.62,1282292.88,759.54,758.00,759.54,0.62,0.35,0.27,1
624351.88,1282292.88,758.53,757.00,758.53,0.62,0.35,0.27,1
624444.19,1282292.88,757.52,756.00,757.52,0.62,0.34,0.27,1
624536.44,1282292.88,761.52,760.00,761.52,0.62,0.34,0.26,1
624628.69,1282292.88,768.51,767.00,768.51,0.62,0.34,0.26,1
624721.00,1282292.88,776.49,775.00,776.49,0.61,0.34,0.26,1
624813.25,1282292.88,782.47,781.00,782.47,0.62,0.34,0.26,1
624905.56,1282292.88,774.42,773.00,774.42,0.63,0.35,0.28,1
624997.81,1282292.88,763.35,762.00,763.35,0.63,0.36,0.28,1
625090.12,1282292.88,758.24,757.00,758.24,0.63,0.37,0.29,1
625182.38,1282292.88,759.11,758.00,759.11,0.63,0.37,0.29,1
625274.69,1282292.88,765.03,764.00,765.03,0.62,0.36,0.29,1
625366.94,1282292.88,772.14,771.12,772.14,0.58,0.32,0.25,1
625459.19,1282292.88,-9999.00,-9999.00,-9999.00,0.71,0.71,0.71,0
614385.88,1282200.62,-9999.00,-9999.00,-9999.00,0.71,0.71,0.71,0
614478.12,1282200.62,788.07,787.00,788.07,0.31,0.06,-0.02,1
614570.44,1282200.62,782.12,781.00,782.12,0.66,0.40,0.32,1
614662.69,1282200.62,770.14,769.00,770.14,0.65,0.39,0.32,1
614755.00,1282200.62,761.22,760.00,761.22,0.63,0.37,0.29,1
614847.25,1282200.62,766.34,765.00,766.34,0.61,0.34,0.26,1
614939.56,1282200.62,780.46,779.00,780.46,0.60,0.33,0.25,1
615031.81,1282200.62,789.54,788.00,789.54,0.61,0.34,0.26,1
615124.12,1282200.62,787.60,786.00,787.60,0.63,0.35,0.27,1
615216.38,1282200.62,785.64,784.00,785.64,0.62,0.34,0.26,1
615308.62,1282200.62,793.66,792.00,793.66,0.62,0.34,0.26,1
615400.94,1282200.62,794.68,793.00,794.68,0.62,0.34,0.26,1
615493.19,1282200.62,780.69,779.00,780.69,0.63,0.35,0.27,1
615585.50,1282200.62,769.69,768.00,769.69,0.62,0.34,0.26,1
615677.75,1282200.62,779.70,778.00,779.70,0.61,0.33,0.25,1
615770.06,1282200.62,794.70,793.00,794.70,0.61,0.33,0.25,1
615862.31,1282200.62,796.70,795.00,796.70,0.62,0.34,0.26,1
615954.62,1282200.62,782.70,781.00,782.70,0.63,0.35,0.26,1
616046.88,1282200.62,769.70,768.00,769.70,0.63,0.34,0.26,1
616139.12,1282200.62,774.70,773.00,774.70,0.63,0.35,0.26,1
616231.44,1282200.62,775.70,774.00,775.70,0.63,0.35,0.27,1
616323.69,1282200.62,769.70,768.00,769.70,0.62,0.33,0.25,1
616416.00,1282200.62,783.69,782.00,783.69,0.61,0.33,0.25,1
616508.25,1282200.62,786.69,785.00,786.69,0.63,0.34,0.26,1
616600.56,1282200.62,776.69,775.00,776.69,0.63,0.35,0.27,1
616692.81,1282200.62,773.68,772.00,773.68,0.63,0.35,0.26,1
616785.12,1282200.62,778.67,777.00,778.67,0.62,0.34,0.26,1
616877.38,1282200.62,773.65,772.00,773.65,0.62,0.34,0.26,1
616969.62,1282200.62,761.63,760.00,761.63,0.63,0.35,0.27,1
617061.94,1282200.62,770.60,769.00,770.60,0.62,0.34,0.26,1
617154.19,1282200.62,778.57,777.00,778.57,0.63,0.35,0.27,1
617246.50,1282200.62,773.55,772.00,773.55,0.63,0.35,0.28,1
617338.75,1282200.62,773.54,772.00,773.54,0.63,0.35,0.27,1
617431.06,1282200.62,769.54,768.00,769.54,0.63,0.35,0.27,1
617523.31,1282200.62,769.54,768.00,769.54,0.63,0.35,0.27,1
617615.62,1282200.62,757.54,756.00,757.54,0.63,0.35,0.27,1
617707.88,1282200.62,749.54,748.00,749.54,0.63,0.35,0.27,1
617800.12,1282200.62,753.55,752.00,753.55,0.63,0.36,0.28,1
617892.44,1282200.62,754.56,753.00,754.56,0.63,0.36,0.28,1
617984.69,1282200.62,755.57,754.00,755.57,0.63,0.36,0.28,1
618077.00,1282200.62,747.58,746.00,747.58,0.63,0.35,0.27,1
618169.25,1282200.62,743.59,742.00,743.59,0.62,0.34,0.26,1
618261.56,1282200.62,744.59,743.00,744.59,0.62,0.34,0.26,1
618353.81,1282200.62,746.59,745.00,746.59,0.62,0.34,0.27,1
618446.12,1282200.62,749.59,748.00,749.59,0.62,0.34,0.27,1
618538.38,1282200.62,757.59,756.00,757.59,0.63,0.35,0.27,1
618630.62,1282200.62,760.59,759.00,760.59,0.64,0.36,0.28,1
618722.94,1282200.62,755.60,754.00,755.60,0.64,0.36,0.28,1
618815.19,1282200.62,753.60,752.00,753.60,0.62,0.34,0.26,1
618907.50,1282200.62,757.61,756.00,757.61,0.61,0.33,0.25,1
618999.75,1282200.62,760.61,759.00,760.61,0.61,0.33,0.25,1
619092.06,1282200.62,765.62,764.00,765.62,0.61,0.33,0.25,1
619184.31,1282200.62,771.62,770.00,771.62,0.59,0.32,0.24,1
619276.62,1282200.62,792.62,791.00,792.62,0.59,0.31,0.23,1
619368.88,1282200.62,810.62,809.00,810.62,0.59,0.31,0.23,1
619461.19,1282200.62,822.64,821.00,822.64,0.59,0.31,0.23,1
619553.44,1282200.62,840.66,839.00,840.66,0.57,0.29,0.21,1
619645.69,1282200.62,870.61,869.00,870.61,0.57,0.29,0.21,1
619738.00,1282200.62,905.44,904.00,905.44,0.56,0.29,0.21,1
619830.25,1282200.62,939.19,938.00,939.19,0.57,0.30,0.23,1
619922.56,1282200.62,969.99,969.00,969.99,0.57,0.31,0.24,1
620014.81,1282200.62,994.81,994.00,994.81,0.57,0.32,0.25,1
620107.12,1282200.62,1015.66,1015.00,1015.66,0.56,0.32,0.26,1
620199.38,1282200.62,1036.56,1036.00,1036.56,0.55,0.32,0.26,1
620291.69,1282200.62,1066.48,1066.00,1066.48,0.54,0.32,0.25,1
620383.94,1282200.62,1100.44,1100.00,1100.44,0.54,0.33,0.27,1
620476.19,1282200.62,1129.46,1129.00,1129.46,0.59,0.37,0.31,1
620568.50,1282200.62,1138.58,1138.00,1138.58,0.62,0.39,0.33,1
620660.75,1282200.62,1150.68,1150.00,1150.68,0.62,0.39,0.32,1
620753.06,1282200.62,1159.69,1159.00,1159.69,0.63,0.39,0.33,1
620845.31,1282200.62,1171.63,1171.00,1171.63,0.62,0.39,0.32,1
620937.62,1282200.62,1180.46,1180.00,1180.46,0.57,0.36,0.29,1
621029.88,1282200.62,1196.27,1196.00,1196.27,0.53,0.33,0.27,1
621122.19,1282200.62,1216.13,1216.00,1216.13,0.51,0.34,0.29,1
621214.44,1282200.62,1233.08,1233.00,1233.08,0.51,0.37,0.27,1
621306.69,1282200.62,1254.06,1254.00,1254.06,0.49,0.35,0.24,1
621399.00,1282200.62,1281.07,1281.00,1281.07,0.48,0.34,0.24,1
621491.25,1282200.62,1307.08,1307.00,1307.08,0.51,0.37,0.27,1
621583.56,1282200.62,1317.10,1317.00,1317.10,0.53,0.37,0.32,1
621675.81,1282200.62,1324.10,1324.00,1324.10,0.52,0.36,0.31,1
621768.12,1282200.62,1332.09,1332.00,1332.09,0.55,0.41,0.31,1
621860.38,1282200.62,1339.05,1339.00,1339.05,0.68,0.54,0.44,1
621952.69,1282200.62,1308.02,1308.00,1308.02,0.82,0.68,0.57,1
622044.94,1282200.62,1235.01,1235.00,1235.01,0.84,0.70,0.59,1
622137.19,1282200.62,1175.01,1175.00,1175.01,0.83,0.69,0.58,1
622229.50,1282200.62,1118.00,1118.00,1118.00,0.82,0.68,0.58,1
622321.75,1282200.62,1063.00,1063.00,1063.00,0.83,0.69,0.58,1
622414.06,1282200.62,1021.01,1021.00,1021.01,0.82,0.68,0.58,1
622506.31,1282200.62,985.04,985.00,985.04,0.83,0.69,0.58,1
622598.62,1282200.62,948.31,948.00,948.31,0.73,0.53,0.47,1
622690.88,1282200.62,912.10,911.00,912.10,0.68,0.42,0.35,1
622783.19,1282200.62,884.04,882.00,884.04,0.64,0.35,0.27,1
622875.44,1282200.62,855.67,853.00,855.67,0.63,0.32,0.23,1
622967.69,1282200.62,823.87,821.00,823.87,0.62,0.31,0.22,1
623060.00,1282200.62,799.87,797.00,799.87,0.62,0.31,0.22,1
623152.25,1282200.62,786.78,784.00,786.78,0.62,0.31,0.22,1
623244.56,1282200.62,779.55,777.00,779.55,0.61,0.31,0.22,1
623336.81,1282200.62,782.24,780.00,782.24,0.61,0.31,0.23,1
623429.12,1282200.62,787.02,785.00,787.02,0.61,0.32,0.24,1
623521.38,1282200.62,782.86,781.00,782.86,0.62,0.33,0.25,1
623613.69,1282200.62,777.76,776.00,777.76,0.62,0.34,0.25,1
623705.94,1282200.62,775.69,774.00,775.69,0.62,0.34,0.26,1
623798.19,1282200.62,773.64,772.00,773.64,0.62,0.34,0.26,1
623890.50,1282200.62,769.61,768.00,769.61,0.63,0.35,0.27,1
623982.75,1282200.62,766.58,765.00,766.58,0.63,0.35,0.27,1
624075.06,1282200.62,765.56,764.00,765.56,0.63,0.35,0.27,1
624167.31,1282200.62,765.55,764.00,765.55,0.63,0.35,0.27,1
624259.62,1282200.62,764.54,763.00,764.54,0.63,0.35,0.27,1
624351.88,1282200.62,763.54,762.00,763.54,0.63,0.35,0.27,1
624444.19,1282200.62,759.53,758.00,759.53,0.62,0.35,0.27,1
624536.44,1282200.62,763.53,762.00,763.53,0.62,0.34,0.26,1
624628.69,1282200.62,771.52,770.00,771.52,0.62,0.34,0.26,1
624721.00,1282200.62,775.51,774.00,775.51,0.62,0.34,0.26,1
624813.25,1282200.62,775.49,774.00,775.49,0.62,0.35,0.27,1
624905.56,1282200.62,768.45,767.00,768.45,0.63,0.35,0.27,1
624997.81,1282200.62,760.38,759.00,760.38,0.63,0.36,0.28,1
625090.12,1282200.62,760.29,759.00,760.29,0.63,0.36,0.28,1
625182.38,1282200.62,765.17,764.00,765.17,0.63,0.37,0.30,1
625274.69,1282200.62,766.08,765.00,766.08,0.62,0.37,0.29,1
625366.94,1282200.62,778.90,777.87,778.90,0.58,0.32,0.25,1
625459.19,1282200.62,-9999.00,-9999.00,-9999.00,0.71,0.71,0.71,0
614385.88,1282108.38,-9999.00,-9999.00,-9999.00,0.71,0.71,0.71,0
614478.12,1282108.38,802.08,801.00,802.08,0.31,0.06,-0.02,1
614570.44,1282108.38,794.14,793.00,794.14,0.65,0.39,0.32,1
614662.69,1282108.38,781.16,780.00,781.16,0.65,0.39,0.32,1
614755.00,1282108.38,767.24,766.00,767.24,0.64,0.38,0.30,1
614847.25,1282108.38,764.36,763.00,764.36,0.62,0.35,0.27,1
614939.56,1282108.38,771.48,770.00,771.48,0.61,0.33,0.25,1
615031.81,1282108.38,776.56,775.00,776.56,0.60,0.32,0.24,1
615124.12,1282108.38,785.61,784.00,785.61,0.61,0.33,0.25,1
615216.38,1282108.38,790.64,789.00,790.64,0.62,0.34,0.26,1
615308.62,1282108.38,800.67,799.00,800.67,0.62,0.34,0.26,1
615400.94,1282108.38,798.68,797.00,798.68,0.64,0.35,0.27,1
615493.19,1282108.38,781.69,780.00,781.69,0.64,0.36,0.28,1
615585.50,1282108.38,773.69,772.00,773.69,0.63,0.35,0.27,1
615677.75,1282108.38,777.70,776.00,777.70,0.62,0.33,0.25,1
615770.06,1282108.38,788.70,787.00,788.70,0.61,0.33,0.25,1
615862.31,1282108.38,787.70,786.00,787.70,0.62,0.34,0.26,1
615954.62,1282108.38,776.70,775.00,776.70,0.63,0.34,0.26,1
616046.88,1282108.38,775.70,774.00,775.70,0.62,0.34,0.26,1
616139.12,1282108.38,786.70,785.00,786.70,0.63,0.34,0.26,1
616231.44,1282108.38,781.70,780.00,781.70,0.63,0.35,0.27,1
616323.69,1282108.38,768.70,767.00,768.70,0.63,0.35,0.26,1
616416.00,1282108.38,775.69,774.00,775.69,0.61,0.33,0.25,1
616508.25,1282108.38,779.69,778.00,779.69,0.61,0.33,0.25,1
616600.56,1282108.38,778.69,777.00,778.69,0.62,0.34,0.26,1
616692.81,1282108.38,780.68,779.00,780.68,0.63,0.35,0.27,1
616785.12,1282108.38,779.67,778.00,779.67,0.63,0.35,0.27,1
616877.38,1282108.38,770.66,769.00,770.66,0.62,0.34,0.26,1
616969.62,1282108.38,781.63,780.00,781.63,0.63,0.35,0.27,1
617061.94,1282108.38,778.61,777.00,778.61,0.63,0.35,0.27,1
617154.19,1282108.38,780.58,779.00,780.58,0.62,0.34,0.26,1
617246.50,1282108.38,779.56,778.00,779.56,0.62,0.35,0.27,1
617338.75,1282108.38,777.55,776.00,777.55,0.63,0.35,0.27,1
617431.06,1282108.38,770.55,769.00,770.55,0.63,0.35,0.27,1
617523.31,1282108.38,760.55,759.00,760.55,0.62,0.35,0.27,1
617615.62,1282108.38,751.55,750.00,751.55,0.62,0.35,0.27,1
617707.88,1282108.38,753.55,752.00,753.55,0.61,0.34,0.26,1
617800.12,1282108.38,771.55,770.00,771.55,0.62,0.35,0.27,1
617892.44,1282108.38,771.56,770.00,771.56,0.63,0.36,0.28,1
617984.69,1282108.38,768.57,767.00,768.57,0.64,0.37,0.29,1
618077.00,1282108.38,749.59,748.00,749.59,0.64,0.36,0.28,1
618169.25,1282108.38,743.60,742.00,743.60,0.62,0.34,0.26,1
618261.56,1282108.38,750.61,749.00,750.61,0.62,0.34,0.26,1
618353.81,1282108.38,758.61,757.00,758.61,0.62,0.34,0.26,1
618446.12,1282108.38,767.62,766.00,767.62,0.62,0.34,0.26,1
618538.38,1282108.38,783.62,782.00,783.62,0.63,0.35,0.27,1
618630.62,1282108.38,785.62,784.00,785.62,0.65,0.37,0.29,1
618722.94,1282108.38,769.63,768.00,769.63,0.65,0.37,0.29,1
618815.19,1282108.38,758.63,757.00,758.63,0.64,0.36,0.28,1
618907.50,1282108.38,751.64,750.00,751.64,0.62,0.34,0.26,1
618999.75,1282108.38,754.64,753.00,754.64,0.61,0.33,0.25,1
619092.06,1282108.38,760.64,759.00,760.64,0.61,0.33,0.25,1
619184.31,1282108.38,766.64,765.00,766.64,0.60,0.32,0.24,1
619276.62,1282108.38,782.64,781.00,782.64,0.59,0.31,0.23,1
619368.88,1282108.38,800.64,799.00,800.64,0.59,0.31,0.23,1
619461.19,1282108.38,812.66,811.00,812.66,0.60,0.32,0.24,1
619553.44,1282108.38,829.69,828.00,829.69,0.58,0.30,0.22,1
619645.69,1282108.38,862.67,861.00,862.67,0.57,0.29,0.21,1
619738.00,1282108.38,897.50,896.00,897.50,0.56,0.29,0.21,1
619830.25,1282108.38,930.20,929.00,930.20,0.56,0.30,0.22,1
619922.56,1282108.38,953.93,953.00,953.93,0.56,0.31,0.24,1
620014.81,1282108.38,972.68,972.00,972.68,0.55,0.32,0.25,1
620107.12,1282108.38,985.47,985.00,985.47,0.52,0.31,0.24,1
620199.38,1282108.38,1010.33,1010.00,1010.33,0.49,0.29,0.23,1
620291.69,1282108.38,1046.24,1046.00,1046.24,0.49,0.30,0.24,1
620383.94,1282108.38,1081.22,1081.00,1081.22,0.50,0.31,0.25,1
620476.19,1282108.38,1111.24,1111.00,1111.24,0.53,0.34,0.28,1
620568.50,1282108.38,1127.32,1127.00,1127.32,0.57,0.37,0.31,1
620660.75,1282108.38,1141.42,1141.00,1141.42,0.58,0.37,0.31,1
620753.06,1282108.38,1156.46,1156.00,1156.46,0.60,0.39,0.32,1
620845.31,1282108.38,1159.46,1159.00,1159.46,0.60,0.38,0.32,1
620937.62,1282108.38,1156.41,1156.00,1156.41,0.56,0.35,0.29,1
621029.88,1282108.38,1168.29,1168.00,1168.29,0.52,0.32,0.26,1
621122.19,1282108.38,1189.15,1189.00,1189.15,0.50,0.33,0.28,1
621214.44,1282108.38,1206.09,1206.00,1206.09,0.53,0.39,0.29,1
621306.69,1282108.38,1225.07,1225.00,1225.07,0.52,0.38,0.27,1
621399.00,1282108.38,1253.08,1253.00,1253.08,0.51,0.37,0.27,1
621491.25,1282108.38,1275.09,1275.00,1275.09,0.52,0.38,0.28,1
621583.56,1282108.38,1290.10,1290.00,1290.10,0.53,0.37,0.33,1
621675.81,1282108.38,1294.10,1294.00,1294.10,0.54,0.38,0.34,1
621768.12,1282108.38,1298.09,1298.00,1298.09,0.55,0.41,0.30,1
621860.38,1282108.38,1307.05,1307.00,1307.05,0.56,0.42,0.31,1
621952.69,1282108.38,1295.02,1295.00,1295.02,0.68,0.54,0.44,1
622044.94,1282108.38,1245.01,1245.00,1245.01,0.80,0.66,0.55,1
622137.19,1282108.38,1178.01,1178.00,1178.01,0.82,0.68,0.58,1
622229.50,1282108.38,1120.00,1120.00,1120.00,0.84,0.70,0.59,1
622321.75,1282108.38,1072.01,1072.00,1072.01,0.85,0.71,0.60,1
622414.06,1282108.38,1035.01,1035.00,1035.01,0.84,0.70,0.59,1
622506.31,1282108.38,1003.01,1003.00,1003.01,0.84,0.70,0.59,1
622598.62,1282108.38,972.08,972.00,972.08,0.84,0.70,0.60,1
622690.88,1282108.38,935.38,935.00,935.38,0.73,0.52,0.46,1
622783.19,1282108.38,896.19,895.00,896.19,0.68,0.41,0.34,1
622875.44,1282108.38,860.30,858.00,860.30,0.64,0.34,0.25,1
622967.69,1282108.38,824.94,822.00,824.94,0.62,0.31,0.22,1
623060.00,1282108.38,801.00,798.00,801.00,0.62,0.30,0.21,1
623152.25,1282108.38,785.89,783.00,785.89,0.62,0.30,0.21,1
623244.56,1282108.38,779.63,777.00,779.63,0.61,0.31,0.22,1
623336.81,1282108.38,781.28,779.00,781.28,0.61,0.31,0.23,1
623429.12,1282108.38,785.04,783.00,785.04,0.61,0.32,0.24,1
623521.38,1282108.38,781.88,780.00,781.88,0.62,0.33,0.25,1
623613.69,1282108.38,776.78,775.00,776.78,0.62,0.34,0.26,1
623705.94,1282108.38,774.70,773.00,774.70,0.62,0.34,0.26,1
623798.19,1282108.38,772.65,771.00,772.65,0.62,0.34,0.26,1
623890.50,1282108.38,770.61,769.00,770.61,0.62,0.34,0.26,1
623982.75,1282108.38,770.59,769.00,770.59,0.62,0.35,0.27,1
624075.06,1282108.38,771.57,770.00,771.57,0.62,0.35,0.27,1
624167.31,1282108.38,770.56,769.00,770.56,0.62,0.35,0.27,1
624259.62,1282108.38,767.55,766.00,767.55,0.63,0.35,0.27,1
624351.88,1282108.38,763.55,762.00,763.55,0.62,0.35,0.27,1
624444.19,1282108.38,762.55,761.00,762.55,0.62,0.35,0.27,1
624536.44,1282108.38,766.54,765.00,766.54,0.62,0.35,0.27,1
624628.69,1282108.38,771.54,770.00,771.54,0.62,0.34,0.27,1
624721.00,1282108.38,775.53,774.00,775.53,0.62,0.35,0.27,1
624813.25,1282108.38,774.51,773.00,774.51,0.63,0.35,0.27,1
624905.56,1282108.38,765.48,764.00,765.48,0.63,0.35,0.28,1
624997.81,1282108.38,759.43,758.00,759.43,0.62,0.35,0.27,1
625090.12,1282108.38,765.36,764.00,765.36,0.61,0.34,0.27,1
625182.38,1282108.38,775.25,774.00,775.25,0.62,0.36,0.28,1
625274.69,1282108.38,776.14,775.00,776.14,0.63,0.37,0.29,1
625366.94,1282108.38,785.67,784.62,785.67,0.58,0.32,0.25,1
625459.19,1282108.38,-9999.00,-9999.00,-9999.00,0.71,0.71,0.71,0
614385.88,1282016.00,-9999.00,-9999.00,-9999.00,0.71,0.71,0.71,0
614478.12,1282016.00,809.09,808.00,809.09,0.32,0.06,-0.02,1
614570.44,1282016.00,803.15,802.00,803.15,0.65,0.39,0.31,1
614662.69,1282016.00,785.18,784.00,785.18,0.65,0.39,0.31,1
614755.00,1282016.00,770.26,769.00,770.26,0.64,0.38,0.30,1
614847.25,1282016.00,764.37,763.00,764.37,0.63,0.36,0.29,1
614939.56,1282016.00,764.49,763.00,764.49,0.62,0.34,0.27,1
615031.81,1282016.00,768.56,767.00,768.56,0.61,0.33,0.25,1
615124.12,1282016.00,780.62,779.00,780.62,0.60,0.32,0.24,1
615216.38,1282016.00,798.65,797.00,798.65,0.61,0.33,0.25,1
615308.62,1282016.00,810.67,809.00,810.67,0.62,0.34,0.26,1
615400.94,1282016.00,804.68,803.00,804.68,0.64,0.35,0.27,1
615493.19,1282016.00,790.69,789.00,790.69,0.64,0.36,0.28,1
615585.50,1282016.00,786.69,785.00,786.69,0.64,0.35,0.27,1
615677.75,1282016.00,786.70,785.00,786.70,0.63,0.35,0.27,1
615770.06,1282016.00,789.70,788.00,789.70,0.63,0.35,0.27,1
615862.31,1282016.00,785.70,784.00,785.70,0.63,0.35,0.27,1
615954.62,1282016.00,782.70,781.00,782.70,0.63,0.35,0.27,1
616046.88,1282016.00,788.70,787.00,788.70,0.63,0.35,0.27,1
616139.12,1282016.00,792.70,791.00,792.70,0.63,0.35,0.26,1
616231.44,1282016.00,782.70,781.00,782.70,0.63,0.35,0.27,1
616323.69,1282016.00,777.70,776.00,777.70,0.63,0.35,0.27,1
616416.00,1282016.00,779.69,778.00,779.69,0.63,0.35,0.27,1
616508.25,1282016.00,776.69,775.00,776.69,0.62,0.34,0.26,1
616600.56,1282016.00,780.69,779.00,780.69,0.62,0.34,0.26,1
616692.81,1282016.00,789.68,788.00,789.68,0.62,0.34,0.26,1
616785.12,1282016.00,789.67,788.00,789.67,0.64,0.35,0.27,1
616877.38,1282016.00,783.66,782.00,783.66,0.63,0.35,0.27,1
616969.62,1282016.00,795.64,794.00,795.64,0.63,0.34,0.26,1
617061.94,1282016.00,786.62,785.00,786.62,0.63,0.35,0.27,1
617154.19,1282016.00,779.60,778.00,779.60,0.62,0.34,0.27,1
617246.50,1282016.00,774.58,773.00,774.58,0.62,0.34,0.26,1
617338.75,1282016.00,773.57,772.00,773.57,0.62,0.34,0.26,1
617431.06,1282016.00,763.56,762.00,763.56,0.62,0.35,0.27,1
617523.31,1282016.00,753.56,752.00,753.56,0.62,0.35,0.27,1
617615.62,1282016.00,750.55,749.00,750.55,0.63,0.35,0.27,1
617707.88,1282016.00,757.55,756.00,757.55,0.61,0.34,0.26,1
617800.12,1282016.00,774.56,773.00,774.56,0.61,0.33,0.25,1
617892.44,1282016.00,775.56,774.00,775.56,0.61,0.34,0.26,1
617984.69,1282016.00,779.57,778.00,779.57,0.63,0.35,0.27,1
618077.00,1282016.00,759.59,758.00,759.59,0.64,0.36,0.28,1
618169.25,1282016.00,746.60,745.00,746.60,0.63,0.35,0.27,1
618261.56,1282016.00,753.62,752.00,753.62,0.61,0.33,0.25,1
618353.81,1282016.00,768.63,767.00,768.63,0.61,0.33,0.25,1
618446.12,1282016.00,777.64,776.00,777.64,0.61,0.33,0.25,1
618538.38,1282016.00,796.64,795.00,796.64,0.61,0.33,0.25,1
618630.62,1282016.00,800.65,799.00,800.65,0.63,0.35,0.27,1
618722.94,1282016.00,784.65,783.00,784.65,0.64,0.36,0.28,1
618815.19,1282016.00,764.65,763.00,764.65,0.64,0.36,0.28,1
618907.50,1282016.00,753.65,752.00,753.65,0.64,0.35,0.27,1
618999.75,1282016.00,753.65,752.00,753.65,0.62,0.34,0.26,1
619092.06,1282016.00,757.65,756.00,757.65,0.61,0.33,0.25,1
619184.31,1282016.00,765.65,764.00,765.65,0.61,0.33,0.25,1
619276.62,1282016.00,776.65,775.00,776.65,0.60,0.32,0.24,1
619368.88,1282016.00,790.65,789.00,790.65,0.59,0.31,0.23,1
619461.19,1282016.00,809.67,808.00,809.67,0.59,0.31,0.23,1
619553.44,1282016.00,828.70,827.00,828.70,0.59,0.31,0.23,1
619645.69,1282016.00,853.71,852.00,853.71,0.58,0.30,0.22,1
619738.00,1282016.00,884.60,883.00,884.60,0.57,0.29,0.21,1
619830.25,1282016.00,912.30,911.00,912.30,0.56,0.29,0.22,1
619922.56,1282016.00,931.96,931.00,931.96,0.56,0.31,0.23,1
620014.81,1282016.00,940.65,940.00,940.65,0.55,0.32,0.25,1
620107.12,1282016.00,952.40,952.00,952.40,0.53,0.31,0.25,1
620199.38,1282016.00,978.22,978.00,978.22,0.47,0.28,0.23,1
620291.69,1282016.00,1020.13,1020.00,1020.13,0.44,0.27,0.22,1
620383.94,1282016.00,1056.11,1056.00,1056.11,0.46,0.30,0.25,1
620476.19,1282016.00,1086.11,1086.00,1086.11,0.49,0.33,0.28,1
620568.50,1282016.00,1109.16,1109.00,1109.16,0.52,0.34,0.29,1
620660.75,1282016.00,1128.22,1128.00,1128.22,0.55,0.36,0.31,1
620753.06,1282016.00,1143.26,1143.00,1143.26,0.59,0.39,0.34,1
620845.31,1282016.00,1134.29,1134.00,1134.29,0.59,0.39,0.33,1
620937.62,1282016.00,1125.29,1125.00,1125.29,0.56,0.37,0.31,1
621029.88,1282016.00,1132.26,1132.00,1132.26,0.52,0.32,0.27,1
621122.19,1282016.00,1153.16,1153.00,1153.16,0.47,0.30,0.25,1
621214.44,1282016.00,1180.08,1180.00,1180.08,0.48,0.34,0.23,1
621306.69,1282016.00,1204.07,1204.00,1204.07,0.51,0.37,0.26,1
621399.00,1282016.00,1232.07,1232.00,1232.07,0.53,0.39,0.28,1
621491.25,1282016.00,1252.08,1252.00,1252.08,0.56,0.42,0.32,1
621583.56,1282016.00,1261.10,1261.00,1261.10,0.58,0.44,0.33,1
621675.81,1282016.00,1264.10,1264.00,1264.10,0.58,0.44,0.34,1
621768.12,1282016.00,1266.08,1266.00,1266.08,0.57,0.43,0.33,1
621860.38,1282016.00,1266.05,1266.00,1266.05,0.55,0.41,0.31,1
621952.69,1282016.00,1257.02,1257.00,1257.02,0.59,0.45,0.35,1
622044.94,1282016.00,1230.01,1230.00,1230.01,0.70,0.56,0.46,1
622137.19,1282016.00,1188.01,1188.00,1188.01,0.81,0.67,0.57,1
622229.50,1282016.00,1143.01,1143.00,1143.01,0.85,0.71,0.61,1
622321.75,1282016.00,1100.01,1100.00,1100.01,0.86,0.72,0.62,1
622414.06,1282016.00,1059.01,1059.00,1059.01,0.86,0.72,0.61,1
622506.31,1282016.00,1026.01,1026.00,1026.01,0.85,0.71,0.61,1
622598.62,1282016.00,992.01,992.00,992.01,0.85,0.71,0.60,1
622690.88,1282016.00,951.07,951.00,951.07,0.84,0.70,0.59,1
622783.19,1282016.00,909.40,909.00,909.40,0.72,0.51,0.45,1
622875.44,1282016.00,870.54,869.00,870.54,0.66,0.38,0.31,1
622967.69,1282016.00,829.90,827.00,829.90,0.63,0.31,0.22,1
623060.00,1282016.00,798.15,795.00,798.15,0.62,0.30,0.21,1
623152.25,1282016.00,783.99,781.00,783.99,0.61,0.30,0.21,1
623244.56,1282016.00,780.65,778.00,780.65,0.62,0.31,0.22,1
623336.81,1282016.00,779.29,777.00,779.29,0.62,0.32,0.23,1
623429.12,1282016.00,777.05,775.00,777.05,0.62,0.32,0.24,1
623521.38,1282016.00,775.89,774.00,775.89,0.62,0.33,0.25,1
623613.69,1282016.00,773.78,772.00,773.78,0.62,0.34,0.26,1
623705.94,1282016.00,770.71,769.00,770.71,0.62,0.34,0.26,1
623798.19,1282016.00,769.66,768.00,769.66,0.62,0.34,0.26,1
623890.50,1282016.00,770.62,769.00,770.62,0.62,0.34,0.26,1
623982.75,1282016.00,771.59,770.00,771.59,0.62,0.34,0.26,1
624075.06,1282016.00,768.58,767.00,768.58,0.62,0.34,0.26,1
624167.31,1282016.00,765.57,764.00,765.57,0.62,0.34,0.26,1
624259.62,1282016.00,763.56,762.00,763.56,0.62,0.34,0.26,1
624351.88,1282016.00,761.56,760.00,761.56,0.62,0.34,0.26,1
624444.19,1282016.00,767.56,766.00,767.56,0.62,0.34,0.26,1
624536.44,1282016.00,775.56,774.00,775.56,0.62,0.34,0.27,1
624628.69,1282016.00,778.55,777.00,778.55,0.63,0.35,0.27,1
624721.00,1282016.00,780.55,779.00,780.55,0.63,0.35,0.27,1
624813.25,1282016.00,775.53,774.00,775.53,0.63,0.35,0.28,1
624905.56,1282016.00,765.51,764.00,765.51,0.63,0.36,0.28,1
624997.81,1282016.00,759.47,758.00,759.47,0.63,0.35,0.27,1
625090.12,1282016.00,762.41,761.00,762.41,0.61,0.34,0.26,1
625182.38,1282016.00,772.32,771.00,772.32,0.61,0.34,0.26,1
625274.69,1282016.00,778.22,777.00,778.22,0.61,0.35,0.27,1
625366.94,1282016.00,785.36,784.26,785.36,0.58,0.32,0.24,1
625459.19,1282016.00,-9999.00,-9999.00,-9999.00,0.71,0.71,0.71,0
614385.88,1281923.75,-9999.00,-9999.00,-9999.00,0.71,0.71,0.71,0
614478.12,1281923.75,810.09,809.00,810.09,0.32,0.06,-0.02,1
614570.44,1281923.75,806.16,805.00,806.16,0.64,0.38,0.31,1
614662.69,1281923.75,787.18,786.00,787.18,0.65,0.39,0.31,1
614755.00,1281923.75,774.26,773.00,774.26,0.65,0.38,0.30,1
614847.25,1281923.75,773.38,772.00,773.38,0.64,0.37,0.29,1
614939.56,1281923.75,769.49,768.00,769.49,0.64,0.36,0.28,1
615031.81,1281923.75,770.57,769.00,770.57,0.62,0.34,0.26,1
615124.12,1281923.75,784.62,783.00,784.62,0.61,0.33,0.25,1
615216.38,1281923.75,802.65,801.00,802.65,0.61,0.33,0.25,1
615308.62,1281923.75,815.67,814.00,815.67,0.62,0.34,0.26,1
615400.94,1281923.75,810.68,809.00,810.68,0.63,0.35,0.26,1
615493.19,1281923.75,805.69,804.00,805.69,0.64,0.35,0.27,1
615585.50,1281923.75,801.69,800.00,801.69,0.63,0.35,0.27,1
615677.75,1281923.75,804.70,803.00,804.70,0.63,0.35,0.27,1
615770.06,1281923.75,810.70,809.00,810.70,0.64,0.35,0.27,1
615862.31,1281923.75,805.70,804.00,805.70,0.64,0.36,0.28,1
615954.62,1281923.75,801.70,800.00,801.70,0.64,0.36,0.28,1
616046.88,1281923.75,803.70,802.00,803.70,0.64,0.36,0.28,1
616139.12,1281923.75,794.70,793.00,794.70,0.64,0.35,0.27,1
616231.44,1281923.75,786.70,785.00,786.70,0.63,0.35,0.27,1
616323.69,1281923.75,790.70,789.00,790.70,0.63,0.35,0.27,1
616416.00,1281923.75,789.69,788.00,789.69,0.63,0.35,0.27,1
616508.25,1281923.75,781.69,780.00,781.69,0.63,0.34,0.26,1
616600.56,1281923.75,788.69,787.00,788.69,0.62,0.34,0.26,1
616692.81,1281923.75,798.68,797.00,798.68,0.62,0.34,0.26,1
616785.12,1281923.75,803.68,802.00,803.68,0.63,0.35,0.27,1
616877.38,1281923.75,799.67,798.00,799.67,0.63,0.35,0.27,1
616969.62,1281923.75,792.65,791.00,792.65,0.62,0.34,0.26,1
617061.94,1281923.75,782.64,781.00,782.64,0.62,0.34,0.26,1
617154.19,1281923.75,772.62,771.00,772.62,0.62,0.34,0.26,1
617246.50,1281923.75,765.60,764.00,765.60,0.62,0.34,0.26,1
617338.75,1281923.75,764.59,763.00,764.59,0.62,0.34,0.26,1
617431.06,1281923.75,755.58,754.00,755.58,0.62,0.34,0.26,1
617523.31,1281923.75,753.57,752.00,753.57,0.62,0.34,0.26,1
617615.62,1281923.75,761.56,760.00,761.56,0.63,0.35,0.27,1
617707.88,1281923.75,766.56,765.00,766.56,0.63,0.35,0.27,1
617800.12,1281923.75,764.56,763.00,764.56,0.62,0.34,0.26,1
617892.44,1281923.75,761.57,760.00,761.57,0.60,0.33,0.25,1
617984.69,1281923.75,770.57,769.00,770.57,0.61,0.33,0.25,1
618077.00,1281923.75,759.59,758.00,759.59,0.63,0.35,0.27,1
618169.25,1281923.75,747.60,746.00,747.60,0.63,0.35,0.27,1
618261.56,1281923.75,751.62,750.00,751.62,0.61,0.33,0.25,1
618353.81,1281923.75,767.64,766.00,767.64,0.60,0.32,0.24,1
618446.12,1281923.75,778.65,777.00,778.65,0.60,0.32,0.24,1
618538.38,1281923.75,787.66,786.00,787.66,0.60,0.32,0.24,1
618630.62,1281923.75,787.66,786.00,787.66,0.60,0.32,0.24,1
618722.94,1281923.75,783.67,782.00,783.67,0.62,0.34,0.26,1
618815.19,1281923.75,777.67,776.00,777.67,0.64,0.36,0.28,1
618907.50,1281923.75,768.67,767.00,768.67,0.64,0.36,0.28,1
618999.75,1281923.75,760.67,759.00,760.67,0.64,0.35,0.27,1
619092.06,1281923.75,756.67,755.00,756.67,0.62,0.34,0.26,1
619184.31,1281923.75,763.66,762.00,763.66,0.61,0.33,0.25,1
619276.62,1281923.75,776.66,775.00,776.66,0.61,0.32,0.24,1
619368.88,1281923.75,786.67,785.00,786.67,0.60,0.32,0.24,1
619461.19,1281923.75,801.68,800.00,801.68,0.59,0.31,0.23,1
619553.44,1281923.75,825.71,824.00,825.71,0.58,0.30,0.22,1
619645.69,1281923.75,847.75,846.00,847.75,0.58,0.30,0.22,1
619738.00,1281923.75,868.71,867.00,868.71,0.57,0.29,0.21,1
619830.25,1281923.75,887.50,886.00,887.50,0.57,0.29,0.21,1
619922.56,1281923.75,899.17,898.00,899.17,0.56,0.30,0.22,1
620014.81,1281923.75,909.77,909.00,909.77,0.55,0.31,0.24,1
620107.12,1281923.75,926.40,926.00,926.40,0.53,0.32,0.26,1
620199.38,1281923.75,947.17,947.00,947.17,0.47,0.29,0.24,1
620291.69,1281923.75,986.07,986.00,986.07,0.40,0.26,0.15,1
620383.94,1281923.75,1027.05,1027.00,1027.05,0.41,0.27,0.17,1
620476.19,1281923.75,1060.05,1060.00,1060.05,0.45,0.31,0.20,1
620568.50,1281923.75,1078.07,1078.00,1078.07,0.46,0.32,0.22,1
620660.75,1281923.75,1103.09,1103.00,1103.09,0.50,0.36,0.25,1
620753.06,1281923.75,1117.12,1117.00,1117.12,0.53,0.37,0.32,1
620845.31,1281923.75,1103.15,1103.00,1103.15,0.57,0.39,0.34,1
620937.62,1281923.75,1095.19,1095.00,1095.19,0.55,0.37,0.32,1
621029.88,1281923.75,1099.20,1099.00,1099.20,0.52,0.34,0.28,1
621122.19,1281923.75,1116.15,1116.00,1116.15,0.48,0.30,0.25,1
621214.44,1281923.75,1143.07,1143.00,1143.07,0.43,0.29,0.19,1
621306.69,1281923.75,1176.05,1176.00,1176.05,0.44,0.30,0.20,1
621399.00,1281923.75,1209.05,1209.00,1209.05,0.48,0.34,0.23,1
621491.25,1281923.75,1232.06,1232.00,1232.06,0.54,0.40,0.30,1
621583.56,1281923.75,1239.07,1239.00,1239.07,0.58,0.44,0.33,1
621675.81,1281923.75,1239.07,1239.00,1239.07,0.57,0.43,0.32,1
621768.12,1281923.75,1235.06,1235.00,1235.06,0.56,0.42,0.31,1
621860.38,1281923.75,1228.03,1228.00,1228.03,0.54,0.40,0.30,1
621952.69,1281923.75,1216.02,1216.00,1216.02,0.55,0.41,0.30,1
622044.94,1281923.75,1200.01,1200.00,1200.01,0.59,0.45,0.34,1
622137.19,1281923.75,1186.01,1186.00,1186.01,0.68,0.54,0.44,1
622229.50,1281923.75,1162.01,1162.00,1162.01,0.79,0.65,0.54,1
622321.75,1281923.75,1126.01,1126.00,1126.01,0.84,0.70,0.59,1
622414.06,1281923.75,1089.01,1089.00,1089.01,0.85,0.71,0.61,1
622506.31,1281923.75,1055.01,1055.00,1055.01,0.86,0.72,0.62,1
622598.62,1281923.75,1013.01,1013.00,1013.01,0.85,0.71,0.61,1
622690.88,1281923.75,964.01,964.00,964.01,0.84,0.70,0.59,1
622783.19,1281923.75,917.11,917.00,917.11,0.76,0.59,0.55,1
622875.44,1281923.75,876.83,876.00,876.83,0.68,0.44,0.37,1
622967.69,1281923.75,835.56,833.00,835.56,0.63,0.33,0.24,1
623060.00,1281923.75,802.18,799.00,802.18,0.62,0.30,0.21,1
623152.25,1281923.75,788.00,785.00,788.00,0.62,0.30,0.21,1
623244.56,1281923.75,784.64,782.00,784.64,0.62,0.31,0.22,1
623336.81,1281923.75,783.28,781.00,783.28,0.62,0.32,0.24,1
623429.12,1281923.75,780.05,778.00,780.05,0.63,0.33,0.25,1
623521.38,1281923.75,778.89,777.00,778.89,0.63,0.34,0.26,1
623613.69,1281923.75,777.78,776.00,777.78,0.63,0.35,0.27,1
623705.94,1281923.75,772.71,771.00,772.71,0.63,0.35,0.27,1
623798.19,1281923.75,768.66,767.00,768.66,0.63,0.35,0.27,1
623890.50,1281923.75,765.63,764.00,765.63,0.63,0.35,0.27,1
623982.75,1281923.75,763.60,762.00,763.60,0.62,0.35,0.27,1
624075.06,1281923.75,761.59,760.00,761.59,0.63,0.35,0.27,1
624167.31,1281923.75,760.58,759.00,760.58,0.62,0.35,0.27,1
624259.62,1281923.75,760.57,759.00,760.57,0.62,0.34,0.26,1
624351.88,1281923.75,760.57,759.00,760.57,0.62,0.34,0.26,1
624444.19,1281923.75,769.57,768.00,769.57,0.61,0.33,0.25,1
624536.44,1281923.75,779.57,778.00,779.57,0.61,0.34,0.26,1
624628.69,1281923.75,782.57,781.00,782.57,0.62,0.34,0.27,1
624721.00,1281923.75,781.56,780.00,781.56,0.62,0.35,0.27,1
624813.25,1281923.75,775.55,774.00,775.55,0.63,0.35,0.27,1
624905.56,1281923.75,765.53,764.00,765.53,0.63,0.35,0.28,1
624997.81,1281923.75,760.49,759.00,760.49,0.63,0.35,0.27,1
625090.12,1281923.75,759.43,758.00,759.43,0.62,0.35,0.27,1
625182.38,1281923.75,762.36,761.00,762.36,0.61,0.34,0.27,1
625274.69,1281923.75,766.28,765.00,766.28,0.60,0.34,0.26,1
625366.94,1281923.75,777.96,776.81,777.96,0.58,0.32,0.24,1
625459.19,1281923.75,-9999.00,-9999.00,-9999.00,0.71,0.71,0.71,0
614385.88,1281831.50,-9999.00,-9999.00,-9999.00,0.71,0.71,0.71,0
614478.12,1281831.50,808.06,807.00,808.06,0.31,0.05,-0.02,1
614570.44,1281831.50,809.12,808.00,809.12,0.64,0.38,0.31,1
614662.69,1281831.50,794.17,793.00,794.17,0.65,0.39,0.31,1
614755.00,1281831.50,789.26,788.00,789.26,0.65,0.38,0.30,1
614847.25,1281831.50,793.39,792.00,793.39,0.65,0.38,0.30,1
614939.56,1281831.50,785.49,784.00,785.49,0.65,0.37,0.29,1
615031.81,1281831.50,779.57,778.00,779.57,0.63,0.35,0.27,1
615124.12,1281831.50,791.62,790.00,791.62,0.61,0.33,0.25,1
615216.38,1281831.50,807.65,806.00,807.65,0.61,0.33,0.25,1
615308.62,1281831.50,811.67,810.00,811.67,0.61,0.33,0.25,1
615400.94,1281831.50,806.68,805.00,806.68,0.62,0.33,0.25,1
615493.19,1281831.50,811.69,810.00,811.69,0.62,0.34,0.26,1
615585.50,1281831.50,814.69,813.00,814.69,0.62,0.34,0.26,1
615677.75,1281831.50,817.69,816.00,817.69,0.62,0.34,0.26,1
615770.06,1281831.50,827.69,826.00,827.69,0.62,0.34,0.26,1
615862.31,1281831.50,827.69,826.00,827.69,0.63,0.35,0.27,1
615954.62,1281831.50,826.69,825.00,826.69,0.64,0.36,0.28,1
616046.88,1281831.50,820.69,819.00,820.69,0.64,0.36,0.28,1
616139.12,1281831.50,807.69,806.00,807.69,0.64,0.36,0.28,1
616231.44,1281831.50,807.69,806.00,807.69,0.64,0.36,0.28,1
616323.69,1281831.50,802.69,801.00,802.69,0.64,0.35,0.27,1
616416.00,1281831.50,794.69,793.00,794.69,0.63,0.35,0.27,1
616508.25,1281831.50,788.69,787.00,788.69,0.63,0.35,0.27,1
616600.56,1281831.50,797.69,796.00,797.69,0.62,0.34,0.26,1
616692.81,1281831.50,803.68,802.00,803.68,0.62,0.34,0.26,1
616785.12,1281831.50,804.68,803.00,804.68,0.62,0.34,0.26,1
616877.38,1281831.50,798.67,797.00,798.67,0.63,0.35,0.27,1
616969.62,1281831.50,780.66,779.00,780.66,0.62,0.34,0.26,1
617061.94,1281831.50,771.65,770.00,771.65,0.62,0.34,0.26,1
617154.19,1281831.50,764.64,763.00,764.64,0.62,0.34,0.26,1
617246.50,1281831.50,758.62,757.00,758.62,0.63,0.35,0.27,1
617338.75,1281831.50,754.61,753.00,754.61,0.62,0.34,0.26,1
617431.06,1281831.50,752.60,751.00,752.60,0.62,0.34,0.26,1
617523.31,1281831.50,757.59,756.00,757.59,0.61,0.34,0.26,1
617615.62,1281831.50,776.57,775.00,776.57,0.62,0.34,0.26,1
617707.88,1281831.50,776.56,775.00,776.56,0.64,0.36,0.28,1
617800.12,1281831.50,762.57,761.00,762.57,0.63,0.36,0.28,1
617892.44,1281831.50,750.57,749.00,750.57,0.62,0.34,0.26,1
617984.69,1281831.50,756.58,755.00,756.58,0.61,0.33,0.25,1
618077.00,1281831.50,752.59,751.00,752.59,0.62,0.34,0.26,1
618169.25,1281831.50,748.60,747.00,748.60,0.62,0.35,0.27,1
618261.56,1281831.50,751.62,750.00,751.62,0.62,0.34,0.26,1
618353.81,1281831.50,754.64,753.00,754.64,0.61,0.33,0.25,1
618446.12,1281831.50,762.65,761.00,762.65,0.60,0.32,0.24,1
618538.38,1281831.50,766.66,765.00,766.66,0.60,0.32,0.24,1
618630.62,1281831.50,766.67,765.00,766.67,0.60,0.32,0.24,1
618722.94,1281831.50,768.68,767.00,768.68,0.60,0.32,0.24,1
618815.19,1281831.50,780.68,779.00,780.68,0.62,0.33,0.25,1
618907.50,1281831.50,781.68,780.00,781.68,0.63,0.35,0.27,1
618999.75,1281831.50,771.68,770.00,771.68,0.64,0.36,0.28,1
619092.06,1281831.50,756.68,755.00,756.68,0.63,0.35,0.27,1
619184.31,1281831.50,759.67,758.00,759.67,0.61,0.33,0.25,1
619276.62,1281831.50,772.67,771.00,772.67,0.60,0.32,0.24,1
619368.88,1281831.50,779.68,778.00,779.68,0.60,0.32,0.24,1
619461.19,1281831.50,790.69,789.00,790.69,0.59,0.31,0.23,1
619553.44,1281831.50,811.73,810.00,811.73,0.58,0.30,0.22,1
619645.69,1281831.50,832.79,831.00,832.79,0.58,0.30,0.22,1
619738.00,1281831.50,841.86,840.00,841.86,0.58,0.29,0.21,1
619830.25,1281831.50,856.84,855.00,856.84,0.57,0.28,0.20,1
619922.56,1281831.50,866.67,865.00,866.67,0.57,0.29,0.21,1
620014.81,1281831.50,878.24,877.00,878.24,0.55,0.29,0.21,1
620107.12,1281831.50,898.60,898.00,898.60,0.53,0.30,0.24,1
620199.38,1281831.50,916.17,916.00,916.17,0.49,0.31,0.26,1
620291.69,1281831.50,940.05,940.00,940.05,0.42,0.28,0.17,1
620383.94,1281831.50,979.03,979.00,979.03,0.38,0.24,0.13,1
620476.19,1281831.50,1007.03,1007.00,1007.03,0.39,0.25,0.14,1
620568.50,1281831.50,1030.03,1030.00,1030.03,0.39,0.25,0.15,1
620660.75,1281831.50,1062.04,1062.00,1062.04,0.42,0.28,0.17,1
620753.06,1281831.50,1071.05,1071.00,1071.05,0.47,0.33,0.23,1
620845.31,1281831.50,1064.09,1064.00,1064.09,0.52,0.38,0.27,1
620937.62,1281831.50,1057.14,1057.00,1057.14,0.51,0.34,0.29,1
621029.88,1281831.50,1063.16,1063.00,1063.16,0.50,0.32,0.27,1
621122.19,1281831.50,1081.13,1081.00,1081.13,0.48,0.31,0.26,1
621214.44,1281831.50,1102.06,1102.00,1102.06,0.45,0.31,0.20,1
621306.69,1281831.50,1136.03,1136.00,1136.03,0.41,0.27,0.17,1
621399.00,1281831.50,1172.03,1172.00,1172.03,0.43,0.29,0.19,1
621491.25,1281831.50,1199.03,1199.00,1199.03,0.49,0.35,0.25,1
621583.56,1281831.50,1206.03,1206.00,1206.03,0.54,0.40,0.29,1
621675.81,1281831.50,1196.03,1196.00,1196.03,0.52,0.38,0.27,1
621768.12,1281831.50,1188.03,1188.00,1188.03,0.50,0.36,0.26,1
621860.38,1281831.50,1175.02,1175.00,1175.02,0.50,0.36,0.25,1
621952.69,1281831.50,1162.01,1162.00,1162.01,0.49,0.35,0.24,1
622044.94,1281831.50,1152.01,1152.00,1152.01,0.50,0.36,0.26,1
622137.19,1281831.50,1149.01,1149.00,1149.01,0.53,0.39,0.28,1
622229.50,1281831.50,1147.01,1147.00,1147.01,0.61,0.47,0.36,1
622321.75,1281831.50,1132.02,1132.00,1132.02,0.72,0.58,0.47,1
622414.06,1281831.50,1112.02,1112.00,1112.02,0.80,0.66,0.56,1
622506.31,1281831.50,1083.01,1083.00,1083.01,0.85,0.71,0.60,1
622598.62,1281831.50,1032.01,1032.00,1032.01,0.85,0.71,0.60,1
622690.88,1281831.50,976.01,976.00,976.01,0.84,0.70,0.59,1
622783.19,1281831.50,926.05,926.00,926.05,0.83,0.69,0.58,1
622875.44,1281831.50,882.51,882.00,882.51,0.71,0.49,0.42,1
622967.69,1281831.50,843.08,841.00,843.08,0.65,0.36,0.27,1
623060.00,1281831.50,814.95,812.00,814.95,0.63,0.31,0.22,1
623152.25,1281831.50,802.88,800.00,802.88,0.63,0.31,0.22,1
623244.56,1281831.50,798.57,796.00,798.57,0.63,0.32,0.23,1
623336.81,1281831.50,796.25,794.00,796.25,0.63,0.33,0.24,1
623429.12,1281831.50,794.03,792.00,794.03,0.63,0.34,0.25,1
623521.38,1281831.50,797.89,796.00,797.89,0.64,0.35,0.27,1
623613.69,1281831.50,798.78,797.00,798.78,0.64,0.36,0.28,1
623705.94,1281831.50,790.71,789.00,790.71,0.65,0.36,0.28,1
623798.19,1281831.50,784.67,783.00,784.67,0.64,0.36,0.28,1
623890.50,1281831.50,776.63,775.00,776.63,0.64,0.36,0.28,1
623982.75,1281831.50,773.61,772.00,773.61,0.63,0.35,0.27,1
624075.06,1281831.50,772.60,771.00,772.60,0.63,0.35,0.27,1
624167.31,1281831.50,768.59,767.00,768.59,0.63,0.35,0.27,1
624259.62,1281831.50,762.59,761.00,762.59,0.63,0.35,0.27,1
624351.88,1281831.50,761.59,760.00,761.59,0.62,0.34,0.26,1
624444.19,1281831.50,766.59,765.00,766.59,0.62,0.34,0.26,1
624536.44,1281831.50,776.59,775.00,776.59,0.62,0.34,0.26,1
624628.69,1281831.50,781.58,780.00,781.58,0.62,0.35,0.27,1
624721.00,1281831.50,777.58,776.00,777.58,0.63,0.35,0.27,1
624813.25,1281831.50,770.57,769.00,770.57,0.62,0.35,0.27,1
624905.56,1281831.50,765.54,764.00,765.54,0.63,0.35,0.27,1
624997.81,1281831.50,762.50,761.00,762.50,0.63,0.35,0.27,1
625090.12,1281831.50,760.44,759.00,760.44,0.63,0.35,0.28,1
625182.38,1281831.50,761.38,760.00,761.38,0.62,0.35,0.28,1
625274.69,1281831.50,763.34,762.00,763.34,0.62,0.35,0.27,1
625366.94,1281831.50,770.57,769.36,770.57,0.58,0.31,0.24,1
625459.19,1281831.50,-9999.00,-9999.00,-9999.00,0.71,0.71,0.71,0
614385.88,1281739.25,-9999.00,-9999.00,-9999.00,0.71,0.71,0.71,0
614478.12,1281739.25,803.02,802.00,803.02,0.30,0.05,-0.02,1
614570.44,1281739.25,809.06,808.00,809.06,0.63,0.37,0.30,1
614662.69,1281739.25,801.13,800.00,801.13,0.64,0.38,0.30,1
614755.00,1281739.25,808.25,807.00,808.25,0.63,0.37,0.29,1
614847.25,1281739.25,814.39,813.00,814.39,0.64,0.37,0.29,1
614939.56,1281739.25,804.50,803.00,804.50,0.65,0.37,0.29,1
615031.81,1281739.25,791.57,790.00,791.57,0.64,0.36,0.28,1
615124.12,1281739.25,796.62,795.00,796.62,0.62,0.34,0.26,1
615216.38,1281739.25,806.65,805.00,806.65,0.61,0.33,0.25,1
615308.62,1281739.25,803.67,802.00,803.67,0.61,0.33,0.25,1
615400.94,1281739.25,802.68,801.00,802.68,0.61,0.33,0.25,1
615493.19,1281739.25,812.69,811.00,812.69,0.62,0.33,0.25,1
615585.50,1281739.25,814.69,813.00,814.69,0.62,0.34,0.26,1
615677.75,1281739.25,814.69,813.00,814.69,0.61,0.33,0.25,1
615770.06,1281739.25,825.69,824.00,825.69,0.60,0.32,0.24,1
615862.31,1281739.25,829.69,828.00,829.69,0.61,0.33,0.25,1
615954.62,1281739.25,829.69,828.00,829.69,0.62,0.34,0.26,1
616046.88,1281739.25,825.69,824.00,825.69,0.63,0.34,0.26,1
616139.12,1281739.25,826.69,825.00,826.69,0.63,0.35,0.27,1
616231.44,1281739.25,825.69,824.00,825.69,0.64,0.36,0.28,1
616323.69,1281739.25,806.69,805.00,806.69,0.64,0.36,0.28,1
616416.00,1281739.25,796.69,795.00,796.69,0.63,0.35,0.27,1
616508.25,1281739.25,800.69,799.00,800.69,0.63,0.35,0.27,1
616600.56,1281739.25,808.69,807.00,808.69,0.63,0.35,0.27,1
616692.81,1281739.25,811.68,810.00,811.68,0.64,0.36,0.27,1
616785.12,1281739.25,799.68,798.00,799.68,0.63,0.35,0.27,1
616877.38,1281739.25,791.67,790.00,791.67,0.63,0.35,0.27,1
616969.62,1281739.25,774.67,773.00,774.67,0.63,0.35,0.27,1
617061.94,1281739.25,767.66,766.00,767.66,0.63,0.35,0.27,1
617154.19,1281739.25,764.65,763.00,764.65,0.63,0.35,0.27,1
617246.50,1281739.25,764.64,763.00,764.64,0.64,0.36,0.28,1
617338.75,1281739.25,758.62,757.00,758.62,0.64,0.36,0.28,1
617431.06,1281739.25,755.61,754.00,755.61,0.62,0.35,0.27,1
617523.31,1281739.25,767.59,766.00,767.59,0.61,0.34,0.26,1
617615.62,1281739.25,782.58,781.00,782.58,0.62,0.34,0.26,1
617707.88,1281739.25,781.57,780.00,781.57,0.63,0.36,0.28,1
617800.12,1281739.25,763.57,762.00,763.57,0.64,0.36,0.28,1
617892.44,1281739.25,750.57,749.00,750.57,0.63,0.35,0.27,1
617984.69,1281739.25,753.58,752.00,753.58,0.63,0.35,0.27,1
618077.00,1281739.25,748.59,747.00,748.59,0.62,0.34,0.26,1
618169.25,1281739.25,750.60,749.00,750.60,0.62,0.34,0.26,1
618261.56,1281739.25,754.62,753.00,754.62,0.62,0.34,0.26,1
618353.81,1281739.25,753.64,752.00,753.64,0.63,0.35,0.27,1
618446.12,1281739.25,751.65,750.00,751.65,0.62,0.34,0.26,1
618538.38,1281739.25,754.67,753.00,754.67,0.62,0.34,0.26,1
618630.62,1281739.25,754.68,753.00,754.68,0.61,0.33,0.25,1
618722.94,1281739.25,765.68,764.00,765.68,0.60,0.32,0.24,1
618815.19,1281739.25,783.68,782.00,783.68,0.61,0.32,0.24,1
618907.50,1281739.25,784.69,783.00,784.69,0.63,0.34,0.26,1
618999.75,1281739.25,770.68,769.00,770.68,0.63,0.35,0.27,1
619092.06,1281739.25,759.68,758.00,759.68,0.63,0.35,0.27,1
619184.31,1281739.25,758.68,757.00,758.68,0.62,0.34,0.26,1
619276.62,1281739.25,763.68,762.00,763.68,0.61,0.32,0.24,1
619368.88,1281739.25,772.69,771.00,772.69,0.60,0.32,0.24,1
619461.19,1281739.25,784.71,783.00,784.71,0.60,0.32,0.24,1
619553.44,1281739.25,798.74,797.00,798.74,0.59,0.31,0.23,1
619645.69,1281739.25,810.81,809.00,810.81,0.59,0.30,0.22,1
619738.00,1281739.25,814.94,813.00,814.94,0.59,0.30,0.22,1
619830.25,1281739.25,827.13,825.00,827.13,0.58,0.29,0.21,1
619922.56,1281739.25,837.29,835.00,837.29,0.58,0.28,0.20,1
620014.81,1281739.25,846.13,844.00,846.13,0.57,0.28,0.19,1
620107.12,1281739.25,865.39,864.00,865.39,0.55,0.28,0.20,1
620199.38,1281739.25,881.46,881.00,881.46,0.51,0.29,0.23,1
620291.69,1281739.25,901.10,901.00,901.10,0.46,0.30,0.26,1
620383.94,1281739.25,924.05,924.00,924.05,0.43,0.29,0.18,1
620476.19,1281739.25,948.04,948.00,948.04,0.40,0.26,0.15,1
620568.50,1281739.25,973.03,973.00,973.03,0.38,0.23,0.13,1
620660.75,1281739.25,999.03,999.00,999.03,0.36,0.22,0.12,1
620753.06,1281739.25,1008.04,1008.00,1008.04,0.41,0.27,0.16,1
620845.31,1281739.25,1005.07,1005.00,1005.07,0.46,0.32,0.21,1
620937.62,1281739.25,1008.13,1008.00,1008.13,0.48,0.32,0.27,1
621029.88,1281739.25,1021.14,1021.00,1021.14,0.49,0.31,0.27,1
621122.19,1281739.25,1044.11,1044.00,1044.11,0.47,0.31,0.26,1
621214.44,1281739.25,1066.05,1066.00,1066.05,0.48,0.34,0.24,1
621306.69,1281739.25,1096.02,1096.00,1096.02,0.45,0.31,0.20,1
621399.00,1281739.25,1133.01,1133.00,1133.01,0.43,0.29,0.18,1
621491.25,1281739.25,1159.01,1159.00,1159.01,0.46,0.32,0.22,1
621583.56,1281739.25,1156.01,1156.00,1156.01,0.50,0.36,0.26,1
621675.81,1281739.25,1137.02,1137.00,1137.02,0.50,0.36,0.25,1
621768.12,1281739.25,1125.02,1125.00,1125.02,0.47,0.33,0.23,1
621860.38,1281739.25,1113.02,1113.00,1113.02,0.48,0.34,0.24,1
621952.69,1281739.25,1099.01,1099.00,1099.01,0.49,0.35,0.25,1
622044.94,1281739.25,1096.01,1096.00,1096.01,0.49,0.35,0.24,1
622137.19,1281739.25,1099.01,1099.00,1099.01,0.48,0.34,0.24,1
622229.50,1281739.25,1103.02,1103.00,1103.02,0.50,0.36,0.25,1
622321.75,1281739.25,1106.04,1106.00,1106.04,0.57,0.43,0.33,1
622414.06,1281739.25,1109.04,1109.00,1109.04,0.69,0.55,0.44,1
622506.31,1281739.25,1096.03,1096.00,1096.03,0.81,0.67,0.56,1
622598.62,1281739.25,1045.02,1045.00,1045.02,0.85,0.71,0.60,1
622690.88,1281739.25,988.02,988.00,988.02,0.84,0.70,0.60,1
622783.19,1281739.25,937.07,937.00,937.07,0.83,0.69,0.59,1
622875.44,1281739.25,896.43,896.00,896.43,0.72,0.50,0.44,1
622967.69,1281739.25,864.53,863.00,864.53,0.66,0.39,0.31,1
623060.00,1281739.25,843.30,841.00,843.30,0.64,0.34,0.26,1
623152.25,1281739.25,832.47,830.00,832.47,0.64,0.33,0.25,1
623244.56,1281739.25,820.36,818.00,820.36,0.64,0.34,0.25,1
623336.81,1281739.25,810.16,808.00,810.16,0.63,0.34,0.25,1
623429.12,1281739.25,817.00,815.00,817.00,0.63,0.33,0.25,1
623521.38,1281739.25,832.88,831.00,832.88,0.63,0.35,0.26,1
623613.69,1281739.25,833.78,832.00,833.78,0.65,0.36,0.28,1
623705.94,1281739.25,816.72,815.00,816.72,0.65,0.37,0.29,1
623798.19,1281739.25,795.68,794.00,795.68,0.64,0.36,0.28,1
623890.50,1281739.25,783.65,782.00,783.65,0.63,0.35,0.27,1
623982.75,1281739.25,777.63,776.00,777.63,0.63,0.35,0.27,1
624075.06,1281739.25,773.61,772.00,773.61,0.62,0.35,0.27,1
624167.31,1281739.25,768.61,767.00,768.61,0.63,0.35,0.27,1
624259.62,1281739.25,763.60,762.00,763.60,0.63,0.35,0.27,1
624351.88,1281739.25,763.60,762.00,763.60,0.62,0.34,0.26,1
624444.19,1281739.25,774.60,773.00,774.60,0.62,0.34,0.26,1
624536.44,1281739.25,788.60,787.00,788.60,0.62,0.35,0.27,1
624628.69,1281739.25,789.60,788.00,789.60,0.63,0.36,0.28,1
624721.00,1281739.25,777.59,776.00,777.59,0.63,0.35,0.27,1
624813.25,1281739.25,767.58,766.00,767.58,0.63,0.35,0.27,1
624905.56,1281739.25,764.55,763.00,764.55,0.62,0.35,0.27,1
624997.81,1281739.25,762.50,761.00,762.50,0.62,0.35,0.27,1
625090.12,1281739.25,762.43,761.00,762.43,0.62,0.35,0.27,1
625182.38,1281739.25,764.39,763.00,764.39,0.63,0.36,0.28,1
625274.69,1281739.25,764.37,763.00,764.37,0.63,0.36,0.28,1
625366.94,1281739.25,767.11,765.89,767.11,0.58,0.31,0.24,1
625459.19,1281739.25,-9999.00,-9999.00,-9999.00,0.71,0.71,0.71,0
614385.88,1281646.88,-9999.00,-9999.00,-9999.00,0.71,0.71,0.71,0
614478.12,1281646.88,800.05,799.00,800.05,0.31,0.05,-0.02,1
614570.44,1281646.88,808.11,807.00,808.11,0.62,0.36,0.29,1
614662.69,1281646.88,808.13,807.00,808.13,0.63,0.37,0.29,1
614755.00,1281646.88,813.25,812.00,813.25,0.62,0.35,0.28,1
614847.25,1281646.88,815.39,814.00,815.39,0.62,0.35,0.27,1
614939.56,1281646.88,805.50,804.00,805.50,0.63,0.35,0.27,1
615031.81,1281646.88,798.57,797.00,798.57,0.63,0.35,0.27,1
615124.12,1281646.88,803.62,802.00,803.62,0.62,0.34,0.26,1
615216.38,1281646.88,801.65,800.00,801.65,0.62,0.34,0.26,1
615308.62,1281646.88,793.67,792.00,793.67,0.61,0.33,0.25,1
615400.94,1281646.88,797.68,796.00,797.68,0.61,0.33,0.25,1
615493.19,1281646.88,813.69,812.00,813.69,0.61,0.33,0.25,1
615585.50,1281646.88,815.69,814.00,815.69,0.63,0.34,0.26,1
615677.75,1281646.88,808.69,807.00,808.69,0.62,0.34,0.26,1
615770.06,1281646.88,811.69,810.00,811.69,0.60,0.32,0.24,1
615862.31,1281646.88,815.69,814.00,815.69,0.61,0.32,0.24,1
615954.62,1281646.88,819.69,818.00,819.69,0.61,0.33,0.25,1
616046.88,1281646.88,827.69,826.00,827.69,0.62,0.33,0.25,1
616139.12,1281646.88,837.69,836.00,837.69,0.62,0.34,0.26,1
616231.44,1281646.88,835.69,834.00,835.69,0.64,0.36,0.27,1
616323.69,1281646.88,814.69,813.00,814.69,0.65,0.36,0.28,1
616416.00,1281646.88,803.69,802.00,803.69,0.63,0.35,0.27,1
616508.25,1281646.88,820.69,819.00,820.69,0.62,0.34,0.26,1
616600.56,1281646.88,831.68,830.00,831.68,0.64,0.35,0.27,1
616692.81,1281646.88,828.68,827.00,828.68,0.65,0.36,0.28,1
616785.12,1281646.88,809.68,808.00,809.68,0.65,0.37,0.29,1
616877.38,1281646.88,795.67,794.00,795.67,0.64,0.36,0.28,1
616969.62,1281646.88,785.67,784.00,785.67,0.64,0.36,0.28,1
617061.94,1281646.88,780.66,779.00,780.66,0.64,0.36,0.28,1
617154.19,1281646.88,779.65,778.00,779.65,0.64,0.35,0.27,1
617246.50,1281646.88,782.64,781.00,782.64,0.64,0.36,0.28,1
617338.75,1281646.88,775.63,774.00,775.63,0.64,0.36,0.28,1
617431.06,1281646.88,768.62,767.00,768.62,0.63,0.35,0.27,1
617523.31,1281646.88,773.60,772.00,773.60,0.62,0.34,0.26,1
617615.62,1281646.88,781.58,780.00,781.58,0.61,0.33,0.26,1
617707.88,1281646.88,779.58,778.00,779.58,0.63,0.35,0.27,1
617800.12,1281646.88,760.58,759.00,760.58,0.64,0.36,0.28,1
617892.44,1281646.88,756.58,755.00,756.58,0.63,0.35,0.27,1
617984.69,1281646.88,760.58,759.00,760.58,0.63,0.35,0.27,1
618077.00,1281646.88,749.59,748.00,749.59,0.63,0.35,0.27,1
618169.25,1281646.88,750.60,749.00,750.60,0.62,0.34,0.26,1
618261.56,1281646.88,758.61,757.00,758.61,0.62,0.34,0.26,1
618353.81,1281646.88,765.63,764.00,765.63,0.63,0.35,0.27,1
618446.12,1281646.88,768.65,767.00,768.65,0.63,0.35,0.27,1
618538.38,1281646.88,768.67,767.00,768.67,0.64,0.36,0.28,1
618630.62,1281646.88,759.68,758.00,759.68,0.64,0.36,0.27,1
618722.94,1281646.88,759.69,758.00,759.69,0.61,0.33,0.25,1
618815.19,1281646.88,772.69,771.00,772.69,0.60,0.32,0.24,1
618907.50,1281646.88,778.69,777.00,778.69,0.61,0.33,0.25,1
618999.75,1281646.88,772.69,771.00,772.69,0.63,0.35,0.27,1
619092.06,1281646.88,770.69,769.00,770.69,0.63,0.35,0.27,1
619184.31,1281646.88,766.69,765.00,766.69,0.63,0.35,0.27,1
619276.62,1281646.88,759.69,758.00,759.69,0.62,0.34,0.26,1
619368.88,1281646.88,770.70,769.00,770.70,0.60,0.32,0.24,1
619461.19,1281646.88,783.71,782.00,783.71,0.61,0.32,0.24,1
619553.44,1281646.88,789.75,788.00,789.75,0.61,0.32,0.24,1
619645.69,1281646.88,792.82,791.00,792.82,0.60,0.31,0.23,1
619738.00,1281646.88,799.95,798.00,799.95,0.60,0.31,0.23,1
619830.25,1281646.88,811.18,809.00,811.18,0.60,0.30,0.22,1
619922.56,1281646.88,809.51,807.00,809.51,0.60,0.29,0.21,1
620014.81,1281646.88,812.76,810.00,812.76,0.59,0.28,0.19,1
620107.12,1281646.88,829.60,827.00,829.60,0.58,0.27,0.18,1
620199.38,1281646.88,843.69,842.00,843.69,0.55,0.27,0.19,1
620291.69,1281646.88,865.72,865.00,865.72,0.52,0.28,0.22,1
620383.94,1281646.88,885.36,885.00,885.36,0.51,0.30,0.24,1
620476.19,1281646.88,897.27,897.00,897.27,0.48,0.28,0.22,1
620568.50,1281646.88,911.21,911.00,911.21,0.44,0.26,0.20,1
620660.75,1281646.88,921.16,921.00,921.16,0.42,0.24,0.19,1
620753.06,1281646.88,933.10,933.00,933.10,0.42,0.28,0.17,1
620845.31,1281646.88,947.08,947.00,947.08,0.45,0.31,0.20,1
620937.62,1281646.88,968.12,968.00,968.12,0.48,0.31,0.26,1
621029.88,1281646.88,990.12,990.00,990.12,0.48,0.32,0.27,1
621122.19,1281646.88,1013.08,1013.00,1013.08,0.46,0.32,0.22,1
621214.44,1281646.88,1042.03,1042.00,1042.03,0.46,0.32,0.21,1
621306.69,1281646.88,1072.01,1072.00,1072.01,0.47,0.33,0.22,1
621399.00,1281646.88,1092.01,1092.00,1092.01,0.44,0.30,0.20,1
621491.25,1281646.88,1102.01,1102.00,1102.01,0.44,0.30,0.19,1
621583.56,1281646.88,1095.01,1095.00,1095.01,0.48,0.34,0.24,1
621675.81,1281646.88,1077.01,1077.00,1077.01,0.51,0.37,0.27,1
621768.12,1281646.88,1063.02,1063.00,1063.02,0.49,0.35,0.25,1
621860.38,1281646.88,1053.02,1053.00,1053.02,0.49,0.35,0.24,1
621952.69,1281646.88,1050.02,1050.00,1050.02,0.51,0.37,0.26,1
622044.94,1281646.88,1049.02,1049.00,1049.02,0.52,0.38,0.27,1
622137.19,1281646.88,1049.03,1049.00,1049.03,0.51,0.37,0.27,1
622229.50,1281646.88,1056.05,1056.00,1056.05,0.52,0.38,0.27,1
622321.75,1281646.88,1072.06,1072.00,1072.06,0.53,0.39,0.29,1
622414.06,1281646.88,1094.05,1094.00,1094.05,0.60,0.46,0.35,1
622506.31,1281646.88,1098.04,1098.00,1098.04,0.74,0.60,0.50,1
622598.62,1281646.88,1063.03,1063.00,1063.03,0.83,0.69,0.59,1
622690.88,1281646.88,1004.03,1004.00,1004.03,0.84,0.70,0.60,1
622783.19,1281646.88,949.11,949.00,949.11,0.77,0.60,0.56,1
622875.44,1281646.88,908.50,908.00,908.50,0.71,0.49,0.43,1
622967.69,1281646.88,884.24,883.00,884.24,0.67,0.40,0.33,1
623060.00,1281646.88,875.72,874.00,875.72,0.65,0.37,0.29,1
623152.25,1281646.88,867.90,866.00,867.90,0.65,0.36,0.28,1
623244.56,1281646.88,846.95,845.00,846.95,0.65,0.36,0.28,1
623336.81,1281646.88,833.94,832.00,833.94,0.64,0.35,0.27,1
623429.12,1281646.88,847.87,846.00,847.87,0.63,0.34,0.26,1
623521.38,1281646.88,863.76,862.00,863.76,0.64,0.35,0.27,1
623613.69,1281646.88,859.71,858.00,859.71,0.65,0.37,0.28,1
623705.94,1281646.88,828.72,827.00,828.72,0.65,0.36,0.28,1
623798.19,1281646.88,797.69,796.00,797.69,0.64,0.36,0.28,1
623890.50,1281646.88,779.67,778.00,779.67,0.63,0.35,0.27,1
623982.75,1281646.88,772.65,771.00,772.65,0.63,0.35,0.27,1
624075.06,1281646.88,769.64,768.00,769.64,0.63,0.35,0.27,1
624167.31,1281646.88,767.63,766.00,767.63,0.63,0.35,0.27,1
624259.62,1281646.88,764.63,763.00,764.63,0.62,0.34,0.26,1
624351.88,1281646.88,766.63,765.00,766.63,0.61,0.33,0.25,1
624444.19,1281646.88,783.62,782.00,783.62,0.61,0.33,0.25,1
624536.44,1281646.88,800.62,799.00,800.62,0.62,0.34,0.26,1
624628.69,1281646.88,794.62,793.00,794.62,0.63,0.35,0.28,1
624721.00,1281646.88,775.60,774.00,775.60,0.64,0.36,0.28,1
624813.25,1281646.88,764.58,763.00,764.58,0.63,0.35,0.27,1
624905.56,1281646.88,762.55,761.00,762.55,0.62,0.35,0.27,1
624997.81,1281646.88,762.49,761.00,762.49,0.62,0.35,0.27,1
625090.12,1281646.88,764.42,763.00,764.42,0.62,0.35,0.27,1
625182.38,1281646.88,771.37,770.00,771.37,0.62,0.35,0.27,1
625274.69,1281646.88,771.34,770.00,771.34,0.63,0.36,0.28,1
625366.94,1281646.88,767.57,766.41,767.57,0.58,0.32,0.24,1
625459.19,1281646.88,-9999.00,-9999.00,-9999.00,0.71,0.71,0.71,0
614385.88,1281554.62,-9999.00,-9999.00,-9999.00,0.71,0.71,0.71,0
614478.12,1281554.62,807.13,806.00,807.13,0.32,0.06,-0.01,1
614570.44,1281554.62,810.21,809.00,810.21,0.62,0.36,0.28,1
614662.69,1281554.62,804.18,803.00,804.18,0.62,0.36,0.28,1
614755.00,1281554.62,804.26,803.00,804.26,0.61,0.35,0.27,1
614847.25,1281554.62,805.39,804.00,805.39,0.62,0.34,0.27,1
614939.56,1281554.62,797.50,796.00,797.50,0.62,0.34,0.26,1
615031.81,1281554.62,797.58,796.00,797.58,0.61,0.33,0.25,1
615124.12,1281554.62,803.62,802.00,803.62,0.62,0.34,0.26,1
615216.38,1281554.62,793.65,792.00,793.65,0.62,0.34,0.26,1
615308.62,1281554.62,787.67,786.00,787.67,0.62,0.33,0.25,1
615400.94,1281554.62,797.68,796.00,797.68,0.61,0.33,0.25,1
615493.19,1281554.62,813.68,812.00,813.68,0.61,0.33,0.25,1
615585.50,1281554.62,818.69,817.00,818.69,0.62,0.34,0.26,1
615677.75,1281554.62,807.69,806.00,807.69,0.62,0.34,0.26,1
615770.06,1281554.62,804.69,803.00,804.69,0.61,0.33,0.25,1
615862.31,1281554.62,810.69,809.00,810.69,0.61,0.33,0.25,1
615954.62,1281554.62,821.68,820.00,821.68,0.61,0.33,0.25,1
616046.88,1281554.62,834.68,833.00,834.68,0.61,0.33,0.25,1
616139.12,1281554.62,839.68,838.00,839.68,0.62,0.33,0.25,1
616231.44,1281554.62,835.68,834.00,835.68,0.62,0.34,0.26,1
616323.69,1281554.62,829.68,828.00,829.68,0.64,0.36,0.28,1
616416.00,1281554.62,820.68,819.00,820.68,0.63,0.35,0.27,1
616508.25,1281554.62,838.68,837.00,838.68,0.62,0.33,0.25,1
616600.56,1281554.62,854.68,853.00,854.68,0.63,0.35,0.27,1
616692.81,1281554.62,842.68,841.00,842.68,0.65,0.36,0.28,1
616785.12,1281554.62,823.68,822.00,823.68,0.65,0.37,0.29,1
616877.38,1281554.62,816.67,815.00,816.67,0.65,0.37,0.28,1
616969.62,1281554.62,812.67,811.00,812.67,0.65,0.37,0.29,1
617061.94,1281554.62,805.66,804.00,805.66,0.65,0.37,0.29,1
617154.19,1281554.62,796.66,795.00,796.66,0.64,0.36,0.28,1
617246.50,1281554.62,790.65,789.00,790.65,0.63,0.35,0.27,1
617338.75,1281554.62,780.64,779.00,780.64,0.63,0.35,0.27,1
617431.06,1281554.62,773.63,772.00,773.63,0.63,0.35,0.27,1
617523.31,1281554.62,769.61,768.00,769.61,0.62,0.34,0.26,1
617615.62,1281554.62,773.59,772.00,773.59,0.61,0.33,0.25,1
617707.88,1281554.62,776.58,775.00,776.58,0.62,0.34,0.26,1
617800.12,1281554.62,767.58,766.00,767.58,0.63,0.36,0.28,1
617892.44,1281554.62,763.58,762.00,763.58,0.63,0.35,0.27,1
617984.69,1281554.62,759.58,758.00,759.58,0.63,0.35,0.27,1
618077.00,1281554.62,749.59,748.00,749.59,0.63,0.35,0.27,1
618169.25,1281554.62,750.60,749.00,750.60,0.62,0.34,0.26,1
618261.56,1281554.62,761.61,760.00,761.61,0.61,0.33,0.25,1
618353.81,1281554.62,774.63,773.00,774.63,0.62,0.34,0.26,1
618446.12,1281554.62,779.66,778.00,779.66,0.62,0.34,0.26,1
618538.38,1281554.62,785.67,784.00,785.67,0.63,0.35,0.27,1
618630.62,1281554.62,778.68,777.00,778.68,0.65,0.36,0.28,1
618722.94,1281554.62,768.69,767.00,768.69,0.64,0.36,0.28,1
618815.19,1281554.62,764.69,763.00,764.69,0.62,0.34,0.26,1
618907.50,1281554.62,769.69,768.00,769.69,0.61,0.33,0.25,1
618999.75,1281554.62,777.69,776.00,777.69,0.62,0.34,0.26,1
619092.06,1281554.62,781.69,780.00,781.69,0.63,0.35,0.27,1
619184.31,1281554.62,773.69,772.00,773.69,0.64,0.35,0.27,1
619276.62,1281554.62,761.69,760.00,761.69,0.63,0.34,0.26,1
619368.88,1281554.62,766.70,765.00,766.70,0.61,0.32,0.24,1
619461.19,1281554.62,779.72,778.00,779.72,0.60,0.32,0.24,1
619553.44,1281554.62,781.75,780.00,781.75,0.61,0.33,0.24,1
619645.69,1281554.62,784.82,783.00,784.82,0.61,0.32,0.24,1
619738.00,1281554.62,792.95,791.00,792.95,0.60,0.31,0.23,1
619830.25,1281554.62,798.16,796.00,798.16,0.60,0.31,0.22,1
619922.56,1281554.62,799.50,797.00,799.50,0.61,0.30,0.22,1
620014.81,1281554.62,791.85,789.00,791.85,0.60,0.29,0.20,1
620107.12,1281554.62,799.04,796.00,799.04,0.59,0.27,0.18,1
620199.38,1281554.62,809.88,807.00,809.88,0.58,0.27,0.18,1
620291.69,1281554.62,830.22,828.00,830.22,0.57,0.27,0.19,1
620383.94,1281554.62,846.73,845.00,846.73,0.56,0.28,0.20,1
620476.19,1281554.62,849.61,848.00,849.61,0.56,0.29,0.21,1
620568.50,1281554.62,854.58,853.00,854.58,0.55,0.28,0.20,1
620660.75,1281554.62,867.42,866.00,867.42,0.54,0.27,0.19,1
620753.06,1281554.62,890.96,890.00,890.96,0.53,0.28,0.21,1
620845.31,1281554.62,911.43,911.00,911.43,0.51,0.30,0.24,1
620937.62,1281554.62,938.18,938.00,938.18,0.49,0.31,0.26,1
621029.88,1281554.62,957.10,957.00,957.10,0.47,0.31,0.27,1
621122.19,1281554.62,974.05,974.00,974.05,0.45,0.31,0.21,1
621214.44,1281554.62,1000.02,1000.00,1000.02,0.44,0.30,0.19,1
621306.69,1281554.62,1025.01,1025.00,1025.01,0.44,0.30,0.19,1
621399.00,1281554.62,1033.01,1033.00,1033.01,0.44,0.30,0.20,1
621491.25,1281554.62,1035.01,1035.00,1035.01,0.45,0.31,0.21,1
621583.56,1281554.62,1035.01,1035.00,1035.01,0.49,0.35,0.24,1
621675.81,1281554.62,1025.02,1025.00,1025.02,0.53,0.39,0.28,1
621768.12,1281554.62,1009.05,1009.00,1009.05,0.53,0.39,0.28,1
621860.38,1281554.62,1002.08,1002.00,1002.08,0.52,0.38,0.27,1
621952.69,1281554.62,1003.09,1003.00,1003.09,0.50,0.36,0.26,1
622044.94,1281554.62,1006.09,1006.00,1006.09,0.52,0.38,0.27,1
622137.19,1281554.62,1014.06,1014.00,1014.06,0.54,0.40,0.30,1
622229.50,1281554.62,1033.06,1033.00,1033.06,0.57,0.43,0.32,1
622321.75,1281554.62,1057.06,1057.00,1057.06,0.58,0.44,0.34,1
622414.06,1281554.62,1079.06,1079.00,1079.06,0.58,0.44,0.34,1
622506.31,1281554.62,1092.05,1092.00,1092.05,0.66,0.52,0.42,1
622598.62,1281554.62,1067.04,1067.00,1067.04,0.77,0.63,0.52,1
622690.88,1281554.62,1015.06,1015.00,1015.06,0.81,0.67,0.57,1
622783.19,1281554.62,964.21,964.00,964.21,0.74,0.55,0.50,1
622875.44,1281554.62,928.65,928.00,928.65,0.70,0.47,0.40,1
622967.69,1281554.62,907.19,906.00,907.19,0.67,0.40,0.33,1
623060.00,1281554.62,900.49,899.00,900.49,0.65,0.38,0.30,1
623152.25,1281554.62,890.64,889.00,890.64,0.65,0.37,0.29,1
623244.56,1281554.62,874.70,873.00,874.70,0.65,0.36,0.28,1
623336.81,1281554.62,873.70,872.00,873.70,0.64,0.35,0.27,1
623429.12,1281554.62,888.66,887.00,888.66,0.63,0.35,0.27,1
623521.38,1281554.62,888.64,887.00,888.64,0.64,0.36,0.28,1
623613.69,1281554.62,859.64,858.00,859.64,0.64,0.36,0.28,1
623705.94,1281554.62,819.71,818.00,819.71,0.64,0.36,0.28,1
623798.19,1281554.62,795.71,794.00,795.71,0.63,0.35,0.27,1
623890.50,1281554.62,783.70,782.00,783.70,0.63,0.35,0.27,1
623982.75,1281554.62,778.69,777.00,778.69,0.63,0.35,0.27,1
624075.06,1281554.62,776.67,775.00,776.67,0.63,0.35,0.27,1
624167.31,1281554.62,773.66,772.00,773.66,0.63,0.35,0.27,1
624259.62,1281554.62,766.66,765.00,766.66,0.63,0.35,0.26,1
624351.88,1281554.62,769.65,768.00,769.65,0.61,0.33,0.25,1
624444.19,1281554.62,784.64,783.00,784.64,0.60,0.32,0.24,1
624536.44,1281554.62,795.64,794.00,795.64,0.61,0.33,0.25,1
624628.69,1281554.62,790.63,789.00,790.63,0.63,0.35,0.27,1
624721.00,1281554.62,776.61,775.00,776.61,0.63,0.36,0.28,1
624813.25,1281554.62,765.59,764.00,765.59,0.63,0.35,0.27,1
624905.56,1281554.62,763.55,762.00,763.55,0.62,0.35,0.27,1
624997.81,1281554.62,765.48,764.00,765.48,0.62,0.35,0.27,1
625090.12,1281554.62,764.40,763.00,764.40,0.62,0.35,0.28,1
625182.38,1281554.62,765.32,764.00,765.32,0.62,0.35,0.27,1
625274.69,1281554.62,769.27,768.00,769.27,0.62,0.35,0.28,1
625366.94,1281554.62,768.04,766.92,768.04,0.58,0.32,0.24,1
625459.19,1281554.62,-9999.00,-9999.00,-9999.00,0.71,0.71,0.71,0
614385.88,1281462.38,-9999.00,-9999.00,-9999.00,0.71,0.71,0.71,0
614478.12,1281462.38,801.17,800.00,801.17,0.33,0.06,-0.01,1
614570.44,1281462.38,801.26,800.00,801.26,0.61,0.35,0.27,1
614662.69,1281462.38,791.25,790.00,791.25,0.61,0.35,0.27,1
614755.00,1281462.38,796.30,795.00,796.30,0.61,0.34,0.26,1
614847.25,1281462.38,796.39,795.00,796.39,0.61,0.34,0.27,1
614939.56,1281462.38,787.50,786.00,787.50,0.62,0.34,0.26,1
615031.81,1281462.38,788.58,787.00,788.58,0.61,0.33,0.25,1
615124.12,1281462.38,791.62,790.00,791.62,0.62,0.34,0.26,1
615216.38,1281462.38,787.65,786.00,787.65,0.63,0.35,0.27,1
615308.62,1281462.38,787.67,786.00,787.67,0.62,0.34,0.25,1
615400.94,1281462.38,800.68,799.00,800.68,0.61,0.32,0.24,1
615493.19,1281462.38,812.68,811.00,812.68,0.61,0.33,0.25,1
615585.50,1281462.38,811.68,810.00,811.68,0.62,0.34,0.26,1
615677.75,1281462.38,799.68,798.00,799.68,0.62,0.34,0.26,1
615770.06,1281462.38,800.68,799.00,800.68,0.61,0.33,0.25,1
615862.31,1281462.38,810.68,809.00,810.68,0.61,0.33,0.25,1
615954.62,1281462.38,824.67,823.00,824.67,0.61,0.32,0.24,1
616046.88,1281462.38,835.67,834.00,835.67,0.61,0.33,0.25,1
616139.12,1281462.38,829.66,828.00,829.66,0.61,0.33,0.25,1
616231.44,1281462.38,827.66,826.00,827.66,0.61,0.33,0.25,1
616323.69,1281462.38,834.66,833.00,834.66,0.61,0.33,0.25,1
616416.00,1281462.38,838.67,837.00,838.67,0.62,0.34,0.26,1
616508.25,1281462.38,854.67,853.00,854.67,0.61,0.33,0.25,1
616600.56,1281462.38,861.67,860.00,861.67,0.62,0.34,0.26,1
616692.81,1281462.38,850.67,849.00,850.67,0.63,0.35,0.27,1
616785.12,1281462.38,846.67,845.00,846.67,0.64,0.36,0.28,1
616877.38,1281462.38,842.67,841.00,842.67,0.64,0.36,0.28,1
616969.62,1281462.38,836.67,835.00,836.67,0.65,0.37,0.29,1
617061.94,1281462.38,822.66,821.00,822.66,0.65,0.37,0.29,1
617154.19,1281462.38,806.66,805.00,806.66,0.65,0.36,0.28,1
617246.50,1281462.38,792.65,791.00,792.65,0.64,0.36,0.28,1
617338.75,1281462.38,777.64,776.00,777.64,0.63,0.35,0.27,1
617431.06,1281462.38,770.63,769.00,770.63,0.63,0.35,0.27,1
617523.31,1281462.38,764.62,763.00,764.62,0.63,0.35,0.27,1
617615.62,1281462.38,765.60,764.00,765.60,0.61,0.34,0.26,1
617707.88,1281462.38,768.59,767.00,768.59,0.61,0.33,0.25,1
617800.12,1281462.38,771.59,770.00,771.59,0.62,0.34,0.26,1
617892.44,1281462.38,768.58,767.00,768.58,0.63,0.35,0.27,1
617984.69,1281462.38,759.59,758.00,759.59,0.63,0.35,0.27,1
618077.00,1281462.38,752.59,751.00,752.59,0.63,0.35,0.27,1
618169.25,1281462.38,751.60,750.00,751.60,0.62,0.34,0.26,1
618261.56,1281462.38,763.61,762.00,763.61,0.60,0.33,0.25,1
618353.81,1281462.38,782.63,781.00,782.63,0.61,0.33,0.25,1
618446.12,1281462.38,789.66,788.00,789.66,0.62,0.34,0.26,1
618538.38,1281462.38,796.67,795.00,796.67,0.62,0.34,0.26,1
618630.62,1281462.38,796.68,795.00,796.68,0.64,0.36,0.28,1
618722.94,1281462.38,781.69,780.00,781.69,0.64,0.36,0.28,1
618815.19,1281462.38,767.69,766.00,767.69,0.63,0.35,0.27,1
618907.50,1281462.38,773.69,772.00,773.69,0.62,0.34,0.25,1
618999.75,1281462.38,786.69,785.00,786.69,0.62,0.34,0.26,1
619092.06,1281462.38,787.69,786.00,787.69,0.63,0.35,0.27,1
619184.31,1281462.38,777.69,776.00,777.69,0.63,0.35,0.27,1
619276.62,1281462.38,763.69,762.00,763.69,0.63,0.35,0.27,1
619368.88,1281462.38,761.70,760.00,761.70,0.62,0.33,0.25,1
619461.19,1281462.38,768.72,767.00,768.72,0.61,0.33,0.25,1
619553.44,1281462.38,773.75,772.00,773.75,0.61,0.32,0.24,1
619645.69,1281462.38,779.81,778.00,779.81,0.61,0.32,0.24,1
619738.00,1281462.38,785.92,784.00,785.92,0.60,0.31,0.23,1
619830.25,1281462.38,787.11,785.00,787.11,0.60,0.31,0.22,1
619922.56,1281462.38,790.40,788.00,790.40,0.61,0.30,0.22,1
620014.81,1281462.38,784.73,782.00,784.73,0.61,0.30,0.21,1
620107.12,1281462.38,781.92,779.00,781.92,0.60,0.29,0.20,1
620199.38,1281462.38,787.96,785.00,787.96,0.59,0.28,0.19,1
620291.69,1281462.38,800.84,798.00,800.84,0.59,0.28,0.19,1
620383.94,1281462.38,811.70,809.00,811.70,0.59,0.28,0.19,1
620476.19,1281462.38,818.72,816.00,818.72,0.59,0.28,0.19,1
620568.50,1281462.38,826.84,824.00,826.84,0.59,0.28,0.19,1
620660.75,1281462.38,843.94,841.00,843.94,0.59,0.27,0.18,1
620753.06,1281462.38,864.68,862.00,864.68,0.58,0.27,0.18,1
620845.31,1281462.38,885.89,884.00,885.89,0.56,0.28,0.19,1
620937.62,1281462.38,904.96,904.00,904.96,0.54,0.29,0.22,1
621029.88,1281462.38,915.35,915.00,915.35,0.50,0.30,0.24,1
621122.19,1281462.38,928.09,928.00,928.09,0.45,0.31,0.21,1
621214.44,1281462.38,956.02,956.00,956.02,0.44,0.30,0.20,1
621306.69,1281462.38,971.02,971.00,971.02,0.46,0.32,0.21,1
621399.00,1281462.38,974.02,974.00,974.02,0.46,0.32,0.21,1
621491.25,1281462.38,983.02,983.00,983.02,0.48,0.34,0.24,1
621583.56,1281462.38,985.05,985.00,985.05,0.52,0.38,0.27,1
621675.81,1281462.38,976.18,976.00,976.18,0.53,0.35,0.30,1
621768.12,1281462.38,964.45,964.00,964.45,0.55,0.33,0.27,1
621860.38,1281462.38,960.61,960.00,960.61,0.55,0.32,0.26,1
621952.69,1281462.38,959.63,959.00,959.63,0.55,0.31,0.25,1
622044.94,1281462.38,968.49,968.00,968.49,0.53,0.31,0.25,1
622137.19,1281462.38,993.18,993.00,993.18,0.50,0.32,0.27,1
622229.50,1281462.38,1030.06,1030.00,1030.06,0.54,0.40,0.29,1
622321.75,1281462.38,1057.05,1057.00,1057.05,0.60,0.46,0.35,1
622414.06,1281462.38,1067.05,1067.00,1067.05,0.60,0.46,0.35,1
622506.31,1281462.38,1066.05,1066.00,1066.05,0.60,0.46,0.36,1
622598.62,1281462.38,1048.06,1048.00,1048.06,0.69,0.55,0.44,1
622690.88,1281462.38,1009.13,1009.00,1009.13,0.70,0.53,0.49,1
622783.19,1281462.38,971.37,971.00,971.37,0.70,0.50,0.44,1
622875.44,1281462.38,941.81,941.00,941.81,0.68,0.44,0.37,1
622967.69,1281462.38,924.18,923.00,924.18,0.66,0.40,0.32,1
623060.00,1281462.38,914.39,913.00,914.39,0.65,0.38,0.30,1
623152.25,1281462.38,899.51,898.00,899.51,0.64,0.37,0.29,1
623244.56,1281462.38,888.56,887.00,888.56,0.64,0.36,0.28,1
623336.81,1281462.38,890.58,889.00,890.58,0.63,0.36,0.28,1
623429.12,1281462.38,887.57,886.00,887.57,0.63,0.35,0.27,1
623521.38,1281462.38,871.57,870.00,871.57,0.63,0.35,0.28,1
623613.69,1281462.38,847.60,846.00,847.60,0.65,0.37,0.29,1
623705.94,1281462.38,817.70,816.00,817.70,0.65,0.37,0.29,1
623798.19,1281462.38,794.75,793.00,794.75,0.64,0.35,0.27,1
623890.50,1281462.38,785.76,784.00,785.76,0.63,0.34,0.26,1
623982.75,1281462.38,780.74,779.00,780.74,0.62,0.34,0.26,1
624075.06,1281462.38,778.72,777.00,778.72,0.62,0.34,0.26,1
624167.31,1281462.38,772.70,771.00,772.70,0.62,0.34,0.26,1
624259.62,1281462.38,769.68,768.00,769.68,0.62,0.34,0.26,1
624351.88,1281462.38,774.67,773.00,774.67,0.62,0.34,0.26,1
624444.19,1281462.38,781.66,780.00,781.66,0.62,0.34,0.26,1
624536.44,1281462.38,788.65,787.00,788.65,0.61,0.33,0.25,1
624628.69,1281462.38,789.63,788.00,789.63,0.62,0.34,0.26,1
624721.00,1281462.38,778.62,777.00,778.62,0.63,0.35,0.27,1
624813.25,1281462.38,768.59,767.00,768.59,0.63,0.35,0.27,1
624905.56,1281462.38,765.54,764.00,765.54,0.63,0.35,0.27,1
624997.81,1281462.38,766.47,765.00,766.47,0.62,0.35,0.27,1
625090.12,1281462.38,764.36,763.00,764.36,0.63,0.36,0.28,1
625182.38,1281462.38,764.26,763.00,764.26,0.63,0.36,0.28,1
625274.69,1281462.38,766.20,765.00,766.20,0.62,0.36,0.28,1
625366.94,1281462.38,770.11,769.04,770.11,0.58,0.32,0.25,1
625459.19,1281462.38,-9999.00,-9999.00,-9999.00,0.71,0.71,0.71,0
614385.88,1281370.12,-9999.00,-9999.00,-9999.00,0.71,0.71,0.71,0
614478.12,1281370.12,784.16,783.00,784.16,0.33,0.06,-0.01,1
614570.44,1281370.12,783.24,782.00,783.24,0.60,0.34,0.26,1
614662.69,1281370.12,780.27,779.00,780.27,0.61,0.35,0.27,1
614755.00,1281370.12,784.31,783.00,784.31,0.61,0.34,0.27,1
614847.25,1281370.12,783.40,782.00,783.40,0.62,0.35,0.27,1
614939.56,1281370.12,778.50,777.00,778.50,0.62,0.34,0.27,1
615031.81,1281370.12,782.58,781.00,782.58,0.61,0.33,0.25,1
615124.12,1281370.12,797.62,796.00,797.62,0.62,0.34,0.26,1
615216.38,1281370.12,802.65,801.00,802.65,0.64,0.36,0.28,1
615308.62,1281370.12,793.67,792.00,793.67,0.63,0.35,0.27,1
615400.94,1281370.12,795.67,794.00,795.67,0.61,0.33,0.25,1
615493.19,1281370.12,804.68,803.00,804.68,0.61,0.33,0.25,1
615585.50,1281370.12,800.67,799.00,800.67,0.61,0.33,0.25,1
615677.75,1281370.12,798.67,797.00,798.67,0.62,0.34,0.26,1
615770.06,1281370.12,803.67,802.00,803.67,0.62,0.33,0.25,1
615862.31,1281370.12,810.66,809.00,810.66,0.61,0.33,0.25,1
615954.62,1281370.12,819.65,818.00,819.65,0.60,0.32,0.24,1
616046.88,1281370.12,825.64,824.00,825.64,0.61,0.33,0.25,1
616139.12,1281370.12,819.64,818.00,819.64,0.61,0.33,0.25,1
616231.44,1281370.12,820.64,819.00,820.64,0.61,0.33,0.25,1
616323.69,1281370.12,825.64,824.00,825.64,0.61,0.33,0.25,1
616416.00,1281370.12,837.65,836.00,837.65,0.60,0.32,0.24,1
616508.25,1281370.12,852.65,851.00,852.65,0.61,0.33,0.25,1
616600.56,1281370.12,857.65,856.00,857.65,0.61,0.33,0.25,1
616692.81,1281370.12,855.65,854.00,855.65,0.62,0.34,0.26,1
616785.12,1281370.12,856.66,855.00,856.66,0.62,0.34,0.26,1
616877.38,1281370.12,854.66,853.00,854.66,0.62,0.34,0.26,1
616969.62,1281370.12,855.66,854.00,855.66,0.64,0.36,0.28,1
617061.94,1281370.12,836.66,835.00,836.66,0.65,0.37,0.29,1
617154.19,1281370.12,818.66,817.00,818.66,0.64,0.36,0.28,1
617246.50,1281370.12,795.65,794.00,795.65,0.64,0.36,0.28,1
617338.75,1281370.12,782.65,781.00,782.65,0.64,0.36,0.28,1
617431.06,1281370.12,778.64,777.00,778.64,0.64,0.36,0.28,1
617523.31,1281370.12,776.62,775.00,776.62,0.64,0.36,0.28,1
617615.62,1281370.12,765.61,764.00,765.61,0.63,0.35,0.27,1
617707.88,1281370.12,760.60,759.00,760.60,0.62,0.34,0.26,1
617800.12,1281370.12,766.59,765.00,766.59,0.61,0.33,0.25,1
617892.44,1281370.12,766.59,765.00,766.59,0.62,0.34,0.26,1
617984.69,1281370.12,760.59,759.00,760.59,0.63,0.35,0.27,1
618077.00,1281370.12,755.60,754.00,755.60,0.63,0.35,0.27,1
618169.25,1281370.12,751.60,750.00,751.60,0.62,0.34,0.26,1
618261.56,1281370.12,765.62,764.00,765.62,0.60,0.32,0.24,1
618353.81,1281370.12,787.64,786.00,787.64,0.60,0.32,0.24,1
618446.12,1281370.12,795.66,794.00,795.66,0.61,0.33,0.25,1
618538.38,1281370.12,798.67,797.00,798.67,0.61,0.33,0.25,1
618630.62,1281370.12,798.68,797.00,798.68,0.62,0.34,0.26,1
618722.94,1281370.12,787.69,786.00,787.69,0.64,0.35,0.27,1
618815.19,1281370.12,773.69,772.00,773.69,0.63,0.35,0.27,1
618907.50,1281370.12,783.69,782.00,783.69,0.62,0.34,0.26,1
618999.75,1281370.12,792.69,791.00,792.69,0.62,0.34,0.26,1
619092.06,1281370.12,790.69,789.00,790.69,0.63,0.35,0.27,1
619184.31,1281370.12,777.69,776.00,777.69,0.63,0.35,0.27,1
619276.62,1281370.12,764.70,763.00,764.70,0.63,0.35,0.27,1
619368.88,1281370.12,763.71,762.00,763.71,0.62,0.34,0.26,1
619461.19,1281370.12,770.72,769.00,770.72,0.62,0.34,0.26,1
619553.44,1281370.12,768.74,767.00,768.74,0.62,0.34,0.26,1
619645.69,1281370.12,769.79,768.00,769.79,0.61,0.33,0.25,1
619738.00,1281370.12,769.87,768.00,769.87,0.61,0.32,0.24,1
619830.25,1281370.12,771.00,769.00,771.00,0.60,0.31,0.23,1
619922.56,1281370.12,777.20,775.00,777.20,0.60,0.31,0.22,1
620014.81,1281370.12,779.45,777.00,779.45,0.61,0.31,0.22,1
620107.12,1281370.12,777.62,775.00,777.62,0.61,0.30,0.22,1
620199.38,1281370.12,775.71,773.00,775.71,0.60,0.30,0.21,1
620291.69,1281370.12,782.74,780.00,782.74,0.60,0.29,0.20,1
620383.94,1281370.12,791.73,789.00,791.73,0.60,0.29,0.20,1
620476.19,1281370.12,800.77,798.00,800.77,0.59,0.28,0.19,1
620568.50,1281370.12,816.92,814.00,816.92,0.60,0.28,0.19,1
620660.75,1281370.12,835.12,832.00,835.12,0.60,0.28,0.19,1
620753.06,1281370.12,843.22,840.00,843.22,0.59,0.27,0.18,1
620845.31,1281370.12,853.12,850.00,853.12,0.59,0.27,0.18,1
620937.62,1281370.12,867.55,865.00,867.55,0.58,0.27,0.18,1
621029.88,1281370.12,872.67,871.00,872.67,0.56,0.28,0.20,1
621122.19,1281370.12,887.79,887.00,887.79,0.53,0.29,0.22,1
621214.44,1281370.12,910.27,910.00,910.27,0.48,0.29,0.23,1
621306.69,1281370.12,921.14,921.00,921.14,0.48,0.31,0.26,1
621399.00,1281370.12,926.15,926.00,926.15,0.49,0.31,0.26,1
621491.25,1281370.12,938.22,938.00,938.22,0.50,0.32,0.26,1
621583.56,1281370.12,942.46,942.00,942.46,0.54,0.33,0.27,1
621675.81,1281370.12,936.03,935.00,936.03,0.58,0.32,0.25,1
621768.12,1281370.12,926.68,925.00,926.68,0.58,0.30,0.22,1
621860.38,1281370.12,923.95,922.00,923.95,0.58,0.29,0.21,1
621952.69,1281370.12,927.91,926.00,927.91,0.58,0.29,0.21,1
622044.94,1281370.12,942.46,941.00,942.46,0.56,0.29,0.21,1
622137.19,1281370.12,973.56,973.00,973.56,0.51,0.29,0.22,1
622229.50,1281370.12,1014.11,1014.00,1014.11,0.47,0.30,0.26,1
622321.75,1281370.12,1038.04,1038.00,1038.04,0.53,0.39,0.29,1
622414.06,1281370.12,1035.04,1035.00,1035.04,0.56,0.42,0.32,1
622506.31,1281370.12,1029.05,1029.00,1029.05,0.56,0.42,0.31,1
622598.62,1281370.12,1020.09,1020.00,1020.09,0.61,0.47,0.36,1
622690.88,1281370.12,998.24,998.00,998.24,0.64,0.45,0.39,1
622783.19,1281370.12,972.55,972.00,972.55,0.66,0.43,0.37,1
622875.44,1281370.12,953.93,953.00,953.93,0.66,0.41,0.34,1
622967.69,1281370.12,938.18,937.00,938.18,0.65,0.39,0.31,1
623060.00,1281370.12,918.33,917.00,918.33,0.65,0.38,0.30,1
623152.25,1281370.12,906.41,905.00,906.41,0.65,0.37,0.30,1
623244.56,1281370.12,903.46,902.00,903.46,0.65,0.38,0.30,1
623336.81,1281370.12,897.48,896.00,897.48,0.65,0.38,0.30,1
623429.12,1281370.12,885.49,884.00,885.49,0.65,0.37,0.29,1
623521.38,1281370.12,874.51,873.00,874.51,0.65,0.37,0.29,1
623613.69,1281370.12,861.55,860.00,861.55,0.65,0.38,0.30,1
623705.94,1281370.12,832.72,831.00,832.72,0.65,0.37,0.29,1
623798.19,1281370.12,802.84,801.00,802.84,0.65,0.36,0.28,1
623890.50,1281370.12,785.85,784.00,785.85,0.63,0.34,0.26,1
623982.75,1281370.12,778.82,777.00,778.82,0.62,0.34,0.26,1
624075.06,1281370.12,774.76,773.00,774.76,0.62,0.34,0.26,1
624167.31,1281370.12,770.73,769.00,770.73,0.62,0.34,0.26,1
624259.62,1281370.12,776.70,775.00,776.70,0.62,0.33,0.25,1
624351.88,1281370.12,788.68,787.00,788.68,0.62,0.34,0.26,1
624444.19,1281370.12,794.67,793.00,794.67,0.63,0.35,0.26,1
624536.44,1281370.12,791.66,790.00,791.66,0.63,0.35,0.26,1
624628.69,1281370.12,785.64,784.00,785.64,0.62,0.34,0.26,1
624721.00,1281370.12,776.62,775.00,776.62,0.63,0.35,0.27,1
624813.25,1281370.12,769.58,768.00,769.58,0.63,0.35,0.27,1
624905.56,1281370.12,768.53,767.00,768.53,0.63,0.35,0.27,1
624997.81,1281370.12,766.45,765.00,766.45,0.63,0.35,0.27,1
625090.12,1281370.12,766.33,765.00,766.33,0.63,0.36,0.28,1
625182.38,1281370.12,768.22,767.00,768.22,0.63,0.37,0.29,1
625274.69,1281370.12,767.15,766.00,767.15,0.63,0.37,0.29,1
625366.94,1281370.12,773.79,772.76,773.79,0.58,0.32,0.25,1
625459.19,1281370.12,-9999.00,-9999.00,-9999.00,0.71,0.71,0.71,0
614385.88,1281277.88,-9999.00,-9999.00,-9999.00,0.71,0.71,0.71,0
614478.12,1281277.88,768.13,767.00,768.13,0.32,0.06,-0.01,1
614570.44,1281277.88,769.18,768.00,769.18,0.61,0.35,0.27,1
614662.69,1281277.88,776.25,775.00,776.25,0.62,0.35,0.28,1
614755.00,1281277.88,780.31,779.00,780.31,0.63,0.36,0.28,1
614847.25,1281277.88,782.41,781.00,782.41,0.63,0.36,0.29,1
614939.56,1281277.88,780.50,779.00,780.50,0.63,0.36,0.28,1
615031.81,1281277.88,787.57,786.00,787.57,0.61,0.34,0.26,1
615124.12,1281277.88,809.62,808.00,809.62,0.61,0.33,0.25,1
615216.38,1281277.88,821.65,820.00,821.65,0.63,0.35,0.27,1
615308.62,1281277.88,808.66,807.00,808.66,0.64,0.36,0.28,1
615400.94,1281277.88,793.67,792.00,793.67,0.63,0.35,0.27,1
615493.19,1281277.88,793.67,792.00,793.67,0.62,0.34,0.26,1
615585.50,1281277.88,789.67,788.00,789.67,0.61,0.33,0.25,1
615677.75,1281277.88,796.66,795.00,796.66,0.61,0.33,0.25,1
615770.06,1281277.88,803.65,802.00,803.65,0.61,0.33,0.25,1
615862.31,1281277.88,804.63,803.00,804.63,0.62,0.34,0.26,1
615954.62,1281277.88,805.62,804.00,805.62,0.61,0.33,0.25,1
616046.88,1281277.88,809.61,808.00,809.61,0.61,0.33,0.25,1
616139.12,1281277.88,809.61,808.00,809.61,0.61,0.33,0.25,1
616231.44,1281277.88,816.61,815.00,816.61,0.62,0.34,0.26,1
616323.69,1281277.88,823.61,822.00,823.61,0.61,0.33,0.25,1
616416.00,1281277.88,836.61,835.00,836.61,0.61,0.33,0.25,1
616508.25,1281277.88,848.62,847.00,848.62,0.61,0.33,0.25,1
616600.56,1281277.88,853.62,852.00,853.62,0.61,0.33,0.25,1
616692.81,1281277.88,855.63,854.00,855.63,0.62,0.34,0.26,1
616785.12,1281277.88,850.64,849.00,850.64,0.62,0.34,0.26,1
616877.38,1281277.88,847.64,846.00,847.64,0.61,0.33,0.25,1
616969.62,1281277.88,868.64,867.00,868.64,0.63,0.35,0.27,1
617061.94,1281277.88,844.65,843.00,844.65,0.65,0.37,0.29,1
617154.19,1281277.88,815.65,814.00,815.65,0.64,0.36,0.28,1
617246.50,1281277.88,797.65,796.00,797.65,0.64,0.36,0.28,1
617338.75,1281277.88,803.65,802.00,803.65,0.64,0.36,0.28,1
617431.06,1281277.88,799.64,798.00,799.64,0.64,0.36,0.28,1
617523.31,1281277.88,791.63,790.00,791.63,0.65,0.37,0.29,1
617615.62,1281277.88,773.62,772.00,773.62,0.65,0.37,0.29,1
617707.88,1281277.88,758.60,757.00,758.60,0.63,0.35,0.27,1
617800.12,1281277.88,755.60,754.00,755.60,0.61,0.33,0.25,1
617892.44,1281277.88,758.60,757.00,758.60,0.61,0.33,0.25,1
617984.69,1281277.88,757.60,756.00,757.60,0.62,0.34,0.26,1
618077.00,1281277.88,754.60,753.00,754.60,0.62,0.34,0.26,1
618169.25,1281277.88,752.61,751.00,752.61,0.62,0.34,0.26,1
618261.56,1281277.88,757.62,756.00,757.62,0.60,0.32,0.24,1
618353.81,1281277.88,775.64,774.00,775.64,0.59,0.31,0.23,1
618446.12,1281277.88,786.66,785.00,786.66,0.60,0.32,0.24,1
618538.38,1281277.88,788.68,787.00,788.68,0.61,0.33,0.25,1
618630.62,1281277.88,787.69,786.00,787.69,0.61,0.33,0.25,1
618722.94,1281277.88,788.69,787.00,788.69,0.62,0.34,0.26,1
618815.19,1281277.88,791.69,790.00,791.69,0.63,0.35,0.27,1
618907.50,1281277.88,799.69,798.00,799.69,0.63,0.35,0.27,1
618999.75,1281277.88,796.69,795.00,796.69,0.63,0.34,0.26,1
619092.06,1281277.88,789.69,788.00,789.69,0.62,0.34,0.26,1
619184.31,1281277.88,774.70,773.00,774.70,0.63,0.34,0.26,1
619276.62,1281277.88,765.70,764.00,765.70,0.62,0.34,0.26,1
619368.88,1281277.88,774.71,773.00,774.71,0.62,0.34,0.26,1
619461.19,1281277.88,779.71,778.00,779.71,0.63,0.35,0.27,1
619553.44,1281277.88,771.72,770.00,771.72,0.63,0.35,0.27,1
619645.69,1281277.88,766.75,765.00,766.75,0.63,0.34,0.26,1
619738.00,1281277.88,762.79,761.00,762.79,0.62,0.33,0.25,1
619830.25,1281277.88,763.87,762.00,763.87,0.61,0.32,0.24,1
619922.56,1281277.88,770.98,769.00,770.98,0.61,0.32,0.23,1
620014.81,1281277.88,773.12,771.00,773.12,0.61,0.32,0.23,1
620107.12,1281277.88,770.24,768.00,770.24,0.61,0.31,0.23,1
620199.38,1281277.88,770.35,768.00,770.35,0.61,0.31,0.22,1
620291.69,1281277.88,777.45,775.00,777.45,0.61,0.30,0.22,1
620383.94,1281277.88,783.54,781.00,783.54,0.60,0.30,0.21,1
620476.19,1281277.88,790.65,788.00,790.65,0.60,0.29,0.20,1
620568.50,1281277.88,808.81,806.00,808.81,0.59,0.28,0.19,1
620660.75,1281277.88,827.03,824.00,827.03,0.60,0.28,0.19,1
620753.06,1281277.88,826.20,823.00,826.20,0.60,0.28,0.19,1
620845.31,1281277.88,828.26,825.00,828.26,0.59,0.27,0.18,1
620937.62,1281277.88,837.20,834.00,837.20,0.59,0.27,0.18,1
621029.88,1281277.88,842.90,840.00,842.90,0.59,0.27,0.18,1
621122.19,1281277.88,856.23,854.00,856.23,0.57,0.28,0.19,1
621214.44,1281277.88,870.43,869.00,870.43,0.55,0.28,0.20,1
621306.69,1281277.88,881.02,880.00,881.02,0.55,0.29,0.22,1
621399.00,1281277.88,885.96,885.00,885.96,0.55,0.30,0.22,1
621491.25,1281277.88,899.09,898.00,899.09,0.55,0.29,0.22,1
621583.56,1281277.88,906.44,905.00,906.44,0.57,0.30,0.22,1
621675.81,1281277.88,905.98,904.00,905.98,0.59,0.30,0.22,1
621768.12,1281277.88,896.39,894.00,896.39,0.60,0.29,0.21,1
621860.38,1281277.88,894.52,892.00,894.52,0.59,0.29,0.20,1
621952.69,1281277.88,902.49,900.00,902.49,0.59,0.28,0.19,1
622044.94,1281277.88,921.17,919.00,921.17,0.57,0.28,0.19,1
622137.19,1281277.88,953.13,952.00,953.13,0.54,0.28,0.21,1
622229.50,1281277.88,976.27,976.00,976.27,0.48,0.29,0.23,1
622321.75,1281277.88,992.06,992.00,992.06,0.47,0.33,0.23,1
622414.06,1281277.88,993.04,993.00,993.04,0.51,0.37,0.27,1
622506.31,1281277.88,985.06,985.00,985.06,0.52,0.38,0.28,1
622598.62,1281277.88,980.14,980.00,980.14,0.53,0.36,0.31,1
622690.88,1281277.88,968.36,968.00,968.36,0.58,0.38,0.32,1
622783.19,1281277.88,956.72,956.00,956.72,0.61,0.37,0.30,1
622875.44,1281277.88,948.02,947.00,948.02,0.63,0.37,0.30,1
622967.69,1281277.88,931.20,930.00,931.20,0.64,0.37,0.30,1
623060.00,1281277.88,922.30,921.00,922.30,0.64,0.37,0.30,1
623152.25,1281277.88,927.34,926.00,927.34,0.64,0.37,0.30,1
623244.56,1281277.88,932.36,931.00,932.36,0.65,0.38,0.31,1
623336.81,1281277.88,926.37,925.00,926.37,0.67,0.40,0.32,1
623429.12,1281277.88,907.37,906.00,907.37,0.67,0.40,0.32,1
623521.38,1281277.88,892.39,891.00,892.39,0.66,0.39,0.32,1
623613.69,1281277.88,874.48,873.00,874.48,0.66,0.39,0.31,1
623705.94,1281277.88,842.78,841.00,842.78,0.65,0.37,0.29,1
623798.19,1281277.88,812.99,811.00,812.99,0.64,0.35,0.27,1
623890.50,1281277.88,789.97,788.00,789.97,0.64,0.34,0.26,1
623982.75,1281277.88,779.88,778.00,779.88,0.63,0.34,0.26,1
624075.06,1281277.88,777.79,776.00,777.79,0.62,0.34,0.26,1
624167.31,1281277.88,776.74,775.00,776.74,0.62,0.34,0.26,1
624259.62,1281277.88,780.71,779.00,780.71,0.62,0.34,0.26,1
624351.88,1281277.88,792.69,791.00,792.69,0.62,0.34,0.26,1
624444.19,1281277.88,795.68,794.00,795.68,0.63,0.34,0.26,1
624536.44,1281277.88,788.66,787.00,788.66,0.63,0.35,0.27,1
624628.69,1281277.88,781.64,780.00,781.64,0.63,0.35,0.27,1
624721.00,1281277.88,776.62,775.00,776.62,0.63,0.35,0.27,1
624813.25,1281277.88,771.58,770.00,771.58,0.63,0.35,0.27,1
624905.56,1281277.88,768.52,767.00,768.52,0.62,0.35,0.27,1
624997.81,1281277.88,768.43,767.00,768.43,0.62,0.35,0.27,1
625090.12,1281277.88,769.32,768.00,769.32,0.62,0.36,0.28,1
625182.38,1281277.88,773.20,772.00,773.20,0.63,0.37,0.29,1
625274.69,1281277.88,772.12,771.00,772.12,0.63,0.37,0.30,1
625366.94,1281277.88,777.46,776.48,777.46,0.57,0.32,0.25,1
625459.19,1281277.88,-9999.00,-9999.00,-9999.00,0.71,0.71,0.71,0
614385.88,1281185.50,-9999.00,-9999.00,-9999.00,0.71,0.71,0.71,0
614478.12,1281185.50,763.08,762.00,763.08,0.31,0.06,-0.02,1
614570.44,1281185.50,768.12,767.00,768.12,0.61,0.35,0.28,1
614662.69,1281185.50,783.19,782.00,783.19,0.61,0.35,0.27,1
614755.00,1281185.50,798.29,797.00,798.29,0.63,0.36,0.28,1
614847.25,1281185.50,802.40,801.00,802.40,0.64,0.37,0.29,1
614939.56,1281185.50,799.49,798.00,799.49,0.64,0.37,0.29,1
615031.81,1281185.50,801.56,800.00,801.56,0.63,0.35,0.27,1
615124.12,1281185.50,815.61,814.00,815.61,0.61,0.33,0.25,1
615216.38,1281185.50,829.64,828.00,829.64,0.62,0.34,0.26,1
615308.62,1281185.50,816.65,815.00,816.65,0.64,0.36,0.28,1
615400.94,1281185.50,801.66,800.00,801.66,0.64,0.36,0.28,1
615493.19,1281185.50,801.66,800.00,801.66,0.64,0.36,0.28,1
615585.50,1281185.50,790.65,789.00,790.65,0.63,0.35,0.27,1
615677.75,1281185.50,789.64,788.00,789.64,0.62,0.34,0.26,1
615770.06,1281185.50,796.62,795.00,796.62,0.61,0.33,0.25,1
615862.31,1281185.50,802.59,801.00,802.59,0.62,0.34,0.26,1
615954.62,1281185.50,804.58,803.00,804.58,0.62,0.34,0.26,1
616046.88,1281185.50,810.58,809.00,810.58,0.62,0.35,0.27,1
616139.12,1281185.50,812.57,811.00,812.57,0.62,0.34,0.26,1
616231.44,1281185.50,823.57,822.00,823.57,0.62,0.34,0.26,1
616323.69,1281185.50,832.57,831.00,832.57,0.62,0.34,0.26,1
616416.00,1281185.50,840.58,839.00,840.58,0.62,0.34,0.26,1
616508.25,1281185.50,846.58,845.00,846.58,0.61,0.33,0.26,1
616600.56,1281185.50,850.59,849.00,850.59,0.61,0.33,0.25,1
616692.81,1281185.50,852.60,851.00,852.60,0.62,0.34,0.26,1
616785.12,1281185.50,844.61,843.00,844.61,0.62,0.34,0.26,1
616877.38,1281185.50,845.62,844.00,845.62,0.61,0.33,0.25,1
616969.62,1281185.50,869.62,868.00,869.62,0.62,0.34,0.26,1
617061.94,1281185.50,842.63,841.00,842.63,0.64,0.36,0.28,1
617154.19,1281185.50,820.64,819.00,820.64,0.64,0.36,0.28,1
617246.50,1281185.50,815.64,814.00,815.64,0.63,0.35,0.27,1
617338.75,1281185.50,820.64,819.00,820.64,0.63,0.34,0.26,1
617431.06,1281185.50,816.64,815.00,816.64,0.63,0.35,0.27,1
617523.31,1281185.50,803.63,802.00,803.63,0.64,0.36,0.28,1
617615.62,1281185.50,785.63,784.00,785.63,0.65,0.37,0.29,1
617707.88,1281185.50,762.62,761.00,762.62,0.64,0.36,0.28,1
617800.12,1281185.50,751.61,750.00,751.61,0.63,0.35,0.27,1
617892.44,1281185.50,751.61,750.00,751.61,0.62,0.34,0.26,1
617984.69,1281185.50,750.61,749.00,750.61,0.63,0.35,0.27,1
618077.00,1281185.50,749.61,748.00,749.61,0.62,0.34,0.26,1
618169.25,1281185.50,753.62,752.00,753.62,0.63,0.35,0.27,1
618261.56,1281185.50,755.63,754.00,755.63,0.62,0.34,0.26,1
618353.81,1281185.50,760.65,759.00,760.65,0.61,0.33,0.25,1
618446.12,1281185.50,768.67,767.00,768.67,0.60,0.32,0.24,1
618538.38,1281185.50,776.68,775.00,776.68,0.61,0.33,0.25,1
618630.62,1281185.50,781.69,780.00,781.69,0.61,0.33,0.25,1
618722.94,1281185.50,794.69,793.00,794.69,0.61,0.33,0.25,1
618815.19,1281185.50,806.70,805.00,806.70,0.62,0.34,0.26,1
618907.50,1281185.50,804.69,803.00,804.69,0.62,0.34,0.26,1
618999.75,1281185.50,792.70,791.00,792.70,0.63,0.34,0.26,1
619092.06,1281185.50,777.70,776.00,777.70,0.62,0.34,0.26,1
619184.31,1281185.50,766.70,765.00,766.70,0.62,0.34,0.26,1
619276.62,1281185.50,767.70,766.00,767.70,0.61,0.33,0.25,1
619368.88,1281185.50,784.70,783.00,784.70,0.62,0.33,0.25,1
619461.19,1281185.50,786.70,785.00,786.70,0.63,0.34,0.26,1
619553.44,1281185.50,780.71,779.00,780.71,0.63,0.35,0.27,1
619645.69,1281185.50,775.72,774.00,775.72,0.63,0.35,0.27,1
619738.00,1281185.50,765.74,764.00,765.74,0.63,0.35,0.27,1
619830.25,1281185.50,760.78,759.00,760.78,0.62,0.34,0.26,1
619922.56,1281185.50,762.83,761.00,762.83,0.61,0.33,0.24,1
620014.81,1281185.50,763.90,762.00,763.90,0.61,0.32,0.24,1
620107.12,1281185.50,761.98,760.00,761.98,0.62,0.32,0.24,1
620199.38,1281185.50,765.05,763.00,765.05,0.61,0.32,0.24,1
620291.69,1281185.50,775.13,773.00,775.13,0.61,0.31,0.23,1
620383.94,1281185.50,780.24,778.00,780.24,0.61,0.31,0.23,1
620476.19,1281185.50,783.38,781.00,783.38,0.61,0.30,0.22,1
620568.50,1281185.50,789.56,787.00,789.56,0.60,0.29,0.20,1
620660.75,1281185.50,798.81,796.00,798.81,0.59,0.28,0.19,1
620753.06,1281185.50,801.02,798.00,801.02,0.60,0.28,0.19,1
620845.31,1281185.50,806.11,803.00,806.11,0.60,0.28,0.19,1
620937.62,1281185.50,813.12,810.00,813.12,0.60,0.28,0.19,1
621029.88,1281185.50,819.02,816.00,819.02,0.60,0.28,0.19,1
621122.19,1281185.50,828.84,826.00,828.84,0.59,0.28,0.19,1
621214.44,1281185.50,836.55,834.00,836.55,0.58,0.28,0.19,1
621306.69,1281185.50,843.29,841.00,843.29,0.58,0.28,0.19,1
621399.00,1281185.50,852.14,850.00,852.14,0.58,0.28,0.20,1
621491.25,1281185.50,863.05,861.00,863.05,0.58,0.28,0.20,1
621583.56,1281185.50,874.09,872.00,874.09,0.58,0.29,0.20,1
621675.81,1281185.50,879.24,877.00,879.24,0.60,0.30,0.21,1
621768.12,1281185.50,873.43,871.00,873.43,0.60,0.30,0.21,1
621860.38,1281185.50,874.54,872.00,874.54,0.60,0.29,0.21,1
621952.69,1281185.50,882.58,880.00,882.58,0.59,0.29,0.20,1
622044.94,1281185.50,898.49,896.00,898.49,0.58,0.28,0.19,1
622137.19,1281185.50,918.79,917.00,918.79,0.56,0.27,0.19,1
622229.50,1281185.50,932.70,932.00,932.70,0.53,0.29,0.22,1
622321.75,1281185.50,941.21,941.00,941.21,0.50,0.31,0.26,1
622414.06,1281185.50,939.13,939.00,939.13,0.50,0.33,0.28,1
622506.31,1281185.50,934.16,934.00,934.16,0.51,0.33,0.28,1
622598.62,1281185.50,933.30,933.00,933.30,0.52,0.32,0.26,1
622690.88,1281185.50,933.58,933.00,933.58,0.56,0.33,0.27,1
622783.19,1281185.50,930.90,930.00,930.90,0.58,0.33,0.26,1
622875.44,1281185.50,933.13,932.00,933.13,0.60,0.34,0.27,1
622967.69,1281185.50,933.24,932.00,933.24,0.62,0.35,0.28,1
623060.00,1281185.50,939.29,938.00,939.29,0.62,0.36,0.28,1
623152.25,1281185.50,954.31,953.00,954.31,0.63,0.36,0.28,1
623244.56,1281185.50,966.29,965.00,966.29,0.64,0.38,0.30,1
623336.81,1281185.50,965.23,964.00,965.23,0.66,0.40,0.32,1
623429.12,1281185.50,948.14,947.00,948.14,0.68,0.42,0.34,1
623521.38,1281185.50,925.12,924.00,925.12,0.68,0.42,0.35,1
623613.69,1281185.50,896.24,895.00,896.24,0.68,0.41,0.34,1
623705.94,1281185.50,855.70,854.00,855.70,0.66,0.37,0.29,1
623798.19,1281185.50,818.06,816.00,818.06,0.64,0.35,0.27,1
623890.50,1281185.50,796.03,794.00,796.03,0.64,0.35,0.26,1
623982.75,1281185.50,782.91,781.00,782.91,0.63,0.34,0.26,1
624075.06,1281185.50,777.80,776.00,777.80,0.62,0.34,0.26,1
624167.31,1281185.50,780.75,779.00,780.75,0.62,0.33,0.25,1
624259.62,1281185.50,789.72,788.00,789.72,0.61,0.33,0.25,1
624351.88,1281185.50,799.69,798.00,799.69,0.62,0.34,0.26,1
624444.19,1281185.50,800.68,799.00,800.68,0.63,0.35,0.27,1
624536.44,1281185.50,795.66,794.00,795.66,0.64,0.36,0.28,1
624628.69,1281185.50,791.64,790.00,791.64,0.64,0.36,0.28,1
624721.00,1281185.50,786.62,785.00,786.62,0.64,0.36,0.28,1
624813.25,1281185.50,778.57,777.00,778.57,0.64,0.36,0.28,1
624905.56,1281185.50,770.51,769.00,770.51,0.63,0.35,0.28,1
624997.81,1281185.50,769.43,768.00,769.43,0.63,0.35,0.28,1
625090.12,1281185.50,772.30,771.00,772.30,0.62,0.35,0.28,1
625182.38,1281185.50,782.19,781.00,782.19,0.63,0.37,0.29,1
625274.69,1281185.50,781.11,780.00,781.11,0.64,0.38,0.30,1
625366.94,1281185.50,782.87,781.91,782.87,0.57,0.32,0.25,1
625459.19,1281185.50,-9999.00,-9999.00,-9999.00,0.71,0.71,0.71,0
614385.88,1281093.25,-9999.00,-9999.00,-9999.00,0.71,0.71,0.71,0
614478.12,1281093.25,762.05,761.00,762.05,0.31,0.05,-0.02,1
614570.44,1281093.25,770.08,769.00,770.08,0.61,0.35,0.28,1
614662.69,1281093.25,787.14,786.00,787.14,0.60,0.34,0.26,1
614755.00,1281093.25,808.25,807.00,808.25,0.61,0.34,0.26,1
614847.25,1281093.25,820.38,819.00,820.38,0.63,0.36,0.28,1
614939.56,1281093.25,819.48,818.00,819.48,0.64,0.36,0.28,1
615031.81,1281093.25,817.55,816.00,817.55,0.63,0.35,0.27,1
615124.12,1281093.25,821.60,820.00,821.60,0.62,0.34,0.26,1
615216.38,1281093.25,826.63,825.00,826.63,0.61,0.34,0.26,1
615308.62,1281093.25,818.64,817.00,818.64,0.63,0.35,0.27,1
615400.94,1281093.25,811.64,810.00,811.64,0.63,0.35,0.27,1
615493.19,1281093.25,813.64,812.00,813.64,0.64,0.36,0.28,1
615585.50,1281093.25,798.63,797.00,798.63,0.64,0.36,0.28,1
615677.75,1281093.25,794.61,793.00,794.61,0.63,0.35,0.27,1
615770.06,1281093.25,796.58,795.00,796.58,0.62,0.34,0.26,1
615862.31,1281093.25,804.56,803.00,804.56,0.62,0.34,0.26,1
615954.62,1281093.25,814.55,813.00,814.55,0.62,0.34,0.26,1
616046.88,1281093.25,823.54,822.00,823.54,0.63,0.35,0.27,1
616139.12,1281093.25,822.54,821.00,822.54,0.62,0.35,0.27,1
616231.44,1281093.25,836.54,835.00,836.54,0.62,0.34,0.26,1
616323.69,1281093.25,842.54,841.00,842.54,0.62,0.34,0.26,1
616416.00,1281093.25,841.55,840.00,841.55,0.62,0.34,0.26,1
616508.25,1281093.25,843.56,842.00,843.56,0.62,0.34,0.26,1
616600.56,1281093.25,843.57,842.00,843.57,0.62,0.34,0.26,1
616692.81,1281093.25,842.58,841.00,842.58,0.61,0.34,0.26,1
616785.12,1281093.25,836.59,835.00,836.59,0.61,0.33,0.26,1
616877.38,1281093.25,845.59,844.00,845.59,0.60,0.33,0.25,1
616969.62,1281093.25,864.60,863.00,864.60,0.61,0.33,0.25,1
617061.94,1281093.25,844.61,843.00,844.61,0.64,0.36,0.28,1
617154.19,1281093.25,827.63,826.00,827.63,0.63,0.35,0.27,1
617246.50,1281093.25,821.64,820.00,821.64,0.62,0.34,0.26,1
617338.75,1281093.25,812.64,811.00,812.64,0.61,0.33,0.25,1
617431.06,1281093.25,807.64,806.00,807.64,0.61,0.33,0.25,1
617523.31,1281093.25,797.64,796.00,797.64,0.62,0.34,0.26,1
617615.62,1281093.25,787.63,786.00,787.63,0.63,0.35,0.27,1
617707.88,1281093.25,769.63,768.00,769.63,0.64,0.36,0.28,1
617800.12,1281093.25,756.62,755.00,756.62,0.63,0.35,0.27,1
617892.44,1281093.25,756.62,755.00,756.62,0.62,0.34,0.26,1
617984.69,1281093.25,764.62,763.00,764.62,0.62,0.34,0.26,1
618077.00,1281093.25,760.62,759.00,760.62,0.62,0.35,0.27,1
618169.25,1281093.25,766.63,765.00,766.63,0.63,0.35,0.27,1
618261.56,1281093.25,762.64,761.00,762.64,0.63,0.35,0.27,1
618353.81,1281093.25,766.66,765.00,766.66,0.63,0.35,0.27,1
618446.12,1281093.25,770.67,769.00,770.67,0.62,0.34,0.26,1
618538.38,1281093.25,782.68,781.00,782.68,0.62,0.33,0.25,1
618630.62,1281093.25,788.69,787.00,788.69,0.62,0.33,0.25,1
618722.94,1281093.25,801.69,800.00,801.69,0.62,0.34,0.26,1
618815.19,1281093.25,804.69,803.00,804.69,0.63,0.34,0.26,1
618907.50,1281093.25,794.70,793.00,794.70,0.63,0.34,0.26,1
618999.75,1281093.25,781.70,780.00,781.70,0.62,0.34,0.26,1
619092.06,1281093.25,770.70,769.00,770.70,0.62,0.34,0.26,1
619184.31,1281093.25,762.70,761.00,762.70,0.62,0.33,0.25,1
619276.62,1281093.25,768.70,767.00,768.70,0.60,0.32,0.24,1
619368.88,1281093.25,786.70,785.00,786.70,0.61,0.32,0.24,1
619461.19,1281093.25,787.70,786.00,787.70,0.62,0.33,0.25,1
619553.44,1281093.25,783.70,782.00,783.70,0.62,0.34,0.26,1
619645.69,1281093.25,780.70,779.00,780.70,0.63,0.34,0.26,1
619738.00,1281093.25,771.71,770.00,771.71,0.63,0.35,0.27,1
619830.25,1281093.25,763.73,762.00,763.73,0.63,0.34,0.26,1
619922.56,1281093.25,758.75,757.00,758.75,0.62,0.33,0.25,1
620014.81,1281093.25,759.78,758.00,759.78,0.61,0.33,0.25,1
620107.12,1281093.25,765.82,764.00,765.82,0.62,0.33,0.25,1
620199.38,1281093.25,771.86,770.00,771.86,0.62,0.33,0.25,1
620291.69,1281093.25,773.91,772.00,773.91,0.62,0.33,0.24,1
620383.94,1281093.25,775.98,774.00,775.98,0.61,0.32,0.24,1
620476.19,1281093.25,775.07,773.00,775.07,0.61,0.32,0.23,1
620568.50,1281093.25,774.22,772.00,774.22,0.61,0.31,0.22,1
620660.75,1281093.25,774.44,772.00,774.44,0.60,0.30,0.21,1
620753.06,1281093.25,780.66,778.00,780.66,0.60,0.29,0.20,1
620845.31,1281093.25,790.80,788.00,790.80,0.60,0.29,0.20,1
620937.62,1281093.25,803.86,801.00,803.86,0.60,0.29,0.20,1
621029.88,1281093.25,808.86,806.00,808.86,0.60,0.29,0.20,1
621122.19,1281093.25,806.80,804.00,806.80,0.60,0.29,0.20,1
621214.44,1281093.25,805.71,803.00,805.71,0.59,0.28,0.20,1
621306.69,1281093.25,813.59,811.00,813.59,0.59,0.28,0.19,1
621399.00,1281093.25,828.42,826.00,828.42,0.59,0.28,0.20,1
621491.25,1281093.25,842.28,840.00,842.28,0.59,0.29,0.20,1
621583.56,1281093.25,852.24,850.00,852.24,0.59,0.29,0.21,1
621675.81,1281093.25,863.27,861.00,863.27,0.60,0.30,0.21,1
621768.12,1281093.25,862.40,860.00,862.40,0.61,0.30,0.22,1
621860.38,1281093.25,864.51,862.00,864.51,0.60,0.30,0.21,1
621952.69,1281093.25,869.57,867.00,869.57,0.60,0.29,0.21,1
622044.94,1281093.25,874.60,872.00,874.60,0.59,0.28,0.19,1
622137.19,1281093.25,884.43,882.00,884.43,0.58,0.28,0.19,1
622229.50,1281093.25,893.72,892.00,893.72,0.57,0.28,0.20,1
622321.75,1281093.25,898.06,897.00,898.06,0.55,0.30,0.22,1
622414.06,1281093.25,895.90,895.00,895.90,0.56,0.31,0.24,1
622506.31,1281093.25,890.98,890.00,890.98,0.56,0.30,0.23,1
622598.62,1281093.25,891.14,890.00,891.14,0.55,0.29,0.22,1
622690.88,1281093.25,897.26,896.00,897.26,0.56,0.29,0.22,1
622783.19,1281093.25,904.26,903.00,904.26,0.57,0.30,0.23,1
622875.44,1281093.25,915.28,914.00,915.28,0.58,0.31,0.23,1
622967.69,1281093.25,924.31,923.00,924.31,0.59,0.33,0.25,1
623060.00,1281093.25,942.31,941.00,942.31,0.60,0.33,0.25,1
623152.25,1281093.25,968.30,967.00,968.30,0.60,0.33,0.26,1
623244.56,1281093.25,983.27,982.00,983.27,0.62,0.35,0.27,1
623336.81,1281093.25,981.21,980.00,981.21,0.63,0.37,0.30,1
623429.12,1281093.25,967.08,966.00,967.08,0.65,0.40,0.32,1
623521.38,1281093.25,945.98,945.00,945.98,0.67,0.42,0.35,1
623613.69,1281093.25,913.98,913.00,913.98,0.69,0.43,0.36,1
623705.94,1281093.25,864.42,863.00,864.42,0.67,0.40,0.32,1
623798.19,1281093.25,828.99,827.00,828.99,0.65,0.36,0.27,1
623890.50,1281093.25,811.02,809.00,811.02,0.64,0.35,0.27,1
623982.75,1281093.25,792.91,791.00,792.91,0.64,0.35,0.27,1
624075.06,1281093.25,781.80,780.00,781.80,0.63,0.34,0.26,1
624167.31,1281093.25,780.75,779.00,780.75,0.62,0.34,0.26,1
624259.62,1281093.25,789.72,788.00,789.72,0.61,0.33,0.25,1
624351.88,1281093.25,805.70,804.00,805.70,0.62,0.34,0.26,1
624444.19,1281093.25,813.68,812.00,813.68,0.63,0.35,0.27,1
624536.44,1281093.25,814.66,813.00,814.66,0.63,0.35,0.27,1
624628.69,1281093.25,811.64,810.00,811.64,0.64,0.36,0.28,1
624721.00,1281093.25,799.62,798.00,799.62,0.64,0.36,0.28,1
624813.25,1281093.25,782.57,781.00,782.57,0.63,0.36,0.28,1
624905.56,1281093.25,772.51,771.00,772.51,0.63,0.35,0.27,1
624997.81,1281093.25,773.42,772.00,773.42,0.63,0.35,0.28,1
625090.12,1281093.25,777.30,776.00,777.30,0.63,0.36,0.28,1
625182.38,1281093.25,786.18,785.00,786.18,0.63,0.37,0.29,1
625274.69,1281093.25,788.10,787.00,788.10,0.63,0.38,0.30,1
625366.94,1281093.25,790.00,789.03,790.00,0.57,0.32,0.25,1
625459.19,1281093.25,-9999.00,-9999.00,-9999.00,0.71,0.71,0.71,0
614385.88,1281001.00,-9999.00,-9999.00,-9999.00,0.71,0.71,0.71,0
614478.12,1281001.00,768.04,767.00,768.04,0.31,0.05,-0.02,1
614570.44,1281001.00,772.06,771.00,772.06,0.62,0.37,0.29,1
614662.69,1281001.00,783.10,782.00,783.10,0.60,0.34,0.27,1
614755.00,1281001.00,804.20,803.00,804.20,0.59,0.33,0.25,1
614847.25,1281001.00,821.35,820.00,821.35,0.61,0.34,0.26,1
614939.56,1281001.00,820.47,819.00,820.47,0.62,0.34,0.26,1
615031.81,1281001.00,818.55,817.00,818.55,0.61,0.34,0.26,1
615124.12,1281001.00,819.60,818.00,819.60,0.61,0.33,0.25,1
615216.38,1281001.00,815.63,814.00,815.63,0.61,0.33,0.25,1
615308.62,1281001.00,816.63,815.00,816.63,0.62,0.34,0.26,1
615400.94,1281001.00,818.63,817.00,818.63,0.62,0.34,0.26,1
615493.19,1281001.00,816.63,815.00,816.63,0.63,0.35,0.27,1
615585.50,1281001.00,805.62,804.00,805.62,0.63,0.35,0.27,1
615677.75,1281001.00,809.59,808.00,809.59,0.63,0.36,0.28,1
615770.06,1281001.00,809.56,808.00,809.56,0.63,0.36,0.28,1
615862.31,1281001.00,814.54,813.00,814.54,0.62,0.35,0.27,1
615954.62,1281001.00,820.52,819.00,820.52,0.62,0.34,0.27,1
616046.88,1281001.00,826.52,825.00,826.52,0.62,0.34,0.26,1
616139.12,1281001.00,826.52,825.00,826.52,0.62,0.34,0.26,1
616231.44,1281001.00,834.52,833.00,834.52,0.61,0.34,0.26,1
616323.69,1281001.00,834.52,833.00,834.52,0.61,0.34,0.26,1
616416.00,1281001.00,837.53,836.00,837.53,0.61,0.34,0.26,1
616508.25,1281001.00,840.55,839.00,840.55,0.62,0.34,0.26,1
616600.56,1281001.00,842.56,841.00,842.56,0.62,0.35,0.27,1
616692.81,1281001.00,834.57,833.00,834.57,0.62,0.34,0.26,1
616785.12,1281001.00,832.57,831.00,832.57,0.61,0.34,0.26,1
616877.38,1281001.00,844.58,843.00,844.58,0.61,0.33,0.25,1
616969.62,1281001.00,853.59,852.00,853.59,0.62,0.34,0.26,1
617061.94,1281001.00,837.60,836.00,837.60,0.63,0.35,0.27,1
617154.19,1281001.00,817.62,816.00,817.62,0.63,0.35,0.27,1
617246.50,1281001.00,802.64,801.00,802.64,0.62,0.34,0.26,1
617338.75,1281001.00,788.64,787.00,788.64,0.61,0.33,0.25,1
617431.06,1281001.00,785.65,784.00,785.65,0.60,0.32,0.24,1
617523.31,1281001.00,781.65,780.00,781.65,0.61,0.33,0.25,1
617615.62,1281001.00,771.64,770.00,771.64,0.62,0.34,0.26,1
617707.88,1281001.00,763.63,762.00,763.63,0.63,0.35,0.27,1
617800.12,1281001.00,756.63,755.00,756.63,0.63,0.35,0.27,1
617892.44,1281001.00,753.63,752.00,753.63,0.62,0.34,0.26,1
617984.69,1281001.00,758.63,757.00,758.63,0.61,0.34,0.26,1
618077.00,1281001.00,757.63,756.00,757.63,0.62,0.34,0.26,1
618169.25,1281001.00,770.63,769.00,770.63,0.61,0.33,0.25,1
618261.56,1281001.00,782.64,781.00,782.64,0.62,0.34,0.26,1
618353.81,1281001.00,790.66,789.00,790.66,0.63,0.35,0.27,1
618446.12,1281001.00,790.68,789.00,790.68,0.63,0.35,0.27,1
618538.38,1281001.00,786.68,785.00,786.68,0.62,0.34,0.26,1
618630.62,1281001.00,792.69,791.00,792.69,0.61,0.33,0.25,1
618722.94,1281001.00,812.69,811.00,812.69,0.62,0.34,0.26,1
618815.19,1281001.00,809.69,808.00,809.69,0.63,0.35,0.27,1
618907.50,1281001.00,793.70,792.00,793.70,0.63,0.35,0.27,1
618999.75,1281001.00,779.70,778.00,779.70,0.63,0.35,0.27,1
619092.06,1281001.00,766.70,765.00,766.70,0.63,0.35,0.27,1
619184.31,1281001.00,758.70,757.00,758.70,0.63,0.34,0.26,1
619276.62,1281001.00,760.70,759.00,760.70,0.60,0.32,0.24,1
619368.88,1281001.00,776.70,775.00,776.70,0.60,0.31,0.23,1
619461.19,1281001.00,777.70,776.00,777.70,0.61,0.32,0.24,1
619553.44,1281001.00,774.69,773.00,774.69,0.61,0.33,0.25,1
619645.69,1281001.00,773.69,772.00,773.69,0.61,0.33,0.25,1
619738.00,1281001.00,767.70,766.00,767.70,0.62,0.34,0.26,1
619830.25,1281001.00,759.70,758.00,759.70,0.62,0.34,0.26,1
619922.56,1281001.00,755.70,754.00,755.70,0.62,0.34,0.26,1
620014.81,1281001.00,758.71,757.00,758.71,0.61,0.33,0.25,1
620107.12,1281001.00,766.73,765.00,766.73,0.61,0.33,0.25,1
620199.38,1281001.00,771.75,770.00,771.75,0.61,0.33,0.25,1
620291.69,1281001.00,773.77,772.00,773.77,0.62,0.33,0.25,1
620383.94,1281001.00,772.81,771.00,772.81,0.62,0.33,0.25,1
620476.19,1281001.00,766.87,765.00,766.87,0.62,0.33,0.25,1
620568.50,1281001.00,764.96,763.00,764.96,0.61,0.32,0.24,1
620660.75,1281001.00,767.10,765.00,767.10,0.61,0.32,0.23,1
620753.06,1281001.00,772.27,770.00,772.27,0.60,0.31,0.22,1
620845.31,1281001.00,783.40,781.00,783.40,0.60,0.30,0.21,1
620937.62,1281001.00,796.50,794.00,796.50,0.60,0.30,0.21,1
621029.88,1281001.00,799.56,797.00,799.56,0.61,0.30,0.22,1
621122.19,1281001.00,793.58,791.00,793.58,0.61,0.30,0.22,1
621214.44,1281001.00,791.56,789.00,791.56,0.60,0.30,0.21,1
621306.69,1281001.00,799.49,797.00,799.49,0.60,0.29,0.21,1
621399.00,1281001.00,813.36,811.00,813.36,0.60,0.30,0.21,1
621491.25,1281001.00,824.25,822.00,824.25,0.59,0.30,0.21,1
621583.56,1281001.00,834.23,832.00,834.23,0.59,0.29,0.21,1
621675.81,1281001.00,847.24,845.00,847.24,0.59,0.30,0.21,1
621768.12,1281001.00,852.31,850.00,852.31,0.60,0.30,0.22,1
621860.38,1281001.00,853.41,851.00,853.41,0.61,0.30,0.22,1
621952.69,1281001.00,853.50,851.00,853.50,0.60,0.30,0.21,1
622044.94,1281001.00,848.60,846.00,848.60,0.59,0.29,0.20,1
622137.19,1281001.00,854.69,852.00,854.69,0.59,0.28,0.19,1
622229.50,1281001.00,859.61,857.00,859.61,0.59,0.28,0.19,1
622321.75,1281001.00,859.43,857.00,859.43,0.58,0.28,0.19,1
622414.06,1281001.00,857.37,855.00,857.37,0.58,0.28,0.20,1
622506.31,1281001.00,852.38,850.00,852.38,0.59,0.29,0.20,1
622598.62,1281001.00,852.32,850.00,852.32,0.58,0.28,0.20,1
622690.88,1281001.00,861.12,859.00,861.12,0.57,0.28,0.20,1
622783.19,1281001.00,869.77,868.00,869.77,0.57,0.28,0.20,1
622875.44,1281001.00,884.53,883.00,884.53,0.56,0.29,0.21,1
622967.69,1281001.00,913.39,912.00,913.39,0.57,0.30,0.22,1
623060.00,1281001.00,943.34,942.00,943.34,0.58,0.31,0.23,1
623152.25,1281001.00,963.32,962.00,963.32,0.59,0.32,0.24,1
623244.56,1281001.00,967.28,966.00,967.28,0.59,0.32,0.25,1
623336.81,1281001.00,964.22,963.00,964.22,0.60,0.33,0.26,1
623429.12,1281001.00,953.11,952.00,953.11,0.61,0.35,0.28,1
623521.38,1281001.00,940.00,939.00,940.00,0.64,0.38,0.31,1
623613.69,1281001.00,922.97,922.00,922.97,0.67,0.41,0.34,1
623705.94,1281001.00,886.21,885.00,886.21,0.67,0.41,0.34,1
623798.19,1281001.00,845.76,844.00,845.76,0.65,0.37,0.29,1
623890.50,1281001.00,818.90,817.00,818.90,0.64,0.35,0.27,1
623982.75,1281001.00,799.87,798.00,799.87,0.64,0.35,0.27,1
624075.06,1281001.00,786.79,785.00,786.79,0.63,0.35,0.26,1
624167.31,1281001.00,789.74,788.00,789.74,0.62,0.34,0.26,1
624259.62,1281001.00,806.71,805.00,806.71,0.62,0.34,0.26,1
624351.88,1281001.00,822.69,821.00,822.69,0.62,0.34,0.26,1
624444.19,1281001.00,828.68,827.00,828.68,0.63,0.35,0.27,1
624536.44,1281001.00,823.66,822.00,823.66,0.63,0.35,0.27,1
624628.69,1281001.00,812.64,811.00,812.64,0.63,0.35,0.27,1
624721.00,1281001.00,795.61,794.00,795.61,0.63,0.35,0.27,1
624813.25,1281001.00,777.57,776.00,777.57,0.63,0.35,0.27,1
624905.56,1281001.00,772.51,771.00,772.51,0.62,0.35,0.27,1
624997.81,1281001.00,780.42,779.00,780.42,0.62,0.35,0.27,1
625090.12,1281001.00,790.30,789.00,790.30,0.63,0.36,0.29,1
625182.38,1281001.00,797.17,796.00,797.17,0.64,0.38,0.30,1
625274.69,1281001.00,796.09,795.00,796.09,0.64,0.38,0.31,1
625366.94,1281001.00,797.14,796.16,797.14,0.57,0.32,0.25,1
625459.19,1281001.00,-9999.00,-9999.00,-9999.00,0.71,0.71,0.71,0
614385.88,1280908.75,-9999.00,-9999.00,-9999.00,0.71,0.71,0.71,0
614478.12,1280908.75,784.00,783.00,784.00,0.30,0.05,-0.03,1
614570.44,1280908.75,781.01,780.00,781.01,0.64,0.39,0.31,1
614662.69,1280908.75,783.07,782.00,783.07,0.62,0.36,0.29,1
614755.00,1280908.75,797.17,796.00,797.17,0.60,0.34,0.26,1
614847.25,1280908.75,810.33,809.00,810.33,0.60,0.33,0.25,1
614939.56,1280908.75,807.46,806.00,807.46,0.61,0.34,0.26,1
615031.81,1280908.75,801.55,800.00,801.55,0.61,0.33,0.25,1
615124.12,1280908.75,803.60,802.00,803.60,0.61,0.33,0.25,1
615216.38,1280908.75,807.62,806.00,807.62,0.61,0.33,0.25,1
615308.62,1280908.75,812.62,811.00,812.62,0.61,0.33,0.25,1
615400.94,1280908.75,815.62,814.00,815.62,0.61,0.33,0.26,1
615493.19,1280908.75,812.62,811.00,812.62,0.61,0.33,0.26,1
615585.50,1280908.75,813.60,812.00,813.60,0.62,0.34,0.26,1
615677.75,1280908.75,826.58,825.00,826.58,0.63,0.35,0.27,1
615770.06,1280908.75,826.55,825.00,826.55,0.64,0.36,0.28,1
615862.31,1280908.75,822.52,821.00,822.52,0.63,0.35,0.27,1
615954.62,1280908.75,822.51,821.00,822.51,0.62,0.34,0.26,1
616046.88,1280908.75,819.51,818.00,819.51,0.61,0.34,0.26,1
616139.12,1280908.75,821.51,820.00,821.51,0.61,0.34,0.26,1
616231.44,1280908.75,826.51,825.00,826.51,0.61,0.34,0.26,1
616323.69,1280908.75,830.52,829.00,830.52,0.61,0.34,0.26,1
616416.00,1280908.75,835.53,834.00,835.53,0.61,0.34,0.26,1
616508.25,1280908.75,839.54,838.00,839.54,0.61,0.34,0.26,1
616600.56,1280908.75,841.55,840.00,841.55,0.62,0.34,0.26,1
616692.81,1280908.75,830.56,829.00,830.56,0.62,0.34,0.27,1
616785.12,1280908.75,831.57,830.00,831.57,0.61,0.34,0.26,1
616877.38,1280908.75,844.57,843.00,844.57,0.61,0.33,0.25,1
616969.62,1280908.75,851.58,850.00,851.58,0.62,0.34,0.26,1
617061.94,1280908.75,834.60,833.00,834.60,0.63,0.35,0.28,1
617154.19,1280908.75,812.62,811.00,812.62,0.64,0.36,0.28,1
617246.50,1280908.75,796.63,795.00,796.63,0.63,0.35,0.27,1
617338.75,1280908.75,784.64,783.00,784.64,0.63,0.35,0.27,1
617431.06,1280908.75,773.65,772.00,773.65,0.63,0.35,0.27,1
617523.31,1280908.75,765.65,764.00,765.65,0.62,0.34,0.26,1
617615.62,1280908.75,765.64,764.00,765.64,0.63,0.34,0.26,1
617707.88,1280908.75,768.64,767.00,768.64,0.64,0.36,0.28,1
617800.12,1280908.75,754.63,753.00,754.63,0.63,0.35,0.27,1
617892.44,1280908.75,750.63,749.00,750.63,0.62,0.34,0.26,1
617984.69,1280908.75,757.63,756.00,757.63,0.61,0.33,0.25,1
618077.00,1280908.75,763.63,762.00,763.63,0.62,0.34,0.26,1
618169.25,1280908.75,769.64,768.00,769.64,0.61,0.33,0.25,1
618261.56,1280908.75,788.65,787.00,788.65,0.60,0.32,0.24,1
618353.81,1280908.75,801.66,800.00,801.66,0.62,0.34,0.26,1
618446.12,1280908.75,795.68,794.00,795.68,0.62,0.34,0.26,1
618538.38,1280908.75,783.68,782.00,783.68,0.61,0.33,0.25,1
618630.62,1280908.75,801.68,800.00,801.68,0.60,0.32,0.24,1
618722.94,1280908.75,816.69,815.00,816.69,0.61,0.33,0.25,1
618815.19,1280908.75,808.69,807.00,808.69,0.62,0.34,0.26,1
618907.50,1280908.75,791.70,790.00,791.70,0.63,0.34,0.26,1
618999.75,1280908.75,781.70,780.00,781.70,0.64,0.35,0.27,1
619092.06,1280908.75,775.70,774.00,775.70,0.64,0.36,0.28,1
619184.31,1280908.75,765.70,764.00,765.70,0.64,0.36,0.27,1
619276.62,1280908.75,756.70,755.00,756.70,0.62,0.34,0.26,1
619368.88,1280908.75,760.70,759.00,760.70,0.61,0.32,0.24,1
619461.19,1280908.75,759.69,758.00,759.69,0.61,0.33,0.25,1
619553.44,1280908.75,758.69,757.00,758.69,0.61,0.33,0.25,1
619645.69,1280908.75,759.69,758.00,759.69,0.61,0.33,0.25,1
619738.00,1280908.75,756.69,755.00,756.69,0.62,0.33,0.25,1
619830.25,1280908.75,755.68,754.00,755.68,0.62,0.34,0.26,1
619922.56,1280908.75,755.68,754.00,755.68,0.62,0.34,0.26,1
620014.81,1280908.75,754.68,753.00,754.68,0.62,0.34,0.26,1
620107.12,1280908.75,757.68,756.00,757.68,0.61,0.33,0.25,1
620199.38,1280908.75,763.69,762.00,763.69,0.61,0.33,0.25,1
620291.69,1280908.75,766.70,765.00,766.70,0.61,0.33,0.25,1
620383.94,1280908.75,769.72,768.00,769.72,0.62,0.33,0.25,1
620476.19,1280908.75,763.75,762.00,763.75,0.62,0.34,0.26,1
620568.50,1280908.75,763.81,762.00,763.81,0.62,0.33,0.25,1
620660.75,1280908.75,766.89,765.00,766.89,0.62,0.33,0.24,1
620753.06,1280908.75,770.00,768.00,770.00,0.61,0.32,0.23,1
620845.31,1280908.75,780.11,778.00,780.11,0.60,0.31,0.22,1
620937.62,1280908.75,794.19,792.00,794.19,0.61,0.31,0.22,1
621029.88,1280908.75,797.24,795.00,797.24,0.61,0.32,0.23,1
621122.19,1280908.75,791.27,789.00,791.27,0.62,0.32,0.23,1
621214.44,1280908.75,788.28,786.00,788.28,0.61,0.31,0.23,1
621306.69,1280908.75,797.25,795.00,797.25,0.61,0.31,0.22,1
621399.00,1280908.75,809.20,807.00,809.20,0.60,0.31,0.22,1
621491.25,1280908.75,815.16,813.00,815.16,0.60,0.31,0.22,1
621583.56,1280908.75,819.15,817.00,819.15,0.60,0.30,0.22,1
621675.81,1280908.75,831.15,829.00,831.15,0.59,0.30,0.21,1
621768.12,1280908.75,842.17,840.00,842.17,0.60,0.30,0.22,1
621860.38,1280908.75,845.23,843.00,845.23,0.61,0.31,0.22,1
621952.69,1280908.75,834.34,832.00,834.34,0.61,0.31,0.22,1
622044.94,1280908.75,822.50,820.00,822.50,0.60,0.29,0.21,1
622137.19,1280908.75,823.65,821.00,823.65,0.59,0.28,0.20,1
622229.50,1280908.75,827.74,825.00,827.74,0.59,0.28,0.19,1
622321.75,1280908.75,825.76,823.00,825.76,0.59,0.28,0.20,1
622414.06,1280908.75,824.73,822.00,824.73,0.60,0.28,0.20,1
622506.31,1280908.75,826.66,824.00,826.66,0.60,0.29,0.20,1
622598.62,1280908.75,827.50,825.00,827.50,0.60,0.29,0.21,1
622690.88,1280908.75,829.28,827.00,829.28,0.59,0.29,0.21,1
622783.19,1280908.75,839.96,838.00,839.96,0.58,0.29,0.21,1
622875.44,1280908.75,868.68,867.00,868.68,0.57,0.29,0.21,1
622967.69,1280908.75,905.46,904.00,905.46,0.57,0.30,0.22,1
623060.00,1280908.75,930.39,929.00,930.39,0.58,0.31,0.23,1
623152.25,1280908.75,940.35,939.00,940.35,0.59,0.32,0.25,1
623244.56,1280908.75,936.30,935.00,936.30,0.60,0.33,0.25,1
623336.81,1280908.75,931.25,930.00,931.25,0.60,0.33,0.26,1
623429.12,1280908.75,928.17,927.00,928.17,0.60,0.34,0.26,1
623521.38,1280908.75,930.11,929.00,930.11,0.61,0.36,0.28,1
623613.69,1280908.75,921.09,920.00,921.09,0.64,0.38,0.30,1
623705.94,1280908.75,888.22,887.00,888.22,0.65,0.39,0.31,1
623798.19,1280908.75,847.61,846.00,847.61,0.65,0.37,0.29,1
623890.50,1280908.75,822.75,821.00,822.75,0.64,0.36,0.28,1
623982.75,1280908.75,805.76,804.00,805.76,0.64,0.36,0.28,1
624075.06,1280908.75,795.75,794.00,795.75,0.63,0.35,0.27,1
624167.31,1280908.75,810.72,809.00,810.72,0.62,0.34,0.25,1
624259.62,1280908.75,830.70,829.00,830.70,0.62,0.34,0.26,1
624351.88,1280908.75,836.69,835.00,836.69,0.62,0.34,0.26,1
624444.19,1280908.75,828.68,827.00,828.68,0.62,0.34,0.26,1
624536.44,1280908.75,812.66,811.00,812.66,0.62,0.34,0.26,1
624628.69,1280908.75,797.64,796.00,797.64,0.62,0.34,0.26,1
624721.00,1280908.75,785.61,784.00,785.61,0.63,0.35,0.27,1
624813.25,1280908.75,775.58,774.00,775.58,0.63,0.35,0.27,1
624905.56,1280908.75,774.52,773.00,774.52,0.62,0.34,0.26,1
624997.81,1280908.75,788.43,787.00,788.43,0.61,0.34,0.26,1
625090.12,1280908.75,805.30,804.00,805.30,0.62,0.35,0.27,1
625182.38,1280908.75,812.17,811.00,812.17,0.63,0.37,0.30,1
625274.69,1280908.75,808.08,807.00,808.08,0.64,0.39,0.31,1
625366.94,1280908.75,810.84,809.85,810.84,0.58,0.32,0.25,1
625459.19,1280908.75,-9999.00,-9999.00,-9999.00,0.71,0.71,0.71,0
614385.88,1280816.38,-9999.00,-9999.00,-9999.00,0.71,0.71,0.71,0
614478.12,1280816.38,788.95,788.00,788.95,0.29,0.04,-0.03,1
614570.44,1280816.38,788.96,788.00,788.96,0.64,0.38,0.31,1
614662.69,1280816.38,787.02,786.00,787.02,0.63,0.37,0.30,1
614755.00,1280816.38,792.14,791.00,792.14,0.61,0.35,0.28,1
614847.25,1280816.38,795.31,794.00,795.31,0.61,0.34,0.27,1
614939.56,1280816.38,793.45,792.00,793.45,0.62,0.35,0.27,1
615031.81,1280816.38,793.54,792.00,793.54,0.62,0.34,0.27,1
615124.12,1280816.38,800.59,799.00,800.59,0.62,0.34,0.26,1
615216.38,1280816.38,807.61,806.00,807.61,0.61,0.34,0.26,1
615308.62,1280816.38,810.61,809.00,810.61,0.62,0.34,0.26,1
615400.94,1280816.38,806.61,805.00,806.61,0.61,0.33,0.25,1
615493.19,1280816.38,802.61,801.00,802.61,0.61,0.33,0.25,1
615585.50,1280816.38,816.60,815.00,816.60,0.60,0.32,0.24,1
615677.75,1280816.38,832.57,831.00,832.57,0.61,0.33,0.25,1
615770.06,1280816.38,831.54,830.00,831.54,0.62,0.35,0.27,1
615862.31,1280816.38,820.52,819.00,820.52,0.63,0.35,0.27,1
615954.62,1280816.38,812.51,811.00,812.51,0.62,0.34,0.26,1
616046.88,1280816.38,810.51,809.00,810.51,0.61,0.33,0.26,1
616139.12,1280816.38,819.51,818.00,819.51,0.61,0.33,0.25,1
616231.44,1280816.38,826.51,825.00,826.51,0.61,0.34,0.26,1
616323.69,1280816.38,830.51,829.00,830.51,0.62,0.34,0.26,1
616416.00,1280816.38,829.53,828.00,829.53,0.62,0.34,0.26,1
616508.25,1280816.38,830.54,829.00,830.54,0.61,0.34,0.26,1
616600.56,1280816.38,831.55,830.00,831.55,0.61,0.34,0.26,1
616692.81,1280816.38,825.56,824.00,825.56,0.62,0.34,0.26,1
616785.12,1280816.38,833.56,832.00,833.56,0.61,0.34,0.26,1
616877.38,1280816.38,842.57,841.00,842.57,0.62,0.34,0.26,1
616969.62,1280816.38,837.58,836.00,837.58,0.61,0.33,0.25,1
617061.94,1280816.38,827.60,826.00,827.60,0.62,0.34,0.26,1
617154.19,1280816.38,817.62,816.00,817.62,0.64,0.36,0.28,1
617246.50,1280816.38,798.63,797.00,798.63,0.64,0.36,0.28,1
617338.75,1280816.38,783.64,782.00,783.64,0.64,0.36,0.28,1
617431.06,1280816.38,776.64,775.00,776.64,0.63,0.35,0.27,1
617523.31,1280816.38,775.65,774.00,775.65,0.63,0.35,0.27,1
617615.62,1280816.38,782.64,781.00,782.64,0.63,0.35,0.27,1
617707.88,1280816.38,782.64,781.00,782.64,0.64,0.36,0.28,1
617800.12,1280816.38,759.63,758.00,759.63,0.64,0.36,0.28,1
617892.44,1280816.38,752.63,751.00,752.63,0.62,0.34,0.26,1
617984.69,1280816.38,759.63,758.00,759.63,0.61,0.33,0.25,1
618077.00,1280816.38,774.63,773.00,774.63,0.61,0.33,0.25,1
618169.25,1280816.38,781.64,780.00,781.64,0.62,0.34,0.26,1
618261.56,1280816.38,788.65,787.00,788.65,0.61,0.33,0.25,1
618353.81,1280816.38,790.66,789.00,790.66,0.60,0.32,0.24,1
618446.12,1280816.38,779.68,778.00,779.68,0.61,0.32,0.24,1
618538.38,1280816.38,779.68,778.00,779.68,0.60,0.32,0.24,1
618630.62,1280816.38,798.69,797.00,798.69,0.59,0.31,0.23,1
618722.94,1280816.38,802.68,801.00,802.68,0.60,0.32,0.24,1
618815.19,1280816.38,788.69,787.00,788.69,0.60,0.32,0.24,1
618907.50,1280816.38,781.70,780.00,781.70,0.60,0.32,0.24,1
618999.75,1280816.38,793.70,792.00,793.70,0.62,0.33,0.25,1
619092.06,1280816.38,790.70,789.00,790.70,0.64,0.35,0.27,1
619184.31,1280816.38,774.70,773.00,774.70,0.64,0.36,0.28,1
619276.62,1280816.38,756.70,755.00,756.70,0.63,0.35,0.27,1
619368.88,1280816.38,752.70,751.00,752.70,0.62,0.34,0.26,1
619461.19,1280816.38,754.70,753.00,754.70,0.62,0.34,0.26,1
619553.44,1280816.38,760.70,759.00,760.70,0.63,0.34,0.26,1
619645.69,1280816.38,759.69,758.00,759.69,0.63,0.35,0.27,1
619738.00,1280816.38,755.69,754.00,755.69,0.63,0.35,0.27,1
619830.25,1280816.38,752.68,751.00,752.68,0.62,0.34,0.26,1
619922.56,1280816.38,753.67,752.00,753.67,0.62,0.34,0.26,1
620014.81,1280816.38,755.66,754.00,755.66,0.63,0.35,0.27,1
620107.12,1280816.38,757.66,756.00,757.66,0.63,0.35,0.27,1
620199.38,1280816.38,757.66,756.00,757.66,0.62,0.34,0.26,1
620291.69,1280816.38,758.66,757.00,758.66,0.61,0.33,0.25,1
620383.94,1280816.38,763.67,762.00,763.67,0.61,0.33,0.25,1
620476.19,1280816.38,762.69,761.00,762.69,0.62,0.34,0.26,1
620568.50,1280816.38,764.72,763.00,764.72,0.62,0.34,0.25,1
620660.75,1280816.38,765.77,764.00,765.77,0.62,0.33,0.25,1
620753.06,1280816.38,764.84,763.00,764.84,0.61,0.32,0.24,1
620845.31,1280816.38,775.92,774.00,775.92,0.60,0.31,0.23,1
620937.62,1280816.38,788.98,787.00,788.98,0.60,0.31,0.23,1
621029.88,1280816.38,791.02,789.00,791.02,0.61,0.32,0.23,1
621122.19,1280816.38,785.04,783.00,785.04,0.61,0.32,0.24,1
621214.44,1280816.38,788.04,786.00,788.04,0.61,0.32,0.23,1
621306.69,1280816.38,796.03,794.00,796.03,0.61,0.31,0.23,1
621399.00,1280816.38,802.01,800.00,802.01,0.60,0.31,0.23,1
621491.25,1280816.38,802.00,800.00,802.00,0.60,0.31,0.23,1
621583.56,1280816.38,805.99,804.00,805.99,0.60,0.31,0.22,1
621675.81,1280816.38,817.99,816.00,817.99,0.59,0.30,0.22,1
621768.12,1280816.38,824.00,822.00,824.00,0.59,0.30,0.21,1
621860.38,1280816.38,827.04,825.00,827.04,0.60,0.30,0.22,1
621952.69,1280816.38,814.12,812.00,814.12,0.61,0.31,0.23,1
622044.94,1280816.38,802.26,800.00,802.26,0.61,0.31,0.22,1
622137.19,1280816.38,804.43,802.00,804.43,0.60,0.30,0.21,1
622229.50,1280816.38,809.54,807.00,809.54,0.60,0.29,0.21,1
622321.75,1280816.38,808.58,806.00,808.58,0.60,0.30,0.21,1
622414.06,1280816.38,810.57,808.00,810.57,0.60,0.30,0.21,1
622506.31,1280816.38,816.51,814.00,816.51,0.60,0.30,0.21,1
622598.62,1280816.38,813.39,811.00,813.39,0.61,0.30,0.22,1
622690.88,1280816.38,816.21,814.00,816.21,0.60,0.30,0.22,1
622783.19,1280816.38,833.96,832.00,833.96,0.59,0.30,0.22,1
622875.44,1280816.38,862.71,861.00,862.71,0.58,0.30,0.22,1
622967.69,1280816.38,894.53,893.00,894.53,0.58,0.31,0.23,1
623060.00,1280816.38,913.45,912.00,913.45,0.60,0.32,0.25,1
623152.25,1280816.38,922.39,921.00,922.39,0.61,0.34,0.26,1
623244.56,1280816.38,921.35,920.00,921.35,0.62,0.35,0.28,1
623336.81,1280816.38,919.31,918.00,919.31,0.62,0.35,0.27,1
623429.12,1280816.38,919.28,918.00,919.28,0.61,0.34,0.27,1
623521.38,1280816.38,916.27,915.00,916.27,0.61,0.35,0.27,1
623613.69,1280816.38,902.27,901.00,902.27,0.62,0.36,0.28,1
623705.94,1280816.38,872.34,871.00,872.34,0.64,0.37,0.29,1
623798.19,1280816.38,844.56,843.00,844.56,0.64,0.37,0.29,1
623890.50,1280816.38,830.66,829.00,830.66,0.64,0.36,0.28,1
623982.75,1280816.38,820.69,819.00,820.69,0.64,0.36,0.28,1
624075.06,1280816.38,817.70,816.00,817.70,0.63,0.35,0.27,1
624167.31,1280816.38,831.70,830.00,831.70,0.63,0.34,0.26,1
624259.62,1280816.38,836.69,835.00,836.69,0.63,0.35,0.27,1
624351.88,1280816.38,827.68,826.00,827.68,0.63,0.35,0.27,1
624444.19,1280816.38,814.68,813.00,814.68,0.63,0.35,0.27,1
624536.44,1280816.38,799.67,798.00,799.67,0.63,0.35,0.27,1
624628.69,1280816.38,789.65,788.00,789.65,0.63,0.35,0.27,1
624721.00,1280816.38,787.63,786.00,787.63,0.63,0.35,0.27,1
624813.25,1280816.38,782.58,781.00,782.58,0.63,0.36,0.28,1
624905.56,1280816.38,778.52,777.00,778.52,0.62,0.35,0.27,1
624997.81,1280816.38,788.43,787.00,788.43,0.60,0.33,0.25,1
625090.12,1280816.38,802.31,801.00,802.31,0.60,0.33,0.26,1
625182.38,1280816.38,812.17,811.00,812.17,0.62,0.36,0.28,1
625274.69,1280816.38,817.07,816.00,817.07,0.63,0.37,0.30,1
625366.94,1280816.38,831.10,830.09,831.10,0.58,0.32,0.25,1
625459.19,1280816.38,-9999.00,-9999.00,-9999.00,0.71,0.71,0.71,0
614385.88,1280724.12,-9999.00,-9999.00,-9999.00,0.71,0.71,0.71,0
614478.12,1280724.12,784.97,784.00,784.97,0.30,0.04,-0.03,1
614570.44,1280724.12,786.99,786.00,786.99,0.62,0.37,0.30,1
614662.69,1280724.12,785.01,784.00,785.01,0.62,0.37,0.30,1
614755.00,1280724.12,784.14,783.00,784.14,0.61,0.35,0.28,1
614847.25,1280724.12,790.30,789.00,790.30,0.61,0.35,0.27,1
614939.56,1280724.12,799.44,798.00,799.44,0.62,0.35,0.27,1
615031.81,1280724.12,806.52,805.00,806.52,0.63,0.35,0.27,1
615124.12,1280724.12,809.57,808.00,809.57,0.63,0.35,0.27,1
615216.38,1280724.12,804.60,803.00,804.60,0.62,0.35,0.27,1
615308.62,1280724.12,800.60,799.00,800.60,0.62,0.34,0.26,1
615400.94,1280724.12,794.61,793.00,794.61,0.61,0.33,0.25,1
615493.19,1280724.12,796.60,795.00,796.60,0.61,0.33,0.25,1
615585.50,1280724.12,812.59,811.00,812.59,0.60,0.32,0.24,1
615677.75,1280724.12,818.57,817.00,818.57,0.60,0.32,0.24,1
615770.06,1280724.12,818.54,817.00,818.54,0.61,0.33,0.26,1
615862.31,1280724.12,814.52,813.00,814.52,0.62,0.35,0.27,1
615954.62,1280724.12,803.51,802.00,803.51,0.62,0.34,0.27,1
616046.88,1280724.12,806.51,805.00,806.51,0.61,0.34,0.26,1
616139.12,1280724.12,814.51,813.00,814.51,0.61,0.33,0.25,1
616231.44,1280724.12,823.51,822.00,823.51,0.61,0.34,0.26,1
616323.69,1280724.12,825.52,824.00,825.52,0.62,0.34,0.26,1
616416.00,1280724.12,828.53,827.00,828.53,0.62,0.35,0.27,1
616508.25,1280724.12,829.54,828.00,829.54,0.63,0.35,0.27,1
616600.56,1280724.12,824.55,823.00,824.55,0.62,0.35,0.27,1
616692.81,1280724.12,825.56,824.00,825.56,0.62,0.34,0.26,1
616785.12,1280724.12,837.56,836.00,837.56,0.62,0.34,0.26,1
616877.38,1280724.12,841.57,840.00,841.57,0.63,0.35,0.27,1
616969.62,1280724.12,820.58,819.00,820.58,0.62,0.34,0.26,1
617061.94,1280724.12,813.60,812.00,813.60,0.61,0.33,0.25,1
617154.19,1280724.12,814.62,813.00,814.62,0.62,0.34,0.26,1
617246.50,1280724.12,802.63,801.00,802.63,0.63,0.35,0.27,1
617338.75,1280724.12,790.64,789.00,790.64,0.63,0.35,0.27,1
617431.06,1280724.12,790.64,789.00,790.64,0.63,0.35,0.27,1
617523.31,1280724.12,794.65,793.00,794.65,0.63,0.35,0.27,1
617615.62,1280724.12,797.64,796.00,797.64,0.63,0.35,0.27,1
617707.88,1280724.12,785.64,784.00,785.64,0.63,0.35,0.27,1
617800.12,1280724.12,767.64,766.00,767.64,0.64,0.36,0.28,1
617892.44,1280724.12,755.63,754.00,755.63,0.63,0.35,0.27,1
617984.69,1280724.12,756.63,755.00,756.63,0.61,0.33,0.25,1
618077.00,1280724.12,769.63,768.00,769.63,0.60,0.32,0.24,1
618169.25,1280724.12,778.64,777.00,778.64,0.61,0.33,0.25,1
618261.56,1280724.12,775.65,774.00,775.65,0.61,0.33,0.25,1
618353.81,1280724.12,766.67,765.00,766.67,0.61,0.33,0.25,1
618446.12,1280724.12,761.68,760.00,761.68,0.60,0.32,0.24,1
618538.38,1280724.12,773.68,772.00,773.68,0.60,0.32,0.24,1
618630.62,1280724.12,777.69,776.00,777.69,0.60,0.32,0.24,1
618722.94,1280724.12,774.68,773.00,774.68,0.60,0.32,0.24,1
618815.19,1280724.12,765.69,764.00,765.69,0.61,0.33,0.24,1
618907.50,1280724.12,766.70,765.00,766.70,0.60,0.31,0.23,1
618999.75,1280724.12,784.70,783.00,784.70,0.59,0.31,0.23,1
619092.06,1280724.12,786.70,785.00,786.70,0.61,0.33,0.25,1
619184.31,1280724.12,770.70,769.00,770.70,0.63,0.35,0.26,1
619276.62,1280724.12,754.70,753.00,754.70,0.63,0.35,0.27,1
619368.88,1280724.12,754.70,753.00,754.70,0.62,0.34,0.26,1
619461.19,1280724.12,766.70,765.00,766.70,0.62,0.34,0.26,1
619553.44,1280724.12,774.70,773.00,774.70,0.63,0.35,0.27,1
619645.69,1280724.12,773.69,772.00,773.69,0.64,0.36,0.28,1
619738.00,1280724.12,767.69,766.00,767.69,0.64,0.36,0.28,1
619830.25,1280724.12,757.68,756.00,757.68,0.63,0.35,0.27,1
619922.56,1280724.12,764.67,763.00,764.67,0.63,0.35,0.27,1
620014.81,1280724.12,772.65,771.00,772.65,0.63,0.35,0.27,1
620107.12,1280724.12,770.65,769.00,770.65,0.64,0.36,0.28,1
620199.38,1280724.12,760.65,759.00,760.65,0.63,0.35,0.27,1
620291.69,1280724.12,755.65,754.00,755.65,0.62,0.34,0.26,1
620383.94,1280724.12,757.65,756.00,757.65,0.62,0.34,0.26,1
620476.19,1280724.12,760.66,759.00,760.66,0.62,0.33,0.25,1
620568.50,1280724.12,762.68,761.00,762.68,0.62,0.34,0.26,1
620660.75,1280724.12,761.71,760.00,761.71,0.62,0.33,0.25,1
620753.06,1280724.12,761.76,760.00,761.76,0.61,0.33,0.25,1
620845.31,1280724.12,770.81,769.00,770.81,0.61,0.32,0.24,1
620937.62,1280724.12,775.85,774.00,775.85,0.60,0.32,0.23,1
621029.88,1280724.12,776.88,775.00,776.88,0.60,0.32,0.23,1
621122.19,1280724.12,777.89,776.00,777.89,0.61,0.32,0.24,1
621214.44,1280724.12,779.89,778.00,779.89,0.61,0.32,0.24,1
621306.69,1280724.12,784.89,783.00,784.89,0.61,0.32,0.24,1
621399.00,1280724.12,787.88,786.00,787.88,0.61,0.32,0.24,1
621491.25,1280724.12,790.87,789.00,790.87,0.61,0.32,0.24,1
621583.56,1280724.12,791.87,790.00,791.87,0.60,0.32,0.24,1
621675.81,1280724.12,793.87,792.00,793.87,0.60,0.31,0.23,1
621768.12,1280724.12,793.88,792.00,793.88,0.60,0.31,0.23,1
621860.38,1280724.12,794.90,793.00,794.90,0.60,0.31,0.23,1
621952.69,1280724.12,791.94,790.00,791.94,0.61,0.32,0.23,1
622044.94,1280724.12,791.02,789.00,791.02,0.61,0.32,0.23,1
622137.19,1280724.12,793.13,791.00,793.13,0.61,0.31,0.23,1
622229.50,1280724.12,795.20,793.00,795.20,0.60,0.31,0.22,1
622321.75,1280724.12,797.24,795.00,797.24,0.61,0.31,0.22,1
622414.06,1280724.12,802.24,800.00,802.24,0.60,0.31,0.22,1
622506.31,1280724.12,805.23,803.00,805.23,0.60,0.31,0.22,1
622598.62,1280724.12,804.18,802.00,804.18,0.60,0.31,0.22,1
622690.88,1280724.12,811.07,809.00,811.07,0.60,0.31,0.22,1
622783.19,1280724.12,832.91,831.00,832.91,0.59,0.30,0.22,1
622875.44,1280724.12,864.70,863.00,864.70,0.59,0.30,0.22,1
622967.69,1280724.12,894.57,893.00,894.57,0.59,0.31,0.23,1
623060.00,1280724.12,917.50,916.00,917.50,0.60,0.33,0.25,1
623152.25,1280724.12,930.45,929.00,930.45,0.62,0.35,0.27,1
623244.56,1280724.12,930.42,929.00,930.42,0.64,0.37,0.29,1
623336.81,1280724.12,916.40,915.00,916.40,0.64,0.37,0.29,1
623429.12,1280724.12,902.39,901.00,902.39,0.62,0.35,0.27,1
623521.38,1280724.12,896.39,895.00,896.39,0.60,0.33,0.26,1
623613.69,1280724.12,887.41,886.00,887.41,0.61,0.34,0.27,1
623705.94,1280724.12,868.45,867.00,868.45,0.63,0.36,0.28,1
623798.19,1280724.12,852.55,851.00,852.55,0.64,0.36,0.28,1
623890.50,1280724.12,839.63,838.00,839.63,0.64,0.36,0.28,1
623982.75,1280724.12,828.67,827.00,828.67,0.63,0.35,0.27,1
624075.06,1280724.12,833.68,832.00,833.68,0.63,0.34,0.26,1
624167.31,1280724.12,843.68,842.00,843.68,0.63,0.35,0.27,1
624259.62,1280724.12,839.68,838.00,839.68,0.64,0.35,0.27,1
624351.88,1280724.12,829.68,828.00,829.68,0.64,0.36,0.28,1
624444.19,1280724.12,818.68,817.00,818.68,0.64,0.36,0.28,1
624536.44,1280724.12,806.67,805.00,806.67,0.64,0.36,0.27,1
624628.69,1280724.12,802.66,801.00,802.66,0.64,0.35,0.27,1
624721.00,1280724.12,800.63,799.00,800.63,0.63,0.35,0.27,1
624813.25,1280724.12,789.59,788.00,789.59,0.64,0.36,0.28,1
624905.56,1280724.12,780.53,779.00,780.53,0.63,0.35,0.27,1
624997.81,1280724.12,783.45,782.00,783.45,0.61,0.34,0.26,1
625090.12,1280724.12,795.33,794.00,795.33,0.60,0.34,0.26,1
625182.38,1280724.12,817.20,816.00,817.20,0.61,0.35,0.28,1
625274.69,1280724.12,829.09,828.00,829.09,0.62,0.36,0.29,1
625366.94,1280724.12,851.36,850.33,851.36,0.58,0.32,0.25,1
625459.19,1280724.12,-9999.00,-9999.00,-9999.00,0.71,0.71,0.71,0
614385.88,1280631.88,-9999.00,-9999.00,-9999.00,0.71,0.71,0.71,0
614478.12,1280631.88,779.04,778.00,779.04,0.31,0.05,-0.02,1
614570.44,1280631.88,779.07,778.00,779.07,0.61,0.36,0.28,1
614662.69,1280631.88,777.06,776.00,777.06,0.61,0.36,0.28,1
614755.00,1280631.88,778.15,777.00,778.15,0.61,0.35,0.27,1
614847.25,1280631.88,794.29,793.00,794.29,0.60,0.33,0.26,1
614939.56,1280631.88,812.42,811.00,812.42,0.61,0.34,0.26,1
615031.81,1280631.88,817.51,816.00,817.51,0.62,0.35,0.27,1
615124.12,1280631.88,814.56,813.00,814.56,0.63,0.35,0.27,1
615216.38,1280631.88,804.59,803.00,804.59,0.63,0.36,0.28,1
615308.62,1280631.88,793.60,792.00,793.60,0.63,0.35,0.27,1
615400.94,1280631.88,786.60,785.00,786.60,0.62,0.34,0.26,1
615493.19,1280631.88,793.60,792.00,793.60,0.61,0.33,0.25,1
615585.50,1280631.88,805.59,804.00,805.59,0.61,0.33,0.25,1
615677.75,1280631.88,803.57,802.00,803.57,0.61,0.33,0.25,1
615770.06,1280631.88,809.54,808.00,809.54,0.61,0.33,0.25,1
615862.31,1280631.88,810.52,809.00,810.52,0.62,0.34,0.26,1
615954.62,1280631.88,800.51,799.00,800.51,0.62,0.35,0.27,1
616046.88,1280631.88,804.51,803.00,804.51,0.62,0.34,0.26,1
616139.12,1280631.88,810.51,809.00,810.51,0.61,0.33,0.25,1
616231.44,1280631.88,821.52,820.00,821.52,0.60,0.33,0.25,1
616323.69,1280631.88,827.52,826.00,827.52,0.61,0.34,0.26,1
616416.00,1280631.88,833.54,832.00,833.54,0.62,0.34,0.26,1
616508.25,1280631.88,836.55,835.00,836.55,0.63,0.35,0.27,1
616600.56,1280631.88,829.56,828.00,829.56,0.63,0.36,0.28,1
616692.81,1280631.88,831.56,830.00,831.56,0.62,0.35,0.27,1
616785.12,1280631.88,842.57,841.00,842.57,0.62,0.35,0.27,1
616877.38,1280631.88,838.58,837.00,838.58,0.64,0.36,0.28,1
616969.62,1280631.88,809.59,808.00,809.59,0.63,0.35,0.27,1
617061.94,1280631.88,796.61,795.00,796.61,0.61,0.33,0.25,1
617154.19,1280631.88,799.62,798.00,799.62,0.60,0.32,0.24,1
617246.50,1280631.88,795.64,794.00,795.64,0.61,0.33,0.25,1
617338.75,1280631.88,792.65,791.00,792.65,0.61,0.33,0.25,1
617431.06,1280631.88,796.65,795.00,796.65,0.61,0.33,0.25,1
617523.31,1280631.88,798.64,797.00,798.64,0.61,0.33,0.25,1
617615.62,1280631.88,792.64,791.00,792.64,0.62,0.34,0.26,1
617707.88,1280631.88,778.64,777.00,778.64,0.62,0.34,0.26,1
617800.12,1280631.88,771.64,770.00,771.64,0.63,0.35,0.27,1
617892.44,1280631.88,760.63,759.00,760.63,0.63,0.35,0.27,1
617984.69,1280631.88,755.63,754.00,755.63,0.62,0.34,0.26,1
618077.00,1280631.88,760.63,759.00,760.63,0.61,0.33,0.25,1
618169.25,1280631.88,763.64,762.00,763.64,0.61,0.33,0.25,1
618261.56,1280631.88,759.65,758.00,759.65,0.61,0.33,0.25,1
618353.81,1280631.88,754.67,753.00,754.67,0.62,0.34,0.26,1
618446.12,1280631.88,753.68,752.00,753.68,0.61,0.33,0.25,1
618538.38,1280631.88,765.68,764.00,765.68,0.61,0.33,0.24,1
618630.62,1280631.88,760.69,759.00,760.69,0.61,0.33,0.25,1
618722.94,1280631.88,757.69,756.00,757.69,0.61,0.33,0.25,1
618815.19,1280631.88,758.70,757.00,758.70,0.62,0.34,0.26,1
618907.50,1280631.88,757.70,756.00,757.70,0.61,0.33,0.25,1
618999.75,1280631.88,763.70,762.00,763.70,0.60,0.32,0.24,1
619092.06,1280631.88,766.70,765.00,766.70,0.60,0.32,0.24,1
619184.31,1280631.88,760.70,759.00,760.70,0.62,0.33,0.25,1
619276.62,1280631.88,758.70,757.00,758.70,0.62,0.34,0.26,1
619368.88,1280631.88,769.70,768.00,769.70,0.62,0.33,0.25,1
619461.19,1280631.88,786.70,785.00,786.70,0.62,0.34,0.26,1
619553.44,1280631.88,793.69,792.00,793.69,0.63,0.35,0.27,1
619645.69,1280631.88,795.69,794.00,795.69,0.64,0.36,0.28,1
619738.00,1280631.88,781.69,780.00,781.69,0.64,0.36,0.28,1
619830.25,1280631.88,773.68,772.00,773.68,0.63,0.35,0.27,1
619922.56,1280631.88,786.67,785.00,786.67,0.63,0.35,0.27,1
620014.81,1280631.88,788.65,787.00,788.65,0.64,0.36,0.28,1
620107.12,1280631.88,774.65,773.00,774.65,0.64,0.35,0.27,1
620199.38,1280631.88,765.64,764.00,765.64,0.64,0.36,0.28,1
620291.69,1280631.88,759.64,758.00,759.64,0.63,0.35,0.27,1
620383.94,1280631.88,759.65,758.00,759.65,0.62,0.34,0.26,1
620476.19,1280631.88,757.65,756.00,757.65,0.62,0.34,0.26,1
620568.50,1280631.88,758.66,757.00,758.66,0.62,0.34,0.26,1
620660.75,1280631.88,759.68,758.00,759.68,0.62,0.34,0.25,1
620753.06,1280631.88,763.71,762.00,763.71,0.61,0.33,0.25,1
620845.31,1280631.88,768.75,767.00,768.75,0.61,0.33,0.25,1
620937.62,1280631.88,765.78,764.00,765.78,0.61,0.33,0.25,1
621029.88,1280631.88,765.79,764.00,765.79,0.61,0.33,0.24,1
621122.19,1280631.88,772.80,771.00,772.80,0.61,0.33,0.25,1
621214.44,1280631.88,773.80,772.00,773.80,0.61,0.33,0.24,1
621306.69,1280631.88,780.80,779.00,780.80,0.61,0.32,0.24,1
621399.00,1280631.88,783.80,782.00,783.80,0.61,0.33,0.25,1
621491.25,1280631.88,784.79,783.00,784.79,0.62,0.33,0.25,1
621583.56,1280631.88,781.79,780.00,781.79,0.61,0.33,0.25,1
621675.81,1280631.88,779.79,778.00,779.79,0.61,0.33,0.24,1
621768.12,1280631.88,781.80,780.00,781.80,0.61,0.32,0.24,1
621860.38,1280631.88,782.81,781.00,782.81,0.61,0.33,0.24,1
621952.69,1280631.88,784.83,783.00,784.83,0.61,0.33,0.25,1
622044.94,1280631.88,787.87,786.00,787.87,0.61,0.33,0.24,1
622137.19,1280631.88,786.93,785.00,786.93,0.61,0.32,0.24,1
622229.50,1280631.88,785.97,784.00,785.97,0.61,0.32,0.24,1
622321.75,1280631.88,790.98,789.00,790.98,0.61,0.32,0.23,1
622414.06,1280631.88,791.99,790.00,791.99,0.61,0.32,0.23,1
622506.31,1280631.88,789.98,788.00,789.98,0.61,0.32,0.23,1
622598.62,1280631.88,791.97,790.00,791.97,0.60,0.31,0.23,1
622690.88,1280631.88,807.94,806.00,807.94,0.60,0.31,0.23,1
622783.19,1280631.88,836.83,835.00,836.83,0.59,0.31,0.23,1
622875.44,1280631.88,868.66,867.00,868.66,0.59,0.31,0.23,1
622967.69,1280631.88,899.58,898.00,899.58,0.59,0.31,0.24,1
623060.00,1280631.88,922.54,921.00,922.54,0.60,0.33,0.25,1
623152.25,1280631.88,933.51,932.00,933.51,0.61,0.33,0.26,1
623244.56,1280631.88,933.49,932.00,933.49,0.62,0.35,0.27,1
623336.81,1280631.88,919.49,918.00,919.49,0.64,0.37,0.29,1
623429.12,1280631.88,894.48,893.00,894.48,0.64,0.37,0.29,1
623521.38,1280631.88,876.49,875.00,876.49,0.63,0.35,0.27,1
623613.69,1280631.88,867.49,866.00,867.49,0.62,0.34,0.26,1
623705.94,1280631.88,862.52,861.00,862.52,0.62,0.35,0.27,1
623798.19,1280631.88,852.57,851.00,852.57,0.63,0.35,0.27,1
623890.50,1280631.88,841.62,840.00,841.62,0.63,0.35,0.27,1
623982.75,1280631.88,838.66,837.00,838.66,0.62,0.34,0.26,1
624075.06,1280631.88,846.67,845.00,846.67,0.62,0.34,0.26,1
624167.31,1280631.88,852.68,851.00,852.68,0.62,0.34,0.26,1
624259.62,1280631.88,852.68,851.00,852.68,0.63,0.35,0.27,1
624351.88,1280631.88,848.68,847.00,848.68,0.64,0.36,0.28,1
624444.19,1280631.88,831.68,830.00,831.68,0.65,0.37,0.29,1
624536.44,1280631.88,815.67,814.00,815.67,0.64,0.36,0.28,1
624628.69,1280631.88,811.66,810.00,811.66,0.64,0.36,0.27,1
624721.00,1280631.88,800.64,799.00,800.64,0.63,0.35,0.27,1
624813.25,1280631.88,789.60,788.00,789.60,0.64,0.36,0.28,1
624905.56,1280631.88,784.55,783.00,784.55,0.63,0.35,0.28,1
624997.81,1280631.88,790.47,789.00,790.47,0.61,0.34,0.26,1
625090.12,1280631.88,807.37,806.00,807.37,0.60,0.33,0.25,1
625182.38,1280631.88,833.25,832.00,833.25,0.60,0.33,0.26,1
625274.69,1280631.88,845.15,844.00,845.15,0.61,0.35,0.27,1
625366.94,1280631.88,856.34,855.29,856.34,0.58,0.32,0.25,1
625459.19,1280631.88,-9999.00,-9999.00,-9999.00,0.71,0.71,0.71,0
614385.88,1280539.62,-9999.00,-9999.00,-9999.00,0.71,0.71,0.71,0
614478.12,1280539.62,768.08,767.00,768.08,0.31,0.06,-0.02,1
614570.44,1280539.62,768.12,767.00,768.12,0.61,0.35,0.28,1
614662.69,1280539.62,767.12,766.00,767.12,0.61,0.35,0.28,1
614755.00,1280539.62,772.18,771.00,772.18,0.60,0.34,0.26,1
614847.25,1280539.62,788.29,787.00,788.29,0.59,0.32,0.25,1
614939.56,1280539.62,803.41,802.00,803.41,0.59,0.32,0.24,1
615031.81,1280539.62,805.50,804.00,805.50,0.60,0.32,0.24,1
615124.12,1280539.62,808.55,807.00,808.55,0.61,0.33,0.25,1
615216.38,1280539.62,809.58,808.00,809.58,0.63,0.35,0.27,1
615308.62,1280539.62,798.59,797.00,798.59,0.64,0.36,0.28,1
615400.94,1280539.62,786.59,785.00,786.59,0.62,0.35,0.27,1
615493.19,1280539.62,793.59,792.00,793.59,0.61,0.33,0.25,1
615585.50,1280539.62,797.59,796.00,797.59,0.61,0.33,0.25,1
615677.75,1280539.62,797.57,796.00,797.57,0.61,0.33,0.25,1
615770.06,1280539.62,805.55,804.00,805.55,0.61,0.33,0.25,1
615862.31,1280539.62,801.53,800.00,801.53,0.61,0.34,0.26,1
615954.62,1280539.62,800.53,799.00,800.53,0.62,0.34,0.26,1
616046.88,1280539.62,809.53,808.00,809.53,0.62,0.35,0.27,1
616139.12,1280539.62,805.53,804.00,805.53,0.62,0.34,0.26,1
616231.44,1280539.62,811.53,810.00,811.53,0.60,0.33,0.25,1
616323.69,1280539.62,822.54,821.00,822.54,0.60,0.33,0.25,1
616416.00,1280539.62,827.55,826.00,827.55,0.60,0.32,0.25,1
616508.25,1280539.62,835.56,834.00,835.56,0.61,0.33,0.25,1
616600.56,1280539.62,839.57,838.00,839.57,0.62,0.35,0.27,1
616692.81,1280539.62,845.57,844.00,845.57,0.63,0.35,0.27,1
616785.12,1280539.62,849.58,848.00,849.58,0.63,0.36,0.28,1
616877.38,1280539.62,841.59,840.00,841.59,0.65,0.37,0.29,1
616969.62,1280539.62,799.60,798.00,799.60,0.64,0.37,0.29,1
617061.94,1280539.62,785.61,784.00,785.61,0.63,0.35,0.27,1
617154.19,1280539.62,781.63,780.00,781.63,0.62,0.34,0.26,1
617246.50,1280539.62,776.64,775.00,776.64,0.62,0.34,0.26,1
617338.75,1280539.62,776.65,775.00,776.65,0.62,0.34,0.26,1
617431.06,1280539.62,777.65,776.00,777.65,0.61,0.33,0.25,1
617523.31,1280539.62,776.65,775.00,776.65,0.61,0.33,0.25,1
617615.62,1280539.62,772.65,771.00,772.65,0.61,0.33,0.25,1
617707.88,1280539.62,764.64,763.00,764.64,0.62,0.34,0.26,1
617800.12,1280539.62,763.63,762.00,763.63,0.62,0.34,0.26,1
617892.44,1280539.62,757.63,756.00,757.63,0.63,0.35,0.27,1
617984.69,1280539.62,752.63,751.00,752.63,0.63,0.35,0.27,1
618077.00,1280539.62,752.63,751.00,752.63,0.62,0.34,0.26,1
618169.25,1280539.62,754.64,753.00,754.64,0.62,0.34,0.26,1
618261.56,1280539.62,756.65,755.00,756.65,0.62,0.34,0.26,1
618353.81,1280539.62,755.67,754.00,755.67,0.63,0.35,0.27,1
618446.12,1280539.62,751.68,750.00,751.68,0.62,0.34,0.26,1
618538.38,1280539.62,755.68,754.00,755.68,0.61,0.33,0.25,1
618630.62,1280539.62,754.69,753.00,754.69,0.61,0.33,0.25,1
618722.94,1280539.62,760.69,759.00,760.69,0.61,0.33,0.25,1
618815.19,1280539.62,767.70,766.00,767.70,0.62,0.34,0.26,1
618907.50,1280539.62,760.70,759.00,760.70,0.63,0.35,0.27,1
618999.75,1280539.62,754.70,753.00,754.70,0.62,0.34,0.26,1
619092.06,1280539.62,755.70,754.00,755.70,0.61,0.33,0.25,1
619184.31,1280539.62,755.70,754.00,755.70,0.61,0.33,0.25,1
619276.62,1280539.62,765.70,764.00,765.70,0.61,0.33,0.25,1
619368.88,1280539.62,781.70,780.00,781.70,0.60,0.32,0.24,1
619461.19,1280539.62,804.70,803.00,804.70,0.61,0.33,0.25,1
619553.44,1280539.62,813.69,812.00,813.69,0.63,0.35,0.27,1
619645.69,1280539.62,807.69,806.00,807.69,0.64,0.36,0.28,1
619738.00,1280539.62,782.69,781.00,782.69,0.64,0.35,0.27,1
619830.25,1280539.62,788.68,787.00,788.68,0.62,0.34,0.26,1
619922.56,1280539.62,802.67,801.00,802.67,0.63,0.35,0.27,1
620014.81,1280539.62,794.66,793.00,794.66,0.64,0.36,0.28,1
620107.12,1280539.62,775.65,774.00,775.65,0.64,0.36,0.28,1
620199.38,1280539.62,775.65,774.00,775.65,0.64,0.36,0.28,1
620291.69,1280539.62,767.65,766.00,767.65,0.64,0.36,0.28,1
620383.94,1280539.62,762.65,761.00,762.65,0.63,0.35,0.27,1
620476.19,1280539.62,760.65,759.00,760.65,0.63,0.35,0.27,1
620568.50,1280539.62,760.66,759.00,760.66,0.63,0.34,0.26,1
620660.75,1280539.62,759.67,758.00,759.67,0.62,0.34,0.26,1
620753.06,1280539.62,759.69,758.00,759.69,0.62,0.34,0.26,1
620845.31,1280539.62,759.72,758.00,759.72,0.61,0.33,0.25,1
620937.62,1280539.62,762.73,761.00,762.73,0.61,0.33,0.25,1
621029.88,1280539.62,766.74,765.00,766.74,0.62,0.33,0.25,1
621122.19,1280539.62,771.75,770.00,771.75,0.61,0.33,0.25,1
621214.44,1280539.62,771.75,770.00,771.75,0.62,0.33,0.25,1
621306.69,1280539.62,773.75,772.00,773.75,0.61,0.33,0.24,1
621399.00,1280539.62,778.75,777.00,778.75,0.61,0.33,0.24,1
621491.25,1280539.62,780.75,779.00,780.75,0.61,0.33,0.25,1
621583.56,1280539.62,777.75,776.00,777.75,0.62,0.33,0.25,1
621675.81,1280539.62,775.75,774.00,775.75,0.62,0.33,0.25,1
621768.12,1280539.62,776.75,775.00,776.75,0.61,0.33,0.25,1
621860.38,1280539.62,781.75,780.00,781.75,0.61,0.33,0.25,1
621952.69,1280539.62,785.77,784.00,785.77,0.62,0.33,0.25,1
622044.94,1280539.62,783.79,782.00,783.79,0.62,0.33,0.25,1
622137.19,1280539.62,781.82,780.00,781.82,0.62,0.33,0.25,1
622229.50,1280539.62,781.83,780.00,781.83,0.61,0.33,0.25,1
622321.75,1280539.62,782.84,781.00,782.84,0.61,0.32,0.24,1
622414.06,1280539.62,781.84,780.00,781.84,0.61,0.33,0.24,1
622506.31,1280539.62,784.83,783.00,784.83,0.61,0.33,0.25,1
622598.62,1280539.62,794.82,793.00,794.82,0.61,0.32,0.24,1
622690.88,1280539.62,821.81,820.00,821.81,0.60,0.32,0.23,1
622783.19,1280539.62,853.74,852.00,853.74,0.60,0.31,0.23,1
622875.44,1280539.62,881.63,880.00,881.63,0.59,0.31,0.23,1
622967.69,1280539.62,906.60,905.00,906.60,0.59,0.31,0.23,1
623060.00,1280539.62,919.58,918.00,919.58,0.59,0.32,0.24,1
623152.25,1280539.62,920.57,919.00,920.57,0.59,0.32,0.24,1
623244.56,1280539.62,919.56,918.00,919.56,0.60,0.32,0.24,1
623336.81,1280539.62,914.55,913.00,914.55,0.62,0.34,0.26,1
623429.12,1280539.62,901.55,900.00,901.55,0.64,0.36,0.28,1
623521.38,1280539.62,882.55,881.00,882.55,0.64,0.37,0.29,1
623613.69,1280539.62,865.56,864.00,865.56,0.64,0.36,0.28,1
623705.94,1280539.62,854.57,853.00,854.57,0.63,0.35,0.27,1
623798.19,1280539.62,849.59,848.00,849.59,0.63,0.35,0.27,1
623890.50,1280539.62,842.63,841.00,842.63,0.63,0.35,0.27,1
623982.75,1280539.62,840.66,839.00,840.66,0.62,0.34,0.26,1
624075.06,1280539.62,849.67,848.00,849.67,0.62,0.34,0.26,1
624167.31,1280539.62,853.68,852.00,853.68,0.62,0.34,0.26,1
624259.62,1280539.62,850.68,849.00,850.68,0.61,0.33,0.25,1
624351.88,1280539.62,848.68,847.00,848.68,0.61,0.33,0.25,1
624444.19,1280539.62,844.68,843.00,844.68,0.63,0.35,0.27,1
624536.44,1280539.62,834.67,833.00,834.67,0.64,0.36,0.28,1
624628.69,1280539.62,817.66,816.00,817.66,0.63,0.35,0.27,1
624721.00,1280539.62,803.64,802.00,803.64,0.63,0.35,0.27,1
624813.25,1280539.62,801.61,800.00,801.61,0.64,0.36,0.28,1
624905.56,1280539.62,798.55,797.00,798.55,0.64,0.37,0.29,1
624997.81,1280539.62,794.48,793.00,794.48,0.63,0.36,0.28,1
625090.12,1280539.62,799.38,798.00,799.38,0.60,0.33,0.25,1
625182.38,1280539.62,816.29,815.00,816.29,0.58,0.31,0.24,1
625274.69,1280539.62,830.22,829.00,830.22,0.58,0.31,0.24,1
625366.94,1280539.62,846.03,844.96,846.03,0.58,0.32,0.25,1
625459.19,1280539.62,-9999.00,-9999.00,-9999.00,0.71,0.71,0.71,0
614385.88,1280447.38,-9999.00,-9999.00,-9999.00,0.71,0.71,0.71,0
614478.12,1280447.38,759.09,758.00,759.09,0.31,0.06,-0.02,1
614570.44,1280447.38,760.13,759.00,760.13,0.62,0.36,0.29,1
614662.69,1280447.38,760.14,759.00,760.14,0.62,0.36,0.28,1
614755.00,1280447.38,765.19,764.00,765.19,0.61,0.35,0.28,1
614847.25,1280447.38,774.29,773.00,774.29,0.61,0.34,0.26,1
614939.56,1280447.38,781.40,780.00,781.40,0.60,0.33,0.25,1
615031.81,1280447.38,784.49,783.00,784.49,0.59,0.32,0.24,1
615124.12,1280447.38,796.54,795.00,796.54,0.60,0.32,0.24,1
615216.38,1280447.38,806.57,805.00,806.57,0.61,0.33,0.26,1
615308.62,1280447.38,802.58,801.00,802.58,0.63,0.35,0.27,1
615400.94,1280447.38,787.59,786.00,787.59,0.63,0.35,0.27,1
615493.19,1280447.38,785.59,784.00,785.59,0.61,0.33,0.26,1
615585.50,1280447.38,785.58,784.00,785.58,0.61,0.33,0.25,1
615677.75,1280447.38,789.57,788.00,789.57,0.61,0.33,0.25,1
615770.06,1280447.38,794.56,793.00,794.56,0.61,0.33,0.25,1
615862.31,1280447.38,790.55,789.00,790.55,0.61,0.33,0.25,1
615954.62,1280447.38,802.55,801.00,802.55,0.60,0.33,0.25,1
616046.88,1280447.38,814.55,813.00,814.55,0.62,0.34,0.26,1
616139.12,1280447.38,806.55,805.00,806.55,0.63,0.35,0.27,1
616231.44,1280447.38,804.56,803.00,804.56,0.61,0.33,0.25,1
616323.69,1280447.38,813.56,812.00,813.56,0.60,0.33,0.25,1
616416.00,1280447.38,812.57,811.00,812.57,0.60,0.32,0.24,1
616508.25,1280447.38,826.57,825.00,826.57,0.59,0.31,0.24,1
616600.56,1280447.38,843.58,842.00,843.58,0.60,0.32,0.24,1
616692.81,1280447.38,860.58,859.00,860.58,0.61,0.33,0.26,1
616785.12,1280447.38,861.58,860.00,861.58,0.63,0.35,0.27,1
616877.38,1280447.38,850.59,849.00,850.59,0.64,0.37,0.29,1
616969.62,1280447.38,807.60,806.00,807.60,0.66,0.38,0.30,1
617061.94,1280447.38,791.61,790.00,791.61,0.65,0.37,0.29,1
617154.19,1280447.38,783.62,782.00,783.62,0.64,0.36,0.28,1
617246.50,1280447.38,785.63,784.00,785.63,0.64,0.36,0.28,1
617338.75,1280447.38,788.64,787.00,788.64,0.64,0.36,0.28,1
617431.06,1280447.38,780.65,779.00,780.65,0.64,0.36,0.28,1
617523.31,1280447.38,773.65,772.00,773.65,0.64,0.36,0.28,1
617615.62,1280447.38,770.64,769.00,770.64,0.64,0.36,0.28,1
617707.88,1280447.38,764.64,763.00,764.64,0.63,0.35,0.27,1
617800.12,1280447.38,761.63,760.00,761.63,0.63,0.35,0.27,1
617892.44,1280447.38,763.62,762.00,763.62,0.63,0.36,0.28,1
617984.69,1280447.38,763.62,762.00,763.62,0.64,0.36,0.28,1
618077.00,1280447.38,765.63,764.00,765.63,0.64,0.36,0.28,1
618169.25,1280447.38,763.64,762.00,763.64,0.64,0.36,0.28,1
618261.56,1280447.38,762.66,761.00,762.66,0.63,0.35,0.27,1
618353.81,1280447.38,761.67,760.00,761.67,0.64,0.36,0.28,1
618446.12,1280447.38,756.68,755.00,756.68,0.64,0.35,0.27,1
618538.38,1280447.38,752.68,751.00,752.68,0.62,0.34,0.26,1
618630.62,1280447.38,753.69,752.00,753.69,0.62,0.34,0.25,1
618722.94,1280447.38,760.69,759.00,760.69,0.61,0.33,0.25,1
618815.19,1280447.38,763.70,762.00,763.70,0.62,0.34,0.26,1
618907.50,1280447.38,762.70,761.00,762.70,0.63,0.35,0.27,1
618999.75,1280447.38,758.70,757.00,758.70,0.63,0.35,0.27,1
619092.06,1280447.38,754.70,753.00,754.70,0.62,0.34,0.26,1
619184.31,1280447.38,754.70,753.00,754.70,0.61,0.33,0.25,1
619276.62,1280447.38,765.70,764.00,765.70,0.60,0.32,0.24,1
619368.88,1280447.38,782.70,781.00,782.70,0.59,0.31,0.23,1
619461.19,1280447.38,805.70,804.00,805.70,0.59,0.31,0.23,1
619553.44,1280447.38,816.69,815.00,816.69,0.61,0.33,0.25,1
619645.69,1280447.38,809.69,808.00,809.69,0.63,0.34,0.26,1
619738.00,1280447.38,793.69,792.00,793.69,0.63,0.35,0.27,1
619830.25,1280447.38,804.68,803.00,804.68,0.62,0.34,0.26,1
619922.56,1280447.38,809.68,808.00,809.68,0.62,0.34,0.26,1
620014.81,1280447.38,797.67,796.00,797.67,0.63,0.35,0.27,1
620107.12,1280447.38,786.66,785.00,786.66,0.64,0.35,0.27,1
620199.38,1280447.38,788.66,787.00,788.66,0.64,0.36,0.28,1
620291.69,1280447.38,775.65,774.00,775.65,0.64,0.36,0.28,1
620383.94,1280447.38,768.65,767.00,768.65,0.63,0.35,0.27,1
620476.19,1280447.38,769.66,768.00,769.66,0.63,0.35,0.27,1
620568.50,1280447.38,766.66,765.00,766.66,0.63,0.35,0.27,1
620660.75,1280447.38,758.67,757.00,758.67,0.62,0.34,0.26,1
620753.06,1280447.38,759.68,758.00,759.68,0.62,0.34,0.26,1
620845.31,1280447.38,759.70,758.00,759.70,0.62,0.34,0.25,1
620937.62,1280447.38,763.71,762.00,763.71,0.62,0.33,0.25,1
621029.88,1280447.38,766.72,765.00,766.72,0.61,0.33,0.25,1
621122.19,1280447.38,768.72,767.00,768.72,0.61,0.33,0.25,1
621214.44,1280447.38,767.72,766.00,767.72,0.62,0.33,0.25,1
621306.69,1280447.38,767.72,766.00,767.72,0.62,0.33,0.25,1
621399.00,1280447.38,771.72,770.00,771.72,0.61,0.33,0.25,1
621491.25,1280447.38,773.72,772.00,773.72,0.62,0.33,0.25,1
621583.56,1280447.38,772.72,771.00,772.72,0.62,0.33,0.25,1
621675.81,1280447.38,775.72,774.00,775.72,0.62,0.34,0.26,1
621768.12,1280447.38,778.72,777.00,778.72,0.62,0.34,0.26,1
621860.38,1280447.38,780.72,779.00,780.72,0.62,0.34,0.26,1
621952.69,1280447.38,781.73,780.00,781.73,0.62,0.33,0.25,1
622044.94,1280447.38,779.74,778.00,779.74,0.62,0.34,0.25,1
622137.19,1280447.38,776.76,775.00,776.76,0.62,0.33,0.25,1
622229.50,1280447.38,776.76,775.00,776.76,0.62,0.34,0.26,1
622321.75,1280447.38,774.76,773.00,774.76,0.62,0.34,0.26,1
622414.06,1280447.38,779.76,778.00,779.76,0.61,0.33,0.25,1
622506.31,1280447.38,794.75,793.00,794.75,0.61,0.32,0.24,1
622598.62,1280447.38,818.73,817.00,818.73,0.60,0.32,0.24,1
622690.88,1280447.38,845.70,844.00,845.70,0.60,0.31,0.23,1
622783.19,1280447.38,866.68,865.00,866.68,0.60,0.31,0.23,1
622875.44,1280447.38,874.65,873.00,874.65,0.59,0.31,0.23,1
622967.69,1280447.38,884.63,883.00,884.63,0.58,0.30,0.22,1
623060.00,1280447.38,890.62,889.00,890.62,0.58,0.30,0.22,1
623152.25,1280447.38,890.61,889.00,890.61,0.58,0.30,0.22,1
623244.56,1280447.38,891.61,890.00,891.61,0.58,0.30,0.22,1
623336.81,1280447.38,898.60,897.00,898.60,0.59,0.31,0.23,1
623429.12,1280447.38,897.60,896.00,897.60,0.62,0.34,0.26,1
623521.38,1280447.38,883.60,882.00,883.60,0.63,0.35,0.27,1
623613.69,1280447.38,869.60,868.00,869.60,0.63,0.35,0.27,1
623705.94,1280447.38,861.61,860.00,861.61,0.63,0.35,0.27,1
623798.19,1280447.38,855.62,854.00,855.62,0.63,0.35,0.27,1
623890.50,1280447.38,847.64,846.00,847.64,0.63,0.35,0.27,1
623982.75,1280447.38,847.66,846.00,847.66,0.63,0.34,0.26,1
624075.06,1280447.38,853.68,852.00,853.68,0.62,0.34,0.26,1
624167.31,1280447.38,849.68,848.00,849.68,0.63,0.34,0.26,1
624259.62,1280447.38,837.69,836.00,837.69,0.62,0.34,0.26,1
624351.88,1280447.38,831.69,830.00,831.69,0.61,0.32,0.24,1
624444.19,1280447.38,832.68,831.00,832.68,0.60,0.32,0.24,1
624536.44,1280447.38,826.68,825.00,826.68,0.61,0.33,0.25,1
624628.69,1280447.38,810.66,809.00,810.66,0.62,0.34,0.26,1
624721.00,1280447.38,806.64,805.00,806.64,0.62,0.34,0.26,1
624813.25,1280447.38,815.61,814.00,815.61,0.63,0.35,0.27,1
624905.56,1280447.38,819.55,818.00,819.55,0.64,0.36,0.28,1
624997.81,1280447.38,809.48,808.00,809.48,0.64,0.37,0.29,1
625090.12,1280447.38,797.39,796.00,797.39,0.63,0.36,0.28,1
625182.38,1280447.38,800.31,799.00,800.31,0.61,0.34,0.27,1
625274.69,1280447.38,808.26,807.00,808.26,0.59,0.32,0.25,1
625366.94,1280447.38,835.73,834.64,835.73,0.58,0.32,0.24,1
625459.19,1280447.38,-9999.00,-9999.00,-9999.00,0.71,0.71,0.71,0
614385.88,1280355.00,-9999.00,-9999.00,-9999.00,0.71,0.71,0.71,0
614478.12,1280355.00,762.08,761.00,762.08,0.31,0.06,-0.02,1
614570.44,1280355.00,760.10,759.00,760.10,0.63,0.37,0.30,1
614662.69,1280355.00,763.14,762.00,763.14,0.63,0.37,0.29,1
614755.00,1280355.00,770.19,769.00,770.19,0.63,0.37,0.29,1
614847.25,1280355.00,775.28,774.00,775.28,0.63,0.37,0.29,1
614939.56,1280355.00,774.39,773.00,774.39,0.63,0.36,0.28,1
615031.81,1280355.00,774.47,773.00,774.47,0.61,0.34,0.26,1
615124.12,1280355.00,789.53,788.00,789.53,0.60,0.32,0.24,1
615216.38,1280355.00,798.56,797.00,798.56,0.60,0.33,0.25,1
615308.62,1280355.00,796.57,795.00,796.57,0.62,0.34,0.26,1
615400.94,1280355.00,784.58,783.00,784.58,0.63,0.35,0.27,1
615493.19,1280355.00,776.58,775.00,776.58,0.62,0.34,0.26,1
615585.50,1280355.00,775.58,774.00,775.58,0.61,0.34,0.26,1
615677.75,1280355.00,779.58,778.00,779.58,0.61,0.33,0.25,1
615770.06,1280355.00,782.57,781.00,782.57,0.61,0.33,0.25,1
615862.31,1280355.00,784.57,783.00,784.57,0.61,0.34,0.26,1
615954.62,1280355.00,795.57,794.00,795.57,0.61,0.33,0.25,1
616046.88,1280355.00,806.57,805.00,806.57,0.61,0.33,0.26,1
616139.12,1280355.00,802.57,801.00,802.57,0.63,0.35,0.27,1
616231.44,1280355.00,799.57,798.00,799.57,0.62,0.35,0.27,1
616323.69,1280355.00,802.57,801.00,802.57,0.62,0.34,0.26,1
616416.00,1280355.00,801.58,800.00,801.58,0.60,0.33,0.25,1
616508.25,1280355.00,818.58,817.00,818.58,0.59,0.31,0.23,1
616600.56,1280355.00,831.58,830.00,831.58,0.58,0.31,0.23,1
616692.81,1280355.00,848.59,847.00,848.59,0.59,0.31,0.23,1
616785.12,1280355.00,852.59,851.00,852.59,0.61,0.33,0.25,1
616877.38,1280355.00,841.59,840.00,841.59,0.62,0.34,0.26,1
616969.62,1280355.00,833.59,832.00,833.59,0.65,0.37,0.29,1
617061.94,1280355.00,822.60,821.00,822.60,0.65,0.37,0.29,1
617154.19,1280355.00,813.60,812.00,813.60,0.65,0.37,0.29,1
617246.50,1280355.00,814.61,813.00,814.61,0.64,0.36,0.28,1
617338.75,1280355.00,817.62,816.00,817.62,0.64,0.36,0.28,1
617431.06,1280355.00,810.63,809.00,810.63,0.65,0.37,0.29,1
617523.31,1280355.00,800.63,799.00,800.63,0.65,0.37,0.29,1
617615.62,1280355.00,793.62,792.00,793.62,0.65,0.37,0.29,1
617707.88,1280355.00,776.62,775.00,776.62,0.64,0.36,0.28,1
617800.12,1280355.00,780.62,779.00,780.62,0.63,0.36,0.28,1
617892.44,1280355.00,788.60,787.00,788.60,0.64,0.36,0.28,1
617984.69,1280355.00,792.61,791.00,792.61,0.64,0.36,0.28,1
618077.00,1280355.00,799.61,798.00,799.61,0.65,0.37,0.29,1
618169.25,1280355.00,793.64,792.00,793.64,0.65,0.37,0.29,1
618261.56,1280355.00,784.67,783.00,784.67,0.65,0.37,0.29,1
618353.81,1280355.00,783.67,782.00,783.67,0.65,0.37,0.29,1
618446.12,1280355.00,774.67,773.00,774.67,0.65,0.37,0.29,1
618538.38,1280355.00,759.68,758.00,759.68,0.64,0.36,0.28,1
618630.62,1280355.00,755.69,754.00,755.69,0.63,0.34,0.26,1
618722.94,1280355.00,756.69,755.00,756.69,0.62,0.33,0.25,1
618815.19,1280355.00,763.69,762.00,763.69,0.62,0.34,0.26,1
618907.50,1280355.00,770.70,769.00,770.70,0.63,0.35,0.27,1
618999.75,1280355.00,768.70,767.00,768.70,0.64,0.36,0.28,1
619092.06,1280355.00,754.70,753.00,754.70,0.63,0.35,0.27,1
619184.31,1280355.00,754.70,753.00,754.70,0.61,0.33,0.25,1
619276.62,1280355.00,766.69,765.00,766.69,0.61,0.33,0.24,1
619368.88,1280355.00,777.69,776.00,777.69,0.60,0.32,0.24,1
619461.19,1280355.00,790.70,789.00,790.70,0.59,0.31,0.23,1
619553.44,1280355.00,802.70,801.00,802.70,0.60,0.32,0.24,1
619645.69,1280355.00,798.69,797.00,798.69,0.61,0.33,0.24,1
619738.00,1280355.00,794.69,793.00,794.69,0.61,0.33,0.25,1
619830.25,1280355.00,800.69,799.00,800.69,0.61,0.33,0.25,1
619922.56,1280355.00,801.69,800.00,801.69,0.61,0.33,0.25,1
620014.81,1280355.00,795.68,794.00,795.68,0.62,0.34,0.26,1
620107.12,1280355.00,796.67,795.00,796.67,0.63,0.35,0.26,1
620199.38,1280355.00,797.67,796.00,797.67,0.63,0.35,0.27,1
620291.69,1280355.00,780.67,779.00,780.67,0.64,0.35,0.27,1
620383.94,1280355.00,777.67,776.00,777.67,0.63,0.35,0.27,1
620476.19,1280355.00,779.67,778.00,779.67,0.63,0.35,0.27,1
620568.50,1280355.00,770.67,769.00,770.67,0.63,0.35,0.27,1
620660.75,1280355.00,759.67,758.00,759.67,0.63,0.35,0.27,1
620753.06,1280355.00,757.68,756.00,757.68,0.62,0.34,0.26,1
620845.31,1280355.00,758.69,757.00,758.69,0.62,0.34,0.26,1
620937.62,1280355.00,760.70,759.00,760.70,0.62,0.34,0.26,1
621029.88,1280355.00,760.70,759.00,760.70,0.62,0.34,0.25,1
621122.19,1280355.00,760.71,759.00,760.71,0.62,0.33,0.25,1
621214.44,1280355.00,761.71,760.00,761.71,0.61,0.33,0.25,1
621306.69,1280355.00,767.71,766.00,767.71,0.61,0.33,0.25,1
621399.00,1280355.00,771.71,770.00,771.71,0.62,0.33,0.25,1
621491.25,1280355.00,771.71,770.00,771.71,0.62,0.34,0.26,1
621583.56,1280355.00,771.71,770.00,771.71,0.61,0.33,0.25,1
621675.81,1280355.00,779.71,778.00,779.71,0.61,0.33,0.25,1
621768.12,1280355.00,782.71,781.00,782.71,0.62,0.34,0.26,1
621860.38,1280355.00,781.71,780.00,781.71,0.62,0.34,0.26,1
621952.69,1280355.00,779.71,778.00,779.71,0.62,0.34,0.26,1
622044.94,1280355.00,775.72,774.00,775.72,0.62,0.34,0.25,1
622137.19,1280355.00,776.72,775.00,776.72,0.62,0.33,0.25,1
622229.50,1280355.00,784.73,783.00,784.73,0.62,0.34,0.25,1
622321.75,1280355.00,787.73,786.00,787.73,0.62,0.34,0.26,1
622414.06,1280355.00,791.73,790.00,791.73,0.61,0.33,0.25,1
622506.31,1280355.00,808.72,807.00,808.72,0.60,0.32,0.24,1
622598.62,1280355.00,824.70,823.00,824.70,0.60,0.32,0.24,1
622690.88,1280355.00,832.69,831.00,832.69,0.59,0.31,0.23,1
622783.19,1280355.00,839.68,838.00,839.68,0.58,0.30,0.22,1
622875.44,1280355.00,846.67,845.00,846.67,0.58,0.30,0.22,1
622967.69,1280355.00,853.66,852.00,853.66,0.58,0.30,0.22,1
623060.00,1280355.00,855.65,854.00,855.65,0.58,0.30,0.22,1
623152.25,1280355.00,854.64,853.00,854.64,0.59,0.31,0.23,1
623244.56,1280355.00,859.64,858.00,859.64,0.59,0.31,0.23,1
623336.81,1280355.00,873.64,872.00,873.64,0.59,0.31,0.23,1
623429.12,1280355.00,877.64,876.00,877.64,0.61,0.33,0.25,1
623521.38,1280355.00,868.64,867.00,868.64,0.61,0.33,0.25,1
623613.69,1280355.00,860.64,859.00,860.64,0.61,0.33,0.25,1
623705.94,1280355.00,860.65,859.00,860.65,0.61,0.33,0.25,1
623798.19,1280355.00,854.65,853.00,854.65,0.62,0.34,0.26,1
623890.50,1280355.00,850.66,849.00,850.66,0.62,0.34,0.26,1
623982.75,1280355.00,856.67,855.00,856.67,0.63,0.35,0.27,1
624075.06,1280355.00,857.68,856.00,857.68,0.63,0.35,0.27,1
624167.31,1280355.00,849.69,848.00,849.69,0.63,0.35,0.27,1
624259.62,1280355.00,833.69,832.00,833.69,0.63,0.35,0.27,1
624351.88,1280355.00,818.69,817.00,818.69,0.63,0.35,0.27,1
624444.19,1280355.00,811.69,810.00,811.69,0.62,0.34,0.26,1
624536.44,1280355.00,805.68,804.00,805.68,0.62,0.34,0.26,1
624628.69,1280355.00,805.67,804.00,805.67,0.62,0.34,0.26,1
624721.00,1280355.00,814.64,813.00,814.64,0.62,0.34,0.26,1
624813.25,1280355.00,826.60,825.00,826.60,0.62,0.34,0.26,1
624905.56,1280355.00,827.55,826.00,827.55,0.63,0.35,0.27,1
624997.81,1280355.00,813.48,812.00,813.48,0.63,0.36,0.28,1
625090.12,1280355.00,802.39,801.00,802.39,0.63,0.36,0.29,1
625182.38,1280355.00,807.31,806.00,807.31,0.63,0.36,0.29,1
625274.69,1280355.00,814.26,813.00,814.26,0.63,0.36,0.28,1
625366.94,1280355.00,829.91,828.82,829.91,0.58,0.32,0.24,1
625459.19,1280355.00,-9999.00,-9999.00,-9999.00,0.71,0.71,0.71,0
614385.88,1280262.75,-9999.00,-9999.00,-9999.00,0.71,0.71,0.71,0
614478.12,1280262.75,771.07,770.00,771.07,0.31,0.05,-0.02,1
614570.44,1280262.75,769.05,768.00,769.05,0.64,0.38,0.31,1
614662.69,1280262.75,772.10,771.00,772.10,0.63,0.37,0.30,1
614755.00,1280262.75,786.17,785.00,786.17,0.63,0.36,0.29,1
614847.25,1280262.75,793.28,792.00,793.28,0.64,0.37,0.29,1
614939.56,1280262.75,792.38,791.00,792.38,0.65,0.38,0.30,1
615031.81,1280262.75,779.45,778.00,779.45,0.64,0.36,0.29,1
615124.12,1280262.75,781.51,780.00,781.51,0.61,0.34,0.26,1
615216.38,1280262.75,784.54,783.00,784.54,0.61,0.33,0.25,1
615308.62,1280262.75,785.56,784.00,785.56,0.62,0.34,0.26,1
615400.94,1280262.75,781.57,780.00,781.57,0.63,0.35,0.27,1
615493.19,1280262.75,775.58,774.00,775.58,0.63,0.35,0.27,1
615585.50,1280262.75,775.58,774.00,775.58,0.63,0.35,0.27,1
615677.75,1280262.75,775.58,774.00,775.58,0.62,0.34,0.26,1
615770.06,1280262.75,779.58,778.00,779.58,0.61,0.33,0.26,1
615862.31,1280262.75,791.58,790.00,791.58,0.62,0.34,0.26,1
615954.62,1280262.75,798.58,797.00,798.58,0.62,0.34,0.26,1
616046.88,1280262.75,805.58,804.00,805.58,0.62,0.34,0.26,1
616139.12,1280262.75,805.58,804.00,805.58,0.62,0.34,0.26,1
616231.44,1280262.75,809.58,808.00,809.58,0.63,0.35,0.27,1
616323.69,1280262.75,804.58,803.00,804.58,0.63,0.35,0.27,1
616416.00,1280262.75,796.58,795.00,796.58,0.62,0.34,0.26,1
616508.25,1280262.75,806.58,805.00,806.58,0.60,0.32,0.24,1
616600.56,1280262.75,811.59,810.00,811.59,0.59,0.31,0.23,1
616692.81,1280262.75,826.59,825.00,826.59,0.59,0.31,0.23,1
616785.12,1280262.75,831.59,830.00,831.59,0.60,0.32,0.24,1
616877.38,1280262.75,826.59,825.00,826.59,0.60,0.32,0.24,1
616969.62,1280262.75,836.59,835.00,836.59,0.61,0.34,0.26,1
617061.94,1280262.75,833.59,832.00,833.59,0.63,0.35,0.27,1
617154.19,1280262.75,828.60,827.00,828.60,0.63,0.35,0.27,1
617246.50,1280262.75,826.61,825.00,826.61,0.62,0.34,0.26,1
617338.75,1280262.75,830.61,829.00,830.61,0.62,0.34,0.27,1
617431.06,1280262.75,828.61,827.00,828.61,0.63,0.35,0.27,1
617523.31,1280262.75,826.61,825.00,826.61,0.64,0.36,0.28,1
617615.62,1280262.75,812.61,811.00,812.61,0.65,0.37,0.29,1
617707.88,1280262.75,798.61,797.00,798.61,0.64,0.36,0.28,1
617800.12,1280262.75,807.61,806.00,807.61,0.63,0.35,0.27,1
617892.44,1280262.75,814.59,813.00,814.59,0.63,0.35,0.27,1
617984.69,1280262.75,821.59,820.00,821.59,0.62,0.34,0.26,1
618077.00,1280262.75,836.59,835.00,836.59,0.63,0.35,0.27,1
618169.25,1280262.75,832.59,831.00,832.59,0.65,0.37,0.29,1
618261.56,1280262.75,823.61,822.00,823.61,0.65,0.38,0.30,1
618353.81,1280262.75,815.63,814.00,815.63,0.66,0.38,0.30,1
618446.12,1280262.75,795.66,794.00,795.66,0.66,0.38,0.30,1
618538.38,1280262.75,779.68,778.00,779.68,0.65,0.37,0.29,1
618630.62,1280262.75,760.69,759.00,760.69,0.63,0.35,0.27,1
618722.94,1280262.75,758.69,757.00,758.69,0.61,0.33,0.25,1
618815.19,1280262.75,776.69,775.00,776.69,0.62,0.33,0.25,1
618907.50,1280262.75,784.70,783.00,784.70,0.63,0.35,0.27,1
618999.75,1280262.75,778.70,777.00,778.70,0.64,0.36,0.27,1
619092.06,1280262.75,759.70,758.00,759.70,0.64,0.35,0.27,1
619184.31,1280262.75,755.70,754.00,755.70,0.62,0.34,0.26,1
619276.62,1280262.75,764.69,763.00,764.69,0.61,0.33,0.25,1
619368.88,1280262.75,765.69,764.00,765.69,0.60,0.32,0.24,1
619461.19,1280262.75,775.69,774.00,775.69,0.60,0.32,0.24,1
619553.44,1280262.75,785.69,784.00,785.69,0.60,0.32,0.24,1
619645.69,1280262.75,778.69,777.00,778.69,0.60,0.32,0.24,1
619738.00,1280262.75,779.69,778.00,779.69,0.60,0.32,0.24,1
619830.25,1280262.75,788.69,787.00,788.69,0.60,0.32,0.24,1
619922.56,1280262.75,784.69,783.00,784.69,0.60,0.32,0.24,1
620014.81,1280262.75,789.69,788.00,789.69,0.61,0.33,0.25,1
620107.12,1280262.75,799.69,798.00,799.69,0.62,0.34,0.26,1
620199.38,1280262.75,797.68,796.00,797.68,0.63,0.35,0.27,1
620291.69,1280262.75,785.68,784.00,785.68,0.63,0.35,0.27,1
620383.94,1280262.75,783.68,782.00,783.68,0.63,0.34,0.26,1
620476.19,1280262.75,778.68,777.00,778.68,0.63,0.35,0.27,1
620568.50,1280262.75,772.68,771.00,772.68,0.64,0.35,0.27,1
620660.75,1280262.75,766.68,765.00,766.68,0.63,0.35,0.27,1
620753.06,1280262.75,763.68,762.00,763.68,0.63,0.35,0.27,1
620845.31,1280262.75,768.69,767.00,768.69,0.63,0.35,0.27,1
620937.62,1280262.75,764.69,763.00,764.69,0.63,0.35,0.27,1
621029.88,1280262.75,760.70,759.00,760.70,0.63,0.34,0.26,1
621122.19,1280262.75,761.70,760.00,761.70,0.63,0.35,0.26,1
621214.44,1280262.75,762.70,761.00,762.70,0.62,0.34,0.26,1
621306.69,1280262.75,764.70,763.00,764.70,0.62,0.33,0.25,1
621399.00,1280262.75,767.70,766.00,767.70,0.61,0.33,0.25,1
621491.25,1280262.75,769.70,768.00,769.70,0.61,0.33,0.25,1
621583.56,1280262.75,769.70,768.00,769.70,0.61,0.33,0.25,1
621675.81,1280262.75,774.70,773.00,774.70,0.61,0.33,0.24,1
621768.12,1280262.75,778.70,777.00,778.70,0.61,0.32,0.24,1
621860.38,1280262.75,781.70,780.00,781.70,0.61,0.33,0.25,1
621952.69,1280262.75,778.70,777.00,778.70,0.62,0.34,0.26,1
622044.94,1280262.75,772.71,771.00,772.71,0.62,0.34,0.26,1
622137.19,1280262.75,775.71,774.00,775.71,0.61,0.33,0.25,1
622229.50,1280262.75,783.71,782.00,783.71,0.61,0.33,0.24,1
622321.75,1280262.75,785.71,784.00,785.71,0.61,0.33,0.25,1
622414.06,1280262.75,786.71,785.00,786.71,0.61,0.33,0.24,1
622506.31,1280262.75,795.71,794.00,795.71,0.59,0.31,0.23,1
622598.62,1280262.75,805.70,804.00,805.70,0.59,0.31,0.23,1
622690.88,1280262.75,810.70,809.00,810.70,0.59,0.31,0.23,1
622783.19,1280262.75,813.69,812.00,813.69,0.59,0.30,0.22,1
622875.44,1280262.75,819.68,818.00,819.68,0.59,0.30,0.22,1
622967.69,1280262.75,824.67,823.00,824.67,0.59,0.31,0.23,1
623060.00,1280262.75,830.67,829.00,830.67,0.60,0.32,0.24,1
623152.25,1280262.75,838.66,837.00,838.66,0.61,0.33,0.25,1
623244.56,1280262.75,853.66,852.00,853.66,0.60,0.32,0.24,1
623336.81,1280262.75,865.66,864.00,865.66,0.60,0.32,0.24,1
623429.12,1280262.75,867.66,866.00,867.66,0.61,0.33,0.25,1
623521.38,1280262.75,857.67,856.00,857.67,0.61,0.33,0.25,1
623613.69,1280262.75,847.67,846.00,847.67,0.61,0.33,0.25,1
623705.94,1280262.75,843.67,842.00,843.67,0.60,0.32,0.24,1
623798.19,1280262.75,841.67,840.00,841.67,0.60,0.32,0.24,1
623890.50,1280262.75,852.68,851.00,852.68,0.61,0.32,0.24,1
623982.75,1280262.75,868.68,867.00,868.68,0.62,0.34,0.26,1
624075.06,1280262.75,863.69,862.00,863.69,0.64,0.36,0.28,1
624167.31,1280262.75,847.69,846.00,847.69,0.64,0.35,0.27,1
624259.62,1280262.75,836.69,835.00,836.69,0.64,0.35,0.27,1
624351.88,1280262.75,833.69,832.00,833.69,0.64,0.36,0.28,1
624444.19,1280262.75,825.69,824.00,825.69,0.65,0.36,0.28,1
624536.44,1280262.75,818.68,817.00,818.68,0.64,0.36,0.28,1
624628.69,1280262.75,825.67,824.00,825.67,0.63,0.35,0.27,1
624721.00,1280262.75,834.64,833.00,834.64,0.63,0.35,0.27,1
624813.25,1280262.75,832.60,831.00,832.60,0.63,0.35,0.27,1
624905.56,1280262.75,818.55,817.00,818.55,0.63,0.35,0.27,1
624997.81,1280262.75,807.48,806.00,807.48,0.63,0.36,0.28,1
625090.12,1280262.75,808.39,807.00,808.39,0.63,0.36,0.28,1
625182.38,1280262.75,822.30,821.00,822.30,0.62,0.35,0.27,1
625274.69,1280262.75,836.24,835.00,836.24,0.63,0.37,0.29,1
625366.94,1280262.75,828.58,827.52,828.58,0.58,0.32,0.25,1
625459.19,1280262.75,-9999.00,-9999.00,-9999.00,0.71,0.71,0.71,0
614385.88,1280170.50,-9999.00,-9999.00,-9999.00,0.71,0.71,0.71,0
614478.12,1280170.50,776.06,775.00,776.06,0.31,0.05,-0.02,1
614570.44,1280170.50,779.02,778.00,779.02,0.64,0.38,0.31,1
614662.69,1280170.50,784.06,783.00,784.06,0.64,0.38,0.31,1
614755.00,1280170.50,793.15,792.00,793.15,0.62,0.36,0.29,1
614847.25,1280170.50,801.27,800.00,801.27,0.62,0.35,0.28,1
614939.56,1280170.50,803.36,802.00,803.36,0.63,0.36,0.29,1
615031.81,1280170.50,789.43,788.00,789.43,0.64,0.37,0.29,1
615124.12,1280170.50,778.48,777.00,778.48,0.63,0.35,0.27,1
615216.38,1280170.50,780.52,779.00,780.52,0.61,0.34,0.26,1
615308.62,1280170.50,792.54,791.00,792.54,0.62,0.35,0.27,1
615400.94,1280170.50,792.56,791.00,792.56,0.63,0.36,0.28,1
615493.19,1280170.50,785.57,784.00,785.57,0.63,0.36,0.28,1
615585.50,1280170.50,785.58,784.00,785.58,0.63,0.35,0.27,1
615677.75,1280170.50,779.58,778.00,779.58,0.63,0.35,0.27,1
615770.06,1280170.50,784.58,783.00,784.58,0.62,0.34,0.26,1
615862.31,1280170.50,798.58,797.00,798.58,0.61,0.33,0.26,1
615954.62,1280170.50,805.58,804.00,805.58,0.62,0.34,0.26,1
616046.88,1280170.50,803.58,802.00,803.58,0.62,0.34,0.26,1
616139.12,1280170.50,803.58,802.00,803.58,0.61,0.33,0.25,1
616231.44,1280170.50,812.58,811.00,812.58,0.62,0.34,0.26,1
616323.69,1280170.50,807.58,806.00,807.58,0.63,0.35,0.27,1
616416.00,1280170.50,792.58,791.00,792.58,0.62,0.35,0.27,1
616508.25,1280170.50,794.58,793.00,794.58,0.60,0.33,0.25,1
616600.56,1280170.50,802.59,801.00,802.59,0.60,0.32,0.24,1
616692.81,1280170.50,815.59,814.00,815.59,0.60,0.32,0.24,1
616785.12,1280170.50,817.59,816.00,817.59,0.60,0.33,0.25,1
616877.38,1280170.50,814.59,813.00,814.59,0.60,0.32,0.24,1
616969.62,1280170.50,827.60,826.00,827.60,0.60,0.32,0.24,1
617061.94,1280170.50,822.59,821.00,822.59,0.62,0.34,0.26,1
617154.19,1280170.50,815.60,814.00,815.60,0.61,0.33,0.25,1
617246.50,1280170.50,817.60,816.00,817.60,0.60,0.33,0.25,1
617338.75,1280170.50,824.60,823.00,824.60,0.61,0.33,0.25,1
617431.06,1280170.50,823.59,822.00,823.59,0.61,0.34,0.26,1
617523.31,1280170.50,824.59,823.00,824.59,0.61,0.34,0.26,1
617615.62,1280170.50,822.59,821.00,822.59,0.63,0.35,0.27,1
617707.88,1280170.50,818.59,817.00,818.59,0.64,0.36,0.28,1
617800.12,1280170.50,819.59,818.00,819.59,0.63,0.35,0.27,1
617892.44,1280170.50,813.58,812.00,813.58,0.62,0.34,0.26,1
617984.69,1280170.50,814.57,813.00,814.57,0.60,0.32,0.24,1
618077.00,1280170.50,827.58,826.00,827.58,0.58,0.31,0.23,1
618169.25,1280170.50,837.58,836.00,837.58,0.60,0.32,0.24,1
618261.56,1280170.50,849.60,848.00,849.60,0.62,0.34,0.26,1
618353.81,1280170.50,846.61,845.00,846.61,0.64,0.37,0.29,1
618446.12,1280170.50,819.64,818.00,819.64,0.65,0.37,0.29,1
618538.38,1280170.50,787.67,786.00,787.67,0.65,0.37,0.29,1
618630.62,1280170.50,762.68,761.00,762.68,0.63,0.35,0.27,1
618722.94,1280170.50,762.70,761.00,762.70,0.61,0.33,0.25,1
618815.19,1280170.50,786.70,785.00,786.70,0.61,0.32,0.24,1
618907.50,1280170.50,797.70,796.00,797.70,0.63,0.35,0.27,1
618999.75,1280170.50,779.70,778.00,779.70,0.64,0.35,0.27,1
619092.06,1280170.50,761.70,760.00,761.70,0.63,0.35,0.27,1
619184.31,1280170.50,758.69,757.00,758.69,0.62,0.34,0.26,1
619276.62,1280170.50,757.69,756.00,757.69,0.61,0.33,0.25,1
619368.88,1280170.50,758.69,757.00,758.69,0.61,0.33,0.24,1
619461.19,1280170.50,771.69,770.00,771.69,0.61,0.32,0.24,1
619553.44,1280170.50,774.69,773.00,774.69,0.61,0.33,0.25,1
619645.69,1280170.50,765.69,764.00,765.69,0.61,0.33,0.25,1
619738.00,1280170.50,765.69,764.00,765.69,0.60,0.32,0.24,1
619830.25,1280170.50,770.69,769.00,770.69,0.60,0.32,0.24,1
619922.56,1280170.50,771.69,770.00,771.69,0.60,0.32,0.24,1
620014.81,1280170.50,786.69,785.00,786.69,0.60,0.32,0.24,1
620107.12,1280170.50,801.69,800.00,801.69,0.61,0.33,0.25,1
620199.38,1280170.50,800.69,799.00,800.69,0.62,0.34,0.26,1
620291.69,1280170.50,786.69,785.00,786.69,0.63,0.34,0.26,1
620383.94,1280170.50,781.69,780.00,781.69,0.62,0.34,0.26,1
620476.19,1280170.50,786.68,785.00,786.68,0.63,0.34,0.26,1
620568.50,1280170.50,787.68,786.00,787.68,0.64,0.35,0.27,1
620660.75,1280170.50,775.68,774.00,775.68,0.63,0.35,0.27,1
620753.06,1280170.50,771.68,770.00,771.68,0.63,0.34,0.26,1
620845.31,1280170.50,775.68,774.00,775.68,0.63,0.35,0.27,1
620937.62,1280170.50,770.68,769.00,770.68,0.63,0.35,0.27,1
621029.88,1280170.50,767.69,766.00,767.69,0.62,0.34,0.26,1
621122.19,1280170.50,776.69,775.00,776.69,0.63,0.35,0.27,1
621214.44,1280170.50,771.69,770.00,771.69,0.64,0.36,0.28,1
621306.69,1280170.50,762.70,761.00,762.70,0.64,0.35,0.27,1
621399.00,1280170.50,760.70,759.00,760.70,0.62,0.34,0.26,1
621491.25,1280170.50,762.70,761.00,762.70,0.61,0.33,0.25,1
621583.56,1280170.50,764.70,763.00,764.70,0.62,0.33,0.25,1
621675.81,1280170.50,764.70,763.00,764.70,0.61,0.33,0.25,1
621768.12,1280170.50,765.70,764.00,765.70,0.61,0.33,0.25,1
621860.38,1280170.50,770.70,769.00,770.70,0.61,0.32,0.24,1
621952.69,1280170.50,772.70,771.00,772.70,0.61,0.33,0.25,1
622044.94,1280170.50,770.70,769.00,770.70,0.62,0.34,0.26,1
622137.19,1280170.50,769.70,768.00,769.70,0.61,0.33,0.25,1
622229.50,1280170.50,771.70,770.00,771.70,0.61,0.32,0.24,1
622321.75,1280170.50,775.70,774.00,775.70,0.60,0.32,0.24,1
622414.06,1280170.50,778.70,777.00,778.70,0.61,0.33,0.25,1
622506.31,1280170.50,779.70,778.00,779.70,0.60,0.32,0.24,1
622598.62,1280170.50,783.70,782.00,783.70,0.60,0.32,0.24,1
622690.88,1280170.50,786.69,785.00,786.69,0.60,0.32,0.24,1
622783.19,1280170.50,789.69,788.00,789.69,0.60,0.32,0.23,1
622875.44,1280170.50,799.69,798.00,799.69,0.59,0.31,0.23,1
622967.69,1280170.50,819.68,818.00,819.68,0.59,0.31,0.23,1
623060.00,1280170.50,840.68,839.00,840.68,0.60,0.32,0.24,1
623152.25,1280170.50,852.68,851.00,852.68,0.61,0.33,0.25,1
623244.56,1280170.50,856.67,855.00,856.67,0.61,0.32,0.24,1
623336.81,1280170.50,856.68,855.00,856.68,0.60,0.32,0.24,1
623429.12,1280170.50,851.68,850.00,851.68,0.60,0.32,0.24,1
623521.38,1280170.50,839.70,838.00,839.70,0.61,0.32,0.24,1
623613.69,1280170.50,827.69,826.00,827.69,0.61,0.33,0.25,1
623705.94,1280170.50,825.69,824.00,825.69,0.61,0.33,0.25,1
623798.19,1280170.50,834.69,833.00,834.69,0.61,0.33,0.25,1
623890.50,1280170.50,852.69,851.00,852.69,0.60,0.32,0.24,1
623982.75,1280170.50,872.69,871.00,872.69,0.61,0.33,0.25,1
624075.06,1280170.50,873.69,872.00,873.69,0.63,0.35,0.27,1
624167.31,1280170.50,853.69,852.00,853.69,0.64,0.35,0.27,1
624259.62,1280170.50,848.69,847.00,848.69,0.63,0.35,0.27,1
624351.88,1280170.50,857.69,856.00,857.69,0.64,0.35,0.27,1
624444.19,1280170.50,850.69,849.00,850.69,0.65,0.37,0.28,1
624536.44,1280170.50,843.68,842.00,843.68,0.64,0.36,0.28,1
624628.69,1280170.50,846.67,845.00,846.67,0.64,0.35,0.27,1
624721.00,1280170.50,841.64,840.00,841.64,0.63,0.35,0.27,1
624813.25,1280170.50,830.60,829.00,830.60,0.63,0.36,0.28,1
624905.56,1280170.50,821.55,820.00,821.55,0.64,0.36,0.28,1
624997.81,1280170.50,823.48,822.00,823.48,0.64,0.36,0.29,1
625090.12,1280170.50,825.38,824.00,825.38,0.64,0.37,0.29,1
625182.38,1280170.50,826.28,825.00,826.28,0.63,0.36,0.28,1
625274.69,1280170.50,831.22,830.00,831.22,0.62,0.35,0.28,1
625366.94,1280170.50,827.25,826.22,827.25,0.58,0.32,0.25,1
625459.19,1280170.50,-9999.00,-9999.00,-9999.00,0.71,0.71,0.71,0
614385.88,1280078.25,-9999.00,-9999.00,-9999.00,0.71,0.71,0.71,0
614478.12,1280078.25,779.08,778.00,779.08,0.31,0.06,-0.02,1
614570.44,1280078.25,793.06,792.00,793.06,0.63,0.37,0.30,1
614662.69,1280078.25,801.06,800.00,801.06,0.64,0.38,0.31,1
614755.00,1280078.25,798.15,797.00,798.15,0.63,0.37,0.30,1
614847.25,1280078.25,796.26,795.00,796.26,0.62,0.36,0.28,1
614939.56,1280078.25,795.35,794.00,795.35,0.63,0.36,0.28,1
615031.81,1280078.25,786.42,785.00,786.42,0.64,0.36,0.29,1
615124.12,1280078.25,780.46,779.00,780.46,0.63,0.36,0.28,1
615216.38,1280078.25,785.50,784.00,785.50,0.61,0.34,0.26,1
615308.62,1280078.25,799.52,798.00,799.52,0.62,0.34,0.26,1
615400.94,1280078.25,798.55,797.00,798.55,0.63,0.35,0.27,1
615493.19,1280078.25,790.56,789.00,790.56,0.63,0.35,0.27,1
615585.50,1280078.25,787.57,786.00,787.57,0.62,0.35,0.27,1
615677.75,1280078.25,787.58,786.00,787.58,0.63,0.35,0.27,1
615770.06,1280078.25,793.58,792.00,793.58,0.62,0.34,0.27,1
615862.31,1280078.25,798.58,797.00,798.58,0.62,0.34,0.26,1
615954.62,1280078.25,801.58,800.00,801.58,0.62,0.34,0.26,1
616046.88,1280078.25,797.58,796.00,797.58,0.62,0.34,0.26,1
616139.12,1280078.25,795.58,794.00,795.58,0.61,0.33,0.25,1
616231.44,1280078.25,803.58,802.00,803.58,0.60,0.33,0.25,1
616323.69,1280078.25,801.58,800.00,801.58,0.62,0.34,0.26,1
616416.00,1280078.25,788.58,787.00,788.58,0.62,0.35,0.27,1
616508.25,1280078.25,788.58,787.00,788.58,0.61,0.33,0.26,1
616600.56,1280078.25,799.58,798.00,799.58,0.61,0.33,0.25,1
616692.81,1280078.25,807.58,806.00,807.58,0.61,0.33,0.25,1
616785.12,1280078.25,803.59,802.00,803.59,0.61,0.33,0.25,1
616877.38,1280078.25,802.59,801.00,802.59,0.60,0.32,0.24,1
616969.62,1280078.25,811.60,810.00,811.60,0.60,0.32,0.24,1
617061.94,1280078.25,812.59,811.00,812.59,0.61,0.33,0.25,1
617154.19,1280078.25,808.60,807.00,808.60,0.61,0.34,0.26,1
617246.50,1280078.25,806.59,805.00,806.59,0.61,0.33,0.25,1
617338.75,1280078.25,815.58,814.00,815.58,0.61,0.33,0.25,1
617431.06,1280078.25,815.58,814.00,815.58,0.62,0.34,0.26,1
617523.31,1280078.25,813.57,812.00,813.57,0.61,0.34,0.26,1
617615.62,1280078.25,818.57,817.00,818.57,0.62,0.34,0.26,1
617707.88,1280078.25,825.57,824.00,825.57,0.63,0.35,0.27,1
617800.12,1280078.25,824.57,823.00,824.57,0.64,0.36,0.28,1
617892.44,1280078.25,809.57,808.00,809.57,0.64,0.36,0.29,1
617984.69,1280078.25,793.57,792.00,793.57,0.62,0.34,0.26,1
618077.00,1280078.25,796.58,795.00,796.58,0.58,0.30,0.22,1
618169.25,1280078.25,809.59,808.00,809.59,0.57,0.29,0.21,1
618261.56,1280078.25,827.61,826.00,827.61,0.58,0.30,0.22,1
618353.81,1280078.25,833.61,832.00,833.61,0.60,0.32,0.24,1
618446.12,1280078.25,813.64,812.00,813.64,0.63,0.35,0.27,1
618538.38,1280078.25,786.66,785.00,786.66,0.63,0.35,0.27,1
618630.62,1280078.25,760.68,759.00,760.68,0.63,0.35,0.27,1
618722.94,1280078.25,761.70,760.00,761.70,0.60,0.32,0.24,1
618815.19,1280078.25,788.69,787.00,788.69,0.59,0.31,0.23,1
618907.50,1280078.25,797.69,796.00,797.69,0.62,0.34,0.26,1
618999.75,1280078.25,778.69,777.00,778.69,0.64,0.36,0.28,1
619092.06,1280078.25,761.69,760.00,761.69,0.63,0.35,0.27,1
619184.31,1280078.25,758.69,757.00,758.69,0.63,0.35,0.27,1
619276.62,1280078.25,753.69,752.00,753.69,0.62,0.34,0.26,1
619368.88,1280078.25,754.69,753.00,754.69,0.61,0.33,0.25,1
619461.19,1280078.25,763.69,762.00,763.69,0.61,0.33,0.25,1
619553.44,1280078.25,761.69,760.00,761.69,0.61,0.33,0.25,1
619645.69,1280078.25,758.69,757.00,758.69,0.62,0.34,0.26,1
619738.00,1280078.25,756.69,755.00,756.69,0.62,0.33,0.25,1
619830.25,1280078.25,758.69,757.00,758.69,0.61,0.33,0.25,1
619922.56,1280078.25,769.69,768.00,769.69,0.61,0.32,0.24,1
620014.81,1280078.25,783.69,782.00,783.69,0.60,0.32,0.24,1
620107.12,1280078.25,792.69,791.00,792.69,0.61,0.33,0.24,1
620199.38,1280078.25,786.69,785.00,786.69,0.61,0.33,0.25,1
620291.69,1280078.25,778.69,777.00,778.69,0.61,0.33,0.25,1
620383.94,1280078.25,782.69,781.00,782.69,0.61,0.33,0.25,1
620476.19,1280078.25,796.68,795.00,796.68,0.62,0.34,0.26,1
620568.50,1280078.25,792.67,791.00,792.67,0.63,0.35,0.27,1
620660.75,1280078.25,775.67,774.00,775.67,0.63,0.35,0.27,1
620753.06,1280078.25,774.67,773.00,774.67,0.62,0.34,0.26,1
620845.31,1280078.25,781.67,780.00,781.67,0.63,0.35,0.27,1
620937.62,1280078.25,770.68,769.00,770.68,0.63,0.35,0.27,1
621029.88,1280078.25,771.68,770.00,771.68,0.61,0.33,0.25,1
621122.19,1280078.25,786.68,785.00,786.68,0.61,0.33,0.25,1
621214.44,1280078.25,790.68,789.00,790.68,0.63,0.35,0.27,1
621306.69,1280078.25,782.69,781.00,782.69,0.64,0.36,0.28,1
621399.00,1280078.25,771.69,770.00,771.69,0.64,0.36,0.28,1
621491.25,1280078.25,762.69,761.00,762.69,0.63,0.35,0.27,1
621583.56,1280078.25,764.70,763.00,764.70,0.62,0.34,0.26,1
621675.81,1280078.25,764.70,763.00,764.70,0.63,0.34,0.26,1
621768.12,1280078.25,762.70,761.00,762.70,0.62,0.34,0.26,1
621860.38,1280078.25,762.70,761.00,762.70,0.62,0.33,0.25,1
621952.69,1280078.25,762.70,761.00,762.70,0.61,0.33,0.25,1
622044.94,1280078.25,765.70,764.00,765.70,0.62,0.33,0.25,1
622137.19,1280078.25,763.70,762.00,763.70,0.62,0.34,0.25,1
622229.50,1280078.25,764.70,763.00,764.70,0.62,0.33,0.25,1
622321.75,1280078.25,764.70,763.00,764.70,0.61,0.33,0.25,1
622414.06,1280078.25,768.70,767.00,768.70,0.61,0.33,0.25,1
622506.31,1280078.25,771.70,770.00,771.70,0.61,0.33,0.25,1
622598.62,1280078.25,776.70,775.00,776.70,0.61,0.33,0.25,1
622690.88,1280078.25,781.69,780.00,781.69,0.61,0.33,0.25,1
622783.19,1280078.25,784.69,783.00,784.69,0.61,0.33,0.24,1
622875.44,1280078.25,798.69,797.00,798.69,0.60,0.31,0.23,1
622967.69,1280078.25,817.69,816.00,817.69,0.59,0.31,0.23,1
623060.00,1280078.25,830.68,829.00,830.68,0.59,0.31,0.23,1
623152.25,1280078.25,835.68,834.00,835.68,0.59,0.31,0.23,1
623244.56,1280078.25,830.68,829.00,830.68,0.59,0.31,0.23,1
623336.81,1280078.25,821.69,820.00,821.69,0.59,0.31,0.23,1
623429.12,1280078.25,816.70,815.00,816.70,0.59,0.31,0.23,1
623521.38,1280078.25,813.70,812.00,813.70,0.60,0.32,0.24,1
623613.69,1280078.25,813.70,812.00,813.70,0.61,0.32,0.24,1
623705.94,1280078.25,827.70,826.00,827.70,0.60,0.32,0.24,1
623798.19,1280078.25,847.70,846.00,847.70,0.60,0.32,0.24,1
623890.50,1280078.25,864.69,863.00,864.69,0.60,0.32,0.24,1
623982.75,1280078.25,873.69,872.00,873.69,0.61,0.33,0.25,1
624075.06,1280078.25,869.69,868.00,869.69,0.62,0.34,0.26,1
624167.31,1280078.25,855.69,854.00,855.69,0.63,0.35,0.27,1
624259.62,1280078.25,855.69,854.00,855.69,0.62,0.33,0.25,1
624351.88,1280078.25,868.69,867.00,868.69,0.61,0.33,0.25,1
624444.19,1280078.25,870.69,869.00,870.69,0.63,0.35,0.27,1
624536.44,1280078.25,865.68,864.00,865.68,0.64,0.36,0.28,1
624628.69,1280078.25,855.67,854.00,855.67,0.64,0.36,0.28,1
624721.00,1280078.25,842.64,841.00,842.64,0.64,0.36,0.28,1
624813.25,1280078.25,837.61,836.00,837.61,0.64,0.36,0.28,1
624905.56,1280078.25,839.55,838.00,839.55,0.63,0.35,0.27,1
624997.81,1280078.25,845.47,844.00,845.47,0.63,0.36,0.28,1
625090.12,1280078.25,844.37,843.00,844.37,0.64,0.37,0.30,1
625182.38,1280078.25,829.26,828.00,829.26,0.64,0.38,0.30,1
625274.69,1280078.25,822.20,821.00,822.20,0.63,0.36,0.29,1
625366.94,1280078.25,828.09,827.08,828.09,0.58,0.32,0.25,1
625459.19,1280078.25,-9999.00,-9999.00,-9999.00,0.71,0.71,0.71,0
614385.88,1279985.88,-9999.00,-9999.00,-9999.00,0.71,0.71,0.71,0
614478.12,1279985.88,790.13,789.00,790.13,0.32,0.06,-0.01,1
614570.44,1279985.88,803.15,802.00,803.15,0.62,0.36,0.28,1
614662.69,1279985.88,805.12,804.00,805.12,0.63,0.37,0.30,1
614755.00,1279985.88,795.17,794.00,795.17,0.63,0.37,0.29,1
614847.25,1279985.88,793.27,792.00,793.27,0.62,0.36,0.28,1
614939.56,1279985.88,798.35,797.00,798.35,0.63,0.36,0.28,1
615031.81,1279985.88,795.41,794.00,795.41,0.64,0.37,0.29,1
615124.12,1279985.88,788.45,787.00,788.45,0.64,0.36,0.29,1
615216.38,1279985.88,787.48,786.00,787.48,0.62,0.34,0.26,1
615308.62,1279985.88,797.51,796.00,797.51,0.61,0.34,0.26,1
615400.94,1279985.88,798.53,797.00,798.53,0.62,0.35,0.27,1
615493.19,1279985.88,789.55,788.00,789.55,0.63,0.35,0.27,1
615585.50,1279985.88,786.56,785.00,786.56,0.62,0.34,0.26,1
615677.75,1279985.88,792.57,791.00,792.57,0.62,0.34,0.26,1
615770.06,1279985.88,798.58,797.00,798.58,0.62,0.34,0.26,1
615862.31,1279985.88,796.58,795.00,796.58,0.62,0.34,0.26,1
615954.62,1279985.88,793.58,792.00,793.58,0.62,0.34,0.26,1
616046.88,1279985.88,790.58,789.00,790.58,0.62,0.35,0.27,1
616139.12,1279985.88,787.58,786.00,787.58,0.62,0.34,0.26,1
616231.44,1279985.88,790.58,789.00,790.58,0.61,0.33,0.25,1
616323.69,1279985.88,789.57,788.00,789.57,0.61,0.34,0.26,1
616416.00,1279985.88,783.57,782.00,783.57,0.62,0.34,0.26,1
616508.25,1279985.88,790.57,789.00,790.57,0.61,0.33,0.25,1
616600.56,1279985.88,801.57,800.00,801.57,0.61,0.33,0.26,1
616692.81,1279985.88,803.58,802.00,803.58,0.62,0.34,0.26,1
616785.12,1279985.88,794.58,793.00,794.58,0.62,0.34,0.26,1
616877.38,1279985.88,788.59,787.00,788.59,0.62,0.34,0.26,1
616969.62,1279985.88,793.59,792.00,793.59,0.61,0.33,0.25,1
617061.94,1279985.88,797.59,796.00,797.59,0.61,0.33,0.25,1
617154.19,1279985.88,798.59,797.00,798.59,0.61,0.33,0.25,1
617246.50,1279985.88,802.58,801.00,802.58,0.61,0.33,0.25,1
617338.75,1279985.88,812.57,811.00,812.57,0.61,0.34,0.26,1
617431.06,1279985.88,812.56,811.00,812.56,0.62,0.34,0.27,1
617523.31,1279985.88,813.55,812.00,813.55,0.62,0.34,0.26,1
617615.62,1279985.88,824.55,823.00,824.55,0.61,0.33,0.25,1
617707.88,1279985.88,833.55,832.00,833.55,0.61,0.34,0.26,1
617800.12,1279985.88,837.54,836.00,837.54,0.63,0.35,0.28,1
617892.44,1279985.88,823.55,822.00,823.55,0.65,0.37,0.29,1
617984.69,1279985.88,796.55,795.00,796.55,0.64,0.37,0.29,1
618077.00,1279985.88,779.57,778.00,779.57,0.61,0.34,0.26,1
618169.25,1279985.88,786.59,785.00,786.59,0.59,0.31,0.23,1
618261.56,1279985.88,801.60,800.00,801.60,0.58,0.30,0.22,1
618353.81,1279985.88,804.61,803.00,804.61,0.60,0.32,0.24,1
618446.12,1279985.88,791.64,790.00,791.64,0.61,0.33,0.25,1
618538.38,1279985.88,772.66,771.00,772.66,0.62,0.34,0.26,1
618630.62,1279985.88,756.68,755.00,756.68,0.63,0.34,0.26,1
618722.94,1279985.88,757.69,756.00,757.69,0.61,0.33,0.25,1
618815.19,1279985.88,772.69,771.00,772.69,0.59,0.31,0.23,1
618907.50,1279985.88,786.69,785.00,786.69,0.61,0.33,0.25,1
618999.75,1279985.88,782.69,781.00,782.69,0.64,0.35,0.27,1
619092.06,1279985.88,766.69,765.00,766.69,0.64,0.36,0.28,1
619184.31,1279985.88,763.68,762.00,763.68,0.64,0.35,0.27,1
619276.62,1279985.88,756.68,755.00,756.68,0.63,0.35,0.27,1
619368.88,1279985.88,754.69,753.00,754.69,0.62,0.34,0.26,1
619461.19,1279985.88,758.69,757.00,758.69,0.62,0.34,0.26,1
619553.44,1279985.88,758.68,757.00,758.68,0.62,0.34,0.26,1
619645.69,1279985.88,755.69,754.00,755.69,0.62,0.34,0.26,1
619738.00,1279985.88,756.69,755.00,756.69,0.62,0.34,0.26,1
619830.25,1279985.88,760.69,759.00,760.69,0.61,0.33,0.25,1
619922.56,1279985.88,771.69,770.00,771.69,0.61,0.33,0.25,1
620014.81,1279985.88,780.69,779.00,780.69,0.61,0.33,0.25,1
620107.12,1279985.88,780.69,779.00,780.69,0.61,0.33,0.25,1
620199.38,1279985.88,772.69,771.00,772.69,0.61,0.33,0.25,1
620291.69,1279985.88,772.69,771.00,772.69,0.61,0.33,0.25,1
620383.94,1279985.88,784.69,783.00,784.69,0.61,0.33,0.25,1
620476.19,1279985.88,792.68,791.00,792.68,0.62,0.34,0.26,1
620568.50,1279985.88,789.67,788.00,789.67,0.63,0.35,0.26,1
620660.75,1279985.88,779.67,778.00,779.67,0.63,0.35,0.27,1
620753.06,1279985.88,785.67,784.00,785.67,0.62,0.34,0.26,1
620845.31,1279985.88,790.67,789.00,790.67,0.63,0.35,0.27,1
620937.62,1279985.88,776.67,775.00,776.67,0.63,0.35,0.27,1
621029.88,1279985.88,773.67,772.00,773.67,0.62,0.34,0.26,1
621122.19,1279985.88,783.67,782.00,783.67,0.61,0.33,0.25,1
621214.44,1279985.88,792.67,791.00,792.67,0.62,0.34,0.26,1
621306.69,1279985.88,791.68,790.00,791.68,0.64,0.35,0.27,1
621399.00,1279985.88,776.69,775.00,776.69,0.64,0.36,0.28,1
621491.25,1279985.88,768.69,767.00,768.69,0.63,0.35,0.27,1
621583.56,1279985.88,771.69,770.00,771.69,0.63,0.35,0.27,1
621675.81,1279985.88,772.69,771.00,772.69,0.63,0.35,0.27,1
621768.12,1279985.88,766.70,765.00,766.70,0.63,0.35,0.27,1
621860.38,1279985.88,762.70,761.00,762.70,0.62,0.34,0.26,1
621952.69,1279985.88,762.70,761.00,762.70,0.62,0.34,0.26,1
622044.94,1279985.88,763.70,762.00,763.70,0.62,0.34,0.26,1
622137.19,1279985.88,763.70,762.00,763.70,0.62,0.34,0.26,1
622229.50,1279985.88,764.70,763.00,764.70,0.62,0.34,0.26,1
622321.75,1279985.88,765.70,764.00,765.70,0.62,0.34,0.26,1
622414.06,1279985.88,767.70,766.00,767.70,0.62,0.33,0.25,1
622506.31,1279985.88,769.70,768.00,769.70,0.61,0.33,0.25,1
622598.62,1279985.88,774.70,773.00,774.70,0.61,0.33,0.25,1
622690.88,1279985.88,777.70,776.00,777.70,0.61,0.33,0.25,1
622783.19,1279985.88,781.69,780.00,781.69,0.61,0.33,0.25,1
622875.44,1279985.88,789.69,788.00,789.69,0.60,0.32,0.24,1
622967.69,1279985.88,800.69,799.00,800.69,0.59,0.31,0.23,1
623060.00,1279985.88,806.68,805.00,806.68,0.59,0.31,0.23,1
623152.25,1279985.88,803.68,802.00,803.68,0.60,0.31,0.23,1
623244.56,1279985.88,797.68,796.00,797.68,0.59,0.31,0.23,1
623336.81,1279985.88,796.70,795.00,796.70,0.60,0.32,0.24,1
623429.12,1279985.88,801.70,800.00,801.70,0.61,0.32,0.24,1
623521.38,1279985.88,807.70,806.00,807.70,0.61,0.33,0.25,1
623613.69,1279985.88,814.70,813.00,814.70,0.61,0.33,0.25,1
623705.94,1279985.88,826.70,825.00,826.70,0.60,0.32,0.24,1
623798.19,1279985.88,839.70,838.00,839.70,0.60,0.31,0.23,1
623890.50,1279985.88,848.70,847.00,848.70,0.60,0.32,0.23,1
623982.75,1279985.88,857.69,856.00,857.69,0.60,0.32,0.24,1
624075.06,1279985.88,860.69,859.00,860.69,0.62,0.34,0.26,1
624167.31,1279985.88,856.69,855.00,856.69,0.63,0.35,0.27,1
624259.62,1279985.88,853.69,852.00,853.69,0.62,0.34,0.26,1
624351.88,1279985.88,860.69,859.00,860.69,0.60,0.32,0.24,1
624444.19,1279985.88,871.69,870.00,871.69,0.61,0.33,0.24,1
624536.44,1279985.88,874.68,873.00,874.68,0.62,0.34,0.26,1
624628.69,1279985.88,871.67,870.00,871.67,0.64,0.36,0.28,1
624721.00,1279985.88,863.64,862.00,863.64,0.64,0.36,0.28,1
624813.25,1279985.88,856.60,855.00,856.60,0.64,0.36,0.28,1
624905.56,1279985.88,849.55,848.00,849.55,0.63,0.36,0.28,1
624997.81,1279985.88,847.46,846.00,847.46,0.63,0.35,0.28,1
625090.12,1279985.88,846.35,845.00,846.35,0.64,0.37,0.29,1
625182.38,1279985.88,835.24,834.00,835.24,0.65,0.38,0.31,1
625274.69,1279985.88,830.18,829.00,830.18,0.64,0.38,0.31,1
625366.94,1279985.88,831.11,830.11,831.11,0.58,0.32,0.25,1
625459.19,1279985.88,-9999.00,-9999.00,-9999.00,0.71,0.71,0.71,0
614385.88,1279893.62,-9999.00,-9999.00,-9999.00,0.71,0.71,0.71,0
614478.12,1279893.62,789.18,788.00,789.18,0.33,0.07,-0.01,1
614570.44,1279893.62,796.25,795.00,796.25,0.61,0.35,0.27,1
614662.69,1279893.62,795.21,794.00,795.21,0.62,0.35,0.28,1
614755.00,1279893.62,789.23,788.00,789.23,0.62,0.36,0.28,1
614847.25,1279893.62,794.28,793.00,794.28,0.62,0.35,0.27,1
614939.56,1279893.62,803.35,802.00,803.35,0.62,0.35,0.27,1
615031.81,1279893.62,807.41,806.00,807.41,0.63,0.36,0.28,1
615124.12,1279893.62,798.45,797.00,798.45,0.64,0.37,0.29,1
615216.38,1279893.62,786.48,785.00,786.48,0.63,0.36,0.28,1
615308.62,1279893.62,791.50,790.00,791.50,0.61,0.34,0.26,1
615400.94,1279893.62,794.52,793.00,794.52,0.62,0.34,0.26,1
615493.19,1279893.62,789.54,788.00,789.54,0.63,0.35,0.27,1
615585.50,1279893.62,787.55,786.00,787.55,0.62,0.34,0.26,1
615677.75,1279893.62,791.56,790.00,791.56,0.61,0.34,0.26,1
615770.06,1279893.62,796.57,795.00,796.57,0.62,0.34,0.26,1
615862.31,1279893.62,792.57,791.00,792.57,0.62,0.34,0.26,1
615954.62,1279893.62,791.57,790.00,791.57,0.62,0.35,0.27,1
616046.88,1279893.62,794.57,793.00,794.57,0.63,0.35,0.27,1
616139.12,1279893.62,793.56,792.00,793.56,0.64,0.36,0.28,1
616231.44,1279893.62,788.56,787.00,788.56,0.63,0.35,0.28,1
616323.69,1279893.62,783.56,782.00,783.56,0.62,0.34,0.27,1
616416.00,1279893.62,782.55,781.00,782.55,0.62,0.34,0.26,1
616508.25,1279893.62,787.56,786.00,787.56,0.61,0.33,0.25,1
616600.56,1279893.62,795.56,794.00,795.56,0.61,0.33,0.25,1
616692.81,1279893.62,794.56,793.00,794.56,0.61,0.34,0.26,1
616785.12,1279893.62,786.58,785.00,786.58,0.62,0.34,0.26,1
616877.38,1279893.62,792.59,791.00,792.59,0.62,0.34,0.26,1
616969.62,1279893.62,797.59,796.00,797.59,0.62,0.35,0.27,1
617061.94,1279893.62,794.59,793.00,794.59,0.63,0.35,0.27,1
617154.19,1279893.62,794.58,793.00,794.58,0.62,0.34,0.27,1
617246.50,1279893.62,799.57,798.00,799.57,0.62,0.34,0.26,1
617338.75,1279893.62,810.56,809.00,810.56,0.61,0.33,0.25,1
617431.06,1279893.62,816.54,815.00,816.54,0.62,0.35,0.27,1
617523.31,1279893.62,817.52,816.00,817.52,0.62,0.35,0.27,1
617615.62,1279893.62,820.52,819.00,820.52,0.61,0.34,0.26,1
617707.88,1279893.62,824.51,823.00,824.51,0.60,0.32,0.24,1
617800.12,1279893.62,831.51,830.00,831.51,0.60,0.32,0.24,1
617892.44,1279893.62,823.52,822.00,823.52,0.62,0.35,0.27,1
617984.69,1279893.62,796.52,795.00,796.52,0.64,0.36,0.28,1
618077.00,1279893.62,773.54,772.00,773.54,0.63,0.35,0.27,1
618169.25,1279893.62,774.57,773.00,774.57,0.61,0.33,0.25,1
618261.56,1279893.62,779.59,778.00,779.59,0.60,0.32,0.24,1
618353.81,1279893.62,783.61,782.00,783.61,0.60,0.32,0.24,1
618446.12,1279893.62,777.64,776.00,777.64,0.62,0.34,0.26,1
618538.38,1279893.62,762.66,761.00,762.66,0.62,0.34,0.26,1
618630.62,1279893.62,757.68,756.00,757.68,0.63,0.34,0.26,1
618722.94,1279893.62,759.69,758.00,759.69,0.62,0.34,0.26,1
618815.19,1279893.62,772.69,771.00,772.69,0.61,0.33,0.25,1
618907.50,1279893.62,787.69,786.00,787.69,0.61,0.33,0.25,1
618999.75,1279893.62,788.68,787.00,788.68,0.63,0.34,0.26,1
619092.06,1279893.62,781.68,780.00,781.68,0.63,0.35,0.27,1
619184.31,1279893.62,779.68,778.00,779.68,0.63,0.35,0.27,1
619276.62,1279893.62,762.68,761.00,762.68,0.63,0.35,0.27,1
619368.88,1279893.62,759.68,758.00,759.68,0.63,0.35,0.27,1
619461.19,1279893.62,763.68,762.00,763.68,0.63,0.35,0.27,1
619553.44,1279893.62,764.68,763.00,764.68,0.63,0.35,0.27,1
619645.69,1279893.62,754.68,753.00,754.68,0.63,0.35,0.26,1
619738.00,1279893.62,756.68,755.00,756.68,0.62,0.34,0.26,1
619830.25,1279893.62,762.68,761.00,762.68,0.62,0.34,0.26,1
619922.56,1279893.62,770.68,769.00,770.68,0.61,0.33,0.25,1
620014.81,1279893.62,778.69,777.00,778.69,0.62,0.34,0.26,1
620107.12,1279893.62,769.69,768.00,769.69,0.62,0.34,0.25,1
620199.38,1279893.62,766.69,765.00,766.69,0.62,0.33,0.25,1
620291.69,1279893.62,776.69,775.00,776.69,0.61,0.33,0.25,1
620383.94,1279893.62,790.68,789.00,790.68,0.62,0.33,0.25,1
620476.19,1279893.62,794.67,793.00,794.67,0.62,0.34,0.26,1
620568.50,1279893.62,790.66,789.00,790.66,0.63,0.35,0.27,1
620660.75,1279893.62,783.66,782.00,783.66,0.63,0.35,0.27,1
620753.06,1279893.62,792.65,791.00,792.65,0.62,0.34,0.26,1
620845.31,1279893.62,794.65,793.00,794.65,0.63,0.35,0.27,1
620937.62,1279893.62,779.66,778.00,779.66,0.63,0.35,0.27,1
621029.88,1279893.62,780.65,779.00,780.65,0.62,0.34,0.26,1
621122.19,1279893.62,796.66,795.00,796.66,0.62,0.34,0.26,1
621214.44,1279893.62,805.66,804.00,805.66,0.63,0.35,0.27,1
621306.69,1279893.62,798.67,797.00,798.67,0.64,0.36,0.28,1
621399.00,1279893.62,783.68,782.00,783.68,0.64,0.36,0.27,1
621491.25,1279893.62,776.69,775.00,776.69,0.63,0.35,0.27,1
621583.56,1279893.62,783.69,782.00,783.69,0.63,0.35,0.27,1
621675.81,1279893.62,782.69,781.00,782.69,0.63,0.35,0.27,1
621768.12,1279893.62,773.69,772.00,773.69,0.64,0.35,0.27,1
621860.38,1279893.62,765.69,764.00,765.69,0.63,0.35,0.27,1
621952.69,1279893.62,764.70,763.00,764.70,0.62,0.34,0.26,1
622044.94,1279893.62,763.70,762.00,763.70,0.62,0.34,0.26,1
622137.19,1279893.62,764.70,763.00,764.70,0.62,0.34,0.26,1
622229.50,1279893.62,763.69,762.00,763.69,0.62,0.34,0.26,1
622321.75,1279893.62,764.69,763.00,764.69,0.62,0.34,0.26,1
622414.06,1279893.62,765.70,764.00,765.70,0.62,0.34,0.26,1
622506.31,1279893.62,766.70,765.00,766.70,0.62,0.33,0.25,1
622598.62,1279893.62,769.70,768.00,769.70,0.61,0.33,0.25,1
622690.88,1279893.62,771.70,770.00,771.70,0.61,0.33,0.25,1
622783.19,1279893.62,772.70,771.00,772.70,0.61,0.33,0.25,1
622875.44,1279893.62,778.70,777.00,778.70,0.60,0.32,0.24,1
622967.69,1279893.62,784.69,783.00,784.69,0.60,0.32,0.24,1
623060.00,1279893.62,788.69,787.00,788.69,0.61,0.32,0.24,1
623152.25,1279893.62,786.69,785.00,786.69,0.61,0.33,0.25,1
623244.56,1279893.62,782.69,781.00,782.69,0.61,0.33,0.25,1
623336.81,1279893.62,787.70,786.00,787.70,0.60,0.32,0.24,1
623429.12,1279893.62,800.71,799.00,800.71,0.60,0.32,0.24,1
623521.38,1279893.62,814.71,813.00,814.71,0.61,0.33,0.25,1
623613.69,1279893.62,819.70,818.00,819.70,0.63,0.35,0.26,1
623705.94,1279893.62,818.70,817.00,818.70,0.62,0.34,0.26,1
623798.19,1279893.62,827.70,826.00,827.70,0.61,0.33,0.24,1
623890.50,1279893.62,840.70,839.00,840.70,0.60,0.32,0.24,1
623982.75,1279893.62,854.70,853.00,854.70,0.61,0.32,0.24,1
624075.06,1279893.62,863.70,862.00,863.70,0.61,0.33,0.25,1
624167.31,1279893.62,863.70,862.00,863.70,0.62,0.34,0.26,1
624259.62,1279893.62,862.69,861.00,862.69,0.63,0.35,0.27,1
624351.88,1279893.62,857.69,856.00,857.69,0.62,0.34,0.26,1
624444.19,1279893.62,859.69,858.00,859.69,0.61,0.33,0.24,1
624536.44,1279893.62,871.68,870.00,871.68,0.60,0.32,0.24,1
624628.69,1279893.62,879.66,878.00,879.66,0.62,0.34,0.26,1
624721.00,1279893.62,876.64,875.00,876.64,0.63,0.35,0.27,1
624813.25,1279893.62,866.60,865.00,866.60,0.64,0.36,0.28,1
624905.56,1279893.62,852.54,851.00,852.54,0.64,0.36,0.28,1
624997.81,1279893.62,850.45,849.00,850.45,0.63,0.35,0.28,1
625090.12,1279893.62,855.33,854.00,855.33,0.63,0.36,0.28,1
625182.38,1279893.62,851.23,850.00,851.23,0.64,0.38,0.30,1
625274.69,1279893.62,845.16,844.00,845.16,0.64,0.38,0.31,1
625366.94,1279893.62,834.12,833.14,834.12,0.57,0.32,0.25,1
625459.19,1279893.62,-9999.00,-9999.00,-9999.00,0.71,0.71,0.71,0
614385.88,1279801.38,-9999.00,-9999.00,-9999.00,0.71,0.71,0.71,0
614478.12,1279801.38,790.22,789.00,790.22,0.33,0.07,-0.01,1
614570.44,1279801.38,790.30,789.00,790.30,0.62,0.36,0.28,1
614662.69,1279801.38,787.28,786.00,787.28,0.62,0.36,0.28,1
614755.00,1279801.38,786.29,785.00,786.29,0.62,0.35,0.27,1
614847.25,1279801.38,793.31,792.00,793.31,0.61,0.34,0.27,1
614939.56,1279801.38,798.35,797.00,798.35,0.61,0.34,0.26,1
615031.81,1279801.38,802.41,801.00,802.41,0.61,0.34,0.26,1
615124.12,1279801.38,801.45,800.00,801.45,0.63,0.36,0.28,1
615216.38,1279801.38,792.48,791.00,792.48,0.64,0.36,0.28,1
615308.62,1279801.38,788.50,787.00,788.50,0.63,0.35,0.27,1
615400.94,1279801.38,790.51,789.00,790.51,0.62,0.35,0.27,1
615493.19,1279801.38,789.53,788.00,789.53,0.62,0.35,0.27,1
615585.50,1279801.38,786.54,785.00,786.54,0.62,0.34,0.27,1
615677.75,1279801.38,786.55,785.00,786.55,0.62,0.34,0.26,1
615770.06,1279801.38,789.55,788.00,789.55,0.61,0.34,0.26,1
615862.31,1279801.38,790.55,789.00,790.55,0.61,0.34,0.26,1
615954.62,1279801.38,799.55,798.00,799.55,0.62,0.34,0.26,1
616046.88,1279801.38,807.55,806.00,807.55,0.62,0.35,0.27,1
616139.12,1279801.38,808.54,807.00,808.54,0.63,0.36,0.28,1
616231.44,1279801.38,799.53,798.00,799.53,0.64,0.36,0.29,1
616323.69,1279801.38,784.52,783.00,784.52,0.63,0.36,0.28,1
616416.00,1279801.38,779.52,778.00,779.52,0.62,0.35,0.27,1
616508.25,1279801.38,780.52,779.00,780.52,0.62,0.34,0.26,1
616600.56,1279801.38,783.53,782.00,783.53,0.61,0.34,0.26,1
616692.81,1279801.38,782.54,781.00,782.54,0.61,0.34,0.26,1
616785.12,1279801.38,782.56,781.00,782.56,0.61,0.33,0.25,1
616877.38,1279801.38,791.57,790.00,791.57,0.60,0.32,0.25,1
616969.62,1279801.38,801.57,800.00,801.57,0.61,0.33,0.25,1
617061.94,1279801.38,802.57,801.00,802.57,0.62,0.34,0.26,1
617154.19,1279801.38,805.57,804.00,805.57,0.62,0.34,0.26,1
617246.50,1279801.38,808.56,807.00,808.56,0.62,0.34,0.26,1
617338.75,1279801.38,810.54,809.00,810.54,0.61,0.33,0.25,1
617431.06,1279801.38,819.51,818.00,819.51,0.61,0.33,0.25,1
617523.31,1279801.38,819.49,818.00,819.49,0.62,0.34,0.26,1
617615.62,1279801.38,817.47,816.00,817.47,0.62,0.35,0.27,1
617707.88,1279801.38,805.47,804.00,805.47,0.61,0.34,0.26,1
617800.12,1279801.38,800.47,799.00,800.47,0.59,0.32,0.24,1
617892.44,1279801.38,797.47,796.00,797.47,0.61,0.33,0.25,1
617984.69,1279801.38,780.48,779.00,780.48,0.62,0.35,0.27,1
618077.00,1279801.38,767.50,766.00,767.50,0.63,0.35,0.27,1
618169.25,1279801.38,765.53,764.00,765.53,0.62,0.35,0.27,1
618261.56,1279801.38,766.57,765.00,766.57,0.62,0.34,0.26,1
618353.81,1279801.38,768.60,767.00,768.60,0.62,0.34,0.26,1
618446.12,1279801.38,764.63,763.00,764.63,0.62,0.34,0.26,1
618538.38,1279801.38,755.65,754.00,755.65,0.62,0.34,0.26,1
618630.62,1279801.38,764.67,763.00,764.67,0.62,0.34,0.26,1
618722.94,1279801.38,770.68,769.00,770.68,0.62,0.34,0.26,1
618815.19,1279801.38,781.68,780.00,781.68,0.62,0.33,0.25,1
618907.50,1279801.38,792.68,791.00,792.68,0.62,0.34,0.26,1
618999.75,1279801.38,786.68,785.00,786.68,0.62,0.34,0.26,1
619092.06,1279801.38,779.68,778.00,779.68,0.62,0.34,0.26,1
619184.31,1279801.38,771.68,770.00,771.68,0.62,0.34,0.26,1
619276.62,1279801.38,761.67,760.00,761.67,0.62,0.34,0.26,1
619368.88,1279801.38,767.67,766.00,767.67,0.62,0.33,0.25,1
619461.19,1279801.38,779.67,778.00,779.67,0.63,0.34,0.26,1
619553.44,1279801.38,775.68,774.00,775.68,0.63,0.35,0.27,1
619645.69,1279801.38,759.68,758.00,759.68,0.63,0.35,0.27,1
619738.00,1279801.38,767.68,766.00,767.68,0.62,0.34,0.26,1
619830.25,1279801.38,779.68,778.00,779.68,0.63,0.35,0.27,1
619922.56,1279801.38,776.68,775.00,776.68,0.63,0.35,0.27,1
620014.81,1279801.38,773.69,772.00,773.69,0.62,0.34,0.26,1
620107.12,1279801.38,763.69,762.00,763.69,0.62,0.34,0.26,1
620199.38,1279801.38,769.69,768.00,769.69,0.61,0.33,0.25,1
620291.69,1279801.38,785.69,784.00,785.69,0.61,0.33,0.25,1
620383.94,1279801.38,793.68,792.00,793.68,0.61,0.33,0.25,1
620476.19,1279801.38,798.67,797.00,798.67,0.62,0.34,0.26,1
620568.50,1279801.38,799.65,798.00,799.65,0.63,0.35,0.27,1
620660.75,1279801.38,793.64,792.00,793.64,0.63,0.35,0.27,1
620753.06,1279801.38,800.63,799.00,800.63,0.62,0.34,0.26,1
620845.31,1279801.38,796.63,795.00,796.63,0.63,0.35,0.27,1
620937.62,1279801.38,784.63,783.00,784.63,0.63,0.35,0.27,1
621029.88,1279801.38,793.63,792.00,793.63,0.61,0.33,0.25,1
621122.19,1279801.38,814.64,813.00,814.64,0.62,0.34,0.26,1
621214.44,1279801.38,816.65,815.00,816.65,0.63,0.35,0.27,1
621306.69,1279801.38,804.66,803.00,804.66,0.64,0.36,0.28,1
621399.00,1279801.38,787.68,786.00,787.68,0.64,0.35,0.27,1
621491.25,1279801.38,785.69,784.00,785.69,0.63,0.35,0.27,1
621583.56,1279801.38,794.69,793.00,794.69,0.63,0.35,0.27,1
621675.81,1279801.38,789.69,788.00,789.69,0.64,0.35,0.27,1
621768.12,1279801.38,779.69,778.00,779.69,0.64,0.35,0.27,1
621860.38,1279801.38,768.69,767.00,768.69,0.63,0.35,0.27,1
621952.69,1279801.38,766.69,765.00,766.69,0.62,0.34,0.26,1
622044.94,1279801.38,767.69,766.00,767.69,0.63,0.34,0.26,1
622137.19,1279801.38,769.69,768.00,769.69,0.63,0.35,0.27,1
622229.50,1279801.38,765.69,764.00,765.69,0.63,0.35,0.27,1
622321.75,1279801.38,765.69,764.00,765.69,0.62,0.34,0.26,1
622414.06,1279801.38,765.69,764.00,765.69,0.62,0.34,0.26,1
622506.31,1279801.38,766.69,765.00,766.69,0.62,0.34,0.26,1
622598.62,1279801.38,766.69,765.00,766.69,0.62,0.34,0.26,1
622690.88,1279801.38,767.70,766.00,767.70,0.62,0.34,0.26,1
622783.19,1279801.38,768.70,767.00,768.70,0.62,0.33,0.25,1
622875.44,1279801.38,772.70,771.00,772.70,0.61,0.33,0.25,1
622967.69,1279801.38,780.70,779.00,780.70,0.61,0.33,0.25,1
623060.00,1279801.38,781.70,780.00,781.70,0.61,0.33,0.25,1
623152.25,1279801.38,777.70,776.00,777.70,0.61,0.33,0.25,1
623244.56,1279801.38,777.70,776.00,777.70,0.61,0.33,0.25,1
623336.81,1279801.38,783.70,782.00,783.70,0.61,0.33,0.24,1
623429.12,1279801.38,799.70,798.00,799.70,0.60,0.32,0.24,1
623521.38,1279801.38,817.70,816.00,817.70,0.60,0.32,0.24,1
623613.69,1279801.38,832.70,831.00,832.70,0.62,0.33,0.25,1
623705.94,1279801.38,834.70,833.00,834.70,0.62,0.34,0.26,1
623798.19,1279801.38,839.70,838.00,839.70,0.62,0.33,0.25,1
623890.50,1279801.38,847.70,846.00,847.70,0.61,0.33,0.25,1
623982.75,1279801.38,853.70,852.00,853.70,0.60,0.32,0.24,1
624075.06,1279801.38,856.70,855.00,856.70,0.61,0.32,0.24,1
624167.31,1279801.38,854.70,853.00,854.70,0.61,0.32,0.24,1
624259.62,1279801.38,861.70,860.00,861.70,0.61,0.33,0.25,1
624351.88,1279801.38,864.69,863.00,864.69,0.63,0.34,0.26,1
624444.19,1279801.38,860.69,859.00,860.69,0.62,0.34,0.26,1
624536.44,1279801.38,866.68,865.00,866.68,0.61,0.33,0.25,1
624628.69,1279801.38,873.66,872.00,873.66,0.61,0.33,0.25,1
624721.00,1279801.38,870.63,869.00,870.63,0.62,0.34,0.26,1
624813.25,1279801.38,863.59,862.00,863.59,0.63,0.35,0.27,1
624905.56,1279801.38,858.53,857.00,858.53,0.63,0.36,0.28,1
624997.81,1279801.38,856.43,855.00,856.43,0.63,0.36,0.28,1
625090.12,1279801.38,854.31,853.00,854.31,0.62,0.36,0.28,1
625182.38,1279801.38,850.21,849.00,850.21,0.63,0.37,0.29,1
625274.69,1279801.38,840.14,839.00,840.14,0.63,0.37,0.30,1
625366.94,1279801.38,831.81,830.82,831.81,0.57,0.32,0.25,1
625459.19,1279801.38,-9999.00,-9999.00,-9999.00,0.71,0.71,0.71,0
614385.88,1279709.12,-9999.00,-9999.00,-9999.00,0.71,0.71,0.71,0
614478.12,1279709.12,789.24,788.00,789.24,0.34,0.07,-0.00,1
614570.44,1279709.12,791.31,790.00,791.31,0.62,0.36,0.28,1
614662.69,1279709.12,788.31,787.00,788.31,0.63,0.36,0.29,1
614755.00,1279709.12,784.31,783.00,784.31,0.63,0.36,0.28,1
614847.25,1279709.12,786.32,785.00,786.32,0.62,0.35,0.27,1
614939.56,1279709.12,788.36,787.00,788.36,0.62,0.35,0.27,1
615031.81,1279709.12,792.41,791.00,792.41,0.61,0.34,0.26,1
615124.12,1279709.12,797.45,796.00,797.45,0.62,0.35,0.27,1
615216.38,1279709.12,797.48,796.00,797.48,0.63,0.36,0.28,1
615308.62,1279709.12,795.50,794.00,795.50,0.63,0.36,0.28,1
615400.94,1279709.12,792.51,791.00,792.51,0.63,0.35,0.28,1
615493.19,1279709.12,787.52,786.00,787.52,0.62,0.35,0.27,1
615585.50,1279709.12,783.53,782.00,783.53,0.62,0.35,0.27,1
615677.75,1279709.12,783.53,782.00,783.53,0.62,0.34,0.26,1
615770.06,1279709.12,786.53,785.00,786.53,0.62,0.34,0.26,1
615862.31,1279709.12,790.53,789.00,790.53,0.62,0.34,0.26,1
615954.62,1279709.12,800.52,799.00,800.52,0.61,0.33,0.26,1
616046.88,1279709.12,809.51,808.00,809.51,0.61,0.34,0.26,1
616139.12,1279709.12,809.49,808.00,809.49,0.62,0.35,0.27,1
616231.44,1279709.12,799.48,798.00,799.48,0.63,0.36,0.28,1
616323.69,1279709.12,785.47,784.00,785.47,0.63,0.36,0.28,1
616416.00,1279709.12,781.47,780.00,781.47,0.63,0.36,0.28,1
616508.25,1279709.12,782.48,781.00,782.48,0.63,0.36,0.28,1
616600.56,1279709.12,784.49,783.00,784.49,0.63,0.36,0.28,1
616692.81,1279709.12,779.51,778.00,779.51,0.63,0.35,0.28,1
616785.12,1279709.12,777.53,776.00,777.53,0.62,0.35,0.27,1
616877.38,1279709.12,779.55,778.00,779.55,0.61,0.33,0.25,1
616969.62,1279709.12,786.55,785.00,786.55,0.60,0.33,0.25,1
617061.94,1279709.12,790.55,789.00,790.55,0.60,0.33,0.25,1
617154.19,1279709.12,794.55,793.00,794.55,0.60,0.33,0.25,1
617246.50,1279709.12,795.54,794.00,795.54,0.60,0.33,0.25,1
617338.75,1279709.12,797.52,796.00,797.52,0.60,0.32,0.25,1
617431.06,1279709.12,801.48,800.00,801.48,0.59,0.32,0.24,1
617523.31,1279709.12,805.44,804.00,805.44,0.60,0.32,0.24,1
617615.62,1279709.12,810.42,809.00,810.42,0.62,0.34,0.27,1
617707.88,1279709.12,792.41,791.00,792.41,0.62,0.35,0.27,1
617800.12,1279709.12,779.40,778.00,779.40,0.61,0.34,0.26,1
617892.44,1279709.12,780.41,779.00,780.41,0.61,0.34,0.26,1
617984.69,1279709.12,769.42,768.00,769.42,0.62,0.35,0.27,1
618077.00,1279709.12,767.44,766.00,767.44,0.63,0.35,0.28,1
618169.25,1279709.12,772.47,771.00,772.47,0.63,0.36,0.28,1
618261.56,1279709.12,774.52,773.00,774.52,0.64,0.36,0.28,1
618353.81,1279709.12,776.57,775.00,776.57,0.64,0.36,0.28,1
618446.12,1279709.12,765.61,764.00,765.61,0.64,0.36,0.28,1
618538.38,1279709.12,758.64,757.00,758.64,0.62,0.34,0.26,1
618630.62,1279709.12,773.66,772.00,773.66,0.61,0.33,0.25,1
618722.94,1279709.12,784.67,783.00,784.67,0.62,0.34,0.26,1
618815.19,1279709.12,789.67,788.00,789.67,0.62,0.34,0.26,1
618907.50,1279709.12,791.67,790.00,791.67,0.62,0.33,0.25,1
618999.75,1279709.12,779.67,778.00,779.67,0.62,0.34,0.26,1
619092.06,1279709.12,768.67,767.00,768.67,0.62,0.34,0.26,1
619184.31,1279709.12,760.67,759.00,760.67,0.62,0.34,0.26,1
619276.62,1279709.12,760.67,759.00,760.67,0.62,0.33,0.25,1
619368.88,1279709.12,771.67,770.00,771.67,0.61,0.33,0.25,1
619461.19,1279709.12,782.67,781.00,782.67,0.62,0.34,0.26,1
619553.44,1279709.12,766.67,765.00,766.67,0.62,0.34,0.26,1
619645.69,1279709.12,762.68,761.00,762.68,0.62,0.33,0.25,1
619738.00,1279709.12,775.68,774.00,775.68,0.61,0.33,0.25,1
619830.25,1279709.12,787.68,786.00,787.68,0.61,0.33,0.25,1
619922.56,1279709.12,778.68,777.00,778.68,0.62,0.34,0.26,1
620014.81,1279709.12,770.69,769.00,770.69,0.62,0.34,0.26,1
620107.12,1279709.12,763.69,762.00,763.69,0.62,0.34,0.26,1
620199.38,1279709.12,772.68,771.00,772.68,0.61,0.33,0.25,1
620291.69,1279709.12,780.68,779.00,780.68,0.60,0.32,0.24,1
620383.94,1279709.12,786.67,785.00,786.67,0.60,0.32,0.24,1
620476.19,1279709.12,794.66,793.00,794.66,0.60,0.32,0.24,1
620568.50,1279709.12,797.64,796.00,797.64,0.62,0.34,0.26,1
620660.75,1279709.12,795.63,794.00,795.63,0.62,0.34,0.26,1
620753.06,1279709.12,799.62,798.00,799.62,0.61,0.33,0.25,1
620845.31,1279709.12,799.61,798.00,799.61,0.62,0.35,0.27,1
620937.62,1279709.12,792.61,791.00,792.61,0.63,0.35,0.27,1
621029.88,1279709.12,797.62,796.00,797.62,0.61,0.33,0.26,1
621122.19,1279709.12,813.63,812.00,813.63,0.61,0.33,0.25,1
621214.44,1279709.12,818.64,817.00,818.64,0.62,0.34,0.26,1
621306.69,1279709.12,809.65,808.00,809.65,0.63,0.35,0.27,1
621399.00,1279709.12,794.67,793.00,794.67,0.63,0.35,0.27,1
621491.25,1279709.12,804.68,803.00,804.68,0.63,0.34,0.26,1
621583.56,1279709.12,810.68,809.00,810.68,0.64,0.35,0.27,1
621675.81,1279709.12,797.69,796.00,797.69,0.64,0.36,0.28,1
621768.12,1279709.12,783.69,782.00,783.69,0.64,0.35,0.27,1
621860.38,1279709.12,770.69,769.00,770.69,0.63,0.35,0.27,1
621952.69,1279709.12,770.69,769.00,770.69,0.62,0.34,0.26,1
622044.94,1279709.12,776.69,775.00,776.69,0.62,0.34,0.26,1
622137.19,1279709.12,779.69,778.00,779.69,0.63,0.35,0.27,1
622229.50,1279709.12,773.69,772.00,773.69,0.63,0.35,0.27,1
622321.75,1279709.12,768.69,767.00,768.69,0.63,0.35,0.27,1
622414.06,1279709.12,768.69,767.00,768.69,0.63,0.34,0.26,1
622506.31,1279709.12,767.69,766.00,767.69,0.63,0.34,0.26,1
622598.62,1279709.12,766.69,765.00,766.69,0.62,0.34,0.26,1
622690.88,1279709.12,767.69,766.00,767.69,0.63,0.34,0.26,1
622783.19,1279709.12,768.70,767.00,768.70,0.63,0.34,0.26,1
622875.44,1279709.12,768.70,767.00,768.70,0.62,0.34,0.26,1
622967.69,1279709.12,771.70,770.00,771.70,0.61,0.33,0.25,1
623060.00,1279709.12,772.70,771.00,772.70,0.61,0.33,0.25,1
623152.25,1279709.12,772.70,771.00,772.70,0.62,0.33,0.25,1
623244.56,1279709.12,777.70,776.00,777.70,0.61,0.33,0.25,1
623336.81,1279709.12,786.70,785.00,786.70,0.61,0.32,0.24,1
623429.12,1279709.12,801.70,800.00,801.70,0.60,0.32,0.24,1
623521.38,1279709.12,819.70,818.00,819.70,0.60,0.31,0.23,1
623613.69,1279709.12,831.70,830.00,831.70,0.60,0.32,0.24,1
623705.94,1279709.12,833.70,832.00,833.70,0.60,0.32,0.24,1
623798.19,1279709.12,833.70,832.00,833.70,0.60,0.32,0.24,1
623890.50,1279709.12,832.70,831.00,832.70,0.60,0.32,0.24,1
623982.75,1279709.12,835.70,834.00,835.70,0.60,0.32,0.24,1
624075.06,1279709.12,839.70,838.00,839.70,0.60,0.32,0.24,1
624167.31,1279709.12,841.70,840.00,841.70,0.60,0.32,0.24,1
624259.62,1279709.12,852.70,851.00,852.70,0.59,0.31,0.23,1
624351.88,1279709.12,866.69,865.00,866.69,0.61,0.33,0.25,1
624444.19,1279709.12,867.69,866.00,867.69,0.62,0.34,0.26,1
624536.44,1279709.12,865.67,864.00,865.67,0.62,0.34,0.26,1
624628.69,1279709.12,864.66,863.00,864.66,0.61,0.33,0.25,1
624721.00,1279709.12,864.63,863.00,864.63,0.62,0.34,0.26,1
624813.25,1279709.12,865.58,864.00,865.58,0.63,0.35,0.27,1
624905.56,1279709.12,863.52,862.00,863.52,0.63,0.36,0.28,1
624997.81,1279709.12,856.42,855.00,856.42,0.63,0.36,0.28,1
625090.12,1279709.12,849.29,848.00,849.29,0.62,0.36,0.28,1
625182.38,1279709.12,845.19,844.00,845.19,0.62,0.36,0.29,1
625274.69,1279709.12,836.12,835.00,836.12,0.63,0.37,0.29,1
625366.94,1279709.12,824.15,823.14,824.15,0.58,0.32,0.25,1
625459.19,1279709.12,-9999.00,-9999.00,-9999.00,0.71,0.71,0.71,0
614385.88,1279616.88,-9999.00,-9999.00,-9999.00,0.71,0.71,0.71,0
614478.12,1279616.88,785.22,784.00,785.22,0.33,0.07,-0.01,1
614570.44,1279616.88,789.28,788.00,789.28,0.62,0.36,0.28,1
614662.69,1279616.88,788.30,787.00,788.30,0.62,0.36,0.28,1
614755.00,1279616.88,788.31,787.00,788.31,0.63,0.36,0.29,1
614847.25,1279616.88,788.34,787.00,788.34,0.63,0.36,0.29,1
614939.56,1279616.88,790.38,789.00,790.38,0.62,0.35,0.28,1
615031.81,1279616.88,795.42,794.00,795.42,0.62,0.35,0.27,1
615124.12,1279616.88,803.46,802.00,803.46,0.63,0.35,0.27,1
615216.38,1279616.88,806.48,805.00,806.48,0.63,0.36,0.28,1
615308.62,1279616.88,805.50,804.00,805.50,0.64,0.36,0.28,1
615400.94,1279616.88,796.51,795.00,796.51,0.64,0.36,0.28,1
615493.19,1279616.88,785.51,784.00,785.51,0.63,0.36,0.28,1
615585.50,1279616.88,781.52,780.00,781.52,0.62,0.35,0.27,1
615677.75,1279616.88,783.51,782.00,783.51,0.62,0.34,0.26,1
615770.06,1279616.88,789.51,788.00,789.51,0.62,0.34,0.27,1
615862.31,1279616.88,796.50,795.00,796.50,0.62,0.35,0.27,1
615954.62,1279616.88,800.48,799.00,800.48,0.62,0.35,0.27,1
616046.88,1279616.88,802.45,801.00,802.45,0.62,0.35,0.27,1
616139.12,1279616.88,799.42,798.00,799.42,0.62,0.35,0.27,1
616231.44,1279616.88,792.41,791.00,792.41,0.63,0.35,0.28,1
616323.69,1279616.88,787.41,786.00,787.41,0.63,0.36,0.28,1
616416.00,1279616.88,792.41,791.00,792.41,0.63,0.36,0.28,1
616508.25,1279616.88,800.41,799.00,800.41,0.64,0.37,0.29,1
616600.56,1279616.88,799.42,798.00,799.42,0.65,0.37,0.30,1
616692.81,1279616.88,788.45,787.00,788.45,0.65,0.37,0.29,1
616785.12,1279616.88,781.49,780.00,781.49,0.64,0.36,0.29,1
616877.38,1279616.88,778.52,777.00,778.52,0.63,0.35,0.27,1
616969.62,1279616.88,779.53,778.00,779.53,0.62,0.35,0.27,1
617061.94,1279616.88,778.53,777.00,778.53,0.62,0.34,0.26,1
617154.19,1279616.88,779.53,778.00,779.53,0.61,0.33,0.26,1
617246.50,1279616.88,779.52,778.00,779.52,0.61,0.34,0.26,1
617338.75,1279616.88,780.49,779.00,780.49,0.62,0.34,0.26,1
617431.06,1279616.88,780.44,779.00,780.44,0.61,0.34,0.26,1
617523.31,1279616.88,786.38,785.00,786.38,0.60,0.33,0.25,1
617615.62,1279616.88,794.34,793.00,794.34,0.61,0.34,0.26,1
617707.88,1279616.88,780.32,779.00,780.32,0.63,0.36,0.28,1
617800.12,1279616.88,769.32,768.00,769.32,0.62,0.35,0.28,1
617892.44,1279616.88,768.31,767.00,768.31,0.62,0.35,0.27,1
617984.69,1279616.88,764.32,763.00,764.32,0.62,0.35,0.27,1
618077.00,1279616.88,777.35,776.00,777.35,0.62,0.35,0.27,1
618169.25,1279616.88,793.39,792.00,793.39,0.63,0.36,0.28,1
618261.56,1279616.88,797.44,796.00,797.44,0.64,0.37,0.29,1
618353.81,1279616.88,793.51,792.00,793.51,0.65,0.37,0.29,1
618446.12,1279616.88,776.57,775.00,776.57,0.65,0.37,0.29,1
618538.38,1279616.88,768.61,767.00,768.61,0.63,0.35,0.27,1
618630.62,1279616.88,781.64,780.00,781.64,0.62,0.34,0.26,1
618722.94,1279616.88,789.65,788.00,789.65,0.62,0.34,0.26,1
618815.19,1279616.88,783.66,782.00,783.66,0.62,0.34,0.26,1
618907.50,1279616.88,775.67,774.00,775.67,0.61,0.33,0.25,1
618999.75,1279616.88,767.67,766.00,767.67,0.62,0.34,0.26,1
619092.06,1279616.88,762.67,761.00,762.67,0.62,0.34,0.26,1
619184.31,1279616.88,760.67,759.00,760.67,0.62,0.34,0.26,1
619276.62,1279616.88,762.67,761.00,762.67,0.61,0.33,0.25,1
619368.88,1279616.88,774.67,773.00,774.67,0.62,0.34,0.26,1
619461.19,1279616.88,774.66,773.00,774.66,0.63,0.35,0.27,1
619553.44,1279616.88,758.66,757.00,758.66,0.63,0.35,0.27,1
619645.69,1279616.88,758.67,757.00,758.67,0.61,0.33,0.25,1
619738.00,1279616.88,769.67,768.00,769.67,0.61,0.32,0.24,1
619830.25,1279616.88,770.68,769.00,770.68,0.61,0.33,0.25,1
619922.56,1279616.88,763.68,762.00,763.68,0.62,0.34,0.25,1
620014.81,1279616.88,758.69,757.00,758.69,0.62,0.34,0.26,1
620107.12,1279616.88,760.68,759.00,760.68,0.62,0.34,0.25,1
620199.38,1279616.88,764.68,763.00,764.68,0.61,0.33,0.25,1
620291.69,1279616.88,768.68,767.00,768.68,0.60,0.32,0.24,1
620383.94,1279616.88,773.67,772.00,773.67,0.60,0.32,0.24,1
620476.19,1279616.88,780.65,779.00,780.65,0.60,0.32,0.24,1
620568.50,1279616.88,790.63,789.00,790.63,0.61,0.33,0.25,1
620660.75,1279616.88,793.62,792.00,793.62,0.62,0.34,0.26,1
620753.06,1279616.88,790.61,789.00,790.61,0.61,0.33,0.25,1
620845.31,1279616.88,795.60,794.00,795.60,0.61,0.33,0.25,1
620937.62,1279616.88,798.60,797.00,798.60,0.62,0.34,0.26,1
621029.88,1279616.88,803.61,802.00,803.61,0.61,0.34,0.26,1
621122.19,1279616.88,814.62,813.00,814.62,0.61,0.33,0.25,1
621214.44,1279616.88,814.63,813.00,814.63,0.62,0.34,0.26,1
621306.69,1279616.88,802.65,801.00,802.65,0.62,0.34,0.26,1
621399.00,1279616.88,798.67,797.00,798.67,0.62,0.34,0.26,1
621491.25,1279616.88,815.67,814.00,815.67,0.62,0.33,0.25,1
621583.56,1279616.88,819.68,818.00,819.68,0.63,0.35,0.27,1
621675.81,1279616.88,804.68,803.00,804.68,0.64,0.36,0.28,1
621768.12,1279616.88,785.68,784.00,785.68,0.64,0.35,0.27,1
621860.38,1279616.88,775.68,774.00,775.68,0.63,0.35,0.27,1
621952.69,1279616.88,776.68,775.00,776.68,0.62,0.34,0.26,1
622044.94,1279616.88,784.68,783.00,784.68,0.62,0.34,0.26,1
622137.19,1279616.88,788.68,787.00,788.68,0.63,0.35,0.27,1
622229.50,1279616.88,781.68,780.00,781.68,0.64,0.35,0.27,1
622321.75,1279616.88,774.68,773.00,774.68,0.63,0.35,0.27,1
622414.06,1279616.88,775.68,774.00,775.68,0.63,0.34,0.26,1
622506.31,1279616.88,773.69,772.00,773.69,0.63,0.35,0.27,1
622598.62,1279616.88,772.69,771.00,772.69,0.63,0.34,0.26,1
622690.88,1279616.88,778.69,777.00,778.69,0.63,0.34,0.26,1
622783.19,1279616.88,782.69,781.00,782.69,0.63,0.35,0.27,1
622875.44,1279616.88,776.70,775.00,776.70,0.63,0.35,0.27,1
622967.69,1279616.88,772.70,771.00,772.70,0.63,0.34,0.26,1
623060.00,1279616.88,770.70,769.00,770.70,0.62,0.34,0.26,1
623152.25,1279616.88,772.70,771.00,772.70,0.62,0.34,0.25,1
623244.56,1279616.88,775.70,774.00,775.70,0.61,0.33,0.25,1
623336.81,1279616.88,783.70,782.00,783.70,0.60,0.32,0.24,1
623429.12,1279616.88,793.70,792.00,793.70,0.60,0.31,0.23,1
623521.38,1279616.88,803.70,802.00,803.70,0.59,0.31,0.23,1
623613.69,1279616.88,808.70,807.00,808.70,0.59,0.31,0.23,1
623705.94,1279616.88,805.70,804.00,805.70,0.59,0.31,0.23,1
623798.19,1279616.88,809.70,808.00,809.70,0.59,0.31,0.23,1
623890.50,1279616.88,817.70,816.00,817.70,0.60,0.32,0.24,1
623982.75,1279616.88,822.70,821.00,822.70,0.60,0.32,0.24,1
624075.06,1279616.88,826.70,825.00,826.70,0.61,0.32,0.24,1
624167.31,1279616.88,829.70,828.00,829.70,0.61,0.33,0.25,1
624259.62,1279616.88,839.70,838.00,839.70,0.60,0.32,0.24,1
624351.88,1279616.88,858.69,857.00,858.69,0.60,0.32,0.24,1
624444.19,1279616.88,867.68,866.00,867.68,0.61,0.33,0.25,1
624536.44,1279616.88,864.67,863.00,864.67,0.62,0.34,0.26,1
624628.69,1279616.88,860.65,859.00,860.65,0.61,0.33,0.25,1
624721.00,1279616.88,862.62,861.00,862.62,0.61,0.33,0.25,1
624813.25,1279616.88,871.58,870.00,871.58,0.61,0.34,0.26,1
624905.56,1279616.88,867.51,866.00,867.51,0.63,0.35,0.27,1
624997.81,1279616.88,854.41,853.00,854.41,0.64,0.36,0.29,1
625090.12,1279616.88,843.28,842.00,843.28,0.64,0.37,0.30,1
625182.38,1279616.88,834.17,833.00,834.17,0.64,0.37,0.30,1
625274.69,1279616.88,824.11,823.00,824.11,0.63,0.37,0.30,1
625366.94,1279616.88,818.08,817.00,818.08,0.58,0.32,0.25,1
625459.19,1279616.88,-9999.00,-9999.00,-9999.00,0.71,0.71,0.71,0
614385.88,1279524.50,-9999.00,-9999.00,-9999.00,0.71,0.71,0.71,0
614478.12,1279524.50,786.16,785.00,786.16,0.32,0.06,-0.01,1
614570.44,1279524.50,788.21,787.00,788.21,0.63,0.36,0.29,1
614662.69,1279524.50,787.26,786.00,787.26,0.62,0.35,0.28,1
614755.00,1279524.50,794.30,793.00,794.30,0.62,0.36,0.28,1
614847.25,1279524.50,799.35,798.00,799.35,0.63,0.36,0.29,1
614939.56,1279524.50,798.40,797.00,798.40,0.63,0.36,0.28,1
615031.81,1279524.50,804.44,803.00,804.44,0.62,0.35,0.27,1
615124.12,1279524.50,814.47,813.00,814.47,0.62,0.35,0.27,1
615216.38,1279524.50,819.49,818.00,819.49,0.63,0.35,0.28,1
615308.62,1279524.50,814.50,813.00,814.50,0.64,0.36,0.28,1
615400.94,1279524.50,799.51,798.00,799.51,0.64,0.36,0.28,1
615493.19,1279524.50,787.51,786.00,787.51,0.63,0.36,0.28,1
615585.50,1279524.50,785.51,784.00,785.51,0.63,0.35,0.27,1
615677.75,1279524.50,786.50,785.00,786.50,0.62,0.35,0.27,1
615770.06,1279524.50,794.48,793.00,794.48,0.61,0.34,0.26,1
615862.31,1279524.50,804.45,803.00,804.45,0.62,0.34,0.27,1
615954.62,1279524.50,808.41,807.00,808.41,0.63,0.36,0.28,1
616046.88,1279524.50,809.37,808.00,809.37,0.64,0.37,0.29,1
616139.12,1279524.50,800.34,799.00,800.34,0.64,0.38,0.30,1
616231.44,1279524.50,793.32,792.00,793.32,0.63,0.36,0.29,1
616323.69,1279524.50,798.32,797.00,798.32,0.62,0.35,0.28,1
616416.00,1279524.50,807.31,806.00,807.31,0.62,0.35,0.28,1
616508.25,1279524.50,818.32,817.00,818.32,0.63,0.36,0.28,1
616600.56,1279524.50,817.34,816.00,817.34,0.65,0.38,0.30,1
616692.81,1279524.50,804.38,803.00,804.38,0.65,0.38,0.30,1
616785.12,1279524.50,797.44,796.00,797.44,0.65,0.37,0.30,1
616877.38,1279524.50,790.49,789.00,790.49,0.64,0.37,0.29,1
616969.62,1279524.50,785.51,784.00,785.51,0.64,0.36,0.28,1
617061.94,1279524.50,784.51,783.00,784.51,0.63,0.36,0.28,1
617154.19,1279524.50,776.51,775.00,776.51,0.63,0.35,0.27,1
617246.50,1279524.50,779.50,778.00,779.50,0.62,0.34,0.26,1
617338.75,1279524.50,788.46,787.00,788.46,0.63,0.35,0.27,1
617431.06,1279524.50,788.40,787.00,788.40,0.64,0.37,0.29,1
617523.31,1279524.50,779.32,778.00,779.32,0.64,0.37,0.29,1
617615.62,1279524.50,778.25,777.00,778.25,0.62,0.36,0.28,1
617707.88,1279524.50,775.21,774.00,775.21,0.64,0.38,0.30,1
617800.12,1279524.50,766.20,765.00,766.20,0.63,0.37,0.30,1
617892.44,1279524.50,764.19,763.00,764.19,0.62,0.36,0.28,1
617984.69,1279524.50,770.20,769.00,770.20,0.62,0.35,0.28,1
618077.00,1279524.50,794.22,793.00,794.22,0.61,0.35,0.27,1
618169.25,1279524.50,817.27,816.00,817.27,0.62,0.36,0.28,1
618261.56,1279524.50,819.33,818.00,819.33,0.64,0.37,0.29,1
618353.81,1279524.50,808.42,807.00,808.42,0.65,0.37,0.30,1
618446.12,1279524.50,792.50,791.00,792.50,0.65,0.38,0.30,1
618538.38,1279524.50,781.56,780.00,781.56,0.64,0.36,0.28,1
618630.62,1279524.50,791.60,790.00,791.60,0.62,0.34,0.26,1
618722.94,1279524.50,788.63,787.00,788.63,0.62,0.34,0.26,1
618815.19,1279524.50,774.65,773.00,774.65,0.62,0.34,0.26,1
618907.50,1279524.50,764.66,763.00,764.66,0.62,0.34,0.26,1
618999.75,1279524.50,764.67,763.00,764.67,0.63,0.35,0.27,1
619092.06,1279524.50,762.67,761.00,762.67,0.63,0.34,0.26,1
619184.31,1279524.50,761.67,760.00,761.67,0.62,0.34,0.26,1
619276.62,1279524.50,763.67,762.00,763.67,0.61,0.33,0.25,1
619368.88,1279524.50,777.66,776.00,777.66,0.61,0.33,0.25,1
619461.19,1279524.50,777.66,776.00,777.66,0.63,0.35,0.27,1
619553.44,1279524.50,765.66,764.00,765.66,0.64,0.36,0.28,1
619645.69,1279524.50,759.66,758.00,759.66,0.63,0.35,0.27,1
619738.00,1279524.50,759.67,758.00,759.67,0.61,0.33,0.25,1
619830.25,1279524.50,762.68,761.00,762.68,0.62,0.34,0.26,1
619922.56,1279524.50,761.68,760.00,761.68,0.63,0.34,0.26,1
620014.81,1279524.50,764.68,763.00,764.68,0.63,0.35,0.27,1
620107.12,1279524.50,762.68,761.00,762.68,0.63,0.35,0.27,1
620199.38,1279524.50,760.68,759.00,760.68,0.62,0.34,0.26,1
620291.69,1279524.50,761.67,760.00,761.67,0.61,0.33,0.25,1
620383.94,1279524.50,767.66,766.00,767.66,0.61,0.33,0.25,1
620476.19,1279524.50,773.65,772.00,773.65,0.61,0.33,0.25,1
620568.50,1279524.50,783.63,782.00,783.63,0.61,0.33,0.25,1
620660.75,1279524.50,786.61,785.00,786.61,0.61,0.33,0.25,1
620753.06,1279524.50,781.61,780.00,781.61,0.61,0.33,0.26,1
620845.31,1279524.50,788.60,787.00,788.60,0.61,0.33,0.25,1
620937.62,1279524.50,790.60,789.00,790.60,0.61,0.33,0.25,1
621029.88,1279524.50,801.60,800.00,801.60,0.60,0.32,0.24,1
621122.19,1279524.50,808.62,807.00,808.62,0.61,0.33,0.25,1
621214.44,1279524.50,801.63,800.00,801.63,0.61,0.33,0.25,1
621306.69,1279524.50,800.65,799.00,800.65,0.61,0.33,0.25,1
621399.00,1279524.50,806.66,805.00,806.66,0.61,0.33,0.25,1
621491.25,1279524.50,819.67,818.00,819.67,0.61,0.33,0.25,1
621583.56,1279524.50,820.67,819.00,820.67,0.62,0.34,0.26,1
621675.81,1279524.50,806.67,805.00,806.67,0.63,0.35,0.27,1
621768.12,1279524.50,786.67,785.00,786.67,0.63,0.35,0.27,1
621860.38,1279524.50,774.67,773.00,774.67,0.63,0.35,0.26,1
621952.69,1279524.50,779.67,778.00,779.67,0.62,0.34,0.26,1
622044.94,1279524.50,791.67,790.00,791.67,0.62,0.34,0.26,1
622137.19,1279524.50,796.67,795.00,796.67,0.63,0.35,0.27,1
622229.50,1279524.50,790.67,789.00,790.67,0.64,0.36,0.28,1
622321.75,1279524.50,778.67,777.00,778.67,0.63,0.35,0.27,1
622414.06,1279524.50,777.67,776.00,777.67,0.63,0.34,0.26,1
622506.31,1279524.50,778.68,777.00,778.68,0.63,0.35,0.27,1
622598.62,1279524.50,781.68,780.00,781.68,0.63,0.35,0.27,1
622690.88,1279524.50,789.69,788.00,789.69,0.63,0.34,0.26,1
622783.19,1279524.50,791.69,790.00,791.69,0.63,0.35,0.27,1
622875.44,1279524.50,784.69,783.00,784.69,0.63,0.35,0.27,1
622967.69,1279524.50,774.70,773.00,774.70,0.63,0.35,0.27,1
623060.00,1279524.50,772.70,771.00,772.70,0.62,0.34,0.26,1
623152.25,1279524.50,771.70,770.00,771.70,0.62,0.34,0.26,1
623244.56,1279524.50,773.70,772.00,773.70,0.62,0.33,0.25,1
623336.81,1279524.50,775.70,774.00,775.70,0.61,0.33,0.25,1
623429.12,1279524.50,779.70,778.00,779.70,0.61,0.33,0.25,1
623521.38,1279524.50,784.70,783.00,784.70,0.61,0.32,0.24,1
623613.69,1279524.50,785.70,784.00,785.70,0.61,0.32,0.24,1
623705.94,1279524.50,787.70,786.00,787.70,0.60,0.32,0.24,1
623798.19,1279524.50,797.70,796.00,797.70,0.60,0.31,0.23,1
623890.50,1279524.50,808.70,807.00,808.70,0.60,0.32,0.24,1
623982.75,1279524.50,812.70,811.00,812.70,0.61,0.32,0.24,1
624075.06,1279524.50,822.70,821.00,822.70,0.61,0.33,0.25,1
624167.31,1279524.50,835.70,834.00,835.70,0.62,0.34,0.25,1
624259.62,1279524.50,846.69,845.00,846.69,0.61,0.33,0.25,1
624351.88,1279524.50,859.69,858.00,859.69,0.61,0.33,0.25,1
624444.19,1279524.50,862.68,861.00,862.68,0.62,0.34,0.26,1
624536.44,1279524.50,854.67,853.00,854.67,0.62,0.34,0.26,1
624628.69,1279524.50,848.65,847.00,848.65,0.61,0.33,0.25,1
624721.00,1279524.50,851.62,850.00,851.62,0.60,0.32,0.24,1
624813.25,1279524.50,857.57,856.00,857.57,0.60,0.32,0.24,1
624905.56,1279524.50,856.50,855.00,856.50,0.61,0.34,0.26,1
624997.81,1279524.50,853.40,852.00,853.40,0.63,0.35,0.28,1
625090.12,1279524.50,851.27,850.00,851.27,0.64,0.37,0.30,1
625182.38,1279524.50,841.16,840.00,841.16,0.65,0.39,0.31,1
625274.69,1279524.50,824.10,823.00,824.10,0.64,0.38,0.31,1
625366.94,1279524.50,816.07,815.00,816.07,0.58,0.32,0.25,1
625459.19,1279524.50,-9999.00,-9999.00,-9999.00,0.71,0.71,0.71,0
614385.88,1279432.25,-9999.00,-9999.00,-9999.00,0.71,0.71,0.71,0
614478.12,1279432.25,798.10,797.00,798.10,0.32,0.06,-0.02,1
614570.44,1279432.25,793.14,792.00,793.14,0.64,0.38,0.31,1
614662.69,1279432.25,787.20,786.00,787.20,0.63,0.36,0.29,1
614755.00,1279432.25,798.27,797.00,798.27,0.61,0.35,0.27,1
614847.25,1279432.25,808.35,807.00,808.35,0.63,0.36,0.28,1
614939.56,1279432.25,807.42,806.00,807.42,0.63,0.36,0.28,1
615031.81,1279432.25,810.47,809.00,810.47,0.62,0.35,0.27,1
615124.12,1279432.25,817.49,816.00,817.49,0.62,0.34,0.27,1
615216.38,1279432.25,819.51,818.00,819.51,0.62,0.35,0.27,1
615308.62,1279432.25,810.51,809.00,810.51,0.63,0.35,0.27,1
615400.94,1279432.25,794.52,793.00,794.52,0.63,0.35,0.27,1
615493.19,1279432.25,786.51,785.00,786.51,0.62,0.35,0.27,1
615585.50,1279432.25,788.50,787.00,788.50,0.62,0.35,0.27,1
615677.75,1279432.25,791.48,790.00,791.48,0.63,0.35,0.28,1
615770.06,1279432.25,794.45,793.00,794.45,0.62,0.35,0.27,1
615862.31,1279432.25,801.40,800.00,801.40,0.61,0.34,0.26,1
615954.62,1279432.25,815.33,814.00,815.33,0.61,0.35,0.27,1
616046.88,1279432.25,824.27,823.00,824.27,0.64,0.37,0.29,1
616139.12,1279432.25,817.23,816.00,817.23,0.66,0.39,0.32,1
616231.44,1279432.25,801.21,800.00,801.21,0.65,0.39,0.31,1
616323.69,1279432.25,799.20,798.00,799.20,0.62,0.36,0.28,1
616416.00,1279432.25,810.20,809.00,810.20,0.60,0.34,0.27,1
616508.25,1279432.25,819.21,818.00,819.21,0.61,0.34,0.27,1
616600.56,1279432.25,821.24,820.00,821.24,0.62,0.36,0.28,1
616692.81,1279432.25,817.30,816.00,817.30,0.64,0.37,0.29,1
616785.12,1279432.25,813.38,812.00,813.38,0.64,0.37,0.29,1
616877.38,1279432.25,805.45,804.00,805.45,0.64,0.37,0.29,1
616969.62,1279432.25,798.48,797.00,798.48,0.63,0.36,0.28,1
617061.94,1279432.25,790.49,789.00,790.49,0.63,0.36,0.28,1
617154.19,1279432.25,780.49,779.00,780.49,0.63,0.36,0.28,1
617246.50,1279432.25,779.47,778.00,779.47,0.62,0.35,0.27,1
617338.75,1279432.25,795.44,794.00,795.44,0.61,0.34,0.26,1
617431.06,1279432.25,806.36,805.00,806.36,0.64,0.37,0.29,1
617523.31,1279432.25,798.25,797.00,798.25,0.66,0.39,0.32,1
617615.62,1279432.25,788.14,787.00,788.14,0.65,0.39,0.32,1
617707.88,1279432.25,788.07,787.00,788.07,0.65,0.39,0.32,1
617800.12,1279432.25,771.04,770.00,771.04,0.65,0.39,0.32,1
617892.44,1279432.25,767.03,766.00,767.03,0.62,0.37,0.29,1
617984.69,1279432.25,787.03,786.00,787.03,0.60,0.34,0.27,1
618077.00,1279432.25,813.04,812.00,813.04,0.61,0.35,0.28,1
618169.25,1279432.25,821.08,820.00,821.08,0.62,0.36,0.29,1
618261.56,1279432.25,813.16,812.00,813.16,0.62,0.35,0.28,1
618353.81,1279432.25,807.28,806.00,807.28,0.62,0.36,0.28,1
618446.12,1279432.25,806.40,805.00,806.40,0.64,0.37,0.29,1
618538.38,1279432.25,794.49,793.00,794.49,0.65,0.37,0.29,1
618630.62,1279432.25,790.55,789.00,790.55,0.63,0.36,0.28,1
618722.94,1279432.25,779.60,778.00,779.60,0.63,0.35,0.27,1
618815.19,1279432.25,769.63,768.00,769.63,0.62,0.34,0.26,1
618907.50,1279432.25,767.65,766.00,767.65,0.62,0.34,0.26,1
618999.75,1279432.25,778.66,777.00,778.66,0.63,0.35,0.27,1
619092.06,1279432.25,768.66,767.00,768.66,0.63,0.35,0.27,1
619184.31,1279432.25,763.66,762.00,763.66,0.63,0.34,0.26,1
619276.62,1279432.25,768.66,767.00,768.66,0.62,0.34,0.26,1
619368.88,1279432.25,778.66,777.00,778.66,0.61,0.33,0.25,1
619461.19,1279432.25,785.65,784.00,785.65,0.62,0.34,0.26,1
619553.44,1279432.25,785.65,784.00,785.65,0.64,0.36,0.28,1
619645.69,1279432.25,768.65,767.00,768.65,0.64,0.36,0.28,1
619738.00,1279432.25,759.66,758.00,759.66,0.62,0.34,0.26,1
619830.25,1279432.25,770.67,769.00,770.67,0.62,0.34,0.26,1
619922.56,1279432.25,774.68,773.00,774.68,0.63,0.35,0.27,1
620014.81,1279432.25,776.68,775.00,776.68,0.63,0.35,0.27,1
620107.12,1279432.25,770.68,769.00,770.68,0.63,0.35,0.27,1
620199.38,1279432.25,765.68,764.00,765.68,0.63,0.35,0.27,1
620291.69,1279432.25,763.67,762.00,763.67,0.62,0.34,0.26,1
620383.94,1279432.25,766.66,765.00,766.66,0.61,0.33,0.25,1
620476.19,1279432.25,777.65,776.00,777.65,0.62,0.34,0.26,1
620568.50,1279432.25,781.63,780.00,781.63,0.62,0.34,0.26,1
620660.75,1279432.25,777.61,776.00,777.61,0.62,0.34,0.26,1
620753.06,1279432.25,778.60,777.00,778.60,0.61,0.33,0.25,1
620845.31,1279432.25,787.60,786.00,787.60,0.61,0.34,0.26,1
620937.62,1279432.25,783.60,782.00,783.60,0.62,0.34,0.26,1
621029.88,1279432.25,784.60,783.00,784.60,0.60,0.32,0.24,1
621122.19,1279432.25,790.61,789.00,790.61,0.60,0.32,0.24,1
621214.44,1279432.25,790.63,789.00,790.63,0.61,0.33,0.25,1
621306.69,1279432.25,796.65,795.00,796.65,0.61,0.33,0.25,1
621399.00,1279432.25,808.66,807.00,808.66,0.62,0.34,0.26,1
621491.25,1279432.25,815.66,814.00,815.66,0.62,0.34,0.26,1
621583.56,1279432.25,811.66,810.00,811.66,0.62,0.34,0.26,1
621675.81,1279432.25,800.66,799.00,800.66,0.63,0.34,0.26,1
621768.12,1279432.25,784.66,783.00,784.66,0.63,0.35,0.27,1
621860.38,1279432.25,779.66,778.00,779.66,0.62,0.34,0.26,1
621952.69,1279432.25,787.65,786.00,787.65,0.62,0.34,0.26,1
622044.94,1279432.25,797.65,796.00,797.65,0.62,0.34,0.26,1
622137.19,1279432.25,802.65,801.00,802.65,0.63,0.35,0.27,1
622229.50,1279432.25,796.65,795.00,796.65,0.64,0.35,0.27,1
622321.75,1279432.25,782.65,781.00,782.65,0.63,0.35,0.27,1
622414.06,1279432.25,785.65,784.00,785.65,0.63,0.35,0.26,1
622506.31,1279432.25,793.66,792.00,793.66,0.63,0.35,0.27,1
622598.62,1279432.25,799.67,798.00,799.67,0.63,0.35,0.27,1
622690.88,1279432.25,800.68,799.00,800.68,0.63,0.35,0.27,1
622783.19,1279432.25,795.69,794.00,795.69,0.63,0.35,0.27,1
622875.44,1279432.25,784.69,783.00,784.69,0.63,0.35,0.27,1
622967.69,1279432.25,775.69,774.00,775.69,0.63,0.34,0.26,1
623060.00,1279432.25,773.69,772.00,773.69,0.62,0.34,0.26,1
623152.25,1279432.25,772.70,771.00,772.70,0.62,0.34,0.26,1
623244.56,1279432.25,772.70,771.00,772.70,0.62,0.34,0.26,1
623336.81,1279432.25,773.70,772.00,773.70,0.62,0.34,0.26,1
623429.12,1279432.25,778.70,777.00,778.70,0.62,0.33,0.25,1
623521.38,1279432.25,782.70,781.00,782.70,0.62,0.34,0.26,1
623613.69,1279432.25,786.70,785.00,786.70,0.62,0.34,0.26,1
623705.94,1279432.25,788.70,787.00,788.70,0.63,0.35,0.27,1
623798.19,1279432.25,787.70,786.00,787.70,0.62,0.34,0.26,1
623890.50,1279432.25,797.70,796.00,797.70,0.61,0.33,0.25,1
623982.75,1279432.25,811.70,810.00,811.70,0.61,0.32,0.24,1
624075.06,1279432.25,833.69,832.00,833.69,0.61,0.32,0.24,1
624167.31,1279432.25,852.69,851.00,852.69,0.62,0.33,0.25,1
624259.62,1279432.25,854.68,853.00,854.68,0.62,0.34,0.26,1
624351.88,1279432.25,856.68,855.00,856.68,0.61,0.33,0.25,1
624444.19,1279432.25,861.67,860.00,861.67,0.62,0.34,0.26,1
624536.44,1279432.25,852.66,851.00,852.66,0.63,0.35,0.27,1
624628.69,1279432.25,842.64,841.00,842.64,0.63,0.35,0.27,1
624721.00,1279432.25,839.61,838.00,839.61,0.62,0.34,0.26,1
624813.25,1279432.25,839.57,838.00,839.57,0.61,0.33,0.25,1
624905.56,1279432.25,845.50,844.00,845.50,0.60,0.33,0.25,1
624997.81,1279432.25,852.40,851.00,852.40,0.61,0.34,0.26,1
625090.12,1279432.25,854.27,853.00,854.27,0.63,0.36,0.29,1
625182.38,1279432.25,844.15,843.00,844.15,0.65,0.39,0.31,1
625274.69,1279432.25,823.09,822.00,823.09,0.65,0.39,0.31,1
625366.94,1279432.25,813.06,812.00,813.06,0.58,0.32,0.25,1
625459.19,1279432.25,-9999.00,-9999.00,-9999.00,0.71,0.71,0.71,0
614385.88,1279340.00,-9999.00,-9999.00,-9999.00,0.71,0.71,0.71,0
614478.12,1279340.00,815.07,814.00,815.07,0.31,0.05,-0.02,1
614570.44,1279340.00,802.10,801.00,802.10,0.65,0.40,0.32,1
614662.69,1279340.00,791.15,790.00,791.15,0.63,0.37,0.30,1
614755.00,1279340.00,799.24,798.00,799.24,0.62,0.35,0.28,1
614847.25,1279340.00,810.35,809.00,810.35,0.62,0.35,0.27,1
614939.56,1279340.00,812.43,811.00,812.43,0.62,0.35,0.27,1
615031.81,1279340.00,813.48,812.00,813.48,0.62,0.35,0.27,1
615124.12,1279340.00,818.51,817.00,818.51,0.62,0.35,0.27,1
615216.38,1279340.00,816.52,815.00,816.52,0.63,0.35,0.27,1
615308.62,1279340.00,803.53,802.00,803.53,0.63,0.35,0.27,1
615400.94,1279340.00,789.53,788.00,789.53,0.63,0.35,0.27,1
615493.19,1279340.00,783.52,782.00,783.52,0.62,0.34,0.26,1
615585.50,1279340.00,791.50,790.00,791.50,0.61,0.34,0.26,1
615677.75,1279340.00,803.46,802.00,803.46,0.62,0.35,0.27,1
615770.06,1279340.00,806.41,805.00,806.41,0.63,0.36,0.28,1
615862.31,1279340.00,805.33,804.00,805.33,0.62,0.36,0.28,1
615954.62,1279340.00,816.23,815.00,816.23,0.61,0.34,0.27,1
616046.88,1279340.00,831.15,830.00,831.15,0.62,0.36,0.28,1
616139.12,1279340.00,834.10,833.00,834.10,0.65,0.39,0.32,1
616231.44,1279340.00,815.08,814.00,815.08,0.66,0.40,0.33,1
616323.69,1279340.00,796.07,795.00,796.07,0.64,0.38,0.31,1
616416.00,1279340.00,796.07,795.00,796.07,0.61,0.35,0.28,1
616508.25,1279340.00,803.09,802.00,803.09,0.60,0.34,0.27,1
616600.56,1279340.00,812.13,811.00,812.13,0.61,0.35,0.27,1
616692.81,1279340.00,817.21,816.00,817.21,0.62,0.36,0.28,1
616785.12,1279340.00,815.32,814.00,815.32,0.63,0.36,0.29,1
616877.38,1279340.00,804.40,803.00,804.40,0.63,0.36,0.28,1
616969.62,1279340.00,790.45,789.00,790.45,0.63,0.36,0.28,1
617061.94,1279340.00,781.47,780.00,781.47,0.62,0.35,0.27,1
617154.19,1279340.00,782.47,781.00,782.47,0.62,0.35,0.27,1
617246.50,1279340.00,789.46,788.00,789.46,0.62,0.35,0.27,1
617338.75,1279340.00,801.41,800.00,801.41,0.61,0.34,0.26,1
617431.06,1279340.00,816.33,815.00,816.33,0.62,0.35,0.27,1
617523.31,1279340.00,821.20,820.00,821.20,0.65,0.38,0.31,1
617615.62,1279340.00,809.04,808.00,809.04,0.67,0.41,0.34,1
617707.88,1279340.00,790.93,790.00,790.93,0.66,0.41,0.34,1
617800.12,1279340.00,773.87,773.00,773.87,0.66,0.41,0.34,1
617892.44,1279340.00,769.84,769.00,769.84,0.63,0.39,0.32,1
617984.69,1279340.00,783.84,783.00,783.84,0.60,0.35,0.28,1
618077.00,1279340.00,799.85,799.00,799.85,0.58,0.34,0.27,1
618169.25,1279340.00,802.89,802.00,802.89,0.60,0.35,0.28,1
618261.56,1279340.00,792.97,792.00,792.97,0.60,0.35,0.28,1
618353.81,1279340.00,800.09,799.00,800.09,0.61,0.35,0.27,1
618446.12,1279340.00,813.25,812.00,813.25,0.62,0.36,0.28,1
618538.38,1279340.00,811.38,810.00,811.38,0.65,0.38,0.30,1
618630.62,1279340.00,798.48,797.00,798.48,0.65,0.37,0.29,1
618722.94,1279340.00,777.55,776.00,777.55,0.64,0.36,0.28,1
618815.19,1279340.00,766.60,765.00,766.60,0.62,0.35,0.27,1
618907.50,1279340.00,774.63,773.00,774.63,0.62,0.34,0.26,1
618999.75,1279340.00,784.64,783.00,784.64,0.63,0.35,0.27,1
619092.06,1279340.00,770.65,769.00,770.65,0.63,0.35,0.27,1
619184.31,1279340.00,770.66,769.00,770.66,0.63,0.35,0.26,1
619276.62,1279340.00,776.65,775.00,776.65,0.63,0.35,0.27,1
619368.88,1279340.00,781.65,780.00,781.65,0.62,0.34,0.26,1
619461.19,1279340.00,791.65,790.00,791.65,0.62,0.34,0.26,1
619553.44,1279340.00,793.64,792.00,793.64,0.63,0.35,0.27,1
619645.69,1279340.00,774.65,773.00,774.65,0.64,0.36,0.28,1
619738.00,1279340.00,760.65,759.00,760.65,0.62,0.34,0.26,1
619830.25,1279340.00,774.66,773.00,774.66,0.61,0.33,0.25,1
619922.56,1279340.00,783.67,782.00,783.67,0.62,0.34,0.26,1
620014.81,1279340.00,784.67,783.00,784.67,0.63,0.35,0.27,1
620107.12,1279340.00,775.67,774.00,775.67,0.63,0.35,0.27,1
620199.38,1279340.00,768.67,767.00,768.67,0.63,0.35,0.27,1
620291.69,1279340.00,765.67,764.00,765.67,0.63,0.35,0.26,1
620383.94,1279340.00,767.66,766.00,767.66,0.61,0.33,0.25,1
620476.19,1279340.00,781.65,780.00,781.65,0.61,0.33,0.25,1
620568.50,1279340.00,785.63,784.00,785.63,0.63,0.35,0.27,1
620660.75,1279340.00,776.61,775.00,776.61,0.63,0.35,0.27,1
620753.06,1279340.00,774.61,773.00,774.61,0.61,0.33,0.25,1
620845.31,1279340.00,781.60,780.00,781.60,0.61,0.33,0.25,1
620937.62,1279340.00,778.60,777.00,778.60,0.62,0.34,0.26,1
621029.88,1279340.00,773.61,772.00,773.61,0.62,0.34,0.26,1
621122.19,1279340.00,778.61,777.00,778.61,0.61,0.33,0.25,1
621214.44,1279340.00,787.63,786.00,787.63,0.60,0.33,0.25,1
621306.69,1279340.00,806.64,805.00,806.64,0.61,0.33,0.25,1
621399.00,1279340.00,824.65,823.00,824.65,0.62,0.34,0.26,1
621491.25,1279340.00,819.65,818.00,819.65,0.64,0.36,0.28,1
621583.56,1279340.00,806.65,805.00,806.65,0.63,0.35,0.27,1
621675.81,1279340.00,792.65,791.00,792.65,0.63,0.35,0.27,1
621768.12,1279340.00,782.65,781.00,782.65,0.63,0.35,0.27,1
621860.38,1279340.00,778.64,777.00,778.64,0.62,0.34,0.26,1
621952.69,1279340.00,791.63,790.00,791.63,0.61,0.33,0.25,1
622044.94,1279340.00,806.62,805.00,806.62,0.62,0.34,0.26,1
622137.19,1279340.00,810.62,809.00,810.62,0.63,0.35,0.27,1
622229.50,1279340.00,799.62,798.00,799.62,0.64,0.36,0.28,1
622321.75,1279340.00,787.62,786.00,787.62,0.63,0.35,0.27,1
622414.06,1279340.00,799.63,798.00,799.63,0.62,0.34,0.26,1
622506.31,1279340.00,810.64,809.00,810.64,0.62,0.34,0.26,1
622598.62,1279340.00,814.65,813.00,814.65,0.63,0.35,0.27,1
622690.88,1279340.00,810.67,809.00,810.67,0.63,0.35,0.27,1
622783.19,1279340.00,796.68,795.00,796.68,0.63,0.35,0.27,1
622875.44,1279340.00,782.68,781.00,782.68,0.63,0.35,0.27,1
622967.69,1279340.00,776.69,775.00,776.69,0.63,0.35,0.27,1
623060.00,1279340.00,775.69,774.00,775.69,0.63,0.34,0.26,1
623152.25,1279340.00,775.69,774.00,775.69,0.63,0.34,0.26,1
623244.56,1279340.00,774.69,773.00,774.69,0.62,0.34,0.26,1
623336.81,1279340.00,776.69,775.00,776.69,0.62,0.34,0.26,1
623429.12,1279340.00,780.69,779.00,780.69,0.61,0.33,0.25,1
623521.38,1279340.00,787.69,786.00,787.69,0.61,0.33,0.25,1
623613.69,1279340.00,799.69,798.00,799.69,0.62,0.34,0.26,1
623705.94,1279340.00,805.69,804.00,805.69,0.63,0.35,0.27,1
623798.19,1279340.00,802.69,801.00,802.69,0.63,0.35,0.27,1
623890.50,1279340.00,809.69,808.00,809.69,0.62,0.34,0.26,1
623982.75,1279340.00,824.69,823.00,824.69,0.61,0.33,0.25,1
624075.06,1279340.00,841.69,840.00,841.69,0.61,0.33,0.25,1
624167.31,1279340.00,848.68,847.00,848.68,0.61,0.33,0.25,1
624259.62,1279340.00,844.68,843.00,844.68,0.61,0.33,0.25,1
624351.88,1279340.00,851.68,850.00,851.68,0.61,0.33,0.25,1
624444.19,1279340.00,858.67,857.00,858.67,0.62,0.34,0.25,1
624536.44,1279340.00,852.66,851.00,852.66,0.63,0.35,0.26,1
624628.69,1279340.00,849.64,848.00,849.64,0.63,0.35,0.27,1
624721.00,1279340.00,848.61,847.00,848.61,0.64,0.36,0.28,1
624813.25,1279340.00,838.56,837.00,838.56,0.63,0.36,0.28,1
624905.56,1279340.00,834.50,833.00,834.50,0.61,0.34,0.26,1
624997.81,1279340.00,842.40,841.00,842.40,0.60,0.33,0.25,1
625090.12,1279340.00,849.28,848.00,849.28,0.61,0.34,0.27,1
625182.38,1279340.00,844.16,843.00,844.16,0.63,0.37,0.29,1
625274.69,1279340.00,824.08,823.00,824.08,0.65,0.39,0.31,1
625366.94,1279340.00,812.06,811.00,812.06,0.58,0.32,0.25,1
625459.19,1279340.00,-9999.00,-9999.00,-9999.00,0.71,0.71,0.71,0
614385.88,1279247.75,-9999.00,-9999.00,-9999.00,0.71,0.71,0.71,0
614478.12,1279247.75,828.07,827.00,828.07,0.31,0.05,-0.02,1
614570.44,1279247.75,810.10,809.00,810.10,0.65,0.39,0.32,1
614662.69,1279247.75,796.13,795.00,796.13,0.64,0.38,0.30,1
614755.00,1279247.75,804.22,803.00,804.22,0.62,0.36,0.28,1
614847.25,1279247.75,809.35,808.00,809.35,0.62,0.35,0.27,1
614939.56,1279247.75,809.44,808.00,809.44,0.61,0.34,0.26,1
615031.81,1279247.75,813.49,812.00,813.49,0.61,0.34,0.26,1
615124.12,1279247.75,818.52,817.00,818.52,0.62,0.35,0.27,1
615216.38,1279247.75,813.54,812.00,813.54,0.63,0.35,0.28,1
615308.62,1279247.75,799.54,798.00,799.54,0.63,0.36,0.28,1
615400.94,1279247.75,786.54,785.00,786.54,0.63,0.35,0.27,1
615493.19,1279247.75,780.52,779.00,780.52,0.62,0.34,0.26,1
615585.50,1279247.75,791.49,790.00,791.49,0.60,0.33,0.25,1
615677.75,1279247.75,805.44,804.00,805.44,0.61,0.33,0.26,1
615770.06,1279247.75,811.36,810.00,811.36,0.62,0.35,0.27,1
615862.31,1279247.75,810.25,809.00,810.25,0.62,0.35,0.27,1
615954.62,1279247.75,817.13,816.00,817.13,0.60,0.34,0.27,1
616046.88,1279247.75,830.03,829.00,830.03,0.60,0.35,0.28,1
616139.12,1279247.75,832.97,832.00,832.97,0.62,0.37,0.30,1
616231.44,1279247.75,818.94,818.00,818.94,0.65,0.40,0.33,1
616323.69,1279247.75,796.94,796.00,796.94,0.65,0.40,0.33,1
616416.00,1279247.75,789.94,789.00,789.94,0.63,0.38,0.30,1
616508.25,1279247.75,794.97,794.00,794.97,0.61,0.36,0.28,1
616600.56,1279247.75,806.03,805.00,806.03,0.61,0.35,0.28,1
616692.81,1279247.75,814.14,813.00,814.14,0.62,0.36,0.29,1
616785.12,1279247.75,810.28,809.00,810.28,0.63,0.37,0.29,1
616877.38,1279247.75,796.38,795.00,796.38,0.63,0.36,0.29,1
616969.62,1279247.75,791.43,790.00,791.43,0.64,0.36,0.29,1
617061.94,1279247.75,782.45,781.00,782.45,0.63,0.36,0.28,1
617154.19,1279247.75,783.45,782.00,783.45,0.62,0.35,0.27,1
617246.50,1279247.75,794.44,793.00,794.44,0.62,0.34,0.26,1
617338.75,1279247.75,804.39,803.00,804.39,0.61,0.34,0.26,1
617431.06,1279247.75,816.30,815.00,816.30,0.61,0.35,0.27,1
617523.31,1279247.75,826.16,825.00,826.16,0.64,0.37,0.30,1
617615.62,1279247.75,816.97,816.00,816.97,0.67,0.42,0.35,1
617707.88,1279247.75,796.82,796.00,796.82,0.68,0.44,0.37,1
617800.12,1279247.75,783.74,783.00,783.74,0.68,0.44,0.37,1
617892.44,1279247.75,780.70,780.00,780.70,0.66,0.43,0.36,1
617984.69,1279247.75,777.69,777.00,777.69,0.63,0.40,0.33,1
618077.00,1279247.75,778.69,778.00,778.69,0.61,0.37,0.30,1
618169.25,1279247.75,781.72,781.00,781.72,0.61,0.37,0.30,1
618261.56,1279247.75,779.79,779.00,779.79,0.61,0.37,0.30,1
618353.81,1279247.75,796.91,796.00,796.91,0.60,0.35,0.28,1
618446.12,1279247.75,816.07,815.00,816.07,0.61,0.35,0.28,1
618538.38,1279247.75,821.25,820.00,821.25,0.63,0.37,0.29,1
618630.62,1279247.75,805.39,804.00,805.39,0.64,0.37,0.29,1
618722.94,1279247.75,778.49,777.00,778.49,0.64,0.36,0.28,1
618815.19,1279247.75,770.55,769.00,770.55,0.63,0.35,0.27,1
618907.50,1279247.75,786.59,785.00,786.59,0.62,0.34,0.26,1
618999.75,1279247.75,790.62,789.00,790.62,0.63,0.36,0.28,1
619092.06,1279247.75,772.64,771.00,772.64,0.63,0.35,0.27,1
619184.31,1279247.75,779.64,778.00,779.64,0.62,0.34,0.26,1
619276.62,1279247.75,793.63,792.00,793.63,0.63,0.35,0.27,1
619368.88,1279247.75,792.64,791.00,792.64,0.63,0.35,0.27,1
619461.19,1279247.75,788.64,787.00,788.64,0.62,0.34,0.26,1
619553.44,1279247.75,787.64,786.00,787.64,0.62,0.34,0.26,1
619645.69,1279247.75,772.64,771.00,772.64,0.63,0.35,0.27,1
619738.00,1279247.75,763.64,762.00,763.64,0.62,0.34,0.26,1
619830.25,1279247.75,777.65,776.00,777.65,0.61,0.33,0.25,1
619922.56,1279247.75,792.66,791.00,792.66,0.62,0.34,0.26,1
620014.81,1279247.75,788.67,787.00,788.67,0.63,0.35,0.27,1
620107.12,1279247.75,778.67,777.00,778.67,0.63,0.35,0.27,1
620199.38,1279247.75,773.67,772.00,773.67,0.63,0.35,0.27,1
620291.69,1279247.75,773.67,772.00,773.67,0.63,0.35,0.27,1
620383.94,1279247.75,768.66,767.00,768.66,0.62,0.34,0.26,1
620476.19,1279247.75,776.65,775.00,776.65,0.60,0.32,0.24,1
620568.50,1279247.75,791.63,790.00,791.63,0.62,0.34,0.26,1
620660.75,1279247.75,781.62,780.00,781.62,0.63,0.35,0.27,1
620753.06,1279247.75,768.61,767.00,768.61,0.62,0.34,0.26,1
620845.31,1279247.75,772.61,771.00,772.61,0.61,0.33,0.25,1
620937.62,1279247.75,772.61,771.00,772.61,0.62,0.34,0.26,1
621029.88,1279247.75,773.61,772.00,773.61,0.62,0.34,0.26,1
621122.19,1279247.75,780.62,779.00,780.62,0.61,0.34,0.26,1
621214.44,1279247.75,791.63,790.00,791.63,0.60,0.33,0.25,1
621306.69,1279247.75,815.64,814.00,815.64,0.60,0.32,0.24,1
621399.00,1279247.75,831.65,830.00,831.65,0.62,0.34,0.26,1
621491.25,1279247.75,826.65,825.00,826.65,0.64,0.36,0.28,1
621583.56,1279247.75,806.65,805.00,806.65,0.64,0.36,0.28,1
621675.81,1279247.75,791.64,790.00,791.64,0.63,0.35,0.27,1
621768.12,1279247.75,785.63,784.00,785.63,0.63,0.36,0.28,1
621860.38,1279247.75,783.61,782.00,783.61,0.63,0.35,0.27,1
621952.69,1279247.75,790.59,789.00,790.59,0.61,0.33,0.25,1
622044.94,1279247.75,808.58,807.00,808.58,0.61,0.33,0.25,1
622137.19,1279247.75,814.58,813.00,814.58,0.63,0.35,0.27,1
622229.50,1279247.75,805.58,804.00,805.58,0.64,0.36,0.28,1
622321.75,1279247.75,799.58,798.00,799.58,0.63,0.35,0.27,1
622414.06,1279247.75,810.59,809.00,810.59,0.62,0.34,0.26,1
622506.31,1279247.75,818.60,817.00,818.60,0.62,0.34,0.26,1
622598.62,1279247.75,817.62,816.00,817.62,0.62,0.34,0.26,1
622690.88,1279247.75,806.64,805.00,806.64,0.63,0.35,0.27,1
622783.19,1279247.75,792.66,791.00,792.66,0.63,0.35,0.27,1
622875.44,1279247.75,786.67,785.00,786.67,0.63,0.35,0.27,1
622967.69,1279247.75,783.68,782.00,783.68,0.63,0.35,0.27,1
623060.00,1279247.75,781.68,780.00,781.68,0.63,0.35,0.27,1
623152.25,1279247.75,782.69,781.00,782.69,0.63,0.35,0.27,1
623244.56,1279247.75,780.69,779.00,780.69,0.63,0.35,0.27,1
623336.81,1279247.75,779.69,778.00,779.69,0.63,0.35,0.27,1
623429.12,1279247.75,777.69,776.00,777.69,0.62,0.34,0.26,1
623521.38,1279247.75,783.69,782.00,783.69,0.60,0.32,0.24,1
623613.69,1279247.75,801.69,800.00,801.69,0.60,0.32,0.24,1
623705.94,1279247.75,810.69,809.00,810.69,0.62,0.33,0.25,1
623798.19,1279247.75,809.69,808.00,809.69,0.62,0.34,0.26,1
623890.50,1279247.75,816.69,815.00,816.69,0.62,0.33,0.25,1
623982.75,1279247.75,824.69,823.00,824.69,0.61,0.33,0.25,1
624075.06,1279247.75,834.69,833.00,834.69,0.61,0.32,0.24,1
624167.31,1279247.75,837.68,836.00,837.68,0.61,0.32,0.24,1
624259.62,1279247.75,838.68,837.00,838.68,0.61,0.33,0.25,1
624351.88,1279247.75,850.67,849.00,850.67,0.61,0.33,0.25,1
624444.19,1279247.75,854.66,853.00,854.66,0.61,0.33,0.25,1
624536.44,1279247.75,852.65,851.00,852.65,0.62,0.34,0.26,1
624628.69,1279247.75,859.63,858.00,859.63,0.62,0.34,0.26,1
624721.00,1279247.75,860.60,859.00,860.60,0.63,0.35,0.27,1
624813.25,1279247.75,846.56,845.00,846.56,0.64,0.36,0.28,1
624905.56,1279247.75,833.50,832.00,833.50,0.64,0.36,0.28,1
624997.81,1279247.75,831.41,830.00,831.41,0.62,0.35,0.27,1
625090.12,1279247.75,832.30,831.00,832.30,0.61,0.34,0.27,1
625182.38,1279247.75,827.18,826.00,827.18,0.63,0.37,0.29,1
625274.69,1279247.75,820.10,819.00,820.10,0.65,0.39,0.31,1
625366.94,1279247.75,818.07,817.00,818.07,0.58,0.32,0.25,1
625459.19,1279247.75,-9999.00,-9999.00,-9999.00,0.71,0.71,0.71,0
614385.88,1279155.38,-9999.00,-9999.00,-9999.00,0.71,0.71,0.71,0
614478.12,1279155.38,821.06,820.00,821.06,0.31,0.05,-0.02,1
614570.44,1279155.38,807.10,806.00,807.10,0.64,0.38,0.30,1
614662.69,1279155.38,797.13,796.00,797.13,0.63,0.37,0.30,1
614755.00,1279155.38,804.21,803.00,804.21,0.62,0.36,0.28,1
614847.25,1279155.38,806.34,805.00,806.34,0.63,0.36,0.28,1
614939.56,1279155.38,801.44,800.00,801.44,0.62,0.35,0.27,1
615031.81,1279155.38,806.50,805.00,806.50,0.61,0.33,0.25,1
615124.12,1279155.38,818.53,817.00,818.53,0.61,0.33,0.26,1
615216.38,1279155.38,815.54,814.00,815.54,0.63,0.35,0.27,1
615308.62,1279155.38,797.54,796.00,797.54,0.63,0.36,0.28,1
615400.94,1279155.38,782.54,781.00,782.54,0.63,0.35,0.27,1
615493.19,1279155.38,778.52,777.00,778.52,0.62,0.34,0.26,1
615585.50,1279155.38,787.48,786.00,787.48,0.61,0.33,0.26,1
615677.75,1279155.38,798.41,797.00,798.41,0.61,0.33,0.26,1
615770.06,1279155.38,800.31,799.00,800.31,0.61,0.34,0.27,1
615862.31,1279155.38,797.17,796.00,797.17,0.61,0.34,0.27,1
615954.62,1279155.38,804.02,803.00,804.02,0.59,0.34,0.27,1
616046.88,1279155.38,815.91,815.00,815.91,0.59,0.34,0.27,1
616139.12,1279155.38,817.85,817.00,817.85,0.61,0.36,0.29,1
616231.44,1279155.38,813.83,813.00,813.83,0.64,0.40,0.33,1
616323.69,1279155.38,797.82,797.00,797.82,0.65,0.41,0.34,1
616416.00,1279155.38,789.83,789.00,789.83,0.64,0.39,0.32,1
616508.25,1279155.38,792.86,792.00,792.86,0.62,0.37,0.30,1
616600.56,1279155.38,803.94,803.00,803.94,0.61,0.36,0.29,1
616692.81,1279155.38,811.07,810.00,811.07,0.62,0.36,0.29,1
616785.12,1279155.38,810.23,809.00,810.23,0.63,0.36,0.29,1
616877.38,1279155.38,801.35,800.00,801.35,0.63,0.36,0.29,1
616969.62,1279155.38,798.41,797.00,798.41,0.63,0.36,0.28,1
617061.94,1279155.38,787.43,786.00,787.43,0.63,0.36,0.28,1
617154.19,1279155.38,788.43,787.00,788.43,0.62,0.35,0.27,1
617246.50,1279155.38,799.42,798.00,799.42,0.61,0.34,0.26,1
617338.75,1279155.38,806.37,805.00,806.37,0.61,0.34,0.26,1
617431.06,1279155.38,821.28,820.00,821.28,0.60,0.33,0.26,1
617523.31,1279155.38,836.12,835.00,836.12,0.61,0.35,0.28,1
617615.62,1279155.38,839.91,839.00,839.91,0.65,0.40,0.33,1
617707.88,1279155.38,830.74,830.00,830.74,0.68,0.45,0.38,1
617800.12,1279155.38,816.64,816.00,816.64,0.70,0.46,0.40,1
617892.44,1279155.38,800.59,800.00,800.59,0.69,0.47,0.40,1
617984.69,1279155.38,782.58,782.00,782.58,0.67,0.45,0.38,1
618077.00,1279155.38,772.58,772.00,772.58,0.65,0.42,0.35,1
618169.25,1279155.38,774.60,774.00,774.60,0.63,0.40,0.34,1
618261.56,1279155.38,783.66,783.00,783.66,0.63,0.40,0.33,1
618353.81,1279155.38,799.77,799.00,799.77,0.61,0.37,0.30,1
618446.12,1279155.38,811.94,811.00,811.94,0.61,0.36,0.29,1
618538.38,1279155.38,813.15,812.00,813.15,0.62,0.36,0.28,1
618630.62,1279155.38,794.31,793.00,794.31,0.63,0.36,0.29,1
618722.94,1279155.38,774.43,773.00,774.43,0.63,0.36,0.28,1
618815.19,1279155.38,781.50,780.00,781.50,0.62,0.35,0.27,1
618907.50,1279155.38,795.56,794.00,795.56,0.62,0.35,0.27,1
618999.75,1279155.38,797.59,796.00,797.59,0.64,0.36,0.28,1
619092.06,1279155.38,777.62,776.00,777.62,0.63,0.35,0.27,1
619184.31,1279155.38,792.62,791.00,792.62,0.61,0.33,0.25,1
619276.62,1279155.38,806.62,805.00,806.62,0.63,0.35,0.27,1
619368.88,1279155.38,801.62,800.00,801.62,0.64,0.36,0.28,1
619461.19,1279155.38,783.63,782.00,783.63,0.63,0.36,0.28,1
619553.44,1279155.38,772.63,771.00,772.63,0.62,0.34,0.26,1
619645.69,1279155.38,763.63,762.00,763.63,0.62,0.34,0.26,1
619738.00,1279155.38,767.64,766.00,767.64,0.62,0.34,0.26,1
619830.25,1279155.38,780.65,779.00,780.65,0.61,0.33,0.25,1
619922.56,1279155.38,793.66,792.00,793.66,0.62,0.33,0.25,1
620014.81,1279155.38,791.66,790.00,791.66,0.63,0.35,0.27,1
620107.12,1279155.38,781.67,780.00,781.67,0.63,0.35,0.27,1
620199.38,1279155.38,777.67,776.00,777.67,0.63,0.35,0.26,1
620291.69,1279155.38,774.67,773.00,774.67,0.62,0.34,0.26,1
620383.94,1279155.38,769.66,768.00,769.66,0.62,0.34,0.26,1
620476.19,1279155.38,770.66,769.00,770.66,0.61,0.33,0.25,1
620568.50,1279155.38,783.64,782.00,783.64,0.60,0.32,0.24,1
620660.75,1279155.38,779.63,778.00,779.63,0.62,0.34,0.26,1
620753.06,1279155.38,766.62,765.00,766.62,0.63,0.35,0.27,1
620845.31,1279155.38,765.62,764.00,765.62,0.62,0.34,0.26,1
620937.62,1279155.38,768.62,767.00,768.62,0.62,0.34,0.26,1
621029.88,1279155.38,774.62,773.00,774.62,0.61,0.33,0.25,1
621122.19,1279155.38,785.63,784.00,785.63,0.61,0.33,0.25,1
621214.44,1279155.38,796.63,795.00,796.63,0.61,0.33,0.25,1
621306.69,1279155.38,813.64,812.00,813.64,0.60,0.32,0.24,1
621399.00,1279155.38,828.65,827.00,828.65,0.61,0.33,0.25,1
621491.25,1279155.38,824.64,823.00,824.64,0.63,0.35,0.27,1
621583.56,1279155.38,804.64,803.00,804.64,0.64,0.36,0.28,1
621675.81,1279155.38,794.62,793.00,794.62,0.63,0.35,0.27,1
621768.12,1279155.38,801.60,800.00,801.60,0.64,0.36,0.28,1
621860.38,1279155.38,798.56,797.00,798.56,0.64,0.36,0.28,1
621952.69,1279155.38,793.54,792.00,793.54,0.62,0.34,0.26,1
622044.94,1279155.38,808.52,807.00,808.52,0.60,0.32,0.25,1
622137.19,1279155.38,820.52,819.00,820.52,0.62,0.34,0.26,1
622229.50,1279155.38,817.52,816.00,817.52,0.64,0.36,0.28,1
622321.75,1279155.38,810.52,809.00,810.52,0.63,0.36,0.28,1
622414.06,1279155.38,815.53,814.00,815.53,0.63,0.35,0.27,1
622506.31,1279155.38,813.55,812.00,813.55,0.63,0.35,0.27,1
622598.62,1279155.38,806.57,805.00,806.57,0.62,0.34,0.27,1
622690.88,1279155.38,796.61,795.00,796.61,0.62,0.34,0.27,1
622783.19,1279155.38,796.64,795.00,796.64,0.63,0.35,0.27,1
622875.44,1279155.38,799.66,798.00,799.66,0.63,0.35,0.27,1
622967.69,1279155.38,796.67,795.00,796.67,0.63,0.35,0.27,1
623060.00,1279155.38,800.67,799.00,800.67,0.63,0.35,0.27,1
623152.25,1279155.38,803.68,802.00,803.68,0.64,0.36,0.28,1
623244.56,1279155.38,798.68,797.00,798.68,0.64,0.36,0.28,1
623336.81,1279155.38,789.68,788.00,789.68,0.64,0.36,0.28,1
623429.12,1279155.38,782.69,781.00,782.69,0.63,0.35,0.27,1
623521.38,1279155.38,781.69,780.00,781.69,0.62,0.34,0.26,1
623613.69,1279155.38,790.69,789.00,790.69,0.60,0.32,0.24,1
623705.94,1279155.38,803.69,802.00,803.69,0.60,0.32,0.24,1
623798.19,1279155.38,808.69,807.00,808.69,0.61,0.33,0.25,1
623890.50,1279155.38,816.68,815.00,816.68,0.61,0.33,0.25,1
623982.75,1279155.38,825.68,824.00,825.68,0.62,0.34,0.26,1
624075.06,1279155.38,827.68,826.00,827.68,0.62,0.34,0.26,1
624167.31,1279155.38,825.68,824.00,825.68,0.61,0.33,0.25,1
624259.62,1279155.38,834.68,833.00,834.68,0.60,0.32,0.24,1
624351.88,1279155.38,846.67,845.00,846.67,0.60,0.32,0.24,1
624444.19,1279155.38,846.65,845.00,846.65,0.61,0.33,0.25,1
624536.44,1279155.38,847.64,846.00,847.64,0.61,0.33,0.25,1
624628.69,1279155.38,856.62,855.00,856.62,0.61,0.33,0.25,1
624721.00,1279155.38,857.59,856.00,857.59,0.62,0.34,0.26,1
624813.25,1279155.38,848.55,847.00,848.55,0.63,0.36,0.28,1
624905.56,1279155.38,842.50,841.00,842.50,0.64,0.36,0.28,1
624997.81,1279155.38,833.43,832.00,833.43,0.63,0.36,0.28,1
625090.12,1279155.38,827.34,826.00,827.34,0.63,0.36,0.28,1
625182.38,1279155.38,837.23,836.00,837.23,0.63,0.37,0.29,1
625274.69,1279155.38,842.15,841.00,842.15,0.64,0.38,0.31,1
625366.94,1279155.38,843.12,842.00,843.12,0.58,0.32,0.24,1
625459.19,1279155.38,-9999.00,-9999.00,-9999.00,0.71,0.71,0.71,0
614385.88,1279063.12,-9999.00,-9999.00,-9999.00,0.71,0.71,0.71,0
614478.12,1279063.12,807.02,806.00,807.02,0.30,0.05,-0.02,1
614570.44,1279063.12,800.05,799.00,800.05,0.63,0.37,0.30,1
614662.69,1279063.12,798.11,797.00,798.11,0.62,0.36,0.29,1
614755.00,1279063.12,809.20,808.00,809.20,0.62,0.36,0.28,1
614847.25,1279063.12,813.34,812.00,813.34,0.64,0.37,0.29,1
614939.56,1279063.12,805.44,804.00,805.44,0.64,0.36,0.29,1
615031.81,1279063.12,801.50,800.00,801.50,0.62,0.34,0.26,1
615124.12,1279063.12,808.53,807.00,808.53,0.60,0.33,0.25,1
615216.38,1279063.12,808.54,807.00,808.54,0.62,0.34,0.26,1
615308.62,1279063.12,791.54,790.00,791.54,0.63,0.35,0.27,1
615400.94,1279063.12,778.54,777.00,778.54,0.62,0.35,0.27,1
615493.19,1279063.12,780.51,779.00,780.51,0.62,0.34,0.26,1
615585.50,1279063.12,788.46,787.00,788.46,0.61,0.34,0.26,1
615677.75,1279063.12,791.37,790.00,791.37,0.62,0.34,0.27,1
615770.06,1279063.12,789.25,788.00,789.25,0.62,0.35,0.28,1
615862.31,1279063.12,786.08,785.00,786.08,0.62,0.36,0.29,1
615954.62,1279063.12,790.92,790.00,790.92,0.61,0.36,0.29,1
616046.88,1279063.12,799.81,799.00,799.81,0.60,0.36,0.29,1
616139.12,1279063.12,806.74,806.00,806.74,0.61,0.37,0.31,1
616231.44,1279063.12,810.72,810.00,810.72,0.64,0.40,0.33,1
616323.69,1279063.12,799.72,799.00,799.72,0.65,0.42,0.35,1
616416.00,1279063.12,793.73,793.00,793.73,0.65,0.41,0.34,1
616508.25,1279063.12,794.77,794.00,794.77,0.63,0.39,0.32,1
616600.56,1279063.12,801.86,801.00,801.86,0.62,0.37,0.30,1
616692.81,1279063.12,805.02,804.00,805.02,0.62,0.36,0.29,1
616785.12,1279063.12,804.20,803.00,804.20,0.62,0.35,0.28,1
616877.38,1279063.12,799.32,798.00,799.32,0.63,0.36,0.28,1
616969.62,1279063.12,791.39,790.00,791.39,0.62,0.35,0.28,1
617061.94,1279063.12,789.41,788.00,789.41,0.63,0.36,0.28,1
617154.19,1279063.12,794.42,793.00,794.42,0.63,0.36,0.28,1
617246.50,1279063.12,797.40,796.00,797.40,0.63,0.36,0.28,1
617338.75,1279063.12,798.36,797.00,798.36,0.62,0.35,0.27,1
617431.06,1279063.12,808.26,807.00,808.26,0.60,0.33,0.25,1
617523.31,1279063.12,823.09,822.00,823.09,0.58,0.32,0.25,1
617615.62,1279063.12,840.86,840.00,840.86,0.59,0.34,0.27,1
617707.88,1279063.12,847.69,847.00,847.69,0.64,0.40,0.33,1
617800.12,1279063.12,839.58,839.00,839.58,0.67,0.44,0.38,1
617892.44,1279063.12,820.52,820.00,820.52,0.69,0.46,0.40,1
617984.69,1279063.12,792.51,792.00,792.51,0.68,0.46,0.40,1
618077.00,1279063.12,780.51,780.00,780.51,0.66,0.44,0.37,1
618169.25,1279063.12,789.53,789.00,789.53,0.64,0.42,0.35,1
618261.56,1279063.12,803.58,803.00,803.58,0.65,0.42,0.36,1
618353.81,1279063.12,803.69,803.00,803.69,0.65,0.41,0.35,1
618446.12,1279063.12,800.86,800.00,800.86,0.63,0.38,0.31,1
618538.38,1279063.12,795.07,794.00,795.07,0.62,0.36,0.29,1
618630.62,1279063.12,784.26,783.00,784.26,0.63,0.37,0.29,1
618722.94,1279063.12,779.39,778.00,779.39,0.63,0.36,0.28,1
618815.19,1279063.12,792.47,791.00,792.47,0.61,0.34,0.26,1
618907.50,1279063.12,807.53,806.00,807.53,0.63,0.35,0.27,1
618999.75,1279063.12,801.57,800.00,801.57,0.64,0.36,0.29,1
619092.06,1279063.12,781.60,780.00,781.60,0.63,0.36,0.28,1
619184.31,1279063.12,788.61,787.00,788.61,0.60,0.32,0.24,1
619276.62,1279063.12,813.61,812.00,813.61,0.61,0.33,0.25,1
619368.88,1279063.12,808.62,807.00,808.62,0.64,0.36,0.28,1
619461.19,1279063.12,788.62,787.00,788.62,0.64,0.36,0.28,1
619553.44,1279063.12,775.62,774.00,775.62,0.63,0.35,0.27,1
619645.69,1279063.12,766.62,765.00,766.62,0.63,0.35,0.27,1
619738.00,1279063.12,772.63,771.00,772.63,0.61,0.34,0.26,1
619830.25,1279063.12,787.64,786.00,787.64,0.61,0.33,0.25,1
619922.56,1279063.12,794.65,793.00,794.65,0.62,0.34,0.26,1
620014.81,1279063.12,790.66,789.00,790.66,0.62,0.34,0.26,1
620107.12,1279063.12,781.66,780.00,781.66,0.63,0.35,0.27,1
620199.38,1279063.12,776.67,775.00,776.67,0.63,0.34,0.26,1
620291.69,1279063.12,773.67,772.00,773.67,0.62,0.34,0.26,1
620383.94,1279063.12,768.67,767.00,768.67,0.62,0.34,0.26,1
620476.19,1279063.12,766.67,765.00,766.67,0.62,0.34,0.26,1
620568.50,1279063.12,770.66,769.00,770.66,0.61,0.33,0.25,1
620660.75,1279063.12,765.65,764.00,765.65,0.61,0.33,0.25,1
620753.06,1279063.12,765.64,764.00,765.64,0.62,0.34,0.26,1
620845.31,1279063.12,773.64,772.00,773.64,0.62,0.34,0.26,1
620937.62,1279063.12,779.64,778.00,779.64,0.63,0.35,0.27,1
621029.88,1279063.12,775.64,774.00,775.64,0.63,0.35,0.27,1
621122.19,1279063.12,782.64,781.00,782.64,0.61,0.33,0.25,1
621214.44,1279063.12,798.65,797.00,798.65,0.61,0.33,0.25,1
621306.69,1279063.12,816.65,815.00,816.65,0.60,0.32,0.24,1
621399.00,1279063.12,830.65,829.00,830.65,0.61,0.33,0.25,1
621491.25,1279063.12,830.64,829.00,830.64,0.63,0.35,0.27,1
621583.56,1279063.12,810.62,809.00,810.62,0.64,0.36,0.28,1
621675.81,1279063.12,809.60,808.00,809.60,0.64,0.36,0.28,1
621768.12,1279063.12,819.56,818.00,819.56,0.64,0.37,0.29,1
621860.38,1279063.12,810.52,809.00,810.52,0.65,0.37,0.29,1
621952.69,1279063.12,795.49,794.00,795.49,0.63,0.36,0.28,1
622044.94,1279063.12,800.47,799.00,800.47,0.60,0.33,0.25,1
622137.19,1279063.12,815.46,814.00,815.46,0.60,0.32,0.25,1
622229.50,1279063.12,821.46,820.00,821.46,0.62,0.35,0.27,1
622321.75,1279063.12,815.46,814.00,815.46,0.63,0.36,0.28,1
622414.06,1279063.12,819.47,818.00,819.47,0.63,0.36,0.28,1
622506.31,1279063.12,816.49,815.00,816.49,0.64,0.36,0.28,1
622598.62,1279063.12,804.52,803.00,804.52,0.63,0.36,0.28,1
622690.88,1279063.12,801.57,800.00,801.57,0.62,0.35,0.27,1
622783.19,1279063.12,809.61,808.00,809.61,0.63,0.35,0.27,1
622875.44,1279063.12,807.63,806.00,807.63,0.63,0.35,0.28,1
622967.69,1279063.12,803.65,802.00,803.65,0.63,0.35,0.27,1
623060.00,1279063.12,815.66,814.00,815.66,0.63,0.35,0.27,1
623152.25,1279063.12,819.66,818.00,819.66,0.63,0.35,0.27,1
623244.56,1279063.12,818.67,817.00,818.67,0.64,0.36,0.28,1
623336.81,1279063.12,806.67,805.00,806.67,0.65,0.37,0.28,1
623429.12,1279063.12,796.68,795.00,796.68,0.64,0.36,0.28,1
623521.38,1279063.12,790.68,789.00,790.68,0.64,0.35,0.27,1
623613.69,1279063.12,787.69,786.00,787.69,0.62,0.34,0.26,1
623705.94,1279063.12,790.68,789.00,790.68,0.61,0.32,0.24,1
623798.19,1279063.12,803.68,802.00,803.68,0.60,0.32,0.24,1
623890.50,1279063.12,818.68,817.00,818.68,0.60,0.32,0.24,1
623982.75,1279063.12,832.68,831.00,832.68,0.62,0.33,0.25,1
624075.06,1279063.12,836.68,835.00,836.68,0.63,0.35,0.27,1
624167.31,1279063.12,829.67,828.00,829.67,0.63,0.35,0.27,1
624259.62,1279063.12,827.67,826.00,827.67,0.62,0.34,0.26,1
624351.88,1279063.12,831.66,830.00,831.66,0.61,0.33,0.25,1
624444.19,1279063.12,833.64,832.00,833.64,0.61,0.33,0.25,1
624536.44,1279063.12,841.62,840.00,841.62,0.61,0.33,0.25,1
624628.69,1279063.12,850.60,849.00,850.60,0.61,0.33,0.25,1
624721.00,1279063.12,853.58,852.00,853.58,0.62,0.34,0.26,1
624813.25,1279063.12,852.55,851.00,852.55,0.63,0.35,0.27,1
624905.56,1279063.12,846.52,845.00,846.52,0.63,0.35,0.27,1
624997.81,1279063.12,836.46,835.00,836.46,0.63,0.35,0.28,1
625090.12,1279063.12,838.39,837.00,838.39,0.62,0.35,0.28,1
625182.38,1279063.12,851.30,850.00,851.30,0.62,0.35,0.27,1
625274.69,1279063.12,857.24,856.00,857.24,0.62,0.36,0.28,1
625366.94,1279063.12,859.19,858.00,859.19,0.58,0.31,0.24,1
625459.19,1279063.12,-9999.00,-9999.00,-9999.00,0.71,0.71,0.71,0
614385.88,1278970.88,-9999.00,-9999.00,-9999.00,0.71,0.71,0.71,0
614478.12,1278970.88,802.98,802.00,802.98,0.30,0.04,-0.03,1
614570.44,1278970.88,796.00,795.00,796.00,0.63,0.38,0.30,1
614662.69,1278970.88,799.06,798.00,799.06,0.61,0.36,0.28,1
614755.00,1278970.88,814.19,813.00,814.19,0.61,0.35,0.27,1
614847.25,1278970.88,822.34,821.00,822.34,0.63,0.36,0.28,1
614939.56,1278970.88,812.44,811.00,812.44,0.64,0.37,0.29,1
615031.81,1278970.88,798.50,797.00,798.50,0.64,0.36,0.28,1
615124.12,1278970.88,794.53,793.00,794.53,0.62,0.35,0.27,1
615216.38,1278970.88,791.54,790.00,791.54,0.62,0.34,0.26,1
615308.62,1278970.88,781.54,780.00,781.54,0.62,0.35,0.27,1
615400.94,1278970.88,775.53,774.00,775.53,0.62,0.35,0.27,1
615493.19,1278970.88,779.50,778.00,779.50,0.62,0.35,0.27,1
615585.50,1278970.88,783.44,782.00,783.44,0.62,0.35,0.27,1
615677.75,1278970.88,785.33,784.00,785.33,0.62,0.36,0.28,1
615770.06,1278970.88,786.18,785.00,786.18,0.63,0.37,0.30,1
615862.31,1278970.88,787.98,787.00,787.98,0.64,0.39,0.31,1
615954.62,1278970.88,790.81,790.00,790.81,0.63,0.39,0.32,1
616046.88,1278970.88,796.70,796.00,796.70,0.63,0.39,0.33,1
616139.12,1278970.88,806.64,806.00,806.64,0.64,0.40,0.34,1
616231.44,1278970.88,811.62,811.00,811.62,0.65,0.42,0.36,1
616323.69,1278970.88,803.61,803.00,803.61,0.66,0.43,0.36,1
616416.00,1278970.88,798.63,798.00,798.63,0.65,0.42,0.35,1
616508.25,1278970.88,798.68,798.00,798.68,0.64,0.40,0.34,1
616600.56,1278970.88,798.80,798.00,798.80,0.63,0.39,0.32,1
616692.81,1278970.88,795.98,795.00,795.98,0.63,0.37,0.30,1
616785.12,1278970.88,792.17,791.00,792.17,0.62,0.36,0.29,1
616877.38,1278970.88,791.30,790.00,791.30,0.62,0.35,0.28,1
616969.62,1278970.88,791.37,790.00,791.37,0.63,0.36,0.28,1
617061.94,1278970.88,796.39,795.00,796.39,0.62,0.35,0.27,1
617154.19,1278970.88,806.40,805.00,806.40,0.63,0.36,0.28,1
617246.50,1278970.88,810.38,809.00,810.38,0.63,0.36,0.29,1
617338.75,1278970.88,808.34,807.00,808.34,0.64,0.37,0.29,1
617431.06,1278970.88,803.23,802.00,803.23,0.63,0.37,0.29,1
617523.31,1278970.88,805.06,804.00,805.06,0.60,0.35,0.27,1
617615.62,1278970.88,817.83,817.00,817.83,0.58,0.33,0.26,1
617707.88,1278970.88,831.65,831.00,831.65,0.59,0.36,0.29,1
617800.12,1278970.88,829.54,829.00,829.54,0.63,0.41,0.35,1
617892.44,1278970.88,814.49,814.00,814.49,0.66,0.44,0.37,1
617984.69,1278970.88,793.47,793.00,793.47,0.67,0.45,0.39,1
618077.00,1278970.88,791.47,791.00,791.47,0.66,0.44,0.38,1
618169.25,1278970.88,805.48,805.00,805.48,0.64,0.42,0.36,1
618261.56,1278970.88,818.54,818.00,818.54,0.66,0.43,0.37,1
618353.81,1278970.88,815.64,815.00,815.64,0.68,0.44,0.38,1
618446.12,1278970.88,800.81,800.00,800.81,0.66,0.42,0.35,1
618538.38,1278970.88,791.03,790.00,791.03,0.64,0.38,0.31,1
618630.62,1278970.88,793.22,792.00,793.22,0.64,0.38,0.30,1
618722.94,1278970.88,788.36,787.00,788.36,0.63,0.36,0.29,1
618815.19,1278970.88,796.45,795.00,796.45,0.61,0.34,0.26,1
618907.50,1278970.88,815.52,814.00,815.52,0.62,0.34,0.26,1
618999.75,1278970.88,811.56,810.00,811.56,0.65,0.37,0.29,1
619092.06,1278970.88,789.58,788.00,789.58,0.65,0.37,0.29,1
619184.31,1278970.88,785.60,784.00,785.60,0.61,0.33,0.25,1
619276.62,1278970.88,811.60,810.00,811.60,0.60,0.32,0.24,1
619368.88,1278970.88,811.61,810.00,811.61,0.63,0.35,0.27,1
619461.19,1278970.88,791.62,790.00,791.62,0.64,0.36,0.28,1
619553.44,1278970.88,776.61,775.00,776.61,0.63,0.35,0.27,1
619645.69,1278970.88,768.62,767.00,768.62,0.62,0.35,0.27,1
619738.00,1278970.88,779.62,778.00,779.62,0.61,0.33,0.26,1
619830.25,1278970.88,793.63,792.00,793.63,0.62,0.34,0.26,1
619922.56,1278970.88,795.64,794.00,795.64,0.63,0.35,0.27,1
620014.81,1278970.88,784.65,783.00,784.65,0.63,0.35,0.27,1
620107.12,1278970.88,781.66,780.00,781.66,0.63,0.34,0.26,1
620199.38,1278970.88,778.67,777.00,778.67,0.63,0.35,0.27,1
620291.69,1278970.88,773.67,772.00,773.67,0.63,0.35,0.27,1
620383.94,1278970.88,769.67,768.00,769.67,0.63,0.35,0.27,1
620476.19,1278970.88,766.67,765.00,766.67,0.63,0.35,0.27,1
620568.50,1278970.88,765.67,764.00,765.67,0.62,0.34,0.26,1
620660.75,1278970.88,762.66,761.00,762.66,0.62,0.34,0.26,1
620753.06,1278970.88,764.66,763.00,764.66,0.61,0.33,0.25,1
620845.31,1278970.88,775.66,774.00,775.66,0.61,0.33,0.25,1
620937.62,1278970.88,787.66,786.00,787.66,0.62,0.34,0.26,1
621029.88,1278970.88,787.66,786.00,787.66,0.63,0.35,0.27,1
621122.19,1278970.88,797.66,796.00,797.66,0.62,0.34,0.26,1
621214.44,1278970.88,816.66,815.00,816.66,0.62,0.34,0.26,1
621306.69,1278970.88,819.66,818.00,819.66,0.62,0.34,0.26,1
621399.00,1278970.88,816.65,815.00,816.65,0.60,0.32,0.24,1
621491.25,1278970.88,821.64,820.00,821.64,0.60,0.32,0.24,1
621583.56,1278970.88,825.61,824.00,825.61,0.62,0.34,0.26,1
621675.81,1278970.88,843.58,842.00,843.58,0.63,0.35,0.27,1
621768.12,1278970.88,848.52,847.00,848.52,0.65,0.38,0.30,1
621860.38,1278970.88,823.48,822.00,823.48,0.66,0.38,0.30,1
621952.69,1278970.88,800.45,799.00,800.45,0.64,0.37,0.29,1
622044.94,1278970.88,793.43,792.00,793.43,0.62,0.34,0.27,1
622137.19,1278970.88,800.42,799.00,800.42,0.60,0.33,0.25,1
622229.50,1278970.88,810.42,809.00,810.42,0.60,0.33,0.25,1
622321.75,1278970.88,824.42,823.00,824.42,0.62,0.35,0.27,1
622414.06,1278970.88,832.43,831.00,832.43,0.63,0.36,0.28,1
622506.31,1278970.88,826.45,825.00,826.45,0.64,0.37,0.29,1
622598.62,1278970.88,809.48,808.00,809.48,0.64,0.36,0.29,1
622690.88,1278970.88,806.52,805.00,806.52,0.62,0.35,0.27,1
622783.19,1278970.88,818.57,817.00,818.57,0.62,0.34,0.26,1
622875.44,1278970.88,819.60,818.00,819.60,0.62,0.35,0.27,1
622967.69,1278970.88,820.62,819.00,820.62,0.63,0.35,0.27,1
623060.00,1278970.88,832.63,831.00,832.63,0.62,0.34,0.26,1
623152.25,1278970.88,836.64,835.00,836.64,0.63,0.35,0.27,1
623244.56,1278970.88,835.65,834.00,835.65,0.64,0.36,0.28,1
623336.81,1278970.88,823.66,822.00,823.66,0.65,0.37,0.29,1
623429.12,1278970.88,813.67,812.00,813.67,0.65,0.37,0.29,1
623521.38,1278970.88,803.67,802.00,803.67,0.64,0.36,0.28,1
623613.69,1278970.88,798.68,797.00,798.68,0.64,0.36,0.28,1
623705.94,1278970.88,792.68,791.00,792.68,0.63,0.35,0.27,1
623798.19,1278970.88,799.68,798.00,799.68,0.60,0.32,0.24,1
623890.50,1278970.88,817.67,816.00,817.67,0.59,0.31,0.23,1
623982.75,1278970.88,836.67,835.00,836.67,0.60,0.32,0.24,1
624075.06,1278970.88,840.67,839.00,840.67,0.62,0.34,0.26,1
624167.31,1278970.88,834.67,833.00,834.67,0.63,0.35,0.27,1
624259.62,1278970.88,832.66,831.00,832.66,0.63,0.35,0.27,1
624351.88,1278970.88,834.64,833.00,834.64,0.63,0.34,0.26,1
624444.19,1278970.88,838.63,837.00,838.63,0.63,0.35,0.27,1
624536.44,1278970.88,846.61,845.00,846.61,0.62,0.34,0.26,1
624628.69,1278970.88,853.60,852.00,853.60,0.62,0.34,0.26,1
624721.00,1278970.88,857.58,856.00,857.58,0.62,0.34,0.26,1
624813.25,1278970.88,852.56,851.00,852.56,0.63,0.35,0.27,1
624905.56,1278970.88,838.53,837.00,838.53,0.63,0.35,0.27,1
624997.81,1278970.88,834.50,833.00,834.50,0.62,0.35,0.27,1
625090.12,1278970.88,845.45,844.00,845.45,0.62,0.34,0.27,1
625182.38,1278970.88,848.39,847.00,848.39,0.62,0.35,0.27,1
625274.69,1278970.88,844.33,843.00,844.33,0.61,0.34,0.26,1
625366.94,1278970.88,844.28,843.00,844.28,0.58,0.31,0.24,1
625459.19,1278970.88,-9999.00,-9999.00,-9999.00,0.71,0.71,0.71,0
614385.88,1278878.62,-9999.00,-9999.00,-9999.00,0.71,0.71,0.71,0
614478.12,1278878.62,806.01,805.00,806.01,0.30,0.05,-0.02,1
614570.44,1278878.62,798.04,797.00,798.04,0.64,0.38,0.31,1
614662.69,1278878.62,797.05,796.00,797.05,0.62,0.37,0.29,1
614755.00,1278878.62,808.19,807.00,808.19,0.61,0.35,0.27,1
614847.25,1278878.62,819.34,818.00,819.34,0.62,0.35,0.27,1
614939.56,1278878.62,817.44,816.00,817.44,0.64,0.36,0.29,1
615031.81,1278878.62,811.50,810.00,811.50,0.64,0.37,0.29,1
615124.12,1278878.62,803.53,802.00,803.53,0.64,0.36,0.28,1
615216.38,1278878.62,789.54,788.00,789.54,0.63,0.35,0.27,1
615308.62,1278878.62,781.54,780.00,781.54,0.63,0.35,0.27,1
615400.94,1278878.62,780.52,779.00,780.52,0.63,0.35,0.27,1
615493.19,1278878.62,784.48,783.00,784.48,0.63,0.35,0.27,1
615585.50,1278878.62,788.40,787.00,788.40,0.63,0.36,0.28,1
615677.75,1278878.62,795.27,794.00,795.27,0.63,0.37,0.29,1
615770.06,1278878.62,802.10,801.00,802.10,0.65,0.39,0.31,1
615862.31,1278878.62,803.88,803.00,803.88,0.66,0.41,0.34,1
615954.62,1278878.62,803.71,803.00,803.71,0.65,0.42,0.35,1
616046.88,1278878.62,812.60,812.00,812.60,0.65,0.42,0.36,1
616139.12,1278878.62,823.54,823.00,823.54,0.66,0.44,0.37,1
616231.44,1278878.62,826.52,826.00,826.52,0.68,0.45,0.39,1
616323.69,1278878.62,813.52,813.00,813.52,0.68,0.45,0.39,1
616416.00,1278878.62,802.54,802.00,802.54,0.66,0.44,0.37,1
616508.25,1278878.62,797.61,797.00,797.61,0.64,0.42,0.35,1
616600.56,1278878.62,793.73,793.00,793.73,0.63,0.39,0.32,1
616692.81,1278878.62,793.93,793.00,793.93,0.63,0.38,0.31,1
616785.12,1278878.62,792.14,791.00,792.14,0.63,0.37,0.30,1
616877.38,1278878.62,792.27,791.00,792.27,0.63,0.36,0.28,1
616969.62,1278878.62,798.35,797.00,798.35,0.62,0.35,0.27,1
617061.94,1278878.62,805.37,804.00,805.37,0.62,0.35,0.27,1
617154.19,1278878.62,815.38,814.00,815.38,0.62,0.34,0.27,1
617246.50,1278878.62,818.36,817.00,818.36,0.62,0.35,0.27,1
617338.75,1278878.62,816.31,815.00,816.31,0.63,0.36,0.28,1
617431.06,1278878.62,812.21,811.00,812.21,0.63,0.37,0.30,1
617523.31,1278878.62,807.04,806.00,807.04,0.63,0.38,0.31,1
617615.62,1278878.62,805.81,805.00,805.81,0.61,0.37,0.30,1
617707.88,1278878.62,814.63,814.00,814.63,0.60,0.36,0.30,1
617800.12,1278878.62,820.52,820.00,820.52,0.63,0.41,0.34,1
617892.44,1278878.62,808.47,808.00,808.47,0.65,0.44,0.37,1
617984.69,1278878.62,800.45,800.00,800.45,0.65,0.44,0.37,1
618077.00,1278878.62,813.45,813.00,813.45,0.65,0.43,0.37,1
618169.25,1278878.62,826.47,826.00,826.47,0.65,0.43,0.37,1
618261.56,1278878.62,839.52,839.00,839.52,0.66,0.44,0.38,1
618353.81,1278878.62,836.62,836.00,836.62,0.69,0.46,0.39,1
618446.12,1278878.62,813.79,813.00,813.79,0.68,0.44,0.37,1
618538.38,1278878.62,802.00,801.00,802.00,0.65,0.40,0.33,1
618630.62,1278878.62,803.20,802.00,803.20,0.64,0.38,0.30,1
618722.94,1278878.62,799.35,798.00,799.35,0.64,0.37,0.29,1
618815.19,1278878.62,797.45,796.00,797.45,0.62,0.34,0.27,1
618907.50,1278878.62,816.51,815.00,816.51,0.60,0.33,0.25,1
618999.75,1278878.62,824.55,823.00,824.55,0.63,0.36,0.28,1
619092.06,1278878.62,811.58,810.00,811.58,0.65,0.38,0.30,1
619184.31,1278878.62,794.60,793.00,794.60,0.64,0.36,0.28,1
619276.62,1278878.62,807.60,806.00,807.60,0.61,0.33,0.25,1
619368.88,1278878.62,808.61,807.00,808.61,0.63,0.35,0.27,1
619461.19,1278878.62,788.61,787.00,788.61,0.64,0.36,0.28,1
619553.44,1278878.62,773.61,772.00,773.61,0.63,0.35,0.27,1
619645.69,1278878.62,775.61,774.00,775.61,0.62,0.35,0.27,1
619738.00,1278878.62,787.61,786.00,787.61,0.62,0.34,0.26,1
619830.25,1278878.62,801.62,800.00,801.62,0.62,0.34,0.26,1
619922.56,1278878.62,796.63,795.00,796.63,0.63,0.35,0.27,1
620014.81,1278878.62,787.65,786.00,787.65,0.63,0.35,0.27,1
620107.12,1278878.62,784.66,783.00,784.66,0.63,0.35,0.27,1
620199.38,1278878.62,781.67,780.00,781.67,0.63,0.35,0.27,1
620291.69,1278878.62,779.67,778.00,779.67,0.63,0.35,0.27,1
620383.94,1278878.62,780.67,779.00,780.67,0.64,0.36,0.28,1
620476.19,1278878.62,775.67,774.00,775.67,0.64,0.36,0.28,1
620568.50,1278878.62,769.67,768.00,769.67,0.63,0.35,0.27,1
620660.75,1278878.62,765.67,764.00,765.67,0.62,0.34,0.26,1
620753.06,1278878.62,767.67,766.00,767.67,0.61,0.33,0.25,1
620845.31,1278878.62,782.67,781.00,782.67,0.61,0.33,0.25,1
620937.62,1278878.62,797.67,796.00,797.67,0.61,0.33,0.25,1
621029.88,1278878.62,812.67,811.00,812.67,0.63,0.34,0.26,1
621122.19,1278878.62,821.67,820.00,821.67,0.63,0.35,0.27,1
621214.44,1278878.62,826.67,825.00,826.67,0.63,0.35,0.27,1
621306.69,1278878.62,811.66,810.00,811.66,0.62,0.34,0.26,1
621399.00,1278878.62,802.65,801.00,802.65,0.61,0.33,0.25,1
621491.25,1278878.62,811.63,810.00,811.63,0.60,0.32,0.24,1
621583.56,1278878.62,827.60,826.00,827.60,0.60,0.32,0.24,1
621675.81,1278878.62,851.56,850.00,851.56,0.61,0.33,0.25,1
621768.12,1278878.62,858.50,857.00,858.50,0.64,0.36,0.28,1
621860.38,1278878.62,830.46,829.00,830.46,0.65,0.38,0.30,1
621952.69,1278878.62,803.43,802.00,803.43,0.65,0.38,0.30,1
622044.94,1278878.62,790.41,789.00,790.41,0.63,0.36,0.28,1
622137.19,1278878.62,797.40,796.00,797.40,0.61,0.34,0.27,1
622229.50,1278878.62,810.40,809.00,810.40,0.60,0.33,0.26,1
622321.75,1278878.62,830.40,829.00,830.40,0.60,0.33,0.25,1
622414.06,1278878.62,841.41,840.00,841.41,0.63,0.35,0.28,1
622506.31,1278878.62,833.43,832.00,833.43,0.65,0.37,0.30,1
622598.62,1278878.62,814.45,813.00,814.45,0.65,0.37,0.29,1
622690.88,1278878.62,810.49,809.00,810.49,0.64,0.36,0.28,1
622783.19,1278878.62,813.53,812.00,813.53,0.63,0.35,0.27,1
622875.44,1278878.62,816.56,815.00,816.56,0.62,0.34,0.26,1
622967.69,1278878.62,826.59,825.00,826.59,0.62,0.34,0.26,1
623060.00,1278878.62,835.60,834.00,835.60,0.61,0.33,0.25,1
623152.25,1278878.62,845.62,844.00,845.62,0.62,0.34,0.26,1
623244.56,1278878.62,852.63,851.00,852.63,0.63,0.35,0.27,1
623336.81,1278878.62,845.64,844.00,845.64,0.65,0.37,0.29,1
623429.12,1278878.62,835.65,834.00,835.65,0.65,0.37,0.29,1
623521.38,1278878.62,826.66,825.00,826.66,0.64,0.36,0.28,1
623613.69,1278878.62,824.67,823.00,824.67,0.64,0.36,0.28,1
623705.94,1278878.62,810.67,809.00,810.67,0.65,0.37,0.29,1
623798.19,1278878.62,795.68,794.00,795.68,0.63,0.35,0.27,1
623890.50,1278878.62,805.67,804.00,805.67,0.59,0.31,0.23,1
623982.75,1278878.62,825.67,824.00,825.67,0.59,0.31,0.23,1
624075.06,1278878.62,831.67,830.00,831.67,0.60,0.32,0.24,1
624167.31,1278878.62,834.66,833.00,834.66,0.61,0.33,0.25,1
624259.62,1278878.62,839.64,838.00,839.64,0.62,0.34,0.26,1
624351.88,1278878.62,846.63,845.00,846.63,0.62,0.34,0.26,1
624444.19,1278878.62,855.61,854.00,855.61,0.63,0.35,0.27,1
624536.44,1278878.62,857.60,856.00,857.60,0.63,0.35,0.27,1
624628.69,1278878.62,854.59,853.00,854.59,0.63,0.35,0.27,1
624721.00,1278878.62,850.58,849.00,850.58,0.62,0.34,0.26,1
624813.25,1278878.62,844.57,843.00,844.57,0.62,0.35,0.27,1
624905.56,1278878.62,839.56,838.00,839.56,0.63,0.35,0.27,1
624997.81,1278878.62,842.55,841.00,842.55,0.63,0.35,0.27,1
625090.12,1278878.62,843.52,842.00,843.52,0.63,0.35,0.27,1
625182.38,1278878.62,839.49,838.00,839.49,0.63,0.35,0.27,1
625274.69,1278878.62,832.45,831.00,832.45,0.63,0.35,0.28,1
625366.94,1278878.62,829.40,828.00,829.40,0.58,0.31,0.23,1
625459.19,1278878.62,-9999.00,-9999.00,-9999.00,0.71,0.71,0.71,0
614385.88,1278786.25,-9999.00,-9999.00,-9999.00,0.71,0.71,0.71,0
614478.12,1278786.25,805.08,804.00,805.08,0.31,0.06,-0.02,1
614570.44,1278786.25,802.13,801.00,802.13,0.63,0.37,0.30,1
614662.69,1278786.25,804.11,803.00,804.11,0.63,0.37,0.30,1
614755.00,1278786.25,813.20,812.00,813.20,0.62,0.36,0.28,1
614847.25,1278786.25,825.35,824.00,825.35,0.62,0.36,0.28,1
614939.56,1278786.25,828.45,827.00,828.45,0.64,0.36,0.29,1
615031.81,1278786.25,821.50,820.00,821.50,0.64,0.37,0.29,1
615124.12,1278786.25,805.52,804.00,805.52,0.64,0.36,0.28,1
615216.38,1278786.25,786.53,785.00,786.53,0.63,0.35,0.28,1
615308.62,1278786.25,780.52,779.00,780.52,0.62,0.34,0.27,1
615400.94,1278786.25,788.50,787.00,788.50,0.62,0.34,0.26,1
615493.19,1278786.25,796.44,795.00,796.44,0.62,0.35,0.27,1
615585.50,1278786.25,806.34,805.00,806.34,0.62,0.35,0.27,1
615677.75,1278786.25,818.19,817.00,818.19,0.62,0.36,0.29,1
615770.06,1278786.25,826.99,826.00,826.99,0.64,0.38,0.31,1
615862.31,1278786.25,827.77,827.00,827.77,0.65,0.41,0.34,1
615954.62,1278786.25,827.60,827.00,827.60,0.66,0.43,0.36,1
616046.88,1278786.25,841.49,841.00,841.49,0.65,0.43,0.37,1
616139.12,1278786.25,855.44,855.00,855.44,0.68,0.46,0.40,1
616231.44,1278786.25,847.43,847.00,847.43,0.70,0.49,0.43,1
616323.69,1278786.25,823.43,823.00,823.43,0.70,0.48,0.42,1
616416.00,1278786.25,807.46,807.00,807.46,0.67,0.46,0.39,1
616508.25,1278786.25,798.54,798.00,798.54,0.65,0.43,0.37,1
616600.56,1278786.25,791.68,791.00,791.68,0.63,0.40,0.33,1
616692.81,1278786.25,798.89,798.00,798.89,0.63,0.38,0.31,1
616785.12,1278786.25,799.11,798.00,799.11,0.64,0.38,0.30,1
616877.38,1278786.25,799.24,798.00,799.24,0.64,0.37,0.30,1
616969.62,1278786.25,798.32,797.00,798.32,0.63,0.36,0.28,1
617061.94,1278786.25,801.35,800.00,801.35,0.61,0.34,0.27,1
617154.19,1278786.25,805.35,804.00,805.35,0.61,0.34,0.26,1
617246.50,1278786.25,806.34,805.00,806.34,0.61,0.34,0.27,1
617338.75,1278786.25,806.29,805.00,806.29,0.61,0.35,0.27,1
617431.06,1278786.25,808.19,807.00,808.19,0.62,0.36,0.28,1
617523.31,1278786.25,806.02,805.00,806.02,0.64,0.38,0.31,1
617615.62,1278786.25,801.80,801.00,801.80,0.64,0.39,0.32,1
617707.88,1278786.25,806.63,806.00,806.63,0.62,0.39,0.32,1
617800.12,1278786.25,814.52,814.00,814.52,0.63,0.41,0.35,1
617892.44,1278786.25,810.47,810.00,810.47,0.65,0.43,0.37,1
617984.69,1278786.25,811.45,811.00,811.45,0.63,0.42,0.36,1
618077.00,1278786.25,832.45,832.00,832.45,0.62,0.40,0.34,1
618169.25,1278786.25,850.47,850.00,850.47,0.64,0.42,0.36,1
618261.56,1278786.25,860.52,860.00,860.52,0.67,0.44,0.38,1
618353.81,1278786.25,854.62,854.00,854.62,0.69,0.46,0.39,1
618446.12,1278786.25,829.78,829.00,829.78,0.69,0.45,0.38,1
618538.38,1278786.25,815.00,814.00,815.00,0.66,0.41,0.34,1
618630.62,1278786.25,813.20,812.00,813.20,0.65,0.38,0.31,1
618722.94,1278786.25,811.35,810.00,811.35,0.65,0.38,0.30,1
618815.19,1278786.25,804.45,803.00,804.45,0.63,0.36,0.28,1
618907.50,1278786.25,812.51,811.00,812.51,0.61,0.34,0.26,1
618999.75,1278786.25,827.55,826.00,827.55,0.61,0.34,0.26,1
619092.06,1278786.25,831.58,830.00,831.58,0.65,0.37,0.29,1
619184.31,1278786.25,809.60,808.00,809.60,0.65,0.37,0.29,1
619276.62,1278786.25,809.60,808.00,809.60,0.63,0.35,0.27,1
619368.88,1278786.25,811.60,810.00,811.60,0.64,0.36,0.28,1
619461.19,1278786.25,794.60,793.00,794.60,0.65,0.37,0.29,1
619553.44,1278786.25,785.60,784.00,785.60,0.64,0.36,0.28,1
619645.69,1278786.25,790.60,789.00,790.60,0.63,0.35,0.27,1
619738.00,1278786.25,799.60,798.00,799.60,0.63,0.35,0.27,1
619830.25,1278786.25,803.61,802.00,803.61,0.63,0.35,0.27,1
619922.56,1278786.25,800.62,799.00,800.62,0.63,0.35,0.27,1
620014.81,1278786.25,796.64,795.00,796.64,0.64,0.36,0.28,1
620107.12,1278786.25,791.65,790.00,791.65,0.63,0.35,0.27,1
620199.38,1278786.25,793.66,792.00,793.66,0.62,0.34,0.26,1
620291.69,1278786.25,802.67,801.00,802.67,0.63,0.35,0.27,1
620383.94,1278786.25,799.67,798.00,799.67,0.64,0.36,0.28,1
620476.19,1278786.25,788.67,787.00,788.67,0.64,0.36,0.28,1
620568.50,1278786.25,776.67,775.00,776.67,0.64,0.36,0.27,1
620660.75,1278786.25,767.67,766.00,767.67,0.63,0.35,0.27,1
620753.06,1278786.25,767.67,766.00,767.67,0.61,0.33,0.25,1
620845.31,1278786.25,783.67,782.00,783.67,0.60,0.32,0.24,1
620937.62,1278786.25,805.67,804.00,805.67,0.60,0.32,0.24,1
621029.88,1278786.25,830.67,829.00,830.67,0.61,0.33,0.25,1
621122.19,1278786.25,838.67,837.00,838.67,0.63,0.35,0.27,1
621214.44,1278786.25,820.67,819.00,820.67,0.63,0.34,0.26,1
621306.69,1278786.25,798.66,797.00,798.66,0.62,0.34,0.26,1
621399.00,1278786.25,794.65,793.00,794.65,0.61,0.33,0.25,1
621491.25,1278786.25,808.62,807.00,808.62,0.61,0.33,0.25,1
621583.56,1278786.25,828.59,827.00,828.59,0.60,0.32,0.24,1
621675.81,1278786.25,850.54,849.00,850.54,0.60,0.33,0.25,1
621768.12,1278786.25,852.49,851.00,852.49,0.62,0.34,0.26,1
621860.38,1278786.25,831.45,830.00,831.45,0.64,0.37,0.29,1
621952.69,1278786.25,809.42,808.00,809.42,0.64,0.37,0.29,1
622044.94,1278786.25,796.40,795.00,796.40,0.63,0.36,0.28,1
622137.19,1278786.25,807.39,806.00,807.39,0.63,0.36,0.28,1
622229.50,1278786.25,815.39,814.00,815.39,0.62,0.35,0.28,1
622321.75,1278786.25,823.39,822.00,823.39,0.60,0.33,0.26,1
622414.06,1278786.25,839.40,838.00,839.40,0.60,0.33,0.25,1
622506.31,1278786.25,840.42,839.00,840.42,0.63,0.36,0.28,1
622598.62,1278786.25,830.44,829.00,830.44,0.63,0.36,0.28,1
622690.88,1278786.25,830.48,829.00,830.48,0.62,0.35,0.27,1
622783.19,1278786.25,833.51,832.00,833.51,0.62,0.35,0.27,1
622875.44,1278786.25,832.53,831.00,832.53,0.63,0.35,0.27,1
622967.69,1278786.25,834.55,833.00,834.55,0.63,0.35,0.27,1
623060.00,1278786.25,837.57,836.00,837.57,0.62,0.34,0.26,1
623152.25,1278786.25,849.58,848.00,849.58,0.61,0.33,0.26,1
623244.56,1278786.25,860.59,859.00,860.59,0.62,0.34,0.26,1
623336.81,1278786.25,860.60,859.00,860.60,0.64,0.36,0.28,1
623429.12,1278786.25,849.62,848.00,849.62,0.64,0.36,0.28,1
623521.38,1278786.25,836.63,835.00,836.63,0.64,0.36,0.28,1
623613.69,1278786.25,830.65,829.00,830.65,0.64,0.36,0.28,1
623705.94,1278786.25,820.66,819.00,820.66,0.64,0.36,0.28,1
623798.19,1278786.25,809.67,808.00,809.67,0.64,0.36,0.28,1
623890.50,1278786.25,802.67,801.00,802.67,0.63,0.35,0.27,1
623982.75,1278786.25,804.67,803.00,804.67,0.61,0.33,0.25,1
624075.06,1278786.25,812.67,811.00,812.67,0.60,0.32,0.24,1
624167.31,1278786.25,821.65,820.00,821.65,0.59,0.31,0.23,1
624259.62,1278786.25,835.64,834.00,835.64,0.60,0.32,0.24,1
624351.88,1278786.25,852.62,851.00,852.62,0.60,0.32,0.24,1
624444.19,1278786.25,863.60,862.00,863.60,0.61,0.33,0.25,1
624536.44,1278786.25,865.59,864.00,865.59,0.63,0.35,0.27,1
624628.69,1278786.25,857.59,856.00,857.59,0.63,0.35,0.27,1
624721.00,1278786.25,846.58,845.00,846.58,0.63,0.35,0.27,1
624813.25,1278786.25,843.58,842.00,843.58,0.62,0.35,0.27,1
624905.56,1278786.25,850.58,849.00,850.58,0.63,0.35,0.27,1
624997.81,1278786.25,854.58,853.00,854.58,0.63,0.36,0.28,1
625090.12,1278786.25,850.58,849.00,850.58,0.63,0.36,0.28,1
625182.38,1278786.25,846.58,845.00,846.58,0.63,0.35,0.27,1
625274.69,1278786.25,842.56,841.00,842.56,0.63,0.36,0.28,1
625366.94,1278786.25,839.54,838.00,839.54,0.58,0.30,0.23,1
625459.19,1278786.25,-9999.00,-9999.00,-9999.00,0.71,0.71,0.71,0
614385.88,1278694.00,-9999.00,-9999.00,-9999.00,0.71,0.71,0.71,0
614478.12,1278694.00,801.13,800.00,801.13,0.32,0.06,-0.01,1
614570.44,1278694.00,804.19,803.00,804.19,0.62,0.36,0.28,1
614662.69,1278694.00,811.18,810.00,811.18,0.62,0.36,0.28,1
614755.00,1278694.00,823.25,822.00,823.25,0.62,0.35,0.28,1
614847.25,1278694.00,836.36,835.00,836.36,0.62,0.35,0.28,1
614939.56,1278694.00,838.45,837.00,838.45,0.63,0.36,0.28,1
615031.81,1278694.00,821.50,820.00,821.50,0.63,0.36,0.28,1
615124.12,1278694.00,798.51,797.00,798.51,0.63,0.36,0.28,1
615216.38,1278694.00,781.51,780.00,781.51,0.63,0.35,0.27,1
615308.62,1278694.00,779.50,778.00,779.50,0.62,0.34,0.26,1
615400.94,1278694.00,787.46,786.00,787.46,0.61,0.34,0.26,1
615493.19,1278694.00,798.39,797.00,798.39,0.61,0.34,0.26,1
615585.50,1278694.00,807.26,806.00,807.26,0.61,0.34,0.27,1
615677.75,1278694.00,816.08,815.00,816.08,0.61,0.35,0.28,1
615770.06,1278694.00,823.85,823.00,823.85,0.62,0.37,0.30,1
615862.31,1278694.00,830.63,830.00,830.63,0.63,0.40,0.34,1
615954.62,1278694.00,845.48,845.00,845.48,0.64,0.42,0.36,1
616046.88,1278694.00,864.39,864.00,864.39,0.65,0.44,0.38,1
616139.12,1278694.00,879.35,879.00,879.35,0.69,0.48,0.42,1
616231.44,1278694.00,864.34,864.00,864.34,0.72,0.51,0.45,1
616323.69,1278694.00,834.36,834.00,834.36,0.71,0.50,0.44,1
616416.00,1278694.00,813.40,813.00,813.40,0.69,0.47,0.41,1
616508.25,1278694.00,800.49,800.00,800.49,0.67,0.44,0.38,1
616600.56,1278694.00,791.64,791.00,791.64,0.64,0.41,0.34,1
616692.81,1278694.00,798.86,798.00,798.86,0.62,0.37,0.30,1
616785.12,1278694.00,805.07,804.00,805.07,0.62,0.37,0.29,1
616877.38,1278694.00,813.22,812.00,813.22,0.64,0.38,0.30,1
616969.62,1278694.00,804.29,803.00,804.29,0.64,0.37,0.30,1
617061.94,1278694.00,796.33,795.00,796.33,0.63,0.36,0.28,1
617154.19,1278694.00,798.33,797.00,798.33,0.62,0.35,0.27,1
617246.50,1278694.00,800.32,799.00,800.32,0.62,0.36,0.28,1
617338.75,1278694.00,802.27,801.00,802.27,0.63,0.36,0.28,1
617431.06,1278694.00,806.17,805.00,806.17,0.62,0.36,0.29,1
617523.31,1278694.00,812.01,811.00,812.01,0.63,0.38,0.31,1
617615.62,1278694.00,810.79,810.00,810.79,0.65,0.41,0.34,1
617707.88,1278694.00,808.63,808.00,808.63,0.64,0.40,0.34,1
617800.12,1278694.00,820.52,820.00,820.52,0.64,0.41,0.35,1
617892.44,1278694.00,816.47,816.00,816.47,0.65,0.43,0.37,1
617984.69,1278694.00,820.46,820.00,820.46,0.63,0.42,0.35,1
618077.00,1278694.00,839.46,839.00,839.46,0.61,0.39,0.33,1
618169.25,1278694.00,861.47,861.00,861.47,0.62,0.40,0.34,1
618261.56,1278694.00,877.52,877.00,877.52,0.65,0.43,0.37,1
618353.81,1278694.00,873.62,873.00,873.62,0.68,0.45,0.39,1
618446.12,1278694.00,853.78,853.00,853.78,0.69,0.44,0.38,1
618538.38,1278694.00,838.00,837.00,838.00,0.67,0.42,0.35,1
618630.62,1278694.00,831.21,830.00,831.21,0.65,0.39,0.31,1
618722.94,1278694.00,831.36,830.00,831.36,0.65,0.38,0.30,1
618815.19,1278694.00,819.46,818.00,819.46,0.65,0.37,0.30,1
618907.50,1278694.00,821.52,820.00,821.52,0.63,0.36,0.28,1
618999.75,1278694.00,829.56,828.00,829.56,0.62,0.34,0.26,1
619092.06,1278694.00,841.59,840.00,841.59,0.63,0.35,0.28,1
619184.31,1278694.00,836.60,835.00,836.60,0.65,0.38,0.30,1
619276.62,1278694.00,823.60,822.00,823.60,0.65,0.37,0.29,1
619368.88,1278694.00,822.60,821.00,822.60,0.64,0.36,0.28,1
619461.19,1278694.00,821.59,820.00,821.59,0.64,0.37,0.29,1
619553.44,1278694.00,815.59,814.00,815.59,0.65,0.37,0.29,1
619645.69,1278694.00,818.59,817.00,818.59,0.64,0.36,0.28,1
619738.00,1278694.00,819.59,818.00,819.59,0.64,0.37,0.29,1
619830.25,1278694.00,812.60,811.00,812.60,0.64,0.36,0.28,1
619922.56,1278694.00,806.61,805.00,806.61,0.63,0.35,0.27,1
620014.81,1278694.00,806.62,805.00,806.62,0.63,0.36,0.28,1
620107.12,1278694.00,796.64,795.00,796.64,0.63,0.35,0.27,1
620199.38,1278694.00,798.65,797.00,798.65,0.62,0.34,0.26,1
620291.69,1278694.00,812.66,811.00,812.66,0.62,0.34,0.26,1
620383.94,1278694.00,812.66,811.00,812.66,0.64,0.36,0.28,1
620476.19,1278694.00,794.67,793.00,794.67,0.64,0.36,0.28,1
620568.50,1278694.00,780.67,779.00,780.67,0.64,0.36,0.28,1
620660.75,1278694.00,769.67,768.00,769.67,0.63,0.35,0.27,1
620753.06,1278694.00,770.67,769.00,770.67,0.61,0.33,0.25,1
620845.31,1278694.00,791.67,790.00,791.67,0.60,0.32,0.24,1
620937.62,1278694.00,813.67,812.00,813.67,0.60,0.32,0.24,1
621029.88,1278694.00,832.66,831.00,832.66,0.61,0.33,0.25,1
621122.19,1278694.00,828.66,827.00,828.66,0.62,0.34,0.26,1
621214.44,1278694.00,803.67,802.00,803.67,0.62,0.34,0.26,1
621306.69,1278694.00,789.66,788.00,789.66,0.61,0.33,0.25,1
621399.00,1278694.00,798.64,797.00,798.64,0.61,0.33,0.25,1
621491.25,1278694.00,820.61,819.00,820.61,0.60,0.32,0.24,1
621583.56,1278694.00,840.58,839.00,840.58,0.61,0.33,0.25,1
621675.81,1278694.00,847.53,846.00,847.53,0.62,0.34,0.26,1
621768.12,1278694.00,834.48,833.00,834.48,0.61,0.33,0.26,1
621860.38,1278694.00,822.44,821.00,822.44,0.62,0.34,0.27,1
621952.69,1278694.00,809.41,808.00,809.41,0.63,0.36,0.28,1
622044.94,1278694.00,805.40,804.00,805.40,0.63,0.36,0.28,1
622137.19,1278694.00,825.39,824.00,825.39,0.62,0.35,0.27,1
622229.50,1278694.00,830.39,829.00,830.39,0.63,0.36,0.29,1
622321.75,1278694.00,824.39,823.00,824.39,0.62,0.35,0.28,1
622414.06,1278694.00,824.40,823.00,824.40,0.60,0.33,0.25,1
622506.31,1278694.00,830.41,829.00,830.41,0.61,0.34,0.26,1
622598.62,1278694.00,824.44,823.00,824.44,0.62,0.35,0.27,1
622690.88,1278694.00,817.47,816.00,817.47,0.61,0.34,0.26,1
622783.19,1278694.00,817.49,816.00,817.49,0.60,0.33,0.25,1
622875.44,1278694.00,828.51,827.00,828.51,0.60,0.32,0.25,1
622967.69,1278694.00,839.52,838.00,839.52,0.61,0.33,0.25,1
623060.00,1278694.00,847.53,846.00,847.53,0.62,0.34,0.26,1
623152.25,1278694.00,855.54,854.00,855.54,0.62,0.34,0.26,1
623244.56,1278694.00,865.55,864.00,865.55,0.62,0.34,0.26,1
623336.81,1278694.00,862.56,861.00,862.56,0.63,0.35,0.27,1
623429.12,1278694.00,847.58,846.00,847.58,0.63,0.35,0.27,1
623521.38,1278694.00,838.60,837.00,838.60,0.64,0.36,0.28,1
623613.69,1278694.00,837.63,836.00,837.63,0.64,0.36,0.28,1
623705.94,1278694.00,833.65,832.00,833.65,0.64,0.36,0.28,1
623798.19,1278694.00,829.66,828.00,829.66,0.64,0.36,0.28,1
623890.50,1278694.00,818.66,817.00,818.66,0.64,0.36,0.28,1
623982.75,1278694.00,814.66,813.00,814.66,0.64,0.36,0.28,1
624075.06,1278694.00,812.66,811.00,812.66,0.63,0.35,0.27,1
624167.31,1278694.00,811.65,810.00,811.65,0.61,0.33,0.25,1
624259.62,1278694.00,829.63,828.00,829.63,0.59,0.31,0.23,1
624351.88,1278694.00,841.61,840.00,841.61,0.59,0.31,0.23,1
624444.19,1278694.00,850.60,849.00,850.60,0.59,0.31,0.23,1
624536.44,1278694.00,859.59,858.00,859.59,0.61,0.33,0.25,1
624628.69,1278694.00,851.59,850.00,851.59,0.62,0.34,0.26,1
624721.00,1278694.00,844.59,843.00,844.59,0.62,0.34,0.26,1
624813.25,1278694.00,851.59,850.00,851.59,0.61,0.34,0.26,1
624905.56,1278694.00,863.59,862.00,863.59,0.62,0.34,0.26,1
624997.81,1278694.00,864.60,863.00,864.60,0.63,0.35,0.27,1
625090.12,1278694.00,856.62,855.00,856.62,0.63,0.35,0.27,1
625182.38,1278694.00,849.64,848.00,849.64,0.63,0.35,0.27,1
625274.69,1278694.00,846.65,845.00,846.65,0.62,0.34,0.26,1
625366.94,1278694.00,846.65,845.00,846.65,0.58,0.30,0.22,1
625459.19,1278694.00,-9999.00,-9999.00,-9999.00,0.71,0.71,0.71,0
614385.88,1278601.75,-9999.00,-9999.00,-9999.00,0.71,0.71,0.71,0
614478.12,1278601.75,794.15,793.00,794.15,0.32,0.06,-0.01,1
614570.44,1278601.75,804.22,803.00,804.22,0.61,0.34,0.27,1
614662.69,1278601.75,818.23,817.00,818.23,0.61,0.34,0.27,1
614755.00,1278601.75,833.29,832.00,833.29,0.61,0.35,0.27,1
614847.25,1278601.75,839.39,838.00,839.39,0.62,0.35,0.27,1
614939.56,1278601.75,830.46,829.00,830.46,0.63,0.35,0.27,1
615031.81,1278601.75,808.49,807.00,808.49,0.63,0.35,0.27,1
615124.12,1278601.75,787.49,786.00,787.49,0.63,0.35,0.27,1
615216.38,1278601.75,777.49,776.00,777.49,0.63,0.35,0.27,1
615308.62,1278601.75,778.47,777.00,778.47,0.62,0.35,0.27,1
615400.94,1278601.75,785.41,784.00,785.41,0.62,0.35,0.27,1
615493.19,1278601.75,794.31,793.00,794.31,0.62,0.35,0.28,1
615585.50,1278601.75,801.15,800.00,801.15,0.62,0.36,0.29,1
615677.75,1278601.75,810.94,810.00,810.94,0.62,0.36,0.29,1
615770.06,1278601.75,828.70,828.00,828.70,0.61,0.38,0.31,1
615862.31,1278601.75,851.50,851.00,851.50,0.63,0.41,0.34,1
615954.62,1278601.75,873.37,873.00,873.37,0.64,0.43,0.37,1
616046.88,1278601.75,893.30,893.00,893.30,0.66,0.46,0.40,1
616139.12,1278601.75,904.27,904.00,904.27,0.70,0.51,0.45,1
616231.44,1278601.75,880.28,880.00,880.28,0.72,0.52,0.47,1
616323.69,1278601.75,844.31,844.00,844.31,0.71,0.51,0.45,1
616416.00,1278601.75,820.36,820.00,820.36,0.69,0.48,0.42,1
616508.25,1278601.75,805.46,805.00,805.46,0.67,0.45,0.39,1
616600.56,1278601.75,794.61,794.00,794.61,0.65,0.42,0.35,1
616692.81,1278601.75,797.83,797.00,797.83,0.62,0.38,0.31,1
616785.12,1278601.75,809.05,808.00,809.05,0.61,0.36,0.29,1
616877.38,1278601.75,824.20,823.00,824.20,0.64,0.37,0.30,1
616969.62,1278601.75,809.28,808.00,809.28,0.64,0.38,0.30,1
617061.94,1278601.75,797.31,796.00,797.31,0.63,0.37,0.29,1
617154.19,1278601.75,802.31,801.00,802.31,0.62,0.36,0.28,1
617246.50,1278601.75,809.30,808.00,809.30,0.63,0.36,0.29,1
617338.75,1278601.75,812.26,811.00,812.26,0.64,0.37,0.30,1
617431.06,1278601.75,813.17,812.00,813.17,0.63,0.37,0.30,1
617523.31,1278601.75,820.01,819.00,820.01,0.64,0.38,0.31,1
617615.62,1278601.75,825.80,825.00,825.80,0.66,0.42,0.35,1
617707.88,1278601.75,817.64,817.00,817.64,0.66,0.43,0.36,1
617800.12,1278601.75,822.54,822.00,822.54,0.64,0.41,0.35,1
617892.44,1278601.75,824.50,824.00,824.50,0.64,0.42,0.36,1
617984.69,1278601.75,830.48,830.00,830.48,0.63,0.41,0.35,1
618077.00,1278601.75,846.48,846.00,846.48,0.61,0.39,0.33,1
618169.25,1278601.75,871.50,871.00,871.50,0.60,0.38,0.32,1
618261.56,1278601.75,892.55,892.00,892.55,0.64,0.41,0.35,1
618353.81,1278601.75,891.65,891.00,891.65,0.67,0.44,0.37,1
618446.12,1278601.75,872.80,872.00,872.80,0.68,0.44,0.37,1
618538.38,1278601.75,863.01,862.00,863.01,0.67,0.42,0.35,1
618630.62,1278601.75,850.23,849.00,850.23,0.66,0.40,0.32,1
618722.94,1278601.75,842.39,841.00,842.39,0.65,0.37,0.30,1
618815.19,1278601.75,842.49,841.00,842.49,0.64,0.37,0.29,1
618907.50,1278601.75,844.56,843.00,844.56,0.64,0.37,0.29,1
618999.75,1278601.75,845.59,844.00,845.59,0.63,0.35,0.27,1
619092.06,1278601.75,862.60,861.00,862.60,0.63,0.35,0.27,1
619184.31,1278601.75,867.60,866.00,867.60,0.65,0.37,0.29,1
619276.62,1278601.75,853.60,852.00,853.60,0.66,0.38,0.30,1
619368.88,1278601.75,840.59,839.00,840.59,0.65,0.37,0.29,1
619461.19,1278601.75,838.58,837.00,838.58,0.64,0.36,0.28,1
619553.44,1278601.75,846.57,845.00,846.57,0.64,0.36,0.28,1
619645.69,1278601.75,845.57,844.00,845.57,0.64,0.36,0.28,1
619738.00,1278601.75,842.57,841.00,842.57,0.64,0.36,0.29,1
619830.25,1278601.75,831.58,830.00,831.58,0.65,0.37,0.29,1
619922.56,1278601.75,817.58,816.00,817.58,0.64,0.36,0.29,1
620014.81,1278601.75,812.60,811.00,812.60,0.64,0.36,0.28,1
620107.12,1278601.75,804.62,803.00,804.62,0.64,0.36,0.28,1
620199.38,1278601.75,804.63,803.00,804.63,0.63,0.35,0.27,1
620291.69,1278601.75,818.65,817.00,818.65,0.62,0.34,0.26,1
620383.94,1278601.75,817.65,816.00,817.65,0.63,0.35,0.27,1
620476.19,1278601.75,800.67,799.00,800.67,0.64,0.36,0.28,1
620568.50,1278601.75,785.67,784.00,785.67,0.64,0.35,0.27,1
620660.75,1278601.75,774.67,773.00,774.67,0.63,0.35,0.27,1
620753.06,1278601.75,775.67,774.00,775.67,0.61,0.33,0.25,1
620845.31,1278601.75,798.67,797.00,798.67,0.59,0.31,0.23,1
620937.62,1278601.75,820.67,819.00,820.67,0.60,0.32,0.24,1
621029.88,1278601.75,826.67,825.00,826.67,0.61,0.33,0.25,1
621122.19,1278601.75,813.67,812.00,813.67,0.62,0.34,0.25,1
621214.44,1278601.75,790.67,789.00,790.67,0.62,0.34,0.26,1
621306.69,1278601.75,783.66,782.00,783.66,0.61,0.33,0.25,1
621399.00,1278601.75,799.64,798.00,799.64,0.60,0.32,0.24,1
621491.25,1278601.75,820.61,819.00,820.61,0.59,0.32,0.24,1
621583.56,1278601.75,841.58,840.00,841.58,0.60,0.33,0.25,1
621675.81,1278601.75,838.53,837.00,838.53,0.62,0.35,0.27,1
621768.12,1278601.75,812.48,811.00,812.48,0.62,0.34,0.27,1
621860.38,1278601.75,801.44,800.00,801.44,0.61,0.33,0.26,1
621952.69,1278601.75,804.42,803.00,804.42,0.61,0.34,0.26,1
622044.94,1278601.75,821.40,820.00,821.40,0.61,0.34,0.27,1
622137.19,1278601.75,834.39,833.00,834.39,0.62,0.35,0.27,1
622229.50,1278601.75,832.39,831.00,832.39,0.62,0.35,0.27,1
622321.75,1278601.75,818.39,817.00,818.39,0.62,0.35,0.27,1
622414.06,1278601.75,812.40,811.00,812.40,0.61,0.34,0.26,1
622506.31,1278601.75,816.42,815.00,816.42,0.61,0.33,0.26,1
622598.62,1278601.75,810.44,809.00,810.44,0.62,0.34,0.26,1
622690.88,1278601.75,804.47,803.00,804.47,0.62,0.35,0.27,1
622783.19,1278601.75,809.49,808.00,809.49,0.62,0.34,0.27,1
622875.44,1278601.75,818.49,817.00,818.49,0.61,0.33,0.25,1
622967.69,1278601.75,831.50,830.00,831.50,0.60,0.32,0.24,1
623060.00,1278601.75,847.50,846.00,847.50,0.60,0.33,0.25,1
623152.25,1278601.75,857.50,856.00,857.50,0.62,0.34,0.26,1
623244.56,1278601.75,860.51,859.00,860.51,0.62,0.34,0.26,1
623336.81,1278601.75,855.52,854.00,855.52,0.62,0.35,0.27,1
623429.12,1278601.75,845.54,844.00,845.54,0.62,0.34,0.26,1
623521.38,1278601.75,855.56,854.00,855.56,0.62,0.34,0.26,1
623613.69,1278601.75,866.60,865.00,866.60,0.63,0.36,0.28,1
623705.94,1278601.75,863.62,862.00,863.62,0.65,0.37,0.29,1
623798.19,1278601.75,843.64,842.00,843.64,0.65,0.37,0.29,1
623890.50,1278601.75,830.64,829.00,830.64,0.64,0.36,0.28,1
623982.75,1278601.75,837.65,836.00,837.65,0.64,0.36,0.28,1
624075.06,1278601.75,828.64,827.00,828.64,0.64,0.36,0.28,1
624167.31,1278601.75,811.63,810.00,811.63,0.63,0.35,0.27,1
624259.62,1278601.75,814.62,813.00,814.62,0.61,0.33,0.25,1
624351.88,1278601.75,822.60,821.00,822.60,0.60,0.32,0.24,1
624444.19,1278601.75,832.59,831.00,832.59,0.60,0.32,0.25,1
624536.44,1278601.75,842.59,841.00,842.59,0.61,0.33,0.25,1
624628.69,1278601.75,842.59,841.00,842.59,0.62,0.34,0.26,1
624721.00,1278601.75,840.59,839.00,840.59,0.61,0.34,0.26,1
624813.25,1278601.75,849.59,848.00,849.59,0.60,0.32,0.25,1
624905.56,1278601.75,864.60,863.00,864.60,0.61,0.33,0.25,1
624997.81,1278601.75,866.61,865.00,866.61,0.63,0.35,0.27,1
625090.12,1278601.75,853.64,852.00,853.64,0.63,0.35,0.27,1
625182.38,1278601.75,844.67,843.00,844.67,0.62,0.33,0.25,1
625274.69,1278601.75,846.69,845.00,846.69,0.61,0.33,0.25,1
625366.94,1278601.75,848.69,847.00,848.69,0.58,0.30,0.22,1
625459.19,1278601.75,-9999.00,-9999.00,-9999.00,0.71,0.71,0.71,0
614385.88,1278509.50,-9999.00,-9999.00,-9999.00,0.71,0.71,0.71,0
614478.12,1278509.50,787.17,786.00,787.17,0.33,0.06,-0.01,1
614570.44,1278509.50,800.24,799.00,800.24,0.59,0.33,0.25,1
614662.69,1278509.50,817.26,816.00,817.26,0.59,0.32,0.25,1
614755.00,1278509.50,829.33,828.00,829.33,0.59,0.33,0.25,1
614847.25,1278509.50,832.41,831.00,832.41,0.61,0.34,0.26,1
614939.56,1278509.50,818.46,817.00,818.46,0.62,0.35,0.27,1
615031.81,1278509.50,793.48,792.00,793.48,0.63,0.35,0.27,1
615124.12,1278509.50,781.48,780.00,781.48,0.63,0.35,0.27,1
615216.38,1278509.50,780.47,779.00,780.47,0.62,0.35,0.27,1
615308.62,1278509.50,783.43,782.00,783.43,0.62,0.34,0.27,1
615400.94,1278509.50,794.36,793.00,794.36,0.62,0.35,0.27,1
615493.19,1278509.50,808.23,807.00,808.23,0.62,0.36,0.28,1
615585.50,1278509.50,819.05,818.00,819.05,0.63,0.38,0.31,1
615677.75,1278509.50,828.81,828.00,828.81,0.63,0.39,0.32,1
615770.06,1278509.50,850.58,850.00,850.58,0.62,0.39,0.32,1
615862.31,1278509.50,880.40,880.00,880.40,0.61,0.40,0.34,1
615954.62,1278509.50,905.29,905.00,905.29,0.63,0.43,0.37,1
616046.88,1278509.50,923.24,923.00,923.24,0.66,0.47,0.42,1
616139.12,1278509.50,921.23,921.00,921.23,0.71,0.52,0.47,1
616231.44,1278509.50,883.23,883.00,883.23,0.71,0.52,0.47,1
616323.69,1278509.50,844.27,844.00,844.27,0.70,0.50,0.44,1
616416.00,1278509.50,821.34,821.00,821.34,0.68,0.47,0.41,1
616508.25,1278509.50,806.44,806.00,806.44,0.67,0.45,0.39,1
616600.56,1278509.50,797.59,797.00,797.59,0.65,0.42,0.36,1
616692.81,1278509.50,801.81,801.00,801.81,0.63,0.38,0.31,1
616785.12,1278509.50,815.04,814.00,815.04,0.62,0.36,0.29,1
616877.38,1278509.50,828.19,827.00,828.19,0.64,0.37,0.30,1
616969.62,1278509.50,809.27,808.00,809.27,0.64,0.38,0.30,1
617061.94,1278509.50,802.30,801.00,802.30,0.63,0.37,0.29,1
617154.19,1278509.50,810.30,809.00,810.30,0.62,0.36,0.28,1
617246.50,1278509.50,821.30,820.00,821.30,0.63,0.36,0.28,1
617338.75,1278509.50,826.26,825.00,826.26,0.64,0.37,0.29,1
617431.06,1278509.50,828.17,827.00,828.17,0.63,0.37,0.30,1
617523.31,1278509.50,837.02,836.00,837.02,0.63,0.38,0.30,1
617615.62,1278509.50,846.82,846.00,846.82,0.65,0.41,0.34,1
617707.88,1278509.50,838.68,838.00,838.68,0.68,0.44,0.37,1
617800.12,1278509.50,825.59,825.00,825.59,0.66,0.43,0.36,1
617892.44,1278509.50,829.55,829.00,829.55,0.63,0.41,0.34,1
617984.69,1278509.50,840.53,840.00,840.53,0.63,0.41,0.34,1
618077.00,1278509.50,855.53,855.00,855.53,0.61,0.39,0.32,1
618169.25,1278509.50,880.55,880.00,880.55,0.60,0.38,0.31,1
618261.56,1278509.50,899.60,899.00,899.60,0.62,0.40,0.33,1
618353.81,1278509.50,901.70,901.00,901.70,0.66,0.42,0.36,1
618446.12,1278509.50,895.84,895.00,895.84,0.67,0.43,0.36,1
618538.38,1278509.50,887.04,886.00,887.04,0.67,0.42,0.34,1
618630.62,1278509.50,873.26,872.00,873.26,0.67,0.40,0.33,1
618722.94,1278509.50,862.44,861.00,862.44,0.65,0.37,0.30,1
618815.19,1278509.50,869.55,868.00,869.55,0.64,0.36,0.29,1
618907.50,1278509.50,871.61,870.00,871.61,0.64,0.37,0.29,1
618999.75,1278509.50,871.63,870.00,871.63,0.64,0.36,0.28,1
619092.06,1278509.50,877.63,876.00,877.63,0.63,0.35,0.27,1
619184.31,1278509.50,887.61,886.00,887.61,0.64,0.36,0.28,1
619276.62,1278509.50,876.59,875.00,876.59,0.65,0.38,0.30,1
619368.88,1278509.50,855.58,854.00,855.58,0.65,0.37,0.29,1
619461.19,1278509.50,858.56,857.00,858.56,0.63,0.36,0.28,1
619553.44,1278509.50,861.55,860.00,861.55,0.63,0.36,0.28,1
619645.69,1278509.50,856.54,855.00,856.54,0.64,0.36,0.28,1
619738.00,1278509.50,846.54,845.00,846.54,0.63,0.36,0.28,1
619830.25,1278509.50,839.54,838.00,839.54,0.64,0.36,0.28,1
619922.56,1278509.50,828.54,827.00,828.54,0.64,0.36,0.28,1
620014.81,1278509.50,820.56,819.00,820.56,0.64,0.36,0.28,1
620107.12,1278509.50,823.57,822.00,823.57,0.64,0.36,0.28,1
620199.38,1278509.50,826.60,825.00,826.60,0.64,0.36,0.28,1
620291.69,1278509.50,826.62,825.00,826.62,0.63,0.36,0.28,1
620383.94,1278509.50,810.64,809.00,810.64,0.63,0.35,0.27,1
620476.19,1278509.50,795.65,794.00,795.65,0.63,0.35,0.27,1
620568.50,1278509.50,784.66,783.00,784.66,0.62,0.34,0.26,1
620660.75,1278509.50,777.67,776.00,777.67,0.63,0.34,0.26,1
620753.06,1278509.50,776.67,775.00,776.67,0.61,0.33,0.25,1
620845.31,1278509.50,793.67,792.00,793.67,0.59,0.31,0.23,1
620937.62,1278509.50,808.67,807.00,808.67,0.59,0.31,0.23,1
621029.88,1278509.50,809.67,808.00,809.67,0.60,0.32,0.24,1
621122.19,1278509.50,793.67,792.00,793.67,0.61,0.33,0.25,1
621214.44,1278509.50,777.67,776.00,777.67,0.62,0.34,0.26,1
621306.69,1278509.50,785.66,784.00,785.66,0.61,0.33,0.25,1
621399.00,1278509.50,805.64,804.00,805.64,0.61,0.33,0.25,1
621491.25,1278509.50,818.61,817.00,818.61,0.60,0.32,0.24,1
621583.56,1278509.50,830.58,829.00,830.58,0.60,0.32,0.24,1
621675.81,1278509.50,824.53,823.00,824.53,0.62,0.34,0.26,1
621768.12,1278509.50,801.49,800.00,801.49,0.63,0.35,0.27,1
621860.38,1278509.50,790.45,789.00,790.45,0.61,0.33,0.26,1
621952.69,1278509.50,805.43,804.00,805.43,0.60,0.33,0.25,1
622044.94,1278509.50,823.41,822.00,823.41,0.60,0.33,0.25,1
622137.19,1278509.50,826.41,825.00,826.41,0.61,0.34,0.27,1
622229.50,1278509.50,815.41,814.00,815.41,0.62,0.35,0.27,1
622321.75,1278509.50,802.41,801.00,802.41,0.61,0.34,0.26,1
622414.06,1278509.50,801.42,800.00,801.42,0.61,0.34,0.26,1
622506.31,1278509.50,803.43,802.00,803.43,0.62,0.34,0.27,1
622598.62,1278509.50,801.46,800.00,801.46,0.62,0.35,0.27,1
622690.88,1278509.50,812.48,811.00,812.48,0.62,0.34,0.27,1
622783.19,1278509.50,826.49,825.00,826.49,0.62,0.35,0.27,1
622875.44,1278509.50,826.49,825.00,826.49,0.62,0.35,0.27,1
622967.69,1278509.50,826.48,825.00,826.48,0.61,0.33,0.25,1
623060.00,1278509.50,844.48,843.00,844.48,0.60,0.33,0.25,1
623152.25,1278509.50,856.47,855.00,856.47,0.62,0.35,0.27,1
623244.56,1278509.50,853.48,852.00,853.48,0.63,0.35,0.27,1
623336.81,1278509.50,846.48,845.00,846.48,0.62,0.35,0.27,1
623429.12,1278509.50,843.50,842.00,843.50,0.61,0.34,0.26,1
623521.38,1278509.50,862.52,861.00,862.52,0.60,0.33,0.25,1
623613.69,1278509.50,875.56,874.00,875.56,0.62,0.34,0.26,1
623705.94,1278509.50,873.59,872.00,873.59,0.64,0.36,0.28,1
623798.19,1278509.50,849.61,848.00,849.61,0.64,0.36,0.28,1
623890.50,1278509.50,846.62,845.00,846.62,0.63,0.35,0.27,1
623982.75,1278509.50,850.62,849.00,850.62,0.63,0.35,0.27,1
624075.06,1278509.50,830.62,829.00,830.62,0.63,0.36,0.28,1
624167.31,1278509.50,814.62,813.00,814.62,0.63,0.35,0.27,1
624259.62,1278509.50,818.61,817.00,818.61,0.62,0.34,0.26,1
624351.88,1278509.50,828.60,827.00,828.60,0.61,0.34,0.26,1
624444.19,1278509.50,839.59,838.00,839.59,0.62,0.34,0.26,1
624536.44,1278509.50,844.58,843.00,844.58,0.62,0.34,0.26,1
624628.69,1278509.50,841.58,840.00,841.58,0.63,0.35,0.27,1
624721.00,1278509.50,838.59,837.00,838.59,0.62,0.34,0.26,1
624813.25,1278509.50,844.59,843.00,844.59,0.60,0.33,0.25,1
624905.56,1278509.50,858.60,857.00,858.60,0.60,0.33,0.25,1
624997.81,1278509.50,863.62,862.00,863.62,0.62,0.34,0.26,1
625090.12,1278509.50,846.65,845.00,846.65,0.63,0.35,0.27,1
625182.38,1278509.50,833.68,832.00,833.68,0.62,0.34,0.26,1
625274.69,1278509.50,832.70,831.00,832.70,0.61,0.33,0.25,1
625366.94,1278509.50,832.70,831.00,832.70,0.58,0.30,0.22,1
625459.19,1278509.50,-9999.00,-9999.00,-9999.00,0.71,0.71,0.71,0
614385.88,1278417.25,-9999.00,-9999.00,-9999.00,0.71,0.71,0.71,0
614478.12,1278417.25,783.19,782.00,783.19,0.33,0.07,-0.01,1
614570.44,1278417.25,788.27,787.00,788.27,0.60,0.33,0.26,1
614662.69,1278417.25,798.28,797.00,798.28,0.59,0.32,0.24,1
614755.00,1278417.25,804.35,803.00,804.35,0.58,0.32,0.24,1
614847.25,1278417.25,807.42,806.00,807.42,0.59,0.32,0.24,1
614939.56,1278417.25,802.46,801.00,802.46,0.61,0.34,0.26,1
615031.81,1278417.25,786.48,785.00,786.48,0.63,0.36,0.28,1
615124.12,1278417.25,779.47,778.00,779.47,0.63,0.36,0.28,1
615216.38,1278417.25,777.45,776.00,777.45,0.62,0.35,0.27,1
615308.62,1278417.25,781.41,780.00,781.41,0.61,0.34,0.26,1
615400.94,1278417.25,798.32,797.00,798.32,0.60,0.33,0.26,1
615493.19,1278417.25,820.18,819.00,820.18,0.61,0.34,0.27,1
615585.50,1278417.25,837.98,837.00,837.98,0.61,0.36,0.29,1
615677.75,1278417.25,858.73,858.00,858.73,0.62,0.38,0.31,1
615770.06,1278417.25,874.51,874.00,874.51,0.61,0.39,0.33,1
615862.31,1278417.25,893.35,893.00,893.35,0.59,0.38,0.33,1
615954.62,1278417.25,910.26,910.00,910.26,0.58,0.39,0.33,1
616046.88,1278417.25,926.22,926.00,926.22,0.61,0.42,0.37,1
616139.12,1278417.25,921.21,921.00,921.21,0.68,0.49,0.44,1
616231.44,1278417.25,878.22,878.00,878.22,0.70,0.52,0.46,1
616323.69,1278417.25,839.26,839.00,839.26,0.69,0.50,0.44,1
616416.00,1278417.25,818.32,818.00,818.32,0.68,0.48,0.42,1
616508.25,1278417.25,808.42,808.00,808.42,0.67,0.46,0.40,1
616600.56,1278417.25,804.58,804.00,804.58,0.65,0.43,0.36,1
616692.81,1278417.25,811.80,811.00,811.80,0.63,0.39,0.32,1
616785.12,1278417.25,825.03,824.00,825.03,0.62,0.37,0.29,1
616877.38,1278417.25,835.18,834.00,835.18,0.64,0.38,0.31,1
616969.62,1278417.25,810.27,809.00,810.27,0.65,0.38,0.31,1
617061.94,1278417.25,814.30,813.00,814.30,0.64,0.37,0.29,1
617154.19,1278417.25,821.30,820.00,821.30,0.63,0.36,0.29,1
617246.50,1278417.25,832.29,831.00,832.29,0.63,0.36,0.29,1
617338.75,1278417.25,839.26,838.00,839.26,0.64,0.37,0.30,1
617431.06,1278417.25,837.17,836.00,837.17,0.63,0.37,0.29,1
617523.31,1278417.25,848.04,847.00,848.04,0.62,0.37,0.29,1
617615.62,1278417.25,858.87,858.00,858.87,0.64,0.39,0.32,1
617707.88,1278417.25,850.74,850.00,850.74,0.66,0.42,0.35,1
617800.12,1278417.25,836.67,836.00,836.67,0.66,0.43,0.36,1
617892.44,1278417.25,837.64,837.00,837.64,0.64,0.41,0.35,1
617984.69,1278417.25,853.63,853.00,853.63,0.63,0.40,0.34,1
618077.00,1278417.25,868.63,868.00,868.63,0.63,0.40,0.33,1
618169.25,1278417.25,885.65,885.00,885.65,0.62,0.39,0.32,1
618261.56,1278417.25,903.69,903.00,903.69,0.62,0.38,0.31,1
618353.81,1278417.25,919.78,919.00,919.78,0.64,0.40,0.33,1
618446.12,1278417.25,919.91,919.00,919.91,0.67,0.42,0.35,1
618538.38,1278417.25,913.10,912.00,913.10,0.66,0.41,0.33,1
618630.62,1278417.25,906.31,905.00,906.31,0.67,0.40,0.32,1
618722.94,1278417.25,889.49,888.00,889.49,0.65,0.38,0.30,1
618815.19,1278417.25,900.59,899.00,900.59,0.64,0.36,0.28,1
618907.50,1278417.25,905.65,904.00,905.65,0.65,0.37,0.29,1
618999.75,1278417.25,899.65,898.00,899.65,0.65,0.37,0.29,1
619092.06,1278417.25,896.64,895.00,896.64,0.64,0.36,0.28,1
619184.31,1278417.25,901.61,900.00,901.61,0.64,0.36,0.28,1
619276.62,1278417.25,891.59,890.00,891.59,0.65,0.37,0.29,1
619368.88,1278417.25,869.56,868.00,869.56,0.65,0.37,0.29,1
619461.19,1278417.25,871.54,870.00,871.54,0.64,0.36,0.28,1
619553.44,1278417.25,867.51,866.00,867.51,0.64,0.36,0.28,1
619645.69,1278417.25,859.49,858.00,859.49,0.64,0.36,0.28,1
619738.00,1278417.25,847.49,846.00,847.49,0.64,0.36,0.28,1
619830.25,1278417.25,840.49,839.00,840.49,0.63,0.36,0.28,1
619922.56,1278417.25,833.49,832.00,833.49,0.63,0.36,0.28,1
620014.81,1278417.25,832.49,831.00,832.49,0.63,0.35,0.27,1
620107.12,1278417.25,844.51,843.00,844.51,0.63,0.35,0.28,1
620199.38,1278417.25,843.54,842.00,843.54,0.64,0.36,0.28,1
620291.69,1278417.25,828.57,827.00,828.57,0.64,0.36,0.28,1
620383.94,1278417.25,807.60,806.00,807.60,0.64,0.36,0.28,1
620476.19,1278417.25,787.62,786.00,787.62,0.63,0.35,0.27,1
620568.50,1278417.25,776.64,775.00,776.64,0.63,0.35,0.27,1
620660.75,1278417.25,775.65,774.00,775.65,0.62,0.34,0.26,1
620753.06,1278417.25,774.66,773.00,774.66,0.62,0.34,0.26,1
620845.31,1278417.25,778.66,777.00,778.66,0.61,0.33,0.25,1
620937.62,1278417.25,784.67,783.00,784.67,0.60,0.32,0.24,1
621029.88,1278417.25,784.67,783.00,784.67,0.60,0.32,0.24,1
621122.19,1278417.25,777.67,776.00,777.67,0.61,0.33,0.25,1
621214.44,1278417.25,776.67,775.00,776.67,0.61,0.33,0.24,1
621306.69,1278417.25,798.66,797.00,798.66,0.60,0.32,0.24,1
621399.00,1278417.25,816.64,815.00,816.64,0.61,0.33,0.25,1
621491.25,1278417.25,813.61,812.00,813.61,0.61,0.33,0.25,1
621583.56,1278417.25,809.58,808.00,809.58,0.60,0.32,0.24,1
621675.81,1278417.25,806.54,805.00,806.54,0.60,0.33,0.25,1
621768.12,1278417.25,789.50,788.00,789.50,0.62,0.34,0.26,1
621860.38,1278417.25,781.48,780.00,781.48,0.60,0.33,0.25,1
621952.69,1278417.25,802.45,801.00,802.45,0.59,0.32,0.24,1
622044.94,1278417.25,812.44,811.00,812.44,0.60,0.32,0.25,1
622137.19,1278417.25,813.43,812.00,813.43,0.61,0.34,0.26,1
622229.50,1278417.25,803.43,802.00,803.43,0.62,0.35,0.27,1
622321.75,1278417.25,790.44,789.00,790.44,0.62,0.35,0.27,1
622414.06,1278417.25,797.44,796.00,797.44,0.62,0.35,0.27,1
622506.31,1278417.25,806.46,805.00,806.46,0.62,0.35,0.27,1
622598.62,1278417.25,816.47,815.00,816.47,0.63,0.35,0.27,1
622690.88,1278417.25,825.48,824.00,825.48,0.62,0.35,0.27,1
622783.19,1278417.25,826.48,825.00,826.48,0.62,0.34,0.26,1
622875.44,1278417.25,820.48,819.00,820.48,0.61,0.34,0.26,1
622967.69,1278417.25,821.48,820.00,821.48,0.61,0.33,0.25,1
623060.00,1278417.25,843.46,842.00,843.46,0.60,0.32,0.25,1
623152.25,1278417.25,862.45,861.00,862.45,0.62,0.34,0.26,1
623244.56,1278417.25,856.45,855.00,856.45,0.63,0.36,0.28,1
623336.81,1278417.25,845.45,844.00,845.45,0.63,0.36,0.28,1
623429.12,1278417.25,844.46,843.00,844.46,0.62,0.34,0.26,1
623521.38,1278417.25,859.49,858.00,859.49,0.60,0.32,0.24,1
623613.69,1278417.25,874.52,873.00,874.52,0.61,0.33,0.26,1
623705.94,1278417.25,869.56,868.00,869.56,0.63,0.35,0.27,1
623798.19,1278417.25,851.58,850.00,851.58,0.63,0.36,0.28,1
623890.50,1278417.25,851.59,850.00,851.59,0.62,0.35,0.27,1
623982.75,1278417.25,841.60,840.00,841.60,0.63,0.35,0.27,1
624075.06,1278417.25,823.60,822.00,823.60,0.63,0.35,0.27,1
624167.31,1278417.25,823.60,822.00,823.60,0.63,0.35,0.27,1
624259.62,1278417.25,831.60,830.00,831.60,0.63,0.35,0.27,1
624351.88,1278417.25,832.59,831.00,832.59,0.63,0.35,0.27,1
624444.19,1278417.25,837.58,836.00,837.58,0.62,0.34,0.27,1
624536.44,1278417.25,845.58,844.00,845.58,0.62,0.34,0.26,1
624628.69,1278417.25,845.58,844.00,845.58,0.63,0.35,0.27,1
624721.00,1278417.25,839.58,838.00,839.58,0.63,0.35,0.27,1
624813.25,1278417.25,841.59,840.00,841.59,0.61,0.33,0.25,1
624905.56,1278417.25,854.60,853.00,854.60,0.60,0.33,0.25,1
624997.81,1278417.25,859.62,858.00,859.62,0.62,0.34,0.26,1
625090.12,1278417.25,843.65,842.00,843.65,0.63,0.35,0.27,1
625182.38,1278417.25,828.68,827.00,828.68,0.63,0.35,0.27,1
625274.69,1278417.25,826.70,825.00,826.70,0.62,0.34,0.26,1
625366.94,1278417.25,830.70,829.00,830.70,0.58,0.30,0.22,1
625459.19,1278417.25,-9999.00,-9999.00,-9999.00,0.71,0.71,0.71,0
614385.88,1278324.88,-9999.00,-9999.00,-9999.00,0.71,0.71,0.71,0
614478.12,1278324.88,779.21,778.00,779.21,0.33,0.07,-0.01,1
614570.44,1278324.88,776.29,775.00,776.29,0.61,0.35,0.27,1
614662.69,1278324.88,778.31,777.00,778.31,0.60,0.34,0.26,1
614755.00,1278324.88,781.37,780.00,781.37,0.61,0.34,0.26,1
614847.25,1278324.88,782.42,781.00,782.42,0.61,0.33,0.26,1
614939.56,1278324.88,783.45,782.00,783.45,0.61,0.33,0.26,1
615031.81,1278324.88,786.47,785.00,786.47,0.62,0.35,0.27,1
615124.12,1278324.88,785.46,784.00,785.46,0.63,0.36,0.28,1
615216.38,1278324.88,778.44,777.00,778.44,0.63,0.35,0.27,1
615308.62,1278324.88,784.39,783.00,784.39,0.61,0.34,0.26,1
615400.94,1278324.88,804.30,803.00,804.30,0.60,0.33,0.26,1
615493.19,1278324.88,826.15,825.00,826.15,0.60,0.34,0.26,1
615585.50,1278324.88,842.94,842.00,842.94,0.60,0.35,0.28,1
615677.75,1278324.88,856.69,856.00,856.69,0.59,0.35,0.29,1
615770.06,1278324.88,863.49,863.00,863.49,0.58,0.36,0.29,1
615862.31,1278324.88,873.34,873.00,873.34,0.55,0.34,0.28,1
615954.62,1278324.88,886.26,886.00,886.26,0.53,0.33,0.28,1
616046.88,1278324.88,905.22,905.00,905.22,0.55,0.37,0.31,1
616139.12,1278324.88,907.21,907.00,907.21,0.64,0.45,0.40,1
616231.44,1278324.88,872.21,872.00,872.21,0.70,0.51,0.46,1
616323.69,1278324.88,836.25,836.00,836.25,0.70,0.50,0.45,1
616416.00,1278324.88,824.31,824.00,824.31,0.68,0.48,0.42,1
616508.25,1278324.88,822.41,822.00,822.41,0.68,0.46,0.40,1
616600.56,1278324.88,819.57,819.00,819.57,0.67,0.44,0.38,1
616692.81,1278324.88,821.80,821.00,821.80,0.65,0.40,0.34,1
616785.12,1278324.88,832.03,831.00,832.03,0.63,0.38,0.30,1
616877.38,1278324.88,840.18,839.00,840.18,0.64,0.38,0.31,1
616969.62,1278324.88,826.27,825.00,826.27,0.65,0.39,0.31,1
617061.94,1278324.88,834.30,833.00,834.30,0.64,0.37,0.30,1
617154.19,1278324.88,840.30,839.00,840.30,0.64,0.37,0.29,1
617246.50,1278324.88,851.29,850.00,851.29,0.64,0.37,0.30,1
617338.75,1278324.88,852.26,851.00,852.26,0.64,0.38,0.30,1
617431.06,1278324.88,843.19,842.00,843.19,0.64,0.37,0.30,1
617523.31,1278324.88,852.08,851.00,852.08,0.62,0.37,0.29,1
617615.62,1278324.88,857.94,857.00,857.94,0.64,0.38,0.31,1
617707.88,1278324.88,850.85,850.00,850.85,0.65,0.40,0.33,1
617800.12,1278324.88,849.80,849.00,849.80,0.65,0.41,0.34,1
617892.44,1278324.88,859.77,859.00,859.77,0.64,0.40,0.33,1
617984.69,1278324.88,879.77,879.00,879.77,0.63,0.39,0.33,1
618077.00,1278324.88,892.77,892.00,892.77,0.64,0.40,0.33,1
618169.25,1278324.88,906.78,906.00,906.78,0.64,0.40,0.33,1
618261.56,1278324.88,919.82,919.00,919.82,0.63,0.38,0.31,1
618353.81,1278324.88,937.90,937.00,937.90,0.63,0.38,0.31,1
618446.12,1278324.88,946.02,945.00,946.02,0.66,0.40,0.33,1
618538.38,1278324.88,939.18,938.00,939.18,0.66,0.40,0.32,1
618630.62,1278324.88,934.35,933.00,934.35,0.66,0.39,0.31,1
618722.94,1278324.88,917.49,916.00,917.49,0.65,0.38,0.30,1
618815.19,1278324.88,928.58,927.00,928.58,0.63,0.35,0.27,1
618907.50,1278324.88,943.62,942.00,943.62,0.64,0.36,0.28,1
618999.75,1278324.88,935.64,934.00,935.64,0.66,0.38,0.30,1
619092.06,1278324.88,921.63,920.00,921.63,0.65,0.37,0.29,1
619184.31,1278324.88,916.61,915.00,916.61,0.64,0.36,0.28,1
619276.62,1278324.88,905.57,904.00,905.57,0.65,0.37,0.29,1
619368.88,1278324.88,889.54,888.00,889.54,0.65,0.37,0.29,1
619461.19,1278324.88,885.50,884.00,885.50,0.64,0.37,0.29,1
619553.44,1278324.88,875.46,874.00,875.46,0.64,0.37,0.29,1
619645.69,1278324.88,863.43,862.00,863.43,0.64,0.37,0.29,1
619738.00,1278324.88,852.41,851.00,852.41,0.64,0.37,0.30,1
619830.25,1278324.88,847.40,846.00,847.40,0.64,0.37,0.29,1
619922.56,1278324.88,838.40,837.00,838.40,0.64,0.36,0.29,1
620014.81,1278324.88,842.41,841.00,842.41,0.63,0.36,0.28,1
620107.12,1278324.88,850.42,849.00,850.42,0.63,0.36,0.28,1
620199.38,1278324.88,840.45,839.00,840.45,0.64,0.36,0.29,1
620291.69,1278324.88,822.50,821.00,822.50,0.64,0.36,0.28,1
620383.94,1278324.88,804.55,803.00,804.55,0.64,0.36,0.28,1
620476.19,1278324.88,789.58,788.00,789.58,0.64,0.36,0.28,1
620568.50,1278324.88,786.61,785.00,786.61,0.64,0.36,0.28,1
620660.75,1278324.88,777.63,776.00,777.63,0.63,0.35,0.27,1
620753.06,1278324.88,775.64,774.00,775.64,0.63,0.35,0.27,1
620845.31,1278324.88,778.65,777.00,778.65,0.62,0.34,0.26,1
620937.62,1278324.88,779.66,778.00,779.66,0.62,0.34,0.26,1
621029.88,1278324.88,772.66,771.00,772.66,0.62,0.34,0.26,1
621122.19,1278324.88,766.67,765.00,766.67,0.62,0.34,0.26,1
621214.44,1278324.88,773.66,772.00,773.66,0.60,0.32,0.24,1
621306.69,1278324.88,793.66,792.00,793.66,0.59,0.31,0.23,1
621399.00,1278324.88,807.65,806.00,807.65,0.60,0.32,0.24,1
621491.25,1278324.88,796.62,795.00,796.62,0.61,0.33,0.25,1
621583.56,1278324.88,787.60,786.00,787.60,0.61,0.33,0.25,1
621675.81,1278324.88,781.57,780.00,781.57,0.61,0.33,0.25,1
621768.12,1278324.88,774.53,773.00,774.53,0.62,0.35,0.27,1
621860.38,1278324.88,773.52,772.00,773.52,0.62,0.34,0.26,1
621952.69,1278324.88,784.50,783.00,784.50,0.59,0.32,0.24,1
622044.94,1278324.88,793.48,792.00,793.48,0.59,0.32,0.24,1
622137.19,1278324.88,797.48,796.00,797.48,0.60,0.33,0.25,1
622229.50,1278324.88,791.48,790.00,791.48,0.61,0.34,0.26,1
622321.75,1278324.88,794.48,793.00,794.48,0.61,0.33,0.25,1
622414.06,1278324.88,813.48,812.00,813.48,0.60,0.33,0.25,1
622506.31,1278324.88,825.49,824.00,825.49,0.61,0.34,0.26,1
622598.62,1278324.88,832.49,831.00,832.49,0.63,0.35,0.27,1
622690.88,1278324.88,822.49,821.00,822.49,0.62,0.35,0.27,1
622783.19,1278324.88,811.49,810.00,811.49,0.61,0.34,0.26,1
622875.44,1278324.88,808.49,807.00,808.49,0.61,0.33,0.25,1
622967.69,1278324.88,821.48,820.00,821.48,0.60,0.32,0.25,1
623060.00,1278324.88,848.46,847.00,848.46,0.60,0.32,0.25,1
623152.25,1278324.88,858.44,857.00,858.44,0.61,0.33,0.26,1
623244.56,1278324.88,856.43,855.00,856.43,0.63,0.35,0.27,1
623336.81,1278324.88,852.43,851.00,852.43,0.64,0.37,0.29,1
623429.12,1278324.88,845.43,844.00,845.43,0.63,0.35,0.28,1
623521.38,1278324.88,851.45,850.00,851.45,0.60,0.33,0.25,1
623613.69,1278324.88,865.47,864.00,865.47,0.60,0.33,0.25,1
623705.94,1278324.88,866.51,865.00,866.51,0.63,0.35,0.27,1
623798.19,1278324.88,854.54,853.00,854.54,0.63,0.36,0.28,1
623890.50,1278324.88,843.56,842.00,843.56,0.63,0.35,0.27,1
623982.75,1278324.88,834.57,833.00,834.57,0.63,0.35,0.27,1
624075.06,1278324.88,834.58,833.00,834.58,0.64,0.36,0.28,1
624167.31,1278324.88,834.58,833.00,834.58,0.63,0.35,0.28,1
624259.62,1278324.88,839.58,838.00,839.58,0.62,0.34,0.27,1
624351.88,1278324.88,850.57,849.00,850.57,0.63,0.35,0.27,1
624444.19,1278324.88,855.57,854.00,855.57,0.63,0.36,0.28,1
624536.44,1278324.88,851.57,850.00,851.57,0.63,0.35,0.27,1
624628.69,1278324.88,849.58,848.00,849.58,0.63,0.35,0.28,1
624721.00,1278324.88,844.58,843.00,844.58,0.63,0.35,0.27,1
624813.25,1278324.88,840.59,839.00,840.59,0.62,0.34,0.26,1
624905.56,1278324.88,848.60,847.00,848.60,0.60,0.32,0.24,1
624997.81,1278324.88,851.61,850.00,851.61,0.61,0.33,0.25,1
625090.12,1278324.88,841.64,840.00,841.64,0.62,0.34,0.26,1
625182.38,1278324.88,830.67,829.00,830.67,0.62,0.34,0.26,1
625274.69,1278324.88,839.70,838.00,839.70,0.62,0.33,0.25,1
625366.94,1278324.88,850.70,849.00,850.70,0.58,0.30,0.22,1
625459.19,1278324.88,-9999.00,-9999.00,-9999.00,0.71,0.71,0.71,0
614385.88,1278232.62,-9999.00,-9999.00,-9999.00,0.71,0.71,0.71,0
614478.12,1278232.62,768.22,767.00,768.22,0.33,0.07,-0.01,1
614570.44,1278232.62,769.30,768.00,769.30,0.62,0.35,0.27,1
614662.69,1278232.62,773.32,772.00,773.32,0.62,0.35,0.27,1
614755.00,1278232.62,782.37,781.00,782.37,0.62,0.35,0.27,1
614847.25,1278232.62,783.43,782.00,783.43,0.63,0.35,0.28,1
614939.56,1278232.62,782.45,781.00,782.45,0.62,0.35,0.27,1
615031.81,1278232.62,789.46,788.00,789.46,0.62,0.35,0.27,1
615124.12,1278232.62,786.46,785.00,786.46,0.63,0.36,0.28,1
615216.38,1278232.62,781.44,780.00,781.44,0.62,0.35,0.27,1
615308.62,1278232.62,790.38,789.00,790.38,0.61,0.34,0.26,1
615400.94,1278232.62,807.29,806.00,807.29,0.60,0.33,0.26,1
615493.19,1278232.62,824.14,823.00,824.14,0.60,0.34,0.26,1
615585.50,1278232.62,832.93,832.00,832.93,0.60,0.35,0.27,1
615677.75,1278232.62,832.69,832.00,832.69,0.58,0.35,0.28,1
615770.06,1278232.62,833.49,833.00,833.49,0.57,0.35,0.29,1
615862.31,1278232.62,840.35,840.00,840.35,0.55,0.34,0.28,1
615954.62,1278232.62,853.27,853.00,853.27,0.52,0.32,0.27,1
616046.88,1278232.62,878.22,878.00,878.22,0.52,0.34,0.28,1
616139.12,1278232.62,888.21,888.00,888.21,0.60,0.41,0.36,1
616231.44,1278232.62,868.22,868.00,868.22,0.68,0.49,0.44,1
616323.69,1278232.62,842.25,842.00,842.25,0.69,0.50,0.44,1
616416.00,1278232.62,837.31,837.00,837.31,0.67,0.47,0.41,1
616508.25,1278232.62,842.41,842.00,842.41,0.67,0.45,0.39,1
616600.56,1278232.62,846.57,846.00,846.57,0.67,0.44,0.38,1
616692.81,1278232.62,847.80,847.00,847.80,0.66,0.42,0.35,1
616785.12,1278232.62,851.03,850.00,851.03,0.65,0.39,0.32,1
616877.38,1278232.62,857.19,856.00,857.19,0.65,0.38,0.31,1
616969.62,1278232.62,856.28,855.00,856.28,0.65,0.39,0.31,1
617061.94,1278232.62,862.31,861.00,862.31,0.64,0.38,0.30,1
617154.19,1278232.62,870.30,869.00,870.30,0.64,0.38,0.30,1
617246.50,1278232.62,875.30,874.00,875.30,0.65,0.38,0.30,1
617338.75,1278232.62,862.28,861.00,862.28,0.65,0.38,0.31,1
617431.06,1278232.62,852.23,851.00,852.23,0.64,0.38,0.30,1
617523.31,1278232.62,857.15,856.00,857.15,0.63,0.37,0.29,1
617615.62,1278232.62,865.06,864.00,865.06,0.63,0.37,0.30,1
617707.88,1278232.62,868.01,867.00,868.01,0.65,0.39,0.32,1
617800.12,1278232.62,871.98,871.00,871.98,0.65,0.39,0.32,1
617892.44,1278232.62,885.97,885.00,885.97,0.64,0.39,0.31,1
617984.69,1278232.62,901.96,901.00,901.96,0.63,0.38,0.31,1
618077.00,1278232.62,916.96,916.00,916.96,0.64,0.38,0.31,1
618169.25,1278232.62,927.97,927.00,927.97,0.64,0.38,0.31,1
618261.56,1278232.62,938.00,937.00,938.00,0.62,0.37,0.29,1
618353.81,1278232.62,956.06,955.00,956.06,0.61,0.35,0.28,1
618446.12,1278232.62,972.16,971.00,972.16,0.64,0.37,0.30,1
618538.38,1278232.62,966.27,965.00,966.27,0.66,0.39,0.31,1
618630.62,1278232.62,957.37,956.00,957.37,0.66,0.39,0.31,1
618722.94,1278232.62,949.44,948.00,949.44,0.65,0.38,0.30,1
618815.19,1278232.62,957.50,956.00,957.50,0.64,0.36,0.28,1
618907.50,1278232.62,968.54,967.00,968.54,0.64,0.37,0.29,1
618999.75,1278232.62,965.57,964.00,965.57,0.66,0.38,0.30,1
619092.06,1278232.62,943.59,942.00,943.59,0.66,0.38,0.30,1
619184.31,1278232.62,929.58,928.00,929.58,0.65,0.38,0.30,1
619276.62,1278232.62,913.55,912.00,913.55,0.65,0.37,0.29,1
619368.88,1278232.62,907.51,906.00,907.51,0.65,0.37,0.29,1
619461.19,1278232.62,900.47,899.00,900.47,0.64,0.37,0.29,1
619553.44,1278232.62,880.43,879.00,880.43,0.65,0.37,0.30,1
619645.69,1278232.62,873.38,872.00,873.38,0.64,0.37,0.30,1
619738.00,1278232.62,869.35,868.00,869.35,0.65,0.38,0.30,1
619830.25,1278232.62,861.33,860.00,861.33,0.65,0.38,0.30,1
619922.56,1278232.62,850.33,849.00,850.33,0.64,0.37,0.30,1
620014.81,1278232.62,857.33,856.00,857.33,0.64,0.37,0.29,1
620107.12,1278232.62,856.34,855.00,856.34,0.65,0.38,0.30,1
620199.38,1278232.62,843.38,842.00,843.38,0.65,0.38,0.30,1
620291.69,1278232.62,821.43,820.00,821.43,0.65,0.38,0.30,1
620383.94,1278232.62,809.50,808.00,809.50,0.64,0.37,0.29,1
620476.19,1278232.62,804.54,803.00,804.54,0.64,0.37,0.29,1
620568.50,1278232.62,798.58,797.00,798.58,0.64,0.36,0.29,1
620660.75,1278232.62,784.60,783.00,784.60,0.64,0.36,0.28,1
620753.06,1278232.62,784.62,783.00,784.62,0.63,0.35,0.27,1
620845.31,1278232.62,778.63,777.00,778.63,0.63,0.35,0.27,1
620937.62,1278232.62,774.64,773.00,774.64,0.62,0.34,0.26,1
621029.88,1278232.62,774.65,773.00,774.65,0.62,0.34,0.26,1
621122.19,1278232.62,773.66,772.00,773.66,0.63,0.35,0.27,1
621214.44,1278232.62,776.66,775.00,776.66,0.62,0.34,0.26,1
621306.69,1278232.62,776.66,775.00,776.66,0.60,0.32,0.24,1
621399.00,1278232.62,786.65,785.00,786.65,0.60,0.32,0.24,1
621491.25,1278232.62,780.65,779.00,780.65,0.62,0.34,0.26,1
621583.56,1278232.62,775.63,774.00,775.63,0.62,0.34,0.26,1
621675.81,1278232.62,778.61,777.00,778.61,0.63,0.35,0.27,1
621768.12,1278232.62,785.59,784.00,785.59,0.64,0.36,0.28,1
621860.38,1278232.62,780.57,779.00,780.57,0.64,0.36,0.29,1
621952.69,1278232.62,777.56,776.00,777.56,0.63,0.35,0.27,1
622044.94,1278232.62,780.55,779.00,780.55,0.61,0.34,0.26,1
622137.19,1278232.62,780.54,779.00,780.54,0.61,0.34,0.26,1
622229.50,1278232.62,779.54,778.00,779.54,0.61,0.34,0.26,1
622321.75,1278232.62,787.54,786.00,787.54,0.60,0.33,0.25,1
622414.06,1278232.62,799.54,798.00,799.54,0.59,0.32,0.24,1
622506.31,1278232.62,811.53,810.00,811.53,0.59,0.31,0.23,1
622598.62,1278232.62,819.53,818.00,819.53,0.60,0.32,0.24,1
622690.88,1278232.62,809.52,808.00,809.52,0.61,0.34,0.26,1
622783.19,1278232.62,799.52,798.00,799.52,0.61,0.33,0.26,1
622875.44,1278232.62,804.51,803.00,804.51,0.60,0.33,0.25,1
622967.69,1278232.62,824.49,823.00,824.49,0.59,0.32,0.24,1
623060.00,1278232.62,841.46,840.00,841.46,0.59,0.32,0.24,1
623152.25,1278232.62,843.43,842.00,843.43,0.60,0.32,0.25,1
623244.56,1278232.62,853.41,852.00,853.41,0.61,0.34,0.26,1
623336.81,1278232.62,859.40,858.00,859.40,0.63,0.36,0.28,1
623429.12,1278232.62,849.40,848.00,849.40,0.63,0.36,0.28,1
623521.38,1278232.62,847.41,846.00,847.41,0.61,0.34,0.26,1
623613.69,1278232.62,858.43,857.00,858.43,0.60,0.33,0.25,1
623705.94,1278232.62,864.46,863.00,864.46,0.62,0.35,0.27,1
623798.19,1278232.62,851.49,850.00,851.49,0.63,0.36,0.28,1
623890.50,1278232.62,839.51,838.00,839.51,0.63,0.35,0.28,1
623982.75,1278232.62,849.53,848.00,849.53,0.63,0.35,0.28,1
624075.06,1278232.62,859.54,858.00,859.54,0.64,0.37,0.29,1
624167.31,1278232.62,851.54,850.00,851.54,0.65,0.37,0.29,1
624259.62,1278232.62,852.55,851.00,852.55,0.63,0.35,0.28,1
624351.88,1278232.62,865.55,864.00,865.55,0.63,0.35,0.27,1
624444.19,1278232.62,864.56,863.00,864.56,0.63,0.36,0.28,1
624536.44,1278232.62,857.56,856.00,857.56,0.63,0.35,0.28,1
624628.69,1278232.62,858.57,857.00,858.57,0.64,0.36,0.28,1
624721.00,1278232.62,850.57,849.00,850.57,0.64,0.36,0.28,1
624813.25,1278232.62,835.58,834.00,835.58,0.63,0.35,0.27,1
624905.56,1278232.62,832.59,831.00,832.59,0.61,0.33,0.25,1
624997.81,1278232.62,836.60,835.00,836.60,0.61,0.33,0.25,1
625090.12,1278232.62,830.62,829.00,830.62,0.62,0.34,0.26,1
625182.38,1278232.62,826.65,825.00,826.65,0.61,0.33,0.25,1
625274.69,1278232.62,841.69,840.00,841.69,0.60,0.32,0.24,1
625366.94,1278232.62,853.69,852.00,853.69,0.58,0.30,0.22,1
625459.19,1278232.62,-9999.00,-9999.00,-9999.00,0.71,0.71,0.71,0
614385.88,1278140.38,-9999.00,-9999.00,-9999.00,0.71,0.71,0.71,0
614478.12,1278140.38,763.21,762.00,763.21,0.33,0.07,-0.01,1
614570.44,1278140.38,770.27,769.00,770.27,0.62,0.35,0.28,1
614662.69,1278140.38,779.31,778.00,779.31,0.62,0.35,0.28,1
614755.00,1278140.38,789.37,788.00,789.37,0.63,0.35,0.28,1
614847.25,1278140.38,788.42,787.00,788.42,0.63,0.36,0.28,1
614939.56,1278140.38,786.45,785.00,786.45,0.62,0.35,0.27,1
615031.81,1278140.38,794.46,793.00,794.46,0.63,0.35,0.27,1
615124.12,1278140.38,787.45,786.00,787.45,0.63,0.36,0.28,1
615216.38,1278140.38,784.44,783.00,784.44,0.62,0.35,0.27,1
615308.62,1278140.38,792.38,791.00,792.38,0.61,0.34,0.26,1
615400.94,1278140.38,804.29,803.00,804.29,0.60,0.34,0.26,1
615493.19,1278140.38,812.14,811.00,812.14,0.60,0.34,0.26,1
615585.50,1278140.38,810.93,810.00,810.93,0.60,0.35,0.28,1
615677.75,1278140.38,808.69,808.00,808.69,0.60,0.37,0.30,1
615770.06,1278140.38,809.50,809.00,809.50,0.61,0.39,0.32,1
615862.31,1278140.38,814.37,814.00,814.37,0.60,0.39,0.33,1
615954.62,1278140.38,827.29,827.00,827.29,0.56,0.37,0.31,1
616046.88,1278140.38,850.25,850.00,850.25,0.54,0.35,0.30,1
616139.12,1278140.38,863.23,863.00,863.23,0.58,0.39,0.34,1
616231.44,1278140.38,858.23,858.00,858.23,0.64,0.45,0.39,1
616323.69,1278140.38,846.26,846.00,846.26,0.66,0.46,0.41,1
616416.00,1278140.38,850.31,850.00,850.31,0.64,0.44,0.38,1
616508.25,1278140.38,860.41,860.00,860.41,0.63,0.42,0.36,1
616600.56,1278140.38,870.57,870.00,870.57,0.64,0.41,0.35,1
616692.81,1278140.38,873.80,873.00,873.80,0.65,0.40,0.33,1
616785.12,1278140.38,877.03,876.00,877.03,0.64,0.39,0.31,1
616877.38,1278140.38,883.19,882.00,883.19,0.64,0.38,0.30,1
616969.62,1278140.38,890.28,889.00,890.28,0.65,0.38,0.30,1
617061.94,1278140.38,894.32,893.00,894.32,0.65,0.38,0.30,1
617154.19,1278140.38,894.33,893.00,894.33,0.65,0.38,0.30,1
617246.50,1278140.38,885.33,884.00,885.33,0.64,0.38,0.30,1
617338.75,1278140.38,869.32,868.00,869.32,0.64,0.38,0.30,1
617431.06,1278140.38,868.30,867.00,868.30,0.64,0.37,0.30,1
617523.31,1278140.38,870.25,869.00,870.25,0.64,0.37,0.30,1
617615.62,1278140.38,876.22,875.00,876.22,0.63,0.36,0.29,1
617707.88,1278140.38,890.21,889.00,890.21,0.63,0.36,0.29,1
617800.12,1278140.38,905.21,904.00,905.21,0.63,0.37,0.29,1
617892.44,1278140.38,918.21,917.00,918.21,0.64,0.37,0.30,1
617984.69,1278140.38,930.20,929.00,930.20,0.64,0.38,0.30,1
618077.00,1278140.38,937.19,936.00,937.19,0.64,0.38,0.30,1
618169.25,1278140.38,945.19,944.00,945.19,0.64,0.38,0.31,1
618261.56,1278140.38,942.21,941.00,942.21,0.63,0.37,0.29,1
618353.81,1278140.38,952.26,951.00,952.26,0.60,0.34,0.26,1
618446.12,1278140.38,973.32,972.00,973.32,0.61,0.34,0.26,1
618538.38,1278140.38,981.38,980.00,981.38,0.63,0.36,0.29,1
618630.62,1278140.38,982.42,981.00,982.42,0.65,0.38,0.30,1
618722.94,1278140.38,980.42,979.00,980.42,0.64,0.37,0.29,1
618815.19,1278140.38,991.41,990.00,991.41,0.63,0.36,0.28,1
618907.50,1278140.38,1008.40,1007.00,1008.40,0.65,0.38,0.30,1
618999.75,1278140.38,991.43,990.00,991.43,0.67,0.40,0.32,1
619092.06,1278140.38,965.47,964.00,965.47,0.66,0.39,0.31,1
619184.31,1278140.38,954.50,953.00,954.50,0.66,0.38,0.30,1
619276.62,1278140.38,937.50,936.00,937.50,0.66,0.38,0.31,1
619368.88,1278140.38,920.48,919.00,920.48,0.65,0.38,0.30,1
619461.19,1278140.38,899.45,898.00,899.45,0.65,0.37,0.29,1
619553.44,1278140.38,890.41,889.00,890.41,0.65,0.37,0.30,1
619645.69,1278140.38,887.36,886.00,887.36,0.64,0.38,0.30,1
619738.00,1278140.38,878.32,877.00,878.32,0.64,0.38,0.30,1
619830.25,1278140.38,867.29,866.00,867.29,0.64,0.37,0.30,1
619922.56,1278140.38,865.28,864.00,865.28,0.64,0.37,0.29,1
620014.81,1278140.38,874.28,873.00,874.28,0.64,0.37,0.30,1
620107.12,1278140.38,873.30,872.00,873.30,0.65,0.38,0.31,1
620199.38,1278140.38,857.33,856.00,857.33,0.66,0.39,0.31,1
620291.69,1278140.38,841.40,840.00,841.40,0.66,0.39,0.31,1
620383.94,1278140.38,823.48,822.00,823.48,0.65,0.37,0.29,1
620476.19,1278140.38,817.53,816.00,817.53,0.64,0.37,0.29,1
620568.50,1278140.38,808.57,807.00,808.57,0.64,0.36,0.28,1
620660.75,1278140.38,796.59,795.00,796.59,0.64,0.36,0.28,1
620753.06,1278140.38,788.61,787.00,788.61,0.63,0.36,0.28,1
620845.31,1278140.38,780.62,779.00,780.62,0.63,0.35,0.27,1
620937.62,1278140.38,777.63,776.00,777.63,0.63,0.35,0.27,1
621029.88,1278140.38,776.64,775.00,776.64,0.62,0.34,0.26,1
621122.19,1278140.38,780.65,779.00,780.65,0.63,0.35,0.27,1
621214.44,1278140.38,779.65,778.00,779.65,0.63,0.35,0.27,1
621306.69,1278140.38,772.66,771.00,772.66,0.63,0.35,0.27,1
621399.00,1278140.38,775.66,774.00,775.66,0.62,0.33,0.25,1
621491.25,1278140.38,779.66,778.00,779.66,0.62,0.34,0.26,1
621583.56,1278140.38,789.65,788.00,789.65,0.62,0.34,0.26,1
621675.81,1278140.38,807.61,806.00,807.61,0.63,0.35,0.27,1
621768.12,1278140.38,815.61,814.00,815.61,0.64,0.36,0.28,1
621860.38,1278140.38,807.63,806.00,807.63,0.65,0.37,0.29,1
621952.69,1278140.38,791.64,790.00,791.64,0.64,0.36,0.28,1
622044.94,1278140.38,784.64,783.00,784.64,0.63,0.35,0.27,1
622137.19,1278140.38,784.63,783.00,784.63,0.63,0.35,0.27,1
622229.50,1278140.38,784.61,783.00,784.61,0.63,0.35,0.27,1
622321.75,1278140.38,784.59,783.00,784.59,0.62,0.35,0.27,1
622414.06,1278140.38,788.58,787.00,788.58,0.61,0.33,0.25,1
622506.31,1278140.38,793.58,792.00,793.58,0.60,0.32,0.24,1
622598.62,1278140.38,795.57,794.00,795.57,0.60,0.32,0.24,1
622690.88,1278140.38,790.56,789.00,790.56,0.61,0.33,0.25,1
622783.19,1278140.38,788.55,787.00,788.55,0.61,0.33,0.25,1
622875.44,1278140.38,798.54,797.00,798.54,0.60,0.32,0.24,1
622967.69,1278140.38,813.51,812.00,813.51,0.59,0.32,0.24,1
623060.00,1278140.38,823.47,822.00,823.47,0.59,0.32,0.24,1
623152.25,1278140.38,829.42,828.00,829.42,0.60,0.32,0.25,1
623244.56,1278140.38,851.39,850.00,851.39,0.60,0.33,0.25,1
623336.81,1278140.38,861.37,860.00,861.37,0.63,0.36,0.28,1
623429.12,1278140.38,849.36,848.00,849.36,0.64,0.37,0.29,1
623521.38,1278140.38,845.37,844.00,845.37,0.63,0.36,0.28,1
623613.69,1278140.38,851.37,850.00,851.37,0.62,0.35,0.27,1
623705.94,1278140.38,858.39,857.00,858.39,0.63,0.36,0.28,1
623798.19,1278140.38,851.42,850.00,851.42,0.63,0.36,0.28,1
623890.50,1278140.38,853.44,852.00,853.44,0.61,0.34,0.26,1
623982.75,1278140.38,878.47,877.00,878.47,0.61,0.33,0.25,1
624075.06,1278140.38,889.48,888.00,889.48,0.63,0.36,0.28,1
624167.31,1278140.38,878.50,877.00,878.50,0.65,0.37,0.29,1
624259.62,1278140.38,875.52,874.00,875.52,0.64,0.36,0.28,1
624351.88,1278140.38,878.53,877.00,878.53,0.63,0.36,0.28,1
624444.19,1278140.38,867.54,866.00,867.54,0.63,0.36,0.28,1
624536.44,1278140.38,864.55,863.00,864.55,0.63,0.35,0.27,1
624628.69,1278140.38,871.56,870.00,871.56,0.64,0.36,0.28,1
624721.00,1278140.38,861.56,860.00,861.56,0.64,0.37,0.29,1
624813.25,1278140.38,843.57,842.00,843.57,0.64,0.36,0.28,1
624905.56,1278140.38,831.57,830.00,831.57,0.63,0.35,0.27,1
624997.81,1278140.38,827.57,826.00,827.57,0.63,0.35,0.27,1
625090.12,1278140.38,825.57,824.00,825.57,0.63,0.35,0.27,1
625182.38,1278140.38,824.59,823.00,824.59,0.62,0.34,0.26,1
625274.69,1278140.38,832.63,831.00,832.63,0.60,0.32,0.24,1
625366.94,1278140.38,840.60,839.00,840.60,0.58,0.30,0.22,1
625459.19,1278140.38,-9999.00,-9999.00,-9999.00,0.71,0.71,0.71,0
614385.88,1278048.12,-9999.00,-9999.00,-9999.00,0.71,0.71,0.71,0
614478.12,1278048.12,766.16,765.00,766.16,0.32,0.06,-0.01,1
614570.44,1278048.12,777.21,776.00,777.21,0.61,0.35,0.28,1
614662.69,1278048.12,791.28,790.00,791.28,0.62,0.36,0.28,1
614755.00,1278048.12,794.36,793.00,794.36,0.63,0.36,0.28,1
614847.25,1278048.12,787.42,786.00,787.42,0.63,0.36,0.28,1
614939.56,1278048.12,788.45,787.00,788.45,0.62,0.35,0.27,1
615031.81,1278048.12,797.46,796.00,797.46,0.63,0.35,0.28,1
615124.12,1278048.12,790.45,789.00,790.45,0.64,0.36,0.29,1
615216.38,1278048.12,783.44,782.00,783.44,0.63,0.35,0.28,1
615308.62,1278048.12,788.39,787.00,788.39,0.61,0.34,0.26,1
615400.94,1278048.12,793.30,792.00,793.30,0.61,0.34,0.26,1
615493.19,1278048.12,793.15,792.00,793.15,0.61,0.35,0.27,1
615585.50,1278048.12,794.95,794.00,794.95,0.61,0.36,0.29,1
615677.75,1278048.12,799.71,799.00,799.71,0.61,0.37,0.31,1
615770.06,1278048.12,809.52,809.00,809.52,0.62,0.39,0.33,1
615862.31,1278048.12,817.40,817.00,817.40,0.62,0.41,0.35,1
615954.62,1278048.12,826.32,826.00,826.32,0.61,0.41,0.35,1
616046.88,1278048.12,838.28,838.00,838.28,0.59,0.40,0.34,1
616139.12,1278048.12,846.26,846.00,846.26,0.60,0.40,0.35,1
616231.44,1278048.12,846.26,846.00,846.26,0.62,0.43,0.37,1
616323.69,1278048.12,842.28,842.00,842.28,0.62,0.42,0.37,1
616416.00,1278048.12,848.33,848.00,848.33,0.60,0.40,0.34,1
616508.25,1278048.12,855.43,855.00,855.43,0.60,0.38,0.32,1
616600.56,1278048.12,863.59,863.00,863.59,0.60,0.37,0.31,1
616692.81,1278048.12,871.82,871.00,871.82,0.61,0.37,0.30,1
616785.12,1278048.12,882.05,881.00,882.05,0.62,0.36,0.29,1
616877.38,1278048.12,896.20,895.00,896.20,0.62,0.35,0.28,1
616969.62,1278048.12,916.29,915.00,916.29,0.64,0.37,0.30,1
617061.94,1278048.12,913.33,912.00,913.33,0.66,0.39,0.31,1
617154.19,1278048.12,900.37,899.00,900.37,0.65,0.38,0.30,1
617246.50,1278048.12,884.38,883.00,884.38,0.64,0.37,0.30,1
617338.75,1278048.12,878.38,877.00,878.38,0.64,0.37,0.29,1
617431.06,1278048.12,882.37,881.00,882.37,0.63,0.36,0.29,1
617523.31,1278048.12,887.36,886.00,887.36,0.64,0.37,0.29,1
617615.62,1278048.12,893.35,892.00,893.35,0.63,0.36,0.28,1
617707.88,1278048.12,908.36,907.00,908.36,0.62,0.35,0.27,1
617800.12,1278048.12,925.39,924.00,925.39,0.62,0.35,0.27,1
617892.44,1278048.12,942.41,941.00,942.41,0.63,0.36,0.28,1
617984.69,1278048.12,954.41,953.00,954.41,0.63,0.36,0.28,1
618077.00,1278048.12,964.41,963.00,964.41,0.64,0.37,0.29,1
618169.25,1278048.12,966.42,965.00,966.42,0.65,0.38,0.30,1
618261.56,1278048.12,953.45,952.00,953.45,0.65,0.37,0.29,1
618353.81,1278048.12,953.49,952.00,953.49,0.61,0.34,0.26,1
618446.12,1278048.12,973.52,972.00,973.52,0.60,0.32,0.24,1
618538.38,1278048.12,996.52,995.00,996.52,0.61,0.34,0.26,1
618630.62,1278048.12,1006.50,1005.00,1006.50,0.64,0.36,0.29,1
618722.94,1278048.12,1005.45,1004.00,1005.45,0.64,0.37,0.29,1
618815.19,1278048.12,1020.39,1019.00,1020.39,0.63,0.36,0.28,1
618907.50,1278048.12,1038.36,1037.00,1038.36,0.64,0.37,0.30,1
618999.75,1278048.12,1021.37,1020.00,1021.37,0.66,0.39,0.32,1
619092.06,1278048.12,992.39,991.00,992.39,0.66,0.39,0.31,1
619184.31,1278048.12,972.44,971.00,972.44,0.65,0.38,0.30,1
619276.62,1278048.12,954.46,953.00,954.46,0.65,0.38,0.30,1
619368.88,1278048.12,930.46,929.00,930.46,0.65,0.38,0.30,1
619461.19,1278048.12,913.44,912.00,913.44,0.66,0.38,0.31,1
619553.44,1278048.12,911.41,910.00,911.41,0.66,0.38,0.31,1
619645.69,1278048.12,897.36,896.00,897.36,0.65,0.38,0.31,1
619738.00,1278048.12,884.32,883.00,884.32,0.65,0.38,0.30,1
619830.25,1278048.12,872.28,871.00,872.28,0.64,0.37,0.30,1
619922.56,1278048.12,877.27,876.00,877.27,0.63,0.36,0.29,1
620014.81,1278048.12,890.26,889.00,890.26,0.64,0.37,0.29,1
620107.12,1278048.12,887.28,886.00,887.28,0.65,0.38,0.31,1
620199.38,1278048.12,869.32,868.00,869.32,0.65,0.39,0.31,1
620291.69,1278048.12,852.39,851.00,852.39,0.65,0.38,0.31,1
620383.94,1278048.12,832.47,831.00,832.47,0.65,0.37,0.29,1
620476.19,1278048.12,827.53,826.00,827.53,0.64,0.36,0.28,1
620568.50,1278048.12,816.57,815.00,816.57,0.64,0.37,0.29,1
620660.75,1278048.12,801.59,800.00,801.59,0.64,0.36,0.28,1
620753.06,1278048.12,793.61,792.00,793.61,0.64,0.36,0.28,1
620845.31,1278048.12,787.62,786.00,787.62,0.63,0.35,0.27,1
620937.62,1278048.12,781.63,780.00,781.63,0.63,0.35,0.27,1
621029.88,1278048.12,779.63,778.00,779.63,0.63,0.35,0.27,1
621122.19,1278048.12,785.64,784.00,785.64,0.63,0.35,0.27,1
621214.44,1278048.12,788.65,787.00,788.65,0.64,0.36,0.28,1
621306.69,1278048.12,783.66,782.00,783.66,0.64,0.36,0.28,1
621399.00,1278048.12,783.67,782.00,783.67,0.62,0.34,0.26,1
621491.25,1278048.12,799.67,798.00,799.67,0.62,0.34,0.26,1
621583.56,1278048.12,820.64,819.00,820.64,0.63,0.35,0.27,1
621675.81,1278048.12,825.60,824.00,825.60,0.64,0.36,0.28,1
621768.12,1278048.12,829.61,828.00,829.61,0.64,0.36,0.28,1
621860.38,1278048.12,819.67,818.00,819.67,0.64,0.36,0.28,1
621952.69,1278048.12,797.71,796.00,797.71,0.64,0.36,0.28,1
622044.94,1278048.12,798.71,797.00,798.71,0.63,0.35,0.27,1
622137.19,1278048.12,800.69,799.00,800.69,0.64,0.35,0.27,1
622229.50,1278048.12,797.66,796.00,797.66,0.64,0.35,0.27,1
622321.75,1278048.12,796.64,795.00,796.64,0.64,0.36,0.28,1
622414.06,1278048.12,785.62,784.00,785.62,0.63,0.35,0.27,1
622506.31,1278048.12,781.61,780.00,781.61,0.62,0.34,0.26,1
622598.62,1278048.12,782.60,781.00,782.60,0.61,0.34,0.26,1
622690.88,1278048.12,784.59,783.00,784.59,0.62,0.34,0.26,1
622783.19,1278048.12,786.58,785.00,786.58,0.62,0.34,0.26,1
622875.44,1278048.12,791.56,790.00,791.56,0.61,0.33,0.26,1
622967.69,1278048.12,800.53,799.00,800.53,0.60,0.33,0.25,1
623060.00,1278048.12,811.48,810.00,811.48,0.60,0.33,0.25,1
623152.25,1278048.12,830.42,829.00,830.42,0.60,0.33,0.25,1
623244.56,1278048.12,854.37,853.00,854.37,0.61,0.34,0.26,1
623336.81,1278048.12,861.34,860.00,861.34,0.63,0.36,0.28,1
623429.12,1278048.12,853.32,852.00,853.32,0.64,0.37,0.29,1
623521.38,1278048.12,852.32,851.00,852.32,0.63,0.37,0.29,1
623613.69,1278048.12,861.31,860.00,861.31,0.63,0.36,0.28,1
623705.94,1278048.12,868.32,867.00,868.32,0.64,0.37,0.29,1
623798.19,1278048.12,856.33,855.00,856.33,0.64,0.37,0.30,1
623890.50,1278048.12,848.36,847.00,848.36,0.62,0.35,0.27,1
623982.75,1278048.12,863.38,862.00,863.38,0.58,0.31,0.24,1
624075.06,1278048.12,882.41,881.00,882.41,0.60,0.32,0.25,1
624167.31,1278048.12,884.45,883.00,884.45,0.62,0.35,0.27,1
624259.62,1278048.12,883.48,882.00,883.48,0.63,0.36,0.28,1
624351.88,1278048.12,881.50,880.00,881.50,0.63,0.36,0.28,1
624444.19,1278048.12,871.52,870.00,871.52,0.63,0.35,0.28,1
624536.44,1278048.12,878.54,877.00,878.54,0.63,0.35,0.27,1
624628.69,1278048.12,880.54,879.00,880.54,0.64,0.36,0.28,1
624721.00,1278048.12,865.55,864.00,865.55,0.64,0.36,0.28,1
624813.25,1278048.12,845.55,844.00,845.55,0.64,0.36,0.28,1
624905.56,1278048.12,835.54,834.00,835.54,0.63,0.36,0.28,1
624997.81,1278048.12,837.53,836.00,837.53,0.63,0.35,0.28,1
625090.12,1278048.12,842.49,841.00,842.49,0.64,0.36,0.29,1
625182.38,1278048.12,834.45,833.00,834.45,0.64,0.37,0.29,1
625274.69,1278048.12,827.43,826.00,827.43,0.63,0.35,0.28,1
625366.94,1278048.12,825.31,824.00,825.31,0.58,0.31,0.23,1
625459.19,1278048.12,-9999.00,-9999.00,-9999.00,0.71,0.71,0.71,0
614385.88,1277955.75,-9999.00,-9999.00,-9999.00,0.71,0.71,0.71,0
614478.12,1277955.75,774.10,773.00,774.10,0.32,0.06,-0.02,1
614570.44,1277955.75,781.13,780.00,781.13,0.61,0.35,0.28,1
614662.69,1277955.75,792.21,791.00,792.21,0.61,0.35,0.27,1
614755.00,1277955.75,797.31,796.00,797.31,0.62,0.36,0.28,1
614847.25,1277955.75,794.40,793.00,794.40,0.63,0.36,0.28,1
614939.56,1277955.75,797.44,796.00,797.44,0.63,0.35,0.27,1
615031.81,1277955.75,806.46,805.00,806.46,0.63,0.36,0.28,1
615124.12,1277955.75,799.46,798.00,799.46,0.64,0.37,0.29,1
615216.38,1277955.75,786.44,785.00,786.44,0.64,0.37,0.29,1
615308.62,1277955.75,782.40,781.00,782.40,0.63,0.35,0.28,1
615400.94,1277955.75,784.32,783.00,784.32,0.62,0.35,0.28,1
615493.19,1277955.75,788.19,787.00,788.19,0.63,0.37,0.29,1
615585.50,1277955.75,793.00,792.00,793.00,0.63,0.38,0.30,1
615677.75,1277955.75,797.77,797.00,797.77,0.62,0.38,0.31,1
615770.06,1277955.75,807.58,807.00,807.58,0.61,0.38,0.31,1
615862.31,1277955.75,815.45,815.00,815.45,0.60,0.39,0.33,1
615954.62,1277955.75,822.37,822.00,822.37,0.60,0.40,0.34,1
616046.88,1277955.75,827.33,827.00,827.33,0.60,0.40,0.34,1
616139.12,1277955.75,832.31,832.00,832.31,0.60,0.40,0.35,1
616231.44,1277955.75,833.31,833.00,833.31,0.62,0.41,0.36,1
616323.69,1277955.75,828.32,828.00,828.32,0.61,0.41,0.35,1
616416.00,1277955.75,829.37,829.00,829.37,0.60,0.39,0.33,1
616508.25,1277955.75,835.46,835.00,835.46,0.59,0.37,0.31,1
616600.56,1277955.75,850.62,850.00,850.62,0.59,0.36,0.29,1
616692.81,1277955.75,871.84,871.00,871.84,0.60,0.35,0.28,1
616785.12,1277955.75,890.07,889.00,890.07,0.61,0.35,0.28,1
616877.38,1277955.75,908.21,907.00,908.21,0.60,0.33,0.26,1
616969.62,1277955.75,942.30,941.00,942.30,0.63,0.36,0.29,1
617061.94,1277955.75,936.36,935.00,936.36,0.66,0.39,0.32,1
617154.19,1277955.75,913.41,912.00,913.41,0.66,0.39,0.31,1
617246.50,1277955.75,896.43,895.00,896.43,0.65,0.38,0.30,1
617338.75,1277955.75,896.43,895.00,896.43,0.64,0.37,0.29,1
617431.06,1277955.75,899.43,898.00,899.43,0.63,0.36,0.28,1
617523.31,1277955.75,907.42,906.00,907.42,0.63,0.36,0.28,1
617615.62,1277955.75,913.42,912.00,913.42,0.63,0.36,0.28,1
617707.88,1277955.75,922.44,921.00,922.44,0.62,0.35,0.27,1
617800.12,1277955.75,942.48,941.00,942.48,0.62,0.34,0.26,1
617892.44,1277955.75,964.51,963.00,964.51,0.62,0.35,0.27,1
617984.69,1277955.75,980.53,979.00,980.53,0.63,0.35,0.27,1
618077.00,1277955.75,992.58,991.00,992.58,0.64,0.36,0.28,1
618169.25,1277955.75,993.68,992.00,993.68,0.65,0.37,0.29,1
618261.56,1277955.75,971.74,970.00,971.74,0.65,0.36,0.28,1
618353.81,1277955.75,959.76,958.00,959.76,0.63,0.34,0.26,1
618446.12,1277955.75,974.76,973.00,974.76,0.60,0.31,0.23,1
618538.38,1277955.75,1006.72,1005.00,1006.72,0.59,0.31,0.23,1
618630.62,1277955.75,1030.58,1029.00,1030.58,0.63,0.35,0.27,1
618722.94,1277955.75,1035.46,1034.00,1035.46,0.65,0.37,0.29,1
618815.19,1277955.75,1043.40,1042.00,1043.40,0.64,0.37,0.29,1
618907.50,1277955.75,1049.38,1048.00,1049.38,0.63,0.36,0.29,1
618999.75,1277955.75,1026.37,1025.00,1026.37,0.64,0.37,0.29,1
619092.06,1277955.75,993.38,992.00,993.38,0.64,0.37,0.29,1
619184.31,1277955.75,966.43,965.00,966.43,0.64,0.37,0.29,1
619276.62,1277955.75,950.45,949.00,950.45,0.64,0.37,0.29,1
619368.88,1277955.75,938.45,937.00,938.45,0.64,0.36,0.29,1
619461.19,1277955.75,948.44,947.00,948.44,0.64,0.37,0.29,1
619553.44,1277955.75,941.42,940.00,941.42,0.66,0.39,0.31,1
619645.69,1277955.75,911.38,910.00,911.38,0.66,0.39,0.31,1
619738.00,1277955.75,890.34,889.00,890.34,0.65,0.38,0.31,1
619830.25,1277955.75,881.29,880.00,881.29,0.64,0.37,0.29,1
619922.56,1277955.75,890.27,889.00,890.27,0.62,0.35,0.28,1
620014.81,1277955.75,904.26,903.00,904.26,0.63,0.37,0.29,1
620107.12,1277955.75,891.27,890.00,891.27,0.64,0.38,0.30,1
620199.38,1277955.75,874.31,873.00,874.31,0.64,0.38,0.30,1
620291.69,1277955.75,861.39,860.00,861.39,0.65,0.37,0.30,1
620383.94,1277955.75,844.49,843.00,844.49,0.65,0.37,0.29,1
620476.19,1277955.75,833.55,832.00,833.55,0.64,0.36,0.28,1
620568.50,1277955.75,824.59,823.00,824.59,0.64,0.36,0.28,1
620660.75,1277955.75,811.61,810.00,811.61,0.64,0.36,0.28,1
620753.06,1277955.75,803.62,802.00,803.62,0.64,0.36,0.28,1
620845.31,1277955.75,793.63,792.00,793.63,0.64,0.36,0.28,1
620937.62,1277955.75,786.63,785.00,786.63,0.63,0.35,0.27,1
621029.88,1277955.75,793.63,792.00,793.63,0.62,0.34,0.26,1
621122.19,1277955.75,809.64,808.00,809.64,0.62,0.34,0.26,1
621214.44,1277955.75,816.65,815.00,816.65,0.64,0.36,0.28,1
621306.69,1277955.75,810.66,809.00,810.66,0.65,0.37,0.29,1
621399.00,1277955.75,797.67,796.00,797.67,0.63,0.35,0.27,1
621491.25,1277955.75,824.63,823.00,824.63,0.61,0.33,0.25,1
621583.56,1277955.75,858.53,857.00,858.53,0.62,0.35,0.27,1
621675.81,1277955.75,862.51,861.00,862.51,0.65,0.38,0.30,1
621768.12,1277955.75,847.55,846.00,847.55,0.66,0.39,0.31,1
621860.38,1277955.75,825.66,824.00,825.66,0.66,0.38,0.30,1
621952.69,1277955.75,811.75,810.00,811.75,0.65,0.36,0.28,1
622044.94,1277955.75,816.75,815.00,816.75,0.63,0.35,0.27,1
622137.19,1277955.75,818.72,817.00,818.72,0.64,0.35,0.27,1
622229.50,1277955.75,810.69,809.00,810.69,0.63,0.35,0.27,1
622321.75,1277955.75,802.66,801.00,802.66,0.63,0.35,0.27,1
622414.06,1277955.75,789.65,788.00,789.65,0.63,0.35,0.27,1
622506.31,1277955.75,783.63,782.00,783.63,0.63,0.35,0.27,1
622598.62,1277955.75,786.62,785.00,786.62,0.63,0.35,0.27,1
622690.88,1277955.75,788.60,787.00,788.60,0.63,0.35,0.27,1
622783.19,1277955.75,789.59,788.00,789.59,0.62,0.35,0.27,1
622875.44,1277955.75,794.57,793.00,794.57,0.62,0.34,0.26,1
622967.69,1277955.75,801.53,800.00,801.53,0.61,0.33,0.25,1
623060.00,1277955.75,818.49,817.00,818.49,0.60,0.33,0.25,1
623152.25,1277955.75,842.43,841.00,842.43,0.60,0.33,0.25,1
623244.56,1277955.75,864.36,863.00,864.36,0.62,0.35,0.27,1
623336.81,1277955.75,867.30,866.00,867.30,0.63,0.36,0.29,1
623429.12,1277955.75,861.27,860.00,861.27,0.63,0.37,0.29,1
623521.38,1277955.75,868.25,867.00,868.25,0.63,0.37,0.29,1
623613.69,1277955.75,874.24,873.00,874.24,0.63,0.37,0.29,1
623705.94,1277955.75,873.24,872.00,873.24,0.63,0.37,0.29,1
623798.19,1277955.75,861.25,860.00,861.25,0.64,0.37,0.30,1
623890.50,1277955.75,849.27,848.00,849.27,0.63,0.37,0.29,1
623982.75,1277955.75,852.30,851.00,852.30,0.60,0.33,0.26,1
624075.06,1277955.75,868.35,867.00,868.35,0.59,0.32,0.24,1
624167.31,1277955.75,876.40,875.00,876.40,0.60,0.33,0.26,1
624259.62,1277955.75,887.45,886.00,887.45,0.62,0.35,0.27,1
624351.88,1277955.75,885.49,884.00,885.49,0.63,0.36,0.28,1
624444.19,1277955.75,879.51,878.00,879.51,0.63,0.35,0.27,1
624536.44,1277955.75,884.53,883.00,884.53,0.62,0.35,0.27,1
624628.69,1277955.75,882.53,881.00,882.53,0.63,0.35,0.28,1
624721.00,1277955.75,864.53,863.00,864.53,0.64,0.36,0.28,1
624813.25,1277955.75,847.53,846.00,847.53,0.64,0.36,0.28,1
624905.56,1277955.75,844.51,843.00,844.51,0.63,0.35,0.28,1
624997.81,1277955.75,852.46,851.00,852.46,0.63,0.36,0.28,1
625090.12,1277955.75,854.38,853.00,854.38,0.64,0.37,0.29,1
625182.38,1277955.75,840.26,839.00,840.26,0.65,0.38,0.31,1
625274.69,1277955.75,829.15,828.00,829.15,0.64,0.38,0.31,1
625366.94,1277955.75,825.90,825.00,825.90,0.57,0.33,0.25,1
625459.19,1277955.75,-9999.00,-9999.00,-9999.00,0.71,0.71,0.71,0
614385.88,1277863.50,-9999.00,-9999.00,-9999.00,0.71,0.71,0.71,0
614478.12,1277863.50,770.07,769.00,770.07,0.31,0.05,-0.02,1
614570.44,1277863.50,774.09,773.00,774.09,0.61,0.36,0.28,1
614662.69,1277863.50,786.15,785.00,786.15,0.60,0.34,0.27,1
614755.00,1277863.50,796.27,795.00,796.27,0.61,0.34,0.27,1
614847.25,1277863.50,799.38,798.00,799.38,0.62,0.35,0.27,1
614939.56,1277863.50,805.44,804.00,805.44,0.62,0.34,0.27,1
615031.81,1277863.50,813.46,812.00,813.46,0.62,0.35,0.27,1
615124.12,1277863.50,810.47,809.00,810.47,0.64,0.37,0.29,1
615216.38,1277863.50,798.46,797.00,798.46,0.65,0.37,0.29,1
615308.62,1277863.50,791.43,790.00,791.43,0.63,0.36,0.28,1
615400.94,1277863.50,796.36,795.00,796.36,0.63,0.36,0.28,1
615493.19,1277863.50,806.24,805.00,806.24,0.63,0.37,0.29,1
615585.50,1277863.50,808.08,807.00,808.08,0.65,0.39,0.32,1
615677.75,1277863.50,799.86,799.00,799.86,0.65,0.40,0.33,1
615770.06,1277863.50,796.68,796.00,796.68,0.62,0.38,0.32,1
615862.31,1277863.50,799.54,799.00,799.54,0.60,0.38,0.32,1
615954.62,1277863.50,805.45,805.00,805.45,0.60,0.38,0.32,1
616046.88,1277863.50,813.40,813.00,813.40,0.60,0.39,0.33,1
616139.12,1277863.50,819.39,819.00,819.39,0.61,0.40,0.34,1
616231.44,1277863.50,819.39,819.00,819.39,0.62,0.41,0.35,1
616323.69,1277863.50,815.40,815.00,815.40,0.63,0.42,0.36,1
616416.00,1277863.50,818.44,818.00,818.44,0.63,0.41,0.35,1
616508.25,1277863.50,829.52,829.00,829.52,0.61,0.38,0.32,1
616600.56,1277863.50,853.67,853.00,853.67,0.59,0.36,0.29,1
616692.81,1277863.50,876.89,876.00,876.89,0.60,0.35,0.28,1
616785.12,1277863.50,896.10,895.00,896.10,0.60,0.34,0.27,1
616877.38,1277863.50,916.24,915.00,916.24,0.58,0.31,0.24,1
616969.62,1277863.50,966.33,965.00,966.33,0.60,0.33,0.25,1
617061.94,1277863.50,962.40,961.00,962.40,0.65,0.38,0.30,1
617154.19,1277863.50,937.45,936.00,937.45,0.66,0.39,0.31,1
617246.50,1277863.50,918.47,917.00,918.47,0.66,0.38,0.30,1
617338.75,1277863.50,913.47,912.00,913.47,0.64,0.37,0.29,1
617431.06,1277863.50,917.47,916.00,917.47,0.63,0.36,0.28,1
617523.31,1277863.50,925.46,924.00,925.46,0.63,0.36,0.28,1
617615.62,1277863.50,932.46,931.00,932.46,0.63,0.36,0.28,1
617707.88,1277863.50,946.47,945.00,946.47,0.62,0.35,0.27,1
617800.12,1277863.50,968.48,967.00,968.48,0.62,0.34,0.26,1
617892.44,1277863.50,992.50,991.00,992.50,0.62,0.34,0.26,1
617984.69,1277863.50,1010.54,1009.00,1010.54,0.63,0.35,0.27,1
618077.00,1277863.50,1019.67,1018.00,1019.67,0.64,0.36,0.28,1
618169.25,1277863.50,1007.93,1006.00,1007.93,0.64,0.35,0.27,1
618261.56,1277863.50,981.10,979.00,981.10,0.64,0.34,0.26,1
618353.81,1277863.50,971.13,969.00,971.13,0.63,0.33,0.25,1
618446.12,1277863.50,982.11,980.00,982.11,0.60,0.31,0.23,1
618538.38,1277863.50,1012.99,1011.00,1012.99,0.58,0.29,0.21,1
618630.62,1277863.50,1054.66,1053.00,1054.66,0.59,0.31,0.23,1
618722.94,1277863.50,1079.49,1078.00,1079.49,0.64,0.36,0.28,1
618815.19,1277863.50,1067.44,1066.00,1067.44,0.65,0.38,0.30,1
618907.50,1277863.50,1037.43,1036.00,1037.43,0.63,0.36,0.28,1
618999.75,1277863.50,1008.43,1007.00,1008.43,0.64,0.36,0.29,1
619092.06,1277863.50,979.44,978.00,979.44,0.64,0.37,0.29,1
619184.31,1277863.50,969.45,968.00,969.45,0.65,0.37,0.29,1
619276.62,1277863.50,961.45,960.00,961.45,0.64,0.37,0.29,1
619368.88,1277863.50,954.45,953.00,954.45,0.64,0.37,0.29,1
619461.19,1277863.50,961.44,960.00,961.44,0.64,0.37,0.29,1
619553.44,1277863.50,949.44,948.00,949.44,0.65,0.38,0.30,1
619645.69,1277863.50,924.44,923.00,924.44,0.66,0.39,0.31,1
619738.00,1277863.50,901.41,900.00,901.41,0.66,0.39,0.31,1
619830.25,1277863.50,893.34,892.00,893.34,0.65,0.38,0.30,1
619922.56,1277863.50,897.28,896.00,897.28,0.63,0.36,0.29,1
620014.81,1277863.50,906.27,905.00,906.27,0.64,0.37,0.29,1
620107.12,1277863.50,886.28,885.00,886.28,0.65,0.38,0.30,1
620199.38,1277863.50,874.32,873.00,874.32,0.65,0.38,0.30,1
620291.69,1277863.50,863.42,862.00,863.42,0.64,0.37,0.29,1
620383.94,1277863.50,850.55,849.00,850.55,0.64,0.37,0.29,1
620476.19,1277863.50,838.62,837.00,838.62,0.64,0.36,0.28,1
620568.50,1277863.50,827.66,826.00,827.66,0.64,0.36,0.28,1
620660.75,1277863.50,815.67,814.00,815.67,0.64,0.36,0.28,1
620753.06,1277863.50,806.67,805.00,806.67,0.63,0.35,0.27,1
620845.31,1277863.50,798.66,797.00,798.66,0.64,0.36,0.28,1
620937.62,1277863.50,793.65,792.00,793.65,0.63,0.35,0.27,1
621029.88,1277863.50,798.64,797.00,798.64,0.61,0.33,0.25,1
621122.19,1277863.50,816.64,815.00,816.64,0.60,0.32,0.24,1
621214.44,1277863.50,831.65,830.00,831.65,0.63,0.35,0.27,1
621306.69,1277863.50,824.66,823.00,824.66,0.64,0.36,0.28,1
621399.00,1277863.50,821.66,820.00,821.66,0.61,0.33,0.25,1
621491.25,1277863.50,855.61,854.00,855.61,0.59,0.31,0.23,1
621583.56,1277863.50,879.52,878.00,879.52,0.60,0.32,0.24,1
621675.81,1277863.50,887.48,886.00,887.48,0.63,0.35,0.27,1
621768.12,1277863.50,885.45,884.00,885.45,0.65,0.38,0.30,1
621860.38,1277863.50,874.49,873.00,874.49,0.67,0.39,0.31,1
621952.69,1277863.50,855.60,854.00,855.60,0.67,0.39,0.31,1
622044.94,1277863.50,843.70,842.00,843.70,0.66,0.37,0.29,1
622137.19,1277863.50,830.72,829.00,830.72,0.64,0.36,0.28,1
622229.50,1277863.50,809.70,808.00,809.70,0.63,0.35,0.27,1
622321.75,1277863.50,793.68,792.00,793.68,0.62,0.34,0.26,1
622414.06,1277863.50,788.66,787.00,788.66,0.63,0.35,0.27,1
622506.31,1277863.50,791.64,790.00,791.64,0.63,0.34,0.26,1
622598.62,1277863.50,798.63,797.00,798.63,0.63,0.35,0.27,1
622690.88,1277863.50,801.61,800.00,801.61,0.63,0.35,0.27,1
622783.19,1277863.50,797.59,796.00,797.59,0.64,0.36,0.28,1
622875.44,1277863.50,795.57,794.00,795.57,0.63,0.35,0.27,1
622967.69,1277863.50,803.54,802.00,803.54,0.61,0.34,0.26,1
623060.00,1277863.50,820.49,819.00,820.49,0.59,0.32,0.24,1
623152.25,1277863.50,848.42,847.00,848.42,0.58,0.31,0.23,1
623244.56,1277863.50,875.34,874.00,875.34,0.61,0.34,0.27,1
623336.81,1277863.50,870.27,869.00,870.27,0.63,0.36,0.29,1
623429.12,1277863.50,866.22,865.00,866.22,0.63,0.36,0.29,1
623521.38,1277863.50,878.19,877.00,878.19,0.63,0.37,0.29,1
623613.69,1277863.50,877.18,876.00,877.18,0.63,0.37,0.30,1
623705.94,1277863.50,867.18,866.00,867.18,0.63,0.37,0.29,1
623798.19,1277863.50,855.18,854.00,855.18,0.64,0.37,0.30,1
623890.50,1277863.50,848.20,847.00,848.20,0.64,0.38,0.30,1
623982.75,1277863.50,847.24,846.00,847.24,0.62,0.36,0.28,1
624075.06,1277863.50,856.30,855.00,856.30,0.60,0.33,0.26,1
624167.31,1277863.50,873.38,872.00,873.38,0.60,0.33,0.25,1
624259.62,1277863.50,888.44,887.00,888.44,0.61,0.34,0.26,1
624351.88,1277863.50,886.48,885.00,886.48,0.62,0.35,0.27,1
624444.19,1277863.50,879.51,878.00,879.51,0.62,0.35,0.27,1
624536.44,1277863.50,880.53,879.00,880.53,0.62,0.35,0.27,1
624628.69,1277863.50,876.53,875.00,876.53,0.63,0.36,0.28,1
624721.00,1277863.50,863.53,862.00,863.53,0.64,0.36,0.29,1
624813.25,1277863.50,853.51,852.00,853.51,0.64,0.36,0.28,1
624905.56,1277863.50,855.48,854.00,855.48,0.63,0.35,0.27,1
624997.81,1277863.50,864.41,863.00,864.41,0.63,0.36,0.28,1
625090.12,1277863.50,857.31,856.00,857.31,0.64,0.37,0.29,1
625182.38,1277863.50,844.14,843.00,844.14,0.64,0.38,0.31,1
625274.69,1277863.50,839.99,839.00,839.99,0.65,0.40,0.32,1
625366.94,1277863.50,836.67,836.00,836.67,0.57,0.34,0.27,1
625459.19,1277863.50,-9999.00,-9999.00,-9999.00,0.71,0.71,0.71,0
614385.88,1277771.25,-9999.00,-9999.00,-9999.00,0.71,0.71,0.71,0
614478.12,1277771.25,779.06,778.00,779.06,0.31,0.05,-0.02,1
614570.44,1277771.25,780.09,779.00,780.09,0.64,0.39,0.31,1
614662.69,1277771.25,782.13,781.00,782.13,0.63,0.37,0.30,1
614755.00,1277771.25,785.25,784.00,785.25,0.61,0.35,0.27,1
614847.25,1277771.25,791.37,790.00,791.37,0.61,0.34,0.26,1
614939.56,1277771.25,801.44,800.00,801.44,0.61,0.33,0.26,1
615031.81,1277771.25,811.48,810.00,811.48,0.61,0.34,0.26,1
615124.12,1277771.25,815.49,814.00,815.49,0.63,0.35,0.27,1
615216.38,1277771.25,810.49,809.00,810.49,0.64,0.36,0.29,1
615308.62,1277771.25,799.47,798.00,799.47,0.63,0.36,0.28,1
615400.94,1277771.25,803.42,802.00,803.42,0.61,0.34,0.26,1
615493.19,1277771.25,816.33,815.00,816.33,0.62,0.35,0.27,1
615585.50,1277771.25,822.20,821.00,822.20,0.64,0.38,0.30,1
615677.75,1277771.25,808.02,807.00,808.02,0.66,0.41,0.33,1
615770.06,1277771.25,791.82,791.00,791.82,0.65,0.40,0.33,1
615862.31,1277771.25,791.68,791.00,791.68,0.62,0.39,0.32,1
615954.62,1277771.25,800.58,800.00,800.58,0.62,0.39,0.33,1
616046.88,1277771.25,806.53,806.00,806.53,0.63,0.40,0.34,1
616139.12,1277771.25,811.51,811.00,811.51,0.63,0.41,0.34,1
616231.44,1277771.25,812.50,812.00,812.50,0.63,0.41,0.35,1
616323.69,1277771.25,818.51,818.00,818.51,0.64,0.42,0.35,1
616416.00,1277771.25,830.55,830.00,830.55,0.64,0.42,0.35,1
616508.25,1277771.25,842.62,842.00,842.62,0.64,0.41,0.34,1
616600.56,1277771.25,857.76,857.00,857.76,0.62,0.38,0.31,1
616692.81,1277771.25,876.96,876.00,876.96,0.60,0.35,0.28,1
616785.12,1277771.25,894.16,893.00,894.16,0.59,0.33,0.26,1
616877.38,1277771.25,916.29,915.00,916.29,0.57,0.31,0.23,1
616969.62,1277771.25,954.37,953.00,954.37,0.57,0.30,0.22,1
617061.94,1277771.25,958.43,957.00,958.43,0.61,0.34,0.26,1
617154.19,1277771.25,949.48,948.00,949.48,0.64,0.36,0.28,1
617246.50,1277771.25,937.50,936.00,937.50,0.65,0.37,0.29,1
617338.75,1277771.25,931.50,930.00,931.50,0.64,0.36,0.29,1
617431.06,1277771.25,936.49,935.00,936.49,0.63,0.36,0.28,1
617523.31,1277771.25,947.47,946.00,947.47,0.63,0.35,0.28,1
617615.62,1277771.25,956.46,955.00,956.46,0.63,0.35,0.28,1
617707.88,1277771.25,972.46,971.00,972.46,0.62,0.35,0.27,1
617800.12,1277771.25,992.46,991.00,992.46,0.62,0.34,0.26,1
617892.44,1277771.25,1014.47,1013.00,1014.47,0.62,0.34,0.26,1
617984.69,1277771.25,1030.53,1029.00,1030.53,0.62,0.35,0.27,1
618077.00,1277771.25,1040.70,1039.00,1040.70,0.64,0.36,0.28,1
618169.25,1277771.25,1018.07,1016.00,1018.07,0.65,0.35,0.27,1
618261.56,1277771.25,992.46,990.00,992.46,0.64,0.33,0.25,1
618353.81,1277771.25,989.57,987.00,989.57,0.63,0.32,0.23,1
618446.12,1277771.25,997.51,995.00,997.51,0.61,0.31,0.22,1
618538.38,1277771.25,1021.24,1019.00,1021.24,0.59,0.29,0.21,1
618630.62,1277771.25,1063.77,1062.00,1063.77,0.59,0.30,0.22,1
618722.94,1277771.25,1084.55,1083.00,1084.55,0.62,0.34,0.26,1
618815.19,1277771.25,1056.50,1055.00,1056.50,0.63,0.36,0.28,1
618907.50,1277771.25,1021.49,1020.00,1021.49,0.64,0.37,0.29,1
618999.75,1277771.25,1004.48,1003.00,1004.48,0.64,0.37,0.29,1
619092.06,1277771.25,996.47,995.00,996.47,0.65,0.38,0.30,1
619184.31,1277771.25,990.47,989.00,990.47,0.65,0.38,0.30,1
619276.62,1277771.25,976.46,975.00,976.46,0.65,0.38,0.30,1
619368.88,1277771.25,973.45,972.00,973.45,0.64,0.37,0.29,1
619461.19,1277771.25,981.44,980.00,981.44,0.65,0.38,0.30,1
619553.44,1277771.25,965.44,964.00,965.44,0.66,0.39,0.31,1
619645.69,1277771.25,943.46,942.00,943.46,0.66,0.39,0.31,1
619738.00,1277771.25,925.46,924.00,925.46,0.66,0.39,0.31,1
619830.25,1277771.25,916.39,915.00,916.39,0.65,0.38,0.31,1
619922.56,1277771.25,916.31,915.00,916.31,0.65,0.38,0.31,1
620014.81,1277771.25,912.29,911.00,912.29,0.65,0.38,0.30,1
620107.12,1277771.25,895.30,894.00,895.30,0.66,0.39,0.31,1
620199.38,1277771.25,888.35,887.00,888.35,0.66,0.39,0.31,1
620291.69,1277771.25,874.49,873.00,874.49,0.65,0.38,0.30,1
620383.94,1277771.25,859.68,858.00,859.68,0.64,0.36,0.28,1
620476.19,1277771.25,842.78,841.00,842.78,0.64,0.35,0.27,1
620568.50,1277771.25,833.82,832.00,833.82,0.64,0.35,0.27,1
620660.75,1277771.25,825.82,824.00,825.82,0.64,0.35,0.27,1
620753.06,1277771.25,814.80,813.00,814.80,0.64,0.35,0.27,1
620845.31,1277771.25,813.75,812.00,813.75,0.64,0.36,0.28,1
620937.62,1277771.25,809.70,808.00,809.70,0.64,0.36,0.28,1
621029.88,1277771.25,805.67,804.00,805.67,0.62,0.34,0.26,1
621122.19,1277771.25,816.66,815.00,816.66,0.61,0.33,0.25,1
621214.44,1277771.25,834.66,833.00,834.66,0.62,0.34,0.26,1
621306.69,1277771.25,831.66,830.00,831.66,0.64,0.36,0.28,1
621399.00,1277771.25,823.65,822.00,823.65,0.62,0.34,0.26,1
621491.25,1277771.25,836.61,835.00,836.61,0.59,0.31,0.23,1
621583.56,1277771.25,853.55,852.00,853.55,0.57,0.29,0.21,1
621675.81,1277771.25,876.49,875.00,876.49,0.57,0.30,0.22,1
621768.12,1277771.25,898.42,897.00,898.42,0.61,0.33,0.26,1
621860.38,1277771.25,908.35,907.00,908.35,0.64,0.37,0.29,1
621952.69,1277771.25,906.36,905.00,906.36,0.66,0.39,0.31,1
622044.94,1277771.25,880.48,879.00,880.48,0.66,0.39,0.31,1
622137.19,1277771.25,837.65,836.00,837.65,0.65,0.37,0.29,1
622229.50,1277771.25,804.69,803.00,804.69,0.64,0.36,0.28,1
622321.75,1277771.25,791.68,790.00,791.68,0.63,0.35,0.27,1
622414.06,1277771.25,797.67,796.00,797.67,0.62,0.34,0.26,1
622506.31,1277771.25,803.65,802.00,803.65,0.63,0.35,0.27,1
622598.62,1277771.25,810.64,809.00,810.64,0.63,0.35,0.27,1
622690.88,1277771.25,812.62,811.00,812.62,0.63,0.35,0.27,1
622783.19,1277771.25,812.60,811.00,812.60,0.64,0.36,0.28,1
622875.44,1277771.25,809.57,808.00,809.57,0.64,0.36,0.28,1
622967.69,1277771.25,811.54,810.00,811.54,0.63,0.35,0.27,1
623060.00,1277771.25,819.49,818.00,819.49,0.61,0.33,0.25,1
623152.25,1277771.25,840.42,839.00,840.42,0.59,0.31,0.24,1
623244.56,1277771.25,866.33,865.00,866.33,0.60,0.33,0.25,1
623336.81,1277771.25,868.24,867.00,868.24,0.62,0.35,0.28,1
623429.12,1277771.25,874.18,873.00,874.18,0.62,0.36,0.29,1
623521.38,1277771.25,885.15,884.00,885.15,0.63,0.37,0.30,1
623613.69,1277771.25,874.13,873.00,874.13,0.64,0.38,0.31,1
623705.94,1277771.25,861.13,860.00,861.13,0.64,0.38,0.31,1
623798.19,1277771.25,860.14,859.00,860.14,0.64,0.38,0.31,1
623890.50,1277771.25,862.17,861.00,862.17,0.65,0.38,0.31,1
623982.75,1277771.25,855.21,854.00,855.21,0.64,0.37,0.30,1
624075.06,1277771.25,860.29,859.00,860.29,0.62,0.35,0.28,1
624167.31,1277771.25,877.37,876.00,877.37,0.61,0.34,0.27,1
624259.62,1277771.25,883.44,882.00,883.44,0.62,0.35,0.27,1
624351.88,1277771.25,875.48,874.00,875.48,0.62,0.34,0.26,1
624444.19,1277771.25,872.51,871.00,872.51,0.62,0.34,0.26,1
624536.44,1277771.25,881.53,880.00,881.53,0.62,0.34,0.26,1
624628.69,1277771.25,886.53,885.00,886.53,0.63,0.36,0.28,1
624721.00,1277771.25,876.52,875.00,876.52,0.64,0.36,0.29,1
624813.25,1277771.25,863.50,862.00,863.50,0.64,0.36,0.28,1
624905.56,1277771.25,864.46,863.00,864.46,0.63,0.35,0.28,1
624997.81,1277771.25,867.38,866.00,867.38,0.63,0.36,0.28,1
625090.12,1277771.25,854.25,853.00,854.25,0.63,0.37,0.29,1
625182.38,1277771.25,848.09,847.00,848.09,0.64,0.38,0.31,1
625274.69,1277771.25,849.96,849.00,849.96,0.65,0.39,0.32,1
625366.94,1277771.25,842.61,842.00,842.61,0.57,0.34,0.27,1
625459.19,1277771.25,-9999.00,-9999.00,-9999.00,0.71,0.71,0.71,0
614385.88,1277679.00,-9999.00,-9999.00,-9999.00,0.71,0.71,0.71,0
614478.12,1277679.00,798.07,797.00,798.07,0.31,0.05,-0.02,1
614570.44,1277679.00,804.10,803.00,804.10,0.65,0.39,0.32,1
614662.69,1277679.00,799.13,798.00,799.13,0.66,0.40,0.32,1
614755.00,1277679.00,787.24,786.00,787.24,0.64,0.38,0.30,1
614847.25,1277679.00,789.38,788.00,789.38,0.62,0.35,0.27,1
614939.56,1277679.00,799.46,798.00,799.46,0.61,0.34,0.26,1
615031.81,1277679.00,812.50,811.00,812.50,0.61,0.34,0.26,1
615124.12,1277679.00,819.52,818.00,819.52,0.63,0.35,0.27,1
615216.38,1277679.00,812.52,811.00,812.52,0.64,0.36,0.28,1
615308.62,1277679.00,799.52,798.00,799.52,0.63,0.36,0.28,1
615400.94,1277679.00,799.49,798.00,799.49,0.61,0.34,0.26,1
615493.19,1277679.00,812.44,811.00,812.44,0.60,0.33,0.25,1
615585.50,1277679.00,825.35,824.00,825.35,0.62,0.35,0.27,1
615677.75,1277679.00,818.21,817.00,818.21,0.65,0.39,0.31,1
615770.06,1277679.00,800.03,799.00,800.03,0.66,0.40,0.33,1
615862.31,1277679.00,794.87,794.00,794.87,0.64,0.39,0.32,1
615954.62,1277679.00,804.76,804.00,804.76,0.63,0.39,0.32,1
616046.88,1277679.00,811.70,811.00,811.70,0.64,0.41,0.34,1
616139.12,1277679.00,816.67,816.00,816.67,0.65,0.41,0.34,1
616231.44,1277679.00,820.67,820.00,820.67,0.64,0.40,0.34,1
616323.69,1277679.00,835.67,835.00,835.67,0.63,0.39,0.33,1
616416.00,1277679.00,851.70,851.00,851.70,0.63,0.39,0.33,1
616508.25,1277679.00,866.77,866.00,866.77,0.64,0.40,0.33,1
616600.56,1277679.00,874.88,874.00,874.88,0.64,0.40,0.33,1
616692.81,1277679.00,882.06,881.00,882.06,0.63,0.37,0.30,1
616785.12,1277679.00,890.24,889.00,890.24,0.61,0.35,0.27,1
616877.38,1277679.00,903.36,902.00,903.36,0.59,0.32,0.25,1
616969.62,1277679.00,924.44,923.00,924.44,0.58,0.30,0.23,1
617061.94,1277679.00,934.49,933.00,934.49,0.59,0.31,0.24,1
617154.19,1277679.00,943.51,942.00,943.51,0.61,0.33,0.25,1
617246.50,1277679.00,947.53,946.00,947.53,0.63,0.35,0.27,1
617338.75,1277679.00,946.52,945.00,946.52,0.63,0.36,0.28,1
617431.06,1277679.00,954.51,953.00,954.51,0.63,0.35,0.27,1
617523.31,1277679.00,963.47,962.00,963.47,0.63,0.35,0.27,1
617615.62,1277679.00,976.44,975.00,976.44,0.62,0.35,0.27,1
617707.88,1277679.00,996.43,995.00,996.43,0.62,0.35,0.27,1
617800.12,1277679.00,1012.42,1011.00,1012.42,0.62,0.35,0.27,1
617892.44,1277679.00,1031.44,1030.00,1031.44,0.62,0.35,0.27,1
617984.69,1277679.00,1048.51,1047.00,1048.51,0.63,0.35,0.27,1
618077.00,1277679.00,1057.68,1056.00,1057.68,0.64,0.36,0.28,1
618169.25,1277679.00,1040.04,1038.00,1040.04,0.65,0.36,0.27,1
618261.56,1277679.00,1026.57,1024.00,1026.57,0.63,0.33,0.24,1
618353.81,1277679.00,1024.82,1022.00,1024.82,0.63,0.31,0.23,1
618446.12,1277679.00,1020.74,1018.00,1020.74,0.62,0.31,0.22,1
618538.38,1277679.00,1031.37,1029.00,1031.37,0.61,0.30,0.22,1
618630.62,1277679.00,1064.88,1063.00,1064.88,0.60,0.32,0.23,1
618722.94,1277679.00,1068.61,1067.00,1068.61,0.62,0.34,0.26,1
618815.19,1277679.00,1040.54,1039.00,1040.54,0.64,0.36,0.28,1
618907.50,1277679.00,1027.51,1026.00,1027.51,0.64,0.37,0.29,1
618999.75,1277679.00,1022.49,1021.00,1022.49,0.64,0.37,0.29,1
619092.06,1277679.00,1018.48,1017.00,1018.48,0.65,0.37,0.30,1
619184.31,1277679.00,1012.48,1011.00,1012.48,0.66,0.38,0.30,1
619276.62,1277679.00,997.48,996.00,997.48,0.66,0.38,0.30,1
619368.88,1277679.00,1000.46,999.00,1000.46,0.65,0.37,0.30,1
619461.19,1277679.00,1004.42,1003.00,1004.42,0.66,0.38,0.31,1
619553.44,1277679.00,989.41,988.00,989.41,0.67,0.40,0.32,1
619645.69,1277679.00,972.44,971.00,972.44,0.67,0.39,0.32,1
619738.00,1277679.00,955.45,954.00,955.45,0.66,0.39,0.31,1
619830.25,1277679.00,948.38,947.00,948.38,0.66,0.39,0.31,1
619922.56,1277679.00,945.31,944.00,945.31,0.66,0.40,0.32,1
620014.81,1277679.00,923.29,922.00,923.29,0.66,0.39,0.32,1
620107.12,1277679.00,916.30,915.00,916.30,0.66,0.39,0.31,1
620199.38,1277679.00,913.36,912.00,913.36,0.67,0.40,0.32,1
620291.69,1277679.00,888.51,887.00,888.51,0.66,0.39,0.31,1
620383.94,1277679.00,868.78,867.00,868.78,0.65,0.36,0.28,1
620476.19,1277679.00,856.97,855.00,856.97,0.64,0.35,0.27,1
620568.50,1277679.00,856.03,854.00,856.03,0.64,0.35,0.26,1
620660.75,1277679.00,842.03,840.00,842.03,0.64,0.35,0.26,1
620753.06,1277679.00,834.00,832.00,834.00,0.64,0.34,0.26,1
620845.31,1277679.00,841.90,840.00,841.90,0.64,0.35,0.27,1
620937.62,1277679.00,829.79,828.00,829.79,0.65,0.36,0.28,1
621029.88,1277679.00,810.73,809.00,810.73,0.63,0.35,0.27,1
621122.19,1277679.00,822.69,821.00,822.69,0.60,0.32,0.24,1
621214.44,1277679.00,846.67,845.00,846.67,0.62,0.34,0.26,1
621306.69,1277679.00,843.66,842.00,843.66,0.64,0.36,0.28,1
621399.00,1277679.00,829.64,828.00,829.64,0.64,0.36,0.28,1
621491.25,1277679.00,829.62,828.00,829.62,0.62,0.34,0.26,1
621583.56,1277679.00,831.58,830.00,831.58,0.59,0.32,0.24,1
621675.81,1277679.00,857.53,856.00,857.53,0.57,0.29,0.21,1
621768.12,1277679.00,892.45,891.00,892.45,0.58,0.31,0.23,1
621860.38,1277679.00,907.40,906.00,907.40,0.61,0.34,0.26,1
621952.69,1277679.00,893.39,892.00,893.39,0.62,0.34,0.27,1
622044.94,1277679.00,868.47,867.00,868.47,0.62,0.35,0.27,1
622137.19,1277679.00,833.63,832.00,833.63,0.64,0.36,0.28,1
622229.50,1277679.00,808.67,807.00,808.67,0.64,0.36,0.28,1
622321.75,1277679.00,802.68,801.00,802.68,0.63,0.35,0.27,1
622414.06,1277679.00,806.67,805.00,806.67,0.62,0.34,0.26,1
622506.31,1277679.00,816.66,815.00,816.66,0.63,0.35,0.27,1
622598.62,1277679.00,822.64,821.00,822.64,0.63,0.35,0.27,1
622690.88,1277679.00,827.62,826.00,827.62,0.63,0.35,0.27,1
622783.19,1277679.00,828.59,827.00,828.59,0.64,0.36,0.28,1
622875.44,1277679.00,827.57,826.00,827.57,0.64,0.36,0.28,1
622967.69,1277679.00,821.54,820.00,821.54,0.64,0.36,0.28,1
623060.00,1277679.00,823.49,822.00,823.49,0.63,0.35,0.27,1
623152.25,1277679.00,838.42,837.00,838.42,0.61,0.33,0.26,1
623244.56,1277679.00,860.32,859.00,860.32,0.60,0.33,0.26,1
623336.81,1277679.00,869.22,868.00,869.22,0.61,0.34,0.27,1
623429.12,1277679.00,882.15,881.00,882.15,0.62,0.36,0.28,1
623521.38,1277679.00,886.11,885.00,886.11,0.63,0.37,0.30,1
623613.69,1277679.00,875.10,874.00,875.10,0.64,0.38,0.31,1
623705.94,1277679.00,872.10,871.00,872.10,0.64,0.38,0.31,1
623798.19,1277679.00,878.11,877.00,878.11,0.64,0.38,0.31,1
623890.50,1277679.00,874.15,873.00,874.15,0.65,0.39,0.31,1
623982.75,1277679.00,863.20,862.00,863.20,0.64,0.38,0.30,1
624075.06,1277679.00,870.29,869.00,870.29,0.62,0.35,0.28,1
624167.31,1277679.00,881.37,880.00,881.37,0.62,0.35,0.27,1
624259.62,1277679.00,878.44,877.00,878.44,0.62,0.35,0.27,1
624351.88,1277679.00,866.49,865.00,866.49,0.62,0.34,0.26,1
624444.19,1277679.00,872.52,871.00,872.52,0.61,0.33,0.26,1
624536.44,1277679.00,888.53,887.00,888.53,0.62,0.34,0.26,1
624628.69,1277679.00,888.53,887.00,888.53,0.63,0.35,0.27,1
624721.00,1277679.00,875.53,874.00,875.53,0.63,0.35,0.27,1
624813.25,1277679.00,866.50,865.00,866.50,0.62,0.35,0.27,1
624905.56,1277679.00,867.45,866.00,867.45,0.62,0.35,0.27,1
624997.81,1277679.00,862.35,861.00,862.35,0.64,0.37,0.29,1
625090.12,1277679.00,852.19,851.00,852.19,0.64,0.38,0.30,1
625182.38,1277679.00,857.04,856.00,857.04,0.64,0.39,0.31,1
625274.69,1277679.00,857.95,857.00,857.95,0.65,0.40,0.33,1
625366.94,1277679.00,851.60,851.00,851.60,0.57,0.34,0.27,1
625459.19,1277679.00,-9999.00,-9999.00,-9999.00,0.71,0.71,0.71,0
614385.88,1277586.75,-9999.00,-9999.00,-9999.00,0.71,0.71,0.71,0
614478.12,1277586.75,803.07,802.00,803.07,0.31,0.06,-0.02,1
614570.44,1277586.75,815.11,814.00,815.11,0.62,0.36,0.29,1
614662.69,1277586.75,815.14,814.00,815.14,0.65,0.39,0.31,1
614755.00,1277586.75,799.25,798.00,799.25,0.65,0.38,0.31,1
614847.25,1277586.75,796.39,795.00,796.39,0.62,0.35,0.27,1
614939.56,1277586.75,805.48,804.00,805.48,0.61,0.33,0.25,1
615031.81,1277586.75,818.53,817.00,818.53,0.61,0.34,0.26,1
615124.12,1277586.75,822.56,821.00,822.56,0.63,0.35,0.27,1
615216.38,1277586.75,817.57,816.00,817.57,0.64,0.36,0.28,1
615308.62,1277586.75,807.57,806.00,807.57,0.64,0.36,0.28,1
615400.94,1277586.75,798.56,797.00,798.56,0.63,0.35,0.27,1
615493.19,1277586.75,804.53,803.00,804.53,0.60,0.33,0.25,1
615585.50,1277586.75,818.48,817.00,818.48,0.61,0.33,0.25,1
615677.75,1277586.75,821.39,820.00,821.39,0.63,0.36,0.28,1
615770.06,1277586.75,812.26,811.00,812.26,0.65,0.38,0.31,1
615862.31,1277586.75,808.12,807.00,808.12,0.65,0.39,0.31,1
615954.62,1277586.75,818.01,817.00,818.01,0.63,0.38,0.31,1
616046.88,1277586.75,830.94,830.00,830.94,0.64,0.39,0.32,1
616139.12,1277586.75,835.90,835.00,835.90,0.65,0.40,0.33,1
616231.44,1277586.75,836.89,836.00,836.89,0.64,0.39,0.32,1
616323.69,1277586.75,848.90,848.00,848.90,0.63,0.38,0.31,1
616416.00,1277586.75,866.91,866.00,866.91,0.62,0.37,0.30,1
616508.25,1277586.75,886.96,886.00,886.96,0.63,0.37,0.30,1
616600.56,1277586.75,896.05,895.00,896.05,0.64,0.38,0.31,1
616692.81,1277586.75,898.19,897.00,898.19,0.64,0.38,0.30,1
616785.12,1277586.75,900.35,899.00,900.35,0.63,0.36,0.29,1
616877.38,1277586.75,903.45,902.00,903.45,0.62,0.34,0.27,1
616969.62,1277586.75,915.52,914.00,915.52,0.61,0.33,0.25,1
617061.94,1277586.75,923.55,922.00,923.55,0.61,0.33,0.25,1
617154.19,1277586.75,937.56,936.00,937.56,0.61,0.33,0.25,1
617246.50,1277586.75,949.56,948.00,949.56,0.61,0.34,0.26,1
617338.75,1277586.75,959.54,958.00,959.54,0.62,0.35,0.27,1
617431.06,1277586.75,968.51,967.00,968.51,0.63,0.35,0.27,1
617523.31,1277586.75,979.46,978.00,979.46,0.63,0.35,0.27,1
617615.62,1277586.75,993.41,992.00,993.41,0.61,0.34,0.26,1
617707.88,1277586.75,1020.38,1019.00,1020.38,0.61,0.34,0.26,1
617800.12,1277586.75,1039.37,1038.00,1039.37,0.62,0.35,0.28,1
617892.44,1277586.75,1057.39,1056.00,1057.39,0.62,0.35,0.28,1
617984.69,1277586.75,1077.45,1076.00,1077.45,0.63,0.36,0.28,1
618077.00,1277586.75,1084.54,1083.00,1084.54,0.65,0.37,0.29,1
618169.25,1277586.75,1072.73,1071.00,1072.73,0.65,0.37,0.29,1
618261.56,1277586.75,1061.17,1059.00,1061.17,0.64,0.35,0.26,1
618353.81,1277586.75,1053.59,1051.00,1053.59,0.63,0.33,0.24,1
618446.12,1277586.75,1042.68,1040.00,1042.68,0.63,0.32,0.23,1
618538.38,1277586.75,1051.37,1049.00,1051.37,0.62,0.31,0.23,1
618630.62,1277586.75,1074.87,1073.00,1074.87,0.62,0.33,0.25,1
618722.94,1277586.75,1065.62,1064.00,1065.62,0.64,0.36,0.28,1
618815.19,1277586.75,1049.53,1048.00,1049.53,0.65,0.37,0.29,1
618907.50,1277586.75,1043.49,1042.00,1043.49,0.64,0.37,0.29,1
618999.75,1277586.75,1039.49,1038.00,1039.49,0.64,0.37,0.29,1
619092.06,1277586.75,1037.48,1036.00,1037.48,0.64,0.37,0.29,1
619184.31,1277586.75,1037.48,1036.00,1037.48,0.64,0.37,0.29,1
619276.62,1277586.75,1036.46,1035.00,1036.46,0.65,0.38,0.30,1
619368.88,1277586.75,1039.42,1038.00,1039.42,0.65,0.37,0.30,1
619461.19,1277586.75,1045.35,1044.00,1045.35,0.66,0.39,0.31,1
619553.44,1277586.75,1033.29,1032.00,1033.29,0.67,0.41,0.33,1
619645.69,1277586.75,1011.30,1010.00,1011.30,0.68,0.41,0.33,1
619738.00,1277586.75,988.34,987.00,988.34,0.67,0.40,0.32,1
619830.25,1277586.75,979.34,978.00,979.34,0.66,0.39,0.31,1
619922.56,1277586.75,966.32,965.00,966.32,0.66,0.39,0.32,1
620014.81,1277586.75,944.29,943.00,944.29,0.66,0.39,0.31,1
620107.12,1277586.75,951.27,950.00,951.27,0.65,0.39,0.31,1
620199.38,1277586.75,945.28,944.00,945.28,0.67,0.40,0.33,1
620291.69,1277586.75,915.42,914.00,915.42,0.67,0.40,0.32,1
620383.94,1277586.75,893.75,892.00,893.75,0.65,0.37,0.29,1
620476.19,1277586.75,888.99,887.00,888.99,0.65,0.36,0.27,1
620568.50,1277586.75,875.08,873.00,875.08,0.64,0.35,0.27,1
620660.75,1277586.75,866.11,864.00,866.11,0.64,0.35,0.26,1
620753.06,1277586.75,866.09,864.00,866.09,0.64,0.34,0.26,1
620845.31,1277586.75,862.02,860.00,862.02,0.64,0.35,0.26,1
620937.62,1277586.75,837.93,836.00,837.93,0.64,0.35,0.27,1
621029.88,1277586.75,818.82,817.00,818.82,0.63,0.35,0.27,1
621122.19,1277586.75,826.74,825.00,826.74,0.61,0.33,0.25,1
621214.44,1277586.75,852.69,851.00,852.69,0.61,0.33,0.25,1
621306.69,1277586.75,861.67,860.00,861.67,0.63,0.35,0.27,1
621399.00,1277586.75,847.65,846.00,847.65,0.64,0.36,0.28,1
621491.25,1277586.75,840.64,839.00,840.64,0.64,0.36,0.28,1
621583.56,1277586.75,834.62,833.00,834.62,0.62,0.34,0.26,1
621675.81,1277586.75,850.58,849.00,850.58,0.58,0.30,0.22,1
621768.12,1277586.75,888.54,887.00,888.54,0.59,0.31,0.23,1
621860.38,1277586.75,888.52,887.00,888.52,0.60,0.33,0.25,1
621952.69,1277586.75,864.53,863.00,864.53,0.61,0.34,0.26,1
622044.94,1277586.75,842.58,841.00,842.58,0.62,0.34,0.26,1
622137.19,1277586.75,826.64,825.00,826.64,0.63,0.35,0.27,1
622229.50,1277586.75,823.67,822.00,823.67,0.64,0.36,0.28,1
622321.75,1277586.75,814.67,813.00,814.67,0.63,0.35,0.27,1
622414.06,1277586.75,821.67,820.00,821.67,0.62,0.34,0.26,1
622506.31,1277586.75,835.66,834.00,835.66,0.63,0.35,0.27,1
622598.62,1277586.75,838.64,837.00,838.64,0.63,0.35,0.27,1
622690.88,1277586.75,843.61,842.00,843.61,0.63,0.35,0.27,1
622783.19,1277586.75,845.59,844.00,845.59,0.64,0.36,0.28,1
622875.44,1277586.75,842.56,841.00,842.56,0.64,0.36,0.28,1
622967.69,1277586.75,838.53,837.00,838.53,0.64,0.36,0.28,1
623060.00,1277586.75,845.49,844.00,845.49,0.63,0.36,0.28,1
623152.25,1277586.75,856.42,855.00,856.42,0.63,0.36,0.28,1
623244.56,1277586.75,861.32,860.00,861.32,0.63,0.36,0.28,1
623336.81,1277586.75,865.20,864.00,865.20,0.61,0.35,0.28,1
623429.12,1277586.75,879.12,878.00,879.12,0.61,0.35,0.28,1
623521.38,1277586.75,881.08,880.00,881.08,0.63,0.37,0.30,1
623613.69,1277586.75,876.06,875.00,876.06,0.63,0.38,0.30,1
623705.94,1277586.75,882.07,881.00,882.07,0.63,0.37,0.30,1
623798.19,1277586.75,883.09,882.00,883.09,0.63,0.37,0.30,1
623890.50,1277586.75,880.14,879.00,880.14,0.64,0.37,0.30,1
623982.75,1277586.75,872.21,871.00,872.21,0.64,0.37,0.30,1
624075.06,1277586.75,870.30,869.00,870.30,0.62,0.35,0.28,1
624167.31,1277586.75,874.39,873.00,874.39,0.61,0.34,0.26,1
624259.62,1277586.75,867.46,866.00,867.46,0.62,0.34,0.26,1
624351.88,1277586.75,859.51,858.00,859.51,0.61,0.34,0.26,1
624444.19,1277586.75,875.53,874.00,875.53,0.60,0.33,0.25,1
624536.44,1277586.75,888.54,887.00,888.54,0.62,0.34,0.26,1
624628.69,1277586.75,880.55,879.00,880.55,0.62,0.35,0.27,1
624721.00,1277586.75,862.54,861.00,862.54,0.62,0.35,0.27,1
624813.25,1277586.75,853.51,852.00,853.51,0.61,0.33,0.26,1
624905.56,1277586.75,862.46,861.00,862.46,0.61,0.33,0.25,1
624997.81,1277586.75,870.34,869.00,870.34,0.63,0.36,0.28,1
625090.12,1277586.75,871.15,870.00,871.15,0.65,0.39,0.31,1
625182.38,1277586.75,876.98,876.00,876.98,0.65,0.40,0.33,1
625274.69,1277586.75,876.90,876.00,876.90,0.66,0.41,0.34,1
625366.94,1277586.75,875.56,875.00,875.56,0.57,0.34,0.28,1
625459.19,1277586.75,-9999.00,-9999.00,-9999.00,0.71,0.71,0.71,0
614385.88,1277494.38,-9999.00,-9999.00,-9999.00,0.71,0.71,0.71,0
614478.12,1277494.38,794.08,793.00,794.08,0.31,0.06,-0.02,1
614570.44,1277494.38,810.12,809.00,810.12,0.59,0.33,0.26,1
614662.69,1277494.38,817.15,816.00,817.15,0.62,0.36,0.28,1
614755.00,1277494.38,805.27,804.00,805.27,0.63,0.37,0.29,1
614847.25,1277494.38,794.41,793.00,794.41,0.62,0.35,0.27,1
614939.56,1277494.38,797.51,796.00,797.51,0.61,0.33,0.25,1
615031.81,1277494.38,812.58,811.00,812.58,0.60,0.32,0.24,1
615124.12,1277494.38,824.61,823.00,824.61,0.61,0.33,0.25,1
615216.38,1277494.38,828.62,827.00,828.62,0.63,0.35,0.27,1
615308.62,1277494.38,818.62,817.00,818.62,0.65,0.37,0.29,1
615400.94,1277494.38,804.62,803.00,804.62,0.64,0.36,0.28,1
615493.19,1277494.38,804.60,803.00,804.60,0.62,0.34,0.26,1
615585.50,1277494.38,814.57,813.00,814.57,0.61,0.34,0.26,1
615677.75,1277494.38,822.52,821.00,822.52,0.62,0.34,0.26,1
615770.06,1277494.38,827.45,826.00,827.45,0.63,0.36,0.28,1
615862.31,1277494.38,834.35,833.00,834.35,0.64,0.37,0.29,1
615954.62,1277494.38,844.27,843.00,844.27,0.64,0.37,0.30,1
616046.88,1277494.38,852.21,851.00,852.21,0.64,0.38,0.30,1
616139.12,1277494.38,850.19,849.00,850.19,0.64,0.38,0.30,1
616231.44,1277494.38,850.17,849.00,850.17,0.63,0.37,0.29,1
616323.69,1277494.38,865.17,864.00,865.17,0.62,0.36,0.28,1
616416.00,1277494.38,884.18,883.00,884.18,0.62,0.36,0.29,1
616508.25,1277494.38,896.21,895.00,896.21,0.63,0.37,0.29,1
616600.56,1277494.38,901.27,900.00,901.27,0.63,0.36,0.29,1
616692.81,1277494.38,907.37,906.00,907.37,0.63,0.36,0.28,1
616785.12,1277494.38,910.48,909.00,910.48,0.63,0.35,0.28,1
616877.38,1277494.38,910.56,909.00,910.56,0.62,0.34,0.27,1
616969.62,1277494.38,923.60,922.00,923.60,0.62,0.34,0.26,1
617061.94,1277494.38,929.61,928.00,929.61,0.62,0.34,0.26,1
617154.19,1277494.38,942.61,941.00,942.61,0.61,0.33,0.25,1
617246.50,1277494.38,956.59,955.00,956.59,0.61,0.34,0.26,1
617338.75,1277494.38,970.55,969.00,970.55,0.62,0.34,0.26,1
617431.06,1277494.38,984.50,983.00,984.50,0.62,0.34,0.27,1
617523.31,1277494.38,1000.44,999.00,1000.44,0.62,0.35,0.27,1
617615.62,1277494.38,1011.38,1010.00,1011.38,0.62,0.35,0.27,1
617707.88,1277494.38,1034.32,1033.00,1034.32,0.61,0.34,0.26,1
617800.12,1277494.38,1061.28,1060.00,1061.28,0.61,0.34,0.26,1
617892.44,1277494.38,1086.27,1085.00,1086.27,0.61,0.35,0.27,1
617984.69,1277494.38,1106.28,1105.00,1106.28,0.63,0.36,0.29,1
618077.00,1277494.38,1111.26,1110.00,1111.26,0.65,0.38,0.31,1
618169.25,1277494.38,1106.13,1105.00,1106.13,0.67,0.41,0.34,1
618261.56,1277494.38,1095.12,1094.00,1095.12,0.67,0.41,0.34,1
618353.81,1277494.38,1088.40,1087.00,1088.40,0.66,0.39,0.32,1
618446.12,1277494.38,1079.78,1078.00,1079.78,0.65,0.37,0.29,1
618538.38,1277494.38,1077.95,1076.00,1077.95,0.64,0.35,0.27,1
618630.62,1277494.38,1085.73,1084.00,1085.73,0.63,0.35,0.27,1
618722.94,1277494.38,1072.55,1071.00,1072.55,0.64,0.36,0.28,1
618815.19,1277494.38,1070.48,1069.00,1070.48,0.65,0.37,0.29,1
618907.50,1277494.38,1061.46,1060.00,1061.46,0.65,0.38,0.30,1
618999.75,1277494.38,1053.47,1052.00,1053.47,0.64,0.37,0.29,1
619092.06,1277494.38,1053.48,1052.00,1053.48,0.64,0.36,0.29,1
619184.31,1277494.38,1055.48,1054.00,1055.48,0.64,0.36,0.28,1
619276.62,1277494.38,1060.47,1059.00,1060.47,0.64,0.36,0.29,1
619368.88,1277494.38,1064.43,1063.00,1064.43,0.64,0.36,0.29,1
619461.19,1277494.38,1073.34,1072.00,1073.34,0.64,0.37,0.30,1
619553.44,1277494.38,1061.29,1060.00,1061.29,0.66,0.39,0.32,1
619645.69,1277494.38,1034.29,1033.00,1034.29,0.66,0.39,0.32,1
619738.00,1277494.38,1012.34,1011.00,1012.34,0.66,0.39,0.31,1
619830.25,1277494.38,995.35,994.00,995.35,0.66,0.39,0.31,1
619922.56,1277494.38,982.34,981.00,982.34,0.66,0.39,0.31,1
620014.81,1277494.38,969.31,968.00,969.31,0.65,0.38,0.30,1
620107.12,1277494.38,981.25,980.00,981.25,0.65,0.39,0.31,1
620199.38,1277494.38,965.16,964.00,965.16,0.67,0.41,0.34,1
620291.69,1277494.38,943.14,942.00,943.14,0.68,0.42,0.34,1
620383.94,1277494.38,931.28,930.00,931.28,0.67,0.40,0.33,1
620476.19,1277494.38,925.42,924.00,925.42,0.66,0.39,0.31,1
620568.50,1277494.38,916.53,915.00,916.53,0.66,0.39,0.31,1
620660.75,1277494.38,907.65,906.00,907.65,0.66,0.38,0.30,1
620753.06,1277494.38,898.83,897.00,898.83,0.66,0.37,0.29,1
620845.31,1277494.38,871.02,869.00,871.02,0.65,0.36,0.27,1
620937.62,1277494.38,845.01,843.00,845.01,0.64,0.35,0.27,1
621029.88,1277494.38,833.90,832.00,833.90,0.63,0.34,0.26,1
621122.19,1277494.38,844.78,843.00,844.78,0.62,0.33,0.25,1
621214.44,1277494.38,864.71,863.00,864.71,0.62,0.33,0.25,1
621306.69,1277494.38,867.68,866.00,867.68,0.63,0.34,0.26,1
621399.00,1277494.38,855.67,854.00,855.67,0.64,0.36,0.28,1
621491.25,1277494.38,844.66,843.00,844.66,0.64,0.36,0.28,1
621583.56,1277494.38,834.65,833.00,834.65,0.62,0.34,0.26,1
621675.81,1277494.38,849.63,848.00,849.63,0.60,0.32,0.24,1
621768.12,1277494.38,874.61,873.00,874.61,0.60,0.32,0.24,1
621860.38,1277494.38,862.60,861.00,862.60,0.61,0.33,0.25,1
621952.69,1277494.38,844.62,843.00,844.62,0.62,0.34,0.26,1
622044.94,1277494.38,832.66,831.00,832.66,0.62,0.34,0.26,1
622137.19,1277494.38,832.68,831.00,832.68,0.63,0.35,0.27,1
622229.50,1277494.38,831.67,830.00,831.67,0.63,0.35,0.27,1
622321.75,1277494.38,824.67,823.00,824.67,0.63,0.35,0.27,1
622414.06,1277494.38,834.67,833.00,834.67,0.62,0.34,0.26,1
622506.31,1277494.38,850.66,849.00,850.66,0.62,0.34,0.26,1
622598.62,1277494.38,856.63,855.00,856.63,0.63,0.35,0.27,1
622690.88,1277494.38,860.60,859.00,860.60,0.64,0.36,0.28,1
622783.19,1277494.38,857.57,856.00,857.57,0.64,0.36,0.28,1
622875.44,1277494.38,852.55,851.00,852.55,0.64,0.36,0.28,1
622967.69,1277494.38,854.53,853.00,854.53,0.64,0.36,0.28,1
623060.00,1277494.38,864.49,863.00,864.49,0.63,0.36,0.28,1
623152.25,1277494.38,873.43,872.00,873.43,0.64,0.37,0.29,1
623244.56,1277494.38,873.32,872.00,873.32,0.64,0.37,0.29,1
623336.81,1277494.38,870.18,869.00,870.18,0.63,0.37,0.29,1
623429.12,1277494.38,879.08,878.00,879.08,0.62,0.37,0.29,1
623521.38,1277494.38,883.04,882.00,883.04,0.62,0.37,0.30,1
623613.69,1277494.38,882.03,881.00,882.03,0.63,0.37,0.30,1
623705.94,1277494.38,881.04,880.00,881.04,0.62,0.37,0.30,1
623798.19,1277494.38,876.09,875.00,876.09,0.62,0.36,0.29,1
623890.50,1277494.38,875.16,874.00,875.16,0.62,0.36,0.29,1
623982.75,1277494.38,870.24,869.00,870.24,0.62,0.36,0.28,1
624075.06,1277494.38,865.34,864.00,865.34,0.62,0.35,0.27,1
624167.31,1277494.38,861.42,860.00,861.42,0.61,0.34,0.26,1
624259.62,1277494.38,854.49,853.00,854.49,0.61,0.34,0.26,1
624351.88,1277494.38,855.54,854.00,855.54,0.61,0.33,0.25,1
624444.19,1277494.38,873.56,872.00,873.56,0.60,0.33,0.25,1
624536.44,1277494.38,882.57,881.00,882.57,0.62,0.34,0.26,1
624628.69,1277494.38,870.57,869.00,870.57,0.63,0.35,0.27,1
624721.00,1277494.38,853.57,852.00,853.57,0.63,0.35,0.27,1
624813.25,1277494.38,846.54,845.00,846.54,0.62,0.34,0.26,1
624905.56,1277494.38,857.47,856.00,857.47,0.60,0.33,0.25,1
624997.81,1277494.38,878.35,877.00,878.35,0.61,0.34,0.26,1
625090.12,1277494.38,896.13,895.00,896.13,0.63,0.37,0.29,1
625182.38,1277494.38,903.88,903.00,903.88,0.65,0.40,0.33,1
625274.69,1277494.38,896.74,896.00,896.74,0.66,0.42,0.35,1
625366.94,1277494.38,889.43,889.00,889.43,0.57,0.35,0.29,1
625459.19,1277494.38,-9999.00,-9999.00,-9999.00,0.71,0.71,0.71,0
614385.88,1277402.12,-9999.00,-9999.00,-9999.00,0.71,0.71,0.71,0
614478.12,1277402.12,779.09,778.00,779.09,0.32,0.06,-0.02,1
614570.44,1277402.12,789.14,788.00,789.14,0.59,0.33,0.26,1
614662.69,1277402.12,798.17,797.00,798.17,0.60,0.33,0.26,1
614755.00,1277402.12,793.32,792.00,793.32,0.61,0.35,0.27,1
614847.25,1277402.12,790.47,789.00,790.47,0.62,0.34,0.27,1
614939.56,1277402.12,796.57,795.00,796.57,0.61,0.33,0.25,1
615031.81,1277402.12,808.63,807.00,808.63,0.61,0.33,0.25,1
615124.12,1277402.12,825.65,824.00,825.65,0.61,0.33,0.25,1
615216.38,1277402.12,836.66,835.00,836.66,0.63,0.35,0.27,1
615308.62,1277402.12,832.66,831.00,832.66,0.64,0.36,0.28,1
615400.94,1277402.12,821.66,820.00,821.66,0.65,0.36,0.28,1
615493.19,1277402.12,817.65,816.00,817.65,0.63,0.35,0.27,1
615585.50,1277402.12,821.64,820.00,821.64,0.62,0.34,0.26,1
615677.75,1277402.12,827.61,826.00,827.61,0.62,0.34,0.26,1
615770.06,1277402.12,840.58,839.00,840.58,0.62,0.34,0.26,1
615862.31,1277402.12,857.53,856.00,857.53,0.62,0.35,0.27,1
615954.62,1277402.12,867.48,866.00,867.48,0.64,0.36,0.29,1
616046.88,1277402.12,864.45,863.00,864.45,0.64,0.37,0.29,1
616139.12,1277402.12,854.43,853.00,854.43,0.63,0.36,0.28,1
616231.44,1277402.12,858.42,857.00,858.42,0.61,0.34,0.26,1
616323.69,1277402.12,880.42,879.00,880.42,0.60,0.33,0.25,1
616416.00,1277402.12,901.42,900.00,901.42,0.61,0.34,0.26,1
616508.25,1277402.12,913.44,912.00,913.44,0.63,0.35,0.28,1
616600.56,1277402.12,913.47,912.00,913.47,0.63,0.36,0.28,1
616692.81,1277402.12,913.53,912.00,913.53,0.63,0.35,0.27,1
616785.12,1277402.12,914.60,913.00,914.60,0.62,0.35,0.27,1
616877.38,1277402.12,918.65,917.00,918.65,0.62,0.34,0.26,1
616969.62,1277402.12,932.67,931.00,932.67,0.62,0.34,0.26,1
617061.94,1277402.12,940.67,939.00,940.67,0.63,0.34,0.26,1
617154.19,1277402.12,951.65,950.00,951.65,0.62,0.34,0.26,1
617246.50,1277402.12,966.61,965.00,966.61,0.61,0.33,0.25,1
617338.75,1277402.12,983.54,982.00,983.54,0.61,0.34,0.26,1
617431.06,1277402.12,1000.46,999.00,1000.46,0.62,0.34,0.27,1
617523.31,1277402.12,1016.39,1015.00,1016.39,0.62,0.35,0.27,1
617615.62,1277402.12,1031.33,1030.00,1031.33,0.62,0.35,0.28,1
617707.88,1277402.12,1053.24,1052.00,1053.24,0.62,0.35,0.28,1
617800.12,1277402.12,1074.17,1073.00,1074.17,0.61,0.35,0.28,1
617892.44,1277402.12,1096.14,1095.00,1096.14,0.61,0.35,0.28,1
617984.69,1277402.12,1114.12,1113.00,1114.12,0.62,0.36,0.28,1
618077.00,1277402.12,1131.04,1130.00,1131.04,0.63,0.38,0.30,1
618169.25,1277402.12,1141.78,1141.00,1141.78,0.67,0.43,0.36,1
618261.56,1277402.12,1137.56,1137.00,1137.56,0.70,0.47,0.41,1
618353.81,1277402.12,1136.52,1136.00,1136.52,0.70,0.48,0.41,1
618446.12,1277402.12,1131.72,1131.00,1131.72,0.70,0.46,0.39,1
618538.38,1277402.12,1117.13,1116.00,1117.13,0.68,0.42,0.35,1
618630.62,1277402.12,1095.33,1094.00,1095.33,0.65,0.39,0.31,1
618722.94,1277402.12,1087.35,1086.00,1087.35,0.65,0.38,0.30,1
618815.19,1277402.12,1087.36,1086.00,1087.36,0.65,0.38,0.30,1
618907.50,1277402.12,1078.38,1077.00,1078.38,0.65,0.38,0.31,1
618999.75,1277402.12,1071.43,1070.00,1071.43,0.65,0.38,0.30,1
619092.06,1277402.12,1071.48,1070.00,1071.48,0.64,0.37,0.29,1
619184.31,1277402.12,1076.50,1075.00,1076.50,0.64,0.36,0.28,1
619276.62,1277402.12,1079.50,1078.00,1079.50,0.64,0.36,0.29,1
619368.88,1277402.12,1080.47,1079.00,1080.47,0.64,0.37,0.29,1
619461.19,1277402.12,1078.43,1077.00,1078.43,0.65,0.38,0.30,1
619553.44,1277402.12,1055.42,1054.00,1055.42,0.65,0.38,0.30,1
619645.69,1277402.12,1029.43,1028.00,1029.43,0.65,0.38,0.30,1
619738.00,1277402.12,1017.44,1016.00,1017.44,0.64,0.37,0.29,1
619830.25,1277402.12,1008.43,1007.00,1008.43,0.65,0.37,0.30,1
619922.56,1277402.12,997.42,996.00,997.42,0.65,0.38,0.30,1
620014.81,1277402.12,985.37,984.00,985.37,0.64,0.37,0.30,1
620107.12,1277402.12,997.28,996.00,997.28,0.64,0.37,0.30,1
620199.38,1277402.12,993.14,992.00,993.14,0.66,0.40,0.33,1
620291.69,1277402.12,985.04,984.00,985.04,0.67,0.41,0.34,1
620383.94,1277402.12,982.00,981.00,982.00,0.67,0.42,0.35,1
620476.19,1277402.12,971.00,970.00,971.00,0.68,0.42,0.35,1
620568.50,1277402.12,961.00,960.00,961.00,0.68,0.42,0.35,1
620660.75,1277402.12,950.04,949.00,950.04,0.68,0.43,0.35,1
620753.06,1277402.12,929.21,928.00,929.21,0.68,0.42,0.34,1
620845.31,1277402.12,896.65,895.00,896.65,0.67,0.39,0.31,1
620937.62,1277402.12,867.95,866.00,867.95,0.65,0.36,0.28,1
621029.88,1277402.12,853.91,852.00,853.91,0.64,0.35,0.27,1
621122.19,1277402.12,863.78,862.00,863.78,0.62,0.34,0.26,1
621214.44,1277402.12,871.72,870.00,871.72,0.63,0.34,0.26,1
621306.69,1277402.12,863.69,862.00,863.69,0.62,0.34,0.26,1
621399.00,1277402.12,859.69,858.00,859.69,0.63,0.35,0.27,1
621491.25,1277402.12,853.68,852.00,853.68,0.63,0.35,0.27,1
621583.56,1277402.12,838.67,837.00,838.67,0.62,0.34,0.26,1
621675.81,1277402.12,854.67,853.00,854.67,0.61,0.33,0.25,1
621768.12,1277402.12,861.66,860.00,861.66,0.61,0.33,0.25,1
621860.38,1277402.12,846.66,845.00,846.66,0.62,0.34,0.26,1
621952.69,1277402.12,832.67,831.00,832.67,0.62,0.34,0.26,1
622044.94,1277402.12,837.68,836.00,837.68,0.63,0.34,0.26,1
622137.19,1277402.12,847.68,846.00,847.68,0.63,0.35,0.27,1
622229.50,1277402.12,844.68,843.00,844.68,0.64,0.36,0.27,1
622321.75,1277402.12,841.68,840.00,841.68,0.63,0.35,0.27,1
622414.06,1277402.12,848.67,847.00,848.67,0.62,0.34,0.26,1
622506.31,1277402.12,859.66,858.00,859.66,0.62,0.34,0.26,1
622598.62,1277402.12,869.62,868.00,869.62,0.63,0.35,0.27,1
622690.88,1277402.12,872.57,871.00,872.57,0.64,0.36,0.28,1
622783.19,1277402.12,873.54,872.00,873.54,0.64,0.37,0.29,1
622875.44,1277402.12,871.53,870.00,871.53,0.64,0.36,0.28,1
622967.69,1277402.12,882.52,881.00,882.52,0.63,0.35,0.27,1
623060.00,1277402.12,896.50,895.00,896.50,0.64,0.36,0.28,1
623152.25,1277402.12,901.45,900.00,901.45,0.65,0.38,0.30,1
623244.56,1277402.12,882.34,881.00,882.34,0.65,0.38,0.30,1
623336.81,1277402.12,880.17,879.00,880.17,0.64,0.38,0.30,1
623429.12,1277402.12,886.03,885.00,886.03,0.64,0.39,0.32,1
623521.38,1277402.12,878.99,878.00,878.99,0.64,0.39,0.31,1
623613.69,1277402.12,874.98,874.00,874.98,0.63,0.37,0.30,1
623705.94,1277402.12,871.02,870.00,871.02,0.62,0.37,0.29,1
623798.19,1277402.12,867.11,866.00,867.11,0.62,0.36,0.29,1
623890.50,1277402.12,867.21,866.00,867.21,0.62,0.35,0.28,1
623982.75,1277402.12,861.31,860.00,861.31,0.62,0.35,0.28,1
624075.06,1277402.12,853.41,852.00,853.41,0.62,0.35,0.27,1
624167.31,1277402.12,849.49,848.00,849.49,0.63,0.35,0.27,1
624259.62,1277402.12,848.55,847.00,848.55,0.62,0.34,0.27,1
624351.88,1277402.12,856.59,855.00,856.59,0.60,0.33,0.25,1
624444.19,1277402.12,875.61,874.00,875.61,0.60,0.32,0.24,1
624536.44,1277402.12,880.62,879.00,880.62,0.61,0.33,0.25,1
624628.69,1277402.12,868.62,867.00,868.62,0.63,0.35,0.27,1
624721.00,1277402.12,849.61,848.00,849.61,0.63,0.35,0.27,1
624813.25,1277402.12,846.58,845.00,846.58,0.62,0.34,0.26,1
624905.56,1277402.12,860.52,859.00,860.52,0.60,0.33,0.25,1
624997.81,1277402.12,884.39,883.00,884.39,0.60,0.33,0.25,1
625090.12,1277402.12,902.16,901.00,902.16,0.61,0.35,0.28,1
625182.38,1277402.12,906.79,906.00,906.79,0.63,0.39,0.32,1
625274.69,1277402.12,890.52,890.00,890.52,0.65,0.43,0.36,1
625366.94,1277402.12,874.24,874.00,874.24,0.56,0.37,0.31,1
625459.19,1277402.12,-9999.00,-9999.00,-9999.00,0.71,0.71,0.71,0
614385.88,1277309.88,-9999.00,-9999.00,-9999.00,0.71,0.71,0.71,0
614478.12,1277309.88,783.11,782.00,783.11,0.32,0.06,-0.02,1
614570.44,1277309.88,781.15,780.00,781.15,0.63,0.37,0.30,1
614662.69,1277309.88,780.22,779.00,780.22,0.61,0.35,0.27,1
614755.00,1277309.88,782.41,781.00,782.41,0.61,0.34,0.26,1
614847.25,1277309.88,789.56,788.00,789.56,0.61,0.34,0.26,1
614939.56,1277309.88,798.64,797.00,798.64,0.61,0.33,0.25,1
615031.81,1277309.88,816.67,815.00,816.67,0.60,0.32,0.24,1
615124.12,1277309.88,836.68,835.00,836.68,0.61,0.33,0.25,1
615216.38,1277309.88,848.69,847.00,848.69,0.62,0.34,0.26,1
615308.62,1277309.88,849.69,848.00,849.69,0.64,0.36,0.28,1
615400.94,1277309.88,842.69,841.00,842.69,0.65,0.36,0.28,1
615493.19,1277309.88,831.69,830.00,831.69,0.64,0.36,0.28,1
615585.50,1277309.88,830.68,829.00,830.68,0.63,0.35,0.27,1
615677.75,1277309.88,836.67,835.00,836.67,0.62,0.34,0.26,1
615770.06,1277309.88,853.66,852.00,853.66,0.61,0.33,0.25,1
615862.31,1277309.88,875.65,874.00,875.65,0.61,0.33,0.25,1
615954.62,1277309.88,887.63,886.00,887.63,0.64,0.36,0.28,1
616046.88,1277309.88,878.61,877.00,878.61,0.65,0.37,0.29,1
616139.12,1277309.88,863.60,862.00,863.60,0.64,0.36,0.28,1
616231.44,1277309.88,865.59,864.00,865.59,0.62,0.34,0.26,1
616323.69,1277309.88,881.58,880.00,881.58,0.60,0.32,0.24,1
616416.00,1277309.88,901.59,900.00,901.59,0.60,0.32,0.24,1
616508.25,1277309.88,916.59,915.00,916.59,0.61,0.33,0.25,1
616600.56,1277309.88,923.61,922.00,923.61,0.63,0.35,0.27,1
616692.81,1277309.88,920.63,919.00,920.63,0.63,0.35,0.27,1
616785.12,1277309.88,921.67,920.00,921.67,0.63,0.35,0.27,1
616877.38,1277309.88,928.69,927.00,928.69,0.62,0.34,0.26,1
616969.62,1277309.88,955.70,954.00,955.70,0.62,0.34,0.26,1
617061.94,1277309.88,963.70,962.00,963.70,0.64,0.36,0.28,1
617154.19,1277309.88,966.68,965.00,966.68,0.63,0.35,0.27,1
617246.50,1277309.88,977.62,976.00,977.62,0.62,0.34,0.26,1
617338.75,1277309.88,995.52,994.00,995.52,0.61,0.34,0.26,1
617431.06,1277309.88,1016.38,1015.00,1016.38,0.62,0.34,0.27,1
617523.31,1277309.88,1036.28,1035.00,1036.28,0.62,0.35,0.28,1
617615.62,1277309.88,1058.20,1057.00,1058.20,0.63,0.36,0.29,1
617707.88,1277309.88,1078.14,1077.00,1078.14,0.63,0.37,0.30,1
617800.12,1277309.88,1093.08,1092.00,1093.08,0.63,0.37,0.30,1
617892.44,1277309.88,1113.02,1112.00,1113.02,0.62,0.37,0.30,1
617984.69,1277309.88,1135.97,1135.00,1135.97,0.63,0.38,0.31,1
618077.00,1277309.88,1155.88,1155.00,1155.88,0.64,0.39,0.32,1
618169.25,1277309.88,1181.68,1181.00,1181.68,0.65,0.42,0.35,1
618261.56,1277309.88,1194.52,1194.00,1194.52,0.69,0.47,0.40,1
618353.81,1277309.88,1191.48,1191.00,1191.48,0.71,0.49,0.43,1
618446.12,1277309.88,1182.54,1182.00,1182.54,0.72,0.50,0.43,1
618538.38,1277309.88,1147.79,1147.00,1147.79,0.71,0.46,0.39,1
618630.62,1277309.88,1109.99,1109.00,1109.99,0.68,0.42,0.35,1
618722.94,1277309.88,1109.07,1108.00,1109.07,0.66,0.40,0.33,1
618815.19,1277309.88,1108.14,1107.00,1108.14,0.66,0.40,0.32,1
618907.50,1277309.88,1102.24,1101.00,1102.24,0.66,0.39,0.32,1
618999.75,1277309.88,1100.35,1099.00,1100.35,0.66,0.39,0.31,1
619092.06,1277309.88,1100.46,1099.00,1100.46,0.65,0.38,0.30,1
619184.31,1277309.88,1100.53,1099.00,1100.53,0.65,0.37,0.29,1
619276.62,1277309.88,1099.57,1098.00,1099.57,0.64,0.37,0.29,1
619368.88,1277309.88,1097.57,1096.00,1097.57,0.64,0.36,0.28,1
619461.19,1277309.88,1094.56,1093.00,1094.56,0.65,0.38,0.30,1
619553.44,1277309.88,1071.55,1070.00,1071.55,0.66,0.39,0.31,1
619645.69,1277309.88,1044.58,1043.00,1044.58,0.66,0.38,0.30,1
619738.00,1277309.88,1030.60,1029.00,1030.60,0.65,0.37,0.29,1
619830.25,1277309.88,1019.59,1018.00,1019.59,0.64,0.37,0.29,1
619922.56,1277309.88,1009.57,1008.00,1009.57,0.64,0.37,0.29,1
620014.81,1277309.88,1005.51,1004.00,1005.51,0.64,0.37,0.29,1
620107.12,1277309.88,1018.38,1017.00,1018.38,0.64,0.37,0.29,1
620199.38,1277309.88,1019.22,1018.00,1019.22,0.65,0.39,0.32,1
620291.69,1277309.88,1011.14,1010.00,1011.14,0.66,0.40,0.32,1
620383.94,1277309.88,1002.12,1001.00,1002.12,0.65,0.39,0.32,1
620476.19,1277309.88,992.12,991.00,992.12,0.65,0.39,0.31,1
620568.50,1277309.88,984.10,983.00,984.10,0.64,0.39,0.31,1
620660.75,1277309.88,978.05,977.00,978.05,0.66,0.40,0.33,1
620753.06,1277309.88,958.08,957.00,958.08,0.67,0.41,0.34,1
620845.31,1277309.88,930.28,929.00,930.28,0.68,0.41,0.33,1
620937.62,1277309.88,898.63,897.00,898.63,0.66,0.38,0.30,1
621029.88,1277309.88,876.76,875.00,876.76,0.65,0.36,0.28,1
621122.19,1277309.88,878.74,877.00,878.74,0.63,0.35,0.27,1
621214.44,1277309.88,876.71,875.00,876.71,0.63,0.35,0.27,1
621306.69,1277309.88,863.70,862.00,863.70,0.63,0.35,0.27,1
621399.00,1277309.88,859.70,858.00,859.70,0.63,0.35,0.27,1
621491.25,1277309.88,844.69,843.00,844.69,0.63,0.35,0.27,1
621583.56,1277309.88,840.69,839.00,840.69,0.62,0.33,0.25,1
621675.81,1277309.88,857.69,856.00,857.69,0.61,0.33,0.25,1
621768.12,1277309.88,856.69,855.00,856.69,0.62,0.34,0.26,1
621860.38,1277309.88,843.68,842.00,843.68,0.63,0.35,0.27,1
621952.69,1277309.88,843.69,842.00,843.69,0.62,0.34,0.26,1
622044.94,1277309.88,859.69,858.00,859.69,0.62,0.34,0.26,1
622137.19,1277309.88,864.69,863.00,864.69,0.64,0.35,0.27,1
622229.50,1277309.88,859.69,858.00,859.69,0.64,0.36,0.28,1
622321.75,1277309.88,858.69,857.00,858.69,0.64,0.35,0.27,1
622414.06,1277309.88,863.68,862.00,863.68,0.63,0.35,0.27,1
622506.31,1277309.88,873.66,872.00,873.66,0.63,0.35,0.27,1
622598.62,1277309.88,888.60,887.00,888.60,0.63,0.35,0.28,1
622690.88,1277309.88,899.51,898.00,899.51,0.65,0.37,0.29,1
622783.19,1277309.88,899.47,898.00,899.47,0.65,0.38,0.30,1
622875.44,1277309.88,900.49,899.00,900.49,0.65,0.37,0.30,1
622967.69,1277309.88,904.52,903.00,904.52,0.63,0.36,0.28,1
623060.00,1277309.88,921.54,920.00,921.54,0.64,0.36,0.28,1
623152.25,1277309.88,913.50,912.00,913.50,0.65,0.37,0.29,1
623244.56,1277309.88,892.40,891.00,892.40,0.64,0.37,0.29,1
623336.81,1277309.88,897.20,896.00,897.20,0.63,0.37,0.29,1
623429.12,1277309.88,901.97,901.00,901.97,0.64,0.39,0.32,1
623521.38,1277309.88,883.88,883.00,883.88,0.66,0.41,0.34,1
623613.69,1277309.88,870.89,870.00,870.89,0.65,0.40,0.33,1
623705.94,1277309.88,866.00,865.00,866.00,0.64,0.39,0.31,1
623798.19,1277309.88,861.19,860.00,861.19,0.63,0.37,0.29,1
623890.50,1277309.88,859.33,858.00,859.33,0.62,0.36,0.28,1
623982.75,1277309.88,853.42,852.00,853.42,0.63,0.35,0.28,1
624075.06,1277309.88,854.49,853.00,854.49,0.62,0.35,0.27,1
624167.31,1277309.88,862.55,861.00,862.55,0.63,0.35,0.27,1
624259.62,1277309.88,860.61,859.00,860.61,0.64,0.36,0.28,1
624351.88,1277309.88,853.65,852.00,853.65,0.63,0.35,0.27,1
624444.19,1277309.88,856.67,855.00,856.67,0.60,0.32,0.24,1
624536.44,1277309.88,863.67,862.00,863.67,0.60,0.32,0.24,1
624628.69,1277309.88,856.67,855.00,856.67,0.61,0.33,0.25,1
624721.00,1277309.88,844.67,843.00,844.67,0.62,0.34,0.26,1
624813.25,1277309.88,849.65,848.00,849.65,0.61,0.33,0.25,1
624905.56,1277309.88,869.61,868.00,869.61,0.60,0.32,0.24,1
624997.81,1277309.88,891.50,890.00,891.50,0.60,0.33,0.25,1
625090.12,1277309.88,900.26,899.00,900.26,0.61,0.35,0.27,1
625182.38,1277309.88,895.81,895.00,895.81,0.62,0.38,0.31,1
625274.69,1277309.88,880.38,880.00,880.38,0.64,0.43,0.37,1
625366.94,1277309.88,869.13,869.00,869.13,0.55,0.38,0.34,1
625459.19,1277309.88,-9999.00,-9999.00,-9999.00,0.71,0.71,0.71,0
614385.88,1277217.62,-9999.00,-9999.00,-9999.00,0.71,0.71,0.71,0
614478.12,1277217.62,798.12,797.00,798.12,0.32,0.06,-0.01,1
614570.44,1277217.62,792.17,791.00,792.17,0.65,0.39,0.31,1
614662.69,1277217.62,782.31,781.00,782.31,0.64,0.37,0.29,1
614755.00,1277217.62,782.48,781.00,782.48,0.62,0.35,0.27,1
614847.25,1277217.62,791.61,790.00,791.61,0.62,0.34,0.26,1
614939.56,1277217.62,802.68,801.00,802.68,0.61,0.33,0.25,1
615031.81,1277217.62,821.70,820.00,821.70,0.60,0.32,0.24,1
615124.12,1277217.62,844.70,843.00,844.70,0.60,0.32,0.24,1
615216.38,1277217.62,857.70,856.00,857.70,0.62,0.33,0.25,1
615308.62,1277217.62,862.70,861.00,862.70,0.63,0.35,0.27,1
615400.94,1277217.62,856.70,855.00,856.70,0.64,0.36,0.28,1
615493.19,1277217.62,846.70,845.00,846.70,0.64,0.36,0.28,1
615585.50,1277217.62,845.70,844.00,845.70,0.64,0.35,0.27,1
615677.75,1277217.62,849.70,848.00,849.70,0.63,0.35,0.27,1
615770.06,1277217.62,864.70,863.00,864.70,0.62,0.33,0.25,1
615862.31,1277217.62,887.70,886.00,887.70,0.61,0.33,0.25,1
615954.62,1277217.62,905.70,904.00,905.70,0.63,0.35,0.27,1
616046.88,1277217.62,893.69,892.00,893.69,0.65,0.36,0.28,1
616139.12,1277217.62,871.68,870.00,871.68,0.64,0.36,0.28,1
616231.44,1277217.62,870.67,869.00,870.67,0.62,0.34,0.26,1
616323.69,1277217.62,881.67,880.00,881.67,0.61,0.33,0.25,1
616416.00,1277217.62,900.67,899.00,900.67,0.60,0.32,0.24,1
616508.25,1277217.62,914.67,913.00,914.67,0.61,0.33,0.25,1
616600.56,1277217.62,925.68,924.00,925.68,0.61,0.33,0.25,1
616692.81,1277217.62,935.69,934.00,935.69,0.62,0.34,0.26,1
616785.12,1277217.62,946.70,945.00,946.70,0.63,0.35,0.27,1
616877.38,1277217.62,957.70,956.00,957.70,0.62,0.34,0.25,1
616969.62,1277217.62,994.70,993.00,994.70,0.62,0.34,0.26,1
617061.94,1277217.62,1000.70,999.00,1000.70,0.64,0.36,0.28,1
617154.19,1277217.62,997.68,996.00,997.68,0.65,0.37,0.28,1
617246.50,1277217.62,1002.63,1001.00,1002.63,0.64,0.36,0.28,1
617338.75,1277217.62,1013.49,1012.00,1013.49,0.63,0.35,0.27,1
617431.06,1277217.62,1037.32,1036.00,1037.32,0.61,0.34,0.27,1
617523.31,1277217.62,1065.19,1064.00,1065.19,0.62,0.36,0.28,1
617615.62,1277217.62,1093.12,1092.00,1093.12,0.63,0.37,0.30,1
617707.88,1277217.62,1112.08,1111.00,1112.08,0.64,0.39,0.31,1
617800.12,1277217.62,1128.02,1127.00,1128.02,0.64,0.39,0.32,1
617892.44,1277217.62,1151.93,1151.00,1151.93,0.63,0.38,0.31,1
617984.69,1277217.62,1184.85,1184.00,1184.85,0.62,0.38,0.31,1
618077.00,1277217.62,1220.79,1220.00,1220.79,0.63,0.39,0.32,1
618169.25,1277217.62,1249.78,1249.00,1249.78,0.65,0.41,0.34,1
618261.56,1277217.62,1262.77,1262.00,1262.77,0.68,0.44,0.37,1
618353.81,1277217.62,1251.77,1251.00,1251.77,0.71,0.46,0.40,1
618446.12,1277217.62,1222.78,1222.00,1222.78,0.71,0.47,0.40,1
618538.38,1277217.62,1169.79,1169.00,1169.79,0.70,0.46,0.39,1
618630.62,1277217.62,1131.82,1131.00,1131.82,0.68,0.44,0.37,1
618722.94,1277217.62,1136.87,1136.00,1136.87,0.66,0.41,0.34,1
618815.19,1277217.62,1137.95,1137.00,1137.95,0.67,0.42,0.34,1
618907.50,1277217.62,1138.06,1137.00,1138.06,0.66,0.41,0.33,1
618999.75,1277217.62,1141.19,1140.00,1141.19,0.66,0.40,0.32,1
619092.06,1277217.62,1147.35,1146.00,1147.35,0.66,0.39,0.32,1
619184.31,1277217.62,1138.51,1137.00,1138.51,0.66,0.39,0.31,1
619276.62,1277217.62,1125.62,1124.00,1125.62,0.66,0.38,0.30,1
619368.88,1277217.62,1115.65,1114.00,1115.65,0.65,0.36,0.28,1
619461.19,1277217.62,1117.64,1116.00,1117.64,0.65,0.37,0.29,1
619553.44,1277217.62,1099.63,1098.00,1099.63,0.66,0.38,0.30,1
619645.69,1277217.62,1072.64,1071.00,1072.64,0.66,0.38,0.30,1
619738.00,1277217.62,1054.67,1053.00,1054.67,0.66,0.38,0.30,1
619830.25,1277217.62,1031.69,1030.00,1031.69,0.65,0.37,0.29,1
619922.56,1277217.62,1028.69,1027.00,1028.69,0.64,0.36,0.27,1
620014.81,1277217.62,1042.63,1041.00,1042.63,0.63,0.35,0.27,1
620107.12,1277217.62,1048.50,1047.00,1048.50,0.64,0.37,0.29,1
620199.38,1277217.62,1040.34,1039.00,1040.34,0.65,0.38,0.31,1
620291.69,1277217.62,1021.26,1020.00,1021.26,0.66,0.39,0.32,1
620383.94,1277217.62,1001.32,1000.00,1001.32,0.65,0.38,0.31,1
620476.19,1277217.62,985.43,984.00,985.43,0.64,0.37,0.29,1
620568.50,1277217.62,972.44,971.00,972.44,0.63,0.36,0.28,1
620660.75,1277217.62,967.35,966.00,967.35,0.63,0.36,0.28,1
620753.06,1277217.62,956.27,955.00,956.27,0.63,0.37,0.29,1
620845.31,1277217.62,942.30,941.00,942.30,0.65,0.38,0.30,1
620937.62,1277217.62,921.45,920.00,921.45,0.65,0.38,0.30,1
621029.88,1277217.62,901.60,900.00,901.60,0.65,0.37,0.29,1
621122.19,1277217.62,888.68,887.00,888.68,0.64,0.36,0.28,1
621214.44,1277217.62,880.70,879.00,880.70,0.63,0.35,0.27,1
621306.69,1277217.62,872.70,871.00,872.70,0.64,0.35,0.27,1
621399.00,1277217.62,866.70,865.00,866.70,0.63,0.35,0.27,1
621491.25,1277217.62,850.70,849.00,850.70,0.64,0.35,0.27,1
621583.56,1277217.62,844.70,843.00,844.70,0.62,0.34,0.26,1
621675.81,1277217.62,852.70,851.00,852.70,0.61,0.33,0.25,1
621768.12,1277217.62,856.70,855.00,856.70,0.62,0.34,0.26,1
621860.38,1277217.62,851.70,850.00,851.70,0.63,0.35,0.27,1
621952.69,1277217.62,857.70,856.00,857.70,0.62,0.34,0.26,1
622044.94,1277217.62,871.70,870.00,871.70,0.62,0.34,0.26,1
622137.19,1277217.62,881.70,880.00,881.70,0.63,0.35,0.27,1
622229.50,1277217.62,879.70,878.00,879.70,0.64,0.36,0.28,1
622321.75,1277217.62,879.70,878.00,879.70,0.63,0.35,0.27,1
622414.06,1277217.62,892.69,891.00,892.69,0.63,0.34,0.26,1
622506.31,1277217.62,914.65,913.00,914.65,0.62,0.34,0.26,1
622598.62,1277217.62,939.56,938.00,939.56,0.63,0.35,0.27,1
622690.88,1277217.62,951.43,950.00,951.43,0.65,0.37,0.29,1
622783.19,1277217.62,948.35,947.00,948.35,0.66,0.39,0.31,1
622875.44,1277217.62,942.39,941.00,942.39,0.66,0.39,0.31,1
622967.69,1277217.62,939.51,938.00,939.51,0.65,0.38,0.30,1
623060.00,1277217.62,935.60,934.00,935.60,0.65,0.37,0.29,1
623152.25,1277217.62,917.60,916.00,917.60,0.65,0.37,0.29,1
623244.56,1277217.62,900.50,899.00,900.50,0.64,0.37,0.29,1
623336.81,1277217.62,898.27,897.00,898.27,0.63,0.36,0.28,1
623429.12,1277217.62,893.95,893.00,893.95,0.62,0.37,0.29,1
623521.38,1277217.62,885.72,885.00,885.72,0.63,0.39,0.32,1
623613.69,1277217.62,882.74,882.00,882.74,0.64,0.40,0.33,1
623705.94,1277217.62,877.00,876.00,877.00,0.65,0.39,0.32,1
623798.19,1277217.62,864.28,863.00,864.28,0.64,0.37,0.30,1
623890.50,1277217.62,860.45,859.00,860.45,0.64,0.36,0.28,1
623982.75,1277217.62,859.51,858.00,859.51,0.63,0.36,0.28,1
624075.06,1277217.62,862.54,861.00,862.54,0.62,0.34,0.27,1
624167.31,1277217.62,874.58,873.00,874.58,0.62,0.34,0.26,1
624259.62,1277217.62,874.64,873.00,874.64,0.63,0.35,0.27,1
624351.88,1277217.62,861.68,860.00,861.68,0.64,0.36,0.28,1
624444.19,1277217.62,846.69,845.00,846.69,0.63,0.34,0.26,1
624536.44,1277217.62,841.70,840.00,841.70,0.61,0.33,0.25,1
624628.69,1277217.62,838.70,837.00,838.70,0.61,0.33,0.25,1
624721.00,1277217.62,838.70,837.00,838.70,0.61,0.33,0.25,1
624813.25,1277217.62,850.70,849.00,850.70,0.61,0.32,0.24,1
624905.56,1277217.62,867.70,866.00,867.70,0.60,0.31,0.23,1
624997.81,1277217.62,884.66,883.00,884.66,0.60,0.32,0.24,1
625090.12,1277217.62,890.45,889.00,890.45,0.61,0.34,0.26,1
625182.38,1277217.62,879.93,879.00,879.93,0.62,0.37,0.30,1
625274.69,1277217.62,870.36,870.00,870.36,0.63,0.43,0.37,1
625366.94,1277217.62,871.11,871.00,871.11,0.55,0.39,0.34,1
625459.19,1277217.62,-9999.00,-9999.00,-9999.00,0.71,0.71,0.71,0
614385.88,1277125.25,-9999.00,-9999.00,-9999.00,0.71,0.71,0.71,0
614478.12,1277125.25,809.13,808.00,809.13,0.27,0.01,-0.07,1
614570.44,1277125.25,800.19,799.00,800.19,0.33,0.07,-0.01,1
614662.69,1277125.25,790.33,789.00,790.33,0.35,0.08,0.00,1
614755.00,1277125.25,793.50,792.00,793.50,0.37,0.09,0.01,1
614847.25,1277125.25,806.62,805.00,806.62,0.38,0.10,0.02,1
614939.56,1277125.25,818.68,817.00,818.68,0.39,0.11,0.03,1
615031.81,1277125.25,829.70,828.00,829.70,0.39,0.11,0.03,1
615124.12,1277125.25,846.70,845.00,846.70,0.39,0.11,0.03,1
615216.38,1277125.25,857.70,856.00,857.70,0.39,0.11,0.03,1
615308.62,1277125.25,863.70,862.00,863.70,0.39,0.11,0.03,1
615400.94,1277125.25,865.70,864.00,865.70,0.39,0.11,0.03,1
615493.19,1277125.25,864.70,863.00,864.70,0.39,0.11,0.03,1
615585.50,1277125.25,871.70,870.00,871.70,0.39,0.11,0.03,1
615677.75,1277125.25,880.70,879.00,880.70,0.39,0.11,0.03,1
615770.06,1277125.25,894.70,893.00,894.70,0.39,0.11,0.03,1
615862.31,1277125.25,914.70,913.00,914.70,0.39,0.11,0.03,1
615954.62,1277125.25,921.70,920.00,921.70,0.39,0.11,0.03,1
616046.88,1277125.25,897.70,896.00,897.70,0.39,0.11,0.03,1
616139.12,1277125.25,876.70,875.00,876.70,0.39,0.11,0.03,1
616231.44,1277125.25,881.70,880.00,881.70,0.39,0.11,0.03,1
616323.69,1277125.25,892.70,891.00,892.70,0.39,0.11,0.03,1
616416.00,1277125.25,908.70,907.00,908.70,0.39,0.11,0.03,1
616508.25,1277125.25,925.70,924.00,925.70,0.39,0.11,0.03,1
616600.56,1277125.25,931.70,930.00,931.70,0.39,0.11,0.03,1
616692.81,1277125.25,951.70,950.00,951.70,0.39,0.11,0.03,1
616785.12,1277125.25,981.70,980.00,981.70,0.39,0.11,0.03,1
616877.38,1277125.25,996.70,995.00,996.70,0.39,0.11,0.03,1
616969.62,1277125.25,1023.70,1022.00,1023.70,0.39,0.11,0.03,1
617061.94,1277125.25,1037.70,1036.00,1037.70,0.39,0.11,0.03,1
617154.19,1277125.25,1045.68,1044.00,1045.68,0.39,0.11,0.03,1
617246.50,1277125.25,1053.61,1052.00,1053.61,0.38,0.10,0.02,1
617338.75,1277125.25,1054.47,1053.00,1054.47,0.36,0.09,0.01,1
617431.06,1277125.25,1068.30,1067.00,1068.30,0.34,0.08,-0.00,1
617523.31,1277125.25,1107.18,1106.00,1107.18,0.33,0.06,-0.01,1
617615.62,1277125.25,1154.11,1153.00,1154.11,0.32,0.06,-0.02,1
617707.88,1277125.25,1188.07,1187.00,1188.07,0.31,0.05,-0.02,1
617800.12,1277125.25,1207.00,1206.00,1207.00,0.30,0.05,-0.03,1
617892.44,1277125.25,1229.89,1229.00,1229.89,0.28,0.03,-0.04,1
617984.69,1277125.25,1265.79,1265.00,1265.79,0.26,0.02,-0.05,1
618077.00,1277125.25,1294.74,1294.00,1294.74,0.25,0.02,-0.05,1
618169.25,1277125.25,1303.72,1303.00,1303.72,0.25,0.01,-0.05,1
618261.56,1277125.25,1302.72,1302.00,1302.72,0.25,0.01,-0.05,1
618353.81,1277125.25,1291.72,1291.00,1291.72,0.25,0.01,-0.05,1
618446.12,1277125.25,1247.72,1247.00,1247.72,0.25,0.01,-0.05,1
618538.38,1277125.25,1184.72,1184.00,1184.72,0.25,0.02,-0.05,1
618630.62,1277125.25,1150.74,1150.00,1150.74,0.25,0.02,-0.05,1
618722.94,1277125.25,1159.77,1159.00,1159.77,0.26,0.02,-0.05,1
618815.19,1277125.25,1179.85,1179.00,1179.85,0.28,0.03,-0.04,1
618907.50,1277125.25,1190.97,1190.00,1190.97,0.30,0.04,-0.03,1
618999.75,1277125.25,1198.13,1197.00,1198.13,0.32,0.06,-0.01,1
619092.06,1277125.25,1202.31,1201.00,1202.31,0.34,0.08,0.00,1
619184.31,1277125.25,1182.49,1181.00,1182.49,0.37,0.09,0.01,1
619276.62,1277125.25,1155.62,1154.00,1155.62,0.38,0.10,0.02,1
619368.88,1277125.25,1145.68,1144.00,1145.68,0.39,0.11,0.03,1
619461.19,1277125.25,1138.68,1137.00,1138.68,0.39,0.11,0.03,1
619553.44,1277125.25,1119.68,1118.00,1119.68,0.39,0.11,0.03,1
619645.69,1277125.25,1108.69,1107.00,1108.69,0.39,0.11,0.03,1
619738.00,1277125.25,1090.69,1089.00,1090.69,0.39,0.11,0.03,1
619830.25,1277125.25,1072.70,1071.00,1072.70,0.39,0.11,0.03,1
619922.56,1277125.25,1065.69,1064.00,1065.69,0.39,0.11,0.03,1
620014.81,1277125.25,1065.63,1064.00,1065.63,0.38,0.10,0.02,1
620107.12,1277125.25,1060.49,1059.00,1060.49,0.37,0.09,0.01,1
620199.38,1277125.25,1044.33,1043.00,1044.33,0.35,0.08,0.00,1
620291.69,1277125.25,1030.27,1029.00,1030.27,0.34,0.07,-0.00,1
620383.94,1277125.25,1014.36,1013.00,1014.36,0.35,0.08,0.00,1
620476.19,1277125.25,1000.48,999.00,1000.48,0.37,0.09,0.01,1
620568.50,1277125.25,986.49,985.00,986.49,0.37,0.09,0.01,1
620660.75,1277125.25,970.38,969.00,970.38,0.35,0.08,0.01,1
620753.06,1277125.25,950.28,949.00,950.28,0.34,0.07,-0.00,1
620845.31,1277125.25,932.32,931.00,932.32,0.35,0.08,0.00,1
620937.62,1277125.25,913.47,912.00,913.47,0.36,0.09,0.01,1
621029.88,1277125.25,901.61,900.00,901.61,0.38,0.10,0.02,1
621122.19,1277125.25,893.68,892.00,893.68,0.39,0.11,0.03,1
621214.44,1277125.25,888.70,887.00,888.70,0.39,0.11,0.03,1
621306.69,1277125.25,878.70,877.00,878.70,0.39,0.11,0.03,1
621399.00,1277125.25,864.70,863.00,864.70,0.39,0.11,0.03,1
621491.25,1277125.25,853.70,852.00,853.70,0.39,0.11,0.03,1
621583.56,1277125.25,849.70,848.00,849.70,0.39,0.11,0.03,1
621675.81,1277125.25,853.70,852.00,853.70,0.39,0.11,0.03,1
621768.12,1277125.25,863.70,862.00,863.70,0.39,0.11,0.03,1
621860.38,1277125.25,867.70,866.00,867.70,0.39,0.11,0.03,1
621952.69,1277125.25,870.70,869.00,870.70,0.39,0.11,0.03,1
622044.94,1277125.25,883.70,882.00,883.70,0.39,0.11,0.03,1
622137.19,1277125.25,896.70,895.00,896.70,0.39,0.11,0.03,1
622229.50,1277125.25,901.70,900.00,901.70,0.39,0.11,0.03,1
622321.75,1277125.25,907.70,906.00,907.70,0.39,0.11,0.03,1
622414.06,1277125.25,929.69,928.00,929.69,0.39,0.11,0.03,1
622506.31,1277125.25,945.64,944.00,945.64,0.38,0.10,0.02,1
622598.62,1277125.25,959.53,958.00,959.53,0.37,0.10,0.02,1
622690.88,1277125.25,961.39,960.00,961.39,0.35,0.08,0.01,1
622783.19,1277125.25,963.30,962.00,963.30,0.34,0.08,0.00,1
622875.44,1277125.25,967.36,966.00,967.36,0.35,0.08,0.00,1
622967.69,1277125.25,967.50,966.00,967.50,0.37,0.09,0.01,1
623060.00,1277125.25,955.62,954.00,955.62,0.38,0.10,0.02,1
623152.25,1277125.25,928.65,927.00,928.65,0.38,0.10,0.02,1
623244.56,1277125.25,908.57,907.00,908.57,0.38,0.10,0.02,1
623336.81,1277125.25,891.34,890.00,891.34,0.35,0.08,0.00,1
623429.12,1277125.25,877.01,876.00,877.01,0.30,0.05,-0.02,1
623521.38,1277125.25,866.76,866.00,866.76,0.26,0.02,-0.05,1
623613.69,1277125.25,868.81,868.00,868.81,0.27,0.03,-0.04,1
623705.94,1277125.25,872.11,871.00,872.11,0.32,0.06,-0.02,1
623798.19,1277125.25,871.42,870.00,871.42,0.36,0.09,0.01,1
623890.50,1277125.25,875.60,874.00,875.60,0.38,0.10,0.02,1
623982.75,1277125.25,877.65,876.00,877.65,0.38,0.10,0.02,1
624075.06,1277125.25,870.66,869.00,870.66,0.39,0.10,0.02,1
624167.31,1277125.25,870.67,869.00,870.67,0.39,0.11,0.02,1
624259.62,1277125.25,873.69,872.00,873.69,0.39,0.11,0.03,1
624351.88,1277125.25,863.69,862.00,863.69,0.39,0.11,0.03,1
624444.19,1277125.25,848.70,847.00,848.70,0.39,0.11,0.03,1
624536.44,1277125.25,836.70,835.00,836.70,0.39,0.11,0.03,1
624628.69,1277125.25,835.70,834.00,835.70,0.39,0.11,0.03,1
624721.00,1277125.25,843.70,842.00,843.70,0.39,0.11,0.03,1
624813.25,1277125.25,852.70,851.00,852.70,0.39,0.11,0.03,1
624905.56,1277125.25,860.70,859.00,860.70,0.39,0.11,0.03,1
624997.81,1277125.25,871.66,870.00,871.66,0.38,0.10,0.02,1
625090.12,1277125.25,876.45,875.00,876.45,0.36,0.09,0.01,1
625182.38,1277125.25,866.93,866.00,866.93,0.29,0.04,-0.03,1
625274.69,1277125.25,865.36,865.00,865.36,0.15,-0.05,-0.11,1
625366.94,1277125.25,874.11,874.00,874.11,0.28,0.12,0.07,1
625459.19,1277125.25,-9999.00,-9999.00,-9999.00,0.71,0.71,0.71,0
614385.88,1277033.00,-9999.00,-9999.00,-9999.00,0.71,0.71,0.71,0
614478.12,1277033.00,-9999.00,-9999.00,-9999.00,0.71,0.71,0.71,0
614570.44,1277033.00,-9999.00,-9999.00,-9999.00,0.71,0.71,0.71,0
614662.69,1277033.00,-9999.00,-9999.00,-9999.00,0.71,0.71,0.71,0
614755.00,1277033.00,-9999.00,-9999.00,-9999.00,0.71,0.71,0.71,0
614847.25,1277033.00,-9999.00,-9999.00,-9999.00,0.71,0.71,0.71,0
614939.56,1277033.00,-9999.00,-9999.00,-9999.00,0.71,0.71,0.71,0
615031.81,1277033.00,-9999.00,-9999.00,-9999.00,0.71,0.71,0.71,0
615124.12,1277033.00,-9999.00,-9999.00,-9999.00,0.71,0.71,0.71,0
615216.38,1277033.00,-9999.00,-9999.00,-9999.00,0.71,0.71,0.71,0
615308.62,1277033.00,-9999.00,-9999.00,-9999.00,0.71,0.71,0.71,0
615400.94,1277033.00,-9999.00,-9999.00,-9999.00,0.71,0.71,0.71,0
615493.19,1277033.00,-9999.00,-9999.00,-9999.00,0.71,0.71,0.71,0
615585.50,1277033.00,-9999.00,-9999.00,-9999.00,0.71,0.71,0.71,0
615677.75,1277033.00,-9999.00,-9999.00,-9999.00,0.71,0.71,0.71,0
615770.06,1277033.00,-9999.00,-9999.00,-9999.00,0.71,0.71,0.71,0
615862.31,1277033.00,-9999.00,-9999.00,-9999.00,0.71,0.71,0.71,0
615954.62,1277033.00,-9999.00,-9999.00,-9999.00,0.71,0.71,0.71,0
616046.88,1277033.00,-9999.00,-9999.00,-9999.00,0.71,0.71,0.71,0
616139.12,1277033.00,-9999.00,-9999.00,-9999.00,0.71,0.71,0.71,0
616231.44,1277033.00,-9999.00,-9999.00,-9999.00,0.71,0.71,0.71,0
616323.69,1277033.00,-9999.00,-9999.00,-9999.00,0.71,0.71,0.71,0
616416.00,1277033.00,-9999.00,-9999.00,-9999.00,0.71,0.71,0.71,0
616508.25,1277033.00,-9999.00,-9999.00,-9999.00,0.71,0.71,0.71,0
616600.56,1277033.00,-9999.00,-9999.00,-9999.00,0.71,0.71,0.71,0
616692.81,1277033.00,-9999.00,-9999.00,-9999.00,0.71,0.71,0.71,0
616785.12,1277033.00,-9999.00,-9999.00,-9999.00,0.71,0.71,0.71,0
616877.38,1277033.00,-9999.00,-9999.00,-9999.00,0.71,0.71,0.71,0
616969.62,1277033.00,-9999.00,-9999.00,-9999.00,0.71,0.71,0.71,0
617061.94,1277033.00,-9999.00,-9999.00,-9999.00,0.71,0.71,0.71,0
617154.19,1277033.00,-9999.00,-9999.00,-9999.00,0.71,0.71,0.71,0
617246.50,1277033.00,-9999.00,-9999.00,-9999.00,0.71,0.71,0.71,0
617338.75,1277033.00,-9999.00,-9999.00,-9999.00,0.71,0.71,0.71,0
617431.06,1277033.00,-9999.00,-9999.00,-9999.00,0.71,0.71,0.71,0
617523.31,1277033.00,-9999.00,-9999.00,-9999.00,0.71,0.71,0.71,0
617615.62,1277033.00,-9999.00,-9999.00,-9999.00,0.71,0.71,0.71,0
617707.88,1277033.00,-9999.00,-9999.00,-9999.00,0.71,0.71,0.71,0
617800.12,1277033.00,-9999.00,-9999.00,-9999.00,0.71,0.71,0.71,0
617892.44,1277033.00,-9999.00,-9999.00,-9999.00,0.71,0.71,0.71,0
617984.69,1277033.00,-9999.00,-9999.00,-9999.00,0.71,0.71,0.71,0
618077.00,1277033.00,-9999.00,-9999.00,-9999.00,0.71,0.71,0.71,0
618169.25,1277033.00,-9999.00,-9999.00,-9999.00,0.71,0.71,0.71,0
618261.56,1277033.00,-9999.00,-9999.00,-9999.00,0.71,0.71,0.71,0
618353.81,1277033.00,-9999.00,-9999.00,-9999.00,0.71,0.71,0.71,0
618446.12,1277033.00,-9999.00,-9999.00,-9999.00,0.71,0.71,0.71,0
618538.38,1277033.00,-9999.00,-9999.00,-9999.00,0.71,0.71,0.71,0
618630.62,1277033.00,-9999.00,-9999.00,-9999.00,0.71,0.71,0.71,0
618722.94,1277033.00,-9999.00,-9999.00,-9999.00,0.71,0.71,0.71,0
618815.19,1277033.00,-9999.00,-9999.00,-9999.00,0.71,0.71,0.71,0
618907.50,1277033.00,-9999.00,-9999.00,-9999.00,0.71,0.71,0.71,0
618999.75,1277033.00,-9999.00,-9999.00,-9999.00,0.71,0.71,0.71,0
619092.06,1277033.00,-9999.00,-9999.00,-9999.00,0.71,0.71,0.71,0
619184.31,1277033.00,-9999.00,-9999.00,-9999.00,0.71,0.71,0.71,0
619276.62,1277033.00,-9999.00,-9999.00,-9999.00,0.71,0.71,0.71,0
619368.88,1277033.00,-9999.00,-9999.00,-9999.00,0.71,0.71,0.71,0
619461.19,1277033.00,-9999.00,-9999.00,-9999.00,0.71,0.71,0.71,0
619553.44,1277033.00,-9999.00,-9999.00,-9999.00,0.71,0.71,0.71,0
619645.69,1277033.00,-9999.00,-9999.00,-9999.00,0.71,0.71,0.71,0
619738.00,1277033.00,-9999.00,-9999.00,-9999.00,0.71,0.71,0.71,0
619830.25,1277033.00,-9999.00,-9999.00,-9999.00,0.71,0.71,0.71,0
619922.56,1277033.00,-9999.00,-9999.00,-9999.00,0.71,0.71,0.71,0
620014.81,1277033.00,-9999.00,-9999.00,-9999.00,0.71,0.71,0.71,0
620107.12,1277033.00,-9999.00,-9999.00,-9999.00,0.71,0.71,0.71,0
620199.38,1277033.00,-9999.00,-9999.00,-9999.00,0.71,0.71,0.71,0
620291.69,1277033.00,-9999.00,-9999.00,-9999.00,0.71,0.71,0.71,0
620383.94,1277033.00,-9999.00,-9999.00,-9999.00,0.71,0.71,0.71,0
620476.19,1277033.00,-9999.00,-9999.00,-9999.00,0.71,0.71,0.71,0
620568.50,1277033.00,-9999.00,-9999.00,-9999.00,0.71,0.71,0.71,0
620660.75,1277033.00,-9999.00,-9999.00,-9999.00,0.71,0.71,0.71,0
620753.06,1277033.00,-9999.00,-9999.00,-9999.00,0.71,0.71,0.71,0
620845.31,1277033.00,-9999.00,-9999.00,-9999.00,0.71,0.71,0.71,0
620937.62,1277033.00,-9999.00,-9999.00,-9999.00,0.71,0.71,0.71,0
621029.88,1277033.00,-9999.00,-9999.00,-9999.00,0.71,0.71,0.71,0
621122.19,1277033.00,-9999.00,-9999.00,-9999.00,0.71,0.71,0.71,0
621214.44,1277033.00,-9999.00,-9999.00,-9999.00,0.71,0.71,0.71,0
621306.69,1277033.00,-9999.00,-9999.00,-9999.00,0.71,0.71,0.71,0
621399.00,1277033.00,-9999.00,-9999.00,-9999.00,0.71,0.71,0.71,0
621491.25,1277033.00,-9999.00,-9999.00,-9999.00,0.71,0.71,0.71,0
621583.56,1277033.00,-9999.00,-9999.00,-9999.00,0.71,0.71,0.71,0
621675.81,1277033.00,-9999.00,-9999.00,-9999.00,0.71,0.71,0.71,0
621768.12,1277033.00,-9999.00,-9999.00,-9999.00,0.71,0.71,0.71,0
621860.38,1277033.00,-9999.00,-9999.00,-9999.00,0.71,0.71,0.71,0
621952.69,1277033.00,-9999.00,-9999.00,-9999.00,0.71,0.71,0.71,0
622044.94,1277033.00,-9999.00,-9999.00,-9999.00,0.71,0.71,0.71,0
622137.19,1277033.00,-9999.00,-9999.00,-9999.00,0.71,0.71,0.71,0
622229.50,1277033.00,-9999.00,-9999.00,-9999.00,0.71,0.71,0.71,0
622321.75,1277033.00,-9999.00,-9999.00,-9999.00,0.71,0.71,0.71,0
622414.06,1277033.00,-9999.00,-9999.00,-9999.00,0.71,0.71,0.71,0
622506.31,1277033.00,-9999.00,-9999.00,-9999.00,0.71,0.71,0.71,0
622598.62,1277033.00,-9999.00,-9999.00,-9999.00,0.71,0.71,0.71,0
622690.88,1277033.00,-9999.00,-9999.00,-9999.00,0.71,0.71,0.71,0
622783.19,1277033.00,-9999.00,-9999.00,-9999.00,0.71,0.71,0.71,0
622875.44,1277033.00,-9999.00,-9999.00,-9999.00,0.71,0.71,0.71,0
622967.69,1277033.00,-9999.00,-9999.00,-9999.00,0.71,0.71,0.71,0
623060.00,1277033.00,-9999.00,-9999.00,-9999.00,0.71,0.71,0.71,0
623152.25,1277033.00,-9999.00,-9999.00,-9999.00,0.71,0.71,0.71,0
623244.56,1277033.00,-9999.00,-9999.00,-9999.00,0.71,0.71,0.71,0
623336.81,1277033.00,-9999.00,-9999.00,-9999.00,0.71,0.71,0.71,0
623429.12,1277033.00,-9999.00,-9999.00,-9999.00,0.71,0.71,0.71,0
623521.38,1277033.00,-9999.00,-9999.00,-9999.00,0.71,0.71,0.71,0
623613.69,1277033.00,-9999.00,-9999.00,-9999.00,0.71,0.71,0.71,0
623705.94,1277033.00,-9999.00,-9999.00,-9999.00,0.71,0.71,0.71,0
623798.19,1277033.00,-9999.00,-9999.00,-9999.00,0.71,0.71,0.71,0
623890.50,1277033.00,-9999.00,-9999.00,-9999.00,0.71,0.71,0.71,0
623982.75,1277033.00,-9999.00,-9999.00,-9999.00,0.71,0.71,0.71,0
624075.06,1277033.00,-9999.00,-9999.00,-9999.00,0.71,0.71,0.71,0
624167.31,1277033.00,-9999.00,-9999.00,-9999.00,0.71,0.71,0.71,0
624259.62,1277033.00,-9999.00,-9999.00,-9999.00,0.71,0.71,0.71,0
624351.88,1277033.00,-9999.00,-9999.00,-9999.00,0.71,0.71,0.71,0
624444.19,1277033.00,-9999.00,-9999.00,-9999.00,0.71,0.71,0.71,0
624536.44,1277033.00,-9999.00,-9999.00,-9999.00,0.71,0.71,0.71,0
624628.69,1277033.00,-9999.00,-9999.00,-9999.00,0.71,0.71,0.71,0
624721.00,1277033.00,-9999.00,-9999.00,-9999.00,0.71,0.71,0.71,0
624813.25,1277033.00,-9999.00,-9999.00,-9999.00,0.71,0.71,0.71,0
624905.56,1277033.00,-9999.00,-9999.00,-9999.00,0.71,0.71,0.71,0
624997.81,1277033.00,-9999.00,-9999.00,-9999.00,0.71,0.71,0.71,0
625090.12,1277033.00,-9999.00,-9999.00,-9999.00,0.71,0.71,0.71,0
625182.38,1277033.00,-9999.00,-9999.00,-9999.00,0.71,0.71,0.71,0
625274.69,1277033.00,-9999.00,-9999.00,-9999.00,0.71,0.71,0.71,0
625366.94,1277033.00,-9999.00,-9999.00,-9999.00,0.71,0.71,0.71,0
625459.19,1277033.00,-9999.00,-9999.00,-9999.00,0.71,0.71,0.71,0
