x,y,z,zb,z1,r,g,b,i
614385.88,1288106.38,-9999.00,-9999.00,-9999.00,0.71,0.71,0.71,0
614478.12,1288106.38,733.00,733.00,733.00,0.71,0.71,0.71,0
614570.44,1288106.38,728.01,728.00,728.01,0.71,0.71,0.71,0
614662.69,1288106.38,728.07,728.00,728.07,0.71,0.71,0.71,0
614755.00,1288106.38,729.32,729.00,729.32,0.64,0.44,0.38,1
614847.25,1288106.38,729.73,729.00,729.73,0.63,0.40,0.33,1
614939.56,1288106.38,731.98,731.00,731.98,0.63,0.38,0.30,1
615031.81,1288106.38,734.03,733.00,734.03,0.63,0.37,0.30,1
615124.12,1288106.38,737.04,736.00,737.04,0.63,0.37,0.30,1
615216.38,1288106.38,745.04,744.00,745.04,0.63,0.37,0.30,1
615308.62,1288106.38,764.04,763.00,764.04,0.63,0.37,0.30,1
615400.94,1288106.38,785.04,784.00,785.04,0.63,0.37,0.30,1
615493.19,1288106.38,800.04,799.00,800.04,0.63,0.37,0.30,1
615585.50,1288106.38,795.04,794.00,795.04,0.63,0.37,0.30,1
615677.75,1288106.38,786.04,785.00,786.04,0.63,0.37,0.30,1
615770.06,1288106.38,779.04,778.00,779.04,0.63,0.37,0.30,1
615862.31,1288106.38,778.04,777.00,778.04,0.63,0.37,0.30,1
615954.62,1288106.38,761.04,760.00,761.04,0.63,0.37,0.30,1
616046.88,1288106.38,753.04,752.00,753.04,0.63,0.37,0.30,1
616139.12,1288106.38,772.04,771.00,772.04,0.63,0.37,0.30,1
616231.44,1288106.38,791.04,790.00,791.04,0.63,0.37,0.30,1
616323.69,1288106.38,794.04,793.00,794.04,0.63,0.37,0.30,1
616416.00,1288106.38,776.04,775.00,776.04,0.63,0.37,0.30,1
616508.25,1288106.38,762.04,761.00,762.04,0.63,0.37,0.30,1
616600.56,1288106.38,769.04,768.00,769.04,0.63,0.37,0.30,1
616692.81,1288106.38,775.04,774.00,775.04,0.63,0.37,0.30,1
616785.12,1288106.38,785.04,784.00,785.04,0.63,0.37,0.30,1
616877.38,1288106.38,795.04,794.00,795.04,0.63,0.37,0.30,1
616969.62,1288106.38,810.04,809.00,810.04,0.63,0.37,0.30,1
617061.94,1288106.38,821.04,820.00,821.04,0.63,0.37,0.30,1
617154.19,1288106.38,827.04,826.00,827.04,0.63,0.37,0.30,1
617246.50,1288106.38,828.04,827.00,828.04,0.63,0.37,0.30,1
617338.75,1288106.38,830.04,829.00,830.04,0.63,0.37,0.30,1
617431.06,1288106.38,842.04,841.00,842.04,0.63,0.37,0.30,1
617523.31,1288106.38,855.04,854.00,855.04,0.63,0.37,0.30,1
617615.62,1288106.38,869.04,868.00,869.04,0.63,0.37,0.30,1
617707.88,1288106.38,882.04,881.00,882.04,0.63,0.37,0.30,1
617800.12,1288106.38,879.04,878.00,879.04,0.63,0.37,0.30,1
617892.44,1288106.38,862.04,861.00,862.04,0.63,0.37,0.30,1
617984.69,1288106.38,847.04,846.00,847.04,0.63,0.37,0.30,1
618077.00,1288106.38,833.04,832.00,833.04,0.63,0.37,0.30,1
618169.25,1288106.38,817.04,816.00,817.04,0.63,0.37,0.30,1
618261.56,1288106.38,805.04,804.00,805.04,0.63,0.37,0.30,1
618353.81,1288106.38,798.04,797.00,798.04,0.63,0.37,0.30,1
618446.12,1288106.38,795.04,794.00,795.04,0.63,0.37,0.30,1
618538.38,1288106.38,789.04,788.00,789.04,0.63,0.37,0.30,1
618630.62,1288106.38,783.04,782.00,783.04,0.63,0.37,0.30,1
618722.94,1288106.38,778.04,777.00,778.04,0.63,0.37,0.30,1
618815.19,1288106.38,775.04,774.00,775.04,0.63,0.37,0.30,1
618907.50,1288106.38,781.04,780.00,781.04,0.63,0.37,0.30,1
618999.75,1288106.38,789.04,788.00,789.04,0.63,0.37,0.30,1
619092.06,1288106.38,782.04,781.00,782.04,0.63,0.37,0.30,1
619184.31,1288106.38,761.04,760.00,761.04,0.63,0.37,0.30,1
619276.62,1288106.38,747.04,746.00,747.04,0.63,0.37,0.30,1
619368.88,1288106.38,760.04,759.00,760.04,0.63,0.37,0.30,1
619461.19,1288106.38,776.04,775.00,776.04,0.63,0.37,0.30,1
619553.44,1288106.38,772.04,771.00,772.04,0.63,0.37,0.30,1
619645.69,1288106.38,759.04,758.00,759.04,0.63,0.37,0.30,1
619738.00,1288106.38,751.04,750.00,751.04,0.63,0.37,0.30,1
619830.25,1288106.38,759.04,758.00,759.04,0.63,0.37,0.30,1
619922.56,1288106.38,765.04,764.00,765.04,0.63,0.37,0.30,1
620014.81,1288106.38,762.04,761.00,762.04,0.63,0.37,0.30,1
620107.12,1288106.38,753.03,752.00,753.03,0.63,0.37,0.30,1
620199.38,1288106.38,745.02,744.00,745.02,0.63,0.37,0.30,1
620291.69,1288106.38,742.94,742.00,742.94,0.63,0.38,0.31,1
620383.94,1288106.38,746.83,746.00,746.83,0.63,0.39,0.32,1
620476.19,1288106.38,746.83,746.00,746.83,0.63,0.39,0.32,1
620568.50,1288106.38,749.94,749.00,749.94,0.63,0.38,0.31,1
620660.75,1288106.38,758.02,757.00,758.02,0.63,0.37,0.30,1
620753.06,1288106.38,756.03,755.00,756.03,0.63,0.37,0.30,1
620845.31,1288106.38,748.04,747.00,748.04,0.63,0.37,0.30,1
620937.62,1288106.38,746.04,745.00,746.04,0.63,0.37,0.30,1
621029.88,1288106.38,751.04,750.00,751.04,0.63,0.37,0.30,1
621122.19,1288106.38,753.04,752.00,753.04,0.63,0.37,0.30,1
621214.44,1288106.38,748.04,747.00,748.04,0.63,0.37,0.30,1
621306.69,1288106.38,741.04,740.00,741.04,0.63,0.37,0.30,1
621399.00,1288106.38,737.04,736.00,737.04,0.63,0.37,0.30,1
621491.25,1288106.38,735.05,734.00,735.05,0.63,0.37,0.30,1
621583.56,1288106.38,734.07,733.00,734.07,0.63,0.37,0.30,1
621675.81,1288106.38,734.09,733.00,734.09,0.63,0.37,0.30,1
621768.12,1288106.38,735.08,734.00,735.08,0.63,0.37,0.30,1
621860.38,1288106.38,734.98,734.00,734.98,0.63,0.38,0.30,1
621952.69,1288106.38,735.85,735.00,735.85,0.63,0.39,0.32,1
622044.94,1288106.38,735.85,735.00,735.85,0.63,0.39,0.32,1
622137.19,1288106.38,735.96,735.00,735.96,0.63,0.38,0.31,1
622229.50,1288106.38,736.02,735.00,736.02,0.63,0.37,0.30,1
622321.75,1288106.38,736.04,735.00,736.04,0.63,0.37,0.30,1
622414.06,1288106.38,736.04,735.00,736.04,0.63,0.37,0.30,1
622506.31,1288106.38,737.04,736.00,737.04,0.63,0.37,0.30,1
622598.62,1288106.38,739.04,738.00,739.04,0.63,0.37,0.30,1
622690.88,1288106.38,738.04,737.00,738.04,0.63,0.37,0.30,1
622783.19,1288106.38,737.04,736.00,737.04,0.63,0.37,0.30,1
622875.44,1288106.38,738.04,737.00,738.04,0.63,0.37,0.30,1
622967.69,1288106.38,739.04,738.00,739.04,0.63,0.37,0.30,1
623060.00,1288106.38,740.04,739.00,740.04,0.63,0.37,0.30,1
623152.25,1288106.38,740.04,739.00,740.04,0.63,0.37,0.30,1
623244.56,1288106.38,740.04,739.00,740.04,0.63,0.37,0.30,1
623336.81,1288106.38,741.04,740.00,741.04,0.63,0.37,0.30,1
623429.12,1288106.38,741.04,740.00,741.04,0.63,0.37,0.30,1
623521.38,1288106.38,741.04,740.00,741.04,0.63,0.37,0.30,1
623613.69,1288106.38,742.04,741.00,742.04,0.63,0.37,0.30,1
623705.94,1288106.38,745.04,744.00,745.04,0.63,0.37,0.30,1
623798.19,1288106.38,747.04,746.00,747.04,0.63,0.37,0.30,1
623890.50,1288106.38,749.04,748.00,749.04,0.63,0.37,0.30,1
623982.75,1288106.38,751.04,750.00,751.04,0.63,0.37,0.30,1
624075.06,1288106.38,751.03,750.00,751.03,0.63,0.37,0.30,1
624167.31,1288106.38,753.01,752.00,753.01,0.63,0.37,0.30,1
624259.62,1288106.38,753.90,753.00,753.90,0.63,0.38,0.31,1
624351.88,1288106.38,751.80,751.00,751.80,0.63,0.39,0.32,1
624444.19,1288106.38,753.85,753.00,753.85,0.63,0.39,0.32,1
624536.44,1288106.38,764.93,764.00,764.93,0.63,0.38,0.31,1
624628.69,1288106.38,773.92,773.00,773.92,0.63,0.38,0.31,1
624721.00,1288106.38,776.86,776.00,776.86,0.63,0.39,0.31,1
624813.25,1288106.38,770.85,770.00,770.85,0.63,0.39,0.32,1
624905.56,1288106.38,763.90,763.00,763.90,0.63,0.38,0.31,1
624997.81,1288106.38,775.97,775.00,775.97,0.63,0.38,0.31,1
625090.12,1288106.38,791.01,790.00,791.01,0.63,0.37,0.30,1
625182.38,1288106.38,793.03,792.00,793.03,0.63,0.37,0.30,1
625274.69,1288106.38,783.03,782.00,783.03,0.63,0.37,0.30,1
625366.94,1288106.38,786.32,785.31,786.32,0.63,0.37,0.30,1
625459.19,1288106.38,-9999.00,-9999.00,-9999.00,0.71,0.71,0.71,0
614385.88,1288014.12,-9999.00,-9999.00,-9999.00,0.71,0.71,0.71,0
614478.12,1288014.12,737.00,737.00,737.00,-0.49,-0.49,-0.49,0
614570.44,1288014.12,729.01,729.00,729.01,0.73,0.73,0.73,0
614662.69,1288014.12,728.07,728.00,728.07,0.71,0.71,0.71,0
614755.00,1288014.12,728.33,728.00,728.33,0.64,0.44,0.38,1
614847.25,1288014.12,729.75,729.00,729.75,0.63,0.39,0.32,1
614939.56,1288014.12,732.00,731.00,732.00,0.63,0.37,0.30,1
615031.81,1288014.12,734.05,733.00,734.05,0.62,0.37,0.29,1
615124.12,1288014.12,738.06,737.00,738.06,0.62,0.36,0.29,1
615216.38,1288014.12,751.06,750.00,751.06,0.61,0.35,0.28,1
615308.62,1288014.12,769.06,768.00,769.06,0.60,0.35,0.27,1
615400.94,1288014.12,788.06,787.00,788.06,0.60,0.35,0.27,1
615493.19,1288014.12,799.06,798.00,799.06,0.62,0.36,0.29,1
615585.50,1288014.12,787.06,786.00,787.06,0.63,0.37,0.30,1
615677.75,1288014.12,775.06,774.00,775.06,0.62,0.36,0.29,1
615770.06,1288014.12,771.06,770.00,771.06,0.61,0.36,0.28,1
615862.31,1288014.12,773.06,772.00,773.06,0.62,0.37,0.29,1
615954.62,1288014.12,762.06,761.00,762.06,0.64,0.38,0.31,1
616046.88,1288014.12,753.06,752.00,753.06,0.63,0.37,0.30,1
616139.12,1288014.12,769.06,768.00,769.06,0.60,0.35,0.27,1
616231.44,1288014.12,784.06,783.00,784.06,0.60,0.35,0.27,1
616323.69,1288014.12,789.06,788.00,789.06,0.63,0.37,0.30,1
616416.00,1288014.12,770.06,769.00,770.06,0.63,0.38,0.30,1
616508.25,1288014.12,762.06,761.00,762.06,0.62,0.37,0.29,1
616600.56,1288014.12,770.06,769.00,770.06,0.62,0.36,0.29,1
616692.81,1288014.12,777.06,776.00,777.06,0.62,0.37,0.29,1
616785.12,1288014.12,784.06,783.00,784.06,0.62,0.36,0.29,1
616877.38,1288014.12,791.06,790.00,791.06,0.61,0.35,0.28,1
616969.62,1288014.12,806.06,805.00,806.06,0.60,0.34,0.27,1
617061.94,1288014.12,819.06,818.00,819.06,0.60,0.34,0.27,1
617154.19,1288014.12,831.06,830.00,831.06,0.61,0.36,0.28,1
617246.50,1288014.12,831.06,830.00,831.06,0.63,0.37,0.30,1
617338.75,1288014.12,830.06,829.00,830.06,0.62,0.36,0.29,1
617431.06,1288014.12,844.06,843.00,844.06,0.61,0.35,0.28,1
617523.31,1288014.12,858.06,857.00,858.06,0.61,0.35,0.28,1
617615.62,1288014.12,870.06,869.00,870.06,0.61,0.35,0.28,1
617707.88,1288014.12,883.06,882.00,883.06,0.62,0.36,0.29,1
617800.12,1288014.12,888.06,887.00,888.06,0.64,0.39,0.31,1
617892.44,1288014.12,881.06,880.00,881.06,0.66,0.41,0.33,1
617984.69,1288014.12,868.06,867.00,868.06,0.67,0.41,0.34,1
618077.00,1288014.12,851.05,850.00,851.05,0.67,0.41,0.34,1
618169.25,1288014.12,830.05,829.00,830.05,0.67,0.41,0.34,1
618261.56,1288014.12,816.05,815.00,816.05,0.66,0.40,0.33,1
618353.81,1288014.12,811.05,810.00,811.05,0.65,0.40,0.32,1
618446.12,1288014.12,806.06,805.00,806.06,0.65,0.39,0.32,1
618538.38,1288014.12,800.06,799.00,800.06,0.65,0.39,0.32,1
618630.62,1288014.12,795.06,794.00,795.06,0.65,0.39,0.32,1
618722.94,1288014.12,790.06,789.00,790.06,0.65,0.39,0.32,1
618815.19,1288014.12,782.06,781.00,782.06,0.64,0.38,0.31,1
618907.50,1288014.12,783.06,782.00,783.06,0.62,0.37,0.29,1
618999.75,1288014.12,788.06,787.00,788.06,0.62,0.36,0.29,1
619092.06,1288014.12,783.06,782.00,783.06,0.64,0.38,0.31,1
619184.31,1288014.12,764.06,763.00,764.06,0.65,0.39,0.32,1
619276.62,1288014.12,748.06,747.00,748.06,0.63,0.37,0.30,1
619368.88,1288014.12,761.05,760.00,761.05,0.60,0.35,0.27,1
619461.19,1288014.12,777.05,776.00,777.05,0.61,0.36,0.28,1
619553.44,1288014.12,776.05,775.00,776.05,0.64,0.38,0.31,1
619645.69,1288014.12,763.06,762.00,763.06,0.65,0.39,0.32,1
619738.00,1288014.12,754.06,753.00,754.06,0.64,0.38,0.31,1
619830.25,1288014.12,758.06,757.00,758.06,0.62,0.37,0.29,1
619922.56,1288014.12,760.06,759.00,760.06,0.62,0.37,0.29,1
620014.81,1288014.12,757.06,756.00,757.06,0.63,0.37,0.30,1
620107.12,1288014.12,751.06,750.00,751.06,0.63,0.38,0.30,1
620199.38,1288014.12,749.05,748.00,749.05,0.64,0.38,0.31,1
620291.69,1288014.12,751.01,750.00,751.01,0.64,0.38,0.31,1
620383.94,1288014.12,749.94,749.00,749.94,0.64,0.38,0.31,1
620476.19,1288014.12,748.94,748.00,748.94,0.63,0.38,0.31,1
620568.50,1288014.12,752.01,751.00,752.01,0.62,0.37,0.30,1
620660.75,1288014.12,760.05,759.00,760.05,0.62,0.37,0.29,1
620753.06,1288014.12,760.06,759.00,760.06,0.64,0.38,0.31,1
620845.31,1288014.12,752.06,751.00,752.06,0.64,0.39,0.31,1
620937.62,1288014.12,747.06,746.00,747.06,0.63,0.37,0.30,1
621029.88,1288014.12,751.06,750.00,751.06,0.62,0.37,0.29,1
621122.19,1288014.12,757.06,756.00,757.06,0.63,0.38,0.30,1
621214.44,1288014.12,753.06,752.00,753.06,0.64,0.39,0.31,1
621306.69,1288014.12,746.06,745.00,746.06,0.65,0.39,0.32,1
621399.00,1288014.12,740.05,739.00,740.05,0.64,0.38,0.31,1
621491.25,1288014.12,736.07,735.00,736.07,0.64,0.38,0.30,1
621583.56,1288014.12,734.10,733.00,734.10,0.63,0.37,0.30,1
621675.81,1288014.12,735.14,734.00,735.14,0.63,0.37,0.29,1
621768.12,1288014.12,735.14,734.00,735.14,0.63,0.37,0.29,1
621860.38,1288014.12,735.08,734.00,735.08,0.63,0.37,0.30,1
621952.69,1288014.12,735.99,735.00,735.99,0.63,0.38,0.31,1
622044.94,1288014.12,735.97,735.00,735.97,0.63,0.38,0.31,1
622137.19,1288014.12,736.02,735.00,736.02,0.63,0.37,0.30,1
622229.50,1288014.12,735.06,734.00,735.06,0.63,0.37,0.30,1
622321.75,1288014.12,736.06,735.00,736.06,0.63,0.37,0.30,1
622414.06,1288014.12,737.07,736.00,737.07,0.63,0.37,0.30,1
622506.31,1288014.12,738.07,737.00,738.07,0.63,0.37,0.30,1
622598.62,1288014.12,740.07,739.00,740.07,0.63,0.38,0.30,1
622690.88,1288014.12,739.07,738.00,739.07,0.64,0.38,0.31,1
622783.19,1288014.12,739.07,738.00,739.07,0.64,0.38,0.31,1
622875.44,1288014.12,739.07,738.00,739.07,0.63,0.38,0.30,1
622967.69,1288014.12,742.07,741.00,742.07,0.64,0.38,0.31,1
623060.00,1288014.12,744.07,743.00,744.07,0.64,0.38,0.31,1
623152.25,1288014.12,743.07,742.00,743.07,0.64,0.38,0.31,1
623244.56,1288014.12,743.07,742.00,743.07,0.64,0.38,0.31,1
623336.81,1288014.12,743.07,742.00,743.07,0.64,0.38,0.31,1
623429.12,1288014.12,746.07,745.00,746.07,0.64,0.38,0.31,1
623521.38,1288014.12,747.07,746.00,747.07,0.64,0.39,0.31,1
623613.69,1288014.12,745.07,744.00,745.07,0.64,0.38,0.31,1
623705.94,1288014.12,744.07,743.00,744.07,0.63,0.37,0.30,1
623798.19,1288014.12,744.07,743.00,744.07,0.63,0.37,0.30,1
623890.50,1288014.12,745.07,744.00,745.07,0.63,0.37,0.30,1
623982.75,1288014.12,747.07,746.00,747.07,0.63,0.37,0.30,1
624075.06,1288014.12,749.07,748.00,749.07,0.63,0.37,0.30,1
624167.31,1288014.12,750.05,749.00,750.05,0.63,0.37,0.30,1
624259.62,1288014.12,751.00,750.00,751.00,0.63,0.38,0.30,1
624351.88,1288014.12,751.95,751.00,751.95,0.63,0.38,0.31,1
624444.19,1288014.12,753.96,753.00,753.96,0.63,0.38,0.31,1
624536.44,1288014.12,757.96,757.00,757.96,0.61,0.36,0.29,1
624628.69,1288014.12,764.88,764.00,764.88,0.61,0.36,0.29,1
624721.00,1288014.12,770.79,770.00,770.79,0.62,0.38,0.31,1
624813.25,1288014.12,768.78,768.00,768.78,0.64,0.39,0.33,1
624905.56,1288014.12,768.86,768.00,768.86,0.63,0.39,0.31,1
624997.81,1288014.12,781.97,781.00,781.97,0.61,0.36,0.29,1
625090.12,1288014.12,792.04,791.00,792.04,0.61,0.36,0.28,1
625182.38,1288014.12,797.06,796.00,797.06,0.62,0.37,0.29,1
625274.69,1288014.12,794.06,793.00,794.06,0.64,0.38,0.31,1
625366.94,1288014.12,783.69,782.68,783.69,0.58,0.32,0.25,1
625459.19,1288014.12,-9999.00,-9999.00,-9999.00,0.71,0.71,0.71,0
614385.88,1287921.88,-9999.00,-9999.00,-9999.00,0.71,0.71,0.71,0
614478.12,1287921.88,740.00,740.00,740.00,-0.49,-0.49,-0.49,0
614570.44,1287921.88,730.01,730.00,730.01,0.74,0.74,0.74,0
614662.69,1287921.88,729.08,729.00,729.08,0.72,0.72,0.72,0
614755.00,1287921.88,729.36,729.00,729.36,0.64,0.44,0.38,1
614847.25,1287921.88,729.80,729.00,729.80,0.63,0.39,0.32,1
614939.56,1287921.88,732.06,731.00,732.06,0.63,0.37,0.30,1
615031.81,1287921.88,734.11,733.00,734.11,0.62,0.36,0.29,1
615124.12,1287921.88,742.12,741.00,742.12,0.62,0.36,0.28,1
615216.38,1287921.88,756.12,755.00,756.12,0.61,0.35,0.27,1
615308.62,1287921.88,771.12,770.00,771.12,0.60,0.34,0.27,1
615400.94,1287921.88,785.12,784.00,785.12,0.60,0.34,0.27,1
615493.19,1287921.88,790.12,789.00,790.12,0.62,0.36,0.28,1
615585.50,1287921.88,774.12,773.00,774.12,0.63,0.37,0.30,1
615677.75,1287921.88,759.12,758.00,759.12,0.62,0.36,0.28,1
615770.06,1287921.88,759.12,758.00,759.12,0.61,0.35,0.27,1
615862.31,1287921.88,763.12,762.00,763.12,0.61,0.35,0.28,1
615954.62,1287921.88,758.12,757.00,758.12,0.62,0.36,0.29,1
616046.88,1287921.88,756.12,755.00,756.12,0.62,0.36,0.29,1
616139.12,1287921.88,771.12,770.00,771.12,0.61,0.35,0.28,1
616231.44,1287921.88,779.12,778.00,779.12,0.62,0.36,0.28,1
616323.69,1287921.88,780.12,779.00,780.12,0.63,0.37,0.29,1
616416.00,1287921.88,762.12,761.00,762.12,0.63,0.37,0.30,1
616508.25,1287921.88,757.12,756.00,757.12,0.62,0.36,0.28,1
616600.56,1287921.88,769.12,768.00,769.12,0.60,0.34,0.27,1
616692.81,1287921.88,781.12,780.00,781.12,0.61,0.35,0.28,1
616785.12,1287921.88,787.12,786.00,787.12,0.62,0.36,0.28,1
616877.38,1287921.88,790.12,789.00,790.12,0.61,0.35,0.28,1
616969.62,1287921.88,797.12,796.00,797.12,0.60,0.34,0.26,1
617061.94,1287921.88,805.12,804.00,805.12,0.59,0.33,0.25,1
617154.19,1287921.88,819.12,818.00,819.12,0.59,0.33,0.25,1
617246.50,1287921.88,829.12,828.00,829.12,0.61,0.35,0.28,1
617338.75,1287921.88,831.12,830.00,831.12,0.63,0.37,0.29,1
617431.06,1287921.88,843.13,842.00,843.13,0.61,0.35,0.28,1
617523.31,1287921.88,859.13,858.00,859.13,0.60,0.34,0.27,1
617615.62,1287921.88,873.13,872.00,873.13,0.61,0.35,0.27,1
617707.88,1287921.88,886.13,885.00,886.13,0.61,0.35,0.28,1
617800.12,1287921.88,898.13,897.00,898.13,0.63,0.37,0.29,1
617892.44,1287921.88,897.12,896.00,897.12,0.65,0.39,0.31,1
617984.69,1287921.88,882.11,881.00,882.11,0.65,0.39,0.32,1
618077.00,1287921.88,862.08,861.00,862.08,0.65,0.39,0.32,1
618169.25,1287921.88,842.07,841.00,842.07,0.65,0.40,0.32,1
618261.56,1287921.88,832.07,831.00,832.07,0.65,0.39,0.32,1
618353.81,1287921.88,826.09,825.00,826.09,0.65,0.39,0.32,1
618446.12,1287921.88,817.11,816.00,817.11,0.64,0.39,0.31,1
618538.38,1287921.88,807.13,806.00,807.13,0.64,0.38,0.31,1
618630.62,1287921.88,800.13,799.00,800.13,0.63,0.37,0.30,1
618722.94,1287921.88,793.13,792.00,793.13,0.63,0.37,0.30,1
618815.19,1287921.88,787.13,786.00,787.13,0.63,0.37,0.30,1
618907.50,1287921.88,781.13,780.00,781.13,0.63,0.37,0.29,1
618999.75,1287921.88,777.13,776.00,777.13,0.62,0.36,0.28,1
619092.06,1287921.88,772.13,771.00,772.13,0.62,0.36,0.29,1
619184.31,1287921.88,759.12,758.00,759.12,0.63,0.37,0.30,1
619276.62,1287921.88,749.10,748.00,749.10,0.63,0.37,0.29,1
619368.88,1287921.88,758.08,757.00,758.08,0.60,0.34,0.27,1
619461.19,1287921.88,771.07,770.00,771.07,0.60,0.34,0.27,1
619553.44,1287921.88,770.08,769.00,770.08,0.62,0.36,0.29,1
619645.69,1287921.88,763.10,762.00,763.10,0.63,0.37,0.30,1
619738.00,1287921.88,757.11,756.00,757.11,0.63,0.37,0.30,1
619830.25,1287921.88,758.11,757.00,758.11,0.63,0.37,0.30,1
619922.56,1287921.88,759.11,758.00,759.11,0.63,0.37,0.30,1
620014.81,1287921.88,755.12,754.00,755.12,0.63,0.37,0.30,1
620107.12,1287921.88,752.13,751.00,752.13,0.63,0.37,0.29,1
620199.38,1287921.88,757.13,756.00,757.13,0.63,0.37,0.30,1
620291.69,1287921.88,758.12,757.00,758.12,0.64,0.38,0.30,1
620383.94,1287921.88,753.10,752.00,753.10,0.64,0.38,0.31,1
620476.19,1287921.88,752.10,751.00,752.10,0.63,0.37,0.30,1
620568.50,1287921.88,755.12,754.00,755.12,0.63,0.37,0.29,1
620660.75,1287921.88,760.13,759.00,760.13,0.62,0.36,0.29,1
620753.06,1287921.88,762.14,761.00,762.14,0.63,0.37,0.30,1
620845.31,1287921.88,756.14,755.00,756.14,0.64,0.38,0.31,1
620937.62,1287921.88,750.14,749.00,750.14,0.64,0.38,0.30,1
621029.88,1287921.88,754.14,753.00,754.14,0.63,0.36,0.29,1
621122.19,1287921.88,763.13,762.00,763.13,0.63,0.37,0.29,1
621214.44,1287921.88,762.12,761.00,762.12,0.65,0.39,0.31,1
621306.69,1287921.88,753.09,752.00,753.09,0.65,0.39,0.32,1
621399.00,1287921.88,744.06,743.00,744.06,0.65,0.39,0.32,1
621491.25,1287921.88,739.06,738.00,739.06,0.64,0.38,0.31,1
621583.56,1287921.88,737.10,736.00,737.10,0.63,0.37,0.30,1
621675.81,1287921.88,737.16,736.00,737.16,0.63,0.37,0.29,1
621768.12,1287921.88,738.19,737.00,738.19,0.63,0.36,0.29,1
621860.38,1287921.88,738.18,737.00,738.18,0.63,0.36,0.29,1
621952.69,1287921.88,739.14,738.00,739.14,0.63,0.37,0.29,1
622044.94,1287921.88,738.12,737.00,738.12,0.63,0.37,0.30,1
622137.19,1287921.88,737.13,736.00,737.13,0.63,0.37,0.30,1
622229.50,1287921.88,736.14,735.00,736.14,0.63,0.37,0.30,1
622321.75,1287921.88,736.14,735.00,736.14,0.63,0.37,0.30,1
622414.06,1287921.88,736.14,735.00,736.14,0.62,0.36,0.29,1
622506.31,1287921.88,741.14,740.00,741.14,0.62,0.36,0.29,1
622598.62,1287921.88,750.14,749.00,750.14,0.63,0.37,0.29,1
622690.88,1287921.88,751.14,750.00,751.14,0.64,0.38,0.30,1
622783.19,1287921.88,751.14,750.00,751.14,0.64,0.38,0.30,1
622875.44,1287921.88,751.14,750.00,751.14,0.63,0.37,0.30,1
622967.69,1287921.88,755.14,754.00,755.14,0.63,0.37,0.30,1
623060.00,1287921.88,758.14,757.00,758.14,0.64,0.38,0.30,1
623152.25,1287921.88,754.14,753.00,754.14,0.65,0.38,0.31,1
623244.56,1287921.88,752.15,751.00,752.15,0.64,0.38,0.30,1
623336.81,1287921.88,756.15,755.00,756.15,0.64,0.38,0.30,1
623429.12,1287921.88,763.15,762.00,763.15,0.64,0.38,0.30,1
623521.38,1287921.88,763.15,762.00,763.15,0.65,0.39,0.31,1
623613.69,1287921.88,757.15,756.00,757.15,0.65,0.39,0.31,1
623705.94,1287921.88,749.15,748.00,749.15,0.64,0.38,0.31,1
623798.19,1287921.88,746.15,745.00,746.15,0.63,0.37,0.29,1
623890.50,1287921.88,752.15,751.00,752.15,0.63,0.37,0.29,1
623982.75,1287921.88,755.15,754.00,755.15,0.63,0.37,0.30,1
624075.06,1287921.88,756.15,755.00,756.15,0.63,0.37,0.30,1
624167.31,1287921.88,759.15,758.00,759.15,0.64,0.38,0.30,1
624259.62,1287921.88,760.13,759.00,760.13,0.64,0.38,0.30,1
624351.88,1287921.88,762.12,761.00,762.12,0.64,0.38,0.31,1
624444.19,1287921.88,762.10,761.00,762.10,0.64,0.38,0.31,1
624536.44,1287921.88,756.03,755.00,756.03,0.63,0.38,0.31,1
624628.69,1287921.88,758.90,758.00,758.90,0.62,0.37,0.30,1
624721.00,1287921.88,766.78,766.00,766.78,0.62,0.38,0.31,1
624813.25,1287921.88,771.78,771.00,771.78,0.63,0.39,0.32,1
624905.56,1287921.88,777.90,777.00,777.90,0.63,0.39,0.31,1
624997.81,1287921.88,780.03,779.00,780.03,0.62,0.36,0.29,1
625090.12,1287921.88,785.09,784.00,785.09,0.61,0.35,0.28,1
625182.38,1287921.88,789.10,788.00,789.10,0.61,0.35,0.28,1
625274.69,1287921.88,788.09,787.00,788.09,0.62,0.36,0.29,1
625366.94,1287921.88,781.07,780.05,781.07,0.58,0.32,0.25,1
625459.19,1287921.88,-9999.00,-9999.00,-9999.00,0.71,0.71,0.71,0
614385.88,1287829.50,-9999.00,-9999.00,-9999.00,0.71,0.71,0.71,0
614478.12,1287829.50,734.00,734.00,734.00,-0.49,-0.49,-0.49,0
614570.44,1287829.50,731.02,731.00,731.02,0.74,0.74,0.74,0
614662.69,1287829.50,733.05,733.00,733.05,0.73,0.59,0.48,1
614755.00,1287829.50,730.21,730.00,730.21,0.66,0.47,0.42,1
614847.25,1287829.50,730.57,730.00,730.57,0.64,0.41,0.35,1
614939.56,1287829.50,731.91,731.00,731.91,0.62,0.38,0.31,1
615031.81,1287829.50,738.05,737.00,738.05,0.62,0.36,0.29,1
615124.12,1287829.50,746.10,745.00,746.10,0.62,0.36,0.28,1
615216.38,1287829.50,756.12,755.00,756.12,0.61,0.35,0.27,1
615308.62,1287829.50,765.13,764.00,765.13,0.60,0.34,0.27,1
615400.94,1287829.50,775.13,774.00,775.13,0.60,0.34,0.26,1
615493.19,1287829.50,777.14,776.00,777.14,0.61,0.35,0.28,1
615585.50,1287829.50,765.14,764.00,765.14,0.63,0.37,0.29,1
615677.75,1287829.50,750.14,749.00,750.14,0.63,0.36,0.29,1
615770.06,1287829.50,749.15,748.00,749.15,0.61,0.35,0.28,1
615862.31,1287829.50,749.15,748.00,749.15,0.61,0.35,0.27,1
615954.62,1287829.50,750.15,749.00,750.15,0.61,0.35,0.28,1
616046.88,1287829.50,758.15,757.00,758.15,0.61,0.35,0.28,1
616139.12,1287829.50,771.15,770.00,771.15,0.61,0.35,0.27,1
616231.44,1287829.50,776.15,775.00,776.15,0.62,0.36,0.28,1
616323.69,1287829.50,774.15,773.00,774.15,0.63,0.37,0.30,1
616416.00,1287829.50,759.15,758.00,759.15,0.64,0.38,0.30,1
616508.25,1287829.50,752.15,751.00,752.15,0.62,0.36,0.28,1
616600.56,1287829.50,761.15,760.00,761.15,0.60,0.34,0.26,1
616692.81,1287829.50,772.15,771.00,772.15,0.60,0.34,0.26,1
616785.12,1287829.50,777.15,776.00,777.15,0.60,0.34,0.27,1
616877.38,1287829.50,777.15,776.00,777.15,0.60,0.34,0.27,1
616969.62,1287829.50,780.15,779.00,780.15,0.60,0.34,0.27,1
617061.94,1287829.50,788.15,787.00,788.15,0.60,0.34,0.26,1
617154.19,1287829.50,802.15,801.00,802.15,0.59,0.33,0.25,1
617246.50,1287829.50,824.15,823.00,824.15,0.59,0.33,0.25,1
617338.75,1287829.50,843.15,842.00,843.15,0.61,0.35,0.28,1
617431.06,1287829.50,852.15,851.00,852.15,0.62,0.36,0.29,1
617523.31,1287829.50,856.15,855.00,856.15,0.61,0.35,0.28,1
617615.62,1287829.50,870.15,869.00,870.15,0.60,0.34,0.27,1
617707.88,1287829.50,887.15,886.00,887.15,0.61,0.35,0.27,1
617800.12,1287829.50,900.15,899.00,900.15,0.63,0.37,0.29,1
617892.44,1287829.50,894.15,893.00,894.15,0.64,0.38,0.31,1
617984.69,1287829.50,872.14,871.00,872.14,0.64,0.38,0.30,1
618077.00,1287829.50,853.12,852.00,853.12,0.63,0.37,0.30,1
618169.25,1287829.50,841.10,840.00,841.10,0.63,0.37,0.30,1
618261.56,1287829.50,833.09,832.00,833.09,0.63,0.37,0.30,1
618353.81,1287829.50,825.10,824.00,825.10,0.63,0.38,0.30,1
618446.12,1287829.50,813.12,812.00,813.12,0.63,0.37,0.30,1
618538.38,1287829.50,802.14,801.00,802.14,0.63,0.37,0.29,1
618630.62,1287829.50,792.15,791.00,792.15,0.62,0.36,0.29,1
618722.94,1287829.50,785.15,784.00,785.15,0.62,0.36,0.28,1
618815.19,1287829.50,779.15,778.00,779.15,0.62,0.36,0.28,1
618907.50,1287829.50,773.15,772.00,773.15,0.62,0.36,0.29,1
618999.75,1287829.50,766.15,765.00,766.15,0.62,0.36,0.29,1
619092.06,1287829.50,757.15,756.00,757.15,0.62,0.36,0.29,1
619184.31,1287829.50,750.15,749.00,750.15,0.63,0.37,0.29,1
619276.62,1287829.50,746.14,745.00,746.14,0.63,0.36,0.29,1
619368.88,1287829.50,749.11,748.00,749.11,0.61,0.35,0.28,1
619461.19,1287829.50,755.10,754.00,755.10,0.60,0.34,0.27,1
619553.44,1287829.50,757.10,756.00,757.10,0.61,0.35,0.28,1
619645.69,1287829.50,757.11,756.00,757.11,0.62,0.36,0.29,1
619738.00,1287829.50,758.13,757.00,758.13,0.63,0.37,0.29,1
619830.25,1287829.50,762.13,761.00,762.13,0.63,0.37,0.29,1
619922.56,1287829.50,762.13,761.00,762.13,0.63,0.37,0.30,1
620014.81,1287829.50,758.14,757.00,758.14,0.64,0.38,0.30,1
620107.12,1287829.50,757.15,756.00,757.15,0.63,0.37,0.30,1
620199.38,1287829.50,761.15,760.00,761.15,0.63,0.37,0.29,1
620291.69,1287829.50,762.15,761.00,762.15,0.63,0.37,0.30,1
620383.94,1287829.50,759.14,758.00,759.14,0.64,0.38,0.30,1
620476.19,1287829.50,758.13,757.00,758.13,0.63,0.37,0.30,1
620568.50,1287829.50,761.13,760.00,761.13,0.64,0.38,0.30,1
620660.75,1287829.50,760.15,759.00,760.15,0.63,0.37,0.30,1
620753.06,1287829.50,761.15,760.00,761.15,0.63,0.37,0.29,1
620845.31,1287829.50,763.15,762.00,763.15,0.63,0.37,0.30,1
620937.62,1287829.50,761.15,760.00,761.15,0.64,0.38,0.31,1
621029.88,1287829.50,762.15,761.00,762.15,0.63,0.37,0.30,1
621122.19,1287829.50,769.15,768.00,769.15,0.63,0.37,0.29,1
621214.44,1287829.50,771.14,770.00,771.14,0.64,0.38,0.30,1
621306.69,1287829.50,764.12,763.00,764.12,0.65,0.39,0.31,1
621399.00,1287829.50,753.09,752.00,753.09,0.65,0.39,0.32,1
621491.25,1287829.50,744.07,743.00,744.07,0.64,0.39,0.31,1
621583.56,1287829.50,739.09,738.00,739.09,0.63,0.38,0.30,1
621675.81,1287829.50,738.14,737.00,738.14,0.63,0.37,0.29,1
621768.12,1287829.50,738.18,737.00,738.18,0.63,0.36,0.29,1
621860.38,1287829.50,737.19,736.00,737.19,0.63,0.36,0.29,1
621952.69,1287829.50,738.17,737.00,738.17,0.62,0.36,0.29,1
622044.94,1287829.50,738.15,737.00,738.15,0.63,0.37,0.29,1
622137.19,1287829.50,738.15,737.00,738.15,0.63,0.37,0.29,1
622229.50,1287829.50,741.15,740.00,741.15,0.63,0.37,0.30,1
622321.75,1287829.50,741.16,740.00,741.16,0.64,0.38,0.30,1
622414.06,1287829.50,738.16,737.00,738.16,0.63,0.37,0.29,1
622506.31,1287829.50,744.16,743.00,744.16,0.62,0.35,0.28,1
622598.62,1287829.50,753.16,752.00,753.16,0.61,0.35,0.28,1
622690.88,1287829.50,754.16,753.00,754.16,0.62,0.36,0.29,1
622783.19,1287829.50,753.16,752.00,753.16,0.62,0.36,0.29,1
622875.44,1287829.50,754.16,753.00,754.16,0.62,0.36,0.29,1
622967.69,1287829.50,760.16,759.00,760.16,0.62,0.36,0.28,1
623060.00,1287829.50,764.16,763.00,764.16,0.62,0.36,0.29,1
623152.25,1287829.50,765.16,764.00,765.16,0.64,0.37,0.30,1
623244.56,1287829.50,766.16,765.00,766.16,0.64,0.38,0.30,1
623336.81,1287829.50,770.16,769.00,770.16,0.64,0.37,0.30,1
623429.12,1287829.50,776.16,775.00,776.16,0.64,0.38,0.30,1
623521.38,1287829.50,775.16,774.00,775.16,0.64,0.38,0.31,1
623613.69,1287829.50,766.17,765.00,766.17,0.65,0.38,0.31,1
623705.94,1287829.50,754.17,753.00,754.17,0.64,0.38,0.31,1
623798.19,1287829.50,748.17,747.00,748.17,0.63,0.37,0.29,1
623890.50,1287829.50,753.17,752.00,753.17,0.61,0.35,0.28,1
623982.75,1287829.50,759.17,758.00,759.17,0.62,0.36,0.28,1
624075.06,1287829.50,763.17,762.00,763.17,0.62,0.36,0.29,1
624167.31,1287829.50,768.17,767.00,768.17,0.63,0.37,0.29,1
624259.62,1287829.50,772.17,771.00,772.17,0.64,0.37,0.30,1
624351.88,1287829.50,774.15,773.00,774.15,0.64,0.38,0.30,1
624444.19,1287829.50,772.14,771.00,772.14,0.65,0.39,0.31,1
624536.44,1287829.50,762.10,761.00,762.10,0.65,0.39,0.31,1
624628.69,1287829.50,761.00,760.00,761.00,0.62,0.37,0.30,1
624721.00,1287829.50,767.87,767.00,767.87,0.62,0.37,0.30,1
624813.25,1287829.50,775.82,775.00,775.82,0.62,0.38,0.31,1
624905.56,1287829.50,781.86,781.00,781.86,0.63,0.38,0.31,1
624997.81,1287829.50,776.98,776.00,776.98,0.63,0.38,0.31,1
625090.12,1287829.50,774.07,773.00,774.07,0.61,0.35,0.28,1
625182.38,1287829.50,777.10,776.00,777.10,0.61,0.35,0.27,1
625274.69,1287829.50,774.11,773.00,774.11,0.61,0.35,0.27,1
625366.94,1287829.50,776.66,775.64,776.66,0.58,0.32,0.25,1
625459.19,1287829.50,-9999.00,-9999.00,-9999.00,0.71,0.71,0.71,0
614385.88,1287737.25,-9999.00,-9999.00,-9999.00,0.71,0.71,0.71,0
614478.12,1287737.25,733.00,733.00,733.00,-0.49,-0.49,-0.49,0
614570.44,1287737.25,741.05,741.00,741.05,0.73,0.73,0.73,0
614662.69,1287737.25,743.08,743.00,743.08,0.74,0.60,0.49,1
614755.00,1287737.25,732.25,732.00,732.25,0.67,0.48,0.42,1
614847.25,1287737.25,731.56,731.00,731.56,0.64,0.42,0.35,1
614939.56,1287737.25,731.83,731.00,731.83,0.63,0.38,0.31,1
615031.81,1287737.25,736.99,736.00,736.99,0.62,0.36,0.29,1
615124.12,1287737.25,744.07,743.00,744.07,0.61,0.36,0.28,1
615216.38,1287737.25,749.12,748.00,749.12,0.61,0.35,0.27,1
615308.62,1287737.25,753.15,752.00,753.15,0.60,0.34,0.27,1
615400.94,1287737.25,758.17,757.00,758.17,0.60,0.34,0.26,1
615493.19,1287737.25,759.18,758.00,759.18,0.60,0.34,0.27,1
615585.50,1287737.25,752.19,751.00,752.19,0.62,0.35,0.28,1
615677.75,1287737.25,742.20,741.00,742.20,0.62,0.36,0.29,1
615770.06,1287737.25,741.21,740.00,741.21,0.62,0.36,0.28,1
615862.31,1287737.25,741.21,740.00,741.21,0.62,0.36,0.28,1
615954.62,1287737.25,745.21,744.00,745.21,0.62,0.35,0.28,1
616046.88,1287737.25,756.21,755.00,756.21,0.61,0.35,0.28,1
616139.12,1287737.25,765.22,764.00,765.22,0.61,0.35,0.27,1
616231.44,1287737.25,769.22,768.00,769.22,0.62,0.35,0.28,1
616323.69,1287737.25,770.22,769.00,770.22,0.63,0.36,0.29,1
616416.00,1287737.25,757.22,756.00,757.22,0.63,0.37,0.30,1
616508.25,1287737.25,748.22,747.00,748.22,0.63,0.36,0.29,1
616600.56,1287737.25,751.22,750.00,751.22,0.61,0.34,0.27,1
616692.81,1287737.25,756.22,755.00,756.22,0.60,0.34,0.26,1
616785.12,1287737.25,759.22,758.00,759.22,0.60,0.34,0.27,1
616877.38,1287737.25,759.22,758.00,759.22,0.60,0.33,0.26,1
616969.62,1287737.25,775.22,774.00,775.22,0.60,0.34,0.26,1
617061.94,1287737.25,788.22,787.00,788.22,0.61,0.35,0.27,1
617154.19,1287737.25,801.22,800.00,801.22,0.60,0.34,0.27,1
617246.50,1287737.25,821.22,820.00,821.22,0.59,0.33,0.25,1
617338.75,1287737.25,840.22,839.00,840.22,0.59,0.32,0.25,1
617431.06,1287737.25,850.22,849.00,850.22,0.59,0.33,0.25,1
617523.31,1287737.25,856.22,855.00,856.22,0.59,0.33,0.26,1
617615.62,1287737.25,875.21,874.00,875.21,0.59,0.33,0.25,1
617707.88,1287737.25,893.21,892.00,893.21,0.60,0.34,0.26,1
617800.12,1287737.25,904.21,903.00,904.21,0.62,0.36,0.28,1
617892.44,1287737.25,895.20,894.00,895.20,0.64,0.38,0.30,1
617984.69,1287737.25,866.19,865.00,866.19,0.64,0.38,0.31,1
618077.00,1287737.25,843.18,842.00,843.18,0.64,0.38,0.30,1
618169.25,1287737.25,832.16,831.00,832.16,0.63,0.37,0.29,1
618261.56,1287737.25,825.15,824.00,825.15,0.63,0.37,0.29,1
618353.81,1287737.25,817.16,816.00,817.16,0.63,0.37,0.29,1
618446.12,1287737.25,805.17,804.00,805.17,0.63,0.37,0.30,1
618538.38,1287737.25,791.18,790.00,791.18,0.63,0.37,0.30,1
618630.62,1287737.25,780.19,779.00,780.19,0.63,0.37,0.29,1
618722.94,1287737.25,771.20,770.00,771.20,0.62,0.36,0.29,1
618815.19,1287737.25,766.21,765.00,766.21,0.62,0.35,0.28,1
618907.50,1287737.25,763.21,762.00,763.21,0.62,0.36,0.28,1
618999.75,1287737.25,759.21,758.00,759.21,0.63,0.36,0.29,1
619092.06,1287737.25,751.21,750.00,751.21,0.63,0.37,0.29,1
619184.31,1287737.25,748.20,747.00,748.20,0.63,0.37,0.30,1
619276.62,1287737.25,745.19,744.00,745.19,0.64,0.37,0.30,1
619368.88,1287737.25,743.17,742.00,743.17,0.62,0.36,0.29,1
619461.19,1287737.25,744.16,743.00,744.16,0.61,0.35,0.28,1
619553.44,1287737.25,750.15,749.00,750.15,0.61,0.35,0.27,1
619645.69,1287737.25,756.16,755.00,756.16,0.61,0.35,0.28,1
619738.00,1287737.25,761.17,760.00,761.17,0.62,0.36,0.28,1
619830.25,1287737.25,765.17,764.00,765.17,0.62,0.36,0.29,1
619922.56,1287737.25,765.18,764.00,765.18,0.63,0.37,0.29,1
620014.81,1287737.25,763.18,762.00,763.18,0.63,0.37,0.30,1
620107.12,1287737.25,765.19,764.00,765.19,0.63,0.37,0.30,1
620199.38,1287737.25,767.19,766.00,767.19,0.63,0.37,0.30,1
620291.69,1287737.25,766.19,765.00,766.19,0.63,0.37,0.30,1
620383.94,1287737.25,764.19,763.00,764.19,0.63,0.37,0.29,1
620476.19,1287737.25,765.19,764.00,765.19,0.63,0.37,0.29,1
620568.50,1287737.25,770.19,769.00,770.19,0.63,0.37,0.29,1
620660.75,1287737.25,769.19,768.00,769.19,0.64,0.38,0.30,1
620753.06,1287737.25,765.19,764.00,765.19,0.64,0.37,0.30,1
620845.31,1287737.25,767.20,766.00,767.20,0.63,0.36,0.29,1
620937.62,1287737.25,772.20,771.00,772.20,0.63,0.37,0.29,1
621029.88,1287737.25,774.19,773.00,774.19,0.63,0.37,0.30,1
621122.19,1287737.25,778.19,777.00,778.19,0.63,0.37,0.29,1
621214.44,1287737.25,776.18,775.00,776.18,0.63,0.37,0.30,1
621306.69,1287737.25,768.16,767.00,768.16,0.64,0.38,0.30,1
621399.00,1287737.25,758.14,757.00,758.14,0.64,0.38,0.31,1
621491.25,1287737.25,747.13,746.00,747.13,0.64,0.38,0.30,1
621583.56,1287737.25,739.14,738.00,739.14,0.63,0.37,0.30,1
621675.81,1287737.25,737.16,736.00,737.16,0.63,0.37,0.29,1
621768.12,1287737.25,737.19,736.00,737.19,0.62,0.36,0.29,1
621860.38,1287737.25,737.20,736.00,737.20,0.63,0.36,0.29,1
621952.69,1287737.25,737.20,736.00,737.20,0.63,0.36,0.29,1
622044.94,1287737.25,737.20,736.00,737.20,0.62,0.36,0.28,1
622137.19,1287737.25,741.19,740.00,741.19,0.62,0.35,0.28,1
622229.50,1287737.25,752.19,751.00,752.19,0.62,0.36,0.29,1
622321.75,1287737.25,752.19,751.00,752.19,0.64,0.38,0.30,1
622414.06,1287737.25,744.19,743.00,744.19,0.64,0.38,0.30,1
622506.31,1287737.25,741.19,740.00,741.19,0.63,0.36,0.29,1
622598.62,1287737.25,743.19,742.00,743.19,0.61,0.35,0.28,1
622690.88,1287737.25,745.19,744.00,745.19,0.62,0.35,0.28,1
622783.19,1287737.25,747.19,746.00,747.19,0.61,0.35,0.28,1
622875.44,1287737.25,751.19,750.00,751.19,0.61,0.35,0.28,1
622967.69,1287737.25,755.19,754.00,755.19,0.61,0.35,0.27,1
623060.00,1287737.25,761.19,760.00,761.19,0.61,0.35,0.27,1
623152.25,1287737.25,770.19,769.00,770.19,0.62,0.35,0.28,1
623244.56,1287737.25,778.19,777.00,778.19,0.63,0.36,0.29,1
623336.81,1287737.25,783.19,782.00,783.19,0.63,0.37,0.30,1
623429.12,1287737.25,785.20,784.00,785.20,0.64,0.38,0.30,1
623521.38,1287737.25,781.20,780.00,781.20,0.64,0.38,0.31,1
623613.69,1287737.25,768.21,767.00,768.21,0.65,0.38,0.31,1
623705.94,1287737.25,754.22,753.00,754.22,0.64,0.38,0.30,1
623798.19,1287737.25,748.22,747.00,748.22,0.63,0.37,0.29,1
623890.50,1287737.25,747.23,746.00,747.23,0.62,0.35,0.28,1
623982.75,1287737.25,754.23,753.00,754.23,0.61,0.35,0.27,1
624075.06,1287737.25,761.23,760.00,761.23,0.61,0.35,0.27,1
624167.31,1287737.25,771.23,770.00,771.23,0.61,0.35,0.27,1
624259.62,1287737.25,781.23,780.00,781.23,0.63,0.36,0.29,1
624351.88,1287737.25,783.21,782.00,783.21,0.64,0.37,0.30,1
624444.19,1287737.25,781.19,780.00,781.19,0.64,0.38,0.31,1
624536.44,1287737.25,772.15,771.00,772.15,0.65,0.39,0.31,1
624628.69,1287737.25,760.08,759.00,760.08,0.63,0.38,0.30,1
624721.00,1287737.25,764.99,764.00,764.99,0.62,0.36,0.29,1
624813.25,1287737.25,772.96,772.00,772.96,0.62,0.37,0.29,1
624905.56,1287737.25,776.96,776.00,776.96,0.62,0.37,0.30,1
624997.81,1287737.25,774.01,773.00,774.01,0.63,0.38,0.30,1
625090.12,1287737.25,763.07,762.00,763.07,0.63,0.37,0.30,1
625182.38,1287737.25,763.11,762.00,763.11,0.62,0.36,0.28,1
625274.69,1287737.25,760.13,759.00,760.13,0.61,0.35,0.28,1
625366.94,1287737.25,770.47,769.47,770.47,0.58,0.32,0.25,1
625459.19,1287737.25,-9999.00,-9999.00,-9999.00,0.71,0.71,0.71,0
614385.88,1287645.00,-9999.00,-9999.00,-9999.00,0.71,0.71,0.71,0
614478.12,1287645.00,743.01,743.00,743.01,-0.49,-0.49,-0.49,0
614570.44,1287645.00,750.08,750.00,750.08,0.72,0.72,0.72,0
614662.69,1287645.00,745.12,745.00,745.12,0.67,0.50,0.46,1
614755.00,1287645.00,736.29,736.00,736.29,0.67,0.47,0.41,1
614847.25,1287645.00,734.57,734.00,734.57,0.64,0.42,0.35,1
614939.56,1287645.00,732.81,732.00,732.81,0.64,0.39,0.32,1
615031.81,1287645.00,732.97,732.00,732.97,0.62,0.37,0.30,1
615124.12,1287645.00,737.07,736.00,737.07,0.62,0.36,0.29,1
615216.38,1287645.00,737.14,736.00,737.14,0.61,0.35,0.28,1
615308.62,1287645.00,739.18,738.00,739.18,0.61,0.35,0.27,1
615400.94,1287645.00,742.22,741.00,742.22,0.61,0.34,0.27,1
615493.19,1287645.00,742.25,741.00,742.25,0.61,0.34,0.27,1
615585.50,1287645.00,739.27,738.00,739.27,0.62,0.35,0.28,1
615677.75,1287645.00,737.28,736.00,737.28,0.63,0.36,0.28,1
615770.06,1287645.00,740.29,739.00,740.29,0.63,0.36,0.29,1
615862.31,1287645.00,744.30,743.00,744.30,0.63,0.36,0.28,1
615954.62,1287645.00,753.30,752.00,753.30,0.62,0.36,0.28,1
616046.88,1287645.00,762.31,761.00,762.31,0.63,0.36,0.28,1
616139.12,1287645.00,763.31,762.00,763.31,0.62,0.35,0.28,1
616231.44,1287645.00,766.31,765.00,766.31,0.62,0.35,0.27,1
616323.69,1287645.00,765.32,764.00,765.32,0.62,0.36,0.28,1
616416.00,1287645.00,753.32,752.00,753.32,0.63,0.36,0.28,1
616508.25,1287645.00,745.32,744.00,745.32,0.63,0.36,0.28,1
616600.56,1287645.00,745.32,744.00,745.32,0.62,0.35,0.27,1
616692.81,1287645.00,748.32,747.00,748.32,0.62,0.35,0.27,1
616785.12,1287645.00,751.32,750.00,751.32,0.62,0.35,0.27,1
616877.38,1287645.00,754.32,753.00,754.32,0.61,0.34,0.26,1
616969.62,1287645.00,779.32,778.00,779.32,0.60,0.33,0.26,1
617061.94,1287645.00,795.32,794.00,795.32,0.61,0.34,0.27,1
617154.19,1287645.00,807.32,806.00,807.32,0.61,0.34,0.27,1
617246.50,1287645.00,817.31,816.00,817.31,0.61,0.34,0.26,1
617338.75,1287645.00,820.31,819.00,820.31,0.59,0.33,0.25,1
617431.06,1287645.00,823.31,822.00,823.31,0.58,0.31,0.24,1
617523.31,1287645.00,837.31,836.00,837.31,0.57,0.30,0.23,1
617615.62,1287645.00,861.30,860.00,861.30,0.56,0.30,0.22,1
617707.88,1287645.00,882.30,881.00,882.30,0.58,0.31,0.24,1
617800.12,1287645.00,892.29,891.00,892.29,0.60,0.34,0.26,1
617892.44,1287645.00,882.28,881.00,882.28,0.62,0.35,0.28,1
617984.69,1287645.00,858.26,857.00,858.26,0.63,0.37,0.29,1
618077.00,1287645.00,840.25,839.00,840.25,0.63,0.37,0.29,1
618169.25,1287645.00,825.24,824.00,825.24,0.63,0.36,0.29,1
618261.56,1287645.00,820.24,819.00,820.24,0.63,0.36,0.29,1
618353.81,1287645.00,812.24,811.00,812.24,0.63,0.37,0.29,1
618446.12,1287645.00,800.24,799.00,800.24,0.63,0.37,0.29,1
618538.38,1287645.00,789.25,788.00,789.25,0.64,0.37,0.29,1
618630.62,1287645.00,780.26,779.00,780.26,0.64,0.37,0.30,1
618722.94,1287645.00,769.27,768.00,769.27,0.64,0.37,0.30,1
618815.19,1287645.00,760.28,759.00,760.28,0.63,0.37,0.29,1
618907.50,1287645.00,756.28,755.00,756.28,0.63,0.36,0.28,1
618999.75,1287645.00,756.29,755.00,756.29,0.63,0.36,0.28,1
619092.06,1287645.00,756.28,755.00,756.28,0.63,0.37,0.29,1
619184.31,1287645.00,757.28,756.00,757.28,0.64,0.37,0.29,1
619276.62,1287645.00,754.27,753.00,754.27,0.64,0.37,0.30,1
619368.88,1287645.00,745.26,744.00,745.26,0.64,0.37,0.30,1
619461.19,1287645.00,742.24,741.00,742.24,0.62,0.36,0.28,1
619553.44,1287645.00,746.24,745.00,746.24,0.61,0.35,0.27,1
619645.69,1287645.00,752.23,751.00,752.23,0.61,0.35,0.27,1
619738.00,1287645.00,756.23,755.00,756.23,0.61,0.35,0.27,1
619830.25,1287645.00,761.23,760.00,761.23,0.61,0.35,0.27,1
619922.56,1287645.00,765.24,764.00,765.24,0.62,0.35,0.28,1
620014.81,1287645.00,768.24,767.00,768.24,0.62,0.36,0.28,1
620107.12,1287645.00,773.25,772.00,773.25,0.62,0.36,0.28,1
620199.38,1287645.00,775.25,774.00,775.25,0.63,0.37,0.29,1
620291.69,1287645.00,769.26,768.00,769.26,0.63,0.36,0.29,1
620383.94,1287645.00,764.26,763.00,764.26,0.62,0.36,0.28,1
620476.19,1287645.00,767.26,766.00,767.26,0.62,0.35,0.27,1
620568.50,1287645.00,775.26,774.00,775.26,0.62,0.35,0.27,1
620660.75,1287645.00,780.26,779.00,780.26,0.63,0.36,0.29,1
620753.06,1287645.00,776.26,775.00,776.26,0.64,0.37,0.30,1
620845.31,1287645.00,772.26,771.00,772.26,0.63,0.36,0.29,1
620937.62,1287645.00,776.25,775.00,776.25,0.62,0.35,0.28,1
621029.88,1287645.00,780.25,779.00,780.25,0.62,0.36,0.28,1
621122.19,1287645.00,779.24,778.00,779.24,0.62,0.36,0.28,1
621214.44,1287645.00,774.23,773.00,774.23,0.63,0.36,0.29,1
621306.69,1287645.00,764.22,763.00,764.22,0.63,0.37,0.29,1
621399.00,1287645.00,753.21,752.00,753.21,0.63,0.37,0.29,1
621491.25,1287645.00,743.20,742.00,743.20,0.63,0.37,0.29,1
621583.56,1287645.00,739.20,738.00,739.20,0.63,0.37,0.29,1
621675.81,1287645.00,737.21,736.00,737.21,0.63,0.37,0.29,1
621768.12,1287645.00,736.22,735.00,736.22,0.63,0.36,0.29,1
621860.38,1287645.00,737.23,736.00,737.23,0.62,0.36,0.28,1
621952.69,1287645.00,737.24,736.00,737.24,0.62,0.36,0.28,1
622044.94,1287645.00,736.25,735.00,736.25,0.62,0.36,0.28,1
622137.19,1287645.00,739.25,738.00,739.25,0.61,0.35,0.27,1
622229.50,1287645.00,750.24,749.00,750.24,0.61,0.34,0.27,1
622321.75,1287645.00,756.24,755.00,756.24,0.63,0.36,0.29,1
622414.06,1287645.00,750.24,749.00,750.24,0.64,0.38,0.30,1
622506.31,1287645.00,742.24,741.00,742.24,0.64,0.37,0.29,1
622598.62,1287645.00,740.24,739.00,740.24,0.63,0.36,0.29,1
622690.88,1287645.00,743.24,742.00,743.24,0.63,0.36,0.29,1
622783.19,1287645.00,743.24,742.00,743.24,0.63,0.36,0.29,1
622875.44,1287645.00,745.24,744.00,745.24,0.62,0.36,0.28,1
622967.69,1287645.00,749.24,748.00,749.24,0.61,0.35,0.27,1
623060.00,1287645.00,757.24,756.00,757.24,0.61,0.34,0.27,1
623152.25,1287645.00,771.24,770.00,771.24,0.60,0.34,0.26,1
623244.56,1287645.00,782.24,781.00,782.24,0.61,0.34,0.27,1
623336.81,1287645.00,791.24,790.00,791.24,0.62,0.35,0.28,1
623429.12,1287645.00,794.25,793.00,794.25,0.63,0.37,0.29,1
623521.38,1287645.00,786.26,785.00,786.26,0.65,0.38,0.30,1
623613.69,1287645.00,771.28,770.00,771.28,0.65,0.38,0.31,1
623705.94,1287645.00,758.29,757.00,758.29,0.65,0.38,0.30,1
623798.19,1287645.00,753.30,752.00,753.30,0.64,0.37,0.30,1
623890.50,1287645.00,750.31,749.00,750.31,0.63,0.36,0.29,1
623982.75,1287645.00,753.31,752.00,753.31,0.62,0.35,0.27,1
624075.06,1287645.00,760.31,759.00,760.31,0.61,0.35,0.27,1
624167.31,1287645.00,771.31,770.00,771.31,0.61,0.34,0.26,1
624259.62,1287645.00,786.31,785.00,786.31,0.61,0.35,0.27,1
624351.88,1287645.00,793.30,792.00,793.30,0.63,0.36,0.29,1
624444.19,1287645.00,789.27,788.00,789.27,0.64,0.38,0.30,1
624536.44,1287645.00,778.24,777.00,778.24,0.65,0.39,0.31,1
624628.69,1287645.00,763.18,762.00,763.18,0.64,0.38,0.30,1
624721.00,1287645.00,765.13,764.00,765.13,0.62,0.36,0.29,1
624813.25,1287645.00,773.09,772.00,773.09,0.62,0.36,0.29,1
624905.56,1287645.00,774.07,773.00,774.07,0.63,0.37,0.30,1
624997.81,1287645.00,767.07,766.00,767.07,0.64,0.38,0.30,1
625090.12,1287645.00,761.09,760.00,761.09,0.64,0.38,0.31,1
625182.38,1287645.00,760.12,759.00,760.12,0.63,0.38,0.30,1
625274.69,1287645.00,760.13,759.00,760.13,0.63,0.37,0.30,1
625366.94,1287645.00,764.28,763.29,764.28,0.58,0.32,0.25,1
625459.19,1287645.00,-9999.00,-9999.00,-9999.00,0.71,0.71,0.71,0
614385.88,1287552.75,-9999.00,-9999.00,-9999.00,0.71,0.71,0.71,0
614478.12,1287552.75,753.05,753.00,753.05,-0.49,-0.49,-0.49,0
614570.44,1287552.75,749.14,749.00,749.14,0.67,0.50,0.45,1
614662.69,1287552.75,740.17,740.00,740.17,0.65,0.48,0.43,1
614755.00,1287552.75,739.35,739.00,739.35,0.65,0.44,0.39,1
614847.25,1287552.75,734.60,734.00,734.60,0.64,0.41,0.35,1
614939.56,1287552.75,733.81,733.00,733.81,0.63,0.39,0.32,1
615031.81,1287552.75,731.96,731.00,731.96,0.63,0.38,0.31,1
615124.12,1287552.75,733.08,732.00,733.08,0.62,0.37,0.29,1
615216.38,1287552.75,732.16,731.00,732.16,0.62,0.36,0.29,1
615308.62,1287552.75,732.23,731.00,732.23,0.62,0.35,0.28,1
615400.94,1287552.75,733.28,732.00,733.28,0.62,0.35,0.27,1
615493.19,1287552.75,734.32,733.00,734.32,0.62,0.35,0.28,1
615585.50,1287552.75,736.35,735.00,736.35,0.62,0.35,0.28,1
615677.75,1287552.75,745.37,744.00,745.37,0.62,0.35,0.28,1
615770.06,1287552.75,756.38,755.00,756.38,0.63,0.36,0.28,1
615862.31,1287552.75,760.39,759.00,760.39,0.63,0.36,0.28,1
615954.62,1287552.75,764.39,763.00,764.39,0.63,0.35,0.28,1
616046.88,1287552.75,769.40,768.00,769.40,0.63,0.36,0.28,1
616139.12,1287552.75,764.40,763.00,764.40,0.63,0.35,0.28,1
616231.44,1287552.75,762.41,761.00,762.41,0.62,0.35,0.27,1
616323.69,1287552.75,758.41,757.00,758.41,0.62,0.35,0.27,1
616416.00,1287552.75,747.41,746.00,747.41,0.63,0.35,0.28,1
616508.25,1287552.75,743.42,742.00,743.42,0.62,0.35,0.27,1
616600.56,1287552.75,744.42,743.00,744.42,0.62,0.35,0.27,1
616692.81,1287552.75,749.42,748.00,749.42,0.62,0.35,0.27,1
616785.12,1287552.75,753.42,752.00,753.42,0.63,0.35,0.28,1
616877.38,1287552.75,759.42,758.00,759.42,0.61,0.34,0.26,1
616969.62,1287552.75,786.42,785.00,786.42,0.61,0.33,0.26,1
617061.94,1287552.75,800.42,799.00,800.42,0.61,0.34,0.27,1
617154.19,1287552.75,803.41,802.00,803.41,0.61,0.34,0.26,1
617246.50,1287552.75,805.41,804.00,805.41,0.60,0.33,0.25,1
617338.75,1287552.75,802.41,801.00,802.41,0.60,0.33,0.25,1
617431.06,1287552.75,803.41,802.00,803.41,0.59,0.32,0.24,1
617523.31,1287552.75,817.40,816.00,817.40,0.58,0.31,0.23,1
617615.62,1287552.75,835.40,834.00,835.40,0.57,0.29,0.22,1
617707.88,1287552.75,859.39,858.00,859.39,0.57,0.30,0.22,1
617800.12,1287552.75,874.38,873.00,874.38,0.60,0.33,0.25,1
617892.44,1287552.75,859.36,858.00,859.36,0.62,0.35,0.27,1
617984.69,1287552.75,842.35,841.00,842.35,0.62,0.35,0.27,1
618077.00,1287552.75,828.34,827.00,828.34,0.62,0.35,0.27,1
618169.25,1287552.75,816.34,815.00,816.34,0.62,0.35,0.28,1
618261.56,1287552.75,813.33,812.00,813.33,0.62,0.35,0.27,1
618353.81,1287552.75,806.33,805.00,806.33,0.63,0.36,0.28,1
618446.12,1287552.75,795.33,794.00,795.33,0.63,0.36,0.29,1
618538.38,1287552.75,788.34,787.00,788.34,0.64,0.37,0.29,1
618630.62,1287552.75,781.35,780.00,781.35,0.64,0.37,0.30,1
618722.94,1287552.75,772.36,771.00,772.36,0.64,0.37,0.30,1
618815.19,1287552.75,765.36,764.00,765.36,0.64,0.37,0.29,1
618907.50,1287552.75,762.37,761.00,762.37,0.64,0.37,0.29,1
618999.75,1287552.75,762.37,761.00,762.37,0.63,0.36,0.28,1
619092.06,1287552.75,766.36,765.00,766.36,0.63,0.36,0.28,1
619184.31,1287552.75,767.36,766.00,767.36,0.63,0.36,0.29,1
619276.62,1287552.75,760.35,759.00,760.35,0.64,0.37,0.29,1
619368.88,1287552.75,749.34,748.00,749.34,0.64,0.37,0.29,1
619461.19,1287552.75,742.32,741.00,742.32,0.63,0.36,0.29,1
619553.44,1287552.75,742.30,741.00,742.30,0.62,0.35,0.28,1
619645.69,1287552.75,745.29,744.00,745.29,0.62,0.35,0.27,1
619738.00,1287552.75,750.29,749.00,750.29,0.62,0.35,0.27,1
619830.25,1287552.75,754.29,753.00,754.29,0.61,0.35,0.27,1
619922.56,1287552.75,759.29,758.00,759.29,0.61,0.35,0.27,1
620014.81,1287552.75,764.29,763.00,764.29,0.61,0.35,0.27,1
620107.12,1287552.75,771.29,770.00,771.29,0.62,0.35,0.27,1
620199.38,1287552.75,770.30,769.00,770.30,0.62,0.36,0.28,1
620291.69,1287552.75,762.31,761.00,762.31,0.62,0.36,0.28,1
620383.94,1287552.75,758.31,757.00,758.31,0.62,0.35,0.27,1
620476.19,1287552.75,761.31,760.00,761.31,0.61,0.34,0.26,1
620568.50,1287552.75,770.32,769.00,770.32,0.61,0.34,0.26,1
620660.75,1287552.75,778.32,777.00,778.32,0.62,0.35,0.27,1
620753.06,1287552.75,778.32,777.00,778.32,0.63,0.36,0.28,1
620845.31,1287552.75,774.32,773.00,774.32,0.63,0.36,0.28,1
620937.62,1287552.75,772.31,771.00,772.31,0.62,0.35,0.27,1
621029.88,1287552.75,773.31,772.00,773.31,0.61,0.35,0.27,1
621122.19,1287552.75,771.30,770.00,771.30,0.62,0.35,0.27,1
621214.44,1287552.75,766.29,765.00,766.29,0.62,0.35,0.28,1
621306.69,1287552.75,758.28,757.00,758.28,0.63,0.36,0.28,1
621399.00,1287552.75,747.28,746.00,747.28,0.63,0.36,0.29,1
621491.25,1287552.75,741.27,740.00,741.27,0.63,0.37,0.29,1
621583.56,1287552.75,742.27,741.00,742.27,0.63,0.37,0.29,1
621675.81,1287552.75,743.27,742.00,743.27,0.64,0.37,0.30,1
621768.12,1287552.75,739.27,738.00,739.27,0.64,0.37,0.29,1
621860.38,1287552.75,736.28,735.00,736.28,0.63,0.36,0.29,1
621952.69,1287552.75,735.29,734.00,735.29,0.63,0.36,0.28,1
622044.94,1287552.75,735.30,734.00,735.30,0.62,0.36,0.28,1
622137.19,1287552.75,738.30,737.00,738.30,0.62,0.35,0.27,1
622229.50,1287552.75,746.31,745.00,746.31,0.61,0.34,0.27,1
622321.75,1287552.75,755.31,754.00,755.31,0.62,0.35,0.28,1
622414.06,1287552.75,753.31,752.00,753.31,0.63,0.37,0.29,1
622506.31,1287552.75,747.31,746.00,747.31,0.64,0.37,0.29,1
622598.62,1287552.75,744.30,743.00,744.30,0.63,0.36,0.29,1
622690.88,1287552.75,750.30,749.00,750.30,0.63,0.36,0.29,1
622783.19,1287552.75,752.30,751.00,752.30,0.64,0.37,0.29,1
622875.44,1287552.75,751.30,750.00,751.30,0.64,0.37,0.29,1
622967.69,1287552.75,751.30,750.00,751.30,0.63,0.36,0.28,1
623060.00,1287552.75,755.30,754.00,755.30,0.61,0.35,0.27,1
623152.25,1287552.75,766.30,765.00,766.30,0.61,0.34,0.26,1
623244.56,1287552.75,774.30,773.00,774.30,0.60,0.34,0.26,1
623336.81,1287552.75,784.31,783.00,784.31,0.60,0.34,0.26,1
623429.12,1287552.75,793.32,792.00,793.32,0.62,0.35,0.27,1
623521.38,1287552.75,792.33,791.00,792.33,0.64,0.37,0.29,1
623613.69,1287552.75,781.35,780.00,781.35,0.65,0.38,0.30,1
623705.94,1287552.75,771.37,770.00,771.37,0.65,0.38,0.30,1
623798.19,1287552.75,763.38,762.00,763.38,0.64,0.37,0.29,1
623890.50,1287552.75,756.39,755.00,756.39,0.63,0.36,0.29,1
623982.75,1287552.75,755.40,754.00,755.40,0.63,0.36,0.28,1
624075.06,1287552.75,762.39,761.00,762.39,0.62,0.35,0.27,1
624167.31,1287552.75,772.39,771.00,772.39,0.61,0.34,0.26,1
624259.62,1287552.75,786.39,785.00,786.39,0.61,0.34,0.26,1
624351.88,1287552.75,797.38,796.00,797.38,0.62,0.35,0.28,1
624444.19,1287552.75,796.36,795.00,796.36,0.64,0.37,0.29,1
624536.44,1287552.75,786.33,785.00,786.33,0.65,0.38,0.30,1
624628.69,1287552.75,772.28,771.00,772.28,0.64,0.38,0.30,1
624721.00,1287552.75,766.23,765.00,766.23,0.63,0.36,0.29,1
624813.25,1287552.75,771.18,770.00,771.18,0.62,0.36,0.28,1
624905.56,1287552.75,772.15,771.00,772.15,0.63,0.37,0.29,1
624997.81,1287552.75,772.13,771.00,772.13,0.64,0.38,0.30,1
625090.12,1287552.75,774.12,773.00,774.12,0.64,0.38,0.31,1
625182.38,1287552.75,773.12,772.00,773.12,0.64,0.38,0.31,1
625274.69,1287552.75,772.12,771.00,772.12,0.65,0.39,0.31,1
625366.94,1287552.75,761.17,760.19,761.17,0.57,0.32,0.25,1
625459.19,1287552.75,-9999.00,-9999.00,-9999.00,0.71,0.71,0.71,0
614385.88,1287460.38,-9999.00,-9999.00,-9999.00,0.71,0.71,0.71,0
614478.12,1287460.38,756.24,756.00,756.24,0.11,-0.08,-0.14,1
614570.44,1287460.38,746.34,746.00,746.34,0.65,0.45,0.39,1
614662.69,1287460.38,738.28,738.00,738.28,0.65,0.45,0.40,1
614755.00,1287460.38,736.45,736.00,736.45,0.64,0.42,0.36,1
614847.25,1287460.38,731.66,731.00,731.66,0.63,0.40,0.33,1
614939.56,1287460.38,732.83,732.00,732.83,0.63,0.38,0.31,1
615031.81,1287460.38,733.97,733.00,733.97,0.63,0.38,0.31,1
615124.12,1287460.38,732.10,731.00,732.10,0.63,0.37,0.30,1
615216.38,1287460.38,731.19,730.00,731.19,0.63,0.36,0.29,1
615308.62,1287460.38,731.27,730.00,731.27,0.62,0.36,0.28,1
615400.94,1287460.38,732.33,731.00,732.33,0.62,0.35,0.28,1
615493.19,1287460.38,739.38,738.00,739.38,0.62,0.35,0.28,1
615585.50,1287460.38,746.41,745.00,746.41,0.62,0.35,0.27,1
615677.75,1287460.38,759.43,758.00,759.43,0.62,0.35,0.27,1
615770.06,1287460.38,769.45,768.00,769.45,0.62,0.35,0.27,1
615862.31,1287460.38,769.46,768.00,769.46,0.63,0.35,0.28,1
615954.62,1287460.38,766.46,765.00,766.46,0.62,0.35,0.27,1
616046.88,1287460.38,767.47,766.00,767.47,0.62,0.35,0.27,1
616139.12,1287460.38,761.48,760.00,761.48,0.63,0.35,0.27,1
616231.44,1287460.38,753.48,752.00,753.48,0.62,0.35,0.27,1
616323.69,1287460.38,747.48,746.00,747.48,0.62,0.34,0.26,1
616416.00,1287460.38,742.48,741.00,742.48,0.62,0.35,0.27,1
616508.25,1287460.38,743.49,742.00,743.49,0.62,0.35,0.27,1
616600.56,1287460.38,749.49,748.00,749.49,0.62,0.35,0.27,1
616692.81,1287460.38,760.49,759.00,760.49,0.62,0.35,0.27,1
616785.12,1287460.38,767.49,766.00,767.49,0.63,0.35,0.27,1
616877.38,1287460.38,776.49,775.00,776.49,0.62,0.34,0.26,1
616969.62,1287460.38,798.49,797.00,798.49,0.62,0.34,0.26,1
617061.94,1287460.38,799.49,798.00,799.49,0.63,0.35,0.27,1
617154.19,1287460.38,788.49,787.00,788.49,0.62,0.34,0.26,1
617246.50,1287460.38,784.49,783.00,784.49,0.60,0.33,0.25,1
617338.75,1287460.38,786.48,785.00,786.48,0.60,0.33,0.25,1
617431.06,1287460.38,792.48,791.00,792.48,0.60,0.33,0.25,1
617523.31,1287460.38,802.48,801.00,802.48,0.59,0.31,0.23,1
617615.62,1287460.38,817.47,816.00,817.47,0.57,0.30,0.22,1
617707.88,1287460.38,840.46,839.00,840.46,0.57,0.30,0.22,1
617800.12,1287460.38,855.45,854.00,855.45,0.59,0.31,0.24,1
617892.44,1287460.38,844.43,843.00,844.43,0.61,0.34,0.26,1
617984.69,1287460.38,826.42,825.00,826.42,0.62,0.35,0.27,1
618077.00,1287460.38,813.42,812.00,813.42,0.62,0.35,0.27,1
618169.25,1287460.38,807.41,806.00,807.41,0.62,0.34,0.27,1
618261.56,1287460.38,802.41,801.00,802.41,0.61,0.34,0.26,1
618353.81,1287460.38,798.41,797.00,798.41,0.62,0.35,0.27,1
618446.12,1287460.38,796.41,795.00,796.41,0.63,0.35,0.28,1
618538.38,1287460.38,795.41,794.00,795.41,0.63,0.36,0.28,1
618630.62,1287460.38,793.42,792.00,793.42,0.64,0.37,0.29,1
618722.94,1287460.38,784.43,783.00,784.43,0.64,0.37,0.29,1
618815.19,1287460.38,778.43,777.00,778.43,0.64,0.37,0.29,1
618907.50,1287460.38,774.43,773.00,774.43,0.64,0.36,0.29,1
618999.75,1287460.38,771.43,770.00,771.43,0.63,0.36,0.28,1
619092.06,1287460.38,770.43,769.00,770.43,0.62,0.35,0.27,1
619184.31,1287460.38,767.42,766.00,767.42,0.62,0.35,0.27,1
619276.62,1287460.38,759.41,758.00,759.41,0.63,0.36,0.28,1
619368.88,1287460.38,752.39,751.00,752.39,0.63,0.36,0.29,1
619461.19,1287460.38,744.37,743.00,744.37,0.63,0.36,0.28,1
619553.44,1287460.38,742.35,741.00,742.35,0.62,0.35,0.28,1
619645.69,1287460.38,747.34,746.00,747.34,0.62,0.35,0.27,1
619738.00,1287460.38,752.33,751.00,752.33,0.62,0.35,0.28,1
619830.25,1287460.38,754.33,753.00,754.33,0.62,0.35,0.28,1
619922.56,1287460.38,758.33,757.00,758.33,0.62,0.35,0.27,1
620014.81,1287460.38,764.33,763.00,764.33,0.62,0.35,0.28,1
620107.12,1287460.38,768.33,767.00,768.33,0.63,0.36,0.28,1
620199.38,1287460.38,765.33,764.00,765.33,0.63,0.36,0.28,1
620291.69,1287460.38,758.34,757.00,758.34,0.63,0.36,0.28,1
620383.94,1287460.38,753.35,752.00,753.35,0.62,0.35,0.28,1
620476.19,1287460.38,756.36,755.00,756.36,0.61,0.34,0.27,1
620568.50,1287460.38,765.36,764.00,765.36,0.61,0.34,0.26,1
620660.75,1287460.38,774.36,773.00,774.36,0.61,0.34,0.27,1
620753.06,1287460.38,774.36,773.00,774.36,0.62,0.35,0.27,1
620845.31,1287460.38,769.36,768.00,769.36,0.62,0.35,0.28,1
620937.62,1287460.38,766.36,765.00,766.36,0.62,0.35,0.27,1
621029.88,1287460.38,764.36,763.00,764.36,0.62,0.35,0.27,1
621122.19,1287460.38,760.35,759.00,760.35,0.62,0.35,0.27,1
621214.44,1287460.38,757.34,756.00,757.34,0.62,0.35,0.27,1
621306.69,1287460.38,750.33,749.00,750.33,0.62,0.36,0.28,1
621399.00,1287460.38,744.33,743.00,744.33,0.63,0.36,0.28,1
621491.25,1287460.38,748.33,747.00,748.33,0.63,0.36,0.28,1
621583.56,1287460.38,755.33,754.00,755.33,0.63,0.37,0.29,1
621675.81,1287460.38,755.33,754.00,755.33,0.64,0.37,0.30,1
621768.12,1287460.38,748.33,747.00,748.33,0.64,0.37,0.30,1
621860.38,1287460.38,740.33,739.00,740.33,0.64,0.37,0.29,1
621952.69,1287460.38,737.34,736.00,737.34,0.63,0.36,0.28,1
622044.94,1287460.38,736.35,735.00,736.35,0.63,0.36,0.28,1
622137.19,1287460.38,738.36,737.00,738.36,0.62,0.35,0.27,1
622229.50,1287460.38,745.36,744.00,745.36,0.61,0.34,0.26,1
622321.75,1287460.38,756.36,755.00,756.36,0.62,0.35,0.27,1
622414.06,1287460.38,757.36,756.00,757.36,0.63,0.36,0.28,1
622506.31,1287460.38,752.36,751.00,752.36,0.63,0.36,0.29,1
622598.62,1287460.38,754.36,753.00,754.36,0.63,0.36,0.28,1
622690.88,1287460.38,762.36,761.00,762.36,0.63,0.36,0.28,1
622783.19,1287460.38,766.36,765.00,766.36,0.64,0.37,0.29,1
622875.44,1287460.38,762.35,761.00,762.35,0.64,0.37,0.30,1
622967.69,1287460.38,757.35,756.00,757.35,0.64,0.37,0.29,1
623060.00,1287460.38,756.35,755.00,756.35,0.63,0.36,0.28,1
623152.25,1287460.38,761.35,760.00,761.35,0.62,0.35,0.27,1
623244.56,1287460.38,769.36,768.00,769.36,0.62,0.35,0.27,1
623336.81,1287460.38,779.37,778.00,779.37,0.62,0.35,0.27,1
623429.12,1287460.38,789.38,788.00,789.38,0.62,0.35,0.27,1
623521.38,1287460.38,792.40,791.00,792.40,0.63,0.36,0.28,1
623613.69,1287460.38,788.42,787.00,788.42,0.64,0.37,0.29,1
623705.94,1287460.38,781.44,780.00,781.44,0.64,0.37,0.29,1
623798.19,1287460.38,768.45,767.00,768.45,0.64,0.36,0.29,1
623890.50,1287460.38,761.46,760.00,761.46,0.63,0.36,0.28,1
623982.75,1287460.38,765.46,764.00,765.46,0.63,0.35,0.28,1
624075.06,1287460.38,771.46,770.00,771.46,0.62,0.35,0.27,1
624167.31,1287460.38,776.46,775.00,776.46,0.61,0.34,0.26,1
624259.62,1287460.38,790.45,789.00,790.45,0.61,0.33,0.26,1
624351.88,1287460.38,802.44,801.00,802.44,0.62,0.35,0.27,1
624444.19,1287460.38,800.42,799.00,800.42,0.63,0.36,0.28,1
624536.44,1287460.38,790.39,789.00,790.39,0.64,0.37,0.29,1
624628.69,1287460.38,774.36,773.00,774.36,0.64,0.37,0.29,1
624721.00,1287460.38,767.31,766.00,767.31,0.63,0.36,0.29,1
624813.25,1287460.38,772.26,771.00,772.26,0.62,0.36,0.28,1
624905.56,1287460.38,780.20,779.00,780.20,0.62,0.36,0.28,1
624997.81,1287460.38,787.16,786.00,787.16,0.63,0.37,0.30,1
625090.12,1287460.38,787.13,786.00,787.13,0.64,0.38,0.30,1
625182.38,1287460.38,784.12,783.00,784.12,0.64,0.38,0.31,1
625274.69,1287460.38,777.11,776.00,777.11,0.64,0.39,0.31,1
625366.94,1287460.38,761.15,760.17,761.15,0.57,0.32,0.25,1
625459.19,1287460.38,-9999.00,-9999.00,-9999.00,0.71,0.71,0.71,0
614385.88,1287368.12,-9999.00,-9999.00,-9999.00,0.71,0.71,0.71,0
614478.12,1287368.12,752.64,752.00,752.64,0.23,0.00,-0.06,1
614570.44,1287368.12,742.73,742.00,742.73,0.64,0.40,0.33,1
614662.69,1287368.12,734.56,734.00,734.56,0.64,0.42,0.35,1
614755.00,1287368.12,731.65,731.00,731.65,0.64,0.40,0.34,1
614847.25,1287368.12,729.76,729.00,729.76,0.64,0.40,0.33,1
614939.56,1287368.12,731.88,731.00,731.88,0.63,0.38,0.31,1
615031.81,1287368.12,733.00,732.00,733.00,0.63,0.37,0.30,1
615124.12,1287368.12,731.12,730.00,731.12,0.63,0.37,0.29,1
615216.38,1287368.12,732.23,731.00,732.23,0.63,0.36,0.29,1
615308.62,1287368.12,732.31,731.00,732.31,0.62,0.36,0.28,1
615400.94,1287368.12,737.37,736.00,737.37,0.62,0.35,0.27,1
615493.19,1287368.12,749.42,748.00,749.42,0.62,0.35,0.27,1
615585.50,1287368.12,755.46,754.00,755.46,0.62,0.35,0.27,1
615677.75,1287368.12,763.48,762.00,763.48,0.62,0.34,0.26,1
615770.06,1287368.12,767.50,766.00,767.50,0.62,0.34,0.26,1
615862.31,1287368.12,765.51,764.00,765.51,0.62,0.34,0.26,1
615954.62,1287368.12,762.52,761.00,762.52,0.62,0.34,0.26,1
616046.88,1287368.12,763.53,762.00,763.53,0.62,0.34,0.26,1
616139.12,1287368.12,756.53,755.00,756.53,0.62,0.35,0.27,1
616231.44,1287368.12,744.53,743.00,744.53,0.62,0.35,0.27,1
616323.69,1287368.12,740.53,739.00,740.53,0.62,0.34,0.27,1
616416.00,1287368.12,742.54,741.00,742.54,0.62,0.35,0.27,1
616508.25,1287368.12,751.54,750.00,751.54,0.62,0.34,0.26,1
616600.56,1287368.12,764.54,763.00,764.54,0.62,0.34,0.27,1
616692.81,1287368.12,774.54,773.00,774.54,0.62,0.35,0.27,1
616785.12,1287368.12,780.54,779.00,780.54,0.62,0.35,0.27,1
616877.38,1287368.12,785.54,784.00,785.54,0.61,0.33,0.25,1
616969.62,1287368.12,803.54,802.00,803.54,0.61,0.33,0.25,1
617061.94,1287368.12,796.54,795.00,796.54,0.63,0.35,0.27,1
617154.19,1287368.12,778.54,777.00,778.54,0.63,0.35,0.27,1
617246.50,1287368.12,768.54,767.00,768.54,0.61,0.33,0.25,1
617338.75,1287368.12,776.54,775.00,776.54,0.60,0.33,0.25,1
617431.06,1287368.12,784.54,783.00,784.54,0.60,0.33,0.25,1
617523.31,1287368.12,786.53,785.00,786.53,0.60,0.32,0.24,1
617615.62,1287368.12,798.53,797.00,798.53,0.58,0.31,0.23,1
617707.88,1287368.12,817.52,816.00,817.52,0.58,0.30,0.22,1
617800.12,1287368.12,825.50,824.00,825.50,0.58,0.31,0.23,1
617892.44,1287368.12,820.49,819.00,820.49,0.60,0.33,0.25,1
617984.69,1287368.12,810.48,809.00,810.48,0.61,0.34,0.26,1
618077.00,1287368.12,803.47,802.00,803.47,0.62,0.34,0.27,1
618169.25,1287368.12,795.47,794.00,795.47,0.62,0.35,0.27,1
618261.56,1287368.12,790.47,789.00,790.47,0.62,0.34,0.26,1
618353.81,1287368.12,792.47,791.00,792.47,0.62,0.34,0.26,1
618446.12,1287368.12,795.47,794.00,795.47,0.62,0.35,0.27,1
618538.38,1287368.12,796.47,795.00,796.47,0.62,0.35,0.27,1
618630.62,1287368.12,796.47,795.00,796.47,0.62,0.35,0.27,1
618722.94,1287368.12,794.48,793.00,794.48,0.63,0.35,0.28,1
618815.19,1287368.12,788.48,787.00,788.48,0.63,0.36,0.28,1
618907.50,1287368.12,777.48,776.00,777.48,0.63,0.36,0.28,1
618999.75,1287368.12,768.48,767.00,768.48,0.62,0.35,0.27,1
619092.06,1287368.12,762.48,761.00,762.48,0.62,0.35,0.27,1
619184.31,1287368.12,758.47,757.00,758.47,0.62,0.34,0.27,1
619276.62,1287368.12,755.45,754.00,755.45,0.62,0.35,0.27,1
619368.88,1287368.12,752.43,751.00,752.43,0.63,0.35,0.27,1
619461.19,1287368.12,746.41,745.00,746.41,0.63,0.36,0.28,1
619553.44,1287368.12,744.39,743.00,744.39,0.63,0.36,0.28,1
619645.69,1287368.12,747.37,746.00,747.37,0.63,0.36,0.28,1
619738.00,1287368.12,751.36,750.00,751.36,0.62,0.35,0.28,1
619830.25,1287368.12,757.36,756.00,757.36,0.62,0.35,0.28,1
619922.56,1287368.12,763.36,762.00,763.36,0.62,0.35,0.28,1
620014.81,1287368.12,770.35,769.00,770.35,0.62,0.35,0.28,1
620107.12,1287368.12,774.36,773.00,774.36,0.63,0.36,0.28,1
620199.38,1287368.12,769.36,768.00,769.36,0.64,0.37,0.29,1
620291.69,1287368.12,759.37,758.00,759.37,0.63,0.36,0.29,1
620383.94,1287368.12,753.38,752.00,753.38,0.63,0.36,0.28,1
620476.19,1287368.12,755.39,754.00,755.39,0.62,0.34,0.27,1
620568.50,1287368.12,763.39,762.00,763.39,0.61,0.34,0.26,1
620660.75,1287368.12,769.39,768.00,769.39,0.61,0.34,0.26,1
620753.06,1287368.12,769.39,768.00,769.39,0.62,0.35,0.27,1
620845.31,1287368.12,765.39,764.00,765.39,0.62,0.35,0.27,1
620937.62,1287368.12,761.39,760.00,761.39,0.62,0.35,0.27,1
621029.88,1287368.12,757.39,756.00,757.39,0.62,0.35,0.27,1
621122.19,1287368.12,753.39,752.00,753.39,0.62,0.35,0.28,1
621214.44,1287368.12,750.38,749.00,750.38,0.62,0.35,0.28,1
621306.69,1287368.12,747.37,746.00,747.37,0.63,0.36,0.28,1
621399.00,1287368.12,748.37,747.00,748.37,0.62,0.35,0.28,1
621491.25,1287368.12,758.37,757.00,758.37,0.62,0.35,0.27,1
621583.56,1287368.12,766.37,765.00,766.37,0.62,0.35,0.28,1
621675.81,1287368.12,764.37,763.00,764.37,0.63,0.36,0.28,1
621768.12,1287368.12,755.37,754.00,755.37,0.64,0.37,0.29,1
621860.38,1287368.12,744.38,743.00,744.38,0.63,0.36,0.29,1
621952.69,1287368.12,738.39,737.00,738.39,0.63,0.36,0.28,1
622044.94,1287368.12,738.39,737.00,738.39,0.62,0.35,0.28,1
622137.19,1287368.12,738.40,737.00,738.40,0.62,0.35,0.27,1
622229.50,1287368.12,745.40,744.00,745.40,0.61,0.34,0.26,1
622321.75,1287368.12,758.40,757.00,758.40,0.61,0.34,0.26,1
622414.06,1287368.12,761.40,760.00,761.40,0.62,0.35,0.27,1
622506.31,1287368.12,761.40,760.00,761.40,0.63,0.36,0.28,1
622598.62,1287368.12,764.40,763.00,764.40,0.63,0.36,0.28,1
622690.88,1287368.12,771.40,770.00,771.40,0.63,0.36,0.28,1
622783.19,1287368.12,778.40,777.00,778.40,0.63,0.36,0.28,1
622875.44,1287368.12,778.40,777.00,778.40,0.64,0.37,0.30,1
622967.69,1287368.12,774.40,773.00,774.40,0.65,0.37,0.30,1
623060.00,1287368.12,771.40,770.00,771.40,0.64,0.37,0.29,1
623152.25,1287368.12,775.40,774.00,775.40,0.63,0.35,0.28,1
623244.56,1287368.12,785.41,784.00,785.41,0.62,0.34,0.27,1
623336.81,1287368.12,795.42,794.00,795.42,0.62,0.34,0.27,1
623429.12,1287368.12,804.43,803.00,804.43,0.62,0.35,0.27,1
623521.38,1287368.12,806.45,805.00,806.45,0.64,0.37,0.29,1
623613.69,1287368.12,799.47,798.00,799.47,0.65,0.37,0.29,1
623705.94,1287368.12,786.49,785.00,786.49,0.65,0.37,0.29,1
623798.19,1287368.12,770.50,769.00,770.50,0.64,0.36,0.28,1
623890.50,1287368.12,764.51,763.00,764.51,0.63,0.35,0.27,1
623982.75,1287368.12,774.51,773.00,774.51,0.62,0.35,0.27,1
624075.06,1287368.12,778.51,777.00,778.51,0.63,0.35,0.28,1
624167.31,1287368.12,779.51,778.00,779.51,0.62,0.35,0.27,1
624259.62,1287368.12,789.50,788.00,789.50,0.61,0.34,0.26,1
624351.88,1287368.12,800.49,799.00,800.49,0.62,0.34,0.26,1
624444.19,1287368.12,802.47,801.00,802.47,0.63,0.35,0.28,1
624536.44,1287368.12,790.44,789.00,790.44,0.64,0.36,0.28,1
624628.69,1287368.12,776.41,775.00,776.41,0.64,0.36,0.29,1
624721.00,1287368.12,776.37,775.00,776.37,0.63,0.36,0.29,1
624813.25,1287368.12,779.31,778.00,779.31,0.63,0.36,0.29,1
624905.56,1287368.12,781.25,780.00,781.25,0.62,0.36,0.28,1
624997.81,1287368.12,789.19,788.00,789.19,0.62,0.36,0.28,1
625090.12,1287368.12,789.14,788.00,789.14,0.63,0.37,0.29,1
625182.38,1287368.12,784.12,783.00,784.12,0.63,0.37,0.30,1
625274.69,1287368.12,776.10,775.00,776.10,0.63,0.38,0.30,1
625366.94,1287368.12,761.13,760.15,761.13,0.57,0.32,0.25,1
625459.19,1287368.12,-9999.00,-9999.00,-9999.00,0.71,0.71,0.71,0
614385.88,1287275.88,-9999.00,-9999.00,-9999.00,0.71,0.71,0.71,0
614478.12,1287275.88,747.98,747.00,747.98,0.30,0.05,-0.03,1
614570.44,1287275.88,738.05,737.00,738.05,0.63,0.38,0.30,1
614662.69,1287275.88,732.90,732.00,732.90,0.63,0.38,0.31,1
614755.00,1287275.88,731.87,731.00,731.87,0.64,0.39,0.32,1
614847.25,1287275.88,736.89,736.00,736.89,0.64,0.39,0.32,1
614939.56,1287275.88,737.94,737.00,737.94,0.65,0.39,0.32,1
615031.81,1287275.88,732.03,731.00,732.03,0.63,0.38,0.31,1
615124.12,1287275.88,731.15,730.00,731.15,0.63,0.37,0.29,1
615216.38,1287275.88,733.25,732.00,733.25,0.62,0.36,0.28,1
615308.62,1287275.88,734.34,733.00,734.34,0.62,0.35,0.28,1
615400.94,1287275.88,741.40,740.00,741.40,0.61,0.34,0.27,1
615493.19,1287275.88,749.45,748.00,749.45,0.61,0.34,0.26,1
615585.50,1287275.88,755.49,754.00,755.49,0.61,0.34,0.26,1
615677.75,1287275.88,761.52,760.00,761.52,0.61,0.34,0.26,1
615770.06,1287275.88,760.54,759.00,760.54,0.61,0.34,0.26,1
615862.31,1287275.88,757.55,756.00,757.55,0.62,0.34,0.26,1
615954.62,1287275.88,756.56,755.00,756.56,0.61,0.34,0.26,1
616046.88,1287275.88,757.56,756.00,757.56,0.61,0.34,0.26,1
616139.12,1287275.88,749.57,748.00,749.57,0.62,0.34,0.26,1
616231.44,1287275.88,740.57,739.00,740.57,0.63,0.35,0.27,1
616323.69,1287275.88,743.57,742.00,743.57,0.62,0.35,0.27,1
616416.00,1287275.88,752.57,751.00,752.57,0.62,0.34,0.26,1
616508.25,1287275.88,761.57,760.00,761.57,0.62,0.34,0.26,1
616600.56,1287275.88,775.57,774.00,775.57,0.62,0.34,0.26,1
616692.81,1287275.88,781.57,780.00,781.57,0.62,0.34,0.26,1
616785.12,1287275.88,780.57,779.00,780.57,0.62,0.34,0.26,1
616877.38,1287275.88,775.58,774.00,775.58,0.60,0.32,0.24,1
616969.62,1287275.88,790.58,789.00,790.58,0.60,0.32,0.24,1
617061.94,1287275.88,787.58,786.00,787.58,0.62,0.34,0.26,1
617154.19,1287275.88,773.58,772.00,773.58,0.63,0.35,0.27,1
617246.50,1287275.88,762.58,761.00,762.58,0.62,0.34,0.26,1
617338.75,1287275.88,768.58,767.00,768.58,0.61,0.33,0.25,1
617431.06,1287275.88,774.58,773.00,774.58,0.61,0.33,0.25,1
617523.31,1287275.88,774.57,773.00,774.57,0.60,0.33,0.25,1
617615.62,1287275.88,784.57,783.00,784.57,0.60,0.32,0.24,1
617707.88,1287275.88,797.56,796.00,797.56,0.59,0.32,0.24,1
617800.12,1287275.88,801.55,800.00,801.55,0.60,0.32,0.24,1
617892.44,1287275.88,801.53,800.00,801.53,0.61,0.33,0.25,1
617984.69,1287275.88,796.52,795.00,796.52,0.61,0.34,0.26,1
618077.00,1287275.88,793.52,792.00,793.52,0.62,0.34,0.26,1
618169.25,1287275.88,790.51,789.00,790.51,0.62,0.34,0.27,1
618261.56,1287275.88,787.51,786.00,787.51,0.62,0.35,0.27,1
618353.81,1287275.88,791.51,790.00,791.51,0.62,0.35,0.27,1
618446.12,1287275.88,795.51,794.00,795.51,0.63,0.35,0.27,1
618538.38,1287275.88,791.51,790.00,791.51,0.62,0.35,0.27,1
618630.62,1287275.88,786.51,785.00,786.51,0.62,0.34,0.26,1
618722.94,1287275.88,786.52,785.00,786.52,0.61,0.34,0.26,1
618815.19,1287275.88,781.52,780.00,781.52,0.62,0.34,0.27,1
618907.50,1287275.88,770.52,769.00,770.52,0.63,0.35,0.27,1
618999.75,1287275.88,759.51,758.00,759.51,0.62,0.35,0.27,1
619092.06,1287275.88,755.51,754.00,755.51,0.62,0.35,0.27,1
619184.31,1287275.88,752.50,751.00,752.50,0.62,0.35,0.27,1
619276.62,1287275.88,748.48,747.00,748.48,0.62,0.35,0.27,1
619368.88,1287275.88,747.46,746.00,747.46,0.62,0.35,0.27,1
619461.19,1287275.88,746.44,745.00,746.44,0.62,0.35,0.27,1
619553.44,1287275.88,752.41,751.00,752.41,0.63,0.35,0.28,1
619645.69,1287275.88,758.40,757.00,758.40,0.63,0.36,0.28,1
619738.00,1287275.88,760.38,759.00,760.38,0.63,0.36,0.28,1
619830.25,1287275.88,768.38,767.00,768.38,0.63,0.36,0.29,1
619922.56,1287275.88,772.37,771.00,772.37,0.63,0.36,0.29,1
620014.81,1287275.88,774.37,773.00,774.37,0.62,0.35,0.28,1
620107.12,1287275.88,778.37,777.00,778.37,0.62,0.35,0.28,1
620199.38,1287275.88,772.38,771.00,772.38,0.63,0.36,0.29,1
620291.69,1287275.88,760.38,759.00,760.38,0.64,0.36,0.29,1
620383.94,1287275.88,753.39,752.00,753.39,0.63,0.36,0.28,1
620476.19,1287275.88,752.41,751.00,752.41,0.62,0.35,0.27,1
620568.50,1287275.88,756.41,755.00,756.41,0.61,0.34,0.26,1
620660.75,1287275.88,759.42,758.00,759.42,0.61,0.34,0.26,1
620753.06,1287275.88,761.42,760.00,761.42,0.61,0.34,0.26,1
620845.31,1287275.88,759.42,758.00,759.42,0.61,0.34,0.27,1
620937.62,1287275.88,757.42,756.00,757.42,0.62,0.35,0.27,1
621029.88,1287275.88,754.42,753.00,754.42,0.62,0.35,0.27,1
621122.19,1287275.88,753.42,752.00,753.42,0.62,0.35,0.27,1
621214.44,1287275.88,753.41,752.00,753.41,0.63,0.35,0.28,1
621306.69,1287275.88,754.41,753.00,754.41,0.63,0.35,0.28,1
621399.00,1287275.88,757.40,756.00,757.40,0.62,0.35,0.27,1
621491.25,1287275.88,761.40,760.00,761.40,0.62,0.35,0.27,1
621583.56,1287275.88,759.40,758.00,759.40,0.62,0.35,0.27,1
621675.81,1287275.88,754.40,753.00,754.40,0.62,0.35,0.27,1
621768.12,1287275.88,749.41,748.00,749.41,0.62,0.35,0.27,1
621860.38,1287275.88,742.41,741.00,742.41,0.63,0.35,0.28,1
621952.69,1287275.88,737.42,736.00,737.42,0.63,0.35,0.28,1
622044.94,1287275.88,737.42,736.00,737.42,0.62,0.35,0.27,1
622137.19,1287275.88,738.43,737.00,738.43,0.62,0.35,0.27,1
622229.50,1287275.88,741.43,740.00,741.43,0.61,0.34,0.26,1
622321.75,1287275.88,751.43,750.00,751.43,0.60,0.33,0.25,1
622414.06,1287275.88,761.43,760.00,761.43,0.61,0.34,0.26,1
622506.31,1287275.88,769.43,768.00,769.43,0.62,0.35,0.27,1
622598.62,1287275.88,778.43,777.00,778.43,0.63,0.35,0.28,1
622690.88,1287275.88,785.43,784.00,785.43,0.63,0.36,0.28,1
622783.19,1287275.88,792.43,791.00,792.43,0.63,0.35,0.28,1
622875.44,1287275.88,796.43,795.00,796.43,0.63,0.36,0.28,1
622967.69,1287275.88,793.43,792.00,793.43,0.63,0.36,0.28,1
623060.00,1287275.88,787.44,786.00,787.44,0.63,0.36,0.28,1
623152.25,1287275.88,780.45,779.00,780.45,0.62,0.35,0.27,1
623244.56,1287275.88,780.45,779.00,780.45,0.61,0.33,0.25,1
623336.81,1287275.88,789.46,788.00,789.46,0.60,0.33,0.25,1
623429.12,1287275.88,803.48,802.00,803.48,0.60,0.33,0.25,1
623521.38,1287275.88,815.49,814.00,815.49,0.62,0.34,0.26,1
623613.69,1287275.88,811.51,810.00,811.51,0.64,0.36,0.28,1
623705.94,1287275.88,796.52,795.00,796.52,0.64,0.37,0.29,1
623798.19,1287275.88,776.54,775.00,776.54,0.64,0.36,0.28,1
623890.50,1287275.88,773.55,772.00,773.55,0.63,0.35,0.27,1
623982.75,1287275.88,785.55,784.00,785.55,0.63,0.35,0.27,1
624075.06,1287275.88,789.54,788.00,789.54,0.63,0.36,0.28,1
624167.31,1287275.88,789.54,788.00,789.54,0.63,0.36,0.28,1
624259.62,1287275.88,794.53,793.00,794.53,0.63,0.35,0.27,1
624351.88,1287275.88,803.52,802.00,803.52,0.62,0.35,0.27,1
624444.19,1287275.88,801.51,800.00,801.51,0.63,0.36,0.28,1
624536.44,1287275.88,787.48,786.00,787.48,0.64,0.36,0.28,1
624628.69,1287275.88,782.45,781.00,782.45,0.63,0.36,0.28,1
624721.00,1287275.88,788.41,787.00,788.41,0.63,0.36,0.28,1
624813.25,1287275.88,788.35,787.00,788.35,0.63,0.36,0.29,1
624905.56,1287275.88,785.28,784.00,785.28,0.63,0.36,0.29,1
624997.81,1287275.88,786.21,785.00,786.21,0.62,0.35,0.28,1
625090.12,1287275.88,784.15,783.00,784.15,0.62,0.36,0.28,1
625182.38,1287275.88,776.11,775.00,776.11,0.62,0.36,0.29,1
625274.69,1287275.88,767.09,766.00,767.09,0.63,0.37,0.29,1
625366.94,1287275.88,764.92,763.93,764.92,0.58,0.32,0.25,1
625459.19,1287275.88,-9999.00,-9999.00,-9999.00,0.71,0.71,0.71,0
614385.88,1287183.62,-9999.00,-9999.00,-9999.00,0.71,0.71,0.71,0
614478.12,1287183.62,741.08,740.00,741.08,0.31,0.06,-0.02,1
614570.44,1287183.62,734.09,733.00,734.09,0.63,0.37,0.30,1
614662.69,1287183.62,733.03,732.00,733.03,0.62,0.37,0.30,1
614755.00,1287183.62,742.96,742.00,742.96,0.63,0.38,0.31,1
614847.25,1287183.62,750.96,750.00,750.96,0.64,0.39,0.32,1
614939.56,1287183.62,748.99,748.00,748.99,0.65,0.40,0.32,1
615031.81,1287183.62,734.06,733.00,734.06,0.64,0.38,0.31,1
615124.12,1287183.62,731.17,730.00,731.17,0.63,0.36,0.29,1
615216.38,1287183.62,732.28,731.00,732.28,0.62,0.36,0.28,1
615308.62,1287183.62,735.36,734.00,735.36,0.62,0.35,0.27,1
615400.94,1287183.62,739.43,738.00,739.43,0.61,0.34,0.26,1
615493.19,1287183.62,743.48,742.00,743.48,0.61,0.34,0.26,1
615585.50,1287183.62,748.52,747.00,748.52,0.61,0.33,0.25,1
615677.75,1287183.62,752.55,751.00,752.55,0.61,0.33,0.25,1
615770.06,1287183.62,751.57,750.00,751.57,0.61,0.34,0.26,1
615862.31,1287183.62,751.58,750.00,751.58,0.62,0.34,0.26,1
615954.62,1287183.62,748.59,747.00,748.59,0.62,0.34,0.26,1
616046.88,1287183.62,745.59,744.00,745.59,0.61,0.34,0.26,1
616139.12,1287183.62,740.59,739.00,740.59,0.62,0.34,0.26,1
616231.44,1287183.62,744.60,743.00,744.60,0.62,0.34,0.26,1
616323.69,1287183.62,755.60,754.00,755.60,0.62,0.34,0.27,1
616416.00,1287183.62,762.60,761.00,762.60,0.62,0.34,0.26,1
616508.25,1287183.62,769.60,768.00,769.60,0.62,0.34,0.26,1
616600.56,1287183.62,777.59,776.00,777.59,0.61,0.33,0.25,1
616692.81,1287183.62,779.60,778.00,779.60,0.62,0.34,0.26,1
616785.12,1287183.62,773.60,772.00,773.60,0.62,0.35,0.27,1
616877.38,1287183.62,761.60,760.00,761.60,0.61,0.33,0.25,1
616969.62,1287183.62,776.61,775.00,776.61,0.60,0.32,0.24,1
617061.94,1287183.62,778.61,777.00,778.61,0.61,0.33,0.25,1
617154.19,1287183.62,771.61,770.00,771.61,0.63,0.35,0.27,1
617246.50,1287183.62,761.61,760.00,761.61,0.62,0.34,0.27,1
617338.75,1287183.62,762.61,761.00,762.61,0.61,0.33,0.25,1
617431.06,1287183.62,765.61,764.00,765.61,0.61,0.33,0.25,1
617523.31,1287183.62,766.60,765.00,766.60,0.61,0.33,0.25,1
617615.62,1287183.62,778.60,777.00,778.60,0.61,0.33,0.25,1
617707.88,1287183.62,788.59,787.00,788.59,0.61,0.33,0.25,1
617800.12,1287183.62,793.58,792.00,793.58,0.61,0.34,0.26,1
617892.44,1287183.62,793.56,792.00,793.56,0.62,0.34,0.26,1
617984.69,1287183.62,789.55,788.00,789.55,0.62,0.34,0.26,1
618077.00,1287183.62,787.55,786.00,787.55,0.62,0.34,0.26,1
618169.25,1287183.62,786.54,785.00,786.54,0.62,0.34,0.26,1
618261.56,1287183.62,788.54,787.00,788.54,0.62,0.34,0.26,1
618353.81,1287183.62,797.54,796.00,797.54,0.62,0.34,0.26,1
618446.12,1287183.62,799.54,798.00,799.54,0.63,0.35,0.27,1
618538.38,1287183.62,791.54,790.00,791.54,0.63,0.35,0.27,1
618630.62,1287183.62,781.54,780.00,781.54,0.63,0.35,0.27,1
618722.94,1287183.62,775.54,774.00,775.54,0.62,0.34,0.26,1
618815.19,1287183.62,770.54,769.00,770.54,0.62,0.34,0.26,1
618907.50,1287183.62,763.54,762.00,763.54,0.62,0.35,0.27,1
618999.75,1287183.62,758.54,757.00,758.54,0.62,0.35,0.27,1
619092.06,1287183.62,757.53,756.00,757.53,0.62,0.35,0.27,1
619184.31,1287183.62,754.52,753.00,754.52,0.63,0.35,0.27,1
619276.62,1287183.62,746.50,745.00,746.50,0.63,0.35,0.27,1
619368.88,1287183.62,745.48,744.00,745.48,0.62,0.35,0.27,1
619461.19,1287183.62,752.45,751.00,752.45,0.62,0.35,0.27,1
619553.44,1287183.62,762.43,761.00,762.43,0.62,0.35,0.27,1
619645.69,1287183.62,772.41,771.00,772.41,0.63,0.36,0.28,1
619738.00,1287183.62,780.40,779.00,780.40,0.63,0.36,0.29,1
619830.25,1287183.62,788.39,787.00,788.39,0.64,0.37,0.29,1
619922.56,1287183.62,786.39,785.00,786.39,0.65,0.38,0.30,1
620014.81,1287183.62,776.39,775.00,776.39,0.63,0.36,0.29,1
620107.12,1287183.62,771.39,770.00,771.39,0.62,0.35,0.27,1
620199.38,1287183.62,768.39,767.00,768.39,0.62,0.35,0.27,1
620291.69,1287183.62,761.40,760.00,761.40,0.63,0.36,0.28,1
620383.94,1287183.62,754.41,753.00,754.41,0.63,0.36,0.28,1
620476.19,1287183.62,752.42,751.00,752.42,0.63,0.36,0.28,1
620568.50,1287183.62,751.43,750.00,751.43,0.62,0.35,0.27,1
620660.75,1287183.62,750.44,749.00,750.44,0.62,0.34,0.27,1
620753.06,1287183.62,749.44,748.00,749.44,0.61,0.34,0.26,1
620845.31,1287183.62,748.44,747.00,748.44,0.61,0.34,0.26,1
620937.62,1287183.62,748.44,747.00,748.44,0.61,0.34,0.26,1
621029.88,1287183.62,747.44,746.00,747.44,0.62,0.34,0.26,1
621122.19,1287183.62,750.44,749.00,750.44,0.61,0.34,0.26,1
621214.44,1287183.62,754.43,753.00,754.43,0.62,0.34,0.27,1
621306.69,1287183.62,755.43,754.00,755.43,0.62,0.35,0.27,1
621399.00,1287183.62,756.43,755.00,756.43,0.62,0.34,0.27,1
621491.25,1287183.62,757.43,756.00,757.43,0.62,0.34,0.27,1
621583.56,1287183.62,752.43,751.00,752.43,0.62,0.35,0.27,1
621675.81,1287183.62,745.43,744.00,745.43,0.62,0.35,0.27,1
621768.12,1287183.62,742.43,741.00,742.43,0.62,0.35,0.27,1
621860.38,1287183.62,738.44,737.00,738.44,0.62,0.35,0.27,1
621952.69,1287183.62,737.45,736.00,737.45,0.62,0.35,0.27,1
622044.94,1287183.62,738.45,737.00,738.45,0.62,0.35,0.27,1
622137.19,1287183.62,737.45,736.00,737.45,0.62,0.35,0.27,1
622229.50,1287183.62,738.46,737.00,738.46,0.62,0.34,0.26,1
622321.75,1287183.62,745.46,744.00,745.46,0.60,0.33,0.25,1
622414.06,1287183.62,759.46,758.00,759.46,0.60,0.33,0.25,1
622506.31,1287183.62,775.46,774.00,775.46,0.61,0.33,0.25,1
622598.62,1287183.62,789.46,788.00,789.46,0.61,0.34,0.26,1
622690.88,1287183.62,798.46,797.00,798.46,0.62,0.35,0.27,1
622783.19,1287183.62,796.46,795.00,796.46,0.62,0.35,0.27,1
622875.44,1287183.62,790.46,789.00,790.46,0.62,0.34,0.26,1
622967.69,1287183.62,781.47,780.00,781.47,0.61,0.34,0.26,1
623060.00,1287183.62,771.48,770.00,771.48,0.61,0.34,0.26,1
623152.25,1287183.62,765.48,764.00,765.48,0.61,0.34,0.26,1
623244.56,1287183.62,767.49,766.00,767.49,0.60,0.33,0.25,1
623336.81,1287183.62,780.50,779.00,780.50,0.60,0.32,0.24,1
623429.12,1287183.62,794.51,793.00,794.51,0.59,0.32,0.24,1
623521.38,1287183.62,804.53,803.00,804.53,0.60,0.32,0.24,1
623613.69,1287183.62,805.54,804.00,805.54,0.61,0.34,0.26,1
623705.94,1287183.62,793.56,792.00,793.56,0.62,0.35,0.27,1
623798.19,1287183.62,777.56,776.00,777.56,0.62,0.35,0.27,1
623890.50,1287183.62,783.57,782.00,783.57,0.61,0.34,0.26,1
623982.75,1287183.62,801.57,800.00,801.57,0.62,0.34,0.26,1
624075.06,1287183.62,805.57,804.00,805.57,0.63,0.35,0.27,1
624167.31,1287183.62,809.57,808.00,809.57,0.63,0.36,0.28,1
624259.62,1287183.62,812.56,811.00,812.56,0.63,0.36,0.28,1
624351.88,1287183.62,813.55,812.00,813.55,0.63,0.36,0.28,1
624444.19,1287183.62,804.53,803.00,804.53,0.63,0.36,0.28,1
624536.44,1287183.62,794.51,793.00,794.51,0.64,0.36,0.28,1
624628.69,1287183.62,793.48,792.00,793.48,0.63,0.36,0.28,1
624721.00,1287183.62,795.44,794.00,795.44,0.63,0.36,0.28,1
624813.25,1287183.62,790.39,789.00,790.39,0.63,0.36,0.28,1
624905.56,1287183.62,784.32,783.00,784.32,0.63,0.36,0.28,1
624997.81,1287183.62,776.24,775.00,776.24,0.62,0.36,0.28,1
625090.12,1287183.62,767.16,766.00,767.16,0.62,0.36,0.29,1
625182.38,1287183.62,764.11,763.00,764.11,0.63,0.37,0.30,1
625274.69,1287183.62,764.08,763.00,764.08,0.63,0.37,0.30,1
625366.94,1287183.62,772.50,771.49,772.50,0.58,0.32,0.25,1
625459.19,1287183.62,-9999.00,-9999.00,-9999.00,0.71,0.71,0.71,0
614385.88,1287091.38,-9999.00,-9999.00,-9999.00,0.71,0.71,0.71,0
614478.12,1287091.38,738.04,737.00,738.04,0.31,0.05,-0.02,1
614570.44,1287091.38,733.95,733.00,733.95,0.63,0.38,0.31,1
614662.69,1287091.38,737.01,736.00,737.01,0.62,0.37,0.29,1
614755.00,1287091.38,753.98,753.00,753.98,0.62,0.37,0.30,1
614847.25,1287091.38,758.99,758.00,758.99,0.63,0.38,0.31,1
614939.56,1287091.38,751.03,750.00,751.03,0.64,0.39,0.31,1
615031.81,1287091.38,734.10,733.00,734.10,0.64,0.38,0.31,1
615124.12,1287091.38,730.20,729.00,730.20,0.63,0.36,0.29,1
615216.38,1287091.38,733.31,732.00,733.31,0.62,0.36,0.28,1
615308.62,1287091.38,733.39,732.00,733.39,0.62,0.35,0.27,1
615400.94,1287091.38,735.45,734.00,735.45,0.62,0.34,0.26,1
615493.19,1287091.38,738.50,737.00,738.50,0.62,0.34,0.26,1
615585.50,1287091.38,740.54,739.00,740.54,0.61,0.34,0.26,1
615677.75,1287091.38,742.57,741.00,742.57,0.61,0.33,0.25,1
615770.06,1287091.38,746.59,745.00,746.59,0.61,0.33,0.25,1
615862.31,1287091.38,747.60,746.00,747.60,0.62,0.34,0.26,1
615954.62,1287091.38,741.61,740.00,741.61,0.62,0.34,0.26,1
616046.88,1287091.38,736.61,735.00,736.61,0.62,0.34,0.26,1
616139.12,1287091.38,739.61,738.00,739.61,0.62,0.34,0.26,1
616231.44,1287091.38,754.61,753.00,754.61,0.61,0.34,0.26,1
616323.69,1287091.38,767.61,766.00,767.61,0.62,0.34,0.26,1
616416.00,1287091.38,770.61,769.00,770.61,0.62,0.35,0.27,1
616508.25,1287091.38,770.61,769.00,770.61,0.62,0.34,0.26,1
616600.56,1287091.38,770.61,769.00,770.61,0.61,0.33,0.25,1
616692.81,1287091.38,774.61,773.00,774.61,0.62,0.34,0.26,1
616785.12,1287091.38,770.62,769.00,770.62,0.63,0.35,0.27,1
616877.38,1287091.38,760.62,759.00,760.62,0.63,0.35,0.27,1
616969.62,1287091.38,764.62,763.00,764.62,0.60,0.32,0.24,1
617061.94,1287091.38,768.62,767.00,768.62,0.61,0.33,0.25,1
617154.19,1287091.38,766.62,765.00,766.62,0.62,0.34,0.26,1
617246.50,1287091.38,758.62,757.00,758.62,0.62,0.34,0.26,1
617338.75,1287091.38,754.62,753.00,754.62,0.62,0.34,0.26,1
617431.06,1287091.38,756.62,755.00,756.62,0.61,0.33,0.25,1
617523.31,1287091.38,762.62,761.00,762.62,0.60,0.33,0.25,1
617615.62,1287091.38,781.62,780.00,781.62,0.61,0.33,0.25,1
617707.88,1287091.38,790.61,789.00,790.61,0.62,0.34,0.26,1
617800.12,1287091.38,791.60,790.00,791.60,0.62,0.34,0.26,1
617892.44,1287091.38,787.59,786.00,787.59,0.62,0.34,0.26,1
617984.69,1287091.38,782.58,781.00,782.58,0.62,0.34,0.26,1
618077.00,1287091.38,780.57,779.00,780.57,0.61,0.34,0.26,1
618169.25,1287091.38,782.56,781.00,782.56,0.61,0.33,0.26,1
618261.56,1287091.38,790.56,789.00,790.56,0.61,0.34,0.26,1
618353.81,1287091.38,798.56,797.00,798.56,0.62,0.34,0.26,1
618446.12,1287091.38,797.56,796.00,797.56,0.62,0.34,0.27,1
618538.38,1287091.38,788.56,787.00,788.56,0.63,0.35,0.27,1
618630.62,1287091.38,780.56,779.00,780.56,0.63,0.35,0.27,1
618722.94,1287091.38,769.56,768.00,769.56,0.62,0.35,0.27,1
618815.19,1287091.38,763.56,762.00,763.56,0.62,0.34,0.26,1
618907.50,1287091.38,760.56,759.00,760.56,0.62,0.34,0.26,1
618999.75,1287091.38,758.55,757.00,758.55,0.62,0.34,0.26,1
619092.06,1287091.38,756.55,755.00,756.55,0.62,0.34,0.27,1
619184.31,1287091.38,752.54,751.00,752.54,0.63,0.35,0.27,1
619276.62,1287091.38,747.52,746.00,747.52,0.63,0.35,0.27,1
619368.88,1287091.38,749.49,748.00,749.49,0.62,0.35,0.27,1
619461.19,1287091.38,758.46,757.00,758.46,0.62,0.34,0.26,1
619553.44,1287091.38,772.44,771.00,772.44,0.61,0.34,0.26,1
619645.69,1287091.38,786.43,785.00,786.43,0.62,0.35,0.27,1
619738.00,1287091.38,802.41,801.00,802.41,0.63,0.36,0.28,1
619830.25,1287091.38,812.41,811.00,812.41,0.64,0.37,0.29,1
619922.56,1287091.38,800.40,799.00,800.40,0.65,0.38,0.30,1
620014.81,1287091.38,778.40,777.00,778.40,0.64,0.37,0.29,1
620107.12,1287091.38,765.40,764.00,765.40,0.63,0.36,0.28,1
620199.38,1287091.38,762.41,761.00,762.41,0.62,0.35,0.27,1
620291.69,1287091.38,758.41,757.00,758.41,0.62,0.35,0.27,1
620383.94,1287091.38,756.42,755.00,756.42,0.62,0.35,0.27,1
620476.19,1287091.38,758.44,757.00,758.44,0.62,0.35,0.27,1
620568.50,1287091.38,754.45,753.00,754.45,0.63,0.35,0.28,1
620660.75,1287091.38,747.45,746.00,747.45,0.62,0.35,0.27,1
620753.06,1287091.38,745.46,744.00,745.46,0.62,0.35,0.27,1
620845.31,1287091.38,743.46,742.00,743.46,0.62,0.35,0.27,1
620937.62,1287091.38,743.46,742.00,743.46,0.62,0.35,0.27,1
621029.88,1287091.38,743.46,742.00,743.46,0.62,0.35,0.27,1
621122.19,1287091.38,745.46,744.00,745.46,0.62,0.34,0.26,1
621214.44,1287091.38,748.45,747.00,748.45,0.62,0.34,0.26,1
621306.69,1287091.38,748.45,747.00,748.45,0.62,0.34,0.27,1
621399.00,1287091.38,747.45,746.00,747.45,0.62,0.34,0.26,1
621491.25,1287091.38,745.45,744.00,745.45,0.61,0.34,0.26,1
621583.56,1287091.38,744.45,743.00,744.45,0.62,0.34,0.27,1
621675.81,1287091.38,742.45,741.00,742.45,0.62,0.35,0.27,1
621768.12,1287091.38,740.46,739.00,740.46,0.62,0.35,0.27,1
621860.38,1287091.38,738.46,737.00,738.46,0.63,0.35,0.27,1
621952.69,1287091.38,736.47,735.00,736.47,0.62,0.35,0.27,1
622044.94,1287091.38,737.47,736.00,737.47,0.62,0.35,0.27,1
622137.19,1287091.38,737.47,736.00,737.47,0.62,0.35,0.27,1
622229.50,1287091.38,737.47,736.00,737.47,0.62,0.34,0.27,1
622321.75,1287091.38,742.48,741.00,742.48,0.61,0.33,0.25,1
622414.06,1287091.38,756.48,755.00,756.48,0.60,0.32,0.24,1
622506.31,1287091.38,772.48,771.00,772.48,0.59,0.32,0.24,1
622598.62,1287091.38,785.48,784.00,785.48,0.60,0.33,0.25,1
622690.88,1287091.38,790.48,789.00,790.48,0.61,0.33,0.25,1
622783.19,1287091.38,782.48,781.00,782.48,0.61,0.34,0.26,1
622875.44,1287091.38,771.49,770.00,771.49,0.61,0.34,0.26,1
622967.69,1287091.38,762.49,761.00,762.49,0.61,0.34,0.26,1
623060.00,1287091.38,755.50,754.00,755.50,0.61,0.34,0.26,1
623152.25,1287091.38,757.51,756.00,757.51,0.61,0.33,0.26,1
623244.56,1287091.38,764.52,763.00,764.52,0.61,0.33,0.25,1
623336.81,1287091.38,776.53,775.00,776.53,0.60,0.33,0.25,1
623429.12,1287091.38,783.54,782.00,783.54,0.60,0.32,0.25,1
623521.38,1287091.38,788.55,787.00,788.55,0.60,0.32,0.24,1
623613.69,1287091.38,788.57,787.00,788.57,0.61,0.33,0.25,1
623705.94,1287091.38,777.58,776.00,777.58,0.62,0.34,0.26,1
623798.19,1287091.38,770.59,769.00,770.59,0.61,0.33,0.25,1
623890.50,1287091.38,786.59,785.00,786.59,0.60,0.32,0.24,1
623982.75,1287091.38,807.59,806.00,807.59,0.60,0.32,0.24,1
624075.06,1287091.38,818.59,817.00,818.59,0.61,0.34,0.26,1
624167.31,1287091.38,822.58,821.00,822.58,0.62,0.34,0.26,1
624259.62,1287091.38,821.58,820.00,821.58,0.62,0.35,0.27,1
624351.88,1287091.38,815.57,814.00,815.57,0.62,0.35,0.27,1
624444.19,1287091.38,806.55,805.00,806.55,0.62,0.35,0.27,1
624536.44,1287091.38,802.53,801.00,802.53,0.63,0.35,0.27,1
624628.69,1287091.38,802.50,801.00,802.50,0.62,0.35,0.27,1
624721.00,1287091.38,800.46,799.00,800.46,0.62,0.35,0.27,1
624813.25,1287091.38,790.41,789.00,790.41,0.63,0.36,0.28,1
624905.56,1287091.38,779.35,778.00,779.35,0.63,0.36,0.29,1
624997.81,1287091.38,768.26,767.00,768.26,0.63,0.37,0.29,1
625090.12,1287091.38,768.18,767.00,768.18,0.63,0.37,0.29,1
625182.38,1287091.38,775.11,774.00,775.11,0.64,0.38,0.30,1
625274.69,1287091.38,776.06,775.00,776.06,0.64,0.38,0.31,1
625366.94,1287091.38,780.09,779.06,780.09,0.58,0.32,0.25,1
625459.19,1287091.38,-9999.00,-9999.00,-9999.00,0.71,0.71,0.71,0
614385.88,1286999.00,-9999.00,-9999.00,-9999.00,0.71,0.71,0.71,0
614478.12,1286999.00,745.00,744.00,745.00,0.30,0.05,-0.02,1
614570.44,1286999.00,738.81,738.00,738.81,0.65,0.40,0.33,1
614662.69,1286999.00,743.89,743.00,743.89,0.63,0.39,0.31,1
614755.00,1286999.00,753.94,753.00,753.94,0.62,0.37,0.30,1
614847.25,1286999.00,752.99,752.00,752.99,0.63,0.37,0.30,1
614939.56,1286999.00,745.06,744.00,745.06,0.64,0.38,0.31,1
615031.81,1286999.00,733.14,732.00,733.14,0.64,0.37,0.30,1
615124.12,1286999.00,732.24,731.00,732.24,0.63,0.36,0.29,1
615216.38,1286999.00,735.34,734.00,735.34,0.63,0.36,0.28,1
615308.62,1286999.00,735.41,734.00,735.41,0.63,0.36,0.28,1
615400.94,1286999.00,733.48,732.00,733.48,0.62,0.35,0.27,1
615493.19,1286999.00,735.52,734.00,735.52,0.62,0.34,0.26,1
615585.50,1286999.00,736.56,735.00,736.56,0.62,0.34,0.26,1
615677.75,1286999.00,737.58,736.00,737.58,0.62,0.34,0.26,1
615770.06,1286999.00,739.60,738.00,739.60,0.61,0.34,0.26,1
615862.31,1286999.00,738.61,737.00,738.61,0.62,0.34,0.26,1
615954.62,1286999.00,734.62,733.00,734.62,0.62,0.34,0.26,1
616046.88,1286999.00,735.62,734.00,735.62,0.62,0.34,0.26,1
616139.12,1286999.00,748.62,747.00,748.62,0.62,0.34,0.26,1
616231.44,1286999.00,764.62,763.00,764.62,0.62,0.34,0.26,1
616323.69,1286999.00,773.62,772.00,773.62,0.62,0.34,0.26,1
616416.00,1286999.00,771.62,770.00,771.62,0.62,0.34,0.26,1
616508.25,1286999.00,761.62,760.00,761.62,0.62,0.34,0.26,1
616600.56,1286999.00,760.62,759.00,760.62,0.61,0.33,0.25,1
616692.81,1286999.00,769.62,768.00,769.62,0.61,0.33,0.25,1
616785.12,1286999.00,767.62,766.00,767.62,0.62,0.34,0.26,1
616877.38,1286999.00,762.63,761.00,762.63,0.63,0.35,0.27,1
616969.62,1286999.00,751.63,750.00,751.63,0.61,0.33,0.25,1
617061.94,1286999.00,756.63,755.00,756.63,0.61,0.33,0.25,1
617154.19,1286999.00,757.63,756.00,757.63,0.61,0.33,0.25,1
617246.50,1286999.00,753.63,752.00,753.63,0.62,0.34,0.26,1
617338.75,1286999.00,750.63,749.00,750.63,0.62,0.34,0.26,1
617431.06,1286999.00,752.63,751.00,752.63,0.61,0.33,0.25,1
617523.31,1286999.00,763.63,762.00,763.63,0.61,0.33,0.25,1
617615.62,1286999.00,783.63,782.00,783.63,0.61,0.33,0.25,1
617707.88,1286999.00,787.62,786.00,787.62,0.61,0.33,0.25,1
617800.12,1286999.00,786.62,785.00,786.62,0.62,0.34,0.26,1
617892.44,1286999.00,781.60,780.00,781.60,0.62,0.34,0.26,1
617984.69,1286999.00,776.59,775.00,776.59,0.62,0.34,0.26,1
618077.00,1286999.00,775.58,774.00,775.58,0.62,0.34,0.26,1
618169.25,1286999.00,780.58,779.00,780.58,0.61,0.33,0.25,1
618261.56,1286999.00,792.57,791.00,792.57,0.61,0.34,0.26,1
618353.81,1286999.00,796.57,795.00,796.57,0.62,0.34,0.26,1
618446.12,1286999.00,790.57,789.00,790.57,0.62,0.34,0.27,1
618538.38,1286999.00,782.57,781.00,782.57,0.63,0.35,0.27,1
618630.62,1286999.00,773.57,772.00,773.57,0.62,0.35,0.27,1
618722.94,1286999.00,764.57,763.00,764.57,0.62,0.35,0.27,1
618815.19,1286999.00,759.57,758.00,759.57,0.62,0.35,0.27,1
618907.50,1286999.00,754.57,753.00,754.57,0.62,0.34,0.26,1
618999.75,1286999.00,751.56,750.00,751.56,0.62,0.34,0.26,1
619092.06,1286999.00,750.56,749.00,750.56,0.62,0.34,0.26,1
619184.31,1286999.00,751.54,750.00,751.54,0.62,0.35,0.27,1
619276.62,1286999.00,753.53,752.00,753.53,0.63,0.35,0.27,1
619368.88,1286999.00,757.50,756.00,757.50,0.63,0.35,0.27,1
619461.19,1286999.00,764.47,763.00,764.47,0.62,0.34,0.27,1
619553.44,1286999.00,780.45,779.00,780.45,0.61,0.34,0.26,1
619645.69,1286999.00,804.43,803.00,804.43,0.61,0.34,0.26,1
619738.00,1286999.00,824.42,823.00,824.42,0.62,0.35,0.27,1
619830.25,1286999.00,826.42,825.00,826.42,0.64,0.36,0.29,1
619922.56,1286999.00,805.41,804.00,805.41,0.64,0.37,0.29,1
620014.81,1286999.00,778.41,777.00,778.41,0.64,0.37,0.29,1
620107.12,1286999.00,761.41,760.00,761.41,0.63,0.36,0.28,1
620199.38,1286999.00,755.42,754.00,755.42,0.62,0.35,0.27,1
620291.69,1286999.00,753.43,752.00,753.43,0.62,0.35,0.27,1
620383.94,1286999.00,752.44,751.00,752.44,0.62,0.35,0.27,1
620476.19,1286999.00,750.45,749.00,750.45,0.62,0.35,0.27,1
620568.50,1286999.00,747.46,746.00,747.46,0.62,0.35,0.27,1
620660.75,1286999.00,745.47,744.00,745.47,0.62,0.35,0.27,1
620753.06,1286999.00,744.47,743.00,744.47,0.62,0.35,0.27,1
620845.31,1286999.00,744.47,743.00,744.47,0.63,0.35,0.27,1
620937.62,1286999.00,744.47,743.00,744.47,0.63,0.35,0.28,1
621029.88,1286999.00,743.47,742.00,743.47,0.63,0.35,0.27,1
621122.19,1286999.00,744.47,743.00,744.47,0.62,0.35,0.27,1
621214.44,1286999.00,744.47,743.00,744.47,0.62,0.35,0.27,1
621306.69,1286999.00,744.47,743.00,744.47,0.62,0.35,0.27,1
621399.00,1286999.00,743.47,742.00,743.47,0.62,0.35,0.27,1
621491.25,1286999.00,741.47,740.00,741.47,0.62,0.35,0.27,1
621583.56,1286999.00,740.47,739.00,740.47,0.62,0.35,0.27,1
621675.81,1286999.00,741.47,740.00,741.47,0.62,0.35,0.27,1
621768.12,1286999.00,741.48,740.00,741.48,0.63,0.35,0.27,1
621860.38,1286999.00,740.48,739.00,740.48,0.63,0.35,0.27,1
621952.69,1286999.00,737.48,736.00,737.48,0.63,0.35,0.27,1
622044.94,1286999.00,736.49,735.00,736.49,0.62,0.35,0.27,1
622137.19,1286999.00,737.49,736.00,737.49,0.62,0.35,0.27,1
622229.50,1286999.00,736.49,735.00,736.49,0.62,0.35,0.27,1
622321.75,1286999.00,738.49,737.00,738.49,0.61,0.34,0.26,1
622414.06,1286999.00,746.49,745.00,746.49,0.60,0.33,0.25,1
622506.31,1286999.00,759.49,758.00,759.49,0.59,0.32,0.24,1
622598.62,1286999.00,770.49,769.00,770.49,0.59,0.32,0.24,1
622690.88,1286999.00,772.49,771.00,772.49,0.60,0.33,0.25,1
622783.19,1286999.00,764.50,763.00,764.50,0.61,0.34,0.26,1
622875.44,1286999.00,754.50,753.00,754.50,0.62,0.34,0.26,1
622967.69,1286999.00,748.51,747.00,748.51,0.62,0.34,0.26,1
623060.00,1286999.00,748.52,747.00,748.52,0.62,0.34,0.26,1
623152.25,1286999.00,752.53,751.00,752.53,0.61,0.34,0.26,1
623244.56,1286999.00,762.54,761.00,762.54,0.61,0.34,0.26,1
623336.81,1286999.00,769.55,768.00,769.55,0.61,0.33,0.25,1
623429.12,1286999.00,771.56,770.00,771.56,0.60,0.33,0.25,1
623521.38,1286999.00,774.57,773.00,774.57,0.60,0.33,0.25,1
623613.69,1286999.00,774.58,773.00,774.58,0.61,0.33,0.25,1
623705.94,1286999.00,767.59,766.00,767.59,0.61,0.34,0.26,1
623798.19,1286999.00,770.60,769.00,770.60,0.61,0.33,0.25,1
623890.50,1286999.00,784.60,783.00,784.60,0.60,0.32,0.24,1
623982.75,1286999.00,798.60,797.00,798.60,0.60,0.32,0.24,1
624075.06,1286999.00,808.60,807.00,808.60,0.60,0.32,0.24,1
624167.31,1286999.00,812.60,811.00,812.60,0.60,0.33,0.25,1
624259.62,1286999.00,809.59,808.00,809.59,0.61,0.33,0.25,1
624351.88,1286999.00,801.58,800.00,801.58,0.61,0.33,0.26,1
624444.19,1286999.00,795.57,794.00,795.57,0.61,0.33,0.25,1
624536.44,1286999.00,797.55,796.00,797.55,0.61,0.34,0.26,1
624628.69,1286999.00,793.52,792.00,793.52,0.61,0.34,0.26,1
624721.00,1286999.00,786.48,785.00,786.48,0.61,0.34,0.26,1
624813.25,1286999.00,782.43,781.00,782.43,0.62,0.35,0.27,1
624905.56,1286999.00,779.37,778.00,779.37,0.63,0.36,0.28,1
624997.81,1286999.00,776.29,775.00,776.29,0.63,0.37,0.29,1
625090.12,1286999.00,783.20,782.00,783.20,0.63,0.36,0.29,1
625182.38,1286999.00,787.12,786.00,787.12,0.63,0.37,0.30,1
625274.69,1286999.00,786.06,785.00,786.06,0.63,0.38,0.30,1
625366.94,1286999.00,781.75,780.70,781.75,0.58,0.32,0.25,1
625459.19,1286999.00,-9999.00,-9999.00,-9999.00,0.71,0.71,0.71,0
614385.88,1286906.75,-9999.00,-9999.00,-9999.00,0.71,0.71,0.71,0
614478.12,1286906.75,751.99,751.00,751.99,0.30,0.05,-0.03,1
614570.44,1286906.75,752.77,752.00,752.77,0.65,0.41,0.34,1
614662.69,1286906.75,756.81,756.00,756.81,0.65,0.41,0.34,1
614755.00,1286906.75,753.90,753.00,753.90,0.64,0.39,0.32,1
614847.25,1286906.75,748.99,748.00,748.99,0.64,0.38,0.31,1
614939.56,1286906.75,743.09,742.00,743.09,0.64,0.38,0.30,1
615031.81,1286906.75,734.18,733.00,734.18,0.63,0.37,0.30,1
615124.12,1286906.75,738.28,737.00,738.28,0.63,0.36,0.28,1
615216.38,1286906.75,739.37,738.00,739.37,0.63,0.36,0.28,1
615308.62,1286906.75,737.44,736.00,737.44,0.63,0.36,0.28,1
615400.94,1286906.75,733.50,732.00,733.50,0.63,0.35,0.27,1
615493.19,1286906.75,735.54,734.00,735.54,0.62,0.34,0.27,1
615585.50,1286906.75,736.57,735.00,736.57,0.62,0.34,0.26,1
615677.75,1286906.75,736.60,735.00,736.60,0.62,0.34,0.26,1
615770.06,1286906.75,735.61,734.00,735.61,0.62,0.34,0.26,1
615862.31,1286906.75,732.62,731.00,732.62,0.62,0.34,0.26,1
615954.62,1286906.75,732.63,731.00,732.63,0.61,0.33,0.25,1
616046.88,1286906.75,743.63,742.00,743.63,0.61,0.33,0.25,1
616139.12,1286906.75,762.63,761.00,762.63,0.61,0.33,0.25,1
616231.44,1286906.75,771.63,770.00,771.63,0.62,0.34,0.26,1
616323.69,1286906.75,771.62,770.00,771.62,0.62,0.34,0.26,1
616416.00,1286906.75,764.63,763.00,764.63,0.62,0.34,0.26,1
616508.25,1286906.75,750.63,749.00,750.63,0.62,0.34,0.26,1
616600.56,1286906.75,756.63,755.00,756.63,0.61,0.33,0.25,1
616692.81,1286906.75,763.63,762.00,763.63,0.61,0.33,0.25,1
616785.12,1286906.75,760.63,759.00,760.63,0.61,0.33,0.25,1
616877.38,1286906.75,761.63,760.00,761.63,0.63,0.35,0.27,1
616969.62,1286906.75,746.63,745.00,746.63,0.62,0.34,0.26,1
617061.94,1286906.75,749.64,748.00,749.64,0.61,0.33,0.25,1
617154.19,1286906.75,750.64,749.00,750.64,0.62,0.34,0.26,1
617246.50,1286906.75,751.64,750.00,751.64,0.62,0.34,0.26,1
617338.75,1286906.75,753.64,752.00,753.64,0.62,0.34,0.26,1
617431.06,1286906.75,756.64,755.00,756.64,0.62,0.34,0.26,1
617523.31,1286906.75,769.64,768.00,769.64,0.61,0.33,0.25,1
617615.62,1286906.75,779.64,778.00,779.64,0.61,0.33,0.25,1
617707.88,1286906.75,781.63,780.00,781.63,0.61,0.33,0.25,1
617800.12,1286906.75,780.62,779.00,780.62,0.62,0.34,0.26,1
617892.44,1286906.75,776.61,775.00,776.61,0.62,0.34,0.26,1
617984.69,1286906.75,772.60,771.00,772.60,0.62,0.34,0.26,1
618077.00,1286906.75,774.59,773.00,774.59,0.62,0.34,0.26,1
618169.25,1286906.75,781.59,780.00,781.59,0.61,0.33,0.26,1
618261.56,1286906.75,792.58,791.00,792.58,0.61,0.34,0.26,1
618353.81,1286906.75,794.58,793.00,794.58,0.62,0.34,0.26,1
618446.12,1286906.75,786.58,785.00,786.58,0.62,0.35,0.27,1
618538.38,1286906.75,778.58,777.00,778.58,0.63,0.35,0.27,1
618630.62,1286906.75,768.58,767.00,768.58,0.63,0.35,0.27,1
618722.94,1286906.75,760.57,759.00,760.57,0.62,0.35,0.27,1
618815.19,1286906.75,755.57,754.00,755.57,0.62,0.35,0.27,1
618907.50,1286906.75,751.57,750.00,751.57,0.62,0.35,0.27,1
618999.75,1286906.75,749.57,748.00,749.57,0.62,0.35,0.27,1
619092.06,1286906.75,750.56,749.00,750.56,0.62,0.34,0.26,1
619184.31,1286906.75,755.55,754.00,755.55,0.62,0.34,0.27,1
619276.62,1286906.75,760.53,759.00,760.53,0.62,0.35,0.27,1
619368.88,1286906.75,766.51,765.00,766.51,0.62,0.35,0.27,1
619461.19,1286906.75,777.48,776.00,777.48,0.62,0.34,0.26,1
619553.44,1286906.75,797.45,796.00,797.45,0.61,0.34,0.26,1
619645.69,1286906.75,814.43,813.00,814.43,0.61,0.34,0.26,1
619738.00,1286906.75,821.42,820.00,821.42,0.61,0.33,0.26,1
619830.25,1286906.75,815.42,814.00,815.42,0.61,0.34,0.26,1
619922.56,1286906.75,795.43,794.00,795.43,0.63,0.35,0.28,1
620014.81,1286906.75,772.43,771.00,772.43,0.63,0.36,0.28,1
620107.12,1286906.75,757.43,756.00,757.43,0.63,0.36,0.28,1
620199.38,1286906.75,751.43,750.00,751.43,0.63,0.35,0.27,1
620291.69,1286906.75,749.44,748.00,749.44,0.62,0.35,0.27,1
620383.94,1286906.75,749.45,748.00,749.45,0.62,0.35,0.27,1
620476.19,1286906.75,749.46,748.00,749.46,0.62,0.35,0.27,1
620568.50,1286906.75,748.47,747.00,748.47,0.63,0.35,0.27,1
620660.75,1286906.75,747.48,746.00,747.48,0.63,0.35,0.28,1
620753.06,1286906.75,746.48,745.00,746.48,0.63,0.35,0.27,1
620845.31,1286906.75,748.49,747.00,748.49,0.62,0.35,0.27,1
620937.62,1286906.75,751.49,750.00,751.49,0.63,0.35,0.27,1
621029.88,1286906.75,749.49,748.00,749.49,0.63,0.36,0.28,1
621122.19,1286906.75,748.49,747.00,748.49,0.63,0.35,0.28,1
621214.44,1286906.75,747.49,746.00,747.49,0.63,0.35,0.27,1
621306.69,1286906.75,746.49,745.00,746.49,0.63,0.35,0.27,1
621399.00,1286906.75,745.49,744.00,745.49,0.63,0.35,0.28,1
621491.25,1286906.75,744.49,743.00,744.49,0.63,0.36,0.28,1
621583.56,1286906.75,741.49,740.00,741.49,0.63,0.35,0.27,1
621675.81,1286906.75,742.49,741.00,742.49,0.62,0.35,0.27,1
621768.12,1286906.75,745.50,744.00,745.50,0.63,0.35,0.27,1
621860.38,1286906.75,742.50,741.00,742.50,0.63,0.35,0.27,1
621952.69,1286906.75,738.50,737.00,738.50,0.63,0.35,0.27,1
622044.94,1286906.75,737.50,736.00,737.50,0.63,0.35,0.27,1
622137.19,1286906.75,737.50,736.00,737.50,0.63,0.35,0.27,1
622229.50,1286906.75,736.50,735.00,736.50,0.62,0.35,0.27,1
622321.75,1286906.75,736.50,735.00,736.50,0.62,0.35,0.27,1
622414.06,1286906.75,740.50,739.00,740.50,0.61,0.34,0.26,1
622506.31,1286906.75,747.50,746.00,747.50,0.60,0.33,0.25,1
622598.62,1286906.75,752.51,751.00,752.51,0.60,0.33,0.25,1
622690.88,1286906.75,752.51,751.00,752.51,0.60,0.33,0.25,1
622783.19,1286906.75,750.51,749.00,750.51,0.61,0.34,0.26,1
622875.44,1286906.75,746.52,745.00,746.52,0.62,0.34,0.26,1
622967.69,1286906.75,745.52,744.00,745.52,0.62,0.34,0.27,1
623060.00,1286906.75,752.53,751.00,752.53,0.62,0.34,0.26,1
623152.25,1286906.75,758.54,757.00,758.54,0.62,0.34,0.26,1
623244.56,1286906.75,763.56,762.00,763.56,0.62,0.34,0.26,1
623336.81,1286906.75,762.57,761.00,762.57,0.62,0.34,0.26,1
623429.12,1286906.75,758.58,757.00,758.58,0.61,0.33,0.25,1
623521.38,1286906.75,760.59,759.00,760.59,0.61,0.33,0.25,1
623613.69,1286906.75,761.60,760.00,761.60,0.61,0.33,0.25,1
623705.94,1286906.75,761.61,760.00,761.61,0.61,0.33,0.25,1
623798.19,1286906.75,771.61,770.00,771.61,0.61,0.33,0.25,1
623890.50,1286906.75,782.61,781.00,782.61,0.61,0.33,0.25,1
623982.75,1286906.75,786.61,785.00,786.61,0.60,0.33,0.25,1
624075.06,1286906.75,789.61,788.00,789.61,0.60,0.32,0.24,1
624167.31,1286906.75,794.60,793.00,794.60,0.60,0.32,0.24,1
624259.62,1286906.75,795.60,794.00,795.60,0.61,0.33,0.25,1
624351.88,1286906.75,788.59,787.00,788.59,0.61,0.34,0.26,1
624444.19,1286906.75,781.58,780.00,781.58,0.61,0.33,0.25,1
624536.44,1286906.75,785.56,784.00,785.56,0.61,0.33,0.25,1
624628.69,1286906.75,779.54,778.00,779.54,0.61,0.34,0.26,1
624721.00,1286906.75,772.50,771.00,772.50,0.61,0.34,0.26,1
624813.25,1286906.75,780.45,779.00,780.45,0.61,0.34,0.26,1
624905.56,1286906.75,786.39,785.00,786.39,0.63,0.36,0.28,1
624997.81,1286906.75,785.32,784.00,785.32,0.64,0.37,0.29,1
625090.12,1286906.75,782.23,781.00,782.23,0.63,0.37,0.29,1
625182.38,1286906.75,782.15,781.00,782.15,0.62,0.36,0.29,1
625274.69,1286906.75,779.09,778.00,779.09,0.62,0.36,0.29,1
625366.94,1286906.75,777.49,776.42,777.49,0.58,0.32,0.25,1
625459.19,1286906.75,-9999.00,-9999.00,-9999.00,0.71,0.71,0.71,0
614385.88,1286814.50,-9999.00,-9999.00,-9999.00,0.71,0.71,0.71,0
614478.12,1286814.50,763.00,762.00,763.00,0.30,0.05,-0.03,1
614570.44,1286814.50,767.77,767.00,767.77,0.64,0.40,0.33,1
614662.69,1286814.50,768.80,768.00,768.80,0.65,0.40,0.34,1
614755.00,1286814.50,758.89,758.00,758.89,0.64,0.40,0.33,1
614847.25,1286814.50,751.00,750.00,751.00,0.64,0.38,0.31,1
614939.56,1286814.50,742.11,741.00,742.11,0.64,0.38,0.30,1
615031.81,1286814.50,738.22,737.00,738.22,0.63,0.37,0.29,1
615124.12,1286814.50,741.32,740.00,741.32,0.63,0.36,0.28,1
615216.38,1286814.50,743.40,742.00,743.40,0.63,0.36,0.28,1
615308.62,1286814.50,741.47,740.00,741.47,0.63,0.36,0.28,1
615400.94,1286814.50,738.52,737.00,738.52,0.63,0.36,0.28,1
615493.19,1286814.50,737.56,736.00,737.56,0.63,0.35,0.27,1
615585.50,1286814.50,735.59,734.00,735.59,0.62,0.34,0.26,1
615677.75,1286814.50,735.61,734.00,735.61,0.62,0.34,0.26,1
615770.06,1286814.50,733.62,732.00,733.62,0.62,0.34,0.26,1
615862.31,1286814.50,731.63,730.00,731.63,0.62,0.34,0.26,1
615954.62,1286814.50,733.63,732.00,733.63,0.61,0.33,0.25,1
616046.88,1286814.50,748.63,747.00,748.63,0.60,0.32,0.24,1
616139.12,1286814.50,764.63,763.00,764.63,0.61,0.33,0.25,1
616231.44,1286814.50,767.63,766.00,767.63,0.62,0.34,0.26,1
616323.69,1286814.50,762.63,761.00,762.63,0.62,0.34,0.26,1
616416.00,1286814.50,754.63,753.00,754.63,0.62,0.34,0.26,1
616508.25,1286814.50,746.63,745.00,746.63,0.62,0.34,0.26,1
616600.56,1286814.50,756.63,755.00,756.63,0.61,0.33,0.25,1
616692.81,1286814.50,759.63,758.00,759.63,0.62,0.34,0.26,1
616785.12,1286814.50,753.63,752.00,753.63,0.61,0.33,0.25,1
616877.38,1286814.50,759.63,758.00,759.63,0.62,0.34,0.26,1
616969.62,1286814.50,743.63,742.00,743.63,0.63,0.35,0.27,1
617061.94,1286814.50,747.64,746.00,747.64,0.62,0.34,0.26,1
617154.19,1286814.50,756.64,755.00,756.64,0.62,0.34,0.26,1
617246.50,1286814.50,761.64,760.00,761.64,0.63,0.35,0.27,1
617338.75,1286814.50,759.64,758.00,759.64,0.63,0.35,0.27,1
617431.06,1286814.50,760.64,759.00,760.64,0.62,0.34,0.26,1
617523.31,1286814.50,769.64,768.00,769.64,0.61,0.33,0.25,1
617615.62,1286814.50,775.64,774.00,775.64,0.61,0.33,0.25,1
617707.88,1286814.50,776.63,775.00,776.63,0.62,0.34,0.26,1
617800.12,1286814.50,773.63,772.00,773.63,0.62,0.34,0.26,1
617892.44,1286814.50,770.62,769.00,770.62,0.62,0.34,0.26,1
617984.69,1286814.50,770.61,769.00,770.61,0.62,0.34,0.26,1
618077.00,1286814.50,776.60,775.00,776.60,0.62,0.34,0.26,1
618169.25,1286814.50,783.59,782.00,783.59,0.62,0.34,0.26,1
618261.56,1286814.50,792.59,791.00,792.59,0.62,0.34,0.26,1
618353.81,1286814.50,789.58,788.00,789.58,0.62,0.35,0.27,1
618446.12,1286814.50,780.58,779.00,780.58,0.62,0.35,0.27,1
618538.38,1286814.50,772.58,771.00,772.58,0.62,0.35,0.27,1
618630.62,1286814.50,765.58,764.00,765.58,0.63,0.35,0.27,1
618722.94,1286814.50,757.58,756.00,757.58,0.63,0.35,0.27,1
618815.19,1286814.50,753.58,752.00,753.58,0.63,0.35,0.27,1
618907.50,1286814.50,751.57,750.00,751.57,0.62,0.35,0.27,1
618999.75,1286814.50,752.57,751.00,752.57,0.62,0.35,0.27,1
619092.06,1286814.50,755.56,754.00,755.56,0.62,0.34,0.26,1
619184.31,1286814.50,761.56,760.00,761.56,0.62,0.34,0.26,1
619276.62,1286814.50,768.54,767.00,768.54,0.62,0.35,0.27,1
619368.88,1286814.50,774.52,773.00,774.52,0.62,0.34,0.26,1
619461.19,1286814.50,789.49,788.00,789.49,0.61,0.33,0.26,1
619553.44,1286814.50,804.46,803.00,804.46,0.61,0.33,0.25,1
619645.69,1286814.50,805.44,804.00,805.44,0.61,0.33,0.25,1
619738.00,1286814.50,797.44,796.00,797.44,0.60,0.33,0.25,1
619830.25,1286814.50,789.44,788.00,789.44,0.60,0.33,0.25,1
619922.56,1286814.50,778.44,777.00,778.44,0.61,0.34,0.26,1
620014.81,1286814.50,764.44,763.00,764.44,0.63,0.35,0.27,1
620107.12,1286814.50,754.44,753.00,754.44,0.63,0.35,0.28,1
620199.38,1286814.50,750.45,749.00,750.45,0.63,0.35,0.27,1
620291.69,1286814.50,748.45,747.00,748.45,0.62,0.35,0.27,1
620383.94,1286814.50,749.47,748.00,749.47,0.62,0.35,0.27,1
620476.19,1286814.50,752.48,751.00,752.48,0.62,0.35,0.27,1
620568.50,1286814.50,752.49,751.00,752.49,0.63,0.35,0.27,1
620660.75,1286814.50,752.49,751.00,752.49,0.63,0.35,0.27,1
620753.06,1286814.50,753.50,752.00,753.50,0.63,0.36,0.28,1
620845.31,1286814.50,753.50,752.00,753.50,0.63,0.35,0.27,1
620937.62,1286814.50,755.50,754.00,755.50,0.62,0.35,0.27,1
621029.88,1286814.50,755.50,754.00,755.50,0.63,0.35,0.27,1
621122.19,1286814.50,752.50,751.00,752.50,0.63,0.35,0.27,1
621214.44,1286814.50,750.50,749.00,750.50,0.63,0.35,0.27,1
621306.69,1286814.50,751.51,750.00,751.51,0.63,0.35,0.27,1
621399.00,1286814.50,753.51,752.00,753.51,0.63,0.36,0.28,1
621491.25,1286814.50,750.51,749.00,750.51,0.63,0.36,0.28,1
621583.56,1286814.50,743.51,742.00,743.51,0.63,0.35,0.28,1
621675.81,1286814.50,742.51,741.00,742.51,0.62,0.35,0.27,1
621768.12,1286814.50,745.51,744.00,745.51,0.62,0.35,0.27,1
621860.38,1286814.50,743.52,742.00,743.52,0.63,0.35,0.27,1
621952.69,1286814.50,742.52,741.00,742.52,0.63,0.35,0.27,1
622044.94,1286814.50,744.52,743.00,744.52,0.63,0.35,0.27,1
622137.19,1286814.50,742.52,741.00,742.52,0.63,0.36,0.28,1
622229.50,1286814.50,738.52,737.00,738.52,0.63,0.35,0.27,1
622321.75,1286814.50,739.52,738.00,739.52,0.62,0.35,0.27,1
622414.06,1286814.50,739.52,738.00,739.52,0.62,0.35,0.27,1
622506.31,1286814.50,740.52,739.00,740.52,0.61,0.34,0.26,1
622598.62,1286814.50,742.52,741.00,742.52,0.61,0.34,0.26,1
622690.88,1286814.50,742.52,741.00,742.52,0.62,0.34,0.26,1
622783.19,1286814.50,742.52,741.00,742.52,0.62,0.34,0.26,1
622875.44,1286814.50,743.53,742.00,743.53,0.62,0.34,0.26,1
622967.69,1286814.50,750.53,749.00,750.53,0.62,0.34,0.26,1
623060.00,1286814.50,756.54,755.00,756.54,0.61,0.34,0.26,1
623152.25,1286814.50,760.56,759.00,760.56,0.62,0.34,0.26,1
623244.56,1286814.50,762.57,761.00,762.57,0.62,0.34,0.26,1
623336.81,1286814.50,757.58,756.00,757.58,0.62,0.34,0.26,1
623429.12,1286814.50,750.59,749.00,750.59,0.62,0.34,0.26,1
623521.38,1286814.50,753.60,752.00,753.60,0.62,0.34,0.26,1
623613.69,1286814.50,755.61,754.00,755.61,0.62,0.34,0.26,1
623705.94,1286814.50,757.61,756.00,757.61,0.61,0.33,0.25,1
623798.19,1286814.50,770.61,769.00,770.61,0.60,0.33,0.25,1
623890.50,1286814.50,777.61,776.00,777.61,0.61,0.33,0.25,1
623982.75,1286814.50,776.61,775.00,776.61,0.61,0.33,0.25,1
624075.06,1286814.50,773.61,772.00,773.61,0.60,0.32,0.24,1
624167.31,1286814.50,778.61,777.00,778.61,0.60,0.32,0.24,1
624259.62,1286814.50,781.61,780.00,781.61,0.61,0.33,0.25,1
624351.88,1286814.50,777.60,776.00,777.60,0.61,0.33,0.26,1
624444.19,1286814.50,774.59,773.00,774.59,0.61,0.34,0.26,1
624536.44,1286814.50,777.57,776.00,777.57,0.61,0.34,0.26,1
624628.69,1286814.50,770.55,769.00,770.55,0.61,0.34,0.26,1
624721.00,1286814.50,769.52,768.00,769.52,0.61,0.34,0.26,1
624813.25,1286814.50,781.47,780.00,781.47,0.60,0.33,0.25,1
624905.56,1286814.50,797.41,796.00,797.41,0.62,0.34,0.27,1
624997.81,1286814.50,796.34,795.00,796.34,0.64,0.37,0.29,1
625090.12,1286814.50,787.27,786.00,787.27,0.64,0.38,0.30,1
625182.38,1286814.50,780.21,779.00,780.21,0.64,0.38,0.30,1
625274.69,1286814.50,775.16,774.00,775.16,0.64,0.38,0.30,1
625366.94,1286814.50,773.22,772.13,773.22,0.58,0.32,0.24,1
625459.19,1286814.50,-9999.00,-9999.00,-9999.00,0.71,0.71,0.71,0
614385.88,1286722.25,-9999.00,-9999.00,-9999.00,0.71,0.71,0.71,0
614478.12,1286722.25,775.02,774.00,775.02,0.30,0.05,-0.02,1
614570.44,1286722.25,768.84,768.00,768.84,0.63,0.39,0.32,1
614662.69,1286722.25,765.82,765.00,765.82,0.63,0.39,0.32,1
614755.00,1286722.25,754.90,754.00,754.90,0.64,0.39,0.32,1
614847.25,1286722.25,744.01,743.00,744.01,0.63,0.38,0.31,1
614939.56,1286722.25,743.14,742.00,743.14,0.63,0.37,0.30,1
615031.81,1286722.25,745.25,744.00,745.25,0.63,0.37,0.29,1
615124.12,1286722.25,747.35,746.00,747.35,0.63,0.36,0.28,1
615216.38,1286722.25,752.43,751.00,752.43,0.63,0.36,0.28,1
615308.62,1286722.25,751.49,750.00,751.49,0.64,0.36,0.28,1
615400.94,1286722.25,746.54,745.00,746.54,0.64,0.36,0.28,1
615493.19,1286722.25,738.58,737.00,738.58,0.63,0.35,0.27,1
615585.50,1286722.25,733.60,732.00,733.60,0.62,0.34,0.26,1
615677.75,1286722.25,735.62,734.00,735.62,0.62,0.34,0.26,1
615770.06,1286722.25,735.63,734.00,735.63,0.62,0.34,0.26,1
615862.31,1286722.25,734.63,733.00,734.63,0.62,0.34,0.26,1
615954.62,1286722.25,736.63,735.00,736.63,0.62,0.34,0.26,1
616046.88,1286722.25,745.63,744.00,745.63,0.61,0.33,0.25,1
616139.12,1286722.25,758.63,757.00,758.63,0.61,0.33,0.25,1
616231.44,1286722.25,760.63,759.00,760.63,0.62,0.34,0.26,1
616323.69,1286722.25,750.63,749.00,750.63,0.62,0.34,0.26,1
616416.00,1286722.25,744.63,743.00,744.63,0.61,0.33,0.25,1
616508.25,1286722.25,745.64,744.00,745.64,0.61,0.33,0.25,1
616600.56,1286722.25,757.63,756.00,757.63,0.61,0.33,0.25,1
616692.81,1286722.25,757.63,756.00,757.63,0.62,0.34,0.26,1
616785.12,1286722.25,746.63,745.00,746.63,0.62,0.34,0.26,1
616877.38,1286722.25,748.63,747.00,748.63,0.61,0.33,0.25,1
616969.62,1286722.25,743.63,742.00,743.63,0.62,0.34,0.26,1
617061.94,1286722.25,753.64,752.00,753.64,0.61,0.33,0.25,1
617154.19,1286722.25,766.64,765.00,766.64,0.62,0.34,0.26,1
617246.50,1286722.25,766.64,765.00,766.64,0.62,0.34,0.26,1
617338.75,1286722.25,764.64,763.00,764.64,0.62,0.34,0.26,1
617431.06,1286722.25,764.64,763.00,764.64,0.62,0.34,0.26,1
617523.31,1286722.25,769.64,768.00,769.64,0.62,0.34,0.26,1
617615.62,1286722.25,771.64,770.00,771.64,0.62,0.34,0.26,1
617707.88,1286722.25,772.64,771.00,772.64,0.62,0.34,0.26,1
617800.12,1286722.25,767.63,766.00,767.63,0.62,0.34,0.26,1
617892.44,1286722.25,765.62,764.00,765.62,0.62,0.34,0.26,1
617984.69,1286722.25,771.61,770.00,771.61,0.62,0.34,0.26,1
618077.00,1286722.25,782.60,781.00,782.60,0.62,0.34,0.26,1
618169.25,1286722.25,787.59,786.00,787.59,0.62,0.34,0.26,1
618261.56,1286722.25,791.59,790.00,791.59,0.62,0.34,0.26,1
618353.81,1286722.25,786.58,785.00,786.58,0.63,0.35,0.27,1
618446.12,1286722.25,775.58,774.00,775.58,0.63,0.35,0.27,1
618538.38,1286722.25,769.58,768.00,769.58,0.63,0.35,0.27,1
618630.62,1286722.25,763.58,762.00,763.58,0.63,0.35,0.27,1
618722.94,1286722.25,758.58,757.00,758.58,0.63,0.35,0.27,1
618815.19,1286722.25,755.58,754.00,755.58,0.63,0.35,0.27,1
618907.50,1286722.25,754.57,753.00,754.57,0.63,0.35,0.27,1
618999.75,1286722.25,755.57,754.00,755.57,0.63,0.35,0.27,1
619092.06,1286722.25,759.57,758.00,759.57,0.62,0.35,0.27,1
619184.31,1286722.25,766.56,765.00,766.56,0.62,0.34,0.26,1
619276.62,1286722.25,777.55,776.00,777.55,0.62,0.34,0.26,1
619368.88,1286722.25,783.53,782.00,783.53,0.63,0.35,0.27,1
619461.19,1286722.25,786.51,785.00,786.51,0.62,0.34,0.26,1
619553.44,1286722.25,787.48,786.00,787.48,0.61,0.33,0.25,1
619645.69,1286722.25,781.47,780.00,781.47,0.60,0.33,0.25,1
619738.00,1286722.25,772.46,771.00,772.46,0.61,0.33,0.25,1
619830.25,1286722.25,767.46,766.00,767.46,0.61,0.33,0.26,1
619922.56,1286722.25,761.46,760.00,761.46,0.62,0.34,0.26,1
620014.81,1286722.25,755.46,754.00,755.46,0.62,0.35,0.27,1
620107.12,1286722.25,752.46,751.00,752.46,0.63,0.35,0.28,1
620199.38,1286722.25,750.47,749.00,750.47,0.63,0.35,0.27,1
620291.69,1286722.25,749.47,748.00,749.47,0.62,0.35,0.27,1
620383.94,1286722.25,751.48,750.00,751.48,0.62,0.35,0.27,1
620476.19,1286722.25,754.49,753.00,754.49,0.62,0.35,0.27,1
620568.50,1286722.25,754.50,753.00,754.50,0.62,0.35,0.27,1
620660.75,1286722.25,757.51,756.00,757.51,0.62,0.35,0.27,1
620753.06,1286722.25,761.51,760.00,761.51,0.63,0.35,0.27,1
620845.31,1286722.25,759.52,758.00,759.52,0.63,0.35,0.28,1
620937.62,1286722.25,755.52,754.00,755.52,0.63,0.35,0.27,1
621029.88,1286722.25,751.52,750.00,751.52,0.62,0.35,0.27,1
621122.19,1286722.25,749.52,748.00,749.52,0.62,0.34,0.26,1
621214.44,1286722.25,752.52,751.00,752.52,0.62,0.34,0.26,1
621306.69,1286722.25,758.52,757.00,758.52,0.62,0.35,0.27,1
621399.00,1286722.25,759.53,758.00,759.53,0.63,0.35,0.27,1
621491.25,1286722.25,753.53,752.00,753.53,0.63,0.35,0.28,1
621583.56,1286722.25,745.53,744.00,745.53,0.63,0.35,0.27,1
621675.81,1286722.25,744.53,743.00,744.53,0.62,0.35,0.27,1
621768.12,1286722.25,747.53,746.00,747.53,0.62,0.35,0.27,1
621860.38,1286722.25,745.53,744.00,745.53,0.62,0.35,0.27,1
621952.69,1286722.25,746.53,745.00,746.53,0.62,0.35,0.27,1
622044.94,1286722.25,749.53,748.00,749.53,0.63,0.35,0.27,1
622137.19,1286722.25,748.53,747.00,748.53,0.63,0.36,0.28,1
622229.50,1286722.25,743.53,742.00,743.53,0.63,0.36,0.28,1
622321.75,1286722.25,740.53,739.00,740.53,0.63,0.35,0.27,1
622414.06,1286722.25,738.53,737.00,738.53,0.62,0.35,0.27,1
622506.31,1286722.25,737.53,736.00,737.53,0.62,0.34,0.26,1
622598.62,1286722.25,740.53,739.00,740.53,0.62,0.34,0.26,1
622690.88,1286722.25,742.53,741.00,742.53,0.62,0.34,0.26,1
622783.19,1286722.25,743.53,742.00,743.53,0.62,0.34,0.26,1
622875.44,1286722.25,745.54,744.00,745.54,0.62,0.34,0.26,1
622967.69,1286722.25,747.54,746.00,747.54,0.61,0.34,0.26,1
623060.00,1286722.25,750.55,749.00,750.55,0.61,0.33,0.25,1
623152.25,1286722.25,753.56,752.00,753.56,0.61,0.33,0.25,1
623244.56,1286722.25,754.58,753.00,754.58,0.61,0.33,0.25,1
623336.81,1286722.25,750.59,749.00,750.59,0.62,0.34,0.26,1
623429.12,1286722.25,747.60,746.00,747.60,0.62,0.34,0.26,1
623521.38,1286722.25,754.60,753.00,754.60,0.61,0.33,0.25,1
623613.69,1286722.25,760.61,759.00,760.61,0.62,0.34,0.26,1
623705.94,1286722.25,757.61,756.00,757.61,0.62,0.34,0.26,1
623798.19,1286722.25,763.62,762.00,763.62,0.61,0.33,0.25,1
623890.50,1286722.25,769.62,768.00,769.62,0.61,0.33,0.25,1
623982.75,1286722.25,763.62,762.00,763.62,0.62,0.34,0.26,1
624075.06,1286722.25,758.62,757.00,758.62,0.61,0.33,0.25,1
624167.31,1286722.25,767.62,766.00,767.62,0.61,0.33,0.25,1
624259.62,1286722.25,771.61,770.00,771.61,0.61,0.34,0.26,1
624351.88,1286722.25,768.61,767.00,768.61,0.62,0.34,0.26,1
624444.19,1286722.25,768.60,767.00,768.60,0.61,0.34,0.26,1
624536.44,1286722.25,767.58,766.00,767.58,0.61,0.34,0.26,1
624628.69,1286722.25,760.56,759.00,760.56,0.61,0.34,0.26,1
624721.00,1286722.25,764.53,763.00,764.53,0.61,0.33,0.25,1
624813.25,1286722.25,776.48,775.00,776.48,0.60,0.33,0.25,1
624905.56,1286722.25,789.42,788.00,789.42,0.60,0.33,0.25,1
624997.81,1286722.25,794.35,793.00,794.35,0.62,0.35,0.27,1
625090.12,1286722.25,796.29,795.00,796.29,0.64,0.37,0.29,1
625182.38,1286722.25,795.25,794.00,795.25,0.65,0.38,0.31,1
625274.69,1286722.25,787.22,786.00,787.22,0.65,0.39,0.31,1
625366.94,1286722.25,775.91,774.81,775.91,0.58,0.32,0.24,1
625459.19,1286722.25,-9999.00,-9999.00,-9999.00,0.71,0.71,0.71,0
614385.88,1286629.88,-9999.00,-9999.00,-9999.00,0.71,0.71,0.71,0
614478.12,1286629.88,771.05,770.00,771.05,0.31,0.05,-0.02,1
614570.44,1286629.88,758.98,758.00,758.98,0.64,0.38,0.31,1
614662.69,1286629.88,753.92,753.00,753.92,0.64,0.39,0.31,1
614755.00,1286629.88,750.96,750.00,750.96,0.64,0.39,0.32,1
614847.25,1286629.88,747.05,746.00,747.05,0.64,0.39,0.31,1
614939.56,1286629.88,753.17,752.00,753.17,0.64,0.37,0.30,1
615031.81,1286629.88,753.28,752.00,753.28,0.63,0.37,0.29,1
615124.12,1286629.88,755.38,754.00,755.38,0.63,0.36,0.28,1
615216.38,1286629.88,760.46,759.00,760.46,0.63,0.35,0.27,1
615308.62,1286629.88,758.52,757.00,758.52,0.63,0.36,0.28,1
615400.94,1286629.88,750.56,749.00,750.56,0.63,0.35,0.28,1
615493.19,1286629.88,738.59,737.00,738.59,0.63,0.35,0.27,1
615585.50,1286629.88,733.61,732.00,733.61,0.62,0.34,0.26,1
615677.75,1286629.88,736.63,735.00,736.63,0.62,0.34,0.26,1
615770.06,1286629.88,736.63,735.00,736.63,0.62,0.34,0.26,1
615862.31,1286629.88,735.64,734.00,735.64,0.62,0.34,0.26,1
615954.62,1286629.88,737.64,736.00,737.64,0.62,0.34,0.26,1
616046.88,1286629.88,743.64,742.00,743.64,0.60,0.32,0.24,1
616139.12,1286629.88,760.64,759.00,760.64,0.61,0.33,0.25,1
616231.44,1286629.88,759.64,758.00,759.64,0.62,0.34,0.26,1
616323.69,1286629.88,742.63,741.00,742.63,0.63,0.35,0.27,1
616416.00,1286629.88,736.63,735.00,736.63,0.62,0.34,0.26,1
616508.25,1286629.88,741.63,740.00,741.63,0.61,0.33,0.25,1
616600.56,1286629.88,752.63,751.00,752.63,0.61,0.33,0.25,1
616692.81,1286629.88,751.63,750.00,751.63,0.62,0.34,0.26,1
616785.12,1286629.88,741.63,740.00,741.63,0.62,0.34,0.26,1
616877.38,1286629.88,739.63,738.00,739.63,0.61,0.33,0.25,1
616969.62,1286629.88,745.63,744.00,745.63,0.61,0.34,0.26,1
617061.94,1286629.88,755.64,754.00,755.64,0.61,0.33,0.25,1
617154.19,1286629.88,762.64,761.00,762.64,0.61,0.33,0.25,1
617246.50,1286629.88,760.64,759.00,760.64,0.61,0.33,0.25,1
617338.75,1286629.88,760.64,759.00,760.64,0.61,0.33,0.25,1
617431.06,1286629.88,765.64,764.00,765.64,0.61,0.33,0.25,1
617523.31,1286629.88,769.64,768.00,769.64,0.62,0.34,0.26,1
617615.62,1286629.88,768.64,767.00,768.64,0.62,0.34,0.26,1
617707.88,1286629.88,767.63,766.00,767.63,0.62,0.34,0.26,1
617800.12,1286629.88,764.63,763.00,764.63,0.62,0.34,0.26,1
617892.44,1286629.88,767.62,766.00,767.62,0.62,0.34,0.26,1
617984.69,1286629.88,781.62,780.00,781.62,0.62,0.34,0.26,1
618077.00,1286629.88,792.60,791.00,792.60,0.62,0.34,0.26,1
618169.25,1286629.88,792.59,791.00,792.59,0.63,0.35,0.27,1
618261.56,1286629.88,791.59,790.00,791.59,0.63,0.35,0.27,1
618353.81,1286629.88,787.58,786.00,787.58,0.63,0.35,0.27,1
618446.12,1286629.88,778.58,777.00,778.58,0.64,0.36,0.28,1
618538.38,1286629.88,767.58,766.00,767.58,0.63,0.35,0.28,1
618630.62,1286629.88,762.58,761.00,762.58,0.63,0.35,0.27,1
618722.94,1286629.88,759.58,758.00,759.58,0.63,0.35,0.27,1
618815.19,1286629.88,757.57,756.00,757.57,0.62,0.35,0.27,1
618907.50,1286629.88,758.57,757.00,758.57,0.62,0.35,0.27,1
618999.75,1286629.88,764.57,763.00,764.57,0.63,0.35,0.27,1
619092.06,1286629.88,769.57,768.00,769.57,0.63,0.35,0.27,1
619184.31,1286629.88,771.56,770.00,771.56,0.63,0.35,0.27,1
619276.62,1286629.88,779.56,778.00,779.56,0.62,0.34,0.26,1
619368.88,1286629.88,790.55,789.00,790.55,0.62,0.35,0.27,1
619461.19,1286629.88,785.53,784.00,785.53,0.63,0.35,0.27,1
619553.44,1286629.88,772.52,771.00,772.52,0.62,0.35,0.27,1
619645.69,1286629.88,765.51,764.00,765.51,0.62,0.34,0.26,1
619738.00,1286629.88,760.50,759.00,760.50,0.62,0.34,0.27,1
619830.25,1286629.88,757.50,756.00,757.50,0.62,0.34,0.26,1
619922.56,1286629.88,756.49,755.00,756.49,0.62,0.35,0.27,1
620014.81,1286629.88,757.49,756.00,757.49,0.63,0.35,0.27,1
620107.12,1286629.88,756.49,755.00,756.49,0.63,0.35,0.28,1
620199.38,1286629.88,752.49,751.00,752.49,0.63,0.35,0.28,1
620291.69,1286629.88,752.50,751.00,752.50,0.63,0.35,0.27,1
620383.94,1286629.88,753.50,752.00,753.50,0.62,0.35,0.27,1
620476.19,1286629.88,753.51,752.00,753.51,0.62,0.35,0.27,1
620568.50,1286629.88,755.52,754.00,755.52,0.62,0.34,0.27,1
620660.75,1286629.88,759.53,758.00,759.53,0.62,0.34,0.26,1
620753.06,1286629.88,763.53,762.00,763.53,0.62,0.35,0.27,1
620845.31,1286629.88,761.53,760.00,761.53,0.63,0.35,0.27,1
620937.62,1286629.88,755.54,754.00,755.54,0.63,0.35,0.27,1
621029.88,1286629.88,749.54,748.00,749.54,0.63,0.35,0.27,1
621122.19,1286629.88,748.54,747.00,748.54,0.62,0.34,0.27,1
621214.44,1286629.88,752.55,751.00,752.55,0.62,0.34,0.26,1
621306.69,1286629.88,759.55,758.00,759.55,0.62,0.34,0.26,1
621399.00,1286629.88,758.55,757.00,758.55,0.63,0.35,0.27,1
621491.25,1286629.88,751.55,750.00,751.55,0.63,0.35,0.27,1
621583.56,1286629.88,746.55,745.00,746.55,0.63,0.35,0.27,1
621675.81,1286629.88,747.55,746.00,747.55,0.62,0.34,0.27,1
621768.12,1286629.88,749.55,748.00,749.55,0.62,0.35,0.27,1
621860.38,1286629.88,746.55,745.00,746.55,0.62,0.35,0.27,1
621952.69,1286629.88,748.55,747.00,748.55,0.62,0.34,0.26,1
622044.94,1286629.88,753.55,752.00,753.55,0.62,0.35,0.27,1
622137.19,1286629.88,753.54,752.00,753.54,0.63,0.35,0.27,1
622229.50,1286629.88,747.54,746.00,747.54,0.63,0.35,0.27,1
622321.75,1286629.88,741.54,740.00,741.54,0.63,0.35,0.27,1
622414.06,1286629.88,737.54,736.00,737.54,0.63,0.35,0.27,1
622506.31,1286629.88,737.54,736.00,737.54,0.63,0.35,0.27,1
622598.62,1286629.88,739.54,738.00,739.54,0.62,0.35,0.27,1
622690.88,1286629.88,740.54,739.00,740.54,0.62,0.34,0.27,1
622783.19,1286629.88,741.54,740.00,741.54,0.62,0.34,0.26,1
622875.44,1286629.88,741.54,740.00,741.54,0.62,0.34,0.26,1
622967.69,1286629.88,740.55,739.00,740.55,0.62,0.34,0.26,1
623060.00,1286629.88,740.56,739.00,740.56,0.62,0.34,0.26,1
623152.25,1286629.88,741.57,740.00,741.57,0.61,0.34,0.26,1
623244.56,1286629.88,743.58,742.00,743.58,0.61,0.34,0.26,1
623336.81,1286629.88,742.59,741.00,742.59,0.62,0.34,0.26,1
623429.12,1286629.88,743.60,742.00,743.60,0.61,0.34,0.26,1
623521.38,1286629.88,750.61,749.00,750.61,0.61,0.33,0.25,1
623613.69,1286629.88,760.61,759.00,760.61,0.61,0.34,0.26,1
623705.94,1286629.88,756.62,755.00,756.62,0.62,0.34,0.26,1
623798.19,1286629.88,759.62,758.00,759.62,0.61,0.33,0.25,1
623890.50,1286629.88,763.62,762.00,763.62,0.62,0.34,0.26,1
623982.75,1286629.88,756.63,755.00,756.63,0.62,0.34,0.26,1
624075.06,1286629.88,756.62,755.00,756.62,0.61,0.33,0.25,1
624167.31,1286629.88,767.62,766.00,767.62,0.61,0.33,0.25,1
624259.62,1286629.88,770.62,769.00,770.62,0.62,0.34,0.26,1
624351.88,1286629.88,763.61,762.00,763.61,0.62,0.34,0.26,1
624444.19,1286629.88,759.60,758.00,759.60,0.62,0.34,0.26,1
624536.44,1286629.88,757.59,756.00,757.59,0.61,0.34,0.26,1
624628.69,1286629.88,755.57,754.00,755.57,0.62,0.34,0.26,1
624721.00,1286629.88,763.54,762.00,763.54,0.61,0.34,0.26,1
624813.25,1286629.88,771.49,770.00,771.49,0.61,0.33,0.25,1
624905.56,1286629.88,782.43,781.00,782.43,0.60,0.33,0.25,1
624997.81,1286629.88,796.36,795.00,796.36,0.61,0.34,0.26,1
625090.12,1286629.88,809.30,808.00,809.30,0.63,0.36,0.28,1
625182.38,1286629.88,815.27,814.00,815.27,0.65,0.38,0.31,1
625274.69,1286629.88,801.25,800.00,801.25,0.66,0.39,0.31,1
625366.94,1286629.88,785.55,784.47,785.55,0.58,0.32,0.25,1
625459.19,1286629.88,-9999.00,-9999.00,-9999.00,0.71,0.71,0.71,0
614385.88,1286537.62,-9999.00,-9999.00,-9999.00,0.71,0.71,0.71,0
614478.12,1286537.62,758.09,757.00,758.09,0.32,0.06,-0.02,1
614570.44,1286537.62,762.12,761.00,762.12,0.64,0.38,0.30,1
614662.69,1286537.62,764.06,763.00,764.06,0.64,0.39,0.31,1
614755.00,1286537.62,768.07,767.00,768.07,0.65,0.39,0.31,1
614847.25,1286537.62,767.12,766.00,767.12,0.65,0.39,0.31,1
614939.56,1286537.62,766.21,765.00,766.21,0.64,0.38,0.30,1
615031.81,1286537.62,761.32,760.00,761.32,0.63,0.36,0.29,1
615124.12,1286537.62,759.41,758.00,759.41,0.62,0.35,0.27,1
615216.38,1286537.62,761.48,760.00,761.48,0.62,0.34,0.27,1
615308.62,1286537.62,756.54,755.00,756.54,0.62,0.35,0.27,1
615400.94,1286537.62,745.58,744.00,745.58,0.62,0.35,0.27,1
615493.19,1286537.62,736.61,735.00,736.61,0.63,0.35,0.27,1
615585.50,1286537.62,733.63,732.00,733.63,0.62,0.34,0.26,1
615677.75,1286537.62,735.64,734.00,735.64,0.62,0.34,0.26,1
615770.06,1286537.62,735.64,734.00,735.64,0.62,0.34,0.26,1
615862.31,1286537.62,736.64,735.00,736.64,0.62,0.34,0.26,1
615954.62,1286537.62,736.64,735.00,736.64,0.62,0.34,0.26,1
616046.88,1286537.62,739.64,738.00,739.64,0.61,0.33,0.25,1
616139.12,1286537.62,749.64,748.00,749.64,0.60,0.32,0.24,1
616231.44,1286537.62,749.64,748.00,749.64,0.61,0.33,0.25,1
616323.69,1286537.62,737.63,736.00,737.63,0.62,0.34,0.26,1
616416.00,1286537.62,734.63,733.00,734.63,0.62,0.34,0.26,1
616508.25,1286537.62,736.63,735.00,736.63,0.62,0.34,0.26,1
616600.56,1286537.62,740.63,739.00,740.63,0.61,0.33,0.25,1
616692.81,1286537.62,741.62,740.00,741.62,0.62,0.34,0.26,1
616785.12,1286537.62,739.62,738.00,739.62,0.62,0.34,0.26,1
616877.38,1286537.62,740.63,739.00,740.63,0.62,0.34,0.26,1
616969.62,1286537.62,748.63,747.00,748.63,0.62,0.34,0.26,1
617061.94,1286537.62,752.63,751.00,752.63,0.62,0.34,0.26,1
617154.19,1286537.62,754.64,753.00,754.64,0.61,0.33,0.25,1
617246.50,1286537.62,752.64,751.00,752.64,0.61,0.33,0.25,1
617338.75,1286537.62,751.64,750.00,751.64,0.61,0.33,0.25,1
617431.06,1286537.62,760.64,759.00,760.64,0.61,0.33,0.25,1
617523.31,1286537.62,762.64,761.00,762.64,0.61,0.33,0.25,1
617615.62,1286537.62,763.63,762.00,763.63,0.62,0.34,0.26,1
617707.88,1286537.62,762.63,761.00,762.63,0.62,0.34,0.26,1
617800.12,1286537.62,763.63,762.00,763.63,0.61,0.33,0.25,1
617892.44,1286537.62,775.62,774.00,775.62,0.61,0.33,0.25,1
617984.69,1286537.62,789.62,788.00,789.62,0.61,0.33,0.25,1
618077.00,1286537.62,798.60,797.00,798.60,0.62,0.34,0.26,1
618169.25,1286537.62,800.59,799.00,800.59,0.63,0.35,0.27,1
618261.56,1286537.62,797.59,796.00,797.59,0.63,0.35,0.27,1
618353.81,1286537.62,791.58,790.00,791.58,0.63,0.35,0.27,1
618446.12,1286537.62,785.58,784.00,785.58,0.64,0.36,0.28,1
618538.38,1286537.62,773.57,772.00,773.57,0.64,0.36,0.28,1
618630.62,1286537.62,763.57,762.00,763.57,0.63,0.35,0.27,1
618722.94,1286537.62,759.57,758.00,759.57,0.63,0.35,0.27,1
618815.19,1286537.62,758.57,757.00,758.57,0.62,0.34,0.26,1
618907.50,1286537.62,765.57,764.00,765.57,0.62,0.34,0.26,1
618999.75,1286537.62,779.57,778.00,779.57,0.62,0.34,0.27,1
619092.06,1286537.62,786.57,785.00,786.57,0.63,0.36,0.28,1
619184.31,1286537.62,784.57,783.00,784.57,0.64,0.36,0.28,1
619276.62,1286537.62,786.57,785.00,786.57,0.63,0.36,0.28,1
619368.88,1286537.62,790.57,789.00,790.57,0.63,0.35,0.27,1
619461.19,1286537.62,782.57,781.00,782.57,0.63,0.35,0.27,1
619553.44,1286537.62,770.56,769.00,770.56,0.63,0.35,0.27,1
619645.69,1286537.62,762.56,761.00,762.56,0.63,0.35,0.27,1
619738.00,1286537.62,759.56,758.00,759.56,0.62,0.35,0.27,1
619830.25,1286537.62,757.55,756.00,757.55,0.63,0.35,0.27,1
619922.56,1286537.62,757.55,756.00,757.55,0.62,0.35,0.27,1
620014.81,1286537.62,759.54,758.00,759.54,0.62,0.35,0.27,1
620107.12,1286537.62,758.54,757.00,758.54,0.63,0.35,0.27,1
620199.38,1286537.62,756.53,755.00,756.53,0.63,0.35,0.27,1
620291.69,1286537.62,756.53,755.00,756.53,0.63,0.35,0.27,1
620383.94,1286537.62,754.53,753.00,754.53,0.63,0.35,0.27,1
620476.19,1286537.62,753.54,752.00,753.54,0.62,0.35,0.27,1
620568.50,1286537.62,756.54,755.00,756.54,0.62,0.34,0.26,1
620660.75,1286537.62,760.55,759.00,760.55,0.62,0.34,0.26,1
620753.06,1286537.62,762.55,761.00,762.55,0.62,0.34,0.26,1
620845.31,1286537.62,759.55,758.00,759.55,0.62,0.35,0.27,1
620937.62,1286537.62,754.56,753.00,754.56,0.63,0.35,0.27,1
621029.88,1286537.62,751.56,750.00,751.56,0.63,0.35,0.27,1
621122.19,1286537.62,751.57,750.00,751.57,0.63,0.35,0.27,1
621214.44,1286537.62,753.57,752.00,753.57,0.62,0.34,0.27,1
621306.69,1286537.62,756.58,755.00,756.58,0.62,0.34,0.26,1
621399.00,1286537.62,757.58,756.00,757.58,0.62,0.34,0.27,1
621491.25,1286537.62,753.58,752.00,753.58,0.63,0.35,0.27,1
621583.56,1286537.62,749.58,748.00,749.58,0.63,0.35,0.27,1
621675.81,1286537.62,748.58,747.00,748.58,0.63,0.35,0.27,1
621768.12,1286537.62,749.58,748.00,749.58,0.62,0.35,0.27,1
621860.38,1286537.62,748.58,747.00,748.58,0.63,0.35,0.27,1
621952.69,1286537.62,749.58,748.00,749.58,0.62,0.34,0.26,1
622044.94,1286537.62,754.57,753.00,754.57,0.62,0.34,0.26,1
622137.19,1286537.62,754.56,753.00,754.56,0.62,0.35,0.27,1
622229.50,1286537.62,747.55,746.00,747.55,0.63,0.35,0.27,1
622321.75,1286537.62,741.55,740.00,741.55,0.63,0.35,0.27,1
622414.06,1286537.62,740.55,739.00,740.55,0.62,0.35,0.27,1
622506.31,1286537.62,745.55,744.00,745.55,0.63,0.35,0.27,1
622598.62,1286537.62,744.55,743.00,744.55,0.63,0.36,0.28,1
622690.88,1286537.62,741.55,740.00,741.55,0.63,0.35,0.27,1
622783.19,1286537.62,740.55,739.00,740.55,0.63,0.35,0.27,1
622875.44,1286537.62,740.55,739.00,740.55,0.62,0.35,0.27,1
622967.69,1286537.62,739.56,738.00,739.56,0.62,0.34,0.27,1
623060.00,1286537.62,740.57,739.00,740.57,0.62,0.34,0.27,1
623152.25,1286537.62,741.58,740.00,741.58,0.63,0.35,0.27,1
623244.56,1286537.62,742.59,741.00,742.59,0.63,0.35,0.27,1
623336.81,1286537.62,742.59,741.00,742.59,0.63,0.35,0.27,1
623429.12,1286537.62,742.60,741.00,742.60,0.62,0.34,0.26,1
623521.38,1286537.62,746.61,745.00,746.61,0.61,0.33,0.25,1
623613.69,1286537.62,754.62,753.00,754.62,0.61,0.33,0.25,1
623705.94,1286537.62,753.62,752.00,753.62,0.62,0.34,0.26,1
623798.19,1286537.62,753.62,752.00,753.62,0.61,0.33,0.25,1
623890.50,1286537.62,756.63,755.00,756.63,0.61,0.33,0.25,1
623982.75,1286537.62,751.63,750.00,751.63,0.62,0.34,0.26,1
624075.06,1286537.62,753.63,752.00,753.63,0.61,0.33,0.25,1
624167.31,1286537.62,756.63,755.00,756.63,0.61,0.33,0.25,1
624259.62,1286537.62,757.62,756.00,757.62,0.61,0.33,0.25,1
624351.88,1286537.62,754.62,753.00,754.62,0.62,0.34,0.26,1
624444.19,1286537.62,752.61,751.00,752.61,0.62,0.34,0.26,1
624536.44,1286537.62,750.60,749.00,750.60,0.61,0.33,0.26,1
624628.69,1286537.62,757.58,756.00,757.58,0.61,0.33,0.26,1
624721.00,1286537.62,765.55,764.00,765.55,0.61,0.34,0.26,1
624813.25,1286537.62,768.50,767.00,768.50,0.61,0.33,0.25,1
624905.56,1286537.62,778.44,777.00,778.44,0.60,0.32,0.24,1
624997.81,1286537.62,798.36,797.00,798.36,0.59,0.32,0.24,1
625090.12,1286537.62,819.30,818.00,819.30,0.61,0.34,0.26,1
625182.38,1286537.62,824.26,823.00,824.26,0.63,0.36,0.29,1
625274.69,1286537.62,809.24,808.00,809.24,0.64,0.38,0.30,1
625366.94,1286537.62,795.19,794.13,795.19,0.58,0.32,0.25,1
625459.19,1286537.62,-9999.00,-9999.00,-9999.00,0.71,0.71,0.71,0
614385.88,1286445.38,-9999.00,-9999.00,-9999.00,0.71,0.71,0.71,0
614478.12,1286445.38,762.12,761.00,762.12,0.32,0.06,-0.01,1
614570.44,1286445.38,778.20,777.00,778.20,0.62,0.36,0.29,1
614662.69,1286445.38,783.17,782.00,783.17,0.63,0.37,0.30,1
614755.00,1286445.38,783.17,782.00,783.17,0.64,0.37,0.30,1
614847.25,1286445.38,776.20,775.00,776.20,0.63,0.37,0.29,1
614939.56,1286445.38,767.26,766.00,767.26,0.63,0.36,0.29,1
615031.81,1286445.38,759.36,758.00,759.36,0.62,0.35,0.28,1
615124.12,1286445.38,754.45,753.00,754.45,0.62,0.34,0.27,1
615216.38,1286445.38,752.52,751.00,752.52,0.61,0.34,0.26,1
615308.62,1286445.38,745.57,744.00,745.57,0.62,0.34,0.26,1
615400.94,1286445.38,738.60,737.00,738.60,0.62,0.34,0.26,1
615493.19,1286445.38,736.62,735.00,736.62,0.63,0.35,0.27,1
615585.50,1286445.38,734.64,733.00,734.64,0.62,0.34,0.26,1
615677.75,1286445.38,733.65,732.00,733.65,0.62,0.34,0.26,1
615770.06,1286445.38,734.65,733.00,734.65,0.62,0.34,0.26,1
615862.31,1286445.38,737.65,736.00,737.65,0.62,0.34,0.26,1
615954.62,1286445.38,736.65,735.00,736.65,0.62,0.34,0.26,1
616046.88,1286445.38,736.65,735.00,736.65,0.62,0.34,0.26,1
616139.12,1286445.38,736.64,735.00,736.64,0.61,0.33,0.25,1
616231.44,1286445.38,737.64,736.00,737.64,0.61,0.33,0.25,1
616323.69,1286445.38,734.63,733.00,734.63,0.62,0.34,0.26,1
616416.00,1286445.38,738.63,737.00,738.63,0.62,0.34,0.26,1
616508.25,1286445.38,743.62,742.00,743.62,0.63,0.35,0.27,1
616600.56,1286445.38,744.62,743.00,744.62,0.63,0.35,0.27,1
616692.81,1286445.38,744.62,743.00,744.62,0.63,0.35,0.27,1
616785.12,1286445.38,743.62,742.00,743.62,0.63,0.35,0.27,1
616877.38,1286445.38,745.62,744.00,745.62,0.62,0.34,0.26,1
616969.62,1286445.38,752.62,751.00,752.62,0.62,0.34,0.26,1
617061.94,1286445.38,752.63,751.00,752.63,0.62,0.34,0.26,1
617154.19,1286445.38,750.63,749.00,750.63,0.62,0.34,0.26,1
617246.50,1286445.38,746.63,745.00,746.63,0.62,0.34,0.26,1
617338.75,1286445.38,749.64,748.00,749.64,0.62,0.34,0.26,1
617431.06,1286445.38,757.64,756.00,757.64,0.62,0.34,0.26,1
617523.31,1286445.38,761.64,760.00,761.64,0.62,0.34,0.26,1
617615.62,1286445.38,763.64,762.00,763.64,0.62,0.34,0.26,1
617707.88,1286445.38,763.63,762.00,763.63,0.63,0.35,0.27,1
617800.12,1286445.38,763.63,762.00,763.63,0.62,0.34,0.26,1
617892.44,1286445.38,774.62,773.00,774.62,0.61,0.33,0.25,1
617984.69,1286445.38,789.61,788.00,789.61,0.60,0.32,0.25,1
618077.00,1286445.38,799.60,798.00,799.60,0.61,0.33,0.25,1
618169.25,1286445.38,807.59,806.00,807.59,0.62,0.34,0.27,1
618261.56,1286445.38,802.58,801.00,802.58,0.63,0.35,0.27,1
618353.81,1286445.38,794.57,793.00,794.57,0.63,0.35,0.27,1
618446.12,1286445.38,790.57,789.00,790.57,0.63,0.35,0.28,1
618538.38,1286445.38,778.57,777.00,778.57,0.64,0.36,0.28,1
618630.62,1286445.38,765.56,764.00,765.56,0.63,0.36,0.28,1
618722.94,1286445.38,762.56,761.00,762.56,0.63,0.35,0.27,1
618815.19,1286445.38,761.56,760.00,761.56,0.62,0.34,0.26,1
618907.50,1286445.38,770.56,769.00,770.56,0.61,0.33,0.25,1
618999.75,1286445.38,789.56,788.00,789.56,0.61,0.33,0.25,1
619092.06,1286445.38,803.57,802.00,803.57,0.62,0.34,0.26,1
619184.31,1286445.38,810.57,809.00,810.57,0.64,0.36,0.28,1
619276.62,1286445.38,811.59,810.00,811.59,0.65,0.37,0.29,1
619368.88,1286445.38,801.61,800.00,801.61,0.65,0.37,0.29,1
619461.19,1286445.38,782.62,781.00,782.62,0.64,0.36,0.28,1
619553.44,1286445.38,769.63,768.00,769.63,0.63,0.35,0.27,1
619645.69,1286445.38,760.63,759.00,760.63,0.63,0.35,0.27,1
619738.00,1286445.38,760.63,759.00,760.63,0.62,0.34,0.26,1
619830.25,1286445.38,761.63,760.00,761.63,0.63,0.35,0.27,1
619922.56,1286445.38,760.63,759.00,760.63,0.63,0.35,0.27,1
620014.81,1286445.38,759.62,758.00,759.62,0.62,0.34,0.26,1
620107.12,1286445.38,759.60,758.00,759.60,0.62,0.35,0.27,1
620199.38,1286445.38,758.59,757.00,758.59,0.63,0.35,0.27,1
620291.69,1286445.38,758.58,757.00,758.58,0.63,0.35,0.27,1
620383.94,1286445.38,757.57,756.00,757.57,0.63,0.35,0.27,1
620476.19,1286445.38,756.57,755.00,756.57,0.62,0.35,0.27,1
620568.50,1286445.38,757.57,756.00,757.57,0.62,0.34,0.26,1
620660.75,1286445.38,760.57,759.00,760.57,0.62,0.34,0.26,1
620753.06,1286445.38,760.58,759.00,760.58,0.62,0.35,0.27,1
620845.31,1286445.38,756.58,755.00,756.58,0.62,0.35,0.27,1
620937.62,1286445.38,753.58,752.00,753.58,0.62,0.35,0.27,1
621029.88,1286445.38,753.59,752.00,753.59,0.62,0.34,0.27,1
621122.19,1286445.38,757.60,756.00,757.60,0.62,0.35,0.27,1
621214.44,1286445.38,759.61,758.00,759.61,0.63,0.35,0.27,1
621306.69,1286445.38,757.61,756.00,757.61,0.62,0.34,0.26,1
621399.00,1286445.38,757.62,756.00,757.62,0.62,0.34,0.26,1
621491.25,1286445.38,755.62,754.00,755.62,0.63,0.35,0.27,1
621583.56,1286445.38,755.62,754.00,755.62,0.63,0.35,0.27,1
621675.81,1286445.38,754.62,753.00,754.62,0.63,0.35,0.27,1
621768.12,1286445.38,752.62,751.00,752.62,0.63,0.35,0.27,1
621860.38,1286445.38,752.62,751.00,752.62,0.63,0.35,0.27,1
621952.69,1286445.38,752.61,751.00,752.61,0.62,0.35,0.27,1
622044.94,1286445.38,753.59,752.00,753.59,0.62,0.34,0.26,1
622137.19,1286445.38,751.58,750.00,751.58,0.63,0.35,0.27,1
622229.50,1286445.38,746.57,745.00,746.57,0.63,0.35,0.27,1
622321.75,1286445.38,745.56,744.00,745.56,0.63,0.35,0.27,1
622414.06,1286445.38,746.56,745.00,746.56,0.62,0.35,0.27,1
622506.31,1286445.38,751.56,750.00,751.56,0.62,0.34,0.26,1
622598.62,1286445.38,754.56,753.00,754.56,0.63,0.35,0.27,1
622690.88,1286445.38,751.56,750.00,751.56,0.63,0.35,0.28,1
622783.19,1286445.38,747.56,746.00,747.56,0.63,0.35,0.27,1
622875.44,1286445.38,742.56,741.00,742.56,0.63,0.35,0.27,1
622967.69,1286445.38,740.56,739.00,740.56,0.62,0.34,0.27,1
623060.00,1286445.38,743.57,742.00,743.57,0.62,0.34,0.26,1
623152.25,1286445.38,749.58,748.00,749.58,0.63,0.35,0.27,1
623244.56,1286445.38,752.59,751.00,752.59,0.63,0.35,0.27,1
623336.81,1286445.38,752.59,751.00,752.59,0.64,0.36,0.28,1
623429.12,1286445.38,747.60,746.00,747.60,0.63,0.36,0.28,1
623521.38,1286445.38,746.61,745.00,746.61,0.62,0.34,0.26,1
623613.69,1286445.38,749.62,748.00,749.62,0.62,0.34,0.26,1
623705.94,1286445.38,747.62,746.00,747.62,0.62,0.34,0.26,1
623798.19,1286445.38,744.63,743.00,744.63,0.62,0.34,0.26,1
623890.50,1286445.38,744.63,743.00,744.63,0.62,0.34,0.26,1
623982.75,1286445.38,744.63,743.00,744.63,0.62,0.34,0.26,1
624075.06,1286445.38,745.63,744.00,745.63,0.62,0.34,0.26,1
624167.31,1286445.38,745.63,744.00,745.63,0.62,0.34,0.26,1
624259.62,1286445.38,745.63,744.00,745.63,0.61,0.33,0.25,1
624351.88,1286445.38,747.62,746.00,747.62,0.62,0.34,0.26,1
624444.19,1286445.38,748.62,747.00,748.62,0.62,0.34,0.26,1
624536.44,1286445.38,748.61,747.00,748.61,0.62,0.34,0.26,1
624628.69,1286445.38,755.59,754.00,755.59,0.61,0.33,0.25,1
624721.00,1286445.38,759.55,758.00,759.55,0.61,0.34,0.26,1
624813.25,1286445.38,757.51,756.00,757.51,0.61,0.33,0.25,1
624905.56,1286445.38,769.44,768.00,769.44,0.59,0.32,0.24,1
624997.81,1286445.38,791.37,790.00,791.37,0.58,0.31,0.24,1
625090.12,1286445.38,811.30,810.00,811.30,0.59,0.33,0.25,1
625182.38,1286445.38,813.25,812.00,813.25,0.61,0.34,0.27,1
625274.69,1286445.38,802.22,801.00,802.22,0.62,0.36,0.28,1
625366.94,1286445.38,792.49,791.45,792.49,0.58,0.32,0.25,1
625459.19,1286445.38,-9999.00,-9999.00,-9999.00,0.71,0.71,0.71,0
614385.88,1286353.12,-9999.00,-9999.00,-9999.00,0.71,0.71,0.71,0
614478.12,1286353.12,775.14,774.00,775.14,0.32,0.06,-0.01,1
614570.44,1286353.12,783.24,782.00,783.24,0.62,0.35,0.28,1
614662.69,1286353.12,782.22,781.00,782.22,0.62,0.36,0.28,1
614755.00,1286353.12,775.23,774.00,775.23,0.62,0.36,0.28,1
614847.25,1286353.12,763.27,762.00,763.27,0.62,0.36,0.28,1
614939.56,1286353.12,754.33,753.00,754.33,0.63,0.36,0.28,1
615031.81,1286353.12,749.41,748.00,749.41,0.62,0.35,0.27,1
615124.12,1286353.12,744.49,743.00,744.49,0.62,0.34,0.27,1
615216.38,1286353.12,740.55,739.00,740.55,0.62,0.34,0.26,1
615308.62,1286353.12,737.59,736.00,737.59,0.62,0.34,0.26,1
615400.94,1286353.12,739.62,738.00,739.62,0.63,0.35,0.27,1
615493.19,1286353.12,739.64,738.00,739.64,0.63,0.35,0.27,1
615585.50,1286353.12,736.65,735.00,736.65,0.62,0.34,0.26,1
615677.75,1286353.12,741.65,740.00,741.65,0.63,0.35,0.27,1
615770.06,1286353.12,741.65,740.00,741.65,0.63,0.35,0.27,1
615862.31,1286353.12,736.65,735.00,736.65,0.63,0.35,0.27,1
615954.62,1286353.12,735.65,734.00,735.65,0.62,0.34,0.26,1
616046.88,1286353.12,735.65,734.00,735.65,0.62,0.34,0.26,1
616139.12,1286353.12,733.65,732.00,733.65,0.62,0.34,0.26,1
616231.44,1286353.12,735.64,734.00,735.64,0.62,0.34,0.26,1
616323.69,1286353.12,740.63,739.00,740.63,0.62,0.34,0.26,1
616416.00,1286353.12,749.62,748.00,749.62,0.62,0.34,0.26,1
616508.25,1286353.12,758.62,757.00,758.62,0.62,0.34,0.26,1
616600.56,1286353.12,761.62,760.00,761.62,0.63,0.35,0.27,1
616692.81,1286353.12,758.61,757.00,758.61,0.63,0.35,0.27,1
616785.12,1286353.12,753.61,752.00,753.61,0.63,0.35,0.27,1
616877.38,1286353.12,751.61,750.00,751.61,0.63,0.35,0.27,1
616969.62,1286353.12,755.62,754.00,755.62,0.62,0.34,0.26,1
617061.94,1286353.12,753.62,752.00,753.62,0.62,0.34,0.26,1
617154.19,1286353.12,745.62,744.00,745.62,0.62,0.34,0.26,1
617246.50,1286353.12,744.63,743.00,744.63,0.62,0.34,0.26,1
617338.75,1286353.12,753.63,752.00,753.63,0.61,0.33,0.25,1
617431.06,1286353.12,764.63,763.00,764.63,0.62,0.34,0.26,1
617523.31,1286353.12,770.63,769.00,770.63,0.63,0.35,0.27,1
617615.62,1286353.12,772.63,771.00,772.63,0.63,0.35,0.27,1
617707.88,1286353.12,771.63,770.00,771.63,0.63,0.35,0.27,1
617800.12,1286353.12,770.62,769.00,770.62,0.62,0.35,0.27,1
617892.44,1286353.12,774.61,773.00,774.61,0.62,0.34,0.26,1
617984.69,1286353.12,785.61,784.00,785.61,0.60,0.33,0.25,1
618077.00,1286353.12,798.59,797.00,798.59,0.60,0.33,0.25,1
618169.25,1286353.12,807.58,806.00,807.58,0.62,0.34,0.26,1
618261.56,1286353.12,803.57,802.00,803.57,0.63,0.35,0.27,1
618353.81,1286353.12,795.56,794.00,795.56,0.63,0.35,0.27,1
618446.12,1286353.12,789.56,788.00,789.56,0.63,0.35,0.27,1
618538.38,1286353.12,779.55,778.00,779.55,0.64,0.36,0.28,1
618630.62,1286353.12,770.55,769.00,770.55,0.63,0.36,0.28,1
618722.94,1286353.12,766.55,765.00,766.55,0.63,0.35,0.27,1
618815.19,1286353.12,765.55,764.00,765.55,0.62,0.35,0.27,1
618907.50,1286353.12,776.55,775.00,776.55,0.62,0.34,0.26,1
618999.75,1286353.12,791.56,790.00,791.56,0.61,0.33,0.25,1
619092.06,1286353.12,809.56,808.00,809.56,0.61,0.33,0.25,1
619184.31,1286353.12,826.58,825.00,826.58,0.62,0.35,0.27,1
619276.62,1286353.12,831.61,830.00,831.61,0.64,0.36,0.29,1
619368.88,1286353.12,811.65,810.00,811.65,0.65,0.37,0.29,1
619461.19,1286353.12,785.70,784.00,785.70,0.64,0.36,0.28,1
619553.44,1286353.12,770.73,769.00,770.73,0.63,0.35,0.27,1
619645.69,1286353.12,763.74,762.00,763.74,0.63,0.34,0.26,1
619738.00,1286353.12,764.75,763.00,764.75,0.62,0.34,0.26,1
619830.25,1286353.12,765.75,764.00,765.75,0.62,0.34,0.26,1
619922.56,1286353.12,763.74,762.00,763.74,0.62,0.34,0.26,1
620014.81,1286353.12,761.72,760.00,761.72,0.62,0.34,0.26,1
620107.12,1286353.12,762.70,761.00,762.70,0.62,0.34,0.26,1
620199.38,1286353.12,763.66,762.00,763.66,0.63,0.34,0.26,1
620291.69,1286353.12,762.64,761.00,762.64,0.63,0.35,0.27,1
620383.94,1286353.12,760.62,759.00,760.62,0.63,0.35,0.27,1
620476.19,1286353.12,758.61,757.00,758.61,0.63,0.35,0.27,1
620568.50,1286353.12,758.61,757.00,758.61,0.62,0.34,0.26,1
620660.75,1286353.12,763.61,762.00,763.61,0.62,0.34,0.26,1
620753.06,1286353.12,763.61,762.00,763.61,0.63,0.35,0.27,1
620845.31,1286353.12,757.61,756.00,757.61,0.63,0.35,0.27,1
620937.62,1286353.12,755.62,754.00,755.62,0.62,0.34,0.26,1
621029.88,1286353.12,759.63,758.00,759.63,0.62,0.34,0.26,1
621122.19,1286353.12,764.64,763.00,764.64,0.62,0.34,0.26,1
621214.44,1286353.12,761.66,760.00,761.66,0.63,0.35,0.27,1
621306.69,1286353.12,758.67,757.00,758.67,0.63,0.34,0.26,1
621399.00,1286353.12,757.67,756.00,757.67,0.62,0.34,0.26,1
621491.25,1286353.12,758.68,757.00,758.68,0.62,0.34,0.26,1
621583.56,1286353.12,760.68,759.00,760.68,0.62,0.34,0.26,1
621675.81,1286353.12,759.68,758.00,759.68,0.63,0.34,0.26,1
621768.12,1286353.12,759.67,758.00,759.67,0.63,0.35,0.26,1
621860.38,1286353.12,760.66,759.00,760.66,0.63,0.35,0.27,1
621952.69,1286353.12,757.65,756.00,757.65,0.63,0.35,0.27,1
622044.94,1286353.12,755.63,754.00,755.63,0.63,0.35,0.27,1
622137.19,1286353.12,753.61,752.00,753.61,0.63,0.35,0.27,1
622229.50,1286353.12,751.59,750.00,751.59,0.63,0.35,0.27,1
622321.75,1286353.12,750.58,749.00,750.58,0.63,0.35,0.27,1
622414.06,1286353.12,748.57,747.00,748.57,0.63,0.35,0.27,1
622506.31,1286353.12,750.57,749.00,750.57,0.62,0.34,0.26,1
622598.62,1286353.12,753.57,752.00,753.57,0.62,0.34,0.26,1
622690.88,1286353.12,752.57,751.00,752.57,0.63,0.35,0.27,1
622783.19,1286353.12,747.57,746.00,747.57,0.63,0.35,0.27,1
622875.44,1286353.12,742.57,741.00,742.57,0.63,0.35,0.27,1
622967.69,1286353.12,741.57,740.00,741.57,0.62,0.34,0.26,1
623060.00,1286353.12,748.58,747.00,748.58,0.62,0.34,0.26,1
623152.25,1286353.12,757.59,756.00,757.59,0.62,0.34,0.26,1
623244.56,1286353.12,762.59,761.00,762.59,0.63,0.35,0.27,1
623336.81,1286353.12,764.60,763.00,764.60,0.63,0.35,0.27,1
623429.12,1286353.12,761.61,760.00,761.61,0.64,0.36,0.28,1
623521.38,1286353.12,752.61,751.00,752.61,0.63,0.35,0.28,1
623613.69,1286353.12,748.62,747.00,748.62,0.63,0.35,0.27,1
623705.94,1286353.12,746.63,745.00,746.63,0.62,0.34,0.26,1
623798.19,1286353.12,745.63,744.00,745.63,0.63,0.35,0.27,1
623890.50,1286353.12,746.64,745.00,746.64,0.63,0.35,0.27,1
623982.75,1286353.12,748.64,747.00,748.64,0.63,0.35,0.27,1
624075.06,1286353.12,747.64,746.00,747.64,0.63,0.35,0.27,1
624167.31,1286353.12,747.64,746.00,747.64,0.63,0.35,0.27,1
624259.62,1286353.12,747.64,746.00,747.64,0.63,0.35,0.27,1
624351.88,1286353.12,747.63,746.00,747.63,0.62,0.34,0.26,1
624444.19,1286353.12,748.62,747.00,748.62,0.62,0.34,0.26,1
624536.44,1286353.12,750.61,749.00,750.61,0.63,0.35,0.27,1
624628.69,1286353.12,750.59,749.00,750.59,0.62,0.34,0.27,1
624721.00,1286353.12,751.56,750.00,751.56,0.62,0.34,0.26,1
624813.25,1286353.12,752.51,751.00,752.51,0.61,0.34,0.26,1
624905.56,1286353.12,763.45,762.00,763.45,0.60,0.32,0.25,1
624997.81,1286353.12,781.37,780.00,781.37,0.59,0.32,0.24,1
625090.12,1286353.12,796.29,795.00,796.29,0.60,0.33,0.25,1
625182.38,1286353.12,794.23,793.00,794.23,0.61,0.34,0.27,1
625274.69,1286353.12,786.20,785.00,786.20,0.62,0.35,0.28,1
625366.94,1286353.12,777.47,776.44,777.47,0.58,0.32,0.25,1
625459.19,1286353.12,-9999.00,-9999.00,-9999.00,0.71,0.71,0.71,0
614385.88,1286260.88,-9999.00,-9999.00,-9999.00,0.71,0.71,0.71,0
614478.12,1286260.88,778.15,777.00,778.15,0.32,0.06,-0.01,1
614570.44,1286260.88,776.26,775.00,776.26,0.62,0.35,0.28,1
614662.69,1286260.88,770.26,769.00,770.26,0.62,0.35,0.28,1
614755.00,1286260.88,761.28,760.00,761.28,0.62,0.36,0.28,1
614847.25,1286260.88,756.33,755.00,756.33,0.63,0.36,0.29,1
614939.56,1286260.88,757.38,756.00,757.38,0.64,0.37,0.29,1
615031.81,1286260.88,749.45,748.00,749.45,0.64,0.36,0.29,1
615124.12,1286260.88,740.52,739.00,740.52,0.63,0.35,0.27,1
615216.38,1286260.88,737.57,736.00,737.57,0.62,0.35,0.27,1
615308.62,1286260.88,740.61,739.00,740.61,0.62,0.34,0.26,1
615400.94,1286260.88,748.63,747.00,748.63,0.63,0.35,0.27,1
615493.19,1286260.88,746.65,745.00,746.65,0.63,0.35,0.27,1
615585.50,1286260.88,737.65,736.00,737.65,0.62,0.34,0.26,1
615677.75,1286260.88,750.66,749.00,750.66,0.62,0.34,0.26,1
615770.06,1286260.88,750.66,749.00,750.66,0.63,0.35,0.27,1
615862.31,1286260.88,740.66,739.00,740.66,0.63,0.35,0.27,1
615954.62,1286260.88,739.66,738.00,739.66,0.63,0.35,0.27,1
616046.88,1286260.88,736.65,735.00,736.65,0.63,0.35,0.27,1
616139.12,1286260.88,734.65,733.00,734.65,0.62,0.34,0.26,1
616231.44,1286260.88,734.64,733.00,734.64,0.61,0.33,0.25,1
616323.69,1286260.88,744.63,743.00,744.63,0.61,0.33,0.25,1
616416.00,1286260.88,752.62,751.00,752.62,0.61,0.33,0.25,1
616508.25,1286260.88,757.61,756.00,757.61,0.61,0.33,0.25,1
616600.56,1286260.88,757.61,756.00,757.61,0.62,0.34,0.26,1
616692.81,1286260.88,757.61,756.00,757.61,0.62,0.34,0.26,1
616785.12,1286260.88,756.61,755.00,756.61,0.62,0.34,0.26,1
616877.38,1286260.88,756.61,755.00,756.61,0.63,0.35,0.27,1
616969.62,1286260.88,752.61,751.00,752.61,0.62,0.34,0.26,1
617061.94,1286260.88,746.61,745.00,746.61,0.62,0.34,0.26,1
617154.19,1286260.88,742.61,741.00,742.61,0.62,0.34,0.26,1
617246.50,1286260.88,744.62,743.00,744.62,0.61,0.33,0.25,1
617338.75,1286260.88,758.62,757.00,758.62,0.61,0.33,0.25,1
617431.06,1286260.88,772.62,771.00,772.62,0.61,0.33,0.25,1
617523.31,1286260.88,779.62,778.00,779.62,0.62,0.34,0.26,1
617615.62,1286260.88,778.62,777.00,778.62,0.62,0.34,0.26,1
617707.88,1286260.88,774.62,773.00,774.62,0.62,0.34,0.26,1
617800.12,1286260.88,772.61,771.00,772.61,0.62,0.34,0.26,1
617892.44,1286260.88,780.61,779.00,780.61,0.62,0.34,0.26,1
617984.69,1286260.88,784.60,783.00,784.60,0.62,0.34,0.26,1
618077.00,1286260.88,793.59,792.00,793.59,0.60,0.33,0.25,1
618169.25,1286260.88,805.57,804.00,805.57,0.62,0.34,0.26,1
618261.56,1286260.88,801.56,800.00,801.56,0.63,0.35,0.27,1
618353.81,1286260.88,795.55,794.00,795.55,0.63,0.35,0.27,1
618446.12,1286260.88,791.54,790.00,791.54,0.63,0.35,0.28,1
618538.38,1286260.88,786.53,785.00,786.53,0.64,0.36,0.28,1
618630.62,1286260.88,775.53,774.00,775.53,0.64,0.36,0.28,1
618722.94,1286260.88,770.53,769.00,770.53,0.63,0.35,0.27,1
618815.19,1286260.88,775.53,774.00,775.53,0.62,0.34,0.27,1
618907.50,1286260.88,791.53,790.00,791.53,0.62,0.34,0.26,1
618999.75,1286260.88,804.54,803.00,804.54,0.61,0.33,0.26,1
619092.06,1286260.88,824.55,823.00,824.55,0.61,0.33,0.25,1
619184.31,1286260.88,840.58,839.00,840.58,0.62,0.34,0.26,1
619276.62,1286260.88,842.62,841.00,842.62,0.64,0.36,0.28,1
619368.88,1286260.88,823.69,822.00,823.69,0.65,0.37,0.29,1
619461.19,1286260.88,790.79,789.00,790.79,0.65,0.36,0.28,1
619553.44,1286260.88,774.86,773.00,774.86,0.63,0.35,0.26,1
619645.69,1286260.88,769.89,768.00,769.89,0.63,0.34,0.25,1
619738.00,1286260.88,769.91,768.00,769.91,0.62,0.33,0.25,1
619830.25,1286260.88,768.91,767.00,768.91,0.62,0.33,0.25,1
619922.56,1286260.88,765.90,764.00,765.90,0.62,0.34,0.25,1
620014.81,1286260.88,764.88,763.00,764.88,0.62,0.33,0.25,1
620107.12,1286260.88,766.83,765.00,766.83,0.62,0.34,0.25,1
620199.38,1286260.88,767.77,766.00,767.77,0.63,0.34,0.26,1
620291.69,1286260.88,764.72,763.00,764.72,0.63,0.35,0.27,1
620383.94,1286260.88,763.69,762.00,763.69,0.63,0.34,0.26,1
620476.19,1286260.88,765.67,764.00,765.67,0.63,0.35,0.27,1
620568.50,1286260.88,765.66,764.00,765.66,0.63,0.35,0.27,1
620660.75,1286260.88,766.65,765.00,766.65,0.62,0.34,0.26,1
620753.06,1286260.88,764.65,763.00,764.65,0.63,0.35,0.27,1
620845.31,1286260.88,759.65,758.00,759.65,0.63,0.35,0.27,1
620937.62,1286260.88,758.66,757.00,758.66,0.62,0.34,0.26,1
621029.88,1286260.88,761.68,760.00,761.68,0.62,0.34,0.26,1
621122.19,1286260.88,764.70,763.00,764.70,0.62,0.34,0.26,1
621214.44,1286260.88,763.73,762.00,763.73,0.62,0.34,0.26,1
621306.69,1286260.88,762.75,761.00,762.75,0.63,0.34,0.26,1
621399.00,1286260.88,760.76,759.00,760.76,0.63,0.34,0.26,1
621491.25,1286260.88,761.76,760.00,761.76,0.62,0.34,0.26,1
621583.56,1286260.88,763.76,762.00,763.76,0.62,0.34,0.26,1
621675.81,1286260.88,763.76,762.00,763.76,0.62,0.34,0.26,1
621768.12,1286260.88,764.75,763.00,764.75,0.62,0.34,0.26,1
621860.38,1286260.88,766.74,765.00,766.74,0.62,0.34,0.26,1
621952.69,1286260.88,765.71,764.00,765.71,0.63,0.35,0.27,1
622044.94,1286260.88,760.68,759.00,760.68,0.63,0.35,0.27,1
622137.19,1286260.88,756.65,755.00,756.65,0.63,0.35,0.27,1
622229.50,1286260.88,757.62,756.00,757.62,0.63,0.35,0.27,1
622321.75,1286260.88,756.61,755.00,756.61,0.63,0.35,0.27,1
622414.06,1286260.88,753.59,752.00,753.59,0.63,0.35,0.27,1
622506.31,1286260.88,751.59,750.00,751.59,0.62,0.35,0.27,1
622598.62,1286260.88,752.58,751.00,752.58,0.62,0.35,0.27,1
622690.88,1286260.88,753.58,752.00,753.58,0.63,0.35,0.27,1
622783.19,1286260.88,749.58,748.00,749.58,0.63,0.35,0.27,1
622875.44,1286260.88,744.58,743.00,744.58,0.63,0.35,0.27,1
622967.69,1286260.88,746.58,745.00,746.58,0.62,0.34,0.26,1
623060.00,1286260.88,755.59,754.00,755.59,0.62,0.34,0.26,1
623152.25,1286260.88,765.59,764.00,765.59,0.62,0.34,0.26,1
623244.56,1286260.88,770.60,769.00,770.60,0.62,0.35,0.27,1
623336.81,1286260.88,769.60,768.00,769.60,0.63,0.35,0.27,1
623429.12,1286260.88,764.61,763.00,764.61,0.63,0.35,0.27,1
623521.38,1286260.88,758.62,757.00,758.62,0.63,0.35,0.27,1
623613.69,1286260.88,750.62,749.00,750.62,0.63,0.35,0.27,1
623705.94,1286260.88,749.63,748.00,749.63,0.62,0.34,0.26,1
623798.19,1286260.88,753.64,752.00,753.64,0.62,0.34,0.26,1
623890.50,1286260.88,763.64,762.00,763.64,0.62,0.34,0.26,1
623982.75,1286260.88,769.64,768.00,769.64,0.63,0.35,0.27,1
624075.06,1286260.88,764.64,763.00,764.64,0.64,0.36,0.28,1
624167.31,1286260.88,766.64,765.00,766.64,0.63,0.35,0.27,1
624259.62,1286260.88,763.64,762.00,763.64,0.64,0.36,0.28,1
624351.88,1286260.88,752.63,751.00,752.63,0.63,0.35,0.27,1
624444.19,1286260.88,754.63,753.00,754.63,0.62,0.34,0.26,1
624536.44,1286260.88,763.61,762.00,763.61,0.63,0.35,0.27,1
624628.69,1286260.88,759.59,758.00,759.59,0.64,0.36,0.28,1
624721.00,1286260.88,752.56,751.00,752.56,0.63,0.36,0.28,1
624813.25,1286260.88,750.51,749.00,750.51,0.62,0.35,0.27,1
624905.56,1286260.88,756.45,755.00,756.45,0.60,0.33,0.25,1
624997.81,1286260.88,769.36,768.00,769.36,0.59,0.32,0.24,1
625090.12,1286260.88,781.28,780.00,781.28,0.59,0.33,0.25,1
625182.38,1286260.88,781.22,780.00,781.22,0.61,0.34,0.27,1
625274.69,1286260.88,774.18,773.00,774.18,0.62,0.36,0.28,1
625366.94,1286260.88,762.44,761.43,762.44,0.58,0.32,0.25,1
625459.19,1286260.88,-9999.00,-9999.00,-9999.00,0.71,0.71,0.71,0
614385.88,1286168.50,-9999.00,-9999.00,-9999.00,0.71,0.71,0.71,0
614478.12,1286168.50,774.17,773.00,774.17,0.33,0.06,-0.01,1
614570.44,1286168.50,766.29,765.00,766.29,0.63,0.36,0.28,1
614662.69,1286168.50,760.29,759.00,760.29,0.62,0.36,0.28,1
614755.00,1286168.50,761.31,760.00,761.31,0.63,0.36,0.28,1
614847.25,1286168.50,770.36,769.00,770.36,0.63,0.36,0.28,1
614939.56,1286168.50,777.41,776.00,777.41,0.64,0.37,0.29,1
615031.81,1286168.50,759.47,758.00,759.47,0.65,0.37,0.29,1
615124.12,1286168.50,739.54,738.00,739.54,0.63,0.35,0.28,1
615216.38,1286168.50,742.59,741.00,742.59,0.62,0.34,0.26,1
615308.62,1286168.50,749.62,748.00,749.62,0.62,0.34,0.26,1
615400.94,1286168.50,754.64,753.00,754.64,0.62,0.34,0.26,1
615493.19,1286168.50,751.65,750.00,751.65,0.63,0.35,0.27,1
615585.50,1286168.50,737.66,736.00,737.66,0.62,0.34,0.26,1
615677.75,1286168.50,748.66,747.00,748.66,0.61,0.33,0.25,1
615770.06,1286168.50,751.66,750.00,751.66,0.62,0.34,0.26,1
615862.31,1286168.50,750.66,749.00,750.66,0.63,0.35,0.27,1
615954.62,1286168.50,752.66,751.00,752.66,0.63,0.35,0.27,1
616046.88,1286168.50,741.65,740.00,741.65,0.63,0.35,0.27,1
616139.12,1286168.50,733.65,732.00,733.65,0.62,0.34,0.26,1
616231.44,1286168.50,733.64,732.00,733.64,0.62,0.34,0.26,1
616323.69,1286168.50,739.63,738.00,739.63,0.61,0.33,0.25,1
616416.00,1286168.50,741.61,740.00,741.61,0.61,0.33,0.25,1
616508.25,1286168.50,745.61,744.00,745.61,0.60,0.33,0.25,1
616600.56,1286168.50,752.60,751.00,752.60,0.61,0.33,0.25,1
616692.81,1286168.50,756.60,755.00,756.60,0.61,0.34,0.26,1
616785.12,1286168.50,755.59,754.00,755.59,0.62,0.34,0.26,1
616877.38,1286168.50,758.59,757.00,758.59,0.62,0.35,0.27,1
616969.62,1286168.50,746.59,745.00,746.59,0.62,0.35,0.27,1
617061.94,1286168.50,739.59,738.00,739.59,0.62,0.34,0.26,1
617154.19,1286168.50,739.60,738.00,739.60,0.62,0.34,0.26,1
617246.50,1286168.50,742.60,741.00,742.60,0.61,0.33,0.25,1
617338.75,1286168.50,755.61,754.00,755.61,0.60,0.32,0.24,1
617431.06,1286168.50,770.61,769.00,770.61,0.60,0.32,0.24,1
617523.31,1286168.50,776.61,775.00,776.61,0.61,0.33,0.25,1
617615.62,1286168.50,772.61,771.00,772.61,0.61,0.33,0.25,1
617707.88,1286168.50,767.61,766.00,767.61,0.62,0.34,0.26,1
617800.12,1286168.50,768.60,767.00,768.60,0.61,0.33,0.25,1
617892.44,1286168.50,783.60,782.00,783.60,0.61,0.33,0.25,1
617984.69,1286168.50,789.59,788.00,789.59,0.62,0.34,0.26,1
618077.00,1286168.50,791.58,790.00,791.58,0.62,0.34,0.26,1
618169.25,1286168.50,804.56,803.00,804.56,0.62,0.34,0.26,1
618261.56,1286168.50,803.54,802.00,803.54,0.63,0.35,0.27,1
618353.81,1286168.50,797.53,796.00,797.53,0.63,0.36,0.28,1
618446.12,1286168.50,796.52,795.00,796.52,0.63,0.36,0.28,1
618538.38,1286168.50,791.51,790.00,791.51,0.64,0.36,0.28,1
618630.62,1286168.50,781.51,780.00,781.51,0.64,0.36,0.28,1
618722.94,1286168.50,775.51,774.00,775.51,0.62,0.35,0.27,1
618815.19,1286168.50,787.51,786.00,787.51,0.61,0.34,0.26,1
618907.50,1286168.50,802.51,801.00,802.51,0.61,0.34,0.26,1
618999.75,1286168.50,810.52,809.00,810.52,0.61,0.33,0.25,1
619092.06,1286168.50,827.54,826.00,827.54,0.60,0.32,0.25,1
619184.31,1286168.50,845.56,844.00,845.56,0.61,0.33,0.25,1
619276.62,1286168.50,851.61,850.00,851.61,0.63,0.36,0.28,1
619368.88,1286168.50,832.70,831.00,832.70,0.65,0.37,0.29,1
619461.19,1286168.50,798.87,797.00,798.87,0.64,0.36,0.28,1
619553.44,1286168.50,782.04,780.00,782.04,0.63,0.34,0.26,1
619645.69,1286168.50,775.11,773.00,775.11,0.62,0.33,0.25,1
619738.00,1286168.50,774.13,772.00,774.13,0.62,0.33,0.24,1
619830.25,1286168.50,771.13,769.00,771.13,0.62,0.33,0.24,1
619922.56,1286168.50,770.12,768.00,770.12,0.62,0.33,0.24,1
620014.81,1286168.50,770.09,768.00,770.09,0.62,0.33,0.24,1
620107.12,1286168.50,772.01,770.00,772.01,0.62,0.33,0.24,1
620199.38,1286168.50,777.92,776.00,777.92,0.63,0.34,0.25,1
620291.69,1286168.50,777.83,776.00,777.83,0.63,0.35,0.27,1
620383.94,1286168.50,771.77,770.00,771.77,0.63,0.35,0.27,1
620476.19,1286168.50,773.74,772.00,773.74,0.63,0.35,0.26,1
620568.50,1286168.50,770.71,769.00,770.71,0.63,0.35,0.27,1
620660.75,1286168.50,766.70,765.00,766.70,0.62,0.34,0.26,1
620753.06,1286168.50,766.70,765.00,766.70,0.63,0.34,0.26,1
620845.31,1286168.50,764.71,763.00,764.71,0.63,0.35,0.27,1
620937.62,1286168.50,763.71,762.00,763.71,0.63,0.35,0.27,1
621029.88,1286168.50,764.73,763.00,764.73,0.62,0.34,0.26,1
621122.19,1286168.50,764.76,763.00,764.76,0.62,0.34,0.25,1
621214.44,1286168.50,766.81,765.00,766.81,0.62,0.33,0.25,1
621306.69,1286168.50,767.85,766.00,767.85,0.62,0.33,0.25,1
621399.00,1286168.50,768.87,767.00,768.87,0.62,0.34,0.25,1
621491.25,1286168.50,769.87,768.00,769.87,0.63,0.34,0.26,1
621583.56,1286168.50,769.88,768.00,769.88,0.63,0.34,0.26,1
621675.81,1286168.50,767.87,766.00,767.87,0.63,0.34,0.26,1
621768.12,1286168.50,768.86,767.00,768.86,0.62,0.33,0.25,1
621860.38,1286168.50,771.84,770.00,771.84,0.62,0.34,0.25,1
621952.69,1286168.50,773.80,772.00,773.80,0.63,0.34,0.26,1
622044.94,1286168.50,771.75,770.00,771.75,0.63,0.35,0.27,1
622137.19,1286168.50,768.70,767.00,768.70,0.64,0.36,0.27,1
622229.50,1286168.50,764.66,763.00,764.66,0.63,0.35,0.27,1
622321.75,1286168.50,759.64,758.00,759.64,0.63,0.35,0.27,1
622414.06,1286168.50,756.62,755.00,756.62,0.63,0.35,0.27,1
622506.31,1286168.50,755.61,754.00,755.61,0.62,0.35,0.27,1
622598.62,1286168.50,759.60,758.00,759.60,0.63,0.35,0.27,1
622690.88,1286168.50,761.60,760.00,761.60,0.63,0.35,0.27,1
622783.19,1286168.50,755.59,754.00,755.59,0.63,0.35,0.27,1
622875.44,1286168.50,750.59,749.00,750.59,0.63,0.35,0.27,1
622967.69,1286168.50,754.60,753.00,754.60,0.62,0.34,0.26,1
623060.00,1286168.50,764.60,763.00,764.60,0.62,0.34,0.26,1
623152.25,1286168.50,772.60,771.00,772.60,0.62,0.34,0.26,1
623244.56,1286168.50,773.60,772.00,773.60,0.62,0.35,0.27,1
623336.81,1286168.50,769.61,768.00,769.61,0.62,0.35,0.27,1
623429.12,1286168.50,760.61,759.00,760.61,0.62,0.34,0.26,1
623521.38,1286168.50,753.62,752.00,753.62,0.62,0.34,0.26,1
623613.69,1286168.50,750.62,749.00,750.62,0.62,0.34,0.26,1
623705.94,1286168.50,756.63,755.00,756.63,0.62,0.34,0.26,1
623798.19,1286168.50,764.64,763.00,764.64,0.62,0.34,0.26,1
623890.50,1286168.50,772.64,771.00,772.64,0.62,0.34,0.26,1
623982.75,1286168.50,778.64,777.00,778.64,0.63,0.35,0.27,1
624075.06,1286168.50,773.64,772.00,773.64,0.63,0.35,0.27,1
624167.31,1286168.50,772.64,771.00,772.64,0.63,0.35,0.27,1
624259.62,1286168.50,766.64,765.00,766.64,0.63,0.35,0.27,1
624351.88,1286168.50,754.63,753.00,754.63,0.63,0.35,0.27,1
624444.19,1286168.50,759.63,758.00,759.63,0.62,0.34,0.26,1
624536.44,1286168.50,771.62,770.00,771.62,0.62,0.34,0.26,1
624628.69,1286168.50,775.59,774.00,775.59,0.64,0.36,0.28,1
624721.00,1286168.50,765.56,764.00,765.56,0.65,0.37,0.29,1
624813.25,1286168.50,753.51,752.00,753.51,0.63,0.36,0.28,1
624905.56,1286168.50,752.45,751.00,752.45,0.62,0.35,0.27,1
624997.81,1286168.50,757.36,756.00,757.36,0.61,0.34,0.26,1
625090.12,1286168.50,763.27,762.00,763.27,0.60,0.34,0.26,1
625182.38,1286168.50,763.20,762.00,763.20,0.61,0.34,0.27,1
625274.69,1286168.50,761.16,760.00,761.16,0.62,0.36,0.28,1
625366.94,1286168.50,757.14,756.15,757.14,0.58,0.32,0.25,1
625459.19,1286168.50,-9999.00,-9999.00,-9999.00,0.71,0.71,0.71,0
614385.88,1286076.25,-9999.00,-9999.00,-9999.00,0.71,0.71,0.71,0
614478.12,1286076.25,771.19,770.00,771.19,0.33,0.07,-0.01,1
614570.44,1286076.25,763.31,762.00,763.31,0.63,0.37,0.29,1
614662.69,1286076.25,762.31,761.00,762.31,0.63,0.36,0.28,1
614755.00,1286076.25,773.34,772.00,773.34,0.62,0.35,0.28,1
614847.25,1286076.25,782.38,781.00,782.38,0.62,0.35,0.28,1
614939.56,1286076.25,782.43,781.00,782.43,0.63,0.36,0.28,1
615031.81,1286076.25,758.50,757.00,758.50,0.64,0.36,0.28,1
615124.12,1286076.25,741.55,740.00,741.55,0.63,0.36,0.28,1
615216.38,1286076.25,748.60,747.00,748.60,0.62,0.34,0.26,1
615308.62,1286076.25,757.63,756.00,757.63,0.62,0.34,0.26,1
615400.94,1286076.25,756.64,755.00,756.64,0.62,0.34,0.26,1
615493.19,1286076.25,749.65,748.00,749.65,0.63,0.35,0.27,1
615585.50,1286076.25,738.66,737.00,738.66,0.62,0.34,0.26,1
615677.75,1286076.25,744.66,743.00,744.66,0.61,0.33,0.25,1
615770.06,1286076.25,752.66,751.00,752.66,0.62,0.34,0.26,1
615862.31,1286076.25,757.66,756.00,757.66,0.62,0.34,0.26,1
615954.62,1286076.25,754.66,753.00,754.66,0.63,0.35,0.27,1
616046.88,1286076.25,738.65,737.00,738.65,0.63,0.35,0.27,1
616139.12,1286076.25,733.64,732.00,733.64,0.63,0.34,0.26,1
616231.44,1286076.25,735.64,734.00,735.64,0.62,0.34,0.26,1
616323.69,1286076.25,736.63,735.00,736.63,0.62,0.34,0.26,1
616416.00,1286076.25,734.61,733.00,734.61,0.62,0.34,0.26,1
616508.25,1286076.25,738.60,737.00,738.60,0.61,0.33,0.25,1
616600.56,1286076.25,745.59,744.00,745.59,0.61,0.33,0.25,1
616692.81,1286076.25,748.59,747.00,748.59,0.61,0.33,0.25,1
616785.12,1286076.25,749.58,748.00,749.58,0.61,0.33,0.25,1
616877.38,1286076.25,752.58,751.00,752.58,0.62,0.34,0.26,1
616969.62,1286076.25,740.58,739.00,740.58,0.63,0.35,0.27,1
617061.94,1286076.25,736.58,735.00,736.58,0.62,0.34,0.27,1
617154.19,1286076.25,740.58,739.00,740.58,0.62,0.35,0.27,1
617246.50,1286076.25,743.59,742.00,743.59,0.63,0.35,0.27,1
617338.75,1286076.25,748.59,747.00,748.59,0.62,0.34,0.26,1
617431.06,1286076.25,756.60,755.00,756.60,0.61,0.33,0.25,1
617523.31,1286076.25,760.60,759.00,760.60,0.61,0.33,0.25,1
617615.62,1286076.25,757.60,756.00,757.60,0.62,0.34,0.26,1
617707.88,1286076.25,759.59,758.00,759.59,0.61,0.34,0.26,1
617800.12,1286076.25,765.59,764.00,765.59,0.61,0.33,0.25,1
617892.44,1286076.25,779.59,778.00,779.59,0.60,0.33,0.25,1
617984.69,1286076.25,794.58,793.00,794.58,0.61,0.33,0.25,1
618077.00,1286076.25,804.56,803.00,804.56,0.62,0.34,0.26,1
618169.25,1286076.25,811.55,810.00,811.55,0.63,0.35,0.27,1
618261.56,1286076.25,808.52,807.00,808.52,0.63,0.36,0.28,1
618353.81,1286076.25,804.51,803.00,804.51,0.63,0.36,0.28,1
618446.12,1286076.25,801.49,800.00,801.49,0.63,0.36,0.28,1
618538.38,1286076.25,795.49,794.00,795.49,0.63,0.36,0.28,1
618630.62,1286076.25,784.48,783.00,784.48,0.63,0.36,0.28,1
618722.94,1286076.25,778.48,777.00,778.48,0.62,0.35,0.27,1
618815.19,1286076.25,790.48,789.00,790.48,0.61,0.34,0.26,1
618907.50,1286076.25,800.48,799.00,800.48,0.61,0.34,0.26,1
618999.75,1286076.25,807.49,806.00,807.49,0.61,0.33,0.26,1
619092.06,1286076.25,826.51,825.00,826.51,0.60,0.33,0.25,1
619184.31,1286076.25,845.53,844.00,845.53,0.60,0.33,0.25,1
619276.62,1286076.25,856.58,855.00,856.58,0.63,0.35,0.27,1
619368.88,1286076.25,842.68,841.00,842.68,0.65,0.37,0.29,1
619461.19,1286076.25,806.90,805.00,806.90,0.65,0.36,0.28,1
619553.44,1286076.25,787.25,785.00,787.25,0.63,0.33,0.25,1
619645.69,1286076.25,781.41,779.00,781.41,0.62,0.32,0.23,1
619738.00,1286076.25,780.45,778.00,780.45,0.62,0.32,0.23,1
619830.25,1286076.25,778.44,776.00,778.44,0.62,0.32,0.23,1
619922.56,1286076.25,778.42,776.00,778.42,0.62,0.32,0.23,1
620014.81,1286076.25,779.35,777.00,779.35,0.62,0.32,0.23,1
620107.12,1286076.25,779.23,777.00,779.23,0.62,0.32,0.24,1
620199.38,1286076.25,791.08,789.00,791.08,0.62,0.33,0.24,1
620291.69,1286076.25,793.96,792.00,793.96,0.63,0.34,0.26,1
620383.94,1286076.25,784.88,783.00,784.88,0.64,0.35,0.27,1
620476.19,1286076.25,782.82,781.00,782.82,0.63,0.35,0.26,1
620568.50,1286076.25,777.79,776.00,777.79,0.63,0.35,0.27,1
620660.75,1286076.25,769.77,768.00,769.77,0.63,0.34,0.26,1
620753.06,1286076.25,771.76,770.00,771.76,0.62,0.34,0.26,1
620845.31,1286076.25,777.75,776.00,777.75,0.63,0.35,0.26,1
620937.62,1286076.25,778.76,777.00,778.76,0.64,0.35,0.27,1
621029.88,1286076.25,772.77,771.00,772.77,0.64,0.35,0.27,1
621122.19,1286076.25,767.81,766.00,767.81,0.63,0.34,0.26,1
621214.44,1286076.25,766.86,765.00,766.86,0.62,0.34,0.25,1
621306.69,1286076.25,769.93,768.00,769.93,0.62,0.33,0.25,1
621399.00,1286076.25,774.01,772.00,774.01,0.61,0.32,0.24,1
621491.25,1286076.25,780.04,778.00,780.04,0.62,0.32,0.24,1
621583.56,1286076.25,782.04,780.00,782.04,0.63,0.33,0.25,1
621675.81,1286076.25,778.03,776.00,778.03,0.63,0.34,0.25,1
621768.12,1286076.25,776.02,774.00,776.02,0.63,0.33,0.25,1
621860.38,1286076.25,777.99,776.00,777.99,0.62,0.33,0.25,1
621952.69,1286076.25,782.93,781.00,782.93,0.62,0.33,0.25,1
622044.94,1286076.25,784.85,783.00,784.85,0.63,0.34,0.26,1
622137.19,1286076.25,784.78,783.00,784.78,0.64,0.35,0.27,1
622229.50,1286076.25,776.72,775.00,776.72,0.64,0.36,0.28,1
622321.75,1286076.25,767.68,766.00,767.68,0.64,0.35,0.27,1
622414.06,1286076.25,761.66,760.00,761.66,0.63,0.35,0.27,1
622506.31,1286076.25,761.64,760.00,761.64,0.62,0.34,0.26,1
622598.62,1286076.25,766.62,765.00,766.62,0.63,0.35,0.27,1
622690.88,1286076.25,765.61,764.00,765.61,0.63,0.35,0.27,1
622783.19,1286076.25,759.61,758.00,759.61,0.63,0.35,0.27,1
622875.44,1286076.25,755.61,754.00,755.61,0.63,0.35,0.27,1
622967.69,1286076.25,757.61,756.00,757.61,0.62,0.34,0.26,1
623060.00,1286076.25,765.61,764.00,765.61,0.61,0.33,0.25,1
623152.25,1286076.25,773.61,772.00,773.61,0.62,0.34,0.26,1
623244.56,1286076.25,771.61,770.00,771.61,0.62,0.35,0.27,1
623336.81,1286076.25,762.61,761.00,762.61,0.63,0.35,0.27,1
623429.12,1286076.25,752.62,751.00,752.62,0.62,0.34,0.26,1
623521.38,1286076.25,746.62,745.00,746.62,0.62,0.34,0.26,1
623613.69,1286076.25,750.63,749.00,750.63,0.61,0.33,0.25,1
623705.94,1286076.25,763.63,762.00,763.63,0.61,0.33,0.25,1
623798.19,1286076.25,773.64,772.00,773.64,0.61,0.33,0.25,1
623890.50,1286076.25,779.64,778.00,779.64,0.62,0.34,0.26,1
623982.75,1286076.25,782.64,781.00,782.64,0.62,0.34,0.26,1
624075.06,1286076.25,781.64,780.00,781.64,0.63,0.35,0.27,1
624167.31,1286076.25,775.64,774.00,775.64,0.63,0.35,0.27,1
624259.62,1286076.25,762.64,761.00,762.64,0.63,0.35,0.27,1
624351.88,1286076.25,756.64,755.00,756.64,0.62,0.34,0.26,1
624444.19,1286076.25,766.63,765.00,766.63,0.61,0.33,0.25,1
624536.44,1286076.25,779.62,778.00,779.62,0.61,0.33,0.25,1
624628.69,1286076.25,787.60,786.00,787.60,0.63,0.35,0.27,1
624721.00,1286076.25,779.56,778.00,779.56,0.64,0.37,0.29,1
624813.25,1286076.25,759.52,758.00,759.52,0.64,0.36,0.29,1
624905.56,1286076.25,756.45,755.00,756.45,0.63,0.36,0.28,1
624997.81,1286076.25,757.36,756.00,757.36,0.63,0.36,0.28,1
625090.12,1286076.25,756.26,755.00,756.26,0.63,0.36,0.29,1
625182.38,1286076.25,754.19,753.00,754.19,0.63,0.37,0.29,1
625274.69,1286076.25,756.14,755.00,756.14,0.62,0.36,0.29,1
625366.94,1286076.25,761.58,760.60,761.58,0.57,0.32,0.25,1
625459.19,1286076.25,-9999.00,-9999.00,-9999.00,0.71,0.71,0.71,0
614385.88,1285984.00,-9999.00,-9999.00,-9999.00,0.71,0.71,0.71,0
614478.12,1285984.00,775.21,774.00,775.21,0.33,0.07,-0.01,1
614570.44,1285984.00,772.33,771.00,772.33,0.64,0.37,0.29,1
614662.69,1285984.00,773.33,772.00,773.33,0.63,0.36,0.28,1
614755.00,1285984.00,779.35,778.00,779.35,0.62,0.35,0.27,1
614847.25,1285984.00,778.39,777.00,778.39,0.62,0.35,0.27,1
614939.56,1285984.00,765.45,764.00,765.45,0.62,0.34,0.27,1
615031.81,1285984.00,750.51,749.00,750.51,0.63,0.35,0.27,1
615124.12,1285984.00,752.57,751.00,752.57,0.63,0.36,0.28,1
615216.38,1285984.00,757.61,756.00,757.61,0.63,0.35,0.27,1
615308.62,1285984.00,757.63,756.00,757.63,0.63,0.35,0.27,1
615400.94,1285984.00,750.65,749.00,750.65,0.62,0.34,0.26,1
615493.19,1285984.00,743.66,742.00,743.66,0.62,0.34,0.26,1
615585.50,1285984.00,739.66,738.00,739.66,0.62,0.34,0.26,1
615677.75,1285984.00,749.66,748.00,749.66,0.62,0.34,0.26,1
615770.06,1285984.00,757.66,756.00,757.66,0.62,0.34,0.26,1
615862.31,1285984.00,755.66,754.00,755.66,0.62,0.34,0.26,1
615954.62,1285984.00,746.66,745.00,746.66,0.62,0.34,0.26,1
616046.88,1285984.00,736.65,735.00,736.65,0.63,0.35,0.27,1
616139.12,1285984.00,737.65,736.00,737.65,0.63,0.35,0.27,1
616231.44,1285984.00,737.64,736.00,737.64,0.63,0.35,0.27,1
616323.69,1285984.00,735.62,734.00,735.62,0.62,0.34,0.26,1
616416.00,1285984.00,734.60,733.00,734.60,0.62,0.34,0.26,1
616508.25,1285984.00,734.59,733.00,734.59,0.62,0.34,0.26,1
616600.56,1285984.00,735.58,734.00,735.58,0.61,0.34,0.26,1
616692.81,1285984.00,736.58,735.00,736.58,0.61,0.33,0.25,1
616785.12,1285984.00,738.57,737.00,738.57,0.61,0.33,0.25,1
616877.38,1285984.00,740.57,739.00,740.57,0.61,0.33,0.25,1
616969.62,1285984.00,737.57,736.00,737.57,0.62,0.34,0.26,1
617061.94,1285984.00,740.57,739.00,740.57,0.62,0.34,0.26,1
617154.19,1285984.00,753.57,752.00,753.57,0.62,0.34,0.26,1
617246.50,1285984.00,759.58,758.00,759.58,0.63,0.35,0.27,1
617338.75,1285984.00,760.58,759.00,760.58,0.63,0.36,0.28,1
617431.06,1285984.00,759.58,758.00,759.58,0.63,0.35,0.27,1
617523.31,1285984.00,760.58,759.00,760.58,0.62,0.35,0.27,1
617615.62,1285984.00,760.58,759.00,760.58,0.63,0.35,0.27,1
617707.88,1285984.00,761.58,760.00,761.58,0.62,0.34,0.26,1
617800.12,1285984.00,768.58,767.00,768.58,0.61,0.33,0.25,1
617892.44,1285984.00,782.57,781.00,782.57,0.61,0.33,0.25,1
617984.69,1285984.00,799.56,798.00,799.56,0.61,0.33,0.25,1
618077.00,1285984.00,809.55,808.00,809.55,0.61,0.34,0.26,1
618169.25,1285984.00,814.53,813.00,814.53,0.62,0.35,0.27,1
618261.56,1285984.00,815.51,814.00,815.51,0.63,0.36,0.28,1
618353.81,1285984.00,809.49,808.00,809.49,0.63,0.36,0.28,1
618446.12,1285984.00,802.48,801.00,802.48,0.63,0.35,0.28,1
618538.38,1285984.00,796.47,795.00,796.47,0.63,0.36,0.28,1
618630.62,1285984.00,785.46,784.00,785.46,0.63,0.36,0.28,1
618722.94,1285984.00,782.46,781.00,782.46,0.62,0.35,0.27,1
618815.19,1285984.00,791.46,790.00,791.46,0.61,0.34,0.26,1
618907.50,1285984.00,805.45,804.00,805.45,0.61,0.34,0.26,1
618999.75,1285984.00,816.45,815.00,816.45,0.61,0.34,0.26,1
619092.06,1285984.00,832.46,831.00,832.46,0.61,0.33,0.26,1
619184.31,1285984.00,848.47,847.00,848.47,0.61,0.33,0.26,1
619276.62,1285984.00,863.50,862.00,863.50,0.63,0.35,0.27,1
619368.88,1285984.00,854.58,853.00,854.58,0.66,0.38,0.30,1
619461.19,1285984.00,818.83,817.00,818.83,0.66,0.37,0.29,1
619553.44,1285984.00,797.35,795.00,797.35,0.64,0.34,0.25,1
619645.69,1285984.00,792.66,790.00,792.66,0.62,0.32,0.23,1
619738.00,1285984.00,790.75,788.00,790.75,0.62,0.31,0.22,1
619830.25,1285984.00,791.75,789.00,791.75,0.62,0.31,0.22,1
619922.56,1285984.00,790.69,788.00,790.69,0.62,0.31,0.22,1
620014.81,1285984.00,788.57,786.00,788.57,0.62,0.31,0.23,1
620107.12,1285984.00,793.38,791.00,793.38,0.62,0.32,0.23,1
620199.38,1285984.00,807.20,805.00,807.20,0.62,0.32,0.24,1
620291.69,1285984.00,813.07,811.00,813.07,0.63,0.33,0.25,1
620383.94,1285984.00,804.97,803.00,804.97,0.63,0.34,0.26,1
620476.19,1285984.00,792.91,791.00,792.91,0.63,0.35,0.26,1
620568.50,1285984.00,781.86,780.00,781.86,0.64,0.35,0.27,1
620660.75,1285984.00,777.83,776.00,777.83,0.63,0.35,0.26,1
620753.06,1285984.00,784.80,783.00,784.80,0.63,0.34,0.26,1
620845.31,1285984.00,793.79,792.00,793.79,0.63,0.34,0.26,1
620937.62,1285984.00,799.79,798.00,799.79,0.64,0.35,0.27,1
621029.88,1285984.00,792.80,791.00,792.80,0.65,0.36,0.28,1
621122.19,1285984.00,782.83,781.00,782.83,0.65,0.36,0.28,1
621214.44,1285984.00,779.89,778.00,779.89,0.64,0.35,0.27,1
621306.69,1285984.00,774.97,773.00,774.97,0.64,0.35,0.26,1
621399.00,1285984.00,773.09,771.00,773.09,0.62,0.33,0.25,1
621491.25,1285984.00,779.21,777.00,779.21,0.61,0.31,0.23,1
621583.56,1285984.00,787.26,785.00,787.26,0.61,0.31,0.23,1
621675.81,1285984.00,790.26,788.00,790.26,0.62,0.32,0.24,1
621768.12,1285984.00,788.24,786.00,788.24,0.63,0.33,0.24,1
621860.38,1285984.00,786.19,784.00,786.19,0.62,0.33,0.24,1
621952.69,1285984.00,791.11,789.00,791.11,0.62,0.32,0.24,1
622044.94,1285984.00,801.99,800.00,801.99,0.62,0.33,0.25,1
622137.19,1285984.00,802.88,801.00,802.88,0.63,0.35,0.26,1
622229.50,1285984.00,789.80,788.00,789.80,0.64,0.36,0.28,1
622321.75,1285984.00,776.74,775.00,776.74,0.64,0.36,0.28,1
622414.06,1285984.00,767.70,766.00,767.70,0.64,0.35,0.27,1
622506.31,1285984.00,766.67,765.00,766.67,0.62,0.34,0.26,1
622598.62,1285984.00,774.65,773.00,774.65,0.62,0.34,0.26,1
622690.88,1285984.00,774.64,773.00,774.64,0.63,0.35,0.27,1
622783.19,1285984.00,767.63,766.00,767.63,0.64,0.36,0.28,1
622875.44,1285984.00,761.63,760.00,761.63,0.63,0.35,0.27,1
622967.69,1285984.00,759.63,758.00,759.63,0.63,0.35,0.27,1
623060.00,1285984.00,761.62,760.00,761.62,0.62,0.34,0.26,1
623152.25,1285984.00,767.62,766.00,767.62,0.61,0.33,0.25,1
623244.56,1285984.00,768.62,767.00,768.62,0.62,0.34,0.26,1
623336.81,1285984.00,760.62,759.00,760.62,0.63,0.35,0.27,1
623429.12,1285984.00,748.62,747.00,748.62,0.63,0.35,0.27,1
623521.38,1285984.00,746.62,745.00,746.62,0.62,0.34,0.26,1
623613.69,1285984.00,748.63,747.00,748.63,0.61,0.33,0.25,1
623705.94,1285984.00,758.63,757.00,758.63,0.60,0.32,0.24,1
623798.19,1285984.00,767.64,766.00,767.64,0.60,0.32,0.24,1
623890.50,1285984.00,775.64,774.00,775.64,0.61,0.33,0.25,1
623982.75,1285984.00,782.64,781.00,782.64,0.62,0.34,0.26,1
624075.06,1285984.00,784.64,783.00,784.64,0.62,0.34,0.26,1
624167.31,1285984.00,777.64,776.00,777.64,0.63,0.35,0.27,1
624259.62,1285984.00,767.64,766.00,767.64,0.64,0.36,0.28,1
624351.88,1285984.00,764.64,763.00,764.64,0.63,0.35,0.27,1
624444.19,1285984.00,771.63,770.00,771.63,0.62,0.34,0.26,1
624536.44,1285984.00,780.62,779.00,780.62,0.62,0.34,0.26,1
624628.69,1285984.00,787.60,786.00,787.60,0.62,0.34,0.26,1
624721.00,1285984.00,780.57,779.00,780.57,0.63,0.36,0.28,1
624813.25,1285984.00,763.52,762.00,763.52,0.64,0.36,0.28,1
624905.56,1285984.00,761.45,760.00,761.45,0.63,0.35,0.28,1
624997.81,1285984.00,768.36,767.00,768.36,0.63,0.36,0.29,1
625090.12,1285984.00,767.25,766.00,767.25,0.64,0.38,0.30,1
625182.38,1285984.00,766.17,765.00,766.17,0.65,0.38,0.31,1
625274.69,1285984.00,765.12,764.00,765.12,0.64,0.38,0.31,1
625366.94,1285984.00,766.03,765.04,766.03,0.57,0.32,0.25,1
625459.19,1285984.00,-9999.00,-9999.00,-9999.00,0.71,0.71,0.71,0
614385.88,1285891.75,-9999.00,-9999.00,-9999.00,0.71,0.71,0.71,0
614478.12,1285891.75,786.22,785.00,786.22,0.33,0.07,-0.01,1
614570.44,1285891.75,782.33,781.00,782.33,0.64,0.37,0.30,1
614662.69,1285891.75,774.34,773.00,774.34,0.63,0.36,0.29,1
614755.00,1285891.75,769.35,768.00,769.35,0.62,0.35,0.27,1
614847.25,1285891.75,760.39,759.00,760.39,0.62,0.34,0.27,1
614939.56,1285891.75,750.46,749.00,750.46,0.62,0.34,0.27,1
615031.81,1285891.75,757.52,756.00,757.52,0.62,0.34,0.27,1
615124.12,1285891.75,771.57,770.00,771.57,0.63,0.35,0.27,1
615216.38,1285891.75,770.61,769.00,770.61,0.64,0.36,0.28,1
615308.62,1285891.75,761.63,760.00,761.63,0.64,0.36,0.28,1
615400.94,1285891.75,746.65,745.00,746.65,0.63,0.35,0.27,1
615493.19,1285891.75,740.66,739.00,740.66,0.62,0.34,0.26,1
615585.50,1285891.75,746.66,745.00,746.66,0.62,0.34,0.26,1
615677.75,1285891.75,759.66,758.00,759.66,0.62,0.34,0.26,1
615770.06,1285891.75,759.66,758.00,759.66,0.63,0.35,0.27,1
615862.31,1285891.75,749.66,748.00,749.66,0.63,0.34,0.26,1
615954.62,1285891.75,740.66,739.00,740.66,0.62,0.34,0.26,1
616046.88,1285891.75,739.65,738.00,739.65,0.63,0.35,0.27,1
616139.12,1285891.75,745.65,744.00,745.65,0.63,0.35,0.27,1
616231.44,1285891.75,742.63,741.00,742.63,0.63,0.35,0.27,1
616323.69,1285891.75,737.61,736.00,737.61,0.63,0.35,0.27,1
616416.00,1285891.75,735.60,734.00,735.60,0.62,0.35,0.27,1
616508.25,1285891.75,735.58,734.00,735.58,0.62,0.35,0.27,1
616600.56,1285891.75,733.57,732.00,733.57,0.62,0.35,0.27,1
616692.81,1285891.75,731.57,730.00,731.57,0.62,0.34,0.26,1
616785.12,1285891.75,732.56,731.00,732.56,0.62,0.34,0.26,1
616877.38,1285891.75,733.56,732.00,733.56,0.62,0.34,0.26,1
616969.62,1285891.75,735.56,734.00,735.56,0.62,0.34,0.26,1
617061.94,1285891.75,741.56,740.00,741.56,0.61,0.33,0.25,1
617154.19,1285891.75,757.56,756.00,757.56,0.60,0.32,0.25,1
617246.50,1285891.75,768.56,767.00,768.56,0.61,0.33,0.26,1
617338.75,1285891.75,772.56,771.00,772.56,0.62,0.35,0.27,1
617431.06,1285891.75,768.56,767.00,768.56,0.63,0.35,0.27,1
617523.31,1285891.75,766.56,765.00,766.56,0.62,0.34,0.27,1
617615.62,1285891.75,768.56,767.00,768.56,0.62,0.35,0.27,1
617707.88,1285891.75,766.56,765.00,766.56,0.62,0.34,0.26,1
617800.12,1285891.75,771.56,770.00,771.56,0.61,0.34,0.26,1
617892.44,1285891.75,784.55,783.00,784.55,0.60,0.33,0.25,1
617984.69,1285891.75,799.54,798.00,799.54,0.61,0.33,0.25,1
618077.00,1285891.75,806.53,805.00,806.53,0.61,0.33,0.25,1
618169.25,1285891.75,816.51,815.00,816.51,0.62,0.34,0.26,1
618261.56,1285891.75,819.49,818.00,819.49,0.63,0.35,0.28,1
618353.81,1285891.75,807.47,806.00,807.47,0.63,0.35,0.28,1
618446.12,1285891.75,798.46,797.00,798.46,0.62,0.35,0.27,1
618538.38,1285891.75,793.45,792.00,793.45,0.62,0.35,0.27,1
618630.62,1285891.75,787.45,786.00,787.45,0.63,0.36,0.28,1
618722.94,1285891.75,785.44,784.00,785.44,0.62,0.35,0.27,1
618815.19,1285891.75,793.44,792.00,793.44,0.61,0.34,0.26,1
618907.50,1285891.75,807.43,806.00,807.43,0.61,0.34,0.26,1
618999.75,1285891.75,823.42,822.00,823.42,0.61,0.34,0.27,1
619092.06,1285891.75,836.40,835.00,836.40,0.61,0.34,0.26,1
619184.31,1285891.75,853.38,852.00,853.38,0.60,0.33,0.26,1
619276.62,1285891.75,872.35,871.00,872.35,0.62,0.35,0.27,1
619368.88,1285891.75,874.33,873.00,874.33,0.66,0.39,0.31,1
619461.19,1285891.75,853.49,852.00,853.49,0.67,0.40,0.32,1
619553.44,1285891.75,830.05,828.00,830.05,0.65,0.36,0.28,1
619645.69,1285891.75,814.68,812.00,814.68,0.63,0.32,0.24,1
619738.00,1285891.75,804.92,802.00,804.92,0.62,0.31,0.22,1
619830.25,1285891.75,803.93,801.00,803.93,0.62,0.31,0.22,1
619922.56,1285891.75,803.86,801.00,803.86,0.62,0.31,0.22,1
620014.81,1285891.75,802.70,800.00,802.70,0.62,0.31,0.22,1
620107.12,1285891.75,812.47,810.00,812.47,0.61,0.31,0.22,1
620199.38,1285891.75,822.28,820.00,822.28,0.62,0.32,0.23,1
620291.69,1285891.75,817.14,815.00,817.14,0.62,0.33,0.24,1
620383.94,1285891.75,802.04,800.00,802.04,0.63,0.33,0.25,1
620476.19,1285891.75,795.97,794.00,795.97,0.63,0.34,0.26,1
620568.50,1285891.75,798.92,797.00,798.92,0.63,0.34,0.26,1
620660.75,1285891.75,803.88,802.00,803.88,0.63,0.35,0.26,1
620753.06,1285891.75,810.84,809.00,810.84,0.63,0.35,0.27,1
620845.31,1285891.75,820.82,819.00,820.82,0.64,0.35,0.27,1
620937.62,1285891.75,824.81,823.00,824.81,0.64,0.35,0.27,1
621029.88,1285891.75,822.81,821.00,822.81,0.64,0.36,0.28,1
621122.19,1285891.75,820.81,819.00,820.81,0.64,0.36,0.28,1
621214.44,1285891.75,819.85,818.00,819.85,0.65,0.36,0.28,1
621306.69,1285891.75,810.94,809.00,810.94,0.65,0.36,0.28,1
621399.00,1285891.75,795.10,793.00,795.10,0.65,0.35,0.27,1
621491.25,1285891.75,782.32,780.00,782.32,0.63,0.33,0.25,1
621583.56,1285891.75,782.46,780.00,782.46,0.61,0.31,0.22,1
621675.81,1285891.75,790.50,788.00,790.50,0.61,0.30,0.22,1
621768.12,1285891.75,800.48,798.00,800.48,0.61,0.31,0.22,1
621860.38,1285891.75,802.43,800.00,802.43,0.62,0.32,0.23,1
621952.69,1285891.75,801.31,799.00,801.31,0.62,0.32,0.24,1
622044.94,1285891.75,807.13,805.00,807.13,0.62,0.32,0.24,1
622137.19,1285891.75,809.97,808.00,809.97,0.63,0.33,0.25,1
622229.50,1285891.75,804.85,803.00,804.85,0.64,0.35,0.27,1
622321.75,1285891.75,797.78,796.00,797.78,0.65,0.36,0.28,1
622414.06,1285891.75,782.73,781.00,782.73,0.64,0.36,0.28,1
622506.31,1285891.75,772.70,771.00,772.70,0.63,0.35,0.27,1
622598.62,1285891.75,776.68,775.00,776.68,0.62,0.34,0.26,1
622690.88,1285891.75,779.67,778.00,779.67,0.62,0.34,0.26,1
622783.19,1285891.75,774.66,773.00,774.66,0.63,0.35,0.27,1
622875.44,1285891.75,770.65,769.00,770.65,0.63,0.35,0.27,1
622967.69,1285891.75,769.65,768.00,769.65,0.63,0.35,0.27,1
623060.00,1285891.75,763.64,762.00,763.64,0.63,0.35,0.27,1
623152.25,1285891.75,762.64,761.00,762.64,0.62,0.34,0.26,1
623244.56,1285891.75,763.63,762.00,763.63,0.61,0.34,0.26,1
623336.81,1285891.75,757.63,756.00,757.63,0.62,0.34,0.26,1
623429.12,1285891.75,748.63,747.00,748.63,0.63,0.35,0.27,1
623521.38,1285891.75,746.63,745.00,746.63,0.62,0.34,0.26,1
623613.69,1285891.75,745.63,744.00,745.63,0.62,0.34,0.26,1
623705.94,1285891.75,748.63,747.00,748.63,0.61,0.33,0.25,1
623798.19,1285891.75,757.64,756.00,757.64,0.60,0.32,0.24,1
623890.50,1285891.75,772.64,771.00,772.64,0.60,0.32,0.24,1
623982.75,1285891.75,781.64,780.00,781.64,0.61,0.33,0.25,1
624075.06,1285891.75,782.64,781.00,782.64,0.62,0.34,0.26,1
624167.31,1285891.75,778.64,777.00,778.64,0.63,0.34,0.26,1
624259.62,1285891.75,778.64,777.00,778.64,0.63,0.35,0.27,1
624351.88,1285891.75,777.64,776.00,777.64,0.63,0.35,0.27,1
624444.19,1285891.75,780.63,779.00,780.63,0.63,0.35,0.27,1
624536.44,1285891.75,784.62,783.00,784.62,0.62,0.34,0.26,1
624628.69,1285891.75,787.60,786.00,787.60,0.63,0.35,0.27,1
624721.00,1285891.75,779.57,778.00,779.57,0.63,0.36,0.28,1
624813.25,1285891.75,765.52,764.00,765.52,0.63,0.36,0.28,1
624905.56,1285891.75,767.45,766.00,767.45,0.62,0.35,0.27,1
624997.81,1285891.75,780.36,779.00,780.36,0.63,0.36,0.28,1
625090.12,1285891.75,781.25,780.00,781.25,0.64,0.37,0.30,1
625182.38,1285891.75,783.16,782.00,783.16,0.64,0.38,0.31,1
625274.69,1285891.75,782.11,781.00,782.11,0.65,0.39,0.32,1
625366.94,1285891.75,772.51,771.53,772.51,0.57,0.32,0.25,1
625459.19,1285891.75,-9999.00,-9999.00,-9999.00,0.71,0.71,0.71,0
614385.88,1285799.38,-9999.00,-9999.00,-9999.00,0.71,0.71,0.71,0
614478.12,1285799.38,794.19,793.00,794.19,0.33,0.07,-0.01,1
614570.44,1285799.38,789.27,788.00,789.27,0.64,0.37,0.30,1
614662.69,1285799.38,774.32,773.00,774.32,0.64,0.38,0.30,1
614755.00,1285799.38,761.35,760.00,761.35,0.64,0.37,0.29,1
614847.25,1285799.38,749.40,748.00,749.40,0.62,0.35,0.28,1
614939.56,1285799.38,754.46,753.00,754.46,0.62,0.34,0.27,1
615031.81,1285799.38,770.53,769.00,770.53,0.61,0.34,0.26,1
615124.12,1285799.38,781.57,780.00,781.57,0.62,0.34,0.26,1
615216.38,1285799.38,779.61,778.00,779.61,0.63,0.35,0.27,1
615308.62,1285799.38,767.63,766.00,767.63,0.64,0.36,0.28,1
615400.94,1285799.38,749.65,748.00,749.65,0.64,0.35,0.27,1
615493.19,1285799.38,744.66,743.00,744.66,0.62,0.34,0.26,1
615585.50,1285799.38,756.66,755.00,756.66,0.62,0.34,0.26,1
615677.75,1285799.38,766.67,765.00,766.67,0.62,0.34,0.26,1
615770.06,1285799.38,759.67,758.00,759.67,0.63,0.35,0.27,1
615862.31,1285799.38,746.66,745.00,746.66,0.63,0.35,0.27,1
615954.62,1285799.38,744.66,743.00,744.66,0.62,0.34,0.26,1
616046.88,1285799.38,753.66,752.00,753.66,0.63,0.35,0.26,1
616139.12,1285799.38,758.64,757.00,758.64,0.63,0.35,0.27,1
616231.44,1285799.38,752.62,751.00,752.62,0.64,0.36,0.28,1
616323.69,1285799.38,742.60,741.00,742.60,0.63,0.35,0.28,1
616416.00,1285799.38,737.58,736.00,737.58,0.63,0.35,0.27,1
616508.25,1285799.38,738.57,737.00,738.57,0.62,0.35,0.27,1
616600.56,1285799.38,736.56,735.00,736.56,0.63,0.35,0.27,1
616692.81,1285799.38,734.55,733.00,734.55,0.63,0.35,0.27,1
616785.12,1285799.38,734.55,733.00,734.55,0.62,0.35,0.27,1
616877.38,1285799.38,736.55,735.00,736.55,0.62,0.35,0.27,1
616969.62,1285799.38,740.55,739.00,740.55,0.63,0.35,0.27,1
617061.94,1285799.38,737.55,736.00,737.55,0.62,0.34,0.26,1
617154.19,1285799.38,747.55,746.00,747.55,0.60,0.32,0.24,1
617246.50,1285799.38,758.55,757.00,758.55,0.60,0.32,0.24,1
617338.75,1285799.38,764.55,763.00,764.55,0.60,0.33,0.25,1
617431.06,1285799.38,762.55,761.00,762.55,0.61,0.34,0.26,1
617523.31,1285799.38,760.55,759.00,760.55,0.61,0.34,0.26,1
617615.62,1285799.38,761.55,760.00,761.55,0.61,0.34,0.26,1
617707.88,1285799.38,763.54,762.00,763.54,0.62,0.34,0.26,1
617800.12,1285799.38,770.54,769.00,770.54,0.61,0.34,0.26,1
617892.44,1285799.38,783.53,782.00,783.53,0.61,0.33,0.25,1
617984.69,1285799.38,796.52,795.00,796.52,0.61,0.33,0.25,1
618077.00,1285799.38,806.51,805.00,806.51,0.61,0.33,0.26,1
618169.25,1285799.38,818.49,817.00,818.49,0.62,0.34,0.26,1
618261.56,1285799.38,817.47,816.00,817.47,0.63,0.35,0.27,1
618353.81,1285799.38,801.46,800.00,801.46,0.63,0.36,0.28,1
618446.12,1285799.38,790.45,789.00,790.45,0.62,0.35,0.27,1
618538.38,1285799.38,788.44,787.00,788.44,0.62,0.35,0.27,1
618630.62,1285799.38,788.44,787.00,788.44,0.62,0.35,0.27,1
618722.94,1285799.38,789.43,788.00,789.43,0.62,0.35,0.27,1
618815.19,1285799.38,801.43,800.00,801.43,0.61,0.34,0.26,1
618907.50,1285799.38,817.41,816.00,817.41,0.61,0.34,0.26,1
618999.75,1285799.38,835.40,834.00,835.40,0.62,0.34,0.27,1
619092.06,1285799.38,845.37,844.00,845.37,0.62,0.35,0.27,1
619184.31,1285799.38,857.32,856.00,857.32,0.61,0.34,0.26,1
619276.62,1285799.38,881.23,880.00,881.23,0.61,0.34,0.27,1
619368.88,1285799.38,900.05,899.00,900.05,0.64,0.39,0.31,1
619461.19,1285799.38,896.88,896.00,896.88,0.69,0.44,0.37,1
619553.44,1285799.38,874.06,873.00,874.06,0.69,0.43,0.36,1
619645.69,1285799.38,851.77,850.00,851.77,0.66,0.38,0.30,1
619738.00,1285799.38,839.48,837.00,839.48,0.64,0.33,0.25,1
619830.25,1285799.38,828.86,826.00,828.86,0.63,0.32,0.23,1
619922.56,1285799.38,820.91,818.00,820.91,0.63,0.31,0.22,1
620014.81,1285799.38,814.75,812.00,814.75,0.62,0.31,0.22,1
620107.12,1285799.38,819.50,817.00,819.50,0.61,0.31,0.22,1
620199.38,1285799.38,823.31,821.00,823.31,0.61,0.31,0.23,1
620291.69,1285799.38,814.18,812.00,814.18,0.62,0.32,0.24,1
620383.94,1285799.38,806.08,804.00,806.08,0.62,0.33,0.25,1
620476.19,1285799.38,815.01,813.00,815.01,0.62,0.33,0.25,1
620568.50,1285799.38,827.96,826.00,827.96,0.62,0.33,0.25,1
620660.75,1285799.38,838.91,837.00,838.91,0.63,0.34,0.25,1
620753.06,1285799.38,849.86,848.00,849.86,0.63,0.34,0.26,1
620845.31,1285799.38,858.84,857.00,858.84,0.63,0.35,0.27,1
620937.62,1285799.38,856.82,855.00,856.82,0.64,0.36,0.28,1
621029.88,1285799.38,850.82,849.00,850.82,0.64,0.36,0.28,1
621122.19,1285799.38,849.81,848.00,849.81,0.64,0.35,0.27,1
621214.44,1285799.38,854.79,853.00,854.79,0.64,0.35,0.27,1
621306.69,1285799.38,850.78,849.00,850.78,0.65,0.37,0.28,1
621399.00,1285799.38,835.88,834.00,835.88,0.66,0.37,0.29,1
621491.25,1285799.38,814.20,812.00,814.20,0.65,0.35,0.27,1
621583.56,1285799.38,798.53,796.00,798.53,0.63,0.33,0.24,1
621675.81,1285799.38,796.65,794.00,796.65,0.62,0.31,0.23,1
621768.12,1285799.38,803.66,801.00,803.66,0.61,0.30,0.22,1
621860.38,1285799.38,814.59,812.00,814.59,0.62,0.31,0.22,1
621952.69,1285799.38,815.44,813.00,815.44,0.62,0.32,0.23,1
622044.94,1285799.38,813.22,811.00,813.22,0.62,0.33,0.24,1
622137.19,1285799.38,818.03,816.00,818.03,0.62,0.33,0.25,1
622229.50,1285799.38,824.89,823.00,824.89,0.63,0.35,0.26,1
622321.75,1285799.38,815.80,814.00,815.80,0.65,0.36,0.28,1
622414.06,1285799.38,796.75,795.00,796.75,0.65,0.36,0.28,1
622506.31,1285799.38,789.72,788.00,789.72,0.64,0.36,0.28,1
622598.62,1285799.38,785.70,784.00,785.70,0.64,0.35,0.27,1
622690.88,1285799.38,779.69,778.00,779.69,0.63,0.35,0.27,1
622783.19,1285799.38,773.68,772.00,773.68,0.63,0.35,0.26,1
622875.44,1285799.38,768.68,767.00,768.68,0.62,0.34,0.26,1
622967.69,1285799.38,767.67,766.00,767.67,0.62,0.34,0.26,1
623060.00,1285799.38,764.66,763.00,764.66,0.62,0.34,0.26,1
623152.25,1285799.38,757.66,756.00,757.66,0.62,0.34,0.26,1
623244.56,1285799.38,753.65,752.00,753.65,0.62,0.34,0.26,1
623336.81,1285799.38,750.64,749.00,750.64,0.62,0.34,0.26,1
623429.12,1285799.38,747.64,746.00,747.64,0.62,0.34,0.26,1
623521.38,1285799.38,747.64,746.00,747.64,0.62,0.34,0.26,1
623613.69,1285799.38,745.63,744.00,745.63,0.62,0.34,0.26,1
623705.94,1285799.38,744.63,743.00,744.63,0.61,0.34,0.26,1
623798.19,1285799.38,754.64,753.00,754.64,0.60,0.32,0.24,1
623890.50,1285799.38,770.64,769.00,770.64,0.60,0.32,0.24,1
623982.75,1285799.38,775.64,774.00,775.64,0.61,0.33,0.25,1
624075.06,1285799.38,776.64,775.00,776.64,0.61,0.33,0.25,1
624167.31,1285799.38,780.64,779.00,780.64,0.62,0.34,0.26,1
624259.62,1285799.38,783.64,782.00,783.64,0.63,0.35,0.27,1
624351.88,1285799.38,784.64,783.00,784.64,0.63,0.35,0.27,1
624444.19,1285799.38,791.63,790.00,791.63,0.62,0.34,0.26,1
624536.44,1285799.38,793.62,792.00,793.62,0.63,0.35,0.27,1
624628.69,1285799.38,789.60,788.00,789.60,0.63,0.35,0.27,1
624721.00,1285799.38,779.57,778.00,779.57,0.63,0.35,0.28,1
624813.25,1285799.38,767.52,766.00,767.52,0.63,0.35,0.27,1
624905.56,1285799.38,774.45,773.00,774.45,0.62,0.34,0.27,1
624997.81,1285799.38,788.36,787.00,788.36,0.62,0.35,0.28,1
625090.12,1285799.38,788.25,787.00,788.25,0.63,0.37,0.29,1
625182.38,1285799.38,793.16,792.00,793.16,0.64,0.38,0.30,1
625274.69,1285799.38,789.10,788.00,789.10,0.64,0.39,0.31,1
625366.94,1285799.38,781.04,780.06,781.04,0.57,0.32,0.25,1
625459.19,1285799.38,-9999.00,-9999.00,-9999.00,0.71,0.71,0.71,0
614385.88,1285707.12,-9999.00,-9999.00,-9999.00,0.71,0.71,0.71,0
614478.12,1285707.12,789.13,788.00,789.13,0.32,0.06,-0.01,1
614570.44,1285707.12,788.20,787.00,788.20,0.63,0.36,0.29,1
614662.69,1285707.12,780.27,779.00,780.27,0.64,0.38,0.30,1
614755.00,1285707.12,767.33,766.00,767.33,0.65,0.38,0.30,1
614847.25,1285707.12,755.39,754.00,755.39,0.64,0.36,0.29,1
614939.56,1285707.12,765.46,764.00,765.46,0.62,0.35,0.27,1
615031.81,1285707.12,774.52,773.00,774.52,0.62,0.34,0.26,1
615124.12,1285707.12,774.57,773.00,774.57,0.62,0.34,0.26,1
615216.38,1285707.12,770.61,769.00,770.61,0.62,0.34,0.26,1
615308.62,1285707.12,762.63,761.00,762.63,0.63,0.35,0.27,1
615400.94,1285707.12,751.65,750.00,751.65,0.63,0.35,0.27,1
615493.19,1285707.12,754.66,753.00,754.66,0.62,0.34,0.26,1
615585.50,1285707.12,762.66,761.00,762.66,0.62,0.33,0.25,1
615677.75,1285707.12,766.66,765.00,766.66,0.62,0.34,0.26,1
615770.06,1285707.12,756.66,755.00,756.66,0.63,0.35,0.27,1
615862.31,1285707.12,748.66,747.00,748.66,0.63,0.34,0.26,1
615954.62,1285707.12,755.66,754.00,755.66,0.62,0.34,0.26,1
616046.88,1285707.12,766.66,765.00,766.66,0.62,0.34,0.26,1
616139.12,1285707.12,766.64,765.00,766.64,0.63,0.35,0.27,1
616231.44,1285707.12,758.62,757.00,758.62,0.63,0.35,0.27,1
616323.69,1285707.12,745.59,744.00,745.59,0.63,0.35,0.27,1
616416.00,1285707.12,739.57,738.00,739.57,0.63,0.35,0.27,1
616508.25,1285707.12,739.55,738.00,739.55,0.62,0.35,0.27,1
616600.56,1285707.12,737.54,736.00,737.54,0.62,0.35,0.27,1
616692.81,1285707.12,736.54,735.00,736.54,0.62,0.35,0.27,1
616785.12,1285707.12,737.53,736.00,737.53,0.62,0.35,0.27,1
616877.38,1285707.12,739.53,738.00,739.53,0.62,0.34,0.27,1
616969.62,1285707.12,742.53,741.00,742.53,0.62,0.35,0.27,1
617061.94,1285707.12,738.53,737.00,738.53,0.62,0.35,0.27,1
617154.19,1285707.12,742.53,741.00,742.53,0.62,0.35,0.27,1
617246.50,1285707.12,745.53,744.00,745.53,0.61,0.34,0.26,1
617338.75,1285707.12,748.53,747.00,748.53,0.61,0.33,0.25,1
617431.06,1285707.12,749.53,748.00,749.53,0.61,0.34,0.26,1
617523.31,1285707.12,750.53,749.00,750.53,0.61,0.34,0.26,1
617615.62,1285707.12,756.53,755.00,756.53,0.61,0.33,0.26,1
617707.88,1285707.12,768.52,767.00,768.52,0.62,0.34,0.26,1
617800.12,1285707.12,777.52,776.00,777.52,0.62,0.34,0.26,1
617892.44,1285707.12,790.51,789.00,790.51,0.62,0.34,0.26,1
617984.69,1285707.12,800.50,799.00,800.50,0.62,0.34,0.26,1
618077.00,1285707.12,809.49,808.00,809.49,0.62,0.34,0.26,1
618169.25,1285707.12,814.47,813.00,814.47,0.62,0.34,0.27,1
618261.56,1285707.12,808.46,807.00,808.46,0.62,0.35,0.27,1
618353.81,1285707.12,794.45,793.00,794.45,0.63,0.36,0.28,1
618446.12,1285707.12,785.44,784.00,785.44,0.62,0.35,0.27,1
618538.38,1285707.12,783.43,782.00,783.43,0.62,0.34,0.27,1
618630.62,1285707.12,788.43,787.00,788.43,0.61,0.34,0.26,1
618722.94,1285707.12,796.43,795.00,796.43,0.61,0.34,0.26,1
618815.19,1285707.12,810.42,809.00,810.42,0.61,0.34,0.26,1
618907.50,1285707.12,827.41,826.00,827.41,0.61,0.34,0.26,1
618999.75,1285707.12,843.39,842.00,843.39,0.61,0.34,0.26,1
619092.06,1285707.12,854.35,853.00,854.35,0.61,0.35,0.27,1
619184.31,1285707.12,869.29,868.00,869.29,0.61,0.34,0.27,1
619276.62,1285707.12,896.17,895.00,896.17,0.61,0.34,0.27,1
619368.88,1285707.12,918.98,918.00,918.98,0.62,0.37,0.30,1
619461.19,1285707.12,920.68,920.00,920.68,0.66,0.43,0.36,1
619553.44,1285707.12,912.50,912.00,912.50,0.70,0.48,0.42,1
619645.69,1285707.12,898.57,898.00,898.57,0.71,0.49,0.42,1
619738.00,1285707.12,883.99,883.00,883.99,0.69,0.43,0.36,1
619830.25,1285707.12,870.69,869.00,870.69,0.66,0.38,0.30,1
619922.56,1285707.12,858.37,856.00,858.37,0.64,0.34,0.26,1
620014.81,1285707.12,841.63,839.00,841.63,0.63,0.33,0.24,1
620107.12,1285707.12,824.49,822.00,824.49,0.63,0.32,0.24,1
620199.38,1285707.12,813.31,811.00,813.31,0.62,0.32,0.23,1
620291.69,1285707.12,812.19,810.00,812.19,0.62,0.32,0.23,1
620383.94,1285707.12,820.11,818.00,820.11,0.62,0.32,0.24,1
620476.19,1285707.12,834.04,832.00,834.04,0.62,0.32,0.24,1
620568.50,1285707.12,844.98,843.00,844.98,0.62,0.33,0.25,1
620660.75,1285707.12,851.93,850.00,851.93,0.62,0.33,0.25,1
620753.06,1285707.12,858.88,857.00,858.88,0.62,0.33,0.25,1
620845.31,1285707.12,870.85,869.00,870.85,0.62,0.33,0.25,1
620937.62,1285707.12,880.82,879.00,880.82,0.63,0.35,0.26,1
621029.88,1285707.12,879.82,878.00,879.82,0.64,0.36,0.27,1
621122.19,1285707.12,871.81,870.00,871.81,0.64,0.35,0.27,1
621214.44,1285707.12,865.80,864.00,865.80,0.63,0.34,0.26,1
621306.69,1285707.12,866.76,865.00,866.76,0.63,0.35,0.26,1
621399.00,1285707.12,866.71,865.00,866.71,0.64,0.36,0.28,1
621491.25,1285707.12,856.80,855.00,856.80,0.65,0.37,0.29,1
621583.56,1285707.12,843.16,841.00,843.16,0.65,0.35,0.27,1
621675.81,1285707.12,831.54,829.00,831.54,0.64,0.33,0.24,1
621768.12,1285707.12,823.71,821.00,823.71,0.63,0.32,0.23,1
621860.38,1285707.12,824.66,822.00,824.66,0.62,0.31,0.22,1
621952.69,1285707.12,830.50,828.00,830.50,0.62,0.32,0.23,1
622044.94,1285707.12,832.28,830.00,832.28,0.62,0.33,0.24,1
622137.19,1285707.12,836.06,834.00,836.06,0.63,0.33,0.25,1
622229.50,1285707.12,839.91,838.00,839.91,0.63,0.34,0.26,1
622321.75,1285707.12,830.81,829.00,830.81,0.64,0.36,0.27,1
622414.06,1285707.12,817.75,816.00,817.75,0.65,0.36,0.28,1
622506.31,1285707.12,808.72,807.00,808.72,0.65,0.36,0.28,1
622598.62,1285707.12,799.72,798.00,799.72,0.65,0.36,0.28,1
622690.88,1285707.12,789.71,788.00,789.71,0.64,0.36,0.28,1
622783.19,1285707.12,776.71,775.00,776.71,0.64,0.35,0.27,1
622875.44,1285707.12,767.71,766.00,767.71,0.63,0.35,0.27,1
622967.69,1285707.12,763.70,762.00,763.70,0.62,0.34,0.26,1
623060.00,1285707.12,760.70,759.00,760.70,0.62,0.34,0.26,1
623152.25,1285707.12,754.68,753.00,754.68,0.63,0.34,0.26,1
623244.56,1285707.12,751.66,750.00,751.66,0.62,0.34,0.26,1
623336.81,1285707.12,748.65,747.00,748.65,0.62,0.34,0.26,1
623429.12,1285707.12,747.64,746.00,747.64,0.62,0.34,0.26,1
623521.38,1285707.12,747.64,746.00,747.64,0.62,0.34,0.26,1
623613.69,1285707.12,748.64,747.00,748.64,0.62,0.34,0.26,1
623705.94,1285707.12,746.64,745.00,746.64,0.62,0.34,0.26,1
623798.19,1285707.12,750.64,749.00,750.64,0.61,0.33,0.25,1
623890.50,1285707.12,761.64,760.00,761.64,0.60,0.32,0.24,1
623982.75,1285707.12,764.64,763.00,764.64,0.61,0.33,0.25,1
624075.06,1285707.12,770.64,769.00,770.64,0.60,0.32,0.24,1
624167.31,1285707.12,789.64,788.00,789.64,0.61,0.33,0.25,1
624259.62,1285707.12,798.64,797.00,798.64,0.63,0.35,0.27,1
624351.88,1285707.12,797.64,796.00,797.64,0.63,0.35,0.27,1
624444.19,1285707.12,797.63,796.00,797.63,0.63,0.35,0.27,1
624536.44,1285707.12,797.62,796.00,797.62,0.63,0.35,0.27,1
624628.69,1285707.12,792.60,791.00,792.60,0.63,0.35,0.27,1
624721.00,1285707.12,778.57,777.00,778.57,0.63,0.35,0.27,1
624813.25,1285707.12,770.52,769.00,770.52,0.62,0.35,0.27,1
624905.56,1285707.12,782.45,781.00,782.45,0.61,0.34,0.26,1
624997.81,1285707.12,795.36,794.00,795.36,0.62,0.35,0.27,1
625090.12,1285707.12,799.25,798.00,799.25,0.63,0.36,0.29,1
625182.38,1285707.12,803.15,802.00,803.15,0.64,0.38,0.30,1
625274.69,1285707.12,795.09,794.00,795.09,0.64,0.38,0.31,1
625366.94,1285707.12,789.57,788.59,789.57,0.57,0.32,0.25,1
625459.19,1285707.12,-9999.00,-9999.00,-9999.00,0.71,0.71,0.71,0
614385.88,1285614.88,-9999.00,-9999.00,-9999.00,0.71,0.71,0.71,0
614478.12,1285614.88,774.09,773.00,774.09,0.31,0.06,-0.02,1
614570.44,1285614.88,779.13,778.00,779.13,0.61,0.35,0.27,1
614662.69,1285614.88,781.19,780.00,781.19,0.63,0.36,0.29,1
614755.00,1285614.88,775.28,774.00,775.28,0.64,0.37,0.30,1
614847.25,1285614.88,768.38,767.00,768.38,0.64,0.37,0.29,1
614939.56,1285614.88,774.46,773.00,774.46,0.63,0.35,0.27,1
615031.81,1285614.88,774.52,773.00,774.52,0.63,0.35,0.27,1
615124.12,1285614.88,768.57,767.00,768.57,0.63,0.35,0.27,1
615216.38,1285614.88,762.61,761.00,762.61,0.62,0.35,0.27,1
615308.62,1285614.88,758.63,757.00,758.63,0.63,0.35,0.27,1
615400.94,1285614.88,757.65,756.00,757.65,0.63,0.35,0.27,1
615493.19,1285614.88,757.65,756.00,757.65,0.62,0.34,0.26,1
615585.50,1285614.88,758.66,757.00,758.66,0.61,0.33,0.25,1
615677.75,1285614.88,759.66,758.00,759.66,0.61,0.33,0.25,1
615770.06,1285614.88,758.66,757.00,758.66,0.62,0.34,0.26,1
615862.31,1285614.88,754.66,753.00,754.66,0.62,0.34,0.26,1
615954.62,1285614.88,759.66,758.00,759.66,0.61,0.33,0.25,1
616046.88,1285614.88,767.65,766.00,767.65,0.62,0.34,0.26,1
616139.12,1285614.88,762.63,761.00,762.63,0.63,0.35,0.27,1
616231.44,1285614.88,752.61,751.00,752.61,0.62,0.34,0.26,1
616323.69,1285614.88,745.59,744.00,745.59,0.63,0.35,0.27,1
616416.00,1285614.88,740.56,739.00,740.56,0.63,0.35,0.27,1
616508.25,1285614.88,739.54,738.00,739.54,0.62,0.35,0.27,1
616600.56,1285614.88,736.53,735.00,736.53,0.62,0.35,0.27,1
616692.81,1285614.88,736.52,735.00,736.52,0.62,0.34,0.27,1
616785.12,1285614.88,739.52,738.00,739.52,0.62,0.35,0.27,1
616877.38,1285614.88,739.51,738.00,739.51,0.62,0.35,0.27,1
616969.62,1285614.88,740.51,739.00,740.51,0.62,0.34,0.26,1
617061.94,1285614.88,741.51,740.00,741.51,0.62,0.34,0.26,1
617154.19,1285614.88,754.51,753.00,754.51,0.62,0.35,0.27,1
617246.50,1285614.88,752.51,751.00,752.51,0.63,0.36,0.28,1
617338.75,1285614.88,747.51,746.00,747.51,0.63,0.36,0.28,1
617431.06,1285614.88,746.51,745.00,746.51,0.62,0.35,0.27,1
617523.31,1285614.88,749.50,748.00,749.50,0.62,0.34,0.26,1
617615.62,1285614.88,760.50,759.00,760.50,0.61,0.33,0.26,1
617707.88,1285614.88,775.50,774.00,775.50,0.61,0.33,0.25,1
617800.12,1285614.88,787.50,786.00,787.50,0.61,0.34,0.26,1
617892.44,1285614.88,798.49,797.00,798.49,0.62,0.34,0.26,1
617984.69,1285614.88,807.48,806.00,807.48,0.62,0.35,0.27,1
618077.00,1285614.88,811.47,810.00,811.47,0.62,0.35,0.27,1
618169.25,1285614.88,809.45,808.00,809.45,0.62,0.35,0.27,1
618261.56,1285614.88,802.44,801.00,802.44,0.63,0.35,0.28,1
618353.81,1285614.88,789.43,788.00,789.43,0.63,0.36,0.28,1
618446.12,1285614.88,780.43,779.00,780.43,0.62,0.35,0.27,1
618538.38,1285614.88,780.43,779.00,780.43,0.62,0.34,0.27,1
618630.62,1285614.88,786.42,785.00,786.42,0.61,0.34,0.26,1
618722.94,1285614.88,796.42,795.00,796.42,0.61,0.33,0.26,1
618815.19,1285614.88,814.41,813.00,814.41,0.60,0.33,0.25,1
618907.50,1285614.88,833.40,832.00,833.40,0.60,0.33,0.25,1
618999.75,1285614.88,847.38,846.00,847.38,0.61,0.34,0.26,1
619092.06,1285614.88,859.34,858.00,859.34,0.60,0.34,0.26,1
619184.31,1285614.88,884.28,883.00,884.28,0.60,0.33,0.26,1
619276.62,1285614.88,913.16,912.00,913.16,0.60,0.34,0.27,1
619368.88,1285614.88,921.97,921.00,921.97,0.61,0.36,0.29,1
619461.19,1285614.88,922.69,922.00,922.69,0.62,0.38,0.32,1
619553.44,1285614.88,936.45,936.00,936.45,0.64,0.42,0.36,1
619645.69,1285614.88,949.32,949.00,949.32,0.70,0.50,0.44,1
619738.00,1285614.88,938.30,938.00,938.30,0.73,0.53,0.48,1
619830.25,1285614.88,921.52,921.00,921.52,0.72,0.50,0.43,1
619922.56,1285614.88,899.19,898.00,899.19,0.68,0.42,0.34,1
620014.81,1285614.88,865.02,863.00,865.02,0.65,0.36,0.28,1
620107.12,1285614.88,831.30,829.00,831.30,0.64,0.34,0.25,1
620199.38,1285614.88,819.26,817.00,819.26,0.63,0.33,0.25,1
620291.69,1285614.88,821.18,819.00,821.18,0.63,0.33,0.24,1
620383.94,1285614.88,829.12,827.00,829.12,0.62,0.33,0.24,1
620476.19,1285614.88,842.05,840.00,842.05,0.62,0.33,0.24,1
620568.50,1285614.88,854.98,853.00,854.98,0.62,0.33,0.25,1
620660.75,1285614.88,861.94,860.00,861.94,0.63,0.34,0.26,1
620753.06,1285614.88,865.90,864.00,865.90,0.62,0.34,0.25,1
620845.31,1285614.88,881.86,880.00,881.86,0.62,0.33,0.25,1
620937.62,1285614.88,899.82,898.00,899.82,0.63,0.34,0.26,1
621029.88,1285614.88,894.81,893.00,894.81,0.64,0.36,0.28,1
621122.19,1285614.88,879.81,878.00,879.81,0.64,0.36,0.28,1
621214.44,1285614.88,870.82,869.00,870.82,0.63,0.35,0.26,1
621306.69,1285614.88,872.80,871.00,872.80,0.62,0.33,0.25,1
621399.00,1285614.88,880.74,879.00,880.74,0.62,0.34,0.26,1
621491.25,1285614.88,885.63,884.00,885.63,0.64,0.36,0.28,1
621583.56,1285614.88,882.54,881.00,882.54,0.65,0.37,0.30,1
621675.81,1285614.88,879.72,878.00,879.72,0.65,0.37,0.29,1
621768.12,1285614.88,868.12,866.00,868.12,0.65,0.36,0.27,1
621860.38,1285614.88,850.48,848.00,850.48,0.64,0.33,0.25,1
621952.69,1285614.88,844.49,842.00,844.49,0.63,0.32,0.24,1
622044.94,1285614.88,848.30,846.00,848.30,0.62,0.32,0.24,1
622137.19,1285614.88,851.07,849.00,851.07,0.62,0.33,0.25,1
622229.50,1285614.88,851.91,850.00,851.91,0.63,0.34,0.26,1
622321.75,1285614.88,843.80,842.00,843.80,0.64,0.35,0.27,1
622414.06,1285614.88,835.75,834.00,835.75,0.64,0.36,0.27,1
622506.31,1285614.88,832.72,831.00,832.72,0.65,0.36,0.28,1
622598.62,1285614.88,822.72,821.00,822.72,0.65,0.37,0.29,1
622690.88,1285614.88,802.73,801.00,802.73,0.65,0.36,0.28,1
622783.19,1285614.88,783.75,782.00,783.75,0.64,0.36,0.27,1
622875.44,1285614.88,773.75,772.00,773.75,0.63,0.35,0.27,1
622967.69,1285614.88,767.74,766.00,767.74,0.63,0.35,0.27,1
623060.00,1285614.88,762.72,761.00,762.72,0.63,0.35,0.26,1
623152.25,1285614.88,757.70,756.00,757.70,0.63,0.35,0.27,1
623244.56,1285614.88,754.67,753.00,754.67,0.63,0.35,0.27,1
623336.81,1285614.88,749.66,748.00,749.66,0.63,0.35,0.27,1
623429.12,1285614.88,747.65,746.00,747.65,0.62,0.34,0.26,1
623521.38,1285614.88,746.64,745.00,746.64,0.62,0.34,0.26,1
623613.69,1285614.88,744.64,743.00,744.64,0.62,0.34,0.26,1
623705.94,1285614.88,744.64,743.00,744.64,0.62,0.34,0.26,1
623798.19,1285614.88,745.64,744.00,745.64,0.62,0.34,0.26,1
623890.50,1285614.88,748.64,747.00,748.64,0.61,0.33,0.25,1
623982.75,1285614.88,758.64,757.00,758.64,0.61,0.33,0.25,1
624075.06,1285614.88,773.64,772.00,773.64,0.60,0.32,0.24,1
624167.31,1285614.88,793.64,792.00,793.64,0.60,0.32,0.24,1
624259.62,1285614.88,810.64,809.00,810.64,0.62,0.34,0.26,1
624351.88,1285614.88,809.64,808.00,809.64,0.63,0.35,0.27,1
624444.19,1285614.88,798.63,797.00,798.63,0.63,0.35,0.27,1
624536.44,1285614.88,795.62,794.00,795.62,0.62,0.34,0.26,1
624628.69,1285614.88,789.60,788.00,789.60,0.63,0.35,0.27,1
624721.00,1285614.88,775.57,774.00,775.57,0.63,0.36,0.28,1
624813.25,1285614.88,769.52,768.00,769.52,0.62,0.34,0.26,1
624905.56,1285614.88,783.46,782.00,783.46,0.60,0.33,0.25,1
624997.81,1285614.88,797.37,796.00,797.37,0.61,0.34,0.26,1
625090.12,1285614.88,804.26,803.00,804.26,0.62,0.35,0.28,1
625182.38,1285614.88,805.15,804.00,805.15,0.63,0.37,0.29,1
625274.69,1285614.88,797.08,796.00,797.08,0.64,0.38,0.31,1
625366.94,1285614.88,791.05,790.06,791.05,0.58,0.32,0.25,1
625459.19,1285614.88,-9999.00,-9999.00,-9999.00,0.71,0.71,0.71,0
614385.88,1285522.62,-9999.00,-9999.00,-9999.00,0.71,0.71,0.71,0
614478.12,1285522.62,763.06,762.00,763.06,0.31,0.05,-0.02,1
614570.44,1285522.62,767.11,766.00,767.11,0.61,0.35,0.27,1
614662.69,1285522.62,776.15,775.00,776.15,0.61,0.35,0.27,1
614755.00,1285522.62,781.24,780.00,781.24,0.62,0.36,0.28,1
614847.25,1285522.62,781.35,780.00,781.35,0.63,0.36,0.29,1
614939.56,1285522.62,777.45,776.00,777.45,0.62,0.35,0.27,1
615031.81,1285522.62,777.52,776.00,777.52,0.62,0.34,0.27,1
615124.12,1285522.62,772.57,771.00,772.57,0.63,0.35,0.27,1
615216.38,1285522.62,766.60,765.00,766.60,0.62,0.35,0.27,1
615308.62,1285522.62,767.63,766.00,767.63,0.63,0.35,0.27,1
615400.94,1285522.62,762.65,761.00,762.65,0.63,0.35,0.27,1
615493.19,1285522.62,754.66,753.00,754.66,0.63,0.35,0.27,1
615585.50,1285522.62,750.66,749.00,750.66,0.62,0.34,0.26,1
615677.75,1285522.62,749.66,748.00,749.66,0.61,0.33,0.25,1
615770.06,1285522.62,752.66,751.00,752.66,0.61,0.33,0.25,1
615862.31,1285522.62,749.66,748.00,749.66,0.61,0.33,0.25,1
615954.62,1285522.62,753.65,752.00,753.65,0.60,0.32,0.24,1
616046.88,1285522.62,764.64,763.00,764.64,0.61,0.33,0.25,1
616139.12,1285522.62,759.63,758.00,759.63,0.62,0.34,0.26,1
616231.44,1285522.62,746.61,745.00,746.61,0.62,0.34,0.27,1
616323.69,1285522.62,742.58,741.00,742.58,0.62,0.34,0.26,1
616416.00,1285522.62,741.55,740.00,741.55,0.62,0.35,0.27,1
616508.25,1285522.62,739.53,738.00,739.53,0.63,0.35,0.27,1
616600.56,1285522.62,735.51,734.00,735.51,0.63,0.35,0.27,1
616692.81,1285522.62,737.50,736.00,737.50,0.62,0.35,0.27,1
616785.12,1285522.62,740.49,739.00,740.49,0.62,0.35,0.27,1
616877.38,1285522.62,740.49,739.00,740.49,0.63,0.35,0.27,1
616969.62,1285522.62,739.49,738.00,739.49,0.62,0.35,0.27,1
617061.94,1285522.62,740.48,739.00,740.48,0.61,0.34,0.26,1
617154.19,1285522.62,753.48,752.00,753.48,0.60,0.33,0.25,1
617246.50,1285522.62,759.48,758.00,759.48,0.62,0.34,0.27,1
617338.75,1285522.62,757.48,756.00,757.48,0.63,0.35,0.28,1
617431.06,1285522.62,753.48,752.00,753.48,0.63,0.36,0.28,1
617523.31,1285522.62,753.48,752.00,753.48,0.62,0.35,0.27,1
617615.62,1285522.62,761.48,760.00,761.48,0.61,0.34,0.26,1
617707.88,1285522.62,774.48,773.00,774.48,0.61,0.33,0.25,1
617800.12,1285522.62,788.47,787.00,788.47,0.61,0.33,0.25,1
617892.44,1285522.62,800.47,799.00,800.47,0.61,0.34,0.26,1
617984.69,1285522.62,808.46,807.00,808.46,0.62,0.34,0.26,1
618077.00,1285522.62,808.44,807.00,808.44,0.62,0.35,0.27,1
618169.25,1285522.62,803.43,802.00,803.43,0.62,0.35,0.27,1
618261.56,1285522.62,797.43,796.00,797.43,0.63,0.35,0.28,1
618353.81,1285522.62,786.42,785.00,786.42,0.63,0.36,0.28,1
618446.12,1285522.62,775.42,774.00,775.42,0.62,0.35,0.27,1
618538.38,1285522.62,777.42,776.00,777.42,0.61,0.34,0.26,1
618630.62,1285522.62,784.42,783.00,784.42,0.61,0.34,0.26,1
618722.94,1285522.62,797.42,796.00,797.42,0.61,0.33,0.26,1
618815.19,1285522.62,811.41,810.00,811.41,0.60,0.32,0.25,1
618907.50,1285522.62,824.40,823.00,824.40,0.59,0.32,0.24,1
618999.75,1285522.62,842.38,841.00,842.38,0.59,0.32,0.25,1
619092.06,1285522.62,864.35,863.00,864.35,0.60,0.33,0.25,1
619184.31,1285522.62,892.27,891.00,892.27,0.60,0.33,0.25,1
619276.62,1285522.62,907.16,906.00,907.16,0.59,0.33,0.26,1
619368.88,1285522.62,906.99,906.00,906.99,0.59,0.33,0.26,1
619461.19,1285522.62,919.74,919.00,919.74,0.58,0.34,0.27,1
619553.44,1285522.62,946.50,946.00,946.50,0.57,0.35,0.29,1
619645.69,1285522.62,973.36,973.00,973.36,0.62,0.41,0.35,1
619738.00,1285522.62,977.31,977.00,977.31,0.71,0.51,0.45,1
619830.25,1285522.62,951.34,951.00,951.34,0.73,0.53,0.47,1
619922.56,1285522.62,913.68,913.00,913.68,0.70,0.46,0.40,1
620014.81,1285522.62,872.45,871.00,872.45,0.66,0.39,0.31,1
620107.12,1285522.62,845.94,844.00,845.94,0.65,0.36,0.27,1
620199.38,1285522.62,844.09,842.00,844.09,0.63,0.34,0.26,1
620291.69,1285522.62,852.11,850.00,852.11,0.63,0.34,0.25,1
620383.94,1285522.62,863.07,861.00,863.07,0.63,0.34,0.25,1
620476.19,1285522.62,875.01,873.00,875.01,0.63,0.34,0.26,1
620568.50,1285522.62,880.96,879.00,880.96,0.63,0.34,0.26,1
620660.75,1285522.62,888.93,887.00,888.93,0.63,0.34,0.25,1
620753.06,1285522.62,898.91,897.00,898.91,0.63,0.34,0.26,1
620845.31,1285522.62,909.87,908.00,909.87,0.63,0.34,0.26,1
620937.62,1285522.62,922.80,921.00,922.80,0.63,0.35,0.27,1
621029.88,1285522.62,920.78,919.00,920.78,0.65,0.36,0.28,1
621122.19,1285522.62,903.80,902.00,903.80,0.66,0.37,0.29,1
621214.44,1285522.62,885.88,884.00,885.88,0.65,0.36,0.28,1
621306.69,1285522.62,878.91,877.00,878.91,0.63,0.34,0.26,1
621399.00,1285522.62,885.85,884.00,885.85,0.61,0.33,0.25,1
621491.25,1285522.62,895.70,894.00,895.70,0.62,0.33,0.25,1
621583.56,1285522.62,904.46,903.00,904.46,0.63,0.35,0.27,1
621675.81,1285522.62,913.28,912.00,913.28,0.64,0.37,0.30,1
621768.12,1285522.62,917.29,916.00,917.29,0.67,0.40,0.32,1
621860.38,1285522.62,900.66,899.00,900.66,0.67,0.39,0.31,1
621952.69,1285522.62,874.15,872.00,874.15,0.65,0.35,0.27,1
622044.94,1285522.62,862.24,860.00,862.24,0.63,0.34,0.25,1
622137.19,1285522.62,860.07,858.00,860.07,0.63,0.33,0.25,1
622229.50,1285522.62,859.90,858.00,859.90,0.63,0.34,0.26,1
622321.75,1285522.62,850.79,849.00,850.79,0.63,0.35,0.27,1
622414.06,1285522.62,848.73,847.00,848.73,0.63,0.35,0.27,1
622506.31,1285522.62,852.70,851.00,852.70,0.64,0.36,0.28,1
622598.62,1285522.62,836.71,835.00,836.71,0.65,0.37,0.29,1
622690.88,1285522.62,808.74,807.00,808.74,0.65,0.37,0.29,1
622783.19,1285522.62,790.78,789.00,790.78,0.64,0.36,0.28,1
622875.44,1285522.62,781.79,780.00,781.79,0.64,0.35,0.27,1
622967.69,1285522.62,773.77,772.00,773.77,0.63,0.35,0.27,1
623060.00,1285522.62,767.74,766.00,767.74,0.63,0.35,0.27,1
623152.25,1285522.62,762.70,761.00,762.70,0.63,0.35,0.27,1
623244.56,1285522.62,757.68,756.00,757.68,0.63,0.35,0.27,1
623336.81,1285522.62,752.66,751.00,752.66,0.63,0.35,0.27,1
623429.12,1285522.62,748.65,747.00,748.65,0.62,0.34,0.26,1
623521.38,1285522.62,747.65,746.00,747.65,0.62,0.34,0.26,1
623613.69,1285522.62,746.64,745.00,746.64,0.63,0.35,0.27,1
623705.94,1285522.62,745.64,744.00,745.64,0.63,0.35,0.27,1
623798.19,1285522.62,746.64,745.00,746.64,0.63,0.34,0.26,1
623890.50,1285522.62,751.64,750.00,751.64,0.62,0.34,0.26,1
623982.75,1285522.62,763.64,762.00,763.64,0.61,0.33,0.25,1
624075.06,1285522.62,780.64,779.00,780.64,0.61,0.33,0.25,1
624167.31,1285522.62,795.64,794.00,795.64,0.61,0.33,0.25,1
624259.62,1285522.62,806.64,805.00,806.64,0.61,0.33,0.25,1
624351.88,1285522.62,807.63,806.00,807.63,0.62,0.34,0.26,1
624444.19,1285522.62,795.63,794.00,795.63,0.62,0.34,0.26,1
624536.44,1285522.62,789.62,788.00,789.62,0.62,0.34,0.26,1
624628.69,1285522.62,786.60,785.00,786.60,0.62,0.34,0.26,1
624721.00,1285522.62,781.57,780.00,781.57,0.63,0.35,0.28,1
624813.25,1285522.62,772.52,771.00,772.52,0.63,0.35,0.27,1
624905.56,1285522.62,778.46,777.00,778.46,0.61,0.33,0.25,1
624997.81,1285522.62,791.38,790.00,791.38,0.60,0.33,0.25,1
625090.12,1285522.62,799.27,798.00,799.27,0.61,0.34,0.27,1
625182.38,1285522.62,801.16,800.00,801.16,0.62,0.35,0.28,1
625274.69,1285522.62,797.08,796.00,797.08,0.63,0.37,0.30,1
625366.94,1285522.62,785.49,784.47,785.49,0.58,0.32,0.25,1
625459.19,1285522.62,-9999.00,-9999.00,-9999.00,0.71,0.71,0.71,0
614385.88,1285430.38,-9999.00,-9999.00,-9999.00,0.71,0.71,0.71,0
614478.12,1285430.38,769.06,768.00,769.06,0.31,0.05,-0.02,1
614570.44,1285430.38,764.11,763.00,764.11,0.63,0.37,0.30,1
614662.69,1285430.38,766.14,765.00,766.14,0.60,0.34,0.27,1
614755.00,1285430.38,778.22,777.00,778.22,0.61,0.34,0.27,1
614847.25,1285430.38,777.33,776.00,777.33,0.62,0.35,0.28,1
614939.56,1285430.38,766.43,765.00,766.43,0.62,0.34,0.27,1
615031.81,1285430.38,765.51,764.00,765.51,0.61,0.33,0.25,1
615124.12,1285430.38,764.56,763.00,764.56,0.61,0.33,0.25,1
615216.38,1285430.38,763.60,762.00,763.60,0.61,0.33,0.25,1
615308.62,1285430.38,771.63,770.00,771.63,0.61,0.33,0.25,1
615400.94,1285430.38,768.65,767.00,768.65,0.62,0.34,0.26,1
615493.19,1285430.38,762.65,761.00,762.65,0.63,0.35,0.27,1
615585.50,1285430.38,756.66,755.00,756.66,0.63,0.35,0.27,1
615677.75,1285430.38,748.66,747.00,748.66,0.63,0.34,0.26,1
615770.06,1285430.38,740.66,739.00,740.66,0.62,0.34,0.26,1
615862.31,1285430.38,739.66,738.00,739.66,0.62,0.34,0.26,1
615954.62,1285430.38,742.65,741.00,742.65,0.61,0.33,0.25,1
616046.88,1285430.38,749.64,748.00,749.64,0.60,0.32,0.24,1
616139.12,1285430.38,748.62,747.00,748.62,0.61,0.33,0.25,1
616231.44,1285430.38,741.60,740.00,741.60,0.62,0.34,0.26,1
616323.69,1285430.38,740.58,739.00,740.58,0.62,0.34,0.26,1
616416.00,1285430.38,741.55,740.00,741.55,0.62,0.34,0.26,1
616508.25,1285430.38,741.52,740.00,741.52,0.62,0.35,0.27,1
616600.56,1285430.38,738.50,737.00,738.50,0.63,0.35,0.27,1
616692.81,1285430.38,737.48,736.00,737.48,0.62,0.35,0.27,1
616785.12,1285430.38,741.46,740.00,741.46,0.62,0.35,0.27,1
616877.38,1285430.38,742.46,741.00,742.46,0.63,0.35,0.27,1
616969.62,1285430.38,739.45,738.00,739.45,0.63,0.35,0.28,1
617061.94,1285430.38,737.45,736.00,737.45,0.62,0.35,0.27,1
617154.19,1285430.38,741.45,740.00,741.45,0.61,0.33,0.25,1
617246.50,1285430.38,748.45,747.00,748.45,0.60,0.33,0.25,1
617338.75,1285430.38,752.45,751.00,752.45,0.61,0.34,0.26,1
617431.06,1285430.38,754.45,753.00,754.45,0.62,0.35,0.27,1
617523.31,1285430.38,758.45,757.00,758.45,0.62,0.35,0.27,1
617615.62,1285430.38,764.45,763.00,764.45,0.62,0.34,0.27,1
617707.88,1285430.38,775.44,774.00,775.44,0.61,0.33,0.26,1
617800.12,1285430.38,788.44,787.00,788.44,0.61,0.33,0.26,1
617892.44,1285430.38,797.44,796.00,797.44,0.61,0.34,0.26,1
617984.69,1285430.38,803.43,802.00,803.43,0.61,0.34,0.26,1
618077.00,1285430.38,802.42,801.00,802.42,0.62,0.35,0.27,1
618169.25,1285430.38,797.41,796.00,797.41,0.62,0.35,0.27,1
618261.56,1285430.38,791.41,790.00,791.41,0.62,0.35,0.27,1
618353.81,1285430.38,777.41,776.00,777.41,0.62,0.35,0.28,1
618446.12,1285430.38,770.41,769.00,770.41,0.62,0.35,0.27,1
618538.38,1285430.38,775.41,774.00,775.41,0.61,0.34,0.26,1
618630.62,1285430.38,785.42,784.00,785.42,0.61,0.34,0.26,1
618722.94,1285430.38,796.42,795.00,796.42,0.61,0.34,0.26,1
618815.19,1285430.38,800.42,799.00,800.42,0.60,0.33,0.25,1
618907.50,1285430.38,812.41,811.00,812.41,0.58,0.31,0.23,1
618999.75,1285430.38,845.39,844.00,845.39,0.58,0.31,0.23,1
619092.06,1285430.38,874.35,873.00,874.35,0.59,0.32,0.25,1
619184.31,1285430.38,886.29,885.00,886.29,0.60,0.33,0.26,1
619276.62,1285430.38,883.19,882.00,883.19,0.60,0.33,0.26,1
619368.88,1285430.38,885.04,884.00,885.04,0.59,0.33,0.26,1
619461.19,1285430.38,905.83,905.00,905.83,0.56,0.32,0.25,1
619553.44,1285430.38,933.62,933.00,933.62,0.55,0.32,0.25,1
619645.69,1285430.38,962.49,962.00,962.49,0.55,0.33,0.27,1
619738.00,1285430.38,980.44,980.00,980.44,0.63,0.41,0.35,1
619830.25,1285430.38,961.45,961.00,961.45,0.70,0.48,0.42,1
619922.56,1285430.38,920.63,920.00,920.63,0.70,0.47,0.40,1
620014.81,1285430.38,890.14,889.00,890.14,0.68,0.41,0.34,1
620107.12,1285430.38,877.55,876.00,877.55,0.65,0.38,0.30,1
620199.38,1285430.38,883.72,882.00,883.72,0.64,0.35,0.27,1
620291.69,1285430.38,896.77,895.00,896.77,0.64,0.35,0.27,1
620383.94,1285430.38,902.80,901.00,902.80,0.64,0.35,0.27,1
620476.19,1285430.38,904.88,903.00,904.88,0.63,0.35,0.26,1
620568.50,1285430.38,902.91,901.00,902.91,0.63,0.34,0.26,1
620660.75,1285430.38,907.91,906.00,907.91,0.62,0.33,0.25,1
620753.06,1285430.38,924.88,923.00,924.88,0.62,0.33,0.25,1
620845.31,1285430.38,940.78,939.00,940.78,0.63,0.35,0.26,1
620937.62,1285430.38,949.68,948.00,949.68,0.64,0.36,0.28,1
621029.88,1285430.38,948.62,947.00,948.62,0.65,0.37,0.29,1
621122.19,1285430.38,938.63,937.00,938.63,0.66,0.38,0.30,1
621214.44,1285430.38,914.81,913.00,914.81,0.66,0.37,0.29,1
621306.69,1285430.38,892.01,890.00,892.01,0.64,0.35,0.27,1
621399.00,1285430.38,890.98,889.00,890.98,0.62,0.33,0.25,1
621491.25,1285430.38,899.83,898.00,899.83,0.62,0.33,0.25,1
621583.56,1285430.38,910.55,909.00,910.55,0.61,0.33,0.25,1
621675.81,1285430.38,927.30,926.00,927.30,0.61,0.34,0.26,1
621768.12,1285430.38,944.17,943.00,944.17,0.64,0.37,0.30,1
621860.38,1285430.38,937.18,936.00,937.18,0.67,0.41,0.34,1
621952.69,1285430.38,909.54,908.00,909.54,0.67,0.39,0.32,1
622044.94,1285430.38,884.92,883.00,884.92,0.65,0.36,0.28,1
622137.19,1285430.38,870.96,869.00,870.96,0.64,0.35,0.27,1
622229.50,1285430.38,865.86,864.00,865.86,0.64,0.35,0.27,1
622321.75,1285430.38,858.76,857.00,858.76,0.63,0.35,0.27,1
622414.06,1285430.38,861.70,860.00,861.70,0.63,0.35,0.27,1
622506.31,1285430.38,866.66,865.00,866.66,0.64,0.36,0.28,1
622598.62,1285430.38,854.65,853.00,854.65,0.65,0.37,0.29,1
622690.88,1285430.38,836.68,835.00,836.68,0.66,0.38,0.30,1
622783.19,1285430.38,813.78,812.00,813.78,0.66,0.37,0.29,1
622875.44,1285430.38,794.82,793.00,794.82,0.65,0.36,0.28,1
622967.69,1285430.38,781.79,780.00,781.79,0.64,0.35,0.27,1
623060.00,1285430.38,771.75,770.00,771.75,0.63,0.35,0.27,1
623152.25,1285430.38,766.71,765.00,766.71,0.63,0.35,0.27,1
623244.56,1285430.38,759.68,758.00,759.68,0.63,0.35,0.27,1
623336.81,1285430.38,751.66,750.00,751.66,0.63,0.35,0.27,1
623429.12,1285430.38,748.65,747.00,748.65,0.62,0.34,0.26,1
623521.38,1285430.38,750.65,749.00,750.65,0.62,0.34,0.26,1
623613.69,1285430.38,751.64,750.00,751.64,0.62,0.34,0.26,1
623705.94,1285430.38,755.64,754.00,755.64,0.62,0.34,0.26,1
623798.19,1285430.38,759.64,758.00,759.64,0.62,0.34,0.26,1
623890.50,1285430.38,763.64,762.00,763.64,0.62,0.34,0.26,1
623982.75,1285430.38,774.64,773.00,774.64,0.61,0.33,0.25,1
624075.06,1285430.38,787.64,786.00,787.64,0.61,0.33,0.25,1
624167.31,1285430.38,793.64,792.00,793.64,0.61,0.33,0.25,1
624259.62,1285430.38,795.64,794.00,795.64,0.61,0.33,0.25,1
624351.88,1285430.38,794.63,793.00,794.63,0.61,0.33,0.25,1
624444.19,1285430.38,787.63,786.00,787.63,0.62,0.34,0.26,1
624536.44,1285430.38,778.62,777.00,778.62,0.61,0.33,0.25,1
624628.69,1285430.38,779.60,778.00,779.60,0.61,0.33,0.25,1
624721.00,1285430.38,781.57,780.00,781.57,0.62,0.35,0.27,1
624813.25,1285430.38,776.52,775.00,776.52,0.63,0.35,0.28,1
624905.56,1285430.38,775.47,774.00,775.47,0.62,0.34,0.26,1
624997.81,1285430.38,781.39,780.00,781.39,0.60,0.33,0.26,1
625090.12,1285430.38,788.29,787.00,788.29,0.60,0.34,0.26,1
625182.38,1285430.38,788.18,787.00,788.18,0.61,0.34,0.27,1
625274.69,1285430.38,789.10,788.00,789.10,0.62,0.36,0.28,1
625366.94,1285430.38,779.92,778.88,779.92,0.58,0.32,0.25,1
625459.19,1285430.38,-9999.00,-9999.00,-9999.00,0.71,0.71,0.71,0
614385.88,1285338.00,-9999.00,-9999.00,-9999.00,0.71,0.71,0.71,0
614478.12,1285338.00,777.07,776.00,777.07,0.31,0.05,-0.02,1
614570.44,1285338.00,766.12,765.00,766.12,0.64,0.39,0.31,1
614662.69,1285338.00,757.14,756.00,757.14,0.63,0.37,0.29,1
614755.00,1285338.00,766.22,765.00,766.22,0.61,0.34,0.27,1
614847.25,1285338.00,767.32,766.00,767.32,0.62,0.35,0.28,1
614939.56,1285338.00,754.43,753.00,754.43,0.63,0.35,0.28,1
615031.81,1285338.00,749.50,748.00,749.50,0.62,0.34,0.27,1
615124.12,1285338.00,748.56,747.00,748.56,0.62,0.34,0.26,1
615216.38,1285338.00,749.60,748.00,749.60,0.61,0.33,0.25,1
615308.62,1285338.00,756.62,755.00,756.62,0.60,0.32,0.24,1
615400.94,1285338.00,759.64,758.00,759.64,0.61,0.33,0.25,1
615493.19,1285338.00,757.65,756.00,757.65,0.61,0.33,0.25,1
615585.50,1285338.00,751.66,750.00,751.66,0.62,0.34,0.26,1
615677.75,1285338.00,743.66,742.00,743.66,0.62,0.34,0.26,1
615770.06,1285338.00,737.66,736.00,737.66,0.62,0.34,0.26,1
615862.31,1285338.00,744.65,743.00,744.65,0.62,0.34,0.26,1
615954.62,1285338.00,746.65,745.00,746.65,0.63,0.35,0.27,1
616046.88,1285338.00,740.63,739.00,740.63,0.62,0.34,0.26,1
616139.12,1285338.00,738.62,737.00,738.62,0.62,0.34,0.26,1
616231.44,1285338.00,738.60,737.00,738.60,0.62,0.34,0.26,1
616323.69,1285338.00,740.58,739.00,740.58,0.62,0.34,0.26,1
616416.00,1285338.00,740.55,739.00,740.55,0.62,0.34,0.26,1
616508.25,1285338.00,741.52,740.00,741.52,0.62,0.35,0.27,1
616600.56,1285338.00,740.49,739.00,740.49,0.63,0.35,0.27,1
616692.81,1285338.00,738.46,737.00,738.46,0.62,0.35,0.27,1
616785.12,1285338.00,741.44,740.00,741.44,0.62,0.35,0.27,1
616877.38,1285338.00,743.42,742.00,743.42,0.62,0.35,0.27,1
616969.62,1285338.00,741.41,740.00,741.41,0.63,0.36,0.28,1
617061.94,1285338.00,737.41,736.00,737.41,0.63,0.35,0.28,1
617154.19,1285338.00,737.41,736.00,737.41,0.62,0.35,0.27,1
617246.50,1285338.00,739.41,738.00,739.41,0.61,0.34,0.26,1
617338.75,1285338.00,744.41,743.00,744.41,0.61,0.34,0.26,1
617431.06,1285338.00,753.41,752.00,753.41,0.61,0.34,0.26,1
617523.31,1285338.00,761.41,760.00,761.41,0.61,0.34,0.26,1
617615.62,1285338.00,769.41,768.00,769.41,0.61,0.34,0.27,1
617707.88,1285338.00,774.41,773.00,774.41,0.61,0.34,0.26,1
617800.12,1285338.00,784.41,783.00,784.41,0.60,0.33,0.26,1
617892.44,1285338.00,793.40,792.00,793.40,0.61,0.34,0.26,1
617984.69,1285338.00,798.40,797.00,798.40,0.62,0.34,0.27,1
618077.00,1285338.00,795.39,794.00,795.39,0.62,0.35,0.27,1
618169.25,1285338.00,789.39,788.00,789.39,0.62,0.35,0.27,1
618261.56,1285338.00,780.39,779.00,780.39,0.62,0.35,0.27,1
618353.81,1285338.00,770.39,769.00,770.39,0.62,0.35,0.27,1
618446.12,1285338.00,771.40,770.00,771.40,0.62,0.35,0.27,1
618538.38,1285338.00,777.41,776.00,777.41,0.62,0.35,0.27,1
618630.62,1285338.00,783.42,782.00,783.42,0.61,0.34,0.26,1
618722.94,1285338.00,787.42,786.00,787.42,0.61,0.34,0.26,1
618815.19,1285338.00,789.42,788.00,789.42,0.60,0.33,0.25,1
618907.50,1285338.00,804.42,803.00,804.42,0.59,0.31,0.24,1
618999.75,1285338.00,836.40,835.00,836.40,0.57,0.30,0.22,1
619092.06,1285338.00,860.38,859.00,860.38,0.58,0.31,0.23,1
619184.31,1285338.00,863.33,862.00,863.33,0.59,0.32,0.24,1
619276.62,1285338.00,865.25,864.00,865.25,0.60,0.33,0.26,1
619368.88,1285338.00,877.13,876.00,877.13,0.60,0.34,0.27,1
619461.19,1285338.00,893.96,893.00,893.96,0.58,0.33,0.26,1
619553.44,1285338.00,918.80,918.00,918.80,0.56,0.32,0.25,1
619645.69,1285338.00,942.70,942.00,942.70,0.56,0.32,0.25,1
619738.00,1285338.00,964.67,964.00,964.67,0.58,0.35,0.28,1
619830.25,1285338.00,961.67,961.00,961.67,0.65,0.41,0.35,1
619922.56,1285338.00,935.76,935.00,935.76,0.68,0.44,0.37,1
620014.81,1285338.00,916.03,915.00,916.03,0.67,0.42,0.35,1
620107.12,1285338.00,911.28,910.00,911.28,0.65,0.39,0.31,1
620199.38,1285338.00,919.41,918.00,919.41,0.64,0.37,0.29,1
620291.69,1285338.00,923.51,922.00,923.51,0.64,0.37,0.29,1
620383.94,1285338.00,918.63,917.00,918.63,0.64,0.36,0.28,1
620476.19,1285338.00,913.77,912.00,913.77,0.63,0.35,0.27,1
620568.50,1285338.00,911.86,910.00,911.86,0.63,0.34,0.26,1
620660.75,1285338.00,917.89,916.00,917.89,0.61,0.32,0.24,1
620753.06,1285338.00,945.84,944.00,945.84,0.60,0.31,0.23,1
620845.31,1285338.00,977.56,976.00,977.56,0.63,0.35,0.27,1
620937.62,1285338.00,983.36,982.00,983.36,0.65,0.38,0.31,1
621029.88,1285338.00,974.25,973.00,974.25,0.66,0.39,0.32,1
621122.19,1285338.00,968.21,967.00,968.21,0.67,0.40,0.33,1
621214.44,1285338.00,952.37,951.00,952.37,0.67,0.40,0.33,1
621306.69,1285338.00,924.80,923.00,924.80,0.66,0.37,0.29,1
621399.00,1285338.00,912.00,910.00,912.00,0.64,0.35,0.27,1
621491.25,1285338.00,913.90,912.00,913.90,0.63,0.34,0.26,1
621583.56,1285338.00,916.67,915.00,916.67,0.62,0.34,0.26,1
621675.81,1285338.00,926.41,925.00,926.41,0.61,0.33,0.26,1
621768.12,1285338.00,946.25,945.00,946.25,0.61,0.34,0.26,1
621860.38,1285338.00,955.20,954.00,955.20,0.64,0.38,0.30,1
621952.69,1285338.00,943.27,942.00,943.27,0.67,0.40,0.33,1
622044.94,1285338.00,918.55,917.00,918.55,0.66,0.39,0.31,1
622137.19,1285338.00,896.71,895.00,896.71,0.65,0.37,0.29,1
622229.50,1285338.00,883.73,882.00,883.73,0.65,0.36,0.28,1
622321.75,1285338.00,873.69,872.00,873.69,0.64,0.36,0.28,1
622414.06,1285338.00,876.65,875.00,876.65,0.63,0.35,0.27,1
622506.31,1285338.00,884.61,883.00,884.61,0.63,0.35,0.27,1
622598.62,1285338.00,883.57,882.00,883.57,0.65,0.37,0.29,1
622690.88,1285338.00,874.55,873.00,874.55,0.66,0.38,0.31,1
622783.19,1285338.00,849.62,848.00,849.62,0.67,0.39,0.31,1
622875.44,1285338.00,817.76,816.00,817.76,0.66,0.38,0.29,1
622967.69,1285338.00,794.79,793.00,794.79,0.65,0.36,0.28,1
623060.00,1285338.00,781.75,780.00,781.75,0.64,0.36,0.27,1
623152.25,1285338.00,774.70,773.00,774.70,0.64,0.35,0.27,1
623244.56,1285338.00,766.68,765.00,766.68,0.64,0.35,0.27,1
623336.81,1285338.00,757.66,756.00,757.66,0.64,0.35,0.27,1
623429.12,1285338.00,749.65,748.00,749.65,0.63,0.35,0.27,1
623521.38,1285338.00,748.65,747.00,748.65,0.62,0.34,0.26,1
623613.69,1285338.00,753.64,752.00,753.64,0.61,0.33,0.25,1
623705.94,1285338.00,757.64,756.00,757.64,0.61,0.33,0.25,1
623798.19,1285338.00,761.64,760.00,761.64,0.61,0.33,0.25,1
623890.50,1285338.00,766.64,765.00,766.64,0.61,0.33,0.25,1
623982.75,1285338.00,774.64,773.00,774.64,0.61,0.33,0.25,1
624075.06,1285338.00,782.64,781.00,782.64,0.61,0.33,0.25,1
624167.31,1285338.00,784.64,783.00,784.64,0.61,0.33,0.25,1
624259.62,1285338.00,786.64,785.00,786.64,0.61,0.33,0.25,1
624351.88,1285338.00,787.63,786.00,787.63,0.62,0.34,0.26,1
624444.19,1285338.00,780.62,779.00,780.62,0.62,0.34,0.26,1
624536.44,1285338.00,768.61,767.00,768.61,0.62,0.34,0.26,1
624628.69,1285338.00,772.59,771.00,772.59,0.61,0.33,0.25,1
624721.00,1285338.00,782.56,781.00,782.56,0.62,0.34,0.26,1
624813.25,1285338.00,782.52,781.00,782.52,0.63,0.36,0.28,1
624905.56,1285338.00,774.47,773.00,774.47,0.64,0.36,0.28,1
624997.81,1285338.00,773.40,772.00,773.40,0.62,0.35,0.28,1
625090.12,1285338.00,775.32,774.00,775.32,0.62,0.35,0.27,1
625182.38,1285338.00,774.24,773.00,774.24,0.62,0.35,0.28,1
625274.69,1285338.00,777.16,776.00,777.16,0.61,0.35,0.27,1
625366.94,1285338.00,783.06,782.00,783.06,0.58,0.32,0.25,1
625459.19,1285338.00,-9999.00,-9999.00,-9999.00,0.71,0.71,0.71,0
614385.88,1285245.75,-9999.00,-9999.00,-9999.00,0.71,0.71,0.71,0
614478.12,1285245.75,771.08,770.00,771.08,0.31,0.06,-0.02,1
614570.44,1285245.75,770.13,769.00,770.13,0.63,0.37,0.30,1
614662.69,1285245.75,766.15,765.00,766.15,0.65,0.38,0.31,1
614755.00,1285245.75,759.22,758.00,759.22,0.63,0.37,0.29,1
614847.25,1285245.75,760.32,759.00,760.32,0.63,0.36,0.28,1
614939.56,1285245.75,753.42,752.00,753.42,0.63,0.36,0.28,1
615031.81,1285245.75,755.50,754.00,755.50,0.63,0.36,0.28,1
615124.12,1285245.75,755.56,754.00,755.56,0.64,0.36,0.28,1
615216.38,1285245.75,747.60,746.00,747.60,0.63,0.35,0.27,1
615308.62,1285245.75,743.62,742.00,743.62,0.62,0.34,0.26,1
615400.94,1285245.75,745.64,744.00,745.64,0.62,0.34,0.26,1
615493.19,1285245.75,744.65,743.00,744.65,0.62,0.34,0.26,1
615585.50,1285245.75,741.65,740.00,741.65,0.62,0.34,0.26,1
615677.75,1285245.75,738.66,737.00,738.66,0.62,0.34,0.26,1
615770.06,1285245.75,736.66,735.00,736.66,0.61,0.33,0.25,1
615862.31,1285245.75,748.65,747.00,748.65,0.61,0.33,0.25,1
615954.62,1285245.75,750.64,749.00,750.64,0.62,0.34,0.26,1
616046.88,1285245.75,742.63,741.00,742.63,0.63,0.35,0.27,1
616139.12,1285245.75,738.62,737.00,738.62,0.62,0.34,0.26,1
616231.44,1285245.75,738.60,737.00,738.60,0.62,0.34,0.26,1
616323.69,1285245.75,740.58,739.00,740.58,0.62,0.34,0.26,1
616416.00,1285245.75,740.55,739.00,740.55,0.62,0.34,0.27,1
616508.25,1285245.75,740.52,739.00,740.52,0.62,0.35,0.27,1
616600.56,1285245.75,740.49,739.00,740.49,0.62,0.35,0.27,1
616692.81,1285245.75,740.45,739.00,740.45,0.62,0.35,0.27,1
616785.12,1285245.75,742.42,741.00,742.42,0.62,0.35,0.27,1
616877.38,1285245.75,744.40,743.00,744.40,0.62,0.35,0.28,1
616969.62,1285245.75,741.38,740.00,741.38,0.63,0.36,0.28,1
617061.94,1285245.75,738.37,737.00,738.37,0.63,0.36,0.28,1
617154.19,1285245.75,737.36,736.00,737.36,0.62,0.35,0.28,1
617246.50,1285245.75,738.36,737.00,738.36,0.62,0.35,0.28,1
617338.75,1285245.75,740.36,739.00,740.36,0.62,0.35,0.27,1
617431.06,1285245.75,747.36,746.00,747.36,0.61,0.34,0.26,1
617523.31,1285245.75,757.36,756.00,757.36,0.61,0.34,0.26,1
617615.62,1285245.75,764.36,763.00,764.36,0.61,0.34,0.26,1
617707.88,1285245.75,767.36,766.00,767.36,0.61,0.34,0.26,1
617800.12,1285245.75,777.37,776.00,777.37,0.60,0.33,0.26,1
617892.44,1285245.75,789.37,788.00,789.37,0.61,0.34,0.26,1
617984.69,1285245.75,792.37,791.00,792.37,0.62,0.35,0.27,1
618077.00,1285245.75,788.37,787.00,788.37,0.62,0.35,0.28,1
618169.25,1285245.75,780.37,779.00,780.37,0.62,0.35,0.28,1
618261.56,1285245.75,771.37,770.00,771.37,0.62,0.35,0.28,1
618353.81,1285245.75,765.38,764.00,765.38,0.62,0.35,0.27,1
618446.12,1285245.75,773.39,772.00,773.39,0.62,0.34,0.27,1
618538.38,1285245.75,778.40,777.00,778.40,0.62,0.35,0.27,1
618630.62,1285245.75,779.42,778.00,779.42,0.62,0.35,0.27,1
618722.94,1285245.75,780.43,779.00,780.43,0.61,0.34,0.26,1
618815.19,1285245.75,786.43,785.00,786.43,0.61,0.34,0.26,1
618907.50,1285245.75,803.44,802.00,803.44,0.60,0.33,0.25,1
618999.75,1285245.75,818.43,817.00,818.43,0.59,0.32,0.24,1
619092.06,1285245.75,831.42,830.00,831.42,0.59,0.31,0.24,1
619184.31,1285245.75,842.39,841.00,842.39,0.59,0.32,0.24,1
619276.62,1285245.75,861.33,860.00,861.33,0.59,0.33,0.25,1
619368.88,1285245.75,879.25,878.00,879.25,0.61,0.34,0.27,1
619461.19,1285245.75,887.14,886.00,887.14,0.60,0.34,0.27,1
619553.44,1285245.75,906.03,905.00,906.03,0.58,0.33,0.25,1
619645.69,1285245.75,929.97,929.00,929.97,0.58,0.33,0.25,1
619738.00,1285245.75,944.95,944.00,944.95,0.58,0.33,0.26,1
619830.25,1285245.75,950.94,950.00,950.94,0.60,0.35,0.28,1
619922.56,1285245.75,945.97,945.00,945.97,0.64,0.39,0.31,1
620014.81,1285245.75,941.07,940.00,941.07,0.65,0.40,0.32,1
620107.12,1285245.75,940.20,939.00,940.20,0.65,0.39,0.32,1
620199.38,1285245.75,941.28,940.00,941.28,0.65,0.39,0.31,1
620291.69,1285245.75,934.36,933.00,934.36,0.65,0.38,0.30,1
620383.94,1285245.75,930.48,929.00,930.48,0.65,0.37,0.29,1
620476.19,1285245.75,928.66,927.00,928.66,0.65,0.37,0.29,1
620568.50,1285245.75,924.82,923.00,924.82,0.64,0.35,0.27,1
620660.75,1285245.75,930.87,929.00,930.87,0.62,0.33,0.25,1
620753.06,1285245.75,965.68,964.00,965.68,0.59,0.31,0.23,1
620845.31,1285245.75,1009.16,1008.00,1009.16,0.61,0.35,0.28,1
620937.62,1285245.75,1009.89,1009.00,1009.89,0.67,0.42,0.35,1
621029.88,1285245.75,996.74,996.00,996.74,0.68,0.44,0.37,1
621122.19,1285245.75,990.64,990.00,990.64,0.68,0.45,0.39,1
621214.44,1285245.75,981.63,981.00,981.63,0.70,0.47,0.40,1
621306.69,1285245.75,963.97,963.00,963.97,0.69,0.44,0.37,1
621399.00,1285245.75,945.55,944.00,945.55,0.66,0.39,0.31,1
621491.25,1285245.75,935.81,934.00,935.81,0.65,0.36,0.28,1
621583.56,1285245.75,932.70,931.00,932.70,0.64,0.36,0.28,1
621675.81,1285245.75,932.48,931.00,932.48,0.63,0.36,0.28,1
621768.12,1285245.75,946.32,945.00,946.32,0.61,0.35,0.27,1
621860.38,1285245.75,961.26,960.00,961.26,0.63,0.36,0.29,1
621952.69,1285245.75,956.27,955.00,956.27,0.65,0.39,0.31,1
622044.94,1285245.75,937.36,936.00,937.36,0.66,0.39,0.31,1
622137.19,1285245.75,916.47,915.00,916.47,0.66,0.39,0.31,1
622229.50,1285245.75,899.56,898.00,899.56,0.65,0.38,0.30,1
622321.75,1285245.75,889.59,888.00,889.59,0.64,0.37,0.29,1
622414.06,1285245.75,891.59,890.00,891.59,0.63,0.36,0.28,1
622506.31,1285245.75,894.58,893.00,894.58,0.63,0.35,0.27,1
622598.62,1285245.75,893.56,892.00,893.56,0.62,0.35,0.27,1
622690.88,1285245.75,891.52,890.00,891.52,0.63,0.36,0.28,1
622783.19,1285245.75,875.51,874.00,875.51,0.66,0.38,0.30,1
622875.44,1285245.75,843.60,842.00,843.60,0.66,0.38,0.30,1
622967.69,1285245.75,810.72,809.00,810.72,0.65,0.37,0.29,1
623060.00,1285245.75,792.72,791.00,792.72,0.64,0.36,0.28,1
623152.25,1285245.75,782.70,781.00,782.70,0.64,0.36,0.27,1
623244.56,1285245.75,773.68,772.00,773.68,0.64,0.35,0.27,1
623336.81,1285245.75,763.66,762.00,763.66,0.63,0.35,0.27,1
623429.12,1285245.75,753.65,752.00,753.65,0.63,0.35,0.27,1
623521.38,1285245.75,748.65,747.00,748.65,0.62,0.34,0.26,1
623613.69,1285245.75,749.64,748.00,749.64,0.62,0.34,0.26,1
623705.94,1285245.75,752.64,751.00,752.64,0.61,0.33,0.25,1
623798.19,1285245.75,755.64,754.00,755.64,0.61,0.33,0.25,1
623890.50,1285245.75,759.64,758.00,759.64,0.61,0.33,0.25,1
623982.75,1285245.75,766.64,765.00,766.64,0.60,0.32,0.24,1
624075.06,1285245.75,776.64,775.00,776.64,0.60,0.32,0.24,1
624167.31,1285245.75,778.64,777.00,778.64,0.61,0.33,0.25,1
624259.62,1285245.75,779.63,778.00,779.63,0.61,0.33,0.25,1
624351.88,1285245.75,779.63,778.00,779.63,0.61,0.33,0.25,1
624444.19,1285245.75,769.62,768.00,769.62,0.62,0.34,0.26,1
624536.44,1285245.75,762.60,761.00,762.60,0.62,0.34,0.26,1
624628.69,1285245.75,768.59,767.00,768.59,0.61,0.33,0.25,1
624721.00,1285245.75,780.56,779.00,780.56,0.60,0.33,0.25,1
624813.25,1285245.75,791.52,790.00,791.52,0.62,0.34,0.27,1
624905.56,1285245.75,791.47,790.00,791.47,0.64,0.36,0.29,1
624997.81,1285245.75,783.40,782.00,783.40,0.64,0.37,0.30,1
625090.12,1285245.75,777.33,776.00,777.33,0.64,0.37,0.29,1
625182.38,1285245.75,776.28,775.00,776.28,0.64,0.37,0.29,1
625274.69,1285245.75,776.24,775.00,776.24,0.62,0.36,0.28,1
625366.94,1285245.75,794.91,793.82,794.91,0.58,0.32,0.24,1
625459.19,1285245.75,-9999.00,-9999.00,-9999.00,0.71,0.71,0.71,0
614385.88,1285153.50,-9999.00,-9999.00,-9999.00,0.71,0.71,0.71,0
614478.12,1285153.50,764.09,763.00,764.09,0.31,0.06,-0.02,1
614570.44,1285153.50,769.15,768.00,769.15,0.62,0.36,0.28,1
614662.69,1285153.50,775.17,774.00,775.17,0.63,0.37,0.30,1
614755.00,1285153.50,767.23,766.00,767.23,0.64,0.38,0.30,1
614847.25,1285153.50,767.32,766.00,767.32,0.64,0.37,0.29,1
614939.56,1285153.50,764.42,763.00,764.42,0.63,0.36,0.28,1
615031.81,1285153.50,770.50,769.00,770.50,0.63,0.35,0.27,1
615124.12,1285153.50,766.56,765.00,766.56,0.63,0.36,0.28,1
615216.38,1285153.50,753.60,752.00,753.60,0.64,0.36,0.28,1
615308.62,1285153.50,746.63,745.00,746.63,0.63,0.35,0.27,1
615400.94,1285153.50,754.64,753.00,754.64,0.63,0.35,0.27,1
615493.19,1285153.50,754.65,753.00,754.65,0.64,0.36,0.28,1
615585.50,1285153.50,747.65,746.00,747.65,0.64,0.36,0.28,1
615677.75,1285153.50,739.65,738.00,739.65,0.63,0.35,0.27,1
615770.06,1285153.50,735.65,734.00,735.65,0.62,0.34,0.26,1
615862.31,1285153.50,742.65,741.00,742.65,0.61,0.33,0.25,1
615954.62,1285153.50,743.64,742.00,743.64,0.61,0.33,0.25,1
616046.88,1285153.50,740.63,739.00,740.63,0.62,0.34,0.26,1
616139.12,1285153.50,738.62,737.00,738.62,0.62,0.34,0.26,1
616231.44,1285153.50,737.60,736.00,737.60,0.62,0.34,0.26,1
616323.69,1285153.50,738.58,737.00,738.58,0.62,0.34,0.26,1
616416.00,1285153.50,739.55,738.00,739.55,0.62,0.34,0.26,1
616508.25,1285153.50,743.52,742.00,743.52,0.62,0.35,0.27,1
616600.56,1285153.50,741.49,740.00,741.49,0.63,0.35,0.27,1
616692.81,1285153.50,741.45,740.00,741.45,0.62,0.35,0.27,1
616785.12,1285153.50,742.41,741.00,742.41,0.62,0.35,0.27,1
616877.38,1285153.50,743.38,742.00,743.38,0.62,0.35,0.28,1
616969.62,1285153.50,741.35,740.00,741.35,0.63,0.36,0.28,1
617061.94,1285153.50,739.34,738.00,739.34,0.63,0.36,0.28,1
617154.19,1285153.50,737.33,736.00,737.33,0.62,0.36,0.28,1
617246.50,1285153.50,739.32,738.00,739.32,0.62,0.36,0.28,1
617338.75,1285153.50,739.32,738.00,739.32,0.62,0.35,0.28,1
617431.06,1285153.50,743.32,742.00,743.32,0.61,0.35,0.27,1
617523.31,1285153.50,752.32,751.00,752.32,0.61,0.34,0.26,1
617615.62,1285153.50,758.32,757.00,758.32,0.61,0.34,0.27,1
617707.88,1285153.50,762.32,761.00,762.32,0.61,0.34,0.26,1
617800.12,1285153.50,775.33,774.00,775.33,0.61,0.34,0.26,1
617892.44,1285153.50,786.33,785.00,786.33,0.62,0.35,0.27,1
617984.69,1285153.50,786.33,785.00,786.33,0.62,0.35,0.28,1
618077.00,1285153.50,781.34,780.00,781.34,0.62,0.36,0.28,1
618169.25,1285153.50,774.34,773.00,774.34,0.63,0.36,0.28,1
618261.56,1285153.50,766.35,765.00,766.35,0.63,0.36,0.28,1
618353.81,1285153.50,763.36,762.00,763.36,0.62,0.35,0.27,1
618446.12,1285153.50,771.38,770.00,771.38,0.62,0.34,0.27,1
618538.38,1285153.50,775.40,774.00,775.40,0.62,0.35,0.27,1
618630.62,1285153.50,775.42,774.00,775.42,0.62,0.34,0.27,1
618722.94,1285153.50,779.43,778.00,779.43,0.61,0.34,0.26,1
618815.19,1285153.50,788.45,787.00,788.45,0.61,0.34,0.26,1
618907.50,1285153.50,804.46,803.00,804.46,0.61,0.33,0.26,1
618999.75,1285153.50,819.47,818.00,819.47,0.62,0.34,0.26,1
619092.06,1285153.50,825.47,824.00,825.47,0.61,0.34,0.26,1
619184.31,1285153.50,836.46,835.00,836.46,0.60,0.33,0.25,1
619276.62,1285153.50,859.44,858.00,859.44,0.59,0.32,0.24,1
619368.88,1285153.50,877.41,876.00,877.41,0.60,0.32,0.25,1
619461.19,1285153.50,890.35,889.00,890.35,0.61,0.34,0.26,1
619553.44,1285153.50,906.29,905.00,906.29,0.60,0.33,0.26,1
619645.69,1285153.50,920.26,919.00,920.26,0.60,0.33,0.26,1
619738.00,1285153.50,924.24,923.00,924.24,0.59,0.33,0.25,1
619830.25,1285153.50,932.22,931.00,932.22,0.59,0.33,0.25,1
619922.56,1285153.50,939.21,938.00,939.21,0.60,0.34,0.26,1
620014.81,1285153.50,951.19,950.00,951.19,0.61,0.35,0.28,1
620107.12,1285153.50,963.18,962.00,963.18,0.64,0.38,0.30,1
620199.38,1285153.50,964.17,963.00,964.17,0.66,0.39,0.32,1
620291.69,1285153.50,959.20,958.00,959.20,0.66,0.39,0.32,1
620383.94,1285153.50,962.26,961.00,962.26,0.65,0.39,0.31,1
620476.19,1285153.50,968.39,967.00,968.39,0.65,0.38,0.30,1
620568.50,1285153.50,969.49,968.00,969.49,0.65,0.38,0.30,1
620660.75,1285153.50,970.48,969.00,970.48,0.64,0.37,0.29,1
620753.06,1285153.50,987.16,986.00,987.16,0.62,0.36,0.28,1
620845.31,1285153.50,1016.66,1016.00,1016.66,0.62,0.38,0.32,1
620937.62,1285153.50,1029.47,1029.00,1029.47,0.68,0.46,0.40,1
621029.88,1285153.50,1022.37,1022.00,1022.37,0.71,0.50,0.44,1
621122.19,1285153.50,1020.26,1020.00,1020.26,0.71,0.52,0.46,1
621214.44,1285153.50,1018.19,1018.00,1018.19,0.74,0.55,0.50,1
621306.69,1285153.50,1006.22,1006.00,1006.22,0.75,0.56,0.51,1
621399.00,1285153.50,986.61,986.00,986.61,0.71,0.48,0.42,1
621491.25,1285153.50,969.24,968.00,969.24,0.67,0.41,0.33,1
621583.56,1285153.50,960.56,959.00,960.56,0.65,0.38,0.30,1
621675.81,1285153.50,957.48,956.00,957.48,0.64,0.37,0.29,1
621768.12,1285153.50,962.34,961.00,962.34,0.63,0.36,0.28,1
621860.38,1285153.50,973.26,972.00,973.26,0.63,0.37,0.29,1
621952.69,1285153.50,966.25,965.00,966.25,0.65,0.39,0.31,1
622044.94,1285153.50,950.26,949.00,950.26,0.66,0.40,0.32,1
622137.19,1285153.50,939.32,938.00,939.32,0.66,0.39,0.32,1
622229.50,1285153.50,927.42,926.00,927.42,0.66,0.39,0.31,1
622321.75,1285153.50,915.51,914.00,915.51,0.65,0.38,0.30,1
622414.06,1285153.50,907.56,906.00,907.56,0.65,0.37,0.29,1
622506.31,1285153.50,896.58,895.00,896.58,0.64,0.36,0.28,1
622598.62,1285153.50,885.57,884.00,885.57,0.62,0.35,0.27,1
622690.88,1285153.50,880.55,879.00,880.55,0.61,0.34,0.26,1
622783.19,1285153.50,876.53,875.00,876.53,0.63,0.35,0.27,1
622875.44,1285153.50,853.56,852.00,853.56,0.65,0.37,0.29,1
622967.69,1285153.50,822.65,821.00,822.65,0.65,0.37,0.29,1
623060.00,1285153.50,804.67,803.00,804.67,0.64,0.36,0.28,1
623152.25,1285153.50,790.68,789.00,790.68,0.64,0.36,0.28,1
623244.56,1285153.50,776.67,775.00,776.67,0.64,0.36,0.28,1
623336.81,1285153.50,764.66,763.00,764.66,0.63,0.35,0.27,1
623429.12,1285153.50,753.65,752.00,753.65,0.63,0.35,0.27,1
623521.38,1285153.50,748.65,747.00,748.65,0.63,0.35,0.27,1
623613.69,1285153.50,748.64,747.00,748.64,0.62,0.34,0.26,1
623705.94,1285153.50,749.64,748.00,749.64,0.62,0.34,0.26,1
623798.19,1285153.50,750.64,749.00,750.64,0.62,0.34,0.26,1
623890.50,1285153.50,750.64,749.00,750.64,0.61,0.33,0.25,1
623982.75,1285153.50,752.64,751.00,752.64,0.61,0.33,0.25,1
624075.06,1285153.50,760.63,759.00,760.63,0.60,0.32,0.24,1
624167.31,1285153.50,765.63,764.00,765.63,0.60,0.32,0.24,1
624259.62,1285153.50,765.63,764.00,765.63,0.61,0.33,0.25,1
624351.88,1285153.50,762.62,761.00,762.62,0.61,0.33,0.25,1
624444.19,1285153.50,757.61,756.00,757.61,0.62,0.34,0.26,1
624536.44,1285153.50,756.60,755.00,756.60,0.62,0.34,0.26,1
624628.69,1285153.50,764.58,763.00,764.58,0.61,0.33,0.26,1
624721.00,1285153.50,775.56,774.00,775.56,0.61,0.33,0.25,1
624813.25,1285153.50,790.52,789.00,790.52,0.61,0.33,0.25,1
624905.56,1285153.50,795.46,794.00,795.46,0.62,0.34,0.27,1
624997.81,1285153.50,795.39,794.00,795.39,0.63,0.35,0.28,1
625090.12,1285153.50,793.33,792.00,793.33,0.63,0.36,0.29,1
625182.38,1285153.50,793.29,792.00,793.29,0.64,0.37,0.29,1
625274.69,1285153.50,795.27,794.00,795.27,0.63,0.37,0.29,1
625366.94,1285153.50,806.75,805.65,806.75,0.58,0.32,0.24,1
625459.19,1285153.50,-9999.00,-9999.00,-9999.00,0.71,0.71,0.71,0
614385.88,1285061.25,-9999.00,-9999.00,-9999.00,0.71,0.71,0.71,0
614478.12,1285061.25,765.10,764.00,765.10,0.32,0.06,-0.02,1
614570.44,1285061.25,770.17,769.00,770.17,0.62,0.36,0.29,1
614662.69,1285061.25,773.18,772.00,773.18,0.62,0.36,0.28,1
614755.00,1285061.25,773.24,772.00,773.24,0.62,0.36,0.28,1
614847.25,1285061.25,777.32,776.00,777.32,0.63,0.36,0.28,1
614939.56,1285061.25,771.42,770.00,771.42,0.63,0.36,0.28,1
615031.81,1285061.25,767.49,766.00,767.49,0.62,0.35,0.27,1
615124.12,1285061.25,760.55,759.00,760.55,0.63,0.35,0.27,1
615216.38,1285061.25,754.60,753.00,754.60,0.63,0.35,0.27,1
615308.62,1285061.25,759.62,758.00,759.62,0.62,0.34,0.26,1
615400.94,1285061.25,775.64,774.00,775.64,0.62,0.34,0.26,1
615493.19,1285061.25,774.64,773.00,774.64,0.64,0.36,0.28,1
615585.50,1285061.25,766.65,765.00,766.65,0.64,0.36,0.28,1
615677.75,1285061.25,749.65,748.00,749.65,0.64,0.36,0.28,1
615770.06,1285061.25,737.65,736.00,737.65,0.63,0.35,0.27,1
615862.31,1285061.25,735.65,734.00,735.65,0.62,0.34,0.26,1
615954.62,1285061.25,737.64,736.00,737.64,0.62,0.34,0.26,1
616046.88,1285061.25,738.63,737.00,738.63,0.62,0.34,0.26,1
616139.12,1285061.25,738.62,737.00,738.62,0.62,0.34,0.26,1
616231.44,1285061.25,739.60,738.00,739.60,0.62,0.35,0.27,1
616323.69,1285061.25,736.58,735.00,736.58,0.62,0.34,0.26,1
616416.00,1285061.25,738.55,737.00,738.55,0.61,0.34,0.26,1
616508.25,1285061.25,746.52,745.00,746.52,0.62,0.34,0.27,1
616600.56,1285061.25,742.49,741.00,742.49,0.63,0.35,0.28,1
616692.81,1285061.25,742.45,741.00,742.45,0.62,0.35,0.27,1
616785.12,1285061.25,741.40,740.00,741.40,0.62,0.35,0.27,1
616877.38,1285061.25,743.36,742.00,743.36,0.63,0.36,0.28,1
616969.62,1285061.25,741.33,740.00,741.33,0.63,0.36,0.28,1
617061.94,1285061.25,738.31,737.00,738.31,0.63,0.36,0.28,1
617154.19,1285061.25,737.30,736.00,737.30,0.63,0.36,0.28,1
617246.50,1285061.25,739.29,738.00,739.29,0.62,0.36,0.28,1
617338.75,1285061.25,741.29,740.00,741.29,0.62,0.36,0.28,1
617431.06,1285061.25,743.28,742.00,743.28,0.62,0.35,0.28,1
617523.31,1285061.25,747.28,746.00,747.28,0.61,0.35,0.27,1
617615.62,1285061.25,752.29,751.00,752.29,0.61,0.34,0.27,1
617707.88,1285061.25,761.29,760.00,761.29,0.61,0.34,0.26,1
617800.12,1285061.25,776.29,775.00,776.29,0.61,0.34,0.26,1
617892.44,1285061.25,786.30,785.00,786.30,0.62,0.35,0.27,1
617984.69,1285061.25,782.30,781.00,782.30,0.63,0.36,0.28,1
618077.00,1285061.25,777.31,776.00,777.31,0.63,0.36,0.28,1
618169.25,1285061.25,771.32,770.00,771.32,0.63,0.36,0.28,1
618261.56,1285061.25,765.34,764.00,765.34,0.63,0.36,0.28,1
618353.81,1285061.25,766.35,765.00,766.35,0.62,0.35,0.28,1
618446.12,1285061.25,772.37,771.00,772.37,0.62,0.35,0.28,1
618538.38,1285061.25,772.39,771.00,772.39,0.62,0.35,0.27,1
618630.62,1285061.25,771.42,770.00,771.42,0.62,0.35,0.27,1
618722.94,1285061.25,778.44,777.00,778.44,0.61,0.34,0.26,1
618815.19,1285061.25,791.46,790.00,791.46,0.61,0.33,0.25,1
618907.50,1285061.25,813.48,812.00,813.48,0.61,0.33,0.25,1
618999.75,1285061.25,832.50,831.00,832.50,0.62,0.34,0.27,1
619092.06,1285061.25,835.52,834.00,835.52,0.63,0.35,0.27,1
619184.31,1285061.25,843.54,842.00,843.54,0.62,0.34,0.26,1
619276.62,1285061.25,857.55,856.00,857.55,0.61,0.33,0.25,1
619368.88,1285061.25,869.55,868.00,869.55,0.60,0.32,0.24,1
619461.19,1285061.25,888.55,887.00,888.55,0.60,0.32,0.24,1
619553.44,1285061.25,903.55,902.00,903.55,0.60,0.32,0.24,1
619645.69,1285061.25,907.54,906.00,907.54,0.60,0.32,0.25,1
619738.00,1285061.25,908.54,907.00,908.54,0.60,0.33,0.25,1
619830.25,1285061.25,916.52,915.00,916.52,0.60,0.32,0.25,1
619922.56,1285061.25,928.47,927.00,928.47,0.59,0.32,0.24,1
620014.81,1285061.25,948.36,947.00,948.36,0.59,0.32,0.24,1
620107.12,1285061.25,974.18,973.00,974.18,0.60,0.34,0.26,1
620199.38,1285061.25,991.04,990.00,991.04,0.64,0.38,0.31,1
620291.69,1285061.25,995.97,995.00,995.97,0.65,0.40,0.33,1
620383.94,1285061.25,1001.92,1001.00,1001.92,0.65,0.40,0.32,1
620476.19,1285061.25,1014.86,1014.00,1014.86,0.65,0.40,0.33,1
620568.50,1285061.25,1017.76,1017.00,1017.76,0.67,0.43,0.36,1
620660.75,1285061.25,1015.62,1015.00,1015.62,0.68,0.45,0.39,1
620753.06,1285061.25,1021.42,1021.00,1021.42,0.67,0.46,0.40,1
620845.31,1285061.25,1041.24,1041.00,1041.24,0.66,0.46,0.41,1
620937.62,1285061.25,1061.18,1061.00,1061.18,0.68,0.50,0.45,1
621029.88,1285061.25,1069.13,1069.00,1069.13,0.72,0.55,0.50,1
621122.19,1285061.25,1072.08,1072.00,1072.08,0.81,0.67,0.56,1
621214.44,1285061.25,1065.05,1065.00,1065.05,0.83,0.69,0.59,1
621306.69,1285061.25,1047.03,1047.00,1047.03,0.85,0.71,0.60,1
621399.00,1285061.25,1026.10,1026.00,1026.10,0.85,0.71,0.61,1
621491.25,1285061.25,1006.46,1006.00,1006.46,0.72,0.50,0.44,1
621583.56,1285061.25,994.02,993.00,994.02,0.68,0.43,0.35,1
621675.81,1285061.25,983.31,982.00,983.31,0.66,0.39,0.32,1
621768.12,1285061.25,974.29,973.00,974.29,0.65,0.38,0.30,1
621860.38,1285061.25,980.22,979.00,980.22,0.63,0.37,0.30,1
621952.69,1285061.25,982.18,981.00,982.18,0.65,0.39,0.32,1
622044.94,1285061.25,975.17,974.00,975.17,0.67,0.40,0.33,1
622137.19,1285061.25,967.20,966.00,967.20,0.67,0.41,0.33,1
622229.50,1285061.25,952.30,951.00,952.30,0.67,0.40,0.32,1
622321.75,1285061.25,933.45,932.00,933.45,0.65,0.38,0.30,1
622414.06,1285061.25,920.56,919.00,920.56,0.65,0.37,0.29,1
622506.31,1285061.25,904.59,903.00,904.59,0.64,0.36,0.29,1
622598.62,1285061.25,883.60,882.00,883.60,0.64,0.36,0.28,1
622690.88,1285061.25,869.59,868.00,869.59,0.62,0.34,0.26,1
622783.19,1285061.25,865.59,864.00,865.59,0.61,0.33,0.26,1
622875.44,1285061.25,850.59,849.00,850.59,0.63,0.35,0.27,1
622967.69,1285061.25,823.63,822.00,823.63,0.63,0.35,0.27,1
623060.00,1285061.25,805.65,804.00,805.65,0.63,0.35,0.27,1
623152.25,1285061.25,795.66,794.00,795.66,0.63,0.35,0.27,1
623244.56,1285061.25,782.66,781.00,782.66,0.64,0.36,0.28,1
623336.81,1285061.25,767.66,766.00,767.66,0.64,0.36,0.28,1
623429.12,1285061.25,756.65,755.00,756.65,0.63,0.35,0.27,1
623521.38,1285061.25,754.65,753.00,754.65,0.63,0.35,0.27,1
623613.69,1285061.25,751.64,750.00,751.64,0.63,0.35,0.27,1
623705.94,1285061.25,749.64,748.00,749.64,0.62,0.34,0.26,1
623798.19,1285061.25,750.64,749.00,750.64,0.62,0.34,0.26,1
623890.50,1285061.25,749.63,748.00,749.63,0.62,0.34,0.26,1
623982.75,1285061.25,750.63,749.00,750.63,0.62,0.34,0.26,1
624075.06,1285061.25,752.63,751.00,752.63,0.61,0.33,0.25,1
624167.31,1285061.25,753.62,752.00,753.62,0.61,0.33,0.25,1
624259.62,1285061.25,752.62,751.00,752.62,0.62,0.34,0.26,1
624351.88,1285061.25,752.61,751.00,752.61,0.62,0.34,0.26,1
624444.19,1285061.25,753.61,752.00,753.61,0.62,0.34,0.26,1
624536.44,1285061.25,759.60,758.00,759.60,0.62,0.34,0.26,1
624628.69,1285061.25,773.58,772.00,773.58,0.61,0.34,0.26,1
624721.00,1285061.25,786.55,785.00,786.55,0.62,0.34,0.26,1
624813.25,1285061.25,789.51,788.00,789.51,0.62,0.35,0.27,1
624905.56,1285061.25,787.45,786.00,787.45,0.62,0.34,0.27,1
624997.81,1285061.25,784.38,783.00,784.38,0.61,0.34,0.26,1
625090.12,1285061.25,789.32,788.00,789.32,0.60,0.34,0.26,1
625182.38,1285061.25,799.28,798.00,799.28,0.61,0.35,0.27,1
625274.69,1285061.25,806.27,805.00,806.27,0.62,0.36,0.28,1
625366.94,1285061.25,808.91,807.80,808.91,0.58,0.32,0.24,1
625459.19,1285061.25,-9999.00,-9999.00,-9999.00,0.71,0.71,0.71,0
614385.88,1284968.88,-9999.00,-9999.00,-9999.00,0.71,0.71,0.71,0
614478.12,1284968.88,772.11,771.00,772.11,0.32,0.06,-0.02,1
614570.44,1284968.88,772.19,771.00,772.19,0.63,0.36,0.29,1
614662.69,1284968.88,770.20,769.00,770.20,0.62,0.36,0.28,1
614755.00,1284968.88,769.25,768.00,769.25,0.62,0.35,0.28,1
614847.25,1284968.88,769.33,768.00,769.33,0.61,0.34,0.27,1
614939.56,1284968.88,764.42,763.00,764.42,0.62,0.35,0.27,1
615031.81,1284968.88,759.49,758.00,759.49,0.62,0.34,0.27,1
615124.12,1284968.88,763.55,762.00,763.55,0.62,0.35,0.27,1
615216.38,1284968.88,767.59,766.00,767.59,0.63,0.35,0.27,1
615308.62,1284968.88,768.61,767.00,768.61,0.62,0.34,0.26,1
615400.94,1284968.88,777.63,776.00,777.63,0.61,0.33,0.25,1
615493.19,1284968.88,777.64,776.00,777.64,0.62,0.34,0.26,1
615585.50,1284968.88,770.64,769.00,770.64,0.63,0.35,0.27,1
615677.75,1284968.88,752.64,751.00,752.64,0.64,0.36,0.28,1
615770.06,1284968.88,739.64,738.00,739.64,0.63,0.35,0.27,1
615862.31,1284968.88,737.64,736.00,737.64,0.62,0.34,0.26,1
615954.62,1284968.88,737.64,736.00,737.64,0.62,0.34,0.26,1
616046.88,1284968.88,738.63,737.00,738.63,0.62,0.34,0.26,1
616139.12,1284968.88,739.62,738.00,739.62,0.62,0.34,0.26,1
616231.44,1284968.88,739.60,738.00,739.60,0.62,0.34,0.26,1
616323.69,1284968.88,735.58,734.00,735.58,0.62,0.34,0.27,1
616416.00,1284968.88,736.55,735.00,736.55,0.62,0.34,0.26,1
616508.25,1284968.88,744.52,743.00,744.52,0.62,0.34,0.26,1
616600.56,1284968.88,747.49,746.00,747.49,0.63,0.35,0.27,1
616692.81,1284968.88,743.45,742.00,743.45,0.63,0.35,0.28,1
616785.12,1284968.88,741.40,740.00,741.40,0.62,0.35,0.27,1
616877.38,1284968.88,744.36,743.00,744.36,0.62,0.35,0.28,1
616969.62,1284968.88,743.32,742.00,743.32,0.63,0.36,0.29,1
617061.94,1284968.88,739.29,738.00,739.29,0.63,0.36,0.29,1
617154.19,1284968.88,739.28,738.00,739.28,0.63,0.36,0.28,1
617246.50,1284968.88,741.26,740.00,741.26,0.63,0.36,0.28,1
617338.75,1284968.88,742.26,741.00,742.26,0.63,0.36,0.28,1
617431.06,1284968.88,743.26,742.00,743.26,0.62,0.36,0.28,1
617523.31,1284968.88,745.26,744.00,745.26,0.62,0.36,0.28,1
617615.62,1284968.88,748.26,747.00,748.26,0.61,0.35,0.27,1
617707.88,1284968.88,760.26,759.00,760.26,0.61,0.34,0.27,1
617800.12,1284968.88,773.26,772.00,773.26,0.61,0.34,0.26,1
617892.44,1284968.88,781.27,780.00,781.27,0.61,0.35,0.27,1
617984.69,1284968.88,781.28,780.00,781.28,0.62,0.36,0.28,1
618077.00,1284968.88,777.29,776.00,777.29,0.63,0.36,0.29,1
618169.25,1284968.88,769.30,768.00,769.30,0.63,0.36,0.29,1
618261.56,1284968.88,763.32,762.00,763.32,0.62,0.35,0.28,1
618353.81,1284968.88,769.34,768.00,769.34,0.62,0.35,0.27,1
618446.12,1284968.88,777.37,776.00,777.37,0.62,0.35,0.28,1
618538.38,1284968.88,773.39,772.00,773.39,0.63,0.36,0.28,1
618630.62,1284968.88,773.42,772.00,773.42,0.62,0.35,0.27,1
618722.94,1284968.88,783.45,782.00,783.45,0.61,0.34,0.26,1
618815.19,1284968.88,798.47,797.00,798.47,0.60,0.33,0.25,1
618907.50,1284968.88,823.50,822.00,823.50,0.60,0.33,0.25,1
618999.75,1284968.88,840.53,839.00,840.53,0.61,0.33,0.25,1
619092.06,1284968.88,844.56,843.00,844.56,0.62,0.34,0.26,1
619184.31,1284968.88,852.60,851.00,852.60,0.61,0.33,0.25,1
619276.62,1284968.88,867.63,866.00,867.63,0.62,0.34,0.26,1
619368.88,1284968.88,874.68,873.00,874.68,0.62,0.34,0.26,1
619461.19,1284968.88,881.73,880.00,881.73,0.61,0.33,0.25,1
619553.44,1284968.88,886.79,885.00,886.79,0.59,0.31,0.23,1
619645.69,1284968.88,891.83,890.00,891.83,0.59,0.30,0.22,1
619738.00,1284968.88,904.85,903.00,904.85,0.59,0.30,0.22,1
619830.25,1284968.88,916.84,915.00,916.84,0.60,0.31,0.23,1
619922.56,1284968.88,927.79,926.00,927.79,0.60,0.31,0.23,1
620014.81,1284968.88,943.62,942.00,943.62,0.58,0.30,0.22,1
620107.12,1284968.88,973.24,972.00,973.24,0.56,0.30,0.22,1
620199.38,1284968.88,1003.91,1003.00,1003.91,0.58,0.33,0.26,1
620291.69,1284968.88,1015.79,1015.00,1015.79,0.63,0.38,0.31,1
620383.94,1284968.88,1011.74,1011.00,1011.74,0.62,0.38,0.31,1
620476.19,1284968.88,1022.66,1022.00,1022.66,0.59,0.36,0.29,1
620568.50,1284968.88,1040.50,1040.00,1040.50,0.61,0.39,0.32,1
620660.75,1284968.88,1058.28,1058.00,1058.28,0.64,0.45,0.39,1
620753.06,1284968.88,1074.13,1074.00,1074.13,0.68,0.51,0.47,1
620845.31,1284968.88,1088.06,1088.00,1088.06,0.75,0.61,0.51,1
620937.62,1284968.88,1101.04,1101.00,1101.04,0.76,0.62,0.51,1
621029.88,1284968.88,1112.03,1112.00,1112.03,0.78,0.64,0.53,1
621122.19,1284968.88,1117.02,1117.00,1117.02,0.81,0.67,0.57,1
621214.44,1284968.88,1108.01,1108.00,1108.01,0.84,0.70,0.59,1
621306.69,1284968.88,1091.02,1091.00,1091.02,0.84,0.70,0.60,1
621399.00,1284968.88,1077.02,1077.00,1077.02,0.85,0.71,0.60,1
621491.25,1284968.88,1058.09,1058.00,1058.09,0.85,0.71,0.61,1
621583.56,1284968.88,1035.43,1035.00,1035.43,0.73,0.52,0.45,1
621675.81,1284968.88,1013.91,1013.00,1013.91,0.69,0.44,0.37,1
621768.12,1284968.88,996.10,995.00,996.10,0.67,0.41,0.33,1
621860.38,1284968.88,996.07,995.00,996.07,0.65,0.39,0.32,1
621952.69,1284968.88,1007.03,1006.00,1007.03,0.64,0.39,0.32,1
622044.94,1284968.88,1012.02,1011.00,1012.02,0.66,0.41,0.34,1
622137.19,1284968.88,998.04,997.00,998.04,0.67,0.42,0.35,1
622229.50,1284968.88,971.17,970.00,971.17,0.67,0.40,0.33,1
622321.75,1284968.88,946.43,945.00,946.43,0.65,0.38,0.30,1
622414.06,1284968.88,927.59,926.00,927.59,0.64,0.36,0.28,1
622506.31,1284968.88,905.65,904.00,905.65,0.64,0.36,0.28,1
622598.62,1284968.88,880.67,879.00,880.67,0.64,0.36,0.28,1
622690.88,1284968.88,860.67,859.00,860.67,0.63,0.34,0.26,1
622783.19,1284968.88,846.66,845.00,846.66,0.61,0.33,0.25,1
622875.44,1284968.88,830.65,829.00,830.65,0.61,0.33,0.25,1
622967.69,1284968.88,809.65,808.00,809.65,0.62,0.34,0.26,1
623060.00,1284968.88,797.66,796.00,797.66,0.62,0.34,0.26,1
623152.25,1284968.88,795.66,794.00,795.66,0.62,0.34,0.26,1
623244.56,1284968.88,788.66,787.00,788.66,0.63,0.35,0.27,1
623336.81,1284968.88,777.66,776.00,777.66,0.64,0.36,0.28,1
623429.12,1284968.88,766.65,765.00,766.65,0.64,0.36,0.28,1
623521.38,1284968.88,758.64,757.00,758.64,0.63,0.35,0.27,1
623613.69,1284968.88,753.64,752.00,753.64,0.63,0.35,0.27,1
623705.94,1284968.88,752.63,751.00,752.63,0.62,0.34,0.26,1
623798.19,1284968.88,752.63,751.00,752.63,0.62,0.34,0.26,1
623890.50,1284968.88,749.63,748.00,749.63,0.62,0.34,0.26,1
623982.75,1284968.88,749.62,748.00,749.62,0.62,0.34,0.26,1
624075.06,1284968.88,751.62,750.00,751.62,0.62,0.34,0.26,1
624167.31,1284968.88,753.62,752.00,753.62,0.62,0.34,0.26,1
624259.62,1284968.88,758.61,757.00,758.61,0.63,0.35,0.27,1
624351.88,1284968.88,763.61,762.00,763.61,0.63,0.35,0.27,1
624444.19,1284968.88,767.60,766.00,767.60,0.63,0.35,0.27,1
624536.44,1284968.88,775.59,774.00,775.59,0.63,0.35,0.27,1
624628.69,1284968.88,780.57,779.00,780.57,0.63,0.35,0.27,1
624721.00,1284968.88,786.54,785.00,786.54,0.62,0.34,0.27,1
624813.25,1284968.88,788.50,787.00,788.50,0.62,0.35,0.27,1
624905.56,1284968.88,782.44,781.00,782.44,0.63,0.35,0.27,1
624997.81,1284968.88,773.36,772.00,773.36,0.61,0.34,0.27,1
625090.12,1284968.88,778.30,777.00,778.30,0.60,0.33,0.25,1
625182.38,1284968.88,792.26,791.00,792.26,0.59,0.33,0.25,1
625274.69,1284968.88,801.24,800.00,801.24,0.60,0.34,0.26,1
625366.94,1284968.88,801.38,800.29,801.38,0.58,0.32,0.24,1
625459.19,1284968.88,-9999.00,-9999.00,-9999.00,0.71,0.71,0.71,0
614385.88,1284876.62,-9999.00,-9999.00,-9999.00,0.71,0.71,0.71,0
614478.12,1284876.62,774.13,773.00,774.13,0.32,0.06,-0.01,1
614570.44,1284876.62,769.21,768.00,769.21,0.63,0.37,0.29,1
614662.69,1284876.62,765.22,764.00,765.22,0.63,0.36,0.29,1
614755.00,1284876.62,762.26,761.00,762.26,0.63,0.36,0.28,1
614847.25,1284876.62,755.34,754.00,755.34,0.62,0.35,0.27,1
614939.56,1284876.62,753.42,752.00,753.42,0.61,0.34,0.26,1
615031.81,1284876.62,761.50,760.00,761.50,0.61,0.33,0.25,1
615124.12,1284876.62,771.55,770.00,771.55,0.61,0.34,0.26,1
615216.38,1284876.62,771.59,770.00,771.59,0.62,0.35,0.27,1
615308.62,1284876.62,762.61,761.00,762.61,0.62,0.34,0.26,1
615400.94,1284876.62,762.62,761.00,762.62,0.60,0.32,0.24,1
615493.19,1284876.62,763.63,762.00,763.63,0.61,0.33,0.25,1
615585.50,1284876.62,760.64,759.00,760.64,0.62,0.34,0.26,1
615677.75,1284876.62,749.64,748.00,749.64,0.63,0.35,0.27,1
615770.06,1284876.62,742.64,741.00,742.64,0.63,0.35,0.27,1
615862.31,1284876.62,739.64,738.00,739.64,0.62,0.34,0.26,1
615954.62,1284876.62,739.64,738.00,739.64,0.62,0.34,0.26,1
616046.88,1284876.62,739.63,738.00,739.63,0.62,0.34,0.26,1
616139.12,1284876.62,740.62,739.00,740.62,0.62,0.34,0.26,1
616231.44,1284876.62,737.60,736.00,737.60,0.62,0.34,0.26,1
616323.69,1284876.62,735.58,734.00,735.58,0.62,0.34,0.26,1
616416.00,1284876.62,741.56,740.00,741.56,0.62,0.34,0.26,1
616508.25,1284876.62,747.53,746.00,747.53,0.62,0.34,0.27,1
616600.56,1284876.62,749.49,748.00,749.49,0.62,0.35,0.27,1
616692.81,1284876.62,742.45,741.00,742.45,0.62,0.35,0.27,1
616785.12,1284876.62,740.40,739.00,740.40,0.62,0.35,0.27,1
616877.38,1284876.62,743.35,742.00,743.35,0.62,0.35,0.27,1
616969.62,1284876.62,748.31,747.00,748.31,0.63,0.36,0.29,1
617061.94,1284876.62,740.28,739.00,740.28,0.63,0.36,0.29,1
617154.19,1284876.62,741.26,740.00,741.26,0.62,0.36,0.28,1
617246.50,1284876.62,744.24,743.00,744.24,0.63,0.36,0.29,1
617338.75,1284876.62,743.24,742.00,743.24,0.63,0.36,0.29,1
617431.06,1284876.62,743.23,742.00,743.23,0.63,0.36,0.29,1
617523.31,1284876.62,745.23,744.00,745.23,0.62,0.36,0.28,1
617615.62,1284876.62,749.23,748.00,749.23,0.62,0.35,0.28,1
617707.88,1284876.62,760.23,759.00,760.23,0.61,0.35,0.27,1
617800.12,1284876.62,769.24,768.00,769.24,0.61,0.35,0.27,1
617892.44,1284876.62,776.24,775.00,776.24,0.61,0.35,0.27,1
617984.69,1284876.62,777.26,776.00,777.26,0.62,0.35,0.28,1
618077.00,1284876.62,774.27,773.00,774.27,0.63,0.36,0.29,1
618169.25,1284876.62,765.29,764.00,765.29,0.63,0.36,0.28,1
618261.56,1284876.62,758.31,757.00,758.31,0.62,0.35,0.27,1
618353.81,1284876.62,767.33,766.00,767.33,0.61,0.34,0.26,1
618446.12,1284876.62,777.36,776.00,777.36,0.62,0.35,0.27,1
618538.38,1284876.62,773.39,772.00,773.39,0.62,0.35,0.27,1
618630.62,1284876.62,773.42,772.00,773.42,0.61,0.34,0.26,1
618722.94,1284876.62,787.45,786.00,787.45,0.60,0.33,0.25,1
618815.19,1284876.62,806.48,805.00,806.48,0.60,0.32,0.25,1
618907.50,1284876.62,825.52,824.00,825.52,0.60,0.32,0.24,1
618999.75,1284876.62,832.55,831.00,832.55,0.60,0.32,0.24,1
619092.06,1284876.62,838.59,837.00,838.59,0.60,0.32,0.24,1
619184.31,1284876.62,849.64,848.00,849.64,0.59,0.31,0.23,1
619276.62,1284876.62,871.70,870.00,871.70,0.60,0.31,0.23,1
619368.88,1284876.62,884.78,883.00,884.78,0.61,0.33,0.25,1
619461.19,1284876.62,883.88,882.00,883.88,0.62,0.34,0.25,1
619553.44,1284876.62,867.02,865.00,867.02,0.61,0.32,0.23,1
619645.69,1284876.62,864.15,862.00,864.15,0.58,0.29,0.20,1
619738.00,1284876.62,882.24,880.00,882.24,0.57,0.27,0.19,1
619830.25,1284876.62,901.29,899.00,901.29,0.58,0.28,0.20,1
619922.56,1284876.62,914.25,912.00,914.25,0.58,0.29,0.20,1
620014.81,1284876.62,923.05,921.00,923.05,0.57,0.28,0.20,1
620107.12,1284876.62,950.48,949.00,950.48,0.54,0.27,0.19,1
620199.38,1284876.62,978.89,978.00,978.89,0.53,0.28,0.21,1
620291.69,1284876.62,995.72,995.00,995.72,0.55,0.32,0.25,1
620383.94,1284876.62,994.69,994.00,994.69,0.58,0.35,0.28,1
620476.19,1284876.62,1001.62,1001.00,1001.62,0.56,0.33,0.26,1
620568.50,1284876.62,1026.45,1026.00,1026.45,0.54,0.32,0.26,1
620660.75,1284876.62,1060.22,1060.00,1060.22,0.53,0.34,0.29,1
620753.06,1284876.62,1096.08,1096.00,1096.08,0.57,0.43,0.33,1
620845.31,1284876.62,1129.03,1129.00,1129.03,0.63,0.50,0.39,1
620937.62,1284876.62,1154.01,1154.00,1154.01,0.68,0.54,0.44,1
621029.88,1284876.62,1175.01,1175.00,1175.01,0.73,0.59,0.48,1
621122.19,1284876.62,1188.01,1188.00,1188.01,0.81,0.67,0.56,1
621214.44,1284876.62,1173.01,1173.00,1173.01,0.86,0.72,0.61,1
621306.69,1284876.62,1146.02,1146.00,1146.02,0.86,0.72,0.61,1
621399.00,1284876.62,1128.02,1128.00,1128.02,0.86,0.72,0.61,1
621491.25,1284876.62,1102.04,1102.00,1102.04,0.86,0.72,0.62,1
621583.56,1284876.62,1069.16,1069.00,1069.16,0.77,0.60,0.54,1
621675.81,1284876.62,1038.53,1038.00,1038.53,0.72,0.49,0.43,1
621768.12,1284876.62,1023.77,1023.00,1023.77,0.68,0.44,0.37,1
621860.38,1284876.62,1026.81,1026.00,1026.81,0.66,0.42,0.35,1
621952.69,1284876.62,1030.79,1030.00,1030.79,0.66,0.42,0.35,1
622044.94,1284876.62,1023.77,1023.00,1023.77,0.66,0.42,0.35,1
622137.19,1284876.62,1003.79,1003.00,1003.79,0.65,0.41,0.34,1
622229.50,1284876.62,972.04,971.00,972.04,0.64,0.38,0.31,1
622321.75,1284876.62,942.49,941.00,942.49,0.63,0.35,0.27,1
622414.06,1284876.62,920.72,919.00,920.72,0.62,0.34,0.26,1
622506.31,1284876.62,901.80,900.00,901.80,0.63,0.35,0.27,1
622598.62,1284876.62,878.81,877.00,878.81,0.64,0.35,0.27,1
622690.88,1284876.62,850.79,849.00,850.79,0.64,0.35,0.27,1
622783.19,1284876.62,824.75,823.00,824.75,0.63,0.34,0.26,1
622875.44,1284876.62,803.71,802.00,803.71,0.61,0.33,0.25,1
622967.69,1284876.62,792.69,791.00,792.69,0.61,0.33,0.25,1
623060.00,1284876.62,791.67,790.00,791.67,0.61,0.33,0.25,1
623152.25,1284876.62,792.67,791.00,792.67,0.62,0.33,0.25,1
623244.56,1284876.62,791.66,790.00,791.66,0.63,0.35,0.27,1
623336.81,1284876.62,783.65,782.00,783.65,0.64,0.35,0.27,1
623429.12,1284876.62,770.64,769.00,770.64,0.63,0.35,0.27,1
623521.38,1284876.62,761.64,760.00,761.64,0.63,0.35,0.27,1
623613.69,1284876.62,756.63,755.00,756.63,0.63,0.35,0.27,1
623705.94,1284876.62,753.62,752.00,753.62,0.63,0.35,0.27,1
623798.19,1284876.62,751.62,750.00,751.62,0.62,0.34,0.26,1
623890.50,1284876.62,749.61,748.00,749.61,0.62,0.34,0.26,1
623982.75,1284876.62,751.61,750.00,751.61,0.62,0.34,0.26,1
624075.06,1284876.62,757.61,756.00,757.61,0.61,0.33,0.25,1
624167.31,1284876.62,766.61,765.00,766.61,0.62,0.34,0.26,1
624259.62,1284876.62,771.60,770.00,771.60,0.62,0.34,0.26,1
624351.88,1284876.62,774.59,773.00,774.59,0.62,0.34,0.26,1
624444.19,1284876.62,782.58,781.00,782.58,0.62,0.34,0.26,1
624536.44,1284876.62,790.57,789.00,790.57,0.62,0.34,0.26,1
624628.69,1284876.62,793.55,792.00,793.55,0.63,0.35,0.27,1
624721.00,1284876.62,792.52,791.00,792.52,0.63,0.35,0.27,1
624813.25,1284876.62,787.48,786.00,787.48,0.63,0.35,0.28,1
624905.56,1284876.62,777.42,776.00,777.42,0.63,0.36,0.28,1
624997.81,1284876.62,766.34,765.00,766.34,0.62,0.36,0.28,1
625090.12,1284876.62,767.27,766.00,767.27,0.61,0.34,0.26,1
625182.38,1284876.62,777.23,776.00,777.23,0.59,0.33,0.25,1
625274.69,1284876.62,785.21,784.00,785.21,0.59,0.33,0.25,1
625366.94,1284876.62,793.84,792.78,793.84,0.58,0.32,0.25,1
625459.19,1284876.62,-9999.00,-9999.00,-9999.00,0.71,0.71,0.71,0
614385.88,1284784.38,-9999.00,-9999.00,-9999.00,0.71,0.71,0.71,0
614478.12,1284784.38,775.14,774.00,775.14,0.32,0.06,-0.01,1
614570.44,1284784.38,769.24,768.00,769.24,0.64,0.37,0.29,1
614662.69,1284784.38,767.24,766.00,767.24,0.64,0.37,0.30,1
614755.00,1284784.38,761.28,760.00,761.28,0.64,0.37,0.30,1
614847.25,1284784.38,750.35,749.00,750.35,0.64,0.37,0.29,1
614939.56,1284784.38,745.43,744.00,745.43,0.62,0.35,0.27,1
615031.81,1284784.38,751.50,750.00,751.50,0.60,0.33,0.25,1
615124.12,1284784.38,760.55,759.00,760.55,0.60,0.33,0.25,1
615216.38,1284784.38,762.58,761.00,762.58,0.62,0.34,0.26,1
615308.62,1284784.38,757.61,756.00,757.61,0.63,0.35,0.27,1
615400.94,1284784.38,748.62,747.00,748.62,0.62,0.34,0.26,1
615493.19,1284784.38,749.63,748.00,749.63,0.60,0.32,0.24,1
615585.50,1284784.38,761.64,760.00,761.64,0.62,0.34,0.26,1
615677.75,1284784.38,758.63,757.00,758.63,0.63,0.35,0.27,1
615770.06,1284784.38,745.64,744.00,745.64,0.63,0.35,0.27,1
615862.31,1284784.38,740.64,739.00,740.64,0.63,0.35,0.27,1
615954.62,1284784.38,738.63,737.00,738.63,0.62,0.34,0.26,1
616046.88,1284784.38,739.63,738.00,739.63,0.62,0.34,0.26,1
616139.12,1284784.38,739.62,738.00,739.62,0.62,0.34,0.26,1
616231.44,1284784.38,736.61,735.00,736.61,0.62,0.34,0.26,1
616323.69,1284784.38,739.59,738.00,739.59,0.62,0.34,0.26,1
616416.00,1284784.38,748.56,747.00,748.56,0.62,0.34,0.26,1
616508.25,1284784.38,749.53,748.00,749.53,0.62,0.35,0.27,1
616600.56,1284784.38,744.50,743.00,744.50,0.62,0.35,0.27,1
616692.81,1284784.38,738.46,737.00,738.46,0.62,0.35,0.27,1
616785.12,1284784.38,739.41,738.00,739.41,0.62,0.35,0.27,1
616877.38,1284784.38,741.36,740.00,741.36,0.62,0.35,0.27,1
616969.62,1284784.38,750.31,749.00,750.31,0.62,0.36,0.28,1
617061.94,1284784.38,741.27,740.00,741.27,0.63,0.37,0.29,1
617154.19,1284784.38,741.24,740.00,741.24,0.62,0.36,0.28,1
617246.50,1284784.38,745.22,744.00,745.22,0.62,0.36,0.28,1
617338.75,1284784.38,746.21,745.00,746.21,0.63,0.36,0.29,1
617431.06,1284784.38,745.21,744.00,745.21,0.63,0.36,0.29,1
617523.31,1284784.38,745.21,744.00,745.21,0.62,0.36,0.29,1
617615.62,1284784.38,748.21,747.00,748.21,0.62,0.35,0.28,1
617707.88,1284784.38,758.21,757.00,758.21,0.61,0.34,0.27,1
617800.12,1284784.38,770.21,769.00,770.21,0.62,0.35,0.28,1
617892.44,1284784.38,770.22,769.00,770.22,0.62,0.36,0.28,1
617984.69,1284784.38,769.23,768.00,769.23,0.62,0.35,0.28,1
618077.00,1284784.38,769.25,768.00,769.25,0.62,0.36,0.28,1
618169.25,1284784.38,759.27,758.00,759.27,0.63,0.36,0.28,1
618261.56,1284784.38,756.30,755.00,756.30,0.62,0.36,0.28,1
618353.81,1284784.38,763.33,762.00,763.33,0.62,0.35,0.27,1
618446.12,1284784.38,769.36,768.00,769.36,0.61,0.34,0.27,1
618538.38,1284784.38,768.39,767.00,768.39,0.62,0.35,0.27,1
618630.62,1284784.38,772.42,771.00,772.42,0.61,0.34,0.26,1
618722.94,1284784.38,784.46,783.00,784.46,0.60,0.33,0.25,1
618815.19,1284784.38,799.49,798.00,799.49,0.59,0.32,0.24,1
618907.50,1284784.38,812.53,811.00,812.53,0.60,0.32,0.24,1
618999.75,1284784.38,814.57,813.00,814.57,0.60,0.32,0.24,1
619092.06,1284784.38,827.62,826.00,827.62,0.59,0.32,0.24,1
619184.31,1284784.38,837.67,836.00,837.67,0.59,0.30,0.22,1
619276.62,1284784.38,858.75,857.00,858.75,0.58,0.29,0.21,1
619368.88,1284784.38,873.85,872.00,873.85,0.59,0.30,0.22,1
619461.19,1284784.38,873.99,872.00,873.99,0.61,0.32,0.24,1
619553.44,1284784.38,851.19,849.00,851.19,0.62,0.32,0.24,1
619645.69,1284784.38,833.49,831.00,833.49,0.60,0.29,0.20,1
619738.00,1284784.38,846.84,844.00,846.84,0.58,0.27,0.18,1
619830.25,1284784.38,870.10,867.00,870.10,0.58,0.26,0.17,1
619922.56,1284784.38,882.22,879.00,882.22,0.59,0.26,0.17,1
620014.81,1284784.38,890.20,887.00,890.20,0.58,0.26,0.17,1
620107.12,1284784.38,911.73,909.00,911.73,0.57,0.26,0.17,1
620199.38,1284784.38,934.82,933.00,934.82,0.54,0.26,0.18,1
620291.69,1284784.38,952.21,951.00,952.21,0.53,0.27,0.20,1
620383.94,1284784.38,963.91,963.00,963.91,0.55,0.30,0.23,1
620476.19,1284784.38,980.68,980.00,980.68,0.55,0.32,0.25,1
620568.50,1284784.38,1009.44,1009.00,1009.44,0.53,0.32,0.26,1
620660.75,1284784.38,1044.22,1044.00,1044.22,0.50,0.32,0.26,1
620753.06,1284784.38,1083.08,1083.00,1083.08,0.48,0.34,0.24,1
620845.31,1284784.38,1122.03,1122.00,1122.03,0.50,0.36,0.25,1
620937.62,1284784.38,1152.01,1152.00,1152.01,0.53,0.39,0.29,1
621029.88,1284784.38,1184.01,1184.00,1184.01,0.54,0.40,0.30,1
621122.19,1284784.38,1220.01,1220.00,1220.01,0.63,0.50,0.39,1
621214.44,1284784.38,1225.02,1225.00,1225.02,0.79,0.65,0.55,1
621306.69,1284784.38,1200.03,1200.00,1200.03,0.85,0.71,0.61,1
621399.00,1284784.38,1174.04,1174.00,1174.04,0.86,0.72,0.61,1
621491.25,1284784.38,1138.05,1138.00,1138.05,0.86,0.72,0.62,1
621583.56,1284784.38,1100.10,1100.00,1100.10,0.79,0.63,0.58,1
621675.81,1284784.38,1071.30,1071.00,1071.30,0.74,0.54,0.49,1
621768.12,1284784.38,1060.51,1060.00,1060.51,0.70,0.48,0.42,1
621860.38,1284784.38,1051.57,1051.00,1051.57,0.68,0.46,0.39,1
621952.69,1284784.38,1036.56,1036.00,1036.56,0.66,0.43,0.37,1
622044.94,1284784.38,1015.54,1015.00,1015.54,0.65,0.42,0.36,1
622137.19,1284784.38,981.62,981.00,981.62,0.63,0.40,0.33,1
622229.50,1284784.38,943.13,942.00,943.13,0.61,0.35,0.27,1
622321.75,1284784.38,915.84,914.00,915.84,0.60,0.31,0.23,1
622414.06,1284784.38,905.07,903.00,905.07,0.60,0.31,0.22,1
622506.31,1284784.38,897.11,895.00,897.11,0.61,0.32,0.23,1
622598.62,1284784.38,880.04,878.00,880.04,0.63,0.33,0.25,1
622690.88,1284784.38,855.93,854.00,855.93,0.64,0.35,0.27,1
622783.19,1284784.38,822.85,821.00,822.85,0.65,0.36,0.28,1
622875.44,1284784.38,795.79,794.00,795.79,0.64,0.35,0.27,1
622967.69,1284784.38,785.73,784.00,785.73,0.62,0.34,0.26,1
623060.00,1284784.38,782.70,781.00,782.70,0.61,0.33,0.25,1
623152.25,1284784.38,785.68,784.00,785.68,0.61,0.32,0.24,1
623244.56,1284784.38,790.66,789.00,790.66,0.62,0.33,0.25,1
623336.81,1284784.38,785.65,784.00,785.65,0.63,0.35,0.27,1
623429.12,1284784.38,770.64,769.00,770.64,0.63,0.35,0.27,1
623521.38,1284784.38,761.63,760.00,761.63,0.63,0.35,0.27,1
623613.69,1284784.38,757.62,756.00,757.62,0.62,0.34,0.26,1
623705.94,1284784.38,755.61,754.00,755.61,0.62,0.34,0.27,1
623798.19,1284784.38,752.60,751.00,752.60,0.62,0.34,0.26,1
623890.50,1284784.38,753.60,752.00,753.60,0.62,0.35,0.27,1
623982.75,1284784.38,752.60,751.00,752.60,0.62,0.35,0.27,1
624075.06,1284784.38,752.59,751.00,752.59,0.61,0.33,0.25,1
624167.31,1284784.38,761.59,760.00,761.59,0.60,0.32,0.24,1
624259.62,1284784.38,768.58,767.00,768.58,0.60,0.33,0.25,1
624351.88,1284784.38,773.57,772.00,773.57,0.61,0.33,0.25,1
624444.19,1284784.38,778.56,777.00,778.56,0.61,0.33,0.25,1
624536.44,1284784.38,783.55,782.00,783.55,0.60,0.33,0.25,1
624628.69,1284784.38,789.53,788.00,789.53,0.61,0.33,0.25,1
624721.00,1284784.38,792.49,791.00,792.49,0.62,0.34,0.26,1
624813.25,1284784.38,785.45,784.00,785.45,0.63,0.35,0.28,1
624905.56,1284784.38,774.39,773.00,774.39,0.63,0.36,0.28,1
624997.81,1284784.38,764.30,763.00,764.30,0.63,0.36,0.28,1
625090.12,1284784.38,760.23,759.00,760.23,0.62,0.35,0.28,1
625182.38,1284784.38,764.18,763.00,764.18,0.60,0.34,0.27,1
625274.69,1284784.38,770.15,769.00,770.15,0.59,0.33,0.25,1
625366.94,1284784.38,787.77,786.76,787.77,0.58,0.32,0.25,1
625459.19,1284784.38,-9999.00,-9999.00,-9999.00,0.71,0.71,0.71,0
614385.88,1284692.12,-9999.00,-9999.00,-9999.00,0.71,0.71,0.71,0
614478.12,1284692.12,778.16,777.00,778.16,0.32,0.06,-0.01,1
614570.44,1284692.12,776.26,775.00,776.26,0.63,0.36,0.29,1
614662.69,1284692.12,776.27,775.00,776.27,0.63,0.37,0.29,1
614755.00,1284692.12,769.30,768.00,769.30,0.64,0.38,0.30,1
614847.25,1284692.12,757.36,756.00,757.36,0.65,0.38,0.30,1
614939.56,1284692.12,746.43,745.00,746.43,0.64,0.36,0.29,1
615031.81,1284692.12,744.49,743.00,744.49,0.62,0.34,0.26,1
615124.12,1284692.12,751.54,750.00,751.54,0.61,0.33,0.25,1
615216.38,1284692.12,759.57,758.00,759.57,0.61,0.33,0.25,1
615308.62,1284692.12,759.60,758.00,759.60,0.62,0.34,0.26,1
615400.94,1284692.12,748.62,747.00,748.62,0.63,0.35,0.27,1
615493.19,1284692.12,745.63,744.00,745.63,0.61,0.33,0.25,1
615585.50,1284692.12,760.63,759.00,760.63,0.61,0.33,0.25,1
615677.75,1284692.12,757.63,756.00,757.63,0.62,0.34,0.26,1
615770.06,1284692.12,743.63,742.00,743.63,0.63,0.35,0.27,1
615862.31,1284692.12,739.63,738.00,739.63,0.62,0.34,0.26,1
615954.62,1284692.12,743.63,742.00,743.63,0.63,0.35,0.27,1
616046.88,1284692.12,746.63,745.00,746.63,0.63,0.35,0.27,1
616139.12,1284692.12,741.62,740.00,741.62,0.63,0.35,0.27,1
616231.44,1284692.12,737.61,736.00,737.61,0.63,0.35,0.27,1
616323.69,1284692.12,738.59,737.00,738.59,0.62,0.34,0.26,1
616416.00,1284692.12,745.57,744.00,745.57,0.61,0.34,0.26,1
616508.25,1284692.12,743.54,742.00,743.54,0.62,0.35,0.27,1
616600.56,1284692.12,739.51,738.00,739.51,0.63,0.35,0.27,1
616692.81,1284692.12,737.47,736.00,737.47,0.63,0.35,0.27,1
616785.12,1284692.12,738.42,737.00,738.42,0.62,0.35,0.27,1
616877.38,1284692.12,740.36,739.00,740.36,0.62,0.35,0.27,1
616969.62,1284692.12,748.31,747.00,748.31,0.62,0.35,0.28,1
617061.94,1284692.12,742.26,741.00,742.26,0.63,0.37,0.29,1
617154.19,1284692.12,740.23,739.00,740.23,0.63,0.36,0.29,1
617246.50,1284692.12,743.21,742.00,743.21,0.62,0.36,0.28,1
617338.75,1284692.12,745.20,744.00,745.20,0.62,0.36,0.28,1
617431.06,1284692.12,745.19,744.00,745.19,0.63,0.36,0.29,1
617523.31,1284692.12,745.19,744.00,745.19,0.62,0.36,0.29,1
617615.62,1284692.12,748.19,747.00,748.19,0.62,0.36,0.28,1
617707.88,1284692.12,754.19,753.00,754.19,0.61,0.35,0.27,1
617800.12,1284692.12,767.19,766.00,767.19,0.61,0.35,0.27,1
617892.44,1284692.12,766.20,765.00,766.20,0.62,0.36,0.29,1
617984.69,1284692.12,762.21,761.00,762.21,0.62,0.36,0.28,1
618077.00,1284692.12,760.23,759.00,760.23,0.62,0.35,0.28,1
618169.25,1284692.12,754.26,753.00,754.26,0.62,0.36,0.28,1
618261.56,1284692.12,760.29,759.00,760.29,0.63,0.36,0.28,1
618353.81,1284692.12,767.33,766.00,767.33,0.63,0.36,0.28,1
618446.12,1284692.12,764.36,763.00,764.36,0.63,0.36,0.28,1
618538.38,1284692.12,768.39,767.00,768.39,0.62,0.35,0.27,1
618630.62,1284692.12,773.43,772.00,773.43,0.62,0.34,0.27,1
618722.94,1284692.12,780.46,779.00,780.46,0.61,0.34,0.26,1
618815.19,1284692.12,790.50,789.00,790.50,0.60,0.33,0.25,1
618907.50,1284692.12,798.54,797.00,798.54,0.60,0.33,0.25,1
618999.75,1284692.12,803.58,802.00,803.58,0.60,0.33,0.25,1
619092.06,1284692.12,815.63,814.00,815.63,0.60,0.32,0.24,1
619184.31,1284692.12,820.69,819.00,820.69,0.59,0.31,0.23,1
619276.62,1284692.12,832.78,831.00,832.78,0.58,0.30,0.22,1
619368.88,1284692.12,844.90,843.00,844.90,0.58,0.29,0.21,1
619461.19,1284692.12,850.07,848.00,850.07,0.59,0.30,0.22,1
619553.44,1284692.12,840.32,838.00,840.32,0.61,0.31,0.23,1
619645.69,1284692.12,817.69,815.00,817.69,0.61,0.30,0.21,1
619738.00,1284692.12,821.26,818.00,821.26,0.59,0.27,0.18,1
619830.25,1284692.12,840.91,837.00,840.91,0.59,0.26,0.17,1
619922.56,1284692.12,845.42,841.00,845.42,0.60,0.26,0.16,1
620014.81,1284692.12,851.77,847.00,851.77,0.60,0.25,0.15,1
620107.12,1284692.12,870.78,866.00,870.78,0.60,0.25,0.15,1
620199.38,1284692.12,890.24,886.00,890.24,0.59,0.25,0.16,1
620291.69,1284692.12,908.29,905.00,908.29,0.58,0.26,0.17,1
620383.94,1284692.12,929.20,927.00,929.20,0.56,0.27,0.18,1
620476.19,1284692.12,964.21,963.00,964.21,0.55,0.28,0.21,1
620568.50,1284692.12,998.59,998.00,998.59,0.54,0.31,0.24,1
620660.75,1284692.12,1032.30,1032.00,1032.30,0.53,0.33,0.27,1
620753.06,1284692.12,1063.16,1063.00,1063.16,0.50,0.32,0.27,1
620845.31,1284692.12,1095.08,1095.00,1095.08,0.47,0.33,0.22,1
620937.62,1284692.12,1129.04,1129.00,1129.04,0.47,0.33,0.23,1
621029.88,1284692.12,1163.03,1163.00,1163.03,0.48,0.34,0.23,1
621122.19,1284692.12,1196.04,1196.00,1196.04,0.50,0.36,0.25,1
621214.44,1284692.12,1214.06,1214.00,1214.06,0.60,0.46,0.35,1
621306.69,1284692.12,1213.08,1213.00,1213.08,0.72,0.58,0.47,1
621399.00,1284692.12,1194.09,1194.00,1194.09,0.77,0.63,0.53,1
621491.25,1284692.12,1167.11,1167.00,1167.11,0.74,0.58,0.53,1
621583.56,1284692.12,1144.13,1144.00,1144.13,0.75,0.58,0.53,1
621675.81,1284692.12,1122.24,1122.00,1122.24,0.74,0.55,0.50,1
621768.12,1284692.12,1092.40,1092.00,1092.40,0.72,0.50,0.44,1
621860.38,1284692.12,1057.46,1057.00,1057.46,0.69,0.47,0.41,1
621952.69,1284692.12,1025.47,1025.00,1025.47,0.67,0.45,0.39,1
622044.94,1284692.12,994.47,994.00,994.47,0.65,0.44,0.37,1
622137.19,1284692.12,952.70,952.00,952.70,0.64,0.40,0.34,1
622229.50,1284692.12,908.75,907.00,908.75,0.62,0.34,0.25,1
622321.75,1284692.12,882.66,880.00,882.66,0.60,0.29,0.21,1
622414.06,1284692.12,876.70,874.00,876.70,0.59,0.28,0.20,1
622506.31,1284692.12,873.51,871.00,873.51,0.59,0.29,0.20,1
622598.62,1284692.12,865.26,863.00,865.26,0.60,0.30,0.22,1
622690.88,1284692.12,855.06,853.00,855.06,0.62,0.32,0.24,1
622783.19,1284692.12,835.93,834.00,835.93,0.64,0.35,0.26,1
622875.44,1284692.12,811.84,810.00,811.84,0.65,0.36,0.28,1
622967.69,1284692.12,787.78,786.00,787.78,0.64,0.36,0.28,1
623060.00,1284692.12,774.73,773.00,774.73,0.62,0.34,0.26,1
623152.25,1284692.12,774.70,773.00,774.70,0.61,0.32,0.24,1
623244.56,1284692.12,782.67,781.00,782.67,0.61,0.32,0.24,1
623336.81,1284692.12,783.65,782.00,783.65,0.62,0.34,0.26,1
623429.12,1284692.12,771.63,770.00,771.63,0.63,0.35,0.27,1
623521.38,1284692.12,758.61,757.00,758.61,0.63,0.35,0.27,1
623613.69,1284692.12,753.60,752.00,753.60,0.62,0.34,0.26,1
623705.94,1284692.12,753.59,752.00,753.59,0.62,0.34,0.26,1
623798.19,1284692.12,752.58,751.00,752.58,0.62,0.34,0.27,1
623890.50,1284692.12,753.58,752.00,753.58,0.63,0.35,0.27,1
623982.75,1284692.12,754.57,753.00,754.57,0.63,0.35,0.27,1
624075.06,1284692.12,751.57,750.00,751.57,0.63,0.35,0.27,1
624167.31,1284692.12,748.56,747.00,748.56,0.62,0.34,0.26,1
624259.62,1284692.12,752.55,751.00,752.55,0.60,0.33,0.25,1
624351.88,1284692.12,761.55,760.00,761.55,0.60,0.32,0.24,1
624444.19,1284692.12,767.53,766.00,767.53,0.60,0.32,0.24,1
624536.44,1284692.12,772.52,771.00,772.52,0.60,0.32,0.25,1
624628.69,1284692.12,776.49,775.00,776.49,0.60,0.32,0.24,1
624721.00,1284692.12,779.46,778.00,779.46,0.60,0.33,0.25,1
624813.25,1284692.12,778.42,777.00,778.42,0.61,0.34,0.26,1
624905.56,1284692.12,768.35,767.00,768.35,0.62,0.35,0.28,1
624997.81,1284692.12,758.27,757.00,758.27,0.63,0.36,0.28,1
625090.12,1284692.12,757.18,756.00,757.18,0.63,0.36,0.29,1
625182.38,1284692.12,757.11,756.00,757.11,0.63,0.37,0.29,1
625274.69,1284692.12,758.08,757.00,758.08,0.60,0.35,0.27,1
625366.94,1284692.12,783.17,782.24,783.17,0.57,0.32,0.25,1
625459.19,1284692.12,-9999.00,-9999.00,-9999.00,0.71,0.71,0.71,0
614385.88,1284599.88,-9999.00,-9999.00,-9999.00,0.71,0.71,0.71,0
614478.12,1284599.88,780.18,779.00,780.18,0.33,0.07,-0.01,1
614570.44,1284599.88,773.29,772.00,773.29,0.63,0.36,0.28,1
614662.69,1284599.88,773.29,772.00,773.29,0.62,0.35,0.27,1
614755.00,1284599.88,773.32,772.00,773.32,0.62,0.36,0.28,1
614847.25,1284599.88,767.37,766.00,767.37,0.64,0.37,0.29,1
614939.56,1284599.88,753.43,752.00,753.43,0.64,0.36,0.29,1
615031.81,1284599.88,745.49,744.00,745.49,0.62,0.35,0.27,1
615124.12,1284599.88,747.53,746.00,747.53,0.61,0.34,0.26,1
615216.38,1284599.88,750.57,749.00,750.57,0.61,0.34,0.26,1
615308.62,1284599.88,750.59,749.00,750.59,0.62,0.34,0.26,1
615400.94,1284599.88,744.61,743.00,744.61,0.62,0.34,0.26,1
615493.19,1284599.88,742.63,741.00,742.63,0.62,0.34,0.26,1
615585.50,1284599.88,747.63,746.00,747.63,0.61,0.33,0.25,1
615677.75,1284599.88,746.63,745.00,746.63,0.61,0.34,0.26,1
615770.06,1284599.88,741.63,740.00,741.63,0.63,0.35,0.27,1
615862.31,1284599.88,745.64,744.00,745.64,0.62,0.34,0.26,1
615954.62,1284599.88,757.63,756.00,757.63,0.63,0.35,0.27,1
616046.88,1284599.88,759.63,758.00,759.63,0.64,0.36,0.28,1
616139.12,1284599.88,750.63,749.00,750.63,0.64,0.36,0.28,1
616231.44,1284599.88,743.62,742.00,743.62,0.64,0.36,0.28,1
616323.69,1284599.88,738.60,737.00,738.60,0.62,0.35,0.27,1
616416.00,1284599.88,741.58,740.00,741.58,0.62,0.34,0.26,1
616508.25,1284599.88,745.56,744.00,745.56,0.62,0.35,0.27,1
616600.56,1284599.88,744.52,743.00,744.52,0.63,0.35,0.28,1
616692.81,1284599.88,741.48,740.00,741.48,0.63,0.35,0.27,1
616785.12,1284599.88,744.43,743.00,744.43,0.63,0.35,0.28,1
616877.38,1284599.88,747.37,746.00,747.37,0.63,0.36,0.28,1
616969.62,1284599.88,748.31,747.00,748.31,0.63,0.36,0.29,1
617061.94,1284599.88,745.26,744.00,745.26,0.63,0.37,0.29,1
617154.19,1284599.88,742.22,741.00,742.22,0.63,0.37,0.29,1
617246.50,1284599.88,744.19,743.00,744.19,0.63,0.37,0.30,1
617338.75,1284599.88,743.18,742.00,743.18,0.63,0.37,0.30,1
617431.06,1284599.88,745.17,744.00,745.17,0.64,0.37,0.30,1
617523.31,1284599.88,742.17,741.00,742.17,0.63,0.37,0.29,1
617615.62,1284599.88,748.17,747.00,748.17,0.62,0.36,0.28,1
617707.88,1284599.88,753.17,752.00,753.17,0.61,0.35,0.28,1
617800.12,1284599.88,762.17,761.00,762.17,0.61,0.35,0.28,1
617892.44,1284599.88,763.18,762.00,763.18,0.63,0.37,0.29,1
617984.69,1284599.88,757.19,756.00,757.19,0.63,0.37,0.29,1
618077.00,1284599.88,753.21,752.00,753.21,0.62,0.36,0.28,1
618169.25,1284599.88,757.24,756.00,757.24,0.62,0.35,0.28,1
618261.56,1284599.88,770.28,769.00,770.28,0.62,0.35,0.28,1
618353.81,1284599.88,774.32,773.00,774.32,0.63,0.36,0.28,1
618446.12,1284599.88,772.36,771.00,772.36,0.63,0.36,0.28,1
618538.38,1284599.88,772.39,771.00,772.39,0.62,0.35,0.28,1
618630.62,1284599.88,774.43,773.00,774.43,0.62,0.35,0.27,1
618722.94,1284599.88,780.47,779.00,780.47,0.62,0.34,0.27,1
618815.19,1284599.88,785.51,784.00,785.51,0.62,0.34,0.26,1
618907.50,1284599.88,791.55,790.00,791.55,0.61,0.33,0.25,1
618999.75,1284599.88,800.59,799.00,800.59,0.61,0.33,0.25,1
619092.06,1284599.88,810.64,809.00,810.64,0.61,0.33,0.25,1
619184.31,1284599.88,807.70,806.00,807.70,0.61,0.32,0.24,1
619276.62,1284599.88,812.79,811.00,812.79,0.59,0.31,0.23,1
619368.88,1284599.88,820.93,819.00,820.93,0.59,0.30,0.22,1
619461.19,1284599.88,821.11,819.00,821.11,0.59,0.30,0.21,1
619553.44,1284599.88,816.39,814.00,816.39,0.60,0.30,0.21,1
619645.69,1284599.88,803.82,801.00,803.82,0.61,0.29,0.21,1
619738.00,1284599.88,805.43,802.00,805.43,0.60,0.28,0.18,1
619830.25,1284599.88,815.22,811.00,815.22,0.60,0.26,0.16,1
619922.56,1284599.88,822.83,818.00,822.83,0.60,0.25,0.15,1
620014.81,1284599.88,838.16,833.00,838.16,0.60,0.25,0.15,1
620107.12,1284599.88,855.25,850.00,855.25,0.60,0.25,0.15,1
620199.38,1284599.88,868.10,863.00,868.10,0.60,0.25,0.15,1
620291.69,1284599.88,885.45,881.00,885.45,0.60,0.26,0.16,1
620383.94,1284599.88,912.21,909.00,912.21,0.59,0.27,0.18,1
620476.19,1284599.88,947.83,946.00,947.83,0.57,0.28,0.20,1
620568.50,1284599.88,985.95,985.00,985.95,0.54,0.29,0.22,1
620660.75,1284599.88,1019.53,1019.00,1019.53,0.54,0.32,0.25,1
620753.06,1284599.88,1042.35,1042.00,1042.35,0.54,0.33,0.27,1
620845.31,1284599.88,1067.24,1067.00,1067.24,0.51,0.32,0.26,1
620937.62,1284599.88,1101.16,1101.00,1101.16,0.47,0.30,0.25,1
621029.88,1284599.88,1137.12,1137.00,1137.12,0.47,0.30,0.25,1
621122.19,1284599.88,1166.11,1166.00,1166.11,0.49,0.32,0.27,1
621214.44,1284599.88,1187.13,1187.00,1187.13,0.54,0.37,0.32,1
621306.69,1284599.88,1189.17,1189.00,1189.17,0.60,0.42,0.37,1
621399.00,1284599.88,1176.20,1176.00,1176.20,0.63,0.44,0.39,1
621491.25,1284599.88,1159.22,1159.00,1159.22,0.65,0.46,0.41,1
621583.56,1284599.88,1143.23,1143.00,1143.23,0.65,0.46,0.41,1
621675.81,1284599.88,1123.28,1123.00,1123.28,0.67,0.47,0.41,1
621768.12,1284599.88,1087.39,1087.00,1087.39,0.67,0.46,0.40,1
621860.38,1284599.88,1051.45,1051.00,1051.45,0.68,0.46,0.40,1
621952.69,1284599.88,1019.45,1019.00,1019.45,0.68,0.47,0.40,1
622044.94,1284599.88,981.49,981.00,981.49,0.68,0.46,0.40,1
622137.19,1284599.88,937.91,937.00,937.91,0.66,0.41,0.34,1
622229.50,1284599.88,897.24,895.00,897.24,0.63,0.34,0.25,1
622321.75,1284599.88,866.05,863.00,866.05,0.62,0.30,0.21,1
622414.06,1284599.88,847.97,845.00,847.97,0.61,0.29,0.20,1
622506.31,1284599.88,836.71,834.00,836.71,0.60,0.29,0.20,1
622598.62,1284599.88,831.40,829.00,831.40,0.59,0.29,0.20,1
622690.88,1284599.88,829.17,827.00,829.17,0.59,0.30,0.21,1
622783.19,1284599.88,828.01,826.00,828.01,0.61,0.31,0.23,1
622875.44,1284599.88,820.90,819.00,820.90,0.63,0.34,0.26,1
622967.69,1284599.88,797.82,796.00,797.82,0.64,0.36,0.28,1
623060.00,1284599.88,776.77,775.00,776.77,0.64,0.35,0.27,1
623152.25,1284599.88,768.72,767.00,768.72,0.62,0.34,0.25,1
623244.56,1284599.88,772.68,771.00,772.68,0.61,0.33,0.24,1
623336.81,1284599.88,775.65,774.00,775.65,0.62,0.34,0.26,1
623429.12,1284599.88,765.62,764.00,765.62,0.63,0.35,0.27,1
623521.38,1284599.88,756.60,755.00,756.60,0.63,0.35,0.27,1
623613.69,1284599.88,752.58,751.00,752.58,0.63,0.35,0.27,1
623705.94,1284599.88,752.56,751.00,752.56,0.62,0.34,0.26,1
623798.19,1284599.88,754.55,753.00,754.55,0.62,0.34,0.26,1
623890.50,1284599.88,761.55,760.00,761.55,0.62,0.35,0.27,1
623982.75,1284599.88,765.54,764.00,765.54,0.63,0.36,0.28,1
624075.06,1284599.88,759.53,758.00,759.53,0.64,0.36,0.29,1
624167.31,1284599.88,751.53,750.00,751.53,0.64,0.36,0.28,1
624259.62,1284599.88,749.52,748.00,749.52,0.62,0.35,0.27,1
624351.88,1284599.88,750.51,749.00,750.51,0.61,0.34,0.26,1
624444.19,1284599.88,753.50,752.00,753.50,0.61,0.33,0.25,1
624536.44,1284599.88,756.48,755.00,756.48,0.61,0.33,0.25,1
624628.69,1284599.88,758.46,757.00,758.46,0.60,0.33,0.25,1
624721.00,1284599.88,760.43,759.00,760.43,0.60,0.33,0.25,1
624813.25,1284599.88,761.39,760.00,761.39,0.61,0.34,0.26,1
624905.56,1284599.88,757.33,756.00,757.33,0.62,0.35,0.27,1
624997.81,1284599.88,754.24,753.00,754.24,0.62,0.36,0.28,1
625090.12,1284599.88,758.14,757.00,758.14,0.63,0.37,0.29,1
625182.38,1284599.88,762.06,761.00,762.06,0.63,0.38,0.30,1
625274.69,1284599.88,765.02,764.00,765.02,0.63,0.38,0.30,1
625366.94,1284599.88,778.56,777.72,778.56,0.57,0.33,0.26,1
625459.19,1284599.88,-9999.00,-9999.00,-9999.00,0.71,0.71,0.71,0
614385.88,1284507.50,-9999.00,-9999.00,-9999.00,0.71,0.71,0.71,0
614478.12,1284507.50,785.20,784.00,785.20,0.33,0.07,-0.01,1
614570.44,1284507.50,769.31,768.00,769.31,0.64,0.37,0.29,1
614662.69,1284507.50,762.31,761.00,762.31,0.62,0.35,0.27,1
614755.00,1284507.50,763.33,762.00,763.33,0.61,0.34,0.27,1
614847.25,1284507.50,759.37,758.00,759.37,0.62,0.35,0.27,1
614939.56,1284507.50,748.43,747.00,748.43,0.63,0.35,0.28,1
615031.81,1284507.50,742.48,741.00,742.48,0.62,0.35,0.27,1
615124.12,1284507.50,744.53,743.00,744.53,0.62,0.34,0.27,1
615216.38,1284507.50,747.56,746.00,747.56,0.62,0.35,0.27,1
615308.62,1284507.50,747.59,746.00,747.59,0.62,0.35,0.27,1
615400.94,1284507.50,742.61,741.00,742.61,0.62,0.34,0.27,1
615493.19,1284507.50,741.62,740.00,741.62,0.62,0.34,0.26,1
615585.50,1284507.50,740.63,739.00,740.63,0.62,0.34,0.26,1
615677.75,1284507.50,741.63,740.00,741.63,0.61,0.33,0.25,1
615770.06,1284507.50,750.64,749.00,750.64,0.62,0.34,0.26,1
615862.31,1284507.50,761.64,760.00,761.64,0.62,0.34,0.26,1
615954.62,1284507.50,769.64,768.00,769.64,0.62,0.34,0.26,1
616046.88,1284507.50,771.63,770.00,771.63,0.63,0.35,0.27,1
616139.12,1284507.50,767.63,766.00,767.63,0.64,0.36,0.28,1
616231.44,1284507.50,754.62,753.00,754.62,0.64,0.36,0.28,1
616323.69,1284507.50,740.61,739.00,740.61,0.63,0.35,0.27,1
616416.00,1284507.50,742.59,741.00,742.59,0.62,0.34,0.26,1
616508.25,1284507.50,750.57,749.00,750.57,0.62,0.34,0.26,1
616600.56,1284507.50,750.54,749.00,750.54,0.63,0.35,0.27,1
616692.81,1284507.50,745.49,744.00,745.49,0.63,0.35,0.27,1
616785.12,1284507.50,751.44,750.00,751.44,0.62,0.35,0.27,1
616877.38,1284507.50,758.38,757.00,758.38,0.63,0.36,0.28,1
616969.62,1284507.50,756.32,755.00,756.32,0.64,0.37,0.29,1
617061.94,1284507.50,751.26,750.00,751.26,0.64,0.37,0.30,1
617154.19,1284507.50,749.22,748.00,749.22,0.63,0.37,0.29,1
617246.50,1284507.50,756.18,755.00,756.18,0.64,0.38,0.30,1
617338.75,1284507.50,757.16,756.00,757.16,0.64,0.38,0.31,1
617431.06,1284507.50,758.15,757.00,758.15,0.64,0.38,0.31,1
617523.31,1284507.50,749.15,748.00,749.15,0.64,0.38,0.31,1
617615.62,1284507.50,747.14,746.00,747.14,0.62,0.36,0.29,1
617707.88,1284507.50,752.14,751.00,752.14,0.62,0.35,0.28,1
617800.12,1284507.50,759.15,758.00,759.15,0.61,0.35,0.28,1
617892.44,1284507.50,763.16,762.00,763.16,0.62,0.36,0.29,1
617984.69,1284507.50,759.17,758.00,759.17,0.63,0.37,0.30,1
618077.00,1284507.50,752.20,751.00,752.20,0.63,0.36,0.29,1
618169.25,1284507.50,760.23,759.00,760.23,0.61,0.35,0.27,1
618261.56,1284507.50,772.27,771.00,772.27,0.62,0.35,0.27,1
618353.81,1284507.50,771.31,770.00,771.31,0.62,0.35,0.28,1
618446.12,1284507.50,771.35,770.00,771.35,0.62,0.35,0.27,1
618538.38,1284507.50,772.39,771.00,772.39,0.62,0.35,0.27,1
618630.62,1284507.50,777.43,776.00,777.43,0.62,0.34,0.27,1
618722.94,1284507.50,784.47,783.00,784.47,0.62,0.34,0.27,1
618815.19,1284507.50,789.51,788.00,789.51,0.62,0.35,0.27,1
618907.50,1284507.50,791.55,790.00,791.55,0.62,0.34,0.26,1
618999.75,1284507.50,799.60,798.00,799.60,0.61,0.33,0.25,1
619092.06,1284507.50,803.65,802.00,803.65,0.61,0.33,0.25,1
619184.31,1284507.50,795.71,794.00,795.71,0.61,0.33,0.25,1
619276.62,1284507.50,795.80,794.00,795.80,0.60,0.32,0.24,1
619368.88,1284507.50,798.94,797.00,798.94,0.60,0.31,0.23,1
619461.19,1284507.50,795.13,793.00,795.13,0.60,0.31,0.22,1
619553.44,1284507.50,792.43,790.00,792.43,0.61,0.30,0.22,1
619645.69,1284507.50,792.89,790.00,792.89,0.61,0.29,0.20,1
619738.00,1284507.50,800.54,797.00,800.54,0.60,0.28,0.18,1
619830.25,1284507.50,813.31,809.00,813.31,0.60,0.26,0.16,1
619922.56,1284507.50,832.85,828.00,832.85,0.60,0.25,0.15,1
620014.81,1284507.50,856.08,851.00,856.08,0.60,0.25,0.15,1
620107.12,1284507.50,873.12,868.00,873.12,0.60,0.25,0.15,1
620199.38,1284507.50,884.98,880.00,884.98,0.60,0.25,0.15,1
620291.69,1284507.50,902.39,898.00,902.39,0.60,0.26,0.16,1
620383.94,1284507.50,925.21,922.00,925.21,0.61,0.29,0.19,1
620476.19,1284507.50,944.93,943.00,944.93,0.60,0.31,0.23,1
620568.50,1284507.50,968.11,967.00,968.11,0.58,0.32,0.25,1
620660.75,1284507.50,1000.68,1000.00,1000.68,0.56,0.33,0.26,1
620753.06,1284507.50,1026.47,1026.00,1026.47,0.57,0.35,0.29,1
620845.31,1284507.50,1051.35,1051.00,1051.35,0.56,0.36,0.30,1
620937.62,1284507.50,1079.27,1079.00,1079.27,0.54,0.35,0.29,1
621029.88,1284507.50,1109.23,1109.00,1109.23,0.52,0.33,0.28,1
621122.19,1284507.50,1139.21,1139.00,1139.21,0.52,0.33,0.28,1
621214.44,1284507.50,1163.22,1163.00,1163.22,0.55,0.36,0.31,1
621306.69,1284507.50,1168.26,1168.00,1168.26,0.61,0.41,0.36,1
621399.00,1284507.50,1154.32,1154.00,1154.32,0.63,0.43,0.37,1
621491.25,1284507.50,1138.37,1138.00,1138.37,0.62,0.42,0.36,1
621583.56,1284507.50,1120.39,1120.00,1120.39,0.62,0.41,0.35,1
621675.81,1284507.50,1099.41,1099.00,1099.41,0.63,0.41,0.35,1
621768.12,1284507.50,1071.47,1071.00,1071.47,0.65,0.43,0.37,1
621860.38,1284507.50,1044.50,1044.00,1044.50,0.67,0.45,0.38,1
621952.69,1284507.50,1017.50,1017.00,1017.50,0.68,0.46,0.40,1
622044.94,1284507.50,983.56,983.00,983.56,0.69,0.46,0.40,1
622137.19,1284507.50,941.00,940.00,941.00,0.67,0.42,0.35,1
622229.50,1284507.50,906.21,904.00,906.21,0.64,0.35,0.26,1
622321.75,1284507.50,874.98,872.00,874.98,0.63,0.31,0.22,1
622414.06,1284507.50,845.97,843.00,845.97,0.62,0.31,0.22,1
622506.31,1284507.50,825.76,823.00,825.76,0.62,0.31,0.22,1
622598.62,1284507.50,811.49,809.00,811.49,0.62,0.31,0.22,1
622690.88,1284507.50,804.26,802.00,804.26,0.60,0.31,0.22,1
622783.19,1284507.50,807.09,805.00,807.09,0.59,0.30,0.22,1
622875.44,1284507.50,811.97,810.00,811.97,0.60,0.31,0.23,1
622967.69,1284507.50,801.88,800.00,801.88,0.63,0.34,0.26,1
623060.00,1284507.50,779.81,778.00,779.81,0.64,0.35,0.27,1
623152.25,1284507.50,766.75,765.00,766.75,0.63,0.34,0.26,1
623244.56,1284507.50,765.70,764.00,765.70,0.61,0.33,0.25,1
623336.81,1284507.50,770.66,769.00,770.66,0.61,0.33,0.25,1
623429.12,1284507.50,770.62,769.00,770.62,0.63,0.35,0.27,1
623521.38,1284507.50,766.58,765.00,766.58,0.64,0.36,0.28,1
623613.69,1284507.50,757.56,756.00,757.56,0.63,0.36,0.28,1
623705.94,1284507.50,751.54,750.00,751.54,0.62,0.35,0.27,1
623798.19,1284507.50,755.52,754.00,755.52,0.61,0.34,0.26,1
623890.50,1284507.50,765.51,764.00,765.51,0.61,0.33,0.25,1
623982.75,1284507.50,773.51,772.00,773.51,0.62,0.34,0.26,1
624075.06,1284507.50,772.50,771.00,772.50,0.64,0.36,0.28,1
624167.31,1284507.50,762.49,761.00,762.49,0.64,0.37,0.29,1
624259.62,1284507.50,753.48,752.00,753.48,0.64,0.36,0.28,1
624351.88,1284507.50,749.48,748.00,749.48,0.63,0.35,0.27,1
624444.19,1284507.50,749.47,748.00,749.47,0.63,0.35,0.27,1
624536.44,1284507.50,749.45,748.00,749.45,0.63,0.35,0.27,1
624628.69,1284507.50,749.44,748.00,749.44,0.62,0.35,0.27,1
624721.00,1284507.50,752.41,751.00,752.41,0.62,0.34,0.27,1
624813.25,1284507.50,754.37,753.00,754.37,0.62,0.35,0.27,1
624905.56,1284507.50,753.31,752.00,753.31,0.62,0.35,0.28,1
624997.81,1284507.50,756.23,755.00,756.23,0.62,0.36,0.28,1
625090.12,1284507.50,764.13,763.00,764.13,0.62,0.36,0.29,1
625182.38,1284507.50,773.02,772.00,773.02,0.62,0.37,0.30,1
625274.69,1284507.50,780.95,780.00,780.95,0.64,0.39,0.31,1
625366.94,1284507.50,777.53,776.74,777.53,0.57,0.33,0.26,1
625459.19,1284507.50,-9999.00,-9999.00,-9999.00,0.71,0.71,0.71,0
614385.88,1284415.25,-9999.00,-9999.00,-9999.00,0.71,0.71,0.71,0
614478.12,1284415.25,789.21,788.00,789.21,0.33,0.07,-0.01,1
614570.44,1284415.25,773.31,772.00,773.31,0.64,0.38,0.30,1
614662.69,1284415.25,757.32,756.00,757.32,0.63,0.37,0.29,1
614755.00,1284415.25,751.33,750.00,751.33,0.62,0.35,0.28,1
614847.25,1284415.25,746.37,745.00,746.37,0.62,0.35,0.28,1
614939.56,1284415.25,742.42,741.00,742.42,0.62,0.35,0.27,1
615031.81,1284415.25,740.48,739.00,740.48,0.62,0.34,0.27,1
615124.12,1284415.25,750.52,749.00,750.52,0.61,0.34,0.26,1
615216.38,1284415.25,757.56,756.00,757.56,0.62,0.35,0.27,1
615308.62,1284415.25,751.58,750.00,751.58,0.63,0.35,0.27,1
615400.94,1284415.25,743.60,742.00,743.60,0.63,0.35,0.27,1
615493.19,1284415.25,740.62,739.00,740.62,0.62,0.34,0.26,1
615585.50,1284415.25,739.63,738.00,739.63,0.62,0.34,0.26,1
615677.75,1284415.25,743.64,742.00,743.64,0.61,0.33,0.25,1
615770.06,1284415.25,764.64,763.00,764.64,0.61,0.33,0.25,1
615862.31,1284415.25,775.64,774.00,775.64,0.62,0.34,0.26,1
615954.62,1284415.25,773.64,772.00,773.64,0.62,0.34,0.26,1
616046.88,1284415.25,776.64,775.00,776.64,0.62,0.34,0.26,1
616139.12,1284415.25,775.64,774.00,775.64,0.63,0.35,0.27,1
616231.44,1284415.25,758.63,757.00,758.63,0.64,0.36,0.28,1
616323.69,1284415.25,744.62,743.00,744.62,0.64,0.36,0.28,1
616416.00,1284415.25,742.60,741.00,742.60,0.63,0.35,0.27,1
616508.25,1284415.25,749.58,748.00,749.58,0.62,0.34,0.26,1
616600.56,1284415.25,750.55,749.00,750.55,0.62,0.35,0.27,1
616692.81,1284415.25,747.51,746.00,747.51,0.62,0.35,0.27,1
616785.12,1284415.25,753.46,752.00,753.46,0.61,0.34,0.26,1
616877.38,1284415.25,760.40,759.00,760.40,0.62,0.35,0.27,1
616969.62,1284415.25,762.33,761.00,762.33,0.63,0.36,0.29,1
617061.94,1284415.25,757.27,756.00,757.27,0.63,0.37,0.29,1
617154.19,1284415.25,757.22,756.00,757.22,0.63,0.36,0.29,1
617246.50,1284415.25,772.18,771.00,772.18,0.63,0.37,0.29,1
617338.75,1284415.25,771.14,770.00,771.14,0.64,0.38,0.31,1
617431.06,1284415.25,765.13,764.00,765.13,0.64,0.38,0.31,1
617523.31,1284415.25,753.12,752.00,753.12,0.65,0.39,0.31,1
617615.62,1284415.25,746.12,745.00,746.12,0.63,0.37,0.30,1
617707.88,1284415.25,748.12,747.00,748.12,0.62,0.36,0.28,1
617800.12,1284415.25,756.13,755.00,756.13,0.61,0.35,0.28,1
617892.44,1284415.25,760.14,759.00,760.14,0.62,0.36,0.29,1
617984.69,1284415.25,757.15,756.00,757.15,0.63,0.37,0.29,1
618077.00,1284415.25,753.18,752.00,753.18,0.63,0.36,0.29,1
618169.25,1284415.25,759.21,758.00,759.21,0.61,0.35,0.28,1
618261.56,1284415.25,766.25,765.00,766.25,0.61,0.35,0.27,1
618353.81,1284415.25,765.30,764.00,765.30,0.62,0.35,0.27,1
618446.12,1284415.25,768.34,767.00,768.34,0.62,0.35,0.27,1
618538.38,1284415.25,770.39,769.00,770.39,0.62,0.35,0.27,1
618630.62,1284415.25,776.43,775.00,776.43,0.61,0.34,0.26,1
618722.94,1284415.25,785.47,784.00,785.47,0.61,0.33,0.26,1
618815.19,1284415.25,796.52,795.00,796.52,0.62,0.34,0.26,1
618907.50,1284415.25,793.56,792.00,793.56,0.62,0.34,0.27,1
618999.75,1284415.25,791.60,790.00,791.60,0.61,0.33,0.25,1
619092.06,1284415.25,790.65,789.00,790.65,0.61,0.33,0.25,1
619184.31,1284415.25,785.72,784.00,785.72,0.62,0.34,0.26,1
619276.62,1284415.25,786.81,785.00,786.81,0.62,0.33,0.25,1
619368.88,1284415.25,789.94,788.00,789.94,0.62,0.33,0.25,1
619461.19,1284415.25,789.13,787.00,789.13,0.62,0.33,0.24,1
619553.44,1284415.25,793.43,791.00,793.43,0.62,0.32,0.23,1
619645.69,1284415.25,799.91,797.00,799.91,0.61,0.30,0.21,1
619738.00,1284415.25,807.59,804.00,807.59,0.61,0.28,0.19,1
619830.25,1284415.25,831.24,827.00,831.24,0.60,0.26,0.17,1
619922.56,1284415.25,861.59,857.00,861.59,0.60,0.26,0.16,1
620014.81,1284415.25,882.67,878.00,882.67,0.60,0.26,0.16,1
620107.12,1284415.25,898.56,894.00,898.56,0.60,0.26,0.16,1
620199.38,1284415.25,917.10,913.00,917.10,0.60,0.27,0.17,1
620291.69,1284415.25,937.26,934.00,937.26,0.61,0.29,0.20,1
620383.94,1284415.25,955.28,953.00,955.28,0.62,0.32,0.24,1
620476.19,1284415.25,968.51,967.00,968.51,0.63,0.36,0.28,1
620568.50,1284415.25,983.01,982.00,983.01,0.63,0.37,0.30,1
620660.75,1284415.25,1006.68,1006.00,1006.68,0.61,0.38,0.31,1
620753.06,1284415.25,1033.48,1033.00,1033.48,0.61,0.39,0.33,1
620845.31,1284415.25,1058.36,1058.00,1058.36,0.61,0.41,0.35,1
620937.62,1284415.25,1081.29,1081.00,1081.29,0.61,0.41,0.36,1
621029.88,1284415.25,1103.26,1103.00,1103.26,0.60,0.41,0.35,1
621122.19,1284415.25,1126.25,1126.00,1126.25,0.59,0.40,0.34,1
621214.44,1284415.25,1146.27,1146.00,1146.27,0.59,0.40,0.34,1
621306.69,1284415.25,1153.31,1153.00,1153.31,0.64,0.43,0.38,1
621399.00,1284415.25,1142.38,1142.00,1142.38,0.67,0.46,0.40,1
621491.25,1284415.25,1118.47,1118.00,1118.47,0.67,0.45,0.39,1
621583.56,1284415.25,1094.56,1094.00,1094.56,0.65,0.43,0.36,1
621675.81,1284415.25,1076.60,1076.00,1076.60,0.64,0.41,0.35,1
621768.12,1284415.25,1055.62,1055.00,1055.62,0.65,0.42,0.35,1
621860.38,1284415.25,1038.63,1038.00,1038.63,0.66,0.43,0.36,1
621952.69,1284415.25,1018.63,1018.00,1018.63,0.68,0.45,0.38,1
622044.94,1284415.25,984.68,984.00,984.68,0.69,0.45,0.38,1
622137.19,1284415.25,947.02,946.00,947.02,0.67,0.42,0.35,1
622229.50,1284415.25,920.86,919.00,920.86,0.65,0.36,0.28,1
622321.75,1284415.25,892.59,890.00,892.59,0.64,0.33,0.24,1
622414.06,1284415.25,855.81,853.00,855.81,0.63,0.32,0.23,1
622506.31,1284415.25,833.72,831.00,833.72,0.63,0.32,0.23,1
622598.62,1284415.25,818.54,816.00,818.54,0.63,0.32,0.24,1
622690.88,1284415.25,801.34,799.00,801.34,0.63,0.33,0.24,1
622783.19,1284415.25,788.18,786.00,788.18,0.61,0.32,0.23,1
622875.44,1284415.25,790.05,788.00,790.05,0.60,0.30,0.22,1
622967.69,1284415.25,790.95,789.00,790.95,0.61,0.32,0.24,1
623060.00,1284415.25,781.87,780.00,781.87,0.63,0.34,0.26,1
623152.25,1284415.25,770.79,769.00,770.79,0.63,0.35,0.27,1
623244.56,1284415.25,763.72,762.00,763.72,0.62,0.34,0.26,1
623336.81,1284415.25,766.67,765.00,766.67,0.61,0.33,0.25,1
623429.12,1284415.25,771.62,770.00,771.62,0.62,0.34,0.26,1
623521.38,1284415.25,769.58,768.00,769.58,0.63,0.35,0.27,1
623613.69,1284415.25,760.55,759.00,760.55,0.63,0.36,0.28,1
623705.94,1284415.25,753.52,752.00,753.52,0.63,0.35,0.27,1
623798.19,1284415.25,753.50,752.00,753.50,0.62,0.34,0.27,1
623890.50,1284415.25,755.49,754.00,755.49,0.61,0.33,0.26,1
623982.75,1284415.25,762.48,761.00,762.48,0.60,0.33,0.25,1
624075.06,1284415.25,771.47,770.00,771.47,0.61,0.34,0.26,1
624167.31,1284415.25,772.47,771.00,772.47,0.63,0.36,0.28,1
624259.62,1284415.25,759.46,758.00,759.46,0.64,0.37,0.29,1
624351.88,1284415.25,751.45,750.00,751.45,0.63,0.36,0.28,1
624444.19,1284415.25,757.44,756.00,757.44,0.63,0.36,0.28,1
624536.44,1284415.25,760.43,759.00,760.43,0.64,0.37,0.29,1
624628.69,1284415.25,755.42,754.00,755.42,0.64,0.37,0.29,1
624721.00,1284415.25,753.39,752.00,753.39,0.63,0.36,0.28,1
624813.25,1284415.25,752.35,751.00,752.35,0.63,0.36,0.28,1
624905.56,1284415.25,753.30,752.00,753.30,0.63,0.36,0.28,1
624997.81,1284415.25,757.22,756.00,757.22,0.63,0.36,0.29,1
625090.12,1284415.25,766.13,765.00,766.13,0.62,0.36,0.29,1
625182.38,1284415.25,775.01,774.00,775.01,0.62,0.36,0.29,1
625274.69,1284415.25,781.91,781.00,781.91,0.63,0.38,0.31,1
625366.94,1284415.25,780.10,779.29,780.10,0.57,0.33,0.26,1
625459.19,1284415.25,-9999.00,-9999.00,-9999.00,0.71,0.71,0.71,0
614385.88,1284323.00,-9999.00,-9999.00,-9999.00,0.71,0.71,0.71,0
614478.12,1284323.00,783.18,782.00,783.18,0.33,0.07,-0.01,1
614570.44,1284323.00,770.27,769.00,770.27,0.63,0.37,0.29,1
614662.69,1284323.00,755.30,754.00,755.30,0.64,0.37,0.29,1
614755.00,1284323.00,750.33,749.00,750.33,0.64,0.37,0.29,1
614847.25,1284323.00,748.37,747.00,748.37,0.64,0.37,0.29,1
614939.56,1284323.00,744.42,743.00,744.42,0.63,0.36,0.28,1
615031.81,1284323.00,742.48,741.00,742.48,0.62,0.35,0.27,1
615124.12,1284323.00,750.52,749.00,750.52,0.62,0.34,0.26,1
615216.38,1284323.00,752.55,751.00,752.55,0.62,0.34,0.26,1
615308.62,1284323.00,747.58,746.00,747.58,0.62,0.34,0.27,1
615400.94,1284323.00,743.60,742.00,743.60,0.62,0.35,0.27,1
615493.19,1284323.00,741.62,740.00,741.62,0.62,0.34,0.26,1
615585.50,1284323.00,742.63,741.00,742.63,0.62,0.34,0.26,1
615677.75,1284323.00,752.64,751.00,752.64,0.61,0.33,0.25,1
615770.06,1284323.00,772.64,771.00,772.64,0.61,0.33,0.25,1
615862.31,1284323.00,775.65,774.00,775.65,0.62,0.34,0.26,1
615954.62,1284323.00,768.64,767.00,768.64,0.62,0.34,0.26,1
616046.88,1284323.00,772.64,771.00,772.64,0.62,0.34,0.26,1
616139.12,1284323.00,769.64,768.00,769.64,0.63,0.35,0.27,1
616231.44,1284323.00,755.63,754.00,755.63,0.63,0.35,0.27,1
616323.69,1284323.00,758.62,757.00,758.62,0.64,0.36,0.28,1
616416.00,1284323.00,756.61,755.00,756.61,0.64,0.36,0.28,1
616508.25,1284323.00,751.59,750.00,751.59,0.63,0.35,0.27,1
616600.56,1284323.00,750.56,749.00,750.56,0.63,0.35,0.27,1
616692.81,1284323.00,750.53,749.00,750.53,0.63,0.35,0.27,1
616785.12,1284323.00,751.48,750.00,751.48,0.62,0.35,0.27,1
616877.38,1284323.00,757.42,756.00,757.42,0.62,0.34,0.27,1
616969.62,1284323.00,764.35,763.00,764.35,0.63,0.36,0.28,1
617061.94,1284323.00,759.28,758.00,759.28,0.63,0.36,0.29,1
617154.19,1284323.00,764.22,763.00,764.22,0.62,0.35,0.28,1
617246.50,1284323.00,777.17,776.00,777.17,0.62,0.36,0.28,1
617338.75,1284323.00,772.13,771.00,772.13,0.63,0.37,0.29,1
617431.06,1284323.00,763.11,762.00,763.11,0.63,0.37,0.30,1
617523.31,1284323.00,759.10,758.00,759.10,0.64,0.38,0.31,1
617615.62,1284323.00,751.10,750.00,751.10,0.64,0.38,0.31,1
617707.88,1284323.00,746.10,745.00,746.10,0.63,0.37,0.30,1
617800.12,1284323.00,750.10,749.00,750.10,0.61,0.35,0.28,1
617892.44,1284323.00,754.11,753.00,754.11,0.62,0.36,0.28,1
617984.69,1284323.00,753.13,752.00,753.13,0.62,0.36,0.29,1
618077.00,1284323.00,755.15,754.00,755.15,0.63,0.37,0.29,1
618169.25,1284323.00,757.19,756.00,757.19,0.63,0.36,0.29,1
618261.56,1284323.00,758.23,757.00,758.23,0.62,0.35,0.28,1
618353.81,1284323.00,764.29,763.00,764.29,0.62,0.35,0.27,1
618446.12,1284323.00,771.34,770.00,771.34,0.62,0.35,0.28,1
618538.38,1284323.00,772.39,771.00,772.39,0.63,0.36,0.28,1
618630.62,1284323.00,773.43,772.00,773.43,0.62,0.35,0.27,1
618722.94,1284323.00,780.48,779.00,780.48,0.61,0.34,0.26,1
618815.19,1284323.00,788.52,787.00,788.52,0.61,0.33,0.25,1
618907.50,1284323.00,786.56,785.00,786.56,0.62,0.34,0.26,1
618999.75,1284323.00,782.60,781.00,782.60,0.62,0.34,0.26,1
619092.06,1284323.00,783.66,782.00,783.66,0.61,0.33,0.25,1
619184.31,1284323.00,788.72,787.00,788.72,0.62,0.33,0.25,1
619276.62,1284323.00,796.81,795.00,796.81,0.62,0.33,0.25,1
619368.88,1284323.00,804.93,803.00,804.93,0.62,0.33,0.25,1
619461.19,1284323.00,808.12,806.00,808.12,0.63,0.33,0.25,1
619553.44,1284323.00,816.41,814.00,816.41,0.62,0.32,0.23,1
619645.69,1284323.00,825.86,823.00,825.86,0.62,0.31,0.22,1
619738.00,1284323.00,837.41,834.00,837.41,0.61,0.29,0.19,1
619830.25,1284323.00,859.70,856.00,859.70,0.60,0.28,0.18,1
619922.56,1284323.00,883.73,880.00,883.73,0.60,0.27,0.18,1
620014.81,1284323.00,904.53,901.00,904.53,0.61,0.28,0.19,1
620107.12,1284323.00,926.80,924.00,926.80,0.61,0.30,0.21,1
620199.38,1284323.00,953.71,952.00,953.71,0.62,0.34,0.26,1
620291.69,1284323.00,976.92,976.00,976.92,0.64,0.39,0.32,1
620383.94,1284323.00,996.59,996.00,996.59,0.65,0.43,0.36,1
620476.19,1284323.00,1012.49,1012.00,1012.49,0.67,0.45,0.38,1
620568.50,1284323.00,1024.44,1024.00,1024.44,0.67,0.45,0.39,1
620660.75,1284323.00,1041.39,1041.00,1041.39,0.65,0.44,0.38,1
620753.06,1284323.00,1064.32,1064.00,1064.32,0.64,0.44,0.39,1
620845.31,1284323.00,1084.27,1084.00,1084.27,0.65,0.46,0.40,1
620937.62,1284323.00,1103.24,1103.00,1103.24,0.66,0.47,0.41,1
621029.88,1284323.00,1125.24,1125.00,1125.24,0.66,0.47,0.42,1
621122.19,1284323.00,1140.25,1140.00,1140.25,0.67,0.47,0.42,1
621214.44,1284323.00,1150.28,1150.00,1150.28,0.66,0.46,0.41,1
621306.69,1284323.00,1156.33,1156.00,1156.33,0.68,0.47,0.42,1
621399.00,1284323.00,1151.39,1151.00,1151.39,0.70,0.49,0.43,1
621491.25,1284323.00,1131.49,1131.00,1131.49,0.71,0.49,0.43,1
621583.56,1284323.00,1102.66,1102.00,1102.66,0.69,0.46,0.39,1
621675.81,1284323.00,1075.77,1075.00,1075.77,0.67,0.43,0.36,1
621768.12,1284323.00,1056.79,1056.00,1056.79,0.67,0.42,0.35,1
621860.38,1284323.00,1040.79,1040.00,1040.79,0.67,0.42,0.35,1
621952.69,1284323.00,1023.79,1023.00,1023.79,0.67,0.43,0.36,1
622044.94,1284323.00,992.83,992.00,992.83,0.68,0.44,0.37,1
622137.19,1284323.00,958.08,957.00,958.08,0.67,0.41,0.34,1
622229.50,1284323.00,934.64,933.00,934.64,0.65,0.37,0.29,1
622321.75,1284323.00,904.25,902.00,904.25,0.64,0.34,0.26,1
622414.06,1284323.00,864.57,862.00,864.57,0.63,0.33,0.24,1
622506.31,1284323.00,841.63,839.00,841.63,0.63,0.32,0.23,1
622598.62,1284323.00,828.54,826.00,828.54,0.63,0.32,0.23,1
622690.88,1284323.00,811.39,809.00,811.39,0.63,0.33,0.24,1
622783.19,1284323.00,787.25,785.00,787.25,0.63,0.33,0.25,1
622875.44,1284323.00,775.14,773.00,775.14,0.61,0.32,0.23,1
622967.69,1284323.00,778.04,776.00,778.04,0.60,0.31,0.23,1
623060.00,1284323.00,781.94,780.00,781.94,0.61,0.33,0.24,1
623152.25,1284323.00,775.85,774.00,775.85,0.63,0.34,0.26,1
623244.56,1284323.00,766.76,765.00,766.76,0.63,0.35,0.26,1
623336.81,1284323.00,763.69,762.00,763.69,0.62,0.34,0.26,1
623429.12,1284323.00,766.63,765.00,766.63,0.61,0.33,0.25,1
623521.38,1284323.00,768.58,767.00,768.58,0.62,0.34,0.27,1
623613.69,1284323.00,761.54,760.00,761.54,0.63,0.35,0.27,1
623705.94,1284323.00,755.51,754.00,755.51,0.63,0.35,0.27,1
623798.19,1284323.00,753.49,752.00,753.49,0.63,0.35,0.27,1
623890.50,1284323.00,751.47,750.00,751.47,0.62,0.35,0.27,1
623982.75,1284323.00,753.46,752.00,753.46,0.61,0.34,0.26,1
624075.06,1284323.00,762.45,761.00,762.45,0.61,0.33,0.25,1
624167.31,1284323.00,769.45,768.00,769.45,0.62,0.35,0.27,1
624259.62,1284323.00,764.44,763.00,764.44,0.63,0.36,0.28,1
624351.88,1284323.00,759.43,758.00,759.43,0.63,0.35,0.28,1
624444.19,1284323.00,768.43,767.00,768.43,0.62,0.35,0.27,1
624536.44,1284323.00,775.42,774.00,775.42,0.63,0.36,0.28,1
624628.69,1284323.00,769.40,768.00,769.40,0.64,0.37,0.30,1
624721.00,1284323.00,760.38,759.00,760.38,0.64,0.37,0.30,1
624813.25,1284323.00,755.34,754.00,755.34,0.63,0.36,0.28,1
624905.56,1284323.00,758.29,757.00,758.29,0.62,0.35,0.28,1
624997.81,1284323.00,769.22,768.00,769.22,0.62,0.36,0.28,1
625090.12,1284323.00,774.12,773.00,774.12,0.63,0.37,0.30,1
625182.38,1284323.00,776.03,775.00,776.03,0.63,0.37,0.30,1
625274.69,1284323.00,780.95,780.00,780.95,0.62,0.37,0.30,1
625366.94,1284323.00,782.66,781.85,782.66,0.57,0.33,0.26,1
625459.19,1284323.00,-9999.00,-9999.00,-9999.00,0.71,0.71,0.71,0
614385.88,1284230.75,-9999.00,-9999.00,-9999.00,0.71,0.71,0.71,0
614478.12,1284230.75,766.13,765.00,766.13,0.32,0.06,-0.01,1
614570.44,1284230.75,759.19,758.00,759.19,0.62,0.36,0.29,1
614662.69,1284230.75,757.26,756.00,757.26,0.63,0.36,0.29,1
614755.00,1284230.75,764.31,763.00,764.31,0.64,0.37,0.29,1
614847.25,1284230.75,763.36,762.00,763.36,0.64,0.37,0.30,1
614939.56,1284230.75,753.42,752.00,753.42,0.64,0.37,0.29,1
615031.81,1284230.75,748.47,747.00,748.47,0.63,0.35,0.27,1
615124.12,1284230.75,753.52,752.00,753.52,0.62,0.35,0.27,1
615216.38,1284230.75,749.55,748.00,749.55,0.63,0.35,0.27,1
615308.62,1284230.75,744.58,743.00,744.58,0.62,0.34,0.27,1
615400.94,1284230.75,742.60,741.00,742.60,0.62,0.34,0.26,1
615493.19,1284230.75,742.62,741.00,742.62,0.62,0.34,0.26,1
615585.50,1284230.75,748.63,747.00,748.63,0.61,0.33,0.25,1
615677.75,1284230.75,758.64,757.00,758.64,0.61,0.33,0.25,1
615770.06,1284230.75,765.64,764.00,765.64,0.60,0.32,0.24,1
615862.31,1284230.75,762.65,761.00,762.65,0.61,0.33,0.25,1
615954.62,1284230.75,763.65,762.00,763.65,0.61,0.33,0.25,1
616046.88,1284230.75,776.64,775.00,776.64,0.62,0.34,0.26,1
616139.12,1284230.75,769.64,768.00,769.64,0.63,0.35,0.27,1
616231.44,1284230.75,763.64,762.00,763.64,0.62,0.34,0.26,1
616323.69,1284230.75,777.63,776.00,777.63,0.63,0.35,0.27,1
616416.00,1284230.75,777.62,776.00,777.62,0.64,0.36,0.28,1
616508.25,1284230.75,764.60,763.00,764.60,0.64,0.36,0.28,1
616600.56,1284230.75,763.58,762.00,763.58,0.64,0.36,0.28,1
616692.81,1284230.75,761.54,760.00,761.54,0.64,0.36,0.28,1
616785.12,1284230.75,761.49,760.00,761.49,0.64,0.36,0.28,1
616877.38,1284230.75,762.44,761.00,762.44,0.63,0.36,0.28,1
616969.62,1284230.75,766.36,765.00,766.36,0.62,0.35,0.28,1
617061.94,1284230.75,764.29,763.00,764.29,0.63,0.36,0.29,1
617154.19,1284230.75,765.22,764.00,765.22,0.62,0.36,0.28,1
617246.50,1284230.75,770.17,769.00,770.17,0.62,0.36,0.28,1
617338.75,1284230.75,761.13,760.00,761.13,0.62,0.36,0.29,1
617431.06,1284230.75,755.10,754.00,755.10,0.62,0.36,0.29,1
617523.31,1284230.75,758.09,757.00,758.09,0.63,0.37,0.29,1
617615.62,1284230.75,756.08,755.00,756.08,0.64,0.38,0.31,1
617707.88,1284230.75,750.08,749.00,750.08,0.64,0.39,0.31,1
617800.12,1284230.75,745.08,744.00,745.08,0.63,0.37,0.29,1
617892.44,1284230.75,749.09,748.00,749.09,0.62,0.36,0.29,1
617984.69,1284230.75,751.10,750.00,751.10,0.62,0.36,0.29,1
618077.00,1284230.75,759.12,758.00,759.12,0.62,0.36,0.29,1
618169.25,1284230.75,761.16,760.00,761.16,0.63,0.37,0.30,1
618261.56,1284230.75,762.21,761.00,762.21,0.63,0.36,0.29,1
618353.81,1284230.75,768.27,767.00,768.27,0.62,0.36,0.28,1
618446.12,1284230.75,773.33,772.00,773.33,0.62,0.35,0.27,1
618538.38,1284230.75,777.38,776.00,777.38,0.62,0.35,0.28,1
618630.62,1284230.75,778.43,777.00,778.43,0.63,0.36,0.28,1
618722.94,1284230.75,780.47,779.00,780.47,0.63,0.35,0.28,1
618815.19,1284230.75,777.52,776.00,777.52,0.62,0.35,0.27,1
618907.50,1284230.75,777.56,776.00,777.56,0.62,0.34,0.26,1
618999.75,1284230.75,777.61,776.00,777.61,0.62,0.34,0.26,1
619092.06,1284230.75,782.67,781.00,782.67,0.61,0.33,0.25,1
619184.31,1284230.75,790.73,789.00,790.73,0.61,0.33,0.25,1
619276.62,1284230.75,797.82,796.00,797.82,0.61,0.32,0.24,1
619368.88,1284230.75,810.92,809.00,810.92,0.60,0.32,0.23,1
619461.19,1284230.75,828.06,826.00,828.06,0.61,0.31,0.23,1
619553.44,1284230.75,845.27,843.00,845.27,0.61,0.31,0.23,1
619645.69,1284230.75,864.54,862.00,864.54,0.62,0.31,0.22,1
619738.00,1284230.75,877.74,875.00,877.74,0.62,0.31,0.22,1
619830.25,1284230.75,884.77,882.00,884.77,0.62,0.30,0.22,1
619922.56,1284230.75,901.71,899.00,901.71,0.61,0.30,0.21,1
620014.81,1284230.75,929.30,927.00,929.30,0.60,0.30,0.22,1
620107.12,1284230.75,962.19,961.00,962.19,0.60,0.34,0.26,1
620199.38,1284230.75,1001.32,1001.00,1001.32,0.62,0.42,0.36,1
620291.69,1284230.75,1029.08,1029.00,1029.08,0.72,0.58,0.47,1
620383.94,1284230.75,1047.06,1047.00,1047.06,0.75,0.61,0.50,1
620476.19,1284230.75,1061.06,1061.00,1061.06,0.76,0.62,0.51,1
620568.50,1284230.75,1072.07,1072.00,1072.07,0.77,0.63,0.52,1
620660.75,1284230.75,1082.09,1082.00,1082.09,0.75,0.61,0.51,1
620753.06,1284230.75,1098.09,1098.00,1098.09,0.72,0.58,0.47,1
620845.31,1284230.75,1124.10,1124.00,1124.10,0.64,0.48,0.43,1
620937.62,1284230.75,1159.11,1159.00,1159.11,0.65,0.49,0.44,1
621029.88,1284230.75,1178.15,1178.00,1178.15,0.70,0.53,0.48,1
621122.19,1284230.75,1179.21,1179.00,1179.21,0.71,0.52,0.47,1
621214.44,1284230.75,1182.28,1182.00,1182.28,0.69,0.50,0.44,1
621306.69,1284230.75,1188.32,1188.00,1188.32,0.70,0.50,0.44,1
621399.00,1284230.75,1183.37,1183.00,1183.37,0.72,0.51,0.45,1
621491.25,1284230.75,1159.46,1159.00,1159.46,0.72,0.50,0.44,1
621583.56,1284230.75,1122.69,1122.00,1122.69,0.70,0.46,0.40,1
621675.81,1284230.75,1087.89,1087.00,1087.89,0.68,0.43,0.36,1
621768.12,1284230.75,1065.91,1065.00,1065.91,0.66,0.41,0.34,1
621860.38,1284230.75,1049.88,1049.00,1049.88,0.66,0.42,0.35,1
621952.69,1284230.75,1030.85,1030.00,1030.85,0.67,0.43,0.36,1
622044.94,1284230.75,1001.89,1001.00,1001.89,0.68,0.43,0.36,1
622137.19,1284230.75,964.12,963.00,964.12,0.66,0.41,0.33,1
622229.50,1284230.75,940.61,939.00,940.61,0.65,0.37,0.29,1
622321.75,1284230.75,915.18,913.00,915.18,0.64,0.34,0.26,1
622414.06,1284230.75,874.49,872.00,874.49,0.63,0.33,0.24,1
622506.31,1284230.75,848.56,846.00,848.56,0.63,0.32,0.24,1
622598.62,1284230.75,832.51,830.00,832.51,0.63,0.32,0.24,1
622690.88,1284230.75,813.42,811.00,813.42,0.63,0.33,0.24,1
622783.19,1284230.75,793.33,791.00,793.33,0.63,0.33,0.25,1
622875.44,1284230.75,777.25,775.00,777.25,0.62,0.33,0.24,1
622967.69,1284230.75,771.16,769.00,771.16,0.61,0.32,0.23,1
623060.00,1284230.75,773.06,771.00,773.06,0.61,0.31,0.23,1
623152.25,1284230.75,775.94,774.00,775.94,0.61,0.32,0.24,1
623244.56,1284230.75,772.82,771.00,772.82,0.62,0.34,0.25,1
623336.81,1284230.75,767.72,766.00,767.72,0.62,0.34,0.26,1
623429.12,1284230.75,764.64,763.00,764.64,0.62,0.34,0.26,1
623521.38,1284230.75,766.58,765.00,766.58,0.62,0.34,0.26,1
623613.69,1284230.75,762.54,761.00,762.54,0.63,0.35,0.27,1
623705.94,1284230.75,755.50,754.00,755.50,0.63,0.35,0.28,1
623798.19,1284230.75,754.48,753.00,754.48,0.63,0.35,0.27,1
623890.50,1284230.75,754.46,753.00,754.46,0.63,0.35,0.28,1
623982.75,1284230.75,752.45,751.00,752.45,0.62,0.35,0.27,1
624075.06,1284230.75,758.44,757.00,758.44,0.61,0.33,0.26,1
624167.31,1284230.75,769.43,768.00,769.43,0.61,0.34,0.26,1
624259.62,1284230.75,767.43,766.00,767.43,0.63,0.36,0.28,1
624351.88,1284230.75,760.42,759.00,760.42,0.63,0.36,0.28,1
624444.19,1284230.75,766.42,765.00,766.42,0.61,0.34,0.26,1
624536.44,1284230.75,776.41,775.00,776.41,0.61,0.34,0.26,1
624628.69,1284230.75,778.39,777.00,778.39,0.63,0.36,0.28,1
624721.00,1284230.75,772.37,771.00,772.37,0.64,0.37,0.30,1
624813.25,1284230.75,761.33,760.00,761.33,0.64,0.37,0.29,1
624905.56,1284230.75,762.28,761.00,762.28,0.62,0.35,0.27,1
624997.81,1284230.75,773.21,772.00,773.21,0.61,0.35,0.27,1
625090.12,1284230.75,781.12,780.00,781.12,0.62,0.36,0.29,1
625182.38,1284230.75,782.04,781.00,782.04,0.63,0.37,0.30,1
625274.69,1284230.75,780.00,779.00,780.00,0.62,0.37,0.30,1
625366.94,1284230.75,780.63,779.79,780.63,0.57,0.33,0.26,1
625459.19,1284230.75,-9999.00,-9999.00,-9999.00,0.71,0.71,0.71,0
614385.88,1284138.38,-9999.00,-9999.00,-9999.00,0.71,0.71,0.71,0
614478.12,1284138.38,756.08,755.00,756.08,0.31,0.06,-0.02,1
614570.44,1284138.38,758.13,757.00,758.13,0.63,0.37,0.29,1
614662.69,1284138.38,768.19,767.00,768.19,0.63,0.36,0.29,1
614755.00,1284138.38,776.26,775.00,776.26,0.63,0.37,0.29,1
614847.25,1284138.38,769.34,768.00,769.34,0.63,0.37,0.29,1
614939.56,1284138.38,755.41,754.00,755.41,0.63,0.36,0.28,1
615031.81,1284138.38,750.47,749.00,750.47,0.62,0.35,0.27,1
615124.12,1284138.38,756.51,755.00,756.51,0.62,0.34,0.26,1
615216.38,1284138.38,750.55,749.00,750.55,0.63,0.35,0.27,1
615308.62,1284138.38,742.58,741.00,742.58,0.63,0.35,0.27,1
615400.94,1284138.38,740.60,739.00,740.60,0.62,0.34,0.26,1
615493.19,1284138.38,740.62,739.00,740.62,0.62,0.34,0.26,1
615585.50,1284138.38,745.63,744.00,745.63,0.61,0.33,0.25,1
615677.75,1284138.38,751.64,750.00,751.64,0.61,0.33,0.25,1
615770.06,1284138.38,748.64,747.00,748.64,0.61,0.33,0.25,1
615862.31,1284138.38,749.65,748.00,749.65,0.60,0.32,0.24,1
615954.62,1284138.38,766.65,765.00,766.65,0.60,0.32,0.24,1
616046.88,1284138.38,780.64,779.00,780.64,0.62,0.34,0.26,1
616139.12,1284138.38,775.64,774.00,775.64,0.63,0.35,0.27,1
616231.44,1284138.38,771.64,770.00,771.64,0.62,0.34,0.26,1
616323.69,1284138.38,786.64,785.00,786.64,0.61,0.33,0.25,1
616416.00,1284138.38,784.63,783.00,784.63,0.63,0.35,0.27,1
616508.25,1284138.38,778.61,777.00,778.61,0.63,0.35,0.27,1
616600.56,1284138.38,779.59,778.00,779.59,0.63,0.35,0.27,1
616692.81,1284138.38,775.55,774.00,775.55,0.63,0.35,0.27,1
616785.12,1284138.38,783.51,782.00,783.51,0.64,0.36,0.28,1
616877.38,1284138.38,780.45,779.00,780.45,0.65,0.38,0.30,1
616969.62,1284138.38,767.38,766.00,767.38,0.63,0.36,0.28,1
617061.94,1284138.38,766.30,765.00,766.30,0.62,0.35,0.28,1
617154.19,1284138.38,765.23,764.00,765.23,0.62,0.36,0.28,1
617246.50,1284138.38,762.17,761.00,762.17,0.62,0.36,0.29,1
617338.75,1284138.38,752.13,751.00,752.13,0.63,0.37,0.29,1
617431.06,1284138.38,754.10,753.00,754.10,0.63,0.37,0.30,1
617523.31,1284138.38,758.07,757.00,758.07,0.63,0.37,0.30,1
617615.62,1284138.38,761.06,760.00,761.06,0.64,0.38,0.31,1
617707.88,1284138.38,758.06,757.00,758.06,0.64,0.39,0.32,1
617800.12,1284138.38,747.06,746.00,747.06,0.64,0.38,0.31,1
617892.44,1284138.38,746.06,745.00,746.06,0.62,0.37,0.29,1
617984.69,1284138.38,749.08,748.00,749.08,0.62,0.36,0.29,1
618077.00,1284138.38,758.10,757.00,758.10,0.61,0.35,0.28,1
618169.25,1284138.38,768.13,767.00,768.13,0.62,0.36,0.29,1
618261.56,1284138.38,769.18,768.00,769.18,0.63,0.36,0.29,1
618353.81,1284138.38,771.25,770.00,771.25,0.62,0.36,0.28,1
618446.12,1284138.38,773.31,772.00,773.31,0.61,0.35,0.27,1
618538.38,1284138.38,779.37,778.00,779.37,0.61,0.34,0.27,1
618630.62,1284138.38,784.42,783.00,784.42,0.62,0.35,0.27,1
618722.94,1284138.38,788.47,787.00,788.47,0.63,0.35,0.27,1
618815.19,1284138.38,786.52,785.00,786.52,0.63,0.35,0.28,1
618907.50,1284138.38,784.57,783.00,784.57,0.63,0.35,0.27,1
618999.75,1284138.38,785.62,784.00,785.62,0.63,0.35,0.27,1
619092.06,1284138.38,784.68,783.00,784.68,0.62,0.34,0.26,1
619184.31,1284138.38,785.75,784.00,785.75,0.61,0.33,0.24,1
619276.62,1284138.38,796.83,795.00,796.83,0.60,0.32,0.24,1
619368.88,1284138.38,808.91,807.00,808.91,0.60,0.31,0.23,1
619461.19,1284138.38,824.99,823.00,824.99,0.59,0.30,0.22,1
619553.44,1284138.38,850.08,848.00,850.08,0.59,0.30,0.21,1
619645.69,1284138.38,880.18,878.00,880.18,0.60,0.30,0.22,1
619738.00,1284138.38,900.24,898.00,900.24,0.61,0.32,0.23,1
619830.25,1284138.38,906.24,904.00,906.24,0.62,0.32,0.24,1
619922.56,1284138.38,919.12,917.00,919.12,0.61,0.32,0.23,1
620014.81,1284138.38,946.67,945.00,946.67,0.59,0.31,0.23,1
620107.12,1284138.38,984.65,984.00,984.65,0.57,0.33,0.27,1
620199.38,1284138.38,1035.10,1035.00,1035.10,0.55,0.39,0.34,1
620291.69,1284138.38,1074.02,1074.00,1074.02,0.66,0.52,0.41,1
620383.94,1284138.38,1097.02,1097.00,1097.02,0.73,0.59,0.48,1
620476.19,1284138.38,1111.02,1111.00,1111.02,0.75,0.61,0.51,1
620568.50,1284138.38,1123.02,1123.00,1123.02,0.77,0.63,0.52,1
620660.75,1284138.38,1133.03,1133.00,1133.03,0.77,0.63,0.53,1
620753.06,1284138.38,1145.04,1145.00,1145.04,0.74,0.60,0.50,1
620845.31,1284138.38,1170.05,1170.00,1170.05,0.70,0.56,0.45,1
620937.62,1284138.38,1200.07,1200.00,1200.07,0.69,0.55,0.45,1
621029.88,1284138.38,1217.11,1217.00,1217.11,0.69,0.53,0.48,1
621122.19,1284138.38,1217.18,1217.00,1217.18,0.71,0.53,0.48,1
621214.44,1284138.38,1218.24,1218.00,1218.24,0.71,0.51,0.46,1
621306.69,1284138.38,1222.27,1222.00,1222.27,0.71,0.51,0.46,1
621399.00,1284138.38,1209.29,1209.00,1209.29,0.73,0.53,0.47,1
621491.25,1284138.38,1174.35,1174.00,1174.35,0.72,0.51,0.45,1
621583.56,1284138.38,1133.63,1133.00,1133.63,0.69,0.46,0.39,1
621675.81,1284138.38,1096.94,1096.00,1096.94,0.67,0.42,0.35,1
621768.12,1284138.38,1067.98,1067.00,1067.98,0.66,0.41,0.33,1
621860.38,1284138.38,1051.91,1051.00,1051.91,0.66,0.41,0.33,1
621952.69,1284138.38,1035.86,1035.00,1035.86,0.67,0.42,0.35,1
622044.94,1284138.38,1005.88,1005.00,1005.88,0.68,0.43,0.36,1
622137.19,1284138.38,968.09,967.00,968.09,0.67,0.41,0.34,1
622229.50,1284138.38,940.58,939.00,940.58,0.65,0.37,0.29,1
622321.75,1284138.38,910.20,908.00,910.20,0.63,0.34,0.25,1
622414.06,1284138.38,877.51,875.00,877.51,0.63,0.33,0.24,1
622506.31,1284138.38,857.53,855.00,857.53,0.63,0.32,0.24,1
622598.62,1284138.38,847.46,845.00,847.46,0.63,0.33,0.24,1
622690.88,1284138.38,830.40,828.00,830.40,0.64,0.34,0.25,1
622783.19,1284138.38,801.42,799.00,801.42,0.64,0.33,0.25,1
622875.44,1284138.38,778.39,776.00,778.39,0.63,0.33,0.24,1
622967.69,1284138.38,768.32,766.00,768.32,0.62,0.32,0.23,1
623060.00,1284138.38,766.22,764.00,766.22,0.61,0.32,0.23,1
623152.25,1284138.38,767.08,765.00,767.08,0.61,0.32,0.24,1
623244.56,1284138.38,765.91,764.00,765.91,0.62,0.33,0.25,1
623336.81,1284138.38,764.78,763.00,764.78,0.62,0.34,0.25,1
623429.12,1284138.38,762.67,761.00,762.67,0.62,0.34,0.26,1
623521.38,1284138.38,762.60,761.00,762.60,0.62,0.34,0.26,1
623613.69,1284138.38,762.54,761.00,762.54,0.62,0.35,0.27,1
623705.94,1284138.38,759.50,758.00,759.50,0.63,0.35,0.27,1
623798.19,1284138.38,758.47,757.00,758.47,0.63,0.35,0.27,1
623890.50,1284138.38,758.45,757.00,758.45,0.63,0.35,0.28,1
623982.75,1284138.38,754.44,753.00,754.44,0.63,0.35,0.27,1
624075.06,1284138.38,754.43,753.00,754.43,0.61,0.34,0.26,1
624167.31,1284138.38,763.43,762.00,763.43,0.61,0.33,0.26,1
624259.62,1284138.38,772.42,771.00,772.42,0.62,0.35,0.27,1
624351.88,1284138.38,765.42,764.00,765.42,0.64,0.36,0.29,1
624444.19,1284138.38,761.41,760.00,761.41,0.62,0.35,0.27,1
624536.44,1284138.38,770.40,769.00,770.40,0.61,0.34,0.26,1
624628.69,1284138.38,778.39,777.00,778.39,0.62,0.35,0.27,1
624721.00,1284138.38,779.36,778.00,779.36,0.64,0.37,0.29,1
624813.25,1284138.38,767.33,766.00,767.33,0.64,0.37,0.29,1
624905.56,1284138.38,758.28,757.00,758.28,0.62,0.35,0.28,1
624997.81,1284138.38,766.21,765.00,766.21,0.60,0.34,0.26,1
625090.12,1284138.38,775.11,774.00,775.11,0.61,0.35,0.27,1
625182.38,1284138.38,776.03,775.00,776.03,0.61,0.36,0.29,1
625274.69,1284138.38,771.00,770.00,771.00,0.61,0.36,0.29,1
625366.94,1284138.38,774.01,773.12,774.01,0.57,0.33,0.26,1
625459.19,1284138.38,-9999.00,-9999.00,-9999.00,0.71,0.71,0.71,0
614385.88,1284046.12,-9999.00,-9999.00,-9999.00,0.71,0.71,0.71,0
614478.12,1284046.12,769.06,768.00,769.06,0.31,0.05,-0.02,1
614570.44,1284046.12,771.10,770.00,771.10,0.64,0.38,0.31,1
614662.69,1284046.12,780.14,779.00,780.14,0.64,0.37,0.30,1
614755.00,1284046.12,774.22,773.00,774.22,0.63,0.37,0.29,1
614847.25,1284046.12,760.31,759.00,760.31,0.63,0.36,0.29,1
614939.56,1284046.12,750.40,749.00,750.40,0.63,0.36,0.28,1
615031.81,1284046.12,746.46,745.00,746.46,0.63,0.35,0.28,1
615124.12,1284046.12,747.51,746.00,747.51,0.62,0.35,0.27,1
615216.38,1284046.12,742.55,741.00,742.55,0.62,0.35,0.27,1
615308.62,1284046.12,741.58,740.00,741.58,0.63,0.35,0.27,1
615400.94,1284046.12,743.60,742.00,743.60,0.63,0.35,0.27,1
615493.19,1284046.12,741.62,740.00,741.62,0.63,0.35,0.27,1
615585.50,1284046.12,741.63,740.00,741.63,0.62,0.34,0.26,1
615677.75,1284046.12,743.64,742.00,743.64,0.62,0.34,0.26,1
615770.06,1284046.12,740.65,739.00,740.65,0.62,0.34,0.26,1
615862.31,1284046.12,743.65,742.00,743.65,0.60,0.32,0.24,1
615954.62,1284046.12,762.65,761.00,762.65,0.60,0.32,0.24,1
616046.88,1284046.12,775.65,774.00,775.65,0.61,0.33,0.25,1
616139.12,1284046.12,772.65,771.00,772.65,0.62,0.34,0.26,1
616231.44,1284046.12,765.64,764.00,765.64,0.61,0.33,0.25,1
616323.69,1284046.12,775.64,774.00,775.64,0.60,0.32,0.24,1
616416.00,1284046.12,778.63,777.00,778.63,0.61,0.33,0.25,1
616508.25,1284046.12,783.62,782.00,783.62,0.62,0.34,0.26,1
616600.56,1284046.12,778.60,777.00,778.60,0.62,0.34,0.26,1
616692.81,1284046.12,777.57,776.00,777.57,0.61,0.33,0.25,1
616785.12,1284046.12,796.53,795.00,796.53,0.61,0.34,0.26,1
616877.38,1284046.12,798.47,797.00,798.47,0.65,0.37,0.30,1
616969.62,1284046.12,764.40,763.00,764.40,0.64,0.37,0.29,1
617061.94,1284046.12,758.32,757.00,758.32,0.62,0.36,0.28,1
617154.19,1284046.12,756.24,755.00,756.24,0.62,0.36,0.28,1
617246.50,1284046.12,752.18,751.00,752.18,0.62,0.36,0.28,1
617338.75,1284046.12,752.13,751.00,752.13,0.62,0.36,0.28,1
617431.06,1284046.12,765.09,764.00,765.09,0.62,0.37,0.29,1
617523.31,1284046.12,768.07,767.00,768.07,0.63,0.38,0.30,1
617615.62,1284046.12,767.05,766.00,767.05,0.64,0.38,0.31,1
617707.88,1284046.12,760.05,759.00,760.05,0.65,0.39,0.32,1
617800.12,1284046.12,747.05,746.00,747.05,0.64,0.39,0.31,1
617892.44,1284046.12,745.05,744.00,745.05,0.63,0.37,0.30,1
617984.69,1284046.12,748.06,747.00,748.06,0.62,0.37,0.29,1
618077.00,1284046.12,753.08,752.00,753.08,0.61,0.35,0.28,1
618169.25,1284046.12,763.11,762.00,763.11,0.61,0.35,0.27,1
618261.56,1284046.12,766.15,765.00,766.15,0.61,0.35,0.28,1
618353.81,1284046.12,768.22,767.00,768.22,0.62,0.35,0.28,1
618446.12,1284046.12,765.29,764.00,765.29,0.61,0.35,0.27,1
618538.38,1284046.12,772.35,771.00,772.35,0.60,0.33,0.26,1
618630.62,1284046.12,783.41,782.00,783.41,0.61,0.34,0.26,1
618722.94,1284046.12,787.47,786.00,787.47,0.62,0.34,0.26,1
618815.19,1284046.12,787.52,786.00,787.52,0.62,0.34,0.26,1
618907.50,1284046.12,786.58,785.00,786.58,0.62,0.34,0.26,1
618999.75,1284046.12,787.64,786.00,787.64,0.62,0.34,0.26,1
619092.06,1284046.12,783.71,782.00,783.71,0.62,0.34,0.26,1
619184.31,1284046.12,783.78,782.00,783.78,0.61,0.33,0.25,1
619276.62,1284046.12,791.86,790.00,791.86,0.61,0.32,0.24,1
619368.88,1284046.12,798.92,797.00,798.92,0.60,0.31,0.23,1
619461.19,1284046.12,815.96,814.00,815.96,0.59,0.30,0.21,1
619553.44,1284046.12,845.98,844.00,845.98,0.58,0.29,0.21,1
619645.69,1284046.12,874.99,873.00,874.99,0.58,0.29,0.21,1
619738.00,1284046.12,902.95,901.00,902.95,0.59,0.30,0.22,1
619830.25,1284046.12,922.86,921.00,922.86,0.61,0.32,0.24,1
619922.56,1284046.12,937.70,936.00,937.70,0.61,0.33,0.25,1
620014.81,1284046.12,961.32,960.00,961.32,0.59,0.33,0.25,1
620107.12,1284046.12,999.54,999.00,999.54,0.56,0.34,0.27,1
620199.38,1284046.12,1045.11,1045.00,1045.11,0.52,0.35,0.31,1
620291.69,1284046.12,1090.03,1090.00,1090.03,0.55,0.41,0.31,1
620383.94,1284046.12,1130.02,1130.00,1130.02,0.63,0.50,0.39,1
620476.19,1284046.12,1154.02,1154.00,1154.02,0.70,0.56,0.46,1
620568.50,1284046.12,1174.02,1174.00,1174.02,0.71,0.57,0.47,1
620660.75,1284046.12,1198.03,1198.00,1198.03,0.73,0.59,0.48,1
620753.06,1284046.12,1215.04,1215.00,1215.04,0.76,0.62,0.52,1
620845.31,1284046.12,1219.06,1219.00,1219.06,0.77,0.63,0.53,1
620937.62,1284046.12,1221.09,1221.00,1221.09,0.72,0.58,0.47,1
621029.88,1284046.12,1232.13,1232.00,1232.13,0.64,0.47,0.43,1
621122.19,1284046.12,1250.19,1250.00,1250.19,0.67,0.48,0.43,1
621214.44,1284046.12,1259.23,1259.00,1259.23,0.70,0.51,0.46,1
621306.69,1284046.12,1249.24,1249.00,1249.24,0.72,0.52,0.47,1
621399.00,1284046.12,1224.24,1224.00,1224.24,0.73,0.53,0.48,1
621491.25,1284046.12,1179.27,1179.00,1179.27,0.73,0.53,0.48,1
621583.56,1284046.12,1134.54,1134.00,1134.54,0.70,0.47,0.41,1
621675.81,1284046.12,1097.93,1097.00,1097.93,0.67,0.42,0.35,1
621768.12,1284046.12,1066.99,1066.00,1066.99,0.66,0.41,0.33,1
621860.38,1284046.12,1053.92,1053.00,1053.92,0.66,0.41,0.34,1
621952.69,1284046.12,1044.81,1044.00,1044.81,0.68,0.43,0.36,1
622044.94,1284046.12,1016.78,1016.00,1016.78,0.70,0.45,0.39,1
622137.19,1284046.12,980.92,980.00,980.92,0.69,0.44,0.37,1
622229.50,1284046.12,950.39,949.00,950.39,0.67,0.40,0.32,1
622321.75,1284046.12,916.18,914.00,916.18,0.65,0.35,0.27,1
622414.06,1284046.12,885.57,883.00,885.57,0.64,0.33,0.24,1
622506.31,1284046.12,866.54,864.00,866.54,0.63,0.32,0.24,1
622598.62,1284046.12,862.39,860.00,862.39,0.63,0.33,0.24,1
622690.88,1284046.12,851.35,849.00,851.35,0.64,0.34,0.25,1
622783.19,1284046.12,817.49,815.00,817.49,0.64,0.34,0.25,1
622875.44,1284046.12,787.59,785.00,787.59,0.63,0.32,0.24,1
622967.69,1284046.12,774.55,772.00,774.55,0.62,0.32,0.23,1
623060.00,1284046.12,767.45,765.00,767.45,0.62,0.32,0.23,1
623152.25,1284046.12,766.28,764.00,766.28,0.62,0.32,0.23,1
623244.56,1284046.12,767.04,765.00,767.04,0.62,0.33,0.24,1
623336.81,1284046.12,766.85,765.00,766.85,0.62,0.34,0.25,1
623429.12,1284046.12,765.71,764.00,765.71,0.63,0.34,0.26,1
623521.38,1284046.12,762.62,761.00,762.62,0.62,0.34,0.26,1
623613.69,1284046.12,761.55,760.00,761.55,0.62,0.34,0.26,1
623705.94,1284046.12,761.50,760.00,761.50,0.62,0.35,0.27,1
623798.19,1284046.12,760.47,759.00,760.47,0.62,0.35,0.27,1
623890.50,1284046.12,758.45,757.00,758.45,0.62,0.35,0.27,1
623982.75,1284046.12,752.44,751.00,752.44,0.63,0.35,0.27,1
624075.06,1284046.12,751.43,750.00,751.43,0.62,0.35,0.27,1
624167.31,1284046.12,758.42,757.00,758.42,0.61,0.33,0.26,1
624259.62,1284046.12,769.42,768.00,769.42,0.61,0.34,0.26,1
624351.88,1284046.12,771.41,770.00,771.41,0.63,0.36,0.28,1
624444.19,1284046.12,764.41,763.00,764.41,0.63,0.36,0.28,1
624536.44,1284046.12,768.40,767.00,768.40,0.62,0.35,0.27,1
624628.69,1284046.12,778.38,777.00,778.38,0.62,0.35,0.27,1
624721.00,1284046.12,779.36,778.00,779.36,0.63,0.36,0.28,1
624813.25,1284046.12,765.33,764.00,765.33,0.63,0.37,0.29,1
624905.56,1284046.12,756.29,755.00,756.29,0.63,0.36,0.29,1
624997.81,1284046.12,757.22,756.00,757.22,0.62,0.35,0.28,1
625090.12,1284046.12,761.12,760.00,761.12,0.61,0.35,0.28,1
625182.38,1284046.12,761.02,760.00,761.02,0.62,0.36,0.29,1
625274.69,1284046.12,759.95,759.00,759.95,0.62,0.37,0.30,1
625366.94,1284046.12,767.39,766.45,767.39,0.57,0.32,0.25,1
625459.19,1284046.12,-9999.00,-9999.00,-9999.00,0.71,0.71,0.71,0
614385.88,1283953.88,-9999.00,-9999.00,-9999.00,0.71,0.71,0.71,0
614478.12,1283953.88,787.06,786.00,787.06,0.31,0.05,-0.02,1
614570.44,1283953.88,787.10,786.00,787.10,0.64,0.38,0.31,1
614662.69,1283953.88,784.12,783.00,784.12,0.64,0.38,0.30,1
614755.00,1283953.88,769.20,768.00,769.20,0.64,0.38,0.31,1
614847.25,1283953.88,757.30,756.00,757.30,0.64,0.37,0.30,1
614939.56,1283953.88,758.39,757.00,758.39,0.64,0.37,0.29,1
615031.81,1283953.88,755.45,754.00,755.45,0.64,0.36,0.29,1
615124.12,1283953.88,750.51,749.00,750.51,0.63,0.36,0.28,1
615216.38,1283953.88,745.55,744.00,745.55,0.63,0.35,0.27,1
615308.62,1283953.88,754.58,753.00,754.58,0.63,0.35,0.27,1
615400.94,1283953.88,757.60,756.00,757.60,0.63,0.35,0.27,1
615493.19,1283953.88,752.62,751.00,752.62,0.63,0.35,0.27,1
615585.50,1283953.88,753.64,752.00,753.64,0.64,0.36,0.28,1
615677.75,1283953.88,745.65,744.00,745.65,0.63,0.35,0.27,1
615770.06,1283953.88,740.65,739.00,740.65,0.62,0.34,0.26,1
615862.31,1283953.88,743.65,742.00,743.65,0.61,0.33,0.25,1
615954.62,1283953.88,755.65,754.00,755.65,0.61,0.32,0.24,1
616046.88,1283953.88,769.65,768.00,769.65,0.61,0.33,0.25,1
616139.12,1283953.88,769.65,768.00,769.65,0.63,0.35,0.27,1
616231.44,1283953.88,760.65,759.00,760.65,0.63,0.35,0.27,1
616323.69,1283953.88,759.65,758.00,759.65,0.60,0.32,0.24,1
616416.00,1283953.88,767.64,766.00,767.64,0.60,0.32,0.24,1
616508.25,1283953.88,775.63,774.00,775.63,0.61,0.33,0.25,1
616600.56,1283953.88,769.61,768.00,769.61,0.61,0.33,0.25,1
616692.81,1283953.88,774.58,773.00,774.58,0.60,0.32,0.24,1
616785.12,1283953.88,793.55,792.00,793.55,0.60,0.32,0.24,1
616877.38,1283953.88,796.48,795.00,796.48,0.63,0.35,0.28,1
616969.62,1283953.88,761.42,760.00,761.42,0.64,0.37,0.29,1
617061.94,1283953.88,758.34,757.00,758.34,0.63,0.36,0.29,1
617154.19,1283953.88,755.26,754.00,755.26,0.64,0.37,0.29,1
617246.50,1283953.88,747.19,746.00,747.19,0.62,0.36,0.29,1
617338.75,1283953.88,751.13,750.00,751.13,0.61,0.35,0.27,1
617431.06,1283953.88,766.09,765.00,766.09,0.61,0.35,0.27,1
617523.31,1283953.88,770.06,769.00,770.06,0.62,0.37,0.29,1
617615.62,1283953.88,767.05,766.00,767.05,0.63,0.37,0.30,1
617707.88,1283953.88,763.04,762.00,763.04,0.64,0.38,0.31,1
617800.12,1283953.88,752.04,751.00,752.04,0.64,0.39,0.32,1
617892.44,1283953.88,747.04,746.00,747.04,0.63,0.38,0.31,1
617984.69,1283953.88,749.04,748.00,749.04,0.63,0.37,0.30,1
618077.00,1283953.88,750.06,749.00,750.06,0.63,0.37,0.30,1
618169.25,1283953.88,753.09,752.00,753.09,0.62,0.36,0.29,1
618261.56,1283953.88,755.13,754.00,755.13,0.62,0.36,0.28,1
618353.81,1283953.88,757.19,756.00,757.19,0.61,0.35,0.28,1
618446.12,1283953.88,758.26,757.00,758.26,0.62,0.35,0.27,1
618538.38,1283953.88,765.33,764.00,765.33,0.61,0.34,0.26,1
618630.62,1283953.88,777.40,776.00,777.40,0.60,0.33,0.26,1
618722.94,1283953.88,780.46,779.00,780.46,0.61,0.34,0.26,1
618815.19,1283953.88,779.53,778.00,779.53,0.61,0.33,0.26,1
618907.50,1283953.88,783.60,782.00,783.60,0.62,0.34,0.26,1
618999.75,1283953.88,782.67,781.00,782.67,0.62,0.34,0.26,1
619092.06,1283953.88,778.75,777.00,778.75,0.62,0.33,0.25,1
619184.31,1283953.88,779.84,778.00,779.84,0.62,0.33,0.25,1
619276.62,1283953.88,785.91,784.00,785.91,0.61,0.32,0.24,1
619368.88,1283953.88,793.95,792.00,793.95,0.60,0.31,0.23,1
619461.19,1283953.88,811.97,810.00,811.97,0.59,0.30,0.21,1
619553.44,1283953.88,843.95,842.00,843.95,0.58,0.29,0.21,1
619645.69,1283953.88,870.85,869.00,870.85,0.59,0.30,0.22,1
619738.00,1283953.88,899.69,898.00,899.69,0.59,0.31,0.22,1
619830.25,1283953.88,926.54,925.00,926.54,0.59,0.32,0.24,1
619922.56,1283953.88,951.36,950.00,951.36,0.60,0.33,0.25,1
620014.81,1283953.88,977.06,976.00,977.06,0.59,0.34,0.26,1
620107.12,1283953.88,1011.50,1011.00,1011.50,0.57,0.35,0.29,1
620199.38,1283953.88,1048.15,1048.00,1048.15,0.54,0.36,0.31,1
620291.69,1283953.88,1093.06,1093.00,1093.06,0.53,0.39,0.28,1
620383.94,1283953.88,1141.04,1141.00,1141.04,0.54,0.40,0.29,1
620476.19,1283953.88,1180.04,1180.00,1180.04,0.59,0.45,0.35,1
620568.50,1283953.88,1206.04,1206.00,1206.04,0.63,0.49,0.38,1
620660.75,1283953.88,1228.05,1228.00,1228.05,0.64,0.50,0.40,1
620753.06,1283953.88,1237.07,1237.00,1237.07,0.68,0.54,0.44,1
620845.31,1283953.88,1228.10,1228.00,1228.10,0.64,0.48,0.44,1
620937.62,1283953.88,1226.15,1226.00,1226.15,0.61,0.44,0.39,1
621029.88,1283953.88,1245.20,1245.00,1245.20,0.59,0.40,0.35,1
621122.19,1283953.88,1270.24,1270.00,1270.24,0.62,0.43,0.37,1
621214.44,1283953.88,1276.25,1276.00,1276.25,0.67,0.48,0.42,1
621306.69,1283953.88,1253.26,1253.00,1253.26,0.68,0.49,0.43,1
621399.00,1283953.88,1226.25,1226.00,1226.25,0.69,0.50,0.45,1
621491.25,1283953.88,1188.26,1188.00,1188.26,0.73,0.53,0.48,1
621583.56,1283953.88,1142.47,1142.00,1142.47,0.72,0.50,0.44,1
621675.81,1283953.88,1100.87,1100.00,1100.87,0.68,0.44,0.37,1
621768.12,1283953.88,1072.97,1072.00,1072.97,0.66,0.41,0.34,1
621860.38,1283953.88,1066.89,1066.00,1066.89,0.65,0.40,0.33,1
621952.69,1283953.88,1064.71,1064.00,1064.71,0.68,0.44,0.37,1
622044.94,1283953.88,1044.55,1044.00,1044.55,0.71,0.49,0.42,1
622137.19,1283953.88,1008.54,1008.00,1008.54,0.72,0.50,0.43,1
622229.50,1283953.88,972.81,972.00,972.81,0.70,0.46,0.39,1
622321.75,1283953.88,940.64,939.00,940.64,0.67,0.39,0.31,1
622414.06,1283953.88,912.38,910.00,912.38,0.64,0.34,0.26,1
622506.31,1283953.88,890.45,888.00,890.45,0.64,0.33,0.25,1
622598.62,1283953.88,881.28,879.00,881.28,0.63,0.34,0.25,1
622690.88,1283953.88,870.22,868.00,870.22,0.64,0.34,0.26,1
622783.19,1283953.88,835.40,833.00,835.40,0.64,0.34,0.25,1
622875.44,1283953.88,798.76,796.00,798.76,0.63,0.32,0.23,1
622967.69,1283953.88,778.82,776.00,778.82,0.62,0.31,0.22,1
623060.00,1283953.88,772.70,770.00,772.70,0.62,0.31,0.22,1
623152.25,1283953.88,772.46,770.00,772.46,0.62,0.31,0.23,1
623244.56,1283953.88,773.15,771.00,773.15,0.62,0.32,0.24,1
623336.81,1283953.88,772.92,771.00,772.92,0.62,0.33,0.25,1
623429.12,1283953.88,768.76,767.00,768.76,0.63,0.34,0.26,1
623521.38,1283953.88,761.64,760.00,761.64,0.63,0.35,0.27,1
623613.69,1283953.88,758.56,757.00,758.56,0.62,0.34,0.26,1
623705.94,1283953.88,759.51,758.00,759.51,0.62,0.34,0.26,1
623798.19,1283953.88,758.47,757.00,758.47,0.62,0.35,0.27,1
623890.50,1283953.88,753.45,752.00,753.45,0.63,0.35,0.28,1
623982.75,1283953.88,751.44,750.00,751.44,0.63,0.35,0.28,1
624075.06,1283953.88,752.43,751.00,752.43,0.62,0.35,0.27,1
624167.31,1283953.88,755.42,754.00,755.42,0.61,0.34,0.26,1
624259.62,1283953.88,763.42,762.00,763.42,0.61,0.34,0.26,1
624351.88,1283953.88,773.41,772.00,773.41,0.62,0.35,0.27,1
624444.19,1283953.88,773.40,772.00,773.40,0.63,0.36,0.29,1
624536.44,1283953.88,773.40,772.00,773.40,0.63,0.36,0.28,1
624628.69,1283953.88,777.38,776.00,777.38,0.62,0.35,0.27,1
624721.00,1283953.88,771.36,770.00,771.36,0.63,0.36,0.28,1
624813.25,1283953.88,763.33,762.00,763.33,0.64,0.37,0.29,1
624905.56,1283953.88,760.29,759.00,760.29,0.64,0.37,0.30,1
624997.81,1283953.88,758.23,757.00,758.23,0.64,0.37,0.30,1
625090.12,1283953.88,756.14,755.00,756.14,0.63,0.37,0.29,1
625182.38,1283953.88,760.03,759.00,760.03,0.63,0.38,0.30,1
625274.69,1283953.88,762.95,762.00,762.95,0.64,0.39,0.31,1
625366.94,1283953.88,768.81,767.81,768.81,0.58,0.32,0.25,1
625459.19,1283953.88,-9999.00,-9999.00,-9999.00,0.71,0.71,0.71,0
614385.88,1283861.62,-9999.00,-9999.00,-9999.00,0.71,0.71,0.71,0
614478.12,1283861.62,789.06,788.00,789.06,0.31,0.05,-0.02,1
614570.44,1283861.62,787.11,786.00,787.11,0.62,0.36,0.29,1
614662.69,1283861.62,779.13,778.00,779.13,0.63,0.37,0.29,1
614755.00,1283861.62,776.19,775.00,776.19,0.64,0.38,0.30,1
614847.25,1283861.62,772.28,771.00,772.28,0.64,0.38,0.30,1
614939.56,1283861.62,771.38,770.00,771.38,0.64,0.37,0.29,1
615031.81,1283861.62,765.45,764.00,765.45,0.64,0.36,0.29,1
615124.12,1283861.62,757.51,756.00,757.51,0.64,0.36,0.28,1
615216.38,1283861.62,753.55,752.00,753.55,0.63,0.35,0.27,1
615308.62,1283861.62,761.58,760.00,761.58,0.62,0.34,0.26,1
615400.94,1283861.62,762.60,761.00,762.60,0.62,0.34,0.26,1
615493.19,1283861.62,758.62,757.00,758.62,0.62,0.34,0.26,1
615585.50,1283861.62,762.64,761.00,762.64,0.62,0.34,0.26,1
615677.75,1283861.62,747.65,746.00,747.65,0.63,0.35,0.27,1
615770.06,1283861.62,740.66,739.00,740.66,0.62,0.34,0.26,1
615862.31,1283861.62,745.66,744.00,745.66,0.61,0.33,0.25,1
615954.62,1283861.62,761.66,760.00,761.66,0.61,0.33,0.25,1
616046.88,1283861.62,772.66,771.00,772.66,0.61,0.33,0.25,1
616139.12,1283861.62,774.66,773.00,774.66,0.62,0.34,0.26,1
616231.44,1283861.62,766.66,765.00,766.66,0.63,0.35,0.27,1
616323.69,1283861.62,754.65,753.00,754.65,0.62,0.34,0.26,1
616416.00,1283861.62,755.65,754.00,755.65,0.61,0.33,0.25,1
616508.25,1283861.62,763.64,762.00,763.64,0.61,0.33,0.25,1
616600.56,1283861.62,760.62,759.00,760.62,0.61,0.33,0.25,1
616692.81,1283861.62,763.59,762.00,763.59,0.60,0.32,0.24,1
616785.12,1283861.62,775.56,774.00,775.56,0.59,0.32,0.24,1
616877.38,1283861.62,782.50,781.00,782.50,0.62,0.34,0.26,1
616969.62,1283861.62,761.44,760.00,761.44,0.63,0.36,0.28,1
617061.94,1283861.62,766.36,765.00,766.36,0.63,0.36,0.28,1
617154.19,1283861.62,761.28,760.00,761.28,0.64,0.37,0.30,1
617246.50,1283861.62,745.20,744.00,745.20,0.63,0.37,0.29,1
617338.75,1283861.62,745.14,744.00,745.14,0.61,0.35,0.28,1
617431.06,1283861.62,756.09,755.00,756.09,0.60,0.35,0.27,1
617523.31,1283861.62,762.06,761.00,762.06,0.62,0.36,0.29,1
617615.62,1283861.62,762.04,761.00,762.04,0.63,0.37,0.30,1
617707.88,1283861.62,761.04,760.00,761.04,0.63,0.38,0.30,1
617800.12,1283861.62,754.03,753.00,754.03,0.64,0.38,0.31,1
617892.44,1283861.62,750.03,749.00,750.03,0.63,0.38,0.30,1
617984.69,1283861.62,751.04,750.00,751.04,0.63,0.37,0.30,1
618077.00,1283861.62,754.05,753.00,754.05,0.63,0.37,0.30,1
618169.25,1283861.62,756.07,755.00,756.07,0.64,0.38,0.30,1
618261.56,1283861.62,753.11,752.00,753.11,0.63,0.38,0.30,1
618353.81,1283861.62,754.16,753.00,754.16,0.63,0.36,0.29,1
618446.12,1283861.62,758.23,757.00,758.23,0.62,0.35,0.28,1
618538.38,1283861.62,765.30,764.00,765.30,0.61,0.35,0.27,1
618630.62,1283861.62,768.38,767.00,768.38,0.61,0.34,0.26,1
618722.94,1283861.62,768.45,767.00,768.45,0.61,0.34,0.26,1
618815.19,1283861.62,771.53,770.00,771.53,0.61,0.33,0.25,1
618907.50,1283861.62,778.61,777.00,778.61,0.61,0.33,0.25,1
618999.75,1283861.62,775.69,774.00,775.69,0.62,0.33,0.25,1
619092.06,1283861.62,776.80,775.00,776.80,0.61,0.33,0.25,1
619184.31,1283861.62,785.92,784.00,785.92,0.62,0.33,0.24,1
619276.62,1283861.62,788.00,786.00,788.00,0.62,0.32,0.24,1
619368.88,1283861.62,793.04,791.00,793.04,0.61,0.31,0.23,1
619461.19,1283861.62,809.04,807.00,809.04,0.59,0.30,0.22,1
619553.44,1283861.62,840.96,839.00,840.96,0.58,0.29,0.21,1
619645.69,1283861.62,873.68,872.00,873.68,0.59,0.31,0.23,1
619738.00,1283861.62,903.41,902.00,903.41,0.59,0.32,0.24,1
619830.25,1283861.62,929.23,928.00,929.23,0.59,0.33,0.25,1
619922.56,1283861.62,959.07,958.00,959.07,0.59,0.34,0.26,1
620014.81,1283861.62,986.86,986.00,986.86,0.59,0.34,0.27,1
620107.12,1283861.62,1021.49,1021.00,1021.49,0.58,0.36,0.29,1
620199.38,1283861.62,1059.21,1059.00,1059.21,0.56,0.38,0.32,1
620291.69,1283861.62,1102.12,1102.00,1102.12,0.54,0.38,0.33,1
620383.94,1283861.62,1139.10,1139.00,1139.10,0.53,0.37,0.32,1
620476.19,1283861.62,1168.09,1168.00,1168.09,0.53,0.39,0.28,1
620568.50,1283861.62,1186.09,1186.00,1186.09,0.52,0.38,0.28,1
620660.75,1283861.62,1197.10,1197.00,1197.10,0.53,0.39,0.28,1
620753.06,1283861.62,1203.14,1203.00,1203.14,0.54,0.37,0.32,1
620845.31,1283861.62,1201.20,1201.00,1201.20,0.55,0.37,0.32,1
620937.62,1283861.62,1210.26,1210.00,1210.26,0.55,0.36,0.30,1
621029.88,1283861.62,1231.30,1231.00,1231.30,0.53,0.34,0.28,1
621122.19,1283861.62,1258.32,1258.00,1258.32,0.55,0.35,0.29,1
621214.44,1283861.62,1261.32,1261.00,1261.32,0.60,0.40,0.34,1
621306.69,1283861.62,1237.31,1237.00,1237.31,0.64,0.44,0.38,1
621399.00,1283861.62,1214.30,1214.00,1214.30,0.65,0.45,0.39,1
621491.25,1283861.62,1193.30,1193.00,1193.30,0.69,0.49,0.43,1
621583.56,1283861.62,1160.40,1160.00,1160.40,0.72,0.51,0.45,1
621675.81,1283861.62,1118.70,1118.00,1118.70,0.70,0.47,0.40,1
621768.12,1283861.62,1084.83,1084.00,1084.83,0.69,0.44,0.37,1
621860.38,1283861.62,1075.79,1075.00,1075.79,0.66,0.42,0.35,1
621952.69,1283861.62,1080.62,1080.00,1080.62,0.67,0.44,0.38,1
622044.94,1283861.62,1066.38,1066.00,1066.38,0.72,0.51,0.45,1
622137.19,1283861.62,1030.26,1030.00,1030.26,0.74,0.55,0.49,1
622229.50,1283861.62,995.27,995.00,995.27,0.74,0.55,0.49,1
622321.75,1283861.62,965.69,965.00,965.69,0.71,0.47,0.40,1
622414.06,1283861.62,934.57,933.00,934.57,0.67,0.39,0.31,1
622506.31,1283861.62,910.03,908.00,910.03,0.65,0.35,0.27,1
622598.62,1283861.62,898.97,897.00,898.97,0.64,0.35,0.27,1
622690.88,1283861.62,882.89,881.00,882.89,0.65,0.36,0.28,1
622783.19,1283861.62,844.12,842.00,844.12,0.65,0.35,0.27,1
622875.44,1283861.62,801.83,799.00,801.83,0.63,0.32,0.23,1
622967.69,1283861.62,781.01,778.00,781.01,0.62,0.30,0.21,1
623060.00,1283861.62,776.86,774.00,776.86,0.61,0.30,0.21,1
623152.25,1283861.62,775.55,773.00,775.55,0.61,0.31,0.22,1
623244.56,1283861.62,775.21,773.00,775.21,0.62,0.32,0.23,1
623336.81,1283861.62,773.97,772.00,773.97,0.62,0.33,0.25,1
623429.12,1283861.62,767.79,766.00,767.79,0.62,0.34,0.26,1
623521.38,1283861.62,761.66,760.00,761.66,0.63,0.34,0.26,1
623613.69,1283861.62,756.58,755.00,756.58,0.63,0.35,0.27,1
623705.94,1283861.62,753.52,752.00,753.52,0.62,0.35,0.27,1
623798.19,1283861.62,753.48,752.00,753.48,0.62,0.35,0.27,1
623890.50,1283861.62,757.45,756.00,757.45,0.63,0.36,0.28,1
623982.75,1283861.62,758.44,757.00,758.44,0.63,0.36,0.28,1
624075.06,1283861.62,753.43,752.00,753.43,0.63,0.36,0.28,1
624167.31,1283861.62,752.42,751.00,752.42,0.61,0.34,0.26,1
624259.62,1283861.62,764.42,763.00,764.42,0.60,0.33,0.25,1
624351.88,1283861.62,781.41,780.00,781.41,0.61,0.34,0.26,1
624444.19,1283861.62,783.40,782.00,783.40,0.63,0.36,0.28,1
624536.44,1283861.62,779.40,778.00,779.40,0.64,0.36,0.29,1
624628.69,1283861.62,774.38,773.00,774.38,0.63,0.36,0.28,1
624721.00,1283861.62,768.37,767.00,768.37,0.62,0.35,0.27,1
624813.25,1283861.62,774.34,773.00,774.34,0.62,0.36,0.28,1
624905.56,1283861.62,780.31,779.00,780.31,0.64,0.37,0.30,1
624997.81,1283861.62,773.25,772.00,773.25,0.65,0.38,0.31,1
625090.12,1283861.62,765.18,764.00,765.18,0.64,0.38,0.30,1
625182.38,1283861.62,773.10,772.00,773.10,0.63,0.37,0.30,1
625274.69,1283861.62,780.03,779.00,780.03,0.64,0.39,0.31,1
625366.94,1283861.62,778.26,777.21,778.26,0.58,0.32,0.25,1
625459.19,1283861.62,-9999.00,-9999.00,-9999.00,0.71,0.71,0.71,0
614385.88,1283769.38,-9999.00,-9999.00,-9999.00,0.71,0.71,0.71,0
614478.12,1283769.38,777.07,776.00,777.07,0.31,0.05,-0.02,1
614570.44,1283769.38,773.12,772.00,773.12,0.61,0.35,0.28,1
614662.69,1283769.38,772.14,771.00,772.14,0.61,0.35,0.28,1
614755.00,1283769.38,784.19,783.00,784.19,0.62,0.36,0.29,1
614847.25,1283769.38,781.28,780.00,781.28,0.63,0.37,0.29,1
614939.56,1283769.38,773.37,772.00,773.37,0.63,0.36,0.28,1
615031.81,1283769.38,766.45,765.00,766.45,0.62,0.35,0.27,1
615124.12,1283769.38,765.51,764.00,765.51,0.63,0.35,0.27,1
615216.38,1283769.38,759.55,758.00,759.55,0.63,0.35,0.27,1
615308.62,1283769.38,756.58,755.00,756.58,0.62,0.34,0.26,1
615400.94,1283769.38,754.61,753.00,754.61,0.61,0.33,0.25,1
615493.19,1283769.38,752.63,751.00,752.63,0.61,0.33,0.25,1
615585.50,1283769.38,749.64,748.00,749.64,0.61,0.33,0.25,1
615677.75,1283769.38,742.66,741.00,742.66,0.62,0.34,0.26,1
615770.06,1283769.38,740.66,739.00,740.66,0.62,0.34,0.26,1
615862.31,1283769.38,746.67,745.00,746.67,0.61,0.32,0.24,1
615954.62,1283769.38,763.67,762.00,763.67,0.60,0.32,0.24,1
616046.88,1283769.38,767.67,766.00,767.67,0.61,0.33,0.25,1
616139.12,1283769.38,767.67,766.00,767.67,0.61,0.33,0.25,1
616231.44,1283769.38,766.66,765.00,766.66,0.62,0.34,0.26,1
616323.69,1283769.38,752.66,751.00,752.66,0.62,0.34,0.26,1
616416.00,1283769.38,752.66,751.00,752.66,0.61,0.33,0.25,1
616508.25,1283769.38,760.65,759.00,760.65,0.61,0.33,0.25,1
616600.56,1283769.38,756.63,755.00,756.63,0.62,0.34,0.26,1
616692.81,1283769.38,756.61,755.00,756.61,0.61,0.33,0.25,1
616785.12,1283769.38,766.58,765.00,766.58,0.60,0.33,0.25,1
616877.38,1283769.38,776.53,775.00,776.53,0.62,0.34,0.27,1
616969.62,1283769.38,755.46,754.00,755.46,0.62,0.35,0.27,1
617061.94,1283769.38,761.39,760.00,761.39,0.61,0.34,0.26,1
617154.19,1283769.38,758.30,757.00,758.30,0.62,0.36,0.28,1
617246.50,1283769.38,743.22,742.00,743.22,0.63,0.37,0.29,1
617338.75,1283769.38,742.15,741.00,742.15,0.62,0.36,0.28,1
617431.06,1283769.38,752.10,751.00,752.10,0.61,0.35,0.28,1
617523.31,1283769.38,762.07,761.00,762.07,0.62,0.36,0.29,1
617615.62,1283769.38,765.05,764.00,765.05,0.63,0.38,0.30,1
617707.88,1283769.38,762.04,761.00,762.04,0.64,0.38,0.31,1
617800.12,1283769.38,754.03,753.00,754.03,0.64,0.38,0.31,1
617892.44,1283769.38,750.03,749.00,750.03,0.63,0.38,0.30,1
617984.69,1283769.38,751.04,750.00,751.04,0.62,0.37,0.30,1
618077.00,1283769.38,755.05,754.00,755.05,0.62,0.36,0.29,1
618169.25,1283769.38,763.07,762.00,763.07,0.63,0.37,0.30,1
618261.56,1283769.38,764.10,763.00,764.10,0.64,0.38,0.31,1
618353.81,1283769.38,761.15,760.00,761.15,0.64,0.38,0.31,1
618446.12,1283769.38,755.21,754.00,755.21,0.63,0.36,0.29,1
618538.38,1283769.38,757.28,756.00,757.28,0.61,0.35,0.27,1
618630.62,1283769.38,758.36,757.00,758.36,0.61,0.34,0.26,1
618722.94,1283769.38,762.44,761.00,762.44,0.61,0.34,0.26,1
618815.19,1283769.38,765.52,764.00,765.52,0.61,0.34,0.26,1
618907.50,1283769.38,769.61,768.00,769.61,0.61,0.33,0.25,1
618999.75,1283769.38,771.71,770.00,771.71,0.61,0.33,0.25,1
619092.06,1283769.38,779.83,778.00,779.83,0.61,0.33,0.24,1
619184.31,1283769.38,785.98,784.00,785.98,0.61,0.32,0.24,1
619276.62,1283769.38,788.12,786.00,788.12,0.61,0.32,0.23,1
619368.88,1283769.38,793.20,791.00,793.20,0.61,0.31,0.22,1
619461.19,1283769.38,811.23,809.00,811.23,0.60,0.30,0.21,1
619553.44,1283769.38,847.01,845.00,847.01,0.59,0.30,0.21,1
619645.69,1283769.38,884.41,883.00,884.41,0.59,0.32,0.24,1
619738.00,1283769.38,913.05,912.00,913.05,0.60,0.34,0.27,1
619830.25,1283769.38,941.91,941.00,941.91,0.59,0.34,0.27,1
619922.56,1283769.38,972.82,972.00,972.82,0.59,0.34,0.27,1
620014.81,1283769.38,1001.72,1001.00,1001.72,0.58,0.34,0.27,1
620107.12,1283769.38,1040.50,1040.00,1040.50,0.56,0.34,0.28,1
620199.38,1283769.38,1080.31,1080.00,1080.31,0.57,0.37,0.31,1
620291.69,1283769.38,1112.26,1112.00,1112.26,0.57,0.38,0.32,1
620383.94,1283769.38,1131.24,1131.00,1131.24,0.57,0.37,0.32,1
620476.19,1283769.38,1137.22,1137.00,1137.22,0.54,0.35,0.30,1
620568.50,1283769.38,1143.20,1143.00,1143.20,0.51,0.32,0.27,1
620660.75,1283769.38,1158.21,1158.00,1158.21,0.52,0.33,0.28,1
620753.06,1283769.38,1170.27,1170.00,1170.27,0.56,0.36,0.31,1
620845.31,1283769.38,1169.37,1169.00,1169.37,0.57,0.36,0.30,1
620937.62,1283769.38,1182.43,1182.00,1182.43,0.54,0.33,0.27,1
621029.88,1283769.38,1207.45,1207.00,1207.45,0.53,0.31,0.25,1
621122.19,1283769.38,1223.45,1223.00,1223.45,0.53,0.32,0.26,1
621214.44,1283769.38,1226.45,1226.00,1226.45,0.57,0.36,0.30,1
621306.69,1283769.38,1213.44,1213.00,1213.44,0.62,0.41,0.35,1
621399.00,1283769.38,1194.42,1194.00,1194.42,0.63,0.41,0.35,1
621491.25,1283769.38,1186.42,1186.00,1186.42,0.64,0.43,0.37,1
621583.56,1283769.38,1169.45,1169.00,1169.45,0.68,0.46,0.40,1
621675.81,1283769.38,1136.58,1136.00,1136.58,0.70,0.47,0.40,1
621768.12,1283769.38,1109.65,1109.00,1109.65,0.69,0.46,0.40,1
621860.38,1283769.38,1105.64,1105.00,1105.64,0.68,0.45,0.39,1
621952.69,1283769.38,1102.52,1102.00,1102.52,0.70,0.47,0.41,1
622044.94,1283769.38,1084.30,1084.00,1084.30,0.73,0.53,0.47,1
622137.19,1283769.38,1050.16,1050.00,1050.16,0.76,0.59,0.54,1
622229.50,1283769.38,1019.11,1019.00,1019.11,0.78,0.62,0.57,1
622321.75,1283769.38,989.16,989.00,989.16,0.77,0.59,0.54,1
622414.06,1283769.38,956.61,956.00,956.61,0.72,0.49,0.42,1
622506.31,1283769.38,930.23,929.00,930.23,0.67,0.41,0.33,1
622598.62,1283769.38,918.42,917.00,918.42,0.66,0.39,0.31,1
622690.88,1283769.38,901.37,900.00,901.37,0.67,0.40,0.32,1
622783.19,1283769.38,862.58,861.00,862.58,0.67,0.39,0.31,1
622875.44,1283769.38,818.54,816.00,818.54,0.64,0.34,0.25,1
622967.69,1283769.38,790.05,787.00,790.05,0.62,0.31,0.22,1
623060.00,1283769.38,776.90,774.00,776.90,0.62,0.30,0.21,1
623152.25,1283769.38,773.58,771.00,773.58,0.61,0.31,0.22,1
623244.56,1283769.38,772.24,770.00,772.24,0.61,0.32,0.23,1
623336.81,1283769.38,770.99,769.00,770.99,0.62,0.33,0.24,1
623429.12,1283769.38,766.81,765.00,766.81,0.62,0.34,0.25,1
623521.38,1283769.38,760.68,759.00,760.68,0.62,0.34,0.26,1
623613.69,1283769.38,759.59,758.00,759.59,0.62,0.35,0.27,1
623705.94,1283769.38,758.53,757.00,758.53,0.63,0.35,0.27,1
623798.19,1283769.38,761.48,760.00,761.48,0.62,0.35,0.27,1
623890.50,1283769.38,769.46,768.00,769.46,0.63,0.35,0.27,1
623982.75,1283769.38,767.44,766.00,767.44,0.63,0.36,0.28,1
624075.06,1283769.38,755.43,754.00,755.43,0.63,0.36,0.28,1
624167.31,1283769.38,751.42,750.00,751.42,0.62,0.35,0.27,1
624259.62,1283769.38,761.42,760.00,761.42,0.60,0.33,0.25,1
624351.88,1283769.38,778.41,777.00,778.41,0.60,0.33,0.25,1
624444.19,1283769.38,787.41,786.00,787.41,0.62,0.35,0.27,1
624536.44,1283769.38,784.40,783.00,784.40,0.64,0.37,0.29,1
624628.69,1283769.38,773.39,772.00,773.39,0.64,0.37,0.29,1
624721.00,1283769.38,767.37,766.00,767.37,0.62,0.35,0.27,1
624813.25,1283769.38,777.35,776.00,777.35,0.61,0.34,0.26,1
624905.56,1283769.38,787.32,786.00,787.32,0.62,0.36,0.28,1
624997.81,1283769.38,781.28,780.00,781.28,0.64,0.37,0.29,1
625090.12,1283769.38,775.24,774.00,775.24,0.63,0.37,0.29,1
625182.38,1283769.38,784.20,783.00,784.20,0.62,0.36,0.29,1
625274.69,1283769.38,789.17,788.00,789.17,0.63,0.37,0.29,1
625366.94,1283769.38,787.72,786.62,787.72,0.58,0.32,0.24,1
625459.19,1283769.38,-9999.00,-9999.00,-9999.00,0.71,0.71,0.71,0
614385.88,1283677.00,-9999.00,-9999.00,-9999.00,0.71,0.71,0.71,0
614478.12,1283677.00,763.08,762.00,763.08,0.31,0.06,-0.02,1
614570.44,1283677.00,764.14,763.00,764.14,0.62,0.36,0.28,1
614662.69,1283677.00,772.15,771.00,772.15,0.62,0.36,0.28,1
614755.00,1283677.00,783.20,782.00,783.20,0.62,0.36,0.29,1
614847.25,1283677.00,777.27,776.00,777.27,0.64,0.37,0.29,1
614939.56,1283677.00,766.36,765.00,766.36,0.63,0.36,0.29,1
615031.81,1283677.00,759.44,758.00,759.44,0.62,0.35,0.27,1
615124.12,1283677.00,761.51,760.00,761.51,0.62,0.34,0.26,1
615216.38,1283677.00,753.55,752.00,753.55,0.63,0.35,0.27,1
615308.62,1283677.00,745.59,744.00,745.59,0.62,0.34,0.26,1
615400.94,1283677.00,742.61,741.00,742.61,0.62,0.34,0.26,1
615493.19,1283677.00,741.63,740.00,741.63,0.61,0.34,0.26,1
615585.50,1283677.00,739.65,738.00,739.65,0.62,0.34,0.26,1
615677.75,1283677.00,742.66,741.00,742.66,0.62,0.34,0.26,1
615770.06,1283677.00,743.67,742.00,743.67,0.63,0.35,0.27,1
615862.31,1283677.00,741.67,740.00,741.67,0.61,0.33,0.25,1
615954.62,1283677.00,751.67,750.00,751.67,0.60,0.32,0.24,1
616046.88,1283677.00,752.67,751.00,752.67,0.61,0.33,0.25,1
616139.12,1283677.00,751.67,750.00,751.67,0.61,0.33,0.25,1
616231.44,1283677.00,752.67,751.00,752.67,0.61,0.33,0.25,1
616323.69,1283677.00,748.67,747.00,748.67,0.62,0.33,0.25,1
616416.00,1283677.00,752.66,751.00,752.66,0.62,0.33,0.25,1
616508.25,1283677.00,752.65,751.00,752.65,0.61,0.33,0.25,1
616600.56,1283677.00,749.64,748.00,749.64,0.61,0.33,0.25,1
616692.81,1283677.00,752.62,751.00,752.62,0.61,0.33,0.25,1
616785.12,1283677.00,766.60,765.00,766.60,0.61,0.33,0.25,1
616877.38,1283677.00,770.55,769.00,770.55,0.62,0.35,0.27,1
616969.62,1283677.00,748.49,747.00,748.49,0.63,0.35,0.27,1
617061.94,1283677.00,749.42,748.00,749.42,0.61,0.34,0.26,1
617154.19,1283677.00,746.33,745.00,746.33,0.62,0.35,0.27,1
617246.50,1283677.00,742.25,741.00,742.25,0.63,0.36,0.29,1
617338.75,1283677.00,745.17,744.00,745.17,0.62,0.36,0.29,1
617431.06,1283677.00,757.12,756.00,757.12,0.62,0.36,0.28,1
617523.31,1283677.00,768.08,767.00,768.08,0.62,0.36,0.29,1
617615.62,1283677.00,767.05,766.00,767.05,0.63,0.37,0.30,1
617707.88,1283677.00,763.04,762.00,763.04,0.63,0.38,0.30,1
617800.12,1283677.00,758.03,757.00,758.03,0.64,0.38,0.31,1
617892.44,1283677.00,753.03,752.00,753.03,0.64,0.38,0.31,1
617984.69,1283677.00,750.04,749.00,750.04,0.63,0.38,0.30,1
618077.00,1283677.00,754.05,753.00,754.05,0.62,0.36,0.29,1
618169.25,1283677.00,764.06,763.00,764.06,0.61,0.36,0.28,1
618261.56,1283677.00,770.10,769.00,770.10,0.63,0.37,0.30,1
618353.81,1283677.00,768.14,767.00,768.14,0.65,0.38,0.31,1
618446.12,1283677.00,756.20,755.00,756.20,0.64,0.38,0.30,1
618538.38,1283677.00,752.26,751.00,752.26,0.63,0.36,0.28,1
618630.62,1283677.00,754.34,753.00,754.34,0.62,0.35,0.27,1
618722.94,1283677.00,756.43,755.00,756.43,0.62,0.34,0.27,1
618815.19,1283677.00,760.51,759.00,760.51,0.61,0.34,0.26,1
618907.50,1283677.00,766.61,765.00,766.61,0.61,0.34,0.26,1
618999.75,1283677.00,770.71,769.00,770.71,0.61,0.33,0.25,1
619092.06,1283677.00,776.84,775.00,776.84,0.61,0.33,0.24,1
619184.31,1283677.00,780.01,778.00,780.01,0.61,0.32,0.24,1
619276.62,1283677.00,785.22,783.00,785.22,0.61,0.31,0.23,1
619368.88,1283677.00,794.36,792.00,794.36,0.60,0.30,0.21,1
619461.19,1283677.00,823.39,821.00,823.39,0.59,0.29,0.20,1
619553.44,1283677.00,867.80,866.00,867.80,0.58,0.30,0.22,1
619645.69,1283677.00,904.90,904.00,904.90,0.60,0.35,0.28,1
619738.00,1283677.00,930.64,930.00,930.64,0.62,0.39,0.32,1
619830.25,1283677.00,950.63,950.00,950.63,0.61,0.38,0.31,1
619922.56,1283677.00,977.66,977.00,977.66,0.58,0.35,0.28,1
620014.81,1283677.00,1007.66,1007.00,1007.66,0.57,0.34,0.27,1
620107.12,1283677.00,1042.57,1042.00,1042.57,0.55,0.32,0.25,1
620199.38,1283677.00,1079.49,1079.00,1079.49,0.55,0.33,0.26,1
620291.69,1283677.00,1099.50,1099.00,1099.50,0.56,0.34,0.28,1
620383.94,1283677.00,1103.53,1103.00,1103.53,0.55,0.33,0.26,1
620476.19,1283677.00,1102.52,1102.00,1102.52,0.54,0.32,0.25,1
620568.50,1283677.00,1109.50,1109.00,1109.50,0.52,0.30,0.24,1
620660.75,1283677.00,1132.47,1132.00,1132.47,0.53,0.31,0.25,1
620753.06,1283677.00,1149.51,1149.00,1149.51,0.57,0.35,0.28,1
620845.31,1283677.00,1151.60,1151.00,1151.60,0.59,0.36,0.29,1
620937.62,1283677.00,1163.66,1163.00,1163.66,0.57,0.34,0.27,1
621029.88,1283677.00,1175.68,1175.00,1175.68,0.55,0.32,0.25,1
621122.19,1283677.00,1187.68,1187.00,1187.68,0.55,0.32,0.25,1
621214.44,1283677.00,1199.66,1199.00,1199.66,0.59,0.35,0.29,1
621306.69,1283677.00,1198.62,1198.00,1198.62,0.65,0.42,0.35,1
621399.00,1283677.00,1181.59,1181.00,1181.59,0.68,0.45,0.38,1
621491.25,1283677.00,1172.57,1172.00,1172.57,0.67,0.44,0.38,1
621583.56,1283677.00,1157.55,1157.00,1157.55,0.67,0.44,0.38,1
621675.81,1283677.00,1140.56,1140.00,1140.56,0.67,0.45,0.38,1
621768.12,1283677.00,1135.57,1135.00,1135.57,0.68,0.45,0.39,1
621860.38,1283677.00,1138.52,1138.00,1138.52,0.68,0.46,0.40,1
621952.69,1283677.00,1131.40,1131.00,1131.40,0.71,0.50,0.44,1
622044.94,1283677.00,1108.23,1108.00,1108.23,0.74,0.55,0.50,1
622137.19,1283677.00,1080.12,1080.00,1080.12,0.77,0.61,0.56,1
622229.50,1283677.00,1057.07,1057.00,1057.07,0.85,0.71,0.60,1
622321.75,1283677.00,1032.06,1032.00,1032.06,0.86,0.72,0.61,1
622414.06,1283677.00,999.17,999.00,999.17,0.77,0.60,0.55,1
622506.31,1283677.00,966.64,966.00,966.64,0.71,0.48,0.42,1
622598.62,1283677.00,942.04,941.00,942.04,0.68,0.42,0.35,1
622690.88,1283677.00,916.14,915.00,916.14,0.67,0.41,0.33,1
622783.19,1283677.00,885.21,884.00,885.21,0.67,0.41,0.34,1
622875.44,1283677.00,844.87,843.00,844.87,0.66,0.37,0.29,1
622967.69,1283677.00,807.73,805.00,807.73,0.63,0.32,0.24,1
623060.00,1283677.00,784.80,782.00,784.80,0.62,0.31,0.22,1
623152.25,1283677.00,774.56,772.00,774.56,0.62,0.31,0.23,1
623244.56,1283677.00,769.25,767.00,769.25,0.62,0.32,0.23,1
623336.81,1283677.00,766.01,764.00,766.01,0.62,0.33,0.24,1
623429.12,1283677.00,762.83,761.00,762.83,0.62,0.33,0.25,1
623521.38,1283677.00,759.70,758.00,759.70,0.62,0.34,0.26,1
623613.69,1283677.00,760.60,759.00,760.60,0.62,0.34,0.26,1
623705.94,1283677.00,763.54,762.00,763.54,0.62,0.35,0.27,1
623798.19,1283677.00,766.49,765.00,766.49,0.62,0.35,0.27,1
623890.50,1283677.00,768.46,767.00,768.46,0.62,0.35,0.27,1
623982.75,1283677.00,764.44,763.00,764.44,0.63,0.35,0.27,1
624075.06,1283677.00,755.43,754.00,755.43,0.63,0.36,0.28,1
624167.31,1283677.00,750.42,749.00,750.42,0.62,0.35,0.27,1
624259.62,1283677.00,756.42,755.00,756.42,0.60,0.33,0.25,1
624351.88,1283677.00,773.41,772.00,773.41,0.59,0.32,0.24,1
624444.19,1283677.00,788.41,787.00,788.41,0.61,0.34,0.26,1
624536.44,1283677.00,789.40,788.00,789.40,0.63,0.36,0.28,1
624628.69,1283677.00,780.39,779.00,780.39,0.64,0.37,0.29,1
624721.00,1283677.00,769.37,768.00,769.37,0.63,0.36,0.29,1
624813.25,1283677.00,773.35,772.00,773.35,0.61,0.34,0.26,1
624905.56,1283677.00,784.33,783.00,784.33,0.61,0.34,0.27,1
624997.81,1283677.00,781.29,780.00,781.29,0.63,0.36,0.28,1
625090.12,1283677.00,778.27,777.00,778.27,0.63,0.36,0.29,1
625182.38,1283677.00,785.26,784.00,785.26,0.62,0.35,0.28,1
625274.69,1283677.00,787.27,786.00,787.27,0.61,0.35,0.27,1
625366.94,1283677.00,791.24,790.12,791.24,0.58,0.32,0.24,1
625459.19,1283677.00,-9999.00,-9999.00,-9999.00,0.71,0.71,0.71,0
614385.88,1283584.75,-9999.00,-9999.00,-9999.00,0.71,0.71,0.71,0
614478.12,1283584.75,760.09,759.00,760.09,0.31,0.06,-0.02,1
614570.44,1283584.75,767.15,766.00,767.15,0.62,0.36,0.29,1
614662.69,1283584.75,779.16,778.00,779.16,0.62,0.36,0.28,1
614755.00,1283584.75,787.20,786.00,787.20,0.62,0.36,0.29,1
614847.25,1283584.75,783.27,782.00,783.27,0.64,0.37,0.30,1
614939.56,1283584.75,771.35,770.00,771.35,0.64,0.37,0.29,1
615031.81,1283584.75,754.44,753.00,754.44,0.63,0.36,0.28,1
615124.12,1283584.75,753.50,752.00,753.50,0.62,0.35,0.27,1
615216.38,1283584.75,755.55,754.00,755.55,0.63,0.35,0.28,1
615308.62,1283584.75,747.59,746.00,747.59,0.63,0.35,0.28,1
615400.94,1283584.75,739.62,738.00,739.62,0.63,0.35,0.27,1
615493.19,1283584.75,739.64,738.00,739.64,0.63,0.34,0.26,1
615585.50,1283584.75,741.65,740.00,741.65,0.62,0.34,0.26,1
615677.75,1283584.75,753.66,752.00,753.66,0.63,0.35,0.27,1
615770.06,1283584.75,751.67,750.00,751.67,0.63,0.35,0.27,1
615862.31,1283584.75,742.67,741.00,742.67,0.63,0.35,0.26,1
615954.62,1283584.75,745.67,744.00,745.67,0.61,0.33,0.25,1
616046.88,1283584.75,746.67,745.00,746.67,0.62,0.34,0.26,1
616139.12,1283584.75,745.67,744.00,745.67,0.62,0.34,0.26,1
616231.44,1283584.75,743.67,742.00,743.67,0.62,0.34,0.26,1
616323.69,1283584.75,743.67,742.00,743.67,0.62,0.33,0.25,1
616416.00,1283584.75,746.67,745.00,746.67,0.62,0.33,0.25,1
616508.25,1283584.75,743.66,742.00,743.66,0.62,0.34,0.26,1
616600.56,1283584.75,743.65,742.00,743.65,0.61,0.33,0.25,1
616692.81,1283584.75,749.64,748.00,749.64,0.61,0.33,0.25,1
616785.12,1283584.75,759.62,758.00,759.62,0.61,0.33,0.25,1
616877.38,1283584.75,760.57,759.00,760.57,0.62,0.34,0.26,1
616969.62,1283584.75,745.52,744.00,745.52,0.63,0.35,0.27,1
617061.94,1283584.75,743.45,742.00,743.45,0.62,0.35,0.27,1
617154.19,1283584.75,744.37,743.00,744.37,0.62,0.35,0.27,1
617246.50,1283584.75,747.28,746.00,747.28,0.62,0.36,0.28,1
617338.75,1283584.75,753.20,752.00,753.20,0.62,0.36,0.28,1
617431.06,1283584.75,764.13,763.00,764.13,0.62,0.36,0.29,1
617523.31,1283584.75,763.09,762.00,763.09,0.62,0.36,0.29,1
617615.62,1283584.75,759.06,758.00,759.06,0.62,0.36,0.29,1
617707.88,1283584.75,759.04,758.00,759.04,0.62,0.37,0.29,1
617800.12,1283584.75,758.04,757.00,758.04,0.63,0.37,0.30,1
617892.44,1283584.75,756.04,755.00,756.04,0.63,0.38,0.31,1
617984.69,1283584.75,755.04,754.00,755.04,0.64,0.38,0.31,1
618077.00,1283584.75,756.05,755.00,756.05,0.63,0.37,0.30,1
618169.25,1283584.75,762.07,761.00,762.07,0.62,0.36,0.29,1
618261.56,1283584.75,768.09,767.00,768.09,0.61,0.36,0.28,1
618353.81,1283584.75,775.13,774.00,775.13,0.63,0.37,0.30,1
618446.12,1283584.75,766.19,765.00,766.19,0.65,0.39,0.31,1
618538.38,1283584.75,756.25,755.00,756.25,0.64,0.38,0.30,1
618630.62,1283584.75,753.33,752.00,753.33,0.63,0.36,0.28,1
618722.94,1283584.75,756.41,755.00,756.41,0.62,0.35,0.27,1
618815.19,1283584.75,761.50,760.00,761.50,0.62,0.34,0.26,1
618907.50,1283584.75,767.60,766.00,767.60,0.62,0.34,0.26,1
618999.75,1283584.75,770.71,769.00,770.71,0.62,0.34,0.26,1
619092.06,1283584.75,774.84,773.00,774.84,0.61,0.33,0.25,1
619184.31,1283584.75,782.01,780.00,782.01,0.61,0.32,0.24,1
619276.62,1283584.75,788.24,786.00,788.24,0.62,0.32,0.23,1
619368.88,1283584.75,796.42,794.00,796.42,0.60,0.30,0.21,1
619461.19,1283584.75,829.42,827.00,829.42,0.58,0.28,0.19,1
619553.44,1283584.75,878.52,877.00,878.52,0.56,0.28,0.20,1
619645.69,1283584.75,929.56,929.00,929.56,0.57,0.34,0.28,1
619738.00,1283584.75,958.43,958.00,958.43,0.63,0.41,0.35,1
619830.25,1283584.75,970.48,970.00,970.48,0.64,0.43,0.36,1
619922.56,1283584.75,982.58,982.00,982.58,0.62,0.39,0.32,1
620014.81,1283584.75,1005.66,1005.00,1005.66,0.58,0.35,0.28,1
620107.12,1283584.75,1029.72,1029.00,1029.72,0.56,0.32,0.25,1
620199.38,1283584.75,1056.78,1056.00,1056.78,0.55,0.31,0.24,1
620291.69,1283584.75,1066.90,1066.00,1066.90,0.56,0.32,0.25,1
620383.94,1283584.75,1060.05,1059.00,1060.05,0.57,0.31,0.24,1
620476.19,1283584.75,1057.14,1056.00,1057.14,0.55,0.29,0.22,1
620568.50,1283584.75,1073.11,1072.00,1073.11,0.54,0.29,0.21,1
620660.75,1283584.75,1103.94,1103.00,1103.94,0.54,0.29,0.22,1
620753.06,1283584.75,1125.88,1125.00,1125.88,0.57,0.32,0.25,1
620845.31,1283584.75,1133.92,1133.00,1133.92,0.59,0.34,0.27,1
620937.62,1283584.75,1142.98,1142.00,1142.98,0.58,0.33,0.26,1
621029.88,1283584.75,1151.99,1151.00,1151.99,0.58,0.32,0.25,1
621122.19,1283584.75,1166.98,1166.00,1166.98,0.57,0.31,0.24,1
621214.44,1283584.75,1188.92,1188.00,1188.92,0.57,0.32,0.25,1
621306.69,1283584.75,1209.84,1209.00,1209.84,0.61,0.37,0.30,1
621399.00,1283584.75,1214.76,1214.00,1214.76,0.67,0.43,0.36,1
621491.25,1283584.75,1201.70,1201.00,1201.70,0.70,0.46,0.39,1
621583.56,1283584.75,1174.64,1174.00,1174.64,0.70,0.47,0.40,1
621675.81,1283584.75,1157.59,1157.00,1157.59,0.68,0.46,0.39,1
621768.12,1283584.75,1159.53,1159.00,1159.53,0.68,0.45,0.39,1
621860.38,1283584.75,1160.43,1160.00,1160.43,0.69,0.48,0.41,1
621952.69,1283584.75,1152.31,1152.00,1152.31,0.71,0.51,0.46,1
622044.94,1283584.75,1134.18,1134.00,1134.18,0.74,0.56,0.51,1
622137.19,1283584.75,1109.09,1109.00,1109.09,0.81,0.67,0.57,1
622229.50,1283584.75,1086.05,1086.00,1086.05,0.80,0.66,0.55,1
622321.75,1283584.75,1063.05,1063.00,1063.05,0.80,0.66,0.56,1
622414.06,1283584.75,1031.10,1031.00,1031.10,0.82,0.68,0.57,1
622506.31,1283584.75,992.44,992.00,992.44,0.70,0.49,0.43,1
622598.62,1283584.75,951.97,951.00,951.97,0.67,0.41,0.34,1
622690.88,1283584.75,918.16,917.00,918.16,0.65,0.39,0.32,1
622783.19,1283584.75,891.22,890.00,891.22,0.66,0.39,0.32,1
622875.44,1283584.75,862.46,861.00,862.46,0.67,0.39,0.31,1
622967.69,1283584.75,827.14,825.00,827.14,0.65,0.35,0.27,1
623060.00,1283584.75,795.47,793.00,795.47,0.64,0.33,0.24,1
623152.25,1283584.75,777.42,775.00,777.42,0.63,0.32,0.24,1
623244.56,1283584.75,769.23,767.00,769.23,0.62,0.33,0.24,1
623336.81,1283584.75,764.01,762.00,764.01,0.62,0.33,0.25,1
623429.12,1283584.75,761.84,760.00,761.84,0.62,0.33,0.25,1
623521.38,1283584.75,761.71,760.00,761.71,0.62,0.34,0.26,1
623613.69,1283584.75,764.62,763.00,764.62,0.62,0.35,0.27,1
623705.94,1283584.75,764.55,763.00,764.55,0.63,0.35,0.27,1
623798.19,1283584.75,762.50,761.00,762.50,0.62,0.35,0.27,1
623890.50,1283584.75,761.47,760.00,761.47,0.62,0.34,0.27,1
623982.75,1283584.75,758.45,757.00,758.45,0.62,0.35,0.27,1
624075.06,1283584.75,754.44,753.00,754.44,0.63,0.35,0.28,1
624167.31,1283584.75,750.43,749.00,750.43,0.63,0.35,0.28,1
624259.62,1283584.75,751.42,750.00,751.42,0.61,0.34,0.26,1
624351.88,1283584.75,763.41,762.00,763.41,0.59,0.32,0.24,1
624444.19,1283584.75,778.41,777.00,778.41,0.59,0.32,0.24,1
624536.44,1283584.75,787.40,786.00,787.40,0.61,0.34,0.26,1
624628.69,1283584.75,785.39,784.00,785.39,0.62,0.35,0.28,1
624721.00,1283584.75,776.38,775.00,776.38,0.63,0.36,0.29,1
624813.25,1283584.75,771.36,770.00,771.36,0.62,0.35,0.28,1
624905.56,1283584.75,773.33,772.00,773.33,0.61,0.34,0.27,1
624997.81,1283584.75,777.30,776.00,777.30,0.61,0.35,0.27,1
625090.12,1283584.75,783.28,782.00,783.28,0.62,0.35,0.28,1
625182.38,1283584.75,786.28,785.00,786.28,0.63,0.36,0.28,1
625274.69,1283584.75,778.29,777.00,778.29,0.62,0.35,0.28,1
625366.94,1283584.75,788.83,787.73,788.83,0.58,0.32,0.24,1
625459.19,1283584.75,-9999.00,-9999.00,-9999.00,0.71,0.71,0.71,0
614385.88,1283492.50,-9999.00,-9999.00,-9999.00,0.71,0.71,0.71,0
614478.12,1283492.50,778.10,777.00,778.10,0.32,0.06,-0.02,1
614570.44,1283492.50,780.17,779.00,780.17,0.64,0.38,0.30,1
614662.69,1283492.50,780.17,779.00,780.17,0.62,0.36,0.28,1
614755.00,1283492.50,785.21,784.00,785.21,0.61,0.35,0.28,1
614847.25,1283492.50,782.26,781.00,782.26,0.63,0.36,0.28,1
614939.56,1283492.50,769.34,768.00,769.34,0.63,0.36,0.29,1
615031.81,1283492.50,756.43,755.00,756.43,0.63,0.36,0.28,1
615124.12,1283492.50,764.50,763.00,764.50,0.63,0.35,0.27,1
615216.38,1283492.50,765.55,764.00,765.55,0.63,0.36,0.28,1
615308.62,1283492.50,750.59,749.00,750.59,0.63,0.35,0.27,1
615400.94,1283492.50,745.62,744.00,745.62,0.63,0.35,0.27,1
615493.19,1283492.50,751.64,750.00,751.64,0.63,0.35,0.27,1
615585.50,1283492.50,755.65,754.00,755.65,0.63,0.35,0.27,1
615677.75,1283492.50,764.66,763.00,764.66,0.63,0.35,0.27,1
615770.06,1283492.50,759.67,758.00,759.67,0.64,0.35,0.27,1
615862.31,1283492.50,746.67,745.00,746.67,0.63,0.35,0.27,1
615954.62,1283492.50,744.68,743.00,744.68,0.62,0.34,0.26,1
616046.88,1283492.50,746.68,745.00,746.68,0.62,0.33,0.25,1
616139.12,1283492.50,748.68,747.00,748.68,0.62,0.34,0.26,1
616231.44,1283492.50,745.68,744.00,745.68,0.62,0.34,0.26,1
616323.69,1283492.50,742.68,741.00,742.68,0.62,0.34,0.26,1
616416.00,1283492.50,743.67,742.00,743.67,0.62,0.34,0.26,1
616508.25,1283492.50,743.67,742.00,743.67,0.62,0.34,0.26,1
616600.56,1283492.50,741.66,740.00,741.66,0.62,0.34,0.26,1
616692.81,1283492.50,745.65,744.00,745.65,0.61,0.33,0.25,1
616785.12,1283492.50,752.63,751.00,752.63,0.61,0.33,0.25,1
616877.38,1283492.50,754.59,753.00,754.59,0.62,0.34,0.26,1
616969.62,1283492.50,743.55,742.00,743.55,0.63,0.35,0.27,1
617061.94,1283492.50,745.49,744.00,745.49,0.63,0.35,0.27,1
617154.19,1283492.50,745.42,744.00,745.42,0.63,0.35,0.28,1
617246.50,1283492.50,747.32,746.00,747.32,0.62,0.35,0.27,1
617338.75,1283492.50,755.23,754.00,755.23,0.61,0.35,0.27,1
617431.06,1283492.50,760.16,759.00,760.16,0.62,0.36,0.28,1
617523.31,1283492.50,753.11,752.00,753.11,0.62,0.36,0.29,1
617615.62,1283492.50,751.08,750.00,751.08,0.62,0.36,0.29,1
617707.88,1283492.50,753.05,752.00,753.05,0.63,0.37,0.30,1
617800.12,1283492.50,754.05,753.00,754.05,0.63,0.37,0.30,1
617892.44,1283492.50,759.04,758.00,759.04,0.63,0.37,0.30,1
617984.69,1283492.50,762.05,761.00,762.05,0.64,0.38,0.31,1
618077.00,1283492.50,758.05,757.00,758.05,0.63,0.38,0.30,1
618169.25,1283492.50,759.07,758.00,759.07,0.62,0.36,0.29,1
618261.56,1283492.50,765.09,764.00,765.09,0.61,0.35,0.28,1
618353.81,1283492.50,774.13,773.00,774.13,0.62,0.36,0.28,1
618446.12,1283492.50,772.18,771.00,772.18,0.63,0.37,0.30,1
618538.38,1283492.50,766.24,765.00,766.24,0.64,0.38,0.30,1
618630.62,1283492.50,760.31,759.00,760.31,0.64,0.37,0.29,1
618722.94,1283492.50,758.39,757.00,758.39,0.63,0.36,0.28,1
618815.19,1283492.50,761.48,760.00,761.48,0.62,0.34,0.27,1
618907.50,1283492.50,768.58,767.00,768.58,0.62,0.34,0.26,1
618999.75,1283492.50,774.69,773.00,774.69,0.62,0.33,0.25,1
619092.06,1283492.50,778.83,777.00,778.83,0.61,0.33,0.25,1
619184.31,1283492.50,789.01,787.00,789.01,0.61,0.32,0.24,1
619276.62,1283492.50,802.22,800.00,802.22,0.62,0.32,0.23,1
619368.88,1283492.50,809.38,807.00,809.38,0.61,0.31,0.22,1
619461.19,1283492.50,832.37,830.00,832.37,0.59,0.29,0.20,1
619553.44,1283492.50,878.47,877.00,878.47,0.56,0.28,0.21,1
619645.69,1283492.50,930.52,930.00,930.52,0.53,0.30,0.24,1
619738.00,1283492.50,970.39,970.00,970.39,0.58,0.37,0.31,1
619830.25,1283492.50,986.44,986.00,986.44,0.63,0.42,0.36,1
619922.56,1283492.50,994.56,994.00,994.56,0.64,0.41,0.35,1
620014.81,1283492.50,1002.69,1002.00,1002.69,0.61,0.38,0.31,1
620107.12,1283492.50,1012.83,1012.00,1012.83,0.59,0.34,0.27,1
620199.38,1283492.50,1027.00,1026.00,1027.00,0.57,0.32,0.24,1
620291.69,1283492.50,1031.20,1030.00,1031.20,0.58,0.32,0.24,1
620383.94,1283492.50,1023.40,1022.00,1023.40,0.59,0.32,0.24,1
620476.19,1283492.50,1024.53,1023.00,1024.53,0.58,0.31,0.23,1
620568.50,1283492.50,1051.53,1050.00,1051.53,0.57,0.29,0.21,1
620660.75,1283492.50,1086.39,1085.00,1086.39,0.56,0.29,0.21,1
620753.06,1283492.50,1109.30,1108.00,1109.30,0.57,0.30,0.23,1
620845.31,1283492.50,1121.32,1120.00,1121.32,0.59,0.32,0.24,1
620937.62,1283492.50,1128.37,1127.00,1128.37,0.60,0.33,0.25,1
621029.88,1283492.50,1135.37,1134.00,1135.37,0.59,0.32,0.24,1
621122.19,1283492.50,1149.35,1148.00,1149.35,0.58,0.31,0.23,1
621214.44,1283492.50,1175.27,1174.00,1175.27,0.56,0.29,0.22,1
621306.69,1283492.50,1204.09,1203.00,1204.09,0.56,0.30,0.23,1
621399.00,1283492.50,1226.91,1226.00,1226.91,0.60,0.35,0.28,1
621491.25,1283492.50,1224.81,1224.00,1224.81,0.65,0.41,0.34,1
621583.56,1283492.50,1201.72,1201.00,1201.72,0.68,0.44,0.38,1
621675.81,1283492.50,1186.62,1186.00,1186.62,0.68,0.45,0.39,1
621768.12,1283492.50,1188.50,1188.00,1188.50,0.67,0.45,0.39,1
621860.38,1283492.50,1193.36,1193.00,1193.36,0.70,0.49,0.43,1
621952.69,1283492.50,1175.23,1175.00,1175.23,0.73,0.54,0.48,1
622044.94,1283492.50,1145.13,1145.00,1145.13,0.73,0.56,0.51,1
622137.19,1283492.50,1110.08,1110.00,1110.08,0.78,0.64,0.54,1
622229.50,1283492.50,1075.05,1075.00,1075.05,0.74,0.60,0.50,1
622321.75,1283492.50,1047.05,1047.00,1047.05,0.71,0.57,0.46,1
622414.06,1283492.50,1017.13,1017.00,1017.13,0.67,0.50,0.45,1
622506.31,1283492.50,977.54,977.00,977.54,0.65,0.43,0.36,1
622598.62,1283492.50,939.15,938.00,939.15,0.64,0.38,0.30,1
622690.88,1283492.50,911.37,910.00,911.37,0.64,0.37,0.29,1
622783.19,1283492.50,892.41,891.00,892.41,0.64,0.37,0.29,1
622875.44,1283492.50,876.50,875.00,876.50,0.65,0.38,0.30,1
622967.69,1283492.50,845.83,844.00,845.83,0.66,0.37,0.29,1
623060.00,1283492.50,810.13,808.00,810.13,0.65,0.35,0.27,1
623152.25,1283492.50,787.19,785.00,787.19,0.64,0.34,0.26,1
623244.56,1283492.50,775.14,773.00,775.14,0.63,0.33,0.25,1
623336.81,1283492.50,767.01,765.00,767.01,0.62,0.33,0.25,1
623429.12,1283492.50,762.85,761.00,762.85,0.62,0.33,0.25,1
623521.38,1283492.50,766.73,765.00,766.73,0.62,0.34,0.26,1
623613.69,1283492.50,770.63,769.00,770.63,0.62,0.34,0.26,1
623705.94,1283492.50,769.56,768.00,769.56,0.63,0.35,0.27,1
623798.19,1283492.50,764.51,763.00,764.51,0.63,0.36,0.28,1
623890.50,1283492.50,757.48,756.00,757.48,0.63,0.35,0.27,1
623982.75,1283492.50,753.46,752.00,753.46,0.62,0.35,0.27,1
624075.06,1283492.50,753.44,752.00,753.44,0.63,0.35,0.28,1
624167.31,1283492.50,752.43,751.00,752.43,0.63,0.36,0.28,1
624259.62,1283492.50,752.42,751.00,752.42,0.63,0.35,0.28,1
624351.88,1283492.50,754.42,753.00,754.42,0.61,0.34,0.26,1
624444.19,1283492.50,761.41,760.00,761.41,0.60,0.33,0.25,1
624536.44,1283492.50,770.40,769.00,770.40,0.59,0.32,0.25,1
624628.69,1283492.50,772.39,771.00,772.39,0.60,0.33,0.26,1
624721.00,1283492.50,771.38,770.00,771.38,0.62,0.35,0.27,1
624813.25,1283492.50,771.36,770.00,771.36,0.63,0.36,0.28,1
624905.56,1283492.50,771.33,770.00,771.33,0.63,0.36,0.28,1
624997.81,1283492.50,775.30,774.00,775.30,0.62,0.35,0.28,1
625090.12,1283492.50,780.28,779.00,780.28,0.62,0.35,0.27,1
625182.38,1283492.50,783.27,782.00,783.27,0.62,0.36,0.28,1
625274.69,1283492.50,780.27,779.00,780.27,0.63,0.36,0.29,1
625366.94,1283492.50,786.42,785.35,786.42,0.58,0.32,0.25,1
625459.19,1283492.50,-9999.00,-9999.00,-9999.00,0.71,0.71,0.71,0
614385.88,1283400.25,-9999.00,-9999.00,-9999.00,0.71,0.71,0.71,0
614478.12,1283400.25,797.11,796.00,797.11,0.32,0.06,-0.02,1
614570.44,1283400.25,793.19,792.00,793.19,0.65,0.39,0.31,1
614662.69,1283400.25,777.19,776.00,777.19,0.64,0.38,0.30,1
614755.00,1283400.25,773.20,772.00,773.20,0.62,0.36,0.28,1
614847.25,1283400.25,769.25,768.00,769.25,0.62,0.36,0.28,1
614939.56,1283400.25,761.32,760.00,761.32,0.62,0.35,0.28,1
615031.81,1283400.25,767.42,766.00,767.42,0.63,0.35,0.28,1
615124.12,1283400.25,775.49,774.00,775.49,0.63,0.36,0.28,1
615216.38,1283400.25,763.55,762.00,763.55,0.64,0.36,0.28,1
615308.62,1283400.25,746.59,745.00,746.59,0.63,0.35,0.27,1
615400.94,1283400.25,752.62,751.00,752.62,0.61,0.33,0.26,1
615493.19,1283400.25,765.64,764.00,765.64,0.62,0.34,0.26,1
615585.50,1283400.25,772.65,771.00,772.65,0.62,0.34,0.26,1
615677.75,1283400.25,772.66,771.00,772.66,0.63,0.35,0.27,1
615770.06,1283400.25,763.67,762.00,763.67,0.63,0.35,0.27,1
615862.31,1283400.25,748.68,747.00,748.68,0.63,0.35,0.27,1
615954.62,1283400.25,741.68,740.00,741.68,0.63,0.34,0.26,1
616046.88,1283400.25,742.68,741.00,742.68,0.62,0.34,0.26,1
616139.12,1283400.25,743.68,742.00,743.68,0.62,0.33,0.25,1
616231.44,1283400.25,743.68,742.00,743.68,0.62,0.34,0.26,1
616323.69,1283400.25,743.68,742.00,743.68,0.62,0.34,0.26,1
616416.00,1283400.25,744.68,743.00,744.68,0.63,0.34,0.26,1
616508.25,1283400.25,745.67,744.00,745.67,0.62,0.34,0.26,1
616600.56,1283400.25,743.67,742.00,743.67,0.62,0.34,0.26,1
616692.81,1283400.25,746.66,745.00,746.66,0.62,0.34,0.26,1
616785.12,1283400.25,754.64,753.00,754.64,0.62,0.34,0.26,1
616877.38,1283400.25,750.61,749.00,750.61,0.62,0.35,0.27,1
616969.62,1283400.25,744.57,743.00,744.57,0.62,0.35,0.27,1
617061.94,1283400.25,751.52,750.00,751.52,0.62,0.34,0.27,1
617154.19,1283400.25,751.45,750.00,751.45,0.63,0.36,0.28,1
617246.50,1283400.25,745.37,744.00,745.37,0.63,0.36,0.28,1
617338.75,1283400.25,748.27,747.00,748.27,0.62,0.35,0.28,1
617431.06,1283400.25,749.19,748.00,749.19,0.62,0.35,0.28,1
617523.31,1283400.25,747.14,746.00,747.14,0.62,0.36,0.29,1
617615.62,1283400.25,750.10,749.00,750.10,0.62,0.37,0.29,1
617707.88,1283400.25,759.08,758.00,759.08,0.63,0.37,0.30,1
617800.12,1283400.25,765.06,764.00,765.06,0.63,0.38,0.30,1
617892.44,1283400.25,768.06,767.00,768.06,0.63,0.37,0.30,1
617984.69,1283400.25,769.06,768.00,769.06,0.64,0.38,0.31,1
618077.00,1283400.25,761.06,760.00,761.06,0.64,0.38,0.31,1
618169.25,1283400.25,755.08,754.00,755.08,0.63,0.37,0.30,1
618261.56,1283400.25,758.10,757.00,758.10,0.61,0.35,0.28,1
618353.81,1283400.25,766.13,765.00,766.13,0.61,0.35,0.27,1
618446.12,1283400.25,770.18,769.00,770.18,0.62,0.36,0.28,1
618538.38,1283400.25,769.24,768.00,769.24,0.63,0.36,0.29,1
618630.62,1283400.25,768.30,767.00,768.30,0.63,0.37,0.29,1
618722.94,1283400.25,763.37,762.00,763.37,0.63,0.36,0.29,1
618815.19,1283400.25,765.46,764.00,765.46,0.62,0.35,0.27,1
618907.50,1283400.25,771.55,770.00,771.55,0.62,0.34,0.26,1
618999.75,1283400.25,773.67,772.00,773.67,0.61,0.33,0.25,1
619092.06,1283400.25,779.81,778.00,779.81,0.61,0.32,0.24,1
619184.31,1283400.25,793.97,792.00,793.97,0.60,0.31,0.23,1
619276.62,1283400.25,815.11,813.00,815.11,0.61,0.31,0.23,1
619368.88,1283400.25,828.17,826.00,828.17,0.61,0.31,0.23,1
619461.19,1283400.25,851.13,849.00,851.13,0.60,0.30,0.22,1
619553.44,1283400.25,887.49,886.00,887.49,0.58,0.30,0.22,1
619645.69,1283400.25,926.64,926.00,926.64,0.55,0.32,0.25,1
619738.00,1283400.25,964.42,964.00,964.42,0.55,0.34,0.28,1
619830.25,1283400.25,990.45,990.00,990.45,0.60,0.39,0.32,1
619922.56,1283400.25,1000.56,1000.00,1000.56,0.64,0.41,0.35,1
620014.81,1283400.25,1001.70,1001.00,1001.70,0.64,0.40,0.33,1
620107.12,1283400.25,1001.88,1001.00,1001.88,0.63,0.38,0.31,1
620199.38,1283400.25,1005.09,1004.00,1005.09,0.61,0.35,0.28,1
620291.69,1283400.25,1008.30,1007.00,1008.30,0.61,0.34,0.27,1
620383.94,1283400.25,1007.47,1006.00,1007.47,0.61,0.34,0.26,1
620476.19,1283400.25,1020.60,1019.00,1020.60,0.60,0.32,0.24,1
620568.50,1283400.25,1046.65,1045.00,1046.65,0.58,0.30,0.22,1
620660.75,1283400.25,1069.64,1068.00,1069.64,0.57,0.29,0.21,1
620753.06,1283400.25,1085.63,1084.00,1085.63,0.57,0.29,0.21,1
620845.31,1283400.25,1101.65,1100.00,1101.65,0.57,0.29,0.21,1
620937.62,1283400.25,1115.70,1114.00,1115.70,0.58,0.30,0.22,1
621029.88,1283400.25,1124.74,1123.00,1124.74,0.59,0.31,0.23,1
621122.19,1283400.25,1137.76,1136.00,1137.76,0.59,0.30,0.22,1
621214.44,1283400.25,1154.71,1153.00,1154.71,0.57,0.29,0.21,1
621306.69,1283400.25,1173.47,1172.00,1173.47,0.55,0.28,0.20,1
621399.00,1283400.25,1198.12,1197.00,1198.12,0.54,0.28,0.21,1
621491.25,1283400.25,1204.92,1204.00,1204.92,0.57,0.32,0.25,1
621583.56,1283400.25,1202.80,1202.00,1202.80,0.62,0.37,0.31,1
621675.81,1283400.25,1205.64,1205.00,1205.64,0.65,0.42,0.35,1
621768.12,1283400.25,1208.46,1208.00,1208.46,0.67,0.45,0.39,1
621860.38,1283400.25,1208.30,1208.00,1208.30,0.70,0.50,0.44,1
621952.69,1283400.25,1181.18,1181.00,1181.18,0.72,0.54,0.49,1
622044.94,1283400.25,1142.11,1142.00,1142.11,0.72,0.55,0.51,1
622137.19,1283400.25,1104.07,1104.00,1104.07,0.76,0.62,0.51,1
622229.50,1283400.25,1063.06,1063.00,1063.06,0.74,0.60,0.50,1
622321.75,1283400.25,1025.10,1025.00,1025.10,0.66,0.50,0.45,1
622414.06,1283400.25,994.41,994.00,994.41,0.64,0.43,0.37,1
622506.31,1283400.25,957.13,956.00,957.13,0.63,0.37,0.30,1
622598.62,1283400.25,925.64,924.00,925.64,0.63,0.35,0.27,1
622690.88,1283400.25,904.71,903.00,904.71,0.63,0.35,0.27,1
622783.19,1283400.25,889.69,888.00,889.69,0.63,0.35,0.27,1
622875.44,1283400.25,877.70,876.00,877.70,0.64,0.36,0.28,1
622967.69,1283400.25,857.81,856.00,857.81,0.65,0.36,0.28,1
623060.00,1283400.25,830.01,828.00,830.01,0.65,0.35,0.27,1
623152.25,1283400.25,804.09,802.00,804.09,0.64,0.35,0.26,1
623244.56,1283400.25,782.07,780.00,782.07,0.63,0.34,0.26,1
623336.81,1283400.25,766.99,765.00,766.99,0.63,0.33,0.25,1
623429.12,1283400.25,763.86,762.00,763.86,0.62,0.33,0.25,1
623521.38,1283400.25,769.73,768.00,769.73,0.62,0.33,0.25,1
623613.69,1283400.25,772.64,771.00,772.64,0.62,0.34,0.26,1
623705.94,1283400.25,771.58,770.00,771.58,0.63,0.35,0.27,1
623798.19,1283400.25,765.53,764.00,765.53,0.63,0.35,0.28,1
623890.50,1283400.25,757.49,756.00,757.49,0.63,0.35,0.28,1
623982.75,1283400.25,753.47,752.00,753.47,0.62,0.35,0.27,1
624075.06,1283400.25,759.45,758.00,759.45,0.63,0.35,0.27,1
624167.31,1283400.25,763.44,762.00,763.44,0.64,0.36,0.29,1
624259.62,1283400.25,757.43,756.00,757.43,0.64,0.37,0.29,1
624351.88,1283400.25,753.42,752.00,753.42,0.63,0.36,0.28,1
624444.19,1283400.25,754.41,753.00,754.41,0.62,0.35,0.27,1
624536.44,1283400.25,754.40,753.00,754.40,0.61,0.34,0.26,1
624628.69,1283400.25,757.39,756.00,757.39,0.61,0.34,0.26,1
624721.00,1283400.25,767.38,766.00,767.38,0.61,0.34,0.26,1
624813.25,1283400.25,779.36,778.00,779.36,0.62,0.35,0.27,1
624905.56,1283400.25,784.33,783.00,784.33,0.63,0.37,0.29,1
624997.81,1283400.25,780.30,779.00,780.30,0.63,0.37,0.29,1
625090.12,1283400.25,779.28,778.00,779.28,0.62,0.35,0.28,1
625182.38,1283400.25,785.26,784.00,785.26,0.62,0.35,0.28,1
625274.69,1283400.25,791.24,790.00,791.24,0.63,0.37,0.29,1
625366.94,1283400.25,790.74,789.69,790.74,0.58,0.32,0.25,1
625459.19,1283400.25,-9999.00,-9999.00,-9999.00,0.71,0.71,0.71,0
614385.88,1283307.88,-9999.00,-9999.00,-9999.00,0.71,0.71,0.71,0
614478.12,1283307.88,803.09,802.00,803.09,0.31,0.06,-0.02,1
614570.44,1283307.88,801.17,800.00,801.17,0.64,0.38,0.31,1
614662.69,1283307.88,780.18,779.00,780.18,0.65,0.39,0.32,1
614755.00,1283307.88,771.18,770.00,771.18,0.64,0.38,0.31,1
614847.25,1283307.88,769.21,768.00,769.21,0.64,0.38,0.30,1
614939.56,1283307.88,763.29,762.00,763.29,0.63,0.36,0.28,1
615031.81,1283307.88,776.40,775.00,776.40,0.62,0.35,0.27,1
615124.12,1283307.88,782.48,781.00,782.48,0.64,0.36,0.28,1
615216.38,1283307.88,768.54,767.00,768.54,0.65,0.37,0.29,1
615308.62,1283307.88,752.59,751.00,752.59,0.64,0.36,0.28,1
615400.94,1283307.88,753.62,752.00,753.62,0.61,0.33,0.25,1
615493.19,1283307.88,766.64,765.00,766.64,0.60,0.32,0.24,1
615585.50,1283307.88,771.65,770.00,771.65,0.61,0.33,0.25,1
615677.75,1283307.88,766.67,765.00,766.67,0.62,0.34,0.26,1
615770.06,1283307.88,755.67,754.00,755.67,0.62,0.34,0.26,1
615862.31,1283307.88,747.68,746.00,747.68,0.63,0.35,0.27,1
615954.62,1283307.88,747.69,746.00,747.69,0.63,0.35,0.27,1
616046.88,1283307.88,742.69,741.00,742.69,0.63,0.35,0.27,1
616139.12,1283307.88,740.69,739.00,740.69,0.62,0.34,0.26,1
616231.44,1283307.88,741.68,740.00,741.68,0.62,0.34,0.26,1
616323.69,1283307.88,748.68,747.00,748.68,0.62,0.34,0.26,1
616416.00,1283307.88,754.68,753.00,754.68,0.63,0.35,0.27,1
616508.25,1283307.88,746.68,745.00,746.68,0.63,0.34,0.26,1
616600.56,1283307.88,745.67,744.00,745.67,0.62,0.34,0.26,1
616692.81,1283307.88,751.67,750.00,751.67,0.62,0.34,0.26,1
616785.12,1283307.88,761.65,760.00,761.65,0.62,0.34,0.26,1
616877.38,1283307.88,750.62,749.00,750.62,0.63,0.35,0.27,1
616969.62,1283307.88,747.59,746.00,747.59,0.62,0.34,0.26,1
617061.94,1283307.88,750.54,749.00,750.54,0.62,0.34,0.26,1
617154.19,1283307.88,756.49,755.00,756.49,0.63,0.36,0.28,1
617246.50,1283307.88,747.41,746.00,747.41,0.64,0.36,0.29,1
617338.75,1283307.88,748.32,747.00,748.32,0.62,0.36,0.28,1
617431.06,1283307.88,747.24,746.00,747.24,0.62,0.36,0.28,1
617523.31,1283307.88,749.18,748.00,749.18,0.62,0.36,0.28,1
617615.62,1283307.88,759.13,758.00,759.13,0.62,0.36,0.29,1
617707.88,1283307.88,767.11,766.00,767.11,0.62,0.36,0.29,1
617800.12,1283307.88,772.09,771.00,772.09,0.62,0.37,0.29,1
617892.44,1283307.88,768.08,767.00,768.08,0.62,0.37,0.29,1
617984.69,1283307.88,768.08,767.00,768.08,0.63,0.37,0.30,1
618077.00,1283307.88,761.08,760.00,761.08,0.63,0.38,0.30,1
618169.25,1283307.88,754.09,753.00,754.09,0.63,0.37,0.30,1
618261.56,1283307.88,753.11,752.00,753.11,0.62,0.36,0.28,1
618353.81,1283307.88,761.14,760.00,761.14,0.61,0.35,0.28,1
618446.12,1283307.88,766.18,765.00,766.18,0.62,0.35,0.28,1
618538.38,1283307.88,768.23,767.00,768.23,0.62,0.36,0.28,1
618630.62,1283307.88,770.29,769.00,770.29,0.62,0.36,0.28,1
618722.94,1283307.88,771.36,770.00,771.36,0.63,0.36,0.28,1
618815.19,1283307.88,771.43,770.00,771.43,0.62,0.35,0.27,1
618907.50,1283307.88,773.52,772.00,773.52,0.62,0.35,0.27,1
618999.75,1283307.88,771.63,770.00,771.63,0.62,0.34,0.26,1
619092.06,1283307.88,776.76,775.00,776.76,0.61,0.32,0.24,1
619184.31,1283307.88,794.88,793.00,794.88,0.60,0.31,0.23,1
619276.62,1283307.88,817.94,816.00,817.94,0.60,0.31,0.23,1
619368.88,1283307.88,835.95,834.00,835.95,0.60,0.31,0.23,1
619461.19,1283307.88,858.92,857.00,858.92,0.59,0.30,0.21,1
619553.44,1283307.88,894.62,893.00,894.62,0.57,0.29,0.21,1
619645.69,1283307.88,928.97,928.00,928.97,0.55,0.30,0.23,1
619738.00,1283307.88,959.58,959.00,959.58,0.54,0.31,0.25,1
619830.25,1283307.88,990.51,990.00,990.51,0.57,0.34,0.28,1
619922.56,1283307.88,1007.59,1007.00,1007.59,0.62,0.39,0.33,1
620014.81,1283307.88,1008.73,1008.00,1008.73,0.65,0.41,0.34,1
620107.12,1283307.88,1008.92,1008.00,1008.92,0.65,0.40,0.32,1
620199.38,1283307.88,1011.14,1010.00,1011.14,0.64,0.38,0.31,1
620291.69,1283307.88,1013.34,1012.00,1013.34,0.64,0.37,0.29,1
620383.94,1283307.88,1019.49,1018.00,1019.49,0.64,0.36,0.28,1
620476.19,1283307.88,1023.60,1022.00,1023.60,0.63,0.35,0.27,1
620568.50,1283307.88,1033.69,1032.00,1033.69,0.61,0.32,0.24,1
620660.75,1283307.88,1047.76,1046.00,1047.76,0.59,0.31,0.23,1
620753.06,1283307.88,1058.82,1057.00,1058.82,0.59,0.30,0.22,1
620845.31,1283307.88,1069.86,1068.00,1069.86,0.58,0.29,0.21,1
620937.62,1283307.88,1089.92,1088.00,1089.92,0.57,0.29,0.20,1
621029.88,1283307.88,1110.99,1109.00,1110.99,0.59,0.29,0.21,1
621122.19,1283307.88,1118.07,1116.00,1118.07,0.59,0.30,0.21,1
621214.44,1283307.88,1125.12,1123.00,1125.12,0.58,0.28,0.20,1
621306.69,1283307.88,1139.05,1137.00,1139.05,0.57,0.27,0.19,1
621399.00,1283307.88,1153.74,1152.00,1153.74,0.56,0.27,0.19,1
621491.25,1283307.88,1165.32,1164.00,1165.32,0.55,0.28,0.21,1
621583.56,1283307.88,1184.95,1184.00,1184.95,0.56,0.31,0.24,1
621675.81,1283307.88,1211.67,1211.00,1211.67,0.59,0.35,0.29,1
621768.12,1283307.88,1229.43,1229.00,1229.43,0.65,0.44,0.38,1
621860.38,1283307.88,1218.26,1218.00,1218.26,0.71,0.52,0.46,1
621952.69,1283307.88,1179.14,1179.00,1179.14,0.72,0.55,0.50,1
622044.94,1283307.88,1135.09,1135.00,1135.09,0.78,0.64,0.53,1
622137.19,1283307.88,1091.08,1091.00,1091.08,0.75,0.61,0.51,1
622229.50,1283307.88,1047.10,1047.00,1047.10,0.70,0.54,0.49,1
622321.75,1283307.88,1005.37,1005.00,1005.37,0.67,0.47,0.41,1
622414.06,1283307.88,971.14,970.00,971.14,0.64,0.38,0.30,1
622506.31,1283307.88,940.87,939.00,940.87,0.63,0.34,0.26,1
622598.62,1283307.88,916.03,914.00,916.03,0.63,0.33,0.25,1
622690.88,1283307.88,901.96,900.00,901.96,0.63,0.34,0.25,1
622783.19,1283307.88,891.90,890.00,891.90,0.63,0.34,0.26,1
622875.44,1283307.88,882.89,881.00,882.89,0.63,0.35,0.26,1
622967.69,1283307.88,863.92,862.00,863.92,0.63,0.35,0.26,1
623060.00,1283307.88,834.02,832.00,834.02,0.63,0.34,0.26,1
623152.25,1283307.88,805.07,803.00,805.07,0.63,0.34,0.25,1
623244.56,1283307.88,782.05,780.00,782.05,0.63,0.34,0.25,1
623336.81,1283307.88,767.98,766.00,767.98,0.63,0.33,0.25,1
623429.12,1283307.88,766.86,765.00,766.86,0.62,0.33,0.25,1
623521.38,1283307.88,771.74,770.00,771.74,0.62,0.34,0.25,1
623613.69,1283307.88,772.65,771.00,772.65,0.62,0.34,0.26,1
623705.94,1283307.88,770.59,769.00,770.59,0.62,0.34,0.26,1
623798.19,1283307.88,765.54,764.00,765.54,0.62,0.35,0.27,1
623890.50,1283307.88,757.51,756.00,757.51,0.63,0.35,0.27,1
623982.75,1283307.88,758.48,757.00,758.48,0.62,0.35,0.27,1
624075.06,1283307.88,769.46,768.00,769.46,0.62,0.35,0.27,1
624167.31,1283307.88,776.45,775.00,776.45,0.63,0.36,0.28,1
624259.62,1283307.88,769.44,768.00,769.44,0.64,0.37,0.29,1
624351.88,1283307.88,758.43,757.00,758.43,0.64,0.36,0.29,1
624444.19,1283307.88,752.42,751.00,752.42,0.62,0.35,0.27,1
624536.44,1283307.88,755.41,754.00,755.41,0.62,0.35,0.27,1
624628.69,1283307.88,763.40,762.00,763.40,0.62,0.35,0.27,1
624721.00,1283307.88,775.38,774.00,775.38,0.62,0.35,0.27,1
624813.25,1283307.88,786.36,785.00,786.36,0.62,0.35,0.27,1
624905.56,1283307.88,789.33,788.00,789.33,0.63,0.36,0.28,1
624997.81,1283307.88,783.30,782.00,783.30,0.63,0.36,0.29,1
625090.12,1283307.88,778.26,777.00,778.26,0.62,0.35,0.28,1
625182.38,1283307.88,787.23,786.00,787.23,0.61,0.35,0.27,1
625274.69,1283307.88,796.22,795.00,796.22,0.62,0.35,0.28,1
625366.94,1283307.88,801.79,800.78,801.79,0.58,0.32,0.25,1
625459.19,1283307.88,-9999.00,-9999.00,-9999.00,0.71,0.71,0.71,0
614385.88,1283215.62,-9999.00,-9999.00,-9999.00,0.71,0.71,0.71,0
614478.12,1283215.62,797.91,797.00,797.91,0.29,0.04,-0.03,1
614570.44,1283215.62,798.99,798.00,798.99,0.62,0.37,0.30,1
614662.69,1283215.62,791.10,790.00,791.10,0.64,0.38,0.31,1
614755.00,1283215.62,789.11,788.00,789.11,0.65,0.39,0.31,1
614847.25,1283215.62,784.16,783.00,784.16,0.65,0.39,0.32,1
614939.56,1283215.62,770.26,769.00,770.26,0.64,0.37,0.29,1
615031.81,1283215.62,781.37,780.00,781.37,0.61,0.34,0.27,1
615124.12,1283215.62,793.47,792.00,793.47,0.63,0.36,0.28,1
615216.38,1283215.62,780.53,779.00,780.53,0.65,0.37,0.29,1
615308.62,1283215.62,759.58,758.00,759.58,0.64,0.37,0.29,1
615400.94,1283215.62,749.62,748.00,749.62,0.63,0.35,0.27,1
615493.19,1283215.62,753.64,752.00,753.64,0.61,0.33,0.25,1
615585.50,1283215.62,759.66,758.00,759.66,0.61,0.33,0.25,1
615677.75,1283215.62,757.67,756.00,757.67,0.62,0.34,0.26,1
615770.06,1283215.62,751.67,750.00,751.67,0.62,0.34,0.26,1
615862.31,1283215.62,756.68,755.00,756.68,0.62,0.34,0.26,1
615954.62,1283215.62,763.69,762.00,763.69,0.63,0.35,0.27,1
616046.88,1283215.62,750.69,749.00,750.69,0.64,0.36,0.28,1
616139.12,1283215.62,741.69,740.00,741.69,0.62,0.34,0.26,1
616231.44,1283215.62,747.69,746.00,747.69,0.62,0.33,0.25,1
616323.69,1283215.62,764.68,763.00,764.68,0.63,0.34,0.26,1
616416.00,1283215.62,760.68,759.00,760.68,0.63,0.35,0.27,1
616508.25,1283215.62,747.68,746.00,747.68,0.63,0.35,0.27,1
616600.56,1283215.62,749.68,748.00,749.68,0.62,0.34,0.26,1
616692.81,1283215.62,755.67,754.00,755.67,0.62,0.34,0.26,1
616785.12,1283215.62,759.65,758.00,759.65,0.62,0.34,0.26,1
616877.38,1283215.62,751.63,750.00,751.63,0.63,0.35,0.27,1
616969.62,1283215.62,745.60,744.00,745.60,0.62,0.34,0.26,1
617061.94,1283215.62,751.56,750.00,751.56,0.61,0.34,0.26,1
617154.19,1283215.62,767.51,766.00,767.51,0.63,0.35,0.27,1
617246.50,1283215.62,759.45,758.00,759.45,0.65,0.37,0.29,1
617338.75,1283215.62,747.37,746.00,747.37,0.63,0.36,0.29,1
617431.06,1283215.62,745.29,744.00,745.29,0.62,0.36,0.28,1
617523.31,1283215.62,748.22,747.00,748.22,0.61,0.35,0.27,1
617615.62,1283215.62,763.18,762.00,763.18,0.61,0.35,0.27,1
617707.88,1283215.62,766.14,765.00,766.14,0.62,0.36,0.28,1
617800.12,1283215.62,762.12,761.00,762.12,0.62,0.36,0.28,1
617892.44,1283215.62,760.12,759.00,760.12,0.62,0.36,0.29,1
617984.69,1283215.62,762.11,761.00,762.11,0.62,0.36,0.29,1
618077.00,1283215.62,755.11,754.00,755.11,0.63,0.37,0.29,1
618169.25,1283215.62,751.12,750.00,751.12,0.63,0.37,0.29,1
618261.56,1283215.62,751.13,750.00,751.13,0.62,0.36,0.29,1
618353.81,1283215.62,757.15,756.00,757.15,0.61,0.35,0.28,1
618446.12,1283215.62,763.19,762.00,763.19,0.61,0.35,0.28,1
618538.38,1283215.62,770.24,769.00,770.24,0.62,0.36,0.28,1
618630.62,1283215.62,770.29,769.00,770.29,0.62,0.35,0.28,1
618722.94,1283215.62,769.34,768.00,769.34,0.62,0.35,0.27,1
618815.19,1283215.62,767.40,766.00,767.40,0.62,0.34,0.27,1
618907.50,1283215.62,768.48,767.00,768.48,0.62,0.34,0.26,1
618999.75,1283215.62,769.57,768.00,769.57,0.62,0.34,0.26,1
619092.06,1283215.62,777.68,776.00,777.68,0.61,0.33,0.25,1
619184.31,1283215.62,797.77,796.00,797.77,0.60,0.31,0.23,1
619276.62,1283215.62,819.81,818.00,819.81,0.61,0.32,0.24,1
619368.88,1283215.62,831.83,830.00,831.83,0.60,0.32,0.23,1
619461.19,1283215.62,849.82,848.00,849.82,0.59,0.30,0.22,1
619553.44,1283215.62,879.75,878.00,879.75,0.57,0.29,0.21,1
619645.69,1283215.62,906.44,905.00,906.44,0.56,0.28,0.21,1
619738.00,1283215.62,936.99,936.00,936.99,0.53,0.28,0.21,1
619830.25,1283215.62,973.68,973.00,973.68,0.53,0.30,0.23,1
619922.56,1283215.62,1004.66,1004.00,1004.66,0.58,0.34,0.28,1
620014.81,1283215.62,1016.77,1016.00,1016.77,0.62,0.37,0.31,1
620107.12,1283215.62,1025.96,1025.00,1025.96,0.63,0.38,0.31,1
620199.38,1283215.62,1035.18,1034.00,1035.18,0.64,0.38,0.30,1
620291.69,1283215.62,1043.35,1042.00,1043.35,0.64,0.37,0.30,1
620383.94,1283215.62,1048.49,1047.00,1048.49,0.64,0.37,0.29,1
620476.19,1283215.62,1048.60,1047.00,1048.60,0.65,0.37,0.29,1
620568.50,1283215.62,1044.70,1043.00,1044.70,0.64,0.36,0.28,1
620660.75,1283215.62,1045.79,1044.00,1045.79,0.63,0.34,0.26,1
620753.06,1283215.62,1046.87,1045.00,1046.87,0.62,0.33,0.25,1
620845.31,1283215.62,1051.95,1050.00,1051.95,0.60,0.31,0.23,1
620937.62,1283215.62,1072.04,1070.00,1072.04,0.59,0.29,0.21,1
621029.88,1283215.62,1090.16,1088.00,1090.16,0.59,0.29,0.21,1
621122.19,1283215.62,1093.26,1091.00,1093.26,0.59,0.30,0.21,1
621214.44,1283215.62,1094.34,1092.00,1094.34,0.59,0.29,0.20,1
621306.69,1283215.62,1103.37,1101.00,1103.37,0.58,0.28,0.20,1
621399.00,1283215.62,1116.25,1114.00,1116.25,0.58,0.28,0.20,1
621491.25,1283215.62,1134.83,1133.00,1134.83,0.57,0.28,0.20,1
621583.56,1283215.62,1167.19,1166.00,1167.19,0.55,0.29,0.22,1
621675.81,1283215.62,1205.70,1205.00,1205.70,0.56,0.32,0.26,1
621768.12,1283215.62,1229.40,1229.00,1229.40,0.62,0.41,0.35,1
621860.38,1283215.62,1221.22,1221.00,1221.22,0.71,0.52,0.47,1
621952.69,1283215.62,1178.12,1178.00,1178.12,0.74,0.57,0.52,1
622044.94,1283215.62,1128.09,1128.00,1128.09,0.80,0.66,0.55,1
622137.19,1283215.62,1079.09,1079.00,1079.09,0.78,0.64,0.53,1
622229.50,1283215.62,1037.21,1037.00,1037.21,0.70,0.51,0.46,1
622321.75,1283215.62,1002.77,1002.00,1002.77,0.67,0.43,0.36,1
622414.06,1283215.62,966.74,965.00,966.74,0.64,0.36,0.28,1
622506.31,1283215.62,935.17,933.00,935.17,0.63,0.34,0.25,1
622598.62,1283215.62,915.18,913.00,915.18,0.63,0.33,0.25,1
622690.88,1283215.62,902.13,900.00,902.13,0.62,0.33,0.25,1
622783.19,1283215.62,898.06,896.00,898.06,0.63,0.33,0.25,1
622875.44,1283215.62,886.02,884.00,886.02,0.63,0.34,0.26,1
622967.69,1283215.62,854.02,852.00,854.02,0.63,0.34,0.25,1
623060.00,1283215.62,821.10,819.00,821.10,0.63,0.33,0.25,1
623152.25,1283215.62,797.11,795.00,797.11,0.63,0.33,0.25,1
623244.56,1283215.62,778.07,776.00,778.07,0.63,0.33,0.25,1
623336.81,1283215.62,768.98,767.00,768.98,0.62,0.33,0.25,1
623429.12,1283215.62,768.85,767.00,768.85,0.62,0.33,0.25,1
623521.38,1283215.62,773.74,772.00,773.74,0.62,0.34,0.26,1
623613.69,1283215.62,772.66,771.00,772.66,0.62,0.34,0.26,1
623705.94,1283215.62,765.60,764.00,765.60,0.62,0.35,0.27,1
623798.19,1283215.62,758.55,757.00,758.55,0.62,0.34,0.27,1
623890.50,1283215.62,757.52,756.00,757.52,0.62,0.35,0.27,1
623982.75,1283215.62,764.49,763.00,764.49,0.62,0.35,0.27,1
624075.06,1283215.62,773.47,772.00,773.47,0.62,0.34,0.27,1
624167.31,1283215.62,778.46,777.00,778.46,0.62,0.35,0.27,1
624259.62,1283215.62,774.44,773.00,774.44,0.63,0.36,0.28,1
624351.88,1283215.62,760.43,759.00,760.43,0.64,0.36,0.29,1
624444.19,1283215.62,753.42,752.00,753.42,0.62,0.35,0.27,1
624536.44,1283215.62,760.41,759.00,760.41,0.61,0.34,0.26,1
624628.69,1283215.62,773.39,772.00,773.39,0.62,0.34,0.27,1
624721.00,1283215.62,784.37,783.00,784.37,0.62,0.35,0.27,1
624813.25,1283215.62,789.35,788.00,789.35,0.62,0.35,0.27,1
624905.56,1283215.62,787.32,786.00,787.32,0.62,0.35,0.28,1
624997.81,1283215.62,778.29,777.00,778.29,0.62,0.36,0.28,1
625090.12,1283215.62,775.24,774.00,775.24,0.62,0.35,0.28,1
625182.38,1283215.62,786.21,785.00,786.21,0.61,0.35,0.27,1
625274.69,1283215.62,796.20,795.00,796.20,0.61,0.34,0.27,1
625366.94,1283215.62,812.83,811.86,812.83,0.57,0.32,0.25,1
625459.19,1283215.62,-9999.00,-9999.00,-9999.00,0.71,0.71,0.71,0
614385.88,1283123.38,-9999.00,-9999.00,-9999.00,0.71,0.71,0.71,0
614478.12,1283123.38,787.53,787.00,787.53,0.21,-0.02,-0.08,1
614570.44,1283123.38,786.61,786.00,786.61,0.61,0.38,0.32,1
614662.69,1283123.38,786.86,786.00,786.86,0.61,0.36,0.29,1
614755.00,1283123.38,794.96,794.00,794.96,0.63,0.38,0.30,1
614847.25,1283123.38,790.08,789.00,790.08,0.65,0.39,0.31,1
614939.56,1283123.38,775.21,774.00,775.21,0.64,0.38,0.30,1
615031.81,1283123.38,785.34,784.00,785.34,0.61,0.35,0.27,1
615124.12,1283123.38,802.45,801.00,802.45,0.63,0.36,0.28,1
615216.38,1283123.38,786.52,785.00,786.52,0.65,0.37,0.29,1
615308.62,1283123.38,767.58,766.00,767.58,0.65,0.37,0.29,1
615400.94,1283123.38,757.61,756.00,757.61,0.64,0.36,0.28,1
615493.19,1283123.38,749.64,748.00,749.64,0.62,0.34,0.26,1
615585.50,1283123.38,759.66,758.00,759.66,0.61,0.33,0.25,1
615677.75,1283123.38,764.67,763.00,764.67,0.62,0.34,0.26,1
615770.06,1283123.38,758.68,757.00,758.68,0.62,0.34,0.26,1
615862.31,1283123.38,766.68,765.00,766.68,0.62,0.34,0.26,1
615954.62,1283123.38,767.69,766.00,767.69,0.63,0.34,0.26,1
616046.88,1283123.38,755.69,754.00,755.69,0.64,0.35,0.27,1
616139.12,1283123.38,744.69,743.00,744.69,0.62,0.34,0.26,1
616231.44,1283123.38,757.69,756.00,757.69,0.61,0.33,0.25,1
616323.69,1283123.38,773.69,772.00,773.69,0.62,0.34,0.26,1
616416.00,1283123.38,757.68,756.00,757.68,0.63,0.35,0.27,1
616508.25,1283123.38,748.68,747.00,748.68,0.62,0.34,0.26,1
616600.56,1283123.38,754.68,753.00,754.68,0.62,0.34,0.26,1
616692.81,1283123.38,755.67,754.00,755.67,0.62,0.34,0.26,1
616785.12,1283123.38,749.66,748.00,749.66,0.62,0.33,0.25,1
616877.38,1283123.38,746.64,745.00,746.64,0.62,0.34,0.26,1
616969.62,1283123.38,744.61,743.00,744.61,0.62,0.34,0.26,1
617061.94,1283123.38,760.57,759.00,760.57,0.61,0.33,0.25,1
617154.19,1283123.38,777.53,776.00,777.53,0.63,0.35,0.27,1
617246.50,1283123.38,769.48,768.00,769.48,0.64,0.37,0.29,1
617338.75,1283123.38,750.41,749.00,750.41,0.64,0.37,0.29,1
617431.06,1283123.38,745.34,744.00,745.34,0.63,0.36,0.29,1
617523.31,1283123.38,746.28,745.00,746.28,0.62,0.35,0.28,1
617615.62,1283123.38,756.23,755.00,756.23,0.61,0.34,0.27,1
617707.88,1283123.38,755.20,754.00,755.20,0.61,0.35,0.28,1
617800.12,1283123.38,754.17,753.00,754.17,0.62,0.36,0.28,1
617892.44,1283123.38,757.16,756.00,757.16,0.63,0.37,0.29,1
617984.69,1283123.38,755.15,754.00,755.15,0.63,0.36,0.29,1
618077.00,1283123.38,749.15,748.00,749.15,0.63,0.37,0.29,1
618169.25,1283123.38,749.15,748.00,749.15,0.63,0.37,0.30,1
618261.56,1283123.38,751.16,750.00,751.16,0.63,0.37,0.29,1
618353.81,1283123.38,756.18,755.00,756.18,0.62,0.36,0.28,1
618446.12,1283123.38,763.20,762.00,763.20,0.61,0.35,0.28,1
618538.38,1283123.38,767.24,766.00,767.24,0.62,0.35,0.28,1
618630.62,1283123.38,764.28,763.00,764.28,0.62,0.36,0.28,1
618722.94,1283123.38,759.33,758.00,759.33,0.62,0.35,0.27,1
618815.19,1283123.38,758.39,757.00,758.39,0.62,0.35,0.27,1
618907.50,1283123.38,763.45,762.00,763.45,0.61,0.34,0.26,1
618999.75,1283123.38,771.52,770.00,771.52,0.62,0.34,0.26,1
619092.06,1283123.38,784.60,783.00,784.60,0.61,0.33,0.26,1
619184.31,1283123.38,799.68,798.00,799.68,0.60,0.32,0.24,1
619276.62,1283123.38,826.73,825.00,826.73,0.61,0.32,0.24,1
619368.88,1283123.38,833.75,832.00,833.75,0.61,0.33,0.25,1
619461.19,1283123.38,845.76,844.00,845.76,0.59,0.31,0.23,1
619553.44,1283123.38,870.76,869.00,870.76,0.59,0.30,0.22,1
619645.69,1283123.38,885.71,884.00,885.71,0.58,0.30,0.22,1
619738.00,1283123.38,914.52,913.00,914.52,0.56,0.28,0.20,1
619830.25,1283123.38,955.09,954.00,955.09,0.54,0.28,0.21,1
619922.56,1283123.38,992.84,992.00,992.84,0.56,0.31,0.24,1
620014.81,1283123.38,1011.88,1011.00,1011.88,0.59,0.34,0.27,1
620107.12,1283123.38,1034.02,1033.00,1034.02,0.60,0.34,0.27,1
620199.38,1283123.38,1056.21,1055.00,1056.21,0.61,0.35,0.27,1
620291.69,1283123.38,1068.37,1067.00,1068.37,0.62,0.35,0.27,1
620383.94,1283123.38,1077.50,1076.00,1077.50,0.63,0.35,0.27,1
620476.19,1283123.38,1081.60,1080.00,1081.60,0.64,0.36,0.28,1
620568.50,1283123.38,1075.70,1074.00,1075.70,0.65,0.36,0.28,1
620660.75,1283123.38,1070.78,1069.00,1070.78,0.65,0.36,0.28,1
620753.06,1283123.38,1061.88,1060.00,1061.88,0.64,0.36,0.27,1
620845.31,1283123.38,1054.98,1053.00,1054.98,0.63,0.34,0.26,1
620937.62,1283123.38,1065.09,1063.00,1065.09,0.62,0.32,0.24,1
621029.88,1283123.38,1073.25,1071.00,1073.25,0.61,0.31,0.23,1
621122.19,1283123.38,1074.38,1072.00,1074.38,0.61,0.31,0.22,1
621214.44,1283123.38,1078.43,1076.00,1078.43,0.61,0.30,0.22,1
621306.69,1283123.38,1087.43,1085.00,1087.43,0.60,0.30,0.21,1
621399.00,1283123.38,1105.31,1103.00,1105.31,0.60,0.30,0.21,1
621491.25,1283123.38,1128.93,1127.00,1128.93,0.59,0.30,0.22,1
621583.56,1283123.38,1162.27,1161.00,1162.27,0.57,0.30,0.22,1
621675.81,1283123.38,1201.70,1201.00,1201.70,0.56,0.32,0.25,1
621768.12,1283123.38,1228.38,1228.00,1228.38,0.62,0.41,0.35,1
621860.38,1283123.38,1225.19,1225.00,1225.19,0.71,0.53,0.48,1
621952.69,1283123.38,1183.10,1183.00,1183.10,0.76,0.60,0.56,1
622044.94,1283123.38,1130.08,1130.00,1130.08,0.82,0.68,0.58,1
622137.19,1283123.38,1076.09,1076.00,1076.09,0.81,0.67,0.56,1
622229.50,1283123.38,1033.25,1033.00,1033.25,0.71,0.52,0.46,1
622321.75,1283123.38,1000.97,1000.00,1000.97,0.66,0.41,0.34,1
622414.06,1283123.38,967.97,966.00,967.97,0.64,0.35,0.26,1
622506.31,1283123.38,939.30,937.00,939.30,0.63,0.33,0.25,1
622598.62,1283123.38,915.31,913.00,915.31,0.63,0.33,0.24,1
622690.88,1283123.38,905.28,903.00,905.28,0.62,0.32,0.24,1
622783.19,1283123.38,902.20,900.00,902.20,0.62,0.33,0.24,1
622875.44,1283123.38,884.14,882.00,884.14,0.63,0.33,0.25,1
622967.69,1283123.38,846.15,844.00,846.15,0.63,0.33,0.25,1
623060.00,1283123.38,811.25,809.00,811.25,0.62,0.33,0.24,1
623152.25,1283123.38,791.21,789.00,791.21,0.62,0.32,0.24,1
623244.56,1283123.38,779.11,777.00,779.11,0.62,0.33,0.25,1
623336.81,1283123.38,770.98,769.00,770.98,0.62,0.33,0.25,1
623429.12,1283123.38,771.85,770.00,771.85,0.62,0.33,0.25,1
623521.38,1283123.38,775.74,774.00,775.74,0.62,0.34,0.26,1
623613.69,1283123.38,770.67,769.00,770.67,0.62,0.34,0.26,1
623705.94,1283123.38,761.61,760.00,761.61,0.63,0.35,0.27,1
623798.19,1283123.38,756.56,755.00,756.56,0.62,0.34,0.27,1
623890.50,1283123.38,762.53,761.00,762.53,0.62,0.34,0.26,1
623982.75,1283123.38,771.50,770.00,771.50,0.62,0.34,0.26,1
624075.06,1283123.38,776.48,775.00,776.48,0.62,0.34,0.26,1
624167.31,1283123.38,776.47,775.00,776.47,0.62,0.34,0.27,1
624259.62,1283123.38,771.45,770.00,771.45,0.62,0.35,0.27,1
624351.88,1283123.38,759.44,758.00,759.44,0.63,0.36,0.28,1
624444.19,1283123.38,754.42,753.00,754.42,0.62,0.35,0.27,1
624536.44,1283123.38,761.41,760.00,761.41,0.61,0.34,0.26,1
624628.69,1283123.38,776.39,775.00,776.39,0.61,0.34,0.26,1
624721.00,1283123.38,782.37,781.00,782.37,0.62,0.34,0.27,1
624813.25,1283123.38,780.35,779.00,780.35,0.62,0.35,0.27,1
624905.56,1283123.38,773.32,772.00,773.32,0.61,0.35,0.27,1
624997.81,1283123.38,770.27,769.00,770.27,0.62,0.35,0.27,1
625090.12,1283123.38,778.23,777.00,778.23,0.62,0.35,0.28,1
625182.38,1283123.38,788.19,787.00,788.19,0.62,0.35,0.28,1
625274.69,1283123.38,797.18,796.00,797.18,0.61,0.35,0.27,1
625366.94,1283123.38,815.76,814.80,815.76,0.57,0.32,0.25,1
625459.19,1283123.38,-9999.00,-9999.00,-9999.00,0.71,0.71,0.71,0
614385.88,1283031.12,-9999.00,-9999.00,-9999.00,0.71,0.71,0.71,0
614478.12,1283031.12,780.18,780.00,780.18,0.07,-0.11,-0.16,1
614570.44,1283031.12,772.26,772.00,772.26,0.63,0.43,0.38,1
614662.69,1283031.12,774.49,774.00,774.49,0.61,0.39,0.32,1
614755.00,1283031.12,787.73,787.00,787.73,0.61,0.37,0.30,1
614847.25,1283031.12,790.96,790.00,790.96,0.63,0.38,0.30,1
614939.56,1283031.12,786.16,785.00,786.16,0.63,0.37,0.30,1
615031.81,1283031.12,796.31,795.00,796.31,0.62,0.35,0.28,1
615124.12,1283031.12,806.43,805.00,806.43,0.62,0.35,0.27,1
615216.38,1283031.12,795.51,794.00,795.51,0.64,0.36,0.28,1
615308.62,1283031.12,783.57,782.00,783.57,0.64,0.36,0.28,1
615400.94,1283031.12,772.61,771.00,772.61,0.64,0.36,0.28,1
615493.19,1283031.12,753.64,752.00,753.64,0.63,0.35,0.27,1
615585.50,1283031.12,755.66,754.00,755.66,0.61,0.33,0.25,1
615677.75,1283031.12,760.67,759.00,760.67,0.61,0.33,0.25,1
615770.06,1283031.12,757.68,756.00,757.68,0.62,0.33,0.25,1
615862.31,1283031.12,761.68,760.00,761.68,0.61,0.33,0.25,1
615954.62,1283031.12,762.69,761.00,762.69,0.61,0.33,0.25,1
616046.88,1283031.12,759.69,758.00,759.69,0.63,0.35,0.26,1
616139.12,1283031.12,749.69,748.00,749.69,0.63,0.35,0.27,1
616231.44,1283031.12,760.68,759.00,760.68,0.62,0.33,0.25,1
616323.69,1283031.12,765.68,764.00,765.68,0.62,0.34,0.26,1
616416.00,1283031.12,751.68,750.00,751.68,0.62,0.34,0.26,1
616508.25,1283031.12,745.68,744.00,745.68,0.62,0.34,0.26,1
616600.56,1283031.12,751.68,750.00,751.68,0.61,0.33,0.25,1
616692.81,1283031.12,748.67,747.00,748.67,0.62,0.34,0.26,1
616785.12,1283031.12,742.66,741.00,742.66,0.62,0.34,0.26,1
616877.38,1283031.12,743.64,742.00,743.64,0.62,0.34,0.26,1
616969.62,1283031.12,749.61,748.00,749.61,0.61,0.33,0.25,1
617061.94,1283031.12,771.58,770.00,771.58,0.61,0.33,0.25,1
617154.19,1283031.12,785.54,784.00,785.54,0.63,0.35,0.27,1
617246.50,1283031.12,772.50,771.00,772.50,0.64,0.37,0.29,1
617338.75,1283031.12,755.45,754.00,755.45,0.64,0.36,0.29,1
617431.06,1283031.12,756.39,755.00,756.39,0.64,0.37,0.29,1
617523.31,1283031.12,751.34,750.00,751.34,0.64,0.37,0.29,1
617615.62,1283031.12,747.30,746.00,747.30,0.62,0.35,0.28,1
617707.88,1283031.12,747.26,746.00,747.26,0.61,0.35,0.27,1
617800.12,1283031.12,757.23,756.00,757.23,0.62,0.36,0.28,1
617892.44,1283031.12,761.22,760.00,761.22,0.63,0.37,0.29,1
617984.69,1283031.12,754.21,753.00,754.21,0.63,0.37,0.29,1
618077.00,1283031.12,751.20,750.00,751.20,0.63,0.36,0.29,1
618169.25,1283031.12,759.20,758.00,759.20,0.63,0.37,0.29,1
618261.56,1283031.12,758.20,757.00,758.20,0.63,0.37,0.29,1
618353.81,1283031.12,757.21,756.00,757.21,0.63,0.36,0.29,1
618446.12,1283031.12,758.23,757.00,758.23,0.62,0.35,0.28,1
618538.38,1283031.12,761.25,760.00,761.25,0.62,0.35,0.27,1
618630.62,1283031.12,759.29,758.00,759.29,0.62,0.36,0.28,1
618722.94,1283031.12,756.33,755.00,756.33,0.63,0.36,0.28,1
618815.19,1283031.12,759.38,758.00,759.38,0.62,0.35,0.27,1
618907.50,1283031.12,767.43,766.00,767.43,0.61,0.34,0.26,1
618999.75,1283031.12,781.49,780.00,781.49,0.61,0.34,0.26,1
619092.06,1283031.12,794.55,793.00,794.55,0.61,0.33,0.25,1
619184.31,1283031.12,809.61,808.00,809.61,0.60,0.32,0.24,1
619276.62,1283031.12,833.66,832.00,833.66,0.60,0.32,0.24,1
619368.88,1283031.12,839.70,838.00,839.70,0.62,0.34,0.26,1
619461.19,1283031.12,842.72,841.00,842.72,0.61,0.32,0.24,1
619553.44,1283031.12,863.73,862.00,863.73,0.59,0.31,0.23,1
619645.69,1283031.12,879.74,878.00,879.74,0.59,0.31,0.23,1
619738.00,1283031.12,906.72,905.00,906.72,0.58,0.30,0.22,1
619830.25,1283031.12,943.48,942.00,943.48,0.56,0.29,0.21,1
619922.56,1283031.12,982.15,981.00,982.15,0.55,0.29,0.22,1
620014.81,1283031.12,1012.08,1011.00,1012.08,0.57,0.32,0.24,1
620107.12,1283031.12,1032.12,1031.00,1032.12,0.58,0.32,0.25,1
620199.38,1283031.12,1048.25,1047.00,1048.25,0.58,0.31,0.24,1
620291.69,1283031.12,1063.40,1062.00,1063.40,0.59,0.31,0.24,1
620383.94,1283031.12,1074.52,1073.00,1074.52,0.59,0.32,0.24,1
620476.19,1283031.12,1081.61,1080.00,1081.61,0.60,0.32,0.24,1
620568.50,1283031.12,1088.70,1087.00,1088.70,0.61,0.33,0.25,1
620660.75,1283031.12,1097.78,1096.00,1097.78,0.63,0.34,0.26,1
620753.06,1283031.12,1093.87,1092.00,1093.87,0.64,0.35,0.27,1
620845.31,1283031.12,1091.97,1090.00,1091.97,0.64,0.35,0.26,1
620937.62,1283031.12,1095.09,1093.00,1095.09,0.64,0.34,0.26,1
621029.88,1283031.12,1093.27,1091.00,1093.27,0.63,0.34,0.25,1
621122.19,1283031.12,1085.44,1083.00,1085.44,0.63,0.32,0.24,1
621214.44,1283031.12,1088.49,1086.00,1088.49,0.62,0.32,0.23,1
621306.69,1283031.12,1097.46,1095.00,1097.46,0.61,0.31,0.22,1
621399.00,1283031.12,1115.29,1113.00,1115.29,0.61,0.31,0.22,1
621491.25,1283031.12,1139.90,1138.00,1139.90,0.60,0.32,0.23,1
621583.56,1283031.12,1163.23,1162.00,1163.23,0.59,0.32,0.25,1
621675.81,1283031.12,1197.67,1197.00,1197.67,0.56,0.32,0.26,1
621768.12,1283031.12,1230.35,1230.00,1230.35,0.60,0.39,0.33,1
621860.38,1283031.12,1234.16,1234.00,1234.16,0.71,0.54,0.49,1
621952.69,1283031.12,1197.08,1197.00,1197.08,0.84,0.70,0.59,1
622044.94,1283031.12,1140.05,1140.00,1140.05,0.83,0.69,0.59,1
622137.19,1283031.12,1083.07,1083.00,1083.07,0.83,0.69,0.59,1
622229.50,1283031.12,1038.23,1038.00,1038.23,0.73,0.54,0.49,1
622321.75,1283031.12,1001.97,1001.00,1001.97,0.67,0.42,0.34,1
622414.06,1283031.12,966.07,964.00,966.07,0.63,0.34,0.26,1
622506.31,1283031.12,938.42,936.00,938.42,0.62,0.32,0.24,1
622598.62,1283031.12,922.45,920.00,922.45,0.62,0.32,0.23,1
622690.88,1283031.12,912.43,910.00,912.43,0.62,0.32,0.23,1
622783.19,1283031.12,901.34,899.00,901.34,0.62,0.32,0.23,1
622875.44,1283031.12,871.28,869.00,871.28,0.62,0.32,0.24,1
622967.69,1283031.12,832.31,830.00,832.31,0.62,0.32,0.24,1
623060.00,1283031.12,801.37,799.00,801.37,0.62,0.32,0.24,1
623152.25,1283031.12,785.29,783.00,785.29,0.62,0.32,0.24,1
623244.56,1283031.12,777.13,775.00,777.13,0.62,0.33,0.24,1
623336.81,1283031.12,771.97,770.00,771.97,0.62,0.33,0.25,1
623429.12,1283031.12,774.85,773.00,774.85,0.62,0.33,0.25,1
623521.38,1283031.12,773.75,772.00,773.75,0.62,0.34,0.26,1
623613.69,1283031.12,766.67,765.00,766.67,0.63,0.34,0.26,1
623705.94,1283031.12,760.62,759.00,760.62,0.63,0.35,0.27,1
623798.19,1283031.12,759.57,758.00,759.57,0.62,0.34,0.26,1
623890.50,1283031.12,764.54,763.00,764.54,0.61,0.34,0.26,1
623982.75,1283031.12,768.51,767.00,768.51,0.61,0.34,0.26,1
624075.06,1283031.12,768.49,767.00,768.49,0.61,0.34,0.26,1
624167.31,1283031.12,766.47,765.00,766.47,0.61,0.34,0.26,1
624259.62,1283031.12,762.46,761.00,762.46,0.62,0.35,0.27,1
624351.88,1283031.12,755.44,754.00,755.44,0.63,0.35,0.27,1
624444.19,1283031.12,752.43,751.00,752.43,0.62,0.35,0.27,1
624536.44,1283031.12,758.41,757.00,758.41,0.61,0.34,0.26,1
624628.69,1283031.12,769.39,768.00,769.39,0.60,0.33,0.25,1
624721.00,1283031.12,774.37,773.00,774.37,0.61,0.34,0.26,1
624813.25,1283031.12,769.34,768.00,769.34,0.62,0.35,0.27,1
624905.56,1283031.12,764.31,763.00,764.31,0.62,0.35,0.27,1
624997.81,1283031.12,768.26,767.00,768.26,0.61,0.35,0.27,1
625090.12,1283031.12,783.21,782.00,783.21,0.61,0.35,0.27,1
625182.38,1283031.12,794.18,793.00,794.18,0.62,0.35,0.28,1
625274.69,1283031.12,800.16,799.00,800.16,0.61,0.35,0.28,1
625366.94,1283031.12,810.56,809.59,810.56,0.57,0.32,0.25,1
625459.19,1283031.12,-9999.00,-9999.00,-9999.00,0.71,0.71,0.71,0
614385.88,1282938.88,-9999.00,-9999.00,-9999.00,0.71,0.71,0.71,0
614478.12,1282938.88,772.04,772.00,772.04,-0.49,-0.49,-0.49,0
614570.44,1282938.88,765.11,765.00,765.11,0.64,0.48,0.43,1
614662.69,1282938.88,770.27,770.00,770.27,0.62,0.42,0.37,1
614755.00,1282938.88,782.58,782.00,782.58,0.61,0.38,0.32,1
614847.25,1282938.88,785.89,785.00,785.89,0.61,0.37,0.30,1
614939.56,1282938.88,790.12,789.00,790.12,0.62,0.36,0.28,1
615031.81,1282938.88,798.29,797.00,798.29,0.61,0.35,0.27,1
615124.12,1282938.88,798.41,797.00,798.41,0.61,0.34,0.26,1
615216.38,1282938.88,788.50,787.00,788.50,0.62,0.34,0.26,1
615308.62,1282938.88,781.57,780.00,781.57,0.62,0.34,0.27,1
615400.94,1282938.88,770.61,769.00,770.61,0.63,0.35,0.27,1
615493.19,1282938.88,755.64,754.00,755.64,0.63,0.35,0.27,1
615585.50,1282938.88,754.66,753.00,754.66,0.63,0.35,0.27,1
615677.75,1282938.88,752.67,751.00,752.67,0.62,0.34,0.26,1
615770.06,1282938.88,750.68,749.00,750.68,0.62,0.34,0.26,1
615862.31,1282938.88,751.69,750.00,751.69,0.61,0.33,0.25,1
615954.62,1282938.88,752.69,751.00,752.69,0.61,0.33,0.25,1
616046.88,1282938.88,754.69,753.00,754.69,0.61,0.33,0.25,1
616139.12,1282938.88,761.68,760.00,761.68,0.62,0.34,0.26,1
616231.44,1282938.88,765.68,764.00,765.68,0.63,0.35,0.27,1
616323.69,1282938.88,758.68,757.00,758.68,0.63,0.35,0.27,1
616416.00,1282938.88,744.68,743.00,744.68,0.63,0.35,0.27,1
616508.25,1282938.88,741.68,740.00,741.68,0.62,0.34,0.26,1
616600.56,1282938.88,744.68,743.00,744.68,0.62,0.34,0.26,1
616692.81,1282938.88,744.67,743.00,744.67,0.63,0.35,0.26,1
616785.12,1282938.88,748.66,747.00,748.66,0.63,0.35,0.27,1
616877.38,1282938.88,744.64,743.00,744.64,0.62,0.34,0.26,1
616969.62,1282938.88,754.62,753.00,754.62,0.60,0.32,0.24,1
617061.94,1282938.88,777.59,776.00,777.59,0.60,0.32,0.24,1
617154.19,1282938.88,791.56,790.00,791.56,0.62,0.34,0.26,1
617246.50,1282938.88,777.52,776.00,777.52,0.64,0.37,0.29,1
617338.75,1282938.88,760.47,759.00,760.47,0.64,0.36,0.28,1
617431.06,1282938.88,771.43,770.00,771.43,0.63,0.36,0.28,1
617523.31,1282938.88,766.39,765.00,766.39,0.65,0.37,0.30,1
617615.62,1282938.88,747.36,746.00,747.36,0.63,0.36,0.29,1
617707.88,1282938.88,747.33,746.00,747.33,0.61,0.35,0.27,1
617800.12,1282938.88,761.30,760.00,761.30,0.62,0.35,0.27,1
617892.44,1282938.88,758.28,757.00,758.28,0.62,0.36,0.28,1
617984.69,1282938.88,751.27,750.00,751.27,0.63,0.36,0.28,1
618077.00,1282938.88,753.26,752.00,753.26,0.62,0.35,0.28,1
618169.25,1282938.88,763.25,762.00,763.25,0.62,0.36,0.28,1
618261.56,1282938.88,760.25,759.00,760.25,0.63,0.36,0.29,1
618353.81,1282938.88,755.25,754.00,755.25,0.63,0.36,0.29,1
618446.12,1282938.88,754.26,753.00,754.26,0.62,0.36,0.28,1
618538.38,1282938.88,755.27,754.00,755.27,0.62,0.35,0.28,1
618630.62,1282938.88,757.30,756.00,757.30,0.62,0.35,0.28,1
618722.94,1282938.88,760.33,759.00,760.33,0.62,0.35,0.28,1
618815.19,1282938.88,762.38,761.00,762.38,0.62,0.35,0.27,1
618907.50,1282938.88,768.42,767.00,768.42,0.61,0.34,0.26,1
618999.75,1282938.88,780.47,779.00,780.47,0.60,0.33,0.25,1
619092.06,1282938.88,793.52,792.00,793.52,0.60,0.33,0.25,1
619184.31,1282938.88,809.57,808.00,809.57,0.60,0.32,0.24,1
619276.62,1282938.88,828.62,827.00,828.62,0.59,0.32,0.24,1
619368.88,1282938.88,842.65,841.00,842.65,0.61,0.33,0.25,1
619461.19,1282938.88,846.69,845.00,846.69,0.62,0.34,0.26,1
619553.44,1282938.88,862.71,861.00,862.71,0.61,0.32,0.24,1
619645.69,1282938.88,884.72,883.00,884.72,0.60,0.31,0.23,1
619738.00,1282938.88,909.71,908.00,909.71,0.58,0.30,0.22,1
619830.25,1282938.88,938.64,937.00,938.64,0.57,0.29,0.21,1
619922.56,1282938.88,968.42,967.00,968.42,0.56,0.29,0.21,1
620014.81,1282938.88,994.31,993.00,994.31,0.56,0.30,0.22,1
620107.12,1282938.88,1009.28,1008.00,1009.28,0.57,0.30,0.23,1
620199.38,1282938.88,1023.34,1022.00,1023.34,0.57,0.30,0.23,1
620291.69,1282938.88,1037.44,1036.00,1037.44,0.57,0.30,0.22,1
620383.94,1282938.88,1049.56,1048.00,1049.56,0.57,0.30,0.22,1
620476.19,1282938.88,1060.64,1059.00,1060.64,0.58,0.30,0.22,1
620568.50,1282938.88,1076.71,1075.00,1076.71,0.58,0.30,0.22,1
620660.75,1282938.88,1093.78,1092.00,1093.78,0.60,0.31,0.23,1
620753.06,1282938.88,1104.84,1103.00,1104.84,0.61,0.32,0.24,1
620845.31,1282938.88,1116.92,1115.00,1116.92,0.62,0.33,0.25,1
620937.62,1282938.88,1124.01,1122.00,1124.01,0.63,0.34,0.26,1
621029.88,1282938.88,1123.17,1121.00,1123.17,0.64,0.34,0.26,1
621122.19,1282938.88,1117.37,1115.00,1117.37,0.64,0.34,0.25,1
621214.44,1282938.88,1114.46,1112.00,1114.46,0.63,0.33,0.24,1
621306.69,1282938.88,1119.43,1117.00,1119.43,0.62,0.32,0.23,1
621399.00,1282938.88,1137.20,1135.00,1137.20,0.61,0.32,0.23,1
621491.25,1282938.88,1160.68,1159.00,1160.68,0.62,0.34,0.26,1
621583.56,1282938.88,1176.03,1175.00,1176.03,0.63,0.38,0.30,1
621675.81,1282938.88,1196.55,1196.00,1196.55,0.61,0.39,0.32,1
621768.12,1282938.88,1228.27,1228.00,1228.27,0.61,0.42,0.36,1
621860.38,1282938.88,1243.12,1243.00,1243.12,0.70,0.53,0.49,1
621952.69,1282938.88,1210.05,1210.00,1210.05,0.81,0.67,0.57,1
622044.94,1282938.88,1150.03,1150.00,1150.03,0.81,0.67,0.57,1
622137.19,1282938.88,1096.04,1096.00,1096.04,0.82,0.68,0.57,1
622229.50,1282938.88,1049.16,1049.00,1049.16,0.74,0.56,0.51,1
622321.75,1282938.88,1002.82,1002.00,1002.82,0.67,0.43,0.36,1
622414.06,1282938.88,962.10,960.00,962.10,0.63,0.34,0.26,1
622506.31,1282938.88,931.60,929.00,931.60,0.62,0.31,0.23,1
622598.62,1282938.88,914.63,912.00,914.63,0.62,0.31,0.22,1
622690.88,1282938.88,902.61,900.00,902.61,0.61,0.31,0.22,1
622783.19,1282938.88,880.53,878.00,880.53,0.62,0.31,0.22,1
622875.44,1282938.88,852.46,850.00,852.46,0.62,0.32,0.23,1
622967.69,1282938.88,821.44,819.00,821.44,0.63,0.32,0.24,1
623060.00,1282938.88,796.41,794.00,796.41,0.63,0.32,0.24,1
623152.25,1282938.88,783.30,781.00,783.30,0.62,0.32,0.24,1
623244.56,1282938.88,777.14,775.00,777.14,0.62,0.33,0.24,1
623336.81,1282938.88,776.98,775.00,776.98,0.62,0.33,0.25,1
623429.12,1282938.88,778.85,777.00,778.85,0.62,0.34,0.25,1
623521.38,1282938.88,774.76,773.00,774.76,0.63,0.34,0.26,1
623613.69,1282938.88,768.69,767.00,768.69,0.63,0.35,0.27,1
623705.94,1282938.88,764.63,763.00,764.63,0.63,0.35,0.27,1
623798.19,1282938.88,759.59,758.00,759.59,0.63,0.35,0.27,1
623890.50,1282938.88,758.55,757.00,758.55,0.62,0.34,0.26,1
623982.75,1282938.88,758.52,757.00,758.52,0.61,0.34,0.26,1
624075.06,1282938.88,757.50,756.00,757.50,0.62,0.34,0.26,1
624167.31,1282938.88,756.48,755.00,756.48,0.62,0.34,0.26,1
624259.62,1282938.88,755.46,754.00,755.46,0.62,0.35,0.27,1
624351.88,1282938.88,754.45,753.00,754.45,0.62,0.35,0.27,1
624444.19,1282938.88,753.43,752.00,753.43,0.62,0.35,0.27,1
624536.44,1282938.88,755.41,754.00,755.41,0.62,0.35,0.27,1
624628.69,1282938.88,759.39,758.00,759.39,0.61,0.34,0.26,1
624721.00,1282938.88,761.37,760.00,761.37,0.61,0.34,0.26,1
624813.25,1282938.88,758.34,757.00,758.34,0.62,0.35,0.27,1
624905.56,1282938.88,759.30,758.00,759.30,0.61,0.34,0.27,1
624997.81,1282938.88,770.25,769.00,770.25,0.61,0.34,0.27,1
625090.12,1282938.88,783.20,782.00,783.20,0.60,0.34,0.27,1
625182.38,1282938.88,791.16,790.00,791.16,0.61,0.35,0.27,1
625274.69,1282938.88,796.14,795.00,796.14,0.61,0.35,0.27,1
625366.94,1282938.88,805.37,804.38,805.37,0.58,0.32,0.25,1
625459.19,1282938.88,-9999.00,-9999.00,-9999.00,0.71,0.71,0.71,0
614385.88,1282846.50,-9999.00,-9999.00,-9999.00,0.71,0.71,0.71,0
614478.12,1282846.50,759.05,759.00,759.05,-0.49,-0.49,-0.49,0
614570.44,1282846.50,760.12,760.00,760.12,0.63,0.47,0.42,1
614662.69,1282846.50,769.21,769.00,769.21,0.63,0.45,0.39,1
614755.00,1282846.50,774.52,774.00,774.52,0.63,0.40,0.34,1
614847.25,1282846.50,778.86,778.00,778.86,0.62,0.38,0.31,1
614939.56,1282846.50,784.10,783.00,784.10,0.62,0.36,0.29,1
615031.81,1282846.50,785.28,784.00,785.28,0.62,0.35,0.28,1
615124.12,1282846.50,780.41,779.00,780.41,0.62,0.35,0.27,1
615216.38,1282846.50,773.50,772.00,773.50,0.63,0.35,0.27,1
615308.62,1282846.50,767.56,766.00,767.56,0.62,0.34,0.27,1
615400.94,1282846.50,760.61,759.00,760.61,0.62,0.34,0.26,1
615493.19,1282846.50,761.64,760.00,761.64,0.62,0.34,0.26,1
615585.50,1282846.50,769.66,768.00,769.66,0.63,0.35,0.27,1
615677.75,1282846.50,760.67,759.00,760.67,0.64,0.36,0.28,1
615770.06,1282846.50,749.68,748.00,749.68,0.63,0.35,0.27,1
615862.31,1282846.50,750.69,749.00,750.69,0.62,0.34,0.26,1
615954.62,1282846.50,751.69,750.00,751.69,0.62,0.34,0.26,1
616046.88,1282846.50,754.69,753.00,754.69,0.61,0.33,0.25,1
616139.12,1282846.50,763.69,762.00,763.69,0.61,0.33,0.25,1
616231.44,1282846.50,769.68,768.00,769.68,0.63,0.34,0.26,1
616323.69,1282846.50,762.68,761.00,762.68,0.64,0.36,0.27,1
616416.00,1282846.50,747.68,746.00,747.68,0.63,0.35,0.27,1
616508.25,1282846.50,748.68,747.00,748.68,0.63,0.34,0.26,1
616600.56,1282846.50,756.68,755.00,756.68,0.63,0.35,0.27,1
616692.81,1282846.50,763.67,762.00,763.67,0.63,0.35,0.27,1
616785.12,1282846.50,761.65,760.00,761.65,0.64,0.36,0.28,1
616877.38,1282846.50,747.64,746.00,747.64,0.63,0.35,0.27,1
616969.62,1282846.50,753.62,752.00,753.62,0.61,0.33,0.25,1
617061.94,1282846.50,765.60,764.00,765.60,0.59,0.31,0.24,1
617154.19,1282846.50,782.57,781.00,782.57,0.60,0.32,0.24,1
617246.50,1282846.50,780.53,779.00,780.53,0.63,0.35,0.27,1
617338.75,1282846.50,772.49,771.00,772.49,0.63,0.36,0.28,1
617431.06,1282846.50,778.46,777.00,778.46,0.63,0.36,0.28,1
617523.31,1282846.50,767.43,766.00,767.43,0.64,0.36,0.29,1
617615.62,1282846.50,746.41,745.00,746.41,0.63,0.36,0.29,1
617707.88,1282846.50,746.38,745.00,746.38,0.62,0.35,0.27,1
617800.12,1282846.50,754.36,753.00,754.36,0.61,0.34,0.27,1
617892.44,1282846.50,751.35,750.00,751.35,0.62,0.35,0.27,1
617984.69,1282846.50,749.34,748.00,749.34,0.62,0.35,0.28,1
618077.00,1282846.50,753.32,752.00,753.32,0.62,0.35,0.27,1
618169.25,1282846.50,760.31,759.00,760.31,0.62,0.35,0.28,1
618261.56,1282846.50,756.31,755.00,756.31,0.62,0.36,0.28,1
618353.81,1282846.50,753.30,752.00,753.30,0.63,0.36,0.28,1
618446.12,1282846.50,752.31,751.00,752.31,0.63,0.36,0.29,1
618538.38,1282846.50,754.31,753.00,754.31,0.63,0.36,0.28,1
618630.62,1282846.50,756.32,755.00,756.32,0.62,0.35,0.28,1
618722.94,1282846.50,758.35,757.00,758.35,0.62,0.35,0.27,1
618815.19,1282846.50,760.38,759.00,760.38,0.62,0.35,0.27,1
618907.50,1282846.50,766.42,765.00,766.42,0.62,0.35,0.27,1
618999.75,1282846.50,776.46,775.00,776.46,0.61,0.34,0.26,1
619092.06,1282846.50,790.51,789.00,790.51,0.61,0.33,0.25,1
619184.31,1282846.50,805.55,804.00,805.55,0.60,0.33,0.25,1
619276.62,1282846.50,821.59,820.00,821.59,0.60,0.32,0.24,1
619368.88,1282846.50,841.62,840.00,841.62,0.60,0.32,0.24,1
619461.19,1282846.50,862.65,861.00,862.65,0.61,0.33,0.25,1
619553.44,1282846.50,879.67,878.00,879.67,0.62,0.34,0.26,1
619645.69,1282846.50,888.68,887.00,888.68,0.61,0.33,0.25,1
619738.00,1282846.50,901.68,900.00,901.68,0.60,0.32,0.24,1
619830.25,1282846.50,919.66,918.00,919.66,0.58,0.30,0.21,1
619922.56,1282846.50,945.58,944.00,945.58,0.56,0.29,0.21,1
620014.81,1282846.50,967.46,966.00,967.46,0.56,0.29,0.21,1
620107.12,1282846.50,983.42,982.00,983.42,0.57,0.30,0.22,1
620199.38,1282846.50,1000.44,999.00,1000.44,0.57,0.30,0.22,1
620291.69,1282846.50,1011.51,1010.00,1011.51,0.58,0.30,0.22,1
620383.94,1282846.50,1020.60,1019.00,1020.60,0.58,0.30,0.22,1
620476.19,1282846.50,1035.67,1034.00,1035.67,0.57,0.29,0.21,1
620568.50,1282846.50,1059.72,1058.00,1059.72,0.58,0.29,0.21,1
620660.75,1282846.50,1083.75,1082.00,1083.75,0.58,0.30,0.22,1
620753.06,1282846.50,1103.78,1102.00,1103.78,0.59,0.31,0.23,1
620845.31,1282846.50,1127.78,1126.00,1127.78,0.60,0.31,0.23,1
620937.62,1282846.50,1153.65,1152.00,1153.65,0.62,0.34,0.26,1
621029.88,1282846.50,1164.47,1163.00,1164.47,0.65,0.38,0.30,1
621122.19,1282846.50,1161.48,1160.00,1161.48,0.66,0.38,0.31,1
621214.44,1282846.50,1156.58,1155.00,1156.58,0.66,0.38,0.30,1
621306.69,1282846.50,1152.64,1151.00,1152.64,0.64,0.36,0.28,1
621399.00,1282846.50,1169.46,1168.00,1169.46,0.62,0.35,0.27,1
621491.25,1282846.50,1196.94,1196.00,1196.94,0.62,0.37,0.30,1
621583.56,1282846.50,1220.47,1220.00,1220.47,0.65,0.43,0.37,1
621675.81,1282846.50,1240.25,1240.00,1240.25,0.66,0.47,0.42,1
621768.12,1282846.50,1260.13,1260.00,1260.13,0.70,0.53,0.49,1
621860.38,1282846.50,1252.06,1252.00,1252.06,0.81,0.67,0.56,1
621952.69,1282846.50,1206.03,1206.00,1206.03,0.79,0.65,0.55,1
622044.94,1282846.50,1146.02,1146.00,1146.02,0.79,0.65,0.55,1
622137.19,1282846.50,1093.02,1093.00,1093.02,0.80,0.66,0.55,1
622229.50,1282846.50,1045.08,1045.00,1045.08,0.80,0.66,0.56,1
622321.75,1282846.50,997.58,997.00,997.58,0.69,0.46,0.40,1
622414.06,1282846.50,957.95,956.00,957.95,0.64,0.35,0.27,1
622506.31,1282846.50,928.73,926.00,928.73,0.62,0.31,0.22,1
622598.62,1282846.50,905.81,903.00,905.81,0.61,0.30,0.21,1
622690.88,1282846.50,888.79,886.00,888.79,0.61,0.30,0.21,1
622783.19,1282846.50,870.71,868.00,870.71,0.62,0.31,0.22,1
622875.44,1282846.50,849.61,847.00,849.61,0.62,0.32,0.23,1
622967.69,1282846.50,825.51,823.00,825.51,0.63,0.32,0.24,1
623060.00,1282846.50,802.42,800.00,802.42,0.63,0.33,0.24,1
623152.25,1282846.50,786.30,784.00,786.30,0.63,0.33,0.24,1
623244.56,1282846.50,781.14,779.00,781.14,0.62,0.33,0.24,1
623336.81,1282846.50,778.98,777.00,778.98,0.62,0.33,0.25,1
623429.12,1282846.50,779.86,778.00,779.86,0.62,0.34,0.25,1
623521.38,1282846.50,777.77,776.00,777.77,0.63,0.34,0.26,1
623613.69,1282846.50,770.70,769.00,770.70,0.63,0.35,0.27,1
623705.94,1282846.50,763.64,762.00,763.64,0.63,0.35,0.27,1
623798.19,1282846.50,760.60,759.00,760.60,0.63,0.35,0.27,1
623890.50,1282846.50,758.56,757.00,758.56,0.63,0.35,0.27,1
623982.75,1282846.50,755.53,754.00,755.53,0.62,0.35,0.27,1
624075.06,1282846.50,754.51,753.00,754.51,0.62,0.35,0.27,1
624167.31,1282846.50,754.49,753.00,754.49,0.62,0.35,0.27,1
624259.62,1282846.50,755.47,754.00,755.47,0.62,0.35,0.27,1
624351.88,1282846.50,756.45,755.00,756.45,0.63,0.35,0.28,1
624444.19,1282846.50,754.43,753.00,754.43,0.63,0.35,0.28,1
624536.44,1282846.50,754.42,753.00,754.42,0.62,0.35,0.27,1
624628.69,1282846.50,754.40,753.00,754.40,0.62,0.35,0.27,1
624721.00,1282846.50,754.37,753.00,754.37,0.62,0.35,0.27,1
624813.25,1282846.50,755.34,754.00,755.34,0.62,0.35,0.27,1
624905.56,1282846.50,757.30,756.00,757.30,0.62,0.35,0.27,1
624997.81,1282846.50,765.24,764.00,765.24,0.60,0.34,0.26,1
625090.12,1282846.50,774.18,773.00,774.18,0.60,0.34,0.26,1
625182.38,1282846.50,783.14,782.00,783.14,0.61,0.35,0.27,1
625274.69,1282846.50,789.12,788.00,789.12,0.61,0.35,0.27,1
625366.94,1282846.50,798.73,797.73,798.73,0.58,0.32,0.25,1
625459.19,1282846.50,-9999.00,-9999.00,-9999.00,0.71,0.71,0.71,0
614385.88,1282754.25,-9999.00,-9999.00,-9999.00,0.71,0.71,0.71,0
614478.12,1282754.25,754.22,754.00,754.22,0.10,-0.09,-0.14,1
614570.44,1282754.25,760.28,760.00,760.28,0.63,0.44,0.38,1
614662.69,1282754.25,770.26,770.00,770.26,0.63,0.44,0.38,1
614755.00,1282754.25,779.53,779.00,779.53,0.64,0.41,0.35,1
614847.25,1282754.25,784.85,784.00,784.85,0.64,0.39,0.32,1
614939.56,1282754.25,784.10,783.00,784.10,0.63,0.37,0.30,1
615031.81,1282754.25,783.28,782.00,783.28,0.63,0.36,0.29,1
615124.12,1282754.25,785.41,784.00,785.41,0.63,0.36,0.28,1
615216.38,1282754.25,783.50,782.00,783.50,0.64,0.37,0.29,1
615308.62,1282754.25,769.57,768.00,769.57,0.64,0.36,0.28,1
615400.94,1282754.25,761.61,760.00,761.61,0.62,0.35,0.27,1
615493.19,1282754.25,770.64,769.00,770.64,0.62,0.34,0.26,1
615585.50,1282754.25,782.66,781.00,782.66,0.63,0.35,0.27,1
615677.75,1282754.25,775.67,774.00,775.67,0.65,0.36,0.28,1
615770.06,1282754.25,755.68,754.00,755.68,0.64,0.36,0.28,1
615862.31,1282754.25,752.69,751.00,752.69,0.62,0.34,0.26,1
615954.62,1282754.25,757.69,756.00,757.69,0.63,0.35,0.27,1
616046.88,1282754.25,754.69,753.00,754.69,0.62,0.34,0.26,1
616139.12,1282754.25,761.69,760.00,761.69,0.61,0.33,0.25,1
616231.44,1282754.25,774.69,773.00,774.69,0.62,0.34,0.26,1
616323.69,1282754.25,770.68,769.00,770.68,0.64,0.35,0.27,1
616416.00,1282754.25,756.68,755.00,756.68,0.63,0.35,0.27,1
616508.25,1282754.25,761.68,760.00,761.68,0.62,0.34,0.26,1
616600.56,1282754.25,779.67,778.00,779.67,0.62,0.34,0.26,1
616692.81,1282754.25,780.66,779.00,780.66,0.63,0.35,0.27,1
616785.12,1282754.25,766.65,765.00,766.65,0.64,0.36,0.28,1
616877.38,1282754.25,748.64,747.00,748.64,0.63,0.35,0.27,1
616969.62,1282754.25,761.63,760.00,761.63,0.62,0.34,0.26,1
617061.94,1282754.25,759.61,758.00,759.61,0.62,0.34,0.26,1
617154.19,1282754.25,767.58,766.00,767.58,0.60,0.32,0.24,1
617246.50,1282754.25,778.54,777.00,778.54,0.61,0.34,0.26,1
617338.75,1282754.25,777.51,776.00,777.51,0.62,0.35,0.27,1
617431.06,1282754.25,776.48,775.00,776.48,0.62,0.35,0.27,1
617523.31,1282754.25,759.46,758.00,759.46,0.63,0.35,0.28,1
617615.62,1282754.25,746.44,745.00,746.44,0.63,0.36,0.28,1
617707.88,1282754.25,745.43,744.00,745.43,0.62,0.35,0.27,1
617800.12,1282754.25,748.41,747.00,748.41,0.62,0.35,0.27,1
617892.44,1282754.25,747.40,746.00,747.40,0.62,0.35,0.27,1
617984.69,1282754.25,747.39,746.00,747.39,0.62,0.35,0.27,1
618077.00,1282754.25,754.38,753.00,754.38,0.62,0.35,0.27,1
618169.25,1282754.25,759.37,758.00,759.37,0.63,0.36,0.28,1
618261.56,1282754.25,753.36,752.00,753.36,0.62,0.35,0.28,1
618353.81,1282754.25,755.36,754.00,755.36,0.62,0.35,0.27,1
618446.12,1282754.25,765.35,764.00,765.35,0.63,0.36,0.28,1
618538.38,1282754.25,766.35,765.00,766.35,0.64,0.37,0.29,1
618630.62,1282754.25,758.35,757.00,758.35,0.63,0.36,0.28,1
618722.94,1282754.25,759.37,758.00,759.37,0.62,0.35,0.27,1
618815.19,1282754.25,766.39,765.00,766.39,0.62,0.35,0.27,1
618907.50,1282754.25,776.42,775.00,776.42,0.62,0.35,0.27,1
618999.75,1282754.25,784.46,783.00,784.46,0.62,0.34,0.26,1
619092.06,1282754.25,796.50,795.00,796.50,0.61,0.34,0.26,1
619184.31,1282754.25,810.54,809.00,810.54,0.61,0.33,0.25,1
619276.62,1282754.25,822.57,821.00,822.57,0.60,0.33,0.25,1
619368.88,1282754.25,840.60,839.00,840.60,0.59,0.32,0.24,1
619461.19,1282754.25,864.62,863.00,864.62,0.59,0.31,0.23,1
619553.44,1282754.25,886.63,885.00,886.63,0.60,0.32,0.24,1
619645.69,1282754.25,895.64,894.00,895.64,0.61,0.33,0.25,1
619738.00,1282754.25,901.64,900.00,901.64,0.62,0.34,0.26,1
619830.25,1282754.25,906.63,905.00,906.63,0.61,0.33,0.25,1
619922.56,1282754.25,922.59,921.00,922.59,0.59,0.31,0.23,1
620014.81,1282754.25,942.52,941.00,942.52,0.58,0.31,0.23,1
620107.12,1282754.25,961.49,960.00,961.49,0.58,0.30,0.23,1
620199.38,1282754.25,978.51,977.00,978.51,0.58,0.31,0.23,1
620291.69,1282754.25,987.56,986.00,987.56,0.58,0.31,0.23,1
620383.94,1282754.25,998.63,997.00,998.63,0.58,0.30,0.22,1
620476.19,1282754.25,1020.68,1019.00,1020.68,0.58,0.30,0.22,1
620568.50,1282754.25,1045.71,1044.00,1045.71,0.58,0.30,0.22,1
620660.75,1282754.25,1069.73,1068.00,1069.73,0.58,0.30,0.22,1
620753.06,1282754.25,1098.73,1097.00,1098.73,0.58,0.30,0.22,1
620845.31,1282754.25,1132.58,1131.00,1132.58,0.57,0.29,0.21,1
620937.62,1282754.25,1179.03,1178.00,1179.03,0.58,0.33,0.26,1
621029.88,1282754.25,1206.54,1206.00,1206.54,0.66,0.43,0.37,1
621122.19,1282754.25,1205.38,1205.00,1205.38,0.71,0.50,0.44,1
621214.44,1282754.25,1200.38,1200.00,1200.38,0.72,0.51,0.45,1
621306.69,1282754.25,1192.42,1192.00,1192.42,0.70,0.48,0.42,1
621399.00,1282754.25,1202.39,1202.00,1202.39,0.65,0.44,0.38,1
621491.25,1282754.25,1230.21,1230.00,1230.21,0.63,0.45,0.39,1
621583.56,1282754.25,1259.08,1259.00,1259.08,0.69,0.55,0.44,1
621675.81,1282754.25,1283.05,1283.00,1283.05,0.73,0.59,0.48,1
621768.12,1282754.25,1294.04,1294.00,1294.04,0.80,0.66,0.55,1
621860.38,1282754.25,1263.02,1263.00,1263.02,0.81,0.67,0.56,1
621952.69,1282754.25,1201.01,1201.00,1201.01,0.80,0.66,0.55,1
622044.94,1282754.25,1141.01,1141.00,1141.01,0.81,0.67,0.56,1
622137.19,1282754.25,1092.01,1092.00,1092.01,0.81,0.67,0.57,1
622229.50,1282754.25,1048.04,1048.00,1048.04,0.81,0.67,0.57,1
622321.75,1282754.25,1001.36,1001.00,1001.36,0.71,0.50,0.44,1
622414.06,1282754.25,957.62,956.00,957.62,0.65,0.37,0.29,1
622506.31,1282754.25,922.75,920.00,922.75,0.62,0.31,0.23,1
622598.62,1282754.25,894.91,892.00,894.91,0.62,0.30,0.21,1
622690.88,1282754.25,874.87,872.00,874.87,0.61,0.30,0.21,1
622783.19,1282754.25,860.79,858.00,860.79,0.62,0.30,0.22,1
622875.44,1282754.25,846.68,844.00,846.68,0.62,0.31,0.22,1
622967.69,1282754.25,827.57,825.00,827.57,0.63,0.32,0.23,1
623060.00,1282754.25,805.44,803.00,805.44,0.63,0.32,0.24,1
623152.25,1282754.25,792.30,790.00,792.30,0.63,0.33,0.24,1
623244.56,1282754.25,788.14,786.00,788.14,0.63,0.33,0.25,1
623336.81,1282754.25,786.00,784.00,786.00,0.63,0.33,0.25,1
623429.12,1282754.25,786.88,785.00,786.88,0.63,0.34,0.26,1
623521.38,1282754.25,781.79,780.00,781.79,0.63,0.34,0.26,1
623613.69,1282754.25,770.71,769.00,770.71,0.63,0.34,0.26,1
623705.94,1282754.25,767.66,766.00,767.66,0.63,0.35,0.27,1
623798.19,1282754.25,767.61,766.00,767.61,0.63,0.35,0.27,1
623890.50,1282754.25,763.57,762.00,763.57,0.63,0.36,0.28,1
623982.75,1282754.25,757.55,756.00,757.55,0.63,0.35,0.27,1
624075.06,1282754.25,756.52,755.00,756.52,0.63,0.35,0.27,1
624167.31,1282754.25,757.50,756.00,757.50,0.63,0.35,0.27,1
624259.62,1282754.25,759.48,758.00,759.48,0.63,0.35,0.28,1
624351.88,1282754.25,760.46,759.00,760.46,0.63,0.36,0.28,1
624444.19,1282754.25,757.44,756.00,757.44,0.63,0.36,0.28,1
624536.44,1282754.25,755.42,754.00,755.42,0.63,0.35,0.28,1
624628.69,1282754.25,755.40,754.00,755.40,0.63,0.36,0.28,1
624721.00,1282754.25,753.38,752.00,753.38,0.63,0.36,0.28,1
624813.25,1282754.25,753.34,752.00,753.34,0.63,0.36,0.28,1
624905.56,1282754.25,755.30,754.00,755.30,0.62,0.35,0.28,1
624997.81,1282754.25,757.24,756.00,757.24,0.61,0.35,0.27,1
625090.12,1282754.25,766.17,765.00,766.17,0.60,0.34,0.27,1
625182.38,1282754.25,780.13,779.00,780.13,0.61,0.35,0.28,1
625274.69,1282754.25,785.10,784.00,785.10,0.61,0.35,0.28,1
625366.94,1282754.25,790.63,789.63,790.63,0.58,0.32,0.25,1
625459.19,1282754.25,-9999.00,-9999.00,-9999.00,0.71,0.71,0.71,0
614385.88,1282662.00,-9999.00,-9999.00,-9999.00,0.71,0.71,0.71,0
614478.12,1282662.00,757.57,757.00,757.57,0.22,-0.01,-0.07,1
614570.44,1282662.00,767.62,767.00,767.62,0.62,0.39,0.32,1
614662.69,1282662.00,778.47,778.00,778.47,0.62,0.40,0.34,1
614755.00,1282662.00,787.62,787.00,787.62,0.62,0.39,0.33,1
614847.25,1282662.00,789.87,789.00,789.87,0.63,0.38,0.31,1
614939.56,1282662.00,787.10,786.00,787.10,0.62,0.36,0.29,1
615031.81,1282662.00,792.28,791.00,792.28,0.62,0.35,0.28,1
615124.12,1282662.00,799.41,798.00,799.41,0.63,0.36,0.28,1
615216.38,1282662.00,794.50,793.00,794.50,0.64,0.36,0.28,1
615308.62,1282662.00,777.57,776.00,777.57,0.64,0.36,0.28,1
615400.94,1282662.00,768.61,767.00,768.61,0.63,0.35,0.27,1
615493.19,1282662.00,778.64,777.00,778.64,0.62,0.34,0.26,1
615585.50,1282662.00,790.66,789.00,790.66,0.62,0.34,0.26,1
615677.75,1282662.00,785.67,784.00,785.67,0.64,0.36,0.28,1
615770.06,1282662.00,762.68,761.00,762.68,0.64,0.36,0.28,1
615862.31,1282662.00,759.69,758.00,759.69,0.63,0.35,0.27,1
615954.62,1282662.00,767.69,766.00,767.69,0.63,0.35,0.27,1
616046.88,1282662.00,761.69,760.00,761.69,0.63,0.35,0.27,1
616139.12,1282662.00,765.69,764.00,765.69,0.61,0.33,0.25,1
616231.44,1282662.00,780.69,779.00,780.69,0.62,0.33,0.25,1
616323.69,1282662.00,775.68,774.00,775.68,0.63,0.35,0.27,1
616416.00,1282662.00,766.68,765.00,766.68,0.63,0.35,0.27,1
616508.25,1282662.00,774.68,773.00,774.68,0.62,0.34,0.26,1
616600.56,1282662.00,785.67,784.00,785.67,0.62,0.34,0.26,1
616692.81,1282662.00,773.66,772.00,773.66,0.62,0.34,0.26,1
616785.12,1282662.00,762.65,761.00,762.65,0.63,0.35,0.27,1
616877.38,1282662.00,752.65,751.00,752.65,0.63,0.35,0.27,1
616969.62,1282662.00,772.63,771.00,772.63,0.62,0.34,0.26,1
617061.94,1282662.00,766.61,765.00,766.61,0.63,0.35,0.27,1
617154.19,1282662.00,767.58,766.00,767.58,0.62,0.34,0.26,1
617246.50,1282662.00,775.55,774.00,775.55,0.61,0.34,0.26,1
617338.75,1282662.00,768.52,767.00,768.52,0.61,0.34,0.26,1
617431.06,1282662.00,763.50,762.00,763.50,0.61,0.34,0.26,1
617523.31,1282662.00,751.49,750.00,751.49,0.62,0.35,0.27,1
617615.62,1282662.00,747.47,746.00,747.47,0.62,0.35,0.27,1
617707.88,1282662.00,748.46,747.00,748.46,0.62,0.35,0.27,1
617800.12,1282662.00,748.45,747.00,748.45,0.62,0.35,0.27,1
617892.44,1282662.00,745.44,744.00,745.44,0.62,0.35,0.27,1
617984.69,1282662.00,746.44,745.00,746.44,0.62,0.34,0.26,1
618077.00,1282662.00,756.43,755.00,756.43,0.61,0.34,0.26,1
618169.25,1282662.00,762.42,761.00,762.42,0.62,0.35,0.27,1
618261.56,1282662.00,753.42,752.00,753.42,0.62,0.35,0.27,1
618353.81,1282662.00,759.41,758.00,759.41,0.61,0.34,0.26,1
618446.12,1282662.00,774.40,773.00,774.40,0.62,0.35,0.27,1
618538.38,1282662.00,770.39,769.00,770.39,0.64,0.37,0.29,1
618630.62,1282662.00,759.39,758.00,759.39,0.63,0.36,0.28,1
618722.94,1282662.00,762.40,761.00,762.40,0.62,0.35,0.27,1
618815.19,1282662.00,769.41,768.00,769.41,0.61,0.34,0.26,1
618907.50,1282662.00,777.43,776.00,777.43,0.61,0.34,0.26,1
618999.75,1282662.00,786.46,785.00,786.46,0.61,0.33,0.26,1
619092.06,1282662.00,799.50,798.00,799.50,0.60,0.33,0.25,1
619184.31,1282662.00,812.54,811.00,812.54,0.60,0.33,0.25,1
619276.62,1282662.00,824.57,823.00,824.57,0.60,0.32,0.24,1
619368.88,1282662.00,839.58,838.00,839.58,0.60,0.32,0.24,1
619461.19,1282662.00,855.59,854.00,855.59,0.59,0.31,0.23,1
619553.44,1282662.00,873.60,872.00,873.60,0.58,0.30,0.22,1
619645.69,1282662.00,892.60,891.00,892.60,0.59,0.31,0.23,1
619738.00,1282662.00,911.59,910.00,911.59,0.61,0.33,0.25,1
619830.25,1282662.00,918.58,917.00,918.58,0.62,0.34,0.26,1
619922.56,1282662.00,931.56,930.00,931.56,0.62,0.34,0.26,1
620014.81,1282662.00,943.52,942.00,943.52,0.62,0.34,0.26,1
620107.12,1282662.00,950.51,949.00,950.51,0.61,0.34,0.26,1
620199.38,1282662.00,961.53,960.00,961.53,0.60,0.33,0.25,1
620291.69,1282662.00,970.58,969.00,970.58,0.60,0.32,0.24,1
620383.94,1282662.00,988.64,987.00,988.64,0.59,0.31,0.23,1
620476.19,1282662.00,1015.68,1014.00,1015.68,0.58,0.30,0.22,1
620568.50,1282662.00,1046.70,1045.00,1046.70,0.59,0.31,0.23,1
620660.75,1282662.00,1070.71,1069.00,1070.71,0.59,0.31,0.23,1
620753.06,1282662.00,1098.69,1097.00,1098.69,0.58,0.30,0.22,1
620845.31,1282662.00,1135.33,1134.00,1135.33,0.56,0.29,0.22,1
620937.62,1282662.00,1185.56,1185.00,1185.56,0.53,0.31,0.24,1
621029.88,1282662.00,1227.16,1227.00,1227.16,0.59,0.41,0.36,1
621122.19,1282662.00,1244.07,1244.00,1244.07,0.75,0.61,0.50,1
621214.44,1282662.00,1250.05,1250.00,1250.05,0.80,0.66,0.56,1
621306.69,1282662.00,1246.05,1246.00,1246.05,0.81,0.67,0.56,1
621399.00,1282662.00,1249.05,1249.00,1249.05,0.77,0.63,0.53,1
621491.25,1282662.00,1267.03,1267.00,1267.03,0.72,0.58,0.47,1
621583.56,1282662.00,1294.01,1294.00,1294.01,0.69,0.55,0.45,1
621675.81,1282662.00,1316.01,1316.00,1316.01,0.76,0.62,0.51,1
621768.12,1282662.00,1304.01,1304.00,1304.01,0.81,0.67,0.57,1
621860.38,1282662.00,1257.01,1257.00,1257.01,0.81,0.67,0.56,1
621952.69,1282662.00,1200.01,1200.00,1200.01,0.82,0.68,0.57,1
622044.94,1282662.00,1149.01,1149.00,1149.01,0.83,0.69,0.58,1
622137.19,1282662.00,1102.01,1102.00,1102.01,0.83,0.69,0.58,1
622229.50,1282662.00,1053.02,1053.00,1053.02,0.82,0.68,0.58,1
622321.75,1282662.00,1001.20,1001.00,1001.20,0.73,0.54,0.49,1
622414.06,1282662.00,959.22,958.00,959.22,0.66,0.40,0.33,1
622506.31,1282662.00,924.58,922.00,924.58,0.63,0.33,0.24,1
622598.62,1282662.00,892.93,890.00,892.93,0.62,0.31,0.22,1
622690.88,1282662.00,873.89,871.00,873.89,0.62,0.31,0.22,1
622783.19,1282662.00,860.81,858.00,860.81,0.62,0.31,0.22,1
622875.44,1282662.00,845.72,843.00,845.72,0.62,0.31,0.22,1
622967.69,1282662.00,827.61,825.00,827.61,0.62,0.32,0.23,1
623060.00,1282662.00,810.48,808.00,810.48,0.63,0.32,0.23,1
623152.25,1282662.00,801.33,799.00,801.33,0.62,0.32,0.24,1
623244.56,1282662.00,799.16,797.00,799.16,0.62,0.33,0.24,1
623336.81,1282662.00,797.02,795.00,797.02,0.63,0.34,0.25,1
623429.12,1282662.00,789.90,788.00,789.90,0.63,0.34,0.26,1
623521.38,1282662.00,777.81,776.00,777.81,0.63,0.34,0.26,1
623613.69,1282662.00,770.73,769.00,770.73,0.62,0.34,0.26,1
623705.94,1282662.00,773.67,772.00,773.67,0.62,0.34,0.26,1
623798.19,1282662.00,777.63,776.00,777.63,0.63,0.35,0.27,1
623890.50,1282662.00,771.59,770.00,771.59,0.64,0.36,0.28,1
623982.75,1282662.00,762.56,761.00,762.56,0.63,0.36,0.28,1
624075.06,1282662.00,760.53,759.00,760.53,0.63,0.35,0.27,1
624167.31,1282662.00,764.51,763.00,764.51,0.63,0.35,0.27,1
624259.62,1282662.00,768.49,767.00,768.49,0.63,0.35,0.28,1
624351.88,1282662.00,767.47,766.00,767.47,0.63,0.36,0.28,1
624444.19,1282662.00,760.45,759.00,760.45,0.63,0.36,0.28,1
624536.44,1282662.00,757.43,756.00,757.43,0.62,0.35,0.27,1
624628.69,1282662.00,764.41,763.00,764.41,0.63,0.36,0.28,1
624721.00,1282662.00,766.38,765.00,766.38,0.64,0.37,0.29,1
624813.25,1282662.00,759.35,758.00,759.35,0.64,0.37,0.30,1
624905.56,1282662.00,755.30,754.00,755.30,0.63,0.36,0.29,1
624997.81,1282662.00,757.23,756.00,757.23,0.62,0.35,0.28,1
625090.12,1282662.00,768.16,767.00,768.16,0.61,0.35,0.27,1
625182.38,1282662.00,780.11,779.00,780.11,0.61,0.35,0.28,1
625274.69,1282662.00,778.09,777.00,778.09,0.61,0.35,0.28,1
625366.94,1282662.00,782.54,781.53,782.54,0.58,0.32,0.25,1
625459.19,1282662.00,-9999.00,-9999.00,-9999.00,0.71,0.71,0.71,0
614385.88,1282569.75,-9999.00,-9999.00,-9999.00,0.71,0.71,0.71,0
614478.12,1282569.75,753.89,753.00,753.89,0.28,0.03,-0.04,1
614570.44,1282569.75,761.92,761.00,761.92,0.60,0.35,0.28,1
614662.69,1282569.75,772.80,772.00,772.80,0.60,0.36,0.29,1
614755.00,1282569.75,777.83,777.00,777.83,0.60,0.36,0.29,1
614847.25,1282569.75,776.94,776.00,776.94,0.61,0.36,0.28,1
614939.56,1282569.75,778.12,777.00,778.12,0.60,0.34,0.27,1
615031.81,1282569.75,788.29,787.00,788.29,0.60,0.33,0.26,1
615124.12,1282569.75,798.41,797.00,798.41,0.61,0.34,0.26,1
615216.38,1282569.75,790.50,789.00,790.50,0.63,0.35,0.27,1
615308.62,1282569.75,777.57,776.00,777.57,0.63,0.35,0.27,1
615400.94,1282569.75,776.61,775.00,776.61,0.63,0.35,0.27,1
615493.19,1282569.75,787.64,786.00,787.64,0.62,0.34,0.26,1
615585.50,1282569.75,795.66,794.00,795.66,0.62,0.34,0.26,1
615677.75,1282569.75,786.67,785.00,786.67,0.63,0.35,0.27,1
615770.06,1282569.75,769.68,768.00,769.68,0.63,0.35,0.27,1
615862.31,1282569.75,772.69,771.00,772.69,0.63,0.35,0.27,1
615954.62,1282569.75,776.69,775.00,776.69,0.63,0.35,0.27,1
616046.88,1282569.75,766.69,765.00,766.69,0.63,0.35,0.27,1
616139.12,1282569.75,763.69,762.00,763.69,0.61,0.33,0.25,1
616231.44,1282569.75,776.69,775.00,776.69,0.60,0.32,0.24,1
616323.69,1282569.75,778.69,777.00,778.69,0.62,0.34,0.26,1
616416.00,1282569.75,775.68,774.00,775.68,0.62,0.34,0.26,1
616508.25,1282569.75,782.67,781.00,782.67,0.62,0.34,0.26,1
616600.56,1282569.75,780.66,779.00,780.66,0.62,0.34,0.26,1
616692.81,1282569.75,763.65,762.00,763.65,0.62,0.34,0.26,1
616785.12,1282569.75,766.65,765.00,766.65,0.62,0.34,0.26,1
616877.38,1282569.75,769.65,768.00,769.65,0.63,0.35,0.27,1
616969.62,1282569.75,779.63,778.00,779.63,0.62,0.34,0.26,1
617061.94,1282569.75,773.61,772.00,773.61,0.63,0.35,0.27,1
617154.19,1282569.75,765.59,764.00,765.59,0.62,0.34,0.26,1
617246.50,1282569.75,764.56,763.00,764.56,0.61,0.34,0.26,1
617338.75,1282569.75,755.54,754.00,755.54,0.62,0.34,0.26,1
617431.06,1282569.75,749.52,748.00,749.52,0.62,0.34,0.26,1
617523.31,1282569.75,746.51,745.00,746.51,0.62,0.35,0.27,1
617615.62,1282569.75,745.50,744.00,745.50,0.62,0.35,0.27,1
617707.88,1282569.75,747.49,746.00,747.49,0.62,0.35,0.27,1
617800.12,1282569.75,748.48,747.00,748.48,0.62,0.35,0.27,1
617892.44,1282569.75,746.48,745.00,746.48,0.63,0.35,0.27,1
617984.69,1282569.75,745.48,744.00,745.48,0.62,0.34,0.27,1
618077.00,1282569.75,752.47,751.00,752.47,0.61,0.34,0.26,1
618169.25,1282569.75,756.47,755.00,756.47,0.61,0.34,0.26,1
618261.56,1282569.75,751.46,750.00,751.46,0.62,0.35,0.27,1
618353.81,1282569.75,760.45,759.00,760.45,0.61,0.34,0.26,1
618446.12,1282569.75,775.45,774.00,775.45,0.61,0.34,0.26,1
618538.38,1282569.75,772.44,771.00,772.44,0.63,0.36,0.28,1
618630.62,1282569.75,761.44,760.00,761.44,0.63,0.36,0.28,1
618722.94,1282569.75,760.44,759.00,760.44,0.62,0.34,0.26,1
618815.19,1282569.75,765.44,764.00,765.44,0.61,0.34,0.26,1
618907.50,1282569.75,770.45,769.00,770.45,0.60,0.33,0.25,1
618999.75,1282569.75,780.47,779.00,780.47,0.60,0.32,0.25,1
619092.06,1282569.75,792.50,791.00,792.50,0.60,0.32,0.25,1
619184.31,1282569.75,802.54,801.00,802.54,0.60,0.32,0.24,1
619276.62,1282569.75,815.57,814.00,815.57,0.59,0.32,0.24,1
619368.88,1282569.75,832.58,831.00,832.58,0.60,0.32,0.24,1
619461.19,1282569.75,842.59,841.00,842.59,0.60,0.32,0.24,1
619553.44,1282569.75,860.58,859.00,860.58,0.59,0.31,0.23,1
619645.69,1282569.75,885.57,884.00,885.57,0.59,0.31,0.23,1
619738.00,1282569.75,907.55,906.00,907.55,0.60,0.32,0.24,1
619830.25,1282569.75,921.52,920.00,921.52,0.60,0.33,0.25,1
619922.56,1282569.75,941.50,940.00,941.50,0.61,0.33,0.25,1
620014.81,1282569.75,956.49,955.00,956.49,0.62,0.34,0.27,1
620107.12,1282569.75,964.50,963.00,964.50,0.63,0.36,0.28,1
620199.38,1282569.75,970.53,969.00,970.53,0.63,0.36,0.28,1
620291.69,1282569.75,980.59,979.00,980.59,0.62,0.34,0.27,1
620383.94,1282569.75,996.64,995.00,996.64,0.61,0.33,0.25,1
620476.19,1282569.75,1017.66,1016.00,1017.66,0.60,0.32,0.24,1
620568.50,1282569.75,1049.64,1048.00,1049.64,0.59,0.31,0.23,1
620660.75,1282569.75,1076.62,1075.00,1076.62,0.59,0.31,0.23,1
620753.06,1282569.75,1105.55,1104.00,1105.55,0.59,0.31,0.23,1
620845.31,1282569.75,1139.05,1138.00,1139.05,0.57,0.32,0.24,1
620937.62,1282569.75,1183.29,1183.00,1183.29,0.53,0.33,0.27,1
621029.88,1282569.75,1230.05,1230.00,1230.05,0.54,0.40,0.29,1
621122.19,1282569.75,1277.01,1277.00,1277.01,0.60,0.46,0.35,1
621214.44,1282569.75,1309.01,1309.00,1309.01,0.73,0.59,0.48,1
621306.69,1282569.75,1308.01,1308.00,1308.01,0.80,0.66,0.55,1
621399.00,1282569.75,1310.01,1310.00,1310.01,0.78,0.64,0.54,1
621491.25,1282569.75,1319.00,1319.00,1319.00,0.76,0.62,0.51,1
621583.56,1282569.75,1329.00,1329.00,1329.00,0.75,0.61,0.51,1
621675.81,1282569.75,1336.00,1336.00,1336.00,0.79,0.65,0.54,1
621768.12,1282569.75,1314.00,1314.00,1314.00,0.84,0.70,0.60,1
621860.38,1282569.75,1266.00,1266.00,1266.00,0.86,0.72,0.61,1
621952.69,1282569.75,1211.00,1211.00,1211.00,0.86,0.72,0.61,1
622044.94,1282569.75,1159.00,1159.00,1159.00,0.83,0.69,0.59,1
622137.19,1282569.75,1111.00,1111.00,1111.00,0.82,0.68,0.57,1
622229.50,1282569.75,1061.01,1061.00,1061.01,0.82,0.68,0.58,1
622321.75,1282569.75,1007.09,1007.00,1007.09,0.83,0.69,0.59,1
622414.06,1282569.75,963.76,963.00,963.76,0.69,0.45,0.38,1
622506.31,1282569.75,932.14,930.00,932.14,0.64,0.35,0.27,1
622598.62,1282569.75,903.79,901.00,903.79,0.63,0.32,0.23,1
622690.88,1282569.75,880.85,878.00,880.85,0.62,0.31,0.22,1
622783.19,1282569.75,861.81,859.00,861.81,0.62,0.31,0.22,1
622875.44,1282569.75,844.74,842.00,844.74,0.62,0.31,0.22,1
622967.69,1282569.75,828.65,826.00,828.65,0.62,0.31,0.22,1
623060.00,1282569.75,814.53,812.00,814.53,0.62,0.31,0.23,1
623152.25,1282569.75,807.38,805.00,807.38,0.62,0.31,0.23,1
623244.56,1282569.75,806.21,804.00,806.21,0.62,0.32,0.23,1
623336.81,1282569.75,805.06,803.00,805.06,0.62,0.33,0.25,1
623429.12,1282569.75,791.94,790.00,791.94,0.63,0.34,0.26,1
623521.38,1282569.75,778.84,777.00,778.84,0.63,0.34,0.26,1
623613.69,1282569.75,775.76,774.00,775.76,0.62,0.34,0.26,1
623705.94,1282569.75,779.69,778.00,779.69,0.62,0.34,0.26,1
623798.19,1282569.75,780.64,779.00,780.64,0.63,0.35,0.27,1
623890.50,1282569.75,774.60,773.00,774.60,0.63,0.35,0.27,1
623982.75,1282569.75,766.57,765.00,766.57,0.63,0.35,0.27,1
624075.06,1282569.75,767.54,766.00,767.54,0.62,0.35,0.27,1
624167.31,1282569.75,773.52,772.00,773.52,0.62,0.35,0.27,1
624259.62,1282569.75,774.50,773.00,774.50,0.63,0.35,0.28,1
624351.88,1282569.75,768.47,767.00,768.47,0.63,0.36,0.28,1
624444.19,1282569.75,759.45,758.00,759.45,0.63,0.35,0.28,1
624536.44,1282569.75,759.44,758.00,759.44,0.62,0.34,0.27,1
624628.69,1282569.75,772.42,771.00,772.42,0.61,0.34,0.26,1
624721.00,1282569.75,781.39,780.00,781.39,0.63,0.36,0.28,1
624813.25,1282569.75,774.35,773.00,774.35,0.65,0.38,0.30,1
624905.56,1282569.75,762.30,761.00,762.30,0.64,0.38,0.30,1
624997.81,1282569.75,757.24,756.00,757.24,0.63,0.36,0.29,1
625090.12,1282569.75,762.15,761.00,762.15,0.61,0.35,0.28,1
625182.38,1282569.75,768.10,767.00,768.10,0.61,0.35,0.28,1
625274.69,1282569.75,765.07,764.00,765.07,0.61,0.35,0.28,1
625366.94,1282569.75,776.87,775.86,776.87,0.58,0.32,0.25,1
625459.19,1282569.75,-9999.00,-9999.00,-9999.00,0.71,0.71,0.71,0
614385.88,1282477.38,-9999.00,-9999.00,-9999.00,0.71,0.71,0.71,0
614478.12,1282477.38,750.03,749.00,750.03,0.30,0.05,-0.02,1
614570.44,1282477.38,753.06,752.00,753.06,0.62,0.36,0.29,1
614662.69,1282477.38,758.00,757.00,758.00,0.61,0.35,0.28,1
614755.00,1282477.38,761.00,760.00,761.00,0.61,0.36,0.29,1
614847.25,1282477.38,762.04,761.00,762.04,0.62,0.36,0.29,1
614939.56,1282477.38,767.15,766.00,767.15,0.61,0.35,0.28,1
615031.81,1282477.38,774.30,773.00,774.30,0.60,0.33,0.26,1
615124.12,1282477.38,785.42,784.00,785.42,0.60,0.33,0.25,1
615216.38,1282477.38,783.51,782.00,783.51,0.62,0.34,0.26,1
615308.62,1282477.38,780.57,779.00,780.57,0.63,0.35,0.27,1
615400.94,1282477.38,788.61,787.00,788.61,0.63,0.35,0.27,1
615493.19,1282477.38,796.64,795.00,796.64,0.63,0.35,0.27,1
615585.50,1282477.38,789.66,788.00,789.66,0.62,0.34,0.26,1
615677.75,1282477.38,776.67,775.00,776.67,0.62,0.34,0.26,1
615770.06,1282477.38,775.68,774.00,775.68,0.62,0.34,0.26,1
615862.31,1282477.38,788.69,787.00,788.69,0.63,0.34,0.26,1
615954.62,1282477.38,787.69,786.00,787.69,0.63,0.35,0.27,1
616046.88,1282477.38,774.69,773.00,774.69,0.64,0.36,0.28,1
616139.12,1282477.38,760.69,759.00,760.69,0.62,0.34,0.26,1
616231.44,1282477.38,764.69,763.00,764.69,0.61,0.32,0.24,1
616323.69,1282477.38,769.69,768.00,769.69,0.61,0.33,0.25,1
616416.00,1282477.38,770.68,769.00,770.68,0.61,0.33,0.25,1
616508.25,1282477.38,777.67,776.00,777.67,0.61,0.33,0.25,1
616600.56,1282477.38,775.66,774.00,775.66,0.62,0.34,0.26,1
616692.81,1282477.38,761.66,760.00,761.66,0.62,0.34,0.26,1
616785.12,1282477.38,770.66,769.00,770.66,0.61,0.33,0.25,1
616877.38,1282477.38,780.65,779.00,780.65,0.62,0.34,0.26,1
616969.62,1282477.38,779.63,778.00,779.63,0.62,0.34,0.26,1
617061.94,1282477.38,769.61,768.00,769.61,0.62,0.35,0.27,1
617154.19,1282477.38,757.59,756.00,757.59,0.63,0.35,0.27,1
617246.50,1282477.38,753.56,752.00,753.56,0.62,0.34,0.26,1
617338.75,1282477.38,751.55,750.00,751.55,0.63,0.35,0.27,1
617431.06,1282477.38,746.53,745.00,746.53,0.63,0.35,0.27,1
617523.31,1282477.38,744.52,743.00,744.52,0.62,0.35,0.27,1
617615.62,1282477.38,749.52,748.00,749.52,0.62,0.35,0.27,1
617707.88,1282477.38,748.51,747.00,748.51,0.63,0.35,0.27,1
617800.12,1282477.38,748.51,747.00,748.51,0.62,0.35,0.27,1
617892.44,1282477.38,748.51,747.00,748.51,0.63,0.35,0.27,1
617984.69,1282477.38,744.51,743.00,744.51,0.63,0.35,0.27,1
618077.00,1282477.38,746.50,745.00,746.50,0.62,0.34,0.26,1
618169.25,1282477.38,748.50,747.00,748.50,0.61,0.34,0.26,1
618261.56,1282477.38,750.50,749.00,750.50,0.61,0.34,0.26,1
618353.81,1282477.38,761.49,760.00,761.49,0.61,0.33,0.25,1
618446.12,1282477.38,771.49,770.00,771.49,0.60,0.33,0.25,1
618538.38,1282477.38,775.48,774.00,775.48,0.62,0.35,0.27,1
618630.62,1282477.38,763.48,762.00,763.48,0.63,0.36,0.28,1
618722.94,1282477.38,753.48,752.00,753.48,0.62,0.35,0.27,1
618815.19,1282477.38,755.48,754.00,755.48,0.61,0.34,0.26,1
618907.50,1282477.38,758.48,757.00,758.48,0.61,0.33,0.25,1
618999.75,1282477.38,769.49,768.00,769.49,0.60,0.32,0.24,1
619092.06,1282477.38,784.52,783.00,784.52,0.60,0.32,0.24,1
619184.31,1282477.38,797.55,796.00,797.55,0.60,0.33,0.25,1
619276.62,1282477.38,808.57,807.00,808.57,0.60,0.32,0.25,1
619368.88,1282477.38,823.58,822.00,823.58,0.60,0.32,0.24,1
619461.19,1282477.38,839.59,838.00,839.59,0.60,0.32,0.24,1
619553.44,1282477.38,861.58,860.00,861.58,0.60,0.32,0.24,1
619645.69,1282477.38,887.56,886.00,887.56,0.60,0.32,0.25,1
619738.00,1282477.38,904.51,903.00,904.51,0.61,0.33,0.25,1
619830.25,1282477.38,923.45,922.00,923.45,0.60,0.33,0.25,1
619922.56,1282477.38,946.42,945.00,946.42,0.61,0.33,0.26,1
620014.81,1282477.38,963.42,962.00,963.42,0.61,0.34,0.26,1
620107.12,1282477.38,986.44,985.00,986.44,0.62,0.35,0.27,1
620199.38,1282477.38,1001.48,1000.00,1001.48,0.64,0.36,0.28,1
620291.69,1282477.38,1007.55,1006.00,1007.55,0.64,0.36,0.28,1
620383.94,1282477.38,1019.59,1018.00,1019.59,0.63,0.35,0.27,1
620476.19,1282477.38,1038.57,1037.00,1038.57,0.62,0.34,0.26,1
620568.50,1282477.38,1060.49,1059.00,1060.49,0.61,0.34,0.26,1
620660.75,1282477.38,1079.42,1078.00,1079.42,0.60,0.33,0.25,1
620753.06,1282477.38,1109.29,1108.00,1109.29,0.58,0.31,0.23,1
620845.31,1282477.38,1155.75,1155.00,1155.75,0.56,0.32,0.25,1
620937.62,1282477.38,1197.17,1197.00,1197.17,0.52,0.35,0.30,1
621029.88,1282477.38,1247.03,1247.00,1247.03,0.55,0.41,0.30,1
621122.19,1282477.38,1284.01,1284.00,1284.01,0.56,0.42,0.31,1
621214.44,1282477.38,1318.00,1318.00,1318.00,0.59,0.45,0.34,1
621306.69,1282477.38,1333.00,1333.00,1333.00,0.68,0.54,0.44,1
621399.00,1282477.38,1337.00,1337.00,1337.00,0.71,0.57,0.47,1
621491.25,1282477.38,1345.00,1345.00,1345.00,0.71,0.57,0.46,1
621583.56,1282477.38,1356.00,1356.00,1356.00,0.74,0.60,0.49,1
621675.81,1282477.38,1359.00,1359.00,1359.00,0.79,0.65,0.55,1
621768.12,1282477.38,1342.00,1342.00,1342.00,0.85,0.71,0.61,1
621860.38,1282477.38,1301.00,1301.00,1301.00,0.87,0.73,0.63,1
621952.69,1282477.38,1242.00,1242.00,1242.00,0.87,0.73,0.63,1
622044.94,1282477.38,1171.00,1171.00,1171.00,0.85,0.71,0.61,1
622137.19,1282477.38,1112.00,1112.00,1112.00,0.84,0.70,0.59,1
622229.50,1282477.38,1067.00,1067.00,1067.00,0.83,0.69,0.58,1
622321.75,1282477.38,1021.03,1021.00,1021.03,0.84,0.70,0.60,1
622414.06,1282477.38,979.31,979.00,979.31,0.74,0.54,0.48,1
622506.31,1282477.38,948.32,947.00,948.32,0.67,0.40,0.33,1
622598.62,1282477.38,915.37,913.00,915.37,0.64,0.34,0.25,1
622690.88,1282477.38,886.72,884.00,886.72,0.63,0.32,0.23,1
622783.19,1282477.38,860.77,858.00,860.77,0.63,0.31,0.23,1
622875.44,1282477.38,836.74,834.00,836.74,0.62,0.31,0.22,1
622967.69,1282477.38,819.68,817.00,819.68,0.61,0.31,0.22,1
623060.00,1282477.38,807.59,805.00,807.59,0.61,0.31,0.22,1
623152.25,1282477.38,798.46,796.00,798.46,0.61,0.31,0.22,1
623244.56,1282477.38,797.30,795.00,797.30,0.61,0.31,0.22,1
623336.81,1282477.38,802.13,800.00,802.13,0.61,0.32,0.23,1
623429.12,1282477.38,796.99,795.00,796.99,0.63,0.34,0.25,1
623521.38,1282477.38,783.88,782.00,783.88,0.63,0.34,0.26,1
623613.69,1282477.38,779.79,778.00,779.79,0.62,0.34,0.26,1
623705.94,1282477.38,783.72,782.00,783.72,0.62,0.34,0.26,1
623798.19,1282477.38,781.66,780.00,781.66,0.62,0.34,0.26,1
623890.50,1282477.38,774.62,773.00,774.62,0.62,0.34,0.26,1
623982.75,1282477.38,768.58,767.00,768.58,0.62,0.34,0.26,1
624075.06,1282477.38,770.55,769.00,770.55,0.62,0.34,0.26,1
624167.31,1282477.38,773.53,772.00,773.53,0.61,0.34,0.26,1
624259.62,1282477.38,774.51,773.00,774.51,0.62,0.34,0.26,1
624351.88,1282477.38,769.48,768.00,769.48,0.63,0.35,0.27,1
624444.19,1282477.38,761.47,760.00,761.47,0.63,0.35,0.28,1
624536.44,1282477.38,760.45,759.00,760.45,0.62,0.34,0.27,1
624628.69,1282477.38,769.43,768.00,769.43,0.61,0.33,0.25,1
624721.00,1282477.38,783.40,782.00,783.40,0.61,0.34,0.27,1
624813.25,1282477.38,784.36,783.00,784.36,0.64,0.37,0.29,1
624905.56,1282477.38,770.31,769.00,770.31,0.65,0.38,0.31,1
624997.81,1282477.38,759.24,758.00,759.24,0.64,0.37,0.30,1
625090.12,1282477.38,757.15,756.00,757.15,0.62,0.36,0.29,1
625182.38,1282477.38,758.08,757.00,758.08,0.62,0.36,0.29,1
625274.69,1282477.38,759.04,758.00,759.04,0.61,0.36,0.29,1
625366.94,1282477.38,773.62,772.62,773.62,0.58,0.32,0.25,1
625459.19,1282477.38,-9999.00,-9999.00,-9999.00,0.71,0.71,0.71,0
614385.88,1282385.12,-9999.00,-9999.00,-9999.00,0.71,0.71,0.71,0
614478.12,1282385.12,754.06,753.00,754.06,0.31,0.05,-0.02,1
614570.44,1282385.12,754.09,753.00,754.09,0.63,0.38,0.30,1
614662.69,1282385.12,754.08,753.00,754.08,0.62,0.37,0.29,1
614755.00,1282385.12,761.09,760.00,761.09,0.62,0.36,0.29,1
614847.25,1282385.12,766.13,765.00,766.13,0.63,0.37,0.29,1
614939.56,1282385.12,769.22,768.00,769.22,0.63,0.37,0.29,1
615031.81,1282385.12,770.34,769.00,770.34,0.63,0.36,0.28,1
615124.12,1282385.12,774.44,773.00,774.44,0.61,0.34,0.26,1
615216.38,1282385.12,777.52,776.00,777.52,0.61,0.33,0.25,1
615308.62,1282385.12,790.58,789.00,790.58,0.61,0.33,0.25,1
615400.94,1282385.12,803.62,802.00,803.62,0.63,0.35,0.27,1
615493.19,1282385.12,797.65,796.00,797.65,0.63,0.35,0.27,1
615585.50,1282385.12,779.67,778.00,779.67,0.62,0.34,0.26,1
615677.75,1282385.12,770.68,769.00,770.68,0.62,0.34,0.26,1
615770.06,1282385.12,780.69,779.00,780.69,0.61,0.33,0.25,1
615862.31,1282385.12,796.69,795.00,796.69,0.62,0.34,0.26,1
615954.62,1282385.12,790.69,789.00,790.69,0.63,0.35,0.27,1
616046.88,1282385.12,776.69,775.00,776.69,0.63,0.35,0.27,1
616139.12,1282385.12,760.69,759.00,760.69,0.63,0.35,0.27,1
616231.44,1282385.12,759.69,758.00,759.69,0.62,0.34,0.26,1
616323.69,1282385.12,762.69,761.00,762.69,0.62,0.33,0.25,1
616416.00,1282385.12,765.68,764.00,765.68,0.62,0.34,0.26,1
616508.25,1282385.12,769.68,768.00,769.68,0.62,0.34,0.26,1
616600.56,1282385.12,766.67,765.00,766.67,0.62,0.34,0.26,1
616692.81,1282385.12,761.67,760.00,761.67,0.62,0.34,0.26,1
616785.12,1282385.12,774.66,773.00,774.66,0.61,0.33,0.25,1
616877.38,1282385.12,782.65,781.00,782.65,0.63,0.35,0.27,1
616969.62,1282385.12,765.64,764.00,765.64,0.62,0.34,0.26,1
617061.94,1282385.12,760.62,759.00,760.62,0.62,0.34,0.26,1
617154.19,1282385.12,760.59,759.00,760.59,0.63,0.35,0.27,1
617246.50,1282385.12,757.57,756.00,757.57,0.63,0.35,0.27,1
617338.75,1282385.12,759.56,758.00,759.56,0.63,0.36,0.28,1
617431.06,1282385.12,753.54,752.00,753.54,0.63,0.36,0.28,1
617523.31,1282385.12,750.54,749.00,750.54,0.63,0.35,0.28,1
617615.62,1282385.12,754.53,753.00,754.53,0.63,0.35,0.27,1
617707.88,1282385.12,750.53,749.00,750.53,0.63,0.35,0.27,1
617800.12,1282385.12,746.53,745.00,746.53,0.62,0.35,0.27,1
617892.44,1282385.12,747.53,746.00,747.53,0.62,0.34,0.27,1
617984.69,1282385.12,748.53,747.00,748.53,0.63,0.35,0.27,1
618077.00,1282385.12,748.53,747.00,748.53,0.62,0.35,0.27,1
618169.25,1282385.12,746.53,745.00,746.53,0.62,0.34,0.27,1
618261.56,1282385.12,747.53,746.00,747.53,0.62,0.34,0.26,1
618353.81,1282385.12,753.53,752.00,753.53,0.61,0.33,0.25,1
618446.12,1282385.12,758.52,757.00,758.52,0.61,0.33,0.25,1
618538.38,1282385.12,761.52,760.00,761.52,0.61,0.33,0.25,1
618630.62,1282385.12,755.52,754.00,755.52,0.62,0.34,0.27,1
618722.94,1282385.12,747.52,746.00,747.52,0.62,0.34,0.27,1
618815.19,1282385.12,751.52,750.00,751.52,0.61,0.34,0.26,1
618907.50,1282385.12,757.52,756.00,757.52,0.61,0.34,0.26,1
618999.75,1282385.12,766.53,765.00,766.53,0.60,0.33,0.25,1
619092.06,1282385.12,780.54,779.00,780.54,0.60,0.32,0.24,1
619184.31,1282385.12,794.56,793.00,794.56,0.60,0.32,0.24,1
619276.62,1282385.12,809.58,808.00,809.58,0.60,0.32,0.24,1
619368.88,1282385.12,823.59,822.00,823.59,0.60,0.32,0.24,1
619461.19,1282385.12,844.60,843.00,844.60,0.59,0.31,0.23,1
619553.44,1282385.12,868.59,867.00,868.59,0.59,0.31,0.23,1
619645.69,1282385.12,898.56,897.00,898.56,0.59,0.31,0.23,1
619738.00,1282385.12,918.48,917.00,918.48,0.60,0.33,0.25,1
619830.25,1282385.12,938.37,937.00,938.37,0.61,0.34,0.26,1
619922.56,1282385.12,961.29,960.00,961.29,0.61,0.34,0.27,1
620014.81,1282385.12,979.26,978.00,979.26,0.61,0.35,0.27,1
620107.12,1282385.12,1006.24,1005.00,1006.24,0.61,0.34,0.27,1
620199.38,1282385.12,1031.25,1030.00,1031.25,0.62,0.35,0.28,1
620291.69,1282385.12,1048.25,1047.00,1048.25,0.64,0.37,0.30,1
620383.94,1282385.12,1060.22,1059.00,1060.22,0.64,0.38,0.30,1
620476.19,1282385.12,1076.17,1075.00,1076.17,0.65,0.38,0.31,1
620568.50,1282385.12,1084.12,1083.00,1084.12,0.64,0.39,0.31,1
620660.75,1282385.12,1097.05,1096.00,1097.05,0.63,0.37,0.30,1
620753.06,1282385.12,1121.92,1121.00,1121.92,0.60,0.35,0.28,1
620845.31,1282385.12,1156.53,1156.00,1156.53,0.55,0.32,0.26,1
620937.62,1282385.12,1200.15,1200.00,1200.15,0.49,0.32,0.27,1
621029.88,1282385.12,1248.03,1248.00,1248.03,0.50,0.36,0.25,1
621122.19,1282385.12,1278.01,1278.00,1278.01,0.53,0.39,0.28,1
621214.44,1282385.12,1299.00,1299.00,1299.00,0.52,0.38,0.28,1
621306.69,1282385.12,1317.00,1317.00,1317.00,0.56,0.42,0.31,1
621399.00,1282385.12,1328.00,1328.00,1328.00,0.60,0.46,0.36,1
621491.25,1282385.12,1345.00,1345.00,1345.00,0.61,0.47,0.36,1
621583.56,1282385.12,1370.00,1370.00,1370.00,0.62,0.48,0.37,1
621675.81,1282385.12,1382.00,1382.00,1382.00,0.70,0.56,0.46,1
621768.12,1282385.12,1372.00,1372.00,1372.00,0.80,0.66,0.55,1
621860.38,1282385.12,1334.00,1334.00,1334.00,0.85,0.71,0.61,1
621952.69,1282385.12,1273.00,1273.00,1273.00,0.86,0.72,0.61,1
622044.94,1282385.12,1198.00,1198.00,1198.00,0.86,0.72,0.62,1
622137.19,1282385.12,1134.00,1134.00,1134.00,0.86,0.72,0.62,1
622229.50,1282385.12,1082.00,1082.00,1082.00,0.85,0.71,0.61,1
622321.75,1282385.12,1039.01,1039.00,1039.01,0.84,0.70,0.60,1
622414.06,1282385.12,1001.09,1001.00,1001.09,0.84,0.70,0.59,1
622506.31,1282385.12,967.56,967.00,967.56,0.71,0.48,0.42,1
622598.62,1282385.12,929.60,928.00,929.60,0.66,0.38,0.30,1
622690.88,1282385.12,896.39,894.00,896.39,0.64,0.34,0.25,1
622783.19,1282385.12,867.65,865.00,867.65,0.63,0.32,0.24,1
622875.44,1282385.12,837.73,835.00,837.73,0.63,0.32,0.23,1
622967.69,1282385.12,809.72,807.00,809.72,0.62,0.31,0.23,1
623060.00,1282385.12,794.66,792.00,794.66,0.62,0.31,0.22,1
623152.25,1282385.12,785.55,783.00,785.55,0.61,0.30,0.22,1
623244.56,1282385.12,788.41,786.00,788.41,0.60,0.30,0.21,1
623336.81,1282385.12,798.23,796.00,798.23,0.61,0.31,0.22,1
623429.12,1282385.12,797.07,795.00,797.07,0.62,0.33,0.24,1
623521.38,1282385.12,787.93,786.00,787.93,0.63,0.34,0.25,1
623613.69,1282385.12,783.82,782.00,783.82,0.62,0.34,0.26,1
623705.94,1282385.12,783.74,782.00,783.74,0.62,0.34,0.26,1
623798.19,1282385.12,777.68,776.00,777.68,0.63,0.34,0.26,1
623890.50,1282385.12,767.63,766.00,767.63,0.62,0.34,0.26,1
623982.75,1282385.12,761.60,760.00,761.60,0.62,0.34,0.26,1
624075.06,1282385.12,764.57,763.00,764.57,0.61,0.34,0.26,1
624167.31,1282385.12,765.54,764.00,765.54,0.62,0.34,0.26,1
624259.62,1282385.12,763.52,762.00,763.52,0.62,0.34,0.26,1
624351.88,1282385.12,761.50,760.00,761.50,0.62,0.34,0.26,1
624444.19,1282385.12,758.48,757.00,758.48,0.62,0.35,0.27,1
624536.44,1282385.12,759.46,758.00,759.46,0.62,0.34,0.27,1
624628.69,1282385.12,767.44,766.00,767.44,0.61,0.34,0.26,1
624721.00,1282385.12,781.42,780.00,781.42,0.61,0.33,0.26,1
624813.25,1282385.12,789.38,788.00,789.38,0.62,0.35,0.28,1
624905.56,1282385.12,780.33,779.00,780.33,0.64,0.37,0.30,1
624997.81,1282385.12,764.26,763.00,764.26,0.64,0.38,0.30,1
625090.12,1282385.12,757.17,756.00,757.17,0.63,0.37,0.30,1
625182.38,1282385.12,757.08,756.00,757.08,0.62,0.37,0.29,1
625274.69,1282385.12,763.01,762.00,763.01,0.62,0.37,0.30,1
625366.94,1282385.12,770.37,769.37,770.37,0.58,0.32,0.25,1
625459.19,1282385.12,-9999.00,-9999.00,-9999.00,0.71,0.71,0.71,0
614385.88,1282292.88,-9999.00,-9999.00,-9999.00,0.71,0.71,0.71,0
614478.12,1282292.88,769.07,768.00,769.07,0.31,0.06,-0.02,1
614570.44,1282292.88,764.11,763.00,764.11,0.65,0.39,0.32,1
614662.69,1282292.88,759.11,758.00,759.11,0.64,0.38,0.31,1
614755.00,1282292.88,761.14,760.00,761.14,0.62,0.36,0.29,1
614847.25,1282292.88,768.19,767.00,768.19,0.61,0.35,0.28,1
614939.56,1282292.88,777.28,776.00,777.28,0.62,0.36,0.28,1
615031.81,1282292.88,783.38,782.00,783.38,0.63,0.36,0.29,1
615124.12,1282292.88,777.47,776.00,777.47,0.63,0.36,0.28,1
615216.38,1282292.88,777.54,776.00,777.54,0.62,0.34,0.26,1
615308.62,1282292.88,791.59,790.00,791.59,0.61,0.33,0.25,1
615400.94,1282292.88,803.62,802.00,803.62,0.62,0.34,0.26,1
615493.19,1282292.88,790.65,789.00,790.65,0.63,0.35,0.27,1
615585.50,1282292.88,772.67,771.00,772.67,0.62,0.34,0.26,1
615677.75,1282292.88,774.68,773.00,774.68,0.62,0.33,0.25,1
615770.06,1282292.88,789.68,788.00,789.68,0.61,0.33,0.25,1
615862.31,1282292.88,798.69,797.00,798.69,0.62,0.34,0.26,1
615954.62,1282292.88,786.69,785.00,786.69,0.63,0.35,0.27,1
616046.88,1282292.88,772.69,771.00,772.69,0.63,0.35,0.27,1
616139.12,1282292.88,764.69,763.00,764.69,0.63,0.35,0.27,1
616231.44,1282292.88,764.69,763.00,764.69,0.63,0.35,0.27,1
616323.69,1282292.88,766.69,765.00,766.69,0.62,0.34,0.26,1
616416.00,1282292.88,775.68,774.00,775.68,0.62,0.34,0.26,1
616508.25,1282292.88,777.68,776.00,777.68,0.63,0.35,0.27,1
616600.56,1282292.88,769.68,768.00,769.68,0.63,0.35,0.27,1
616692.81,1282292.88,766.67,765.00,766.67,0.62,0.34,0.26,1
616785.12,1282292.88,778.66,777.00,778.66,0.61,0.33,0.25,1
616877.38,1282292.88,782.65,781.00,782.65,0.63,0.35,0.27,1
616969.62,1282292.88,756.64,755.00,756.64,0.63,0.35,0.27,1
617061.94,1282292.88,762.62,761.00,762.62,0.62,0.34,0.26,1
617154.19,1282292.88,771.60,770.00,771.60,0.63,0.35,0.27,1
617246.50,1282292.88,766.58,765.00,766.58,0.63,0.35,0.27,1
617338.75,1282292.88,768.57,767.00,768.57,0.63,0.36,0.28,1
617431.06,1282292.88,760.56,759.00,760.56,0.63,0.36,0.28,1
617523.31,1282292.88,762.55,761.00,762.55,0.63,0.36,0.28,1
617615.62,1282292.88,760.55,759.00,760.55,0.63,0.35,0.28,1
617707.88,1282292.88,748.55,747.00,748.55,0.63,0.35,0.27,1
617800.12,1282292.88,745.55,744.00,745.55,0.63,0.35,0.27,1
617892.44,1282292.88,748.55,747.00,748.55,0.62,0.34,0.27,1
617984.69,1282292.88,753.55,752.00,753.55,0.63,0.35,0.27,1
618077.00,1282292.88,749.55,748.00,749.55,0.63,0.35,0.27,1
618169.25,1282292.88,745.55,744.00,745.55,0.62,0.35,0.27,1
618261.56,1282292.88,746.55,745.00,746.55,0.62,0.34,0.26,1
618353.81,1282292.88,749.56,748.00,749.56,0.61,0.34,0.26,1
618446.12,1282292.88,752.56,751.00,752.56,0.62,0.34,0.26,1
618538.38,1282292.88,750.56,749.00,750.56,0.62,0.34,0.27,1
618630.62,1282292.88,747.56,746.00,747.56,0.63,0.35,0.27,1
618722.94,1282292.88,747.56,746.00,747.56,0.62,0.35,0.27,1
618815.19,1282292.88,752.56,751.00,752.56,0.62,0.34,0.26,1
618907.50,1282292.88,759.56,758.00,759.56,0.61,0.34,0.26,1
618999.75,1282292.88,764.57,763.00,764.57,0.61,0.33,0.25,1
619092.06,1282292.88,773.57,772.00,773.57,0.60,0.32,0.24,1
619184.31,1282292.88,785.58,784.00,785.58,0.59,0.31,0.23,1
619276.62,1282292.88,803.60,802.00,803.60,0.59,0.31,0.23,1
619368.88,1282292.88,818.62,817.00,818.62,0.59,0.31,0.23,1
619461.19,1282292.88,836.63,835.00,836.63,0.58,0.30,0.22,1
619553.44,1282292.88,861.63,860.00,861.63,0.57,0.29,0.21,1
619645.69,1282292.88,886.58,885.00,886.58,0.57,0.29,0.21,1
619738.00,1282292.88,914.47,913.00,914.47,0.58,0.30,0.22,1
619830.25,1282292.88,943.29,942.00,943.29,0.58,0.32,0.24,1
619922.56,1282292.88,972.11,971.00,972.11,0.59,0.33,0.25,1
620014.81,1282292.88,999.99,999.00,999.99,0.60,0.34,0.27,1
620107.12,1282292.88,1022.90,1022.00,1022.90,0.60,0.35,0.28,1
620199.38,1282292.88,1044.83,1044.00,1044.83,0.59,0.34,0.27,1
620291.69,1282292.88,1074.75,1074.00,1074.75,0.59,0.35,0.28,1
620383.94,1282292.88,1100.66,1100.00,1100.66,0.62,0.39,0.32,1
620476.19,1282292.88,1116.62,1116.00,1116.62,0.65,0.42,0.36,1
620568.50,1282292.88,1123.64,1123.00,1123.64,0.66,0.43,0.36,1
620660.75,1282292.88,1130.64,1130.00,1130.64,0.66,0.42,0.36,1
620753.06,1282292.88,1140.58,1140.00,1140.58,0.64,0.41,0.35,1
620845.31,1282292.88,1157.39,1157.00,1157.39,0.59,0.38,0.32,1
620937.62,1282292.88,1191.17,1191.00,1191.17,0.52,0.35,0.29,1
621029.88,1282292.88,1223.06,1223.00,1223.06,0.50,0.36,0.25,1
621122.19,1282292.88,1244.02,1244.00,1244.02,0.50,0.36,0.25,1
621214.44,1282292.88,1265.01,1265.00,1265.01,0.49,0.35,0.25,1
621306.69,1282292.88,1286.00,1286.00,1286.00,0.49,0.35,0.24,1
621399.00,1282292.88,1312.00,1312.00,1312.00,0.51,0.37,0.27,1
621491.25,1282292.88,1337.00,1337.00,1337.00,0.56,0.42,0.31,1
621583.56,1282292.88,1350.00,1350.00,1350.00,0.55,0.41,0.31,1
621675.81,1282292.88,1360.00,1360.00,1360.00,0.57,0.43,0.32,1
621768.12,1282292.88,1360.00,1360.00,1360.00,0.66,0.52,0.41,1
621860.38,1282292.88,1338.00,1338.00,1338.00,0.80,0.66,0.55,1
621952.69,1282292.88,1286.00,1286.00,1286.00,0.85,0.71,0.60,1
622044.94,1282292.88,1220.00,1220.00,1220.00,0.85,0.71,0.61,1
622137.19,1282292.88,1163.00,1163.00,1163.00,0.86,0.72,0.61,1
622229.50,1282292.88,1107.00,1107.00,1107.00,0.85,0.71,0.61,1
622321.75,1282292.88,1054.00,1054.00,1054.00,0.83,0.69,0.59,1
622414.06,1282292.88,1014.02,1014.00,1014.02,0.82,0.68,0.58,1
622506.31,1282292.88,978.19,978.00,978.19,0.73,0.55,0.50,1
622598.62,1282292.88,939.84,939.00,939.84,0.69,0.44,0.37,1
622690.88,1282292.88,906.81,905.00,906.81,0.65,0.36,0.28,1
622783.19,1282292.88,881.41,879.00,881.41,0.63,0.33,0.25,1
622875.44,1282292.88,855.66,853.00,855.66,0.63,0.32,0.23,1
622967.69,1282292.88,824.74,822.00,824.74,0.63,0.32,0.23,1
623060.00,1282292.88,796.72,794.00,796.72,0.62,0.31,0.23,1
623152.25,1282292.88,781.64,779.00,781.64,0.62,0.31,0.22,1
623244.56,1282292.88,780.52,778.00,780.52,0.61,0.30,0.22,1
623336.81,1282292.88,789.33,787.00,789.33,0.60,0.30,0.22,1
623429.12,1282292.88,792.13,790.00,792.13,0.61,0.32,0.23,1
623521.38,1282292.88,786.97,785.00,786.97,0.62,0.33,0.25,1
623613.69,1282292.88,782.85,781.00,782.85,0.62,0.33,0.25,1
623705.94,1282292.88,781.76,780.00,781.76,0.62,0.34,0.25,1
623798.19,1282292.88,775.70,774.00,775.70,0.63,0.34,0.26,1
623890.50,1282292.88,766.65,765.00,766.65,0.63,0.35,0.27,1
623982.75,1282292.88,760.61,759.00,760.61,0.63,0.35,0.27,1
624075.06,1282292.88,760.58,759.00,760.58,0.62,0.34,0.26,1
624167.31,1282292.88,761.56,760.00,761.56,0.62,0.35,0.27,1
624259.62,1282292.88,759.54,758.00,759.54,0.62,0.35,0.27,1
624351.88,1282292.88,758.52,757.00,758.52,0.62,0.35,0.27,1
624444.19,1282292.88,757.50,756.00,757.50,0.62,0.35,0.27,1
624536.44,1282292.88,761.48,760.00,761.48,0.62,0.34,0.27,1
624628.69,1282292.88,768.46,767.00,768.46,0.62,0.34,0.26,1
624721.00,1282292.88,776.43,775.00,776.43,0.61,0.34,0.26,1
624813.25,1282292.88,782.40,781.00,782.40,0.62,0.34,0.27,1
624905.56,1282292.88,774.35,773.00,774.35,0.63,0.36,0.28,1
624997.81,1282292.88,763.28,762.00,763.28,0.63,0.37,0.29,1
625090.12,1282292.88,758.19,757.00,758.19,0.63,0.37,0.29,1
625182.38,1282292.88,759.10,758.00,759.10,0.63,0.37,0.30,1
625274.69,1282292.88,765.03,764.00,765.03,0.62,0.36,0.29,1
625366.94,1282292.88,772.14,771.12,772.14,0.58,0.32,0.25,1
625459.19,1282292.88,-9999.00,-9999.00,-9999.00,0.71,0.71,0.71,0
614385.88,1282200.62,-9999.00,-9999.00,-9999.00,0.71,0.71,0.71,0
614478.12,1282200.62,788.07,787.00,788.07,0.31,0.06,-0.02,1
614570.44,1282200.62,782.12,781.00,782.12,0.66,0.40,0.32,1
614662.69,1282200.62,770.13,769.00,770.13,0.65,0.39,0.32,1
614755.00,1282200.62,761.17,760.00,761.17,0.63,0.37,0.30,1
614847.25,1282200.62,766.24,765.00,766.24,0.61,0.34,0.27,1
614939.56,1282200.62,780.33,779.00,780.33,0.60,0.34,0.26,1
615031.81,1282200.62,789.42,788.00,789.42,0.61,0.34,0.26,1
615124.12,1282200.62,787.50,786.00,787.50,0.63,0.35,0.28,1
615216.38,1282200.62,785.56,784.00,785.56,0.63,0.35,0.27,1
615308.62,1282200.62,793.60,792.00,793.60,0.62,0.34,0.26,1
615400.94,1282200.62,794.63,793.00,794.63,0.63,0.35,0.27,1
615493.19,1282200.62,780.66,779.00,780.66,0.63,0.35,0.27,1
615585.50,1282200.62,769.67,768.00,769.67,0.62,0.34,0.26,1
615677.75,1282200.62,779.68,778.00,779.68,0.61,0.33,0.25,1
615770.06,1282200.62,794.68,793.00,794.68,0.61,0.33,0.25,1
615862.31,1282200.62,796.69,795.00,796.69,0.62,0.34,0.26,1
615954.62,1282200.62,782.69,781.00,782.69,0.63,0.35,0.27,1
616046.88,1282200.62,769.69,768.00,769.69,0.63,0.34,0.26,1
616139.12,1282200.62,774.69,773.00,774.69,0.63,0.35,0.27,1
616231.44,1282200.62,775.69,774.00,775.69,0.63,0.35,0.27,1
616323.69,1282200.62,769.69,768.00,769.69,0.62,0.34,0.25,1
616416.00,1282200.62,783.68,782.00,783.68,0.61,0.33,0.25,1
616508.25,1282200.62,786.68,785.00,786.68,0.63,0.34,0.26,1
616600.56,1282200.62,776.68,775.00,776.68,0.63,0.35,0.27,1
616692.81,1282200.62,773.67,772.00,773.67,0.63,0.35,0.27,1
616785.12,1282200.62,778.66,777.00,778.66,0.62,0.34,0.26,1
616877.38,1282200.62,773.65,772.00,773.65,0.62,0.34,0.26,1
616969.62,1282200.62,761.64,760.00,761.64,0.63,0.35,0.27,1
617061.94,1282200.62,770.62,769.00,770.62,0.62,0.34,0.26,1
617154.19,1282200.62,778.60,777.00,778.60,0.62,0.35,0.27,1
617246.50,1282200.62,773.59,772.00,773.59,0.63,0.35,0.27,1
617338.75,1282200.62,773.57,772.00,773.57,0.63,0.35,0.27,1
617431.06,1282200.62,769.57,768.00,769.57,0.63,0.35,0.27,1
617523.31,1282200.62,769.56,768.00,769.56,0.63,0.35,0.27,1
617615.62,1282200.62,757.56,756.00,757.56,0.63,0.35,0.27,1
617707.88,1282200.62,749.56,748.00,749.56,0.63,0.35,0.27,1
617800.12,1282200.62,753.56,752.00,753.56,0.63,0.35,0.28,1
617892.44,1282200.62,754.56,753.00,754.56,0.63,0.36,0.28,1
617984.69,1282200.62,755.56,754.00,755.56,0.63,0.36,0.28,1
618077.00,1282200.62,747.56,746.00,747.56,0.63,0.35,0.27,1
618169.25,1282200.62,743.57,742.00,743.57,0.62,0.34,0.27,1
618261.56,1282200.62,744.57,743.00,744.57,0.62,0.34,0.26,1
618353.81,1282200.62,746.58,745.00,746.58,0.62,0.35,0.27,1
618446.12,1282200.62,749.59,748.00,749.59,0.62,0.35,0.27,1
618538.38,1282200.62,757.59,756.00,757.59,0.63,0.35,0.27,1
618630.62,1282200.62,760.58,759.00,760.58,0.64,0.36,0.28,1
618722.94,1282200.62,755.59,754.00,755.59,0.64,0.36,0.28,1
618815.19,1282200.62,753.59,752.00,753.59,0.62,0.34,0.27,1
618907.50,1282200.62,757.60,756.00,757.60,0.61,0.33,0.25,1
618999.75,1282200.62,760.60,759.00,760.60,0.61,0.33,0.25,1
619092.06,1282200.62,765.61,764.00,765.61,0.61,0.33,0.25,1
619184.31,1282200.62,771.62,770.00,771.62,0.59,0.32,0.24,1
619276.62,1282200.62,792.63,791.00,792.63,0.59,0.31,0.23,1
619368.88,1282200.62,810.65,809.00,810.65,0.59,0.31,0.23,1
619461.19,1282200.62,822.68,821.00,822.68,0.59,0.31,0.23,1
619553.44,1282200.62,840.70,839.00,840.70,0.57,0.29,0.21,1
619645.69,1282200.62,870.65,869.00,870.65,0.57,0.29,0.21,1
619738.00,1282200.62,905.50,904.00,905.50,0.57,0.29,0.21,1
619830.25,1282200.62,939.26,938.00,939.26,0.57,0.30,0.23,1
619922.56,1282200.62,970.00,969.00,970.00,0.57,0.31,0.24,1
620014.81,1282200.62,994.79,994.00,994.79,0.56,0.32,0.25,1
620107.12,1282200.62,1015.63,1015.00,1015.63,0.56,0.33,0.26,1
620199.38,1282200.62,1036.50,1036.00,1036.50,0.55,0.32,0.26,1
620291.69,1282200.62,1066.41,1066.00,1066.41,0.53,0.32,0.26,1
620383.94,1282200.62,1100.35,1100.00,1100.35,0.54,0.33,0.28,1
620476.19,1282200.62,1129.35,1129.00,1129.35,0.59,0.39,0.33,1
620568.50,1282200.62,1138.37,1138.00,1138.37,0.62,0.41,0.36,1
620660.75,1282200.62,1150.38,1150.00,1150.38,0.63,0.42,0.36,1
620753.06,1282200.62,1159.36,1159.00,1159.36,0.64,0.43,0.37,1
620845.31,1282200.62,1171.28,1171.00,1171.28,0.62,0.43,0.37,1
620937.62,1282200.62,1180.17,1180.00,1180.17,0.57,0.39,0.34,1
621029.88,1282200.62,1196.08,1196.00,1196.08,0.53,0.39,0.28,1
621122.19,1282200.62,1216.03,1216.00,1216.03,0.52,0.38,0.28,1
621214.44,1282200.62,1233.01,1233.00,1233.01,0.51,0.37,0.27,1
621306.69,1282200.62,1254.00,1254.00,1254.00,0.49,0.35,0.24,1
621399.00,1282200.62,1281.00,1281.00,1281.00,0.48,0.34,0.24,1
621491.25,1282200.62,1307.00,1307.00,1307.00,0.51,0.37,0.27,1
621583.56,1282200.62,1317.00,1317.00,1317.00,0.55,0.41,0.31,1
621675.81,1282200.62,1324.00,1324.00,1324.00,0.54,0.40,0.30,1
621768.12,1282200.62,1332.00,1332.00,1332.00,0.55,0.41,0.31,1
621860.38,1282200.62,1339.00,1339.00,1339.00,0.68,0.54,0.44,1
621952.69,1282200.62,1308.00,1308.00,1308.00,0.82,0.68,0.57,1
622044.94,1282200.62,1235.00,1235.00,1235.00,0.84,0.70,0.59,1
622137.19,1282200.62,1175.00,1175.00,1175.00,0.83,0.69,0.58,1
622229.50,1282200.62,1118.00,1118.00,1118.00,0.82,0.68,0.58,1
622321.75,1282200.62,1063.00,1063.00,1063.00,0.83,0.69,0.58,1
622414.06,1282200.62,1021.01,1021.00,1021.01,0.82,0.68,0.58,1
622506.31,1282200.62,985.06,985.00,985.06,0.83,0.69,0.58,1
622598.62,1282200.62,948.34,948.00,948.34,0.73,0.52,0.47,1
622690.88,1282200.62,912.09,911.00,912.09,0.68,0.42,0.35,1
622783.19,1282200.62,883.96,882.00,883.96,0.64,0.35,0.27,1
622875.44,1282200.62,855.53,853.00,855.53,0.63,0.32,0.24,1
622967.69,1282200.62,823.76,821.00,823.76,0.62,0.31,0.23,1
623060.00,1282200.62,799.77,797.00,799.77,0.62,0.31,0.22,1
623152.25,1282200.62,786.72,784.00,786.72,0.62,0.31,0.22,1
623244.56,1282200.62,779.60,777.00,779.60,0.61,0.31,0.22,1
623336.81,1282200.62,782.39,780.00,782.39,0.61,0.31,0.22,1
623429.12,1282200.62,787.16,785.00,787.16,0.61,0.32,0.23,1
623521.38,1282200.62,783.00,781.00,783.00,0.62,0.33,0.24,1
623613.69,1282200.62,777.87,776.00,777.87,0.62,0.33,0.25,1
623705.94,1282200.62,775.78,774.00,775.78,0.62,0.33,0.25,1
623798.19,1282200.62,773.71,772.00,773.71,0.62,0.34,0.26,1
623890.50,1282200.62,769.66,768.00,769.66,0.63,0.35,0.27,1
623982.75,1282200.62,766.63,765.00,766.63,0.63,0.35,0.27,1
624075.06,1282200.62,765.60,764.00,765.60,0.63,0.35,0.27,1
624167.31,1282200.62,765.57,764.00,765.57,0.63,0.35,0.27,1
624259.62,1282200.62,764.55,763.00,764.55,0.63,0.35,0.27,1
624351.88,1282200.62,763.54,762.00,763.54,0.63,0.35,0.27,1
624444.19,1282200.62,759.52,758.00,759.52,0.62,0.35,0.27,1
624536.44,1282200.62,763.50,762.00,763.50,0.62,0.34,0.26,1
624628.69,1282200.62,771.48,770.00,771.48,0.62,0.34,0.26,1
624721.00,1282200.62,775.46,774.00,775.46,0.62,0.35,0.27,1
624813.25,1282200.62,775.42,774.00,775.42,0.62,0.35,0.27,1
624905.56,1282200.62,768.38,767.00,768.38,0.63,0.36,0.28,1
624997.81,1282200.62,760.32,759.00,760.32,0.63,0.36,0.28,1
625090.12,1282200.62,760.24,759.00,760.24,0.63,0.36,0.29,1
625182.38,1282200.62,765.15,764.00,765.15,0.63,0.37,0.30,1
625274.69,1282200.62,766.08,765.00,766.08,0.62,0.37,0.29,1
625366.94,1282200.62,778.90,777.87,778.90,0.58,0.32,0.25,1
625459.19,1282200.62,-9999.00,-9999.00,-9999.00,0.71,0.71,0.71,0
614385.88,1282108.38,-9999.00,-9999.00,-9999.00,0.71,0.71,0.71,0
614478.12,1282108.38,802.08,801.00,802.08,0.31,0.06,-0.02,1
614570.44,1282108.38,794.14,793.00,794.14,0.65,0.39,0.32,1
614662.69,1282108.38,781.15,780.00,781.15,0.65,0.39,0.32,1
614755.00,1282108.38,767.20,766.00,767.20,0.64,0.38,0.30,1
614847.25,1282108.38,764.27,763.00,764.27,0.62,0.36,0.28,1
614939.56,1282108.38,771.36,770.00,771.36,0.61,0.34,0.26,1
615031.81,1282108.38,776.45,775.00,776.45,0.60,0.33,0.25,1
615124.12,1282108.38,785.52,784.00,785.52,0.61,0.33,0.26,1
615216.38,1282108.38,790.57,789.00,790.57,0.62,0.34,0.26,1
615308.62,1282108.38,800.61,799.00,800.61,0.63,0.35,0.27,1
615400.94,1282108.38,798.64,797.00,798.64,0.64,0.36,0.28,1
615493.19,1282108.38,781.66,780.00,781.66,0.64,0.36,0.28,1
615585.50,1282108.38,773.67,772.00,773.67,0.63,0.35,0.27,1
615677.75,1282108.38,777.68,776.00,777.68,0.62,0.33,0.25,1
615770.06,1282108.38,788.68,787.00,788.68,0.61,0.33,0.25,1
615862.31,1282108.38,787.69,786.00,787.69,0.62,0.34,0.26,1
615954.62,1282108.38,776.69,775.00,776.69,0.63,0.35,0.26,1
616046.88,1282108.38,775.69,774.00,775.69,0.62,0.34,0.26,1
616139.12,1282108.38,786.69,785.00,786.69,0.63,0.34,0.26,1
616231.44,1282108.38,781.69,780.00,781.69,0.63,0.35,0.27,1
616323.69,1282108.38,768.69,767.00,768.69,0.63,0.35,0.27,1
616416.00,1282108.38,775.68,774.00,775.68,0.61,0.33,0.25,1
616508.25,1282108.38,779.68,778.00,779.68,0.61,0.33,0.25,1
616600.56,1282108.38,778.68,777.00,778.68,0.62,0.34,0.26,1
616692.81,1282108.38,780.67,779.00,780.67,0.63,0.35,0.27,1
616785.12,1282108.38,779.66,778.00,779.66,0.63,0.35,0.27,1
616877.38,1282108.38,770.65,769.00,770.65,0.62,0.34,0.26,1
616969.62,1282108.38,781.64,780.00,781.64,0.63,0.35,0.27,1
617061.94,1282108.38,778.63,777.00,778.63,0.63,0.35,0.27,1
617154.19,1282108.38,780.61,779.00,780.61,0.62,0.34,0.26,1
617246.50,1282108.38,779.59,778.00,779.59,0.62,0.35,0.27,1
617338.75,1282108.38,777.58,776.00,777.58,0.63,0.35,0.27,1
617431.06,1282108.38,770.58,769.00,770.58,0.63,0.35,0.27,1
617523.31,1282108.38,760.57,759.00,760.57,0.62,0.34,0.26,1
617615.62,1282108.38,751.57,750.00,751.57,0.62,0.34,0.26,1
617707.88,1282108.38,753.57,752.00,753.57,0.61,0.34,0.26,1
617800.12,1282108.38,771.57,770.00,771.57,0.62,0.34,0.27,1
617892.44,1282108.38,771.57,770.00,771.57,0.63,0.36,0.28,1
617984.69,1282108.38,768.57,767.00,768.57,0.64,0.37,0.29,1
618077.00,1282108.38,749.57,748.00,749.57,0.64,0.36,0.28,1
618169.25,1282108.38,743.58,742.00,743.58,0.62,0.34,0.27,1
618261.56,1282108.38,750.59,749.00,750.59,0.62,0.34,0.26,1
618353.81,1282108.38,758.60,757.00,758.60,0.62,0.34,0.26,1
618446.12,1282108.38,767.60,766.00,767.60,0.62,0.34,0.26,1
618538.38,1282108.38,783.61,782.00,783.61,0.63,0.35,0.27,1
618630.62,1282108.38,785.60,784.00,785.60,0.65,0.37,0.29,1
618722.94,1282108.38,769.61,768.00,769.61,0.65,0.37,0.29,1
618815.19,1282108.38,758.62,757.00,758.62,0.64,0.36,0.28,1
618907.50,1282108.38,751.62,750.00,751.62,0.62,0.34,0.26,1
618999.75,1282108.38,754.63,753.00,754.63,0.61,0.33,0.25,1
619092.06,1282108.38,760.64,759.00,760.64,0.61,0.33,0.25,1
619184.31,1282108.38,766.65,765.00,766.65,0.60,0.32,0.24,1
619276.62,1282108.38,782.66,781.00,782.66,0.59,0.31,0.23,1
619368.88,1282108.38,800.69,799.00,800.69,0.59,0.31,0.23,1
619461.19,1282108.38,812.72,811.00,812.72,0.60,0.31,0.23,1
619553.44,1282108.38,829.74,828.00,829.74,0.58,0.30,0.22,1
619645.69,1282108.38,862.72,861.00,862.72,0.57,0.29,0.21,1
619738.00,1282108.38,897.56,896.00,897.56,0.57,0.29,0.21,1
619830.25,1282108.38,930.28,929.00,930.28,0.56,0.30,0.22,1
619922.56,1282108.38,953.98,953.00,953.98,0.56,0.31,0.24,1
620014.81,1282108.38,972.70,972.00,972.70,0.55,0.31,0.25,1
620107.12,1282108.38,985.47,985.00,985.47,0.52,0.31,0.24,1
620199.38,1282108.38,1010.30,1010.00,1010.30,0.49,0.29,0.24,1
620291.69,1282108.38,1046.21,1046.00,1046.21,0.48,0.30,0.25,1
620383.94,1282108.38,1081.17,1081.00,1081.17,0.49,0.31,0.26,1
620476.19,1282108.38,1111.18,1111.00,1111.18,0.52,0.34,0.29,1
620568.50,1282108.38,1127.20,1127.00,1127.20,0.57,0.38,0.33,1
620660.75,1282108.38,1141.21,1141.00,1141.21,0.58,0.39,0.34,1
620753.06,1282108.38,1156.21,1156.00,1156.21,0.60,0.42,0.37,1
620845.31,1282108.38,1159.19,1159.00,1159.19,0.60,0.42,0.36,1
620937.62,1282108.38,1156.14,1156.00,1156.14,0.55,0.38,0.33,1
621029.88,1282108.38,1168.08,1168.00,1168.08,0.51,0.37,0.27,1
621122.19,1282108.38,1189.04,1189.00,1189.04,0.50,0.36,0.26,1
621214.44,1282108.38,1206.01,1206.00,1206.01,0.53,0.39,0.29,1
621306.69,1282108.38,1225.01,1225.00,1225.01,0.52,0.38,0.27,1
621399.00,1282108.38,1253.00,1253.00,1253.00,0.51,0.37,0.27,1
621491.25,1282108.38,1275.00,1275.00,1275.00,0.52,0.38,0.28,1
621583.56,1282108.38,1290.00,1290.00,1290.00,0.56,0.42,0.31,1
621675.81,1282108.38,1294.00,1294.00,1294.00,0.57,0.43,0.32,1
621768.12,1282108.38,1298.00,1298.00,1298.00,0.55,0.41,0.30,1
621860.38,1282108.38,1307.00,1307.00,1307.00,0.56,0.42,0.31,1
621952.69,1282108.38,1295.00,1295.00,1295.00,0.68,0.54,0.44,1
622044.94,1282108.38,1245.00,1245.00,1245.00,0.80,0.66,0.55,1
622137.19,1282108.38,1178.00,1178.00,1178.00,0.82,0.68,0.58,1
622229.50,1282108.38,1120.00,1120.00,1120.00,0.84,0.70,0.59,1
622321.75,1282108.38,1072.00,1072.00,1072.00,0.85,0.71,0.60,1
622414.06,1282108.38,1035.00,1035.00,1035.00,0.84,0.70,0.59,1
622506.31,1282108.38,1003.01,1003.00,1003.01,0.84,0.70,0.59,1
622598.62,1282108.38,972.09,972.00,972.09,0.84,0.70,0.60,1
622690.88,1282108.38,935.42,935.00,935.42,0.73,0.51,0.45,1
622783.19,1282108.38,896.21,895.00,896.21,0.67,0.41,0.34,1
622875.44,1282108.38,860.25,858.00,860.25,0.64,0.34,0.26,1
622967.69,1282108.38,824.82,822.00,824.82,0.63,0.31,0.22,1
623060.00,1282108.38,800.88,798.00,800.88,0.62,0.31,0.22,1
623152.25,1282108.38,785.81,783.00,785.81,0.62,0.30,0.22,1
623244.56,1282108.38,779.65,777.00,779.65,0.61,0.31,0.22,1
623336.81,1282108.38,781.40,779.00,781.40,0.61,0.31,0.22,1
623429.12,1282108.38,785.18,783.00,785.18,0.61,0.32,0.23,1
623521.38,1282108.38,782.01,780.00,782.01,0.62,0.33,0.24,1
623613.69,1282108.38,776.88,775.00,776.88,0.62,0.33,0.25,1
623705.94,1282108.38,774.79,773.00,774.79,0.62,0.33,0.25,1
623798.19,1282108.38,772.72,771.00,772.72,0.62,0.34,0.26,1
623890.50,1282108.38,770.68,769.00,770.68,0.62,0.34,0.26,1
623982.75,1282108.38,770.64,769.00,770.64,0.62,0.34,0.26,1
624075.06,1282108.38,771.61,770.00,771.61,0.62,0.34,0.26,1
624167.31,1282108.38,770.59,769.00,770.59,0.62,0.35,0.27,1
624259.62,1282108.38,767.57,766.00,767.57,0.63,0.35,0.27,1
624351.88,1282108.38,763.55,762.00,763.55,0.62,0.35,0.27,1
624444.19,1282108.38,762.54,761.00,762.54,0.62,0.35,0.27,1
624536.44,1282108.38,766.52,765.00,766.52,0.62,0.35,0.27,1
624628.69,1282108.38,771.50,770.00,771.50,0.62,0.35,0.27,1
624721.00,1282108.38,775.48,774.00,775.48,0.62,0.35,0.27,1
624813.25,1282108.38,774.45,773.00,774.45,0.63,0.35,0.28,1
624905.56,1282108.38,765.42,764.00,765.42,0.63,0.36,0.28,1
624997.81,1282108.38,759.37,758.00,759.37,0.62,0.35,0.28,1
625090.12,1282108.38,765.30,764.00,765.30,0.61,0.35,0.27,1
625182.38,1282108.38,775.22,774.00,775.22,0.62,0.36,0.28,1
625274.69,1282108.38,776.14,775.00,776.14,0.63,0.37,0.29,1
625366.94,1282108.38,785.67,784.62,785.67,0.58,0.32,0.25,1
625459.19,1282108.38,-9999.00,-9999.00,-9999.00,0.71,0.71,0.71,0
614385.88,1282016.00,-9999.00,-9999.00,-9999.00,0.71,0.71,0.71,0
614478.12,1282016.00,809.09,808.00,809.09,0.32,0.06,-0.02,1
614570.44,1282016.00,803.15,802.00,803.15,0.65,0.39,0.31,1
614662.69,1282016.00,785.16,784.00,785.16,0.65,0.39,0.31,1
614755.00,1282016.00,770.21,769.00,770.21,0.64,0.38,0.30,1
614847.25,1282016.00,764.29,763.00,764.29,0.63,0.37,0.29,1
614939.56,1282016.00,764.38,763.00,764.38,0.62,0.35,0.27,1
615031.81,1282016.00,768.47,767.00,768.47,0.61,0.34,0.26,1
615124.12,1282016.00,780.53,779.00,780.53,0.60,0.33,0.25,1
615216.38,1282016.00,798.58,797.00,798.58,0.61,0.33,0.25,1
615308.62,1282016.00,810.62,809.00,810.62,0.63,0.35,0.27,1
615400.94,1282016.00,804.64,803.00,804.64,0.64,0.36,0.28,1
615493.19,1282016.00,790.66,789.00,790.66,0.64,0.36,0.28,1
615585.50,1282016.00,786.67,785.00,786.67,0.64,0.36,0.27,1
615677.75,1282016.00,786.68,785.00,786.68,0.63,0.35,0.27,1
615770.06,1282016.00,789.68,788.00,789.68,0.63,0.35,0.27,1
615862.31,1282016.00,785.69,784.00,785.69,0.63,0.35,0.27,1
615954.62,1282016.00,782.69,781.00,782.69,0.63,0.35,0.27,1
616046.88,1282016.00,788.69,787.00,788.69,0.63,0.35,0.27,1
616139.12,1282016.00,792.69,791.00,792.69,0.63,0.35,0.27,1
616231.44,1282016.00,782.69,781.00,782.69,0.63,0.35,0.27,1
616323.69,1282016.00,777.69,776.00,777.69,0.63,0.35,0.27,1
616416.00,1282016.00,779.68,778.00,779.68,0.63,0.35,0.27,1
616508.25,1282016.00,776.68,775.00,776.68,0.62,0.34,0.26,1
616600.56,1282016.00,780.68,779.00,780.68,0.62,0.34,0.26,1
616692.81,1282016.00,789.67,788.00,789.67,0.62,0.34,0.26,1
616785.12,1282016.00,789.66,788.00,789.66,0.64,0.35,0.27,1
616877.38,1282016.00,783.65,782.00,783.65,0.63,0.35,0.27,1
616969.62,1282016.00,795.64,794.00,795.64,0.63,0.34,0.26,1
617061.94,1282016.00,786.63,785.00,786.63,0.63,0.35,0.27,1
617154.19,1282016.00,779.61,778.00,779.61,0.62,0.34,0.26,1
617246.50,1282016.00,774.60,773.00,774.60,0.62,0.34,0.26,1
617338.75,1282016.00,773.59,772.00,773.59,0.62,0.34,0.26,1
617431.06,1282016.00,763.59,762.00,763.59,0.62,0.35,0.27,1
617523.31,1282016.00,753.58,752.00,753.58,0.62,0.35,0.27,1
617615.62,1282016.00,750.58,749.00,750.58,0.63,0.35,0.27,1
617707.88,1282016.00,757.58,756.00,757.58,0.61,0.34,0.26,1
617800.12,1282016.00,774.57,773.00,774.57,0.61,0.33,0.25,1
617892.44,1282016.00,775.57,774.00,775.57,0.61,0.34,0.26,1
617984.69,1282016.00,779.57,778.00,779.57,0.63,0.35,0.27,1
618077.00,1282016.00,759.58,758.00,759.58,0.64,0.36,0.29,1
618169.25,1282016.00,746.59,745.00,746.59,0.63,0.35,0.27,1
618261.56,1282016.00,753.60,752.00,753.60,0.61,0.33,0.25,1
618353.81,1282016.00,768.61,767.00,768.61,0.61,0.33,0.25,1
618446.12,1282016.00,777.62,776.00,777.62,0.61,0.33,0.25,1
618538.38,1282016.00,796.62,795.00,796.62,0.61,0.33,0.25,1
618630.62,1282016.00,800.62,799.00,800.62,0.63,0.35,0.27,1
618722.94,1282016.00,784.63,783.00,784.63,0.64,0.37,0.29,1
618815.19,1282016.00,764.64,763.00,764.64,0.64,0.36,0.28,1
618907.50,1282016.00,753.64,752.00,753.64,0.64,0.36,0.28,1
618999.75,1282016.00,753.65,752.00,753.65,0.62,0.34,0.26,1
619092.06,1282016.00,757.66,756.00,757.66,0.61,0.33,0.25,1
619184.31,1282016.00,765.67,764.00,765.67,0.61,0.33,0.25,1
619276.62,1282016.00,776.69,775.00,776.69,0.60,0.32,0.24,1
619368.88,1282016.00,790.71,789.00,790.71,0.59,0.31,0.23,1
619461.19,1282016.00,809.74,808.00,809.74,0.59,0.31,0.23,1
619553.44,1282016.00,828.77,827.00,828.77,0.59,0.31,0.23,1
619645.69,1282016.00,853.77,852.00,853.77,0.58,0.29,0.21,1
619738.00,1282016.00,884.65,883.00,884.65,0.57,0.29,0.21,1
619830.25,1282016.00,912.38,911.00,912.38,0.56,0.29,0.21,1
619922.56,1282016.00,932.04,931.00,932.04,0.56,0.30,0.23,1
620014.81,1282016.00,940.70,940.00,940.70,0.55,0.32,0.25,1
620107.12,1282016.00,952.42,952.00,952.42,0.53,0.31,0.25,1
620199.38,1282016.00,978.22,978.00,978.22,0.47,0.28,0.23,1
620291.69,1282016.00,1020.11,1020.00,1020.11,0.43,0.27,0.22,1
620383.94,1282016.00,1056.08,1056.00,1056.08,0.47,0.33,0.22,1
620476.19,1282016.00,1086.08,1086.00,1086.08,0.50,0.36,0.25,1
620568.50,1282016.00,1109.09,1109.00,1109.09,0.53,0.39,0.28,1
620660.75,1282016.00,1128.10,1128.00,1128.10,0.54,0.38,0.33,1
620753.06,1282016.00,1143.11,1143.00,1143.11,0.58,0.42,0.37,1
620845.31,1282016.00,1134.10,1134.00,1134.10,0.59,0.42,0.38,1
620937.62,1282016.00,1125.09,1125.00,1125.09,0.58,0.44,0.34,1
621029.88,1282016.00,1132.06,1132.00,1132.06,0.51,0.37,0.27,1
621122.19,1282016.00,1153.03,1153.00,1153.03,0.47,0.33,0.22,1
621214.44,1282016.00,1180.01,1180.00,1180.01,0.48,0.34,0.23,1
621306.69,1282016.00,1204.00,1204.00,1204.00,0.51,0.37,0.26,1
621399.00,1282016.00,1232.00,1232.00,1232.00,0.53,0.39,0.28,1
621491.25,1282016.00,1252.00,1252.00,1252.00,0.56,0.42,0.32,1
621583.56,1282016.00,1261.00,1261.00,1261.00,0.58,0.44,0.33,1
621675.81,1282016.00,1264.00,1264.00,1264.00,0.58,0.44,0.34,1
621768.12,1282016.00,1266.00,1266.00,1266.00,0.57,0.43,0.33,1
621860.38,1282016.00,1266.00,1266.00,1266.00,0.55,0.41,0.31,1
621952.69,1282016.00,1257.00,1257.00,1257.00,0.59,0.45,0.35,1
622044.94,1282016.00,1230.00,1230.00,1230.00,0.70,0.56,0.46,1
622137.19,1282016.00,1188.00,1188.00,1188.00,0.81,0.67,0.57,1
622229.50,1282016.00,1143.00,1143.00,1143.00,0.85,0.71,0.61,1
622321.75,1282016.00,1100.00,1100.00,1100.00,0.86,0.72,0.62,1
622414.06,1282016.00,1059.00,1059.00,1059.00,0.86,0.72,0.61,1
622506.31,1282016.00,1026.00,1026.00,1026.00,0.85,0.71,0.61,1
622598.62,1282016.00,992.01,992.00,992.01,0.85,0.71,0.60,1
622690.88,1282016.00,951.10,951.00,951.10,0.84,0.70,0.59,1
622783.19,1282016.00,909.47,909.00,909.47,0.71,0.49,0.43,1
622875.44,1282016.00,870.59,869.00,870.59,0.66,0.38,0.30,1
622967.69,1282016.00,829.76,827.00,829.76,0.63,0.32,0.23,1
623060.00,1282016.00,797.97,795.00,797.97,0.62,0.31,0.21,1
623152.25,1282016.00,783.87,781.00,783.87,0.62,0.30,0.21,1
623244.56,1282016.00,780.67,778.00,780.67,0.62,0.31,0.22,1
623336.81,1282016.00,779.40,777.00,779.40,0.62,0.31,0.23,1
623429.12,1282016.00,777.18,775.00,777.18,0.62,0.32,0.23,1
623521.38,1282016.00,776.01,774.00,776.01,0.62,0.33,0.24,1
623613.69,1282016.00,773.89,772.00,773.89,0.62,0.33,0.25,1
623705.94,1282016.00,770.80,769.00,770.80,0.62,0.33,0.25,1
623798.19,1282016.00,769.74,768.00,769.74,0.62,0.33,0.25,1
623890.50,1282016.00,770.69,769.00,770.69,0.62,0.34,0.25,1
623982.75,1282016.00,771.65,770.00,771.65,0.62,0.34,0.26,1
624075.06,1282016.00,768.63,767.00,768.63,0.62,0.34,0.26,1
624167.31,1282016.00,765.61,764.00,765.61,0.62,0.34,0.26,1
624259.62,1282016.00,763.59,762.00,763.59,0.62,0.34,0.26,1
624351.88,1282016.00,761.57,760.00,761.57,0.62,0.34,0.26,1
624444.19,1282016.00,767.55,766.00,767.55,0.62,0.34,0.26,1
624536.44,1282016.00,775.54,774.00,775.54,0.62,0.35,0.27,1
624628.69,1282016.00,778.52,777.00,778.52,0.63,0.35,0.27,1
624721.00,1282016.00,780.50,779.00,780.50,0.63,0.35,0.27,1
624813.25,1282016.00,775.47,774.00,775.47,0.63,0.36,0.28,1
624905.56,1282016.00,765.44,764.00,765.44,0.63,0.36,0.28,1
624997.81,1282016.00,759.40,758.00,759.40,0.63,0.36,0.28,1
625090.12,1282016.00,762.34,761.00,762.34,0.61,0.34,0.27,1
625182.38,1282016.00,772.28,771.00,772.28,0.61,0.34,0.26,1
625274.69,1282016.00,778.22,777.00,778.22,0.61,0.35,0.27,1
625366.94,1282016.00,785.36,784.26,785.36,0.58,0.32,0.24,1
625459.19,1282016.00,-9999.00,-9999.00,-9999.00,0.71,0.71,0.71,0
614385.88,1281923.75,-9999.00,-9999.00,-9999.00,0.71,0.71,0.71,0
614478.12,1281923.75,810.09,809.00,810.09,0.32,0.06,-0.02,1
614570.44,1281923.75,806.16,805.00,806.16,0.64,0.38,0.31,1
614662.69,1281923.75,787.17,786.00,787.17,0.65,0.39,0.31,1
614755.00,1281923.75,774.22,773.00,774.22,0.65,0.38,0.31,1
614847.25,1281923.75,773.30,772.00,773.30,0.64,0.38,0.30,1
614939.56,1281923.75,769.40,768.00,769.40,0.64,0.37,0.29,1
615031.81,1281923.75,770.48,769.00,770.48,0.62,0.35,0.27,1
615124.12,1281923.75,784.54,783.00,784.54,0.61,0.33,0.25,1
615216.38,1281923.75,802.59,801.00,802.59,0.61,0.33,0.25,1
615308.62,1281923.75,815.62,814.00,815.62,0.62,0.34,0.26,1
615400.94,1281923.75,810.65,809.00,810.65,0.63,0.35,0.27,1
615493.19,1281923.75,805.66,804.00,805.66,0.64,0.35,0.27,1
615585.50,1281923.75,801.67,800.00,801.67,0.63,0.35,0.27,1
615677.75,1281923.75,804.68,803.00,804.68,0.63,0.35,0.27,1
615770.06,1281923.75,810.68,809.00,810.68,0.64,0.36,0.27,1
615862.31,1281923.75,805.68,804.00,805.68,0.64,0.36,0.28,1
615954.62,1281923.75,801.69,800.00,801.69,0.64,0.36,0.28,1
616046.88,1281923.75,803.69,802.00,803.69,0.64,0.36,0.28,1
616139.12,1281923.75,794.69,793.00,794.69,0.64,0.35,0.27,1
616231.44,1281923.75,786.69,785.00,786.69,0.63,0.35,0.27,1
616323.69,1281923.75,790.69,789.00,790.69,0.63,0.35,0.27,1
616416.00,1281923.75,789.68,788.00,789.68,0.63,0.35,0.27,1
616508.25,1281923.75,781.68,780.00,781.68,0.63,0.35,0.27,1
616600.56,1281923.75,788.67,787.00,788.67,0.62,0.34,0.26,1
616692.81,1281923.75,798.67,797.00,798.67,0.62,0.34,0.26,1
616785.12,1281923.75,803.66,802.00,803.66,0.63,0.35,0.27,1
616877.38,1281923.75,799.65,798.00,799.65,0.63,0.35,0.27,1
616969.62,1281923.75,792.64,791.00,792.64,0.62,0.34,0.26,1
617061.94,1281923.75,782.63,781.00,782.63,0.62,0.34,0.26,1
617154.19,1281923.75,772.62,771.00,772.62,0.62,0.34,0.26,1
617246.50,1281923.75,765.61,764.00,765.61,0.62,0.34,0.26,1
617338.75,1281923.75,764.60,763.00,764.60,0.62,0.34,0.26,1
617431.06,1281923.75,755.60,754.00,755.60,0.62,0.34,0.26,1
617523.31,1281923.75,753.59,752.00,753.59,0.62,0.34,0.26,1
617615.62,1281923.75,761.58,760.00,761.58,0.63,0.35,0.27,1
617707.88,1281923.75,766.57,765.00,766.57,0.63,0.35,0.27,1
617800.12,1281923.75,764.57,763.00,764.57,0.62,0.34,0.26,1
617892.44,1281923.75,761.58,760.00,761.58,0.60,0.33,0.25,1
617984.69,1281923.75,770.58,769.00,770.58,0.61,0.33,0.25,1
618077.00,1281923.75,759.58,758.00,759.58,0.63,0.35,0.27,1
618169.25,1281923.75,747.59,746.00,747.59,0.63,0.35,0.27,1
618261.56,1281923.75,751.60,750.00,751.60,0.61,0.33,0.25,1
618353.81,1281923.75,767.62,766.00,767.62,0.60,0.32,0.24,1
618446.12,1281923.75,778.62,777.00,778.62,0.60,0.32,0.24,1
618538.38,1281923.75,787.63,786.00,787.63,0.60,0.32,0.24,1
618630.62,1281923.75,787.64,786.00,787.64,0.60,0.32,0.24,1
618722.94,1281923.75,783.64,782.00,783.64,0.62,0.34,0.26,1
618815.19,1281923.75,777.65,776.00,777.65,0.64,0.36,0.28,1
618907.50,1281923.75,768.66,767.00,768.66,0.64,0.36,0.28,1
618999.75,1281923.75,760.67,759.00,760.67,0.64,0.35,0.27,1
619092.06,1281923.75,756.68,755.00,756.68,0.62,0.34,0.26,1
619184.31,1281923.75,763.69,762.00,763.69,0.61,0.32,0.24,1
619276.62,1281923.75,776.70,775.00,776.70,0.61,0.32,0.24,1
619368.88,1281923.75,786.73,785.00,786.73,0.60,0.32,0.24,1
619461.19,1281923.75,801.76,800.00,801.76,0.59,0.30,0.22,1
619553.44,1281923.75,825.80,824.00,825.80,0.58,0.30,0.22,1
619645.69,1281923.75,847.81,846.00,847.81,0.58,0.30,0.22,1
619738.00,1281923.75,868.75,867.00,868.75,0.57,0.29,0.21,1
619830.25,1281923.75,887.58,886.00,887.58,0.57,0.29,0.21,1
619922.56,1281923.75,899.27,898.00,899.27,0.56,0.29,0.22,1
620014.81,1281923.75,909.86,909.00,909.86,0.55,0.30,0.23,1
620107.12,1281923.75,926.45,926.00,926.45,0.53,0.32,0.26,1
620199.38,1281923.75,947.19,947.00,947.19,0.47,0.29,0.24,1
620291.69,1281923.75,986.07,986.00,986.07,0.40,0.26,0.15,1
620383.94,1281923.75,1027.04,1027.00,1027.04,0.41,0.27,0.17,1
620476.19,1281923.75,1060.04,1060.00,1060.04,0.45,0.31,0.20,1
620568.50,1281923.75,1078.04,1078.00,1078.04,0.46,0.32,0.22,1
620660.75,1281923.75,1103.04,1103.00,1103.04,0.50,0.36,0.25,1
620753.06,1281923.75,1117.05,1117.00,1117.05,0.55,0.41,0.31,1
620845.31,1281923.75,1103.05,1103.00,1103.05,0.59,0.45,0.35,1
620937.62,1281923.75,1095.05,1095.00,1095.05,0.57,0.43,0.32,1
621029.88,1281923.75,1099.04,1099.00,1099.04,0.53,0.39,0.28,1
621122.19,1281923.75,1116.03,1116.00,1116.03,0.48,0.34,0.23,1
621214.44,1281923.75,1143.01,1143.00,1143.01,0.43,0.29,0.19,1
621306.69,1281923.75,1176.00,1176.00,1176.00,0.44,0.30,0.20,1
621399.00,1281923.75,1209.00,1209.00,1209.00,0.48,0.34,0.23,1
621491.25,1281923.75,1232.00,1232.00,1232.00,0.54,0.40,0.30,1
621583.56,1281923.75,1239.00,1239.00,1239.00,0.58,0.44,0.33,1
621675.81,1281923.75,1239.00,1239.00,1239.00,0.57,0.43,0.32,1
621768.12,1281923.75,1235.00,1235.00,1235.00,0.56,0.42,0.31,1
621860.38,1281923.75,1228.00,1228.00,1228.00,0.54,0.40,0.30,1
621952.69,1281923.75,1216.00,1216.00,1216.00,0.55,0.41,0.30,1
622044.94,1281923.75,1200.00,1200.00,1200.00,0.59,0.45,0.34,1
622137.19,1281923.75,1186.00,1186.00,1186.00,0.68,0.54,0.44,1
622229.50,1281923.75,1162.00,1162.00,1162.00,0.79,0.65,0.54,1
622321.75,1281923.75,1126.00,1126.00,1126.00,0.84,0.70,0.59,1
622414.06,1281923.75,1089.00,1089.00,1089.00,0.85,0.71,0.61,1
622506.31,1281923.75,1055.00,1055.00,1055.00,0.86,0.72,0.62,1
622598.62,1281923.75,1013.00,1013.00,1013.00,0.85,0.71,0.61,1
622690.88,1281923.75,964.02,964.00,964.02,0.84,0.70,0.59,1
622783.19,1281923.75,917.14,917.00,917.14,0.75,0.58,0.53,1
622875.44,1281923.75,876.92,876.00,876.92,0.68,0.43,0.36,1
622967.69,1281923.75,835.45,833.00,835.45,0.64,0.33,0.25,1
623060.00,1281923.75,801.96,799.00,801.96,0.62,0.31,0.22,1
623152.25,1281923.75,787.88,785.00,787.88,0.62,0.31,0.22,1
623244.56,1281923.75,784.65,782.00,784.65,0.62,0.31,0.22,1
623336.81,1281923.75,783.38,781.00,783.38,0.62,0.32,0.23,1
623429.12,1281923.75,780.17,778.00,780.17,0.62,0.33,0.24,1
623521.38,1281923.75,779.01,777.00,779.01,0.63,0.34,0.25,1
623613.69,1281923.75,777.90,776.00,777.90,0.63,0.34,0.26,1
623705.94,1281923.75,772.81,771.00,772.81,0.63,0.35,0.27,1
623798.19,1281923.75,768.75,767.00,768.75,0.63,0.35,0.27,1
623890.50,1281923.75,765.70,764.00,765.70,0.63,0.34,0.26,1
623982.75,1281923.75,763.67,762.00,763.67,0.62,0.34,0.26,1
624075.06,1281923.75,761.64,760.00,761.64,0.63,0.34,0.26,1
624167.31,1281923.75,760.62,759.00,760.62,0.62,0.34,0.26,1
624259.62,1281923.75,760.61,759.00,760.61,0.62,0.34,0.26,1
624351.88,1281923.75,760.59,759.00,760.59,0.62,0.34,0.26,1
624444.19,1281923.75,769.57,768.00,769.57,0.61,0.33,0.25,1
624536.44,1281923.75,779.56,778.00,779.56,0.61,0.34,0.26,1
624628.69,1281923.75,782.54,781.00,782.54,0.62,0.35,0.27,1
624721.00,1281923.75,781.52,780.00,781.52,0.62,0.35,0.27,1
624813.25,1281923.75,775.49,774.00,775.49,0.63,0.35,0.28,1
624905.56,1281923.75,765.45,764.00,765.45,0.63,0.36,0.28,1
624997.81,1281923.75,760.41,759.00,760.41,0.63,0.36,0.28,1
625090.12,1281923.75,759.37,758.00,759.37,0.62,0.35,0.27,1
625182.38,1281923.75,762.33,761.00,762.33,0.61,0.34,0.27,1
625274.69,1281923.75,766.28,765.00,766.28,0.60,0.34,0.26,1
625366.94,1281923.75,777.96,776.81,777.96,0.58,0.32,0.24,1
625459.19,1281923.75,-9999.00,-9999.00,-9999.00,0.71,0.71,0.71,0
614385.88,1281831.50,-9999.00,-9999.00,-9999.00,0.71,0.71,0.71,0
614478.12,1281831.50,808.06,807.00,808.06,0.31,0.05,-0.02,1
614570.44,1281831.50,809.12,808.00,809.12,0.64,0.38,0.31,1
614662.69,1281831.50,794.16,793.00,794.16,0.65,0.39,0.31,1
614755.00,1281831.50,789.22,788.00,789.22,0.65,0.38,0.31,1
614847.25,1281831.50,793.31,792.00,793.31,0.65,0.38,0.30,1
614939.56,1281831.50,785.41,784.00,785.41,0.65,0.38,0.30,1
615031.81,1281831.50,779.49,778.00,779.49,0.63,0.36,0.28,1
615124.12,1281831.50,791.55,790.00,791.55,0.61,0.33,0.25,1
615216.38,1281831.50,807.59,806.00,807.59,0.61,0.33,0.25,1
615308.62,1281831.50,811.62,810.00,811.62,0.62,0.34,0.26,1
615400.94,1281831.50,806.65,805.00,806.65,0.62,0.34,0.26,1
615493.19,1281831.50,811.66,810.00,811.66,0.62,0.34,0.26,1
615585.50,1281831.50,814.67,813.00,814.67,0.62,0.34,0.26,1
615677.75,1281831.50,817.68,816.00,817.68,0.62,0.34,0.26,1
615770.06,1281831.50,827.68,826.00,827.68,0.62,0.34,0.26,1
615862.31,1281831.50,827.68,826.00,827.68,0.63,0.35,0.27,1
615954.62,1281831.50,826.68,825.00,826.68,0.64,0.36,0.28,1
616046.88,1281831.50,820.68,819.00,820.68,0.64,0.36,0.28,1
616139.12,1281831.50,807.68,806.00,807.68,0.64,0.36,0.28,1
616231.44,1281831.50,807.68,806.00,807.68,0.64,0.36,0.28,1
616323.69,1281831.50,802.68,801.00,802.68,0.64,0.35,0.27,1
616416.00,1281831.50,794.68,793.00,794.68,0.63,0.35,0.27,1
616508.25,1281831.50,788.68,787.00,788.68,0.63,0.35,0.27,1
616600.56,1281831.50,797.67,796.00,797.67,0.62,0.34,0.26,1
616692.81,1281831.50,803.67,802.00,803.67,0.62,0.34,0.26,1
616785.12,1281831.50,804.66,803.00,804.66,0.62,0.34,0.26,1
616877.38,1281831.50,798.65,797.00,798.65,0.63,0.35,0.27,1
616969.62,1281831.50,780.64,779.00,780.64,0.62,0.34,0.26,1
617061.94,1281831.50,771.64,770.00,771.64,0.62,0.34,0.26,1
617154.19,1281831.50,764.63,763.00,764.63,0.62,0.34,0.26,1
617246.50,1281831.50,758.62,757.00,758.62,0.63,0.35,0.27,1
617338.75,1281831.50,754.61,753.00,754.61,0.62,0.34,0.26,1
617431.06,1281831.50,752.60,751.00,752.60,0.62,0.34,0.26,1
617523.31,1281831.50,757.60,756.00,757.60,0.61,0.34,0.26,1
617615.62,1281831.50,776.59,775.00,776.59,0.62,0.34,0.26,1
617707.88,1281831.50,776.58,775.00,776.58,0.64,0.36,0.28,1
617800.12,1281831.50,762.58,761.00,762.58,0.63,0.36,0.28,1
617892.44,1281831.50,750.58,749.00,750.58,0.62,0.34,0.26,1
617984.69,1281831.50,756.58,755.00,756.58,0.61,0.33,0.25,1
618077.00,1281831.50,752.59,751.00,752.59,0.62,0.34,0.26,1
618169.25,1281831.50,748.60,747.00,748.60,0.62,0.35,0.27,1
618261.56,1281831.50,751.61,750.00,751.61,0.62,0.34,0.26,1
618353.81,1281831.50,754.62,753.00,754.62,0.61,0.33,0.25,1
618446.12,1281831.50,762.63,761.00,762.63,0.60,0.32,0.24,1
618538.38,1281831.50,766.64,765.00,766.64,0.60,0.32,0.24,1
618630.62,1281831.50,766.65,765.00,766.65,0.60,0.32,0.24,1
618722.94,1281831.50,768.66,767.00,768.66,0.60,0.32,0.24,1
618815.19,1281831.50,780.66,779.00,780.66,0.62,0.34,0.26,1
618907.50,1281831.50,781.67,780.00,781.67,0.63,0.35,0.27,1
618999.75,1281831.50,771.68,770.00,771.68,0.64,0.36,0.28,1
619092.06,1281831.50,756.69,755.00,756.69,0.63,0.35,0.27,1
619184.31,1281831.50,759.70,758.00,759.70,0.61,0.33,0.25,1
619276.62,1281831.50,772.71,771.00,772.71,0.60,0.32,0.24,1
619368.88,1281831.50,779.74,778.00,779.74,0.60,0.32,0.24,1
619461.19,1281831.50,790.77,789.00,790.77,0.59,0.31,0.23,1
619553.44,1281831.50,811.82,810.00,811.82,0.58,0.30,0.21,1
619645.69,1281831.50,832.87,831.00,832.87,0.58,0.30,0.21,1
619738.00,1281831.50,841.92,840.00,841.92,0.58,0.29,0.21,1
619830.25,1281831.50,856.93,855.00,856.93,0.57,0.28,0.20,1
619922.56,1281831.50,866.77,865.00,866.77,0.57,0.29,0.21,1
620014.81,1281831.50,878.36,877.00,878.36,0.56,0.29,0.21,1
620107.12,1281831.50,898.72,898.00,898.72,0.54,0.30,0.23,1
620199.38,1281831.50,916.23,916.00,916.23,0.50,0.31,0.26,1
620291.69,1281831.50,940.06,940.00,940.06,0.42,0.28,0.17,1
620383.94,1281831.50,979.03,979.00,979.03,0.38,0.24,0.13,1
620476.19,1281831.50,1007.02,1007.00,1007.02,0.39,0.25,0.14,1
620568.50,1281831.50,1030.02,1030.00,1030.02,0.39,0.25,0.15,1
620660.75,1281831.50,1062.02,1062.00,1062.02,0.42,0.28,0.17,1
620753.06,1281831.50,1071.02,1071.00,1071.02,0.47,0.33,0.23,1
620845.31,1281831.50,1064.02,1064.00,1064.02,0.52,0.38,0.27,1
620937.62,1281831.50,1057.03,1057.00,1057.03,0.52,0.38,0.28,1
621029.88,1281831.50,1063.03,1063.00,1063.03,0.50,0.36,0.25,1
621122.19,1281831.50,1081.02,1081.00,1081.02,0.48,0.34,0.24,1
621214.44,1281831.50,1102.01,1102.00,1102.01,0.45,0.31,0.20,1
621306.69,1281831.50,1136.00,1136.00,1136.00,0.41,0.27,0.17,1
621399.00,1281831.50,1172.00,1172.00,1172.00,0.43,0.29,0.19,1
621491.25,1281831.50,1199.00,1199.00,1199.00,0.49,0.35,0.25,1
621583.56,1281831.50,1206.00,1206.00,1206.00,0.54,0.40,0.29,1
621675.81,1281831.50,1196.00,1196.00,1196.00,0.52,0.38,0.27,1
621768.12,1281831.50,1188.00,1188.00,1188.00,0.50,0.36,0.26,1
621860.38,1281831.50,1175.00,1175.00,1175.00,0.50,0.36,0.25,1
621952.69,1281831.50,1162.00,1162.00,1162.00,0.49,0.35,0.24,1
622044.94,1281831.50,1152.00,1152.00,1152.00,0.50,0.36,0.26,1
622137.19,1281831.50,1149.00,1149.00,1149.00,0.53,0.39,0.28,1
622229.50,1281831.50,1147.00,1147.00,1147.00,0.61,0.47,0.36,1
622321.75,1281831.50,1132.00,1132.00,1132.00,0.72,0.58,0.47,1
622414.06,1281831.50,1112.00,1112.00,1112.00,0.80,0.66,0.56,1
622506.31,1281831.50,1083.00,1083.00,1083.00,0.85,0.71,0.60,1
622598.62,1281831.50,1032.00,1032.00,1032.00,0.85,0.71,0.60,1
622690.88,1281831.50,976.01,976.00,976.01,0.84,0.70,0.59,1
622783.19,1281831.50,926.07,926.00,926.07,0.83,0.69,0.58,1
622875.44,1281831.50,882.57,882.00,882.57,0.70,0.48,0.41,1
622967.69,1281831.50,843.00,841.00,843.00,0.65,0.36,0.28,1
623060.00,1281831.50,814.75,812.00,814.75,0.63,0.32,0.23,1
623152.25,1281831.50,802.76,800.00,802.76,0.63,0.32,0.23,1
623244.56,1281831.50,798.58,796.00,798.58,0.63,0.32,0.23,1
623336.81,1281831.50,796.34,794.00,796.34,0.63,0.32,0.24,1
623429.12,1281831.50,794.15,792.00,794.15,0.63,0.33,0.25,1
623521.38,1281831.50,798.00,796.00,798.00,0.63,0.34,0.26,1
623613.69,1281831.50,798.89,797.00,798.89,0.64,0.35,0.27,1
623705.94,1281831.50,790.82,789.00,790.82,0.64,0.36,0.28,1
623798.19,1281831.50,784.76,783.00,784.76,0.64,0.35,0.27,1
623890.50,1281831.50,776.72,775.00,776.72,0.63,0.35,0.27,1
623982.75,1281831.50,773.69,772.00,773.69,0.63,0.35,0.27,1
624075.06,1281831.50,772.66,771.00,772.66,0.63,0.35,0.27,1
624167.31,1281831.50,768.64,767.00,768.64,0.63,0.35,0.27,1
624259.62,1281831.50,762.63,761.00,762.63,0.63,0.35,0.27,1
624351.88,1281831.50,761.61,760.00,761.61,0.62,0.34,0.26,1
624444.19,1281831.50,766.59,765.00,766.59,0.62,0.34,0.26,1
624536.44,1281831.50,776.57,775.00,776.57,0.62,0.34,0.26,1
624628.69,1281831.50,781.55,780.00,781.55,0.63,0.35,0.27,1
624721.00,1281831.50,777.53,776.00,777.53,0.63,0.35,0.27,1
624813.25,1281831.50,770.50,769.00,770.50,0.62,0.35,0.27,1
624905.56,1281831.50,765.45,764.00,765.45,0.63,0.35,0.28,1
624997.81,1281831.50,762.41,761.00,762.41,0.63,0.36,0.28,1
625090.12,1281831.50,760.37,759.00,760.37,0.63,0.36,0.28,1
625182.38,1281831.50,761.35,760.00,761.35,0.62,0.35,0.28,1
625274.69,1281831.50,763.34,762.00,763.34,0.62,0.35,0.27,1
625366.94,1281831.50,770.57,769.36,770.57,0.58,0.31,0.24,1
625459.19,1281831.50,-9999.00,-9999.00,-9999.00,0.71,0.71,0.71,0
614385.88,1281739.25,-9999.00,-9999.00,-9999.00,0.71,0.71,0.71,0
614478.12,1281739.25,803.02,802.00,803.02,0.30,0.05,-0.02,1
614570.44,1281739.25,809.06,808.00,809.06,0.63,0.37,0.30,1
614662.69,1281739.25,801.12,800.00,801.12,0.64,0.38,0.30,1
614755.00,1281739.25,808.21,807.00,808.21,0.63,0.37,0.29,1
614847.25,1281739.25,814.32,813.00,814.32,0.64,0.37,0.29,1
614939.56,1281739.25,804.41,803.00,804.41,0.65,0.38,0.30,1
615031.81,1281739.25,791.49,790.00,791.49,0.64,0.36,0.28,1
615124.12,1281739.25,796.55,795.00,796.55,0.62,0.34,0.26,1
615216.38,1281739.25,806.59,805.00,806.59,0.61,0.34,0.26,1
615308.62,1281739.25,803.62,802.00,803.62,0.61,0.33,0.25,1
615400.94,1281739.25,802.64,801.00,802.64,0.61,0.33,0.25,1
615493.19,1281739.25,812.66,811.00,812.66,0.62,0.33,0.25,1
615585.50,1281739.25,814.67,813.00,814.67,0.62,0.34,0.26,1
615677.75,1281739.25,814.67,813.00,814.67,0.61,0.33,0.25,1
615770.06,1281739.25,825.68,824.00,825.68,0.60,0.32,0.24,1
615862.31,1281739.25,829.68,828.00,829.68,0.61,0.33,0.25,1
615954.62,1281739.25,829.68,828.00,829.68,0.62,0.34,0.26,1
616046.88,1281739.25,825.68,824.00,825.68,0.63,0.34,0.26,1
616139.12,1281739.25,826.68,825.00,826.68,0.63,0.35,0.27,1
616231.44,1281739.25,825.68,824.00,825.68,0.64,0.36,0.28,1
616323.69,1281739.25,806.68,805.00,806.68,0.64,0.36,0.28,1
616416.00,1281739.25,796.68,795.00,796.68,0.63,0.35,0.27,1
616508.25,1281739.25,800.67,799.00,800.67,0.63,0.35,0.27,1
616600.56,1281739.25,808.67,807.00,808.67,0.63,0.35,0.27,1
616692.81,1281739.25,811.67,810.00,811.67,0.64,0.36,0.28,1
616785.12,1281739.25,799.66,798.00,799.66,0.63,0.35,0.27,1
616877.38,1281739.25,791.65,790.00,791.65,0.63,0.35,0.27,1
616969.62,1281739.25,774.65,773.00,774.65,0.64,0.35,0.27,1
617061.94,1281739.25,767.64,766.00,767.64,0.63,0.35,0.27,1
617154.19,1281739.25,764.63,763.00,764.63,0.63,0.35,0.27,1
617246.50,1281739.25,764.62,763.00,764.62,0.64,0.36,0.28,1
617338.75,1281739.25,758.61,757.00,758.61,0.64,0.36,0.28,1
617431.06,1281739.25,755.60,754.00,755.60,0.62,0.35,0.27,1
617523.31,1281739.25,767.60,766.00,767.60,0.61,0.34,0.26,1
617615.62,1281739.25,782.59,781.00,782.59,0.62,0.34,0.26,1
617707.88,1281739.25,781.58,780.00,781.58,0.63,0.36,0.28,1
617800.12,1281739.25,763.58,762.00,763.58,0.64,0.36,0.28,1
617892.44,1281739.25,750.58,749.00,750.58,0.63,0.35,0.27,1
617984.69,1281739.25,753.59,752.00,753.59,0.62,0.35,0.27,1
618077.00,1281739.25,748.59,747.00,748.59,0.62,0.34,0.26,1
618169.25,1281739.25,750.60,749.00,750.60,0.62,0.34,0.26,1
618261.56,1281739.25,754.61,753.00,754.61,0.62,0.34,0.26,1
618353.81,1281739.25,753.62,752.00,753.62,0.63,0.35,0.27,1
618446.12,1281739.25,751.63,750.00,751.63,0.62,0.34,0.26,1
618538.38,1281739.25,754.64,753.00,754.64,0.62,0.34,0.26,1
618630.62,1281739.25,754.65,753.00,754.65,0.61,0.33,0.25,1
618722.94,1281739.25,765.66,764.00,765.66,0.60,0.32,0.24,1
618815.19,1281739.25,783.67,782.00,783.67,0.61,0.32,0.24,1
618907.50,1281739.25,784.68,783.00,784.68,0.63,0.34,0.26,1
618999.75,1281739.25,770.69,769.00,770.69,0.63,0.35,0.27,1
619092.06,1281739.25,759.69,758.00,759.69,0.63,0.35,0.27,1
619184.31,1281739.25,758.70,757.00,758.70,0.62,0.34,0.26,1
619276.62,1281739.25,763.72,762.00,763.72,0.61,0.32,0.24,1
619368.88,1281739.25,772.74,771.00,772.74,0.60,0.32,0.24,1
619461.19,1281739.25,784.78,783.00,784.78,0.60,0.32,0.24,1
619553.44,1281739.25,798.84,797.00,798.84,0.59,0.31,0.23,1
619645.69,1281739.25,810.92,809.00,810.92,0.59,0.30,0.22,1
619738.00,1281739.25,815.02,813.00,815.02,0.59,0.30,0.21,1
619830.25,1281739.25,827.19,825.00,827.19,0.59,0.29,0.20,1
619922.56,1281739.25,837.34,835.00,837.34,0.58,0.28,0.20,1
620014.81,1281739.25,846.22,844.00,846.22,0.57,0.27,0.19,1
620107.12,1281739.25,865.56,864.00,865.56,0.55,0.28,0.20,1
620199.38,1281739.25,881.64,881.00,881.64,0.52,0.29,0.22,1
620291.69,1281739.25,901.17,901.00,901.17,0.48,0.30,0.25,1
620383.94,1281739.25,924.06,924.00,924.06,0.43,0.29,0.18,1
620476.19,1281739.25,948.04,948.00,948.04,0.40,0.26,0.15,1
620568.50,1281739.25,973.03,973.00,973.03,0.38,0.23,0.13,1
620660.75,1281739.25,999.02,999.00,999.02,0.36,0.22,0.12,1
620753.06,1281739.25,1008.02,1008.00,1008.02,0.41,0.27,0.16,1
620845.31,1281739.25,1005.02,1005.00,1005.02,0.46,0.32,0.21,1
620937.62,1281739.25,1008.02,1008.00,1008.02,0.49,0.35,0.24,1
621029.88,1281739.25,1021.02,1021.00,1021.02,0.49,0.35,0.24,1
621122.19,1281739.25,1044.01,1044.00,1044.01,0.48,0.34,0.24,1
621214.44,1281739.25,1066.00,1066.00,1066.00,0.48,0.34,0.24,1
621306.69,1281739.25,1096.00,1096.00,1096.00,0.45,0.31,0.20,1
621399.00,1281739.25,1133.00,1133.00,1133.00,0.43,0.29,0.18,1
621491.25,1281739.25,1159.00,1159.00,1159.00,0.46,0.32,0.22,1
621583.56,1281739.25,1156.00,1156.00,1156.00,0.50,0.36,0.26,1
621675.81,1281739.25,1137.00,1137.00,1137.00,0.50,0.36,0.25,1
621768.12,1281739.25,1125.00,1125.00,1125.00,0.47,0.33,0.23,1
621860.38,1281739.25,1113.00,1113.00,1113.00,0.48,0.34,0.24,1
621952.69,1281739.25,1099.00,1099.00,1099.00,0.49,0.35,0.25,1
622044.94,1281739.25,1096.00,1096.00,1096.00,0.49,0.35,0.24,1
622137.19,1281739.25,1099.00,1099.00,1099.00,0.48,0.34,0.24,1
622229.50,1281739.25,1103.00,1103.00,1103.00,0.50,0.36,0.25,1
622321.75,1281739.25,1106.00,1106.00,1106.00,0.57,0.43,0.33,1
622414.06,1281739.25,1109.00,1109.00,1109.00,0.69,0.55,0.44,1
622506.31,1281739.25,1096.00,1096.00,1096.00,0.81,0.67,0.56,1
622598.62,1281739.25,1045.00,1045.00,1045.00,0.85,0.71,0.60,1
622690.88,1281739.25,988.01,988.00,988.01,0.84,0.70,0.60,1
622783.19,1281739.25,937.07,937.00,937.07,0.83,0.69,0.59,1
622875.44,1281739.25,896.45,896.00,896.45,0.71,0.50,0.44,1
622967.69,1281739.25,864.46,863.00,864.46,0.67,0.39,0.31,1
623060.00,1281739.25,843.20,841.00,843.20,0.65,0.35,0.26,1
623152.25,1281739.25,832.40,830.00,832.40,0.64,0.34,0.25,1
623244.56,1281739.25,820.36,818.00,820.36,0.64,0.34,0.25,1
623336.81,1281739.25,810.23,808.00,810.23,0.63,0.33,0.25,1
623429.12,1281739.25,817.10,815.00,817.10,0.62,0.33,0.25,1
623521.38,1281739.25,832.99,831.00,832.99,0.63,0.34,0.26,1
623613.69,1281739.25,833.88,832.00,833.88,0.65,0.36,0.28,1
623705.94,1281739.25,816.82,815.00,816.82,0.65,0.36,0.28,1
623798.19,1281739.25,795.77,794.00,795.77,0.64,0.36,0.27,1
623890.50,1281739.25,783.74,782.00,783.74,0.63,0.35,0.27,1
623982.75,1281739.25,777.71,776.00,777.71,0.63,0.34,0.26,1
624075.06,1281739.25,773.69,772.00,773.69,0.62,0.34,0.26,1
624167.31,1281739.25,768.67,767.00,768.67,0.63,0.34,0.26,1
624259.62,1281739.25,763.65,762.00,763.65,0.62,0.34,0.26,1
624351.88,1281739.25,763.63,762.00,763.63,0.62,0.34,0.26,1
624444.19,1281739.25,774.61,773.00,774.61,0.62,0.34,0.26,1
624536.44,1281739.25,788.59,787.00,788.59,0.62,0.35,0.27,1
624628.69,1281739.25,789.57,788.00,789.57,0.63,0.36,0.28,1
624721.00,1281739.25,777.54,776.00,777.54,0.63,0.36,0.28,1
624813.25,1281739.25,767.50,766.00,767.50,0.63,0.35,0.27,1
624905.56,1281739.25,764.46,763.00,764.46,0.62,0.35,0.27,1
624997.81,1281739.25,762.41,761.00,762.41,0.62,0.35,0.28,1
625090.12,1281739.25,762.37,761.00,762.37,0.63,0.35,0.28,1
625182.38,1281739.25,764.36,763.00,764.36,0.63,0.36,0.28,1
625274.69,1281739.25,764.37,763.00,764.37,0.63,0.36,0.28,1
625366.94,1281739.25,767.11,765.89,767.11,0.58,0.31,0.24,1
625459.19,1281739.25,-9999.00,-9999.00,-9999.00,0.71,0.71,0.71,0
614385.88,1281646.88,-9999.00,-9999.00,-9999.00,0.71,0.71,0.71,0
614478.12,1281646.88,800.05,799.00,800.05,0.31,0.05,-0.02,1
614570.44,1281646.88,808.11,807.00,808.11,0.62,0.36,0.29,1
614662.69,1281646.88,808.12,807.00,808.12,0.63,0.37,0.29,1
614755.00,1281646.88,813.21,812.00,813.21,0.62,0.35,0.28,1
614847.25,1281646.88,815.32,814.00,815.32,0.62,0.36,0.28,1
614939.56,1281646.88,805.42,804.00,805.42,0.63,0.36,0.28,1
615031.81,1281646.88,798.49,797.00,798.49,0.63,0.35,0.27,1
615124.12,1281646.88,803.55,802.00,803.55,0.62,0.35,0.27,1
615216.38,1281646.88,801.59,800.00,801.59,0.62,0.34,0.26,1
615308.62,1281646.88,793.62,792.00,793.62,0.61,0.33,0.25,1
615400.94,1281646.88,797.64,796.00,797.64,0.61,0.33,0.25,1
615493.19,1281646.88,813.66,812.00,813.66,0.61,0.33,0.25,1
615585.50,1281646.88,815.66,814.00,815.66,0.63,0.34,0.26,1
615677.75,1281646.88,808.67,807.00,808.67,0.62,0.34,0.26,1
615770.06,1281646.88,811.67,810.00,811.67,0.60,0.32,0.24,1
615862.31,1281646.88,815.67,814.00,815.67,0.61,0.32,0.24,1
615954.62,1281646.88,819.68,818.00,819.68,0.61,0.33,0.25,1
616046.88,1281646.88,827.68,826.00,827.68,0.62,0.33,0.25,1
616139.12,1281646.88,837.68,836.00,837.68,0.62,0.34,0.26,1
616231.44,1281646.88,835.68,834.00,835.68,0.64,0.36,0.28,1
616323.69,1281646.88,814.67,813.00,814.67,0.65,0.37,0.28,1
616416.00,1281646.88,803.67,802.00,803.67,0.63,0.35,0.27,1
616508.25,1281646.88,820.67,819.00,820.67,0.62,0.34,0.26,1
616600.56,1281646.88,831.67,830.00,831.67,0.64,0.36,0.28,1
616692.81,1281646.88,828.66,827.00,828.66,0.65,0.36,0.28,1
616785.12,1281646.88,809.66,808.00,809.66,0.65,0.37,0.29,1
616877.38,1281646.88,795.65,794.00,795.65,0.64,0.36,0.28,1
616969.62,1281646.88,785.65,784.00,785.65,0.65,0.36,0.28,1
617061.94,1281646.88,780.64,779.00,780.64,0.64,0.36,0.28,1
617154.19,1281646.88,779.63,778.00,779.63,0.64,0.36,0.28,1
617246.50,1281646.88,782.62,781.00,782.62,0.64,0.36,0.28,1
617338.75,1281646.88,775.61,774.00,775.61,0.64,0.36,0.28,1
617431.06,1281646.88,768.60,767.00,768.60,0.63,0.35,0.27,1
617523.31,1281646.88,773.60,772.00,773.60,0.62,0.34,0.26,1
617615.62,1281646.88,781.59,780.00,781.59,0.61,0.33,0.25,1
617707.88,1281646.88,779.59,778.00,779.59,0.63,0.35,0.27,1
617800.12,1281646.88,760.59,759.00,760.59,0.64,0.36,0.28,1
617892.44,1281646.88,756.59,755.00,756.59,0.63,0.35,0.27,1
617984.69,1281646.88,760.60,759.00,760.60,0.63,0.35,0.27,1
618077.00,1281646.88,749.60,748.00,749.60,0.63,0.35,0.27,1
618169.25,1281646.88,750.61,749.00,750.61,0.62,0.34,0.26,1
618261.56,1281646.88,758.61,757.00,758.61,0.62,0.34,0.26,1
618353.81,1281646.88,765.62,764.00,765.62,0.63,0.35,0.27,1
618446.12,1281646.88,768.63,767.00,768.63,0.63,0.35,0.27,1
618538.38,1281646.88,768.65,767.00,768.65,0.64,0.36,0.28,1
618630.62,1281646.88,759.66,758.00,759.66,0.64,0.36,0.28,1
618722.94,1281646.88,759.67,758.00,759.67,0.61,0.33,0.25,1
618815.19,1281646.88,772.68,771.00,772.68,0.60,0.32,0.24,1
618907.50,1281646.88,778.68,777.00,778.68,0.61,0.33,0.25,1
618999.75,1281646.88,772.69,771.00,772.69,0.63,0.35,0.27,1
619092.06,1281646.88,770.69,769.00,770.69,0.63,0.35,0.27,1
619184.31,1281646.88,766.70,765.00,766.70,0.63,0.35,0.27,1
619276.62,1281646.88,759.72,758.00,759.72,0.62,0.33,0.25,1
619368.88,1281646.88,770.75,769.00,770.75,0.60,0.32,0.24,1
619461.19,1281646.88,783.79,782.00,783.79,0.61,0.32,0.24,1
619553.44,1281646.88,789.85,788.00,789.85,0.61,0.32,0.24,1
619645.69,1281646.88,792.94,791.00,792.94,0.60,0.31,0.23,1
619738.00,1281646.88,800.06,798.00,800.06,0.60,0.30,0.22,1
619830.25,1281646.88,811.26,809.00,811.26,0.60,0.30,0.22,1
619922.56,1281646.88,809.57,807.00,809.57,0.60,0.29,0.20,1
620014.81,1281646.88,812.82,810.00,812.82,0.59,0.27,0.19,1
620107.12,1281646.88,829.71,827.00,829.71,0.58,0.27,0.18,1
620199.38,1281646.88,843.94,842.00,843.94,0.56,0.27,0.19,1
620291.69,1281646.88,865.95,865.00,865.95,0.53,0.28,0.21,1
620383.94,1281646.88,885.46,885.00,885.46,0.51,0.30,0.23,1
620476.19,1281646.88,897.31,897.00,897.31,0.48,0.28,0.22,1
620568.50,1281646.88,911.23,911.00,911.23,0.45,0.26,0.20,1
620660.75,1281646.88,921.17,921.00,921.17,0.42,0.24,0.19,1
620753.06,1281646.88,933.10,933.00,933.10,0.42,0.26,0.21,1
620845.31,1281646.88,947.05,947.00,947.05,0.45,0.31,0.20,1
620937.62,1281646.88,968.03,968.00,968.03,0.48,0.34,0.24,1
621029.88,1281646.88,990.02,990.00,990.02,0.49,0.35,0.24,1
621122.19,1281646.88,1013.01,1013.00,1013.01,0.46,0.32,0.22,1
621214.44,1281646.88,1042.00,1042.00,1042.00,0.46,0.32,0.21,1
621306.69,1281646.88,1072.00,1072.00,1072.00,0.47,0.33,0.22,1
621399.00,1281646.88,1092.00,1092.00,1092.00,0.44,0.30,0.20,1
621491.25,1281646.88,1102.00,1102.00,1102.00,0.44,0.30,0.19,1
621583.56,1281646.88,1095.00,1095.00,1095.00,0.48,0.34,0.24,1
621675.81,1281646.88,1077.00,1077.00,1077.00,0.51,0.37,0.27,1
621768.12,1281646.88,1063.00,1063.00,1063.00,0.49,0.35,0.25,1
621860.38,1281646.88,1053.01,1053.00,1053.01,0.49,0.35,0.24,1
621952.69,1281646.88,1050.01,1050.00,1050.01,0.51,0.37,0.26,1
622044.94,1281646.88,1049.01,1049.00,1049.01,0.52,0.38,0.27,1
622137.19,1281646.88,1049.00,1049.00,1049.00,0.51,0.37,0.27,1
622229.50,1281646.88,1056.00,1056.00,1056.00,0.52,0.38,0.27,1
622321.75,1281646.88,1072.00,1072.00,1072.00,0.53,0.39,0.29,1
622414.06,1281646.88,1094.00,1094.00,1094.00,0.60,0.46,0.35,1
622506.31,1281646.88,1098.00,1098.00,1098.00,0.74,0.60,0.50,1
622598.62,1281646.88,1063.00,1063.00,1063.00,0.83,0.69,0.59,1
622690.88,1281646.88,1004.02,1004.00,1004.02,0.84,0.70,0.60,1
622783.19,1281646.88,949.10,949.00,949.10,0.77,0.61,0.56,1
622875.44,1281646.88,908.45,908.00,908.45,0.72,0.50,0.44,1
622967.69,1281646.88,884.12,883.00,884.12,0.67,0.41,0.34,1
623060.00,1281646.88,875.59,874.00,875.59,0.65,0.38,0.30,1
623152.25,1281646.88,867.84,866.00,867.84,0.65,0.37,0.28,1
623244.56,1281646.88,846.96,845.00,846.96,0.65,0.36,0.28,1
623336.81,1281646.88,834.00,832.00,834.00,0.64,0.35,0.26,1
623429.12,1281646.88,847.96,846.00,847.96,0.63,0.34,0.25,1
623521.38,1281646.88,863.89,862.00,863.89,0.63,0.35,0.26,1
623613.69,1281646.88,859.83,858.00,859.83,0.64,0.36,0.28,1
623705.94,1281646.88,828.81,827.00,828.81,0.64,0.36,0.28,1
623798.19,1281646.88,797.79,796.00,797.79,0.64,0.35,0.27,1
623890.50,1281646.88,779.76,778.00,779.76,0.63,0.35,0.27,1
623982.75,1281646.88,772.74,771.00,772.74,0.63,0.34,0.26,1
624075.06,1281646.88,769.72,768.00,769.72,0.62,0.34,0.26,1
624167.31,1281646.88,767.70,766.00,767.70,0.63,0.34,0.26,1
624259.62,1281646.88,764.67,763.00,764.67,0.62,0.34,0.26,1
624351.88,1281646.88,766.65,765.00,766.65,0.61,0.33,0.25,1
624444.19,1281646.88,783.63,782.00,783.63,0.61,0.33,0.25,1
624536.44,1281646.88,800.60,799.00,800.60,0.62,0.34,0.26,1
624628.69,1281646.88,794.57,793.00,794.57,0.63,0.36,0.28,1
624721.00,1281646.88,775.54,774.00,775.54,0.64,0.36,0.28,1
624813.25,1281646.88,764.50,763.00,764.50,0.63,0.35,0.27,1
624905.56,1281646.88,762.45,761.00,762.45,0.62,0.35,0.27,1
624997.81,1281646.88,762.40,761.00,762.40,0.62,0.35,0.27,1
625090.12,1281646.88,764.36,763.00,764.36,0.62,0.35,0.27,1
625182.38,1281646.88,771.34,770.00,771.34,0.62,0.35,0.27,1
625274.69,1281646.88,771.34,770.00,771.34,0.63,0.36,0.28,1
625366.94,1281646.88,767.57,766.41,767.57,0.58,0.32,0.24,1
625459.19,1281646.88,-9999.00,-9999.00,-9999.00,0.71,0.71,0.71,0
614385.88,1281554.62,-9999.00,-9999.00,-9999.00,0.71,0.71,0.71,0
614478.12,1281554.62,807.13,806.00,807.13,0.32,0.06,-0.01,1
614570.44,1281554.62,810.21,809.00,810.21,0.62,0.36,0.28,1
614662.69,1281554.62,804.17,803.00,804.17,0.62,0.36,0.28,1
614755.00,1281554.62,804.23,803.00,804.23,0.61,0.35,0.27,1
614847.25,1281554.62,805.32,804.00,805.32,0.62,0.35,0.27,1
614939.56,1281554.62,797.41,796.00,797.41,0.62,0.34,0.27,1
615031.81,1281554.62,797.49,796.00,797.49,0.61,0.34,0.26,1
615124.12,1281554.62,803.55,802.00,803.55,0.62,0.34,0.26,1
615216.38,1281554.62,793.59,792.00,793.59,0.62,0.34,0.26,1
615308.62,1281554.62,787.62,786.00,787.62,0.62,0.34,0.26,1
615400.94,1281554.62,797.64,796.00,797.64,0.61,0.33,0.25,1
615493.19,1281554.62,813.65,812.00,813.65,0.61,0.33,0.25,1
615585.50,1281554.62,818.66,817.00,818.66,0.62,0.34,0.26,1
615677.75,1281554.62,807.66,806.00,807.66,0.62,0.34,0.26,1
615770.06,1281554.62,804.67,803.00,804.67,0.61,0.33,0.25,1
615862.31,1281554.62,810.67,809.00,810.67,0.61,0.33,0.25,1
615954.62,1281554.62,821.67,820.00,821.67,0.61,0.33,0.25,1
616046.88,1281554.62,834.67,833.00,834.67,0.61,0.33,0.25,1
616139.12,1281554.62,839.66,838.00,839.66,0.62,0.33,0.25,1
616231.44,1281554.62,835.66,834.00,835.66,0.62,0.34,0.26,1
616323.69,1281554.62,829.66,828.00,829.66,0.64,0.36,0.28,1
616416.00,1281554.62,820.66,819.00,820.66,0.63,0.35,0.27,1
616508.25,1281554.62,838.66,837.00,838.66,0.62,0.34,0.26,1
616600.56,1281554.62,854.66,853.00,854.66,0.63,0.35,0.27,1
616692.81,1281554.62,842.66,841.00,842.66,0.65,0.37,0.28,1
616785.12,1281554.62,823.66,822.00,823.66,0.65,0.37,0.29,1
616877.38,1281554.62,816.65,815.00,816.65,0.65,0.37,0.29,1
616969.62,1281554.62,812.65,811.00,812.65,0.65,0.37,0.29,1
617061.94,1281554.62,805.64,804.00,805.64,0.65,0.37,0.29,1
617154.19,1281554.62,796.63,795.00,796.63,0.64,0.36,0.28,1
617246.50,1281554.62,790.63,789.00,790.63,0.63,0.36,0.28,1
617338.75,1281554.62,780.62,779.00,780.62,0.63,0.35,0.27,1
617431.06,1281554.62,773.61,772.00,773.61,0.63,0.35,0.27,1
617523.31,1281554.62,769.60,768.00,769.60,0.62,0.34,0.26,1
617615.62,1281554.62,773.60,772.00,773.60,0.61,0.33,0.25,1
617707.88,1281554.62,776.60,775.00,776.60,0.62,0.34,0.26,1
617800.12,1281554.62,767.60,766.00,767.60,0.63,0.36,0.28,1
617892.44,1281554.62,763.60,762.00,763.60,0.63,0.35,0.27,1
617984.69,1281554.62,759.60,758.00,759.60,0.63,0.35,0.27,1
618077.00,1281554.62,749.61,748.00,749.61,0.63,0.35,0.27,1
618169.25,1281554.62,750.61,749.00,750.61,0.62,0.34,0.26,1
618261.56,1281554.62,761.61,760.00,761.61,0.61,0.33,0.25,1
618353.81,1281554.62,774.62,773.00,774.62,0.62,0.34,0.26,1
618446.12,1281554.62,779.63,778.00,779.63,0.63,0.35,0.27,1
618538.38,1281554.62,785.65,784.00,785.65,0.64,0.35,0.27,1
618630.62,1281554.62,778.66,777.00,778.66,0.65,0.36,0.28,1
618722.94,1281554.62,768.67,767.00,768.67,0.64,0.36,0.28,1
618815.19,1281554.62,764.68,763.00,764.68,0.62,0.34,0.26,1
618907.50,1281554.62,769.68,768.00,769.68,0.61,0.33,0.25,1
618999.75,1281554.62,777.69,776.00,777.69,0.62,0.34,0.26,1
619092.06,1281554.62,781.69,780.00,781.69,0.63,0.35,0.27,1
619184.31,1281554.62,773.70,772.00,773.70,0.64,0.35,0.27,1
619276.62,1281554.62,761.72,760.00,761.72,0.63,0.34,0.26,1
619368.88,1281554.62,766.75,765.00,766.75,0.61,0.32,0.24,1
619461.19,1281554.62,779.79,778.00,779.79,0.60,0.32,0.24,1
619553.44,1281554.62,781.85,780.00,781.85,0.61,0.32,0.24,1
619645.69,1281554.62,784.94,783.00,784.94,0.61,0.32,0.23,1
619738.00,1281554.62,793.07,791.00,793.07,0.60,0.31,0.23,1
619830.25,1281554.62,798.27,796.00,798.27,0.60,0.30,0.22,1
619922.56,1281554.62,799.58,797.00,799.58,0.61,0.30,0.21,1
620014.81,1281554.62,791.93,789.00,791.93,0.60,0.29,0.20,1
620107.12,1281554.62,799.14,796.00,799.14,0.59,0.27,0.18,1
620199.38,1281554.62,810.04,807.00,810.04,0.58,0.27,0.18,1
620291.69,1281554.62,830.46,828.00,830.46,0.57,0.27,0.18,1
620383.94,1281554.62,846.87,845.00,846.87,0.57,0.28,0.20,1
620476.19,1281554.62,849.63,848.00,849.63,0.56,0.28,0.20,1
620568.50,1281554.62,854.51,853.00,854.51,0.55,0.28,0.20,1
620660.75,1281554.62,867.32,866.00,867.32,0.54,0.27,0.20,1
620753.06,1281554.62,890.91,890.00,890.91,0.53,0.28,0.21,1
620845.31,1281554.62,911.42,911.00,911.42,0.51,0.30,0.24,1
620937.62,1281554.62,938.16,938.00,938.16,0.49,0.31,0.26,1
621029.88,1281554.62,957.05,957.00,957.05,0.48,0.34,0.24,1
621122.19,1281554.62,974.01,974.00,974.01,0.45,0.31,0.21,1
621214.44,1281554.62,1000.00,1000.00,1000.00,0.44,0.30,0.19,1
621306.69,1281554.62,1025.00,1025.00,1025.00,0.44,0.30,0.19,1
621399.00,1281554.62,1033.00,1033.00,1033.00,0.44,0.30,0.20,1
621491.25,1281554.62,1035.00,1035.00,1035.00,0.45,0.31,0.21,1
621583.56,1281554.62,1035.00,1035.00,1035.00,0.49,0.35,0.24,1
621675.81,1281554.62,1025.01,1025.00,1025.01,0.53,0.39,0.28,1
621768.12,1281554.62,1009.03,1009.00,1009.03,0.53,0.39,0.28,1
621860.38,1281554.62,1002.05,1002.00,1002.05,0.52,0.38,0.27,1
621952.69,1281554.62,1003.05,1003.00,1003.05,0.50,0.36,0.26,1
622044.94,1281554.62,1006.05,1006.00,1006.05,0.52,0.38,0.27,1
622137.19,1281554.62,1014.02,1014.00,1014.02,0.54,0.40,0.30,1
622229.50,1281554.62,1033.00,1033.00,1033.00,0.57,0.43,0.32,1
622321.75,1281554.62,1057.00,1057.00,1057.00,0.58,0.44,0.34,1
622414.06,1281554.62,1079.00,1079.00,1079.00,0.58,0.44,0.34,1
622506.31,1281554.62,1092.00,1092.00,1092.00,0.66,0.52,0.42,1
622598.62,1281554.62,1067.01,1067.00,1067.01,0.77,0.63,0.52,1
622690.88,1281554.62,1015.04,1015.00,1015.04,0.81,0.67,0.57,1
622783.19,1281554.62,964.17,964.00,964.17,0.75,0.57,0.52,1
622875.44,1281554.62,928.52,928.00,928.52,0.71,0.48,0.42,1
622967.69,1281554.62,907.01,906.00,907.01,0.67,0.42,0.35,1
623060.00,1281554.62,900.32,899.00,900.32,0.65,0.39,0.31,1
623152.25,1281554.62,890.51,889.00,890.51,0.65,0.38,0.30,1
623244.56,1281554.62,874.64,873.00,874.64,0.65,0.37,0.29,1
623336.81,1281554.62,873.70,872.00,873.70,0.64,0.35,0.27,1
623429.12,1281554.62,888.71,887.00,888.71,0.63,0.35,0.27,1
623521.38,1281554.62,888.72,887.00,888.72,0.64,0.36,0.27,1
623613.69,1281554.62,859.74,858.00,859.74,0.64,0.36,0.27,1
623705.94,1281554.62,819.80,818.00,819.80,0.64,0.35,0.27,1
623798.19,1281554.62,795.80,794.00,795.80,0.63,0.35,0.27,1
623890.50,1281554.62,783.79,782.00,783.79,0.63,0.35,0.26,1
623982.75,1281554.62,778.78,777.00,778.78,0.63,0.34,0.26,1
624075.06,1281554.62,776.76,775.00,776.76,0.63,0.34,0.26,1
624167.31,1281554.62,773.73,772.00,773.73,0.63,0.34,0.26,1
624259.62,1281554.62,766.71,765.00,766.71,0.63,0.34,0.26,1
624351.88,1281554.62,769.68,768.00,769.68,0.61,0.33,0.25,1
624444.19,1281554.62,784.64,783.00,784.64,0.60,0.32,0.24,1
624536.44,1281554.62,795.61,794.00,795.61,0.61,0.33,0.25,1
624628.69,1281554.62,790.58,789.00,790.58,0.63,0.35,0.27,1
624721.00,1281554.62,776.54,775.00,776.54,0.64,0.36,0.28,1
624813.25,1281554.62,765.50,764.00,765.50,0.63,0.36,0.28,1
624905.56,1281554.62,763.45,762.00,763.45,0.62,0.35,0.27,1
624997.81,1281554.62,765.39,764.00,765.39,0.63,0.35,0.28,1
625090.12,1281554.62,764.34,763.00,764.34,0.62,0.36,0.28,1
625182.38,1281554.62,765.30,764.00,765.30,0.62,0.35,0.27,1
625274.69,1281554.62,769.27,768.00,769.27,0.62,0.35,0.28,1
625366.94,1281554.62,768.04,766.92,768.04,0.58,0.32,0.24,1
625459.19,1281554.62,-9999.00,-9999.00,-9999.00,0.71,0.71,0.71,0
614385.88,1281462.38,-9999.00,-9999.00,-9999.00,0.71,0.71,0.71,0
614478.12,1281462.38,801.17,800.00,801.17,0.33,0.06,-0.01,1
614570.44,1281462.38,801.26,800.00,801.26,0.61,0.35,0.27,1
614662.69,1281462.38,791.24,790.00,791.24,0.61,0.35,0.27,1
614755.00,1281462.38,796.26,795.00,796.26,0.61,0.34,0.27,1
614847.25,1281462.38,796.32,795.00,796.32,0.61,0.35,0.27,1
614939.56,1281462.38,787.41,786.00,787.41,0.62,0.34,0.27,1
615031.81,1281462.38,788.49,787.00,788.49,0.61,0.34,0.26,1
615124.12,1281462.38,791.55,790.00,791.55,0.62,0.34,0.26,1
615216.38,1281462.38,787.59,786.00,787.59,0.63,0.35,0.27,1
615308.62,1281462.38,787.62,786.00,787.62,0.62,0.34,0.26,1
615400.94,1281462.38,800.63,799.00,800.63,0.61,0.33,0.25,1
615493.19,1281462.38,812.65,811.00,812.65,0.61,0.33,0.25,1
615585.50,1281462.38,811.65,810.00,811.65,0.62,0.34,0.26,1
615677.75,1281462.38,799.65,798.00,799.65,0.62,0.34,0.26,1
615770.06,1281462.38,800.66,799.00,800.66,0.61,0.33,0.25,1
615862.31,1281462.38,810.66,809.00,810.66,0.61,0.33,0.25,1
615954.62,1281462.38,824.65,823.00,824.65,0.61,0.32,0.24,1
616046.88,1281462.38,835.65,834.00,835.65,0.61,0.33,0.25,1
616139.12,1281462.38,829.65,828.00,829.65,0.61,0.33,0.25,1
616231.44,1281462.38,827.65,826.00,827.65,0.61,0.33,0.25,1
616323.69,1281462.38,834.65,833.00,834.65,0.61,0.33,0.25,1
616416.00,1281462.38,838.65,837.00,838.65,0.62,0.34,0.26,1
616508.25,1281462.38,854.65,853.00,854.65,0.61,0.33,0.25,1
616600.56,1281462.38,861.65,860.00,861.65,0.62,0.34,0.26,1
616692.81,1281462.38,850.65,849.00,850.65,0.64,0.35,0.27,1
616785.12,1281462.38,846.65,845.00,846.65,0.64,0.36,0.28,1
616877.38,1281462.38,842.65,841.00,842.65,0.64,0.36,0.28,1
616969.62,1281462.38,836.64,835.00,836.64,0.65,0.37,0.29,1
617061.94,1281462.38,822.64,821.00,822.64,0.65,0.37,0.29,1
617154.19,1281462.38,806.64,805.00,806.64,0.65,0.37,0.29,1
617246.50,1281462.38,792.63,791.00,792.63,0.64,0.36,0.28,1
617338.75,1281462.38,777.62,776.00,777.62,0.63,0.35,0.27,1
617431.06,1281462.38,770.61,769.00,770.61,0.63,0.35,0.27,1
617523.31,1281462.38,764.61,763.00,764.61,0.63,0.35,0.27,1
617615.62,1281462.38,765.61,764.00,765.61,0.61,0.34,0.26,1
617707.88,1281462.38,768.61,767.00,768.61,0.61,0.33,0.25,1
617800.12,1281462.38,771.61,770.00,771.61,0.62,0.34,0.26,1
617892.44,1281462.38,768.61,767.00,768.61,0.63,0.35,0.27,1
617984.69,1281462.38,759.61,758.00,759.61,0.63,0.35,0.27,1
618077.00,1281462.38,752.62,751.00,752.62,0.63,0.35,0.27,1
618169.25,1281462.38,751.62,750.00,751.62,0.62,0.34,0.26,1
618261.56,1281462.38,763.62,762.00,763.62,0.60,0.33,0.25,1
618353.81,1281462.38,782.63,781.00,782.63,0.61,0.33,0.25,1
618446.12,1281462.38,789.64,788.00,789.64,0.62,0.34,0.26,1
618538.38,1281462.38,796.65,795.00,796.65,0.62,0.34,0.26,1
618630.62,1281462.38,796.66,795.00,796.66,0.64,0.36,0.28,1
618722.94,1281462.38,781.67,780.00,781.67,0.64,0.36,0.28,1
618815.19,1281462.38,767.68,766.00,767.68,0.63,0.35,0.27,1
618907.50,1281462.38,773.69,772.00,773.69,0.62,0.34,0.25,1
618999.75,1281462.38,786.69,785.00,786.69,0.62,0.34,0.26,1
619092.06,1281462.38,787.69,786.00,787.69,0.63,0.35,0.27,1
619184.31,1281462.38,777.70,776.00,777.70,0.63,0.35,0.27,1
619276.62,1281462.38,763.72,762.00,763.72,0.63,0.35,0.27,1
619368.88,1281462.38,761.75,760.00,761.75,0.62,0.33,0.25,1
619461.19,1281462.38,768.79,767.00,768.79,0.61,0.32,0.24,1
619553.44,1281462.38,773.85,772.00,773.85,0.61,0.32,0.24,1
619645.69,1281462.38,779.94,778.00,779.94,0.60,0.32,0.23,1
619738.00,1281462.38,786.07,784.00,786.07,0.60,0.31,0.23,1
619830.25,1281462.38,787.26,785.00,787.26,0.60,0.30,0.22,1
619922.56,1281462.38,790.54,788.00,790.54,0.61,0.30,0.21,1
620014.81,1281462.38,784.87,782.00,784.87,0.61,0.30,0.21,1
620107.12,1281462.38,782.07,779.00,782.07,0.60,0.29,0.20,1
620199.38,1281462.38,788.12,785.00,788.12,0.60,0.28,0.19,1
620291.69,1281462.38,801.05,798.00,801.05,0.59,0.27,0.18,1
620383.94,1281462.38,811.84,809.00,811.84,0.59,0.27,0.19,1
620476.19,1281462.38,818.75,816.00,818.75,0.59,0.28,0.19,1
620568.50,1281462.38,826.70,824.00,826.70,0.59,0.28,0.19,1
620660.75,1281462.38,843.61,841.00,843.61,0.59,0.28,0.19,1
620753.06,1281462.38,864.27,862.00,864.27,0.57,0.28,0.19,1
620845.31,1281462.38,885.58,884.00,885.58,0.56,0.28,0.20,1
620937.62,1281462.38,904.85,904.00,904.85,0.54,0.29,0.22,1
621029.88,1281462.38,915.37,915.00,915.37,0.50,0.30,0.24,1
621122.19,1281462.38,928.12,928.00,928.12,0.45,0.29,0.24,1
621214.44,1281462.38,956.03,956.00,956.03,0.44,0.30,0.20,1
621306.69,1281462.38,971.02,971.00,971.02,0.46,0.32,0.21,1
621399.00,1281462.38,974.02,974.00,974.02,0.46,0.32,0.21,1
621491.25,1281462.38,983.03,983.00,983.03,0.48,0.34,0.24,1
621583.56,1281462.38,985.05,985.00,985.05,0.52,0.38,0.27,1
621675.81,1281462.38,976.14,976.00,976.14,0.53,0.36,0.31,1
621768.12,1281462.38,964.27,964.00,964.27,0.54,0.35,0.29,1
621860.38,1281462.38,960.34,960.00,960.34,0.54,0.34,0.28,1
621952.69,1281462.38,959.34,959.00,959.34,0.53,0.33,0.27,1
622044.94,1281462.38,968.26,968.00,968.26,0.51,0.32,0.27,1
622137.19,1281462.38,993.09,993.00,993.09,0.50,0.36,0.26,1
622229.50,1281462.38,1030.02,1030.00,1030.02,0.54,0.40,0.29,1
622321.75,1281462.38,1057.01,1057.00,1057.01,0.60,0.46,0.35,1
622414.06,1281462.38,1067.00,1067.00,1067.00,0.60,0.46,0.35,1
622506.31,1281462.38,1066.01,1066.00,1066.01,0.60,0.46,0.36,1
622598.62,1281462.38,1048.02,1048.00,1048.02,0.69,0.55,0.44,1
622690.88,1281462.38,1009.09,1009.00,1009.09,0.76,0.62,0.52,1
622783.19,1281462.38,971.28,971.00,971.28,0.71,0.52,0.46,1
622875.44,1281462.38,941.62,941.00,941.62,0.69,0.46,0.39,1
622967.69,1281462.38,923.98,923.00,923.98,0.67,0.41,0.34,1
623060.00,1281462.38,914.21,913.00,914.21,0.65,0.39,0.31,1
623152.25,1281462.38,899.37,898.00,899.37,0.65,0.38,0.30,1
623244.56,1281462.38,888.47,887.00,888.47,0.64,0.37,0.29,1
623336.81,1281462.38,890.53,889.00,890.53,0.63,0.36,0.28,1
623429.12,1281462.38,887.57,886.00,887.57,0.63,0.35,0.27,1
623521.38,1281462.38,871.61,870.00,871.61,0.63,0.35,0.27,1
623613.69,1281462.38,847.67,846.00,847.67,0.64,0.36,0.28,1
623705.94,1281462.38,817.79,816.00,817.79,0.65,0.36,0.28,1
623798.19,1281462.38,794.83,793.00,794.83,0.64,0.35,0.27,1
623890.50,1281462.38,785.84,784.00,785.84,0.63,0.34,0.26,1
623982.75,1281462.38,780.83,779.00,780.83,0.62,0.34,0.25,1
624075.06,1281462.38,778.81,777.00,778.81,0.62,0.34,0.26,1
624167.31,1281462.38,772.77,771.00,772.77,0.62,0.34,0.26,1
624259.62,1281462.38,769.73,768.00,769.73,0.62,0.34,0.26,1
624351.88,1281462.38,774.69,773.00,774.69,0.62,0.34,0.26,1
624444.19,1281462.38,781.66,780.00,781.66,0.62,0.34,0.26,1
624536.44,1281462.38,788.62,787.00,788.62,0.61,0.33,0.25,1
624628.69,1281462.38,789.59,788.00,789.59,0.62,0.35,0.27,1
624721.00,1281462.38,778.55,777.00,778.55,0.63,0.36,0.28,1
624813.25,1281462.38,768.50,767.00,768.50,0.63,0.36,0.28,1
624905.56,1281462.38,765.45,764.00,765.45,0.63,0.35,0.28,1
624997.81,1281462.38,766.38,765.00,766.38,0.62,0.35,0.28,1
625090.12,1281462.38,764.30,763.00,764.30,0.63,0.36,0.28,1
625182.38,1281462.38,764.24,763.00,764.24,0.63,0.36,0.29,1
625274.69,1281462.38,766.20,765.00,766.20,0.62,0.36,0.28,1
625366.94,1281462.38,770.11,769.04,770.11,0.58,0.32,0.25,1
625459.19,1281462.38,-9999.00,-9999.00,-9999.00,0.71,0.71,0.71,0
614385.88,1281370.12,-9999.00,-9999.00,-9999.00,0.71,0.71,0.71,0
614478.12,1281370.12,784.16,783.00,784.16,0.33,0.06,-0.01,1
614570.44,1281370.12,783.24,782.00,783.24,0.60,0.34,0.26,1
614662.69,1281370.12,780.26,779.00,780.26,0.61,0.35,0.27,1
614755.00,1281370.12,784.28,783.00,784.28,0.61,0.35,0.27,1
614847.25,1281370.12,783.33,782.00,783.33,0.62,0.35,0.27,1
614939.56,1281370.12,778.41,777.00,778.41,0.62,0.35,0.27,1
615031.81,1281370.12,782.49,781.00,782.49,0.61,0.34,0.26,1
615124.12,1281370.12,797.55,796.00,797.55,0.62,0.34,0.26,1
615216.38,1281370.12,802.59,801.00,802.59,0.64,0.36,0.28,1
615308.62,1281370.12,793.61,792.00,793.61,0.64,0.36,0.28,1
615400.94,1281370.12,795.63,794.00,795.63,0.61,0.33,0.25,1
615493.19,1281370.12,804.64,803.00,804.64,0.61,0.33,0.25,1
615585.50,1281370.12,800.64,799.00,800.64,0.61,0.33,0.25,1
615677.75,1281370.12,798.64,797.00,798.64,0.62,0.34,0.26,1
615770.06,1281370.12,803.64,802.00,803.64,0.62,0.34,0.26,1
615862.31,1281370.12,810.64,809.00,810.64,0.61,0.33,0.25,1
615954.62,1281370.12,819.64,818.00,819.64,0.60,0.32,0.24,1
616046.88,1281370.12,825.63,824.00,825.63,0.61,0.33,0.25,1
616139.12,1281370.12,819.63,818.00,819.63,0.61,0.33,0.25,1
616231.44,1281370.12,820.63,819.00,820.63,0.61,0.33,0.25,1
616323.69,1281370.12,825.63,824.00,825.63,0.61,0.33,0.25,1
616416.00,1281370.12,837.63,836.00,837.63,0.60,0.32,0.24,1
616508.25,1281370.12,852.63,851.00,852.63,0.61,0.33,0.25,1
616600.56,1281370.12,857.63,856.00,857.63,0.61,0.34,0.26,1
616692.81,1281370.12,855.64,854.00,855.64,0.62,0.34,0.26,1
616785.12,1281370.12,856.64,855.00,856.64,0.62,0.34,0.26,1
616877.38,1281370.12,854.64,853.00,854.64,0.62,0.34,0.26,1
616969.62,1281370.12,855.64,854.00,855.64,0.64,0.36,0.28,1
617061.94,1281370.12,836.64,835.00,836.64,0.65,0.37,0.29,1
617154.19,1281370.12,818.63,817.00,818.63,0.64,0.36,0.28,1
617246.50,1281370.12,795.63,794.00,795.63,0.64,0.36,0.28,1
617338.75,1281370.12,782.63,781.00,782.63,0.64,0.36,0.28,1
617431.06,1281370.12,778.62,777.00,778.62,0.64,0.36,0.28,1
617523.31,1281370.12,776.62,775.00,776.62,0.64,0.36,0.28,1
617615.62,1281370.12,765.61,764.00,765.61,0.63,0.35,0.27,1
617707.88,1281370.12,760.61,759.00,760.61,0.62,0.34,0.26,1
617800.12,1281370.12,766.61,765.00,766.61,0.61,0.33,0.25,1
617892.44,1281370.12,766.62,765.00,766.62,0.62,0.34,0.26,1
617984.69,1281370.12,760.62,759.00,760.62,0.63,0.35,0.27,1
618077.00,1281370.12,755.62,754.00,755.62,0.63,0.35,0.27,1
618169.25,1281370.12,751.63,750.00,751.63,0.62,0.34,0.26,1
618261.56,1281370.12,765.63,764.00,765.63,0.60,0.32,0.24,1
618353.81,1281370.12,787.63,786.00,787.63,0.60,0.32,0.24,1
618446.12,1281370.12,795.65,794.00,795.65,0.61,0.33,0.25,1
618538.38,1281370.12,798.66,797.00,798.66,0.61,0.33,0.25,1
618630.62,1281370.12,798.67,797.00,798.67,0.62,0.34,0.26,1
618722.94,1281370.12,787.68,786.00,787.68,0.64,0.35,0.27,1
618815.19,1281370.12,773.68,772.00,773.68,0.63,0.35,0.27,1
618907.50,1281370.12,783.69,782.00,783.69,0.62,0.34,0.26,1
618999.75,1281370.12,792.69,791.00,792.69,0.62,0.34,0.26,1
619092.06,1281370.12,790.69,789.00,790.69,0.63,0.35,0.27,1
619184.31,1281370.12,777.70,776.00,777.70,0.63,0.35,0.27,1
619276.62,1281370.12,764.71,763.00,764.71,0.63,0.35,0.26,1
619368.88,1281370.12,763.75,762.00,763.75,0.62,0.34,0.26,1
619461.19,1281370.12,770.79,769.00,770.79,0.62,0.34,0.26,1
619553.44,1281370.12,768.84,767.00,768.84,0.62,0.33,0.25,1
619645.69,1281370.12,769.92,768.00,769.92,0.61,0.32,0.24,1
619738.00,1281370.12,770.04,768.00,770.04,0.61,0.31,0.23,1
619830.25,1281370.12,771.20,769.00,771.20,0.60,0.31,0.22,1
619922.56,1281370.12,777.44,775.00,777.44,0.60,0.30,0.21,1
620014.81,1281370.12,779.70,777.00,779.70,0.61,0.30,0.21,1
620107.12,1281370.12,777.88,775.00,777.88,0.61,0.30,0.21,1
620199.38,1281370.12,775.96,773.00,775.96,0.60,0.29,0.20,1
620291.69,1281370.12,782.97,780.00,782.97,0.60,0.28,0.19,1
620383.94,1281370.12,791.92,789.00,791.92,0.60,0.28,0.19,1
620476.19,1281370.12,800.87,798.00,800.87,0.59,0.28,0.19,1
620568.50,1281370.12,816.82,814.00,816.82,0.59,0.28,0.19,1
620660.75,1281370.12,834.76,832.00,834.76,0.60,0.29,0.20,1
620753.06,1281370.12,842.65,840.00,842.65,0.59,0.28,0.20,1
620845.31,1281370.12,852.43,850.00,852.43,0.58,0.28,0.19,1
620937.62,1281370.12,866.98,865.00,866.98,0.57,0.28,0.20,1
621029.88,1281370.12,872.41,871.00,872.41,0.56,0.29,0.21,1
621122.19,1281370.12,887.79,887.00,887.79,0.53,0.29,0.22,1
621214.44,1281370.12,910.33,910.00,910.33,0.49,0.29,0.23,1
621306.69,1281370.12,921.19,921.00,921.19,0.49,0.31,0.26,1
621399.00,1281370.12,926.18,926.00,926.18,0.49,0.31,0.26,1
621491.25,1281370.12,938.23,938.00,938.23,0.50,0.32,0.26,1
621583.56,1281370.12,942.38,942.00,942.38,0.54,0.33,0.27,1
621675.81,1281370.12,935.70,935.00,935.70,0.57,0.34,0.27,1
621768.12,1281370.12,925.99,925.00,925.99,0.58,0.32,0.25,1
621860.38,1281370.12,923.08,922.00,923.08,0.57,0.31,0.24,1
621952.69,1281370.12,927.02,926.00,927.02,0.56,0.31,0.24,1
622044.94,1281370.12,941.76,941.00,941.76,0.54,0.30,0.23,1
622137.19,1281370.12,973.31,973.00,973.31,0.50,0.30,0.24,1
622229.50,1281370.12,1014.06,1014.00,1014.06,0.47,0.33,0.23,1
622321.75,1281370.12,1038.01,1038.00,1038.01,0.53,0.39,0.29,1
622414.06,1281370.12,1035.01,1035.00,1035.01,0.56,0.42,0.32,1
622506.31,1281370.12,1029.01,1029.00,1029.01,0.56,0.42,0.31,1
622598.62,1281370.12,1020.05,1020.00,1020.05,0.61,0.47,0.36,1
622690.88,1281370.12,998.18,998.00,998.18,0.64,0.46,0.41,1
622783.19,1281370.12,972.42,972.00,972.42,0.66,0.45,0.39,1
622875.44,1281370.12,953.74,953.00,953.74,0.66,0.42,0.36,1
622967.69,1281370.12,938.00,937.00,938.00,0.66,0.40,0.33,1
623060.00,1281370.12,918.17,917.00,918.17,0.65,0.39,0.31,1
623152.25,1281370.12,906.27,905.00,906.27,0.65,0.38,0.31,1
623244.56,1281370.12,903.34,902.00,903.34,0.65,0.38,0.31,1
623336.81,1281370.12,897.40,896.00,897.40,0.65,0.38,0.30,1
623429.12,1281370.12,885.45,884.00,885.45,0.65,0.37,0.30,1
623521.38,1281370.12,874.50,873.00,874.50,0.65,0.37,0.29,1
623613.69,1281370.12,861.60,860.00,861.60,0.65,0.38,0.30,1
623705.94,1281370.12,832.78,831.00,832.78,0.65,0.37,0.29,1
623798.19,1281370.12,802.90,801.00,802.90,0.64,0.36,0.27,1
623890.50,1281370.12,785.90,784.00,785.90,0.63,0.34,0.26,1
623982.75,1281370.12,778.89,777.00,778.89,0.62,0.33,0.25,1
624075.06,1281370.12,774.85,773.00,774.85,0.62,0.34,0.25,1
624167.31,1281370.12,770.79,769.00,770.79,0.62,0.34,0.25,1
624259.62,1281370.12,776.74,775.00,776.74,0.62,0.33,0.25,1
624351.88,1281370.12,788.70,787.00,788.70,0.62,0.34,0.26,1
624444.19,1281370.12,794.67,793.00,794.67,0.63,0.35,0.27,1
624536.44,1281370.12,791.63,790.00,791.63,0.63,0.35,0.27,1
624628.69,1281370.12,785.59,784.00,785.59,0.62,0.35,0.27,1
624721.00,1281370.12,776.55,775.00,776.55,0.63,0.35,0.27,1
624813.25,1281370.12,769.50,768.00,769.50,0.63,0.35,0.27,1
624905.56,1281370.12,768.44,767.00,768.44,0.63,0.35,0.28,1
624997.81,1281370.12,766.36,765.00,766.36,0.63,0.36,0.28,1
625090.12,1281370.12,766.27,765.00,766.27,0.63,0.36,0.29,1
625182.38,1281370.12,768.20,767.00,768.20,0.63,0.37,0.29,1
625274.69,1281370.12,767.15,766.00,767.15,0.63,0.37,0.29,1
625366.94,1281370.12,773.79,772.76,773.79,0.58,0.32,0.25,1
625459.19,1281370.12,-9999.00,-9999.00,-9999.00,0.71,0.71,0.71,0
614385.88,1281277.88,-9999.00,-9999.00,-9999.00,0.71,0.71,0.71,0
614478.12,1281277.88,768.13,767.00,768.13,0.32,0.06,-0.01,1
614570.44,1281277.88,769.18,768.00,769.18,0.61,0.35,0.27,1
614662.69,1281277.88,776.24,775.00,776.24,0.62,0.36,0.28,1
614755.00,1281277.88,780.28,779.00,780.28,0.63,0.36,0.29,1
614847.25,1281277.88,782.34,781.00,782.34,0.64,0.37,0.29,1
614939.56,1281277.88,780.42,779.00,780.42,0.63,0.36,0.28,1
615031.81,1281277.88,787.49,786.00,787.49,0.61,0.34,0.26,1
615124.12,1281277.88,809.54,808.00,809.54,0.61,0.33,0.25,1
615216.38,1281277.88,821.58,820.00,821.58,0.64,0.36,0.28,1
615308.62,1281277.88,808.61,807.00,808.61,0.65,0.37,0.29,1
615400.94,1281277.88,793.62,792.00,793.62,0.63,0.35,0.27,1
615493.19,1281277.88,793.62,792.00,793.62,0.62,0.34,0.26,1
615585.50,1281277.88,789.63,788.00,789.63,0.61,0.33,0.25,1
615677.75,1281277.88,796.63,795.00,796.63,0.61,0.33,0.25,1
615770.06,1281277.88,803.63,802.00,803.63,0.61,0.33,0.25,1
615862.31,1281277.88,804.62,803.00,804.62,0.62,0.34,0.26,1
615954.62,1281277.88,805.62,804.00,805.62,0.61,0.33,0.25,1
616046.88,1281277.88,809.61,808.00,809.61,0.61,0.33,0.25,1
616139.12,1281277.88,809.61,808.00,809.61,0.61,0.33,0.25,1
616231.44,1281277.88,816.61,815.00,816.61,0.62,0.34,0.26,1
616323.69,1281277.88,823.61,822.00,823.61,0.61,0.33,0.25,1
616416.00,1281277.88,836.61,835.00,836.61,0.61,0.33,0.25,1
616508.25,1281277.88,848.61,847.00,848.61,0.61,0.33,0.25,1
616600.56,1281277.88,853.61,852.00,853.61,0.61,0.33,0.25,1
616692.81,1281277.88,855.62,854.00,855.62,0.62,0.34,0.26,1
616785.12,1281277.88,850.63,849.00,850.63,0.62,0.34,0.26,1
616877.38,1281277.88,847.63,846.00,847.63,0.61,0.33,0.25,1
616969.62,1281277.88,868.63,867.00,868.63,0.63,0.35,0.27,1
617061.94,1281277.88,844.63,843.00,844.63,0.65,0.37,0.29,1
617154.19,1281277.88,815.63,814.00,815.63,0.64,0.36,0.28,1
617246.50,1281277.88,797.63,796.00,797.63,0.64,0.36,0.28,1
617338.75,1281277.88,803.63,802.00,803.63,0.64,0.36,0.28,1
617431.06,1281277.88,799.62,798.00,799.62,0.65,0.37,0.29,1
617523.31,1281277.88,791.62,790.00,791.62,0.65,0.37,0.29,1
617615.62,1281277.88,773.62,772.00,773.62,0.65,0.37,0.29,1
617707.88,1281277.88,758.62,757.00,758.62,0.63,0.35,0.27,1
617800.12,1281277.88,755.62,754.00,755.62,0.61,0.33,0.25,1
617892.44,1281277.88,758.62,757.00,758.62,0.61,0.33,0.25,1
617984.69,1281277.88,757.62,756.00,757.62,0.62,0.34,0.26,1
618077.00,1281277.88,754.63,753.00,754.63,0.62,0.34,0.26,1
618169.25,1281277.88,752.63,751.00,752.63,0.62,0.34,0.26,1
618261.56,1281277.88,757.64,756.00,757.64,0.60,0.32,0.24,1
618353.81,1281277.88,775.64,774.00,775.64,0.59,0.31,0.23,1
618446.12,1281277.88,786.65,785.00,786.65,0.60,0.32,0.24,1
618538.38,1281277.88,788.67,787.00,788.67,0.61,0.33,0.25,1
618630.62,1281277.88,787.68,786.00,787.68,0.61,0.33,0.25,1
618722.94,1281277.88,788.68,787.00,788.68,0.62,0.34,0.26,1
618815.19,1281277.88,791.68,790.00,791.68,0.63,0.35,0.27,1
618907.50,1281277.88,799.68,798.00,799.68,0.63,0.35,0.27,1
618999.75,1281277.88,796.68,795.00,796.68,0.63,0.34,0.26,1
619092.06,1281277.88,789.69,788.00,789.69,0.62,0.34,0.26,1
619184.31,1281277.88,774.70,773.00,774.70,0.63,0.34,0.26,1
619276.62,1281277.88,765.71,764.00,765.71,0.62,0.34,0.26,1
619368.88,1281277.88,774.74,773.00,774.74,0.62,0.34,0.26,1
619461.19,1281277.88,779.77,778.00,779.77,0.63,0.34,0.26,1
619553.44,1281277.88,771.82,770.00,771.82,0.63,0.34,0.26,1
619645.69,1281277.88,766.88,765.00,766.88,0.63,0.34,0.26,1
619738.00,1281277.88,762.97,761.00,762.97,0.62,0.33,0.24,1
619830.25,1281277.88,764.10,762.00,764.10,0.61,0.31,0.23,1
619922.56,1281277.88,771.26,769.00,771.26,0.61,0.31,0.22,1
620014.81,1281277.88,773.44,771.00,773.44,0.61,0.31,0.22,1
620107.12,1281277.88,770.59,768.00,770.59,0.61,0.30,0.21,1
620199.38,1281277.88,770.71,768.00,770.71,0.61,0.30,0.21,1
620291.69,1281277.88,777.78,775.00,777.78,0.61,0.29,0.21,1
620383.94,1281277.88,783.81,781.00,783.81,0.60,0.29,0.20,1
620476.19,1281277.88,790.80,788.00,790.80,0.60,0.29,0.20,1
620568.50,1281277.88,808.77,806.00,808.77,0.59,0.28,0.19,1
620660.75,1281277.88,826.73,824.00,826.73,0.59,0.28,0.20,1
620753.06,1281277.88,825.66,823.00,825.66,0.60,0.29,0.20,1
620845.31,1281277.88,827.59,825.00,827.59,0.59,0.28,0.20,1
620937.62,1281277.88,836.50,834.00,836.50,0.59,0.28,0.19,1
621029.88,1281277.88,842.35,840.00,842.35,0.58,0.28,0.20,1
621122.19,1281277.88,856.00,854.00,856.00,0.57,0.28,0.20,1
621214.44,1281277.88,870.47,869.00,870.47,0.55,0.28,0.20,1
621306.69,1281277.88,881.11,880.00,881.11,0.55,0.29,0.22,1
621399.00,1281277.88,886.01,885.00,886.01,0.55,0.30,0.22,1
621491.25,1281277.88,899.05,898.00,899.05,0.55,0.29,0.22,1
621583.56,1281277.88,906.23,905.00,906.23,0.57,0.30,0.23,1
621675.81,1281277.88,905.50,904.00,905.50,0.59,0.31,0.24,1
621768.12,1281277.88,895.63,894.00,895.63,0.59,0.31,0.23,1
621860.38,1281277.88,893.65,892.00,893.65,0.59,0.31,0.23,1
621952.69,1281277.88,901.58,900.00,901.58,0.58,0.30,0.22,1
622044.94,1281277.88,920.33,919.00,920.33,0.56,0.29,0.21,1
622137.19,1281277.88,952.73,952.00,952.73,0.52,0.29,0.22,1
622229.50,1281277.88,976.20,976.00,976.20,0.48,0.29,0.24,1
622321.75,1281277.88,992.04,992.00,992.04,0.47,0.33,0.23,1
622414.06,1281277.88,993.03,993.00,993.03,0.51,0.37,0.27,1
622506.31,1281277.88,985.04,985.00,985.04,0.52,0.38,0.28,1
622598.62,1281277.88,980.11,980.00,980.11,0.53,0.36,0.32,1
622690.88,1281277.88,968.29,968.00,968.29,0.58,0.38,0.33,1
622783.19,1281277.88,956.60,956.00,956.60,0.61,0.38,0.32,1
622875.44,1281277.88,947.87,947.00,947.87,0.63,0.38,0.31,1
622967.69,1281277.88,931.05,930.00,931.05,0.64,0.39,0.31,1
623060.00,1281277.88,922.16,921.00,922.16,0.64,0.38,0.31,1
623152.25,1281277.88,927.21,926.00,927.21,0.64,0.38,0.31,1
623244.56,1281277.88,932.24,931.00,932.24,0.66,0.39,0.32,1
623336.81,1281277.88,926.27,925.00,926.27,0.67,0.40,0.33,1
623429.12,1281277.88,907.31,906.00,907.31,0.67,0.40,0.33,1
623521.38,1281277.88,892.37,891.00,892.37,0.67,0.40,0.32,1
623613.69,1281277.88,874.50,873.00,874.50,0.66,0.39,0.31,1
623705.94,1281277.88,842.80,841.00,842.80,0.65,0.37,0.29,1
623798.19,1281277.88,813.00,811.00,813.00,0.64,0.35,0.27,1
623890.50,1281277.88,789.99,788.00,789.99,0.63,0.34,0.26,1
623982.75,1281277.88,779.94,778.00,779.94,0.63,0.34,0.25,1
624075.06,1281277.88,777.86,776.00,777.86,0.62,0.33,0.25,1
624167.31,1281277.88,776.80,775.00,776.80,0.62,0.34,0.26,1
624259.62,1281277.88,780.75,779.00,780.75,0.62,0.33,0.25,1
624351.88,1281277.88,792.71,791.00,792.71,0.62,0.34,0.25,1
624444.19,1281277.88,795.67,794.00,795.67,0.63,0.35,0.26,1
624536.44,1281277.88,788.63,787.00,788.63,0.63,0.35,0.27,1
624628.69,1281277.88,781.59,780.00,781.59,0.63,0.35,0.27,1
624721.00,1281277.88,776.55,775.00,776.55,0.63,0.36,0.28,1
624813.25,1281277.88,771.50,770.00,771.50,0.63,0.36,0.28,1
624905.56,1281277.88,768.44,767.00,768.44,0.63,0.35,0.28,1
624997.81,1281277.88,768.35,767.00,768.35,0.63,0.36,0.28,1
625090.12,1281277.88,769.26,768.00,769.26,0.63,0.36,0.28,1
625182.38,1281277.88,773.18,772.00,773.18,0.63,0.37,0.30,1
625274.69,1281277.88,772.12,771.00,772.12,0.63,0.37,0.30,1
625366.94,1281277.88,777.46,776.48,777.46,0.57,0.32,0.25,1
625459.19,1281277.88,-9999.00,-9999.00,-9999.00,0.71,0.71,0.71,0
614385.88,1281185.50,-9999.00,-9999.00,-9999.00,0.71,0.71,0.71,0
614478.12,1281185.50,763.08,762.00,763.08,0.31,0.06,-0.02,1
614570.44,1281185.50,768.12,767.00,768.12,0.61,0.35,0.28,1
614662.69,1281185.50,783.18,782.00,783.18,0.61,0.35,0.27,1
614755.00,1281185.50,798.26,797.00,798.26,0.63,0.36,0.29,1
614847.25,1281185.50,802.33,801.00,802.33,0.64,0.37,0.30,1
614939.56,1281185.50,799.42,798.00,799.42,0.64,0.37,0.29,1
615031.81,1281185.50,801.49,800.00,801.49,0.63,0.35,0.27,1
615124.12,1281185.50,815.54,814.00,815.54,0.61,0.33,0.26,1
615216.38,1281185.50,829.57,828.00,829.57,0.62,0.35,0.27,1
615308.62,1281185.50,816.59,815.00,816.59,0.64,0.36,0.28,1
615400.94,1281185.50,801.61,800.00,801.61,0.64,0.36,0.28,1
615493.19,1281185.50,801.61,800.00,801.61,0.64,0.36,0.28,1
615585.50,1281185.50,790.61,789.00,790.61,0.63,0.35,0.27,1
615677.75,1281185.50,789.61,788.00,789.61,0.62,0.34,0.26,1
615770.06,1281185.50,796.61,795.00,796.61,0.61,0.33,0.25,1
615862.31,1281185.50,802.60,801.00,802.60,0.62,0.34,0.26,1
615954.62,1281185.50,804.60,803.00,804.60,0.62,0.34,0.26,1
616046.88,1281185.50,810.60,809.00,810.60,0.62,0.35,0.27,1
616139.12,1281185.50,812.60,811.00,812.60,0.62,0.34,0.26,1
616231.44,1281185.50,823.59,822.00,823.59,0.62,0.34,0.26,1
616323.69,1281185.50,832.59,831.00,832.59,0.62,0.34,0.26,1
616416.00,1281185.50,840.59,839.00,840.59,0.62,0.34,0.26,1
616508.25,1281185.50,846.60,845.00,846.60,0.61,0.33,0.25,1
616600.56,1281185.50,850.60,849.00,850.60,0.61,0.33,0.25,1
616692.81,1281185.50,852.61,851.00,852.61,0.62,0.34,0.26,1
616785.12,1281185.50,844.61,843.00,844.61,0.62,0.34,0.26,1
616877.38,1281185.50,845.62,844.00,845.62,0.61,0.33,0.25,1
616969.62,1281185.50,869.62,868.00,869.62,0.62,0.34,0.26,1
617061.94,1281185.50,842.63,841.00,842.63,0.64,0.36,0.28,1
617154.19,1281185.50,820.63,819.00,820.63,0.64,0.36,0.28,1
617246.50,1281185.50,815.63,814.00,815.63,0.63,0.35,0.27,1
617338.75,1281185.50,820.63,819.00,820.63,0.63,0.35,0.27,1
617431.06,1281185.50,816.63,815.00,816.63,0.63,0.35,0.27,1
617523.31,1281185.50,803.63,802.00,803.63,0.64,0.36,0.28,1
617615.62,1281185.50,785.63,784.00,785.63,0.65,0.37,0.29,1
617707.88,1281185.50,762.63,761.00,762.63,0.64,0.36,0.28,1
617800.12,1281185.50,751.63,750.00,751.63,0.63,0.35,0.27,1
617892.44,1281185.50,751.63,750.00,751.63,0.62,0.34,0.26,1
617984.69,1281185.50,750.63,749.00,750.63,0.63,0.35,0.27,1
618077.00,1281185.50,749.63,748.00,749.63,0.62,0.34,0.26,1
618169.25,1281185.50,753.64,752.00,753.64,0.63,0.35,0.27,1
618261.56,1281185.50,755.64,754.00,755.64,0.62,0.34,0.26,1
618353.81,1281185.50,760.65,759.00,760.65,0.61,0.33,0.25,1
618446.12,1281185.50,768.66,767.00,768.66,0.60,0.32,0.24,1
618538.38,1281185.50,776.67,775.00,776.67,0.61,0.33,0.25,1
618630.62,1281185.50,781.68,780.00,781.68,0.61,0.33,0.25,1
618722.94,1281185.50,794.68,793.00,794.68,0.61,0.33,0.25,1
618815.19,1281185.50,806.68,805.00,806.68,0.62,0.34,0.26,1
618907.50,1281185.50,804.68,803.00,804.68,0.62,0.34,0.26,1
618999.75,1281185.50,792.69,791.00,792.69,0.63,0.34,0.26,1
619092.06,1281185.50,777.69,776.00,777.69,0.62,0.34,0.26,1
619184.31,1281185.50,766.70,765.00,766.70,0.62,0.34,0.26,1
619276.62,1281185.50,767.71,766.00,767.71,0.61,0.33,0.25,1
619368.88,1281185.50,784.73,783.00,784.73,0.62,0.33,0.25,1
619461.19,1281185.50,786.75,785.00,786.75,0.63,0.34,0.26,1
619553.44,1281185.50,780.78,779.00,780.78,0.63,0.35,0.26,1
619645.69,1281185.50,775.83,774.00,775.83,0.63,0.35,0.26,1
619738.00,1281185.50,765.89,764.00,765.89,0.63,0.34,0.26,1
619830.25,1281185.50,760.97,759.00,760.97,0.62,0.33,0.25,1
619922.56,1281185.50,763.07,761.00,763.07,0.61,0.32,0.23,1
620014.81,1281185.50,764.19,762.00,764.19,0.61,0.31,0.23,1
620107.12,1281185.50,762.31,760.00,762.31,0.61,0.31,0.23,1
620199.38,1281185.50,765.42,763.00,765.42,0.61,0.31,0.22,1
620291.69,1281185.50,775.52,773.00,775.52,0.61,0.30,0.21,1
620383.94,1281185.50,780.60,778.00,780.60,0.61,0.30,0.21,1
620476.19,1281185.50,783.64,781.00,783.64,0.60,0.30,0.21,1
620568.50,1281185.50,789.66,787.00,789.66,0.60,0.29,0.20,1
620660.75,1281185.50,798.65,796.00,798.65,0.59,0.28,0.19,1
620753.06,1281185.50,800.62,798.00,800.62,0.59,0.29,0.20,1
620845.31,1281185.50,805.58,803.00,805.58,0.60,0.29,0.20,1
620937.62,1281185.50,812.55,810.00,812.55,0.60,0.29,0.20,1
621029.88,1281185.50,818.54,816.00,818.54,0.59,0.29,0.20,1
621122.19,1281185.50,828.54,826.00,828.54,0.59,0.28,0.19,1
621214.44,1281185.50,836.46,834.00,836.46,0.58,0.28,0.19,1
621306.69,1281185.50,843.30,841.00,843.30,0.58,0.28,0.19,1
621399.00,1281185.50,852.13,850.00,852.13,0.58,0.28,0.20,1
621491.25,1281185.50,862.96,861.00,862.96,0.58,0.29,0.20,1
621583.56,1281185.50,873.88,872.00,873.88,0.58,0.29,0.21,1
621675.81,1281185.50,878.88,877.00,878.88,0.60,0.31,0.23,1
621768.12,1281185.50,872.89,871.00,872.89,0.60,0.31,0.23,1
621860.38,1281185.50,873.90,872.00,873.90,0.60,0.31,0.23,1
621952.69,1281185.50,881.89,880.00,881.89,0.59,0.30,0.22,1
622044.94,1281185.50,897.80,896.00,897.80,0.57,0.29,0.21,1
622137.19,1281185.50,918.35,917.00,918.35,0.55,0.28,0.20,1
622229.50,1281185.50,932.61,932.00,932.61,0.52,0.29,0.23,1
622321.75,1281185.50,941.24,941.00,941.24,0.50,0.31,0.26,1
622414.06,1281185.50,939.17,939.00,939.17,0.50,0.33,0.28,1
622506.31,1281185.50,934.19,934.00,934.19,0.51,0.33,0.28,1
622598.62,1281185.50,933.32,933.00,933.32,0.52,0.32,0.26,1
622690.88,1281185.50,933.55,933.00,933.55,0.56,0.33,0.27,1
622783.19,1281185.50,930.83,930.00,930.83,0.58,0.34,0.27,1
622875.44,1281185.50,933.02,932.00,933.02,0.60,0.35,0.27,1
622967.69,1281185.50,933.13,932.00,933.13,0.62,0.36,0.28,1
623060.00,1281185.50,939.18,938.00,939.18,0.62,0.36,0.29,1
623152.25,1281185.50,954.20,953.00,954.20,0.63,0.37,0.29,1
623244.56,1281185.50,966.19,965.00,966.19,0.65,0.38,0.31,1
623336.81,1281185.50,965.15,964.00,965.15,0.67,0.41,0.33,1
623429.12,1281185.50,948.10,947.00,948.10,0.68,0.42,0.35,1
623521.38,1281185.50,925.12,924.00,925.12,0.68,0.42,0.35,1
623613.69,1281185.50,896.27,895.00,896.27,0.68,0.41,0.33,1
623705.94,1281185.50,855.72,854.00,855.72,0.66,0.37,0.29,1
623798.19,1281185.50,818.05,816.00,818.05,0.64,0.35,0.27,1
623890.50,1281185.50,796.03,794.00,796.03,0.64,0.35,0.26,1
623982.75,1281185.50,782.95,781.00,782.95,0.63,0.34,0.26,1
624075.06,1281185.50,777.86,776.00,777.86,0.62,0.33,0.25,1
624167.31,1281185.50,780.80,779.00,780.80,0.62,0.33,0.25,1
624259.62,1281185.50,789.75,788.00,789.75,0.61,0.33,0.25,1
624351.88,1281185.50,799.71,798.00,799.71,0.62,0.34,0.26,1
624444.19,1281185.50,800.67,799.00,800.67,0.63,0.35,0.27,1
624536.44,1281185.50,795.63,794.00,795.63,0.64,0.36,0.28,1
624628.69,1281185.50,791.60,790.00,791.60,0.64,0.36,0.28,1
624721.00,1281185.50,786.55,785.00,786.55,0.64,0.36,0.28,1
624813.25,1281185.50,778.50,777.00,778.50,0.64,0.36,0.28,1
624905.56,1281185.50,770.43,769.00,770.43,0.63,0.36,0.28,1
624997.81,1281185.50,769.35,768.00,769.35,0.63,0.36,0.28,1
625090.12,1281185.50,772.25,771.00,772.25,0.62,0.36,0.28,1
625182.38,1281185.50,782.16,781.00,782.16,0.63,0.37,0.29,1
625274.69,1281185.50,781.11,780.00,781.11,0.64,0.38,0.30,1
625366.94,1281185.50,782.87,781.91,782.87,0.57,0.32,0.25,1
625459.19,1281185.50,-9999.00,-9999.00,-9999.00,0.71,0.71,0.71,0
614385.88,1281093.25,-9999.00,-9999.00,-9999.00,0.71,0.71,0.71,0
614478.12,1281093.25,762.05,761.00,762.05,0.31,0.05,-0.02,1
614570.44,1281093.25,770.08,769.00,770.08,0.61,0.35,0.28,1
614662.69,1281093.25,787.13,786.00,787.13,0.60,0.34,0.26,1
614755.00,1281093.25,808.22,807.00,808.22,0.61,0.34,0.27,1
614847.25,1281093.25,820.32,819.00,820.32,0.63,0.36,0.28,1
614939.56,1281093.25,819.41,818.00,819.41,0.64,0.37,0.29,1
615031.81,1281093.25,817.48,816.00,817.48,0.63,0.36,0.28,1
615124.12,1281093.25,821.53,820.00,821.53,0.62,0.34,0.26,1
615216.38,1281093.25,826.56,825.00,826.56,0.62,0.34,0.26,1
615308.62,1281093.25,818.58,817.00,818.58,0.63,0.35,0.27,1
615400.94,1281093.25,811.59,810.00,811.59,0.63,0.35,0.28,1
615493.19,1281093.25,813.60,812.00,813.60,0.64,0.36,0.28,1
615585.50,1281093.25,798.60,797.00,798.60,0.64,0.36,0.28,1
615677.75,1281093.25,794.60,793.00,794.60,0.63,0.35,0.27,1
615770.06,1281093.25,796.59,795.00,796.59,0.62,0.34,0.26,1
615862.31,1281093.25,804.59,803.00,804.59,0.62,0.34,0.26,1
615954.62,1281093.25,814.59,813.00,814.59,0.62,0.34,0.26,1
616046.88,1281093.25,823.58,822.00,823.58,0.62,0.35,0.27,1
616139.12,1281093.25,822.58,821.00,822.58,0.62,0.34,0.26,1
616231.44,1281093.25,836.58,835.00,836.58,0.62,0.34,0.26,1
616323.69,1281093.25,842.58,841.00,842.58,0.62,0.34,0.26,1
616416.00,1281093.25,841.58,840.00,841.58,0.62,0.34,0.26,1
616508.25,1281093.25,843.58,842.00,843.58,0.62,0.34,0.26,1
616600.56,1281093.25,843.59,842.00,843.59,0.62,0.34,0.26,1
616692.81,1281093.25,842.60,841.00,842.60,0.61,0.34,0.26,1
616785.12,1281093.25,836.60,835.00,836.60,0.61,0.33,0.25,1
616877.38,1281093.25,845.61,844.00,845.61,0.60,0.33,0.25,1
616969.62,1281093.25,864.61,863.00,864.61,0.61,0.33,0.25,1
617061.94,1281093.25,844.62,843.00,844.62,0.64,0.36,0.28,1
617154.19,1281093.25,827.62,826.00,827.62,0.63,0.35,0.27,1
617246.50,1281093.25,821.62,820.00,821.62,0.62,0.34,0.26,1
617338.75,1281093.25,812.62,811.00,812.62,0.61,0.33,0.25,1
617431.06,1281093.25,807.63,806.00,807.63,0.61,0.33,0.25,1
617523.31,1281093.25,797.63,796.00,797.63,0.62,0.34,0.26,1
617615.62,1281093.25,787.63,786.00,787.63,0.63,0.35,0.27,1
617707.88,1281093.25,769.63,768.00,769.63,0.64,0.36,0.28,1
617800.12,1281093.25,756.63,755.00,756.63,0.63,0.35,0.27,1
617892.44,1281093.25,756.63,755.00,756.63,0.62,0.34,0.26,1
617984.69,1281093.25,764.63,763.00,764.63,0.62,0.34,0.26,1
618077.00,1281093.25,760.64,759.00,760.64,0.62,0.34,0.26,1
618169.25,1281093.25,766.64,765.00,766.64,0.63,0.35,0.27,1
618261.56,1281093.25,762.65,761.00,762.65,0.63,0.35,0.27,1
618353.81,1281093.25,766.66,765.00,766.66,0.63,0.35,0.27,1
618446.12,1281093.25,770.67,769.00,770.67,0.62,0.34,0.26,1
618538.38,1281093.25,782.68,781.00,782.68,0.62,0.33,0.25,1
618630.62,1281093.25,788.68,787.00,788.68,0.62,0.33,0.25,1
618722.94,1281093.25,801.68,800.00,801.68,0.62,0.34,0.26,1
618815.19,1281093.25,804.68,803.00,804.68,0.63,0.34,0.26,1
618907.50,1281093.25,794.69,793.00,794.69,0.63,0.34,0.26,1
618999.75,1281093.25,781.69,780.00,781.69,0.62,0.34,0.26,1
619092.06,1281093.25,770.69,769.00,770.69,0.62,0.34,0.26,1
619184.31,1281093.25,762.70,761.00,762.70,0.62,0.33,0.25,1
619276.62,1281093.25,768.71,767.00,768.71,0.60,0.32,0.24,1
619368.88,1281093.25,786.72,785.00,786.72,0.61,0.32,0.24,1
619461.19,1281093.25,787.73,786.00,787.73,0.62,0.33,0.25,1
619553.44,1281093.25,783.75,782.00,783.75,0.62,0.34,0.26,1
619645.69,1281093.25,780.78,779.00,780.78,0.62,0.34,0.26,1
619738.00,1281093.25,771.82,770.00,771.82,0.63,0.34,0.26,1
619830.25,1281093.25,763.87,762.00,763.87,0.62,0.34,0.25,1
619922.56,1281093.25,758.94,757.00,758.94,0.62,0.33,0.24,1
620014.81,1281093.25,760.01,758.00,760.01,0.61,0.32,0.24,1
620107.12,1281093.25,766.10,764.00,766.10,0.61,0.32,0.24,1
620199.38,1281093.25,772.18,770.00,772.18,0.62,0.32,0.23,1
620291.69,1281093.25,774.27,772.00,774.27,0.61,0.31,0.23,1
620383.94,1281093.25,776.35,774.00,776.35,0.61,0.31,0.22,1
620476.19,1281093.25,775.42,773.00,775.42,0.61,0.31,0.22,1
620568.50,1281093.25,774.48,772.00,774.48,0.61,0.30,0.21,1
620660.75,1281093.25,774.52,772.00,774.52,0.60,0.29,0.21,1
620753.06,1281093.25,780.54,778.00,780.54,0.60,0.29,0.20,1
620845.31,1281093.25,790.53,788.00,790.53,0.60,0.29,0.20,1
620937.62,1281093.25,803.53,801.00,803.53,0.60,0.30,0.21,1
621029.88,1281093.25,808.54,806.00,808.54,0.61,0.30,0.21,1
621122.19,1281093.25,806.58,804.00,806.58,0.60,0.29,0.21,1
621214.44,1281093.25,805.62,803.00,805.62,0.59,0.29,0.20,1
621306.69,1281093.25,813.58,811.00,813.58,0.59,0.28,0.19,1
621399.00,1281093.25,828.43,826.00,828.43,0.59,0.28,0.20,1
621491.25,1281093.25,842.22,840.00,842.22,0.59,0.29,0.21,1
621583.56,1281093.25,852.09,850.00,852.09,0.59,0.29,0.21,1
621675.81,1281093.25,863.04,861.00,863.04,0.60,0.30,0.22,1
621768.12,1281093.25,862.03,860.00,862.03,0.61,0.31,0.23,1
621860.38,1281093.25,864.04,862.00,864.04,0.60,0.31,0.23,1
621952.69,1281093.25,869.07,867.00,869.07,0.60,0.31,0.22,1
622044.94,1281093.25,874.11,872.00,874.11,0.59,0.29,0.21,1
622137.19,1281093.25,884.03,882.00,884.03,0.57,0.28,0.20,1
622229.50,1281093.25,893.58,892.00,893.58,0.56,0.29,0.21,1
622321.75,1281093.25,898.13,897.00,898.13,0.56,0.30,0.22,1
622414.06,1281093.25,896.02,895.00,896.02,0.56,0.30,0.23,1
622506.31,1281093.25,891.09,890.00,891.09,0.56,0.30,0.23,1
622598.62,1281093.25,891.22,890.00,891.22,0.56,0.29,0.22,1
622690.88,1281093.25,897.29,896.00,897.29,0.56,0.29,0.22,1
622783.19,1281093.25,904.28,903.00,904.28,0.57,0.30,0.22,1
622875.44,1281093.25,915.26,914.00,915.26,0.58,0.31,0.23,1
622967.69,1281093.25,924.25,923.00,924.25,0.59,0.33,0.25,1
623060.00,1281093.25,942.23,941.00,942.23,0.60,0.33,0.26,1
623152.25,1281093.25,968.21,967.00,968.21,0.60,0.34,0.26,1
623244.56,1281093.25,983.18,982.00,983.18,0.62,0.36,0.28,1
623336.81,1281093.25,981.12,980.00,981.12,0.64,0.38,0.30,1
623429.12,1281093.25,967.03,966.00,967.03,0.65,0.40,0.33,1
623521.38,1281093.25,945.99,945.00,945.99,0.67,0.42,0.34,1
623613.69,1281093.25,914.02,913.00,914.02,0.68,0.43,0.36,1
623705.94,1281093.25,864.47,863.00,864.47,0.67,0.40,0.32,1
623798.19,1281093.25,828.99,827.00,828.99,0.65,0.36,0.27,1
623890.50,1281093.25,811.02,809.00,811.02,0.64,0.35,0.27,1
623982.75,1281093.25,792.94,791.00,792.94,0.64,0.35,0.26,1
624075.06,1281093.25,781.86,780.00,781.86,0.63,0.34,0.26,1
624167.31,1281093.25,780.80,779.00,780.80,0.62,0.33,0.25,1
624259.62,1281093.25,789.75,788.00,789.75,0.61,0.33,0.25,1
624351.88,1281093.25,805.71,804.00,805.71,0.62,0.34,0.25,1
624444.19,1281093.25,813.67,812.00,813.67,0.63,0.35,0.27,1
624536.44,1281093.25,814.63,813.00,814.63,0.64,0.36,0.28,1
624628.69,1281093.25,811.60,810.00,811.60,0.64,0.36,0.28,1
624721.00,1281093.25,799.55,798.00,799.55,0.64,0.36,0.28,1
624813.25,1281093.25,782.50,781.00,782.50,0.64,0.36,0.28,1
624905.56,1281093.25,772.43,771.00,772.43,0.63,0.36,0.28,1
624997.81,1281093.25,773.35,772.00,773.35,0.63,0.36,0.28,1
625090.12,1281093.25,777.24,776.00,777.24,0.63,0.36,0.29,1
625182.38,1281093.25,786.16,785.00,786.16,0.63,0.37,0.29,1
625274.69,1281093.25,788.10,787.00,788.10,0.63,0.38,0.30,1
625366.94,1281093.25,790.00,789.03,790.00,0.57,0.32,0.25,1
625459.19,1281093.25,-9999.00,-9999.00,-9999.00,0.71,0.71,0.71,0
614385.88,1281001.00,-9999.00,-9999.00,-9999.00,0.71,0.71,0.71,0
614478.12,1281001.00,768.04,767.00,768.04,0.31,0.05,-0.02,1
614570.44,1281001.00,772.06,771.00,772.06,0.62,0.37,0.29,1
614662.69,1281001.00,783.10,782.00,783.10,0.60,0.34,0.27,1
614755.00,1281001.00,804.17,803.00,804.17,0.59,0.33,0.25,1
614847.25,1281001.00,821.29,820.00,821.29,0.61,0.34,0.26,1
614939.56,1281001.00,820.39,819.00,820.39,0.62,0.35,0.27,1
615031.81,1281001.00,818.47,817.00,818.47,0.61,0.34,0.26,1
615124.12,1281001.00,819.52,818.00,819.52,0.61,0.34,0.26,1
615216.38,1281001.00,815.55,814.00,815.55,0.61,0.34,0.26,1
615308.62,1281001.00,816.57,815.00,816.57,0.62,0.34,0.26,1
615400.94,1281001.00,818.58,817.00,818.58,0.62,0.35,0.27,1
615493.19,1281001.00,816.58,815.00,816.58,0.63,0.35,0.27,1
615585.50,1281001.00,805.58,804.00,805.58,0.63,0.35,0.28,1
615677.75,1281001.00,809.58,808.00,809.58,0.63,0.36,0.28,1
615770.06,1281001.00,809.58,808.00,809.58,0.63,0.35,0.28,1
615862.31,1281001.00,814.58,813.00,814.58,0.62,0.35,0.27,1
615954.62,1281001.00,820.57,819.00,820.57,0.62,0.34,0.26,1
616046.88,1281001.00,826.57,825.00,826.57,0.62,0.34,0.26,1
616139.12,1281001.00,826.57,825.00,826.57,0.62,0.34,0.26,1
616231.44,1281001.00,834.57,833.00,834.57,0.61,0.33,0.25,1
616323.69,1281001.00,834.57,833.00,834.57,0.61,0.34,0.26,1
616416.00,1281001.00,837.57,836.00,837.57,0.61,0.34,0.26,1
616508.25,1281001.00,840.57,839.00,840.57,0.62,0.34,0.26,1
616600.56,1281001.00,842.58,841.00,842.58,0.62,0.35,0.27,1
616692.81,1281001.00,834.59,833.00,834.59,0.62,0.34,0.26,1
616785.12,1281001.00,832.60,831.00,832.60,0.61,0.33,0.25,1
616877.38,1281001.00,844.60,843.00,844.60,0.61,0.33,0.25,1
616969.62,1281001.00,853.61,852.00,853.61,0.62,0.34,0.26,1
617061.94,1281001.00,837.62,836.00,837.62,0.63,0.35,0.27,1
617154.19,1281001.00,817.62,816.00,817.62,0.63,0.35,0.27,1
617246.50,1281001.00,802.63,801.00,802.63,0.62,0.34,0.26,1
617338.75,1281001.00,788.63,787.00,788.63,0.61,0.33,0.25,1
617431.06,1281001.00,785.63,784.00,785.63,0.60,0.32,0.24,1
617523.31,1281001.00,781.63,780.00,781.63,0.61,0.33,0.25,1
617615.62,1281001.00,771.63,770.00,771.63,0.62,0.34,0.26,1
617707.88,1281001.00,763.63,762.00,763.63,0.63,0.35,0.27,1
617800.12,1281001.00,756.63,755.00,756.63,0.63,0.35,0.27,1
617892.44,1281001.00,753.63,752.00,753.63,0.62,0.34,0.26,1
617984.69,1281001.00,758.64,757.00,758.64,0.61,0.33,0.26,1
618077.00,1281001.00,757.64,756.00,757.64,0.62,0.34,0.26,1
618169.25,1281001.00,770.64,769.00,770.64,0.61,0.33,0.25,1
618261.56,1281001.00,782.65,781.00,782.65,0.62,0.34,0.26,1
618353.81,1281001.00,790.66,789.00,790.66,0.63,0.35,0.27,1
618446.12,1281001.00,790.67,789.00,790.67,0.63,0.35,0.27,1
618538.38,1281001.00,786.68,785.00,786.68,0.62,0.34,0.26,1
618630.62,1281001.00,792.68,791.00,792.68,0.61,0.33,0.25,1
618722.94,1281001.00,812.68,811.00,812.68,0.62,0.34,0.26,1
618815.19,1281001.00,809.68,808.00,809.68,0.63,0.35,0.27,1
618907.50,1281001.00,793.69,792.00,793.69,0.63,0.35,0.27,1
618999.75,1281001.00,779.69,778.00,779.69,0.63,0.35,0.27,1
619092.06,1281001.00,766.69,765.00,766.69,0.63,0.35,0.27,1
619184.31,1281001.00,758.70,757.00,758.70,0.63,0.34,0.26,1
619276.62,1281001.00,760.70,759.00,760.70,0.60,0.32,0.24,1
619368.88,1281001.00,776.71,775.00,776.71,0.60,0.31,0.23,1
619461.19,1281001.00,777.72,776.00,777.72,0.61,0.32,0.24,1
619553.44,1281001.00,774.73,773.00,774.73,0.61,0.33,0.24,1
619645.69,1281001.00,773.75,772.00,773.75,0.61,0.33,0.25,1
619738.00,1281001.00,767.78,766.00,767.78,0.62,0.33,0.25,1
619830.25,1281001.00,759.81,758.00,759.81,0.62,0.34,0.25,1
619922.56,1281001.00,755.85,754.00,755.85,0.62,0.33,0.25,1
620014.81,1281001.00,758.89,757.00,758.89,0.61,0.32,0.24,1
620107.12,1281001.00,766.95,765.00,766.95,0.61,0.32,0.24,1
620199.38,1281001.00,772.01,770.00,772.01,0.61,0.32,0.24,1
620291.69,1281001.00,774.07,772.00,774.07,0.61,0.32,0.24,1
620383.94,1281001.00,773.14,771.00,773.14,0.62,0.32,0.24,1
620476.19,1281001.00,767.20,765.00,767.20,0.61,0.32,0.23,1
620568.50,1281001.00,765.28,763.00,765.28,0.61,0.31,0.23,1
620660.75,1281001.00,767.35,765.00,767.35,0.61,0.31,0.22,1
620753.06,1281001.00,772.40,770.00,772.40,0.60,0.30,0.22,1
620845.31,1281001.00,783.44,781.00,783.44,0.60,0.30,0.21,1
620937.62,1281001.00,796.47,794.00,796.47,0.60,0.30,0.21,1
621029.88,1281001.00,799.50,797.00,799.50,0.61,0.31,0.22,1
621122.19,1281001.00,793.53,791.00,793.53,0.61,0.31,0.22,1
621214.44,1281001.00,791.54,789.00,791.54,0.60,0.30,0.21,1
621306.69,1281001.00,799.53,797.00,799.53,0.60,0.29,0.21,1
621399.00,1281001.00,813.42,811.00,813.42,0.60,0.29,0.21,1
621491.25,1281001.00,824.24,822.00,824.24,0.59,0.30,0.21,1
621583.56,1281001.00,834.14,832.00,834.14,0.59,0.30,0.21,1
621675.81,1281001.00,847.10,845.00,847.10,0.59,0.30,0.21,1
621768.12,1281001.00,852.10,850.00,852.10,0.61,0.31,0.23,1
621860.38,1281001.00,853.11,851.00,853.11,0.61,0.31,0.23,1
621952.69,1281001.00,853.15,851.00,853.15,0.60,0.31,0.22,1
622044.94,1281001.00,848.26,846.00,848.26,0.59,0.29,0.21,1
622137.19,1281001.00,854.40,852.00,854.40,0.58,0.28,0.20,1
622229.50,1281001.00,859.46,857.00,859.46,0.58,0.28,0.19,1
622321.75,1281001.00,859.39,857.00,859.39,0.58,0.28,0.19,1
622414.06,1281001.00,857.38,855.00,857.38,0.58,0.28,0.20,1
622506.31,1281001.00,852.42,850.00,852.42,0.59,0.29,0.20,1
622598.62,1281001.00,852.36,850.00,852.36,0.58,0.28,0.20,1
622690.88,1281001.00,861.16,859.00,861.16,0.58,0.28,0.19,1
622783.19,1281001.00,869.82,868.00,869.82,0.57,0.28,0.20,1
622875.44,1281001.00,884.56,883.00,884.56,0.56,0.29,0.21,1
622967.69,1281001.00,913.39,912.00,913.39,0.57,0.30,0.22,1
623060.00,1281001.00,943.29,942.00,943.29,0.58,0.31,0.24,1
623152.25,1281001.00,963.24,962.00,963.24,0.59,0.32,0.25,1
623244.56,1281001.00,967.19,966.00,967.19,0.59,0.33,0.25,1
623336.81,1281001.00,964.13,963.00,964.13,0.60,0.34,0.26,1
623429.12,1281001.00,953.06,952.00,953.06,0.61,0.35,0.28,1
623521.38,1281001.00,940.01,939.00,940.01,0.64,0.38,0.31,1
623613.69,1281001.00,923.01,922.00,923.01,0.66,0.41,0.34,1
623705.94,1281001.00,886.26,885.00,886.26,0.67,0.41,0.33,1
623798.19,1281001.00,845.77,844.00,845.77,0.65,0.37,0.29,1
623890.50,1281001.00,818.91,817.00,818.91,0.64,0.35,0.27,1
623982.75,1281001.00,799.89,798.00,799.89,0.64,0.35,0.27,1
624075.06,1281001.00,786.84,785.00,786.84,0.63,0.34,0.26,1
624167.31,1281001.00,789.79,788.00,789.79,0.62,0.34,0.26,1
624259.62,1281001.00,806.75,805.00,806.75,0.62,0.34,0.25,1
624351.88,1281001.00,822.71,821.00,822.71,0.62,0.34,0.26,1
624444.19,1281001.00,828.67,827.00,828.67,0.63,0.35,0.27,1
624536.44,1281001.00,823.63,822.00,823.63,0.63,0.35,0.27,1
624628.69,1281001.00,812.59,811.00,812.59,0.63,0.35,0.27,1
624721.00,1281001.00,795.55,794.00,795.55,0.63,0.35,0.27,1
624813.25,1281001.00,777.50,776.00,777.50,0.63,0.36,0.28,1
624905.56,1281001.00,772.44,771.00,772.44,0.62,0.35,0.27,1
624997.81,1281001.00,780.35,779.00,780.35,0.62,0.35,0.27,1
625090.12,1281001.00,790.25,789.00,790.25,0.63,0.37,0.29,1
625182.38,1281001.00,797.15,796.00,797.15,0.64,0.38,0.30,1
625274.69,1281001.00,796.09,795.00,796.09,0.64,0.38,0.31,1
625366.94,1281001.00,797.14,796.16,797.14,0.57,0.32,0.25,1
625459.19,1281001.00,-9999.00,-9999.00,-9999.00,0.71,0.71,0.71,0
614385.88,1280908.75,-9999.00,-9999.00,-9999.00,0.71,0.71,0.71,0
614478.12,1280908.75,784.00,783.00,784.00,0.30,0.05,-0.03,1
614570.44,1280908.75,781.01,780.00,781.01,0.64,0.39,0.31,1
614662.69,1280908.75,783.06,782.00,783.06,0.62,0.36,0.29,1
614755.00,1280908.75,797.13,796.00,797.13,0.60,0.34,0.26,1
614847.25,1280908.75,810.26,809.00,810.26,0.60,0.33,0.26,1
614939.56,1280908.75,807.37,806.00,807.37,0.61,0.34,0.26,1
615031.81,1280908.75,801.45,800.00,801.45,0.61,0.34,0.26,1
615124.12,1280908.75,803.51,802.00,803.51,0.61,0.33,0.25,1
615216.38,1280908.75,807.54,806.00,807.54,0.61,0.34,0.26,1
615308.62,1280908.75,812.56,811.00,812.56,0.61,0.34,0.26,1
615400.94,1280908.75,815.57,814.00,815.57,0.61,0.34,0.26,1
615493.19,1280908.75,812.57,811.00,812.57,0.61,0.34,0.26,1
615585.50,1280908.75,813.58,812.00,813.58,0.62,0.34,0.26,1
615677.75,1280908.75,826.58,825.00,826.58,0.63,0.35,0.27,1
615770.06,1280908.75,826.57,825.00,826.57,0.63,0.36,0.28,1
615862.31,1280908.75,822.57,821.00,822.57,0.63,0.35,0.27,1
615954.62,1280908.75,822.57,821.00,822.57,0.62,0.34,0.26,1
616046.88,1280908.75,819.56,818.00,819.56,0.61,0.34,0.26,1
616139.12,1280908.75,821.56,820.00,821.56,0.61,0.34,0.26,1
616231.44,1280908.75,826.56,825.00,826.56,0.61,0.33,0.26,1
616323.69,1280908.75,830.56,829.00,830.56,0.61,0.34,0.26,1
616416.00,1280908.75,835.57,834.00,835.57,0.61,0.33,0.26,1
616508.25,1280908.75,839.57,838.00,839.57,0.61,0.33,0.26,1
616600.56,1280908.75,841.58,840.00,841.58,0.62,0.34,0.26,1
616692.81,1280908.75,830.59,829.00,830.59,0.62,0.34,0.26,1
616785.12,1280908.75,831.59,830.00,831.59,0.61,0.34,0.26,1
616877.38,1280908.75,844.60,843.00,844.60,0.61,0.33,0.25,1
616969.62,1280908.75,851.60,850.00,851.60,0.62,0.34,0.26,1
617061.94,1280908.75,834.61,833.00,834.61,0.63,0.35,0.27,1
617154.19,1280908.75,812.62,811.00,812.62,0.64,0.36,0.28,1
617246.50,1280908.75,796.63,795.00,796.63,0.63,0.35,0.27,1
617338.75,1280908.75,784.63,783.00,784.63,0.63,0.35,0.27,1
617431.06,1280908.75,773.63,772.00,773.63,0.63,0.35,0.27,1
617523.31,1280908.75,765.63,764.00,765.63,0.62,0.34,0.26,1
617615.62,1280908.75,765.64,764.00,765.64,0.63,0.35,0.27,1
617707.88,1280908.75,768.63,767.00,768.63,0.64,0.36,0.28,1
617800.12,1280908.75,754.63,753.00,754.63,0.63,0.35,0.27,1
617892.44,1280908.75,750.64,749.00,750.64,0.62,0.34,0.26,1
617984.69,1280908.75,757.64,756.00,757.64,0.61,0.33,0.25,1
618077.00,1280908.75,763.64,762.00,763.64,0.62,0.34,0.26,1
618169.25,1280908.75,769.65,768.00,769.65,0.61,0.33,0.25,1
618261.56,1280908.75,788.65,787.00,788.65,0.60,0.32,0.24,1
618353.81,1280908.75,801.67,800.00,801.67,0.62,0.34,0.26,1
618446.12,1280908.75,795.68,794.00,795.68,0.62,0.34,0.26,1
618538.38,1280908.75,783.68,782.00,783.68,0.61,0.33,0.25,1
618630.62,1280908.75,801.68,800.00,801.68,0.60,0.32,0.24,1
618722.94,1280908.75,816.68,815.00,816.68,0.61,0.33,0.25,1
618815.19,1280908.75,808.68,807.00,808.68,0.62,0.34,0.26,1
618907.50,1280908.75,791.69,790.00,791.69,0.63,0.35,0.26,1
618999.75,1280908.75,781.69,780.00,781.69,0.64,0.35,0.27,1
619092.06,1280908.75,775.69,774.00,775.69,0.64,0.36,0.28,1
619184.31,1280908.75,765.70,764.00,765.70,0.64,0.36,0.27,1
619276.62,1280908.75,756.70,755.00,756.70,0.62,0.34,0.26,1
619368.88,1280908.75,760.70,759.00,760.70,0.61,0.32,0.24,1
619461.19,1280908.75,759.71,758.00,759.71,0.61,0.33,0.25,1
619553.44,1280908.75,758.72,757.00,758.72,0.61,0.33,0.25,1
619645.69,1280908.75,759.73,758.00,759.73,0.61,0.33,0.25,1
619738.00,1280908.75,756.74,755.00,756.74,0.62,0.33,0.25,1
619830.25,1280908.75,755.76,754.00,755.76,0.62,0.33,0.25,1
619922.56,1280908.75,755.79,754.00,755.79,0.62,0.33,0.25,1
620014.81,1280908.75,754.82,753.00,754.82,0.62,0.33,0.25,1
620107.12,1280908.75,757.85,756.00,757.85,0.61,0.32,0.24,1
620199.38,1280908.75,763.89,762.00,763.89,0.61,0.32,0.24,1
620291.69,1280908.75,766.94,765.00,766.94,0.61,0.32,0.24,1
620383.94,1280908.75,769.98,768.00,769.98,0.61,0.32,0.24,1
620476.19,1280908.75,764.04,762.00,764.04,0.62,0.33,0.24,1
620568.50,1280908.75,764.10,762.00,764.10,0.62,0.32,0.24,1
620660.75,1280908.75,767.16,765.00,767.16,0.61,0.32,0.23,1
620753.06,1280908.75,770.24,768.00,770.24,0.61,0.31,0.22,1
620845.31,1280908.75,780.30,778.00,780.30,0.60,0.30,0.22,1
620937.62,1280908.75,794.36,792.00,794.36,0.60,0.30,0.22,1
621029.88,1280908.75,797.39,795.00,797.39,0.61,0.31,0.22,1
621122.19,1280908.75,791.40,789.00,791.40,0.61,0.31,0.23,1
621214.44,1280908.75,788.40,786.00,788.40,0.61,0.31,0.22,1
621306.69,1280908.75,797.38,795.00,797.38,0.60,0.30,0.22,1
621399.00,1280908.75,809.32,807.00,809.32,0.60,0.30,0.22,1
621491.25,1280908.75,815.21,813.00,815.21,0.60,0.30,0.22,1
621583.56,1280908.75,819.14,817.00,819.14,0.60,0.30,0.22,1
621675.81,1280908.75,831.11,829.00,831.11,0.59,0.30,0.21,1
621768.12,1280908.75,842.11,840.00,842.11,0.60,0.30,0.22,1
621860.38,1280908.75,845.13,843.00,845.13,0.61,0.31,0.23,1
621952.69,1280908.75,834.18,832.00,834.18,0.61,0.31,0.23,1
622044.94,1280908.75,822.28,820.00,822.28,0.60,0.30,0.21,1
622137.19,1280908.75,823.46,821.00,823.46,0.59,0.29,0.20,1
622229.50,1280908.75,827.64,825.00,827.64,0.59,0.29,0.20,1
622321.75,1280908.75,825.73,823.00,825.73,0.59,0.28,0.20,1
622414.06,1280908.75,824.74,822.00,824.74,0.60,0.28,0.20,1
622506.31,1280908.75,826.70,824.00,826.70,0.60,0.29,0.20,1
622598.62,1280908.75,827.57,825.00,827.57,0.60,0.29,0.20,1
622690.88,1280908.75,829.34,827.00,829.34,0.59,0.29,0.20,1
622783.19,1280908.75,840.02,838.00,840.02,0.58,0.29,0.20,1
622875.44,1280908.75,868.71,867.00,868.71,0.57,0.29,0.21,1
622967.69,1280908.75,905.48,904.00,905.48,0.57,0.30,0.22,1
623060.00,1280908.75,930.36,929.00,930.36,0.58,0.31,0.23,1
623152.25,1280908.75,940.29,939.00,940.29,0.59,0.32,0.25,1
623244.56,1280908.75,936.23,935.00,936.23,0.60,0.33,0.26,1
623336.81,1280908.75,931.17,930.00,931.17,0.60,0.34,0.26,1
623429.12,1280908.75,928.13,927.00,928.13,0.60,0.34,0.27,1
623521.38,1280908.75,930.10,929.00,930.10,0.61,0.36,0.28,1
623613.69,1280908.75,921.10,920.00,921.10,0.64,0.38,0.30,1
623705.94,1280908.75,888.24,887.00,888.24,0.65,0.38,0.31,1
623798.19,1280908.75,847.62,846.00,847.62,0.65,0.37,0.29,1
623890.50,1280908.75,822.76,821.00,822.76,0.64,0.36,0.28,1
623982.75,1280908.75,805.78,804.00,805.78,0.64,0.36,0.27,1
624075.06,1280908.75,795.78,794.00,795.78,0.63,0.35,0.26,1
624167.31,1280908.75,810.76,809.00,810.76,0.62,0.33,0.25,1
624259.62,1280908.75,830.73,829.00,830.73,0.62,0.34,0.25,1
624351.88,1280908.75,836.70,835.00,836.70,0.62,0.34,0.26,1
624444.19,1280908.75,828.67,827.00,828.67,0.62,0.34,0.26,1
624536.44,1280908.75,812.63,811.00,812.63,0.62,0.34,0.26,1
624628.69,1280908.75,797.60,796.00,797.60,0.62,0.34,0.26,1
624721.00,1280908.75,785.55,784.00,785.55,0.63,0.35,0.27,1
624813.25,1280908.75,775.50,774.00,775.50,0.63,0.36,0.28,1
624905.56,1280908.75,774.44,773.00,774.44,0.62,0.35,0.27,1
624997.81,1280908.75,788.36,787.00,788.36,0.61,0.34,0.26,1
625090.12,1280908.75,805.25,804.00,805.25,0.62,0.35,0.28,1
625182.38,1280908.75,812.15,811.00,812.15,0.63,0.37,0.30,1
625274.69,1280908.75,808.08,807.00,808.08,0.64,0.39,0.31,1
625366.94,1280908.75,810.84,809.85,810.84,0.58,0.32,0.25,1
625459.19,1280908.75,-9999.00,-9999.00,-9999.00,0.71,0.71,0.71,0
614385.88,1280816.38,-9999.00,-9999.00,-9999.00,0.71,0.71,0.71,0
614478.12,1280816.38,788.95,788.00,788.95,0.29,0.04,-0.03,1
614570.44,1280816.38,788.96,788.00,788.96,0.64,0.38,0.31,1
614662.69,1280816.38,787.01,786.00,787.01,0.63,0.37,0.30,1
614755.00,1280816.38,792.11,791.00,792.11,0.61,0.35,0.28,1
614847.25,1280816.38,795.24,794.00,795.24,0.61,0.35,0.27,1
614939.56,1280816.38,793.35,792.00,793.35,0.62,0.35,0.27,1
615031.81,1280816.38,793.44,792.00,793.44,0.62,0.35,0.27,1
615124.12,1280816.38,800.49,799.00,800.49,0.62,0.34,0.26,1
615216.38,1280816.38,807.53,806.00,807.53,0.61,0.34,0.26,1
615308.62,1280816.38,810.55,809.00,810.55,0.62,0.34,0.26,1
615400.94,1280816.38,806.56,805.00,806.56,0.61,0.34,0.26,1
615493.19,1280816.38,802.57,801.00,802.57,0.61,0.33,0.25,1
615585.50,1280816.38,816.57,815.00,816.57,0.60,0.32,0.25,1
615677.75,1280816.38,832.57,831.00,832.57,0.61,0.33,0.25,1
615770.06,1280816.38,831.57,830.00,831.57,0.62,0.35,0.27,1
615862.31,1280816.38,820.57,819.00,820.57,0.63,0.35,0.27,1
615954.62,1280816.38,812.56,811.00,812.56,0.62,0.34,0.26,1
616046.88,1280816.38,810.56,809.00,810.56,0.61,0.33,0.25,1
616139.12,1280816.38,819.56,818.00,819.56,0.61,0.33,0.25,1
616231.44,1280816.38,826.56,825.00,826.56,0.61,0.34,0.26,1
616323.69,1280816.38,830.56,829.00,830.56,0.62,0.34,0.26,1
616416.00,1280816.38,829.56,828.00,829.56,0.62,0.34,0.26,1
616508.25,1280816.38,830.57,829.00,830.57,0.61,0.34,0.26,1
616600.56,1280816.38,831.57,830.00,831.57,0.61,0.34,0.26,1
616692.81,1280816.38,825.58,824.00,825.58,0.62,0.34,0.26,1
616785.12,1280816.38,833.59,832.00,833.59,0.61,0.34,0.26,1
616877.38,1280816.38,842.60,841.00,842.60,0.62,0.34,0.26,1
616969.62,1280816.38,837.60,836.00,837.60,0.61,0.33,0.25,1
617061.94,1280816.38,827.61,826.00,827.61,0.62,0.34,0.26,1
617154.19,1280816.38,817.62,816.00,817.62,0.64,0.36,0.28,1
617246.50,1280816.38,798.63,797.00,798.63,0.64,0.36,0.28,1
617338.75,1280816.38,783.63,782.00,783.63,0.64,0.36,0.28,1
617431.06,1280816.38,776.64,775.00,776.64,0.63,0.35,0.27,1
617523.31,1280816.38,775.64,774.00,775.64,0.63,0.35,0.27,1
617615.62,1280816.38,782.64,781.00,782.64,0.63,0.35,0.27,1
617707.88,1280816.38,782.63,781.00,782.63,0.64,0.36,0.28,1
617800.12,1280816.38,759.64,758.00,759.64,0.64,0.36,0.28,1
617892.44,1280816.38,752.64,751.00,752.64,0.62,0.34,0.26,1
617984.69,1280816.38,759.64,758.00,759.64,0.61,0.33,0.25,1
618077.00,1280816.38,774.64,773.00,774.64,0.61,0.33,0.25,1
618169.25,1280816.38,781.65,780.00,781.65,0.62,0.34,0.26,1
618261.56,1280816.38,788.66,787.00,788.66,0.61,0.33,0.25,1
618353.81,1280816.38,790.67,789.00,790.67,0.60,0.32,0.24,1
618446.12,1280816.38,779.68,778.00,779.68,0.61,0.32,0.24,1
618538.38,1280816.38,779.68,778.00,779.68,0.60,0.32,0.24,1
618630.62,1280816.38,798.68,797.00,798.68,0.59,0.31,0.23,1
618722.94,1280816.38,802.68,801.00,802.68,0.60,0.32,0.24,1
618815.19,1280816.38,788.68,787.00,788.68,0.60,0.32,0.24,1
618907.50,1280816.38,781.69,780.00,781.69,0.60,0.32,0.24,1
618999.75,1280816.38,793.69,792.00,793.69,0.62,0.34,0.25,1
619092.06,1280816.38,790.69,789.00,790.69,0.64,0.35,0.27,1
619184.31,1280816.38,774.69,773.00,774.69,0.64,0.36,0.28,1
619276.62,1280816.38,756.70,755.00,756.70,0.63,0.35,0.27,1
619368.88,1280816.38,752.70,751.00,752.70,0.62,0.34,0.26,1
619461.19,1280816.38,754.71,753.00,754.71,0.62,0.34,0.26,1
619553.44,1280816.38,760.71,759.00,760.71,0.63,0.34,0.26,1
619645.69,1280816.38,759.72,758.00,759.72,0.63,0.35,0.27,1
619738.00,1280816.38,755.72,754.00,755.72,0.63,0.35,0.27,1
619830.25,1280816.38,752.73,751.00,752.73,0.62,0.34,0.26,1
619922.56,1280816.38,753.75,752.00,753.75,0.62,0.34,0.26,1
620014.81,1280816.38,755.76,754.00,755.76,0.63,0.34,0.26,1
620107.12,1280816.38,757.79,756.00,757.79,0.62,0.34,0.26,1
620199.38,1280816.38,757.81,756.00,757.81,0.62,0.33,0.25,1
620291.69,1280816.38,758.84,757.00,758.84,0.61,0.32,0.24,1
620383.94,1280816.38,763.88,762.00,763.88,0.61,0.32,0.24,1
620476.19,1280816.38,762.92,761.00,762.92,0.62,0.33,0.24,1
620568.50,1280816.38,764.96,763.00,764.96,0.62,0.33,0.24,1
620660.75,1280816.38,766.02,764.00,766.02,0.61,0.32,0.24,1
620753.06,1280816.38,765.08,763.00,765.08,0.61,0.32,0.23,1
620845.31,1280816.38,776.14,774.00,776.14,0.60,0.31,0.22,1
620937.62,1280816.38,789.19,787.00,789.19,0.60,0.31,0.22,1
621029.88,1280816.38,791.21,789.00,791.21,0.61,0.31,0.23,1
621122.19,1280816.38,785.22,783.00,785.22,0.61,0.31,0.23,1
621214.44,1280816.38,788.22,786.00,788.22,0.61,0.31,0.22,1
621306.69,1280816.38,796.21,794.00,796.21,0.60,0.31,0.22,1
621399.00,1280816.38,802.19,800.00,802.19,0.60,0.31,0.22,1
621491.25,1280816.38,802.15,800.00,802.15,0.60,0.31,0.22,1
621583.56,1280816.38,806.12,804.00,806.12,0.60,0.30,0.22,1
621675.81,1280816.38,818.10,816.00,818.10,0.59,0.30,0.21,1
621768.12,1280816.38,824.11,822.00,824.11,0.59,0.29,0.21,1
621860.38,1280816.38,827.12,825.00,827.12,0.60,0.30,0.22,1
621952.69,1280816.38,814.18,812.00,814.18,0.61,0.31,0.22,1
622044.94,1280816.38,802.27,800.00,802.27,0.61,0.31,0.22,1
622137.19,1280816.38,804.43,802.00,804.43,0.60,0.30,0.21,1
622229.50,1280816.38,809.58,807.00,809.58,0.60,0.29,0.21,1
622321.75,1280816.38,808.65,806.00,808.65,0.60,0.29,0.21,1
622414.06,1280816.38,810.65,808.00,810.65,0.60,0.29,0.21,1
622506.31,1280816.38,816.62,814.00,816.62,0.60,0.30,0.21,1
622598.62,1280816.38,813.51,811.00,813.51,0.61,0.30,0.21,1
622690.88,1280816.38,816.31,814.00,816.31,0.60,0.30,0.21,1
622783.19,1280816.38,834.04,832.00,834.04,0.59,0.30,0.21,1
622875.44,1280816.38,862.75,861.00,862.75,0.58,0.30,0.22,1
622967.69,1280816.38,894.56,893.00,894.56,0.58,0.31,0.23,1
623060.00,1280816.38,913.45,912.00,913.45,0.60,0.32,0.25,1
623152.25,1280816.38,922.36,921.00,922.36,0.61,0.34,0.27,1
623244.56,1280816.38,921.30,920.00,921.30,0.62,0.36,0.28,1
623336.81,1280816.38,919.26,918.00,919.26,0.62,0.35,0.27,1
623429.12,1280816.38,919.24,918.00,919.24,0.61,0.34,0.27,1
623521.38,1280816.38,916.25,915.00,916.25,0.61,0.35,0.27,1
623613.69,1280816.38,902.26,901.00,902.26,0.62,0.36,0.28,1
623705.94,1280816.38,872.35,871.00,872.35,0.64,0.37,0.29,1
623798.19,1280816.38,844.56,843.00,844.56,0.64,0.37,0.29,1
623890.50,1280816.38,830.67,829.00,830.67,0.64,0.36,0.28,1
623982.75,1280816.38,820.71,819.00,820.71,0.64,0.36,0.27,1
624075.06,1280816.38,817.72,816.00,817.72,0.63,0.35,0.27,1
624167.31,1280816.38,831.72,830.00,831.72,0.62,0.34,0.26,1
624259.62,1280816.38,836.71,835.00,836.71,0.63,0.34,0.26,1
624351.88,1280816.38,827.69,826.00,827.69,0.63,0.35,0.27,1
624444.19,1280816.38,814.67,813.00,814.67,0.63,0.35,0.27,1
624536.44,1280816.38,799.64,798.00,799.64,0.63,0.35,0.27,1
624628.69,1280816.38,789.60,788.00,789.60,0.63,0.35,0.27,1
624721.00,1280816.38,787.56,786.00,787.56,0.63,0.36,0.28,1
624813.25,1280816.38,782.51,781.00,782.51,0.64,0.36,0.28,1
624905.56,1280816.38,778.45,777.00,778.45,0.62,0.35,0.27,1
624997.81,1280816.38,788.37,787.00,788.37,0.60,0.33,0.26,1
625090.12,1280816.38,802.27,801.00,802.27,0.60,0.34,0.26,1
625182.38,1280816.38,812.16,811.00,812.16,0.62,0.36,0.28,1
625274.69,1280816.38,817.07,816.00,817.07,0.63,0.37,0.30,1
625366.94,1280816.38,831.10,830.09,831.10,0.58,0.32,0.25,1
625459.19,1280816.38,-9999.00,-9999.00,-9999.00,0.71,0.71,0.71,0
614385.88,1280724.12,-9999.00,-9999.00,-9999.00,0.71,0.71,0.71,0
614478.12,1280724.12,784.97,784.00,784.97,0.30,0.04,-0.03,1
614570.44,1280724.12,786.99,786.00,786.99,0.62,0.37,0.30,1
614662.69,1280724.12,785.00,784.00,785.00,0.62,0.37,0.30,1
614755.00,1280724.12,784.10,783.00,784.10,0.61,0.35,0.28,1
614847.25,1280724.12,790.22,789.00,790.22,0.61,0.35,0.27,1
614939.56,1280724.12,799.34,798.00,799.34,0.62,0.36,0.28,1
615031.81,1280724.12,806.42,805.00,806.42,0.63,0.36,0.28,1
615124.12,1280724.12,809.48,808.00,809.48,0.63,0.36,0.28,1
615216.38,1280724.12,804.52,803.00,804.52,0.63,0.35,0.27,1
615308.62,1280724.12,800.54,799.00,800.54,0.62,0.34,0.26,1
615400.94,1280724.12,794.56,793.00,794.56,0.61,0.34,0.26,1
615493.19,1280724.12,796.56,795.00,796.56,0.61,0.33,0.25,1
615585.50,1280724.12,812.57,811.00,812.57,0.60,0.32,0.25,1
615677.75,1280724.12,818.57,817.00,818.57,0.60,0.32,0.24,1
615770.06,1280724.12,818.57,817.00,818.57,0.61,0.33,0.25,1
615862.31,1280724.12,814.56,813.00,814.56,0.62,0.35,0.27,1
615954.62,1280724.12,803.56,802.00,803.56,0.62,0.34,0.26,1
616046.88,1280724.12,806.56,805.00,806.56,0.61,0.34,0.26,1
616139.12,1280724.12,814.56,813.00,814.56,0.61,0.33,0.25,1
616231.44,1280724.12,823.56,822.00,823.56,0.61,0.34,0.26,1
616323.69,1280724.12,825.56,824.00,825.56,0.62,0.34,0.26,1
616416.00,1280724.12,828.56,827.00,828.56,0.62,0.34,0.27,1
616508.25,1280724.12,829.56,828.00,829.56,0.63,0.35,0.27,1
616600.56,1280724.12,824.57,823.00,824.57,0.62,0.35,0.27,1
616692.81,1280724.12,825.58,824.00,825.58,0.62,0.34,0.26,1
616785.12,1280724.12,837.59,836.00,837.59,0.62,0.34,0.26,1
616877.38,1280724.12,841.60,840.00,841.60,0.63,0.35,0.27,1
616969.62,1280724.12,820.60,819.00,820.60,0.62,0.34,0.26,1
617061.94,1280724.12,813.61,812.00,813.61,0.61,0.33,0.25,1
617154.19,1280724.12,814.62,813.00,814.62,0.62,0.34,0.26,1
617246.50,1280724.12,802.63,801.00,802.63,0.63,0.35,0.27,1
617338.75,1280724.12,790.63,789.00,790.63,0.63,0.35,0.27,1
617431.06,1280724.12,790.64,789.00,790.64,0.63,0.35,0.27,1
617523.31,1280724.12,794.64,793.00,794.64,0.63,0.35,0.27,1
617615.62,1280724.12,797.64,796.00,797.64,0.63,0.35,0.27,1
617707.88,1280724.12,785.63,784.00,785.63,0.63,0.35,0.27,1
617800.12,1280724.12,767.63,766.00,767.63,0.64,0.36,0.28,1
617892.44,1280724.12,755.64,754.00,755.64,0.63,0.35,0.27,1
617984.69,1280724.12,756.64,755.00,756.64,0.61,0.33,0.25,1
618077.00,1280724.12,769.64,768.00,769.64,0.60,0.32,0.24,1
618169.25,1280724.12,778.65,777.00,778.65,0.61,0.33,0.25,1
618261.56,1280724.12,775.66,774.00,775.66,0.61,0.33,0.25,1
618353.81,1280724.12,766.67,765.00,766.67,0.61,0.33,0.24,1
618446.12,1280724.12,761.68,760.00,761.68,0.60,0.32,0.24,1
618538.38,1280724.12,773.68,772.00,773.68,0.60,0.32,0.24,1
618630.62,1280724.12,777.68,776.00,777.68,0.60,0.32,0.24,1
618722.94,1280724.12,774.68,773.00,774.68,0.60,0.32,0.24,1
618815.19,1280724.12,765.69,764.00,765.69,0.61,0.33,0.24,1
618907.50,1280724.12,766.69,765.00,766.69,0.60,0.31,0.23,1
618999.75,1280724.12,784.69,783.00,784.69,0.59,0.31,0.23,1
619092.06,1280724.12,786.69,785.00,786.69,0.61,0.33,0.25,1
619184.31,1280724.12,770.69,769.00,770.69,0.63,0.35,0.27,1
619276.62,1280724.12,754.69,753.00,754.69,0.63,0.35,0.27,1
619368.88,1280724.12,754.70,753.00,754.70,0.62,0.34,0.26,1
619461.19,1280724.12,766.70,765.00,766.70,0.62,0.34,0.26,1
619553.44,1280724.12,774.70,773.00,774.70,0.63,0.35,0.27,1
619645.69,1280724.12,773.71,772.00,773.71,0.64,0.36,0.28,1
619738.00,1280724.12,767.71,766.00,767.71,0.64,0.36,0.28,1
619830.25,1280724.12,757.71,756.00,757.71,0.63,0.35,0.27,1
619922.56,1280724.12,764.72,763.00,764.72,0.63,0.34,0.26,1
620014.81,1280724.12,772.73,771.00,772.73,0.63,0.35,0.27,1
620107.12,1280724.12,770.74,769.00,770.74,0.63,0.35,0.27,1
620199.38,1280724.12,760.76,759.00,760.76,0.63,0.35,0.27,1
620291.69,1280724.12,755.78,754.00,755.78,0.62,0.34,0.26,1
620383.94,1280724.12,757.80,756.00,757.80,0.61,0.33,0.25,1
620476.19,1280724.12,760.83,759.00,760.83,0.61,0.33,0.25,1
620568.50,1280724.12,762.87,761.00,762.87,0.62,0.33,0.25,1
620660.75,1280724.12,761.91,760.00,761.91,0.62,0.33,0.24,1
620753.06,1280724.12,761.96,760.00,761.96,0.61,0.32,0.24,1
620845.31,1280724.12,771.00,769.00,771.00,0.61,0.32,0.23,1
620937.62,1280724.12,776.04,774.00,776.04,0.60,0.31,0.23,1
621029.88,1280724.12,777.05,775.00,777.05,0.60,0.31,0.23,1
621122.19,1280724.12,778.06,776.00,778.06,0.61,0.32,0.23,1
621214.44,1280724.12,780.06,778.00,780.06,0.61,0.31,0.23,1
621306.69,1280724.12,785.06,783.00,785.06,0.61,0.31,0.23,1
621399.00,1280724.12,788.06,786.00,788.06,0.61,0.31,0.23,1
621491.25,1280724.12,791.06,789.00,791.06,0.61,0.31,0.23,1
621583.56,1280724.12,792.06,790.00,792.06,0.60,0.31,0.23,1
621675.81,1280724.12,794.06,792.00,794.06,0.60,0.30,0.22,1
621768.12,1280724.12,794.08,792.00,794.08,0.60,0.30,0.22,1
621860.38,1280724.12,795.10,793.00,795.10,0.60,0.30,0.22,1
621952.69,1280724.12,792.15,790.00,792.15,0.60,0.31,0.22,1
622044.94,1280724.12,791.24,789.00,791.24,0.61,0.31,0.23,1
622137.19,1280724.12,793.35,791.00,793.35,0.61,0.31,0.22,1
622229.50,1280724.12,795.43,793.00,795.43,0.60,0.30,0.21,1
622321.75,1280724.12,797.46,795.00,797.46,0.60,0.30,0.21,1
622414.06,1280724.12,802.46,800.00,802.46,0.60,0.30,0.21,1
622506.31,1280724.12,805.44,803.00,805.44,0.60,0.30,0.21,1
622598.62,1280724.12,804.37,802.00,804.37,0.60,0.30,0.22,1
622690.88,1280724.12,811.23,809.00,811.23,0.60,0.30,0.22,1
622783.19,1280724.12,833.01,831.00,833.01,0.59,0.30,0.22,1
622875.44,1280724.12,864.76,863.00,864.76,0.59,0.30,0.22,1
622967.69,1280724.12,894.61,893.00,894.61,0.59,0.31,0.23,1
623060.00,1280724.12,917.51,916.00,917.51,0.60,0.33,0.25,1
623152.25,1280724.12,930.44,929.00,930.44,0.62,0.35,0.27,1
623244.56,1280724.12,930.40,929.00,930.40,0.64,0.37,0.29,1
623336.81,1280724.12,916.38,915.00,916.38,0.64,0.37,0.29,1
623429.12,1280724.12,902.37,901.00,902.37,0.62,0.35,0.27,1
623521.38,1280724.12,896.37,895.00,896.37,0.60,0.33,0.26,1
623613.69,1280724.12,887.39,886.00,887.39,0.62,0.34,0.27,1
623705.94,1280724.12,868.45,867.00,868.45,0.63,0.36,0.28,1
623798.19,1280724.12,852.56,851.00,852.56,0.64,0.36,0.28,1
623890.50,1280724.12,839.64,838.00,839.64,0.64,0.36,0.28,1
623982.75,1280724.12,828.67,827.00,828.67,0.63,0.35,0.27,1
624075.06,1280724.12,833.69,832.00,833.69,0.63,0.34,0.26,1
624167.31,1280724.12,843.69,842.00,843.69,0.63,0.35,0.27,1
624259.62,1280724.12,839.69,838.00,839.69,0.64,0.35,0.27,1
624351.88,1280724.12,829.68,828.00,829.68,0.64,0.36,0.28,1
624444.19,1280724.12,818.66,817.00,818.66,0.64,0.36,0.28,1
624536.44,1280724.12,806.64,805.00,806.64,0.64,0.36,0.28,1
624628.69,1280724.12,802.61,801.00,802.61,0.64,0.36,0.28,1
624721.00,1280724.12,800.57,799.00,800.57,0.64,0.36,0.28,1
624813.25,1280724.12,789.53,788.00,789.53,0.64,0.36,0.28,1
624905.56,1280724.12,780.47,779.00,780.47,0.63,0.36,0.28,1
624997.81,1280724.12,783.39,782.00,783.39,0.62,0.34,0.27,1
625090.12,1280724.12,795.29,794.00,795.29,0.60,0.34,0.26,1
625182.38,1280724.12,817.18,816.00,817.18,0.61,0.35,0.28,1
625274.69,1280724.12,829.09,828.00,829.09,0.62,0.36,0.29,1
625366.94,1280724.12,851.36,850.33,851.36,0.58,0.32,0.25,1
625459.19,1280724.12,-9999.00,-9999.00,-9999.00,0.71,0.71,0.71,0
614385.88,1280631.88,-9999.00,-9999.00,-9999.00,0.71,0.71,0.71,0
614478.12,1280631.88,779.04,778.00,779.04,0.31,0.05,-0.02,1
614570.44,1280631.88,779.07,778.00,779.07,0.61,0.36,0.28,1
614662.69,1280631.88,777.05,776.00,777.05,0.61,0.36,0.29,1
614755.00,1280631.88,778.11,777.00,778.11,0.61,0.35,0.27,1
614847.25,1280631.88,794.21,793.00,794.21,0.60,0.34,0.26,1
614939.56,1280631.88,812.32,811.00,812.32,0.61,0.34,0.27,1
615031.81,1280631.88,817.41,816.00,817.41,0.62,0.35,0.27,1
615124.12,1280631.88,814.47,813.00,814.47,0.63,0.36,0.28,1
615216.38,1280631.88,804.51,803.00,804.51,0.64,0.36,0.28,1
615308.62,1280631.88,793.53,792.00,793.53,0.63,0.35,0.28,1
615400.94,1280631.88,786.55,785.00,786.55,0.62,0.34,0.26,1
615493.19,1280631.88,793.56,792.00,793.56,0.61,0.33,0.25,1
615585.50,1280631.88,805.56,804.00,805.56,0.61,0.33,0.25,1
615677.75,1280631.88,803.56,802.00,803.56,0.61,0.33,0.25,1
615770.06,1280631.88,809.56,808.00,809.56,0.61,0.33,0.25,1
615862.31,1280631.88,810.56,809.00,810.56,0.62,0.34,0.26,1
615954.62,1280631.88,800.56,799.00,800.56,0.62,0.35,0.27,1
616046.88,1280631.88,804.56,803.00,804.56,0.62,0.34,0.26,1
616139.12,1280631.88,810.56,809.00,810.56,0.61,0.33,0.25,1
616231.44,1280631.88,821.56,820.00,821.56,0.60,0.33,0.25,1
616323.69,1280631.88,827.56,826.00,827.56,0.61,0.34,0.26,1
616416.00,1280631.88,833.56,832.00,833.56,0.62,0.34,0.26,1
616508.25,1280631.88,836.56,835.00,836.56,0.63,0.35,0.27,1
616600.56,1280631.88,829.57,828.00,829.57,0.63,0.35,0.28,1
616692.81,1280631.88,831.58,830.00,831.58,0.62,0.35,0.27,1
616785.12,1280631.88,842.59,841.00,842.59,0.62,0.35,0.27,1
616877.38,1280631.88,838.60,837.00,838.60,0.64,0.36,0.28,1
616969.62,1280631.88,809.61,808.00,809.61,0.63,0.35,0.27,1
617061.94,1280631.88,796.61,795.00,796.61,0.61,0.33,0.25,1
617154.19,1280631.88,799.62,798.00,799.62,0.60,0.32,0.24,1
617246.50,1280631.88,795.63,794.00,795.63,0.61,0.33,0.25,1
617338.75,1280631.88,792.63,791.00,792.63,0.61,0.33,0.25,1
617431.06,1280631.88,796.63,795.00,796.63,0.61,0.33,0.25,1
617523.31,1280631.88,798.62,797.00,798.62,0.61,0.33,0.25,1
617615.62,1280631.88,792.63,791.00,792.63,0.62,0.34,0.26,1
617707.88,1280631.88,778.63,777.00,778.63,0.62,0.34,0.26,1
617800.12,1280631.88,771.63,770.00,771.63,0.63,0.35,0.27,1
617892.44,1280631.88,760.63,759.00,760.63,0.63,0.35,0.27,1
617984.69,1280631.88,755.64,754.00,755.64,0.62,0.34,0.26,1
618077.00,1280631.88,760.64,759.00,760.64,0.61,0.33,0.25,1
618169.25,1280631.88,763.65,762.00,763.65,0.61,0.33,0.25,1
618261.56,1280631.88,759.66,758.00,759.66,0.61,0.33,0.25,1
618353.81,1280631.88,754.67,753.00,754.67,0.62,0.34,0.26,1
618446.12,1280631.88,753.67,752.00,753.67,0.61,0.33,0.25,1
618538.38,1280631.88,765.68,764.00,765.68,0.61,0.33,0.25,1
618630.62,1280631.88,760.68,759.00,760.68,0.61,0.33,0.25,1
618722.94,1280631.88,757.68,756.00,757.68,0.61,0.33,0.25,1
618815.19,1280631.88,758.69,757.00,758.69,0.62,0.34,0.26,1
618907.50,1280631.88,757.69,756.00,757.69,0.61,0.33,0.25,1
618999.75,1280631.88,763.69,762.00,763.69,0.60,0.32,0.24,1
619092.06,1280631.88,766.69,765.00,766.69,0.60,0.32,0.24,1
619184.31,1280631.88,760.69,759.00,760.69,0.62,0.33,0.25,1
619276.62,1280631.88,758.70,757.00,758.70,0.62,0.34,0.26,1
619368.88,1280631.88,769.70,768.00,769.70,0.62,0.33,0.25,1
619461.19,1280631.88,786.70,785.00,786.70,0.62,0.34,0.26,1
619553.44,1280631.88,793.70,792.00,793.70,0.63,0.35,0.27,1
619645.69,1280631.88,795.70,794.00,795.70,0.64,0.36,0.28,1
619738.00,1280631.88,781.70,780.00,781.70,0.64,0.36,0.28,1
619830.25,1280631.88,773.70,772.00,773.70,0.63,0.35,0.27,1
619922.56,1280631.88,786.71,785.00,786.71,0.63,0.35,0.27,1
620014.81,1280631.88,788.71,787.00,788.71,0.64,0.35,0.27,1
620107.12,1280631.88,774.72,773.00,774.72,0.63,0.35,0.27,1
620199.38,1280631.88,765.73,764.00,765.73,0.63,0.35,0.27,1
620291.69,1280631.88,759.74,758.00,759.74,0.63,0.35,0.26,1
620383.94,1280631.88,759.76,758.00,759.76,0.62,0.34,0.26,1
620476.19,1280631.88,757.78,756.00,757.78,0.62,0.34,0.25,1
620568.50,1280631.88,758.80,757.00,758.80,0.62,0.33,0.25,1
620660.75,1280631.88,759.83,758.00,759.83,0.62,0.33,0.25,1
620753.06,1280631.88,763.87,762.00,763.87,0.61,0.33,0.24,1
620845.31,1280631.88,768.90,767.00,768.90,0.61,0.32,0.24,1
620937.62,1280631.88,765.92,764.00,765.92,0.61,0.32,0.24,1
621029.88,1280631.88,765.94,764.00,765.94,0.61,0.32,0.24,1
621122.19,1280631.88,772.95,771.00,772.95,0.61,0.32,0.24,1
621214.44,1280631.88,773.95,772.00,773.95,0.61,0.32,0.24,1
621306.69,1280631.88,780.95,779.00,780.95,0.61,0.32,0.24,1
621399.00,1280631.88,783.95,782.00,783.95,0.61,0.32,0.24,1
621491.25,1280631.88,784.96,783.00,784.96,0.61,0.32,0.24,1
621583.56,1280631.88,781.97,780.00,781.97,0.61,0.32,0.24,1
621675.81,1280631.88,779.99,778.00,779.99,0.61,0.32,0.24,1
621768.12,1280631.88,782.01,780.00,782.01,0.61,0.32,0.23,1
621860.38,1280631.88,783.04,781.00,783.04,0.61,0.32,0.23,1
621952.69,1280631.88,785.09,783.00,785.09,0.61,0.32,0.23,1
622044.94,1280631.88,788.15,786.00,788.15,0.61,0.32,0.23,1
622137.19,1280631.88,787.20,785.00,787.20,0.61,0.31,0.23,1
622229.50,1280631.88,786.22,784.00,786.22,0.61,0.31,0.23,1
622321.75,1280631.88,791.23,789.00,791.23,0.61,0.31,0.22,1
622414.06,1280631.88,792.23,790.00,792.23,0.61,0.31,0.22,1
622506.31,1280631.88,790.21,788.00,790.21,0.61,0.31,0.22,1
622598.62,1280631.88,792.18,790.00,792.18,0.60,0.31,0.22,1
622690.88,1280631.88,808.11,806.00,808.11,0.60,0.30,0.22,1
622783.19,1280631.88,836.96,835.00,836.96,0.59,0.30,0.22,1
622875.44,1280631.88,868.74,867.00,868.74,0.59,0.31,0.23,1
622967.69,1280631.88,899.63,898.00,899.63,0.59,0.31,0.23,1
623060.00,1280631.88,922.56,921.00,922.56,0.60,0.32,0.25,1
623152.25,1280631.88,933.51,932.00,933.51,0.61,0.33,0.26,1
623244.56,1280631.88,933.48,932.00,933.48,0.62,0.35,0.27,1
623336.81,1280631.88,919.47,918.00,919.47,0.64,0.37,0.29,1
623429.12,1280631.88,894.46,893.00,894.46,0.64,0.37,0.29,1
623521.38,1280631.88,876.47,875.00,876.47,0.63,0.35,0.28,1
623613.69,1280631.88,867.48,866.00,867.48,0.62,0.34,0.26,1
623705.94,1280631.88,862.51,861.00,862.51,0.62,0.35,0.27,1
623798.19,1280631.88,852.57,851.00,852.57,0.63,0.35,0.27,1
623890.50,1280631.88,841.63,840.00,841.63,0.63,0.35,0.27,1
623982.75,1280631.88,838.66,837.00,838.66,0.62,0.34,0.26,1
624075.06,1280631.88,846.67,845.00,846.67,0.62,0.34,0.26,1
624167.31,1280631.88,852.68,851.00,852.68,0.62,0.34,0.26,1
624259.62,1280631.88,852.68,851.00,852.68,0.63,0.35,0.27,1
624351.88,1280631.88,848.67,847.00,848.67,0.64,0.36,0.28,1
624444.19,1280631.88,831.66,830.00,831.66,0.65,0.37,0.29,1
624536.44,1280631.88,815.64,814.00,815.64,0.64,0.36,0.28,1
624628.69,1280631.88,811.62,810.00,811.62,0.64,0.36,0.28,1
624721.00,1280631.88,800.58,799.00,800.58,0.63,0.36,0.28,1
624813.25,1280631.88,789.54,788.00,789.54,0.64,0.36,0.28,1
624905.56,1280631.88,784.48,783.00,784.48,0.63,0.36,0.28,1
624997.81,1280631.88,790.41,789.00,790.41,0.61,0.34,0.27,1
625090.12,1280631.88,807.32,806.00,807.32,0.60,0.33,0.25,1
625182.38,1280631.88,833.23,832.00,833.23,0.60,0.33,0.26,1
625274.69,1280631.88,845.15,844.00,845.15,0.61,0.35,0.27,1
625366.94,1280631.88,856.34,855.29,856.34,0.58,0.32,0.25,1
625459.19,1280631.88,-9999.00,-9999.00,-9999.00,0.71,0.71,0.71,0
614385.88,1280539.62,-9999.00,-9999.00,-9999.00,0.71,0.71,0.71,0
614478.12,1280539.62,768.08,767.00,768.08,0.31,0.06,-0.02,1
614570.44,1280539.62,768.12,767.00,768.12,0.61,0.35,0.28,1
614662.69,1280539.62,767.11,766.00,767.11,0.61,0.35,0.28,1
614755.00,1280539.62,772.14,771.00,772.14,0.60,0.34,0.27,1
614847.25,1280539.62,788.21,787.00,788.21,0.59,0.33,0.25,1
614939.56,1280539.62,803.31,802.00,803.31,0.59,0.32,0.25,1
615031.81,1280539.62,805.40,804.00,805.40,0.60,0.33,0.25,1
615124.12,1280539.62,808.46,807.00,808.46,0.61,0.34,0.26,1
615216.38,1280539.62,809.50,808.00,809.50,0.63,0.35,0.28,1
615308.62,1280539.62,798.53,797.00,798.53,0.64,0.36,0.28,1
615400.94,1280539.62,786.54,785.00,786.54,0.63,0.35,0.27,1
615493.19,1280539.62,793.55,792.00,793.55,0.61,0.33,0.25,1
615585.50,1280539.62,797.56,796.00,797.56,0.61,0.33,0.25,1
615677.75,1280539.62,797.56,796.00,797.56,0.61,0.33,0.25,1
615770.06,1280539.62,805.56,804.00,805.56,0.61,0.33,0.25,1
615862.31,1280539.62,801.56,800.00,801.56,0.61,0.34,0.26,1
615954.62,1280539.62,800.56,799.00,800.56,0.62,0.34,0.26,1
616046.88,1280539.62,809.56,808.00,809.56,0.62,0.35,0.27,1
616139.12,1280539.62,805.56,804.00,805.56,0.62,0.34,0.26,1
616231.44,1280539.62,811.56,810.00,811.56,0.60,0.32,0.25,1
616323.69,1280539.62,822.56,821.00,822.56,0.60,0.33,0.25,1
616416.00,1280539.62,827.56,826.00,827.56,0.60,0.32,0.25,1
616508.25,1280539.62,835.56,834.00,835.56,0.61,0.33,0.25,1
616600.56,1280539.62,839.57,838.00,839.57,0.62,0.35,0.27,1
616692.81,1280539.62,845.58,844.00,845.58,0.63,0.35,0.27,1
616785.12,1280539.62,849.59,848.00,849.59,0.63,0.36,0.28,1
616877.38,1280539.62,841.60,840.00,841.60,0.65,0.37,0.29,1
616969.62,1280539.62,799.61,798.00,799.61,0.64,0.36,0.29,1
617061.94,1280539.62,785.61,784.00,785.61,0.63,0.35,0.27,1
617154.19,1280539.62,781.62,780.00,781.62,0.62,0.34,0.26,1
617246.50,1280539.62,776.62,775.00,776.62,0.62,0.34,0.26,1
617338.75,1280539.62,776.63,775.00,776.63,0.62,0.34,0.26,1
617431.06,1280539.62,777.63,776.00,777.63,0.61,0.33,0.25,1
617523.31,1280539.62,776.63,775.00,776.63,0.61,0.33,0.25,1
617615.62,1280539.62,772.63,771.00,772.63,0.61,0.33,0.25,1
617707.88,1280539.62,764.63,763.00,764.63,0.62,0.34,0.26,1
617800.12,1280539.62,763.63,762.00,763.63,0.62,0.34,0.26,1
617892.44,1280539.62,757.63,756.00,757.63,0.63,0.35,0.27,1
617984.69,1280539.62,752.63,751.00,752.63,0.63,0.35,0.27,1
618077.00,1280539.62,752.64,751.00,752.64,0.62,0.34,0.26,1
618169.25,1280539.62,754.64,753.00,754.64,0.62,0.34,0.26,1
618261.56,1280539.62,756.66,755.00,756.66,0.62,0.34,0.26,1
618353.81,1280539.62,755.66,754.00,755.66,0.63,0.35,0.27,1
618446.12,1280539.62,751.67,750.00,751.67,0.62,0.34,0.26,1
618538.38,1280539.62,755.68,754.00,755.68,0.61,0.33,0.25,1
618630.62,1280539.62,754.68,753.00,754.68,0.61,0.33,0.25,1
618722.94,1280539.62,760.68,759.00,760.68,0.61,0.33,0.25,1
618815.19,1280539.62,767.69,766.00,767.69,0.62,0.34,0.26,1
618907.50,1280539.62,760.69,759.00,760.69,0.63,0.35,0.27,1
618999.75,1280539.62,754.69,753.00,754.69,0.62,0.34,0.26,1
619092.06,1280539.62,755.69,754.00,755.69,0.61,0.33,0.25,1
619184.31,1280539.62,755.69,754.00,755.69,0.61,0.33,0.25,1
619276.62,1280539.62,765.69,764.00,765.69,0.61,0.33,0.25,1
619368.88,1280539.62,781.69,780.00,781.69,0.60,0.32,0.24,1
619461.19,1280539.62,804.69,803.00,804.69,0.61,0.33,0.25,1
619553.44,1280539.62,813.69,812.00,813.69,0.63,0.35,0.27,1
619645.69,1280539.62,807.69,806.00,807.69,0.64,0.36,0.28,1
619738.00,1280539.62,782.69,781.00,782.69,0.64,0.35,0.27,1
619830.25,1280539.62,788.70,787.00,788.70,0.62,0.34,0.26,1
619922.56,1280539.62,802.70,801.00,802.70,0.63,0.35,0.27,1
620014.81,1280539.62,794.70,793.00,794.70,0.64,0.36,0.27,1
620107.12,1280539.62,775.70,774.00,775.70,0.64,0.35,0.27,1
620199.38,1280539.62,775.71,774.00,775.71,0.63,0.35,0.27,1
620291.69,1280539.62,767.72,766.00,767.72,0.63,0.35,0.27,1
620383.94,1280539.62,762.73,761.00,762.73,0.63,0.35,0.26,1
620476.19,1280539.62,760.74,759.00,760.74,0.63,0.34,0.26,1
620568.50,1280539.62,760.76,759.00,760.76,0.62,0.34,0.26,1
620660.75,1280539.62,759.78,758.00,759.78,0.62,0.34,0.25,1
620753.06,1280539.62,759.81,758.00,759.81,0.62,0.33,0.25,1
620845.31,1280539.62,759.83,758.00,759.83,0.61,0.33,0.24,1
620937.62,1280539.62,762.84,761.00,762.84,0.61,0.33,0.25,1
621029.88,1280539.62,766.86,765.00,766.86,0.61,0.33,0.25,1
621122.19,1280539.62,771.86,770.00,771.86,0.61,0.33,0.24,1
621214.44,1280539.62,771.87,770.00,771.87,0.61,0.33,0.25,1
621306.69,1280539.62,773.87,772.00,773.87,0.61,0.32,0.24,1
621399.00,1280539.62,778.87,777.00,778.87,0.61,0.32,0.24,1
621491.25,1280539.62,780.88,779.00,780.88,0.61,0.33,0.24,1
621583.56,1280539.62,777.88,776.00,777.88,0.62,0.33,0.25,1
621675.81,1280539.62,775.90,774.00,775.90,0.62,0.33,0.25,1
621768.12,1280539.62,776.92,775.00,776.92,0.61,0.32,0.24,1
621860.38,1280539.62,781.95,780.00,781.95,0.61,0.32,0.24,1
621952.69,1280539.62,785.98,784.00,785.98,0.62,0.32,0.24,1
622044.94,1280539.62,784.02,782.00,784.02,0.62,0.32,0.24,1
622137.19,1280539.62,782.04,780.00,782.04,0.61,0.32,0.24,1
622229.50,1280539.62,782.05,780.00,782.05,0.61,0.32,0.24,1
622321.75,1280539.62,783.05,781.00,783.05,0.61,0.32,0.23,1
622414.06,1280539.62,782.05,780.00,782.05,0.61,0.32,0.23,1
622506.31,1280539.62,785.03,783.00,785.03,0.61,0.32,0.24,1
622598.62,1280539.62,795.01,793.00,795.01,0.61,0.32,0.23,1
622690.88,1280539.62,821.97,820.00,821.97,0.60,0.31,0.23,1
622783.19,1280539.62,853.87,852.00,853.87,0.60,0.31,0.23,1
622875.44,1280539.62,881.72,880.00,881.72,0.59,0.31,0.23,1
622967.69,1280539.62,906.64,905.00,906.64,0.59,0.31,0.23,1
623060.00,1280539.62,919.59,918.00,919.59,0.59,0.32,0.24,1
623152.25,1280539.62,920.56,919.00,920.56,0.59,0.32,0.24,1
623244.56,1280539.62,919.54,918.00,919.54,0.60,0.32,0.24,1
623336.81,1280539.62,914.53,913.00,914.53,0.62,0.34,0.26,1
623429.12,1280539.62,901.53,900.00,901.53,0.64,0.36,0.28,1
623521.38,1280539.62,882.53,881.00,882.53,0.64,0.37,0.29,1
623613.69,1280539.62,865.54,864.00,865.54,0.64,0.36,0.28,1
623705.94,1280539.62,854.56,853.00,854.56,0.63,0.35,0.27,1
623798.19,1280539.62,849.60,848.00,849.60,0.63,0.35,0.27,1
623890.50,1280539.62,842.63,841.00,842.63,0.63,0.35,0.27,1
623982.75,1280539.62,840.66,839.00,840.66,0.62,0.34,0.26,1
624075.06,1280539.62,849.67,848.00,849.67,0.62,0.34,0.26,1
624167.31,1280539.62,853.67,852.00,853.67,0.62,0.34,0.26,1
624259.62,1280539.62,850.67,849.00,850.67,0.61,0.33,0.25,1
624351.88,1280539.62,848.67,847.00,848.67,0.61,0.33,0.25,1
624444.19,1280539.62,844.66,843.00,844.66,0.63,0.35,0.27,1
624536.44,1280539.62,834.64,833.00,834.64,0.64,0.36,0.28,1
624628.69,1280539.62,817.62,816.00,817.62,0.64,0.36,0.28,1
624721.00,1280539.62,803.58,802.00,803.58,0.63,0.35,0.28,1
624813.25,1280539.62,801.54,800.00,801.54,0.64,0.36,0.28,1
624905.56,1280539.62,798.48,797.00,798.48,0.64,0.37,0.29,1
624997.81,1280539.62,794.41,793.00,794.41,0.63,0.36,0.28,1
625090.12,1280539.62,799.33,798.00,799.33,0.60,0.33,0.26,1
625182.38,1280539.62,816.27,815.00,816.27,0.58,0.31,0.24,1
625274.69,1280539.62,830.22,829.00,830.22,0.58,0.31,0.24,1
625366.94,1280539.62,846.03,844.96,846.03,0.58,0.32,0.25,1
625459.19,1280539.62,-9999.00,-9999.00,-9999.00,0.71,0.71,0.71,0
614385.88,1280447.38,-9999.00,-9999.00,-9999.00,0.71,0.71,0.71,0
614478.12,1280447.38,759.09,758.00,759.09,0.31,0.06,-0.02,1
614570.44,1280447.38,760.13,759.00,760.13,0.62,0.36,0.29,1
614662.69,1280447.38,760.14,759.00,760.14,0.62,0.36,0.29,1
614755.00,1280447.38,765.16,764.00,765.16,0.61,0.35,0.28,1
614847.25,1280447.38,774.22,773.00,774.22,0.61,0.34,0.27,1
614939.56,1280447.38,781.31,780.00,781.31,0.60,0.33,0.25,1
615031.81,1280447.38,784.39,783.00,784.39,0.59,0.32,0.25,1
615124.12,1280447.38,796.45,795.00,796.45,0.60,0.32,0.25,1
615216.38,1280447.38,806.49,805.00,806.49,0.61,0.34,0.26,1
615308.62,1280447.38,802.52,801.00,802.52,0.63,0.36,0.28,1
615400.94,1280447.38,787.54,786.00,787.54,0.63,0.35,0.27,1
615493.19,1280447.38,785.55,784.00,785.55,0.61,0.34,0.26,1
615585.50,1280447.38,785.56,784.00,785.56,0.61,0.33,0.25,1
615677.75,1280447.38,789.56,788.00,789.56,0.61,0.33,0.25,1
615770.06,1280447.38,794.56,793.00,794.56,0.61,0.33,0.25,1
615862.31,1280447.38,790.56,789.00,790.56,0.61,0.33,0.25,1
615954.62,1280447.38,802.56,801.00,802.56,0.60,0.33,0.25,1
616046.88,1280447.38,814.56,813.00,814.56,0.62,0.34,0.26,1
616139.12,1280447.38,806.56,805.00,806.56,0.63,0.35,0.27,1
616231.44,1280447.38,804.56,803.00,804.56,0.61,0.33,0.25,1
616323.69,1280447.38,813.56,812.00,813.56,0.60,0.33,0.25,1
616416.00,1280447.38,812.56,811.00,812.56,0.60,0.32,0.24,1
616508.25,1280447.38,826.56,825.00,826.56,0.59,0.32,0.24,1
616600.56,1280447.38,843.57,842.00,843.57,0.60,0.32,0.24,1
616692.81,1280447.38,860.57,859.00,860.57,0.61,0.34,0.26,1
616785.12,1280447.38,861.58,860.00,861.58,0.63,0.35,0.27,1
616877.38,1280447.38,850.59,849.00,850.59,0.64,0.37,0.29,1
616969.62,1280447.38,807.60,806.00,807.60,0.66,0.38,0.30,1
617061.94,1280447.38,791.60,790.00,791.60,0.65,0.37,0.29,1
617154.19,1280447.38,783.61,782.00,783.61,0.64,0.36,0.28,1
617246.50,1280447.38,785.61,784.00,785.61,0.64,0.36,0.28,1
617338.75,1280447.38,788.62,787.00,788.62,0.64,0.36,0.28,1
617431.06,1280447.38,780.63,779.00,780.63,0.64,0.36,0.28,1
617523.31,1280447.38,773.63,772.00,773.63,0.64,0.36,0.28,1
617615.62,1280447.38,770.63,769.00,770.63,0.64,0.36,0.28,1
617707.88,1280447.38,764.63,763.00,764.63,0.63,0.35,0.27,1
617800.12,1280447.38,761.63,760.00,761.63,0.63,0.35,0.27,1
617892.44,1280447.38,763.63,762.00,763.63,0.63,0.36,0.28,1
617984.69,1280447.38,763.63,762.00,763.63,0.64,0.36,0.28,1
618077.00,1280447.38,765.63,764.00,765.63,0.64,0.36,0.28,1
618169.25,1280447.38,763.64,762.00,763.64,0.64,0.36,0.28,1
618261.56,1280447.38,762.65,761.00,762.65,0.64,0.35,0.27,1
618353.81,1280447.38,761.66,760.00,761.66,0.64,0.36,0.28,1
618446.12,1280447.38,756.67,755.00,756.67,0.64,0.36,0.28,1
618538.38,1280447.38,752.67,751.00,752.67,0.62,0.34,0.26,1
618630.62,1280447.38,753.68,752.00,753.68,0.62,0.34,0.26,1
618722.94,1280447.38,760.68,759.00,760.68,0.61,0.33,0.25,1
618815.19,1280447.38,763.69,762.00,763.69,0.62,0.34,0.26,1
618907.50,1280447.38,762.69,761.00,762.69,0.63,0.35,0.27,1
618999.75,1280447.38,758.69,757.00,758.69,0.63,0.35,0.27,1
619092.06,1280447.38,754.69,753.00,754.69,0.62,0.34,0.26,1
619184.31,1280447.38,754.69,753.00,754.69,0.61,0.33,0.25,1
619276.62,1280447.38,765.69,764.00,765.69,0.60,0.32,0.24,1
619368.88,1280447.38,782.69,781.00,782.69,0.59,0.31,0.23,1
619461.19,1280447.38,805.69,804.00,805.69,0.59,0.31,0.23,1
619553.44,1280447.38,816.69,815.00,816.69,0.61,0.33,0.25,1
619645.69,1280447.38,809.69,808.00,809.69,0.63,0.34,0.26,1
619738.00,1280447.38,793.69,792.00,793.69,0.63,0.35,0.27,1
619830.25,1280447.38,804.69,803.00,804.69,0.62,0.34,0.26,1
619922.56,1280447.38,809.69,808.00,809.69,0.62,0.34,0.26,1
620014.81,1280447.38,797.69,796.00,797.69,0.63,0.35,0.27,1
620107.12,1280447.38,786.69,785.00,786.69,0.64,0.35,0.27,1
620199.38,1280447.38,788.70,787.00,788.70,0.64,0.35,0.27,1
620291.69,1280447.38,775.70,774.00,775.70,0.64,0.35,0.27,1
620383.94,1280447.38,768.70,767.00,768.70,0.63,0.35,0.27,1
620476.19,1280447.38,769.71,768.00,769.71,0.63,0.35,0.27,1
620568.50,1280447.38,766.73,765.00,766.73,0.63,0.35,0.27,1
620660.75,1280447.38,758.74,757.00,758.74,0.62,0.34,0.26,1
620753.06,1280447.38,759.76,758.00,759.76,0.62,0.33,0.25,1
620845.31,1280447.38,759.78,758.00,759.78,0.62,0.33,0.25,1
620937.62,1280447.38,763.79,762.00,763.79,0.61,0.33,0.25,1
621029.88,1280447.38,766.80,765.00,766.80,0.61,0.33,0.25,1
621122.19,1280447.38,768.80,767.00,768.80,0.61,0.33,0.25,1
621214.44,1280447.38,767.81,766.00,767.81,0.61,0.33,0.25,1
621306.69,1280447.38,767.81,766.00,767.81,0.61,0.33,0.25,1
621399.00,1280447.38,771.81,770.00,771.81,0.61,0.33,0.25,1
621491.25,1280447.38,773.82,772.00,773.82,0.61,0.33,0.25,1
621583.56,1280447.38,772.82,771.00,772.82,0.62,0.33,0.25,1
621675.81,1280447.38,775.83,774.00,775.83,0.62,0.33,0.25,1
621768.12,1280447.38,778.84,777.00,778.84,0.62,0.33,0.25,1
621860.38,1280447.38,780.86,779.00,780.86,0.62,0.33,0.25,1
621952.69,1280447.38,781.89,780.00,781.89,0.62,0.33,0.25,1
622044.94,1280447.38,779.91,778.00,779.91,0.62,0.33,0.25,1
622137.19,1280447.38,776.92,775.00,776.92,0.62,0.33,0.25,1
622229.50,1280447.38,776.93,775.00,776.93,0.62,0.33,0.25,1
622321.75,1280447.38,774.93,773.00,774.93,0.62,0.33,0.25,1
622414.06,1280447.38,779.92,778.00,779.92,0.61,0.32,0.24,1
622506.31,1280447.38,794.91,793.00,794.91,0.61,0.32,0.24,1
622598.62,1280447.38,818.88,817.00,818.88,0.60,0.31,0.23,1
622690.88,1280447.38,845.83,844.00,845.83,0.60,0.31,0.23,1
622783.19,1280447.38,866.77,865.00,866.77,0.60,0.31,0.23,1
622875.44,1280447.38,874.70,873.00,874.70,0.59,0.31,0.23,1
622967.69,1280447.38,884.65,883.00,884.65,0.58,0.30,0.22,1
623060.00,1280447.38,890.62,889.00,890.62,0.58,0.30,0.22,1
623152.25,1280447.38,890.59,889.00,890.59,0.58,0.30,0.22,1
623244.56,1280447.38,891.59,890.00,891.59,0.58,0.30,0.22,1
623336.81,1280447.38,898.58,897.00,898.58,0.59,0.31,0.24,1
623429.12,1280447.38,897.58,896.00,897.58,0.62,0.34,0.26,1
623521.38,1280447.38,883.58,882.00,883.58,0.63,0.35,0.27,1
623613.69,1280447.38,869.59,868.00,869.59,0.63,0.35,0.27,1
623705.94,1280447.38,861.60,860.00,861.60,0.63,0.35,0.27,1
623798.19,1280447.38,855.62,854.00,855.62,0.63,0.35,0.27,1
623890.50,1280447.38,847.64,846.00,847.64,0.63,0.35,0.27,1
623982.75,1280447.38,847.66,846.00,847.66,0.63,0.34,0.26,1
624075.06,1280447.38,853.67,852.00,853.67,0.62,0.34,0.26,1
624167.31,1280447.38,849.67,848.00,849.67,0.63,0.35,0.26,1
624259.62,1280447.38,837.67,836.00,837.67,0.62,0.34,0.26,1
624351.88,1280447.38,831.67,830.00,831.67,0.61,0.32,0.24,1
624444.19,1280447.38,832.66,831.00,832.66,0.60,0.32,0.24,1
624536.44,1280447.38,826.65,825.00,826.65,0.61,0.33,0.25,1
624628.69,1280447.38,810.62,809.00,810.62,0.62,0.35,0.27,1
624721.00,1280447.38,806.59,805.00,806.59,0.62,0.35,0.27,1
624813.25,1280447.38,815.55,814.00,815.55,0.63,0.35,0.27,1
624905.56,1280447.38,819.48,818.00,819.48,0.64,0.37,0.29,1
624997.81,1280447.38,809.41,808.00,809.41,0.65,0.37,0.30,1
625090.12,1280447.38,797.34,796.00,797.34,0.63,0.36,0.29,1
625182.38,1280447.38,800.29,799.00,800.29,0.61,0.35,0.27,1
625274.69,1280447.38,808.26,807.00,808.26,0.59,0.32,0.25,1
625366.94,1280447.38,835.73,834.64,835.73,0.58,0.32,0.24,1
625459.19,1280447.38,-9999.00,-9999.00,-9999.00,0.71,0.71,0.71,0
614385.88,1280355.00,-9999.00,-9999.00,-9999.00,0.71,0.71,0.71,0
614478.12,1280355.00,762.08,761.00,762.08,0.31,0.06,-0.02,1
614570.44,1280355.00,760.10,759.00,760.10,0.63,0.37,0.30,1
614662.69,1280355.00,763.13,762.00,763.13,0.63,0.37,0.29,1
614755.00,1280355.00,770.16,769.00,770.16,0.63,0.37,0.29,1
614847.25,1280355.00,775.22,774.00,775.22,0.63,0.37,0.30,1
614939.56,1280355.00,774.31,773.00,774.31,0.63,0.36,0.29,1
615031.81,1280355.00,774.39,773.00,774.39,0.61,0.34,0.26,1
615124.12,1280355.00,789.44,788.00,789.44,0.60,0.33,0.25,1
615216.38,1280355.00,798.49,797.00,798.49,0.61,0.33,0.25,1
615308.62,1280355.00,796.52,795.00,796.52,0.62,0.34,0.26,1
615400.94,1280355.00,784.53,783.00,784.53,0.63,0.35,0.27,1
615493.19,1280355.00,776.55,775.00,776.55,0.62,0.34,0.27,1
615585.50,1280355.00,775.55,774.00,775.55,0.61,0.34,0.26,1
615677.75,1280355.00,779.56,778.00,779.56,0.61,0.33,0.25,1
615770.06,1280355.00,782.56,781.00,782.56,0.61,0.33,0.25,1
615862.31,1280355.00,784.56,783.00,784.56,0.61,0.34,0.26,1
615954.62,1280355.00,795.56,794.00,795.56,0.61,0.33,0.25,1
616046.88,1280355.00,806.56,805.00,806.56,0.61,0.34,0.26,1
616139.12,1280355.00,802.56,801.00,802.56,0.63,0.35,0.27,1
616231.44,1280355.00,799.56,798.00,799.56,0.62,0.35,0.27,1
616323.69,1280355.00,802.56,801.00,802.56,0.62,0.34,0.26,1
616416.00,1280355.00,801.56,800.00,801.56,0.60,0.33,0.25,1
616508.25,1280355.00,818.56,817.00,818.56,0.59,0.31,0.24,1
616600.56,1280355.00,831.56,830.00,831.56,0.58,0.31,0.23,1
616692.81,1280355.00,848.57,847.00,848.57,0.59,0.31,0.23,1
616785.12,1280355.00,852.58,851.00,852.58,0.61,0.33,0.25,1
616877.38,1280355.00,841.58,840.00,841.58,0.62,0.34,0.26,1
616969.62,1280355.00,833.58,832.00,833.58,0.65,0.37,0.29,1
617061.94,1280355.00,822.59,821.00,822.59,0.65,0.37,0.29,1
617154.19,1280355.00,813.59,812.00,813.59,0.65,0.37,0.29,1
617246.50,1280355.00,814.60,813.00,814.60,0.64,0.36,0.28,1
617338.75,1280355.00,817.61,816.00,817.61,0.64,0.36,0.28,1
617431.06,1280355.00,810.61,809.00,810.61,0.65,0.37,0.29,1
617523.31,1280355.00,800.62,799.00,800.62,0.65,0.37,0.29,1
617615.62,1280355.00,793.62,792.00,793.62,0.65,0.37,0.29,1
617707.88,1280355.00,776.62,775.00,776.62,0.64,0.36,0.28,1
617800.12,1280355.00,780.62,779.00,780.62,0.63,0.36,0.28,1
617892.44,1280355.00,788.61,787.00,788.61,0.64,0.36,0.28,1
617984.69,1280355.00,792.61,791.00,792.61,0.64,0.36,0.28,1
618077.00,1280355.00,799.62,798.00,799.62,0.65,0.37,0.29,1
618169.25,1280355.00,793.63,792.00,793.63,0.65,0.37,0.29,1
618261.56,1280355.00,784.65,783.00,784.65,0.65,0.37,0.29,1
618353.81,1280355.00,783.67,782.00,783.67,0.65,0.37,0.29,1
618446.12,1280355.00,774.67,773.00,774.67,0.65,0.37,0.29,1
618538.38,1280355.00,759.67,758.00,759.67,0.64,0.36,0.28,1
618630.62,1280355.00,755.67,754.00,755.67,0.63,0.35,0.26,1
618722.94,1280355.00,756.68,755.00,756.68,0.62,0.33,0.25,1
618815.19,1280355.00,763.68,762.00,763.68,0.62,0.34,0.26,1
618907.50,1280355.00,770.69,769.00,770.69,0.63,0.35,0.27,1
618999.75,1280355.00,768.69,767.00,768.69,0.64,0.36,0.28,1
619092.06,1280355.00,754.69,753.00,754.69,0.63,0.35,0.27,1
619184.31,1280355.00,754.69,753.00,754.69,0.61,0.33,0.25,1
619276.62,1280355.00,766.69,765.00,766.69,0.61,0.33,0.24,1
619368.88,1280355.00,777.69,776.00,777.69,0.60,0.32,0.24,1
619461.19,1280355.00,790.69,789.00,790.69,0.59,0.31,0.23,1
619553.44,1280355.00,802.69,801.00,802.69,0.60,0.32,0.24,1
619645.69,1280355.00,798.69,797.00,798.69,0.61,0.33,0.24,1
619738.00,1280355.00,794.69,793.00,794.69,0.61,0.33,0.25,1
619830.25,1280355.00,800.69,799.00,800.69,0.61,0.33,0.25,1
619922.56,1280355.00,801.69,800.00,801.69,0.61,0.33,0.25,1
620014.81,1280355.00,795.69,794.00,795.69,0.62,0.34,0.26,1
620107.12,1280355.00,796.69,795.00,796.69,0.63,0.34,0.26,1
620199.38,1280355.00,797.69,796.00,797.69,0.63,0.35,0.27,1
620291.69,1280355.00,780.69,779.00,780.69,0.64,0.35,0.27,1
620383.94,1280355.00,777.69,776.00,777.69,0.63,0.35,0.27,1
620476.19,1280355.00,779.70,778.00,779.70,0.63,0.35,0.27,1
620568.50,1280355.00,770.71,769.00,770.71,0.63,0.35,0.27,1
620660.75,1280355.00,759.72,758.00,759.72,0.63,0.35,0.27,1
620753.06,1280355.00,757.73,756.00,757.73,0.62,0.34,0.26,1
620845.31,1280355.00,758.74,757.00,758.74,0.62,0.34,0.26,1
620937.62,1280355.00,760.75,759.00,760.75,0.62,0.34,0.25,1
621029.88,1280355.00,760.75,759.00,760.75,0.62,0.33,0.25,1
621122.19,1280355.00,760.76,759.00,760.76,0.62,0.33,0.25,1
621214.44,1280355.00,761.76,760.00,761.76,0.61,0.33,0.25,1
621306.69,1280355.00,767.77,766.00,767.77,0.61,0.33,0.25,1
621399.00,1280355.00,771.77,770.00,771.77,0.62,0.33,0.25,1
621491.25,1280355.00,771.77,770.00,771.77,0.62,0.33,0.25,1
621583.56,1280355.00,771.77,770.00,771.77,0.61,0.33,0.25,1
621675.81,1280355.00,779.78,778.00,779.78,0.61,0.33,0.25,1
621768.12,1280355.00,782.79,781.00,782.79,0.62,0.33,0.25,1
621860.38,1280355.00,781.81,780.00,781.81,0.62,0.34,0.25,1
621952.69,1280355.00,779.82,778.00,779.82,0.62,0.33,0.25,1
622044.94,1280355.00,775.84,774.00,775.84,0.62,0.33,0.25,1
622137.19,1280355.00,776.84,775.00,776.84,0.61,0.33,0.25,1
622229.50,1280355.00,784.85,783.00,784.85,0.62,0.33,0.25,1
622321.75,1280355.00,787.85,786.00,787.85,0.62,0.33,0.25,1
622414.06,1280355.00,791.84,790.00,791.84,0.61,0.32,0.24,1
622506.31,1280355.00,808.83,807.00,808.83,0.60,0.32,0.23,1
622598.62,1280355.00,824.81,823.00,824.81,0.60,0.31,0.23,1
622690.88,1280355.00,832.77,831.00,832.77,0.59,0.31,0.23,1
622783.19,1280355.00,839.74,838.00,839.74,0.58,0.30,0.22,1
622875.44,1280355.00,846.70,845.00,846.70,0.58,0.30,0.22,1
622967.69,1280355.00,853.66,852.00,853.66,0.58,0.30,0.22,1
623060.00,1280355.00,855.64,854.00,855.64,0.58,0.30,0.22,1
623152.25,1280355.00,854.62,853.00,854.62,0.59,0.31,0.23,1
623244.56,1280355.00,859.62,858.00,859.62,0.59,0.31,0.23,1
623336.81,1280355.00,873.62,872.00,873.62,0.59,0.31,0.23,1
623429.12,1280355.00,877.62,876.00,877.62,0.61,0.33,0.25,1
623521.38,1280355.00,868.62,867.00,868.62,0.61,0.33,0.25,1
623613.69,1280355.00,860.63,859.00,860.63,0.61,0.33,0.25,1
623705.94,1280355.00,860.64,859.00,860.64,0.61,0.33,0.25,1
623798.19,1280355.00,854.64,853.00,854.64,0.62,0.34,0.26,1
623890.50,1280355.00,850.66,849.00,850.66,0.62,0.34,0.26,1
623982.75,1280355.00,856.67,855.00,856.67,0.63,0.35,0.27,1
624075.06,1280355.00,857.67,856.00,857.67,0.63,0.35,0.27,1
624167.31,1280355.00,849.67,848.00,849.67,0.63,0.35,0.27,1
624259.62,1280355.00,833.67,832.00,833.67,0.63,0.35,0.27,1
624351.88,1280355.00,818.67,817.00,818.67,0.63,0.35,0.27,1
624444.19,1280355.00,811.66,810.00,811.66,0.62,0.34,0.26,1
624536.44,1280355.00,805.65,804.00,805.65,0.62,0.34,0.26,1
624628.69,1280355.00,805.63,804.00,805.63,0.62,0.34,0.26,1
624721.00,1280355.00,814.59,813.00,814.59,0.62,0.34,0.26,1
624813.25,1280355.00,826.54,825.00,826.54,0.62,0.35,0.27,1
624905.56,1280355.00,827.48,826.00,827.48,0.63,0.36,0.28,1
624997.81,1280355.00,813.40,812.00,813.40,0.64,0.36,0.29,1
625090.12,1280355.00,802.33,801.00,802.33,0.63,0.37,0.29,1
625182.38,1280355.00,807.29,806.00,807.29,0.63,0.36,0.29,1
625274.69,1280355.00,814.26,813.00,814.26,0.63,0.36,0.28,1
625366.94,1280355.00,829.91,828.82,829.91,0.58,0.32,0.24,1
625459.19,1280355.00,-9999.00,-9999.00,-9999.00,0.71,0.71,0.71,0
614385.88,1280262.75,-9999.00,-9999.00,-9999.00,0.71,0.71,0.71,0
614478.12,1280262.75,771.07,770.00,771.07,0.31,0.05,-0.02,1
614570.44,1280262.75,769.05,768.00,769.05,0.64,0.38,0.31,1
614662.69,1280262.75,772.09,771.00,772.09,0.63,0.37,0.30,1
614755.00,1280262.75,786.15,785.00,786.15,0.63,0.37,0.29,1
614847.25,1280262.75,793.22,792.00,793.22,0.64,0.37,0.30,1
614939.56,1280262.75,792.31,791.00,792.31,0.65,0.38,0.30,1
615031.81,1280262.75,779.38,778.00,779.38,0.64,0.37,0.29,1
615124.12,1280262.75,781.44,780.00,781.44,0.61,0.34,0.26,1
615216.38,1280262.75,784.48,783.00,784.48,0.61,0.33,0.26,1
615308.62,1280262.75,785.51,784.00,785.51,0.62,0.35,0.27,1
615400.94,1280262.75,781.53,780.00,781.53,0.63,0.36,0.28,1
615493.19,1280262.75,775.54,774.00,775.54,0.63,0.35,0.27,1
615585.50,1280262.75,775.55,774.00,775.55,0.63,0.35,0.27,1
615677.75,1280262.75,775.56,774.00,775.56,0.62,0.34,0.26,1
615770.06,1280262.75,779.56,778.00,779.56,0.61,0.34,0.26,1
615862.31,1280262.75,791.56,790.00,791.56,0.62,0.34,0.26,1
615954.62,1280262.75,798.56,797.00,798.56,0.62,0.34,0.26,1
616046.88,1280262.75,805.56,804.00,805.56,0.62,0.34,0.26,1
616139.12,1280262.75,805.56,804.00,805.56,0.62,0.34,0.26,1
616231.44,1280262.75,809.56,808.00,809.56,0.63,0.35,0.27,1
616323.69,1280262.75,804.56,803.00,804.56,0.63,0.35,0.28,1
616416.00,1280262.75,796.56,795.00,796.56,0.62,0.34,0.26,1
616508.25,1280262.75,806.56,805.00,806.56,0.60,0.32,0.24,1
616600.56,1280262.75,811.56,810.00,811.56,0.59,0.31,0.24,1
616692.81,1280262.75,826.57,825.00,826.57,0.59,0.31,0.23,1
616785.12,1280262.75,831.57,830.00,831.57,0.60,0.32,0.24,1
616877.38,1280262.75,826.57,825.00,826.57,0.60,0.32,0.25,1
616969.62,1280262.75,836.57,835.00,836.57,0.61,0.34,0.26,1
617061.94,1280262.75,833.58,832.00,833.58,0.63,0.35,0.27,1
617154.19,1280262.75,828.59,827.00,828.59,0.63,0.35,0.27,1
617246.50,1280262.75,826.60,825.00,826.60,0.62,0.34,0.26,1
617338.75,1280262.75,830.60,829.00,830.60,0.62,0.35,0.27,1
617431.06,1280262.75,828.60,827.00,828.60,0.63,0.35,0.27,1
617523.31,1280262.75,826.60,825.00,826.60,0.64,0.36,0.28,1
617615.62,1280262.75,812.60,811.00,812.60,0.65,0.37,0.29,1
617707.88,1280262.75,798.60,797.00,798.60,0.64,0.36,0.28,1
617800.12,1280262.75,807.61,806.00,807.61,0.63,0.35,0.27,1
617892.44,1280262.75,814.59,813.00,814.59,0.63,0.35,0.27,1
617984.69,1280262.75,821.59,820.00,821.59,0.62,0.34,0.26,1
618077.00,1280262.75,836.59,835.00,836.59,0.63,0.35,0.27,1
618169.25,1280262.75,832.58,831.00,832.58,0.65,0.37,0.29,1
618261.56,1280262.75,823.59,822.00,823.59,0.66,0.38,0.30,1
618353.81,1280262.75,815.60,814.00,815.60,0.66,0.38,0.30,1
618446.12,1280262.75,795.62,794.00,795.62,0.66,0.38,0.30,1
618538.38,1280262.75,779.65,778.00,779.65,0.65,0.37,0.29,1
618630.62,1280262.75,760.67,759.00,760.67,0.63,0.35,0.27,1
618722.94,1280262.75,758.68,757.00,758.68,0.61,0.33,0.25,1
618815.19,1280262.75,776.68,775.00,776.68,0.62,0.34,0.25,1
618907.50,1280262.75,784.69,783.00,784.69,0.63,0.35,0.27,1
618999.75,1280262.75,778.69,777.00,778.69,0.64,0.36,0.28,1
619092.06,1280262.75,759.69,758.00,759.69,0.64,0.35,0.27,1
619184.31,1280262.75,755.69,754.00,755.69,0.62,0.34,0.26,1
619276.62,1280262.75,764.69,763.00,764.69,0.61,0.33,0.25,1
619368.88,1280262.75,765.69,764.00,765.69,0.60,0.32,0.24,1
619461.19,1280262.75,775.69,774.00,775.69,0.60,0.32,0.24,1
619553.44,1280262.75,785.69,784.00,785.69,0.60,0.32,0.24,1
619645.69,1280262.75,778.69,777.00,778.69,0.60,0.32,0.24,1
619738.00,1280262.75,779.69,778.00,779.69,0.60,0.32,0.24,1
619830.25,1280262.75,788.69,787.00,788.69,0.60,0.32,0.24,1
619922.56,1280262.75,784.69,783.00,784.69,0.60,0.32,0.24,1
620014.81,1280262.75,789.69,788.00,789.69,0.61,0.33,0.25,1
620107.12,1280262.75,799.69,798.00,799.69,0.62,0.34,0.26,1
620199.38,1280262.75,797.68,796.00,797.68,0.63,0.35,0.27,1
620291.69,1280262.75,785.68,784.00,785.68,0.63,0.35,0.27,1
620383.94,1280262.75,783.69,782.00,783.69,0.63,0.34,0.26,1
620476.19,1280262.75,778.69,777.00,778.69,0.63,0.35,0.27,1
620568.50,1280262.75,772.69,771.00,772.69,0.64,0.35,0.27,1
620660.75,1280262.75,766.70,765.00,766.70,0.63,0.35,0.27,1
620753.06,1280262.75,763.70,762.00,763.70,0.63,0.34,0.26,1
620845.31,1280262.75,768.71,767.00,768.71,0.63,0.35,0.26,1
620937.62,1280262.75,764.72,763.00,764.72,0.63,0.35,0.27,1
621029.88,1280262.75,760.72,759.00,760.72,0.63,0.34,0.26,1
621122.19,1280262.75,761.73,760.00,761.73,0.63,0.34,0.26,1
621214.44,1280262.75,762.73,761.00,762.73,0.62,0.34,0.26,1
621306.69,1280262.75,764.74,763.00,764.74,0.61,0.33,0.25,1
621399.00,1280262.75,767.74,766.00,767.74,0.61,0.33,0.25,1
621491.25,1280262.75,769.74,768.00,769.74,0.61,0.33,0.25,1
621583.56,1280262.75,769.74,768.00,769.74,0.61,0.33,0.25,1
621675.81,1280262.75,774.75,773.00,774.75,0.61,0.32,0.24,1
621768.12,1280262.75,778.76,777.00,778.76,0.61,0.32,0.24,1
621860.38,1280262.75,781.77,780.00,781.77,0.61,0.33,0.25,1
621952.69,1280262.75,778.78,777.00,778.78,0.62,0.34,0.25,1
622044.94,1280262.75,772.79,771.00,772.79,0.62,0.33,0.25,1
622137.19,1280262.75,775.79,774.00,775.79,0.61,0.33,0.24,1
622229.50,1280262.75,783.79,782.00,783.79,0.61,0.32,0.24,1
622321.75,1280262.75,785.79,784.00,785.79,0.61,0.33,0.25,1
622414.06,1280262.75,786.79,785.00,786.79,0.61,0.32,0.24,1
622506.31,1280262.75,795.78,794.00,795.78,0.59,0.31,0.23,1
622598.62,1280262.75,805.77,804.00,805.77,0.59,0.30,0.22,1
622690.88,1280262.75,810.75,809.00,810.75,0.59,0.31,0.22,1
622783.19,1280262.75,813.72,812.00,813.72,0.59,0.30,0.22,1
622875.44,1280262.75,819.69,818.00,819.69,0.59,0.30,0.22,1
622967.69,1280262.75,824.67,823.00,824.67,0.59,0.31,0.23,1
623060.00,1280262.75,830.65,829.00,830.65,0.60,0.32,0.24,1
623152.25,1280262.75,838.64,837.00,838.64,0.61,0.33,0.25,1
623244.56,1280262.75,853.64,852.00,853.64,0.60,0.32,0.24,1
623336.81,1280262.75,865.64,864.00,865.64,0.60,0.32,0.24,1
623429.12,1280262.75,867.65,866.00,867.65,0.61,0.33,0.25,1
623521.38,1280262.75,857.66,856.00,857.66,0.61,0.33,0.25,1
623613.69,1280262.75,847.66,846.00,847.66,0.61,0.33,0.25,1
623705.94,1280262.75,843.66,842.00,843.66,0.60,0.32,0.24,1
623798.19,1280262.75,841.66,840.00,841.66,0.60,0.32,0.24,1
623890.50,1280262.75,852.67,851.00,852.67,0.61,0.33,0.24,1
623982.75,1280262.75,868.67,867.00,868.67,0.62,0.34,0.26,1
624075.06,1280262.75,863.67,862.00,863.67,0.64,0.36,0.28,1
624167.31,1280262.75,847.67,846.00,847.67,0.64,0.35,0.27,1
624259.62,1280262.75,836.67,835.00,836.67,0.64,0.35,0.27,1
624351.88,1280262.75,833.67,832.00,833.67,0.64,0.36,0.28,1
624444.19,1280262.75,825.66,824.00,825.66,0.65,0.37,0.28,1
624536.44,1280262.75,818.65,817.00,818.65,0.64,0.36,0.28,1
624628.69,1280262.75,825.63,824.00,825.63,0.63,0.35,0.27,1
624721.00,1280262.75,834.59,833.00,834.59,0.63,0.35,0.27,1
624813.25,1280262.75,832.54,831.00,832.54,0.63,0.36,0.28,1
624905.56,1280262.75,818.48,817.00,818.48,0.63,0.36,0.28,1
624997.81,1280262.75,807.40,806.00,807.40,0.64,0.36,0.29,1
625090.12,1280262.75,808.33,807.00,808.33,0.63,0.36,0.28,1
625182.38,1280262.75,822.28,821.00,822.28,0.62,0.35,0.27,1
625274.69,1280262.75,836.24,835.00,836.24,0.63,0.37,0.29,1
625366.94,1280262.75,828.58,827.52,828.58,0.58,0.32,0.25,1
625459.19,1280262.75,-9999.00,-9999.00,-9999.00,0.71,0.71,0.71,0
614385.88,1280170.50,-9999.00,-9999.00,-9999.00,0.71,0.71,0.71,0
614478.12,1280170.50,776.06,775.00,776.06,0.31,0.05,-0.02,1
614570.44,1280170.50,779.02,778.00,779.02,0.64,0.38,0.31,1
614662.69,1280170.50,784.05,783.00,784.05,0.64,0.38,0.31,1
614755.00,1280170.50,793.13,792.00,793.13,0.62,0.36,0.29,1
614847.25,1280170.50,801.23,800.00,801.23,0.62,0.36,0.28,1
614939.56,1280170.50,803.31,802.00,803.31,0.63,0.37,0.29,1
615031.81,1280170.50,789.38,788.00,789.38,0.64,0.37,0.29,1
615124.12,1280170.50,778.43,777.00,778.43,0.63,0.36,0.28,1
615216.38,1280170.50,780.47,779.00,780.47,0.61,0.34,0.26,1
615308.62,1280170.50,792.50,791.00,792.50,0.62,0.35,0.27,1
615400.94,1280170.50,792.53,791.00,792.53,0.63,0.36,0.28,1
615493.19,1280170.50,785.54,784.00,785.54,0.63,0.36,0.28,1
615585.50,1280170.50,785.55,784.00,785.55,0.63,0.36,0.28,1
615677.75,1280170.50,779.55,778.00,779.55,0.63,0.35,0.27,1
615770.06,1280170.50,784.56,783.00,784.56,0.62,0.34,0.26,1
615862.31,1280170.50,798.56,797.00,798.56,0.61,0.34,0.26,1
615954.62,1280170.50,805.55,804.00,805.55,0.62,0.34,0.26,1
616046.88,1280170.50,803.55,802.00,803.55,0.62,0.34,0.26,1
616139.12,1280170.50,803.55,802.00,803.55,0.61,0.33,0.25,1
616231.44,1280170.50,812.55,811.00,812.55,0.62,0.34,0.26,1
616323.69,1280170.50,807.55,806.00,807.55,0.63,0.35,0.27,1
616416.00,1280170.50,792.55,791.00,792.55,0.62,0.35,0.27,1
616508.25,1280170.50,794.56,793.00,794.56,0.60,0.33,0.25,1
616600.56,1280170.50,802.56,801.00,802.56,0.60,0.33,0.25,1
616692.81,1280170.50,815.56,814.00,815.56,0.60,0.32,0.25,1
616785.12,1280170.50,817.57,816.00,817.57,0.60,0.33,0.25,1
616877.38,1280170.50,814.57,813.00,814.57,0.60,0.32,0.24,1
616969.62,1280170.50,827.57,826.00,827.57,0.60,0.32,0.24,1
617061.94,1280170.50,822.57,821.00,822.57,0.62,0.34,0.26,1
617154.19,1280170.50,815.58,814.00,815.58,0.61,0.33,0.25,1
617246.50,1280170.50,817.59,816.00,817.59,0.60,0.33,0.25,1
617338.75,1280170.50,824.59,823.00,824.59,0.61,0.33,0.25,1
617431.06,1280170.50,823.59,822.00,823.59,0.61,0.34,0.26,1
617523.31,1280170.50,824.59,823.00,824.59,0.61,0.34,0.26,1
617615.62,1280170.50,822.59,821.00,822.59,0.63,0.35,0.27,1
617707.88,1280170.50,818.59,817.00,818.59,0.64,0.36,0.28,1
617800.12,1280170.50,819.59,818.00,819.59,0.63,0.35,0.28,1
617892.44,1280170.50,813.58,812.00,813.58,0.62,0.34,0.26,1
617984.69,1280170.50,814.57,813.00,814.57,0.60,0.32,0.24,1
618077.00,1280170.50,827.56,826.00,827.56,0.58,0.31,0.23,1
618169.25,1280170.50,837.56,836.00,837.56,0.60,0.32,0.24,1
618261.56,1280170.50,849.58,848.00,849.58,0.62,0.34,0.26,1
618353.81,1280170.50,846.58,845.00,846.58,0.65,0.37,0.29,1
618446.12,1280170.50,819.60,818.00,819.60,0.65,0.38,0.30,1
618538.38,1280170.50,787.63,786.00,787.63,0.65,0.37,0.29,1
618630.62,1280170.50,762.66,761.00,762.66,0.63,0.35,0.27,1
618722.94,1280170.50,762.68,761.00,762.68,0.61,0.33,0.25,1
618815.19,1280170.50,786.68,785.00,786.68,0.61,0.32,0.24,1
618907.50,1280170.50,797.69,796.00,797.69,0.63,0.35,0.27,1
618999.75,1280170.50,779.69,778.00,779.69,0.64,0.36,0.27,1
619092.06,1280170.50,761.69,760.00,761.69,0.63,0.35,0.27,1
619184.31,1280170.50,758.69,757.00,758.69,0.62,0.34,0.26,1
619276.62,1280170.50,757.69,756.00,757.69,0.61,0.33,0.25,1
619368.88,1280170.50,758.69,757.00,758.69,0.61,0.33,0.24,1
619461.19,1280170.50,771.69,770.00,771.69,0.61,0.32,0.24,1
619553.44,1280170.50,774.69,773.00,774.69,0.61,0.33,0.25,1
619645.69,1280170.50,765.69,764.00,765.69,0.61,0.33,0.25,1
619738.00,1280170.50,765.68,764.00,765.68,0.60,0.32,0.24,1
619830.25,1280170.50,770.68,769.00,770.68,0.60,0.32,0.24,1
619922.56,1280170.50,771.68,770.00,771.68,0.60,0.32,0.24,1
620014.81,1280170.50,786.68,785.00,786.68,0.60,0.32,0.24,1
620107.12,1280170.50,801.68,800.00,801.68,0.61,0.33,0.25,1
620199.38,1280170.50,800.68,799.00,800.68,0.62,0.34,0.26,1
620291.69,1280170.50,786.68,785.00,786.68,0.63,0.34,0.26,1
620383.94,1280170.50,781.68,780.00,781.68,0.62,0.34,0.26,1
620476.19,1280170.50,786.68,785.00,786.68,0.63,0.34,0.26,1
620568.50,1280170.50,787.68,786.00,787.68,0.64,0.35,0.27,1
620660.75,1280170.50,775.68,774.00,775.68,0.63,0.35,0.27,1
620753.06,1280170.50,771.68,770.00,771.68,0.63,0.34,0.26,1
620845.31,1280170.50,775.69,774.00,775.69,0.63,0.35,0.27,1
620937.62,1280170.50,770.69,769.00,770.69,0.63,0.35,0.27,1
621029.88,1280170.50,767.70,766.00,767.70,0.62,0.34,0.26,1
621122.19,1280170.50,776.70,775.00,776.70,0.63,0.35,0.27,1
621214.44,1280170.50,771.71,770.00,771.71,0.64,0.36,0.28,1
621306.69,1280170.50,762.71,761.00,762.71,0.63,0.35,0.27,1
621399.00,1280170.50,760.71,759.00,760.71,0.62,0.34,0.26,1
621491.25,1280170.50,762.72,761.00,762.72,0.61,0.33,0.25,1
621583.56,1280170.50,764.72,763.00,764.72,0.62,0.33,0.25,1
621675.81,1280170.50,764.73,763.00,764.73,0.61,0.33,0.25,1
621768.12,1280170.50,765.73,764.00,765.73,0.61,0.33,0.24,1
621860.38,1280170.50,770.74,769.00,770.74,0.61,0.32,0.24,1
621952.69,1280170.50,772.75,771.00,772.75,0.61,0.33,0.25,1
622044.94,1280170.50,770.75,769.00,770.75,0.62,0.33,0.25,1
622137.19,1280170.50,769.76,768.00,769.76,0.61,0.33,0.25,1
622229.50,1280170.50,771.76,770.00,771.76,0.61,0.32,0.24,1
622321.75,1280170.50,775.76,774.00,775.76,0.60,0.32,0.24,1
622414.06,1280170.50,778.75,777.00,778.75,0.61,0.32,0.24,1
622506.31,1280170.50,779.75,778.00,779.75,0.60,0.32,0.24,1
622598.62,1280170.50,783.74,782.00,783.74,0.60,0.32,0.24,1
622690.88,1280170.50,786.73,785.00,786.73,0.60,0.32,0.24,1
622783.19,1280170.50,789.71,788.00,789.71,0.60,0.31,0.23,1
622875.44,1280170.50,799.69,798.00,799.69,0.59,0.31,0.23,1
622967.69,1280170.50,819.68,818.00,819.68,0.59,0.31,0.23,1
623060.00,1280170.50,840.67,839.00,840.67,0.60,0.32,0.24,1
623152.25,1280170.50,852.66,851.00,852.66,0.61,0.33,0.25,1
623244.56,1280170.50,856.66,855.00,856.66,0.61,0.32,0.24,1
623336.81,1280170.50,856.66,855.00,856.66,0.60,0.32,0.24,1
623429.12,1280170.50,851.67,850.00,851.67,0.60,0.32,0.24,1
623521.38,1280170.50,839.68,838.00,839.68,0.61,0.32,0.24,1
623613.69,1280170.50,827.68,826.00,827.68,0.61,0.33,0.25,1
623705.94,1280170.50,825.68,824.00,825.68,0.61,0.33,0.25,1
623798.19,1280170.50,834.68,833.00,834.68,0.61,0.33,0.25,1
623890.50,1280170.50,852.69,851.00,852.69,0.60,0.32,0.24,1
623982.75,1280170.50,872.68,871.00,872.68,0.61,0.33,0.25,1
624075.06,1280170.50,873.68,872.00,873.68,0.63,0.35,0.27,1
624167.31,1280170.50,853.68,852.00,853.68,0.64,0.36,0.28,1
624259.62,1280170.50,848.67,847.00,848.67,0.63,0.35,0.27,1
624351.88,1280170.50,857.67,856.00,857.67,0.64,0.35,0.27,1
624444.19,1280170.50,850.66,849.00,850.66,0.65,0.37,0.29,1
624536.44,1280170.50,843.65,842.00,843.65,0.64,0.36,0.28,1
624628.69,1280170.50,846.63,845.00,846.63,0.64,0.36,0.28,1
624721.00,1280170.50,841.59,840.00,841.59,0.63,0.36,0.28,1
624813.25,1280170.50,830.54,829.00,830.54,0.64,0.36,0.28,1
624905.56,1280170.50,821.48,820.00,821.48,0.64,0.36,0.29,1
624997.81,1280170.50,823.40,822.00,823.40,0.64,0.37,0.29,1
625090.12,1280170.50,825.32,824.00,825.32,0.64,0.37,0.30,1
625182.38,1280170.50,826.26,825.00,826.26,0.63,0.36,0.28,1
625274.69,1280170.50,831.22,830.00,831.22,0.62,0.35,0.28,1
625366.94,1280170.50,827.25,826.22,827.25,0.58,0.32,0.25,1
625459.19,1280170.50,-9999.00,-9999.00,-9999.00,0.71,0.71,0.71,0
614385.88,1280078.25,-9999.00,-9999.00,-9999.00,0.71,0.71,0.71,0
614478.12,1280078.25,779.08,778.00,779.08,0.31,0.06,-0.02,1
614570.44,1280078.25,793.06,792.00,793.06,0.63,0.37,0.30,1
614662.69,1280078.25,801.06,800.00,801.06,0.64,0.38,0.31,1
614755.00,1280078.25,798.13,797.00,798.13,0.63,0.37,0.30,1
614847.25,1280078.25,796.23,795.00,796.23,0.62,0.36,0.28,1
614939.56,1280078.25,795.31,794.00,795.31,0.63,0.36,0.28,1
615031.81,1280078.25,786.38,785.00,786.38,0.64,0.37,0.29,1
615124.12,1280078.25,780.43,779.00,780.43,0.63,0.36,0.28,1
615216.38,1280078.25,785.47,784.00,785.47,0.61,0.34,0.26,1
615308.62,1280078.25,799.50,798.00,799.50,0.62,0.34,0.26,1
615400.94,1280078.25,798.52,797.00,798.52,0.63,0.35,0.28,1
615493.19,1280078.25,790.54,789.00,790.54,0.63,0.35,0.28,1
615585.50,1280078.25,787.54,786.00,787.54,0.62,0.35,0.27,1
615677.75,1280078.25,787.55,786.00,787.55,0.63,0.35,0.27,1
615770.06,1280078.25,793.55,792.00,793.55,0.62,0.35,0.27,1
615862.31,1280078.25,798.55,797.00,798.55,0.62,0.34,0.26,1
615954.62,1280078.25,801.55,800.00,801.55,0.62,0.34,0.26,1
616046.88,1280078.25,797.55,796.00,797.55,0.62,0.34,0.26,1
616139.12,1280078.25,795.55,794.00,795.55,0.61,0.33,0.25,1
616231.44,1280078.25,803.55,802.00,803.55,0.60,0.33,0.25,1
616323.69,1280078.25,801.55,800.00,801.55,0.62,0.34,0.26,1
616416.00,1280078.25,788.55,787.00,788.55,0.62,0.35,0.27,1
616508.25,1280078.25,788.55,787.00,788.55,0.61,0.34,0.26,1
616600.56,1280078.25,799.55,798.00,799.55,0.61,0.33,0.25,1
616692.81,1280078.25,807.56,806.00,807.56,0.61,0.34,0.26,1
616785.12,1280078.25,803.56,802.00,803.56,0.61,0.33,0.25,1
616877.38,1280078.25,802.57,801.00,802.57,0.60,0.32,0.24,1
616969.62,1280078.25,811.57,810.00,811.57,0.60,0.32,0.24,1
617061.94,1280078.25,812.57,811.00,812.57,0.61,0.33,0.25,1
617154.19,1280078.25,808.57,807.00,808.57,0.61,0.34,0.26,1
617246.50,1280078.25,806.57,805.00,806.57,0.61,0.33,0.25,1
617338.75,1280078.25,815.57,814.00,815.57,0.61,0.33,0.25,1
617431.06,1280078.25,815.57,814.00,815.57,0.62,0.34,0.26,1
617523.31,1280078.25,813.57,812.00,813.57,0.61,0.34,0.26,1
617615.62,1280078.25,818.57,817.00,818.57,0.62,0.34,0.26,1
617707.88,1280078.25,825.57,824.00,825.57,0.63,0.35,0.27,1
617800.12,1280078.25,824.56,823.00,824.56,0.64,0.36,0.28,1
617892.44,1280078.25,809.56,808.00,809.56,0.64,0.37,0.29,1
617984.69,1280078.25,793.56,792.00,793.56,0.62,0.34,0.26,1
618077.00,1280078.25,796.57,795.00,796.57,0.58,0.30,0.23,1
618169.25,1280078.25,809.58,808.00,809.58,0.57,0.29,0.21,1
618261.56,1280078.25,827.58,826.00,827.58,0.58,0.30,0.22,1
618353.81,1280078.25,833.58,832.00,833.58,0.60,0.32,0.25,1
618446.12,1280078.25,813.59,812.00,813.59,0.63,0.35,0.27,1
618538.38,1280078.25,786.62,785.00,786.62,0.63,0.36,0.28,1
618630.62,1280078.25,760.64,759.00,760.64,0.63,0.35,0.27,1
618722.94,1280078.25,761.68,760.00,761.68,0.60,0.32,0.24,1
618815.19,1280078.25,788.67,787.00,788.67,0.59,0.31,0.23,1
618907.50,1280078.25,797.67,796.00,797.67,0.62,0.34,0.26,1
618999.75,1280078.25,778.68,777.00,778.68,0.64,0.36,0.28,1
619092.06,1280078.25,761.68,760.00,761.68,0.63,0.35,0.27,1
619184.31,1280078.25,758.68,757.00,758.68,0.63,0.35,0.27,1
619276.62,1280078.25,753.68,752.00,753.68,0.62,0.34,0.26,1
619368.88,1280078.25,754.69,753.00,754.69,0.61,0.33,0.25,1
619461.19,1280078.25,763.69,762.00,763.69,0.61,0.33,0.25,1
619553.44,1280078.25,761.68,760.00,761.68,0.61,0.33,0.25,1
619645.69,1280078.25,758.68,757.00,758.68,0.62,0.34,0.26,1
619738.00,1280078.25,756.68,755.00,756.68,0.62,0.33,0.25,1
619830.25,1280078.25,758.68,757.00,758.68,0.61,0.33,0.25,1
619922.56,1280078.25,769.68,768.00,769.68,0.61,0.32,0.24,1
620014.81,1280078.25,783.68,782.00,783.68,0.60,0.32,0.24,1
620107.12,1280078.25,792.68,791.00,792.68,0.61,0.33,0.25,1
620199.38,1280078.25,786.68,785.00,786.68,0.61,0.33,0.25,1
620291.69,1280078.25,778.68,777.00,778.68,0.61,0.33,0.25,1
620383.94,1280078.25,782.68,781.00,782.68,0.61,0.33,0.25,1
620476.19,1280078.25,796.67,795.00,796.67,0.62,0.34,0.26,1
620568.50,1280078.25,792.67,791.00,792.67,0.63,0.35,0.27,1
620660.75,1280078.25,775.67,774.00,775.67,0.63,0.35,0.27,1
620753.06,1280078.25,774.67,773.00,774.67,0.62,0.34,0.26,1
620845.31,1280078.25,781.67,780.00,781.67,0.63,0.35,0.27,1
620937.62,1280078.25,770.68,769.00,770.68,0.63,0.35,0.27,1
621029.88,1280078.25,771.68,770.00,771.68,0.61,0.33,0.25,1
621122.19,1280078.25,786.68,785.00,786.68,0.61,0.33,0.25,1
621214.44,1280078.25,790.69,789.00,790.69,0.63,0.35,0.27,1
621306.69,1280078.25,782.69,781.00,782.69,0.64,0.36,0.28,1
621399.00,1280078.25,771.70,770.00,771.70,0.64,0.36,0.28,1
621491.25,1280078.25,762.70,761.00,762.70,0.63,0.35,0.26,1
621583.56,1280078.25,764.71,763.00,764.71,0.62,0.34,0.26,1
621675.81,1280078.25,764.71,763.00,764.71,0.63,0.34,0.26,1
621768.12,1280078.25,762.72,761.00,762.72,0.62,0.34,0.26,1
621860.38,1280078.25,762.72,761.00,762.72,0.62,0.33,0.25,1
621952.69,1280078.25,762.73,761.00,762.73,0.61,0.33,0.25,1
622044.94,1280078.25,765.73,764.00,765.73,0.62,0.33,0.25,1
622137.19,1280078.25,763.73,762.00,763.73,0.62,0.33,0.25,1
622229.50,1280078.25,764.73,763.00,764.73,0.62,0.33,0.25,1
622321.75,1280078.25,764.73,763.00,764.73,0.61,0.33,0.25,1
622414.06,1280078.25,768.73,767.00,768.73,0.61,0.33,0.25,1
622506.31,1280078.25,771.73,770.00,771.73,0.61,0.33,0.25,1
622598.62,1280078.25,776.72,775.00,776.72,0.61,0.33,0.25,1
622690.88,1280078.25,781.72,780.00,781.72,0.61,0.33,0.25,1
622783.19,1280078.25,784.70,783.00,784.70,0.61,0.32,0.24,1
622875.44,1280078.25,798.69,797.00,798.69,0.60,0.31,0.23,1
622967.69,1280078.25,817.68,816.00,817.68,0.59,0.31,0.23,1
623060.00,1280078.25,830.67,829.00,830.67,0.59,0.31,0.23,1
623152.25,1280078.25,835.66,834.00,835.66,0.59,0.31,0.23,1
623244.56,1280078.25,830.66,829.00,830.66,0.59,0.31,0.23,1
623336.81,1280078.25,821.67,820.00,821.67,0.59,0.31,0.23,1
623429.12,1280078.25,816.69,815.00,816.69,0.59,0.31,0.23,1
623521.38,1280078.25,813.69,812.00,813.69,0.60,0.32,0.24,1
623613.69,1280078.25,813.69,812.00,813.69,0.61,0.32,0.24,1
623705.94,1280078.25,827.69,826.00,827.69,0.60,0.32,0.24,1
623798.19,1280078.25,847.69,846.00,847.69,0.60,0.32,0.24,1
623890.50,1280078.25,864.69,863.00,864.69,0.60,0.32,0.24,1
623982.75,1280078.25,873.68,872.00,873.68,0.61,0.33,0.25,1
624075.06,1280078.25,869.68,868.00,869.68,0.62,0.34,0.26,1
624167.31,1280078.25,855.68,854.00,855.68,0.63,0.35,0.27,1
624259.62,1280078.25,855.67,854.00,855.67,0.62,0.33,0.25,1
624351.88,1280078.25,868.67,867.00,868.67,0.61,0.33,0.25,1
624444.19,1280078.25,870.66,869.00,870.66,0.63,0.35,0.27,1
624536.44,1280078.25,865.64,864.00,865.64,0.64,0.36,0.28,1
624628.69,1280078.25,855.62,854.00,855.62,0.64,0.36,0.28,1
624721.00,1280078.25,842.59,841.00,842.59,0.64,0.36,0.28,1
624813.25,1280078.25,837.54,836.00,837.54,0.64,0.36,0.28,1
624905.56,1280078.25,839.47,838.00,839.47,0.63,0.36,0.28,1
624997.81,1280078.25,845.39,844.00,845.39,0.63,0.36,0.29,1
625090.12,1280078.25,844.30,843.00,844.30,0.65,0.38,0.30,1
625182.38,1280078.25,829.24,828.00,829.24,0.64,0.38,0.30,1
625274.69,1280078.25,822.20,821.00,822.20,0.63,0.36,0.29,1
625366.94,1280078.25,828.09,827.08,828.09,0.58,0.32,0.25,1
625459.19,1280078.25,-9999.00,-9999.00,-9999.00,0.71,0.71,0.71,0
614385.88,1279985.88,-9999.00,-9999.00,-9999.00,0.71,0.71,0.71,0
614478.12,1279985.88,790.13,789.00,790.13,0.32,0.06,-0.01,1
614570.44,1279985.88,803.15,802.00,803.15,0.62,0.36,0.28,1
614662.69,1279985.88,805.11,804.00,805.11,0.63,0.37,0.30,1
614755.00,1279985.88,795.16,794.00,795.16,0.63,0.37,0.29,1
614847.25,1279985.88,793.24,792.00,793.24,0.62,0.36,0.28,1
614939.56,1279985.88,798.32,797.00,798.32,0.63,0.36,0.28,1
615031.81,1279985.88,795.38,794.00,795.38,0.64,0.37,0.29,1
615124.12,1279985.88,788.43,787.00,788.43,0.64,0.37,0.29,1
615216.38,1279985.88,787.47,786.00,787.47,0.62,0.34,0.27,1
615308.62,1279985.88,797.50,796.00,797.50,0.61,0.34,0.26,1
615400.94,1279985.88,798.52,797.00,798.52,0.62,0.35,0.27,1
615493.19,1279985.88,789.53,788.00,789.53,0.63,0.35,0.27,1
615585.50,1279985.88,786.54,785.00,786.54,0.62,0.34,0.27,1
615677.75,1279985.88,792.54,791.00,792.54,0.62,0.34,0.26,1
615770.06,1279985.88,798.54,797.00,798.54,0.62,0.34,0.27,1
615862.31,1279985.88,796.54,795.00,796.54,0.62,0.34,0.27,1
615954.62,1279985.88,793.54,792.00,793.54,0.62,0.34,0.26,1
616046.88,1279985.88,790.54,789.00,790.54,0.62,0.35,0.27,1
616139.12,1279985.88,787.54,786.00,787.54,0.62,0.34,0.27,1
616231.44,1279985.88,790.54,789.00,790.54,0.61,0.34,0.26,1
616323.69,1279985.88,789.54,788.00,789.54,0.61,0.34,0.26,1
616416.00,1279985.88,783.54,782.00,783.54,0.62,0.34,0.26,1
616508.25,1279985.88,790.54,789.00,790.54,0.61,0.33,0.26,1
616600.56,1279985.88,801.54,800.00,801.54,0.61,0.34,0.26,1
616692.81,1279985.88,803.55,802.00,803.55,0.62,0.34,0.26,1
616785.12,1279985.88,794.55,793.00,794.55,0.62,0.34,0.26,1
616877.38,1279985.88,788.56,787.00,788.56,0.62,0.34,0.26,1
616969.62,1279985.88,793.56,792.00,793.56,0.61,0.33,0.25,1
617061.94,1279985.88,797.56,796.00,797.56,0.61,0.33,0.25,1
617154.19,1279985.88,798.56,797.00,798.56,0.61,0.33,0.25,1
617246.50,1279985.88,802.56,801.00,802.56,0.61,0.33,0.25,1
617338.75,1279985.88,812.56,811.00,812.56,0.61,0.34,0.26,1
617431.06,1279985.88,812.55,811.00,812.55,0.62,0.35,0.27,1
617523.31,1279985.88,813.54,812.00,813.54,0.62,0.34,0.26,1
617615.62,1279985.88,824.54,823.00,824.54,0.61,0.33,0.26,1
617707.88,1279985.88,833.54,832.00,833.54,0.61,0.34,0.26,1
617800.12,1279985.88,837.54,836.00,837.54,0.63,0.35,0.28,1
617892.44,1279985.88,823.54,822.00,823.54,0.65,0.37,0.29,1
617984.69,1279985.88,796.54,795.00,796.54,0.64,0.37,0.29,1
618077.00,1279985.88,779.56,778.00,779.56,0.61,0.34,0.26,1
618169.25,1279985.88,786.57,785.00,786.57,0.59,0.31,0.23,1
618261.56,1279985.88,801.57,800.00,801.57,0.58,0.30,0.22,1
618353.81,1279985.88,804.57,803.00,804.57,0.60,0.32,0.24,1
618446.12,1279985.88,791.58,790.00,791.58,0.61,0.34,0.26,1
618538.38,1279985.88,772.61,771.00,772.61,0.62,0.35,0.27,1
618630.62,1279985.88,756.64,755.00,756.64,0.63,0.35,0.27,1
618722.94,1279985.88,757.66,756.00,757.66,0.61,0.33,0.25,1
618815.19,1279985.88,772.67,771.00,772.67,0.59,0.31,0.23,1
618907.50,1279985.88,786.67,785.00,786.67,0.61,0.33,0.25,1
618999.75,1279985.88,782.67,781.00,782.67,0.64,0.35,0.27,1
619092.06,1279985.88,766.68,765.00,766.68,0.64,0.36,0.28,1
619184.31,1279985.88,763.68,762.00,763.68,0.64,0.35,0.27,1
619276.62,1279985.88,756.68,755.00,756.68,0.63,0.35,0.27,1
619368.88,1279985.88,754.68,753.00,754.68,0.62,0.34,0.26,1
619461.19,1279985.88,758.69,757.00,758.69,0.62,0.34,0.26,1
619553.44,1279985.88,758.68,757.00,758.68,0.62,0.34,0.26,1
619645.69,1279985.88,755.68,754.00,755.68,0.62,0.34,0.26,1
619738.00,1279985.88,756.68,755.00,756.68,0.62,0.34,0.26,1
619830.25,1279985.88,760.68,759.00,760.68,0.61,0.33,0.25,1
619922.56,1279985.88,771.68,770.00,771.68,0.61,0.33,0.25,1
620014.81,1279985.88,780.68,779.00,780.68,0.61,0.33,0.25,1
620107.12,1279985.88,780.68,779.00,780.68,0.61,0.33,0.25,1
620199.38,1279985.88,772.68,771.00,772.68,0.61,0.33,0.25,1
620291.69,1279985.88,772.68,771.00,772.68,0.61,0.33,0.25,1
620383.94,1279985.88,784.67,783.00,784.67,0.61,0.33,0.25,1
620476.19,1279985.88,792.67,791.00,792.67,0.62,0.34,0.26,1
620568.50,1279985.88,789.66,788.00,789.66,0.63,0.35,0.27,1
620660.75,1279985.88,779.66,778.00,779.66,0.63,0.35,0.27,1
620753.06,1279985.88,785.66,784.00,785.66,0.62,0.34,0.26,1
620845.31,1279985.88,790.66,789.00,790.66,0.63,0.35,0.27,1
620937.62,1279985.88,776.67,775.00,776.67,0.63,0.35,0.27,1
621029.88,1279985.88,773.67,772.00,773.67,0.62,0.34,0.26,1
621122.19,1279985.88,783.67,782.00,783.67,0.61,0.33,0.25,1
621214.44,1279985.88,792.67,791.00,792.67,0.62,0.34,0.26,1
621306.69,1279985.88,791.68,790.00,791.68,0.64,0.35,0.27,1
621399.00,1279985.88,776.68,775.00,776.68,0.64,0.36,0.28,1
621491.25,1279985.88,768.69,767.00,768.69,0.63,0.35,0.27,1
621583.56,1279985.88,771.69,770.00,771.69,0.63,0.35,0.27,1
621675.81,1279985.88,772.70,771.00,772.70,0.63,0.35,0.27,1
621768.12,1279985.88,766.70,765.00,766.70,0.63,0.35,0.27,1
621860.38,1279985.88,762.71,761.00,762.71,0.62,0.34,0.26,1
621952.69,1279985.88,762.71,761.00,762.71,0.62,0.34,0.26,1
622044.94,1279985.88,763.71,762.00,763.71,0.62,0.34,0.26,1
622137.19,1279985.88,763.71,762.00,763.71,0.62,0.34,0.26,1
622229.50,1279985.88,764.71,763.00,764.71,0.62,0.34,0.26,1
622321.75,1279985.88,765.71,764.00,765.71,0.62,0.34,0.26,1
622414.06,1279985.88,767.71,766.00,767.71,0.62,0.33,0.25,1
622506.31,1279985.88,769.71,768.00,769.71,0.61,0.33,0.25,1
622598.62,1279985.88,774.71,773.00,774.71,0.61,0.33,0.25,1
622690.88,1279985.88,777.70,776.00,777.70,0.61,0.33,0.25,1
622783.19,1279985.88,781.70,780.00,781.70,0.61,0.33,0.25,1
622875.44,1279985.88,789.69,788.00,789.69,0.60,0.32,0.24,1
622967.69,1279985.88,800.68,799.00,800.68,0.59,0.31,0.23,1
623060.00,1279985.88,806.67,805.00,806.67,0.59,0.31,0.23,1
623152.25,1279985.88,803.67,802.00,803.67,0.60,0.31,0.23,1
623244.56,1279985.88,797.67,796.00,797.67,0.59,0.31,0.23,1
623336.81,1279985.88,796.69,795.00,796.69,0.60,0.32,0.24,1
623429.12,1279985.88,801.69,800.00,801.69,0.61,0.32,0.24,1
623521.38,1279985.88,807.69,806.00,807.69,0.61,0.33,0.25,1
623613.69,1279985.88,814.70,813.00,814.70,0.61,0.33,0.25,1
623705.94,1279985.88,826.69,825.00,826.69,0.60,0.32,0.24,1
623798.19,1279985.88,839.69,838.00,839.69,0.60,0.32,0.23,1
623890.50,1279985.88,848.69,847.00,848.69,0.60,0.32,0.23,1
623982.75,1279985.88,857.69,856.00,857.69,0.60,0.32,0.24,1
624075.06,1279985.88,860.68,859.00,860.68,0.62,0.34,0.26,1
624167.31,1279985.88,856.68,855.00,856.68,0.63,0.35,0.27,1
624259.62,1279985.88,853.67,852.00,853.67,0.62,0.34,0.26,1
624351.88,1279985.88,860.67,859.00,860.67,0.60,0.32,0.24,1
624444.19,1279985.88,871.66,870.00,871.66,0.61,0.33,0.25,1
624536.44,1279985.88,874.64,873.00,874.64,0.62,0.34,0.26,1
624628.69,1279985.88,871.62,870.00,871.62,0.64,0.36,0.28,1
624721.00,1279985.88,863.59,862.00,863.59,0.65,0.37,0.29,1
624813.25,1279985.88,856.54,855.00,856.54,0.64,0.37,0.29,1
624905.56,1279985.88,849.47,848.00,849.47,0.63,0.36,0.28,1
624997.81,1279985.88,847.37,846.00,847.37,0.63,0.36,0.28,1
625090.12,1279985.88,846.28,845.00,846.28,0.64,0.37,0.30,1
625182.38,1279985.88,835.22,834.00,835.22,0.65,0.39,0.31,1
625274.69,1279985.88,830.18,829.00,830.18,0.64,0.38,0.31,1
625366.94,1279985.88,831.11,830.11,831.11,0.58,0.32,0.25,1
625459.19,1279985.88,-9999.00,-9999.00,-9999.00,0.71,0.71,0.71,0
614385.88,1279893.62,-9999.00,-9999.00,-9999.00,0.71,0.71,0.71,0
614478.12,1279893.62,789.18,788.00,789.18,0.33,0.07,-0.01,1
614570.44,1279893.62,796.25,795.00,796.25,0.61,0.35,0.27,1
614662.69,1279893.62,795.21,794.00,795.21,0.62,0.35,0.28,1
614755.00,1279893.62,789.22,788.00,789.22,0.62,0.36,0.28,1
614847.25,1279893.62,794.26,793.00,794.26,0.62,0.35,0.27,1
614939.56,1279893.62,803.32,802.00,803.32,0.62,0.35,0.27,1
615031.81,1279893.62,807.38,806.00,807.38,0.63,0.36,0.28,1
615124.12,1279893.62,798.43,797.00,798.43,0.64,0.37,0.29,1
615216.38,1279893.62,786.47,785.00,786.47,0.63,0.36,0.28,1
615308.62,1279893.62,791.50,790.00,791.50,0.61,0.34,0.26,1
615400.94,1279893.62,794.51,793.00,794.51,0.62,0.34,0.26,1
615493.19,1279893.62,789.52,788.00,789.52,0.63,0.35,0.27,1
615585.50,1279893.62,787.53,786.00,787.53,0.62,0.34,0.27,1
615677.75,1279893.62,791.53,790.00,791.53,0.61,0.34,0.26,1
615770.06,1279893.62,796.53,795.00,796.53,0.62,0.34,0.26,1
615862.31,1279893.62,792.53,791.00,792.53,0.62,0.35,0.27,1
615954.62,1279893.62,791.53,790.00,791.53,0.62,0.35,0.27,1
616046.88,1279893.62,794.53,793.00,794.53,0.63,0.35,0.27,1
616139.12,1279893.62,793.52,792.00,793.52,0.64,0.36,0.28,1
616231.44,1279893.62,788.52,787.00,788.52,0.63,0.36,0.28,1
616323.69,1279893.62,783.52,782.00,783.52,0.62,0.35,0.27,1
616416.00,1279893.62,782.53,781.00,782.53,0.62,0.34,0.26,1
616508.25,1279893.62,787.53,786.00,787.53,0.61,0.33,0.25,1
616600.56,1279893.62,795.53,794.00,795.53,0.61,0.33,0.25,1
616692.81,1279893.62,794.53,793.00,794.53,0.61,0.34,0.26,1
616785.12,1279893.62,786.54,785.00,786.54,0.62,0.34,0.26,1
616877.38,1279893.62,792.55,791.00,792.55,0.62,0.34,0.26,1
616969.62,1279893.62,797.55,796.00,797.55,0.63,0.35,0.27,1
617061.94,1279893.62,794.55,793.00,794.55,0.63,0.35,0.27,1
617154.19,1279893.62,794.55,793.00,794.55,0.62,0.35,0.27,1
617246.50,1279893.62,799.54,798.00,799.54,0.62,0.34,0.26,1
617338.75,1279893.62,810.54,809.00,810.54,0.61,0.33,0.26,1
617431.06,1279893.62,816.53,815.00,816.53,0.62,0.35,0.27,1
617523.31,1279893.62,817.52,816.00,817.52,0.62,0.35,0.27,1
617615.62,1279893.62,820.51,819.00,820.51,0.61,0.34,0.26,1
617707.88,1279893.62,824.50,823.00,824.50,0.60,0.32,0.24,1
617800.12,1279893.62,831.50,830.00,831.50,0.60,0.32,0.25,1
617892.44,1279893.62,823.50,822.00,823.50,0.62,0.35,0.27,1
617984.69,1279893.62,796.51,795.00,796.51,0.64,0.36,0.28,1
618077.00,1279893.62,773.52,772.00,773.52,0.63,0.35,0.27,1
618169.25,1279893.62,774.54,773.00,774.54,0.61,0.33,0.25,1
618261.56,1279893.62,779.55,778.00,779.55,0.60,0.32,0.24,1
618353.81,1279893.62,783.56,782.00,783.56,0.60,0.32,0.24,1
618446.12,1279893.62,777.57,776.00,777.57,0.62,0.34,0.26,1
618538.38,1279893.62,762.60,761.00,762.60,0.62,0.34,0.26,1
618630.62,1279893.62,757.63,756.00,757.63,0.63,0.35,0.27,1
618722.94,1279893.62,759.65,758.00,759.65,0.62,0.34,0.26,1
618815.19,1279893.62,772.66,771.00,772.66,0.61,0.33,0.25,1
618907.50,1279893.62,787.66,786.00,787.66,0.61,0.33,0.25,1
618999.75,1279893.62,788.67,787.00,788.67,0.63,0.35,0.26,1
619092.06,1279893.62,781.67,780.00,781.67,0.63,0.35,0.27,1
619184.31,1279893.62,779.68,778.00,779.68,0.63,0.35,0.27,1
619276.62,1279893.62,762.68,761.00,762.68,0.63,0.35,0.27,1
619368.88,1279893.62,759.68,758.00,759.68,0.63,0.35,0.27,1
619461.19,1279893.62,763.68,762.00,763.68,0.63,0.35,0.27,1
619553.44,1279893.62,764.68,763.00,764.68,0.63,0.35,0.27,1
619645.69,1279893.62,754.68,753.00,754.68,0.63,0.35,0.27,1
619738.00,1279893.62,756.68,755.00,756.68,0.62,0.34,0.26,1
619830.25,1279893.62,762.68,761.00,762.68,0.62,0.34,0.26,1
619922.56,1279893.62,770.68,769.00,770.68,0.61,0.33,0.25,1
620014.81,1279893.62,778.68,777.00,778.68,0.62,0.34,0.26,1
620107.12,1279893.62,769.68,768.00,769.68,0.62,0.34,0.26,1
620199.38,1279893.62,766.68,765.00,766.68,0.62,0.33,0.25,1
620291.69,1279893.62,776.68,775.00,776.68,0.61,0.33,0.25,1
620383.94,1279893.62,790.67,789.00,790.67,0.62,0.33,0.25,1
620476.19,1279893.62,794.66,793.00,794.66,0.62,0.34,0.26,1
620568.50,1279893.62,790.66,789.00,790.66,0.63,0.35,0.27,1
620660.75,1279893.62,783.66,782.00,783.66,0.63,0.35,0.27,1
620753.06,1279893.62,792.66,791.00,792.66,0.62,0.34,0.26,1
620845.31,1279893.62,794.65,793.00,794.65,0.63,0.35,0.27,1
620937.62,1279893.62,779.66,778.00,779.66,0.63,0.35,0.27,1
621029.88,1279893.62,780.66,779.00,780.66,0.62,0.34,0.26,1
621122.19,1279893.62,796.66,795.00,796.66,0.62,0.34,0.26,1
621214.44,1279893.62,805.66,804.00,805.66,0.63,0.35,0.27,1
621306.69,1279893.62,798.67,797.00,798.67,0.64,0.36,0.28,1
621399.00,1279893.62,783.67,782.00,783.67,0.64,0.36,0.28,1
621491.25,1279893.62,776.68,775.00,776.68,0.63,0.35,0.27,1
621583.56,1279893.62,783.68,782.00,783.68,0.63,0.35,0.27,1
621675.81,1279893.62,782.69,781.00,782.69,0.63,0.35,0.27,1
621768.12,1279893.62,773.69,772.00,773.69,0.64,0.35,0.27,1
621860.38,1279893.62,765.69,764.00,765.69,0.63,0.35,0.27,1
621952.69,1279893.62,764.70,763.00,764.70,0.62,0.34,0.26,1
622044.94,1279893.62,763.70,762.00,763.70,0.62,0.34,0.26,1
622137.19,1279893.62,764.70,763.00,764.70,0.62,0.34,0.26,1
622229.50,1279893.62,763.70,762.00,763.70,0.62,0.34,0.26,1
622321.75,1279893.62,764.70,763.00,764.70,0.62,0.34,0.26,1
622414.06,1279893.62,765.70,764.00,765.70,0.62,0.34,0.26,1
622506.31,1279893.62,766.70,765.00,766.70,0.62,0.33,0.25,1
622598.62,1279893.62,769.70,768.00,769.70,0.61,0.33,0.25,1
622690.88,1279893.62,771.70,770.00,771.70,0.61,0.33,0.25,1
622783.19,1279893.62,772.69,771.00,772.69,0.61,0.33,0.25,1
622875.44,1279893.62,778.69,777.00,778.69,0.60,0.32,0.24,1
622967.69,1279893.62,784.68,783.00,784.68,0.60,0.32,0.24,1
623060.00,1279893.62,788.68,787.00,788.68,0.61,0.32,0.24,1
623152.25,1279893.62,786.68,785.00,786.68,0.61,0.33,0.25,1
623244.56,1279893.62,782.68,781.00,782.68,0.61,0.33,0.25,1
623336.81,1279893.62,787.69,786.00,787.69,0.60,0.32,0.24,1
623429.12,1279893.62,800.70,799.00,800.70,0.60,0.32,0.24,1
623521.38,1279893.62,814.70,813.00,814.70,0.61,0.33,0.25,1
623613.69,1279893.62,819.70,818.00,819.70,0.63,0.35,0.26,1
623705.94,1279893.62,818.70,817.00,818.70,0.62,0.34,0.26,1
623798.19,1279893.62,827.69,826.00,827.69,0.61,0.33,0.25,1
623890.50,1279893.62,840.69,839.00,840.69,0.60,0.32,0.24,1
623982.75,1279893.62,854.69,853.00,854.69,0.61,0.32,0.24,1
624075.06,1279893.62,863.69,862.00,863.69,0.61,0.33,0.25,1
624167.31,1279893.62,863.68,862.00,863.68,0.62,0.34,0.26,1
624259.62,1279893.62,862.68,861.00,862.68,0.63,0.35,0.27,1
624351.88,1279893.62,857.67,856.00,857.67,0.62,0.34,0.26,1
624444.19,1279893.62,859.66,858.00,859.66,0.61,0.33,0.25,1
624536.44,1279893.62,871.64,870.00,871.64,0.60,0.32,0.24,1
624628.69,1279893.62,879.62,878.00,879.62,0.62,0.34,0.26,1
624721.00,1279893.62,876.58,875.00,876.58,0.63,0.35,0.27,1
624813.25,1279893.62,866.53,865.00,866.53,0.64,0.36,0.28,1
624905.56,1279893.62,852.46,851.00,852.46,0.64,0.36,0.29,1
624997.81,1279893.62,850.36,849.00,850.36,0.63,0.36,0.28,1
625090.12,1279893.62,855.26,854.00,855.26,0.63,0.36,0.29,1
625182.38,1279893.62,851.20,850.00,851.20,0.64,0.38,0.30,1
625274.69,1279893.62,845.16,844.00,845.16,0.64,0.38,0.31,1
625366.94,1279893.62,834.12,833.14,834.12,0.57,0.32,0.25,1
625459.19,1279893.62,-9999.00,-9999.00,-9999.00,0.71,0.71,0.71,0
614385.88,1279801.38,-9999.00,-9999.00,-9999.00,0.71,0.71,0.71,0
614478.12,1279801.38,790.22,789.00,790.22,0.33,0.07,-0.01,1
614570.44,1279801.38,790.30,789.00,790.30,0.62,0.36,0.28,1
614662.69,1279801.38,787.28,786.00,787.28,0.62,0.36,0.28,1
614755.00,1279801.38,786.28,785.00,786.28,0.62,0.35,0.28,1
614847.25,1279801.38,793.29,792.00,793.29,0.61,0.34,0.27,1
614939.56,1279801.38,798.33,797.00,798.33,0.61,0.34,0.26,1
615031.81,1279801.38,802.39,801.00,802.39,0.61,0.34,0.26,1
615124.12,1279801.38,801.43,800.00,801.43,0.63,0.36,0.28,1
615216.38,1279801.38,792.47,791.00,792.47,0.64,0.36,0.28,1
615308.62,1279801.38,788.49,787.00,788.49,0.63,0.35,0.27,1
615400.94,1279801.38,790.51,789.00,790.51,0.62,0.35,0.27,1
615493.19,1279801.38,789.52,788.00,789.52,0.62,0.35,0.27,1
615585.50,1279801.38,786.52,785.00,786.52,0.62,0.35,0.27,1
615677.75,1279801.38,786.52,785.00,786.52,0.62,0.34,0.26,1
615770.06,1279801.38,789.52,788.00,789.52,0.61,0.34,0.26,1
615862.31,1279801.38,790.52,789.00,790.52,0.61,0.34,0.26,1
615954.62,1279801.38,799.51,798.00,799.51,0.62,0.34,0.26,1
616046.88,1279801.38,807.51,806.00,807.51,0.63,0.35,0.27,1
616139.12,1279801.38,808.50,807.00,808.50,0.64,0.36,0.28,1
616231.44,1279801.38,799.50,798.00,799.50,0.64,0.37,0.29,1
616323.69,1279801.38,784.50,783.00,784.50,0.63,0.36,0.28,1
616416.00,1279801.38,779.50,778.00,779.50,0.62,0.35,0.27,1
616508.25,1279801.38,780.51,779.00,780.51,0.62,0.34,0.26,1
616600.56,1279801.38,783.51,782.00,783.51,0.62,0.34,0.26,1
616692.81,1279801.38,782.52,781.00,782.52,0.61,0.34,0.26,1
616785.12,1279801.38,782.53,781.00,782.53,0.61,0.34,0.26,1
616877.38,1279801.38,791.53,790.00,791.53,0.60,0.33,0.25,1
616969.62,1279801.38,801.53,800.00,801.53,0.61,0.33,0.25,1
617061.94,1279801.38,802.53,801.00,802.53,0.62,0.34,0.26,1
617154.19,1279801.38,805.53,804.00,805.53,0.62,0.34,0.26,1
617246.50,1279801.38,808.52,807.00,808.52,0.62,0.34,0.26,1
617338.75,1279801.38,810.51,809.00,810.51,0.61,0.33,0.25,1
617431.06,1279801.38,819.50,818.00,819.50,0.61,0.33,0.25,1
617523.31,1279801.38,819.48,818.00,819.48,0.62,0.34,0.26,1
617615.62,1279801.38,817.46,816.00,817.46,0.62,0.35,0.27,1
617707.88,1279801.38,805.46,804.00,805.46,0.61,0.34,0.26,1
617800.12,1279801.38,800.46,799.00,800.46,0.59,0.32,0.24,1
617892.44,1279801.38,797.46,796.00,797.46,0.61,0.33,0.25,1
617984.69,1279801.38,780.46,779.00,780.46,0.62,0.35,0.27,1
618077.00,1279801.38,767.47,766.00,767.47,0.63,0.35,0.27,1
618169.25,1279801.38,765.49,764.00,765.49,0.62,0.35,0.27,1
618261.56,1279801.38,766.51,765.00,766.51,0.62,0.34,0.26,1
618353.81,1279801.38,768.53,767.00,768.53,0.62,0.34,0.26,1
618446.12,1279801.38,764.55,763.00,764.55,0.62,0.35,0.27,1
618538.38,1279801.38,755.58,754.00,755.58,0.62,0.34,0.26,1
618630.62,1279801.38,764.61,763.00,764.61,0.62,0.34,0.26,1
618722.94,1279801.38,770.63,769.00,770.63,0.62,0.34,0.26,1
618815.19,1279801.38,781.64,780.00,781.64,0.62,0.34,0.26,1
618907.50,1279801.38,792.65,791.00,792.65,0.62,0.34,0.26,1
618999.75,1279801.38,786.66,785.00,786.66,0.62,0.34,0.26,1
619092.06,1279801.38,779.66,778.00,779.66,0.62,0.34,0.26,1
619184.31,1279801.38,771.67,770.00,771.67,0.62,0.34,0.26,1
619276.62,1279801.38,761.67,760.00,761.67,0.62,0.34,0.26,1
619368.88,1279801.38,767.67,766.00,767.67,0.62,0.33,0.25,1
619461.19,1279801.38,779.68,778.00,779.68,0.63,0.34,0.26,1
619553.44,1279801.38,775.68,774.00,775.68,0.63,0.35,0.27,1
619645.69,1279801.38,759.68,758.00,759.68,0.63,0.35,0.27,1
619738.00,1279801.38,767.68,766.00,767.68,0.62,0.34,0.26,1
619830.25,1279801.38,779.68,778.00,779.68,0.63,0.35,0.27,1
619922.56,1279801.38,776.68,775.00,776.68,0.63,0.35,0.27,1
620014.81,1279801.38,773.68,772.00,773.68,0.62,0.34,0.26,1
620107.12,1279801.38,763.68,762.00,763.68,0.62,0.34,0.26,1
620199.38,1279801.38,769.67,768.00,769.67,0.61,0.33,0.25,1
620291.69,1279801.38,785.67,784.00,785.67,0.61,0.33,0.25,1
620383.94,1279801.38,793.67,792.00,793.67,0.61,0.33,0.25,1
620476.19,1279801.38,798.66,797.00,798.66,0.62,0.34,0.26,1
620568.50,1279801.38,799.65,798.00,799.65,0.63,0.35,0.27,1
620660.75,1279801.38,793.65,792.00,793.65,0.63,0.35,0.27,1
620753.06,1279801.38,800.65,799.00,800.65,0.62,0.34,0.26,1
620845.31,1279801.38,796.65,795.00,796.65,0.63,0.35,0.27,1
620937.62,1279801.38,784.65,783.00,784.65,0.63,0.35,0.27,1
621029.88,1279801.38,793.65,792.00,793.65,0.61,0.33,0.25,1
621122.19,1279801.38,814.65,813.00,814.65,0.62,0.34,0.26,1
621214.44,1279801.38,816.65,815.00,816.65,0.63,0.35,0.27,1
621306.69,1279801.38,804.66,803.00,804.66,0.64,0.36,0.28,1
621399.00,1279801.38,787.66,786.00,787.66,0.64,0.35,0.27,1
621491.25,1279801.38,785.67,784.00,785.67,0.63,0.35,0.27,1
621583.56,1279801.38,794.68,793.00,794.68,0.63,0.35,0.27,1
621675.81,1279801.38,789.68,788.00,789.68,0.64,0.35,0.27,1
621768.12,1279801.38,779.68,778.00,779.68,0.64,0.35,0.27,1
621860.38,1279801.38,768.68,767.00,768.68,0.63,0.35,0.27,1
621952.69,1279801.38,766.68,765.00,766.68,0.62,0.34,0.26,1
622044.94,1279801.38,767.69,766.00,767.69,0.63,0.34,0.26,1
622137.19,1279801.38,769.69,768.00,769.69,0.63,0.35,0.27,1
622229.50,1279801.38,765.69,764.00,765.69,0.63,0.35,0.27,1
622321.75,1279801.38,765.69,764.00,765.69,0.62,0.34,0.26,1
622414.06,1279801.38,765.69,764.00,765.69,0.62,0.34,0.26,1
622506.31,1279801.38,766.69,765.00,766.69,0.62,0.34,0.26,1
622598.62,1279801.38,766.69,765.00,766.69,0.62,0.34,0.26,1
622690.88,1279801.38,767.69,766.00,767.69,0.62,0.34,0.26,1
622783.19,1279801.38,768.69,767.00,768.69,0.62,0.33,0.25,1
622875.44,1279801.38,772.69,771.00,772.69,0.61,0.33,0.25,1
622967.69,1279801.38,780.68,779.00,780.68,0.61,0.33,0.25,1
623060.00,1279801.38,781.68,780.00,781.68,0.61,0.33,0.25,1
623152.25,1279801.38,777.69,776.00,777.69,0.61,0.33,0.25,1
623244.56,1279801.38,777.69,776.00,777.69,0.61,0.33,0.25,1
623336.81,1279801.38,783.69,782.00,783.69,0.61,0.33,0.25,1
623429.12,1279801.38,799.70,798.00,799.70,0.60,0.32,0.24,1
623521.38,1279801.38,817.70,816.00,817.70,0.60,0.32,0.24,1
623613.69,1279801.38,832.70,831.00,832.70,0.62,0.33,0.25,1
623705.94,1279801.38,834.70,833.00,834.70,0.62,0.34,0.26,1
623798.19,1279801.38,839.69,838.00,839.69,0.62,0.33,0.25,1
623890.50,1279801.38,847.69,846.00,847.69,0.61,0.33,0.25,1
623982.75,1279801.38,853.69,852.00,853.69,0.60,0.32,0.24,1
624075.06,1279801.38,856.69,855.00,856.69,0.61,0.32,0.24,1
624167.31,1279801.38,854.68,853.00,854.68,0.61,0.32,0.24,1
624259.62,1279801.38,861.68,860.00,861.68,0.61,0.33,0.25,1
624351.88,1279801.38,864.67,863.00,864.67,0.63,0.34,0.26,1
624444.19,1279801.38,860.66,859.00,860.66,0.62,0.34,0.26,1
624536.44,1279801.38,866.64,865.00,866.64,0.61,0.33,0.25,1
624628.69,1279801.38,873.61,872.00,873.61,0.61,0.33,0.25,1
624721.00,1279801.38,870.57,869.00,870.57,0.62,0.34,0.26,1
624813.25,1279801.38,863.52,862.00,863.52,0.63,0.35,0.27,1
624905.56,1279801.38,858.45,857.00,858.45,0.63,0.36,0.28,1
624997.81,1279801.38,856.35,855.00,856.35,0.63,0.36,0.28,1
625090.12,1279801.38,854.25,853.00,854.25,0.63,0.36,0.28,1
625182.38,1279801.38,850.18,849.00,850.18,0.63,0.37,0.29,1
625274.69,1279801.38,840.14,839.00,840.14,0.63,0.37,0.30,1
625366.94,1279801.38,831.81,830.82,831.81,0.57,0.32,0.25,1
625459.19,1279801.38,-9999.00,-9999.00,-9999.00,0.71,0.71,0.71,0
614385.88,1279709.12,-9999.00,-9999.00,-9999.00,0.71,0.71,0.71,0
614478.12,1279709.12,789.24,788.00,789.24,0.34,0.07,-0.00,1
614570.44,1279709.12,791.31,790.00,791.31,0.62,0.36,0.28,1
614662.69,1279709.12,788.30,787.00,788.30,0.63,0.36,0.29,1
614755.00,1279709.12,784.30,783.00,784.30,0.63,0.36,0.28,1
614847.25,1279709.12,786.31,785.00,786.31,0.62,0.35,0.27,1
614939.56,1279709.12,788.34,787.00,788.34,0.62,0.35,0.27,1
615031.81,1279709.12,792.39,791.00,792.39,0.61,0.34,0.26,1
615124.12,1279709.12,797.43,796.00,797.43,0.62,0.35,0.27,1
615216.38,1279709.12,797.47,796.00,797.47,0.63,0.36,0.28,1
615308.62,1279709.12,795.49,794.00,795.49,0.63,0.36,0.28,1
615400.94,1279709.12,792.50,791.00,792.50,0.63,0.36,0.28,1
615493.19,1279709.12,787.50,786.00,787.50,0.63,0.35,0.27,1
615585.50,1279709.12,783.51,782.00,783.51,0.62,0.35,0.27,1
615677.75,1279709.12,783.50,782.00,783.50,0.62,0.34,0.27,1
615770.06,1279709.12,786.50,785.00,786.50,0.62,0.34,0.26,1
615862.31,1279709.12,790.49,789.00,790.49,0.62,0.34,0.26,1
615954.62,1279709.12,800.48,799.00,800.48,0.61,0.34,0.26,1
616046.88,1279709.12,809.48,808.00,809.48,0.61,0.34,0.26,1
616139.12,1279709.12,809.47,808.00,809.47,0.62,0.35,0.27,1
616231.44,1279709.12,799.47,798.00,799.47,0.63,0.36,0.28,1
616323.69,1279709.12,785.47,784.00,785.47,0.63,0.36,0.28,1
616416.00,1279709.12,781.47,780.00,781.47,0.63,0.36,0.28,1
616508.25,1279709.12,782.48,781.00,782.48,0.63,0.36,0.28,1
616600.56,1279709.12,784.48,783.00,784.48,0.63,0.36,0.28,1
616692.81,1279709.12,779.49,778.00,779.49,0.63,0.36,0.28,1
616785.12,1279709.12,777.50,776.00,777.50,0.62,0.35,0.27,1
616877.38,1279709.12,779.50,778.00,779.50,0.61,0.33,0.26,1
616969.62,1279709.12,786.50,785.00,786.50,0.60,0.33,0.25,1
617061.94,1279709.12,790.50,789.00,790.50,0.60,0.33,0.25,1
617154.19,1279709.12,794.50,793.00,794.50,0.60,0.33,0.25,1
617246.50,1279709.12,795.49,794.00,795.49,0.60,0.33,0.25,1
617338.75,1279709.12,797.48,796.00,797.48,0.60,0.33,0.25,1
617431.06,1279709.12,801.46,800.00,801.46,0.59,0.32,0.24,1
617523.31,1279709.12,805.43,804.00,805.43,0.60,0.32,0.25,1
617615.62,1279709.12,810.41,809.00,810.41,0.62,0.34,0.27,1
617707.88,1279709.12,792.40,791.00,792.40,0.62,0.35,0.27,1
617800.12,1279709.12,779.40,778.00,779.40,0.61,0.34,0.26,1
617892.44,1279709.12,780.40,779.00,780.40,0.61,0.34,0.26,1
617984.69,1279709.12,769.40,768.00,769.40,0.62,0.35,0.27,1
618077.00,1279709.12,767.41,766.00,767.41,0.63,0.36,0.28,1
618169.25,1279709.12,772.43,771.00,772.43,0.63,0.36,0.28,1
618261.56,1279709.12,774.45,773.00,774.45,0.64,0.36,0.29,1
618353.81,1279709.12,776.48,775.00,776.48,0.64,0.37,0.29,1
618446.12,1279709.12,765.52,764.00,765.52,0.64,0.36,0.28,1
618538.38,1279709.12,758.56,757.00,758.56,0.62,0.35,0.27,1
618630.62,1279709.12,773.59,772.00,773.59,0.61,0.34,0.26,1
618722.94,1279709.12,784.61,783.00,784.61,0.62,0.34,0.26,1
618815.19,1279709.12,789.63,788.00,789.63,0.62,0.34,0.26,1
618907.50,1279709.12,791.64,790.00,791.64,0.62,0.34,0.26,1
618999.75,1279709.12,779.65,778.00,779.65,0.62,0.34,0.26,1
619092.06,1279709.12,768.65,767.00,768.65,0.62,0.34,0.26,1
619184.31,1279709.12,760.66,759.00,760.66,0.62,0.34,0.26,1
619276.62,1279709.12,760.67,759.00,760.67,0.62,0.33,0.25,1
619368.88,1279709.12,771.67,770.00,771.67,0.61,0.33,0.25,1
619461.19,1279709.12,782.67,781.00,782.67,0.62,0.34,0.26,1
619553.44,1279709.12,766.67,765.00,766.67,0.62,0.34,0.26,1
619645.69,1279709.12,762.68,761.00,762.68,0.62,0.33,0.25,1
619738.00,1279709.12,775.68,774.00,775.68,0.61,0.33,0.25,1
619830.25,1279709.12,787.68,786.00,787.68,0.61,0.33,0.25,1
619922.56,1279709.12,778.68,777.00,778.68,0.62,0.34,0.26,1
620014.81,1279709.12,770.68,769.00,770.68,0.62,0.34,0.26,1
620107.12,1279709.12,763.67,762.00,763.67,0.62,0.34,0.26,1
620199.38,1279709.12,772.67,771.00,772.67,0.61,0.33,0.25,1
620291.69,1279709.12,780.67,779.00,780.67,0.60,0.32,0.24,1
620383.94,1279709.12,786.66,785.00,786.66,0.60,0.32,0.24,1
620476.19,1279709.12,794.66,793.00,794.66,0.60,0.32,0.24,1
620568.50,1279709.12,797.65,796.00,797.65,0.62,0.34,0.26,1
620660.75,1279709.12,795.65,794.00,795.65,0.62,0.34,0.26,1
620753.06,1279709.12,799.64,798.00,799.64,0.61,0.33,0.25,1
620845.31,1279709.12,799.64,798.00,799.64,0.62,0.34,0.26,1
620937.62,1279709.12,792.64,791.00,792.64,0.63,0.35,0.27,1
621029.88,1279709.12,797.65,796.00,797.65,0.61,0.33,0.25,1
621122.19,1279709.12,813.65,812.00,813.65,0.61,0.33,0.25,1
621214.44,1279709.12,818.65,817.00,818.65,0.62,0.34,0.26,1
621306.69,1279709.12,809.65,808.00,809.65,0.63,0.35,0.27,1
621399.00,1279709.12,794.66,793.00,794.66,0.63,0.35,0.27,1
621491.25,1279709.12,804.67,803.00,804.67,0.63,0.34,0.26,1
621583.56,1279709.12,810.67,809.00,810.67,0.64,0.36,0.28,1
621675.81,1279709.12,797.67,796.00,797.67,0.64,0.36,0.28,1
621768.12,1279709.12,783.67,782.00,783.67,0.64,0.36,0.27,1
621860.38,1279709.12,770.67,769.00,770.67,0.63,0.35,0.27,1
621952.69,1279709.12,770.67,769.00,770.67,0.62,0.34,0.26,1
622044.94,1279709.12,776.67,775.00,776.67,0.62,0.34,0.26,1
622137.19,1279709.12,779.67,778.00,779.67,0.63,0.35,0.27,1
622229.50,1279709.12,773.67,772.00,773.67,0.63,0.35,0.27,1
622321.75,1279709.12,768.67,767.00,768.67,0.63,0.35,0.27,1
622414.06,1279709.12,768.68,767.00,768.68,0.63,0.34,0.26,1
622506.31,1279709.12,767.68,766.00,767.68,0.63,0.34,0.26,1
622598.62,1279709.12,766.68,765.00,766.68,0.62,0.34,0.26,1
622690.88,1279709.12,767.68,766.00,767.68,0.63,0.34,0.26,1
622783.19,1279709.12,768.68,767.00,768.68,0.63,0.35,0.26,1
622875.44,1279709.12,768.68,767.00,768.68,0.62,0.34,0.26,1
622967.69,1279709.12,771.68,770.00,771.68,0.61,0.33,0.25,1
623060.00,1279709.12,772.68,771.00,772.68,0.61,0.33,0.25,1
623152.25,1279709.12,772.69,771.00,772.69,0.62,0.33,0.25,1
623244.56,1279709.12,777.69,776.00,777.69,0.61,0.33,0.25,1
623336.81,1279709.12,786.69,785.00,786.69,0.61,0.33,0.24,1
623429.12,1279709.12,801.69,800.00,801.69,0.60,0.32,0.24,1
623521.38,1279709.12,819.70,818.00,819.70,0.60,0.31,0.23,1
623613.69,1279709.12,831.70,830.00,831.70,0.60,0.32,0.24,1
623705.94,1279709.12,833.69,832.00,833.69,0.60,0.32,0.24,1
623798.19,1279709.12,833.69,832.00,833.69,0.60,0.32,0.24,1
623890.50,1279709.12,832.69,831.00,832.69,0.60,0.32,0.24,1
623982.75,1279709.12,835.69,834.00,835.69,0.60,0.32,0.24,1
624075.06,1279709.12,839.69,838.00,839.69,0.60,0.32,0.24,1
624167.31,1279709.12,841.68,840.00,841.68,0.60,0.32,0.24,1
624259.62,1279709.12,852.68,851.00,852.68,0.59,0.31,0.23,1
624351.88,1279709.12,866.67,865.00,866.67,0.61,0.33,0.25,1
624444.19,1279709.12,867.66,866.00,867.66,0.62,0.34,0.26,1
624536.44,1279709.12,865.64,864.00,865.64,0.62,0.34,0.26,1
624628.69,1279709.12,864.61,863.00,864.61,0.61,0.34,0.26,1
624721.00,1279709.12,864.57,863.00,864.57,0.62,0.34,0.26,1
624813.25,1279709.12,865.51,864.00,865.51,0.63,0.35,0.27,1
624905.56,1279709.12,863.44,862.00,863.44,0.63,0.36,0.28,1
624997.81,1279709.12,856.34,855.00,856.34,0.63,0.36,0.29,1
625090.12,1279709.12,849.24,848.00,849.24,0.62,0.36,0.28,1
625182.38,1279709.12,845.17,844.00,845.17,0.62,0.36,0.29,1
625274.69,1279709.12,836.12,835.00,836.12,0.63,0.37,0.29,1
625366.94,1279709.12,824.15,823.14,824.15,0.58,0.32,0.25,1
625459.19,1279709.12,-9999.00,-9999.00,-9999.00,0.71,0.71,0.71,0
614385.88,1279616.88,-9999.00,-9999.00,-9999.00,0.71,0.71,0.71,0
614478.12,1279616.88,785.22,784.00,785.22,0.33,0.07,-0.01,1
614570.44,1279616.88,789.28,788.00,789.28,0.62,0.36,0.28,1
614662.69,1279616.88,788.30,787.00,788.30,0.63,0.36,0.28,1
614755.00,1279616.88,788.30,787.00,788.30,0.63,0.36,0.29,1
614847.25,1279616.88,788.32,787.00,788.32,0.63,0.36,0.29,1
614939.56,1279616.88,790.36,789.00,790.36,0.63,0.36,0.28,1
615031.81,1279616.88,795.40,794.00,795.40,0.62,0.35,0.27,1
615124.12,1279616.88,803.44,802.00,803.44,0.63,0.35,0.28,1
615216.38,1279616.88,806.46,805.00,806.46,0.63,0.36,0.28,1
615308.62,1279616.88,805.48,804.00,805.48,0.64,0.36,0.29,1
615400.94,1279616.88,796.49,795.00,796.49,0.64,0.36,0.28,1
615493.19,1279616.88,785.49,784.00,785.49,0.63,0.36,0.28,1
615585.50,1279616.88,781.49,780.00,781.49,0.63,0.35,0.27,1
615677.75,1279616.88,783.49,782.00,783.49,0.62,0.34,0.27,1
615770.06,1279616.88,789.48,788.00,789.48,0.62,0.35,0.27,1
615862.31,1279616.88,796.47,795.00,796.47,0.62,0.35,0.27,1
615954.62,1279616.88,800.45,799.00,800.45,0.62,0.35,0.27,1
616046.88,1279616.88,802.44,801.00,802.44,0.62,0.35,0.27,1
616139.12,1279616.88,799.43,798.00,799.43,0.62,0.35,0.27,1
616231.44,1279616.88,792.43,791.00,792.43,0.63,0.35,0.28,1
616323.69,1279616.88,787.43,786.00,787.43,0.63,0.36,0.28,1
616416.00,1279616.88,792.43,791.00,792.43,0.63,0.36,0.28,1
616508.25,1279616.88,800.44,799.00,800.44,0.64,0.36,0.29,1
616600.56,1279616.88,799.44,798.00,799.44,0.65,0.37,0.30,1
616692.81,1279616.88,788.46,787.00,788.46,0.65,0.37,0.29,1
616785.12,1279616.88,781.47,780.00,781.47,0.64,0.37,0.29,1
616877.38,1279616.88,778.47,777.00,778.47,0.63,0.36,0.28,1
616969.62,1279616.88,779.47,778.00,779.47,0.62,0.35,0.27,1
617061.94,1279616.88,778.47,777.00,778.47,0.62,0.35,0.27,1
617154.19,1279616.88,779.47,778.00,779.47,0.61,0.34,0.26,1
617246.50,1279616.88,779.46,778.00,779.46,0.61,0.34,0.26,1
617338.75,1279616.88,780.45,779.00,780.45,0.62,0.34,0.27,1
617431.06,1279616.88,780.42,779.00,780.42,0.61,0.34,0.26,1
617523.31,1279616.88,786.38,785.00,786.38,0.60,0.33,0.25,1
617615.62,1279616.88,794.35,793.00,794.35,0.61,0.34,0.26,1
617707.88,1279616.88,780.34,779.00,780.34,0.63,0.36,0.28,1
617800.12,1279616.88,769.33,768.00,769.33,0.62,0.35,0.28,1
617892.44,1279616.88,768.32,767.00,768.32,0.62,0.35,0.27,1
617984.69,1279616.88,764.33,763.00,764.33,0.62,0.35,0.27,1
618077.00,1279616.88,777.33,776.00,777.33,0.62,0.35,0.27,1
618169.25,1279616.88,793.35,792.00,793.35,0.63,0.36,0.29,1
618261.56,1279616.88,797.38,796.00,797.38,0.65,0.38,0.30,1
618353.81,1279616.88,793.41,792.00,793.41,0.65,0.38,0.30,1
618446.12,1279616.88,776.47,775.00,776.47,0.65,0.38,0.30,1
618538.38,1279616.88,768.52,767.00,768.52,0.63,0.36,0.28,1
618630.62,1279616.88,781.56,780.00,781.56,0.62,0.34,0.26,1
618722.94,1279616.88,789.59,788.00,789.59,0.62,0.34,0.26,1
618815.19,1279616.88,783.61,782.00,783.61,0.62,0.34,0.26,1
618907.50,1279616.88,775.63,774.00,775.63,0.61,0.33,0.25,1
618999.75,1279616.88,767.64,766.00,767.64,0.62,0.34,0.26,1
619092.06,1279616.88,762.65,761.00,762.65,0.62,0.34,0.26,1
619184.31,1279616.88,760.66,759.00,760.66,0.62,0.34,0.26,1
619276.62,1279616.88,762.67,761.00,762.67,0.61,0.33,0.25,1
619368.88,1279616.88,774.67,773.00,774.67,0.62,0.34,0.26,1
619461.19,1279616.88,774.66,773.00,774.66,0.63,0.35,0.27,1
619553.44,1279616.88,758.67,757.00,758.67,0.63,0.35,0.27,1
619645.69,1279616.88,758.67,757.00,758.67,0.61,0.33,0.25,1
619738.00,1279616.88,769.67,768.00,769.67,0.61,0.32,0.24,1
619830.25,1279616.88,770.68,769.00,770.68,0.61,0.33,0.25,1
619922.56,1279616.88,763.68,762.00,763.68,0.62,0.34,0.26,1
620014.81,1279616.88,758.67,757.00,758.67,0.62,0.34,0.26,1
620107.12,1279616.88,760.67,759.00,760.67,0.62,0.34,0.26,1
620199.38,1279616.88,764.67,763.00,764.67,0.61,0.33,0.25,1
620291.69,1279616.88,768.67,767.00,768.67,0.60,0.32,0.24,1
620383.94,1279616.88,773.66,772.00,773.66,0.60,0.32,0.24,1
620476.19,1279616.88,780.65,779.00,780.65,0.60,0.32,0.24,1
620568.50,1279616.88,790.65,789.00,790.65,0.61,0.33,0.24,1
620660.75,1279616.88,793.65,792.00,793.65,0.62,0.34,0.26,1
620753.06,1279616.88,790.64,789.00,790.64,0.61,0.33,0.25,1
620845.31,1279616.88,795.64,794.00,795.64,0.61,0.33,0.25,1
620937.62,1279616.88,798.64,797.00,798.64,0.62,0.34,0.26,1
621029.88,1279616.88,803.64,802.00,803.64,0.61,0.33,0.25,1
621122.19,1279616.88,814.65,813.00,814.65,0.61,0.33,0.25,1
621214.44,1279616.88,814.64,813.00,814.64,0.62,0.34,0.26,1
621306.69,1279616.88,802.65,801.00,802.65,0.62,0.34,0.26,1
621399.00,1279616.88,798.65,797.00,798.65,0.62,0.34,0.26,1
621491.25,1279616.88,815.66,814.00,815.66,0.62,0.34,0.26,1
621583.56,1279616.88,819.66,818.00,819.66,0.63,0.35,0.27,1
621675.81,1279616.88,804.66,803.00,804.66,0.64,0.36,0.28,1
621768.12,1279616.88,785.66,784.00,785.66,0.64,0.36,0.27,1
621860.38,1279616.88,775.66,774.00,775.66,0.63,0.35,0.27,1
621952.69,1279616.88,776.66,775.00,776.66,0.62,0.34,0.26,1
622044.94,1279616.88,784.66,783.00,784.66,0.62,0.34,0.26,1
622137.19,1279616.88,788.66,787.00,788.66,0.63,0.35,0.27,1
622229.50,1279616.88,781.66,780.00,781.66,0.64,0.36,0.28,1
622321.75,1279616.88,774.66,773.00,774.66,0.63,0.35,0.27,1
622414.06,1279616.88,775.66,774.00,775.66,0.63,0.34,0.26,1
622506.31,1279616.88,773.67,772.00,773.67,0.63,0.35,0.27,1
622598.62,1279616.88,772.67,771.00,772.67,0.63,0.34,0.26,1
622690.88,1279616.88,778.67,777.00,778.67,0.63,0.35,0.26,1
622783.19,1279616.88,782.68,781.00,782.68,0.63,0.35,0.27,1
622875.44,1279616.88,776.68,775.00,776.68,0.63,0.35,0.27,1
622967.69,1279616.88,772.68,771.00,772.68,0.63,0.34,0.26,1
623060.00,1279616.88,770.68,769.00,770.68,0.62,0.34,0.26,1
623152.25,1279616.88,772.69,771.00,772.69,0.62,0.34,0.26,1
623244.56,1279616.88,775.69,774.00,775.69,0.61,0.33,0.25,1
623336.81,1279616.88,783.69,782.00,783.69,0.60,0.32,0.24,1
623429.12,1279616.88,793.69,792.00,793.69,0.60,0.32,0.23,1
623521.38,1279616.88,803.69,802.00,803.69,0.59,0.31,0.23,1
623613.69,1279616.88,808.69,807.00,808.69,0.59,0.31,0.23,1
623705.94,1279616.88,805.69,804.00,805.69,0.59,0.31,0.23,1
623798.19,1279616.88,809.69,808.00,809.69,0.59,0.31,0.23,1
623890.50,1279616.88,817.69,816.00,817.69,0.60,0.32,0.24,1
623982.75,1279616.88,822.69,821.00,822.69,0.60,0.32,0.24,1
624075.06,1279616.88,826.69,825.00,826.69,0.61,0.33,0.24,1
624167.31,1279616.88,829.68,828.00,829.68,0.61,0.33,0.25,1
624259.62,1279616.88,839.68,838.00,839.68,0.60,0.32,0.24,1
624351.88,1279616.88,858.67,857.00,858.67,0.60,0.32,0.24,1
624444.19,1279616.88,867.65,866.00,867.65,0.61,0.33,0.25,1
624536.44,1279616.88,864.63,863.00,864.63,0.62,0.34,0.26,1
624628.69,1279616.88,860.60,859.00,860.60,0.61,0.33,0.25,1
624721.00,1279616.88,862.56,861.00,862.56,0.61,0.33,0.25,1
624813.25,1279616.88,871.51,870.00,871.51,0.62,0.34,0.26,1
624905.56,1279616.88,867.43,866.00,867.43,0.63,0.36,0.28,1
624997.81,1279616.88,854.33,853.00,854.33,0.64,0.37,0.29,1
625090.12,1279616.88,843.23,842.00,843.23,0.64,0.37,0.30,1
625182.38,1279616.88,834.15,833.00,834.15,0.64,0.37,0.30,1
625274.69,1279616.88,824.11,823.00,824.11,0.63,0.37,0.30,1
625366.94,1279616.88,818.08,817.00,818.08,0.58,0.32,0.25,1
625459.19,1279616.88,-9999.00,-9999.00,-9999.00,0.71,0.71,0.71,0
614385.88,1279524.50,-9999.00,-9999.00,-9999.00,0.71,0.71,0.71,0
614478.12,1279524.50,786.16,785.00,786.16,0.32,0.06,-0.01,1
614570.44,1279524.50,788.21,787.00,788.21,0.63,0.36,0.29,1
614662.69,1279524.50,787.26,786.00,787.26,0.62,0.36,0.28,1
614755.00,1279524.50,794.29,793.00,794.29,0.62,0.36,0.28,1
614847.25,1279524.50,799.32,798.00,799.32,0.63,0.37,0.29,1
614939.56,1279524.50,798.36,797.00,798.36,0.63,0.36,0.28,1
615031.81,1279524.50,804.40,803.00,804.40,0.62,0.35,0.27,1
615124.12,1279524.50,814.44,813.00,814.44,0.62,0.35,0.27,1
615216.38,1279524.50,819.46,818.00,819.46,0.63,0.36,0.28,1
615308.62,1279524.50,814.47,813.00,814.47,0.64,0.36,0.28,1
615400.94,1279524.50,799.47,798.00,799.47,0.64,0.36,0.28,1
615493.19,1279524.50,787.47,786.00,787.47,0.63,0.36,0.28,1
615585.50,1279524.50,785.47,784.00,785.47,0.63,0.35,0.27,1
615677.75,1279524.50,786.46,785.00,786.46,0.62,0.35,0.27,1
615770.06,1279524.50,794.45,793.00,794.45,0.61,0.34,0.26,1
615862.31,1279524.50,804.43,803.00,804.43,0.62,0.35,0.27,1
615954.62,1279524.50,808.40,807.00,808.40,0.63,0.36,0.28,1
616046.88,1279524.50,809.39,808.00,809.39,0.64,0.37,0.29,1
616139.12,1279524.50,800.38,799.00,800.38,0.64,0.37,0.30,1
616231.44,1279524.50,793.38,792.00,793.38,0.63,0.36,0.28,1
616323.69,1279524.50,798.38,797.00,798.38,0.62,0.35,0.27,1
616416.00,1279524.50,807.38,806.00,807.38,0.62,0.35,0.27,1
616508.25,1279524.50,818.38,817.00,818.38,0.63,0.36,0.28,1
616600.56,1279524.50,817.39,816.00,817.39,0.64,0.37,0.30,1
616692.81,1279524.50,804.41,803.00,804.41,0.65,0.38,0.30,1
616785.12,1279524.50,797.42,796.00,797.42,0.65,0.38,0.30,1
616877.38,1279524.50,790.43,789.00,790.43,0.64,0.37,0.29,1
616969.62,1279524.50,785.43,784.00,785.43,0.64,0.36,0.29,1
617061.94,1279524.50,784.43,783.00,784.43,0.64,0.36,0.29,1
617154.19,1279524.50,776.43,775.00,776.43,0.63,0.35,0.28,1
617246.50,1279524.50,779.42,778.00,779.42,0.62,0.34,0.27,1
617338.75,1279524.50,788.40,787.00,788.40,0.63,0.36,0.28,1
617431.06,1279524.50,788.37,787.00,788.37,0.64,0.37,0.30,1
617523.31,1279524.50,779.32,778.00,779.32,0.64,0.37,0.29,1
617615.62,1279524.50,778.28,777.00,778.28,0.62,0.36,0.28,1
617707.88,1279524.50,775.25,774.00,775.25,0.64,0.37,0.30,1
617800.12,1279524.50,766.24,765.00,766.24,0.63,0.37,0.29,1
617892.44,1279524.50,764.24,763.00,764.24,0.62,0.36,0.28,1
617984.69,1279524.50,770.24,769.00,770.24,0.62,0.35,0.28,1
618077.00,1279524.50,794.24,793.00,794.24,0.61,0.35,0.27,1
618169.25,1279524.50,817.25,816.00,817.25,0.62,0.36,0.28,1
618261.56,1279524.50,819.28,818.00,819.28,0.64,0.37,0.30,1
618353.81,1279524.50,808.32,807.00,808.32,0.65,0.38,0.30,1
618446.12,1279524.50,792.39,791.00,792.39,0.65,0.38,0.31,1
618538.38,1279524.50,781.45,780.00,781.45,0.64,0.36,0.29,1
618630.62,1279524.50,791.51,790.00,791.51,0.62,0.35,0.27,1
618722.94,1279524.50,788.55,787.00,788.55,0.63,0.35,0.27,1
618815.19,1279524.50,774.58,773.00,774.58,0.63,0.35,0.27,1
618907.50,1279524.50,764.61,763.00,764.61,0.62,0.34,0.26,1
618999.75,1279524.50,764.64,763.00,764.64,0.63,0.35,0.27,1
619092.06,1279524.50,762.65,761.00,762.65,0.63,0.35,0.27,1
619184.31,1279524.50,761.65,760.00,761.65,0.62,0.34,0.26,1
619276.62,1279524.50,763.66,762.00,763.66,0.61,0.33,0.25,1
619368.88,1279524.50,777.66,776.00,777.66,0.61,0.33,0.25,1
619461.19,1279524.50,777.66,776.00,777.66,0.63,0.35,0.27,1
619553.44,1279524.50,765.66,764.00,765.66,0.64,0.36,0.28,1
619645.69,1279524.50,759.67,758.00,759.67,0.63,0.35,0.27,1
619738.00,1279524.50,759.67,758.00,759.67,0.61,0.33,0.25,1
619830.25,1279524.50,762.67,761.00,762.67,0.62,0.34,0.26,1
619922.56,1279524.50,761.67,760.00,761.67,0.63,0.34,0.26,1
620014.81,1279524.50,764.67,763.00,764.67,0.63,0.35,0.27,1
620107.12,1279524.50,762.67,761.00,762.67,0.63,0.35,0.27,1
620199.38,1279524.50,760.67,759.00,760.67,0.62,0.34,0.26,1
620291.69,1279524.50,761.66,760.00,761.66,0.61,0.33,0.25,1
620383.94,1279524.50,767.66,766.00,767.66,0.61,0.33,0.25,1
620476.19,1279524.50,773.65,772.00,773.65,0.61,0.33,0.25,1
620568.50,1279524.50,783.65,782.00,783.65,0.61,0.33,0.25,1
620660.75,1279524.50,786.65,785.00,786.65,0.61,0.33,0.25,1
620753.06,1279524.50,781.64,780.00,781.64,0.61,0.33,0.25,1
620845.31,1279524.50,788.64,787.00,788.64,0.61,0.33,0.25,1
620937.62,1279524.50,790.64,789.00,790.64,0.61,0.33,0.25,1
621029.88,1279524.50,801.64,800.00,801.64,0.60,0.32,0.24,1
621122.19,1279524.50,808.64,807.00,808.64,0.61,0.33,0.25,1
621214.44,1279524.50,801.64,800.00,801.64,0.61,0.33,0.25,1
621306.69,1279524.50,800.65,799.00,800.65,0.61,0.33,0.25,1
621399.00,1279524.50,806.65,805.00,806.65,0.61,0.33,0.25,1
621491.25,1279524.50,819.65,818.00,819.65,0.61,0.33,0.25,1
621583.56,1279524.50,820.65,819.00,820.65,0.62,0.34,0.26,1
621675.81,1279524.50,806.65,805.00,806.65,0.63,0.35,0.27,1
621768.12,1279524.50,786.65,785.00,786.65,0.64,0.35,0.27,1
621860.38,1279524.50,774.65,773.00,774.65,0.63,0.35,0.27,1
621952.69,1279524.50,779.65,778.00,779.65,0.62,0.34,0.26,1
622044.94,1279524.50,791.64,790.00,791.64,0.62,0.34,0.26,1
622137.19,1279524.50,796.64,795.00,796.64,0.63,0.35,0.27,1
622229.50,1279524.50,790.65,789.00,790.65,0.64,0.36,0.28,1
622321.75,1279524.50,778.65,777.00,778.65,0.63,0.35,0.27,1
622414.06,1279524.50,777.65,776.00,777.65,0.63,0.35,0.27,1
622506.31,1279524.50,778.65,777.00,778.65,0.63,0.35,0.27,1
622598.62,1279524.50,781.66,780.00,781.66,0.63,0.35,0.27,1
622690.88,1279524.50,789.66,788.00,789.66,0.63,0.35,0.27,1
622783.19,1279524.50,791.67,790.00,791.67,0.63,0.35,0.27,1
622875.44,1279524.50,784.68,783.00,784.68,0.63,0.35,0.27,1
622967.69,1279524.50,774.68,773.00,774.68,0.63,0.35,0.27,1
623060.00,1279524.50,772.68,771.00,772.68,0.62,0.34,0.26,1
623152.25,1279524.50,771.69,770.00,771.69,0.62,0.34,0.26,1
623244.56,1279524.50,773.69,772.00,773.69,0.62,0.34,0.25,1
623336.81,1279524.50,775.69,774.00,775.69,0.61,0.33,0.25,1
623429.12,1279524.50,779.69,778.00,779.69,0.61,0.33,0.25,1
623521.38,1279524.50,784.69,783.00,784.69,0.61,0.32,0.24,1
623613.69,1279524.50,785.69,784.00,785.69,0.61,0.32,0.24,1
623705.94,1279524.50,787.69,786.00,787.69,0.60,0.32,0.24,1
623798.19,1279524.50,797.69,796.00,797.69,0.60,0.31,0.23,1
623890.50,1279524.50,808.69,807.00,808.69,0.60,0.32,0.24,1
623982.75,1279524.50,812.69,811.00,812.69,0.61,0.33,0.24,1
624075.06,1279524.50,822.69,821.00,822.69,0.61,0.33,0.25,1
624167.31,1279524.50,835.68,834.00,835.68,0.62,0.34,0.26,1
624259.62,1279524.50,846.68,845.00,846.68,0.61,0.33,0.25,1
624351.88,1279524.50,859.67,858.00,859.67,0.61,0.33,0.25,1
624444.19,1279524.50,862.65,861.00,862.65,0.62,0.34,0.26,1
624536.44,1279524.50,854.63,853.00,854.63,0.62,0.34,0.26,1
624628.69,1279524.50,848.60,847.00,848.60,0.61,0.33,0.25,1
624721.00,1279524.50,851.56,850.00,851.56,0.60,0.33,0.25,1
624813.25,1279524.50,857.51,856.00,857.51,0.60,0.32,0.25,1
624905.56,1279524.50,856.43,855.00,856.43,0.61,0.34,0.26,1
624997.81,1279524.50,853.34,852.00,853.34,0.63,0.36,0.28,1
625090.12,1279524.50,851.23,850.00,851.23,0.64,0.38,0.30,1
625182.38,1279524.50,841.14,840.00,841.14,0.65,0.39,0.32,1
625274.69,1279524.50,824.10,823.00,824.10,0.64,0.38,0.31,1
625366.94,1279524.50,816.07,815.00,816.07,0.58,0.32,0.25,1
625459.19,1279524.50,-9999.00,-9999.00,-9999.00,0.71,0.71,0.71,0
614385.88,1279432.25,-9999.00,-9999.00,-9999.00,0.71,0.71,0.71,0
614478.12,1279432.25,798.10,797.00,798.10,0.32,0.06,-0.02,1
614570.44,1279432.25,793.14,792.00,793.14,0.64,0.38,0.31,1
614662.69,1279432.25,787.19,786.00,787.19,0.63,0.36,0.29,1
614755.00,1279432.25,798.26,797.00,798.26,0.61,0.35,0.27,1
614847.25,1279432.25,808.32,807.00,808.32,0.63,0.36,0.28,1
614939.56,1279432.25,807.37,806.00,807.37,0.63,0.36,0.28,1
615031.81,1279432.25,810.41,809.00,810.41,0.62,0.35,0.27,1
615124.12,1279432.25,817.43,816.00,817.43,0.62,0.35,0.27,1
615216.38,1279432.25,819.45,818.00,819.45,0.62,0.35,0.27,1
615308.62,1279432.25,810.46,809.00,810.46,0.63,0.36,0.28,1
615400.94,1279432.25,794.46,793.00,794.46,0.63,0.36,0.28,1
615493.19,1279432.25,786.46,785.00,786.46,0.62,0.35,0.27,1
615585.50,1279432.25,788.45,787.00,788.45,0.62,0.35,0.27,1
615677.75,1279432.25,791.44,790.00,791.44,0.63,0.36,0.28,1
615770.06,1279432.25,794.41,793.00,794.41,0.62,0.35,0.28,1
615862.31,1279432.25,801.38,800.00,801.38,0.61,0.34,0.26,1
615954.62,1279432.25,815.34,814.00,815.34,0.61,0.34,0.27,1
616046.88,1279432.25,824.32,823.00,824.32,0.64,0.37,0.29,1
616139.12,1279432.25,817.31,816.00,817.31,0.66,0.39,0.31,1
616231.44,1279432.25,801.31,800.00,801.31,0.65,0.38,0.30,1
616323.69,1279432.25,799.31,798.00,799.31,0.62,0.35,0.27,1
616416.00,1279432.25,810.31,809.00,810.31,0.60,0.34,0.26,1
616508.25,1279432.25,819.31,818.00,819.31,0.61,0.34,0.26,1
616600.56,1279432.25,821.32,820.00,821.32,0.62,0.35,0.28,1
616692.81,1279432.25,817.34,816.00,817.34,0.64,0.37,0.29,1
616785.12,1279432.25,813.37,812.00,813.37,0.64,0.37,0.29,1
616877.38,1279432.25,805.38,804.00,805.38,0.64,0.37,0.29,1
616969.62,1279432.25,798.39,797.00,798.39,0.64,0.36,0.29,1
617061.94,1279432.25,790.39,789.00,790.39,0.63,0.36,0.28,1
617154.19,1279432.25,780.38,779.00,780.38,0.63,0.36,0.29,1
617246.50,1279432.25,779.37,778.00,779.37,0.62,0.35,0.27,1
617338.75,1279432.25,795.35,794.00,795.35,0.61,0.34,0.27,1
617431.06,1279432.25,806.31,805.00,806.31,0.64,0.37,0.29,1
617523.31,1279432.25,798.25,797.00,798.25,0.66,0.39,0.32,1
617615.62,1279432.25,788.19,787.00,788.19,0.65,0.39,0.31,1
617707.88,1279432.25,788.15,787.00,788.15,0.65,0.39,0.31,1
617800.12,1279432.25,771.13,770.00,771.13,0.65,0.39,0.31,1
617892.44,1279432.25,767.12,766.00,767.12,0.62,0.36,0.29,1
617984.69,1279432.25,787.12,786.00,787.12,0.60,0.34,0.27,1
618077.00,1279432.25,813.12,812.00,813.12,0.61,0.35,0.27,1
618169.25,1279432.25,821.13,820.00,821.13,0.62,0.36,0.28,1
618261.56,1279432.25,813.16,812.00,813.16,0.62,0.35,0.28,1
618353.81,1279432.25,807.21,806.00,807.21,0.63,0.36,0.29,1
618446.12,1279432.25,806.28,805.00,806.28,0.65,0.38,0.30,1
618538.38,1279432.25,794.37,793.00,794.37,0.65,0.38,0.30,1
618630.62,1279432.25,790.44,789.00,790.44,0.64,0.36,0.28,1
618722.94,1279432.25,779.50,778.00,779.50,0.63,0.35,0.27,1
618815.19,1279432.25,769.55,768.00,769.55,0.62,0.35,0.27,1
618907.50,1279432.25,767.59,766.00,767.59,0.62,0.34,0.26,1
618999.75,1279432.25,778.62,777.00,778.62,0.63,0.35,0.27,1
619092.06,1279432.25,768.64,767.00,768.64,0.63,0.35,0.27,1
619184.31,1279432.25,763.65,762.00,763.65,0.63,0.35,0.27,1
619276.62,1279432.25,768.65,767.00,768.65,0.62,0.34,0.26,1
619368.88,1279432.25,778.65,777.00,778.65,0.61,0.33,0.25,1
619461.19,1279432.25,785.66,784.00,785.66,0.62,0.34,0.26,1
619553.44,1279432.25,785.65,784.00,785.65,0.64,0.36,0.28,1
619645.69,1279432.25,768.66,767.00,768.66,0.64,0.36,0.28,1
619738.00,1279432.25,759.66,758.00,759.66,0.62,0.34,0.26,1
619830.25,1279432.25,770.67,769.00,770.67,0.62,0.34,0.26,1
619922.56,1279432.25,774.67,773.00,774.67,0.63,0.35,0.27,1
620014.81,1279432.25,776.67,775.00,776.67,0.63,0.35,0.27,1
620107.12,1279432.25,770.67,769.00,770.67,0.63,0.35,0.27,1
620199.38,1279432.25,765.67,764.00,765.67,0.63,0.35,0.27,1
620291.69,1279432.25,763.66,762.00,763.66,0.62,0.34,0.26,1
620383.94,1279432.25,766.66,765.00,766.66,0.61,0.33,0.25,1
620476.19,1279432.25,777.65,776.00,777.65,0.62,0.34,0.26,1
620568.50,1279432.25,781.65,780.00,781.65,0.62,0.34,0.26,1
620660.75,1279432.25,777.64,776.00,777.64,0.62,0.34,0.26,1
620753.06,1279432.25,778.64,777.00,778.64,0.61,0.33,0.25,1
620845.31,1279432.25,787.64,786.00,787.64,0.61,0.33,0.25,1
620937.62,1279432.25,783.64,782.00,783.64,0.62,0.34,0.26,1
621029.88,1279432.25,784.64,783.00,784.64,0.60,0.32,0.24,1
621122.19,1279432.25,790.64,789.00,790.64,0.60,0.32,0.24,1
621214.44,1279432.25,790.64,789.00,790.64,0.61,0.33,0.25,1
621306.69,1279432.25,796.64,795.00,796.64,0.61,0.33,0.25,1
621399.00,1279432.25,808.64,807.00,808.64,0.62,0.34,0.26,1
621491.25,1279432.25,815.64,814.00,815.64,0.62,0.34,0.26,1
621583.56,1279432.25,811.64,810.00,811.64,0.62,0.34,0.26,1
621675.81,1279432.25,800.64,799.00,800.64,0.63,0.35,0.27,1
621768.12,1279432.25,784.63,783.00,784.63,0.63,0.35,0.27,1
621860.38,1279432.25,779.63,778.00,779.63,0.62,0.34,0.26,1
621952.69,1279432.25,787.63,786.00,787.63,0.62,0.34,0.26,1
622044.94,1279432.25,797.63,796.00,797.63,0.62,0.34,0.26,1
622137.19,1279432.25,802.63,801.00,802.63,0.63,0.35,0.27,1
622229.50,1279432.25,796.63,795.00,796.63,0.64,0.36,0.28,1
622321.75,1279432.25,782.63,781.00,782.63,0.63,0.35,0.27,1
622414.06,1279432.25,785.63,784.00,785.63,0.63,0.35,0.27,1
622506.31,1279432.25,793.64,792.00,793.64,0.63,0.35,0.27,1
622598.62,1279432.25,799.64,798.00,799.64,0.63,0.35,0.27,1
622690.88,1279432.25,800.65,799.00,800.65,0.63,0.35,0.27,1
622783.19,1279432.25,795.66,794.00,795.66,0.63,0.35,0.27,1
622875.44,1279432.25,784.67,783.00,784.67,0.63,0.35,0.27,1
622967.69,1279432.25,775.68,774.00,775.68,0.63,0.35,0.27,1
623060.00,1279432.25,773.68,772.00,773.68,0.62,0.34,0.26,1
623152.25,1279432.25,772.68,771.00,772.68,0.62,0.34,0.26,1
623244.56,1279432.25,772.69,771.00,772.69,0.62,0.34,0.26,1
623336.81,1279432.25,773.69,772.00,773.69,0.62,0.34,0.26,1
623429.12,1279432.25,778.69,777.00,778.69,0.62,0.33,0.25,1
623521.38,1279432.25,782.69,781.00,782.69,0.62,0.34,0.26,1
623613.69,1279432.25,786.69,785.00,786.69,0.62,0.34,0.26,1
623705.94,1279432.25,788.69,787.00,788.69,0.63,0.35,0.27,1
623798.19,1279432.25,787.69,786.00,787.69,0.62,0.34,0.26,1
623890.50,1279432.25,797.69,796.00,797.69,0.61,0.33,0.25,1
623982.75,1279432.25,811.69,810.00,811.69,0.61,0.32,0.24,1
624075.06,1279432.25,833.68,832.00,833.68,0.61,0.32,0.24,1
624167.31,1279432.25,852.68,851.00,852.68,0.62,0.33,0.25,1
624259.62,1279432.25,854.67,853.00,854.67,0.62,0.34,0.26,1
624351.88,1279432.25,856.66,855.00,856.66,0.61,0.33,0.25,1
624444.19,1279432.25,861.65,860.00,861.65,0.62,0.34,0.26,1
624536.44,1279432.25,852.63,851.00,852.63,0.63,0.35,0.27,1
624628.69,1279432.25,842.60,841.00,842.60,0.63,0.35,0.27,1
624721.00,1279432.25,839.56,838.00,839.56,0.62,0.34,0.27,1
624813.25,1279432.25,839.51,838.00,839.51,0.61,0.33,0.25,1
624905.56,1279432.25,845.43,844.00,845.43,0.60,0.33,0.25,1
624997.81,1279432.25,852.34,851.00,852.34,0.61,0.34,0.27,1
625090.12,1279432.25,854.23,853.00,854.23,0.63,0.37,0.29,1
625182.38,1279432.25,844.14,843.00,844.14,0.65,0.39,0.31,1
625274.69,1279432.25,823.09,822.00,823.09,0.65,0.39,0.31,1
625366.94,1279432.25,813.06,812.00,813.06,0.58,0.32,0.25,1
625459.19,1279432.25,-9999.00,-9999.00,-9999.00,0.71,0.71,0.71,0
614385.88,1279340.00,-9999.00,-9999.00,-9999.00,0.71,0.71,0.71,0
614478.12,1279340.00,815.07,814.00,815.07,0.31,0.05,-0.02,1
614570.44,1279340.00,802.10,801.00,802.10,0.65,0.40,0.32,1
614662.69,1279340.00,791.14,790.00,791.14,0.64,0.37,0.30,1
614755.00,1279340.00,799.22,798.00,799.22,0.62,0.35,0.28,1
614847.25,1279340.00,810.30,809.00,810.30,0.62,0.35,0.27,1
614939.56,1279340.00,812.36,811.00,812.36,0.62,0.35,0.28,1
615031.81,1279340.00,813.40,812.00,813.40,0.62,0.35,0.27,1
615124.12,1279340.00,818.43,817.00,818.43,0.62,0.35,0.27,1
615216.38,1279340.00,816.44,815.00,816.44,0.63,0.35,0.28,1
615308.62,1279340.00,803.44,802.00,803.44,0.63,0.36,0.28,1
615400.94,1279340.00,789.44,788.00,789.44,0.63,0.36,0.28,1
615493.19,1279340.00,783.44,782.00,783.44,0.62,0.35,0.27,1
615585.50,1279340.00,791.43,790.00,791.43,0.61,0.34,0.26,1
615677.75,1279340.00,803.40,802.00,803.40,0.62,0.35,0.27,1
615770.06,1279340.00,806.37,805.00,806.37,0.63,0.36,0.29,1
615862.31,1279340.00,805.32,804.00,805.32,0.62,0.36,0.28,1
615954.62,1279340.00,816.27,815.00,816.27,0.61,0.34,0.27,1
616046.88,1279340.00,831.24,830.00,831.24,0.62,0.35,0.28,1
616139.12,1279340.00,834.23,833.00,834.23,0.65,0.38,0.31,1
616231.44,1279340.00,815.22,814.00,815.22,0.66,0.39,0.32,1
616323.69,1279340.00,796.22,795.00,796.22,0.64,0.37,0.30,1
616416.00,1279340.00,796.22,795.00,796.22,0.61,0.34,0.27,1
616508.25,1279340.00,803.23,802.00,803.23,0.60,0.33,0.26,1
616600.56,1279340.00,812.24,811.00,812.24,0.61,0.34,0.27,1
616692.81,1279340.00,817.27,816.00,817.27,0.62,0.36,0.28,1
616785.12,1279340.00,815.30,814.00,815.30,0.63,0.36,0.29,1
616877.38,1279340.00,804.32,803.00,804.32,0.63,0.36,0.29,1
616969.62,1279340.00,790.33,789.00,790.33,0.63,0.36,0.29,1
617061.94,1279340.00,781.33,780.00,781.33,0.62,0.36,0.28,1
617154.19,1279340.00,782.33,781.00,782.33,0.62,0.35,0.28,1
617246.50,1279340.00,789.32,788.00,789.32,0.62,0.35,0.28,1
617338.75,1279340.00,801.29,800.00,801.29,0.61,0.34,0.27,1
617431.06,1279340.00,816.25,815.00,816.25,0.62,0.35,0.28,1
617523.31,1279340.00,821.18,820.00,821.18,0.65,0.39,0.31,1
617615.62,1279340.00,809.10,808.00,809.10,0.66,0.40,0.33,1
617707.88,1279340.00,791.05,790.00,791.05,0.66,0.40,0.33,1
617800.12,1279340.00,774.02,773.00,774.02,0.65,0.40,0.32,1
617892.44,1279340.00,770.00,769.00,770.00,0.63,0.38,0.30,1
617984.69,1279340.00,784.00,783.00,784.00,0.60,0.34,0.27,1
618077.00,1279340.00,800.00,799.00,800.00,0.59,0.33,0.26,1
618169.25,1279340.00,803.02,802.00,803.02,0.60,0.35,0.27,1
618261.56,1279340.00,793.05,792.00,793.05,0.60,0.35,0.28,1
618353.81,1279340.00,800.10,799.00,800.10,0.61,0.35,0.27,1
618446.12,1279340.00,813.17,812.00,813.17,0.63,0.36,0.29,1
618538.38,1279340.00,811.27,810.00,811.27,0.65,0.38,0.31,1
618630.62,1279340.00,798.36,797.00,798.36,0.65,0.38,0.30,1
618722.94,1279340.00,777.45,776.00,777.45,0.64,0.37,0.29,1
618815.19,1279340.00,766.51,765.00,766.51,0.63,0.35,0.27,1
618907.50,1279340.00,774.56,773.00,774.56,0.62,0.34,0.26,1
618999.75,1279340.00,784.59,783.00,784.59,0.63,0.35,0.27,1
619092.06,1279340.00,770.62,769.00,770.62,0.63,0.35,0.27,1
619184.31,1279340.00,770.63,769.00,770.63,0.63,0.35,0.27,1
619276.62,1279340.00,776.64,775.00,776.64,0.63,0.35,0.27,1
619368.88,1279340.00,781.64,780.00,781.64,0.62,0.34,0.26,1
619461.19,1279340.00,791.65,790.00,791.65,0.62,0.34,0.26,1
619553.44,1279340.00,793.65,792.00,793.65,0.63,0.35,0.27,1
619645.69,1279340.00,774.65,773.00,774.65,0.64,0.36,0.28,1
619738.00,1279340.00,760.66,759.00,760.66,0.62,0.34,0.26,1
619830.25,1279340.00,774.66,773.00,774.66,0.61,0.33,0.25,1
619922.56,1279340.00,783.66,782.00,783.66,0.62,0.34,0.26,1
620014.81,1279340.00,784.66,783.00,784.66,0.63,0.35,0.27,1
620107.12,1279340.00,775.66,774.00,775.66,0.63,0.35,0.27,1
620199.38,1279340.00,768.66,767.00,768.66,0.63,0.35,0.27,1
620291.69,1279340.00,765.66,764.00,765.66,0.63,0.35,0.27,1
620383.94,1279340.00,767.66,766.00,767.66,0.61,0.33,0.25,1
620476.19,1279340.00,781.65,780.00,781.65,0.61,0.33,0.25,1
620568.50,1279340.00,785.65,784.00,785.65,0.63,0.35,0.27,1
620660.75,1279340.00,776.64,775.00,776.64,0.63,0.35,0.27,1
620753.06,1279340.00,774.64,773.00,774.64,0.61,0.33,0.25,1
620845.31,1279340.00,781.64,780.00,781.64,0.61,0.33,0.25,1
620937.62,1279340.00,778.64,777.00,778.64,0.62,0.34,0.26,1
621029.88,1279340.00,773.64,772.00,773.64,0.61,0.33,0.25,1
621122.19,1279340.00,778.64,777.00,778.64,0.61,0.33,0.25,1
621214.44,1279340.00,787.64,786.00,787.64,0.60,0.32,0.24,1
621306.69,1279340.00,806.64,805.00,806.64,0.61,0.33,0.25,1
621399.00,1279340.00,824.64,823.00,824.64,0.63,0.35,0.27,1
621491.25,1279340.00,819.63,818.00,819.63,0.64,0.36,0.28,1
621583.56,1279340.00,806.63,805.00,806.63,0.63,0.35,0.27,1
621675.81,1279340.00,792.62,791.00,792.62,0.63,0.35,0.27,1
621768.12,1279340.00,782.62,781.00,782.62,0.63,0.35,0.27,1
621860.38,1279340.00,778.61,777.00,778.61,0.62,0.34,0.26,1
621952.69,1279340.00,791.61,790.00,791.61,0.61,0.33,0.25,1
622044.94,1279340.00,806.60,805.00,806.60,0.62,0.34,0.26,1
622137.19,1279340.00,810.60,809.00,810.60,0.63,0.35,0.27,1
622229.50,1279340.00,799.60,798.00,799.60,0.64,0.36,0.28,1
622321.75,1279340.00,787.61,786.00,787.61,0.63,0.35,0.27,1
622414.06,1279340.00,799.61,798.00,799.61,0.62,0.34,0.26,1
622506.31,1279340.00,810.62,809.00,810.62,0.62,0.35,0.27,1
622598.62,1279340.00,814.63,813.00,814.63,0.63,0.35,0.27,1
622690.88,1279340.00,810.64,809.00,810.64,0.63,0.35,0.27,1
622783.19,1279340.00,796.65,795.00,796.65,0.63,0.35,0.27,1
622875.44,1279340.00,782.66,781.00,782.66,0.63,0.35,0.27,1
622967.69,1279340.00,776.67,775.00,776.67,0.63,0.35,0.27,1
623060.00,1279340.00,775.67,774.00,775.67,0.63,0.34,0.26,1
623152.25,1279340.00,775.68,774.00,775.68,0.63,0.34,0.26,1
623244.56,1279340.00,774.68,773.00,774.68,0.62,0.34,0.26,1
623336.81,1279340.00,776.68,775.00,776.68,0.62,0.34,0.26,1
623429.12,1279340.00,780.68,779.00,780.68,0.61,0.33,0.25,1
623521.38,1279340.00,787.68,786.00,787.68,0.61,0.33,0.25,1
623613.69,1279340.00,799.68,798.00,799.68,0.62,0.34,0.26,1
623705.94,1279340.00,805.68,804.00,805.68,0.63,0.35,0.27,1
623798.19,1279340.00,802.68,801.00,802.68,0.63,0.35,0.27,1
623890.50,1279340.00,809.68,808.00,809.68,0.62,0.34,0.26,1
623982.75,1279340.00,824.68,823.00,824.68,0.61,0.33,0.25,1
624075.06,1279340.00,841.68,840.00,841.68,0.61,0.33,0.25,1
624167.31,1279340.00,848.67,847.00,848.67,0.61,0.33,0.25,1
624259.62,1279340.00,844.67,843.00,844.67,0.61,0.33,0.25,1
624351.88,1279340.00,851.66,850.00,851.66,0.61,0.33,0.25,1
624444.19,1279340.00,858.64,857.00,858.64,0.62,0.34,0.26,1
624536.44,1279340.00,852.62,851.00,852.62,0.63,0.35,0.27,1
624628.69,1279340.00,849.60,848.00,849.60,0.63,0.35,0.27,1
624721.00,1279340.00,848.56,847.00,848.56,0.64,0.36,0.28,1
624813.25,1279340.00,838.51,837.00,838.51,0.63,0.36,0.28,1
624905.56,1279340.00,834.44,833.00,834.44,0.61,0.34,0.26,1
624997.81,1279340.00,842.35,841.00,842.35,0.60,0.33,0.25,1
625090.12,1279340.00,849.24,848.00,849.24,0.61,0.34,0.27,1
625182.38,1279340.00,844.14,843.00,844.14,0.63,0.37,0.30,1
625274.69,1279340.00,824.08,823.00,824.08,0.65,0.39,0.31,1
625366.94,1279340.00,812.06,811.00,812.06,0.58,0.32,0.25,1
625459.19,1279340.00,-9999.00,-9999.00,-9999.00,0.71,0.71,0.71,0
614385.88,1279247.75,-9999.00,-9999.00,-9999.00,0.71,0.71,0.71,0
614478.12,1279247.75,828.07,827.00,828.07,0.31,0.05,-0.02,1
614570.44,1279247.75,810.10,809.00,810.10,0.65,0.39,0.32,1
614662.69,1279247.75,796.13,795.00,796.13,0.64,0.38,0.30,1
614755.00,1279247.75,804.20,803.00,804.20,0.62,0.36,0.28,1
614847.25,1279247.75,809.29,808.00,809.29,0.62,0.35,0.28,1
614939.56,1279247.75,809.35,808.00,809.35,0.61,0.34,0.27,1
615031.81,1279247.75,813.40,812.00,813.40,0.61,0.34,0.26,1
615124.12,1279247.75,818.42,817.00,818.42,0.62,0.35,0.27,1
615216.38,1279247.75,813.43,812.00,813.43,0.63,0.36,0.28,1
615308.62,1279247.75,799.43,798.00,799.43,0.63,0.36,0.28,1
615400.94,1279247.75,786.43,785.00,786.43,0.63,0.36,0.28,1
615493.19,1279247.75,780.42,779.00,780.42,0.62,0.35,0.27,1
615585.50,1279247.75,791.40,790.00,791.40,0.60,0.33,0.26,1
615677.75,1279247.75,805.37,804.00,805.37,0.61,0.34,0.26,1
615770.06,1279247.75,811.31,810.00,811.31,0.62,0.35,0.27,1
615862.31,1279247.75,810.25,809.00,810.25,0.62,0.35,0.28,1
615954.62,1279247.75,817.19,816.00,817.19,0.60,0.34,0.27,1
616046.88,1279247.75,830.15,829.00,830.15,0.60,0.34,0.27,1
616139.12,1279247.75,833.13,832.00,833.13,0.62,0.36,0.29,1
616231.44,1279247.75,819.12,818.00,819.12,0.65,0.39,0.31,1
616323.69,1279247.75,797.12,796.00,797.12,0.65,0.39,0.31,1
616416.00,1279247.75,790.12,789.00,790.12,0.62,0.36,0.29,1
616508.25,1279247.75,795.13,794.00,795.13,0.61,0.35,0.27,1
616600.56,1279247.75,806.15,805.00,806.15,0.61,0.35,0.27,1
616692.81,1279247.75,814.18,813.00,814.18,0.62,0.36,0.28,1
616785.12,1279247.75,810.23,809.00,810.23,0.63,0.37,0.29,1
616877.38,1279247.75,796.26,795.00,796.26,0.63,0.37,0.29,1
616969.62,1279247.75,791.28,790.00,791.28,0.64,0.37,0.30,1
617061.94,1279247.75,782.28,781.00,782.28,0.63,0.37,0.29,1
617154.19,1279247.75,783.28,782.00,783.28,0.62,0.35,0.28,1
617246.50,1279247.75,794.27,793.00,794.27,0.62,0.35,0.27,1
617338.75,1279247.75,804.24,803.00,804.24,0.61,0.35,0.27,1
617431.06,1279247.75,816.20,815.00,816.20,0.61,0.35,0.28,1
617523.31,1279247.75,826.12,825.00,826.12,0.64,0.38,0.30,1
617615.62,1279247.75,817.04,816.00,817.04,0.67,0.41,0.34,1
617707.88,1279247.75,796.97,796.00,796.97,0.68,0.42,0.35,1
617800.12,1279247.75,783.93,783.00,783.93,0.67,0.42,0.35,1
617892.44,1279247.75,780.92,780.00,780.92,0.66,0.41,0.33,1
617984.69,1279247.75,777.91,777.00,777.91,0.63,0.38,0.31,1
618077.00,1279247.75,778.91,778.00,778.91,0.60,0.36,0.28,1
618169.25,1279247.75,781.92,781.00,781.92,0.61,0.36,0.28,1
618261.56,1279247.75,779.95,779.00,779.95,0.61,0.36,0.29,1
618353.81,1279247.75,797.00,796.00,797.00,0.60,0.35,0.27,1
618446.12,1279247.75,816.08,815.00,816.08,0.61,0.35,0.28,1
618538.38,1279247.75,821.19,820.00,821.19,0.63,0.37,0.30,1
618630.62,1279247.75,805.30,804.00,805.30,0.64,0.38,0.30,1
618722.94,1279247.75,778.40,777.00,778.40,0.64,0.37,0.29,1
618815.19,1279247.75,770.47,769.00,770.47,0.63,0.35,0.27,1
618907.50,1279247.75,786.53,785.00,786.53,0.62,0.34,0.27,1
618999.75,1279247.75,790.57,789.00,790.57,0.64,0.36,0.28,1
619092.06,1279247.75,772.60,771.00,772.60,0.63,0.35,0.27,1
619184.31,1279247.75,779.61,778.00,779.61,0.62,0.34,0.26,1
619276.62,1279247.75,793.62,792.00,793.62,0.63,0.35,0.27,1
619368.88,1279247.75,792.63,791.00,792.63,0.63,0.35,0.27,1
619461.19,1279247.75,788.64,787.00,788.64,0.62,0.34,0.26,1
619553.44,1279247.75,787.64,786.00,787.64,0.62,0.34,0.26,1
619645.69,1279247.75,772.65,771.00,772.65,0.63,0.35,0.27,1
619738.00,1279247.75,763.65,762.00,763.65,0.62,0.34,0.26,1
619830.25,1279247.75,777.65,776.00,777.65,0.61,0.33,0.25,1
619922.56,1279247.75,792.66,791.00,792.66,0.62,0.34,0.26,1
620014.81,1279247.75,788.66,787.00,788.66,0.63,0.35,0.27,1
620107.12,1279247.75,778.66,777.00,778.66,0.63,0.35,0.27,1
620199.38,1279247.75,773.66,772.00,773.66,0.63,0.35,0.27,1
620291.69,1279247.75,773.66,772.00,773.66,0.63,0.35,0.27,1
620383.94,1279247.75,768.65,767.00,768.65,0.62,0.34,0.26,1
620476.19,1279247.75,776.65,775.00,776.65,0.60,0.32,0.24,1
620568.50,1279247.75,791.65,790.00,791.65,0.62,0.34,0.26,1
620660.75,1279247.75,781.65,780.00,781.65,0.63,0.35,0.27,1
620753.06,1279247.75,768.64,767.00,768.64,0.62,0.34,0.26,1
620845.31,1279247.75,772.64,771.00,772.64,0.61,0.33,0.25,1
620937.62,1279247.75,772.64,771.00,772.64,0.61,0.33,0.25,1
621029.88,1279247.75,773.64,772.00,773.64,0.62,0.34,0.26,1
621122.19,1279247.75,780.64,779.00,780.64,0.61,0.33,0.25,1
621214.44,1279247.75,791.64,790.00,791.64,0.60,0.32,0.24,1
621306.69,1279247.75,815.64,814.00,815.64,0.60,0.32,0.24,1
621399.00,1279247.75,831.63,830.00,831.63,0.62,0.34,0.26,1
621491.25,1279247.75,826.63,825.00,826.63,0.64,0.36,0.28,1
621583.56,1279247.75,806.62,805.00,806.62,0.64,0.36,0.28,1
621675.81,1279247.75,791.60,790.00,791.60,0.63,0.35,0.27,1
621768.12,1279247.75,785.59,784.00,785.59,0.64,0.36,0.28,1
621860.38,1279247.75,783.58,782.00,783.58,0.63,0.35,0.27,1
621952.69,1279247.75,790.58,789.00,790.58,0.61,0.33,0.25,1
622044.94,1279247.75,808.57,807.00,808.57,0.61,0.33,0.25,1
622137.19,1279247.75,814.57,813.00,814.57,0.63,0.35,0.27,1
622229.50,1279247.75,805.57,804.00,805.57,0.64,0.36,0.28,1
622321.75,1279247.75,799.58,798.00,799.58,0.63,0.35,0.27,1
622414.06,1279247.75,810.58,809.00,810.58,0.62,0.34,0.26,1
622506.31,1279247.75,818.59,817.00,818.59,0.62,0.34,0.26,1
622598.62,1279247.75,817.60,816.00,817.60,0.62,0.34,0.27,1
622690.88,1279247.75,806.61,805.00,806.61,0.63,0.35,0.27,1
622783.19,1279247.75,792.63,791.00,792.63,0.63,0.35,0.27,1
622875.44,1279247.75,786.64,785.00,786.64,0.63,0.35,0.27,1
622967.69,1279247.75,783.66,782.00,783.66,0.63,0.35,0.27,1
623060.00,1279247.75,781.66,780.00,781.66,0.63,0.35,0.27,1
623152.25,1279247.75,782.67,781.00,782.67,0.63,0.35,0.27,1
623244.56,1279247.75,780.67,779.00,780.67,0.63,0.35,0.27,1
623336.81,1279247.75,779.68,778.00,779.68,0.63,0.35,0.27,1
623429.12,1279247.75,777.68,776.00,777.68,0.62,0.34,0.26,1
623521.38,1279247.75,783.68,782.00,783.68,0.60,0.32,0.24,1
623613.69,1279247.75,801.68,800.00,801.68,0.60,0.32,0.24,1
623705.94,1279247.75,810.68,809.00,810.68,0.62,0.33,0.25,1
623798.19,1279247.75,809.68,808.00,809.68,0.62,0.34,0.26,1
623890.50,1279247.75,816.68,815.00,816.68,0.62,0.33,0.25,1
623982.75,1279247.75,824.68,823.00,824.68,0.61,0.33,0.25,1
624075.06,1279247.75,834.67,833.00,834.67,0.61,0.32,0.24,1
624167.31,1279247.75,837.67,836.00,837.67,0.61,0.32,0.24,1
624259.62,1279247.75,838.67,837.00,838.67,0.61,0.33,0.25,1
624351.88,1279247.75,850.66,849.00,850.66,0.61,0.33,0.25,1
624444.19,1279247.75,854.64,853.00,854.64,0.61,0.33,0.25,1
624536.44,1279247.75,852.62,851.00,852.62,0.62,0.34,0.26,1
624628.69,1279247.75,859.59,858.00,859.59,0.62,0.34,0.26,1
624721.00,1279247.75,860.56,859.00,860.56,0.63,0.36,0.28,1
624813.25,1279247.75,846.51,845.00,846.51,0.64,0.37,0.29,1
624905.56,1279247.75,833.45,832.00,833.45,0.64,0.36,0.29,1
624997.81,1279247.75,831.36,830.00,831.36,0.62,0.35,0.27,1
625090.12,1279247.75,832.26,831.00,832.26,0.61,0.35,0.27,1
625182.38,1279247.75,827.16,826.00,827.16,0.63,0.37,0.29,1
625274.69,1279247.75,820.10,819.00,820.10,0.65,0.39,0.31,1
625366.94,1279247.75,818.07,817.00,818.07,0.58,0.32,0.25,1
625459.19,1279247.75,-9999.00,-9999.00,-9999.00,0.71,0.71,0.71,0
614385.88,1279155.38,-9999.00,-9999.00,-9999.00,0.71,0.71,0.71,0
614478.12,1279155.38,821.06,820.00,821.06,0.31,0.05,-0.02,1
614570.44,1279155.38,807.10,806.00,807.10,0.64,0.38,0.30,1
614662.69,1279155.38,797.12,796.00,797.12,0.63,0.37,0.30,1
614755.00,1279155.38,804.18,803.00,804.18,0.62,0.36,0.29,1
614847.25,1279155.38,806.27,805.00,806.27,0.63,0.36,0.29,1
614939.56,1279155.38,801.34,800.00,801.34,0.62,0.35,0.28,1
615031.81,1279155.38,806.38,805.00,806.38,0.61,0.33,0.26,1
615124.12,1279155.38,818.41,817.00,818.41,0.61,0.34,0.26,1
615216.38,1279155.38,815.41,814.00,815.41,0.63,0.36,0.28,1
615308.62,1279155.38,797.42,796.00,797.42,0.64,0.36,0.29,1
615400.94,1279155.38,782.41,781.00,782.41,0.63,0.36,0.28,1
615493.19,1279155.38,778.40,777.00,778.40,0.62,0.35,0.27,1
615585.50,1279155.38,787.37,786.00,787.37,0.61,0.34,0.26,1
615677.75,1279155.38,798.32,797.00,798.32,0.61,0.34,0.26,1
615770.06,1279155.38,800.25,799.00,800.25,0.61,0.35,0.27,1
615862.31,1279155.38,797.17,796.00,797.17,0.61,0.34,0.27,1
615954.62,1279155.38,804.10,803.00,804.10,0.59,0.34,0.26,1
616046.88,1279155.38,816.05,815.00,816.05,0.59,0.34,0.26,1
616139.12,1279155.38,818.03,817.00,818.03,0.61,0.35,0.28,1
616231.44,1279155.38,814.01,813.00,814.01,0.64,0.38,0.31,1
616323.69,1279155.38,798.01,797.00,798.01,0.65,0.39,0.32,1
616416.00,1279155.38,790.01,789.00,790.01,0.64,0.38,0.31,1
616508.25,1279155.38,793.02,792.00,793.02,0.62,0.36,0.29,1
616600.56,1279155.38,804.05,803.00,804.05,0.61,0.36,0.28,1
616692.81,1279155.38,811.10,810.00,811.10,0.62,0.36,0.28,1
616785.12,1279155.38,810.16,809.00,810.16,0.63,0.37,0.29,1
616877.38,1279155.38,801.20,800.00,801.20,0.64,0.37,0.30,1
616969.62,1279155.38,798.23,797.00,798.23,0.63,0.37,0.29,1
617061.94,1279155.38,787.23,786.00,787.23,0.64,0.37,0.30,1
617154.19,1279155.38,788.24,787.00,788.24,0.62,0.36,0.28,1
617246.50,1279155.38,799.23,798.00,799.23,0.62,0.35,0.28,1
617338.75,1279155.38,806.20,805.00,806.20,0.61,0.34,0.27,1
617431.06,1279155.38,821.16,820.00,821.16,0.60,0.34,0.26,1
617523.31,1279155.38,836.08,835.00,836.08,0.61,0.35,0.28,1
617615.62,1279155.38,839.99,839.00,839.99,0.65,0.40,0.32,1
617707.88,1279155.38,830.92,830.00,830.92,0.68,0.43,0.36,1
617800.12,1279155.38,816.87,816.00,816.87,0.68,0.44,0.37,1
617892.44,1279155.38,800.85,800.00,800.85,0.68,0.43,0.36,1
617984.69,1279155.38,782.85,782.00,782.85,0.66,0.42,0.35,1
618077.00,1279155.38,772.85,772.00,772.85,0.64,0.39,0.32,1
618169.25,1279155.38,774.86,774.00,774.86,0.63,0.38,0.31,1
618261.56,1279155.38,783.89,783.00,783.89,0.63,0.38,0.31,1
618353.81,1279155.38,799.94,799.00,799.94,0.61,0.36,0.29,1
618446.12,1279155.38,812.02,811.00,812.02,0.61,0.35,0.28,1
618538.38,1279155.38,813.14,812.00,813.14,0.62,0.36,0.28,1
618630.62,1279155.38,794.26,793.00,794.26,0.63,0.37,0.29,1
618722.94,1279155.38,774.37,773.00,774.37,0.63,0.36,0.28,1
618815.19,1279155.38,781.45,780.00,781.45,0.62,0.35,0.27,1
618907.50,1279155.38,795.51,794.00,795.51,0.62,0.35,0.27,1
618999.75,1279155.38,797.55,796.00,797.55,0.64,0.36,0.28,1
619092.06,1279155.38,777.58,776.00,777.58,0.63,0.35,0.27,1
619184.31,1279155.38,792.60,791.00,792.60,0.61,0.33,0.25,1
619276.62,1279155.38,806.61,805.00,806.61,0.63,0.35,0.27,1
619368.88,1279155.38,801.62,800.00,801.62,0.64,0.36,0.28,1
619461.19,1279155.38,783.63,782.00,783.63,0.63,0.35,0.28,1
619553.44,1279155.38,772.63,771.00,772.63,0.62,0.34,0.26,1
619645.69,1279155.38,763.64,762.00,763.64,0.62,0.34,0.26,1
619738.00,1279155.38,767.64,766.00,767.64,0.62,0.34,0.26,1
619830.25,1279155.38,780.65,779.00,780.65,0.61,0.33,0.25,1
619922.56,1279155.38,793.65,792.00,793.65,0.62,0.34,0.26,1
620014.81,1279155.38,791.65,790.00,791.65,0.63,0.35,0.27,1
620107.12,1279155.38,781.65,780.00,781.65,0.63,0.35,0.27,1
620199.38,1279155.38,777.65,776.00,777.65,0.63,0.35,0.27,1
620291.69,1279155.38,774.65,773.00,774.65,0.62,0.34,0.26,1
620383.94,1279155.38,769.65,768.00,769.65,0.62,0.34,0.26,1
620476.19,1279155.38,770.65,769.00,770.65,0.61,0.33,0.25,1
620568.50,1279155.38,783.65,782.00,783.65,0.60,0.32,0.24,1
620660.75,1279155.38,779.65,778.00,779.65,0.62,0.34,0.26,1
620753.06,1279155.38,766.65,765.00,766.65,0.63,0.35,0.27,1
620845.31,1279155.38,765.64,764.00,765.64,0.62,0.34,0.26,1
620937.62,1279155.38,768.64,767.00,768.64,0.62,0.34,0.26,1
621029.88,1279155.38,774.64,773.00,774.64,0.61,0.33,0.25,1
621122.19,1279155.38,785.64,784.00,785.64,0.61,0.33,0.25,1
621214.44,1279155.38,796.64,795.00,796.64,0.61,0.33,0.25,1
621306.69,1279155.38,813.64,812.00,813.64,0.60,0.32,0.24,1
621399.00,1279155.38,828.63,827.00,828.63,0.61,0.33,0.25,1
621491.25,1279155.38,824.62,823.00,824.62,0.63,0.36,0.28,1
621583.56,1279155.38,804.60,803.00,804.60,0.64,0.36,0.28,1
621675.81,1279155.38,794.59,793.00,794.59,0.63,0.35,0.27,1
621768.12,1279155.38,801.57,800.00,801.57,0.64,0.36,0.28,1
621860.38,1279155.38,798.56,797.00,798.56,0.64,0.36,0.28,1
621952.69,1279155.38,793.55,792.00,793.55,0.62,0.34,0.26,1
622044.94,1279155.38,808.54,807.00,808.54,0.60,0.32,0.25,1
622137.19,1279155.38,820.54,819.00,820.54,0.62,0.34,0.26,1
622229.50,1279155.38,817.54,816.00,817.54,0.64,0.36,0.28,1
622321.75,1279155.38,810.54,809.00,810.54,0.63,0.36,0.28,1
622414.06,1279155.38,815.55,814.00,815.55,0.63,0.35,0.27,1
622506.31,1279155.38,813.55,812.00,813.55,0.63,0.35,0.27,1
622598.62,1279155.38,806.56,805.00,806.56,0.62,0.35,0.27,1
622690.88,1279155.38,796.58,795.00,796.58,0.62,0.35,0.27,1
622783.19,1279155.38,796.61,795.00,796.61,0.63,0.35,0.27,1
622875.44,1279155.38,799.63,798.00,799.63,0.63,0.35,0.27,1
622967.69,1279155.38,796.64,795.00,796.64,0.63,0.35,0.27,1
623060.00,1279155.38,800.65,799.00,800.65,0.63,0.35,0.27,1
623152.25,1279155.38,803.66,802.00,803.66,0.64,0.36,0.28,1
623244.56,1279155.38,798.67,797.00,798.67,0.64,0.36,0.28,1
623336.81,1279155.38,789.67,788.00,789.67,0.64,0.36,0.28,1
623429.12,1279155.38,782.67,781.00,782.67,0.63,0.35,0.27,1
623521.38,1279155.38,781.67,780.00,781.67,0.62,0.34,0.26,1
623613.69,1279155.38,790.67,789.00,790.67,0.60,0.32,0.24,1
623705.94,1279155.38,803.67,802.00,803.67,0.60,0.32,0.24,1
623798.19,1279155.38,808.67,807.00,808.67,0.61,0.33,0.25,1
623890.50,1279155.38,816.67,815.00,816.67,0.61,0.33,0.25,1
623982.75,1279155.38,825.67,824.00,825.67,0.62,0.34,0.26,1
624075.06,1279155.38,827.67,826.00,827.67,0.62,0.34,0.26,1
624167.31,1279155.38,825.67,824.00,825.67,0.61,0.33,0.25,1
624259.62,1279155.38,834.66,833.00,834.66,0.60,0.32,0.24,1
624351.88,1279155.38,846.65,845.00,846.65,0.60,0.32,0.24,1
624444.19,1279155.38,846.64,845.00,846.64,0.61,0.33,0.25,1
624536.44,1279155.38,847.62,846.00,847.62,0.61,0.33,0.25,1
624628.69,1279155.38,856.59,855.00,856.59,0.61,0.33,0.25,1
624721.00,1279155.38,857.56,856.00,857.56,0.62,0.34,0.27,1
624813.25,1279155.38,848.52,847.00,848.52,0.63,0.36,0.28,1
624905.56,1279155.38,842.46,841.00,842.46,0.64,0.36,0.29,1
624997.81,1279155.38,833.39,832.00,833.39,0.64,0.36,0.29,1
625090.12,1279155.38,827.31,826.00,827.31,0.63,0.36,0.28,1
625182.38,1279155.38,837.22,836.00,837.22,0.63,0.37,0.29,1
625274.69,1279155.38,842.15,841.00,842.15,0.64,0.38,0.31,1
625366.94,1279155.38,843.12,842.00,843.12,0.58,0.32,0.24,1
625459.19,1279155.38,-9999.00,-9999.00,-9999.00,0.71,0.71,0.71,0
614385.88,1279063.12,-9999.00,-9999.00,-9999.00,0.71,0.71,0.71,0
614478.12,1279063.12,807.02,806.00,807.02,0.30,0.05,-0.02,1
614570.44,1279063.12,800.05,799.00,800.05,0.63,0.37,0.30,1
614662.69,1279063.12,798.10,797.00,798.10,0.62,0.36,0.29,1
614755.00,1279063.12,809.16,808.00,809.16,0.62,0.36,0.29,1
614847.25,1279063.12,813.26,812.00,813.26,0.64,0.37,0.30,1
614939.56,1279063.12,805.33,804.00,805.33,0.64,0.37,0.29,1
615031.81,1279063.12,801.37,800.00,801.37,0.62,0.35,0.27,1
615124.12,1279063.12,808.39,807.00,808.39,0.60,0.33,0.26,1
615216.38,1279063.12,808.40,807.00,808.40,0.62,0.35,0.27,1
615308.62,1279063.12,791.40,790.00,791.40,0.63,0.36,0.28,1
615400.94,1279063.12,778.39,777.00,778.39,0.63,0.35,0.28,1
615493.19,1279063.12,780.37,779.00,780.37,0.62,0.35,0.27,1
615585.50,1279063.12,788.33,787.00,788.33,0.61,0.35,0.27,1
615677.75,1279063.12,791.27,790.00,791.27,0.62,0.35,0.27,1
615770.06,1279063.12,789.18,788.00,789.18,0.62,0.36,0.28,1
615862.31,1279063.12,786.07,785.00,786.07,0.62,0.36,0.29,1
615954.62,1279063.12,791.00,790.00,791.00,0.61,0.35,0.28,1
616046.88,1279063.12,799.94,799.00,799.94,0.60,0.35,0.28,1
616139.12,1279063.12,806.91,806.00,806.91,0.61,0.36,0.29,1
616231.44,1279063.12,810.90,810.00,810.90,0.63,0.39,0.31,1
616323.69,1279063.12,799.90,799.00,799.90,0.65,0.40,0.33,1
616416.00,1279063.12,793.90,793.00,793.90,0.64,0.39,0.32,1
616508.25,1279063.12,794.92,794.00,794.92,0.63,0.38,0.31,1
616600.56,1279063.12,801.96,801.00,801.96,0.62,0.37,0.29,1
616692.81,1279063.12,805.03,804.00,805.03,0.62,0.36,0.29,1
616785.12,1279063.12,804.11,803.00,804.11,0.62,0.36,0.29,1
616877.38,1279063.12,799.16,798.00,799.16,0.63,0.37,0.29,1
616969.62,1279063.12,791.19,790.00,791.19,0.63,0.36,0.29,1
617061.94,1279063.12,789.20,788.00,789.20,0.63,0.37,0.29,1
617154.19,1279063.12,794.20,793.00,794.20,0.63,0.37,0.29,1
617246.50,1279063.12,797.19,796.00,797.19,0.63,0.37,0.29,1
617338.75,1279063.12,798.17,797.00,798.17,0.62,0.36,0.28,1
617431.06,1279063.12,808.13,807.00,808.13,0.59,0.34,0.26,1
617523.31,1279063.12,823.05,822.00,823.05,0.58,0.32,0.25,1
617615.62,1279063.12,840.95,840.00,840.95,0.59,0.34,0.27,1
617707.88,1279063.12,847.88,847.00,847.88,0.63,0.38,0.31,1
617800.12,1279063.12,839.84,839.00,839.84,0.66,0.42,0.35,1
617892.44,1279063.12,820.81,820.00,820.81,0.67,0.43,0.36,1
617984.69,1279063.12,792.81,792.00,792.81,0.67,0.43,0.36,1
618077.00,1279063.12,780.81,780.00,780.81,0.65,0.41,0.34,1
618169.25,1279063.12,789.82,789.00,789.82,0.63,0.39,0.32,1
618261.56,1279063.12,803.84,803.00,803.84,0.64,0.40,0.33,1
618353.81,1279063.12,803.90,803.00,803.90,0.64,0.40,0.33,1
618446.12,1279063.12,800.98,800.00,800.98,0.63,0.37,0.30,1
618538.38,1279063.12,795.10,794.00,795.10,0.62,0.36,0.29,1
618630.62,1279063.12,784.25,783.00,784.25,0.63,0.37,0.29,1
618722.94,1279063.12,779.36,778.00,779.36,0.63,0.36,0.28,1
618815.19,1279063.12,792.44,791.00,792.44,0.61,0.34,0.26,1
618907.50,1279063.12,807.50,806.00,807.50,0.63,0.35,0.27,1
618999.75,1279063.12,801.54,800.00,801.54,0.64,0.37,0.29,1
619092.06,1279063.12,781.57,780.00,781.57,0.63,0.36,0.28,1
619184.31,1279063.12,788.59,787.00,788.59,0.60,0.32,0.24,1
619276.62,1279063.12,813.60,812.00,813.60,0.61,0.33,0.25,1
619368.88,1279063.12,808.61,807.00,808.61,0.64,0.36,0.28,1
619461.19,1279063.12,788.62,787.00,788.62,0.64,0.36,0.28,1
619553.44,1279063.12,775.63,774.00,775.63,0.63,0.35,0.27,1
619645.69,1279063.12,766.63,765.00,766.63,0.63,0.35,0.27,1
619738.00,1279063.12,772.64,771.00,772.64,0.61,0.33,0.25,1
619830.25,1279063.12,787.64,786.00,787.64,0.61,0.33,0.25,1
619922.56,1279063.12,794.64,793.00,794.64,0.62,0.34,0.26,1
620014.81,1279063.12,790.64,789.00,790.64,0.62,0.34,0.26,1
620107.12,1279063.12,781.64,780.00,781.64,0.63,0.35,0.27,1
620199.38,1279063.12,776.64,775.00,776.64,0.63,0.35,0.27,1
620291.69,1279063.12,773.65,772.00,773.65,0.62,0.34,0.26,1
620383.94,1279063.12,768.65,767.00,768.65,0.62,0.34,0.26,1
620476.19,1279063.12,766.65,765.00,766.65,0.62,0.34,0.26,1
620568.50,1279063.12,770.65,769.00,770.65,0.61,0.33,0.25,1
620660.75,1279063.12,765.65,764.00,765.65,0.61,0.33,0.25,1
620753.06,1279063.12,765.65,764.00,765.65,0.62,0.34,0.26,1
620845.31,1279063.12,773.65,772.00,773.65,0.62,0.34,0.26,1
620937.62,1279063.12,779.65,778.00,779.65,0.63,0.35,0.27,1
621029.88,1279063.12,775.64,774.00,775.64,0.63,0.35,0.27,1
621122.19,1279063.12,782.64,781.00,782.64,0.61,0.33,0.25,1
621214.44,1279063.12,798.64,797.00,798.64,0.61,0.33,0.25,1
621306.69,1279063.12,816.64,815.00,816.64,0.60,0.32,0.24,1
621399.00,1279063.12,830.63,829.00,830.63,0.61,0.33,0.25,1
621491.25,1279063.12,830.61,829.00,830.61,0.63,0.35,0.27,1
621583.56,1279063.12,810.60,809.00,810.60,0.64,0.36,0.28,1
621675.81,1279063.12,809.57,808.00,809.57,0.64,0.36,0.28,1
621768.12,1279063.12,819.55,818.00,819.55,0.64,0.37,0.29,1
621860.38,1279063.12,810.54,809.00,810.54,0.65,0.37,0.29,1
621952.69,1279063.12,795.53,794.00,795.53,0.63,0.36,0.28,1
622044.94,1279063.12,800.52,799.00,800.52,0.60,0.32,0.25,1
622137.19,1279063.12,815.52,814.00,815.52,0.60,0.32,0.24,1
622229.50,1279063.12,821.52,820.00,821.52,0.62,0.34,0.26,1
622321.75,1279063.12,815.52,814.00,815.52,0.63,0.36,0.28,1
622414.06,1279063.12,819.52,818.00,819.52,0.63,0.35,0.28,1
622506.31,1279063.12,816.52,815.00,816.52,0.64,0.36,0.28,1
622598.62,1279063.12,804.54,803.00,804.54,0.63,0.36,0.28,1
622690.88,1279063.12,801.55,800.00,801.55,0.62,0.35,0.27,1
622783.19,1279063.12,809.58,808.00,809.58,0.63,0.35,0.27,1
622875.44,1279063.12,807.60,806.00,807.60,0.64,0.36,0.28,1
622967.69,1279063.12,803.62,802.00,803.62,0.63,0.35,0.27,1
623060.00,1279063.12,815.64,814.00,815.64,0.63,0.35,0.27,1
623152.25,1279063.12,819.65,818.00,819.65,0.63,0.35,0.27,1
623244.56,1279063.12,818.65,817.00,818.65,0.64,0.36,0.28,1
623336.81,1279063.12,806.66,805.00,806.66,0.65,0.37,0.29,1
623429.12,1279063.12,796.66,795.00,796.66,0.64,0.36,0.28,1
623521.38,1279063.12,790.67,789.00,790.67,0.64,0.36,0.28,1
623613.69,1279063.12,787.67,786.00,787.67,0.62,0.34,0.26,1
623705.94,1279063.12,790.67,789.00,790.67,0.61,0.32,0.24,1
623798.19,1279063.12,803.66,802.00,803.66,0.60,0.32,0.24,1
623890.50,1279063.12,818.66,817.00,818.66,0.60,0.32,0.24,1
623982.75,1279063.12,832.66,831.00,832.66,0.62,0.34,0.26,1
624075.06,1279063.12,836.66,835.00,836.66,0.63,0.35,0.27,1
624167.31,1279063.12,829.66,828.00,829.66,0.63,0.35,0.27,1
624259.62,1279063.12,827.66,826.00,827.66,0.62,0.34,0.26,1
624351.88,1279063.12,831.65,830.00,831.65,0.61,0.33,0.25,1
624444.19,1279063.12,833.64,832.00,833.64,0.61,0.33,0.25,1
624536.44,1279063.12,841.62,840.00,841.62,0.61,0.33,0.25,1
624628.69,1279063.12,850.59,849.00,850.59,0.61,0.33,0.25,1
624721.00,1279063.12,853.56,852.00,853.56,0.62,0.34,0.26,1
624813.25,1279063.12,852.53,851.00,852.53,0.63,0.35,0.27,1
624905.56,1279063.12,846.48,845.00,846.48,0.63,0.35,0.28,1
624997.81,1279063.12,836.43,835.00,836.43,0.63,0.36,0.28,1
625090.12,1279063.12,838.37,837.00,838.37,0.62,0.35,0.28,1
625182.38,1279063.12,851.29,850.00,851.29,0.62,0.35,0.28,1
625274.69,1279063.12,857.24,856.00,857.24,0.62,0.36,0.28,1
625366.94,1279063.12,859.19,858.00,859.19,0.58,0.31,0.24,1
625459.19,1279063.12,-9999.00,-9999.00,-9999.00,0.71,0.71,0.71,0
614385.88,1278970.88,-9999.00,-9999.00,-9999.00,0.71,0.71,0.71,0
614478.12,1278970.88,802.98,802.00,802.98,0.30,0.04,-0.03,1
614570.44,1278970.88,796.00,795.00,796.00,0.63,0.38,0.30,1
614662.69,1278970.88,799.05,798.00,799.05,0.61,0.36,0.28,1
614755.00,1278970.88,814.15,813.00,814.15,0.61,0.35,0.27,1
614847.25,1278970.88,822.25,821.00,822.25,0.63,0.37,0.29,1
614939.56,1278970.88,812.32,811.00,812.32,0.65,0.38,0.30,1
615031.81,1278970.88,798.36,797.00,798.36,0.64,0.37,0.29,1
615124.12,1278970.88,794.38,793.00,794.38,0.62,0.35,0.28,1
615216.38,1278970.88,791.38,790.00,791.38,0.62,0.35,0.27,1
615308.62,1278970.88,781.38,780.00,781.38,0.63,0.36,0.28,1
615400.94,1278970.88,775.37,774.00,775.37,0.63,0.36,0.28,1
615493.19,1278970.88,779.35,778.00,779.35,0.62,0.35,0.28,1
615585.50,1278970.88,783.29,782.00,783.29,0.62,0.35,0.28,1
615677.75,1278970.88,785.21,784.00,785.21,0.63,0.36,0.29,1
615770.06,1278970.88,786.10,785.00,786.10,0.63,0.38,0.30,1
615862.31,1278970.88,787.98,787.00,787.98,0.64,0.39,0.31,1
615954.62,1278970.88,790.89,790.00,790.89,0.63,0.39,0.31,1
616046.88,1278970.88,796.84,796.00,796.84,0.63,0.38,0.31,1
616139.12,1278970.88,806.81,806.00,806.81,0.63,0.39,0.32,1
616231.44,1278970.88,811.79,811.00,811.79,0.65,0.40,0.34,1
616323.69,1278970.88,803.79,803.00,803.79,0.65,0.41,0.34,1
616416.00,1278970.88,798.80,798.00,798.80,0.64,0.40,0.33,1
616508.25,1278970.88,798.83,798.00,798.83,0.63,0.39,0.32,1
616600.56,1278970.88,798.89,798.00,798.89,0.63,0.38,0.31,1
616692.81,1278970.88,795.98,795.00,795.98,0.63,0.37,0.30,1
616785.12,1278970.88,792.07,791.00,792.07,0.62,0.37,0.29,1
616877.38,1278970.88,791.13,790.00,791.13,0.62,0.36,0.29,1
616969.62,1278970.88,791.16,790.00,791.16,0.63,0.37,0.29,1
617061.94,1278970.88,796.17,795.00,796.17,0.63,0.36,0.29,1
617154.19,1278970.88,806.17,805.00,806.17,0.63,0.37,0.29,1
617246.50,1278970.88,810.17,809.00,810.17,0.64,0.38,0.30,1
617338.75,1278970.88,808.15,807.00,808.15,0.64,0.38,0.31,1
617431.06,1278970.88,803.11,802.00,803.11,0.63,0.37,0.30,1
617523.31,1278970.88,805.04,804.00,805.04,0.60,0.35,0.28,1
617615.62,1278970.88,817.94,817.00,817.94,0.58,0.33,0.26,1
617707.88,1278970.88,831.86,831.00,831.86,0.59,0.35,0.28,1
617800.12,1278970.88,829.82,829.00,829.82,0.63,0.39,0.32,1
617892.44,1278970.88,814.79,814.00,814.79,0.65,0.40,0.34,1
617984.69,1278970.88,793.79,793.00,793.79,0.66,0.41,0.35,1
618077.00,1278970.88,791.79,791.00,791.79,0.65,0.40,0.34,1
618169.25,1278970.88,805.80,805.00,805.80,0.63,0.39,0.32,1
618261.56,1278970.88,818.82,818.00,818.82,0.65,0.40,0.34,1
618353.81,1278970.88,815.88,815.00,815.88,0.67,0.42,0.35,1
618446.12,1278970.88,800.96,800.00,800.96,0.66,0.40,0.33,1
618538.38,1278970.88,791.09,790.00,791.09,0.64,0.38,0.31,1
618630.62,1278970.88,793.23,792.00,793.23,0.64,0.37,0.30,1
618722.94,1278970.88,788.35,787.00,788.35,0.63,0.36,0.29,1
618815.19,1278970.88,796.43,795.00,796.43,0.61,0.34,0.26,1
618907.50,1278970.88,815.49,814.00,815.49,0.62,0.34,0.27,1
618999.75,1278970.88,811.54,810.00,811.54,0.65,0.37,0.29,1
619092.06,1278970.88,789.57,788.00,789.57,0.65,0.37,0.29,1
619184.31,1278970.88,785.59,784.00,785.59,0.61,0.33,0.25,1
619276.62,1278970.88,811.60,810.00,811.60,0.60,0.32,0.24,1
619368.88,1278970.88,811.61,810.00,811.61,0.63,0.35,0.27,1
619461.19,1278970.88,791.61,790.00,791.61,0.64,0.36,0.28,1
619553.44,1278970.88,776.62,775.00,776.62,0.63,0.35,0.27,1
619645.69,1278970.88,768.62,767.00,768.62,0.62,0.35,0.27,1
619738.00,1278970.88,779.63,778.00,779.63,0.61,0.33,0.25,1
619830.25,1278970.88,793.63,792.00,793.63,0.62,0.34,0.26,1
619922.56,1278970.88,795.63,794.00,795.63,0.63,0.35,0.27,1
620014.81,1278970.88,784.63,783.00,784.63,0.63,0.35,0.27,1
620107.12,1278970.88,781.63,780.00,781.63,0.63,0.35,0.27,1
620199.38,1278970.88,778.64,777.00,778.64,0.63,0.35,0.27,1
620291.69,1278970.88,773.64,772.00,773.64,0.63,0.35,0.27,1
620383.94,1278970.88,769.65,768.00,769.65,0.63,0.35,0.27,1
620476.19,1278970.88,766.65,765.00,766.65,0.63,0.35,0.27,1
620568.50,1278970.88,765.65,764.00,765.65,0.62,0.34,0.26,1
620660.75,1278970.88,762.65,761.00,762.65,0.62,0.34,0.26,1
620753.06,1278970.88,764.65,763.00,764.65,0.61,0.33,0.25,1
620845.31,1278970.88,775.65,774.00,775.65,0.61,0.33,0.25,1
620937.62,1278970.88,787.65,786.00,787.65,0.62,0.34,0.26,1
621029.88,1278970.88,787.65,786.00,787.65,0.63,0.35,0.27,1
621122.19,1278970.88,797.64,796.00,797.64,0.62,0.34,0.26,1
621214.44,1278970.88,816.64,815.00,816.64,0.62,0.34,0.26,1
621306.69,1278970.88,819.64,818.00,819.64,0.62,0.34,0.26,1
621399.00,1278970.88,816.63,815.00,816.63,0.60,0.32,0.24,1
621491.25,1278970.88,821.61,820.00,821.61,0.60,0.33,0.25,1
621583.56,1278970.88,825.59,824.00,825.59,0.62,0.34,0.26,1
621675.81,1278970.88,843.57,842.00,843.57,0.63,0.35,0.27,1
621768.12,1278970.88,848.54,847.00,848.54,0.65,0.37,0.30,1
621860.38,1278970.88,823.52,822.00,823.52,0.65,0.38,0.30,1
621952.69,1278970.88,800.51,799.00,800.51,0.64,0.37,0.29,1
622044.94,1278970.88,793.50,792.00,793.50,0.62,0.34,0.26,1
622137.19,1278970.88,800.50,799.00,800.50,0.60,0.33,0.25,1
622229.50,1278970.88,810.50,809.00,810.50,0.60,0.33,0.25,1
622321.75,1278970.88,824.50,823.00,824.50,0.62,0.34,0.26,1
622414.06,1278970.88,832.50,831.00,832.50,0.63,0.36,0.28,1
622506.31,1278970.88,826.50,825.00,826.50,0.64,0.37,0.29,1
622598.62,1278970.88,809.51,808.00,809.51,0.64,0.36,0.28,1
622690.88,1278970.88,806.53,805.00,806.53,0.62,0.35,0.27,1
622783.19,1278970.88,818.55,817.00,818.55,0.62,0.34,0.26,1
622875.44,1278970.88,819.57,818.00,819.57,0.63,0.35,0.27,1
622967.69,1278970.88,820.60,819.00,820.60,0.63,0.35,0.27,1
623060.00,1278970.88,832.61,831.00,832.61,0.62,0.34,0.26,1
623152.25,1278970.88,836.63,835.00,836.63,0.63,0.35,0.27,1
623244.56,1278970.88,835.64,834.00,835.64,0.64,0.36,0.28,1
623336.81,1278970.88,823.65,822.00,823.65,0.65,0.37,0.29,1
623429.12,1278970.88,813.65,812.00,813.65,0.65,0.37,0.29,1
623521.38,1278970.88,803.66,802.00,803.66,0.64,0.36,0.28,1
623613.69,1278970.88,798.66,797.00,798.66,0.64,0.36,0.28,1
623705.94,1278970.88,792.66,791.00,792.66,0.63,0.35,0.27,1
623798.19,1278970.88,799.66,798.00,799.66,0.60,0.32,0.24,1
623890.50,1278970.88,817.65,816.00,817.65,0.59,0.31,0.23,1
623982.75,1278970.88,836.65,835.00,836.65,0.60,0.32,0.24,1
624075.06,1278970.88,840.65,839.00,840.65,0.62,0.34,0.26,1
624167.31,1278970.88,834.65,833.00,834.65,0.63,0.35,0.27,1
624259.62,1278970.88,832.65,831.00,832.65,0.63,0.35,0.27,1
624351.88,1278970.88,834.64,833.00,834.64,0.63,0.34,0.26,1
624444.19,1278970.88,838.63,837.00,838.63,0.63,0.35,0.27,1
624536.44,1278970.88,846.62,845.00,846.62,0.62,0.34,0.26,1
624628.69,1278970.88,853.60,852.00,853.60,0.62,0.34,0.26,1
624721.00,1278970.88,857.57,856.00,857.57,0.62,0.34,0.26,1
624813.25,1278970.88,852.54,851.00,852.54,0.63,0.35,0.27,1
624905.56,1278970.88,838.51,837.00,838.51,0.63,0.35,0.27,1
624997.81,1278970.88,834.49,833.00,834.49,0.62,0.35,0.27,1
625090.12,1278970.88,845.44,844.00,845.44,0.62,0.34,0.27,1
625182.38,1278970.88,848.39,847.00,848.39,0.62,0.35,0.27,1
625274.69,1278970.88,844.33,843.00,844.33,0.61,0.34,0.26,1
625366.94,1278970.88,844.28,843.00,844.28,0.58,0.31,0.24,1
625459.19,1278970.88,-9999.00,-9999.00,-9999.00,0.71,0.71,0.71,0
614385.88,1278878.62,-9999.00,-9999.00,-9999.00,0.71,0.71,0.71,0
614478.12,1278878.62,806.01,805.00,806.01,0.30,0.05,-0.02,1
614570.44,1278878.62,798.04,797.00,798.04,0.64,0.38,0.31,1
614662.69,1278878.62,797.05,796.00,797.05,0.62,0.37,0.30,1
614755.00,1278878.62,808.15,807.00,808.15,0.61,0.35,0.27,1
614847.25,1278878.62,819.25,818.00,819.25,0.62,0.36,0.28,1
614939.56,1278878.62,817.31,816.00,817.31,0.64,0.37,0.29,1
615031.81,1278878.62,811.34,810.00,811.34,0.65,0.38,0.30,1
615124.12,1278878.62,803.36,802.00,803.36,0.64,0.37,0.30,1
615216.38,1278878.62,789.36,788.00,789.36,0.63,0.36,0.29,1
615308.62,1278878.62,781.36,780.00,781.36,0.63,0.36,0.28,1
615400.94,1278878.62,780.35,779.00,780.35,0.63,0.36,0.28,1
615493.19,1278878.62,784.31,783.00,784.31,0.63,0.36,0.29,1
615585.50,1278878.62,788.24,787.00,788.24,0.63,0.37,0.29,1
615677.75,1278878.62,795.14,794.00,795.14,0.64,0.38,0.30,1
615770.06,1278878.62,802.01,801.00,802.01,0.65,0.39,0.32,1
615862.31,1278878.62,803.88,803.00,803.88,0.66,0.41,0.34,1
615954.62,1278878.62,803.79,803.00,803.79,0.65,0.41,0.34,1
616046.88,1278878.62,812.74,812.00,812.74,0.65,0.41,0.34,1
616139.12,1278878.62,823.71,823.00,823.71,0.66,0.42,0.35,1
616231.44,1278878.62,826.70,826.00,826.70,0.67,0.43,0.37,1
616323.69,1278878.62,813.70,813.00,813.70,0.67,0.43,0.37,1
616416.00,1278878.62,802.71,802.00,802.71,0.65,0.42,0.35,1
616508.25,1278878.62,797.76,797.00,797.76,0.64,0.40,0.33,1
616600.56,1278878.62,793.84,793.00,793.84,0.63,0.38,0.31,1
616692.81,1278878.62,793.94,793.00,793.94,0.63,0.38,0.31,1
616785.12,1278878.62,792.04,791.00,792.04,0.63,0.38,0.31,1
616877.38,1278878.62,792.10,791.00,792.10,0.63,0.37,0.30,1
616969.62,1278878.62,798.14,797.00,798.14,0.62,0.36,0.29,1
617061.94,1278878.62,805.15,804.00,805.15,0.62,0.36,0.28,1
617154.19,1278878.62,815.15,814.00,815.15,0.62,0.36,0.28,1
617246.50,1278878.62,818.15,817.00,818.15,0.62,0.36,0.29,1
617338.75,1278878.62,816.13,815.00,816.13,0.63,0.37,0.29,1
617431.06,1278878.62,812.09,811.00,812.09,0.64,0.38,0.31,1
617523.31,1278878.62,807.03,806.00,807.03,0.63,0.38,0.31,1
617615.62,1278878.62,805.93,805.00,805.93,0.61,0.36,0.29,1
617707.88,1278878.62,814.86,814.00,814.86,0.60,0.35,0.28,1
617800.12,1278878.62,820.81,820.00,820.81,0.62,0.38,0.31,1
617892.44,1278878.62,808.79,808.00,808.79,0.64,0.40,0.33,1
617984.69,1278878.62,800.78,800.00,800.78,0.64,0.40,0.33,1
618077.00,1278878.62,813.78,813.00,813.78,0.64,0.40,0.33,1
618169.25,1278878.62,826.79,826.00,826.79,0.64,0.40,0.33,1
618261.56,1278878.62,839.81,839.00,839.81,0.65,0.41,0.34,1
618353.81,1278878.62,836.87,836.00,836.87,0.68,0.43,0.36,1
618446.12,1278878.62,813.95,813.00,813.95,0.67,0.42,0.35,1
618538.38,1278878.62,802.08,801.00,802.08,0.65,0.39,0.32,1
618630.62,1278878.62,803.23,802.00,803.23,0.64,0.38,0.30,1
618722.94,1278878.62,799.35,798.00,799.35,0.64,0.37,0.29,1
618815.19,1278878.62,797.43,796.00,797.43,0.62,0.34,0.27,1
618907.50,1278878.62,816.49,815.00,816.49,0.60,0.33,0.25,1
618999.75,1278878.62,824.54,823.00,824.54,0.63,0.36,0.28,1
619092.06,1278878.62,811.57,810.00,811.57,0.66,0.38,0.30,1
619184.31,1278878.62,794.59,793.00,794.59,0.64,0.36,0.28,1
619276.62,1278878.62,807.59,806.00,807.59,0.61,0.33,0.25,1
619368.88,1278878.62,808.60,807.00,808.60,0.63,0.35,0.27,1
619461.19,1278878.62,788.60,787.00,788.60,0.64,0.36,0.28,1
619553.44,1278878.62,773.61,772.00,773.61,0.63,0.35,0.27,1
619645.69,1278878.62,775.61,774.00,775.61,0.62,0.35,0.27,1
619738.00,1278878.62,787.61,786.00,787.61,0.62,0.34,0.26,1
619830.25,1278878.62,801.61,800.00,801.61,0.62,0.34,0.26,1
619922.56,1278878.62,796.62,795.00,796.62,0.63,0.35,0.27,1
620014.81,1278878.62,787.62,786.00,787.62,0.63,0.35,0.27,1
620107.12,1278878.62,784.62,783.00,784.62,0.63,0.35,0.27,1
620199.38,1278878.62,781.63,780.00,781.63,0.63,0.35,0.27,1
620291.69,1278878.62,779.64,778.00,779.64,0.64,0.36,0.28,1
620383.94,1278878.62,780.64,779.00,780.64,0.64,0.36,0.28,1
620476.19,1278878.62,775.64,774.00,775.64,0.64,0.36,0.28,1
620568.50,1278878.62,769.65,768.00,769.65,0.63,0.35,0.27,1
620660.75,1278878.62,765.65,764.00,765.65,0.62,0.34,0.26,1
620753.06,1278878.62,767.65,766.00,767.65,0.61,0.33,0.25,1
620845.31,1278878.62,782.65,781.00,782.65,0.61,0.33,0.25,1
620937.62,1278878.62,797.65,796.00,797.65,0.61,0.33,0.25,1
621029.88,1278878.62,812.65,811.00,812.65,0.63,0.35,0.27,1
621122.19,1278878.62,821.64,820.00,821.64,0.63,0.35,0.27,1
621214.44,1278878.62,826.64,825.00,826.64,0.63,0.35,0.27,1
621306.69,1278878.62,811.64,810.00,811.64,0.62,0.34,0.26,1
621399.00,1278878.62,802.63,801.00,802.63,0.61,0.33,0.25,1
621491.25,1278878.62,811.61,810.00,811.61,0.60,0.32,0.24,1
621583.56,1278878.62,827.59,826.00,827.59,0.60,0.32,0.24,1
621675.81,1278878.62,851.57,850.00,851.57,0.61,0.33,0.25,1
621768.12,1278878.62,858.53,857.00,858.53,0.64,0.36,0.28,1
621860.38,1278878.62,830.52,829.00,830.52,0.65,0.38,0.30,1
621952.69,1278878.62,803.50,802.00,803.50,0.65,0.37,0.29,1
622044.94,1278878.62,790.49,789.00,790.49,0.63,0.35,0.27,1
622137.19,1278878.62,797.49,796.00,797.49,0.61,0.34,0.26,1
622229.50,1278878.62,810.49,809.00,810.49,0.60,0.33,0.25,1
622321.75,1278878.62,830.49,829.00,830.49,0.60,0.33,0.25,1
622414.06,1278878.62,841.49,840.00,841.49,0.62,0.35,0.27,1
622506.31,1278878.62,833.49,832.00,833.49,0.64,0.37,0.29,1
622598.62,1278878.62,814.50,813.00,814.50,0.65,0.37,0.29,1
622690.88,1278878.62,810.51,809.00,810.51,0.64,0.36,0.28,1
622783.19,1278878.62,813.52,812.00,813.52,0.63,0.35,0.27,1
622875.44,1278878.62,816.55,815.00,816.55,0.62,0.34,0.27,1
622967.69,1278878.62,826.57,825.00,826.57,0.62,0.34,0.26,1
623060.00,1278878.62,835.59,834.00,835.59,0.61,0.33,0.25,1
623152.25,1278878.62,845.61,844.00,845.61,0.62,0.34,0.26,1
623244.56,1278878.62,852.62,851.00,852.62,0.63,0.35,0.27,1
623336.81,1278878.62,845.63,844.00,845.63,0.65,0.37,0.29,1
623429.12,1278878.62,835.64,834.00,835.64,0.65,0.37,0.29,1
623521.38,1278878.62,826.64,825.00,826.64,0.64,0.36,0.28,1
623613.69,1278878.62,824.65,823.00,824.65,0.64,0.36,0.28,1
623705.94,1278878.62,810.65,809.00,810.65,0.65,0.37,0.29,1
623798.19,1278878.62,795.65,794.00,795.65,0.63,0.35,0.27,1
623890.50,1278878.62,805.65,804.00,805.65,0.59,0.31,0.23,1
623982.75,1278878.62,825.65,824.00,825.65,0.59,0.31,0.23,1
624075.06,1278878.62,831.65,830.00,831.65,0.60,0.32,0.24,1
624167.31,1278878.62,834.65,833.00,834.65,0.61,0.33,0.25,1
624259.62,1278878.62,839.64,838.00,839.64,0.62,0.34,0.26,1
624351.88,1278878.62,846.63,845.00,846.63,0.62,0.34,0.26,1
624444.19,1278878.62,855.62,854.00,855.62,0.63,0.35,0.27,1
624536.44,1278878.62,857.61,856.00,857.61,0.63,0.35,0.27,1
624628.69,1278878.62,854.60,853.00,854.60,0.63,0.35,0.27,1
624721.00,1278878.62,850.58,849.00,850.58,0.62,0.34,0.26,1
624813.25,1278878.62,844.57,843.00,844.57,0.62,0.35,0.27,1
624905.56,1278878.62,839.55,838.00,839.55,0.63,0.35,0.27,1
624997.81,1278878.62,842.54,841.00,842.54,0.63,0.35,0.27,1
625090.12,1278878.62,843.52,842.00,843.52,0.63,0.35,0.27,1
625182.38,1278878.62,839.49,838.00,839.49,0.63,0.35,0.27,1
625274.69,1278878.62,832.45,831.00,832.45,0.63,0.35,0.28,1
625366.94,1278878.62,829.40,828.00,829.40,0.58,0.31,0.23,1
625459.19,1278878.62,-9999.00,-9999.00,-9999.00,0.71,0.71,0.71,0
614385.88,1278786.25,-9999.00,-9999.00,-9999.00,0.71,0.71,0.71,0
614478.12,1278786.25,805.08,804.00,805.08,0.31,0.06,-0.02,1
614570.44,1278786.25,802.13,801.00,802.13,0.63,0.37,0.30,1
614662.69,1278786.25,804.10,803.00,804.10,0.63,0.37,0.30,1
614755.00,1278786.25,813.16,812.00,813.16,0.62,0.36,0.28,1
614847.25,1278786.25,825.25,824.00,825.25,0.63,0.36,0.28,1
614939.56,1278786.25,828.31,827.00,828.31,0.64,0.37,0.30,1
615031.81,1278786.25,821.34,820.00,821.34,0.64,0.37,0.30,1
615124.12,1278786.25,805.35,804.00,805.35,0.64,0.37,0.29,1
615216.38,1278786.25,786.35,785.00,786.35,0.63,0.36,0.29,1
615308.62,1278786.25,780.34,779.00,780.34,0.62,0.35,0.28,1
615400.94,1278786.25,788.32,787.00,788.32,0.62,0.35,0.27,1
615493.19,1278786.25,796.27,795.00,796.27,0.62,0.36,0.28,1
615585.50,1278786.25,806.18,805.00,806.18,0.62,0.36,0.29,1
615677.75,1278786.25,818.06,817.00,818.06,0.63,0.37,0.30,1
615770.06,1278786.25,826.91,826.00,826.91,0.64,0.39,0.32,1
615862.31,1278786.25,827.79,827.00,827.79,0.65,0.41,0.34,1
615954.62,1278786.25,827.70,827.00,827.70,0.65,0.42,0.35,1
616046.88,1278786.25,841.65,841.00,841.65,0.64,0.41,0.35,1
616139.12,1278786.25,855.62,855.00,855.62,0.67,0.44,0.37,1
616231.44,1278786.25,847.61,847.00,847.61,0.69,0.46,0.39,1
616323.69,1278786.25,823.62,823.00,823.62,0.68,0.45,0.39,1
616416.00,1278786.25,807.65,807.00,807.65,0.66,0.43,0.36,1
616508.25,1278786.25,798.71,798.00,798.71,0.65,0.41,0.34,1
616600.56,1278786.25,791.80,791.00,791.80,0.63,0.39,0.32,1
616692.81,1278786.25,798.92,798.00,798.92,0.63,0.38,0.31,1
616785.12,1278786.25,799.02,798.00,799.02,0.64,0.38,0.31,1
616877.38,1278786.25,799.09,798.00,799.09,0.64,0.38,0.31,1
616969.62,1278786.25,798.12,797.00,798.12,0.63,0.37,0.30,1
617061.94,1278786.25,801.14,800.00,801.14,0.62,0.35,0.28,1
617154.19,1278786.25,805.14,804.00,805.14,0.61,0.35,0.28,1
617246.50,1278786.25,806.14,805.00,806.14,0.61,0.35,0.28,1
617338.75,1278786.25,806.12,805.00,806.12,0.62,0.36,0.28,1
617431.06,1278786.25,808.09,807.00,808.09,0.62,0.37,0.29,1
617523.31,1278786.25,806.02,805.00,806.02,0.64,0.38,0.31,1
617615.62,1278786.25,801.93,801.00,801.93,0.63,0.38,0.31,1
617707.88,1278786.25,806.86,806.00,806.86,0.62,0.37,0.30,1
617800.12,1278786.25,814.81,814.00,814.81,0.63,0.39,0.32,1
617892.44,1278786.25,810.78,810.00,810.78,0.64,0.40,0.33,1
617984.69,1278786.25,811.78,811.00,811.78,0.63,0.39,0.32,1
618077.00,1278786.25,832.78,832.00,832.78,0.62,0.37,0.31,1
618169.25,1278786.25,850.79,850.00,850.79,0.63,0.39,0.32,1
618261.56,1278786.25,860.81,860.00,860.81,0.65,0.41,0.34,1
618353.81,1278786.25,854.87,854.00,854.87,0.68,0.43,0.36,1
618446.12,1278786.25,829.95,829.00,829.95,0.68,0.43,0.36,1
618538.38,1278786.25,815.08,814.00,815.08,0.66,0.40,0.33,1
618630.62,1278786.25,813.23,812.00,813.23,0.65,0.38,0.31,1
618722.94,1278786.25,811.35,810.00,811.35,0.65,0.38,0.30,1
618815.19,1278786.25,804.44,803.00,804.44,0.63,0.36,0.28,1
618907.50,1278786.25,812.50,811.00,812.50,0.61,0.34,0.26,1
618999.75,1278786.25,827.54,826.00,827.54,0.61,0.34,0.26,1
619092.06,1278786.25,831.57,830.00,831.57,0.65,0.37,0.29,1
619184.31,1278786.25,809.59,808.00,809.59,0.65,0.37,0.29,1
619276.62,1278786.25,809.59,808.00,809.59,0.63,0.35,0.27,1
619368.88,1278786.25,811.59,810.00,811.59,0.64,0.36,0.28,1
619461.19,1278786.25,794.59,793.00,794.59,0.65,0.37,0.29,1
619553.44,1278786.25,785.59,784.00,785.59,0.64,0.36,0.28,1
619645.69,1278786.25,790.59,789.00,790.59,0.63,0.35,0.27,1
619738.00,1278786.25,799.59,798.00,799.59,0.63,0.35,0.27,1
619830.25,1278786.25,803.60,802.00,803.60,0.63,0.35,0.27,1
619922.56,1278786.25,800.60,799.00,800.60,0.63,0.35,0.27,1
620014.81,1278786.25,796.60,795.00,796.60,0.64,0.36,0.28,1
620107.12,1278786.25,791.61,790.00,791.61,0.63,0.35,0.27,1
620199.38,1278786.25,793.62,792.00,793.62,0.62,0.34,0.26,1
620291.69,1278786.25,802.63,801.00,802.63,0.63,0.35,0.27,1
620383.94,1278786.25,799.63,798.00,799.63,0.64,0.36,0.28,1
620476.19,1278786.25,788.64,787.00,788.64,0.64,0.36,0.28,1
620568.50,1278786.25,776.64,775.00,776.64,0.64,0.36,0.28,1
620660.75,1278786.25,767.65,766.00,767.65,0.63,0.35,0.27,1
620753.06,1278786.25,767.65,766.00,767.65,0.61,0.33,0.25,1
620845.31,1278786.25,783.65,782.00,783.65,0.60,0.32,0.24,1
620937.62,1278786.25,805.65,804.00,805.65,0.60,0.32,0.24,1
621029.88,1278786.25,830.64,829.00,830.64,0.61,0.33,0.25,1
621122.19,1278786.25,838.65,837.00,838.65,0.63,0.35,0.27,1
621214.44,1278786.25,820.65,819.00,820.65,0.63,0.35,0.27,1
621306.69,1278786.25,798.64,797.00,798.64,0.62,0.34,0.26,1
621399.00,1278786.25,794.63,793.00,794.63,0.61,0.33,0.25,1
621491.25,1278786.25,808.62,807.00,808.62,0.61,0.33,0.25,1
621583.56,1278786.25,828.60,827.00,828.60,0.60,0.32,0.24,1
621675.81,1278786.25,850.57,849.00,850.57,0.60,0.33,0.25,1
621768.12,1278786.25,852.53,851.00,852.53,0.62,0.34,0.26,1
621860.38,1278786.25,831.51,830.00,831.51,0.64,0.36,0.28,1
621952.69,1278786.25,809.50,808.00,809.50,0.64,0.37,0.29,1
622044.94,1278786.25,796.49,795.00,796.49,0.63,0.36,0.28,1
622137.19,1278786.25,807.49,806.00,807.49,0.63,0.35,0.27,1
622229.50,1278786.25,815.48,814.00,815.48,0.62,0.35,0.27,1
622321.75,1278786.25,823.48,822.00,823.48,0.60,0.33,0.25,1
622414.06,1278786.25,839.48,838.00,839.48,0.60,0.33,0.25,1
622506.31,1278786.25,840.49,839.00,840.49,0.63,0.35,0.27,1
622598.62,1278786.25,830.49,829.00,830.49,0.63,0.36,0.28,1
622690.88,1278786.25,830.50,829.00,830.50,0.62,0.35,0.27,1
622783.19,1278786.25,833.51,832.00,833.51,0.62,0.35,0.27,1
622875.44,1278786.25,832.53,831.00,832.53,0.63,0.35,0.27,1
622967.69,1278786.25,834.55,833.00,834.55,0.63,0.35,0.27,1
623060.00,1278786.25,837.57,836.00,837.57,0.62,0.34,0.26,1
623152.25,1278786.25,849.58,848.00,849.58,0.61,0.33,0.26,1
623244.56,1278786.25,860.60,859.00,860.60,0.62,0.34,0.26,1
623336.81,1278786.25,860.60,859.00,860.60,0.64,0.36,0.28,1
623429.12,1278786.25,849.61,848.00,849.61,0.64,0.36,0.28,1
623521.38,1278786.25,836.62,835.00,836.62,0.64,0.36,0.28,1
623613.69,1278786.25,830.63,829.00,830.63,0.64,0.36,0.28,1
623705.94,1278786.25,820.64,819.00,820.64,0.64,0.36,0.28,1
623798.19,1278786.25,809.64,808.00,809.64,0.65,0.37,0.29,1
623890.50,1278786.25,802.65,801.00,802.65,0.63,0.35,0.27,1
623982.75,1278786.25,804.65,803.00,804.65,0.61,0.33,0.25,1
624075.06,1278786.25,812.64,811.00,812.64,0.60,0.32,0.24,1
624167.31,1278786.25,821.64,820.00,821.64,0.59,0.31,0.23,1
624259.62,1278786.25,835.63,834.00,835.63,0.60,0.32,0.24,1
624351.88,1278786.25,852.63,851.00,852.63,0.60,0.32,0.24,1
624444.19,1278786.25,863.62,862.00,863.62,0.61,0.33,0.25,1
624536.44,1278786.25,865.61,864.00,865.61,0.63,0.35,0.27,1
624628.69,1278786.25,857.59,856.00,857.59,0.63,0.35,0.27,1
624721.00,1278786.25,846.59,845.00,846.59,0.63,0.35,0.27,1
624813.25,1278786.25,843.58,842.00,843.58,0.62,0.35,0.27,1
624905.56,1278786.25,850.58,849.00,850.58,0.63,0.35,0.27,1
624997.81,1278786.25,854.57,853.00,854.57,0.63,0.36,0.28,1
625090.12,1278786.25,850.58,849.00,850.58,0.63,0.36,0.28,1
625182.38,1278786.25,846.58,845.00,846.58,0.63,0.35,0.27,1
625274.69,1278786.25,842.56,841.00,842.56,0.63,0.36,0.28,1
625366.94,1278786.25,839.54,838.00,839.54,0.58,0.30,0.23,1
625459.19,1278786.25,-9999.00,-9999.00,-9999.00,0.71,0.71,0.71,0
614385.88,1278694.00,-9999.00,-9999.00,-9999.00,0.71,0.71,0.71,0
614478.12,1278694.00,801.13,800.00,801.13,0.32,0.06,-0.01,1
614570.44,1278694.00,804.19,803.00,804.19,0.62,0.36,0.28,1
614662.69,1278694.00,811.17,810.00,811.17,0.62,0.36,0.29,1
614755.00,1278694.00,823.20,822.00,823.20,0.62,0.36,0.28,1
614847.25,1278694.00,836.26,835.00,836.26,0.62,0.36,0.28,1
614939.56,1278694.00,838.31,837.00,838.31,0.64,0.37,0.29,1
615031.81,1278694.00,821.33,820.00,821.33,0.64,0.37,0.29,1
615124.12,1278694.00,798.34,797.00,798.34,0.63,0.36,0.29,1
615216.38,1278694.00,781.33,780.00,781.33,0.63,0.36,0.28,1
615308.62,1278694.00,779.32,778.00,779.32,0.62,0.35,0.27,1
615400.94,1278694.00,787.28,786.00,787.28,0.61,0.34,0.27,1
615493.19,1278694.00,798.22,797.00,798.22,0.61,0.35,0.27,1
615585.50,1278694.00,807.12,806.00,807.12,0.61,0.35,0.28,1
615677.75,1278694.00,815.98,815.00,815.98,0.61,0.36,0.28,1
615770.06,1278694.00,823.82,823.00,823.82,0.62,0.38,0.31,1
615862.31,1278694.00,830.70,830.00,830.70,0.63,0.40,0.33,1
615954.62,1278694.00,845.62,845.00,845.62,0.64,0.41,0.34,1
616046.88,1278694.00,864.56,864.00,864.56,0.64,0.41,0.35,1
616139.12,1278694.00,879.54,879.00,879.54,0.67,0.45,0.39,1
616231.44,1278694.00,864.53,864.00,864.53,0.70,0.48,0.41,1
616323.69,1278694.00,834.56,834.00,834.56,0.69,0.47,0.40,1
616416.00,1278694.00,813.61,813.00,813.61,0.67,0.44,0.38,1
616508.25,1278694.00,800.69,800.00,800.69,0.66,0.42,0.36,1
616600.56,1278694.00,791.79,791.00,791.79,0.64,0.39,0.33,1
616692.81,1278694.00,798.91,798.00,798.91,0.62,0.37,0.30,1
616785.12,1278694.00,805.01,804.00,805.01,0.62,0.37,0.30,1
616877.38,1278694.00,813.07,812.00,813.07,0.64,0.39,0.31,1
616969.62,1278694.00,804.11,803.00,804.11,0.65,0.39,0.31,1
617061.94,1278694.00,796.13,795.00,796.13,0.63,0.37,0.29,1
617154.19,1278694.00,798.14,797.00,798.14,0.62,0.36,0.29,1
617246.50,1278694.00,800.14,799.00,800.14,0.63,0.37,0.29,1
617338.75,1278694.00,802.12,801.00,802.12,0.63,0.37,0.29,1
617431.06,1278694.00,806.09,805.00,806.09,0.62,0.37,0.29,1
617523.31,1278694.00,812.02,811.00,812.02,0.63,0.38,0.31,1
617615.62,1278694.00,810.93,810.00,810.93,0.65,0.40,0.33,1
617707.88,1278694.00,808.86,808.00,808.86,0.63,0.39,0.31,1
617800.12,1278694.00,820.81,820.00,820.81,0.63,0.39,0.32,1
617892.44,1278694.00,816.79,816.00,816.79,0.64,0.40,0.33,1
617984.69,1278694.00,820.78,820.00,820.78,0.63,0.39,0.32,1
618077.00,1278694.00,839.78,839.00,839.78,0.60,0.36,0.29,1
618169.25,1278694.00,861.79,861.00,861.79,0.61,0.37,0.30,1
618261.56,1278694.00,877.82,877.00,877.82,0.64,0.40,0.33,1
618353.81,1278694.00,873.87,873.00,873.87,0.67,0.43,0.36,1
618446.12,1278694.00,853.96,853.00,853.96,0.68,0.43,0.35,1
618538.38,1278694.00,838.08,837.00,838.08,0.67,0.41,0.34,1
618630.62,1278694.00,831.24,830.00,831.24,0.65,0.39,0.31,1
618722.94,1278694.00,831.37,830.00,831.37,0.65,0.38,0.30,1
618815.19,1278694.00,819.47,818.00,819.47,0.65,0.37,0.29,1
618907.50,1278694.00,821.53,820.00,821.53,0.63,0.36,0.28,1
618999.75,1278694.00,829.56,828.00,829.56,0.62,0.34,0.26,1
619092.06,1278694.00,841.58,840.00,841.58,0.63,0.36,0.28,1
619184.31,1278694.00,836.59,835.00,836.59,0.65,0.38,0.30,1
619276.62,1278694.00,823.59,822.00,823.59,0.65,0.37,0.29,1
619368.88,1278694.00,822.58,821.00,822.58,0.64,0.36,0.28,1
619461.19,1278694.00,821.58,820.00,821.58,0.65,0.37,0.29,1
619553.44,1278694.00,815.57,814.00,815.57,0.65,0.37,0.29,1
619645.69,1278694.00,818.57,817.00,818.57,0.64,0.37,0.29,1
619738.00,1278694.00,819.57,818.00,819.57,0.64,0.37,0.29,1
619830.25,1278694.00,812.57,811.00,812.57,0.64,0.36,0.29,1
619922.56,1278694.00,806.58,805.00,806.58,0.63,0.36,0.28,1
620014.81,1278694.00,806.58,805.00,806.58,0.64,0.36,0.28,1
620107.12,1278694.00,796.59,795.00,796.59,0.63,0.35,0.27,1
620199.38,1278694.00,798.60,797.00,798.60,0.62,0.34,0.26,1
620291.69,1278694.00,812.61,811.00,812.61,0.62,0.34,0.26,1
620383.94,1278694.00,812.62,811.00,812.62,0.64,0.36,0.28,1
620476.19,1278694.00,794.63,793.00,794.63,0.64,0.36,0.28,1
620568.50,1278694.00,780.64,779.00,780.64,0.64,0.36,0.28,1
620660.75,1278694.00,769.64,768.00,769.64,0.63,0.35,0.27,1
620753.06,1278694.00,770.65,769.00,770.65,0.61,0.33,0.25,1
620845.31,1278694.00,791.65,790.00,791.65,0.60,0.32,0.24,1
620937.62,1278694.00,813.65,812.00,813.65,0.60,0.32,0.24,1
621029.88,1278694.00,832.64,831.00,832.64,0.61,0.33,0.25,1
621122.19,1278694.00,828.65,827.00,828.65,0.62,0.34,0.26,1
621214.44,1278694.00,803.65,802.00,803.65,0.62,0.34,0.26,1
621306.69,1278694.00,789.64,788.00,789.64,0.61,0.33,0.25,1
621399.00,1278694.00,798.63,797.00,798.63,0.61,0.33,0.25,1
621491.25,1278694.00,820.61,819.00,820.61,0.60,0.32,0.24,1
621583.56,1278694.00,840.59,839.00,840.59,0.61,0.33,0.25,1
621675.81,1278694.00,847.56,846.00,847.56,0.62,0.34,0.26,1
621768.12,1278694.00,834.53,833.00,834.53,0.61,0.33,0.25,1
621860.38,1278694.00,822.51,821.00,822.51,0.62,0.34,0.26,1
621952.69,1278694.00,809.50,808.00,809.50,0.63,0.35,0.27,1
622044.94,1278694.00,805.49,804.00,805.49,0.63,0.35,0.27,1
622137.19,1278694.00,825.49,824.00,825.49,0.62,0.35,0.27,1
622229.50,1278694.00,830.48,829.00,830.48,0.63,0.36,0.28,1
622321.75,1278694.00,824.48,823.00,824.48,0.62,0.35,0.27,1
622414.06,1278694.00,824.48,823.00,824.48,0.60,0.33,0.25,1
622506.31,1278694.00,830.48,829.00,830.48,0.61,0.33,0.25,1
622598.62,1278694.00,824.49,823.00,824.49,0.62,0.34,0.26,1
622690.88,1278694.00,817.49,816.00,817.49,0.61,0.34,0.26,1
622783.19,1278694.00,817.50,816.00,817.50,0.60,0.33,0.25,1
622875.44,1278694.00,828.51,827.00,828.51,0.60,0.32,0.25,1
622967.69,1278694.00,839.53,838.00,839.53,0.61,0.33,0.25,1
623060.00,1278694.00,847.54,846.00,847.54,0.62,0.34,0.26,1
623152.25,1278694.00,855.56,854.00,855.56,0.62,0.34,0.26,1
623244.56,1278694.00,865.57,864.00,865.57,0.62,0.34,0.26,1
623336.81,1278694.00,862.58,861.00,862.58,0.63,0.35,0.27,1
623429.12,1278694.00,847.59,846.00,847.59,0.63,0.35,0.27,1
623521.38,1278694.00,838.60,837.00,838.60,0.64,0.36,0.28,1
623613.69,1278694.00,837.61,836.00,837.61,0.64,0.36,0.28,1
623705.94,1278694.00,833.62,832.00,833.62,0.64,0.36,0.28,1
623798.19,1278694.00,829.63,828.00,829.63,0.64,0.36,0.28,1
623890.50,1278694.00,818.64,817.00,818.64,0.64,0.36,0.28,1
623982.75,1278694.00,814.64,813.00,814.64,0.64,0.36,0.28,1
624075.06,1278694.00,812.63,811.00,812.63,0.63,0.35,0.27,1
624167.31,1278694.00,811.63,810.00,811.63,0.61,0.33,0.25,1
624259.62,1278694.00,829.62,828.00,829.62,0.59,0.31,0.23,1
624351.88,1278694.00,841.62,840.00,841.62,0.59,0.31,0.23,1
624444.19,1278694.00,850.61,849.00,850.61,0.59,0.31,0.23,1
624536.44,1278694.00,859.60,858.00,859.60,0.61,0.33,0.25,1
624628.69,1278694.00,851.59,850.00,851.59,0.62,0.34,0.26,1
624721.00,1278694.00,844.59,843.00,844.59,0.62,0.34,0.26,1
624813.25,1278694.00,851.59,850.00,851.59,0.61,0.34,0.26,1
624905.56,1278694.00,863.59,862.00,863.59,0.62,0.34,0.26,1
624997.81,1278694.00,864.60,863.00,864.60,0.63,0.35,0.27,1
625090.12,1278694.00,856.61,855.00,856.61,0.63,0.35,0.27,1
625182.38,1278694.00,849.64,848.00,849.64,0.63,0.35,0.27,1
625274.69,1278694.00,846.65,845.00,846.65,0.62,0.34,0.26,1
625366.94,1278694.00,846.65,845.00,846.65,0.58,0.30,0.22,1
625459.19,1278694.00,-9999.00,-9999.00,-9999.00,0.71,0.71,0.71,0
614385.88,1278601.75,-9999.00,-9999.00,-9999.00,0.71,0.71,0.71,0
614478.12,1278601.75,794.15,793.00,794.15,0.32,0.06,-0.01,1
614570.44,1278601.75,804.22,803.00,804.22,0.61,0.34,0.27,1
614662.69,1278601.75,818.21,817.00,818.21,0.61,0.35,0.27,1
614755.00,1278601.75,833.23,832.00,833.23,0.61,0.35,0.27,1
614847.25,1278601.75,839.28,838.00,839.28,0.62,0.36,0.28,1
614939.56,1278601.75,830.31,829.00,830.31,0.63,0.36,0.28,1
615031.81,1278601.75,808.33,807.00,808.33,0.63,0.36,0.28,1
615124.12,1278601.75,787.33,786.00,787.33,0.63,0.36,0.28,1
615216.38,1278601.75,777.33,776.00,777.33,0.63,0.36,0.28,1
615308.62,1278601.75,778.31,777.00,778.31,0.62,0.35,0.28,1
615400.94,1278601.75,785.26,784.00,785.26,0.62,0.35,0.28,1
615493.19,1278601.75,794.18,793.00,794.18,0.62,0.36,0.28,1
615585.50,1278601.75,801.07,800.00,801.07,0.62,0.37,0.29,1
615677.75,1278601.75,810.92,810.00,810.92,0.62,0.37,0.30,1
615770.06,1278601.75,828.75,828.00,828.75,0.61,0.37,0.31,1
615862.31,1278601.75,851.62,851.00,851.62,0.63,0.39,0.33,1
615954.62,1278601.75,873.53,873.00,873.53,0.64,0.41,0.35,1
616046.88,1278601.75,893.49,893.00,893.49,0.65,0.43,0.37,1
616139.12,1278601.75,904.47,904.00,904.47,0.69,0.47,0.41,1
616231.44,1278601.75,880.48,880.00,880.48,0.70,0.48,0.42,1
616323.69,1278601.75,844.53,844.00,844.53,0.69,0.47,0.40,1
616416.00,1278601.75,820.59,820.00,820.59,0.67,0.44,0.38,1
616508.25,1278601.75,805.67,805.00,805.67,0.66,0.43,0.36,1
616600.56,1278601.75,794.77,794.00,794.77,0.64,0.40,0.33,1
616692.81,1278601.75,797.89,797.00,797.89,0.62,0.37,0.30,1
616785.12,1278601.75,809.00,808.00,809.00,0.62,0.36,0.29,1
616877.38,1278601.75,824.07,823.00,824.07,0.64,0.38,0.31,1
616969.62,1278601.75,809.11,808.00,809.11,0.65,0.39,0.31,1
617061.94,1278601.75,797.13,796.00,797.13,0.64,0.38,0.30,1
617154.19,1278601.75,802.14,801.00,802.14,0.63,0.37,0.29,1
617246.50,1278601.75,809.14,808.00,809.14,0.63,0.37,0.30,1
617338.75,1278601.75,812.12,811.00,812.12,0.64,0.38,0.31,1
617431.06,1278601.75,813.09,812.00,813.09,0.64,0.38,0.30,1
617523.31,1278601.75,820.03,819.00,820.03,0.64,0.38,0.31,1
617615.62,1278601.75,825.95,825.00,825.95,0.65,0.40,0.33,1
617707.88,1278601.75,817.88,817.00,817.88,0.65,0.41,0.34,1
617800.12,1278601.75,822.83,822.00,822.83,0.63,0.38,0.32,1
617892.44,1278601.75,824.81,824.00,824.81,0.64,0.39,0.32,1
617984.69,1278601.75,830.80,830.00,830.80,0.63,0.38,0.32,1
618077.00,1278601.75,846.80,846.00,846.80,0.61,0.36,0.29,1
618169.25,1278601.75,871.81,871.00,871.81,0.60,0.36,0.29,1
618261.56,1278601.75,892.84,892.00,892.84,0.63,0.39,0.32,1
618353.81,1278601.75,891.89,891.00,891.89,0.66,0.42,0.35,1
618446.12,1278601.75,872.98,872.00,872.98,0.67,0.42,0.35,1
618538.38,1278601.75,863.11,862.00,863.11,0.67,0.41,0.34,1
618630.62,1278601.75,850.27,849.00,850.27,0.66,0.39,0.32,1
618722.94,1278601.75,842.41,841.00,842.41,0.64,0.37,0.30,1
618815.19,1278601.75,842.52,841.00,842.52,0.64,0.37,0.29,1
618907.50,1278601.75,844.57,843.00,844.57,0.64,0.36,0.29,1
618999.75,1278601.75,845.60,844.00,845.60,0.63,0.35,0.27,1
619092.06,1278601.75,862.60,861.00,862.60,0.63,0.35,0.27,1
619184.31,1278601.75,867.59,866.00,867.59,0.65,0.37,0.29,1
619276.62,1278601.75,853.58,852.00,853.58,0.66,0.38,0.30,1
619368.88,1278601.75,840.57,839.00,840.57,0.65,0.37,0.29,1
619461.19,1278601.75,838.56,837.00,838.56,0.64,0.36,0.28,1
619553.44,1278601.75,846.55,845.00,846.55,0.64,0.36,0.28,1
619645.69,1278601.75,845.54,844.00,845.54,0.64,0.37,0.29,1
619738.00,1278601.75,842.54,841.00,842.54,0.64,0.37,0.29,1
619830.25,1278601.75,831.54,830.00,831.54,0.65,0.37,0.29,1
619922.56,1278601.75,817.55,816.00,817.55,0.64,0.37,0.29,1
620014.81,1278601.75,812.55,811.00,812.55,0.64,0.36,0.28,1
620107.12,1278601.75,804.56,803.00,804.56,0.64,0.36,0.28,1
620199.38,1278601.75,804.58,803.00,804.58,0.63,0.35,0.27,1
620291.69,1278601.75,818.59,817.00,818.59,0.62,0.34,0.26,1
620383.94,1278601.75,817.60,816.00,817.60,0.63,0.35,0.27,1
620476.19,1278601.75,800.62,799.00,800.62,0.64,0.36,0.28,1
620568.50,1278601.75,785.63,784.00,785.63,0.64,0.36,0.28,1
620660.75,1278601.75,774.64,773.00,774.64,0.63,0.35,0.27,1
620753.06,1278601.75,775.65,774.00,775.65,0.61,0.33,0.25,1
620845.31,1278601.75,798.65,797.00,798.65,0.59,0.31,0.23,1
620937.62,1278601.75,820.65,819.00,820.65,0.60,0.32,0.24,1
621029.88,1278601.75,826.65,825.00,826.65,0.61,0.33,0.25,1
621122.19,1278601.75,813.65,812.00,813.65,0.62,0.34,0.26,1
621214.44,1278601.75,790.65,789.00,790.65,0.62,0.34,0.26,1
621306.69,1278601.75,783.64,782.00,783.64,0.61,0.33,0.25,1
621399.00,1278601.75,799.63,798.00,799.63,0.60,0.32,0.24,1
621491.25,1278601.75,820.61,819.00,820.61,0.59,0.32,0.24,1
621583.56,1278601.75,841.59,840.00,841.59,0.60,0.33,0.25,1
621675.81,1278601.75,838.56,837.00,838.56,0.62,0.34,0.27,1
621768.12,1278601.75,812.54,811.00,812.54,0.62,0.34,0.26,1
621860.38,1278601.75,801.52,800.00,801.52,0.61,0.33,0.25,1
621952.69,1278601.75,804.50,803.00,804.50,0.61,0.33,0.25,1
622044.94,1278601.75,821.49,820.00,821.49,0.61,0.34,0.26,1
622137.19,1278601.75,834.49,833.00,834.49,0.62,0.34,0.26,1
622229.50,1278601.75,832.48,831.00,832.48,0.62,0.35,0.27,1
622321.75,1278601.75,818.48,817.00,818.48,0.62,0.34,0.27,1
622414.06,1278601.75,812.48,811.00,812.48,0.61,0.33,0.26,1
622506.31,1278601.75,816.48,815.00,816.48,0.61,0.33,0.25,1
622598.62,1278601.75,810.48,809.00,810.48,0.62,0.34,0.26,1
622690.88,1278601.75,804.49,803.00,804.49,0.62,0.35,0.27,1
622783.19,1278601.75,809.50,808.00,809.50,0.62,0.34,0.27,1
622875.44,1278601.75,818.51,817.00,818.51,0.61,0.33,0.25,1
622967.69,1278601.75,831.51,830.00,831.51,0.60,0.32,0.24,1
623060.00,1278601.75,847.52,846.00,847.52,0.60,0.33,0.25,1
623152.25,1278601.75,857.53,856.00,857.53,0.61,0.34,0.26,1
623244.56,1278601.75,860.54,859.00,860.54,0.62,0.34,0.26,1
623336.81,1278601.75,855.55,854.00,855.55,0.62,0.34,0.26,1
623429.12,1278601.75,845.56,844.00,845.56,0.62,0.34,0.26,1
623521.38,1278601.75,855.58,854.00,855.58,0.62,0.34,0.26,1
623613.69,1278601.75,866.59,865.00,866.59,0.63,0.36,0.28,1
623705.94,1278601.75,863.60,862.00,863.60,0.65,0.37,0.29,1
623798.19,1278601.75,843.61,842.00,843.61,0.65,0.37,0.29,1
623890.50,1278601.75,830.62,829.00,830.62,0.64,0.36,0.28,1
623982.75,1278601.75,837.62,836.00,837.62,0.64,0.36,0.28,1
624075.06,1278601.75,828.62,827.00,828.62,0.64,0.36,0.28,1
624167.31,1278601.75,811.61,810.00,811.61,0.63,0.35,0.27,1
624259.62,1278601.75,814.61,813.00,814.61,0.61,0.33,0.25,1
624351.88,1278601.75,822.61,821.00,822.61,0.60,0.32,0.24,1
624444.19,1278601.75,832.60,831.00,832.60,0.60,0.32,0.24,1
624536.44,1278601.75,842.59,841.00,842.59,0.61,0.33,0.25,1
624628.69,1278601.75,842.59,841.00,842.59,0.62,0.34,0.26,1
624721.00,1278601.75,840.59,839.00,840.59,0.61,0.34,0.26,1
624813.25,1278601.75,849.59,848.00,849.59,0.60,0.32,0.25,1
624905.56,1278601.75,864.59,863.00,864.59,0.61,0.33,0.25,1
624997.81,1278601.75,866.61,865.00,866.61,0.63,0.35,0.27,1
625090.12,1278601.75,853.63,852.00,853.63,0.63,0.35,0.27,1
625182.38,1278601.75,844.67,843.00,844.67,0.62,0.33,0.25,1
625274.69,1278601.75,846.69,845.00,846.69,0.61,0.33,0.25,1
625366.94,1278601.75,848.69,847.00,848.69,0.58,0.30,0.22,1
625459.19,1278601.75,-9999.00,-9999.00,-9999.00,0.71,0.71,0.71,0
614385.88,1278509.50,-9999.00,-9999.00,-9999.00,0.71,0.71,0.71,0
614478.12,1278509.50,787.17,786.00,787.17,0.33,0.06,-0.01,1
614570.44,1278509.50,800.24,799.00,800.24,0.59,0.33,0.25,1
614662.69,1278509.50,817.24,816.00,817.24,0.59,0.33,0.25,1
614755.00,1278509.50,829.26,828.00,829.26,0.59,0.33,0.25,1
614847.25,1278509.50,832.30,831.00,832.30,0.61,0.34,0.27,1
614939.56,1278509.50,818.32,817.00,818.32,0.63,0.36,0.28,1
615031.81,1278509.50,793.33,792.00,793.33,0.63,0.36,0.28,1
615124.12,1278509.50,781.33,780.00,781.33,0.63,0.36,0.28,1
615216.38,1278509.50,780.32,779.00,780.32,0.62,0.35,0.28,1
615308.62,1278509.50,783.29,782.00,783.29,0.62,0.35,0.27,1
615400.94,1278509.50,794.24,793.00,794.24,0.62,0.35,0.28,1
615493.19,1278509.50,808.16,807.00,808.16,0.62,0.36,0.29,1
615585.50,1278509.50,819.04,818.00,819.04,0.63,0.38,0.31,1
615677.75,1278509.50,828.87,828.00,828.87,0.63,0.39,0.32,1
615770.06,1278509.50,850.70,850.00,850.70,0.61,0.38,0.31,1
615862.31,1278509.50,880.56,880.00,880.56,0.61,0.38,0.32,1
615954.62,1278509.50,905.47,905.00,905.47,0.62,0.40,0.34,1
616046.88,1278509.50,923.44,923.00,923.44,0.65,0.44,0.38,1
616139.12,1278509.50,921.44,921.00,921.44,0.69,0.48,0.41,1
616231.44,1278509.50,883.45,883.00,883.45,0.69,0.48,0.41,1
616323.69,1278509.50,844.51,844.00,844.51,0.68,0.46,0.39,1
616416.00,1278509.50,821.58,821.00,821.58,0.66,0.44,0.37,1
616508.25,1278509.50,806.66,806.00,806.66,0.66,0.42,0.36,1
616600.56,1278509.50,797.76,797.00,797.76,0.65,0.41,0.34,1
616692.81,1278509.50,801.89,801.00,801.89,0.63,0.38,0.31,1
616785.12,1278509.50,815.00,814.00,815.00,0.62,0.37,0.29,1
616877.38,1278509.50,828.07,827.00,828.07,0.64,0.38,0.31,1
616969.62,1278509.50,809.11,808.00,809.11,0.64,0.39,0.31,1
617061.94,1278509.50,802.13,801.00,802.13,0.64,0.38,0.30,1
617154.19,1278509.50,810.14,809.00,810.14,0.63,0.36,0.29,1
617246.50,1278509.50,821.14,820.00,821.14,0.63,0.37,0.30,1
617338.75,1278509.50,826.13,825.00,826.13,0.64,0.38,0.30,1
617431.06,1278509.50,828.10,827.00,828.10,0.63,0.38,0.30,1
617523.31,1278509.50,837.05,836.00,837.05,0.63,0.38,0.30,1
617615.62,1278509.50,846.98,846.00,846.98,0.65,0.40,0.32,1
617707.88,1278509.50,838.91,838.00,838.91,0.67,0.42,0.35,1
617800.12,1278509.50,825.87,825.00,825.87,0.65,0.40,0.33,1
617892.44,1278509.50,829.85,829.00,829.85,0.63,0.38,0.31,1
617984.69,1278509.50,840.85,840.00,840.85,0.63,0.38,0.31,1
618077.00,1278509.50,855.85,855.00,855.85,0.61,0.37,0.30,1
618169.25,1278509.50,880.86,880.00,880.86,0.60,0.36,0.29,1
618261.56,1278509.50,899.88,899.00,899.88,0.62,0.37,0.30,1
618353.81,1278509.50,901.93,901.00,901.93,0.65,0.40,0.33,1
618446.12,1278509.50,896.02,895.00,896.02,0.67,0.41,0.34,1
618538.38,1278509.50,887.14,886.00,887.14,0.67,0.41,0.33,1
618630.62,1278509.50,873.32,872.00,873.32,0.67,0.40,0.32,1
618722.94,1278509.50,862.47,861.00,862.47,0.65,0.37,0.29,1
618815.19,1278509.50,869.57,868.00,869.57,0.64,0.36,0.28,1
618907.50,1278509.50,871.62,870.00,871.62,0.64,0.37,0.29,1
618999.75,1278509.50,871.63,870.00,871.63,0.64,0.36,0.28,1
619092.06,1278509.50,877.62,876.00,877.62,0.63,0.35,0.27,1
619184.31,1278509.50,887.60,886.00,887.60,0.64,0.36,0.28,1
619276.62,1278509.50,876.58,875.00,876.58,0.65,0.38,0.30,1
619368.88,1278509.50,855.55,854.00,855.55,0.65,0.37,0.29,1
619461.19,1278509.50,858.54,857.00,858.54,0.63,0.36,0.28,1
619553.44,1278509.50,861.53,860.00,861.53,0.63,0.36,0.28,1
619645.69,1278509.50,856.52,855.00,856.52,0.64,0.36,0.28,1
619738.00,1278509.50,846.52,845.00,846.52,0.63,0.36,0.28,1
619830.25,1278509.50,839.52,838.00,839.52,0.64,0.36,0.28,1
619922.56,1278509.50,828.52,827.00,828.52,0.64,0.36,0.29,1
620014.81,1278509.50,820.52,819.00,820.52,0.64,0.36,0.28,1
620107.12,1278509.50,823.53,822.00,823.53,0.64,0.36,0.28,1
620199.38,1278509.50,826.55,825.00,826.55,0.64,0.36,0.28,1
620291.69,1278509.50,826.57,825.00,826.57,0.64,0.36,0.28,1
620383.94,1278509.50,810.59,809.00,810.59,0.63,0.35,0.27,1
620476.19,1278509.50,795.62,794.00,795.62,0.63,0.35,0.27,1
620568.50,1278509.50,784.63,783.00,784.63,0.63,0.35,0.27,1
620660.75,1278509.50,777.64,776.00,777.64,0.63,0.35,0.27,1
620753.06,1278509.50,776.65,775.00,776.65,0.61,0.33,0.25,1
620845.31,1278509.50,793.65,792.00,793.65,0.59,0.31,0.23,1
620937.62,1278509.50,808.65,807.00,808.65,0.59,0.31,0.23,1
621029.88,1278509.50,809.65,808.00,809.65,0.60,0.32,0.24,1
621122.19,1278509.50,793.65,792.00,793.65,0.61,0.33,0.25,1
621214.44,1278509.50,777.65,776.00,777.65,0.62,0.34,0.26,1
621306.69,1278509.50,785.64,784.00,785.64,0.61,0.33,0.25,1
621399.00,1278509.50,805.63,804.00,805.63,0.61,0.33,0.25,1
621491.25,1278509.50,818.62,817.00,818.62,0.60,0.32,0.24,1
621583.56,1278509.50,830.60,829.00,830.60,0.60,0.32,0.24,1
621675.81,1278509.50,824.57,823.00,824.57,0.62,0.34,0.26,1
621768.12,1278509.50,801.55,800.00,801.55,0.62,0.35,0.27,1
621860.38,1278509.50,790.53,789.00,790.53,0.61,0.33,0.25,1
621952.69,1278509.50,805.51,804.00,805.51,0.60,0.32,0.25,1
622044.94,1278509.50,823.50,822.00,823.50,0.60,0.33,0.25,1
622137.19,1278509.50,826.50,825.00,826.50,0.61,0.34,0.26,1
622229.50,1278509.50,815.49,814.00,815.49,0.62,0.34,0.26,1
622321.75,1278509.50,802.49,801.00,802.49,0.61,0.34,0.26,1
622414.06,1278509.50,801.49,800.00,801.49,0.61,0.34,0.26,1
622506.31,1278509.50,803.49,802.00,803.49,0.62,0.34,0.26,1
622598.62,1278509.50,801.50,800.00,801.50,0.62,0.35,0.27,1
622690.88,1278509.50,812.50,811.00,812.50,0.62,0.34,0.26,1
622783.19,1278509.50,826.50,825.00,826.50,0.62,0.35,0.27,1
622875.44,1278509.50,826.50,825.00,826.50,0.62,0.35,0.27,1
622967.69,1278509.50,826.50,825.00,826.50,0.61,0.33,0.25,1
623060.00,1278509.50,844.51,843.00,844.51,0.60,0.33,0.25,1
623152.25,1278509.50,856.51,855.00,856.51,0.62,0.34,0.27,1
623244.56,1278509.50,853.52,852.00,853.52,0.63,0.35,0.27,1
623336.81,1278509.50,846.53,845.00,846.53,0.62,0.35,0.27,1
623429.12,1278509.50,843.54,842.00,843.54,0.61,0.34,0.26,1
623521.38,1278509.50,862.55,861.00,862.55,0.60,0.33,0.25,1
623613.69,1278509.50,875.56,874.00,875.56,0.62,0.34,0.26,1
623705.94,1278509.50,873.58,872.00,873.58,0.64,0.36,0.28,1
623798.19,1278509.50,849.58,848.00,849.58,0.64,0.36,0.28,1
623890.50,1278509.50,846.59,845.00,846.59,0.63,0.35,0.27,1
623982.75,1278509.50,850.59,849.00,850.59,0.63,0.35,0.27,1
624075.06,1278509.50,830.59,829.00,830.59,0.64,0.36,0.28,1
624167.31,1278509.50,814.59,813.00,814.59,0.63,0.36,0.28,1
624259.62,1278509.50,818.60,817.00,818.60,0.62,0.34,0.26,1
624351.88,1278509.50,828.60,827.00,828.60,0.61,0.34,0.26,1
624444.19,1278509.50,839.59,838.00,839.59,0.62,0.34,0.26,1
624536.44,1278509.50,844.59,843.00,844.59,0.62,0.34,0.26,1
624628.69,1278509.50,841.59,840.00,841.59,0.63,0.35,0.27,1
624721.00,1278509.50,838.59,837.00,838.59,0.62,0.34,0.26,1
624813.25,1278509.50,844.59,843.00,844.59,0.60,0.33,0.25,1
624905.56,1278509.50,858.60,857.00,858.60,0.60,0.33,0.25,1
624997.81,1278509.50,863.61,862.00,863.61,0.62,0.34,0.27,1
625090.12,1278509.50,846.64,845.00,846.64,0.63,0.35,0.27,1
625182.38,1278509.50,833.68,832.00,833.68,0.62,0.34,0.26,1
625274.69,1278509.50,832.70,831.00,832.70,0.61,0.33,0.25,1
625366.94,1278509.50,832.70,831.00,832.70,0.58,0.30,0.22,1
625459.19,1278509.50,-9999.00,-9999.00,-9999.00,0.71,0.71,0.71,0
614385.88,1278417.25,-9999.00,-9999.00,-9999.00,0.71,0.71,0.71,0
614478.12,1278417.25,783.19,782.00,783.19,0.33,0.07,-0.01,1
614570.44,1278417.25,788.27,787.00,788.27,0.60,0.33,0.26,1
614662.69,1278417.25,798.26,797.00,798.26,0.59,0.32,0.24,1
614755.00,1278417.25,804.28,803.00,804.28,0.58,0.32,0.24,1
614847.25,1278417.25,807.31,806.00,807.31,0.59,0.32,0.25,1
614939.56,1278417.25,802.32,801.00,802.32,0.61,0.34,0.27,1
615031.81,1278417.25,786.33,785.00,786.33,0.63,0.36,0.29,1
615124.12,1278417.25,779.33,778.00,779.33,0.63,0.36,0.29,1
615216.38,1278417.25,777.32,776.00,777.32,0.62,0.35,0.28,1
615308.62,1278417.25,781.29,780.00,781.29,0.61,0.34,0.27,1
615400.94,1278417.25,798.23,797.00,798.23,0.60,0.34,0.26,1
615493.19,1278417.25,820.14,819.00,820.14,0.61,0.35,0.27,1
615585.50,1278417.25,838.01,837.00,838.01,0.61,0.36,0.28,1
615677.75,1278417.25,858.84,858.00,858.84,0.62,0.37,0.30,1
615770.06,1278417.25,874.66,874.00,874.66,0.61,0.38,0.31,1
615862.31,1278417.25,893.53,893.00,893.53,0.59,0.37,0.30,1
615954.62,1278417.25,910.46,910.00,910.46,0.58,0.37,0.30,1
616046.88,1278417.25,926.43,926.00,926.43,0.61,0.40,0.33,1
616139.12,1278417.25,921.42,921.00,921.42,0.67,0.45,0.39,1
616231.44,1278417.25,878.44,878.00,878.44,0.68,0.47,0.41,1
616323.69,1278417.25,839.51,839.00,839.51,0.67,0.45,0.39,1
616416.00,1278417.25,818.58,818.00,818.58,0.66,0.44,0.37,1
616508.25,1278417.25,808.66,808.00,808.66,0.66,0.43,0.36,1
616600.56,1278417.25,804.76,804.00,804.76,0.65,0.41,0.34,1
616692.81,1278417.25,811.88,811.00,811.88,0.63,0.38,0.31,1
616785.12,1278417.25,825.00,824.00,825.00,0.62,0.37,0.30,1
616877.38,1278417.25,835.07,834.00,835.07,0.65,0.39,0.32,1
616969.62,1278417.25,810.12,809.00,810.12,0.65,0.39,0.32,1
617061.94,1278417.25,814.14,813.00,814.14,0.64,0.38,0.30,1
617154.19,1278417.25,821.14,820.00,821.14,0.63,0.37,0.30,1
617246.50,1278417.25,832.14,831.00,832.14,0.63,0.37,0.30,1
617338.75,1278417.25,839.14,838.00,839.14,0.64,0.38,0.30,1
617431.06,1278417.25,837.12,836.00,837.12,0.63,0.37,0.30,1
617523.31,1278417.25,848.08,847.00,848.08,0.62,0.36,0.29,1
617615.62,1278417.25,859.02,858.00,859.02,0.63,0.38,0.31,1
617707.88,1278417.25,850.97,850.00,850.97,0.65,0.40,0.33,1
617800.12,1278417.25,836.94,836.00,836.94,0.66,0.41,0.33,1
617892.44,1278417.25,837.92,837.00,837.92,0.64,0.39,0.32,1
617984.69,1278417.25,853.92,853.00,853.92,0.63,0.38,0.31,1
618077.00,1278417.25,868.92,868.00,868.92,0.63,0.38,0.31,1
618169.25,1278417.25,885.93,885.00,885.93,0.62,0.37,0.30,1
618261.56,1278417.25,903.95,903.00,903.95,0.61,0.36,0.29,1
618353.81,1278417.25,920.00,919.00,920.00,0.64,0.39,0.31,1
618446.12,1278417.25,920.08,919.00,920.08,0.66,0.40,0.33,1
618538.38,1278417.25,913.20,912.00,913.20,0.66,0.40,0.32,1
618630.62,1278417.25,906.36,905.00,906.36,0.66,0.39,0.32,1
618722.94,1278417.25,889.51,888.00,889.51,0.65,0.37,0.30,1
618815.19,1278417.25,900.60,899.00,900.60,0.64,0.36,0.28,1
618907.50,1278417.25,905.62,904.00,905.62,0.65,0.37,0.29,1
618999.75,1278417.25,899.62,898.00,899.62,0.65,0.37,0.29,1
619092.06,1278417.25,896.62,895.00,896.62,0.64,0.36,0.28,1
619184.31,1278417.25,901.59,900.00,901.59,0.64,0.36,0.28,1
619276.62,1278417.25,891.57,890.00,891.57,0.65,0.37,0.29,1
619368.88,1278417.25,869.54,868.00,869.54,0.65,0.37,0.29,1
619461.19,1278417.25,871.52,870.00,871.52,0.64,0.36,0.28,1
619553.44,1278417.25,867.51,866.00,867.51,0.64,0.36,0.28,1
619645.69,1278417.25,859.50,858.00,859.50,0.64,0.36,0.28,1
619738.00,1278417.25,847.50,846.00,847.50,0.64,0.36,0.28,1
619830.25,1278417.25,840.50,839.00,840.50,0.63,0.36,0.28,1
619922.56,1278417.25,833.50,832.00,833.50,0.63,0.36,0.28,1
620014.81,1278417.25,832.51,831.00,832.51,0.63,0.35,0.27,1
620107.12,1278417.25,844.52,843.00,844.52,0.63,0.35,0.28,1
620199.38,1278417.25,843.53,842.00,843.53,0.64,0.36,0.28,1
620291.69,1278417.25,828.56,827.00,828.56,0.64,0.36,0.28,1
620383.94,1278417.25,807.59,806.00,807.59,0.64,0.36,0.28,1
620476.19,1278417.25,787.61,786.00,787.61,0.63,0.35,0.27,1
620568.50,1278417.25,776.63,775.00,776.63,0.63,0.35,0.27,1
620660.75,1278417.25,775.64,774.00,775.64,0.62,0.34,0.26,1
620753.06,1278417.25,774.65,773.00,774.65,0.62,0.34,0.26,1
620845.31,1278417.25,778.65,777.00,778.65,0.61,0.33,0.25,1
620937.62,1278417.25,784.65,783.00,784.65,0.60,0.32,0.24,1
621029.88,1278417.25,784.65,783.00,784.65,0.60,0.32,0.24,1
621122.19,1278417.25,777.65,776.00,777.65,0.61,0.33,0.25,1
621214.44,1278417.25,776.65,775.00,776.65,0.61,0.33,0.25,1
621306.69,1278417.25,798.65,797.00,798.65,0.60,0.32,0.24,1
621399.00,1278417.25,816.64,815.00,816.64,0.61,0.33,0.25,1
621491.25,1278417.25,813.62,812.00,813.62,0.61,0.33,0.25,1
621583.56,1278417.25,809.61,808.00,809.61,0.60,0.32,0.24,1
621675.81,1278417.25,806.59,805.00,806.59,0.60,0.33,0.25,1
621768.12,1278417.25,789.56,788.00,789.56,0.62,0.34,0.26,1
621860.38,1278417.25,781.54,780.00,781.54,0.60,0.33,0.25,1
621952.69,1278417.25,802.53,801.00,802.53,0.59,0.31,0.24,1
622044.94,1278417.25,812.52,811.00,812.52,0.60,0.32,0.24,1
622137.19,1278417.25,813.51,812.00,813.51,0.61,0.33,0.25,1
622229.50,1278417.25,803.51,802.00,803.51,0.62,0.34,0.27,1
622321.75,1278417.25,790.50,789.00,790.50,0.62,0.35,0.27,1
622414.06,1278417.25,797.50,796.00,797.50,0.62,0.34,0.27,1
622506.31,1278417.25,806.50,805.00,806.50,0.62,0.35,0.27,1
622598.62,1278417.25,816.50,815.00,816.50,0.63,0.35,0.27,1
622690.88,1278417.25,825.49,824.00,825.49,0.62,0.35,0.27,1
622783.19,1278417.25,826.49,825.00,826.49,0.62,0.34,0.26,1
622875.44,1278417.25,820.49,819.00,820.49,0.61,0.34,0.26,1
622967.69,1278417.25,821.49,820.00,821.49,0.61,0.33,0.25,1
623060.00,1278417.25,843.49,842.00,843.49,0.60,0.32,0.25,1
623152.25,1278417.25,862.49,861.00,862.49,0.62,0.34,0.26,1
623244.56,1278417.25,856.49,855.00,856.49,0.63,0.36,0.28,1
623336.81,1278417.25,845.50,844.00,845.50,0.63,0.36,0.28,1
623429.12,1278417.25,844.50,843.00,844.50,0.62,0.34,0.26,1
623521.38,1278417.25,859.52,858.00,859.52,0.60,0.32,0.24,1
623613.69,1278417.25,874.53,873.00,874.53,0.61,0.33,0.26,1
623705.94,1278417.25,869.54,868.00,869.54,0.63,0.35,0.27,1
623798.19,1278417.25,851.55,850.00,851.55,0.63,0.36,0.28,1
623890.50,1278417.25,851.55,850.00,851.55,0.63,0.35,0.27,1
623982.75,1278417.25,841.56,840.00,841.56,0.63,0.35,0.27,1
624075.06,1278417.25,823.56,822.00,823.56,0.63,0.36,0.28,1
624167.31,1278417.25,823.58,822.00,823.58,0.63,0.35,0.27,1
624259.62,1278417.25,831.58,830.00,831.58,0.63,0.35,0.27,1
624351.88,1278417.25,832.58,831.00,832.58,0.63,0.35,0.27,1
624444.19,1278417.25,837.58,836.00,837.58,0.62,0.34,0.27,1
624536.44,1278417.25,845.58,844.00,845.58,0.62,0.34,0.26,1
624628.69,1278417.25,845.58,844.00,845.58,0.63,0.35,0.27,1
624721.00,1278417.25,839.58,838.00,839.58,0.63,0.35,0.27,1
624813.25,1278417.25,841.59,840.00,841.59,0.61,0.33,0.25,1
624905.56,1278417.25,854.59,853.00,854.59,0.60,0.33,0.25,1
624997.81,1278417.25,859.61,858.00,859.61,0.62,0.34,0.26,1
625090.12,1278417.25,843.63,842.00,843.63,0.63,0.35,0.27,1
625182.38,1278417.25,828.67,827.00,828.67,0.63,0.35,0.27,1
625274.69,1278417.25,826.70,825.00,826.70,0.62,0.34,0.26,1
625366.94,1278417.25,830.70,829.00,830.70,0.58,0.30,0.22,1
625459.19,1278417.25,-9999.00,-9999.00,-9999.00,0.71,0.71,0.71,0
614385.88,1278324.88,-9999.00,-9999.00,-9999.00,0.71,0.71,0.71,0
614478.12,1278324.88,779.21,778.00,779.21,0.33,0.07,-0.01,1
614570.44,1278324.88,776.29,775.00,776.29,0.61,0.35,0.27,1
614662.69,1278324.88,778.28,777.00,778.28,0.60,0.34,0.26,1
614755.00,1278324.88,781.30,780.00,781.30,0.61,0.34,0.26,1
614847.25,1278324.88,782.31,781.00,782.31,0.61,0.34,0.26,1
614939.56,1278324.88,783.33,782.00,783.33,0.61,0.34,0.26,1
615031.81,1278324.88,786.34,785.00,786.34,0.62,0.36,0.28,1
615124.12,1278324.88,785.33,784.00,785.33,0.63,0.37,0.29,1
615216.38,1278324.88,778.32,777.00,778.32,0.63,0.36,0.28,1
615308.62,1278324.88,784.28,783.00,784.28,0.61,0.35,0.27,1
615400.94,1278324.88,804.23,803.00,804.23,0.60,0.34,0.26,1
615493.19,1278324.88,826.14,825.00,826.14,0.60,0.34,0.26,1
615585.50,1278324.88,843.01,842.00,843.01,0.60,0.35,0.27,1
615677.75,1278324.88,856.84,856.00,856.84,0.59,0.35,0.28,1
615770.06,1278324.88,863.66,863.00,863.66,0.58,0.34,0.28,1
615862.31,1278324.88,873.54,873.00,873.54,0.55,0.33,0.27,1
615954.62,1278324.88,886.46,886.00,886.46,0.54,0.32,0.26,1
616046.88,1278324.88,905.43,905.00,905.43,0.56,0.35,0.28,1
616139.12,1278324.88,907.43,907.00,907.43,0.63,0.42,0.36,1
616231.44,1278324.88,872.45,872.00,872.45,0.68,0.47,0.40,1
616323.69,1278324.88,836.50,836.00,836.50,0.68,0.46,0.39,1
616416.00,1278324.88,824.57,824.00,824.57,0.67,0.44,0.37,1
616508.25,1278324.88,822.65,822.00,822.65,0.67,0.43,0.37,1
616600.56,1278324.88,819.75,819.00,819.75,0.66,0.42,0.35,1
616692.81,1278324.88,821.88,821.00,821.88,0.64,0.40,0.33,1
616785.12,1278324.88,832.00,831.00,832.00,0.63,0.38,0.31,1
616877.38,1278324.88,840.08,839.00,840.08,0.65,0.39,0.32,1
616969.62,1278324.88,826.13,825.00,826.13,0.66,0.40,0.32,1
617061.94,1278324.88,834.15,833.00,834.15,0.64,0.38,0.31,1
617154.19,1278324.88,840.15,839.00,840.15,0.64,0.38,0.31,1
617246.50,1278324.88,851.15,850.00,851.15,0.64,0.38,0.31,1
617338.75,1278324.88,852.15,851.00,852.15,0.65,0.38,0.31,1
617431.06,1278324.88,843.15,842.00,843.15,0.64,0.38,0.30,1
617523.31,1278324.88,852.13,851.00,852.13,0.62,0.36,0.29,1
617615.62,1278324.88,858.10,857.00,858.10,0.63,0.37,0.30,1
617707.88,1278324.88,851.07,850.00,851.07,0.64,0.39,0.31,1
617800.12,1278324.88,850.05,849.00,850.05,0.64,0.39,0.31,1
617892.44,1278324.88,860.04,859.00,860.04,0.63,0.38,0.30,1
617984.69,1278324.88,880.03,879.00,880.03,0.63,0.37,0.30,1
618077.00,1278324.88,893.03,892.00,893.03,0.63,0.38,0.31,1
618169.25,1278324.88,907.04,906.00,907.04,0.63,0.38,0.30,1
618261.56,1278324.88,920.06,919.00,920.06,0.62,0.37,0.29,1
618353.81,1278324.88,938.10,937.00,938.10,0.63,0.37,0.30,1
618446.12,1278324.88,946.17,945.00,946.17,0.65,0.39,0.32,1
618538.38,1278324.88,939.27,938.00,939.27,0.66,0.39,0.32,1
618630.62,1278324.88,934.40,933.00,934.40,0.66,0.39,0.31,1
618722.94,1278324.88,917.50,916.00,917.50,0.65,0.38,0.30,1
618815.19,1278324.88,928.57,927.00,928.57,0.63,0.35,0.27,1
618907.50,1278324.88,943.60,942.00,943.60,0.64,0.36,0.28,1
618999.75,1278324.88,935.61,934.00,935.61,0.66,0.38,0.30,1
619092.06,1278324.88,921.61,920.00,921.61,0.65,0.37,0.29,1
619184.31,1278324.88,916.59,915.00,916.59,0.64,0.37,0.29,1
619276.62,1278324.88,905.55,904.00,905.55,0.65,0.37,0.29,1
619368.88,1278324.88,889.53,888.00,889.53,0.65,0.37,0.30,1
619461.19,1278324.88,885.51,884.00,885.51,0.64,0.37,0.29,1
619553.44,1278324.88,875.50,874.00,875.50,0.64,0.37,0.29,1
619645.69,1278324.88,863.50,862.00,863.50,0.64,0.37,0.29,1
619738.00,1278324.88,852.50,851.00,852.50,0.64,0.37,0.29,1
619830.25,1278324.88,847.50,846.00,847.50,0.64,0.37,0.29,1
619922.56,1278324.88,838.50,837.00,838.50,0.63,0.36,0.28,1
620014.81,1278324.88,842.50,841.00,842.50,0.63,0.35,0.27,1
620107.12,1278324.88,850.51,849.00,850.51,0.63,0.35,0.28,1
620199.38,1278324.88,840.52,839.00,840.52,0.64,0.36,0.28,1
620291.69,1278324.88,822.55,821.00,822.55,0.64,0.36,0.28,1
620383.94,1278324.88,804.59,803.00,804.59,0.64,0.36,0.28,1
620476.19,1278324.88,789.62,788.00,789.62,0.64,0.36,0.28,1
620568.50,1278324.88,786.64,785.00,786.64,0.64,0.36,0.28,1
620660.75,1278324.88,777.65,776.00,777.65,0.63,0.35,0.27,1
620753.06,1278324.88,775.66,774.00,775.66,0.63,0.34,0.26,1
620845.31,1278324.88,778.66,777.00,778.66,0.62,0.34,0.26,1
620937.62,1278324.88,779.66,778.00,779.66,0.62,0.34,0.26,1
621029.88,1278324.88,772.66,771.00,772.66,0.62,0.34,0.26,1
621122.19,1278324.88,766.66,765.00,766.66,0.62,0.34,0.26,1
621214.44,1278324.88,773.66,772.00,773.66,0.60,0.32,0.24,1
621306.69,1278324.88,793.65,792.00,793.65,0.59,0.31,0.23,1
621399.00,1278324.88,807.64,806.00,807.64,0.60,0.32,0.24,1
621491.25,1278324.88,796.63,795.00,796.63,0.61,0.33,0.25,1
621583.56,1278324.88,787.62,786.00,787.62,0.61,0.33,0.25,1
621675.81,1278324.88,781.61,780.00,781.61,0.61,0.33,0.25,1
621768.12,1278324.88,774.59,773.00,774.59,0.62,0.35,0.27,1
621860.38,1278324.88,773.57,772.00,773.57,0.62,0.34,0.26,1
621952.69,1278324.88,784.55,783.00,784.55,0.60,0.32,0.24,1
622044.94,1278324.88,793.54,792.00,793.54,0.59,0.32,0.24,1
622137.19,1278324.88,797.54,796.00,797.54,0.60,0.33,0.25,1
622229.50,1278324.88,791.53,790.00,791.53,0.61,0.33,0.25,1
622321.75,1278324.88,794.53,793.00,794.53,0.61,0.33,0.25,1
622414.06,1278324.88,813.52,812.00,813.52,0.60,0.33,0.25,1
622506.31,1278324.88,825.52,824.00,825.52,0.61,0.34,0.26,1
622598.62,1278324.88,832.51,831.00,832.51,0.63,0.35,0.27,1
622690.88,1278324.88,822.50,821.00,822.50,0.62,0.35,0.27,1
622783.19,1278324.88,811.50,810.00,811.50,0.61,0.34,0.26,1
622875.44,1278324.88,808.49,807.00,808.49,0.61,0.33,0.25,1
622967.69,1278324.88,821.48,820.00,821.48,0.60,0.32,0.25,1
623060.00,1278324.88,848.47,847.00,848.47,0.60,0.32,0.24,1
623152.25,1278324.88,858.47,857.00,858.47,0.61,0.33,0.25,1
623244.56,1278324.88,856.47,855.00,856.47,0.62,0.35,0.27,1
623336.81,1278324.88,852.47,851.00,852.47,0.64,0.36,0.28,1
623429.12,1278324.88,845.47,844.00,845.47,0.63,0.35,0.27,1
623521.38,1278324.88,851.48,850.00,851.48,0.60,0.33,0.25,1
623613.69,1278324.88,865.49,864.00,865.49,0.60,0.33,0.25,1
623705.94,1278324.88,866.50,865.00,866.50,0.63,0.35,0.27,1
623798.19,1278324.88,854.50,853.00,854.50,0.63,0.36,0.28,1
623890.50,1278324.88,843.51,842.00,843.51,0.63,0.35,0.27,1
623982.75,1278324.88,834.52,833.00,834.52,0.63,0.36,0.28,1
624075.06,1278324.88,834.53,833.00,834.53,0.64,0.36,0.28,1
624167.31,1278324.88,834.54,833.00,834.54,0.63,0.36,0.28,1
624259.62,1278324.88,839.55,838.00,839.55,0.62,0.35,0.27,1
624351.88,1278324.88,850.55,849.00,850.55,0.63,0.35,0.27,1
624444.19,1278324.88,855.56,854.00,855.56,0.64,0.36,0.28,1
624536.44,1278324.88,851.56,850.00,851.56,0.63,0.35,0.28,1
624628.69,1278324.88,849.57,848.00,849.57,0.63,0.35,0.28,1
624721.00,1278324.88,844.57,843.00,844.57,0.63,0.35,0.28,1
624813.25,1278324.88,840.58,839.00,840.58,0.62,0.34,0.26,1
624905.56,1278324.88,848.59,847.00,848.59,0.60,0.32,0.24,1
624997.81,1278324.88,851.60,850.00,851.60,0.61,0.33,0.25,1
625090.12,1278324.88,841.62,840.00,841.62,0.62,0.34,0.27,1
625182.38,1278324.88,830.67,829.00,830.67,0.62,0.34,0.26,1
625274.69,1278324.88,839.70,838.00,839.70,0.62,0.33,0.25,1
625366.94,1278324.88,850.70,849.00,850.70,0.58,0.30,0.22,1
625459.19,1278324.88,-9999.00,-9999.00,-9999.00,0.71,0.71,0.71,0
614385.88,1278232.62,-9999.00,-9999.00,-9999.00,0.71,0.71,0.71,0
614478.12,1278232.62,768.22,767.00,768.22,0.33,0.07,-0.01,1
614570.44,1278232.62,769.30,768.00,769.30,0.62,0.35,0.27,1
614662.69,1278232.62,773.30,772.00,773.30,0.62,0.35,0.27,1
614755.00,1278232.62,782.30,781.00,782.30,0.62,0.36,0.28,1
614847.25,1278232.62,783.32,782.00,783.32,0.63,0.36,0.28,1
614939.56,1278232.62,782.33,781.00,782.33,0.62,0.35,0.28,1
615031.81,1278232.62,789.33,788.00,789.33,0.63,0.36,0.28,1
615124.12,1278232.62,786.33,785.00,786.33,0.63,0.36,0.29,1
615216.38,1278232.62,781.32,780.00,781.32,0.63,0.36,0.28,1
615308.62,1278232.62,790.28,789.00,790.28,0.61,0.35,0.27,1
615400.94,1278232.62,807.22,806.00,807.22,0.60,0.34,0.26,1
615493.19,1278232.62,824.13,823.00,824.13,0.60,0.34,0.26,1
615585.50,1278232.62,833.00,832.00,833.00,0.60,0.34,0.27,1
615677.75,1278232.62,832.84,832.00,832.84,0.59,0.34,0.27,1
615770.06,1278232.62,833.67,833.00,833.67,0.57,0.34,0.27,1
615862.31,1278232.62,840.56,840.00,840.56,0.55,0.33,0.26,1
615954.62,1278232.62,853.49,853.00,853.49,0.53,0.31,0.25,1
616046.88,1278232.62,878.46,878.00,878.46,0.54,0.32,0.26,1
616139.12,1278232.62,888.45,888.00,888.45,0.60,0.38,0.32,1
616231.44,1278232.62,868.47,868.00,868.47,0.66,0.44,0.38,1
616323.69,1278232.62,842.51,842.00,842.51,0.67,0.45,0.39,1
616416.00,1278232.62,837.57,837.00,837.57,0.66,0.43,0.37,1
616508.25,1278232.62,842.65,842.00,842.65,0.66,0.42,0.36,1
616600.56,1278232.62,846.75,846.00,846.75,0.66,0.42,0.35,1
616692.81,1278232.62,847.89,847.00,847.89,0.66,0.41,0.34,1
616785.12,1278232.62,851.00,850.00,851.00,0.65,0.40,0.32,1
616877.38,1278232.62,857.09,856.00,857.09,0.65,0.39,0.32,1
616969.62,1278232.62,856.14,855.00,856.14,0.66,0.40,0.32,1
617061.94,1278232.62,862.16,861.00,862.16,0.65,0.39,0.31,1
617154.19,1278232.62,870.16,869.00,870.16,0.65,0.38,0.31,1
617246.50,1278232.62,875.17,874.00,875.17,0.65,0.39,0.31,1
617338.75,1278232.62,862.19,861.00,862.19,0.65,0.39,0.31,1
617431.06,1278232.62,852.20,851.00,852.20,0.64,0.38,0.31,1
617523.31,1278232.62,857.20,856.00,857.20,0.63,0.37,0.29,1
617615.62,1278232.62,865.20,864.00,865.20,0.63,0.37,0.29,1
617707.88,1278232.62,868.20,867.00,868.20,0.64,0.38,0.30,1
617800.12,1278232.62,872.20,871.00,872.20,0.64,0.38,0.30,1
617892.44,1278232.62,886.20,885.00,886.20,0.63,0.37,0.30,1
617984.69,1278232.62,902.20,901.00,902.20,0.63,0.37,0.29,1
618077.00,1278232.62,917.20,916.00,917.20,0.63,0.37,0.29,1
618169.25,1278232.62,928.20,927.00,928.20,0.63,0.37,0.29,1
618261.56,1278232.62,938.22,937.00,938.22,0.62,0.35,0.28,1
618353.81,1278232.62,956.25,955.00,956.25,0.61,0.34,0.27,1
618446.12,1278232.62,972.30,971.00,972.30,0.63,0.37,0.29,1
618538.38,1278232.62,966.37,965.00,966.37,0.65,0.38,0.31,1
618630.62,1278232.62,957.42,956.00,957.42,0.66,0.38,0.31,1
618722.94,1278232.62,949.47,948.00,949.47,0.65,0.38,0.30,1
618815.19,1278232.62,957.50,956.00,957.50,0.64,0.36,0.28,1
618907.50,1278232.62,968.52,967.00,968.52,0.64,0.37,0.29,1
618999.75,1278232.62,965.54,964.00,965.54,0.66,0.38,0.30,1
619092.06,1278232.62,943.57,942.00,943.57,0.66,0.38,0.30,1
619184.31,1278232.62,929.56,928.00,929.56,0.65,0.38,0.30,1
619276.62,1278232.62,913.53,912.00,913.53,0.65,0.37,0.29,1
619368.88,1278232.62,907.51,906.00,907.51,0.65,0.37,0.29,1
619461.19,1278232.62,900.50,899.00,900.50,0.64,0.37,0.29,1
619553.44,1278232.62,880.50,879.00,880.50,0.64,0.37,0.29,1
619645.69,1278232.62,873.50,872.00,873.50,0.64,0.37,0.29,1
619738.00,1278232.62,869.49,868.00,869.49,0.64,0.37,0.29,1
619830.25,1278232.62,861.49,860.00,861.49,0.64,0.37,0.29,1
619922.56,1278232.62,850.50,849.00,850.50,0.64,0.36,0.29,1
620014.81,1278232.62,857.50,856.00,857.50,0.64,0.36,0.28,1
620107.12,1278232.62,856.51,855.00,856.51,0.64,0.37,0.29,1
620199.38,1278232.62,843.52,842.00,843.52,0.65,0.37,0.29,1
620291.69,1278232.62,821.55,820.00,821.55,0.65,0.37,0.29,1
620383.94,1278232.62,809.59,808.00,809.59,0.64,0.36,0.28,1
620476.19,1278232.62,804.63,803.00,804.63,0.64,0.36,0.28,1
620568.50,1278232.62,798.65,797.00,798.65,0.64,0.36,0.28,1
620660.75,1278232.62,784.66,783.00,784.66,0.64,0.36,0.28,1
620753.06,1278232.62,784.67,783.00,784.67,0.63,0.35,0.27,1
620845.31,1278232.62,778.67,777.00,778.67,0.63,0.35,0.27,1
620937.62,1278232.62,774.67,773.00,774.67,0.62,0.34,0.26,1
621029.88,1278232.62,774.67,773.00,774.67,0.62,0.34,0.26,1
621122.19,1278232.62,773.67,772.00,773.67,0.63,0.35,0.27,1
621214.44,1278232.62,776.66,775.00,776.66,0.62,0.34,0.26,1
621306.69,1278232.62,776.65,775.00,776.65,0.60,0.32,0.24,1
621399.00,1278232.62,786.64,785.00,786.64,0.60,0.32,0.24,1
621491.25,1278232.62,780.64,779.00,780.64,0.62,0.34,0.26,1
621583.56,1278232.62,775.64,774.00,775.64,0.62,0.34,0.26,1
621675.81,1278232.62,778.62,777.00,778.62,0.63,0.35,0.27,1
621768.12,1278232.62,785.61,784.00,785.61,0.64,0.36,0.28,1
621860.38,1278232.62,780.60,779.00,780.60,0.64,0.36,0.28,1
621952.69,1278232.62,777.59,776.00,777.59,0.63,0.35,0.27,1
622044.94,1278232.62,780.58,779.00,780.58,0.61,0.34,0.26,1
622137.19,1278232.62,780.58,779.00,780.58,0.61,0.34,0.26,1
622229.50,1278232.62,779.57,778.00,779.57,0.61,0.34,0.26,1
622321.75,1278232.62,787.57,786.00,787.57,0.60,0.33,0.25,1
622414.06,1278232.62,799.55,798.00,799.55,0.59,0.31,0.24,1
622506.31,1278232.62,811.54,810.00,811.54,0.59,0.31,0.23,1
622598.62,1278232.62,819.52,818.00,819.52,0.60,0.32,0.25,1
622690.88,1278232.62,809.51,808.00,809.51,0.61,0.34,0.26,1
622783.19,1278232.62,799.50,798.00,799.50,0.61,0.34,0.26,1
622875.44,1278232.62,804.49,803.00,804.49,0.60,0.33,0.25,1
622967.69,1278232.62,824.48,823.00,824.48,0.59,0.32,0.24,1
623060.00,1278232.62,841.46,840.00,841.46,0.59,0.32,0.24,1
623152.25,1278232.62,843.45,842.00,843.45,0.60,0.32,0.25,1
623244.56,1278232.62,853.44,852.00,853.44,0.61,0.34,0.26,1
623336.81,1278232.62,859.44,858.00,859.44,0.63,0.36,0.28,1
623429.12,1278232.62,849.44,848.00,849.44,0.63,0.36,0.28,1
623521.38,1278232.62,847.44,846.00,847.44,0.61,0.34,0.26,1
623613.69,1278232.62,858.44,857.00,858.44,0.60,0.33,0.25,1
623705.94,1278232.62,864.45,863.00,864.45,0.62,0.35,0.27,1
623798.19,1278232.62,851.45,850.00,851.45,0.63,0.36,0.28,1
623890.50,1278232.62,839.46,838.00,839.46,0.63,0.36,0.28,1
623982.75,1278232.62,849.47,848.00,849.47,0.63,0.36,0.28,1
624075.06,1278232.62,859.49,858.00,859.49,0.65,0.37,0.29,1
624167.31,1278232.62,851.50,850.00,851.50,0.65,0.37,0.29,1
624259.62,1278232.62,852.52,851.00,852.52,0.63,0.36,0.28,1
624351.88,1278232.62,865.53,864.00,865.53,0.63,0.35,0.27,1
624444.19,1278232.62,864.54,863.00,864.54,0.63,0.36,0.28,1
624536.44,1278232.62,857.55,856.00,857.55,0.63,0.36,0.28,1
624628.69,1278232.62,858.55,857.00,858.55,0.64,0.36,0.28,1
624721.00,1278232.62,850.56,849.00,850.56,0.64,0.37,0.29,1
624813.25,1278232.62,835.56,834.00,835.56,0.63,0.36,0.28,1
624905.56,1278232.62,832.57,831.00,832.57,0.61,0.33,0.25,1
624997.81,1278232.62,836.58,835.00,836.58,0.61,0.33,0.25,1
625090.12,1278232.62,830.60,829.00,830.60,0.62,0.34,0.26,1
625182.38,1278232.62,826.64,825.00,826.64,0.61,0.33,0.25,1
625274.69,1278232.62,841.69,840.00,841.69,0.60,0.32,0.24,1
625366.94,1278232.62,853.69,852.00,853.69,0.58,0.30,0.22,1
625459.19,1278232.62,-9999.00,-9999.00,-9999.00,0.71,0.71,0.71,0
614385.88,1278140.38,-9999.00,-9999.00,-9999.00,0.71,0.71,0.71,0
614478.12,1278140.38,763.21,762.00,763.21,0.33,0.07,-0.01,1
614570.44,1278140.38,770.27,769.00,770.27,0.62,0.35,0.28,1
614662.69,1278140.38,779.29,778.00,779.29,0.62,0.36,0.28,1
614755.00,1278140.38,789.30,788.00,789.30,0.63,0.36,0.28,1
614847.25,1278140.38,788.32,787.00,788.32,0.63,0.36,0.28,1
614939.56,1278140.38,786.33,785.00,786.33,0.62,0.36,0.28,1
615031.81,1278140.38,794.33,793.00,794.33,0.63,0.36,0.28,1
615124.12,1278140.38,787.33,786.00,787.33,0.63,0.36,0.29,1
615216.38,1278140.38,784.32,783.00,784.32,0.62,0.36,0.28,1
615308.62,1278140.38,792.28,791.00,792.28,0.61,0.34,0.27,1
615400.94,1278140.38,804.22,803.00,804.22,0.60,0.34,0.26,1
615493.19,1278140.38,812.14,811.00,812.14,0.60,0.34,0.26,1
615585.50,1278140.38,811.01,810.00,811.01,0.60,0.34,0.27,1
615677.75,1278140.38,808.84,808.00,808.84,0.60,0.36,0.29,1
615770.06,1278140.38,809.70,809.00,809.70,0.61,0.37,0.30,1
615862.31,1278140.38,814.60,814.00,814.60,0.60,0.37,0.30,1
615954.62,1278140.38,827.54,827.00,827.54,0.57,0.35,0.28,1
616046.88,1278140.38,850.51,850.00,850.51,0.56,0.33,0.27,1
616139.12,1278140.38,863.49,863.00,863.49,0.58,0.36,0.30,1
616231.44,1278140.38,858.50,858.00,858.50,0.63,0.41,0.35,1
616323.69,1278140.38,846.52,846.00,846.52,0.65,0.42,0.36,1
616416.00,1278140.38,850.57,850.00,850.57,0.63,0.41,0.34,1
616508.25,1278140.38,860.65,860.00,860.65,0.63,0.39,0.33,1
616600.56,1278140.38,870.76,870.00,870.76,0.63,0.39,0.33,1
616692.81,1278140.38,873.90,873.00,873.90,0.64,0.40,0.32,1
616785.12,1278140.38,877.02,876.00,877.02,0.64,0.39,0.31,1
616877.38,1278140.38,883.10,882.00,883.10,0.64,0.38,0.31,1
616969.62,1278140.38,890.15,889.00,890.15,0.65,0.39,0.31,1
617061.94,1278140.38,894.17,893.00,894.17,0.65,0.39,0.32,1
617154.19,1278140.38,894.18,893.00,894.18,0.65,0.39,0.31,1
617246.50,1278140.38,885.20,884.00,885.20,0.65,0.38,0.31,1
617338.75,1278140.38,869.23,868.00,869.23,0.65,0.38,0.31,1
617431.06,1278140.38,868.26,867.00,868.26,0.64,0.38,0.30,1
617523.31,1278140.38,870.30,869.00,870.30,0.64,0.37,0.29,1
617615.62,1278140.38,876.33,875.00,876.33,0.63,0.36,0.28,1
617707.88,1278140.38,890.37,889.00,890.37,0.63,0.35,0.28,1
617800.12,1278140.38,905.41,904.00,905.41,0.63,0.36,0.28,1
617892.44,1278140.38,918.43,917.00,918.43,0.63,0.36,0.28,1
617984.69,1278140.38,930.44,929.00,930.44,0.64,0.36,0.28,1
618077.00,1278140.38,937.43,936.00,937.43,0.64,0.36,0.29,1
618169.25,1278140.38,945.42,944.00,945.42,0.64,0.37,0.29,1
618261.56,1278140.38,942.43,941.00,942.43,0.63,0.36,0.28,1
618353.81,1278140.38,952.44,951.00,952.44,0.60,0.33,0.25,1
618446.12,1278140.38,973.47,972.00,973.47,0.61,0.33,0.25,1
618538.38,1278140.38,981.49,980.00,981.49,0.63,0.36,0.28,1
618630.62,1278140.38,982.49,981.00,982.49,0.65,0.37,0.29,1
618722.94,1278140.38,980.47,979.00,980.47,0.64,0.37,0.29,1
618815.19,1278140.38,991.43,990.00,991.43,0.63,0.36,0.28,1
618907.50,1278140.38,1008.41,1007.00,1008.41,0.65,0.38,0.30,1
618999.75,1278140.38,991.41,990.00,991.41,0.67,0.40,0.32,1
619092.06,1278140.38,965.46,964.00,965.46,0.66,0.39,0.31,1
619184.31,1278140.38,954.48,953.00,954.48,0.66,0.38,0.30,1
619276.62,1278140.38,937.49,936.00,937.49,0.66,0.38,0.31,1
619368.88,1278140.38,920.49,919.00,920.49,0.65,0.38,0.30,1
619461.19,1278140.38,899.50,898.00,899.50,0.64,0.37,0.29,1
619553.44,1278140.38,890.50,889.00,890.50,0.64,0.37,0.29,1
619645.69,1278140.38,887.50,886.00,887.50,0.64,0.37,0.29,1
619738.00,1278140.38,878.50,877.00,878.50,0.64,0.37,0.29,1
619830.25,1278140.38,867.50,866.00,867.50,0.64,0.36,0.28,1
619922.56,1278140.38,865.50,864.00,865.50,0.63,0.36,0.28,1
620014.81,1278140.38,874.50,873.00,874.50,0.63,0.36,0.28,1
620107.12,1278140.38,873.51,872.00,873.51,0.65,0.37,0.29,1
620199.38,1278140.38,857.53,856.00,857.53,0.65,0.38,0.30,1
620291.69,1278140.38,841.56,840.00,841.56,0.65,0.38,0.30,1
620383.94,1278140.38,823.61,822.00,823.61,0.64,0.37,0.29,1
620476.19,1278140.38,817.65,816.00,817.65,0.64,0.36,0.28,1
620568.50,1278140.38,808.68,807.00,808.68,0.64,0.36,0.28,1
620660.75,1278140.38,796.69,795.00,796.69,0.64,0.36,0.28,1
620753.06,1278140.38,788.70,787.00,788.70,0.63,0.35,0.27,1
620845.31,1278140.38,780.70,779.00,780.70,0.63,0.35,0.27,1
620937.62,1278140.38,777.70,776.00,777.70,0.63,0.34,0.26,1
621029.88,1278140.38,776.69,775.00,776.69,0.62,0.34,0.26,1
621122.19,1278140.38,780.68,779.00,780.68,0.63,0.34,0.26,1
621214.44,1278140.38,779.67,778.00,779.67,0.63,0.35,0.27,1
621306.69,1278140.38,772.66,771.00,772.66,0.63,0.35,0.27,1
621399.00,1278140.38,775.65,774.00,775.65,0.62,0.34,0.25,1
621491.25,1278140.38,779.65,778.00,779.65,0.62,0.34,0.26,1
621583.56,1278140.38,789.65,788.00,789.65,0.62,0.34,0.26,1
621675.81,1278140.38,807.63,806.00,807.63,0.63,0.35,0.27,1
621768.12,1278140.38,815.62,814.00,815.62,0.64,0.36,0.28,1
621860.38,1278140.38,807.63,806.00,807.63,0.65,0.37,0.29,1
621952.69,1278140.38,791.64,790.00,791.64,0.64,0.36,0.28,1
622044.94,1278140.38,784.64,783.00,784.64,0.63,0.35,0.27,1
622137.19,1278140.38,784.64,783.00,784.64,0.63,0.35,0.27,1
622229.50,1278140.38,784.63,783.00,784.63,0.63,0.35,0.27,1
622321.75,1278140.38,784.62,783.00,784.62,0.62,0.34,0.26,1
622414.06,1278140.38,788.59,787.00,788.59,0.61,0.33,0.25,1
622506.31,1278140.38,793.57,792.00,793.57,0.60,0.32,0.24,1
622598.62,1278140.38,795.55,794.00,795.55,0.60,0.32,0.24,1
622690.88,1278140.38,790.53,789.00,790.53,0.61,0.33,0.26,1
622783.19,1278140.38,788.52,787.00,788.52,0.61,0.33,0.26,1
622875.44,1278140.38,798.50,797.00,798.50,0.60,0.32,0.25,1
622967.69,1278140.38,813.47,812.00,813.47,0.59,0.32,0.24,1
623060.00,1278140.38,823.45,822.00,823.45,0.59,0.32,0.24,1
623152.25,1278140.38,829.43,828.00,829.43,0.60,0.32,0.25,1
623244.56,1278140.38,851.41,850.00,851.41,0.60,0.33,0.25,1
623336.81,1278140.38,861.40,860.00,861.40,0.63,0.35,0.28,1
623429.12,1278140.38,849.40,848.00,849.40,0.64,0.36,0.29,1
623521.38,1278140.38,845.40,844.00,845.40,0.63,0.35,0.28,1
623613.69,1278140.38,851.40,850.00,851.40,0.62,0.35,0.27,1
623705.94,1278140.38,858.40,857.00,858.40,0.63,0.36,0.28,1
623798.19,1278140.38,851.40,850.00,851.40,0.63,0.36,0.28,1
623890.50,1278140.38,853.41,852.00,853.41,0.61,0.34,0.26,1
623982.75,1278140.38,878.43,877.00,878.43,0.61,0.33,0.26,1
624075.06,1278140.38,889.45,888.00,889.45,0.64,0.36,0.28,1
624167.31,1278140.38,878.47,877.00,878.47,0.65,0.37,0.29,1
624259.62,1278140.38,875.49,874.00,875.49,0.64,0.36,0.28,1
624351.88,1278140.38,878.51,877.00,878.51,0.64,0.36,0.28,1
624444.19,1278140.38,867.52,866.00,867.52,0.63,0.36,0.28,1
624536.44,1278140.38,864.52,863.00,864.52,0.63,0.35,0.28,1
624628.69,1278140.38,871.53,870.00,871.53,0.64,0.36,0.28,1
624721.00,1278140.38,861.53,860.00,861.53,0.64,0.37,0.29,1
624813.25,1278140.38,843.54,842.00,843.54,0.64,0.37,0.29,1
624905.56,1278140.38,831.54,830.00,831.54,0.63,0.36,0.28,1
624997.81,1278140.38,827.54,826.00,827.54,0.63,0.35,0.27,1
625090.12,1278140.38,825.55,824.00,825.55,0.63,0.35,0.27,1
625182.38,1278140.38,824.57,823.00,824.57,0.62,0.34,0.26,1
625274.69,1278140.38,832.63,831.00,832.63,0.60,0.32,0.24,1
625366.94,1278140.38,840.60,839.00,840.60,0.58,0.30,0.22,1
625459.19,1278140.38,-9999.00,-9999.00,-9999.00,0.71,0.71,0.71,0
614385.88,1278048.12,-9999.00,-9999.00,-9999.00,0.71,0.71,0.71,0
614478.12,1278048.12,766.16,765.00,766.16,0.32,0.06,-0.01,1
614570.44,1278048.12,777.21,776.00,777.21,0.61,0.35,0.28,1
614662.69,1278048.12,791.26,790.00,791.26,0.62,0.36,0.28,1
614755.00,1278048.12,794.29,793.00,794.29,0.63,0.37,0.29,1
614847.25,1278048.12,787.32,786.00,787.32,0.63,0.36,0.29,1
614939.56,1278048.12,788.33,787.00,788.33,0.62,0.36,0.28,1
615031.81,1278048.12,797.33,796.00,797.33,0.63,0.36,0.28,1
615124.12,1278048.12,790.33,789.00,790.33,0.64,0.37,0.29,1
615216.38,1278048.12,783.32,782.00,783.32,0.63,0.36,0.28,1
615308.62,1278048.12,788.29,787.00,788.29,0.61,0.35,0.27,1
615400.94,1278048.12,793.23,792.00,793.23,0.61,0.34,0.27,1
615493.19,1278048.12,793.15,792.00,793.15,0.61,0.35,0.27,1
615585.50,1278048.12,795.02,794.00,795.02,0.61,0.35,0.28,1
615677.75,1278048.12,799.86,799.00,799.86,0.61,0.36,0.29,1
615770.06,1278048.12,809.74,809.00,809.74,0.61,0.38,0.31,1
615862.31,1278048.12,817.65,817.00,817.65,0.62,0.39,0.32,1
615954.62,1278048.12,826.59,826.00,826.59,0.61,0.38,0.32,1
616046.88,1278048.12,838.56,838.00,838.56,0.59,0.37,0.30,1
616139.12,1278048.12,846.55,846.00,846.55,0.60,0.37,0.31,1
616231.44,1278048.12,846.55,846.00,846.55,0.62,0.39,0.33,1
616323.69,1278048.12,842.56,842.00,842.56,0.62,0.39,0.33,1
616416.00,1278048.12,848.60,848.00,848.60,0.60,0.37,0.31,1
616508.25,1278048.12,855.67,855.00,855.67,0.60,0.36,0.30,1
616600.56,1278048.12,863.78,863.00,863.78,0.60,0.36,0.29,1
616692.81,1278048.12,871.92,871.00,871.92,0.61,0.36,0.29,1
616785.12,1278048.12,882.04,881.00,882.04,0.62,0.36,0.29,1
616877.38,1278048.12,896.11,895.00,896.11,0.62,0.36,0.28,1
616969.62,1278048.12,916.16,915.00,916.16,0.64,0.38,0.31,1
617061.94,1278048.12,913.18,912.00,913.18,0.66,0.40,0.32,1
617154.19,1278048.12,900.21,899.00,900.21,0.65,0.39,0.32,1
617246.50,1278048.12,884.25,883.00,884.25,0.65,0.38,0.30,1
617338.75,1278048.12,878.29,877.00,878.29,0.64,0.38,0.30,1
617431.06,1278048.12,882.33,881.00,882.33,0.64,0.37,0.29,1
617523.31,1278048.12,887.37,886.00,887.37,0.64,0.37,0.29,1
617615.62,1278048.12,893.42,892.00,893.42,0.63,0.36,0.28,1
617707.88,1278048.12,908.49,907.00,908.49,0.62,0.34,0.27,1
617800.12,1278048.12,925.58,924.00,925.58,0.62,0.34,0.26,1
617892.44,1278048.12,942.64,941.00,942.64,0.62,0.34,0.26,1
617984.69,1278048.12,954.68,953.00,954.68,0.63,0.35,0.27,1
618077.00,1278048.12,964.70,963.00,964.70,0.64,0.35,0.27,1
618169.25,1278048.12,966.70,965.00,966.70,0.65,0.36,0.28,1
618261.56,1278048.12,953.70,952.00,953.70,0.64,0.36,0.28,1
618353.81,1278048.12,953.70,952.00,953.70,0.61,0.33,0.25,1
618446.12,1278048.12,973.70,972.00,973.70,0.60,0.31,0.23,1
618538.38,1278048.12,996.68,995.00,996.68,0.61,0.33,0.25,1
618630.62,1278048.12,1006.62,1005.00,1006.62,0.64,0.36,0.28,1
618722.94,1278048.12,1005.51,1004.00,1005.51,0.64,0.36,0.28,1
618815.19,1278048.12,1020.41,1019.00,1020.41,0.63,0.35,0.28,1
618907.50,1278048.12,1038.36,1037.00,1038.36,0.64,0.37,0.30,1
618999.75,1278048.12,1021.36,1020.00,1021.36,0.66,0.40,0.32,1
619092.06,1278048.12,992.39,991.00,992.39,0.66,0.39,0.31,1
619184.31,1278048.12,972.42,971.00,972.42,0.65,0.38,0.30,1
619276.62,1278048.12,954.46,953.00,954.46,0.65,0.38,0.30,1
619368.88,1278048.12,930.48,929.00,930.48,0.65,0.38,0.30,1
619461.19,1278048.12,913.50,912.00,913.50,0.65,0.38,0.30,1
619553.44,1278048.12,911.51,910.00,911.51,0.65,0.38,0.30,1
619645.69,1278048.12,897.52,896.00,897.52,0.65,0.37,0.29,1
619738.00,1278048.12,884.51,883.00,884.51,0.64,0.37,0.29,1
619830.25,1278048.12,872.51,871.00,872.51,0.63,0.36,0.28,1
619922.56,1278048.12,877.51,876.00,877.51,0.62,0.35,0.27,1
620014.81,1278048.12,890.51,889.00,890.51,0.63,0.36,0.28,1
620107.12,1278048.12,887.52,886.00,887.52,0.64,0.37,0.29,1
620199.38,1278048.12,869.54,868.00,869.54,0.65,0.37,0.29,1
620291.69,1278048.12,852.58,851.00,852.58,0.65,0.37,0.29,1
620383.94,1278048.12,832.64,831.00,832.64,0.64,0.36,0.28,1
620476.19,1278048.12,827.69,826.00,827.69,0.64,0.35,0.27,1
620568.50,1278048.12,816.72,815.00,816.72,0.64,0.36,0.28,1
620660.75,1278048.12,801.74,800.00,801.74,0.64,0.35,0.27,1
620753.06,1278048.12,793.74,792.00,793.74,0.63,0.35,0.27,1
620845.31,1278048.12,787.74,786.00,787.74,0.63,0.35,0.27,1
620937.62,1278048.12,781.73,780.00,781.73,0.63,0.35,0.26,1
621029.88,1278048.12,779.72,778.00,779.72,0.63,0.34,0.26,1
621122.19,1278048.12,785.70,784.00,785.70,0.63,0.35,0.27,1
621214.44,1278048.12,788.68,787.00,788.68,0.64,0.36,0.28,1
621306.69,1278048.12,783.67,782.00,783.67,0.64,0.36,0.28,1
621399.00,1278048.12,783.66,782.00,783.66,0.62,0.34,0.26,1
621491.25,1278048.12,799.65,798.00,799.65,0.62,0.34,0.26,1
621583.56,1278048.12,820.61,819.00,820.61,0.63,0.35,0.27,1
621675.81,1278048.12,825.60,824.00,825.60,0.64,0.36,0.28,1
621768.12,1278048.12,829.60,828.00,829.60,0.64,0.36,0.28,1
621860.38,1278048.12,819.65,818.00,819.65,0.64,0.36,0.28,1
621952.69,1278048.12,797.69,796.00,797.69,0.64,0.36,0.28,1
622044.94,1278048.12,798.70,797.00,798.70,0.63,0.35,0.27,1
622137.19,1278048.12,800.70,799.00,800.70,0.64,0.35,0.27,1
622229.50,1278048.12,797.68,796.00,797.68,0.64,0.35,0.27,1
622321.75,1278048.12,796.65,795.00,796.65,0.64,0.36,0.28,1
622414.06,1278048.12,785.63,784.00,785.63,0.63,0.35,0.27,1
622506.31,1278048.12,781.60,780.00,781.60,0.62,0.34,0.26,1
622598.62,1278048.12,782.57,781.00,782.57,0.61,0.34,0.26,1
622690.88,1278048.12,784.55,783.00,784.55,0.62,0.34,0.26,1
622783.19,1278048.12,786.53,785.00,786.53,0.62,0.34,0.26,1
622875.44,1278048.12,791.50,790.00,791.50,0.61,0.34,0.26,1
622967.69,1278048.12,800.47,799.00,800.47,0.60,0.33,0.25,1
623060.00,1278048.12,811.44,810.00,811.44,0.60,0.33,0.25,1
623152.25,1278048.12,830.41,829.00,830.41,0.60,0.33,0.25,1
623244.56,1278048.12,854.38,853.00,854.38,0.61,0.34,0.26,1
623336.81,1278048.12,861.37,860.00,861.37,0.63,0.36,0.28,1
623429.12,1278048.12,853.36,852.00,853.36,0.64,0.37,0.29,1
623521.38,1278048.12,852.36,851.00,852.36,0.63,0.36,0.29,1
623613.69,1278048.12,861.36,860.00,861.36,0.63,0.36,0.28,1
623705.94,1278048.12,868.36,867.00,868.36,0.64,0.37,0.29,1
623798.19,1278048.12,856.36,855.00,856.36,0.64,0.37,0.29,1
623890.50,1278048.12,848.37,847.00,848.37,0.62,0.35,0.27,1
623982.75,1278048.12,863.39,862.00,863.39,0.58,0.31,0.24,1
624075.06,1278048.12,882.42,881.00,882.42,0.60,0.32,0.25,1
624167.31,1278048.12,884.46,883.00,884.46,0.62,0.35,0.27,1
624259.62,1278048.12,883.48,882.00,883.48,0.63,0.36,0.28,1
624351.88,1278048.12,881.49,880.00,881.49,0.63,0.36,0.28,1
624444.19,1278048.12,871.50,870.00,871.50,0.63,0.36,0.28,1
624536.44,1278048.12,878.51,877.00,878.51,0.63,0.35,0.27,1
624628.69,1278048.12,880.51,879.00,880.51,0.64,0.36,0.28,1
624721.00,1278048.12,865.51,864.00,865.51,0.64,0.37,0.29,1
624813.25,1278048.12,845.50,844.00,845.50,0.64,0.37,0.29,1
624905.56,1278048.12,835.49,834.00,835.49,0.63,0.36,0.28,1
624997.81,1278048.12,837.48,836.00,837.48,0.63,0.36,0.28,1
625090.12,1278048.12,842.45,841.00,842.45,0.64,0.37,0.29,1
625182.38,1278048.12,834.43,833.00,834.43,0.64,0.37,0.29,1
625274.69,1278048.12,827.43,826.00,827.43,0.63,0.35,0.28,1
625366.94,1278048.12,825.31,824.00,825.31,0.58,0.31,0.23,1
625459.19,1278048.12,-9999.00,-9999.00,-9999.00,0.71,0.71,0.71,0
614385.88,1277955.75,-9999.00,-9999.00,-9999.00,0.71,0.71,0.71,0
614478.12,1277955.75,774.10,773.00,774.10,0.32,0.06,-0.02,1
614570.44,1277955.75,781.13,780.00,781.13,0.61,0.35,0.28,1
614662.69,1277955.75,792.20,791.00,792.20,0.61,0.35,0.27,1
614755.00,1277955.75,797.26,796.00,797.26,0.63,0.36,0.28,1
614847.25,1277955.75,794.30,793.00,794.30,0.63,0.36,0.29,1
614939.56,1277955.75,797.33,796.00,797.33,0.63,0.36,0.28,1
615031.81,1277955.75,806.34,805.00,806.34,0.63,0.36,0.29,1
615124.12,1277955.75,799.33,798.00,799.33,0.65,0.38,0.30,1
615216.38,1277955.75,786.33,785.00,786.33,0.64,0.37,0.30,1
615308.62,1277955.75,782.30,781.00,782.30,0.63,0.36,0.28,1
615400.94,1277955.75,784.25,783.00,784.25,0.62,0.36,0.28,1
615493.19,1277955.75,788.17,787.00,788.17,0.63,0.37,0.29,1
615585.50,1277955.75,793.05,792.00,793.05,0.63,0.37,0.30,1
615677.75,1277955.75,797.91,797.00,797.91,0.62,0.37,0.30,1
615770.06,1277955.75,807.79,807.00,807.79,0.60,0.36,0.29,1
615862.31,1277955.75,815.71,815.00,815.71,0.60,0.37,0.30,1
615954.62,1277955.75,822.65,822.00,822.65,0.60,0.37,0.30,1
616046.88,1277955.75,827.62,827.00,827.62,0.60,0.37,0.30,1
616139.12,1277955.75,832.61,832.00,832.61,0.60,0.37,0.31,1
616231.44,1277955.75,833.61,833.00,833.61,0.61,0.38,0.32,1
616323.69,1277955.75,828.62,828.00,828.62,0.61,0.38,0.32,1
616416.00,1277955.75,829.64,829.00,829.64,0.60,0.37,0.30,1
616508.25,1277955.75,835.71,835.00,835.71,0.59,0.35,0.29,1
616600.56,1277955.75,850.81,850.00,850.81,0.59,0.35,0.28,1
616692.81,1277955.75,871.95,871.00,871.95,0.60,0.35,0.28,1
616785.12,1277955.75,890.07,889.00,890.07,0.61,0.35,0.28,1
616877.38,1277955.75,908.14,907.00,908.14,0.60,0.34,0.26,1
616969.62,1277955.75,942.17,941.00,942.17,0.63,0.37,0.30,1
617061.94,1277955.75,936.20,935.00,936.20,0.67,0.41,0.33,1
617154.19,1277955.75,913.24,912.00,913.24,0.67,0.40,0.33,1
617246.50,1277955.75,896.29,895.00,896.29,0.65,0.39,0.31,1
617338.75,1277955.75,896.34,895.00,896.34,0.64,0.37,0.30,1
617431.06,1277955.75,899.38,898.00,899.38,0.64,0.37,0.29,1
617523.31,1277955.75,907.43,906.00,907.43,0.63,0.36,0.28,1
617615.62,1277955.75,913.48,912.00,913.48,0.63,0.36,0.28,1
617707.88,1277955.75,922.56,921.00,922.56,0.62,0.34,0.27,1
617800.12,1277955.75,942.66,941.00,942.66,0.61,0.33,0.25,1
617892.44,1277955.75,964.74,963.00,964.74,0.62,0.34,0.25,1
617984.69,1277955.75,980.82,979.00,980.82,0.63,0.34,0.26,1
618077.00,1277955.75,992.92,991.00,992.92,0.63,0.34,0.26,1
618169.25,1277955.75,994.02,992.00,994.02,0.64,0.35,0.27,1
618261.56,1277955.75,972.05,970.00,972.05,0.64,0.35,0.26,1
618353.81,1277955.75,960.05,958.00,960.05,0.62,0.33,0.25,1
618446.12,1277955.75,975.03,973.00,975.03,0.60,0.30,0.22,1
618538.38,1277955.75,1006.96,1005.00,1006.96,0.59,0.30,0.22,1
618630.62,1277955.75,1030.78,1029.00,1030.78,0.62,0.34,0.26,1
618722.94,1277955.75,1035.58,1034.00,1035.58,0.64,0.37,0.29,1
618815.19,1277955.75,1043.45,1042.00,1043.45,0.64,0.36,0.29,1
618907.50,1277955.75,1049.39,1048.00,1049.39,0.63,0.36,0.28,1
618999.75,1277955.75,1026.37,1025.00,1026.37,0.64,0.37,0.29,1
619092.06,1277955.75,993.37,992.00,993.37,0.64,0.37,0.30,1
619184.31,1277955.75,966.41,965.00,966.41,0.64,0.37,0.29,1
619276.62,1277955.75,950.45,949.00,950.45,0.64,0.37,0.29,1
619368.88,1277955.75,938.48,937.00,938.48,0.64,0.36,0.28,1
619461.19,1277955.75,948.51,947.00,948.51,0.64,0.37,0.29,1
619553.44,1277955.75,941.54,940.00,941.54,0.66,0.38,0.30,1
619645.69,1277955.75,911.55,910.00,911.55,0.66,0.38,0.30,1
619738.00,1277955.75,890.55,889.00,890.55,0.65,0.37,0.29,1
619830.25,1277955.75,881.54,880.00,881.54,0.63,0.36,0.28,1
619922.56,1277955.75,890.54,889.00,890.54,0.62,0.34,0.26,1
620014.81,1277955.75,904.53,903.00,904.53,0.63,0.35,0.27,1
620107.12,1277955.75,891.54,890.00,891.54,0.64,0.36,0.28,1
620199.38,1277955.75,874.57,873.00,874.57,0.64,0.36,0.28,1
620291.69,1277955.75,861.62,860.00,861.62,0.64,0.36,0.28,1
620383.94,1277955.75,844.70,843.00,844.70,0.64,0.36,0.28,1
620476.19,1277955.75,833.77,832.00,833.77,0.63,0.35,0.27,1
620568.50,1277955.75,824.81,823.00,824.81,0.63,0.35,0.27,1
620660.75,1277955.75,811.82,810.00,811.82,0.64,0.35,0.27,1
620753.06,1277955.75,803.82,802.00,803.82,0.63,0.35,0.27,1
620845.31,1277955.75,793.81,792.00,793.81,0.63,0.35,0.26,1
620937.62,1277955.75,786.80,785.00,786.80,0.63,0.34,0.26,1
621029.88,1277955.75,793.76,792.00,793.76,0.62,0.33,0.25,1
621122.19,1277955.75,809.72,808.00,809.72,0.62,0.34,0.26,1
621214.44,1277955.75,816.69,815.00,816.69,0.64,0.36,0.28,1
621306.69,1277955.75,810.68,809.00,810.68,0.65,0.37,0.29,1
621399.00,1277955.75,797.67,796.00,797.67,0.63,0.35,0.27,1
621491.25,1277955.75,824.62,823.00,824.62,0.61,0.33,0.25,1
621583.56,1277955.75,858.53,857.00,858.53,0.62,0.35,0.27,1
621675.81,1277955.75,862.51,861.00,862.51,0.65,0.38,0.30,1
621768.12,1277955.75,847.55,846.00,847.55,0.66,0.39,0.31,1
621860.38,1277955.75,825.65,824.00,825.65,0.66,0.38,0.30,1
621952.69,1277955.75,811.74,810.00,811.74,0.65,0.36,0.28,1
622044.94,1277955.75,816.74,815.00,816.74,0.64,0.35,0.27,1
622137.19,1277955.75,818.73,817.00,818.73,0.64,0.35,0.27,1
622229.50,1277955.75,810.71,809.00,810.71,0.63,0.35,0.27,1
622321.75,1277955.75,802.68,801.00,802.68,0.63,0.35,0.27,1
622414.06,1277955.75,789.65,788.00,789.65,0.63,0.35,0.27,1
622506.31,1277955.75,783.62,782.00,783.62,0.63,0.35,0.27,1
622598.62,1277955.75,786.59,785.00,786.59,0.63,0.35,0.27,1
622690.88,1277955.75,788.57,787.00,788.57,0.63,0.35,0.27,1
622783.19,1277955.75,789.54,788.00,789.54,0.62,0.35,0.27,1
622875.44,1277955.75,794.51,793.00,794.51,0.62,0.34,0.26,1
622967.69,1277955.75,801.47,800.00,801.47,0.61,0.34,0.26,1
623060.00,1277955.75,818.43,817.00,818.43,0.60,0.33,0.25,1
623152.25,1277955.75,842.39,841.00,842.39,0.60,0.33,0.25,1
623244.56,1277955.75,864.36,863.00,864.36,0.62,0.35,0.27,1
623336.81,1277955.75,867.34,866.00,867.34,0.63,0.36,0.29,1
623429.12,1277955.75,861.33,860.00,861.33,0.63,0.36,0.29,1
623521.38,1277955.75,868.32,867.00,868.32,0.63,0.36,0.29,1
623613.69,1277955.75,874.32,873.00,874.32,0.63,0.36,0.29,1
623705.94,1277955.75,873.32,872.00,873.32,0.63,0.36,0.29,1
623798.19,1277955.75,861.32,860.00,861.32,0.64,0.37,0.29,1
623890.50,1277955.75,849.34,848.00,849.34,0.63,0.36,0.28,1
623982.75,1277955.75,852.37,851.00,852.37,0.60,0.33,0.25,1
624075.06,1277955.75,868.41,867.00,868.41,0.59,0.32,0.24,1
624167.31,1277955.75,876.45,875.00,876.45,0.60,0.33,0.25,1
624259.62,1277955.75,887.47,886.00,887.47,0.62,0.35,0.27,1
624351.88,1277955.75,885.49,884.00,885.49,0.63,0.36,0.28,1
624444.19,1277955.75,879.49,878.00,879.49,0.63,0.35,0.27,1
624536.44,1277955.75,884.50,883.00,884.50,0.62,0.35,0.27,1
624628.69,1277955.75,882.50,881.00,882.50,0.63,0.36,0.28,1
624721.00,1277955.75,864.49,863.00,864.49,0.64,0.36,0.29,1
624813.25,1277955.75,847.47,846.00,847.47,0.64,0.36,0.29,1
624905.56,1277955.75,844.44,843.00,844.44,0.63,0.36,0.28,1
624997.81,1277955.75,852.40,851.00,852.40,0.63,0.36,0.28,1
625090.12,1277955.75,854.33,853.00,854.33,0.64,0.37,0.29,1
625182.38,1277955.75,840.23,839.00,840.23,0.65,0.38,0.31,1
625274.69,1277955.75,829.15,828.00,829.15,0.64,0.38,0.31,1
625366.94,1277955.75,825.90,825.00,825.90,0.57,0.33,0.25,1
625459.19,1277955.75,-9999.00,-9999.00,-9999.00,0.71,0.71,0.71,0
614385.88,1277863.50,-9999.00,-9999.00,-9999.00,0.71,0.71,0.71,0
614478.12,1277863.50,770.07,769.00,770.07,0.31,0.05,-0.02,1
614570.44,1277863.50,774.09,773.00,774.09,0.61,0.36,0.28,1
614662.69,1277863.50,786.14,785.00,786.14,0.60,0.34,0.27,1
614755.00,1277863.50,796.23,795.00,796.23,0.61,0.34,0.27,1
614847.25,1277863.50,799.29,798.00,799.29,0.62,0.35,0.27,1
614939.56,1277863.50,805.33,804.00,805.33,0.62,0.35,0.27,1
615031.81,1277863.50,813.34,812.00,813.34,0.62,0.36,0.28,1
615124.12,1277863.50,810.35,809.00,810.35,0.64,0.37,0.30,1
615216.38,1277863.50,798.34,797.00,798.34,0.65,0.38,0.30,1
615308.62,1277863.50,791.32,790.00,791.32,0.64,0.37,0.29,1
615400.94,1277863.50,796.28,795.00,796.28,0.63,0.36,0.28,1
615493.19,1277863.50,806.21,805.00,806.21,0.63,0.37,0.30,1
615585.50,1277863.50,808.10,807.00,808.10,0.65,0.39,0.32,1
615677.75,1277863.50,799.97,799.00,799.97,0.64,0.39,0.32,1
615770.06,1277863.50,796.86,796.00,796.86,0.62,0.37,0.30,1
615862.31,1277863.50,799.78,799.00,799.78,0.60,0.36,0.29,1
615954.62,1277863.50,805.73,805.00,805.73,0.60,0.36,0.29,1
616046.88,1277863.50,813.70,813.00,813.70,0.60,0.36,0.30,1
616139.12,1277863.50,819.69,819.00,819.69,0.61,0.37,0.31,1
616231.44,1277863.50,819.69,819.00,819.69,0.62,0.38,0.31,1
616323.69,1277863.50,815.70,815.00,815.70,0.63,0.39,0.32,1
616416.00,1277863.50,818.72,818.00,818.72,0.62,0.38,0.32,1
616508.25,1277863.50,829.77,829.00,829.77,0.61,0.37,0.30,1
616600.56,1277863.50,853.86,853.00,853.86,0.59,0.35,0.28,1
616692.81,1277863.50,877.00,876.00,877.00,0.60,0.34,0.27,1
616785.12,1277863.50,896.12,895.00,896.12,0.60,0.34,0.27,1
616877.38,1277863.50,916.19,915.00,916.19,0.58,0.31,0.24,1
616969.62,1277863.50,966.21,965.00,966.21,0.60,0.33,0.26,1
617061.94,1277863.50,962.23,961.00,962.23,0.66,0.39,0.32,1
617154.19,1277863.50,937.28,936.00,937.28,0.67,0.40,0.32,1
617246.50,1277863.50,918.33,917.00,918.33,0.66,0.39,0.31,1
617338.75,1277863.50,913.38,912.00,913.38,0.64,0.37,0.30,1
617431.06,1277863.50,917.41,916.00,917.41,0.64,0.36,0.29,1
617523.31,1277863.50,925.45,924.00,925.45,0.63,0.36,0.28,1
617615.62,1277863.50,932.50,931.00,932.50,0.63,0.35,0.28,1
617707.88,1277863.50,946.57,945.00,946.57,0.62,0.34,0.26,1
617800.12,1277863.50,968.66,967.00,968.66,0.61,0.33,0.25,1
617892.44,1277863.50,992.74,991.00,992.74,0.62,0.33,0.25,1
617984.69,1277863.50,1010.83,1009.00,1010.83,0.62,0.34,0.26,1
618077.00,1277863.50,1020.01,1018.00,1020.01,0.64,0.34,0.26,1
618169.25,1277863.50,1008.30,1006.00,1008.30,0.64,0.34,0.25,1
618261.56,1277863.50,981.47,979.00,981.47,0.63,0.33,0.24,1
618353.81,1277863.50,971.50,969.00,971.50,0.62,0.32,0.23,1
618446.12,1277863.50,982.48,980.00,982.48,0.60,0.30,0.21,1
618538.38,1277863.50,1013.32,1011.00,1013.32,0.59,0.29,0.20,1
618630.62,1277863.50,1054.93,1053.00,1054.93,0.59,0.31,0.22,1
618722.94,1277863.50,1079.63,1078.00,1079.63,0.63,0.35,0.27,1
618815.19,1277863.50,1067.51,1066.00,1067.51,0.65,0.37,0.30,1
618907.50,1277863.50,1037.46,1036.00,1037.46,0.63,0.36,0.28,1
618999.75,1277863.50,1008.43,1007.00,1008.43,0.64,0.36,0.29,1
619092.06,1277863.50,979.42,978.00,979.42,0.64,0.37,0.29,1
619184.31,1277863.50,969.43,968.00,969.43,0.65,0.37,0.30,1
619276.62,1277863.50,961.45,960.00,961.45,0.64,0.37,0.29,1
619368.88,1277863.50,954.47,953.00,954.47,0.64,0.37,0.29,1
619461.19,1277863.50,961.51,960.00,961.51,0.64,0.37,0.29,1
619553.44,1277863.50,949.56,948.00,949.56,0.65,0.37,0.29,1
619645.69,1277863.50,924.61,923.00,924.61,0.66,0.38,0.30,1
619738.00,1277863.50,901.62,900.00,901.62,0.65,0.37,0.29,1
619830.25,1277863.50,893.59,892.00,893.59,0.64,0.36,0.28,1
619922.56,1277863.50,897.56,896.00,897.56,0.63,0.35,0.27,1
620014.81,1277863.50,906.55,905.00,906.55,0.63,0.35,0.28,1
620107.12,1277863.50,886.56,885.00,886.56,0.64,0.36,0.28,1
620199.38,1277863.50,874.60,873.00,874.60,0.64,0.36,0.28,1
620291.69,1277863.50,863.69,862.00,863.69,0.64,0.36,0.28,1
620383.94,1277863.50,850.81,849.00,850.81,0.64,0.35,0.27,1
620476.19,1277863.50,838.90,837.00,838.90,0.63,0.34,0.26,1
620568.50,1277863.50,827.94,826.00,827.94,0.63,0.34,0.26,1
620660.75,1277863.50,815.95,814.00,815.95,0.63,0.34,0.26,1
620753.06,1277863.50,806.95,805.00,806.95,0.63,0.34,0.26,1
620845.31,1277863.50,798.93,797.00,798.93,0.63,0.34,0.26,1
620937.62,1277863.50,793.89,792.00,793.89,0.63,0.34,0.26,1
621029.88,1277863.50,798.82,797.00,798.82,0.61,0.33,0.25,1
621122.19,1277863.50,816.77,815.00,816.77,0.60,0.32,0.24,1
621214.44,1277863.50,831.72,830.00,831.72,0.62,0.34,0.26,1
621306.69,1277863.50,824.69,823.00,824.69,0.64,0.35,0.27,1
621399.00,1277863.50,821.67,820.00,821.67,0.61,0.33,0.25,1
621491.25,1277863.50,855.59,854.00,855.59,0.59,0.31,0.23,1
621583.56,1277863.50,879.51,878.00,879.51,0.60,0.32,0.24,1
621675.81,1277863.50,887.48,886.00,887.48,0.63,0.35,0.27,1
621768.12,1277863.50,885.46,884.00,885.46,0.65,0.38,0.30,1
621860.38,1277863.50,874.50,873.00,874.50,0.67,0.39,0.31,1
621952.69,1277863.50,855.62,854.00,855.62,0.66,0.39,0.31,1
622044.94,1277863.50,843.72,842.00,843.72,0.66,0.37,0.29,1
622137.19,1277863.50,830.74,829.00,830.74,0.64,0.36,0.28,1
622229.50,1277863.50,809.72,808.00,809.72,0.63,0.35,0.27,1
622321.75,1277863.50,793.69,792.00,793.69,0.62,0.34,0.26,1
622414.06,1277863.50,788.66,787.00,788.66,0.63,0.35,0.27,1
622506.31,1277863.50,791.63,790.00,791.63,0.63,0.35,0.27,1
622598.62,1277863.50,798.60,797.00,798.60,0.63,0.35,0.27,1
622690.88,1277863.50,801.57,800.00,801.57,0.63,0.36,0.28,1
622783.19,1277863.50,797.54,796.00,797.54,0.64,0.36,0.28,1
622875.44,1277863.50,795.51,794.00,795.51,0.63,0.35,0.27,1
622967.69,1277863.50,803.47,802.00,803.47,0.61,0.34,0.26,1
623060.00,1277863.50,820.43,819.00,820.43,0.59,0.32,0.24,1
623152.25,1277863.50,848.38,847.00,848.38,0.58,0.31,0.24,1
623244.56,1277863.50,875.34,874.00,875.34,0.61,0.34,0.27,1
623336.81,1277863.50,870.31,869.00,870.31,0.63,0.36,0.29,1
623429.12,1277863.50,866.29,865.00,866.29,0.63,0.36,0.28,1
623521.38,1277863.50,878.28,877.00,878.28,0.63,0.36,0.29,1
623613.69,1277863.50,877.28,876.00,877.28,0.63,0.37,0.29,1
623705.94,1277863.50,867.28,866.00,867.28,0.63,0.36,0.29,1
623798.19,1277863.50,855.29,854.00,855.29,0.64,0.37,0.29,1
623890.50,1277863.50,848.31,847.00,848.31,0.64,0.37,0.29,1
623982.75,1277863.50,847.35,846.00,847.35,0.62,0.35,0.27,1
624075.06,1277863.50,856.40,855.00,856.40,0.60,0.33,0.25,1
624167.31,1277863.50,873.44,872.00,873.44,0.60,0.33,0.25,1
624259.62,1277863.50,888.47,887.00,888.47,0.61,0.34,0.26,1
624351.88,1277863.50,886.48,885.00,886.48,0.62,0.35,0.27,1
624444.19,1277863.50,879.49,878.00,879.49,0.62,0.35,0.27,1
624536.44,1277863.50,880.49,879.00,880.49,0.62,0.35,0.27,1
624628.69,1277863.50,876.49,875.00,876.49,0.63,0.36,0.28,1
624721.00,1277863.50,863.48,862.00,863.48,0.64,0.37,0.29,1
624813.25,1277863.50,853.45,852.00,853.45,0.64,0.36,0.28,1
624905.56,1277863.50,855.41,854.00,855.41,0.63,0.36,0.28,1
624997.81,1277863.50,864.34,863.00,864.34,0.63,0.36,0.29,1
625090.12,1277863.50,857.24,856.00,857.24,0.64,0.37,0.30,1
625182.38,1277863.50,844.11,843.00,844.11,0.64,0.38,0.31,1
625274.69,1277863.50,839.99,839.00,839.99,0.65,0.40,0.32,1
625366.94,1277863.50,836.67,836.00,836.67,0.57,0.34,0.27,1
625459.19,1277863.50,-9999.00,-9999.00,-9999.00,0.71,0.71,0.71,0
614385.88,1277771.25,-9999.00,-9999.00,-9999.00,0.71,0.71,0.71,0
614478.12,1277771.25,779.06,778.00,779.06,0.31,0.05,-0.02,1
614570.44,1277771.25,780.09,779.00,780.09,0.64,0.39,0.31,1
614662.69,1277771.25,782.12,781.00,782.12,0.63,0.37,0.30,1
614755.00,1277771.25,785.21,784.00,785.21,0.61,0.35,0.27,1
614847.25,1277771.25,791.29,790.00,791.29,0.61,0.34,0.26,1
614939.56,1277771.25,801.34,800.00,801.34,0.61,0.34,0.26,1
615031.81,1277771.25,811.36,810.00,811.36,0.61,0.34,0.27,1
615124.12,1277771.25,815.37,814.00,815.37,0.63,0.36,0.28,1
615216.38,1277771.25,810.36,809.00,810.36,0.64,0.37,0.29,1
615308.62,1277771.25,799.35,798.00,799.35,0.63,0.36,0.29,1
615400.94,1277771.25,803.32,802.00,803.32,0.61,0.35,0.27,1
615493.19,1277771.25,816.26,815.00,816.26,0.62,0.35,0.27,1
615585.50,1277771.25,822.18,821.00,822.18,0.64,0.38,0.31,1
615677.75,1277771.25,808.06,807.00,808.06,0.66,0.40,0.33,1
615770.06,1277771.25,791.96,791.00,791.96,0.64,0.39,0.32,1
615862.31,1277771.25,791.89,791.00,791.89,0.62,0.37,0.30,1
615954.62,1277771.25,800.84,800.00,800.84,0.62,0.37,0.30,1
616046.88,1277771.25,806.81,806.00,806.81,0.62,0.38,0.31,1
616139.12,1277771.25,811.80,811.00,811.80,0.62,0.38,0.31,1
616231.44,1277771.25,812.80,812.00,812.80,0.63,0.38,0.32,1
616323.69,1277771.25,818.81,818.00,818.81,0.63,0.39,0.32,1
616416.00,1277771.25,830.83,830.00,830.83,0.63,0.39,0.32,1
616508.25,1277771.25,842.87,842.00,842.87,0.63,0.39,0.31,1
616600.56,1277771.25,857.95,857.00,857.95,0.62,0.36,0.29,1
616692.81,1277771.25,877.07,876.00,877.07,0.60,0.34,0.27,1
616785.12,1277771.25,894.18,893.00,894.18,0.59,0.33,0.26,1
616877.38,1277771.25,916.24,915.00,916.24,0.57,0.31,0.23,1
616969.62,1277771.25,954.27,953.00,954.27,0.57,0.30,0.22,1
617061.94,1277771.25,958.29,957.00,958.29,0.61,0.34,0.27,1
617154.19,1277771.25,949.33,948.00,949.33,0.64,0.37,0.29,1
617246.50,1277771.25,937.38,936.00,937.38,0.65,0.38,0.30,1
617338.75,1277771.25,931.41,930.00,931.41,0.64,0.37,0.29,1
617431.06,1277771.25,936.44,935.00,936.44,0.63,0.36,0.28,1
617523.31,1277771.25,947.46,946.00,947.46,0.63,0.36,0.28,1
617615.62,1277771.25,956.51,955.00,956.51,0.63,0.35,0.27,1
617707.88,1277771.25,972.56,971.00,972.56,0.62,0.34,0.27,1
617800.12,1277771.25,992.62,991.00,992.62,0.62,0.34,0.26,1
617892.44,1277771.25,1014.69,1013.00,1014.69,0.62,0.33,0.25,1
617984.69,1277771.25,1030.81,1029.00,1030.81,0.62,0.34,0.25,1
618077.00,1277771.25,1041.03,1039.00,1041.03,0.64,0.34,0.26,1
618169.25,1277771.25,1018.43,1016.00,1018.43,0.64,0.33,0.25,1
618261.56,1277771.25,992.82,990.00,992.82,0.63,0.32,0.23,1
618353.81,1277771.25,989.93,987.00,989.93,0.62,0.31,0.22,1
618446.12,1277771.25,997.88,995.00,997.88,0.61,0.30,0.21,1
618538.38,1277771.25,1021.61,1019.00,1021.61,0.59,0.28,0.20,1
618630.62,1277771.25,1064.09,1062.00,1064.09,0.59,0.29,0.21,1
618722.94,1277771.25,1084.72,1083.00,1084.72,0.62,0.34,0.25,1
618815.19,1277771.25,1056.59,1055.00,1056.59,0.63,0.35,0.27,1
618907.50,1277771.25,1021.52,1020.00,1021.52,0.64,0.36,0.28,1
618999.75,1277771.25,1004.48,1003.00,1004.48,0.64,0.37,0.29,1
619092.06,1277771.25,996.45,995.00,996.45,0.65,0.38,0.30,1
619184.31,1277771.25,990.45,989.00,990.45,0.65,0.38,0.30,1
619276.62,1277771.25,976.46,975.00,976.46,0.65,0.38,0.30,1
619368.88,1277771.25,973.48,972.00,973.48,0.64,0.37,0.29,1
619461.19,1277771.25,981.50,980.00,981.50,0.65,0.37,0.29,1
619553.44,1277771.25,965.55,964.00,965.55,0.66,0.38,0.30,1
619645.69,1277771.25,943.62,942.00,943.62,0.66,0.38,0.30,1
619738.00,1277771.25,925.65,924.00,925.65,0.66,0.38,0.29,1
619830.25,1277771.25,916.62,915.00,916.62,0.65,0.37,0.29,1
619922.56,1277771.25,916.57,915.00,916.57,0.65,0.37,0.29,1
620014.81,1277771.25,912.56,911.00,912.56,0.64,0.36,0.29,1
620107.12,1277771.25,895.57,894.00,895.57,0.65,0.37,0.29,1
620199.38,1277771.25,888.62,887.00,888.62,0.65,0.37,0.29,1
620291.69,1277771.25,874.75,873.00,874.75,0.64,0.36,0.28,1
620383.94,1277771.25,859.95,858.00,859.95,0.64,0.35,0.27,1
620476.19,1277771.25,843.09,841.00,843.09,0.63,0.34,0.26,1
620568.50,1277771.25,834.15,832.00,834.15,0.63,0.34,0.25,1
620660.75,1277771.25,826.16,824.00,826.16,0.63,0.34,0.25,1
620753.06,1277771.25,815.15,813.00,815.15,0.63,0.34,0.25,1
620845.31,1277771.25,814.10,812.00,814.10,0.63,0.34,0.26,1
620937.62,1277771.25,810.01,808.00,810.01,0.63,0.34,0.26,1
621029.88,1277771.25,805.91,804.00,805.91,0.62,0.33,0.25,1
621122.19,1277771.25,816.83,815.00,816.83,0.61,0.32,0.24,1
621214.44,1277771.25,834.76,833.00,834.76,0.62,0.34,0.25,1
621306.69,1277771.25,831.71,830.00,831.71,0.63,0.35,0.27,1
621399.00,1277771.25,823.66,822.00,823.66,0.62,0.34,0.26,1
621491.25,1277771.25,836.59,835.00,836.59,0.59,0.31,0.23,1
621583.56,1277771.25,853.53,852.00,853.53,0.57,0.29,0.21,1
621675.81,1277771.25,876.47,875.00,876.47,0.57,0.30,0.22,1
621768.12,1277771.25,898.42,897.00,898.42,0.61,0.33,0.26,1
621860.38,1277771.25,908.37,907.00,908.37,0.64,0.37,0.29,1
621952.69,1277771.25,906.38,905.00,906.38,0.66,0.39,0.31,1
622044.94,1277771.25,880.53,879.00,880.53,0.66,0.39,0.31,1
622137.19,1277771.25,837.69,836.00,837.69,0.65,0.37,0.29,1
622229.50,1277771.25,804.71,803.00,804.71,0.64,0.36,0.28,1
622321.75,1277771.25,791.69,790.00,791.69,0.63,0.35,0.27,1
622414.06,1277771.25,797.67,796.00,797.67,0.62,0.34,0.26,1
622506.31,1277771.25,803.64,802.00,803.64,0.63,0.35,0.27,1
622598.62,1277771.25,810.61,809.00,810.61,0.63,0.35,0.27,1
622690.88,1277771.25,812.58,811.00,812.58,0.63,0.36,0.28,1
622783.19,1277771.25,812.55,811.00,812.55,0.64,0.36,0.28,1
622875.44,1277771.25,809.51,808.00,809.51,0.64,0.36,0.29,1
622967.69,1277771.25,811.47,810.00,811.47,0.63,0.35,0.27,1
623060.00,1277771.25,819.43,818.00,819.43,0.61,0.33,0.26,1
623152.25,1277771.25,840.37,839.00,840.37,0.58,0.31,0.24,1
623244.56,1277771.25,866.32,865.00,866.32,0.60,0.33,0.25,1
623336.81,1277771.25,868.28,867.00,868.28,0.62,0.35,0.28,1
623429.12,1277771.25,874.26,873.00,874.26,0.62,0.36,0.28,1
623521.38,1277771.25,885.25,884.00,885.25,0.63,0.37,0.29,1
623613.69,1277771.25,874.25,873.00,874.25,0.64,0.37,0.30,1
623705.94,1277771.25,861.25,860.00,861.25,0.64,0.37,0.30,1
623798.19,1277771.25,860.27,859.00,860.27,0.64,0.37,0.30,1
623890.50,1277771.25,862.30,861.00,862.30,0.64,0.38,0.30,1
623982.75,1277771.25,855.34,854.00,855.34,0.64,0.37,0.29,1
624075.06,1277771.25,860.40,859.00,860.40,0.62,0.35,0.27,1
624167.31,1277771.25,877.44,876.00,877.44,0.61,0.34,0.26,1
624259.62,1277771.25,883.47,882.00,883.47,0.62,0.34,0.27,1
624351.88,1277771.25,875.49,874.00,875.49,0.62,0.34,0.26,1
624444.19,1277771.25,872.49,871.00,872.49,0.62,0.34,0.26,1
624536.44,1277771.25,881.49,880.00,881.49,0.62,0.34,0.27,1
624628.69,1277771.25,886.49,885.00,886.49,0.63,0.36,0.28,1
624721.00,1277771.25,876.48,875.00,876.48,0.64,0.37,0.29,1
624813.25,1277771.25,863.45,862.00,863.45,0.64,0.36,0.29,1
624905.56,1277771.25,864.39,863.00,864.39,0.63,0.36,0.28,1
624997.81,1277771.25,867.30,866.00,867.30,0.63,0.36,0.29,1
625090.12,1277771.25,854.18,853.00,854.18,0.63,0.37,0.30,1
625182.38,1277771.25,848.05,847.00,848.05,0.64,0.38,0.31,1
625274.69,1277771.25,849.96,849.00,849.96,0.65,0.39,0.32,1
625366.94,1277771.25,842.61,842.00,842.61,0.57,0.34,0.27,1
625459.19,1277771.25,-9999.00,-9999.00,-9999.00,0.71,0.71,0.71,0
614385.88,1277679.00,-9999.00,-9999.00,-9999.00,0.71,0.71,0.71,0
614478.12,1277679.00,798.07,797.00,798.07,0.31,0.05,-0.02,1
614570.44,1277679.00,804.10,803.00,804.10,0.65,0.39,0.32,1
614662.69,1277679.00,799.12,798.00,799.12,0.66,0.40,0.32,1
614755.00,1277679.00,787.21,786.00,787.21,0.64,0.38,0.30,1
614847.25,1277679.00,789.30,788.00,789.30,0.62,0.35,0.28,1
614939.56,1277679.00,799.36,798.00,799.36,0.61,0.34,0.26,1
615031.81,1277679.00,812.39,811.00,812.39,0.62,0.34,0.27,1
615124.12,1277679.00,819.40,818.00,819.40,0.63,0.36,0.28,1
615216.38,1277679.00,812.40,811.00,812.40,0.64,0.37,0.29,1
615308.62,1277679.00,799.40,798.00,799.40,0.64,0.36,0.29,1
615400.94,1277679.00,799.38,798.00,799.38,0.61,0.34,0.26,1
615493.19,1277679.00,812.34,811.00,812.34,0.60,0.33,0.25,1
615585.50,1277679.00,825.27,824.00,825.27,0.62,0.35,0.28,1
615677.75,1277679.00,818.18,817.00,818.18,0.65,0.39,0.31,1
615770.06,1277679.00,800.09,799.00,800.09,0.66,0.40,0.32,1
615862.31,1277679.00,795.02,794.00,795.02,0.64,0.38,0.31,1
615954.62,1277679.00,804.98,804.00,804.98,0.63,0.37,0.30,1
616046.88,1277679.00,811.96,811.00,811.96,0.64,0.39,0.31,1
616139.12,1277679.00,816.95,816.00,816.95,0.64,0.39,0.32,1
616231.44,1277679.00,820.95,820.00,820.95,0.63,0.38,0.31,1
616323.69,1277679.00,835.95,835.00,835.95,0.62,0.37,0.30,1
616416.00,1277679.00,851.97,851.00,851.97,0.63,0.37,0.30,1
616508.25,1277679.00,867.01,866.00,867.01,0.64,0.38,0.31,1
616600.56,1277679.00,875.07,874.00,875.07,0.64,0.38,0.31,1
616692.81,1277679.00,882.17,881.00,882.17,0.63,0.37,0.29,1
616785.12,1277679.00,890.26,889.00,890.26,0.61,0.35,0.27,1
616877.38,1277679.00,903.33,902.00,903.33,0.59,0.32,0.25,1
616969.62,1277679.00,924.36,923.00,924.36,0.58,0.31,0.23,1
617061.94,1277679.00,934.38,933.00,934.38,0.59,0.32,0.24,1
617154.19,1277679.00,943.40,942.00,943.40,0.61,0.34,0.26,1
617246.50,1277679.00,947.43,946.00,947.43,0.63,0.36,0.28,1
617338.75,1277679.00,946.45,945.00,946.45,0.63,0.36,0.28,1
617431.06,1277679.00,954.45,953.00,954.45,0.63,0.36,0.28,1
617523.31,1277679.00,963.46,962.00,963.46,0.63,0.35,0.27,1
617615.62,1277679.00,976.48,975.00,976.48,0.62,0.35,0.27,1
617707.88,1277679.00,996.51,995.00,996.51,0.62,0.35,0.27,1
617800.12,1277679.00,1012.55,1011.00,1012.55,0.62,0.34,0.27,1
617892.44,1277679.00,1031.62,1030.00,1031.62,0.62,0.34,0.26,1
617984.69,1277679.00,1048.75,1047.00,1048.75,0.63,0.34,0.26,1
618077.00,1277679.00,1057.98,1056.00,1057.98,0.64,0.35,0.26,1
618169.25,1277679.00,1040.39,1038.00,1040.39,0.64,0.34,0.25,1
618261.56,1277679.00,1026.93,1024.00,1026.93,0.63,0.31,0.22,1
618353.81,1277679.00,1025.15,1022.00,1025.15,0.62,0.30,0.21,1
618446.12,1277679.00,1021.08,1018.00,1021.08,0.62,0.30,0.21,1
618538.38,1277679.00,1031.75,1029.00,1031.75,0.60,0.29,0.21,1
618630.62,1277679.00,1065.17,1063.00,1065.17,0.60,0.31,0.22,1
618722.94,1277679.00,1068.79,1067.00,1068.79,0.62,0.34,0.25,1
618815.19,1277679.00,1040.62,1039.00,1040.62,0.64,0.36,0.28,1
618907.50,1277679.00,1027.53,1026.00,1027.53,0.64,0.37,0.29,1
618999.75,1277679.00,1022.49,1021.00,1022.49,0.64,0.37,0.29,1
619092.06,1277679.00,1018.47,1017.00,1018.47,0.65,0.37,0.30,1
619184.31,1277679.00,1012.46,1011.00,1012.46,0.66,0.38,0.30,1
619276.62,1277679.00,997.46,996.00,997.46,0.66,0.38,0.30,1
619368.88,1277679.00,1000.47,999.00,1000.47,0.65,0.37,0.29,1
619461.19,1277679.00,1004.48,1003.00,1004.48,0.65,0.38,0.30,1
619553.44,1277679.00,989.51,988.00,989.51,0.66,0.39,0.31,1
619645.69,1277679.00,972.59,971.00,972.59,0.66,0.38,0.31,1
619738.00,1277679.00,955.63,954.00,955.63,0.66,0.38,0.30,1
619830.25,1277679.00,948.60,947.00,948.60,0.65,0.37,0.29,1
619922.56,1277679.00,945.56,944.00,945.56,0.66,0.38,0.30,1
620014.81,1277679.00,923.54,922.00,923.54,0.65,0.38,0.30,1
620107.12,1277679.00,916.56,915.00,916.56,0.65,0.37,0.29,1
620199.38,1277679.00,913.62,912.00,913.62,0.66,0.38,0.30,1
620291.69,1277679.00,888.77,887.00,888.77,0.65,0.37,0.29,1
620383.94,1277679.00,869.04,867.00,869.04,0.64,0.35,0.27,1
620476.19,1277679.00,857.24,855.00,857.24,0.64,0.34,0.25,1
620568.50,1277679.00,856.32,854.00,856.32,0.63,0.33,0.25,1
620660.75,1277679.00,842.34,840.00,842.34,0.63,0.33,0.25,1
620753.06,1277679.00,834.31,832.00,834.31,0.63,0.33,0.24,1
620845.31,1277679.00,842.23,840.00,842.23,0.63,0.34,0.25,1
620937.62,1277679.00,830.11,828.00,830.11,0.64,0.34,0.26,1
621029.88,1277679.00,810.99,809.00,810.99,0.63,0.34,0.25,1
621122.19,1277679.00,822.88,821.00,822.88,0.60,0.32,0.23,1
621214.44,1277679.00,846.79,845.00,846.79,0.62,0.33,0.25,1
621306.69,1277679.00,843.73,842.00,843.73,0.64,0.36,0.28,1
621399.00,1277679.00,829.66,828.00,829.66,0.64,0.36,0.28,1
621491.25,1277679.00,829.61,828.00,829.61,0.62,0.34,0.26,1
621583.56,1277679.00,831.55,830.00,831.55,0.59,0.32,0.24,1
621675.81,1277679.00,857.49,856.00,857.49,0.57,0.29,0.21,1
621768.12,1277679.00,892.43,891.00,892.43,0.58,0.31,0.23,1
621860.38,1277679.00,907.39,906.00,907.39,0.61,0.34,0.26,1
621952.69,1277679.00,893.39,892.00,893.39,0.62,0.34,0.27,1
622044.94,1277679.00,868.49,867.00,868.49,0.62,0.35,0.27,1
622137.19,1277679.00,833.67,832.00,833.67,0.64,0.36,0.28,1
622229.50,1277679.00,808.69,807.00,808.69,0.64,0.36,0.28,1
622321.75,1277679.00,802.69,801.00,802.69,0.63,0.35,0.27,1
622414.06,1277679.00,806.67,805.00,806.67,0.62,0.34,0.26,1
622506.31,1277679.00,816.64,815.00,816.64,0.63,0.35,0.27,1
622598.62,1277679.00,822.62,821.00,822.62,0.63,0.35,0.27,1
622690.88,1277679.00,827.58,826.00,827.58,0.63,0.36,0.28,1
622783.19,1277679.00,828.55,827.00,828.55,0.64,0.36,0.28,1
622875.44,1277679.00,827.51,826.00,827.51,0.64,0.37,0.29,1
622967.69,1277679.00,821.47,820.00,821.47,0.64,0.37,0.29,1
623060.00,1277679.00,823.43,822.00,823.43,0.63,0.35,0.28,1
623152.25,1277679.00,838.37,837.00,838.37,0.61,0.34,0.26,1
623244.56,1277679.00,860.31,859.00,860.31,0.60,0.33,0.26,1
623336.81,1277679.00,869.26,868.00,869.26,0.61,0.34,0.27,1
623429.12,1277679.00,882.23,881.00,882.23,0.62,0.35,0.28,1
623521.38,1277679.00,886.21,885.00,886.21,0.63,0.36,0.29,1
623613.69,1277679.00,875.21,874.00,875.21,0.64,0.37,0.30,1
623705.94,1277679.00,872.22,871.00,872.22,0.64,0.37,0.30,1
623798.19,1277679.00,878.24,877.00,878.24,0.64,0.37,0.30,1
623890.50,1277679.00,874.28,873.00,874.28,0.64,0.38,0.30,1
623982.75,1277679.00,863.34,862.00,863.34,0.64,0.37,0.29,1
624075.06,1277679.00,870.40,869.00,870.40,0.62,0.35,0.27,1
624167.31,1277679.00,881.45,880.00,881.45,0.62,0.34,0.27,1
624259.62,1277679.00,878.48,877.00,878.48,0.62,0.35,0.27,1
624351.88,1277679.00,866.49,865.00,866.49,0.62,0.34,0.26,1
624444.19,1277679.00,872.50,871.00,872.50,0.61,0.33,0.26,1
624536.44,1277679.00,888.50,887.00,888.50,0.62,0.34,0.26,1
624628.69,1277679.00,888.50,887.00,888.50,0.63,0.35,0.27,1
624721.00,1277679.00,875.48,874.00,875.48,0.63,0.35,0.27,1
624813.25,1277679.00,866.45,865.00,866.45,0.62,0.35,0.27,1
624905.56,1277679.00,867.38,866.00,867.38,0.62,0.35,0.28,1
624997.81,1277679.00,862.28,861.00,862.28,0.64,0.37,0.29,1
625090.12,1277679.00,852.13,851.00,852.13,0.64,0.38,0.31,1
625182.38,1277679.00,857.01,856.00,857.01,0.64,0.39,0.32,1
625274.69,1277679.00,857.95,857.00,857.95,0.65,0.40,0.33,1
625366.94,1277679.00,851.60,851.00,851.60,0.57,0.34,0.27,1
625459.19,1277679.00,-9999.00,-9999.00,-9999.00,0.71,0.71,0.71,0
614385.88,1277586.75,-9999.00,-9999.00,-9999.00,0.71,0.71,0.71,0
614478.12,1277586.75,803.07,802.00,803.07,0.31,0.06,-0.02,1
614570.44,1277586.75,815.11,814.00,815.11,0.62,0.36,0.29,1
614662.69,1277586.75,815.13,814.00,815.13,0.65,0.39,0.32,1
614755.00,1277586.75,799.22,798.00,799.22,0.65,0.38,0.31,1
614847.25,1277586.75,796.32,795.00,796.32,0.62,0.36,0.28,1
614939.56,1277586.75,805.39,804.00,805.39,0.61,0.34,0.26,1
615031.81,1277586.75,818.44,817.00,818.44,0.61,0.34,0.26,1
615124.12,1277586.75,822.46,821.00,822.46,0.63,0.35,0.28,1
615216.38,1277586.75,817.46,816.00,817.46,0.64,0.37,0.29,1
615308.62,1277586.75,807.46,806.00,807.46,0.64,0.37,0.29,1
615400.94,1277586.75,798.46,797.00,798.46,0.63,0.35,0.28,1
615493.19,1277586.75,804.44,803.00,804.44,0.61,0.33,0.25,1
615585.50,1277586.75,818.40,817.00,818.40,0.61,0.33,0.26,1
615677.75,1277586.75,821.34,820.00,821.34,0.63,0.36,0.29,1
615770.06,1277586.75,812.26,811.00,812.26,0.65,0.38,0.31,1
615862.31,1277586.75,808.20,807.00,808.20,0.64,0.38,0.31,1
615954.62,1277586.75,818.16,817.00,818.16,0.63,0.37,0.30,1
616046.88,1277586.75,831.14,830.00,831.14,0.64,0.38,0.30,1
616139.12,1277586.75,836.14,835.00,836.14,0.64,0.38,0.31,1
616231.44,1277586.75,837.13,836.00,837.13,0.64,0.38,0.30,1
616323.69,1277586.75,849.14,848.00,849.14,0.62,0.36,0.29,1
616416.00,1277586.75,867.15,866.00,867.15,0.62,0.36,0.28,1
616508.25,1277586.75,887.18,886.00,887.18,0.62,0.36,0.29,1
616600.56,1277586.75,896.23,895.00,896.23,0.63,0.37,0.29,1
616692.81,1277586.75,898.30,897.00,898.30,0.64,0.37,0.29,1
616785.12,1277586.75,900.38,899.00,900.38,0.63,0.36,0.28,1
616877.38,1277586.75,903.43,902.00,903.43,0.62,0.35,0.27,1
616969.62,1277586.75,915.46,914.00,915.46,0.61,0.34,0.26,1
617061.94,1277586.75,923.48,922.00,923.48,0.61,0.33,0.25,1
617154.19,1277586.75,937.49,936.00,937.49,0.61,0.33,0.25,1
617246.50,1277586.75,949.49,948.00,949.49,0.61,0.34,0.26,1
617338.75,1277586.75,959.48,958.00,959.48,0.62,0.35,0.27,1
617431.06,1277586.75,968.46,967.00,968.46,0.63,0.35,0.27,1
617523.31,1277586.75,979.44,978.00,979.44,0.63,0.35,0.28,1
617615.62,1277586.75,993.43,992.00,993.43,0.61,0.34,0.26,1
617707.88,1277586.75,1020.42,1019.00,1020.42,0.61,0.34,0.26,1
617800.12,1277586.75,1039.44,1038.00,1039.44,0.62,0.35,0.27,1
617892.44,1277586.75,1057.50,1056.00,1057.50,0.62,0.35,0.27,1
617984.69,1277586.75,1077.61,1076.00,1077.61,0.63,0.35,0.27,1
618077.00,1277586.75,1084.78,1083.00,1084.78,0.64,0.36,0.28,1
618169.25,1277586.75,1073.06,1071.00,1073.06,0.65,0.35,0.27,1
618261.56,1277586.75,1061.57,1059.00,1061.57,0.64,0.33,0.24,1
618353.81,1277586.75,1053.99,1051.00,1053.99,0.63,0.31,0.22,1
618446.12,1277586.75,1043.05,1040.00,1043.05,0.62,0.30,0.21,1
618538.38,1277586.75,1051.75,1049.00,1051.75,0.61,0.30,0.21,1
618630.62,1277586.75,1075.18,1073.00,1075.18,0.62,0.32,0.24,1
618722.94,1277586.75,1065.80,1064.00,1065.80,0.63,0.35,0.27,1
618815.19,1277586.75,1049.62,1048.00,1049.62,0.65,0.37,0.29,1
618907.50,1277586.75,1043.53,1042.00,1043.53,0.64,0.37,0.29,1
618999.75,1277586.75,1039.49,1038.00,1039.49,0.64,0.37,0.29,1
619092.06,1277586.75,1037.47,1036.00,1037.47,0.64,0.37,0.29,1
619184.31,1277586.75,1037.47,1036.00,1037.47,0.64,0.37,0.29,1
619276.62,1277586.75,1036.46,1035.00,1036.46,0.65,0.38,0.30,1
619368.88,1277586.75,1039.45,1038.00,1039.45,0.65,0.37,0.29,1
619461.19,1277586.75,1045.42,1044.00,1045.42,0.66,0.38,0.31,1
619553.44,1277586.75,1033.39,1032.00,1033.39,0.67,0.40,0.32,1
619645.69,1277586.75,1011.42,1010.00,1011.42,0.67,0.40,0.32,1
619738.00,1277586.75,988.50,987.00,988.50,0.66,0.39,0.31,1
619830.25,1277586.75,979.51,978.00,979.51,0.66,0.38,0.30,1
619922.56,1277586.75,966.51,965.00,966.51,0.66,0.38,0.30,1
620014.81,1277586.75,944.51,943.00,944.51,0.65,0.38,0.30,1
620107.12,1277586.75,951.49,950.00,951.49,0.65,0.37,0.30,1
620199.38,1277586.75,945.52,944.00,945.52,0.66,0.39,0.31,1
620291.69,1277586.75,915.67,914.00,915.67,0.66,0.38,0.30,1
620383.94,1277586.75,894.02,892.00,894.02,0.65,0.36,0.27,1
620476.19,1277586.75,889.26,887.00,889.26,0.64,0.34,0.26,1
620568.50,1277586.75,875.35,873.00,875.35,0.64,0.34,0.25,1
620660.75,1277586.75,866.37,864.00,866.37,0.64,0.33,0.25,1
620753.06,1277586.75,866.35,864.00,866.35,0.63,0.33,0.25,1
620845.31,1277586.75,862.28,860.00,862.28,0.63,0.34,0.25,1
620937.62,1277586.75,838.18,836.00,838.18,0.64,0.34,0.25,1
621029.88,1277586.75,819.04,817.00,819.04,0.63,0.34,0.25,1
621122.19,1277586.75,826.90,825.00,826.90,0.61,0.32,0.24,1
621214.44,1277586.75,852.80,851.00,852.80,0.61,0.32,0.24,1
621306.69,1277586.75,861.73,860.00,861.73,0.63,0.35,0.27,1
621399.00,1277586.75,847.68,846.00,847.68,0.64,0.36,0.28,1
621491.25,1277586.75,840.62,839.00,840.62,0.64,0.36,0.28,1
621583.56,1277586.75,834.57,833.00,834.57,0.62,0.34,0.26,1
621675.81,1277586.75,850.52,849.00,850.52,0.58,0.31,0.23,1
621768.12,1277586.75,888.48,887.00,888.48,0.59,0.31,0.23,1
621860.38,1277586.75,888.45,887.00,888.45,0.61,0.33,0.25,1
621952.69,1277586.75,864.47,863.00,864.47,0.61,0.34,0.26,1
622044.94,1277586.75,842.57,841.00,842.57,0.62,0.34,0.26,1
622137.19,1277586.75,826.66,825.00,826.66,0.63,0.35,0.27,1
622229.50,1277586.75,823.68,822.00,823.68,0.64,0.36,0.28,1
622321.75,1277586.75,814.68,813.00,814.68,0.63,0.35,0.27,1
622414.06,1277586.75,821.67,820.00,821.67,0.62,0.34,0.26,1
622506.31,1277586.75,835.65,834.00,835.65,0.63,0.35,0.27,1
622598.62,1277586.75,838.62,837.00,838.62,0.63,0.35,0.27,1
622690.88,1277586.75,843.58,842.00,843.58,0.63,0.36,0.28,1
622783.19,1277586.75,845.54,844.00,845.54,0.64,0.36,0.28,1
622875.44,1277586.75,842.51,841.00,842.51,0.64,0.36,0.29,1
622967.69,1277586.75,838.47,837.00,838.47,0.64,0.36,0.28,1
623060.00,1277586.75,845.43,844.00,845.43,0.63,0.36,0.28,1
623152.25,1277586.75,856.38,855.00,856.38,0.63,0.36,0.28,1
623244.56,1277586.75,861.30,860.00,861.30,0.63,0.36,0.28,1
623336.81,1277586.75,865.23,864.00,865.23,0.61,0.35,0.27,1
623429.12,1277586.75,879.19,878.00,879.19,0.61,0.35,0.27,1
623521.38,1277586.75,881.17,880.00,881.17,0.63,0.36,0.29,1
623613.69,1277586.75,876.17,875.00,876.17,0.63,0.37,0.29,1
623705.94,1277586.75,882.19,881.00,882.19,0.63,0.36,0.29,1
623798.19,1277586.75,883.22,882.00,883.22,0.63,0.36,0.29,1
623890.50,1277586.75,880.27,879.00,880.27,0.63,0.37,0.29,1
623982.75,1277586.75,872.35,871.00,872.35,0.63,0.37,0.29,1
624075.06,1277586.75,870.41,869.00,870.41,0.62,0.35,0.27,1
624167.31,1277586.75,874.46,873.00,874.46,0.61,0.34,0.26,1
624259.62,1277586.75,867.50,866.00,867.50,0.62,0.34,0.26,1
624351.88,1277586.75,859.52,858.00,859.52,0.61,0.34,0.26,1
624444.19,1277586.75,875.52,874.00,875.52,0.60,0.33,0.25,1
624536.44,1277586.75,888.52,887.00,888.52,0.62,0.34,0.26,1
624628.69,1277586.75,880.51,879.00,880.51,0.63,0.35,0.27,1
624721.00,1277586.75,862.50,861.00,862.50,0.62,0.35,0.27,1
624813.25,1277586.75,853.46,852.00,853.46,0.61,0.34,0.26,1
624905.56,1277586.75,862.39,861.00,862.39,0.61,0.34,0.26,1
624997.81,1277586.75,870.28,869.00,870.28,0.63,0.36,0.29,1
625090.12,1277586.75,871.10,870.00,871.10,0.65,0.39,0.32,1
625182.38,1277586.75,876.96,876.00,876.96,0.65,0.40,0.33,1
625274.69,1277586.75,876.90,876.00,876.90,0.66,0.41,0.34,1
625366.94,1277586.75,875.56,875.00,875.56,0.57,0.34,0.28,1
625459.19,1277586.75,-9999.00,-9999.00,-9999.00,0.71,0.71,0.71,0
614385.88,1277494.38,-9999.00,-9999.00,-9999.00,0.71,0.71,0.71,0
614478.12,1277494.38,794.08,793.00,794.08,0.31,0.06,-0.02,1
614570.44,1277494.38,810.12,809.00,810.12,0.59,0.33,0.26,1
614662.69,1277494.38,817.15,816.00,817.15,0.62,0.36,0.28,1
614755.00,1277494.38,805.25,804.00,805.25,0.64,0.37,0.29,1
614847.25,1277494.38,794.37,793.00,794.37,0.63,0.35,0.28,1
614939.56,1277494.38,797.45,796.00,797.45,0.61,0.33,0.25,1
615031.81,1277494.38,812.50,811.00,812.50,0.60,0.32,0.25,1
615124.12,1277494.38,824.53,823.00,824.53,0.61,0.34,0.26,1
615216.38,1277494.38,828.54,827.00,828.54,0.64,0.36,0.28,1
615308.62,1277494.38,818.55,817.00,818.55,0.65,0.37,0.29,1
615400.94,1277494.38,804.55,803.00,804.55,0.64,0.36,0.29,1
615493.19,1277494.38,804.54,803.00,804.54,0.62,0.35,0.27,1
615585.50,1277494.38,814.52,813.00,814.52,0.61,0.34,0.26,1
615677.75,1277494.38,822.49,821.00,822.49,0.62,0.34,0.26,1
615770.06,1277494.38,827.44,826.00,827.44,0.63,0.36,0.28,1
615862.31,1277494.38,834.40,833.00,834.40,0.64,0.37,0.29,1
615954.62,1277494.38,844.37,843.00,844.37,0.64,0.37,0.29,1
616046.88,1277494.38,852.35,851.00,852.35,0.64,0.37,0.29,1
616139.12,1277494.38,850.34,849.00,850.34,0.64,0.37,0.29,1
616231.44,1277494.38,850.34,849.00,850.34,0.63,0.36,0.28,1
616323.69,1277494.38,865.34,864.00,865.34,0.62,0.35,0.27,1
616416.00,1277494.38,884.35,883.00,884.35,0.62,0.35,0.27,1
616508.25,1277494.38,896.37,895.00,896.37,0.63,0.36,0.28,1
616600.56,1277494.38,901.40,900.00,901.40,0.63,0.35,0.28,1
616692.81,1277494.38,907.45,906.00,907.45,0.63,0.35,0.27,1
616785.12,1277494.38,910.51,909.00,910.51,0.63,0.35,0.27,1
616877.38,1277494.38,910.55,909.00,910.55,0.62,0.35,0.27,1
616969.62,1277494.38,923.56,922.00,923.56,0.62,0.34,0.26,1
617061.94,1277494.38,929.57,928.00,929.57,0.62,0.34,0.26,1
617154.19,1277494.38,942.56,941.00,942.56,0.61,0.34,0.26,1
617246.50,1277494.38,956.54,955.00,956.54,0.61,0.34,0.26,1
617338.75,1277494.38,970.50,969.00,970.50,0.62,0.34,0.26,1
617431.06,1277494.38,984.45,983.00,984.45,0.62,0.35,0.27,1
617523.31,1277494.38,1000.40,999.00,1000.40,0.62,0.35,0.28,1
617615.62,1277494.38,1011.36,1010.00,1011.36,0.62,0.35,0.27,1
617707.88,1277494.38,1034.32,1033.00,1034.32,0.61,0.34,0.26,1
617800.12,1277494.38,1061.30,1060.00,1061.30,0.61,0.34,0.26,1
617892.44,1277494.38,1086.31,1085.00,1086.31,0.61,0.34,0.27,1
617984.69,1277494.38,1106.36,1105.00,1106.36,0.63,0.36,0.28,1
618077.00,1277494.38,1111.40,1110.00,1111.40,0.65,0.38,0.30,1
618169.25,1277494.38,1106.37,1105.00,1106.37,0.66,0.39,0.32,1
618261.56,1277494.38,1095.51,1094.00,1095.51,0.66,0.39,0.31,1
618353.81,1277494.38,1088.85,1087.00,1088.85,0.65,0.36,0.28,1
618446.12,1277494.38,1080.20,1078.00,1080.20,0.64,0.34,0.26,1
618538.38,1277494.38,1078.29,1076.00,1078.29,0.63,0.33,0.25,1
618630.62,1277494.38,1086.00,1084.00,1086.00,0.63,0.34,0.25,1
618722.94,1277494.38,1072.71,1071.00,1072.71,0.64,0.36,0.28,1
618815.19,1277494.38,1070.56,1069.00,1070.56,0.65,0.37,0.29,1
618907.50,1277494.38,1061.49,1060.00,1061.49,0.65,0.37,0.30,1
618999.75,1277494.38,1053.47,1052.00,1053.47,0.64,0.37,0.29,1
619092.06,1277494.38,1053.47,1052.00,1053.47,0.64,0.37,0.29,1
619184.31,1277494.38,1055.47,1054.00,1055.47,0.64,0.36,0.28,1
619276.62,1277494.38,1060.47,1059.00,1060.47,0.64,0.36,0.29,1
619368.88,1277494.38,1064.45,1063.00,1064.45,0.64,0.36,0.28,1
619461.19,1277494.38,1073.42,1072.00,1073.42,0.64,0.37,0.29,1
619553.44,1277494.38,1061.38,1060.00,1061.38,0.66,0.39,0.31,1
619645.69,1277494.38,1034.40,1033.00,1034.40,0.66,0.39,0.31,1
619738.00,1277494.38,1012.46,1011.00,1012.46,0.66,0.38,0.30,1
619830.25,1277494.38,995.49,994.00,995.49,0.65,0.38,0.30,1
619922.56,1277494.38,982.50,981.00,982.50,0.65,0.38,0.30,1
620014.81,1277494.38,969.49,968.00,969.49,0.64,0.37,0.29,1
620107.12,1277494.38,981.43,980.00,981.43,0.65,0.38,0.30,1
620199.38,1277494.38,965.34,964.00,965.34,0.67,0.40,0.32,1
620291.69,1277494.38,943.35,942.00,943.35,0.67,0.40,0.32,1
620383.94,1277494.38,931.52,930.00,931.52,0.66,0.39,0.31,1
620476.19,1277494.38,925.69,924.00,925.69,0.66,0.37,0.29,1
620568.50,1277494.38,916.81,915.00,916.81,0.65,0.37,0.29,1
620660.75,1277494.38,907.95,906.00,907.95,0.65,0.36,0.28,1
620753.06,1277494.38,899.11,897.00,899.11,0.65,0.35,0.27,1
620845.31,1277494.38,871.24,869.00,871.24,0.64,0.35,0.26,1
620937.62,1277494.38,845.20,843.00,845.20,0.64,0.34,0.26,1
621029.88,1277494.38,834.07,832.00,834.07,0.63,0.34,0.25,1
621122.19,1277494.38,844.91,843.00,844.91,0.62,0.33,0.25,1
621214.44,1277494.38,864.81,863.00,864.81,0.62,0.33,0.25,1
621306.69,1277494.38,867.73,866.00,867.73,0.63,0.34,0.26,1
621399.00,1277494.38,855.69,854.00,855.69,0.64,0.36,0.28,1
621491.25,1277494.38,844.65,843.00,844.65,0.64,0.36,0.28,1
621583.56,1277494.38,834.61,833.00,834.61,0.62,0.34,0.26,1
621675.81,1277494.38,849.58,848.00,849.58,0.60,0.32,0.24,1
621768.12,1277494.38,874.55,873.00,874.55,0.60,0.32,0.24,1
621860.38,1277494.38,862.54,861.00,862.54,0.61,0.33,0.25,1
621952.69,1277494.38,844.57,843.00,844.57,0.62,0.34,0.26,1
622044.94,1277494.38,832.65,831.00,832.65,0.62,0.34,0.26,1
622137.19,1277494.38,832.67,831.00,832.67,0.63,0.35,0.27,1
622229.50,1277494.38,831.67,830.00,831.67,0.63,0.35,0.27,1
622321.75,1277494.38,824.67,823.00,824.67,0.63,0.35,0.27,1
622414.06,1277494.38,834.67,833.00,834.67,0.62,0.34,0.26,1
622506.31,1277494.38,850.65,849.00,850.65,0.62,0.34,0.26,1
622598.62,1277494.38,856.62,855.00,856.62,0.63,0.35,0.27,1
622690.88,1277494.38,860.57,859.00,860.57,0.64,0.36,0.28,1
622783.19,1277494.38,857.53,856.00,857.53,0.64,0.36,0.29,1
622875.44,1277494.38,852.50,851.00,852.50,0.64,0.36,0.28,1
622967.69,1277494.38,854.48,853.00,854.48,0.64,0.36,0.28,1
623060.00,1277494.38,864.44,863.00,864.44,0.64,0.36,0.28,1
623152.25,1277494.38,873.39,872.00,873.39,0.64,0.37,0.29,1
623244.56,1277494.38,873.31,872.00,873.31,0.64,0.37,0.29,1
623336.81,1277494.38,870.21,869.00,870.21,0.63,0.37,0.29,1
623429.12,1277494.38,879.15,878.00,879.15,0.62,0.36,0.29,1
623521.38,1277494.38,883.13,882.00,883.13,0.62,0.36,0.29,1
623613.69,1277494.38,882.13,881.00,882.13,0.63,0.37,0.29,1
623705.94,1277494.38,881.15,880.00,881.15,0.62,0.36,0.29,1
623798.19,1277494.38,876.20,875.00,876.20,0.62,0.36,0.28,1
623890.50,1277494.38,875.28,874.00,875.28,0.62,0.35,0.28,1
623982.75,1277494.38,870.37,869.00,870.37,0.62,0.35,0.28,1
624075.06,1277494.38,865.44,864.00,865.44,0.62,0.34,0.27,1
624167.31,1277494.38,861.49,860.00,861.49,0.61,0.34,0.26,1
624259.62,1277494.38,854.53,853.00,854.53,0.61,0.34,0.26,1
624351.88,1277494.38,855.55,854.00,855.55,0.61,0.33,0.25,1
624444.19,1277494.38,873.55,872.00,873.55,0.60,0.33,0.25,1
624536.44,1277494.38,882.55,881.00,882.55,0.62,0.34,0.26,1
624628.69,1277494.38,870.55,869.00,870.55,0.63,0.35,0.27,1
624721.00,1277494.38,853.53,852.00,853.53,0.63,0.35,0.27,1
624813.25,1277494.38,846.49,845.00,846.49,0.62,0.34,0.26,1
624905.56,1277494.38,857.42,856.00,857.42,0.60,0.33,0.25,1
624997.81,1277494.38,878.29,877.00,878.29,0.61,0.34,0.26,1
625090.12,1277494.38,896.09,895.00,896.09,0.63,0.37,0.30,1
625182.38,1277494.38,903.86,903.00,903.86,0.65,0.40,0.33,1
625274.69,1277494.38,896.74,896.00,896.74,0.66,0.42,0.35,1
625366.94,1277494.38,889.43,889.00,889.43,0.57,0.35,0.29,1
625459.19,1277494.38,-9999.00,-9999.00,-9999.00,0.71,0.71,0.71,0
614385.88,1277402.12,-9999.00,-9999.00,-9999.00,0.71,0.71,0.71,0
614478.12,1277402.12,779.09,778.00,779.09,0.32,0.06,-0.02,1
614570.44,1277402.12,789.14,788.00,789.14,0.59,0.33,0.26,1
614662.69,1277402.12,798.17,797.00,798.17,0.60,0.33,0.26,1
614755.00,1277402.12,793.31,792.00,793.31,0.61,0.35,0.27,1
614847.25,1277402.12,790.45,789.00,790.45,0.62,0.34,0.27,1
614939.56,1277402.12,796.54,795.00,796.54,0.61,0.34,0.26,1
615031.81,1277402.12,808.59,807.00,808.59,0.61,0.33,0.25,1
615124.12,1277402.12,825.61,824.00,825.61,0.61,0.33,0.25,1
615216.38,1277402.12,836.62,835.00,836.62,0.63,0.35,0.27,1
615308.62,1277402.12,832.62,831.00,832.62,0.64,0.36,0.28,1
615400.94,1277402.12,821.62,820.00,821.62,0.65,0.37,0.29,1
615493.19,1277402.12,817.62,816.00,817.62,0.63,0.35,0.27,1
615585.50,1277402.12,821.61,820.00,821.61,0.62,0.34,0.26,1
615677.75,1277402.12,827.60,826.00,827.60,0.62,0.34,0.26,1
615770.06,1277402.12,840.57,839.00,840.57,0.62,0.34,0.26,1
615862.31,1277402.12,857.55,856.00,857.55,0.62,0.35,0.27,1
615954.62,1277402.12,867.53,866.00,867.53,0.64,0.36,0.28,1
616046.88,1277402.12,864.52,863.00,864.52,0.64,0.37,0.29,1
616139.12,1277402.12,854.51,853.00,854.51,0.63,0.36,0.28,1
616231.44,1277402.12,858.50,857.00,858.50,0.61,0.34,0.26,1
616323.69,1277402.12,880.50,879.00,880.50,0.60,0.33,0.25,1
616416.00,1277402.12,901.51,900.00,901.51,0.61,0.33,0.26,1
616508.25,1277402.12,913.52,912.00,913.52,0.63,0.35,0.27,1
616600.56,1277402.12,913.54,912.00,913.54,0.63,0.36,0.28,1
616692.81,1277402.12,913.57,912.00,913.57,0.63,0.35,0.27,1
616785.12,1277402.12,914.61,913.00,914.61,0.62,0.35,0.27,1
616877.38,1277402.12,918.63,917.00,918.63,0.62,0.34,0.26,1
616969.62,1277402.12,932.64,931.00,932.64,0.62,0.34,0.26,1
617061.94,1277402.12,940.64,939.00,940.64,0.63,0.35,0.27,1
617154.19,1277402.12,951.62,950.00,951.62,0.62,0.34,0.26,1
617246.50,1277402.12,966.58,965.00,966.58,0.61,0.33,0.26,1
617338.75,1277402.12,983.51,982.00,983.51,0.61,0.34,0.26,1
617431.06,1277402.12,1000.42,999.00,1000.42,0.62,0.35,0.27,1
617523.31,1277402.12,1016.34,1015.00,1016.34,0.62,0.35,0.28,1
617615.62,1277402.12,1031.27,1030.00,1031.27,0.62,0.36,0.28,1
617707.88,1277402.12,1053.20,1052.00,1053.20,0.62,0.35,0.28,1
617800.12,1277402.12,1074.16,1073.00,1074.16,0.61,0.35,0.28,1
617892.44,1277402.12,1096.15,1095.00,1096.15,0.61,0.35,0.28,1
617984.69,1277402.12,1114.15,1113.00,1114.15,0.62,0.36,0.28,1
618077.00,1277402.12,1131.10,1130.00,1131.10,0.63,0.37,0.30,1
618169.25,1277402.12,1141.90,1141.00,1141.90,0.66,0.42,0.35,1
618261.56,1277402.12,1137.72,1137.00,1137.72,0.69,0.45,0.38,1
618353.81,1277402.12,1136.72,1136.00,1136.72,0.69,0.45,0.38,1
618446.12,1277402.12,1131.94,1131.00,1131.94,0.69,0.44,0.36,1
618538.38,1277402.12,1117.32,1116.00,1117.32,0.67,0.40,0.33,1
618630.62,1277402.12,1095.50,1094.00,1095.50,0.65,0.38,0.30,1
618722.94,1277402.12,1087.45,1086.00,1087.45,0.65,0.37,0.30,1
618815.19,1277402.12,1087.41,1086.00,1087.41,0.65,0.38,0.30,1
618907.50,1277402.12,1078.40,1077.00,1078.40,0.65,0.38,0.30,1
618999.75,1277402.12,1071.43,1070.00,1071.43,0.65,0.38,0.30,1
619092.06,1277402.12,1071.47,1070.00,1071.47,0.64,0.37,0.29,1
619184.31,1277402.12,1076.50,1075.00,1076.50,0.64,0.36,0.29,1
619276.62,1277402.12,1079.51,1078.00,1079.51,0.64,0.36,0.29,1
619368.88,1277402.12,1080.50,1079.00,1080.50,0.64,0.36,0.29,1
619461.19,1277402.12,1078.48,1077.00,1078.48,0.65,0.37,0.29,1
619553.44,1277402.12,1055.48,1054.00,1055.48,0.65,0.38,0.30,1
619645.69,1277402.12,1029.50,1028.00,1029.50,0.65,0.37,0.29,1
619738.00,1277402.12,1017.52,1016.00,1017.52,0.64,0.37,0.29,1
619830.25,1277402.12,1008.53,1007.00,1008.53,0.64,0.37,0.29,1
619922.56,1277402.12,997.52,996.00,997.52,0.65,0.37,0.29,1
620014.81,1277402.12,985.50,984.00,985.50,0.64,0.37,0.29,1
620107.12,1277402.12,997.43,996.00,997.43,0.64,0.37,0.29,1
620199.38,1277402.12,993.29,992.00,993.29,0.66,0.39,0.32,1
620291.69,1277402.12,985.19,984.00,985.19,0.67,0.40,0.33,1
620383.94,1277402.12,982.15,981.00,982.15,0.67,0.41,0.33,1
620476.19,1277402.12,971.16,970.00,971.16,0.67,0.41,0.34,1
620568.50,1277402.12,961.19,960.00,961.19,0.67,0.41,0.33,1
620660.75,1277402.12,950.25,949.00,950.25,0.67,0.41,0.33,1
620753.06,1277402.12,929.43,928.00,929.43,0.67,0.40,0.32,1
620845.31,1277402.12,896.83,895.00,896.83,0.66,0.38,0.29,1
620937.62,1277402.12,868.09,866.00,868.09,0.65,0.36,0.27,1
621029.88,1277402.12,854.04,852.00,854.04,0.63,0.34,0.26,1
621122.19,1277402.12,863.89,862.00,863.89,0.62,0.34,0.25,1
621214.44,1277402.12,871.79,870.00,871.79,0.63,0.34,0.26,1
621306.69,1277402.12,863.73,862.00,863.73,0.62,0.34,0.26,1
621399.00,1277402.12,859.70,858.00,859.70,0.63,0.35,0.26,1
621491.25,1277402.12,853.67,852.00,853.67,0.63,0.35,0.27,1
621583.56,1277402.12,838.65,837.00,838.65,0.62,0.34,0.26,1
621675.81,1277402.12,854.64,853.00,854.64,0.61,0.33,0.25,1
621768.12,1277402.12,861.63,860.00,861.63,0.61,0.34,0.26,1
621860.38,1277402.12,846.63,845.00,846.63,0.62,0.34,0.26,1
621952.69,1277402.12,832.64,831.00,832.64,0.63,0.34,0.26,1
622044.94,1277402.12,837.67,836.00,837.67,0.63,0.34,0.26,1
622137.19,1277402.12,847.68,846.00,847.68,0.63,0.35,0.27,1
622229.50,1277402.12,844.68,843.00,844.68,0.64,0.36,0.28,1
622321.75,1277402.12,841.68,840.00,841.68,0.63,0.35,0.27,1
622414.06,1277402.12,848.67,847.00,848.67,0.62,0.34,0.26,1
622506.31,1277402.12,859.66,858.00,859.66,0.62,0.34,0.26,1
622598.62,1277402.12,869.61,868.00,869.61,0.63,0.35,0.27,1
622690.88,1277402.12,872.55,871.00,872.55,0.64,0.36,0.28,1
622783.19,1277402.12,873.51,872.00,873.51,0.64,0.37,0.29,1
622875.44,1277402.12,871.50,870.00,871.50,0.64,0.36,0.29,1
622967.69,1277402.12,882.49,881.00,882.49,0.63,0.36,0.28,1
623060.00,1277402.12,896.47,895.00,896.47,0.64,0.36,0.28,1
623152.25,1277402.12,901.43,900.00,901.43,0.65,0.38,0.30,1
623244.56,1277402.12,882.34,881.00,882.34,0.65,0.38,0.30,1
623336.81,1277402.12,880.19,879.00,880.19,0.64,0.38,0.30,1
623429.12,1277402.12,886.08,885.00,886.08,0.64,0.39,0.31,1
623521.38,1277402.12,879.05,878.00,879.05,0.64,0.38,0.31,1
623613.69,1277402.12,875.05,874.00,875.05,0.63,0.37,0.30,1
623705.94,1277402.12,871.09,870.00,871.09,0.62,0.36,0.29,1
623798.19,1277402.12,867.20,866.00,867.20,0.62,0.36,0.28,1
623890.50,1277402.12,867.31,866.00,867.31,0.62,0.35,0.27,1
623982.75,1277402.12,861.41,860.00,861.41,0.62,0.35,0.27,1
624075.06,1277402.12,853.48,852.00,853.48,0.62,0.35,0.27,1
624167.31,1277402.12,849.54,848.00,849.54,0.63,0.35,0.27,1
624259.62,1277402.12,848.58,847.00,848.58,0.62,0.34,0.26,1
624351.88,1277402.12,856.60,855.00,856.60,0.60,0.33,0.25,1
624444.19,1277402.12,875.61,874.00,875.61,0.60,0.32,0.24,1
624536.44,1277402.12,880.61,879.00,880.61,0.61,0.33,0.25,1
624628.69,1277402.12,868.60,867.00,868.60,0.63,0.35,0.27,1
624721.00,1277402.12,849.59,848.00,849.59,0.63,0.35,0.27,1
624813.25,1277402.12,846.55,845.00,846.55,0.62,0.34,0.26,1
624905.56,1277402.12,860.48,859.00,860.48,0.60,0.33,0.25,1
624997.81,1277402.12,884.35,883.00,884.35,0.60,0.33,0.26,1
625090.12,1277402.12,902.13,901.00,902.13,0.61,0.35,0.28,1
625182.38,1277402.12,906.78,906.00,906.78,0.63,0.39,0.32,1
625274.69,1277402.12,890.52,890.00,890.52,0.65,0.43,0.36,1
625366.94,1277402.12,874.24,874.00,874.24,0.56,0.37,0.31,1
625459.19,1277402.12,-9999.00,-9999.00,-9999.00,0.71,0.71,0.71,0
614385.88,1277309.88,-9999.00,-9999.00,-9999.00,0.71,0.71,0.71,0
614478.12,1277309.88,783.11,782.00,783.11,0.32,0.06,-0.02,1
614570.44,1277309.88,781.15,780.00,781.15,0.63,0.37,0.30,1
614662.69,1277309.88,780.22,779.00,780.22,0.61,0.35,0.27,1
614755.00,1277309.88,782.41,781.00,782.41,0.61,0.34,0.26,1
614847.25,1277309.88,789.56,788.00,789.56,0.61,0.34,0.26,1
614939.56,1277309.88,798.63,797.00,798.63,0.61,0.33,0.25,1
615031.81,1277309.88,816.66,815.00,816.66,0.60,0.32,0.24,1
615124.12,1277309.88,836.67,835.00,836.67,0.61,0.33,0.25,1
615216.38,1277309.88,848.67,847.00,848.67,0.62,0.34,0.26,1
615308.62,1277309.88,849.67,848.00,849.67,0.64,0.36,0.28,1
615400.94,1277309.88,842.68,841.00,842.68,0.65,0.36,0.28,1
615493.19,1277309.88,831.67,830.00,831.67,0.64,0.36,0.28,1
615585.50,1277309.88,830.67,829.00,830.67,0.63,0.35,0.27,1
615677.75,1277309.88,836.67,835.00,836.67,0.62,0.34,0.26,1
615770.06,1277309.88,853.66,852.00,853.66,0.61,0.33,0.25,1
615862.31,1277309.88,875.65,874.00,875.65,0.61,0.33,0.25,1
615954.62,1277309.88,887.64,886.00,887.64,0.64,0.36,0.28,1
616046.88,1277309.88,878.63,877.00,878.63,0.65,0.37,0.29,1
616139.12,1277309.88,863.62,862.00,863.62,0.64,0.36,0.28,1
616231.44,1277309.88,865.61,864.00,865.61,0.62,0.34,0.26,1
616323.69,1277309.88,881.61,880.00,881.61,0.60,0.32,0.24,1
616416.00,1277309.88,901.61,900.00,901.61,0.60,0.32,0.24,1
616508.25,1277309.88,916.62,915.00,916.62,0.61,0.33,0.25,1
616600.56,1277309.88,923.63,922.00,923.63,0.63,0.35,0.27,1
616692.81,1277309.88,920.65,919.00,920.65,0.63,0.35,0.27,1
616785.12,1277309.88,921.67,920.00,921.67,0.63,0.35,0.27,1
616877.38,1277309.88,928.68,927.00,928.68,0.62,0.34,0.26,1
616969.62,1277309.88,955.69,954.00,955.69,0.62,0.34,0.26,1
617061.94,1277309.88,963.69,962.00,963.69,0.64,0.36,0.28,1
617154.19,1277309.88,966.67,965.00,966.67,0.63,0.35,0.27,1
617246.50,1277309.88,977.61,976.00,977.61,0.62,0.34,0.26,1
617338.75,1277309.88,995.50,994.00,995.50,0.61,0.34,0.26,1
617431.06,1277309.88,1016.36,1015.00,1016.36,0.62,0.35,0.27,1
617523.31,1277309.88,1036.25,1035.00,1036.25,0.62,0.35,0.28,1
617615.62,1277309.88,1058.17,1057.00,1058.17,0.63,0.36,0.29,1
617707.88,1277309.88,1078.11,1077.00,1078.11,0.63,0.37,0.30,1
617800.12,1277309.88,1093.06,1092.00,1093.06,0.63,0.37,0.30,1
617892.44,1277309.88,1113.01,1112.00,1113.01,0.62,0.37,0.30,1
617984.69,1277309.88,1135.97,1135.00,1135.97,0.63,0.38,0.31,1
618077.00,1277309.88,1155.90,1155.00,1155.90,0.64,0.39,0.32,1
618169.25,1277309.88,1181.74,1181.00,1181.74,0.65,0.41,0.34,1
618261.56,1277309.88,1194.59,1194.00,1194.59,0.68,0.45,0.39,1
618353.81,1277309.88,1191.56,1191.00,1191.56,0.70,0.48,0.41,1
618446.12,1277309.88,1182.61,1182.00,1182.61,0.72,0.49,0.42,1
618538.38,1277309.88,1147.85,1147.00,1147.85,0.70,0.46,0.39,1
618630.62,1277309.88,1110.04,1109.00,1110.04,0.67,0.42,0.35,1
618722.94,1277309.88,1109.10,1108.00,1109.10,0.66,0.40,0.32,1
618815.19,1277309.88,1108.16,1107.00,1108.16,0.66,0.40,0.32,1
618907.50,1277309.88,1102.24,1101.00,1102.24,0.66,0.39,0.32,1
618999.75,1277309.88,1100.34,1099.00,1100.34,0.66,0.39,0.31,1
619092.06,1277309.88,1100.45,1099.00,1100.45,0.65,0.38,0.30,1
619184.31,1277309.88,1100.53,1099.00,1100.53,0.65,0.37,0.29,1
619276.62,1277309.88,1099.57,1098.00,1099.57,0.64,0.37,0.29,1
619368.88,1277309.88,1097.58,1096.00,1097.58,0.64,0.36,0.28,1
619461.19,1277309.88,1094.58,1093.00,1094.58,0.65,0.37,0.30,1
619553.44,1277309.88,1071.58,1070.00,1071.58,0.66,0.38,0.31,1
619645.69,1277309.88,1044.61,1043.00,1044.61,0.66,0.38,0.30,1
619738.00,1277309.88,1030.62,1029.00,1030.62,0.65,0.37,0.29,1
619830.25,1277309.88,1019.62,1018.00,1019.62,0.64,0.36,0.28,1
619922.56,1277309.88,1009.60,1008.00,1009.60,0.64,0.36,0.28,1
620014.81,1277309.88,1005.55,1004.00,1005.55,0.64,0.36,0.28,1
620107.12,1277309.88,1018.45,1017.00,1018.45,0.64,0.36,0.29,1
620199.38,1277309.88,1019.30,1018.00,1019.30,0.65,0.39,0.31,1
620291.69,1277309.88,1011.22,1010.00,1011.22,0.66,0.39,0.32,1
620383.94,1277309.88,1002.20,1001.00,1002.20,0.65,0.39,0.31,1
620476.19,1277309.88,992.21,991.00,992.21,0.65,0.38,0.31,1
620568.50,1277309.88,984.20,983.00,984.20,0.64,0.38,0.30,1
620660.75,1277309.88,978.17,977.00,978.17,0.65,0.39,0.32,1
620753.06,1277309.88,958.18,957.00,958.18,0.67,0.41,0.33,1
620845.31,1277309.88,930.36,929.00,930.36,0.67,0.40,0.33,1
620937.62,1277309.88,898.69,897.00,898.69,0.66,0.38,0.30,1
621029.88,1277309.88,876.81,875.00,876.81,0.65,0.36,0.28,1
621122.19,1277309.88,878.79,877.00,878.79,0.63,0.35,0.26,1
621214.44,1277309.88,876.74,875.00,876.74,0.63,0.35,0.27,1
621306.69,1277309.88,863.72,862.00,863.72,0.63,0.35,0.27,1
621399.00,1277309.88,859.70,858.00,859.70,0.63,0.35,0.27,1
621491.25,1277309.88,844.69,843.00,844.69,0.63,0.35,0.27,1
621583.56,1277309.88,840.68,839.00,840.68,0.62,0.33,0.25,1
621675.81,1277309.88,857.68,856.00,857.68,0.61,0.33,0.25,1
621768.12,1277309.88,856.68,855.00,856.68,0.62,0.34,0.26,1
621860.38,1277309.88,843.67,842.00,843.67,0.63,0.35,0.27,1
621952.69,1277309.88,843.68,842.00,843.68,0.62,0.34,0.26,1
622044.94,1277309.88,859.69,858.00,859.69,0.62,0.34,0.26,1
622137.19,1277309.88,864.69,863.00,864.69,0.64,0.35,0.27,1
622229.50,1277309.88,859.69,858.00,859.69,0.64,0.36,0.28,1
622321.75,1277309.88,858.69,857.00,858.69,0.64,0.35,0.27,1
622414.06,1277309.88,863.69,862.00,863.69,0.63,0.35,0.27,1
622506.31,1277309.88,873.66,872.00,873.66,0.63,0.35,0.27,1
622598.62,1277309.88,888.59,887.00,888.59,0.63,0.36,0.28,1
622690.88,1277309.88,899.50,898.00,899.50,0.65,0.37,0.29,1
622783.19,1277309.88,899.46,898.00,899.46,0.65,0.38,0.30,1
622875.44,1277309.88,900.47,899.00,900.47,0.65,0.37,0.30,1
622967.69,1277309.88,904.51,903.00,904.51,0.63,0.36,0.28,1
623060.00,1277309.88,921.53,920.00,921.53,0.64,0.36,0.28,1
623152.25,1277309.88,913.49,912.00,913.49,0.65,0.37,0.29,1
623244.56,1277309.88,892.40,891.00,892.40,0.64,0.37,0.29,1
623336.81,1277309.88,897.21,896.00,897.21,0.63,0.37,0.29,1
623429.12,1277309.88,901.99,901.00,901.99,0.64,0.39,0.32,1
623521.38,1277309.88,883.90,883.00,883.90,0.66,0.41,0.34,1
623613.69,1277309.88,870.92,870.00,870.92,0.65,0.40,0.33,1
623705.94,1277309.88,866.03,865.00,866.03,0.64,0.38,0.31,1
623798.19,1277309.88,861.23,860.00,861.23,0.63,0.36,0.29,1
623890.50,1277309.88,859.38,858.00,859.38,0.62,0.35,0.28,1
623982.75,1277309.88,853.46,852.00,853.46,0.62,0.35,0.27,1
624075.06,1277309.88,854.52,853.00,854.52,0.62,0.35,0.27,1
624167.31,1277309.88,862.57,861.00,862.57,0.63,0.35,0.27,1
624259.62,1277309.88,860.61,859.00,860.61,0.64,0.36,0.28,1
624351.88,1277309.88,853.65,852.00,853.65,0.63,0.35,0.27,1
624444.19,1277309.88,856.66,855.00,856.66,0.60,0.32,0.24,1
624536.44,1277309.88,863.67,862.00,863.67,0.60,0.32,0.24,1
624628.69,1277309.88,856.67,855.00,856.67,0.61,0.33,0.25,1
624721.00,1277309.88,844.66,843.00,844.66,0.62,0.34,0.26,1
624813.25,1277309.88,849.64,848.00,849.64,0.61,0.33,0.25,1
624905.56,1277309.88,869.60,868.00,869.60,0.60,0.32,0.24,1
624997.81,1277309.88,891.48,890.00,891.48,0.60,0.33,0.25,1
625090.12,1277309.88,900.24,899.00,900.24,0.61,0.35,0.27,1
625182.38,1277309.88,895.80,895.00,895.80,0.62,0.38,0.31,1
625274.69,1277309.88,880.38,880.00,880.38,0.64,0.43,0.37,1
625366.94,1277309.88,869.13,869.00,869.13,0.55,0.38,0.34,1
625459.19,1277309.88,-9999.00,-9999.00,-9999.00,0.71,0.71,0.71,0
614385.88,1277217.62,-9999.00,-9999.00,-9999.00,0.71,0.71,0.71,0
614478.12,1277217.62,798.12,797.00,798.12,0.32,0.06,-0.01,1
614570.44,1277217.62,792.17,791.00,792.17,0.65,0.39,0.31,1
614662.69,1277217.62,782.31,781.00,782.31,0.64,0.37,0.29,1
614755.00,1277217.62,782.48,781.00,782.48,0.62,0.35,0.27,1
614847.25,1277217.62,791.61,790.00,791.61,0.62,0.34,0.26,1
614939.56,1277217.62,802.68,801.00,802.68,0.61,0.33,0.25,1
615031.81,1277217.62,821.70,820.00,821.70,0.60,0.32,0.24,1
615124.12,1277217.62,844.70,843.00,844.70,0.60,0.32,0.24,1
615216.38,1277217.62,857.70,856.00,857.70,0.62,0.33,0.25,1
615308.62,1277217.62,862.70,861.00,862.70,0.63,0.35,0.27,1
615400.94,1277217.62,856.70,855.00,856.70,0.64,0.36,0.28,1
615493.19,1277217.62,846.70,845.00,846.70,0.64,0.36,0.28,1
615585.50,1277217.62,845.70,844.00,845.70,0.64,0.35,0.27,1
615677.75,1277217.62,849.70,848.00,849.70,0.63,0.35,0.27,1
615770.06,1277217.62,864.70,863.00,864.70,0.62,0.33,0.25,1
615862.31,1277217.62,887.70,886.00,887.70,0.61,0.33,0.25,1
615954.62,1277217.62,905.70,904.00,905.70,0.63,0.35,0.27,1
616046.88,1277217.62,893.69,892.00,893.69,0.65,0.36,0.28,1
616139.12,1277217.62,871.68,870.00,871.68,0.64,0.36,0.28,1
616231.44,1277217.62,870.67,869.00,870.67,0.62,0.34,0.26,1
616323.69,1277217.62,881.67,880.00,881.67,0.61,0.33,0.25,1
616416.00,1277217.62,900.67,899.00,900.67,0.60,0.32,0.24,1
616508.25,1277217.62,914.67,913.00,914.67,0.61,0.33,0.25,1
616600.56,1277217.62,925.68,924.00,925.68,0.61,0.33,0.25,1
616692.81,1277217.62,935.69,934.00,935.69,0.62,0.34,0.26,1
616785.12,1277217.62,946.70,945.00,946.70,0.63,0.35,0.27,1
616877.38,1277217.62,957.70,956.00,957.70,0.62,0.34,0.25,1
616969.62,1277217.62,994.70,993.00,994.70,0.62,0.34,0.26,1
617061.94,1277217.62,1000.70,999.00,1000.70,0.64,0.36,0.28,1
617154.19,1277217.62,997.68,996.00,997.68,0.65,0.37,0.28,1
617246.50,1277217.62,1002.63,1001.00,1002.63,0.64,0.36,0.28,1
617338.75,1277217.62,1013.49,1012.00,1013.49,0.63,0.35,0.27,1
617431.06,1277217.62,1037.32,1036.00,1037.32,0.61,0.34,0.27,1
617523.31,1277217.62,1065.19,1064.00,1065.19,0.62,0.36,0.28,1
617615.62,1277217.62,1093.12,1092.00,1093.12,0.63,0.37,0.30,1
617707.88,1277217.62,1112.08,1111.00,1112.08,0.64,0.39,0.31,1
617800.12,1277217.62,1128.02,1127.00,1128.02,0.64,0.39,0.32,1
617892.44,1277217.62,1151.93,1151.00,1151.93,0.63,0.38,0.31,1
617984.69,1277217.62,1184.85,1184.00,1184.85,0.62,0.38,0.31,1
618077.00,1277217.62,1220.79,1220.00,1220.79,0.63,0.39,0.32,1
618169.25,1277217.62,1249.78,1249.00,1249.78,0.65,0.41,0.34,1
618261.56,1277217.62,1262.77,1262.00,1262.77,0.68,0.44,0.37,1
618353.81,1277217.62,1251.77,1251.00,1251.77,0.71,0.46,0.40,1
618446.12,1277217.62,1222.78,1222.00,1222.78,0.71,0.47,0.40,1
618538.38,1277217.62,1169.79,1169.00,1169.79,0.70,0.46,0.39,1
618630.62,1277217.62,1131.82,1131.00,1131.82,0.68,0.44,0.37,1
618722.94,1277217.62,1136.87,1136.00,1136.87,0.66,0.41,0.34,1
618815.19,1277217.62,1137.95,1137.00,1137.95,0.67,0.42,0.34,1
618907.50,1277217.62,1138.06,1137.00,1138.06,0.66,0.41,0.33,1
618999.75,1277217.62,1141.19,1140.00,1141.19,0.66,0.40,0.32,1
619092.06,1277217.62,1147.35,1146.00,1147.35,0.66,0.39,0.32,1
619184.31,1277217.62,1138.51,1137.00,1138.51,0.66,0.39,0.31,1
619276.62,1277217.62,1125.62,1124.00,1125.62,0.66,0.38,0.30,1
619368.88,1277217.62,1115.65,1114.00,1115.65,0.65,0.36,0.28,1
619461.19,1277217.62,1117.64,1116.00,1117.64,0.65,0.37,0.29,1
619553.44,1277217.62,1099.63,1098.00,1099.63,0.66,0.38,0.30,1
619645.69,1277217.62,1072.64,1071.00,1072.64,0.66,0.38,0.30,1
619738.00,1277217.62,1054.67,1053.00,1054.67,0.66,0.38,0.30,1
619830.25,1277217.62,1031.69,1030.00,1031.69,0.65,0.37,0.29,1
619922.56,1277217.62,1028.69,1027.00,1028.69,0.64,0.36,0.27,1
620014.81,1277217.62,1042.63,1041.00,1042.63,0.63,0.35,0.27,1
620107.12,1277217.62,1048.50,1047.00,1048.50,0.64,0.37,0.29,1
620199.38,1277217.62,1040.34,1039.00,1040.34,0.65,0.38,0.31,1
620291.69,1277217.62,1021.26,1020.00,1021.26,0.66,0.39,0.32,1
620383.94,1277217.62,1001.32,1000.00,1001.32,0.65,0.38,0.31,1
620476.19,1277217.62,985.43,984.00,985.43,0.64,0.37,0.29,1
620568.50,1277217.62,972.44,971.00,972.44,0.63,0.36,0.28,1
620660.75,1277217.62,967.35,966.00,967.35,0.63,0.36,0.28,1
620753.06,1277217.62,956.27,955.00,956.27,0.63,0.37,0.29,1
620845.31,1277217.62,942.30,941.00,942.30,0.65,0.38,0.30,1
620937.62,1277217.62,921.45,920.00,921.45,0.65,0.38,0.30,1
621029.88,1277217.62,901.60,900.00,901.60,0.65,0.37,0.29,1
621122.19,1277217.62,888.68,887.00,888.68,0.64,0.36,0.28,1
621214.44,1277217.62,880.70,879.00,880.70,0.63,0.35,0.27,1
621306.69,1277217.62,872.70,871.00,872.70,0.64,0.35,0.27,1
621399.00,1277217.62,866.70,865.00,866.70,0.63,0.35,0.27,1
621491.25,1277217.62,850.70,849.00,850.70,0.64,0.35,0.27,1
621583.56,1277217.62,844.70,843.00,844.70,0.62,0.34,0.26,1
621675.81,1277217.62,852.70,851.00,852.70,0.61,0.33,0.25,1
621768.12,1277217.62,856.70,855.00,856.70,0.62,0.34,0.26,1
621860.38,1277217.62,851.70,850.00,851.70,0.63,0.35,0.27,1
621952.69,1277217.62,857.70,856.00,857.70,0.62,0.34,0.26,1
622044.94,1277217.62,871.70,870.00,871.70,0.62,0.34,0.26,1
622137.19,1277217.62,881.70,880.00,881.70,0.63,0.35,0.27,1
622229.50,1277217.62,879.70,878.00,879.70,0.64,0.36,0.28,1
622321.75,1277217.62,879.70,878.00,879.70,0.63,0.35,0.27,1
622414.06,1277217.62,892.69,891.00,892.69,0.63,0.34,0.26,1
622506.31,1277217.62,914.65,913.00,914.65,0.62,0.34,0.26,1
622598.62,1277217.62,939.56,938.00,939.56,0.63,0.35,0.27,1
622690.88,1277217.62,951.43,950.00,951.43,0.65,0.37,0.29,1
622783.19,1277217.62,948.35,947.00,948.35,0.66,0.39,0.31,1
622875.44,1277217.62,942.39,941.00,942.39,0.66,0.39,0.31,1
622967.69,1277217.62,939.51,938.00,939.51,0.65,0.38,0.30,1
623060.00,1277217.62,935.60,934.00,935.60,0.65,0.37,0.29,1
623152.25,1277217.62,917.60,916.00,917.60,0.65,0.37,0.29,1
623244.56,1277217.62,900.50,899.00,900.50,0.64,0.37,0.29,1
623336.81,1277217.62,898.27,897.00,898.27,0.63,0.36,0.28,1
623429.12,1277217.62,893.95,893.00,893.95,0.62,0.37,0.29,1
623521.38,1277217.62,885.72,885.00,885.72,0.63,0.39,0.32,1
623613.69,1277217.62,882.74,882.00,882.74,0.64,0.40,0.33,1
623705.94,1277217.62,877.00,876.00,877.00,0.65,0.39,0.32,1
623798.19,1277217.62,864.28,863.00,864.28,0.64,0.37,0.30,1
623890.50,1277217.62,860.45,859.00,860.45,0.64,0.36,0.28,1
623982.75,1277217.62,859.51,858.00,859.51,0.63,0.36,0.28,1
624075.06,1277217.62,862.54,861.00,862.54,0.62,0.34,0.27,1
624167.31,1277217.62,874.58,873.00,874.58,0.62,0.34,0.26,1
624259.62,1277217.62,874.64,873.00,874.64,0.63,0.35,0.27,1
624351.88,1277217.62,861.68,860.00,861.68,0.64,0.36,0.28,1
624444.19,1277217.62,846.69,845.00,846.69,0.63,0.34,0.26,1
624536.44,1277217.62,841.70,840.00,841.70,0.61,0.33,0.25,1
624628.69,1277217.62,838.70,837.00,838.70,0.61,0.33,0.25,1
624721.00,1277217.62,838.70,837.00,838.70,0.61,0.33,0.25,1
624813.25,1277217.62,850.70,849.00,850.70,0.61,0.32,0.24,1
624905.56,1277217.62,867.70,866.00,867.70,0.60,0.31,0.23,1
624997.81,1277217.62,884.66,883.00,884.66,0.60,0.32,0.24,1
625090.12,1277217.62,890.45,889.00,890.45,0.61,0.34,0.26,1
625182.38,1277217.62,879.93,879.00,879.93,0.62,0.37,0.30,1
625274.69,1277217.62,870.36,870.00,870.36,0.63,0.43,0.37,1
625366.94,1277217.62,871.11,871.00,871.11,0.55,0.39,0.34,1
625459.19,1277217.62,-9999.00,-9999.00,-9999.00,0.71,0.71,0.71,0
614385.88,1277125.25,-9999.00,-9999.00,-9999.00,0.71,0.71,0.71,0
614478.12,1277125.25,809.13,808.00,809.13,0.27,0.01,-0.07,1
614570.44,1277125.25,800.19,799.00,800.19,0.33,0.07,-0.01,1
614662.69,1277125.25,790.33,789.00,790.33,0.35,0.08,0.00,1
614755.00,1277125.25,793.50,792.00,793.50,0.37,0.09,0.01,1
614847.25,1277125.25,806.62,805.00,806.62,0.38,0.10,0.02,1
614939.56,1277125.25,818.68,817.00,818.68,0.39,0.11,0.03,1
615031.81,1277125.25,829.70,828.00,829.70,0.39,0.11,0.03,1
615124.12,1277125.25,846.70,845.00,846.70,0.39,0.11,0.03,1
615216.38,1277125.25,857.70,856.00,857.70,0.39,0.11,0.03,1
615308.62,1277125.25,863.70,862.00,863.70,0.39,0.11,0.03,1
615400.94,1277125.25,865.70,864.00,865.70,0.39,0.11,0.03,1
615493.19,1277125.25,864.70,863.00,864.70,0.39,0.11,0.03,1
615585.50,1277125.25,871.70,870.00,871.70,0.39,0.11,0.03,1
615677.75,1277125.25,880.70,879.00,880.70,0.39,0.11,0.03,1
615770.06,1277125.25,894.70,893.00,894.70,0.39,0.11,0.03,1
615862.31,1277125.25,914.70,913.00,914.70,0.39,0.11,0.03,1
615954.62,1277125.25,921.70,920.00,921.70,0.39,0.11,0.03,1
616046.88,1277125.25,897.70,896.00,897.70,0.39,0.11,0.03,1
616139.12,1277125.25,876.70,875.00,876.70,0.39,0.11,0.03,1
616231.44,1277125.25,881.70,880.00,881.70,0.39,0.11,0.03,1
616323.69,1277125.25,892.70,891.00,892.70,0.39,0.11,0.03,1
616416.00,1277125.25,908.70,907.00,908.70,0.39,0.11,0.03,1
616508.25,1277125.25,925.70,924.00,925.70,0.39,0.11,0.03,1
616600.56,1277125.25,931.70,930.00,931.70,0.39,0.11,0.03,1
616692.81,1277125.25,951.70,950.00,951.70,0.39,0.11,0.03,1
616785.12,1277125.25,981.70,980.00,981.70,0.39,0.11,0.03,1
616877.38,1277125.25,996.70,995.00,996.70,0.39,0.11,0.03,1
616969.62,1277125.25,1023.70,1022.00,1023.70,0.39,0.11,0.03,1
617061.94,1277125.25,1037.70,1036.00,1037.70,0.39,0.11,0.03,1
617154.19,1277125.25,1045.68,1044.00,1045.68,0.39,0.11,0.03,1
617246.50,1277125.25,1053.61,1052.00,1053.61,0.38,0.10,0.02,1
617338.75,1277125.25,1054.47,1053.00,1054.47,0.36,0.09,0.01,1
617431.06,1277125.25,1068.30,1067.00,1068.30,0.34,0.08,-0.00,1
617523.31,1277125.25,1107.18,1106.00,1107.18,0.33,0.06,-0.01,1
617615.62,1277125.25,1154.11,1153.00,1154.11,0.32,0.06,-0.02,1
617707.88,1277125.25,1188.07,1187.00,1188.07,0.31,0.05,-0.02,1
617800.12,1277125.25,1207.00,1206.00,1207.00,0.30,0.05,-0.03,1
617892.44,1277125.25,1229.89,1229.00,1229.89,0.28,0.03,-0.04,1
617984.69,1277125.25,1265.79,1265.00,1265.79,0.26,0.02,-0.05,1
618077.00,1277125.25,1294.74,1294.00,1294.74,0.25,0.02,-0.05,1
618169.25,1277125.25,1303.72,1303.00,1303.72,0.25,0.01,-0.05,1
618261.56,1277125.25,1302.72,1302.00,1302.72,0.25,0.01,-0.05,1
618353.81,1277125.25,1291.72,1291.00,1291.72,0.25,0.01,-0.05,1
618446.12,1277125.25,1247.72,1247.00,1247.72,0.25,0.01,-0.05,1
618538.38,1277125.25,1184.72,1184.00,1184.72,0.25,0.02,-0.05,1
618630.62,1277125.25,1150.74,1150.00,1150.74,0.25,0.02,-0.05,1
618722.94,1277125.25,1159.77,1159.00,1159.77,0.26,0.02,-0.05,1
618815.19,1277125.25,1179.85,1179.00,1179.85,0.28,0.03,-0.04,1
618907.50,1277125.25,1190.97,1190.00,1190.97,0.30,0.04,-0.03,1
618999.75,1277125.25,1198.13,1197.00,1198.13,0.32,0.06,-0.01,1
619092.06,1277125.25,1202.31,1201.00,1202.31,0.34,0.08,0.00,1
619184.31,1277125.25,1182.49,1181.00,1182.49,0.37,0.09,0.01,1
619276.62,1277125.25,1155.62,1154.00,1155.62,0.38,0.10,0.02,1
619368.88,1277125.25,1145.68,1144.00,1145.68,0.39,0.11,0.03,1
619461.19,1277125.25,1138.68,1137.00,1138.68,0.39,0.11,0.03,1
619553.44,1277125.25,1119.68,1118.00,1119.68,0.39,0.11,0.03,1
619645.69,1277125.25,1108.69,1107.00,1108.69,0.39,0.11,0.03,1
619738.00,1277125.25,1090.69,1089.00,1090.69,0.39,0.11,0.03,1
619830.25,1277125.25,1072.70,1071.00,1072.70,0.39,0.11,0.03,1
619922.56,1277125.25,1065.69,1064.00,1065.69,0.39,0.11,0.03,1
620014.81,1277125.25,1065.63,1064.00,1065.63,0.38,0.10,0.02,1
620107.12,1277125.25,1060.49,1059.00,1060.49,0.37,0.09,0.01,1
620199.38,1277125.25,1044.33,1043.00,1044.33,0.35,0.08,0.00,1
620291.69,1277125.25,1030.27,1029.00,1030.27,0.34,0.07,-0.00,1
620383.94,1277125.25,1014.36,1013.00,1014.36,0.35,0.08,0.00,1
620476.19,1277125.25,1000.48,999.00,1000.48,0.37,0.09,0.01,1
620568.50,1277125.25,986.49,985.00,986.49,0.37,0.09,0.01,1
620660.75,1277125.25,970.38,969.00,970.38,0.35,0.08,0.01,1
620753.06,1277125.25,950.28,949.00,950.28,0.34,0.07,-0.00,1
620845.31,1277125.25,932.32,931.00,932.32,0.35,0.08,0.00,1
620937.62,1277125.25,913.47,912.00,913.47,0.36,0.09,0.01,1
621029.88,1277125.25,901.61,900.00,901.61,0.38,0.10,0.02,1
621122.19,1277125.25,893.68,892.00,893.68,0.39,0.11,0.03,1
621214.44,1277125.25,888.70,887.00,888.70,0.39,0.11,0.03,1
621306.69,1277125.25,878.70,877.00,878.70,0.39,0.11,0.03,1
621399.00,1277125.25,864.70,863.00,864.70,0.39,0.11,0.03,1
621491.25,1277125.25,853.70,852.00,853.70,0.39,0.11,0.03,1
621583.56,1277125.25,849.70,848.00,849.70,0.39,0.11,0.03,1
621675.81,1277125.25,853.70,852.00,853.70,0.39,0.11,0.03,1
621768.12,1277125.25,863.70,862.00,863.70,0.39,0.11,0.03,1
621860.38,1277125.25,867.70,866.00,867.70,0.39,0.11,0.03,1
621952.69,1277125.25,870.70,869.00,870.70,0.39,0.11,0.03,1
622044.94,1277125.25,883.70,882.00,883.70,0.39,0.11,0.03,1
622137.19,1277125.25,896.70,895.00,896.70,0.39,0.11,0.03,1
622229.50,1277125.25,901.70,900.00,901.70,0.39,0.11,0.03,1
622321.75,1277125.25,907.70,906.00,907.70,0.39,0.11,0.03,1
622414.06,1277125.25,929.69,928.00,929.69,0.39,0.11,0.03,1
622506.31,1277125.25,945.64,944.00,945.64,0.38,0.10,0.02,1
622598.62,1277125.25,959.53,958.00,959.53,0.37,0.10,0.02,1
622690.88,1277125.25,961.39,960.00,961.39,0.35,0.08,0.01,1
622783.19,1277125.25,963.30,962.00,963.30,0.34,0.08,0.00,1
622875.44,1277125.25,967.36,966.00,967.36,0.35,0.08,0.00,1
622967.69,1277125.25,967.50,966.00,967.50,0.37,0.09,0.01,1
623060.00,1277125.25,955.62,954.00,955.62,0.38,0.10,0.02,1
623152.25,1277125.25,928.65,927.00,928.65,0.38,0.10,0.02,1
623244.56,1277125.25,908.57,907.00,908.57,0.38,0.10,0.02,1
623336.81,1277125.25,891.34,890.00,891.34,0.35,0.08,0.00,1
623429.12,1277125.25,877.01,876.00,877.01,0.30,0.05,-0.02,1
623521.38,1277125.25,866.76,866.00,866.76,0.26,0.02,-0.05,1
623613.69,1277125.25,868.81,868.00,868.81,0.27,0.03,-0.04,1
623705.94,1277125.25,872.11,871.00,872.11,0.32,0.06,-0.02,1
623798.19,1277125.25,871.42,870.00,871.42,0.36,0.09,0.01,1
623890.50,1277125.25,875.60,874.00,875.60,0.38,0.10,0.02,1
623982.75,1277125.25,877.65,876.00,877.65,0.38,0.10,0.02,1
624075.06,1277125.25,870.66,869.00,870.66,0.39,0.10,0.02,1
624167.31,1277125.25,870.67,869.00,870.67,0.39,0.11,0.02,1
624259.62,1277125.25,873.69,872.00,873.69,0.39,0.11,0.03,1
624351.88,1277125.25,863.69,862.00,863.69,0.39,0.11,0.03,1
624444.19,1277125.25,848.70,847.00,848.70,0.39,0.11,0.03,1
624536.44,1277125.25,836.70,835.00,836.70,0.39,0.11,0.03,1
624628.69,1277125.25,835.70,834.00,835.70,0.39,0.11,0.03,1
624721.00,1277125.25,843.70,842.00,843.70,0.39,0.11,0.03,1
624813.25,1277125.25,852.70,851.00,852.70,0.39,0.11,0.03,1
624905.56,1277125.25,860.70,859.00,860.70,0.39,0.11,0.03,1
624997.81,1277125.25,871.66,870.00,871.66,0.38,0.10,0.02,1
625090.12,1277125.25,876.45,875.00,876.45,0.36,0.09,0.01,1
625182.38,1277125.25,866.93,866.00,866.93,0.29,0.04,-0.03,1
625274.69,1277125.25,865.36,865.00,865.36,0.15,-0.05,-0.11,1
625366.94,1277125.25,874.11,874.00,874.11,0.28,0.12,0.07,1
625459.19,1277125.25,-9999.00,-9999.00,-9999.00,0.71,0.71,0.71,0
614385.88,1277033.00,-9999.00,-9999.00,-9999.00,0.71,0.71,0.71,0
614478.12,1277033.00,-9999.00,-9999.00,-9999.00,0.71,0.71,0.71,0
614570.44,1277033.00,-9999.00,-9999.00,-9999.00,0.71,0.71,0.71,0
614662.69,1277033.00,-9999.00,-9999.00,-9999.00,0.71,0.71,0.71,0
614755.00,1277033.00,-9999.00,-9999.00,-9999.00,0.71,0.71,0.71,0
614847.25,1277033.00,-9999.00,-9999.00,-9999.00,0.71,0.71,0.71,0
614939.56,1277033.00,-9999.00,-9999.00,-9999.00,0.71,0.71,0.71,0
615031.81,1277033.00,-9999.00,-9999.00,-9999.00,0.71,0.71,0.71,0
615124.12,1277033.00,-9999.00,-9999.00,-9999.00,0.71,0.71,0.71,0
615216.38,1277033.00,-9999.00,-9999.00,-9999.00,0.71,0.71,0.71,0
615308.62,1277033.00,-9999.00,-9999.00,-9999.00,0.71,0.71,0.71,0
615400.94,1277033.00,-9999.00,-9999.00,-9999.00,0.71,0.71,0.71,0
615493.19,1277033.00,-9999.00,-9999.00,-9999.00,0.71,0.71,0.71,0
615585.50,1277033.00,-9999.00,-9999.00,-9999.00,0.71,0.71,0.71,0
615677.75,1277033.00,-9999.00,-9999.00,-9999.00,0.71,0.71,0.71,0
615770.06,1277033.00,-9999.00,-9999.00,-9999.00,0.71,0.71,0.71,0
615862.31,1277033.00,-9999.00,-9999.00,-9999.00,0.71,0.71,0.71,0
615954.62,1277033.00,-9999.00,-9999.00,-9999.00,0.71,0.71,0.71,0
616046.88,1277033.00,-9999.00,-9999.00,-9999.00,0.71,0.71,0.71,0
616139.12,1277033.00,-9999.00,-9999.00,-9999.00,0.71,0.71,0.71,0
616231.44,1277033.00,-9999.00,-9999.00,-9999.00,0.71,0.71,0.71,0
616323.69,1277033.00,-9999.00,-9999.00,-9999.00,0.71,0.71,0.71,0
616416.00,1277033.00,-9999.00,-9999.00,-9999.00,0.71,0.71,0.71,0
616508.25,1277033.00,-9999.00,-9999.00,-9999.00,0.71,0.71,0.71,0
616600.56,1277033.00,-9999.00,-9999.00,-9999.00,0.71,0.71,0.71,0
616692.81,1277033.00,-9999.00,-9999.00,-9999.00,0.71,0.71,0.71,0
616785.12,1277033.00,-9999.00,-9999.00,-9999.00,0.71,0.71,0.71,0
616877.38,1277033.00,-9999.00,-9999.00,-9999.00,0.71,0.71,0.71,0
616969.62,1277033.00,-9999.00,-9999.00,-9999.00,0.71,0.71,0.71,0
617061.94,1277033.00,-9999.00,-9999.00,-9999.00,0.71,0.71,0.71,0
617154.19,1277033.00,-9999.00,-9999.00,-9999.00,0.71,0.71,0.71,0
617246.50,1277033.00,-9999.00,-9999.00,-9999.00,0.71,0.71,0.71,0
617338.75,1277033.00,-9999.00,-9999.00,-9999.00,0.71,0.71,0.71,0
617431.06,1277033.00,-9999.00,-9999.00,-9999.00,0.71,0.71,0.71,0
617523.31,1277033.00,-9999.00,-9999.00,-9999.00,0.71,0.71,0.71,0
617615.62,1277033.00,-9999.00,-9999.00,-9999.00,0.71,0.71,0.71,0
617707.88,1277033.00,-9999.00,-9999.00,-9999.00,0.71,0.71,0.71,0
617800.12,1277033.00,-9999.00,-9999.00,-9999.00,0.71,0.71,0.71,0
617892.44,1277033.00,-9999.00,-9999.00,-9999.00,0.71,0.71,0.71,0
617984.69,1277033.00,-9999.00,-9999.00,-9999.00,0.71,0.71,0.71,0
618077.00,1277033.00,-9999.00,-9999.00,-9999.00,0.71,0.71,0.71,0
618169.25,1277033.00,-9999.00,-9999.00,-9999.00,0.71,0.71,0.71,0
618261.56,1277033.00,-9999.00,-9999.00,-9999.00,0.71,0.71,0.71,0
618353.81,1277033.00,-9999.00,-9999.00,-9999.00,0.71,0.71,0.71,0
618446.12,1277033.00,-9999.00,-9999.00,-9999.00,0.71,0.71,0.71,0
618538.38,1277033.00,-9999.00,-9999.00,-9999.00,0.71,0.71,0.71,0
618630.62,1277033.00,-9999.00,-9999.00,-9999.00,0.71,0.71,0.71,0
618722.94,1277033.00,-9999.00,-9999.00,-9999.00,0.71,0.71,0.71,0
618815.19,1277033.00,-9999.00,-9999.00,-9999.00,0.71,0.71,0.71,0
618907.50,1277033.00,-9999.00,-9999.00,-9999.00,0.71,0.71,0.71,0
618999.75,1277033.00,-9999.00,-9999.00,-9999.00,0.71,0.71,0.71,0
619092.06,1277033.00,-9999.00,-9999.00,-9999.00,0.71,0.71,0.71,0
619184.31,1277033.00,-9999.00,-9999.00,-9999.00,0.71,0.71,0.71,0
619276.62,1277033.00,-9999.00,-9999.00,-9999.00,0.71,0.71,0.71,0
619368.88,1277033.00,-9999.00,-9999.00,-9999.00,0.71,0.71,0.71,0
619461.19,1277033.00,-9999.00,-9999.00,-9999.00,0.71,0.71,0.71,0
619553.44,1277033.00,-9999.00,-9999.00,-9999.00,0.71,0.71,0.71,0
619645.69,1277033.00,-9999.00,-9999.00,-9999.00,0.71,0.71,0.71,0
619738.00,1277033.00,-9999.00,-9999.00,-9999.00,0.71,0.71,0.71,0
619830.25,1277033.00,-9999.00,-9999.00,-9999.00,0.71,0.71,0.71,0
619922.56,1277033.00,-9999.00,-9999.00,-9999.00,0.71,0.71,0.71,0
620014.81,1277033.00,-9999.00,-9999.00,-9999.00,0.71,0.71,0.71,0
620107.12,1277033.00,-9999.00,-9999.00,-9999.00,0.71,0.71,0.71,0
620199.38,1277033.00,-9999.00,-9999.00,-9999.00,0.71,0.71,0.71,0
620291.69,1277033.00,-9999.00,-9999.00,-9999.00,0.71,0.71,0.71,0
620383.94,1277033.00,-9999.00,-9999.00,-9999.00,0.71,0.71,0.71,0
620476.19,1277033.00,-9999.00,-9999.00,-9999.00,0.71,0.71,0.71,0
620568.50,1277033.00,-9999.00,-9999.00,-9999.00,0.71,0.71,0.71,0
620660.75,1277033.00,-9999.00,-9999.00,-9999.00,0.71,0.71,0.71,0
620753.06,1277033.00,-9999.00,-9999.00,-9999.00,0.71,0.71,0.71,0
620845.31,1277033.00,-9999.00,-9999.00,-9999.00,0.71,0.71,0.71,0
620937.62,1277033.00,-9999.00,-9999.00,-9999.00,0.71,0.71,0.71,0
621029.88,1277033.00,-9999.00,-9999.00,-9999.00,0.71,0.71,0.71,0
621122.19,1277033.00,-9999.00,-9999.00,-9999.00,0.71,0.71,0.71,0
621214.44,1277033.00,-9999.00,-9999.00,-9999.00,0.71,0.71,0.71,0
621306.69,1277033.00,-9999.00,-9999.00,-9999.00,0.71,0.71,0.71,0
621399.00,1277033.00,-9999.00,-9999.00,-9999.00,0.71,0.71,0.71,0
621491.25,1277033.00,-9999.00,-9999.00,-9999.00,0.71,0.71,0.71,0
621583.56,1277033.00,-9999.00,-9999.00,-9999.00,0.71,0.71,0.71,0
621675.81,1277033.00,-9999.00,-9999.00,-9999.00,0.71,0.71,0.71,0
621768.12,1277033.00,-9999.00,-9999.00,-9999.00,0.71,0.71,0.71,0
621860.38,1277033.00,-9999.00,-9999.00,-9999.00,0.71,0.71,0.71,0
621952.69,1277033.00,-9999.00,-9999.00,-9999.00,0.71,0.71,0.71,0
622044.94,1277033.00,-9999.00,-9999.00,-9999.00,0.71,0.71,0.71,0
622137.19,1277033.00,-9999.00,-9999.00,-9999.00,0.71,0.71,0.71,0
622229.50,1277033.00,-9999.00,-9999.00,-9999.00,0.71,0.71,0.71,0
622321.75,1277033.00,-9999.00,-9999.00,-9999.00,0.71,0.71,0.71,0
622414.06,1277033.00,-9999.00,-9999.00,-9999.00,0.71,0.71,0.71,0
622506.31,1277033.00,-9999.00,-9999.00,-9999.00,0.71,0.71,0.71,0
622598.62,1277033.00,-9999.00,-9999.00,-9999.00,0.71,0.71,0.71,0
622690.88,1277033.00,-9999.00,-9999.00,-9999.00,0.71,0.71,0.71,0
622783.19,1277033.00,-9999.00,-9999.00,-9999.00,0.71,0.71,0.71,0
622875.44,1277033.00,-9999.00,-9999.00,-9999.00,0.71,0.71,0.71,0
622967.69,1277033.00,-9999.00,-9999.00,-9999.00,0.71,0.71,0.71,0
623060.00,1277033.00,-9999.00,-9999.00,-9999.00,0.71,0.71,0.71,0
623152.25,1277033.00,-9999.00,-9999.00,-9999.00,0.71,0.71,0.71,0
623244.56,1277033.00,-9999.00,-9999.00,-9999.00,0.71,0.71,0.71,0
623336.81,1277033.00,-9999.00,-9999.00,-9999.00,0.71,0.71,0.71,0
623429.12,1277033.00,-9999.00,-9999.00,-9999.00,0.71,0.71,0.71,0
623521.38,1277033.00,-9999.00,-9999.00,-9999.00,0.71,0.71,0.71,0
623613.69,1277033.00,-9999.00,-9999.00,-9999.00,0.71,0.71,0.71,0
623705.94,1277033.00,-9999.00,-9999.00,-9999.00,0.71,0.71,0.71,0
623798.19,1277033.00,-9999.00,-9999.00,-9999.00,0.71,0.71,0.71,0
623890.50,1277033.00,-9999.00,-9999.00,-9999.00,0.71,0.71,0.71,0
623982.75,1277033.00,-9999.00,-9999.00,-9999.00,0.71,0.71,0.71,0
624075.06,1277033.00,-9999.00,-9999.00,-9999.00,0.71,0.71,0.71,0
624167.31,1277033.00,-9999.00,-9999.00,-9999.00,0.71,0.71,0.71,0
624259.62,1277033.00,-9999.00,-9999.00,-9999.00,0.71,0.71,0.71,0
624351.88,1277033.00,-9999.00,-9999.00,-9999.00,0.71,0.71,0.71,0
624444.19,1277033.00,-9999.00,-9999.00,-9999.00,0.71,0.71,0.71,0
624536.44,1277033.00,-9999.00,-9999.00,-9999.00,0.71,0.71,0.71,0
624628.69,1277033.00,-9999.00,-9999.00,-9999.00,0.71,0.71,0.71,0
624721.00,1277033.00,-9999.00,-9999.00,-9999.00,0.71,0.71,0.71,0
624813.25,1277033.00,-9999.00,-9999.00,-9999.00,0.71,0.71,0.71,0
624905.56,1277033.00,-9999.00,-9999.00,-9999.00,0.71,0.71,0.71,0
624997.81,1277033.00,-9999.00,-9999.00,-9999.00,0.71,0.71,0.71,0
625090.12,1277033.00,-9999.00,-9999.00,-9999.00,0.71,0.71,0.71,0
625182.38,1277033.00,-9999.00,-9999.00,-9999.00,0.71,0.71,0.71,0
625274.69,1277033.00,-9999.00,-9999.00,-9999.00,0.71,0.71,0.71,0
625366.94,1277033.00,-9999.00,-9999.00,-9999.00,0.71,0.71,0.71,0
625459.19,1277033.00,-9999.00,-9999.00,-9999.00,0.71,0.71,0.71,0
