row,col,label,elevation,slope,aspect,plan_curvature,profile_curvature,twi,dist_to_stream,soil_depth,cohesion,phi,k_factor,c_factor,r_factor,manning_n,rusle_soil_loss,factor_of_safety,avaflow_depth,avaflow_velocity,landcover
79,53,1,25.0,4.235076,188.69096,0.003844491,-2.9546559e-06,7.092565,198.81299,1.1,0.0,35.0,0.033835303,0.01,3000.0,0.1,17.658848,3.92188e-05,0.0,0.0,10.0
81,54,1,18.0,2.918713,186.2999,0.0006589465,-0.00028733982,9.411692,125.98361,1.1,0.0,35.0,0.033835303,0.01,3000.0,0.1,17.658033,5.6879242e-05,0.0,0.0,10.0
82,54,1,21.0,1.2902706,180.0,-0.008338312,6.336402e-05,8.282769,199.58144,1.1,0.0,35.0,0.033835303,0.01,3000.0,0.1,17.654736,0.00012881226,0.0,0.0,10.0
83,82,1,45.0,11.537397,232.63776,0.0030450295,0.00036470935,6.0785503,125.98361,1.1,0.0,35.0,0.033835303,0.01,3000.0,0.1,17.659994,1.4190376e-05,0.0,0.0,10.0
92,98,1,28.0,5.954605,233.57031,-0.0057530985,0.00034402945,9.052601,125.98361,1.1,0.0,35.0,0.033835303,0.01,3000.0,0.1,17.659372,2.7749025e-05,0.0,0.0,10.0
93,99,1,36.0,6.511502,258.61902,0.0019221725,0.00034257383,6.659901,178.7396,1.1,0.0,35.0,0.033835303,0.01,3000.0,0.1,17.659485,2.5280367e-05,0.0,0.0,10.0
94,100,1,45.0,8.82945,244.215,0.0050545293,0.00043319247,6.351737,280.98248,1.1,0.0,35.0,0.033835303,0.01,3000.0,0.1,17.65979,1.8633971e-05,0.0,0.0,10.0
95,101,1,45.0,14.038597,225.72527,-0.0004354264,0.0004508676,6.56883,177.59404,1.1,0.0,35.0,0.033835303,0.01,3000.0,0.1,17.660112,1.1569796e-05,0.0,0.0,10.0
96,9,1,6.0,3.894387,99.52224,-0.006228863,-0.000764546,9.256153,88.79702,1.1,0.0,35.0,0.033835303,0.01,3000.0,0.1,17.658699,4.2371095e-05,0.0,0.0,10.0
98,12,1,12.0,4.361319,233.79721,-0.0015011311,-0.00078918337,7.7562284,251.96722,1.1,0.0,35.0,0.033835303,0.01,3000.0,0.1,17.658905,3.792751e-05,0.0,0.0,10.0
98,13,1,8.0,2.265774,261.81818,-0.006665515,-0.0010528988,10.552566,320.79907,1.1,0.0,35.0,0.033835303,0.01,3000.0,0.1,17.6573,7.286857e-05,0.0,0.0,10.0
100,36,1,17.0,5.3439126,147.43211,0.005783945,-0.001500539,7.552073,198.81299,1.1,0.0,35.0,0.033835303,0.01,3000.0,0.1,17.659224,3.0977277e-05,0.0,0.0,10.0
106,118,1,56.0,5.865707,189.40277,0.010626194,0.001776821,6.7651644,357.4792,1.1,0.0,35.0,0.033835303,0.01,3000.0,0.1,17.65935,2.8242763e-05,0.0,0.0,10.0
35,41,0,78.0,1.2820039,270.0,0.028335704,0.00075066055,8.289199,368.3426,1.1,0.0,35.0,0.033835303,0.01,3000.0,0.1,17.654736,0.00012881226,0.0,0.0,10.0
70,68,0,28.0,1.157917,123.8603,-0.013701394,0.0004668862,8.391031,177.59404,1.1,0.0,35.0,0.033835303,0.01,3000.0,0.1,17.65409,0.00014290263,0.0,0.0,10.0
11,75,0,49.0,1.9494451,260.47775,-0.006266613,-0.0011980253,8.968472,89.3698,1.1,0.0,35.0,0.033835303,0.01,3000.0,0.1,17.656755,8.471815e-05,0.0,0.0,10.0
104,43,0,99.0,1.9349972,0.0,0.030573808,0.0015192922,7.8773036,445.01822,1.1,0.0,35.0,0.033835303,0.01,3000.0,0.1,17.656706,8.5857544e-05,0.0,0.0,10.0
110,20,0,32.0,2.160424,333.58203,-0.017136207,0.00014734757,8.460158,280.98248,1.1,0.0,35.0,0.033835303,0.01,3000.0,0.1,17.65712,7.681844e-05,0.0,0.0,10.0
33,15,0,69.0,1.1607832,326.47974,-0.036386292,-1.3542446e-05,9.997996,280.98248,1.1,0.0,35.0,0.033835303,0.01,3000.0,0.1,17.65409,0.00014290263,0.0,0.0,10.0
111,46,0,99.0,1.606081,232.95312,-0.0021610619,0.00019043426,8.06373,366.25882,1.1,0.0,35.0,0.033835303,0.01,3000.0,0.1,17.655918,0.00010306223,0.0,0.0,10.0
42,96,0,97.0,1.1607832,326.47974,-0.03924948,0.0009552512,9.081705,198.81299,1.1,0.0,35.0,0.033835303,0.01,3000.0,0.1,17.65409,0.00014290263,0.0,0.0,10.0
43,6,0,88.0,2.265774,98.18182,0.024947612,-2.556903e-06,7.719352,266.39105,1.1,0.0,35.0,0.033835303,0.01,3000.0,0.1,17.6573,7.286857e-05,0.0,0.0,10.0
3,10,0,27.0,1.8773382,30.801477,-0.0047346163,-0.0006583868,8.600724,251.96722,1.1,0.0,35.0,0.033835303,0.01,3000.0,0.1,17.65659,8.8402165e-05,0.0,0.0,10.0
33,63,0,26.0,1.3219484,104.12316,-0.036018837,-0.0008331783,11.349548,0.0,1.1,0.0,35.0,0.033835303,0.01,3000.0,0.1,17.654911,0.00012497634,0.0,0.0,10.0
103,58,0,54.0,1.4406618,206.41798,0.023957413,0.0019784914,8.172477,125.98361,1.1,0.0,35.0,0.033835303,0.01,3000.0,0.1,17.65536,0.00011521563,0.0,0.0,10.0
70,59,0,21.0,1.8773382,329.19852,-0.003184594,-0.0007484507,8.600724,178.7396,1.1,0.0,35.0,0.033835303,0.01,3000.0,0.1,17.65659,8.8402165e-05,0.0,0.0,10.0
96,42,0,20.0,2.027829,108.545746,-0.0053659,0.0002541404,7.830406,199.58144,1.1,0.0,35.0,0.033835303,0.01,3000.0,0.1,17.656904,8.14899e-05,0.0,0.0,10.0
33,66,0,19.0,1.364133,44.815804,-0.039025433,-0.00011324291,11.17152,0.0,1.1,0.0,35.0,0.033835303,0.01,3000.0,0.1,17.655073,0.00012140628,0.0,0.0,10.0
103,51,0,16.0,1.0194614,198.32472,-0.015322825,-0.0013953466,10.46432,198.81299,1.1,0.0,35.0,0.033835303,0.01,3000.0,0.1,17.653168,0.00016295575,0.0,0.0,10.0
15,70,0,41.0,2.160424,206.41798,-0.01048137,0.0006776909,7.767011,198.81299,1.1,0.0,35.0,0.033835303,0.01,3000.0,0.1,17.65712,7.681844e-05,0.0,0.0,10.0
68,67,0,27.0,1.2902706,180.0,-0.005558874,-0.0004435482,10.228679,320.79907,1.1,0.0,35.0,0.033835303,0.01,3000.0,0.1,17.654736,0.00012881226,0.0,0.0,10.0
68,76,0,27.0,1.7272553,68.07126,-0.0014838463,-0.001488998,11.48746,0.0,1.1,0.0,35.0,0.033835303,0.01,3000.0,0.1,17.656258,9.565623e-05,0.0,0.0,10.0
50,42,0,34.0,0.71767116,296.7127,-0.05352182,-0.00093744515,12.533043,0.0,1.1,0.0,35.0,0.033835303,0.01,3000.0,0.1,17.650076,0.00023040721,0.0,0.0,10.0
105,23,0,24.0,2.3335202,253.95703,0.00068930606,-0.00040310225,7.6898584,251.96722,1.1,0.0,35.0,0.033835303,0.01,3000.0,0.1,17.657396,7.0817674e-05,0.0,0.0,10.0
112,95,0,209.0,2.0382776,341.6753,0.04464756,0.0015348449,7.8252625,366.25882,1.1,0.0,35.0,0.033835303,0.01,3000.0,0.1,17.656904,8.14899e-05,0.0,0.0,10.0
43,115,0,103.0,0.71767116,296.7127,0.062105503,0.00047923738,8.869481,282.4315,1.1,0.0,35.0,0.033835303,0.01,3000.0,0.1,17.650076,0.00023040721,0.0,0.0,10.0
59,64,0,22.0,2.3206143,326.47974,0.011512385,6.703866e-05,7.6954107,251.96722,1.1,0.0,35.0,0.033835303,0.01,3000.0,0.1,17.657368,7.146334e-05,0.0,0.0,10.0
37,19,0,68.0,0.9615732,90.0,-0.064227596,-0.0006570437,10.974775,125.98361,1.1,0.0,35.0,0.033835303,0.01,3000.0,0.1,17.652765,0.00017176698,0.0,0.0,10.0
92,4,0,26.0,1.606081,127.04688,-0.011030417,0.00014935691,8.06373,366.25882,1.1,0.0,35.0,0.033835303,0.01,3000.0,0.1,17.655918,0.00010306223,0.0,0.0,10.0
109,79,0,25.0,1.157917,303.86032,-0.045310754,-0.000732844,10.182791,89.3698,1.1,0.0,35.0,0.033835303,0.01,3000.0,0.1,17.65409,0.00014290263,0.0,0.0,10.0
73,93,0,85.0,2.0382776,198.32472,0.0059001707,-0.0003629647,7.8252625,320.79907,1.1,0.0,35.0,0.033835303,0.01,3000.0,0.1,17.656904,8.14899e-05,0.0,0.0,10.0
61,51,0,23.0,1.6023545,90.0,-0.014734566,-0.00012505725,9.164667,125.98361,1.1,0.0,35.0,0.033835303,0.01,3000.0,0.1,17.655918,0.00010306223,0.0,0.0,10.0
70,48,0,21.0,1.1607832,213.52026,0.0015508903,-0.0004088106,11.720762,0.0,1.1,0.0,35.0,0.033835303,0.01,3000.0,0.1,17.65409,0.00014290263,0.0,0.0,10.0
61,62,0,7.0,2.265774,278.18182,-0.013811715,-0.000834888,10.810394,0.0,1.1,0.0,35.0,0.033835303,0.01,3000.0,0.1,17.6573,7.286857e-05,0.0,0.0,10.0
36,18,0,66.0,1.922605,270.0,-0.04344808,-0.0006874599,10.774105,0.0,1.1,0.0,35.0,0.033835303,0.01,3000.0,0.1,17.656706,8.5857544e-05,0.0,0.0,10.0
117,78,0,30.0,1.7272553,248.07127,-0.011581242,-9.856513e-05,7.990953,178.7396,1.1,0.0,35.0,0.033835303,0.01,3000.0,0.1,17.656258,9.565623e-05,0.0,0.0,10.0
115,108,0,113.0,2.160424,26.417976,0.0044920146,1.9521236e-05,9.153305,125.98361,1.1,0.0,35.0,0.033835303,0.01,3000.0,0.1,17.65712,7.681844e-05,0.0,0.0,10.0
116,94,0,175.0,1.3294667,346.0502,0.021595944,0.0005377879,8.252832,320.79907,1.1,0.0,35.0,0.033835303,0.01,3000.0,0.1,17.654911,0.00012497634,0.0,0.0,10.0
88,10,0,41.0,1.1607832,146.47974,-0.03698279,0.0003995312,8.388558,321.59335,1.1,0.0,35.0,0.033835303,0.01,3000.0,0.1,17.65409,0.00014290263,0.0,0.0,10.0
112,120,0,18.0,0.7204448,333.58203,-0.034438778,-0.00022947273,11.810062,0.0,1.1,0.0,35.0,0.033835303,0.01,3000.0,0.1,17.650076,0.00023040721,0.0,0.0,10.0
19,31,0,67.0,0.90951747,135.18419,-0.04861643,-0.00026750864,11.030442,282.4315,1.1,0.0,35.0,0.033835303,0.01,3000.0,0.1,17.652287,0.00018217335,0.0,0.0,10.0
16,30,0,85.0,1.6344768,281.38098,0.04066462,0.0010407887,8.046196,199.58144,1.1,0.0,35.0,0.033835303,0.01,3000.0,0.1,17.656006,0.000101087295,0.0,0.0,10.0
5,34,0,91.0,1.3219484,104.12316,0.013648394,-0.00072048395,8.258506,320.79907,1.1,0.0,35.0,0.033835303,0.01,3000.0,0.1,17.654911,0.00012497634,0.0,0.0,10.0
33,24,0,96.0,2.027829,288.54575,0.025666896,0.0008266057,7.830406,366.25882,1.1,0.0,35.0,0.033835303,0.01,3000.0,0.1,17.656904,8.14899e-05,0.0,0.0,10.0
44,75,0,32.0,1.7272553,68.07126,0.00032572247,-0.000103179475,7.990953,199.58144,1.1,0.0,35.0,0.033835303,0.01,3000.0,0.1,17.656258,9.565623e-05,0.0,0.0,10.0
62,80,0,43.0,0.7204448,206.41798,-0.049911257,-0.002770054,12.266821,0.0,0.3,0.0,35.0,0.033835303,0.05,3000.0,0.015,88.25038,0.00023040718,0.0,0.0,50.0
101,52,0,36.0,1.1607832,146.47974,0.053565394,0.000301021,8.388558,282.4315,1.1,0.0,35.0,0.033835303,0.01,3000.0,0.1,17.65409,0.00014290263,0.0,0.0,10.0
19,40,0,100.0,1.8716706,121.12651,0.019509302,0.00062404014,7.9106026,321.59335,1.1,0.0,35.0,0.033835303,0.01,3000.0,0.1,17.65659,8.8402165e-05,0.0,0.0,10.0
68,48,0,22.0,1.2820039,270.0,-0.008500711,0.0004691628,8.289199,178.7396,1.1,0.0,35.0,0.033835303,0.01,3000.0,0.1,17.654736,0.00012881226,0.0,0.0,10.0
48,14,0,121.0,1.2820039,90.0,0.041086774,6.255503e-05,8.289199,377.95084,1.1,0.0,35.0,0.033835303,0.01,3000.0,0.1,17.654736,0.00012881226,0.0,0.0,10.0
102,89,0,141.0,2.2797878,351.92133,-0.009736189,-2.0474221e-05,7.7131796,397.62598,1.1,0.0,35.0,0.033835303,0.01,3000.0,0.1,17.6573,7.286857e-05,0.0,0.0,10.0
45,64,0,29.0,2.1521132,116.712685,-0.018008912,0.00032366015,7.770869,282.4315,1.1,0.0,35.0,0.033835303,0.01,3000.0,0.1,17.65712,7.681844e-05,0.0,0.0,10.0
111,5,0,30.0,2.3206143,326.47974,-0.036207344,-0.00029497253,11.358973,0.0,1.1,0.0,35.0,0.033835303,0.01,3000.0,0.1,17.657368,7.146334e-05,0.0,0.0,10.0
122,82,0,40.0,1.6344768,281.38098,-0.021272039,-0.0012743736,11.683782,0.0,1.1,0.0,35.0,0.033835303,0.01,3000.0,0.1,17.656006,0.000101087295,0.0,0.0,10.0
55,71,0,20.0,2.0382776,341.6753,-0.01373771,-0.00045774734,10.46432,251.96722,1.1,0.0,35.0,0.033835303,0.01,3000.0,0.1,17.656904,8.14899e-05,0.0,0.0,10.0
58,30,0,32.0,2.2427351,270.0,-0.031574067,-0.0003435206,12.20692,0.0,1.1,0.0,35.0,0.033835303,0.01,3000.0,0.1,17.657269,7.359019e-05,0.0,0.0,10.0
74,25,0,88.0,1.3219484,104.12316,-0.04280266,-0.0003046827,10.337947,251.96722,1.1,0.0,35.0,0.033835303,0.01,3000.0,0.1,17.654911,0.00012497634,0.0,0.0,10.0
117,13,0,55.0,1.1607832,326.47974,0.012645726,-0.0027992073,12.395891,0.0,1.1,0.0,35.0,0.033835303,0.01,3000.0,0.1,17.65409,0.00014290263,0.0,0.0,10.0
37,67,0,17.0,1.9613289,350.59723,-0.03558539,-0.00057424756,11.297764,0.0,1.1,0.0,35.0,0.033835303,0.01,3000.0,0.1,17.656755,8.471815e-05,0.0,0.0,10.0
44,72,0,25.0,1.7272553,291.92874,-0.027686404,-0.00030003925,7.990953,251.96722,1.1,0.0,35.0,0.033835303,0.01,3000.0,0.1,17.656258,9.565623e-05,0.0,0.0,10.0
100,51,0,39.0,1.644201,168.76068,0.036464218,0.00036909597,8.04026,366.25882,1.1,0.0,35.0,0.033835303,0.01,3000.0,0.1,17.656006,0.000101087295,0.0,0.0,10.0
100,46,0,12.0,0.45478737,44.815804,-0.013890413,-0.0015590815,13.086894,0.0,1.1,0.0,35.0,0.033835303,0.01,3000.0,0.1,17.643934,0.0003643228,0.0,0.0,10.0
60,89,0,45.0,1.0194614,18.324713,-0.05917783,-0.00077297015,12.692797,0.0,1.1,0.0,35.0,0.033835303,0.01,3000.0,0.1,17.653168,0.00016295575,0.0,0.0,10.0
39,88,0,35.0,1.644201,348.7607,-0.061137356,-0.00060891494,9.426555,125.98361,1.1,0.0,35.0,0.033835303,0.01,3000.0,0.1,17.656006,0.000101087295,0.0,0.0,10.0
39,33,0,65.0,1.9613289,170.59723,-0.003484403,0.00012032705,7.8637767,198.81299,1.1,0.0,35.0,0.033835303,0.01,3000.0,0.1,17.656755,8.471815e-05,0.0,0.0,10.0
54,66,0,24.0,1.8185768,135.18419,0.013890409,-6.208476e-05,7.9393997,198.81299,1.1,0.0,35.0,0.033835303,0.01,3000.0,0.1,17.656466,9.109871e-05,0.0,0.0,10.0
16,33,0,65.0,1.6023545,270.0,-0.013601138,-0.00053149334,10.145496,177.59404,1.1,0.0,35.0,0.033835303,0.01,3000.0,0.1,17.655918,0.00010306223,0.0,0.0,10.0
5,84,0,58.0,1.157917,236.13971,-0.042306058,-0.0011668962,12.625137,0.0,1.1,0.0,35.0,0.033835303,0.01,3000.0,0.1,17.65409,0.00014290263,0.0,0.0,10.0
10,75,0,49.0,1.6344768,101.380974,-0.022681633,-7.7475604e-05,11.413491,0.0,1.1,0.0,35.0,0.033835303,0.01,3000.0,0.1,17.656006,0.000101087295,0.0,0.0,10.0
110,72,0,123.0,2.160424,26.417976,-0.02279282,-0.00024529442,10.251918,564.863,1.1,0.0,35.0,0.033835303,0.01,3000.0,0.1,17.65712,7.681844e-05,0.0,0.0,10.0
76,117,0,221.0,0.9615732,270.0,0.07367282,0.0018146918,8.57688,455.58633,1.1,0.0,35.0,0.033835303,0.01,3000.0,0.1,17.652765,0.00017176698,0.0,0.0,10.0
103,77,0,19.0,0.71767116,63.287308,-0.08533197,-0.002004097,12.047535,0.0,1.1,0.0,35.0,0.033835303,0.01,3000.0,0.1,17.650076,0.00023040721,0.0,0.0,10.0
107,113,0,25.0,0.90951747,44.815804,-0.044647742,-0.00089167006,12.416737,0.0,1.1,0.0,35.0,0.033835303,0.01,3000.0,0.1,17.652287,0.00018217335,0.0,0.0,10.0
41,32,0,64.0,2.3335202,253.95703,-0.014446095,-0.00013617014,9.7693,280.98248,1.1,0.0,35.0,0.033835303,0.01,3000.0,0.1,17.657396,7.0817674e-05,0.0,0.0,10.0
11,117,0,115.0,1.4406618,333.58203,0.0002495565,0.0003117046,8.172477,198.81299,1.1,0.0,35.0,0.033835303,0.01,3000.0,0.1,17.65536,0.00011521563,0.0,0.0,10.0
112,30,0,13.0,0.71767116,116.712685,-0.07775811,-0.0012329582,12.2706785,0.0,0.7,0.0,35.0,0.033835303,0.1,3000.0,0.035,176.50076,0.00023040718,0.0,0.0,30.0
19,50,0,79.0,0.9615732,270.0,-0.0018890469,0.0010012094,8.57688,368.3426,1.1,0.0,35.0,0.033835303,0.01,3000.0,0.1,17.652765,0.00017176698,0.0,0.0,10.0
30,17,0,73.0,1.8185768,224.81581,0.001984344,-0.0005690368,9.038012,320.79907,1.1,0.0,35.0,0.033835303,0.01,3000.0,0.1,17.656466,9.109871e-05,0.0,0.0,10.0
65,45,0,19.0,1.4351171,243.28732,-0.010603378,0.00014111715,10.255775,177.59404,1.1,0.0,35.0,0.033835303,0.01,3000.0,0.1,17.65536,0.00011521563,0.0,0.0,10.0
16,15,0,31.0,1.6089736,323.30676,-0.032599546,0.00022356966,9.85369,251.96722,1.1,0.0,35.0,0.033835303,0.01,3000.0,0.1,17.655918,0.00010306223,0.0,0.0,10.0
1,8,0,30.0,0.32261875,180.0,0.011117751,-0.00025363697,10.36221,199.58144,1.1,0.0,35.0,0.033835303,0.01,3000.0,0.1,17.637016,0.00051513937,0.0,0.0,10.0
3,18,0,28.0,1.3219484,75.87682,-0.015425109,-0.00040183368,9.6448,251.96722,1.1,0.0,35.0,0.033835303,0.01,3000.0,0.1,17.654911,0.00012497634,0.0,0.0,10.0
123,51,0,85.0,1.2820039,90.0,0.01841821,0.00025022012,8.289199,251.96722,1.1,0.0,35.0,0.033835303,0.01,3000.0,0.1,17.654736,0.00012881226,0.0,0.0,10.0
104,59,0,45.0,2.160424,206.41798,-0.007819433,0.0011100854,7.767011,178.7396,1.1,0.0,35.0,0.033835303,0.01,3000.0,0.1,17.65712,7.681844e-05,0.0,0.0,10.0
62,71,0,23.0,0.9615732,270.0,-0.018890468,0.00021901456,8.57688,178.7396,1.1,0.0,35.0,0.033835303,0.01,3000.0,0.1,17.652765,0.00017176698,0.0,0.0,10.0
76,57,0,24.0,0.96777457,0.0,0.012970707,0.00028523305,8.570451,280.98248,1.1,0.0,35.0,0.033835303,0.01,3000.0,0.1,17.652765,0.00017176698,0.0,0.0,10.0
66,58,0,25.0,1.644201,191.23932,-0.0005035331,0.00020524701,8.04026,199.58144,1.1,0.0,35.0,0.033835303,0.01,3000.0,0.1,17.656006,0.000101087295,0.0,0.0,10.0
17,34,0,67.0,1.9613289,189.40277,-0.014308292,-0.00045431987,8.556924,125.98361,1.1,0.0,35.0,0.033835303,0.01,3000.0,0.1,17.656755,8.471815e-05,0.0,0.0,10.0
37,34,0,63.0,0.7204448,26.417976,0.04791482,0.00081555586,8.865623,266.39105,1.1,0.0,35.0,0.033835303,0.01,3000.0,0.1,17.650076,0.00023040721,0.0,0.0,10.0
27,9,0,29.0,0.32055113,90.0,-0.113342814,-9.389865e-05,13.201854,0.0,1.1,0.0,35.0,0.033835303,0.01,3000.0,0.1,17.637016,0.00051513937,0.0,0.0,10.0
47,96,0,70.0,1.014232,71.45425,-0.021105876,-0.0011302943,8.523554,88.79702,1.1,0.0,35.0,0.033835303,0.01,3000.0,0.1,17.653168,0.00016295575,0.0,0.0,10.0
70,5,0,30.0,1.9613289,9.402763,-0.0065981243,-0.0006866449,9.655537,320.79907,1.1,0.0,35.0,0.033835303,0.01,3000.0,0.1,17.656755,8.471815e-05,0.0,0.0,10.0
72,0,0,13.0,0.6410822,90.0,-0.028335704,-0.00018777087,10.080958,89.3698,1.1,0.0,35.0,0.033835303,0.01,3000.0,0.1,17.648827,0.00025760045,0.0,0.0,10.0
79,108,0,139.0,1.1607832,146.47974,0.038652983,-0.00040733375,8.388558,368.3426,1.1,0.0,35.0,0.033835303,0.01,3000.0,0.1,17.65409,0.00014290263,0.0,0.0,10.0
10,85,0,72.0,1.3294667,13.949808,0.0151648,0.00015158895,8.252832,177.59404,1.1,0.0,35.0,0.033835303,0.01,3000.0,0.1,17.654911,0.00012497634,0.0,0.0,10.0
64,18,0,109.0,2.265774,98.18182,0.017913569,0.00030026387,7.719352,366.25882,1.1,0.0,35.0,0.033835303,0.01,3000.0,0.1,17.6573,7.286857e-05,0.0,0.0,10.0
54,35,0,38.0,1.6089736,36.69323,0.022524139,-0.002336785,9.85369,125.98361,1.1,0.0,35.0,0.033835303,0.01,3000.0,0.1,17.655918,0.00010306223,0.0,0.0,10.0
114,120,0,22.0,1.9494451,260.47775,-0.023833262,-0.00047858004,8.563006,125.98361,0.3,0.0,35.0,0.033835303,0.05,3000.0,0.015,88.28378,8.471815e-05,0.0,0.0,50.0
85,121,0,47.0,2.3206143,33.52025,-0.028214289,-0.0019311185,11.456611,0.0,1.1,0.0,35.0,0.033835303,0.01,3000.0,0.1,17.657368,7.146334e-05,0.0,0.0,10.0
6,112,0,101.0,1.922605,90.0,-0.015112375,-0.0002812336,7.8837333,89.3698,1.1,0.0,35.0,0.033835303,0.01,3000.0,0.1,17.656706,8.5857544e-05,0.0,0.0,10.0
64,102,0,101.0,1.4406618,333.58203,-0.02071318,-0.0007807131,8.865623,199.58144,1.1,0.0,35.0,0.033835303,0.01,3000.0,0.1,17.65536,0.00011521563,0.0,0.0,10.0
16,48,0,81.0,1.9613289,189.40277,0.03439921,-5.1075327e-05,7.8637767,178.7396,1.1,0.0,35.0,0.033835303,0.01,3000.0,0.1,17.656755,8.471815e-05,0.0,0.0,10.0
31,66,0,28.0,1.644201,191.23932,0.012672258,-0.00030603827,8.04026,178.7396,1.1,0.0,35.0,0.033835303,0.01,3000.0,0.1,17.656006,0.000101087295,0.0,0.0,10.0
13,84,0,51.0,0.7204448,26.417976,-0.012477817,-0.0010440333,11.263518,125.98361,1.1,0.0,35.0,0.033835303,0.01,3000.0,0.1,17.650076,0.00023040721,0.0,0.0,10.0
63,85,0,43.0,2.0382776,161.67528,0.013209338,-0.0011025483,7.8252625,178.7396,1.1,0.0,35.0,0.033835303,0.01,3000.0,0.1,17.656904,8.14899e-05,0.0,0.0,10.0
30,18,0,75.0,1.0194614,341.6753,-0.007925602,4.5894587e-05,8.51841,251.96722,1.1,0.0,35.0,0.033835303,0.01,3000.0,0.1,17.653168,0.00016295575,0.0,0.0,10.0
0,19,0,42.0,1.7353112,201.67468,0.003140664,0.0005017141,7.986297,88.79702,1.1,0.0,35.0,0.033835303,0.01,3000.0,0.1,17.656258,9.565623e-05,0.0,0.0,10.0
31,18,0,76.0,0.6410822,90.0,-0.0,9.3885435e-05,8.982346,198.81299,1.1,0.0,35.0,0.033835303,0.01,3000.0,0.1,17.648827,0.00025760045,0.0,0.0,10.0
57,30,0,33.0,2.0597456,38.480232,-0.023339136,-0.0013084179,11.552446,0.0,1.1,0.0,35.0,0.033835303,0.01,3000.0,0.1,17.656952,8.046446e-05,0.0,0.0,10.0
81,66,0,21.0,1.8773382,149.1985,-0.055913564,-0.0004953304,11.043071,0.0,1.1,0.0,35.0,0.033835303,0.01,3000.0,0.1,17.65659,8.8402165e-05,0.0,0.0,10.0
12,71,0,36.0,0.45478737,44.815804,-0.04762426,-0.0009579957,9.325694,282.4315,1.1,0.0,35.0,0.033835303,0.01,3000.0,0.1,17.643934,0.0003643228,0.0,0.0,10.0
21,58,0,30.0,1.922605,90.0,-0.054782357,-0.0014374164,8.982346,125.98361,1.1,0.0,35.0,0.033835303,0.01,3000.0,0.1,17.656706,8.5857544e-05,0.0,0.0,10.0
9,25,0,27.0,0.90951747,135.18419,-0.07342073,-0.0007853152,13.669499,0.0,1.1,0.0,35.0,0.033835303,0.01,3000.0,0.1,17.652287,0.00018217335,0.0,0.0,10.0
54,59,0,26.0,1.6344768,78.61901,-0.010550589,-4.4818567e-05,8.046196,198.81299,1.1,0.0,35.0,0.033835303,0.01,3000.0,0.1,17.656006,0.000101087295,0.0,0.0,10.0
45,1,0,58.0,1.9349972,0.0,0.0037059158,-0.00085460185,7.8773036,178.7396,1.1,0.0,35.0,0.033835303,0.01,3000.0,0.1,17.656706,8.5857544e-05,0.0,0.0,10.0
2,14,0,21.0,1.7353112,158.32532,-0.0055318535,-0.0004013483,10.625355,321.59335,1.1,0.0,35.0,0.033835303,0.01,3000.0,0.1,17.656258,9.565623e-05,0.0,0.0,10.0
62,12,0,112.0,1.3219484,104.12316,-0.01768638,0.0003424275,8.258506,503.93445,1.1,0.0,35.0,0.033835303,0.01,3000.0,0.1,17.654911,0.00012497634,0.0,0.0,10.0
57,59,0,22.0,1.6344768,78.61901,0.0043142084,-9.1691814e-05,8.739343,320.79907,1.1,0.0,35.0,0.033835303,0.01,3000.0,0.1,17.656006,0.000101087295,0.0,0.0,10.0
97,24,0,29.0,1.0194614,18.324713,-0.014794457,-0.00030486987,8.51841,89.3698,1.1,0.0,35.0,0.033835303,0.01,3000.0,0.1,17.653168,0.00016295575,0.0,0.0,10.0
113,62,0,20.0,2.2427351,90.0,-0.03724121,-0.0009681036,11.641605,0.0,1.1,0.0,35.0,0.033835303,0.01,3000.0,0.1,17.657269,7.359019e-05,0.0,0.0,10.0
34,65,0,20.0,1.6023545,90.0,-0.021535134,-3.126432e-05,8.759202,88.79702,1.1,0.0,35.0,0.033835303,0.01,3000.0,0.1,17.655918,0.00010306223,0.0,0.0,10.0
68,1,0,17.0,2.3462796,164.15164,-0.0024815896,-0.00071924826,7.6843996,89.3698,1.1,0.0,35.0,0.033835303,0.01,3000.0,0.1,17.657396,7.0817674e-05,0.0,0.0,10.0
17,67,0,43.0,1.3219484,255.87683,0.01211396,-0.00046212276,8.258506,88.79702,1.1,0.0,35.0,0.033835303,0.01,3000.0,0.1,17.654911,0.00012497634,0.0,0.0,10.0
43,34,0,78.0,0.7204448,333.58203,0.059394415,0.0005456572,8.865623,282.4315,1.1,0.0,35.0,0.033835303,0.01,3000.0,0.1,17.650076,0.00023040721,0.0,0.0,10.0
72,91,0,79.0,1.8773382,30.801477,0.0062282756,0.00026655896,7.907577,198.81299,1.1,0.0,35.0,0.033835303,0.01,3000.0,0.1,17.65659,8.8402165e-05,0.0,0.0,10.0
78,1,0,13.0,1.2902706,0.0,-0.0125074675,-0.00072868634,9.669064,368.3426,1.1,0.0,35.0,0.033835303,0.01,3000.0,0.1,17.654736,0.00012881226,0.0,0.0,10.0
26,20,0,67.0,2.265774,261.81818,-0.00049670896,-0.00038756538,9.105646,321.59335,1.1,0.0,35.0,0.033835303,0.01,3000.0,0.1,17.6573,7.286857e-05,0.0,0.0,10.0
44,1,0,58.0,0.32261875,0.0,-0.05002987,-0.00050727394,10.36221,89.3698,1.1,0.0,35.0,0.033835303,0.01,3000.0,0.1,17.637016,0.00051513937,0.0,0.0,10.0
15,1,0,28.0,0.32055113,90.0,-0.034002848,-0.0011893827,12.073388,125.98361,1.1,0.0,35.0,0.033835303,0.01,3000.0,0.1,17.637016,0.00051513937,0.0,0.0,10.0
110,21,0,38.0,1.7272553,291.92874,-0.0032210322,-0.00012221388,7.990953,366.25882,1.1,0.0,35.0,0.033835303,0.01,3000.0,0.1,17.656258,9.565623e-05,0.0,0.0,10.0
8,71,0,35.0,1.8773382,329.19852,-0.0033255052,4.349372e-05,7.907577,125.98361,1.1,0.0,35.0,0.033835303,0.01,3000.0,0.1,17.65659,8.8402165e-05,0.0,0.0,10.0
40,23,0,82.0,1.8773382,149.1985,-0.040103327,-0.00010078484,9.006189,280.98248,0.3,0.0,35.0,0.033835303,0.05,3000.0,0.015,88.28295,8.840215e-05,0.0,0.0,50.0
97,23,0,29.0,1.4351171,116.712685,0.016157528,-0.00027932358,8.176334,125.98361,1.1,0.0,35.0,0.033835303,0.01,3000.0,0.1,17.65536,0.00011521563,0.0,0.0,10.0
26,43,0,74.0,1.4406618,206.41798,0.016720274,2.2141277e-05,8.172477,199.58144,1.1,0.0,35.0,0.033835303,0.01,3000.0,0.1,17.65536,0.00011521563,0.0,0.0,10.0
59,74,0,49.0,1.6089736,323.30676,0.032913007,-0.00070172874,8.061931,251.96722,0.3,0.0,35.0,0.033835303,0.05,3000.0,0.015,88.279594,0.00010306221,0.0,0.0,50.0
69,27,0,38.0,1.1607832,326.47974,-0.16630325,-6.599209e-05,12.499432,0.0,1.1,0.0,35.0,0.033835303,0.01,3000.0,0.1,17.65409,0.00014290263,0.0,0.0,10.0
22,59,0,28.0,2.0382776,18.324713,-0.01382577,-0.0028139162,10.46432,251.96722,1.1,0.0,35.0,0.033835303,0.01,3000.0,0.1,17.656904,8.14899e-05,0.0,0.0,10.0
45,94,0,91.0,1.8716706,58.873466,0.025965005,6.8155765e-07,8.603749,268.10938,1.1,0.0,35.0,0.033835303,0.01,3000.0,0.1,17.65659,8.8402165e-05,0.0,0.0,10.0
109,21,0,33.0,2.0568428,308.83963,-0.010669291,-8.6979e-05,8.9148,397.62598,1.1,0.0,35.0,0.033835303,0.01,3000.0,0.1,17.656952,8.046446e-05,0.0,0.0,10.0
47,54,0,64.0,2.3206143,326.47974,0.05404259,0.00020533586,7.6954107,280.98248,1.1,0.0,35.0,0.033835303,0.01,3000.0,0.1,17.657368,7.146334e-05,0.0,0.0,10.0
112,106,0,121.0,1.7353112,201.67468,0.012598349,-0.0002946647,7.986297,355.18808,1.1,0.0,35.0,0.033835303,0.01,3000.0,0.1,17.656258,9.565623e-05,0.0,0.0,10.0
65,2,0,22.0,0.45478737,224.81581,-0.13295107,-0.00037425017,9.325694,89.3698,1.1,0.0,35.0,0.033835303,0.01,3000.0,0.1,17.643934,0.0003643228,0.0,0.0,10.0
91,113,0,133.0,1.1607832,146.47974,0.10999398,-0.00044146096,8.388558,321.59335,1.1,0.0,35.0,0.033835303,0.01,3000.0,0.1,17.65409,0.00014290263,0.0,0.0,10.0
29,18,0,75.0,2.3462796,15.848349,0.0022796004,-0.00034537129,7.6843996,320.79907,1.1,0.0,35.0,0.033835303,0.01,3000.0,0.1,17.657396,7.0817674e-05,0.0,0.0,10.0
52,82,0,80.0,1.2820039,270.0,-0.007083926,0.0007506605,8.289199,543.52136,1.1,0.0,35.0,0.033835303,0.01,3000.0,0.1,17.654736,0.00012881226,0.0,0.0,10.0
54,46,0,73.0,1.7272553,291.92874,0.032391287,0.00078756793,7.990953,503.93445,1.1,0.0,35.0,0.033835303,0.01,3000.0,0.1,17.656258,9.565623e-05,0.0,0.0,10.0
71,6,0,32.0,0.90951747,44.815804,0.023812126,-0.0009431147,9.325694,198.81299,1.1,0.0,35.0,0.033835303,0.01,3000.0,0.1,17.652287,0.00018217335,0.0,0.0,10.0
50,43,0,38.0,2.2797878,351.92133,-0.011371994,-0.000460388,10.278129,88.79702,1.1,0.0,35.0,0.033835303,0.01,3000.0,0.1,17.6573,7.286857e-05,0.0,0.0,10.0
38,38,0,46.0,2.3335202,106.04296,-0.008682322,0.00054026576,7.6898584,125.98361,1.1,0.0,35.0,0.033835303,0.01,3000.0,0.1,17.657396,7.0817674e-05,0.0,0.0,10.0
51,20,0,113.0,1.014232,71.45425,0.01645543,0.0008452478,8.523554,266.39105,1.1,0.0,35.0,0.033835303,0.01,3000.0,0.1,17.653168,0.00016295575,0.0,0.0,10.0
34,111,0,85.0,0.6410822,90.0,-0.12751067,-0.0014708719,12.952638,0.0,1.1,0.0,35.0,0.033835303,0.01,3000.0,0.1,17.648827,0.00025760045,0.0,0.0,10.0
40,74,0,32.0,2.3206143,213.52026,-0.039607376,0.00022564862,9.892635,177.59404,1.1,0.0,35.0,0.033835303,0.01,3000.0,0.1,17.657368,7.146334e-05,0.0,0.0,10.0
7,71,0,32.0,2.3206143,326.47974,-0.018372094,-4.4781602e-05,9.774852,199.58144,1.1,0.0,35.0,0.033835303,0.01,3000.0,0.1,17.657368,7.146334e-05,0.0,0.0,10.0
88,7,0,47.0,0.7204448,206.41798,0.02445652,0.00056592264,8.865623,282.4315,1.1,0.0,35.0,0.033835303,0.01,3000.0,0.1,17.650076,0.00023040721,0.0,0.0,10.0
84,72,0,11.0,2.3462796,164.15164,-0.016404463,-0.00039635898,10.775442,0.0,0.7,0.0,35.0,0.033835303,0.1,3000.0,0.035,176.57397,7.0817674e-05,0.0,0.0,30.0
32,9,0,46.0,2.3206143,213.52026,-0.013182574,-6.116126e-05,7.6954107,88.79702,1.1,0.0,35.0,0.033835303,0.01,3000.0,0.1,17.657368,7.146334e-05,0.0,0.0,10.0
71,94,0,108.0,1.7353112,158.32532,0.0759113,2.5736588e-05,7.986297,357.4792,1.1,0.0,35.0,0.033835303,0.01,3000.0,0.1,17.656258,9.565623e-05,0.0,0.0,10.0
44,56,0,37.0,1.7353112,21.674671,0.008993723,-0.0011269887,7.986297,199.58144,1.1,0.0,35.0,0.033835303,0.01,3000.0,0.1,17.656258,9.565623e-05,0.0,0.0,10.0
53,69,0,12.0,1.7353112,21.674671,-0.032798536,-0.00048329437,11.747498,0.0,0.3,0.0,35.0,0.033835303,0.05,3000.0,0.015,88.28129,9.565621e-05,0.0,0.0,50.0
61,12,0,108.0,1.8773382,329.19852,0.0070455605,-0.00054509274,9.699336,445.01822,1.1,0.0,35.0,0.033835303,0.01,3000.0,0.1,17.65659,8.8402165e-05,0.0,0.0,10.0
97,57,0,22.0,1.9613289,9.402763,-0.011243996,-0.0022641518,11.121873,0.0,1.1,0.0,35.0,0.033835303,0.01,3000.0,0.1,17.656755,8.471815e-05,0.0,0.0,10.0
69,48,0,22.0,0.7204448,153.58202,-0.002495564,6.2262356e-05,8.865623,89.3698,1.1,0.0,35.0,0.033835303,0.01,3000.0,0.1,17.650076,0.00023040721,0.0,0.0,10.0
26,18,0,74.0,2.0568428,231.16037,-0.005398918,0.0011355915,7.816188,268.10938,1.1,0.0,35.0,0.033835303,0.01,3000.0,0.1,17.656952,8.046446e-05,0.0,0.0,10.0
107,4,0,24.0,1.606081,232.95312,0.0054026525,-0.0003413178,11.059463,0.0,1.1,0.0,35.0,0.033835303,0.01,3000.0,0.1,17.655918,0.00010306223,0.0,0.0,10.0
86,13,0,54.0,1.2902706,180.0,0.036132686,0.00015841007,8.282769,452.8904,1.1,0.0,35.0,0.033835303,0.01,3000.0,0.1,17.654736,0.00012881226,0.0,0.0,10.0
14,81,0,86.0,1.8716706,238.87349,0.028552974,0.0008939237,7.9106026,280.98248,1.1,0.0,35.0,0.033835303,0.01,3000.0,0.1,17.65659,8.8402165e-05,0.0,0.0,10.0
54,117,0,103.0,1.7353112,201.67468,0.039044175,0.00054642215,7.986297,377.95084,1.1,0.0,35.0,0.033835303,0.01,3000.0,0.1,17.656258,9.565623e-05,0.0,0.0,10.0
77,47,0,57.0,1.8716706,301.12653,0.04100935,0.00010886821,7.9106026,266.39105,1.1,0.0,35.0,0.033835303,0.01,3000.0,0.1,17.65659,8.8402165e-05,0.0,0.0,10.0
118,27,0,37.0,1.157917,123.8603,-0.0350948,-0.0027580054,11.386764,0.0,1.1,0.0,35.0,0.033835303,0.01,3000.0,0.1,17.65409,0.00014290263,0.0,0.0,10.0
75,65,0,64.0,1.4406618,153.58202,0.027950315,0.0008413556,8.172477,397.62598,1.1,0.0,35.0,0.033835303,0.01,3000.0,0.1,17.65536,0.00011521563,0.0,0.0,10.0
105,56,0,15.0,1.4406618,26.417976,-0.004741573,-0.0013911978,11.116916,0.0,1.1,0.0,35.0,0.033835303,0.01,3000.0,0.1,17.65536,0.00011521563,0.0,0.0,10.0
53,40,0,24.0,2.0568428,51.16036,-0.0336147,-0.00093925983,12.078868,0.0,1.1,0.0,35.0,0.033835303,0.01,3000.0,0.1,17.656952,8.046446e-05,0.0,0.0,10.0
9,15,0,51.0,2.160424,26.417976,0.018134432,6.737534e-05,7.767011,445.8201,1.1,0.0,35.0,0.033835303,0.01,3000.0,0.1,17.65712,7.681844e-05,0.0,0.0,10.0
75,0,0,15.0,1.9613289,9.402763,0.0011367555,0.00037138263,7.8637767,178.7396,1.1,0.0,35.0,0.033835303,0.01,3000.0,0.1,17.656755,8.471815e-05,0.0,0.0,10.0
92,17,0,12.0,2.314889,303.86032,-0.005829102,-0.0013691048,8.391031,89.3698,1.1,0.0,35.0,0.033835303,0.01,3000.0,0.1,17.657368,7.146334e-05,0.0,0.0,10.0
32,42,0,71.0,2.160424,333.58203,-0.0039929026,-5.8627566e-06,7.767011,397.62598,1.1,0.0,35.0,0.033835303,0.01,3000.0,0.1,17.65712,7.681844e-05,0.0,0.0,10.0
2,15,0,21.0,1.4406618,26.417976,-0.006488466,-0.00037425145,10.3697,377.95084,1.1,0.0,35.0,0.033835303,0.01,3000.0,0.1,17.65536,0.00011521563,0.0,0.0,10.0
43,56,0,37.0,2.2727916,44.815804,-2.2731361e-09,-0.0010101827,9.795697,125.98361,1.1,0.0,35.0,0.033835303,0.01,3000.0,0.1,17.6573,7.286857e-05,0.0,0.0,10.0
61,11,0,109.0,1.1607832,146.47974,-0.019803686,-0.0003838574,9.774853,480.8468,1.1,0.0,35.0,0.033835303,0.01,3000.0,0.1,17.65409,0.00014290263,0.0,0.0,10.0
42,55,0,32.0,1.7353112,338.32532,-0.035653684,-0.0010301636,11.420284,0.0,1.1,0.0,35.0,0.033835303,0.01,3000.0,0.1,17.656258,9.565623e-05,0.0,0.0,10.0
96,22,0,37.0,2.0597456,141.51976,0.014101616,0.00056448416,7.8147764,177.59404,1.1,0.0,35.0,0.033835303,0.01,3000.0,0.1,17.656952,8.046446e-05,0.0,0.0,10.0
32,47,0,72.0,0.6410822,270.0,0.022668565,0.0011892155,8.982346,178.7396,1.1,0.0,35.0,0.033835303,0.01,3000.0,0.1,17.648827,0.00025760045,0.0,0.0,10.0
78,25,0,100.0,1.3294667,166.05019,0.021437151,0.0005126231,8.252832,251.96722,1.1,0.0,35.0,0.033835303,0.01,3000.0,0.1,17.654911,0.00012497634,0.0,0.0,10.0
14,85,0,47.0,2.2427351,90.0,-0.028335702,-0.0004996663,11.28493,0.0,1.1,0.0,35.0,0.033835303,0.01,3000.0,0.1,17.657269,7.359019e-05,0.0,0.0,10.0
15,119,0,146.0,2.160424,333.58203,-0.005490241,0.00036244205,7.767011,368.3426,1.1,0.0,35.0,0.033835303,0.01,3000.0,0.1,17.65712,7.681844e-05,0.0,0.0,10.0
29,17,0,72.0,0.90951747,315.1842,-0.0496086,0.0002171695,10.424306,251.96722,1.1,0.0,35.0,0.033835303,0.01,3000.0,0.1,17.652287,0.00018217335,0.0,0.0,10.0
59,97,0,85.0,2.2427351,90.0,-0.012143874,-0.0021860402,9.675493,280.98248,1.1,0.0,35.0,0.033835303,0.01,3000.0,0.1,17.657269,7.359019e-05,0.0,0.0,10.0
110,60,0,17.0,0.71767116,63.287308,-0.09290579,-0.0010172287,12.839773,0.0,0.7,0.0,35.0,0.033835303,0.1,3000.0,0.035,176.50076,0.00023040718,0.0,0.0,30.0
37,37,0,38.0,1.4351171,116.712685,-0.062105503,-0.00037051892,11.066706,0.0,1.1,0.0,35.0,0.033835303,0.01,3000.0,0.1,17.65536,0.00011521563,0.0,0.0,10.0
82,67,0,22.0,1.3294667,193.94981,-0.019849213,-0.0007009672,9.639127,125.98361,1.1,0.0,35.0,0.033835303,0.01,3000.0,0.1,17.654911,0.00012497634,0.0,0.0,10.0
41,42,0,22.0,1.4351171,116.712685,-0.035597056,-0.00070469425,8.176334,177.59404,1.1,0.0,35.0,0.033835303,0.01,3000.0,0.1,17.65536,0.00011521563,0.0,0.0,10.0
70,81,0,60.0,0.45478737,135.18419,0.04365557,0.0005347143,9.325694,251.96722,1.1,0.0,35.0,0.033835303,0.01,3000.0,0.1,17.643934,0.0003643228,0.0,0.0,10.0
15,108,0,96.0,0.45478737,44.815804,-0.011906057,-0.001853273,14.3229065,0.0,1.1,0.0,35.0,0.033835303,0.01,3000.0,0.1,17.643934,0.0003643228,0.0,0.0,10.0
24,121,0,155.0,1.8185768,135.18419,-0.011906063,0.001509063,7.9393997,321.59335,1.1,0.0,35.0,0.033835303,0.01,3000.0,0.1,17.656466,9.109871e-05,0.0,0.0,10.0
21,16,0,35.0,1.6023545,270.0,-0.039669983,-0.00028137886,11.621403,0.0,1.1,0.0,35.0,0.033835303,0.01,3000.0,0.1,17.655918,0.00010306223,0.0,0.0,10.0
101,21,0,8.0,2.160424,333.58203,-0.028116688,-3.841473e-05,10.1649065,88.79702,1.1,0.0,35.0,0.033835303,0.01,3000.0,0.1,17.65712,7.681844e-05,0.0,0.0,10.0
121,90,0,166.0,0.9615732,90.0,0.08311806,0.0014079508,8.57688,251.96722,1.1,0.0,35.0,0.033835303,0.01,3000.0,0.1,17.652765,0.00017176698,0.0,0.0,10.0
58,118,0,57.0,2.3206143,146.47974,-0.019803688,-0.0005416688,7.6954107,177.59404,1.1,0.0,35.0,0.033835303,0.01,3000.0,0.1,17.657368,7.146334e-05,0.0,0.0,10.0
65,24,0,50.0,2.0382776,198.32472,-0.02236781,-0.002413525,10.127848,251.96722,1.1,0.0,35.0,0.033835303,0.01,3000.0,0.1,17.656904,8.14899e-05,0.0,0.0,10.0
66,67,0,30.0,1.9613289,350.59723,0.008130274,-0.00018702503,7.8637767,320.79907,1.1,0.0,35.0,0.033835303,0.01,3000.0,0.1,17.656755,8.471815e-05,0.0,0.0,10.0
1,115,0,130.0,2.0382776,18.324713,-0.026947046,-0.00035735776,9.4347,280.98248,1.1,0.0,35.0,0.033835303,0.01,3000.0,0.1,17.656904,8.14899e-05,0.0,0.0,10.0
75,1,0,18.0,0.71767116,296.7127,0.012118149,7.01299e-05,8.869481,199.58144,1.1,0.0,35.0,0.033835303,0.01,3000.0,0.1,17.650076,0.00023040721,0.0,0.0,10.0
38,33,0,64.0,1.0194614,198.32472,0.02817992,-0.00031431182,8.51841,251.96722,1.1,0.0,35.0,0.033835303,0.01,3000.0,0.1,17.653168,0.00016295575,0.0,0.0,10.0
35,18,0,66.0,1.4351171,116.712685,-0.043928288,-0.0009854805,10.373559,89.3698,1.1,0.0,35.0,0.033835303,0.01,3000.0,0.1,17.65536,0.00011521563,0.0,0.0,10.0
53,48,0,55.0,2.3206143,146.47974,-0.025649354,3.6494532e-06,9.774852,536.21875,1.1,0.0,35.0,0.033835303,0.01,3000.0,0.1,17.657368,7.146334e-05,0.0,0.0,10.0
40,46,0,28.0,1.364133,315.1842,0.022489231,-0.0013486231,8.227081,88.79702,1.1,0.0,35.0,0.033835303,0.01,3000.0,0.1,17.655073,0.00012140628,0.0,0.0,10.0
94,1,0,23.0,1.4351171,63.287308,0.0060590734,-0.00018171108,8.176334,251.96722,1.1,0.0,35.0,0.033835303,0.01,3000.0,0.1,17.65536,0.00011521563,0.0,0.0,10.0
55,49,0,66.0,2.2797878,171.9213,0.026471738,0.00010524114,7.7131796,452.8904,0.3,0.0,35.0,0.033835303,0.05,3000.0,0.015,88.286514,7.2868555e-05,0.0,0.0,50.0
61,10,0,111.0,0.7204448,206.41798,-0.028948536,0.0002757252,8.865623,452.8904,1.1,0.0,35.0,0.033835303,0.01,3000.0,0.1,17.650076,0.00023040721,0.0,0.0,10.0
39,53,0,43.0,0.45478737,135.18419,-0.28177688,-9.864494e-05,12.503748,0.0,1.1,0.0,35.0,0.033835303,0.01,3000.0,0.1,17.643934,0.0003643228,0.0,0.0,10.0
13,96,0,88.0,1.9494451,99.52224,-0.015075106,0.0002902644,7.869859,199.58144,1.1,0.0,35.0,0.033835303,0.01,3000.0,0.1,17.656755,8.471815e-05,0.0,0.0,10.0
110,17,0,19.0,2.027829,108.545746,-0.02271565,-0.00039655142,10.395355,89.3698,1.1,0.0,35.0,0.033835303,0.01,3000.0,0.1,17.656904,8.14899e-05,0.0,0.0,10.0
53,1,0,38.0,0.71767116,243.28732,-0.04948243,-0.0007710015,10.815392,89.3698,1.1,0.0,35.0,0.033835303,0.01,3000.0,0.1,17.650076,0.00023040721,0.0,0.0,10.0
26,56,0,31.0,2.3206143,146.47974,-0.04402145,-1.5969727e-05,11.191918,0.0,1.1,0.0,35.0,0.033835303,0.01,3000.0,0.1,17.657368,7.146334e-05,0.0,0.0,10.0
33,52,0,82.0,1.0194614,341.6753,0.049138732,0.00016573118,8.51841,377.95084,1.1,0.0,35.0,0.033835303,0.01,3000.0,0.1,17.653168,0.00016295575,0.0,0.0,10.0
78,47,0,57.0,2.1521132,63.287308,0.0038710744,0.0014258757,7.770869,268.10938,1.1,0.0,35.0,0.033835303,0.01,3000.0,0.1,17.65712,7.681844e-05,0.0,0.0,10.0
47,15,0,120.0,1.1607832,213.52026,0.048077617,0.00028297154,8.388558,399.16287,1.1,0.0,35.0,0.033835303,0.01,3000.0,0.1,17.65409,0.00014290263,0.0,0.0,10.0
59,29,0,39.0,1.644201,191.23932,-0.017246021,-0.00035612888,10.812849,89.3698,1.1,0.0,35.0,0.033835303,0.01,3000.0,0.1,17.656006,0.000101087295,0.0,0.0,10.0
81,61,0,31.0,2.0382776,198.32472,0.0009686837,-0.0005155691,7.8252625,357.4792,1.1,0.0,35.0,0.033835303,0.01,3000.0,0.1,17.656904,8.14899e-05,0.0,0.0,10.0
61,39,0,18.0,1.9494451,99.52224,0.005838772,-0.0013565413,7.869859,198.81299,0.3,0.0,35.0,0.033835303,0.05,3000.0,0.015,88.28378,8.471815e-05,0.0,0.0,50.0
8,70,0,33.0,1.4351171,116.712685,-0.036354445,2.1366792e-05,8.176334,89.3698,1.1,0.0,35.0,0.033835303,0.01,3000.0,0.1,17.65536,0.00011521563,0.0,0.0,10.0
62,113,0,136.0,1.6023545,270.0,0.024935419,0.0005627577,8.066055,321.59335,1.1,0.0,35.0,0.033835303,0.01,3000.0,0.1,17.655918,0.00010306223,0.0,0.0,10.0
121,1,0,64.0,1.1607832,213.52026,0.017298393,0.002104668,8.388558,125.98361,1.1,0.0,35.0,0.033835303,0.01,3000.0,0.1,17.65409,0.00014290263,0.0,0.0,10.0
8,103,0,90.0,1.606081,127.04688,-0.01683827,-0.0003144868,10.366316,89.3698,1.1,0.0,35.0,0.033835303,0.01,3000.0,0.1,17.655918,0.00010306223,0.0,0.0,10.0
67,71,0,17.0,1.014232,108.545746,-0.0307645,3.6515074e-05,12.583997,0.0,1.1,0.0,35.0,0.033835303,0.01,3000.0,0.1,17.653168,0.00016295575,0.0,0.0,10.0
17,38,0,91.0,1.4351171,296.7127,0.019439528,0.0004552342,8.176334,89.3698,1.1,0.0,35.0,0.033835303,0.01,3000.0,0.1,17.65536,0.00011521563,0.0,0.0,10.0
15,115,0,151.0,1.364133,44.815804,0.019181987,0.0012701744,8.227081,320.79907,1.1,0.0,35.0,0.033835303,0.01,3000.0,0.1,17.655073,0.00012140628,0.0,0.0,10.0
76,27,0,73.0,1.606081,127.04688,-0.054611817,-0.0002038424,10.9541025,0.0,1.1,0.0,35.0,0.033835303,0.01,3000.0,0.1,17.655918,0.00010306223,0.0,0.0,10.0
95,75,0,15.0,2.160424,26.417976,-0.009649515,-0.0019106884,11.134307,0.0,1.1,0.0,35.0,0.033835303,0.01,3000.0,0.1,17.65712,7.681844e-05,0.0,0.0,10.0
22,38,0,97.0,0.71767116,296.7127,0.072203964,0.0007030756,8.869481,397.62598,1.1,0.0,35.0,0.033835303,0.01,3000.0,0.1,17.650076,0.00023040721,0.0,0.0,10.0
66,25,0,49.0,2.265774,98.18182,-0.06404342,-0.00021548766,10.358409,125.98361,0.7,0.0,35.0,0.033835303,0.1,3000.0,0.035,176.57303,7.286856e-05,0.0,0.0,30.0
90,57,0,66.0,1.3219484,104.12316,0.065576896,0.0006942496,8.258506,397.62598,1.1,0.0,35.0,0.033835303,0.01,3000.0,0.1,17.654911,0.00012497634,0.0,0.0,10.0
59,10,0,123.0,2.0597456,218.48024,-0.0010880213,0.0007551578,7.8147764,377.95084,1.1,0.0,35.0,0.033835303,0.01,3000.0,0.1,17.656952,8.046446e-05,0.0,0.0,10.0
53,25,0,53.0,2.265774,261.81818,-0.009773952,-0.0010547056,7.719352,266.39105,1.1,0.0,35.0,0.033835303,0.01,3000.0,0.1,17.6573,7.286857e-05,0.0,0.0,10.0
96,94,0,36.0,1.4406618,333.58203,-0.07361913,-0.0003237708,11.504681,0.0,1.1,0.0,35.0,0.033835303,0.01,3000.0,0.1,17.65536,0.00011521563,0.0,0.0,10.0
47,14,0,120.0,0.6410822,270.0,0.056671407,0.00084496883,8.982346,445.8201,1.1,0.0,35.0,0.033835303,0.01,3000.0,0.1,17.648827,0.00025760045,0.0,0.0,10.0
64,50,0,25.0,2.3335202,106.04296,0.014563421,-0.00015122445,7.6898584,198.81299,1.1,0.0,35.0,0.033835303,0.01,3000.0,0.1,17.657396,7.0817674e-05,0.0,0.0,10.0
65,67,0,28.0,2.265774,278.18182,0.0052074334,0.00032814572,7.719352,280.98248,1.1,0.0,35.0,0.033835303,0.01,3000.0,0.1,17.6573,7.286857e-05,0.0,0.0,10.0
75,11,0,33.0,0.6452171,0.0,-0.011117748,-3.1700085e-05,9.669063,199.58144,1.1,0.0,35.0,0.033835303,0.01,3000.0,0.1,17.648827,0.00025760045,0.0,0.0,10.0
70,22,0,109.0,1.8716706,238.87349,0.0012513254,3.219198e-05,7.9106026,397.62598,1.1,0.0,35.0,0.033835303,0.01,3000.0,0.1,17.65659,8.8402165e-05,0.0,0.0,10.0
46,75,0,21.0,1.3294667,346.0502,-0.064787835,-0.0004086939,10.89189,88.79702,1.1,0.0,35.0,0.033835303,0.01,3000.0,0.1,17.654911,0.00012497634,0.0,0.0,10.0
15,13,0,26.0,0.6410822,90.0,-0.04533713,-0.00050072226,11.547295,280.98248,1.1,0.0,35.0,0.033835303,0.01,3000.0,0.1,17.648827,0.00025760045,0.0,0.0,10.0
79,31,0,51.0,1.606081,127.04688,-0.017018355,-0.0010264954,10.461626,177.59404,1.1,0.0,35.0,0.033835303,0.01,3000.0,0.1,17.655918,0.00010306223,0.0,0.0,10.0
41,30,0,71.0,1.6126848,0.0,-0.022235496,0.0002850162,8.059626,198.81299,1.1,0.0,35.0,0.033835303,0.01,3000.0,0.1,17.655918,0.00010306223,0.0,0.0,10.0
11,105,0,88.0,2.3335202,253.95703,-0.017995287,-0.00059241446,11.091056,0.0,1.1,0.0,35.0,0.033835303,0.01,3000.0,0.1,17.657396,7.0817674e-05,0.0,0.0,10.0
103,86,0,156.0,2.0597456,321.51978,0.009429522,0.00035366617,7.8147764,627.971,1.1,0.0,35.0,0.033835303,0.01,3000.0,0.1,17.656952,8.046446e-05,0.0,0.0,10.0
41,16,0,128.0,0.0,0.0,0.0,0.0,11.397318,445.01822,1.7,0.0,35.0,0.033835303,0.01,3000.0,0.1,0.0,999.0,0.0,0.0,10.0
30,40,0,61.0,0.7204448,26.417976,0.024456525,-0.0011584653,10.657383,282.4315,1.1,0.0,35.0,0.033835303,0.01,3000.0,0.1,17.650076,0.00023040721,0.0,0.0,10.0
71,0,0,14.0,1.6023545,90.0,-0.018134851,-0.00018758589,8.066055,178.7396,1.1,0.0,35.0,0.033835303,0.01,3000.0,0.1,17.655918,0.00010306223,0.0,0.0,10.0
17,15,0,37.0,1.606081,232.95312,0.011120461,0.00012909397,8.06373,198.81299,1.1,0.0,35.0,0.033835303,0.01,3000.0,0.1,17.655918,0.00010306223,0.0,0.0,10.0
3,31,0,112.0,2.0382776,161.67528,0.028796354,0.00032412104,7.8252625,452.8904,1.1,0.0,35.0,0.033835303,0.01,3000.0,0.1,17.656904,8.14899e-05,0.0,0.0,10.0
60,41,0,15.0,1.4406618,206.41798,-0.04866349,-0.0005065257,12.001118,0.0,1.1,0.0,35.0,0.033835303,0.01,3000.0,0.1,17.65536,0.00011521563,0.0,0.0,10.0
47,97,0,69.0,1.0194614,18.324713,-0.07027367,-3.5247216e-05,11.952397,0.0,1.1,0.0,35.0,0.033835303,0.01,3000.0,0.1,17.653168,0.00016295575,0.0,0.0,10.0
73,72,0,25.0,1.157917,56.13969,-0.006249759,-0.00028527825,8.391031,251.96722,1.1,0.0,35.0,0.033835303,0.01,3000.0,0.1,17.65409,0.00014290263,0.0,0.0,10.0
49,25,0,53.0,1.9613289,9.402763,-0.030840669,-0.0016835317,11.834068,0.0,1.1,0.0,35.0,0.033835303,0.01,3000.0,0.1,17.656755,8.471815e-05,0.0,0.0,10.0
6,107,0,99.0,2.160424,26.417976,-0.026452977,5.5936664e-05,8.865623,366.25882,1.1,0.0,35.0,0.033835303,0.01,3000.0,0.1,17.65712,7.681844e-05,0.0,0.0,10.0
74,84,0,62.0,2.027829,108.545746,0.016992021,0.001655808,7.830406,198.81299,1.1,0.0,35.0,0.033835303,0.01,3000.0,0.1,17.656904,8.14899e-05,0.0,0.0,10.0
107,18,0,13.0,2.3462796,195.84836,-0.00805074,-0.0012814888,10.517612,268.10938,1.1,0.0,35.0,0.033835303,0.01,3000.0,0.1,17.657396,7.0817674e-05,0.0,0.0,10.0
78,12,0,33.0,0.9615732,270.0,-0.0056671407,-0.00056318025,10.879465,89.3698,1.1,0.0,35.0,0.033835303,0.01,3000.0,0.1,17.652765,0.00017176698,0.0,0.0,10.0
17,26,0,99.0,0.32261875,180.0,0.14453074,0.0014267078,9.669064,377.95084,1.1,0.0,35.0,0.033835303,0.01,3000.0,0.1,17.637016,0.00051513937,0.0,0.0,10.0
55,56,0,9.0,0.90951747,44.815804,0.0009921708,-0.001620808,12.759681,0.0,1.1,0.0,35.0,0.033835303,0.01,3000.0,0.1,17.652287,0.00018217335,0.0,0.0,10.0
114,37,0,31.0,1.7353112,338.32532,-0.017345035,-0.0015308714,7.986297,89.3698,1.1,0.0,35.0,0.033835303,0.01,3000.0,0.1,17.656258,9.565623e-05,0.0,0.0,10.0
18,54,0,40.0,1.644201,191.23932,-0.062228333,-0.00087852735,9.986171,198.81299,1.1,0.0,35.0,0.033835303,0.01,3000.0,0.1,17.656006,0.000101087295,0.0,0.0,10.0
98,55,0,54.0,1.364133,224.81581,-0.016536199,0.0024404472,8.227081,198.81299,1.1,0.0,35.0,0.033835303,0.01,3000.0,0.1,17.655073,0.00012140628,0.0,0.0,10.0
52,46,0,60.0,2.2427351,270.0,0.0040479572,-0.0006870412,8.4227295,397.62598,1.1,0.0,35.0,0.033835303,0.01,3000.0,0.1,17.657269,7.359019e-05,0.0,0.0,10.0
82,15,0,65.0,2.0597456,218.48024,0.012480249,0.0007411757,7.8147764,520.229,1.1,0.0,35.0,0.033835303,0.01,3000.0,0.1,17.656952,8.046446e-05,0.0,0.0,10.0
99,63,0,108.0,0.0,0.0,0.0,0.0,11.397318,280.98248,1.7,0.0,35.0,0.033835303,0.01,3000.0,0.1,0.0,999.0,0.0,0.0,10.0
31,10,0,40.0,1.4406618,333.58203,-0.027201647,-0.00029283017,12.001118,0.0,1.1,0.0,35.0,0.033835303,0.01,3000.0,0.1,17.65536,0.00011521563,0.0,0.0,10.0
59,65,0,25.0,1.8716706,301.12653,-0.0005119066,0.00057921855,7.9106026,282.4315,1.1,0.0,35.0,0.033835303,0.01,3000.0,0.1,17.65659,8.8402165e-05,0.0,0.0,10.0
4,48,0,128.0,0.90951747,44.815804,0.03770254,0.00071825885,8.632546,268.10938,1.1,0.0,35.0,0.033835303,0.01,3000.0,0.1,17.652287,0.00018217335,0.0,0.0,10.0
61,71,0,19.0,1.6023545,270.0,-0.03853656,-0.00031264315,10.899268,89.3698,1.1,0.0,35.0,0.033835303,0.01,3000.0,0.1,17.655918,0.00010306223,0.0,0.0,10.0
61,101,0,93.0,1.0194614,161.67528,-0.08031276,-0.00091221154,11.514142,0.0,1.1,0.0,35.0,0.033835303,0.01,3000.0,0.1,17.653168,0.00016295575,0.0,0.0,10.0
65,16,0,97.0,2.3462796,164.15164,-0.006203976,-9.514118e-05,7.6843996,520.229,1.1,0.0,35.0,0.033835303,0.01,3000.0,0.1,17.657396,7.0817674e-05,0.0,0.0,10.0
43,48,0,45.0,2.2727916,44.815804,0.011112327,0.00056655356,7.716256,282.4315,1.1,0.0,35.0,0.033835303,0.01,3000.0,0.1,17.6573,7.286857e-05,0.0,0.0,10.0
2,9,0,34.0,1.6089736,36.69323,0.0038062672,-0.00010476568,8.061931,198.81299,1.1,0.0,35.0,0.033835303,0.01,3000.0,0.1,17.655918,0.00010306223,0.0,0.0,10.0
60,86,0,41.0,0.9615732,270.0,-0.04911522,-6.257559e-05,9.675493,125.98361,1.1,0.0,35.0,0.033835303,0.01,3000.0,0.1,17.652765,0.00017176698,0.0,0.0,10.0
70,39,0,72.0,2.0382776,198.32472,0.054510526,-0.0015382774,7.8252625,199.58144,1.1,0.0,35.0,0.033835303,0.01,3000.0,0.1,17.656904,8.14899e-05,0.0,0.0,10.0
32,18,0,73.0,1.1607832,146.47974,-0.013242227,0.0004895538,8.388558,177.59404,1.1,0.0,35.0,0.033835303,0.01,3000.0,0.1,17.65409,0.00014290263,0.0,0.0,10.0
3,92,0,143.0,1.014232,108.545746,0.042211764,7.8645375e-05,8.523554,377.95084,1.1,0.0,35.0,0.033835303,0.01,3000.0,0.1,17.653168,0.00016295575,0.0,0.0,10.0
120,45,0,51.0,1.1607832,213.52026,0.017298397,-0.00305469,11.332997,0.0,1.1,0.0,35.0,0.033835303,0.01,3000.0,0.1,17.65409,0.00014290263,0.0,0.0,10.0
116,57,0,136.0,1.3219484,104.12316,0.10304941,0.0003687813,8.258506,478.61322,1.1,0.0,35.0,0.033835303,0.01,3000.0,0.1,17.654911,0.00012497634,0.0,0.0,10.0
31,67,0,26.0,1.0194614,161.67528,0.013913834,-0.00053593586,8.51841,178.7396,1.1,0.0,35.0,0.033835303,0.01,3000.0,0.1,17.653168,0.00016295575,0.0,0.0,10.0
55,26,0,66.0,1.8773382,149.1985,5.636098e-05,-7.324389e-05,7.907577,251.96722,1.1,0.0,35.0,0.033835303,0.01,3000.0,0.1,17.65659,8.8402165e-05,0.0,0.0,10.0
77,76,0,19.0,1.3294667,13.949808,-0.021834135,0.000101750986,8.252832,266.39105,1.1,0.0,35.0,0.033835303,0.01,3000.0,0.1,17.654911,0.00012497634,0.0,0.0,10.0
28,82,0,24.0,1.364133,135.18419,-0.01984344,-0.00060738827,8.227081,198.81299,1.1,0.0,35.0,0.033835303,0.01,3000.0,0.1,17.655073,0.00012140628,0.0,0.0,10.0
73,3,0,30.0,1.7353112,158.32532,-0.0042470354,0.0006947763,7.986297,125.98361,1.1,0.0,35.0,0.033835303,0.01,3000.0,0.1,17.656258,9.565623e-05,0.0,0.0,10.0
64,2,0,20.0,1.3294667,193.94981,-0.023501469,-0.0021145702,12.363707,0.0,1.1,0.0,35.0,0.033835303,0.01,3000.0,0.1,17.654911,0.00012497634,0.0,0.0,10.0
50,31,0,45.0,1.014232,71.45425,-0.013057033,-0.0025074638,11.924751,0.0,1.1,0.0,35.0,0.033835303,0.01,3000.0,0.1,17.653168,0.00016295575,0.0,0.0,10.0
13,34,0,87.0,1.1607832,213.52026,0.023859864,0.0005210978,8.388558,268.10938,1.1,0.0,35.0,0.033835303,0.01,3000.0,0.1,17.65409,0.00014290263,0.0,0.0,10.0
45,5,0,93.0,1.8773382,210.8015,0.05041803,-0.00010407365,7.907577,251.96722,1.1,0.0,35.0,0.033835303,0.01,3000.0,0.1,17.65659,8.8402165e-05,0.0,0.0,10.0
6,104,0,101.0,1.8773382,30.801477,0.008144667,7.7629615e-05,7.907577,266.39105,1.1,0.0,35.0,0.033835303,0.01,3000.0,0.1,17.65659,8.8402165e-05,0.0,0.0,10.0
80,2,0,14.0,2.0382776,18.324713,0.0023776817,-0.0010013854,9.617022,178.7396,1.1,0.0,35.0,0.033835303,0.01,3000.0,0.1,17.656904,8.14899e-05,0.0,0.0,10.0
71,35,0,123.0,2.3462796,15.848349,0.0035203944,0.0015526345,7.6843996,377.95084,1.1,0.0,35.0,0.033835303,0.01,3000.0,0.1,17.657396,7.0817674e-05,0.0,0.0,10.0
48,62,0,21.0,2.0597456,218.48024,-0.016683,-0.00087633275,10.379725,266.39105,0.3,0.0,35.0,0.033835303,0.05,3000.0,0.015,88.28476,8.0464444e-05,0.0,0.0,50.0
50,65,0,23.0,2.0597456,218.48024,0.00595212,-0.0009094317,8.913388,178.7396,1.1,0.0,35.0,0.033835303,0.01,3000.0,0.1,17.656952,8.046446e-05,0.0,0.0,10.0
18,32,0,75.0,1.8716706,121.12651,0.021613805,-1.482354e-05,7.9106026,320.79907,1.1,0.0,35.0,0.033835303,0.01,3000.0,0.1,17.65659,8.8402165e-05,0.0,0.0,10.0
82,2,0,11.0,0.7204448,333.58203,-0.054403286,-0.00038529935,13.308275,0.0,1.1,0.0,35.0,0.033835303,0.01,3000.0,0.1,17.650076,0.00023040721,0.0,0.0,10.0
83,68,0,22.0,1.8185768,224.81581,-0.010913893,-0.00071986165,10.136624,251.96722,1.1,0.0,35.0,0.033835303,0.01,3000.0,0.1,17.656466,9.109871e-05,0.0,0.0,10.0
119,57,0,128.0,1.7353112,338.32532,-0.008208556,0.0012607373,7.986297,397.62598,1.1,0.0,35.0,0.033835303,0.01,3000.0,0.1,17.656258,9.565623e-05,0.0,0.0,10.0
27,58,0,30.0,0.90951747,44.815804,-0.076397255,0.00030458768,8.632546,88.79702,1.1,0.0,35.0,0.033835303,0.01,3000.0,0.1,17.652287,0.00018217335,0.0,0.0,10.0
9,84,0,67.0,1.9349972,180.0,0.004632395,-0.0009812096,7.8773036,280.98248,1.1,0.0,35.0,0.033835303,0.01,3000.0,0.1,17.656706,8.5857544e-05,0.0,0.0,10.0
11,11,0,27.0,2.027829,108.545746,-0.005991923,-0.00025889737,7.830406,199.58144,1.1,0.0,35.0,0.033835303,0.01,3000.0,0.1,17.656904,8.14899e-05,0.0,0.0,10.0
10,121,0,110.0,1.6344768,78.61901,-0.007346969,-0.00035577055,9.9921055,88.79702,1.1,0.0,35.0,0.033835303,0.01,3000.0,0.1,17.656006,0.000101087295,0.0,0.0,10.0
57,74,0,47.0,1.8773382,329.19852,0.022235792,0.0005641326,7.907577,125.98361,1.1,0.0,35.0,0.033835303,0.01,3000.0,0.1,17.65659,8.8402165e-05,0.0,0.0,10.0
5,19,0,21.0,1.4351171,116.712685,-0.018682143,-0.00028372835,8.176334,88.79702,1.1,0.0,35.0,0.033835303,0.01,3000.0,0.1,17.65536,0.00011521563,0.0,0.0,10.0
70,21,0,107.0,2.0568428,51.16036,-0.028965626,0.00044792937,7.816188,478.61322,1.1,0.0,35.0,0.033835303,0.01,3000.0,0.1,17.656952,8.046446e-05,0.0,0.0,10.0
51,1,0,38.0,1.9349972,180.0,-0.00092647894,-0.0006330384,7.8773036,89.3698,1.1,0.0,35.0,0.033835303,0.01,3000.0,0.1,17.656706,8.5857544e-05,0.0,0.0,10.0
48,81,0,41.0,1.8773382,210.8015,-0.01645843,-0.00085099146,9.293871,178.7396,1.1,0.0,35.0,0.033835303,0.01,3000.0,0.1,17.65659,8.8402165e-05,0.0,0.0,10.0
20,115,0,117.0,1.157917,56.13969,-0.0027643167,-0.00063681544,9.777326,88.79702,1.1,0.0,35.0,0.033835303,0.01,3000.0,0.1,17.65409,0.00014290263,0.0,0.0,10.0
10,7,0,42.0,1.644201,168.76068,0.016364837,-9.4017676e-05,9.138873,268.10938,1.1,0.0,35.0,0.033835303,0.01,3000.0,0.1,17.656006,0.000101087295,0.0,0.0,10.0
46,120,0,69.0,3.2183502,275.7472,0.01190106,0.0010251057,7.3678684,268.10938,1.1,0.0,35.0,0.033835303,0.01,3000.0,0.1,17.658293,5.129627e-05,0.0,0.0,10.0
102,54,0,23.0,2.918713,6.2998843,0.0004492817,-0.00097030477,10.104838,199.58144,1.1,0.0,35.0,0.033835303,0.01,3000.0,0.1,17.658033,5.6879242e-05,0.0,0.0,10.0
77,20,0,98.0,3.1708689,336.17395,0.0024924788,0.0004262105,7.3827624,377.95084,1.1,0.0,35.0,0.033835303,0.01,3000.0,0.1,17.658243,5.235969e-05,0.0,0.0,10.0
40,40,0,30.0,2.8795042,206.41798,-0.004492016,-0.00080877886,9.271089,89.3698,1.1,0.0,35.0,0.033835303,0.01,3000.0,0.1,17.658003,5.7600842e-05,0.0,0.0,10.0
81,113,0,128.0,3.0401576,71.45425,0.0050677964,7.4033705e-05,8.811235,399.16287,1.1,0.0,35.0,0.033835303,0.01,3000.0,0.1,17.65815,5.4334618e-05,0.0,0.0,10.0
63,41,0,57.0,3.0401576,251.45425,0.030227914,0.0017578141,7.424941,266.39105,1.1,0.0,35.0,0.033835303,0.01,3000.0,0.1,17.65815,5.4334618e-05,0.0,0.0,10.0
68,78,0,31.0,3.0558062,18.324713,-0.020958815,-0.00048149287,9.984747,88.79702,1.1,0.0,35.0,0.033835303,0.01,3000.0,0.1,17.65815,5.4334618e-05,0.0,0.0,10.0
35,60,0,66.0,2.8795042,26.417976,0.002246008,0.0019920256,7.479329,320.79907,1.1,0.0,35.0,0.033835303,0.01,3000.0,0.1,17.658003,5.7600842e-05,0.0,0.0,10.0
48,8,0,84.0,2.5867472,119.90383,0.022009755,0.0013608006,7.5867085,178.7396,1.1,0.0,35.0,0.033835303,0.01,3000.0,0.1,17.657711,6.394341e-05,0.0,0.0,10.0
68,82,0,59.0,2.5867472,119.90383,0.008201191,-0.00032767546,7.5867085,280.98248,1.1,0.0,35.0,0.033835303,0.01,3000.0,0.1,17.657711,6.394341e-05,0.0,0.0,10.0
83,17,0,59.0,3.2856984,168.76068,-0.007238294,0.0002597798,7.3471136,478.61322,1.1,0.0,35.0,0.033835303,0.01,3000.0,0.1,17.658325,5.053667e-05,0.0,0.0,10.0
50,85,0,82.0,2.6575034,13.949808,0.018737657,0.0013644479,7.559685,366.25882,1.1,0.0,35.0,0.033835303,0.01,3000.0,0.1,17.657778,6.250019e-05,0.0,0.0,10.0
75,81,0,37.0,2.9608166,49.216583,0.019236822,-0.00033387504,7.451434,199.58144,1.1,0.0,35.0,0.033835303,0.01,3000.0,0.1,17.658081,5.592975e-05,0.0,0.0,10.0
16,8,0,37.0,3.1803083,224.81581,0.010488676,-0.00023415475,8.766078,177.59404,1.1,0.0,35.0,0.033835303,0.01,3000.0,0.1,17.658255,5.2093827e-05,0.0,0.0,10.0
53,54,0,22.0,3.238654,174.32576,0.004781911,-0.00020981183,7.361566,89.3698,1.1,0.0,35.0,0.033835303,0.01,3000.0,0.1,17.658293,5.129627e-05,0.0,0.0,10.0
103,84,0,154.0,2.6424909,255.87683,0.007995212,0.00023024753,7.565358,564.863,1.1,0.0,35.0,0.033835303,0.01,3000.0,0.1,17.657778,6.250019e-05,0.0,0.0,10.0
82,1,0,14.0,2.7521944,159.56477,-0.0035377294,-0.00067757367,8.623234,88.79702,1.1,0.0,35.0,0.033835303,0.01,3000.0,0.1,17.657875,6.0335366e-05,0.0,0.0,10.0
43,106,0,135.0,2.5086374,129.98683,0.004283806,0.00057525403,7.6174107,198.81299,1.1,0.0,35.0,0.033835303,0.01,3000.0,0.1,17.657618,6.595632e-05,0.0,0.0,10.0
23,6,0,88.0,2.6575034,346.0502,0.022072325,0.0011773512,7.559685,282.4315,1.1,0.0,35.0,0.033835303,0.01,3000.0,0.1,17.657778,6.250019e-05,0.0,0.0,10.0
5,1,0,80.0,2.9637246,139.58063,-0.000586417,0.0009719624,7.4504504,366.25882,1.1,0.0,35.0,0.033835303,0.01,3000.0,0.1,17.658081,5.592975e-05,0.0,0.0,10.0
53,59,0,30.0,3.157264,114.0995,0.00782898,-0.0004594325,7.387071,177.59404,1.1,0.0,35.0,0.033835303,0.01,3000.0,0.1,17.658243,5.235969e-05,0.0,0.0,10.0
77,106,0,147.0,2.7267213,44.815804,0.0029765153,0.00077184895,7.5339346,320.79907,1.1,0.0,35.0,0.033835303,0.01,3000.0,0.1,17.657856,6.0753144e-05,0.0,0.0,10.0
100,84,0,143.0,3.238654,174.32576,-0.0035878029,0.00023521339,7.361566,520.229,1.1,0.0,35.0,0.033835303,0.01,3000.0,0.1,17.658293,5.129627e-05,0.0,0.0,10.0
94,3,0,22.0,2.9608166,130.7834,0.0012193361,0.00028092682,8.144581,178.7396,1.1,0.0,35.0,0.033835303,0.01,3000.0,0.1,17.658081,5.592975e-05,0.0,0.0,10.0
99,21,0,21.0,2.4530802,23.065504,0.004985799,0.000194808,7.639834,199.58144,1.1,0.0,35.0,0.033835303,0.01,3000.0,0.1,17.65754,6.7665394e-05,0.0,0.0,10.0
9,17,0,61.0,2.9608166,49.216583,-0.00010758918,0.001131504,7.451434,377.95084,1.1,0.0,35.0,0.033835303,0.01,3000.0,0.1,17.658081,5.592975e-05,0.0,0.0,10.0
34,48,0,57.0,2.44224,113.33227,-0.008928335,-0.0002502068,9.030562,178.7396,1.1,0.0,35.0,0.033835303,0.01,3000.0,0.1,17.65754,6.7665394e-05,0.0,0.0,10.0
40,80,0,24.0,3.1803083,135.18419,0.011055631,-0.0008339924,8.766078,199.58144,0.3,0.0,35.0,0.033835303,0.05,3000.0,0.015,88.29128,5.209383e-05,0.0,0.0,50.0
3,26,0,97.0,2.918713,353.7001,0.021805147,0.0007689911,7.465781,368.3426,1.1,0.0,35.0,0.033835303,0.01,3000.0,0.1,17.658033,5.6879242e-05,0.0,0.0,10.0
87,0,0,24.0,3.2228186,0.0,0.0044470993,-0.00031555933,7.366478,178.7396,1.1,0.0,35.0,0.033835303,0.01,3000.0,0.1,17.65828,5.156212e-05,0.0,0.0,10.0
50,61,0,48.0,3.2096422,232.95312,-0.0014181971,0.0014859213,7.3705835,268.10938,1.1,0.0,35.0,0.033835303,0.01,3000.0,0.1,17.65828,5.156212e-05,0.0,0.0,10.0
123,25,0,48.0,2.7389147,249.32256,-0.0015046969,-0.00083571085,7.5294657,89.3698,1.1,0.0,35.0,0.033835303,0.01,3000.0,0.1,17.657875,6.0335366e-05,0.0,0.0,10.0
103,54,0,24.0,3.1708689,23.826057,0.0015585292,-8.715424e-05,7.3827624,125.98361,1.1,0.0,35.0,0.033835303,0.01,3000.0,0.1,17.658243,5.235969e-05,0.0,0.0,10.0
27,23,0,55.0,3.2856984,191.23932,-0.010154591,-0.00060912943,9.426555,88.79702,1.1,0.0,35.0,0.033835303,0.01,3000.0,0.1,17.658325,5.053667e-05,0.0,0.0,10.0
90,70,0,76.0,2.953647,257.39294,0.029738178,0.0007965291,7.4538627,377.95084,1.1,0.0,35.0,0.033835303,0.01,3000.0,0.1,17.658081,5.592975e-05,0.0,0.0,10.0
6,81,0,87.0,3.1708689,203.82607,-0.0038875663,0.00040132322,7.3827624,280.98248,1.1,0.0,35.0,0.033835303,0.01,3000.0,0.1,17.658243,5.235969e-05,0.0,0.0,10.0
77,79,0,23.0,3.1803083,44.815804,0.0062365094,-9.446369e-05,8.478396,355.18808,1.1,0.0,35.0,0.033835303,0.01,3000.0,0.1,17.658255,5.2093827e-05,0.0,0.0,10.0
31,45,0,56.0,2.6424909,284.12317,-0.012396619,-0.0009358248,10.204415,125.98361,1.1,0.0,35.0,0.033835303,0.01,3000.0,0.1,17.657778,6.250019e-05,0.0,0.0,10.0
11,7,0,42.0,2.7613957,125.7121,-0.0016804591,0.00045507654,7.521279,320.79907,1.1,0.0,35.0,0.033835303,0.01,3000.0,0.1,17.657896,5.9917587e-05,0.0,0.0,10.0
74,4,0,16.0,2.4530802,156.9345,-0.019375196,-0.001019984,10.530206,0.0,1.1,0.0,35.0,0.033835303,0.01,3000.0,0.1,17.65754,6.7665394e-05,0.0,0.0,10.0
109,17,0,25.0,2.9608166,130.7834,0.015162803,-0.00049972517,7.451434,178.7396,1.1,0.0,35.0,0.033835303,0.01,3000.0,0.1,17.658081,5.592975e-05,0.0,0.0,10.0
61,53,0,29.0,2.9608166,49.216583,0.004583269,-0.00029724918,8.144581,125.98361,1.1,0.0,35.0,0.033835303,0.01,3000.0,0.1,17.658081,5.592975e-05,0.0,0.0,10.0
20,119,0,126.0,2.7267213,315.1842,0.0019843422,-0.00090646266,8.227081,125.98361,1.1,0.0,35.0,0.033835303,0.01,3000.0,0.1,17.657856,6.0753144e-05,0.0,0.0,10.0
12,121,0,106.0,2.7613957,305.7121,-0.03180489,-0.0003545324,10.006186,199.58144,1.1,0.0,35.0,0.033835303,0.01,3000.0,0.1,17.657896,5.9917587e-05,0.0,0.0,10.0
72,64,0,55.0,2.7613957,54.2879,0.011382896,-0.00031948878,7.521279,520.229,1.1,0.0,35.0,0.033835303,0.01,3000.0,0.1,17.657896,5.9917587e-05,0.0,0.0,10.0
57,66,0,17.0,2.9637246,319.58063,-0.008152639,-0.000585294,9.529892,198.81299,0.3,0.0,35.0,0.033835303,0.05,3000.0,0.015,88.290405,5.5929737e-05,0.0,0.0,50.0
5,33,0,90.0,2.7389147,110.677444,0.0015137618,-0.00063406315,8.91576,377.95084,1.1,0.0,35.0,0.033835303,0.01,3000.0,0.1,17.657875,6.0335366e-05,0.0,0.0,10.0
14,10,0,20.0,2.6424909,284.12317,-0.0068241972,-0.00034611984,9.6448,89.3698,1.1,0.0,35.0,0.033835303,0.01,3000.0,0.1,17.657778,6.250019e-05,0.0,0.0,10.0
18,49,0,68.0,3.2022066,270.0,-0.006800569,-0.0006230926,8.066055,321.59335,1.1,0.0,35.0,0.033835303,0.01,3000.0,0.1,17.65828,5.156212e-05,0.0,0.0,10.0
44,34,0,78.0,3.2662976,78.61901,0.010785523,0.00073613797,7.3530483,357.4792,1.1,0.0,35.0,0.033835303,0.01,3000.0,0.1,17.658325,5.053667e-05,0.0,0.0,10.0
86,52,0,7.0,3.2856984,348.7607,-0.012126762,-0.0011893573,11.317406,0.0,1.1,0.0,35.0,0.033835303,0.01,3000.0,0.1,17.658325,5.053667e-05,0.0,0.0,10.0
67,116,0,183.0,2.9637246,40.419357,0.015826127,0.0022791782,7.4504504,357.4792,1.1,0.0,35.0,0.033835303,0.01,3000.0,0.1,17.658081,5.592975e-05,0.0,0.0,10.0
20,23,0,39.0,3.1803083,315.1842,-0.02749734,-0.00070138933,11.093356,0.0,1.1,0.0,35.0,0.033835303,0.01,3000.0,0.1,17.658255,5.2093827e-05,0.0,0.0,10.0
46,19,0,121.0,2.7267213,315.1842,0.029765159,0.00034542193,7.5339346,355.18808,1.1,0.0,35.0,0.033835303,0.01,3000.0,0.1,17.657856,6.0753144e-05,0.0,0.0,10.0
27,14,0,63.0,2.5951934,330.41354,-0.011286644,7.8385245e-05,8.682056,88.79702,1.1,0.0,35.0,0.033835303,0.01,3000.0,0.1,17.657711,6.394341e-05,0.0,0.0,10.0
11,54,0,129.0,2.8795042,206.41798,0.00037433428,0.0009571855,7.479329,445.8201,1.1,0.0,35.0,0.033835303,0.01,3000.0,0.1,17.658003,5.7600842e-05,0.0,0.0,10.0
11,82,0,81.0,2.7267213,135.18419,0.0006614478,0.00041381054,7.5339346,377.95084,1.1,0.0,35.0,0.033835303,0.01,3000.0,0.1,17.657856,6.0753144e-05,0.0,0.0,10.0
14,49,0,58.0,2.8684359,243.28732,0.0023983829,-0.0017740618,7.4831867,88.79702,1.1,0.0,35.0,0.033835303,0.01,3000.0,0.1,17.658003,5.7600842e-05,0.0,0.0,10.0
106,8,0,51.0,3.238654,354.32578,0.016405296,0.00029708727,7.361566,198.81299,1.1,0.0,35.0,0.033835303,0.01,3000.0,0.1,17.658293,5.129627e-05,0.0,0.0,10.0
70,82,0,60.0,2.5990233,172.92018,0.009528426,0.00063703605,7.581968,198.81299,1.1,0.0,35.0,0.033835303,0.01,3000.0,0.1,17.657711,6.394341e-05,0.0,0.0,10.0
77,33,0,35.0,2.5867472,119.90383,-0.041931547,9.050088e-05,10.359298,178.7396,1.1,0.0,35.0,0.033835303,0.01,3000.0,0.1,17.657711,6.394341e-05,0.0,0.0,10.0
28,9,0,29.0,3.2228186,0.0,-0.006670649,-0.000946678,11.509613,0.0,1.1,0.0,35.0,0.033835303,0.01,3000.0,0.1,17.65828,5.156212e-05,0.0,0.0,10.0
72,29,0,34.0,2.5828989,97.170494,-0.06393602,-0.0009956029,10.846296,0.0,1.1,0.0,35.0,0.033835303,0.01,3000.0,0.1,17.657711,6.394341e-05,0.0,0.0,10.0
12,38,0,100.0,2.5990233,352.9202,0.002461687,-0.000239447,8.968262,282.4315,1.1,0.0,35.0,0.033835303,0.01,3000.0,0.1,17.657711,6.394341e-05,0.0,0.0,10.0
30,76,0,102.0,3.026778,57.82881,0.025878515,0.00077508244,7.4293604,397.62598,1.1,0.0,35.0,0.033835303,0.01,3000.0,0.1,17.658138,5.463845e-05,0.0,0.0,10.0
46,53,0,58.0,2.4530802,336.9345,0.034080148,0.00055549765,7.639834,355.18808,1.1,0.0,35.0,0.033835303,0.01,3000.0,0.1,17.65754,6.7665394e-05,0.0,0.0,10.0
33,91,0,110.0,2.9637246,40.419357,0.029642703,-0.00067792233,7.4504504,355.18808,1.1,0.0,35.0,0.033835303,0.01,3000.0,0.1,17.658081,5.592975e-05,0.0,0.0,10.0
84,103,0,78.0,2.5990233,352.9202,0.033222165,0.001103948,7.581968,251.96722,1.1,0.0,35.0,0.033835303,0.01,3000.0,0.1,17.657711,6.394341e-05,0.0,0.0,10.0
102,88,0,139.0,2.767151,215.36362,-0.0076555335,-0.00085582264,9.598635,478.61322,1.1,0.0,35.0,0.033835303,0.01,3000.0,0.1,17.657896,5.9917587e-05,0.0,0.0,10.0
50,122,0,31.0,2.4530802,203.0655,-0.023035657,-0.0004882103,11.591078,0.0,1.1,0.0,35.0,0.033835303,0.01,3000.0,0.1,17.65754,6.7665394e-05,0.0,0.0,10.0
90,13,0,27.0,2.7389147,69.32254,-0.0062907236,8.115425e-05,9.475376,125.98361,1.1,0.0,35.0,0.033835303,0.01,3000.0,0.1,17.657875,6.0335366e-05,0.0,0.0,10.0
21,32,0,68.0,3.238654,174.32576,0.0028811968,-0.00041710862,7.361566,198.81299,1.1,0.0,35.0,0.033835303,0.01,3000.0,0.1,17.658293,5.129627e-05,0.0,0.0,10.0
55,116,0,102.0,2.767151,144.63638,0.012436945,0.0009330036,7.5191936,251.96722,1.1,0.0,35.0,0.033835303,0.01,3000.0,0.1,17.657896,5.9917587e-05,0.0,0.0,10.0
59,91,0,55.0,2.9637246,40.419357,-0.03454144,-0.0003444433,11.401694,0.0,1.1,0.0,35.0,0.033835303,0.01,3000.0,0.1,17.658081,5.592975e-05,0.0,0.0,10.0
17,123,0,140.0,3.2228186,180.0,0.008894199,0.00012622372,7.366478,320.79907,1.1,0.0,35.0,0.033835303,0.01,3000.0,0.1,17.65828,5.156212e-05,0.0,0.0,10.0
74,6,0,23.0,2.9608166,49.216583,0.0041313986,-0.001299142,7.451434,177.59404,1.1,0.0,35.0,0.033835303,0.01,3000.0,0.1,17.658081,5.592975e-05,0.0,0.0,10.0
108,79,0,22.0,2.918713,353.7001,-0.0053015254,-0.0020658681,10.962289,0.0,1.1,0.0,35.0,0.033835303,0.01,3000.0,0.1,17.658033,5.6879242e-05,0.0,0.0,10.0
58,53,0,45.0,3.026778,302.1712,0.014379189,0.0004305521,7.4293604,199.58144,1.1,0.0,35.0,0.033835303,0.01,3000.0,0.1,17.658138,5.463845e-05,0.0,0.0,10.0
64,19,0,109.0,2.8795042,206.41798,-0.006862799,0.0016980573,7.479329,280.98248,1.1,0.0,35.0,0.033835303,0.01,3000.0,0.1,17.658003,5.7600842e-05,0.0,0.0,10.0
8,52,0,122.0,2.8684359,116.712685,-0.0059328433,-0.00017321485,7.4831867,320.79907,1.1,0.0,35.0,0.033835303,0.01,3000.0,0.1,17.658003,5.7600842e-05,0.0,0.0,10.0
115,56,0,138.0,3.2662976,78.61901,0.013177557,0.0021018789,7.3530483,540.22565,1.1,0.0,35.0,0.033835303,0.01,3000.0,0.1,17.658325,5.053667e-05,0.0,0.0,10.0
33,75,0,102.0,2.4530802,156.9345,0.009340482,0.0016748768,7.639834,452.8904,1.1,0.0,35.0,0.033835303,0.01,3000.0,0.1,17.65754,6.7665394e-05,0.0,0.0,10.0
77,107,0,146.0,3.1708689,156.17393,0.015433524,0.00037172748,7.3827624,251.96722,1.1,0.0,35.0,0.033835303,0.01,3000.0,0.1,17.658243,5.235969e-05,0.0,0.0,10.0
60,31,0,34.0,2.767151,215.36362,0.0010547237,-0.00067665183,8.6178055,199.58144,1.1,0.0,35.0,0.033835303,0.01,3000.0,0.1,17.657896,5.9917587e-05,0.0,0.0,10.0
39,80,0,28.0,3.238654,174.32576,0.0027880785,-0.00031720134,7.361566,282.4315,0.3,0.0,35.0,0.033835303,0.05,3000.0,0.015,88.291466,5.1296258e-05,0.0,0.0,50.0
82,70,0,24.0,2.6424909,75.87682,-0.001171016,-7.3175333e-06,7.565358,199.58144,1.1,0.0,35.0,0.033835303,0.01,3000.0,0.1,17.657778,6.250019e-05,0.0,0.0,10.0
18,33,0,70.0,2.4530802,203.0655,-0.006664563,0.00022027898,7.639834,251.96722,1.1,0.0,35.0,0.033835303,0.01,3000.0,0.1,17.65754,6.7665394e-05,0.0,0.0,10.0
110,100,0,120.0,3.0353022,148.15994,-0.013406134,-0.0010497113,10.684639,0.0,1.1,0.0,35.0,0.033835303,0.01,3000.0,0.1,17.658138,5.463845e-05,0.0,0.0,10.0
123,34,0,136.0,2.9011178,0.0,0.0049412213,-0.0011054531,7.4718385,480.8468,1.1,0.0,35.0,0.033835303,0.01,3000.0,0.1,17.65802,5.7221052e-05,0.0,0.0,10.0
53,62,0,27.0,3.026778,57.82881,-0.0011412055,-0.0009082026,8.122507,88.79702,1.1,0.0,35.0,0.033835303,0.01,3000.0,0.1,17.658138,5.463845e-05,0.0,0.0,10.0
56,30,0,36.0,2.44224,66.667725,-0.03435746,-0.0006835056,11.281855,0.0,1.1,0.0,35.0,0.033835303,0.01,3000.0,0.1,17.65754,6.7665394e-05,0.0,0.0,10.0
24,42,0,63.0,2.5951934,150.41354,-0.0060749645,-0.0013302672,10.761498,0.0,1.1,0.0,35.0,0.033835303,0.01,3000.0,0.1,17.657711,6.394341e-05,0.0,0.0,10.0
57,52,0,42.0,2.511544,140.37549,0.021685692,-0.00095007266,7.6162515,268.10938,1.1,0.0,35.0,0.033835303,0.01,3000.0,0.1,17.657618,6.595632e-05,0.0,0.0,10.0
43,120,0,55.0,2.5951934,150.41354,-0.017628055,-0.0005569713,11.977894,0.0,1.1,0.0,35.0,0.033835303,0.01,3000.0,0.1,17.657711,6.394341e-05,0.0,0.0,10.0
62,70,0,23.0,2.953647,77.392944,-0.0032079085,0.00047823667,7.4538627,178.7396,1.1,0.0,35.0,0.033835303,0.01,3000.0,0.1,17.658081,5.592975e-05,0.0,0.0,10.0
70,93,0,112.0,3.1803083,135.18419,0.06123119,-0.00018679988,7.3797836,282.4315,1.1,0.0,35.0,0.033835303,0.01,3000.0,0.1,17.658255,5.2093827e-05,0.0,0.0,10.0
31,76,0,92.0,3.2662976,78.61901,0.03756779,-0.000583067,7.3530483,366.25882,1.1,0.0,35.0,0.033835303,0.01,3000.0,0.1,17.658325,5.053667e-05,0.0,0.0,10.0
51,67,0,24.0,3.301684,60.788734,0.00761417,-0.0010316555,8.035397,199.58144,1.1,0.0,35.0,0.033835303,0.01,3000.0,0.1,17.658348,5.0080926e-05,0.0,0.0,10.0
58,115,0,65.0,3.2856984,168.76068,-0.031344958,-0.00014410714,11.83575,0.0,1.1,0.0,35.0,0.033835303,0.01,3000.0,0.1,17.658325,5.053667e-05,0.0,0.0,10.0
73,64,0,54.0,2.5867472,299.90384,0.010988734,-0.00039283483,7.5867085,445.8201,1.1,0.0,35.0,0.033835303,0.01,3000.0,0.1,17.657711,6.394341e-05,0.0,0.0,10.0
71,5,0,34.0,2.7613957,234.2879,0.00085791835,5.1533098e-05,7.521279,280.98248,1.1,0.0,35.0,0.033835303,0.01,3000.0,0.1,17.657896,5.9917587e-05,0.0,0.0,10.0
39,32,0,65.0,2.5951934,209.58646,0.00865416,-0.00023785298,7.5834446,280.98248,1.1,0.0,35.0,0.033835303,0.01,3000.0,0.1,17.657711,6.394341e-05,0.0,0.0,10.0
104,85,0,153.0,3.2183502,264.2528,-0.004108434,0.00010208753,8.061015,520.229,1.1,0.0,35.0,0.033835303,0.01,3000.0,0.1,17.658293,5.129627e-05,0.0,0.0,10.0
111,106,0,115.0,2.7267213,224.81581,-0.008598823,-0.00035547375,7.5339346,357.4792,1.1,0.0,35.0,0.033835303,0.01,3000.0,0.1,17.657856,6.0753144e-05,0.0,0.0,10.0
8,51,0,125.0,2.5828989,97.170494,0.015827244,0.00020164358,7.5881996,251.96722,1.1,0.0,35.0,0.033835303,0.01,3000.0,0.1,17.657711,6.394341e-05,0.0,0.0,10.0
44,120,0,55.0,2.9637246,220.41937,-0.018579433,-0.0005188967,9.529892,89.3698,0.3,0.0,35.0,0.033835303,0.05,3000.0,0.015,88.290405,5.5929737e-05,0.0,0.0,50.0
40,63,0,19.0,2.7389147,249.32256,-0.015971547,-0.0005899739,10.473905,0.0,1.1,0.0,35.0,0.033835303,0.01,3000.0,0.1,17.657875,6.0335366e-05,0.0,0.0,10.0
58,71,0,32.0,2.918713,6.2998843,0.01365068,-0.00060861825,7.465781,178.7396,1.1,0.0,35.0,0.033835303,0.01,3000.0,0.1,17.658033,5.6879242e-05,0.0,0.0,10.0
39,34,0,59.0,3.238654,185.67424,-0.007000323,-9.938792e-06,7.361566,125.98361,1.1,0.0,35.0,0.033835303,0.01,3000.0,0.1,17.658293,5.129627e-05,0.0,0.0,10.0
91,53,0,23.0,2.953647,102.60704,-0.010844754,0.00017634833,8.8401575,445.8201,1.1,0.0,35.0,0.033835303,0.01,3000.0,0.1,17.658081,5.592975e-05,0.0,0.0,10.0
73,9,0,24.0,2.5990233,7.0798163,-0.0075336113,-0.0006665132,11.192885,0.0,1.1,0.0,35.0,0.033835303,0.01,3000.0,0.1,17.657711,6.394341e-05,0.0,0.0,10.0
80,75,0,28.0,3.238654,354.32578,0.014164973,0.00013926036,7.361566,199.58144,1.1,0.0,35.0,0.033835303,0.01,3000.0,0.1,17.658293,5.129627e-05,0.0,0.0,10.0
61,63,0,12.0,2.9011178,0.0,-0.015441318,-9.475313e-05,8.164986,88.79702,1.1,0.0,35.0,0.033835303,0.01,3000.0,0.1,17.65802,5.7221052e-05,0.0,0.0,10.0
110,116,0,36.0,3.157264,245.9005,0.0003725266,-0.00033244563,7.387071,251.96722,1.1,0.0,35.0,0.033835303,0.01,3000.0,0.1,17.658243,5.235969e-05,0.0,0.0,10.0
60,28,0,43.0,2.7521944,200.43523,-0.01934138,-0.00020162812,10.232672,199.58144,1.1,0.0,35.0,0.033835303,0.01,3000.0,0.1,17.657875,6.0335366e-05,0.0,0.0,10.0
62,35,0,26.0,2.7389147,249.32256,0.001332473,-0.0015272164,7.5294657,88.79702,1.1,0.0,35.0,0.033835303,0.01,3000.0,0.1,17.657875,6.0335366e-05,0.0,0.0,10.0
121,95,0,137.0,2.9708698,347.54898,-0.014987823,-7.0246715e-05,9.057476,125.98361,1.1,0.0,35.0,0.033835303,0.01,3000.0,0.1,17.658081,5.592975e-05,0.0,0.0,10.0
98,4,0,20.0,2.7389147,290.67746,-0.0005982531,0.0005600292,7.5294657,198.81299,1.1,0.0,35.0,0.033835303,0.01,3000.0,0.1,17.657875,6.0335366e-05,0.0,0.0,10.0
67,45,0,31.0,3.2022066,270.0,-0.0011334281,0.000591938,7.3729076,251.96722,1.1,0.0,35.0,0.033835303,0.01,3000.0,0.1,17.65828,5.156212e-05,0.0,0.0,10.0
35,33,0,47.0,3.0401576,288.54575,0.0027425722,-0.0008303612,7.424941,125.98361,1.1,0.0,35.0,0.033835303,0.01,3000.0,0.1,17.65815,5.4334618e-05,0.0,0.0,10.0
109,46,0,99.0,2.5990233,352.9202,-0.0012096217,8.513548e-05,7.581968,445.01822,1.1,0.0,35.0,0.033835303,0.01,3000.0,0.1,17.657711,6.394341e-05,0.0,0.0,10.0
94,4,0,18.0,2.44224,113.33227,-0.006306116,-8.0396225e-05,9.946854,199.58144,0.3,0.0,35.0,0.033835303,0.05,3000.0,0.015,88.287704,6.766539e-05,0.0,0.0,50.0
8,82,0,86.0,2.9708698,167.54897,0.0038623281,0.0005250508,7.448038,321.59335,1.1,0.0,35.0,0.033835303,0.01,3000.0,0.1,17.658081,5.592975e-05,0.0,0.0,10.0
81,115,0,131.0,3.2183502,95.74718,0.013380319,-0.0007711033,8.754163,357.4792,1.1,0.0,35.0,0.033835303,0.01,3000.0,0.1,17.658293,5.129627e-05,0.0,0.0,10.0
48,123,0,36.0,3.2662976,101.380974,-0.0024133944,-0.00052028726,9.43249,199.58144,1.1,0.0,35.0,0.033835303,0.01,3000.0,0.1,17.658325,5.053667e-05,0.0,0.0,10.0
12,46,0,63.0,2.9011178,0.0,-0.010500096,-0.0010107001,8.164986,199.58144,1.1,0.0,35.0,0.033835303,0.01,3000.0,0.1,17.65802,5.7221052e-05,0.0,0.0,10.0
11,116,0,110.0,3.026778,302.1712,-0.011304649,-0.00037546238,10.068418,280.98248,1.1,0.0,35.0,0.033835303,0.01,3000.0,0.1,17.658138,5.463845e-05,0.0,0.0,10.0
60,52,0,21.0,3.2096422,52.95311,-0.0078113344,-0.00078708614,10.366316,0.0,1.1,0.0,35.0,0.033835303,0.01,3000.0,0.1,17.65828,5.156212e-05,0.0,0.0,10.0
19,122,0,134.0,3.1708689,23.826057,-0.0030586864,0.000110387686,8.07591,177.59404,1.1,0.0,35.0,0.033835303,0.01,3000.0,0.1,17.658243,5.235969e-05,0.0,0.0,10.0
63,12,0,104.0,2.9708698,167.54897,-0.012751364,-0.00021702203,8.834332,570.81744,1.1,0.0,35.0,0.033835303,0.01,3000.0,0.1,17.658081,5.592975e-05,0.0,0.0,10.0
15,84,0,46.0,2.8684359,116.712685,-0.0147689935,-0.000527465,11.120773,0.0,1.1,0.0,35.0,0.033835303,0.01,3000.0,0.1,17.658003,5.7600842e-05,0.0,0.0,10.0
16,35,0,65.0,3.026778,57.82881,-0.011546316,-0.00061371265,11.142932,0.0,1.1,0.0,35.0,0.033835303,0.01,3000.0,0.1,17.658138,5.463845e-05,0.0,0.0,10.0
23,18,0,41.0,2.8684359,243.28732,-0.003786922,-0.0020650588,10.661241,0.0,1.1,0.0,35.0,0.033835303,0.01,3000.0,0.1,17.658003,5.7600842e-05,0.0,0.0,10.0
109,45,0,96.0,2.6575034,346.0502,0.0075030033,0.0002509191,7.559685,377.95084,1.1,0.0,35.0,0.033835303,0.01,3000.0,0.1,17.657778,6.250019e-05,0.0,0.0,10.0
7,102,0,100.0,3.026778,122.17118,0.00016782431,2.2333328e-05,7.4293604,88.79702,1.1,0.0,35.0,0.033835303,0.01,3000.0,0.1,17.658138,5.463845e-05,0.0,0.0,10.0
79,15,0,51.0,3.1803083,315.1842,0.0008504328,-0.00026997065,7.3797836,320.79907,1.1,0.0,35.0,0.033835303,0.01,3000.0,0.1,17.658255,5.2093827e-05,0.0,0.0,10.0
121,75,0,75.0,2.6575034,166.05019,-0.04513711,-0.0006673991,9.169123,320.79907,1.1,0.0,35.0,0.033835303,0.01,3000.0,0.1,17.657778,6.250019e-05,0.0,0.0,10.0
52,81,0,80.0,2.8795042,206.41798,0.010107033,-0.00048455206,7.479329,536.21875,1.1,0.0,35.0,0.033835303,0.01,3000.0,0.1,17.658003,5.7600842e-05,0.0,0.0,10.0
41,43,0,19.0,3.2096422,127.04688,-0.010220017,-0.0008343298,9.162343,88.79702,1.1,0.0,35.0,0.033835303,0.01,3000.0,0.1,17.65828,5.156212e-05,0.0,0.0,10.0
104,122,0,29.0,3.2096422,52.95311,0.0075412043,-0.0005782874,8.06373,199.58144,1.1,0.0,35.0,0.033835303,0.01,3000.0,0.1,17.65828,5.156212e-05,0.0,0.0,10.0
62,88,0,56.0,2.5867472,60.09617,-0.0058979685,0.00014243822,7.5867085,199.58144,1.1,0.0,35.0,0.033835303,0.01,3000.0,0.1,17.657711,6.394341e-05,0.0,0.0,10.0
100,53,0,30.0,2.5951934,150.41354,-0.019173441,-0.0002654763,7.5834446,357.4792,1.1,0.0,35.0,0.033835303,0.01,3000.0,0.1,17.657711,6.394341e-05,0.0,0.0,10.0
9,6,0,46.0,3.2154133,216.69324,0.011374017,-1.1281556e-05,7.368783,178.7396,1.1,0.0,35.0,0.033835303,0.01,3000.0,0.1,17.65828,5.156212e-05,0.0,0.0,10.0
120,59,0,112.0,2.5990233,172.92018,0.014791344,-0.000106859414,7.581968,320.79907,1.1,0.0,35.0,0.033835303,0.01,3000.0,0.1,17.657711,6.394341e-05,0.0,0.0,10.0
70,0,0,18.0,2.8684359,116.712685,-0.002145922,-0.0005558067,7.4831867,125.98361,1.1,0.0,35.0,0.033835303,0.01,3000.0,0.1,17.658003,5.7600842e-05,0.0,0.0,10.0
50,28,0,90.0,2.7267213,135.18419,0.05688452,0.00038212052,7.5339346,198.81299,1.1,0.0,35.0,0.033835303,0.01,3000.0,0.1,17.657856,6.0753144e-05,0.0,0.0,10.0
35,36,0,42.0,3.238654,354.32578,-0.0112618655,-0.00040023378,9.441008,198.81299,1.1,0.0,35.0,0.033835303,0.01,3000.0,0.1,17.658293,5.129627e-05,0.0,0.0,10.0
78,20,0,98.0,2.9708698,12.451021,0.011892281,7.3973824e-05,7.448038,377.95084,1.1,0.0,35.0,0.033835303,0.01,3000.0,0.1,17.658081,5.592975e-05,0.0,0.0,10.0
69,60,0,24.0,2.9708698,347.54898,-0.007980252,-0.0004684778,8.141186,125.98361,1.1,0.0,35.0,0.033835303,0.01,3000.0,0.1,17.658081,5.592975e-05,0.0,0.0,10.0
106,3,0,16.0,3.2183502,264.2528,-0.013123541,-0.00030247413,11.239069,0.0,1.1,0.0,35.0,0.033835303,0.01,3000.0,0.1,17.658293,5.129627e-05,0.0,0.0,10.0
16,13,0,29.0,3.026778,237.82883,-0.0036921357,-0.00015047821,8.527972,251.96722,1.1,0.0,35.0,0.033835303,0.01,3000.0,0.1,17.658138,5.463845e-05,0.0,0.0,10.0
79,98,0,43.0,2.511544,140.37549,-0.03949054,-0.00028890022,10.324302,178.7396,1.1,0.0,35.0,0.033835303,0.01,3000.0,0.1,17.657618,6.595632e-05,0.0,0.0,10.0
0,110,0,133.0,2.8684359,243.28732,0.0103509175,0.00067312556,7.4831867,251.96722,1.1,0.0,35.0,0.033835303,0.01,3000.0,0.1,17.658003,5.7600842e-05,0.0,0.0,10.0
60,10,0,117.0,3.9602306,75.87682,0.00288043,0.00014708315,7.159893,445.8201,1.1,0.0,35.0,0.033835303,0.01,3000.0,0.1,17.658733,4.164949e-05,0.0,0.0,10.0
49,36,0,60.0,3.4674447,21.674671,-0.0042827255,0.00017476163,7.29315,177.59404,1.1,0.0,35.0,0.033835303,0.01,3000.0,0.1,17.658451,4.784013e-05,0.0,0.0,10.0
49,58,0,53.0,4.015902,241.2344,0.005228424,0.00025665015,7.1458883,282.4315,1.1,0.0,35.0,0.033835303,0.01,3000.0,0.1,17.658756,4.115576e-05,0.0,0.0,10.0
8,54,0,125.0,3.8408902,90.0,0.0051948787,-0.0007150833,7.190586,443.9851,1.1,0.0,35.0,0.033835303,0.01,3000.0,0.1,17.658674,4.2978772e-05,0.0,0.0,10.0
78,97,0,47.0,3.7679365,199.8651,-0.00076436566,-0.0020557207,8.596113,125.98361,1.1,0.0,35.0,0.033835303,0.01,3000.0,0.1,17.658625,4.40422e-05,0.0,0.0,10.0
88,14,0,34.0,3.7494667,110.10171,-0.004844913,-0.0005298747,9.006507,321.59335,1.1,0.0,35.0,0.033835303,0.01,3000.0,0.1,17.658625,4.40422e-05,0.0,0.0,10.0
43,50,0,42.0,3.4130464,131.36856,-0.006708875,0.0003955707,8.407613,377.95084,1.1,0.0,35.0,0.033835303,0.01,3000.0,0.1,17.65842,4.8485796e-05,0.0,0.0,10.0
60,81,0,81.0,3.6645854,37.696594,-0.0010577306,0.0017003184,7.2377095,199.58144,1.1,0.0,35.0,0.033835303,0.01,3000.0,0.1,17.65857,4.5219556e-05,0.0,0.0,10.0
79,20,0,96.0,3.6515684,105.348885,0.0020962253,0.0007740795,7.2412777,320.79907,1.1,0.0,35.0,0.033835303,0.01,3000.0,0.1,17.65857,4.5219556e-05,0.0,0.0,10.0
55,81,0,69.0,3.7679365,160.1349,-0.01543325,-0.00052003877,9.694726,478.61322,1.1,0.0,35.0,0.033835303,0.01,3000.0,0.1,17.658625,4.40422e-05,0.0,0.0,10.0
79,62,0,22.0,3.6588058,308.05365,-0.017262323,-9.191929e-05,7.9324393,199.58144,1.1,0.0,35.0,0.033835303,0.01,3000.0,0.1,17.65857,4.5219556e-05,0.0,0.0,10.0
48,45,0,59.0,3.5838623,296.7127,0.03302194,-0.00045461368,7.260043,280.98248,1.1,0.0,35.0,0.033835303,0.01,3000.0,0.1,17.658527,4.613106e-05,0.0,0.0,10.0
14,5,0,30.0,3.87166,114.583015,0.0050748354,-0.0014271402,7.182583,445.01822,1.1,0.0,35.0,0.033835303,0.01,3000.0,0.1,17.658686,4.2674936e-05,0.0,0.0,10.0
36,31,0,53.0,3.7393556,238.87349,-0.00044080775,-0.00031630835,8.316068,178.7396,1.1,0.0,35.0,0.033835303,0.01,3000.0,0.1,17.658619,4.4156135e-05,0.0,0.0,10.0
20,47,0,82.0,4.015902,118.76559,0.012788557,0.0005456747,7.1458883,199.58144,1.1,0.0,35.0,0.033835303,0.01,3000.0,0.1,17.658756,4.115576e-05,0.0,0.0,10.0
38,60,0,39.0,4.08623,135.18419,-0.034174815,0.00057566946,7.1284695,280.98248,1.1,0.0,35.0,0.033835303,0.01,3000.0,0.1,17.658785,4.051011e-05,0.0,0.0,10.0
47,18,0,114.0,3.6717968,344.83813,-0.0033046922,-0.00016696459,7.2357383,368.3426,1.1,0.0,35.0,0.033835303,0.01,3000.0,0.1,17.65857,4.5219556e-05,0.0,0.0,10.0
72,98,0,123.0,3.5976782,26.417978,-0.00039929055,0.00058827247,8.354797,321.59335,1.1,0.0,35.0,0.033835303,0.01,3000.0,0.1,17.658527,4.613106e-05,0.0,0.0,10.0
88,86,0,42.0,3.4674447,338.32532,-0.016078064,0.0006539463,7.29315,368.3426,1.1,0.0,35.0,0.033835303,0.01,3000.0,0.1,17.658451,4.784013e-05,0.0,0.0,10.0
62,34,0,26.0,3.7494667,249.89828,-0.0064352,-0.0012951245,11.373631,0.0,1.1,0.0,35.0,0.033835303,0.01,3000.0,0.1,17.658625,4.40422e-05,0.0,0.0,10.0
4,19,0,26.0,3.579984,79.63012,-0.003918824,-0.00047801368,9.34057,125.98361,1.1,0.0,35.0,0.033835303,0.01,3000.0,0.1,17.658527,4.613106e-05,0.0,0.0,10.0
35,77,0,63.0,3.451377,68.07126,-0.015670866,-3.3935245e-05,8.907244,366.25882,1.1,0.0,35.0,0.033835303,0.01,3000.0,0.1,17.658451,4.784013e-05,0.0,0.0,10.0
20,57,0,30.0,3.4130464,228.63144,-0.0009965074,-0.003451752,10.946587,0.0,1.1,0.0,35.0,0.033835303,0.01,3000.0,0.1,17.65842,4.8485796e-05,0.0,0.0,10.0
92,12,0,20.0,3.4785457,213.52026,0.0013918253,-0.0006496851,7.983093,89.3698,1.1,0.0,35.0,0.033835303,0.01,3000.0,0.1,17.65846,4.7650243e-05,0.0,0.0,10.0
59,42,0,27.0,3.8651228,48.18346,-0.0011134667,-0.00036453895,7.1842775,125.98361,1.1,0.0,35.0,0.033835303,0.01,3000.0,0.1,17.65868,4.2826858e-05,0.0,0.0,10.0
38,37,0,43.0,3.362631,196.59813,-0.0017711003,-0.0007133576,7.323917,89.3698,1.1,0.0,35.0,0.033835303,0.01,3000.0,0.1,17.65838,4.9397288e-05,0.0,0.0,10.0
37,1,0,126.0,3.923678,325.18085,0.0015347967,0.00029590752,7.169195,536.21875,1.1,0.0,35.0,0.033835303,0.01,3000.0,0.1,17.658705,4.225716e-05,0.0,0.0,10.0
49,95,0,74.0,3.878778,355.26675,-0.006565699,-0.0006236803,7.8738875,88.79702,1.1,0.0,35.0,0.033835303,0.01,3000.0,0.1,17.65868,4.2826858e-05,0.0,0.0,10.0
103,4,0,14.0,3.3128934,331.10153,-0.00046562453,-0.00069837,8.032,199.58144,1.1,0.0,35.0,0.033835303,0.01,3000.0,0.1,17.658348,5.0080926e-05,0.0,0.0,10.0
54,53,0,22.0,3.7679365,199.8651,0.0004655694,-0.0008139622,9.91787,88.79702,1.1,0.0,35.0,0.033835303,0.01,3000.0,0.1,17.658625,4.40422e-05,0.0,0.0,10.0
71,116,0,129.0,3.3128934,331.10153,-0.031155882,-0.00080222584,10.77284,0.0,1.1,0.0,35.0,0.033835303,0.01,3000.0,0.1,17.658348,5.0080926e-05,0.0,0.0,10.0
86,3,0,48.0,4.08623,315.1842,0.021827785,4.314057e-05,7.1284695,268.10938,1.1,0.0,35.0,0.033835303,0.01,3000.0,0.1,17.658785,4.051011e-05,0.0,0.0,10.0
94,116,0,134.0,3.6645854,142.3034,-0.0007744091,0.0006496339,7.2377095,443.9851,1.1,0.0,35.0,0.033835303,0.01,3000.0,0.1,17.65857,4.5219556e-05,0.0,0.0,10.0
19,121,0,126.0,3.8655906,0.0,-0.015286904,-0.00034639248,8.793594,88.79702,1.1,0.0,35.0,0.033835303,0.01,3000.0,0.1,17.658674,4.2978772e-05,0.0,0.0,10.0
26,101,0,71.0,3.3446705,253.1991,-0.012176354,-0.0028319508,10.795021,0.0,1.1,0.0,35.0,0.033835303,0.01,3000.0,0.1,17.65838,4.9397288e-05,0.0,0.0,10.0
111,100,0,120.0,3.8651228,228.18347,-0.010343013,-0.00084134523,9.26372,89.3698,1.1,0.0,35.0,0.033835303,0.01,3000.0,0.1,17.65868,4.2826858e-05,0.0,0.0,10.0
107,21,0,41.0,3.5976782,26.417978,0.008085627,0.0010932357,7.2561855,377.95084,1.1,0.0,35.0,0.033835303,0.01,3000.0,0.1,17.658527,4.613106e-05,0.0,0.0,10.0
82,4,0,16.0,3.451377,68.07126,-0.003619138,-0.0006873232,11.358249,0.0,1.1,0.0,35.0,0.033835303,0.01,3000.0,0.1,17.658451,4.784013e-05,0.0,0.0,10.0
47,62,0,25.0,3.6588058,128.05365,-0.0009071446,-0.00053424196,7.9324393,280.98248,1.1,0.0,35.0,0.033835303,0.01,3000.0,0.1,17.65857,4.5219556e-05,0.0,0.0,10.0
55,47,0,72.0,3.7494667,110.10171,0.006868915,0.0006428619,7.214747,621.57916,1.1,0.0,35.0,0.033835303,0.01,3000.0,0.1,17.658625,4.40422e-05,0.0,0.0,10.0
43,59,0,69.0,3.6645854,37.696594,0.008612944,0.00070820376,7.2377095,321.59335,1.1,0.0,35.0,0.033835303,0.01,3000.0,0.1,17.65857,4.5219556e-05,0.0,0.0,10.0
10,56,0,118.0,3.4674447,201.67468,0.0028194606,-4.457763e-05,7.29315,320.79907,1.1,0.0,35.0,0.033835303,0.01,3000.0,0.1,17.658451,4.784013e-05,0.0,0.0,10.0
58,42,0,27.0,3.3128934,28.898474,-0.001407106,-0.0007056272,8.725147,199.58144,1.1,0.0,35.0,0.033835303,0.01,3000.0,0.1,17.658348,5.0080926e-05,0.0,0.0,10.0
33,33,0,53.0,3.8680282,138.54932,0.0027613249,-0.000152328,7.183524,125.98361,1.1,0.0,35.0,0.033835303,0.01,3000.0,0.1,17.65868,4.2826858e-05,0.0,0.0,10.0
71,86,0,44.0,3.5587087,5.1613173,-0.008684952,-0.000558243,10.763613,0.0,1.1,0.0,35.0,0.033835303,0.01,3000.0,0.1,17.658504,4.666277e-05,0.0,0.0,10.0
50,3,0,42.0,3.6645854,37.696594,-0.0068223584,-0.0010613945,7.9308567,88.79702,1.1,0.0,35.0,0.033835303,0.01,3000.0,0.1,17.65857,4.5219556e-05,0.0,0.0,10.0
40,101,0,143.0,3.6515684,105.348885,0.00079037994,-1.9023375e-05,9.033037,268.10938,1.1,0.0,35.0,0.033835303,0.01,3000.0,0.1,17.65857,4.5219556e-05,0.0,0.0,10.0
58,34,0,67.0,3.878778,184.73326,0.016051255,0.0009187585,7.1807404,321.59335,1.1,0.0,35.0,0.033835303,0.01,3000.0,0.1,17.65868,4.2826858e-05,0.0,0.0,10.0
39,7,0,110.0,3.918072,170.59723,0.016408818,0.00025484952,7.1706295,368.3426,1.1,0.0,35.0,0.033835303,0.01,3000.0,0.1,17.658699,4.2371095e-05,0.0,0.0,10.0
19,56,0,31.0,3.4699752,236.13971,-0.00092143816,-0.0031696751,10.550515,0.0,1.1,0.0,35.0,0.033835303,0.01,3000.0,0.1,17.65846,4.7650243e-05,0.0,0.0,10.0
22,92,0,43.0,3.451377,248.07127,-0.016648034,-0.0020554587,9.600391,88.79702,1.1,0.0,35.0,0.033835303,0.01,3000.0,0.1,17.658451,4.784013e-05,0.0,0.0,10.0
40,95,0,92.0,3.923678,325.18085,0.0063083554,-0.00024355805,7.169195,251.96722,1.1,0.0,35.0,0.033835303,0.01,3000.0,0.1,17.658705,4.225716e-05,0.0,0.0,10.0
72,16,0,59.0,3.5838623,63.287308,-0.019691985,-6.339563e-05,10.093257,89.3698,1.1,0.0,35.0,0.033835303,0.01,3000.0,0.1,17.658527,4.613106e-05,0.0,0.0,10.0
24,24,0,73.0,3.3446705,73.19909,-0.0019689002,0.00032884127,7.3292847,268.10938,1.1,0.0,35.0,0.033835303,0.01,3000.0,0.1,17.65838,4.9397288e-05,0.0,0.0,10.0
91,15,0,28.0,3.3128934,151.10152,0.0024918565,0.0007685339,7.3388524,177.59404,1.1,0.0,35.0,0.033835303,0.01,3000.0,0.1,17.658348,5.0080926e-05,0.0,0.0,10.0
48,0,0,42.0,3.6334965,44.815804,0.0022323874,-0.00073365786,9.325694,251.96722,1.1,0.0,35.0,0.033835303,0.01,3000.0,0.1,17.658554,4.5561374e-05,0.0,0.0,10.0
65,98,0,116.0,3.87166,294.583,-0.025825627,-0.00019397815,7.87573,397.62598,1.1,0.0,35.0,0.033835303,0.01,3000.0,0.1,17.658686,4.2674936e-05,0.0,0.0,10.0
6,48,0,117.0,3.5363305,84.77225,-0.0059289015,-1.3186907e-05,7.9665766,368.3426,1.1,0.0,35.0,0.033835303,0.01,3000.0,0.1,17.658504,4.666277e-05,0.0,0.0,10.0
19,28,0,80.0,3.6645854,142.3034,0.017206999,-0.00056362245,7.2377095,321.59335,1.1,0.0,35.0,0.033835303,0.01,3000.0,0.1,17.65857,4.5219556e-05,0.0,0.0,10.0
22,10,0,31.0,3.6015377,190.24022,0.002312407,-0.00074716465,7.2551107,125.98361,1.1,0.0,35.0,0.033835303,0.01,3000.0,0.1,17.658527,4.613106e-05,0.0,0.0,10.0
118,78,0,29.0,3.6015377,169.75978,-0.006009871,-0.0011344443,7.2551107,89.3698,1.1,0.0,35.0,0.033835303,0.01,3000.0,0.1,17.658527,4.613106e-05,0.0,0.0,10.0
40,62,0,26.0,3.7679365,199.8651,-0.010409279,-0.00063067395,9.848877,88.79702,1.1,0.0,35.0,0.033835303,0.01,3000.0,0.1,17.658625,4.40422e-05,0.0,0.0,10.0
76,23,0,109.0,3.8651228,131.81653,0.009989021,8.226771e-05,7.1842775,355.18808,1.1,0.0,35.0,0.033835303,0.01,3000.0,0.1,17.65868,4.2826858e-05,0.0,0.0,10.0
102,8,0,24.0,3.4130464,311.36856,0.0010713616,2.9042323e-05,8.002148,125.98361,1.1,0.0,35.0,0.033835303,0.01,3000.0,0.1,17.65842,4.8485796e-05,0.0,0.0,10.0
61,112,0,125.0,3.894387,260.47775,-0.0042154924,0.00050016434,9.661618,320.79907,1.1,0.0,35.0,0.033835303,0.01,3000.0,0.1,17.658699,4.2371095e-05,0.0,0.0,10.0
42,79,0,18.0,3.878778,184.73326,-0.010055517,-0.0012344598,10.646476,0.0,0.3,0.0,35.0,0.033835303,0.05,3000.0,0.015,88.2934,4.282685e-05,0.0,0.0,50.0
11,36,0,90.0,4.071409,341.6753,-0.0016731825,-5.659853e-06,7.8252625,125.98361,1.1,0.0,35.0,0.033835303,0.01,3000.0,0.1,17.658773,4.077597e-05,0.0,0.0,10.0
5,47,0,123.0,3.451377,111.92873,-0.00734685,0.00062344514,7.990953,368.3426,1.1,0.0,35.0,0.033835303,0.01,3000.0,0.1,17.658451,4.784013e-05,0.0,0.0,10.0
99,31,0,27.0,3.5363305,84.77225,-0.012362392,-0.0003696448,10.769937,0.0,1.1,0.0,35.0,0.033835303,0.01,3000.0,0.1,17.658504,4.666277e-05,0.0,0.0,10.0
29,21,0,86.0,3.87166,114.583015,0.016409164,0.00092780165,7.182583,282.4315,1.1,0.0,35.0,0.033835303,0.01,3000.0,0.1,17.658686,4.2674936e-05,0.0,0.0,10.0
50,14,0,121.0,3.6717968,15.161861,0.009711288,0.0013246653,7.2357383,280.98248,1.1,0.0,35.0,0.033835303,0.01,3000.0,0.1,17.65857,4.5219556e-05,0.0,0.0,10.0
10,76,0,57.0,3.6645854,37.696594,0.0015752615,-0.00025823512,10.456586,0.0,1.1,0.0,35.0,0.033835303,0.01,3000.0,0.1,17.65857,4.5219556e-05,0.0,0.0,10.0
1,29,0,109.0,3.87166,245.41699,0.0042103524,0.0012503372,7.182583,564.863,1.1,0.0,35.0,0.033835303,0.01,3000.0,0.1,17.658686,4.2674936e-05,0.0,0.0,10.0
10,25,0,34.0,3.923678,214.81915,-0.004020001,-0.0008543929,8.267808,88.79702,1.1,0.0,35.0,0.033835303,0.01,3000.0,0.1,17.658705,4.225716e-05,0.0,0.0,10.0
109,74,0,141.0,3.6588058,128.05365,0.02957141,0.00029254798,7.239292,445.01822,1.1,0.0,35.0,0.033835303,0.01,3000.0,0.1,17.65857,4.5219556e-05,0.0,0.0,10.0
24,49,0,47.0,3.5363305,275.22775,-0.010478597,-0.001105835,7.9665766,88.79702,1.1,0.0,35.0,0.033835303,0.01,3000.0,0.1,17.658504,4.666277e-05,0.0,0.0,10.0
92,11,0,31.0,3.7506542,210.8015,-0.0028041333,0.0009657895,7.21443,125.98361,1.1,0.0,35.0,0.033835303,0.01,3000.0,0.1,17.658619,4.4156135e-05,0.0,0.0,10.0
37,10,0,75.0,3.362631,343.4019,-0.022192579,-0.000580816,9.888866,251.96722,1.1,0.0,35.0,0.033835303,0.01,3000.0,0.1,17.65838,4.9397288e-05,0.0,0.0,10.0
79,76,0,26.0,3.8680282,221.45068,0.0050988193,0.00019132599,7.183524,320.79907,1.1,0.0,35.0,0.033835303,0.01,3000.0,0.1,17.65868,4.2826858e-05,0.0,0.0,10.0
11,85,0,72.0,3.451377,68.07126,0.0031667459,0.0004977508,7.297806,198.81299,1.1,0.0,35.0,0.033835303,0.01,3000.0,0.1,17.658451,4.784013e-05,0.0,0.0,10.0
58,52,0,40.0,3.6334965,44.815804,-0.0064491183,0.0007165805,7.2462525,178.7396,1.1,0.0,35.0,0.033835303,0.01,3000.0,0.1,17.658554,4.5561374e-05,0.0,0.0,10.0
39,29,0,88.0,3.7679365,160.1349,0.021635039,0.0005516362,7.2098193,251.96722,1.1,0.0,35.0,0.033835303,0.01,3000.0,0.1,17.658625,4.40422e-05,0.0,0.0,10.0
74,102,0,147.0,3.362631,16.598124,-0.0003082303,-0.00029620028,8.422529,377.95084,1.1,0.0,35.0,0.033835303,0.01,3000.0,0.1,17.65838,4.9397288e-05,0.0,0.0,10.0
15,41,0,89.0,3.3128934,331.10153,-0.012955607,-0.00062900124,8.948291,280.98248,1.1,0.0,35.0,0.033835303,0.01,3000.0,0.1,17.658348,5.0080926e-05,0.0,0.0,10.0
17,17,0,33.0,3.6588058,51.946346,-0.007431758,-0.0015934178,9.637188,89.3698,1.1,0.0,35.0,0.033835303,0.01,3000.0,0.1,17.65857,4.5219556e-05,0.0,0.0,10.0
98,83,0,141.0,3.579984,259.63013,-0.006184203,0.00025936952,7.261129,445.01822,1.1,0.0,35.0,0.033835303,0.01,3000.0,0.1,17.658527,4.613106e-05,0.0,0.0,10.0
70,60,0,26.0,4.071409,341.6753,-0.0022455873,-0.00025003255,8.923875,199.58144,0.3,0.0,35.0,0.033835303,0.05,3000.0,0.015,88.29388,4.077596e-05,0.0,0.0,50.0
65,99,0,118.0,4.05059,71.45425,0.0068415245,-0.001565387,7.137259,366.25882,1.1,0.0,35.0,0.033835303,0.01,3000.0,0.1,17.658773,4.077597e-05,0.0,0.0,10.0
0,105,0,91.0,3.4785457,33.520252,0.006998893,-0.0015849132,7.2899456,89.3698,1.1,0.0,35.0,0.033835303,0.01,3000.0,0.1,17.65846,4.7650243e-05,0.0,0.0,10.0
43,121,0,56.0,3.7679365,19.865082,-0.01136821,-0.0004782564,10.345313,0.0,1.1,0.0,35.0,0.033835303,0.01,3000.0,0.1,17.658625,4.40422e-05,0.0,0.0,10.0
27,65,0,22.0,3.918072,189.40277,-0.009724202,-0.0013403703,9.11654,125.98361,1.1,0.0,35.0,0.033835303,0.01,3000.0,0.1,17.658699,4.2371095e-05,0.0,0.0,10.0
51,110,0,115.0,4.071409,341.6753,0.024701461,0.0004775196,7.1321154,198.81299,1.1,0.0,35.0,0.033835303,0.01,3000.0,0.1,17.658773,4.077597e-05,0.0,0.0,10.0
45,9,0,64.0,3.362631,343.4019,-0.0007534517,-0.0010874632,9.721812,178.7396,1.1,0.0,35.0,0.033835303,0.01,3000.0,0.1,17.65838,4.9397288e-05,0.0,0.0,10.0
36,9,0,72.0,3.6015377,349.7598,-0.012760031,-0.0008034249,10.027699,125.98361,1.1,0.0,35.0,0.033835303,0.01,3000.0,0.1,17.658527,4.613106e-05,0.0,0.0,10.0
111,21,0,38.0,3.579984,280.36987,-0.0037324051,-0.00054620643,7.261129,320.79907,1.1,0.0,35.0,0.033835303,0.01,3000.0,0.1,17.658527,4.613106e-05,0.0,0.0,10.0
6,121,0,135.0,3.5838623,116.712685,-0.024337273,-0.0001831166,9.562629,268.10938,1.1,0.0,35.0,0.033835303,0.01,3000.0,0.1,17.658527,4.613106e-05,0.0,0.0,10.0
52,70,0,16.0,3.5976782,26.417978,-0.015173029,-0.00058922725,9.895243,125.98361,0.3,0.0,35.0,0.033835303,0.05,3000.0,0.015,88.29264,4.6131052e-05,0.0,0.0,50.0
36,97,0,93.0,3.7679365,340.13492,-0.032047793,-0.0005548808,10.387873,0.0,1.1,0.0,35.0,0.033835303,0.01,3000.0,0.1,17.658625,4.40422e-05,0.0,0.0,10.0
71,91,0,76.0,3.8655906,0.0,-0.011580989,-0.0008187459,8.282769,251.96722,1.1,0.0,35.0,0.033835303,0.01,3000.0,0.1,17.658674,4.2978772e-05,0.0,0.0,10.0
53,87,0,49.0,3.6645854,142.3034,-0.008790491,-0.0006641822,9.317151,198.81299,1.1,0.0,35.0,0.033835303,0.01,3000.0,0.1,17.65857,4.5219556e-05,0.0,0.0,10.0
79,14,0,51.0,3.923678,325.18085,0.0010211477,0.0003377293,7.169195,251.96722,1.1,0.0,35.0,0.033835303,0.01,3000.0,0.1,17.658705,4.225716e-05,0.0,0.0,10.0
9,116,0,108.0,3.6515684,285.3489,-0.00054219307,-8.924623e-05,7.2412777,198.81299,1.1,0.0,35.0,0.033835303,0.01,3000.0,0.1,17.65857,4.5219556e-05,0.0,0.0,10.0
47,33,0,57.0,3.544316,180.0,-0.005053522,-0.00069354003,7.2711678,125.98361,1.1,0.0,35.0,0.033835303,0.01,3000.0,0.1,17.658497,4.685267e-05,0.0,0.0,10.0
55,58,0,22.0,3.4785457,33.520252,-0.0076351557,0.00030712306,7.983093,177.59404,1.1,0.0,35.0,0.033835303,0.01,3000.0,0.1,17.65846,4.7650243e-05,0.0,0.0,10.0
66,60,0,22.0,3.4130464,311.36856,0.008959202,-0.0010025349,8.002148,199.58144,0.3,0.0,35.0,0.033835303,0.05,3000.0,0.015,88.29211,4.848578e-05,0.0,0.0,50.0
49,72,0,22.0,3.4785457,326.47974,-0.0011929949,-0.0035354383,9.854896,321.59335,0.3,0.0,35.0,0.033835303,0.05,3000.0,0.015,88.292305,4.7650236e-05,0.0,0.0,50.0
55,20,0,107.0,3.9602306,104.12316,-0.00078067783,-0.00041652258,8.258506,445.01822,1.1,0.0,35.0,0.033835303,0.01,3000.0,0.1,17.658733,4.164949e-05,0.0,0.0,10.0
112,107,0,119.0,3.8655906,0.0,0.0074118315,-0.0009761971,7.1841564,357.4792,1.1,0.0,35.0,0.033835303,0.01,3000.0,0.1,17.658674,4.2978772e-05,0.0,0.0,10.0
104,52,0,16.0,3.7679365,199.8651,-0.01120144,-0.0008922412,8.596113,88.79702,1.1,0.0,35.0,0.033835303,0.01,3000.0,0.1,17.658625,4.40422e-05,0.0,0.0,10.0
10,55,0,119.0,3.7679365,199.8651,-0.0037106506,-6.738557e-05,7.9029665,397.62598,1.1,0.0,35.0,0.033835303,0.01,3000.0,0.1,17.658625,4.40422e-05,0.0,0.0,10.0
7,104,0,97.0,3.6334965,44.815804,2.2198599e-10,-3.6240529e-06,7.2462525,178.7396,1.1,0.0,35.0,0.033835303,0.01,3000.0,0.1,17.658554,4.5561374e-05,0.0,0.0,10.0
100,85,0,139.0,3.894387,80.47775,-0.0068580396,-0.00016409563,7.869859,480.8468,1.1,0.0,35.0,0.033835303,0.01,3000.0,0.1,17.658699,4.2371095e-05,0.0,0.0,10.0
10,45,0,61.0,3.5363305,95.227745,-0.02534711,-0.0009512387,11.492937,0.0,1.1,0.0,35.0,0.033835303,0.01,3000.0,0.1,17.658504,4.666277e-05,0.0,0.0,10.0
31,40,0,64.0,3.6645854,217.6966,0.0007101902,-0.00054577563,7.9308567,368.3426,1.1,0.0,35.0,0.033835303,0.01,3000.0,0.1,17.65857,4.5219556e-05,0.0,0.0,10.0
36,90,0,96.0,4.05059,71.45425,0.01506924,0.00023069329,7.137259,198.81299,1.1,0.0,35.0,0.033835303,0.01,3000.0,0.1,17.658773,4.077597e-05,0.0,0.0,10.0
112,123,0,28.0,3.9826894,13.949808,0.004340361,-0.00027375726,7.15422,178.7396,1.1,0.0,35.0,0.033835303,0.01,3000.0,0.1,17.658733,4.164949e-05,0.0,0.0,10.0
12,32,0,84.0,3.7506542,329.19852,0.02148896,0.0006961221,7.21443,178.7396,1.1,0.0,35.0,0.033835303,0.01,3000.0,0.1,17.658619,4.4156135e-05,0.0,0.0,10.0
81,106,0,133.0,3.915079,125.165276,0.023211613,-0.00029180906,7.1713963,455.58633,1.1,0.0,35.0,0.033835303,0.01,3000.0,0.1,17.658705,4.225716e-05,0.0,0.0,10.0
45,8,0,63.0,3.4785457,146.47974,0.0016701922,-0.0016072117,8.67624,199.58144,1.1,0.0,35.0,0.033835303,0.01,3000.0,0.1,17.65846,4.7650243e-05,0.0,0.0,10.0
72,66,0,49.0,3.6717968,164.83812,0.0036126296,0.0002729673,8.334351,366.25882,1.1,0.0,35.0,0.033835303,0.01,3000.0,0.1,17.65857,4.5219556e-05,0.0,0.0,10.0
11,64,0,87.0,3.915079,125.165276,0.00095360464,0.00030818215,7.1713963,377.95084,1.1,0.0,35.0,0.033835303,0.01,3000.0,0.1,17.658705,4.225716e-05,0.0,0.0,10.0
113,65,0,55.0,3.3446705,73.19909,0.012419981,0.0004045863,7.3292847,251.96722,1.1,0.0,35.0,0.033835303,0.01,3000.0,0.1,17.65838,4.9397288e-05,0.0,0.0,10.0
18,10,0,29.0,3.5976782,206.41798,0.0031943212,-0.0004550288,7.2561855,88.79702,1.1,0.0,35.0,0.033835303,0.01,3000.0,0.1,17.658527,4.613106e-05,0.0,0.0,10.0
71,61,0,27.0,4.0298605,28.45586,0.001092721,-0.00073771755,8.751845,321.59335,1.1,0.0,35.0,0.033835303,0.01,3000.0,0.1,17.658756,4.115576e-05,0.0,0.0,10.0
44,11,0,77.0,4.071409,341.6753,-0.0019373698,1.5415088e-05,7.8252625,89.3698,1.1,0.0,35.0,0.033835303,0.01,3000.0,0.1,17.658773,4.077597e-05,0.0,0.0,10.0
10,102,0,97.0,3.4785457,326.47974,-0.0012327593,-0.0004837736,7.983093,89.3698,1.1,0.0,35.0,0.033835303,0.01,3000.0,0.1,17.65846,4.7650243e-05,0.0,0.0,10.0
28,78,0,108.0,3.8880134,155.69452,0.017406868,0.0023962196,7.1783547,399.16287,1.1,0.0,35.0,0.033835303,0.01,3000.0,0.1,17.658686,4.2674936e-05,0.0,0.0,10.0
85,0,0,27.0,4.071409,341.6753,0.006956917,6.851837e-05,7.1321154,320.79907,1.1,0.0,35.0,0.033835303,0.01,3000.0,0.1,17.658773,4.077597e-05,0.0,0.0,10.0
36,61,0,66.0,3.6515684,74.6511,0.011932064,0.0015283226,7.2412777,320.79907,1.1,0.0,35.0,0.033835303,0.01,3000.0,0.1,17.65857,4.5219556e-05,0.0,0.0,10.0
103,0,0,33.0,3.6334965,224.81581,0.0047128173,0.0004181202,7.2462525,320.79907,1.1,0.0,35.0,0.033835303,0.01,3000.0,0.1,17.658554,4.5561374e-05,0.0,0.0,10.0
3,11,0,32.0,3.87166,65.41698,0.003755698,-0.00015595497,7.182583,199.58144,1.1,0.0,35.0,0.033835303,0.01,3000.0,0.1,17.658686,4.2674936e-05,0.0,0.0,10.0
32,15,0,71.0,3.6588058,51.946346,0.0009185322,-0.0003040362,7.9324393,266.39105,1.1,0.0,35.0,0.033835303,0.01,3000.0,0.1,17.65857,4.5219556e-05,0.0,0.0,10.0
53,82,0,81.0,3.878778,175.26674,0.006186785,4.929922e-05,7.1807404,503.93445,1.1,0.0,35.0,0.033835303,0.01,3000.0,0.1,17.65868,4.2826858e-05,0.0,0.0,10.0
61,44,0,19.0,3.579984,100.36987,-0.0142852655,-0.00024018965,8.359741,199.58144,1.1,0.0,35.0,0.033835303,0.01,3000.0,0.1,17.658527,4.613106e-05,0.0,0.0,10.0
11,17,0,50.0,3.9826894,13.949808,-0.0097922785,-0.00029049802,7.15422,520.229,1.1,0.0,35.0,0.033835303,0.01,3000.0,0.1,17.658733,4.164949e-05,0.0,0.0,10.0
86,39,0,15.0,3.4130464,48.631428,-0.0011649302,-0.0026581534,10.527877,0.0,1.1,0.0,35.0,0.033835303,0.01,3000.0,0.1,17.65842,4.8485796e-05,0.0,0.0,10.0
110,101,0,122.0,3.5976782,26.417978,-0.0064884666,-0.00072470715,8.354797,88.79702,1.1,0.0,35.0,0.033835303,0.01,3000.0,0.1,17.658527,4.613106e-05,0.0,0.0,10.0
55,70,0,22.0,4.015902,241.2344,0.004313523,-0.00096114294,7.8390355,199.58144,1.1,0.0,35.0,0.033835303,0.01,3000.0,0.1,17.658756,4.115576e-05,0.0,0.0,10.0
6,14,0,29.0,3.8543348,274.79422,0.0003602275,-0.00030390706,8.285693,198.81299,1.1,0.0,35.0,0.033835303,0.01,3000.0,0.1,17.65868,4.2826858e-05,0.0,0.0,10.0
96,81,0,146.0,3.4159539,221.00345,0.0055530993,0.0012358858,7.308147,445.8201,1.1,0.0,35.0,0.033835303,0.01,3000.0,0.1,17.65842,4.8485796e-05,0.0,0.0,10.0
49,56,0,61.0,3.5216577,90.0,0.013910254,0.00096484507,7.2775974,251.96722,1.1,0.0,35.0,0.033835303,0.01,3000.0,0.1,17.658497,4.685267e-05,0.0,0.0,10.0
7,8,0,26.0,3.9826894,346.0502,-0.0067222663,-0.0009800803,9.10013,88.79702,1.1,0.0,35.0,0.033835303,0.01,3000.0,0.1,17.658733,4.164949e-05,0.0,0.0,10.0
29,84,0,22.0,3.4785457,33.520252,-0.006998893,-0.00032720988,11.27893,0.0,1.1,0.0,35.0,0.033835303,0.01,3000.0,0.1,17.65846,4.7650243e-05,0.0,0.0,10.0
50,8,0,62.0,3.6588058,51.946346,-0.014559865,4.863413e-05,10.330335,0.0,1.1,0.0,35.0,0.033835303,0.01,3000.0,0.1,17.65857,4.5219556e-05,0.0,0.0,10.0
87,12,0,54.0,3.8543348,85.20577,0.011673318,0.0005960391,7.1870813,357.4792,1.1,0.0,35.0,0.033835303,0.01,3000.0,0.1,17.65868,4.2826858e-05,0.0,0.0,10.0
31,60,0,45.0,3.362631,163.40187,-0.02255952,-2.7978249e-05,8.422529,320.79907,1.1,0.0,35.0,0.033835303,0.01,3000.0,0.1,17.65838,4.9397288e-05,0.0,0.0,10.0
108,23,0,45.0,3.6515684,285.3489,0.016124515,-5.2713905e-05,7.2412777,480.8468,1.1,0.0,35.0,0.033835303,0.01,3000.0,0.1,17.65857,4.5219556e-05,0.0,0.0,10.0
87,44,0,67.0,3.8543348,94.79422,0.015330764,0.0005091559,7.1870813,320.79907,1.1,0.0,35.0,0.033835303,0.01,3000.0,0.1,17.65868,4.2826858e-05,0.0,0.0,10.0
86,46,0,59.0,3.3446705,253.1991,0.0024710684,0.0005135152,7.3292847,321.59335,1.1,0.0,35.0,0.033835303,0.01,3000.0,0.1,17.65838,4.9397288e-05,0.0,0.0,10.0
20,30,0,76.0,3.918072,189.40277,0.004374038,0.00029549035,7.1706295,178.7396,1.1,0.0,35.0,0.033835303,0.01,3000.0,0.1,17.658699,4.2371095e-05,0.0,0.0,10.0
33,40,0,72.0,3.4785457,213.52026,-0.003380148,0.00048529546,7.2899456,445.8201,1.1,0.0,35.0,0.033835303,0.01,3000.0,0.1,17.65846,4.7650243e-05,0.0,0.0,10.0
73,8,0,23.0,3.923678,145.18085,-0.0025005816,-0.0004892411,10.465033,0.0,1.1,0.0,35.0,0.033835303,0.01,3000.0,0.1,17.658705,4.225716e-05,0.0,0.0,10.0
21,41,0,90.0,3.4130464,131.36856,0.0011836439,0.00036607264,7.3090005,282.4315,1.1,0.0,35.0,0.033835303,0.01,3000.0,0.1,17.65842,4.8485796e-05,0.0,0.0,10.0
78,91,0,101.0,4.1798763,237.36172,-0.0023569195,0.00019992075,7.105732,480.8468,1.1,0.0,35.0,0.033835303,0.01,3000.0,0.1,17.65883,3.9560622e-05,0.0,0.0,10.0
49,60,0,46.0,4.3198066,221.80411,-0.0022795016,0.0010437227,7.072682,368.3426,1.1,0.0,35.0,0.033835303,0.01,3000.0,0.1,17.658886,3.834528e-05,0.0,0.0,10.0
56,105,0,153.0,4.114181,218.48024,-0.0018027026,0.0011640885,7.121629,445.8201,1.1,0.0,35.0,0.033835303,0.01,3000.0,0.1,17.658798,4.028223e-05,0.0,0.0,10.0
86,45,0,59.0,4.314722,206.41798,-0.009982257,-9.6018724e-05,7.073864,377.95084,1.1,0.0,35.0,0.033835303,0.01,3000.0,0.1,17.658884,3.8383256e-05,0.0,0.0,10.0
62,121,0,89.0,4.3198066,221.80411,0.017971218,0.0006192735,7.072682,177.59404,1.1,0.0,35.0,0.033835303,0.01,3000.0,0.1,17.658886,3.834528e-05,0.0,0.0,10.0
64,17,0,110.0,4.182677,22.489368,0.012255652,7.5879216e-05,7.1050596,399.16287,1.1,0.0,35.0,0.033835303,0.01,3000.0,0.1,17.658825,3.9674564e-05,0.0,0.0,10.0
86,7,0,30.0,4.1083984,231.16037,-0.008430455,-0.0006213186,8.732478,125.98361,1.1,0.0,35.0,0.033835303,0.01,3000.0,0.1,17.658798,4.028223e-05,0.0,0.0,10.0
106,60,0,43.0,4.2702055,103.07556,0.0055332836,0.00049367995,7.084274,199.58144,0.3,0.0,35.0,0.033835303,0.05,3000.0,0.015,88.29436,3.864912e-05,0.0,0.0,50.0
11,86,0,69.0,4.3198066,138.19589,0.0027400062,-0.00017819746,7.072682,125.98361,1.1,0.0,35.0,0.033835303,0.01,3000.0,0.1,17.658886,3.834528e-05,0.0,0.0,10.0
28,18,0,77.0,4.198788,4.3706226,0.0023175783,1.7923108e-05,7.1012015,280.98248,1.1,0.0,35.0,0.033835303,0.01,3000.0,0.1,17.65883,3.9560622e-05,0.0,0.0,10.0
22,39,0,92.0,4.294864,167.08586,0.0036527838,0.00038379608,7.0784945,320.79907,1.1,0.0,35.0,0.033835303,0.01,3000.0,0.1,17.65887,3.8649116e-05,0.0,0.0,10.0
12,36,0,94.0,4.186621,0.0,0.004276057,0.00015726493,7.1041136,199.58144,1.1,0.0,35.0,0.033835303,0.01,3000.0,0.1,17.658825,3.9674564e-05,0.0,0.0,10.0
78,21,0,102.0,4.298171,63.287308,0.008920303,0.00020827782,7.0777216,321.59335,1.1,0.0,35.0,0.033835303,0.01,3000.0,0.1,17.658884,3.8383256e-05,0.0,0.0,10.0
84,74,0,13.0,4.1083984,308.83963,-0.0014354269,-0.0003660057,7.816188,88.79702,1.1,0.0,35.0,0.033835303,0.01,3000.0,0.1,17.658798,4.028223e-05,0.0,0.0,10.0
2,22,0,57.0,4.3169036,312.17047,0.007203057,-0.00017071534,7.0733566,178.7396,1.1,0.0,35.0,0.033835303,0.01,3000.0,0.1,17.658886,3.834528e-05,0.0,0.0,10.0
24,114,0,129.0,4.1722875,274.42697,-0.013262975,-0.0008536713,10.198598,0.0,1.1,0.0,35.0,0.033835303,0.01,3000.0,0.1,17.65883,3.9560622e-05,0.0,0.0,10.0
16,28,0,75.0,4.182677,202.48936,-0.0008094311,-0.0011026437,8.491354,320.79907,1.1,0.0,35.0,0.033835303,0.01,3000.0,0.1,17.658825,3.9674564e-05,0.0,0.0,10.0
76,9,0,22.0,4.2092776,261.1983,-0.0069305734,-0.0011214147,9.737755,125.98361,1.1,0.0,35.0,0.033835303,0.01,3000.0,0.1,17.658848,3.92188e-05,0.0,0.0,10.0
8,95,0,90.0,4.2092776,98.8017,-0.024179831,-0.000118971504,10.595205,0.0,1.1,0.0,35.0,0.033835303,0.01,3000.0,0.1,17.658848,3.92188e-05,0.0,0.0,10.0
20,22,0,41.0,4.2702055,256.92444,-0.0050183376,-0.0018988224,7.777421,88.79702,1.1,0.0,35.0,0.033835303,0.01,3000.0,0.1,17.65887,3.8649116e-05,0.0,0.0,10.0
38,26,0,91.0,4.1598835,270.0,-0.0013078017,0.0005279228,7.1105433,268.10938,1.1,0.0,35.0,0.033835303,0.01,3000.0,0.1,17.658825,3.9674564e-05,0.0,0.0,10.0
52,65,0,29.0,4.198788,175.62936,0.0049160756,-0.00011081952,7.1012015,280.98248,1.1,0.0,35.0,0.033835303,0.01,3000.0,0.1,17.65883,3.9560622e-05,0.0,0.0,10.0
101,7,0,12.0,4.298171,296.7127,-0.003871075,-0.00064906175,10.122244,0.0,0.7,0.0,35.0,0.033835303,0.1,3000.0,0.035,176.58885,3.8383256e-05,0.0,0.0,30.0
85,71,0,25.0,4.1083984,231.16037,-0.0006213036,-0.00017072637,7.1230407,88.79702,1.1,0.0,35.0,0.033835303,0.01,3000.0,0.1,17.658798,4.028223e-05,0.0,0.0,10.0
46,92,0,68.0,4.198788,4.3706226,-0.009884823,-0.00062130496,8.710639,251.96722,1.1,0.0,35.0,0.033835303,0.01,3000.0,0.1,17.65883,3.9560622e-05,0.0,0.0,10.0
31,11,0,50.0,4.294864,12.914133,-0.001743214,-0.00043248455,10.575002,0.0,1.1,0.0,35.0,0.033835303,0.01,3000.0,0.1,17.65887,3.8649116e-05,0.0,0.0,10.0
49,18,0,120.0,4.198788,355.62936,0.010509365,0.0008612977,7.1012015,199.58144,1.1,0.0,35.0,0.033835303,0.01,3000.0,0.1,17.65883,3.9560622e-05,0.0,0.0,10.0
7,37,0,114.0,4.294864,347.08588,0.017040856,0.00012970023,7.0784945,321.59335,1.1,0.0,35.0,0.033835303,0.01,3000.0,0.1,17.65887,3.8649116e-05,0.0,0.0,10.0
14,23,0,101.0,4.1798763,237.36172,0.004589254,0.0019465239,7.105732,445.01822,1.1,0.0,35.0,0.033835303,0.01,3000.0,0.1,17.65883,3.9560622e-05,0.0,0.0,10.0
76,10,0,27.0,4.191234,32.304558,0.0020805157,-0.0006214226,8.712446,198.81299,1.1,0.0,35.0,0.033835303,0.01,3000.0,0.1,17.65883,3.9560622e-05,0.0,0.0,10.0
9,49,0,102.0,4.3169036,47.829544,0.0003068566,-0.0003030888,7.766504,89.3698,1.1,0.0,35.0,0.033835303,0.01,3000.0,0.1,17.658886,3.834528e-05,0.0,0.0,10.0
25,63,0,17.0,4.3169036,312.17047,-0.023579512,-0.00048255792,10.786928,0.0,1.1,0.0,35.0,0.033835303,0.01,3000.0,0.1,17.658886,3.834528e-05,0.0,0.0,10.0
3,74,0,86.0,4.3198066,41.804096,0.007713463,0.00035735883,7.072682,397.62598,1.1,0.0,35.0,0.033835303,0.01,3000.0,0.1,17.658886,3.834528e-05,0.0,0.0,10.0
34,93,0,94.0,4.314722,26.417976,-0.019881327,-0.00044775067,8.172476,198.81299,1.1,0.0,35.0,0.033835303,0.01,3000.0,0.1,17.658884,3.8383256e-05,0.0,0.0,10.0
7,32,0,88.0,4.2092776,81.198296,0.0028927175,0.00019325226,7.7918444,199.58144,1.1,0.0,35.0,0.033835303,0.01,3000.0,0.1,17.658848,3.92188e-05,0.0,0.0,10.0
32,65,0,25.0,4.1083984,128.83963,0.00088910764,-0.00028280434,7.816188,125.98361,1.1,0.0,35.0,0.033835303,0.01,3000.0,0.1,17.658798,4.028223e-05,0.0,0.0,10.0
18,98,0,93.0,4.3169036,312.17047,-0.008278209,-0.00072095165,10.069089,0.0,1.1,0.0,35.0,0.033835303,0.01,3000.0,0.1,17.658886,3.834528e-05,0.0,0.0,10.0
21,50,0,61.0,4.182677,157.51064,-0.0057015414,-0.00046183326,8.203671,320.79907,1.1,0.0,35.0,0.033835303,0.01,3000.0,0.1,17.658825,3.9674564e-05,0.0,0.0,10.0
41,81,0,34.0,4.294864,347.08588,0.0040440694,-0.00036685064,7.0784945,198.81299,1.1,0.0,35.0,0.033835303,0.01,3000.0,0.1,17.65887,3.8649116e-05,0.0,0.0,10.0
45,106,0,138.0,4.2702055,256.92444,0.007194938,-8.975442e-05,7.084274,320.79907,1.1,0.0,35.0,0.033835303,0.01,3000.0,0.1,17.65887,3.8649116e-05,0.0,0.0,10.0
7,58,0,102.0,4.1083984,128.83963,-0.021177901,0.00019489044,9.831091,125.98361,1.1,0.0,35.0,0.033835303,0.01,3000.0,0.1,17.658798,4.028223e-05,0.0,0.0,10.0
73,4,0,25.0,4.2092776,98.8017,-0.007209389,-0.00013052263,8.484992,89.3698,1.1,0.0,35.0,0.033835303,0.01,3000.0,0.1,17.658848,3.92188e-05,0.0,0.0,10.0
12,123,0,121.0,4.114181,321.51978,0.006560131,-0.00018467272,7.121629,320.79907,1.1,0.0,35.0,0.033835303,0.01,3000.0,0.1,17.658798,4.028223e-05,0.0,0.0,10.0
54,20,0,114.0,4.114181,141.51976,0.0017813687,0.00040167294,7.121629,377.95084,1.1,0.0,35.0,0.033835303,0.01,3000.0,0.1,17.658798,4.028223e-05,0.0,0.0,10.0
79,63,0,27.0,4.191234,32.304558,0.00086246716,-0.0011192202,8.712446,251.96722,1.1,0.0,35.0,0.033835303,0.01,3000.0,0.1,17.65883,3.9560622e-05,0.0,0.0,10.0
7,95,0,97.0,4.1722875,85.57303,-0.01988424,-0.00019500137,10.403393,0.0,1.1,0.0,35.0,0.033835303,0.01,3000.0,0.1,17.65883,3.9560622e-05,0.0,0.0,10.0
0,70,0,43.0,4.298171,296.7127,0.0060590734,-8.392649e-05,7.0777216,199.58144,1.1,0.0,35.0,0.033835303,0.01,3000.0,0.1,17.658884,3.8383256e-05,0.0,0.0,10.0
105,89,0,159.0,4.3198066,221.80411,0.00022794964,0.00030090928,7.072682,366.25882,1.1,0.0,35.0,0.033835303,0.01,3000.0,0.1,17.658886,3.834528e-05,0.0,0.0,10.0
14,8,0,27.0,4.1638494,247.24905,0.00070218334,-0.0002963331,7.109587,198.81299,1.1,0.0,35.0,0.033835303,0.01,3000.0,0.1,17.658825,3.9674564e-05,0.0,0.0,10.0
50,121,0,38.0,4.198788,184.37064,-0.008833885,-3.9366427e-05,7.1012015,88.79702,1.1,0.0,35.0,0.033835303,0.01,3000.0,0.1,17.65883,3.9560622e-05,0.0,0.0,10.0
78,19,0,93.0,4.186621,0.0,0.004276057,0.00044034183,7.1041136,399.16287,1.1,0.0,35.0,0.033835303,0.01,3000.0,0.1,17.658825,3.9674564e-05,0.0,0.0,10.0
27,37,0,64.0,4.191234,212.30457,0.0004362781,-0.0008720899,7.796156,177.59404,0.3,0.0,35.0,0.033835303,0.05,3000.0,0.015,88.29415,3.956062e-05,0.0,0.0,50.0
43,28,0,65.0,4.182677,202.48936,-0.004661207,-0.0012292844,8.203671,89.3698,1.1,0.0,35.0,0.033835303,0.01,3000.0,0.1,17.658825,3.9674564e-05,0.0,0.0,10.0
31,68,0,25.0,4.182677,337.51062,0.00016746855,-0.0011420631,7.798207,178.7396,1.1,0.0,35.0,0.033835303,0.01,3000.0,0.1,17.658825,3.9674564e-05,0.0,0.0,10.0
109,60,0,19.0,4.314722,26.417976,-0.001663709,-0.0014107459,8.865623,88.79702,1.1,0.0,35.0,0.033835303,0.01,3000.0,0.1,17.658884,3.8383256e-05,0.0,0.0,10.0
62,38,0,17.0,4.314722,333.58203,-0.009982256,-0.0011282284,8.172476,88.79702,0.7,0.0,35.0,0.033835303,0.1,3000.0,0.035,176.58885,3.8383256e-05,0.0,0.0,30.0
60,22,0,93.0,4.3169036,47.829544,0.00704386,0.0005049929,7.766504,266.39105,1.1,0.0,35.0,0.033835303,0.01,3000.0,0.1,17.658886,3.834528e-05,0.0,0.0,10.0
77,93,0,102.0,4.1722875,265.57306,0.0055552134,0.00044121413,7.1075554,320.79907,1.1,0.0,35.0,0.033835303,0.01,3000.0,0.1,17.65883,3.9560622e-05,0.0,0.0,10.0
35,66,0,19.0,4.235076,8.690966,-0.00017841563,-0.00089846057,7.7857122,88.79702,1.1,0.0,35.0,0.033835303,0.01,3000.0,0.1,17.658848,3.92188e-05,0.0,0.0,10.0
7,48,0,113.0,4.3198066,41.804096,-0.007625967,0.00019391494,8.171294,282.4315,1.1,0.0,35.0,0.033835303,0.01,3000.0,0.1,17.658886,3.834528e-05,0.0,0.0,10.0
71,98,0,124.0,4.182677,22.489368,0.0030271208,-0.00068820047,8.203671,399.16287,1.1,0.0,35.0,0.033835303,0.01,3000.0,0.1,17.658825,3.9674564e-05,0.0,0.0,10.0
16,117,0,147.0,4.1083984,51.16036,-0.003010113,0.0014908364,7.1230407,377.95084,1.1,0.0,35.0,0.033835303,0.01,3000.0,0.1,17.658798,4.028223e-05,0.0,0.0,10.0
15,43,0,105.0,4.314722,26.417976,0.006405281,0.0005860803,7.073864,452.8904,1.1,0.0,35.0,0.033835303,0.01,3000.0,0.1,17.658884,3.8383256e-05,0.0,0.0,10.0
10,50,0,108.0,4.294864,12.914133,0.001330841,-3.6629015e-05,9.786545,88.79702,1.1,0.0,35.0,0.033835303,0.01,3000.0,0.1,17.65887,3.8649116e-05,0.0,0.0,10.0
1,16,0,29.0,4.191234,32.304558,-0.0005321076,-0.0003056876,7.796156,366.25882,1.1,0.0,35.0,0.033835303,0.01,3000.0,0.1,17.65883,3.9560622e-05,0.0,0.0,10.0
103,2,0,25.0,4.294864,192.91414,0.00566779,-1.737654e-05,7.0784945,199.58144,1.1,0.0,35.0,0.033835303,0.01,3000.0,0.1,17.65887,3.8649116e-05,0.0,0.0,10.0
83,8,0,36.0,4.114181,38.480232,0.0057281153,0.00015706326,7.121629,125.98361,1.1,0.0,35.0,0.033835303,0.01,3000.0,0.1,17.658798,4.028223e-05,0.0,0.0,10.0
50,58,0,56.0,4.198788,184.37064,0.009292887,0.00035311218,7.1012015,366.25882,1.1,0.0,35.0,0.033835303,0.01,3000.0,0.1,17.65883,3.9560622e-05,0.0,0.0,10.0
74,9,0,24.0,4.294864,347.08588,0.0016471498,-0.00040602183,7.0784945,88.79702,1.1,0.0,35.0,0.033835303,0.01,3000.0,0.1,17.65887,3.8649116e-05,0.0,0.0,10.0
64,113,0,138.0,4.2092776,261.1983,0.0043092035,-0.00055855705,7.098697,377.95084,1.1,0.0,35.0,0.033835303,0.01,3000.0,0.1,17.658848,3.92188e-05,0.0,0.0,10.0
41,26,0,73.0,4.298171,116.712685,-0.009425225,-0.00026094902,9.968094,0.0,1.1,0.0,35.0,0.033835303,0.01,3000.0,0.1,17.658884,3.8383256e-05,0.0,0.0,10.0
4,101,0,114.0,4.298171,116.712685,0.011444916,8.5417654e-05,7.0777216,125.98361,1.1,0.0,35.0,0.033835303,0.01,3000.0,0.1,17.658884,3.8383256e-05,0.0,0.0,10.0
95,70,0,66.0,4.235076,351.30902,-0.0043308567,0.0010163494,7.092565,355.18808,1.1,0.0,35.0,0.033835303,0.01,3000.0,0.1,17.658848,3.92188e-05,0.0,0.0,10.0
51,61,0,47.0,4.298171,63.287308,0.002861229,0.0010008485,7.0777216,178.7396,1.1,0.0,35.0,0.033835303,0.01,3000.0,0.1,17.658884,3.8383256e-05,0.0,0.0,10.0
105,122,0,23.0,4.1598835,90.0,0.0008718678,-0.00021738,7.8036904,125.98361,1.1,0.0,35.0,0.033835303,0.01,3000.0,0.1,17.658825,3.9674564e-05,0.0,0.0,10.0
8,55,0,121.0,4.1083984,128.83963,0.0043062805,-0.00024079348,7.1230407,355.18808,1.1,0.0,35.0,0.033835303,0.01,3000.0,0.1,17.658798,4.028223e-05,0.0,0.0,10.0
110,51,0,125.0,4.182677,202.48936,0.012349534,0.0014812588,7.1050596,564.863,1.1,0.0,35.0,0.033835303,0.01,3000.0,0.1,17.658825,3.9674564e-05,0.0,0.0,10.0
85,7,0,30.0,4.182677,202.48936,0.0005937521,-0.000356003,8.203671,88.79702,1.1,0.0,35.0,0.033835303,0.01,3000.0,0.1,17.658825,3.9674564e-05,0.0,0.0,10.0
49,57,0,55.0,4.1083984,231.16037,-0.006448708,0.0008968943,7.1230407,268.10938,1.1,0.0,35.0,0.033835303,0.01,3000.0,0.1,17.658798,4.028223e-05,0.0,0.0,10.0
40,31,0,72.0,4.198788,175.62936,0.0012490845,9.694132e-05,7.1012015,320.79907,1.1,0.0,35.0,0.033835303,0.01,3000.0,0.1,17.65883,3.9560622e-05,0.0,0.0,10.0
76,77,0,22.0,4.2092776,81.198296,-0.0027956297,-0.00023179033,7.098697,366.25882,1.1,0.0,35.0,0.033835303,0.01,3000.0,0.1,17.658848,3.92188e-05,0.0,0.0,10.0
44,49,0,45.0,4.2702055,103.07556,0.0049563535,0.0007242535,7.084274,282.4315,1.1,0.0,35.0,0.033835303,0.01,3000.0,0.1,17.65887,3.8649116e-05,0.0,0.0,10.0
83,21,0,62.0,4.3169036,132.17046,0.0058325846,0.0003461646,7.0733566,199.58144,1.1,0.0,35.0,0.033835303,0.01,3000.0,0.1,17.658886,3.834528e-05,0.0,0.0,10.0
111,51,0,125.0,4.182677,157.51064,0.012593126,0.0009667613,7.1050596,631.85913,1.1,0.0,35.0,0.033835303,0.01,3000.0,0.1,17.658825,3.9674564e-05,0.0,0.0,10.0
35,37,0,53.0,4.314722,26.417976,0.009399958,-0.00014255253,7.073864,178.7396,1.1,0.0,35.0,0.033835303,0.01,3000.0,0.1,17.658884,3.8383256e-05,0.0,0.0,10.0
65,38,0,32.0,4.2092776,278.8017,-0.019275656,-0.00013305372,8.890457,178.7396,1.1,0.0,35.0,0.033835303,0.01,3000.0,0.1,17.658848,3.92188e-05,0.0,0.0,10.0
43,104,0,129.0,4.294864,347.08588,-0.003043596,-5.148293e-05,7.7716417,88.79702,1.1,0.0,35.0,0.033835303,0.01,3000.0,0.1,17.65887,3.8649116e-05,0.0,0.0,10.0
71,89,0,77.0,4.182677,337.51062,0.0235141,0.00032328686,7.1050596,125.98361,1.1,0.0,35.0,0.033835303,0.01,3000.0,0.1,17.658825,3.9674564e-05,0.0,0.0,10.0
93,94,0,36.0,4.198788,184.37064,-0.0034864002,-0.0010654606,8.710639,199.58144,1.1,0.0,35.0,0.033835303,0.01,3000.0,0.1,17.65883,3.9560622e-05,0.0,0.0,10.0
85,29,0,109.0,4.3198066,138.19589,0.014061528,-0.00032850317,7.072682,503.93445,1.1,0.0,35.0,0.033835303,0.01,3000.0,0.1,17.658886,3.834528e-05,0.0,0.0,10.0
35,54,0,92.0,4.3198066,41.804096,-0.0018143913,0.0021039501,7.072682,368.3426,1.1,0.0,35.0,0.033835303,0.01,3000.0,0.1,17.658886,3.834528e-05,0.0,0.0,10.0
56,53,0,29.0,4.314722,206.41798,-0.013975158,0.00013740206,8.460158,199.58144,1.1,0.0,35.0,0.033835303,0.01,3000.0,0.1,17.658884,3.8383256e-05,0.0,0.0,10.0
67,47,0,22.0,4.1083984,231.16037,-0.0030529601,0.00037089427,7.816188,125.98361,1.1,0.0,35.0,0.033835303,0.01,3000.0,0.1,17.658798,4.028223e-05,0.0,0.0,10.0
51,93,0,103.0,4.2092776,278.8017,0.017254237,0.00046209403,7.098697,198.81299,1.1,0.0,35.0,0.033835303,0.01,3000.0,0.1,17.658848,3.92188e-05,0.0,0.0,10.0
32,37,0,58.0,4.235076,8.690966,-0.0062176636,-0.0005778779,7.092565,320.79907,1.1,0.0,35.0,0.033835303,0.01,3000.0,0.1,17.658848,3.92188e-05,0.0,0.0,10.0
44,33,0,72.0,4.1638494,67.24905,-0.0059595564,0.00020582463,7.109587,368.3426,1.1,0.0,35.0,0.033835303,0.01,3000.0,0.1,17.658825,3.9674564e-05,0.0,0.0,10.0
2,44,0,110.0,4.1638494,112.75094,0.0015226835,-0.001166611,8.2081995,366.25882,1.1,0.0,35.0,0.033835303,0.01,3000.0,0.1,17.658825,3.9674564e-05,0.0,0.0,10.0
57,1,0,39.0,4.191234,147.69543,-0.0119484635,-0.0017064846,9.300233,199.58144,1.1,0.0,35.0,0.033835303,0.01,3000.0,0.1,17.65883,3.9560622e-05,0.0,0.0,10.0
116,98,0,188.0,4.198788,4.3706226,0.013243305,0.0010339919,7.1012015,503.93445,1.1,0.0,35.0,0.033835303,0.01,3000.0,0.1,17.65883,3.9560622e-05,0.0,0.0,10.0
28,72,0,74.0,4.1638494,67.24905,-0.005208503,0.0022164031,7.109587,251.96722,1.1,0.0,35.0,0.033835303,0.01,3000.0,0.1,17.658825,3.9674564e-05,0.0,0.0,10.0
95,18,0,25.0,4.2702055,76.92443,0.008961488,-5.68576e-06,7.084274,368.3426,1.1,0.0,35.0,0.033835303,0.01,3000.0,0.1,17.65887,3.8649116e-05,0.0,0.0,10.0
21,33,0,62.0,4.3169036,47.829544,-0.005645701,-0.00089498336,8.865116,178.7396,1.1,0.0,35.0,0.033835303,0.01,3000.0,0.1,17.658886,3.834528e-05,0.0,0.0,10.0
32,16,0,78.0,4.1638494,67.24905,0.0019239313,0.0003627258,7.109587,355.18808,1.1,0.0,35.0,0.033835303,0.01,3000.0,0.1,17.658825,3.9674564e-05,0.0,0.0,10.0
15,9,0,30.0,4.1083984,231.16037,0.0012747445,-0.00024977824,8.732478,125.98361,1.1,0.0,35.0,0.033835303,0.01,3000.0,0.1,17.658798,4.028223e-05,0.0,0.0,10.0
59,106,0,155.0,4.198788,184.37064,0.00035867278,0.00082266907,7.1012015,478.61322,1.1,0.0,35.0,0.033835303,0.01,3000.0,0.1,17.65883,3.9560622e-05,0.0,0.0,10.0
99,81,0,136.0,4.191234,32.304558,-0.002728628,0.0010798301,7.1030087,280.98248,1.1,0.0,35.0,0.033835303,0.01,3000.0,0.1,17.65883,3.9560622e-05,0.0,0.0,10.0
77,109,0,133.0,4.1798763,237.36172,-0.002702703,0.0005363132,7.798879,178.7396,1.1,0.0,35.0,0.033835303,0.01,3000.0,0.1,17.65883,3.9560622e-05,0.0,0.0,10.0
96,82,0,146.0,4.191234,212.30457,0.011739152,0.0009281561,7.1030087,452.8904,1.1,0.0,35.0,0.033835303,0.01,3000.0,0.1,17.65883,3.9560622e-05,0.0,0.0,10.0
56,98,0,126.0,4.1083984,128.83963,-0.009630214,0.0010889808,7.1230407,399.16287,1.1,0.0,35.0,0.033835303,0.01,3000.0,0.1,17.658798,4.028223e-05,0.0,0.0,10.0
73,82,0,32.0,4.182677,22.489368,-0.021595826,3.919263e-05,10.97626,0.0,1.1,0.0,35.0,0.033835303,0.01,3000.0,0.1,17.658825,3.9674564e-05,0.0,0.0,10.0
35,90,0,104.0,4.298171,116.712685,0.013380454,0.00041155526,7.0777216,251.96722,1.1,0.0,35.0,0.033835303,0.01,3000.0,0.1,17.658884,3.8383256e-05,0.0,0.0,10.0
63,111,0,136.0,4.235076,188.69096,-0.0032750273,-0.00019811472,7.7857122,368.3426,1.1,0.0,35.0,0.033835303,0.01,3000.0,0.1,17.658848,3.92188e-05,0.0,0.0,10.0
77,15,0,42.0,4.191234,32.304558,-0.0077143,-0.0007203177,9.811059,266.39105,1.1,0.0,35.0,0.033835303,0.01,3000.0,0.1,17.65883,3.9560622e-05,0.0,0.0,10.0
63,11,0,111.0,4.182677,157.51064,2.5374182e-05,0.00015743589,7.1050596,540.22565,1.1,0.0,35.0,0.033835303,0.01,3000.0,0.1,17.658825,3.9674564e-05,0.0,0.0,10.0
78,58,0,20.0,4.298171,243.28732,-0.005133381,-0.00026761417,7.0777216,280.98248,1.1,0.0,35.0,0.033835303,0.01,3000.0,0.1,17.658884,3.8383256e-05,0.0,0.0,10.0
86,54,0,25.0,4.294864,12.914133,0.00088097935,-0.000501344,9.157936,177.59404,1.1,0.0,35.0,0.033835303,0.01,3000.0,0.1,17.65887,3.8649116e-05,0.0,0.0,10.0
33,51,0,77.0,4.182677,22.489368,0.005267646,0.0007405188,7.1050596,377.95084,1.1,0.0,35.0,0.033835303,0.01,3000.0,0.1,17.658825,3.9674564e-05,0.0,0.0,10.0
78,38,0,105.0,4.1638494,67.24905,0.0102961175,0.00069567823,7.109587,377.95084,1.1,0.0,35.0,0.033835303,0.01,3000.0,0.1,17.658825,3.9674564e-05,0.0,0.0,10.0
44,22,0,95.0,4.1083984,51.16036,-0.0041884473,-0.00014555518,7.1230407,199.58144,1.1,0.0,35.0,0.033835303,0.01,3000.0,0.1,17.658798,4.028223e-05,0.0,0.0,10.0
119,63,0,41.0,4.3198066,41.804096,0.007342759,-0.0026187398,8.458976,125.98361,1.1,0.0,35.0,0.033835303,0.01,3000.0,0.1,17.658886,3.834528e-05,0.0,0.0,10.0
33,30,0,44.0,4.1798763,122.63827,-0.023772597,-2.9041688e-05,10.324608,0.0,1.1,0.0,35.0,0.033835303,0.01,3000.0,0.1,17.65883,3.9560622e-05,0.0,0.0,10.0
28,4,0,75.0,4.298171,116.712685,0.006984765,0.0011018482,7.0777216,199.58144,1.1,0.0,35.0,0.033835303,0.01,3000.0,0.1,17.658884,3.8383256e-05,0.0,0.0,10.0
5,79,0,104.0,4.114181,38.480232,0.014762962,0.0006702518,7.121629,357.4792,1.1,0.0,35.0,0.033835303,0.01,3000.0,0.1,17.658798,4.028223e-05,0.0,0.0,10.0
54,116,0,100.0,4.2702055,283.07556,-0.000617458,0.0010087977,7.084274,321.59335,1.1,0.0,35.0,0.033835303,0.01,3000.0,0.1,17.65887,3.8649116e-05,0.0,0.0,10.0
59,8,0,135.0,4.2092776,98.8017,0.01318402,0.0018741668,7.098697,377.95084,1.1,0.0,35.0,0.033835303,0.01,3000.0,0.1,17.658848,3.92188e-05,0.0,0.0,10.0
51,65,0,26.0,4.314722,206.41798,0.0029114913,-0.00059706223,7.073864,268.10938,1.1,0.0,35.0,0.033835303,0.01,3000.0,0.1,17.658884,3.8383256e-05,0.0,0.0,10.0
109,63,0,40.0,4.182677,337.51062,-0.011565478,-0.000691309,10.472356,0.0,1.1,0.0,35.0,0.033835303,0.01,3000.0,0.1,17.658825,3.9674564e-05,0.0,0.0,10.0
46,121,0,60.0,4.198788,184.37064,0.01136466,7.562621e-05,7.1012015,268.10938,1.1,0.0,35.0,0.033835303,0.01,3000.0,0.1,17.65883,3.9560622e-05,0.0,0.0,10.0
76,2,0,22.0,4.294864,347.08588,0.0037137026,-0.00074855523,7.0784945,251.96722,1.1,0.0,35.0,0.033835303,0.01,3000.0,0.1,17.65887,3.8649116e-05,0.0,0.0,10.0
60,13,0,103.0,4.191234,212.30457,-0.012442744,0.00027949823,9.18245,320.79907,1.1,0.0,35.0,0.033835303,0.01,3000.0,0.1,17.65883,3.9560622e-05,0.0,0.0,10.0
4,104,0,99.0,4.182677,337.51062,-0.0012154157,-0.00051104656,7.1050596,125.98361,1.1,0.0,35.0,0.033835303,0.01,3000.0,0.1,17.658825,3.9674564e-05,0.0,0.0,10.0
72,65,0,54.0,4.298171,116.712685,0.005638304,-0.0003206596,7.0777216,452.8904,1.1,0.0,35.0,0.033835303,0.01,3000.0,0.1,17.658884,3.8383256e-05,0.0,0.0,10.0
84,77,0,26.0,4.1083984,51.16036,0.0013497289,-0.00084567134,7.816188,89.3698,1.1,0.0,35.0,0.033835303,0.01,3000.0,0.1,17.658798,4.028223e-05,0.0,0.0,10.0
84,22,0,45.0,4.298171,116.712685,-0.0050492273,-0.0005370501,9.785772,89.3698,1.1,0.0,35.0,0.033835303,0.01,3000.0,0.1,17.658884,3.8383256e-05,0.0,0.0,10.0
4,34,0,103.0,4.114181,141.51976,0.014368287,0.0003479218,7.121629,251.96722,1.1,0.0,35.0,0.033835303,0.01,3000.0,0.1,17.658798,4.028223e-05,0.0,0.0,10.0
91,87,0,44.0,4.314722,26.417976,-0.0015805239,5.1747847e-05,7.073864,89.3698,1.1,0.0,35.0,0.033835303,0.01,3000.0,0.1,17.658884,3.8383256e-05,0.0,0.0,10.0
10,57,0,109.0,4.198788,175.62936,0.0019413481,0.00023403105,9.403787,251.96722,1.1,0.0,35.0,0.033835303,0.01,3000.0,0.1,17.65883,3.9560622e-05,0.0,0.0,10.0
16,38,0,82.0,4.114181,321.51978,-0.009312186,4.2258427e-05,10.066068,0.0,1.1,0.0,35.0,0.033835303,0.01,3000.0,0.1,17.658798,4.028223e-05,0.0,0.0,10.0
116,20,0,32.0,4.191234,327.69543,-0.0362968,-0.0010256573,9.667958,199.58144,1.1,0.0,35.0,0.033835303,0.01,3000.0,0.1,17.65883,3.9560622e-05,0.0,0.0,10.0
109,39,0,24.0,4.294864,12.914133,-0.0012394625,-0.0010669525,10.839695,0.0,1.1,0.0,35.0,0.033835303,0.01,3000.0,0.1,17.65887,3.8649116e-05,0.0,0.0,10.0
107,0,0,21.0,4.2092776,278.8017,-0.004829494,-0.0007046796,9.178139,280.98248,1.1,0.0,35.0,0.033835303,0.01,3000.0,0.1,17.658848,3.92188e-05,0.0,0.0,10.0
2,95,0,141.0,4.3198066,138.19589,0.011036008,-0.00026270197,7.765829,357.4792,1.1,0.0,35.0,0.033835303,0.01,3000.0,0.1,17.658886,3.834528e-05,0.0,0.0,10.0
84,27,0,121.0,4.314722,26.417976,0.014058344,0.0015717703,7.073864,445.01822,1.1,0.0,35.0,0.033835303,0.01,3000.0,0.1,17.658884,3.8383256e-05,0.0,0.0,10.0
11,40,0,122.0,4.114181,38.480232,0.011562899,0.00061710965,7.121629,397.62598,1.1,0.0,35.0,0.033835303,0.01,3000.0,0.1,17.658798,4.028223e-05,0.0,0.0,10.0
60,69,0,45.0,4.235076,171.30904,0.013689126,0.0013100227,7.092565,177.59404,1.1,0.0,35.0,0.033835303,0.01,3000.0,0.1,17.658848,3.92188e-05,0.0,0.0,10.0
109,81,0,43.0,4.314722,26.417976,-0.0054902406,-0.00061425945,9.153306,88.79702,1.1,0.0,35.0,0.033835303,0.01,3000.0,0.1,17.658884,3.8383256e-05,0.0,0.0,10.0
44,97,0,92.0,4.294864,167.08586,0.004266657,-0.0006683931,7.0784945,125.98361,1.1,0.0,35.0,0.033835303,0.01,3000.0,0.1,17.65887,3.8649116e-05,0.0,0.0,10.0
69,45,0,24.0,4.198788,175.62936,-0.009067149,-0.0011876929,9.809252,280.98248,1.1,0.0,35.0,0.033835303,0.01,3000.0,0.1,17.65883,3.9560622e-05,0.0,0.0,10.0
121,116,0,111.0,4.235076,8.690966,0.028634494,0.00025796215,7.092565,355.18808,1.1,0.0,35.0,0.033835303,0.01,3000.0,0.1,17.658848,3.92188e-05,0.0,0.0,10.0
46,63,0,27.0,4.1798763,122.63827,-0.0008949683,-0.00018674458,8.204344,251.96722,1.1,0.0,35.0,0.033835303,0.01,3000.0,0.1,17.65883,3.9560622e-05,0.0,0.0,10.0
40,10,0,100.0,4.198788,4.3706226,0.017248904,-0.00036092856,7.1012015,268.10938,1.1,0.0,35.0,0.033835303,0.01,3000.0,0.1,17.65883,3.9560622e-05,0.0,0.0,10.0
23,13,0,37.0,4.1083984,308.83963,-0.012736735,-0.00051974715,9.202482,251.96722,1.1,0.0,35.0,0.033835303,0.01,3000.0,0.1,17.658798,4.028223e-05,0.0,0.0,10.0
98,50,0,28.0,4.2092776,278.8017,-0.008157861,-0.00012377872,7.7918444,377.95084,1.1,0.0,35.0,0.033835303,0.01,3000.0,0.1,17.658848,3.92188e-05,0.0,0.0,10.0
121,94,0,135.0,4.6593246,286.04297,-0.0072083813,-0.00029210487,7.689859,89.3698,1.1,0.0,35.0,0.033835303,0.01,3000.0,0.1,17.65902,3.542087e-05,0.0,0.0,10.0
41,65,0,30.0,4.60799,347.9805,-0.0018803265,-0.00063289935,8.799598,198.81299,1.1,0.0,35.0,0.033835303,0.01,3000.0,0.1,17.658993,3.6028534e-05,0.0,0.0,10.0
65,17,0,99.0,5.2737875,75.87682,-0.0040985565,2.7179376e-05,7.565358,478.61322,1.1,0.0,35.0,0.033835303,0.01,3000.0,0.1,17.659208,3.1281113e-05,0.0,0.0,10.0
79,92,0,107.0,4.354051,252.79346,-0.0034783073,0.00057165214,7.0647554,503.93445,1.1,0.0,35.0,0.033835303,0.01,3000.0,0.1,17.658905,3.792751e-05,0.0,0.0,10.0
5,4,0,52.0,4.903955,148.55669,0.0012035725,-4.50274e-05,6.9453015,125.98361,1.1,0.0,35.0,0.033835303,0.01,3000.0,0.1,17.659096,3.378775e-05,0.0,0.0,10.0
15,22,0,92.0,4.990111,44.815804,0.009200141,0.00022982818,6.9277987,445.01822,1.1,0.0,35.0,0.033835303,0.01,3000.0,0.1,17.659124,3.3142107e-05,0.0,0.0,10.0
114,122,0,25.0,4.729041,241.54521,0.0050977822,-0.0007823957,6.981793,88.79702,1.1,0.0,35.0,0.033835303,0.01,3000.0,0.1,17.659044,3.4927136e-05,0.0,0.0,10.0
17,70,0,36.0,4.518679,4.0595193,-0.006413875,9.9847035e-05,7.0274935,88.79702,1.1,0.0,35.0,0.033835303,0.01,3000.0,0.1,17.65896,3.6750145e-05,0.0,0.0,10.0
122,53,0,89.0,4.4901295,265.88812,-0.0019059207,-0.000100617384,7.727005,89.3698,1.1,0.0,35.0,0.033835303,0.01,3000.0,0.1,17.65896,3.6750145e-05,0.0,0.0,10.0
103,105,0,69.0,4.377176,196.99945,-0.0013763863,-0.0016467809,7.752585,251.96722,1.1,0.0,35.0,0.033835303,0.01,3000.0,0.1,17.658905,3.792751e-05,0.0,0.0,10.0
62,33,0,30.0,4.63364,213.52026,-0.014554516,-0.0002930818,10.665825,0.0,1.1,0.0,35.0,0.033835303,0.01,3000.0,0.1,17.659004,3.576269e-05,0.0,0.0,10.0
27,19,0,79.0,4.5811577,257.82956,0.005249182,0.0006459096,7.013704,355.18808,1.1,0.0,35.0,0.033835303,0.01,3000.0,0.1,17.658993,3.6028534e-05,0.0,0.0,10.0
97,30,0,50.0,4.990111,135.18419,-0.004329478,0.00018846685,9.00724,88.79702,1.1,0.0,35.0,0.033835303,0.01,3000.0,0.1,17.659124,3.3142107e-05,0.0,0.0,10.0
81,77,0,38.0,5.2220583,317.673,0.0148962345,-7.273483e-05,6.882124,280.98248,1.1,0.0,35.0,0.033835303,0.01,3000.0,0.1,17.659191,3.1698884e-05,0.0,0.0,10.0
20,6,0,82.0,4.8384037,183.7897,0.00092941435,0.0009243508,6.9588237,452.8904,1.1,0.0,35.0,0.033835303,0.01,3000.0,0.1,17.65907,3.431947e-05,0.0,0.0,10.0
14,94,0,97.0,4.4786186,90.0,-0.0,0.0005892882,7.0364356,251.96722,1.1,0.0,35.0,0.033835303,0.01,3000.0,0.1,17.658957,3.6826106e-05,0.0,0.0,10.0
55,51,0,57.0,4.604126,204.63527,0.007500435,0.0010833817,7.0086813,280.98248,1.1,0.0,35.0,0.033835303,0.01,3000.0,0.1,17.658993,3.6028534e-05,0.0,0.0,10.0
44,41,0,56.0,4.921816,191.23932,0.0067417533,0.0002954142,6.941648,377.95084,1.1,0.0,35.0,0.033835303,0.01,3000.0,0.1,17.6591,3.367382e-05,0.0,0.0,10.0
86,0,0,22.0,5.2361426,10.553126,0.0015215379,-0.00013930055,8.488853,268.10938,1.1,0.0,35.0,0.033835303,0.01,3000.0,0.1,17.659191,3.1698884e-05,0.0,0.0,10.0
120,94,0,131.0,4.81681,36.693226,-0.0110904155,-0.0009085768,9.85369,0.0,1.1,0.0,35.0,0.033835303,0.01,3000.0,0.1,17.659065,3.4395423e-05,0.0,0.0,10.0
34,14,0,73.0,5.155342,262.8295,-0.004664929,-0.00048657204,9.53411,251.96722,1.1,0.0,35.0,0.033835303,0.01,3000.0,0.1,17.659178,3.200272e-05,0.0,0.0,10.0
69,7,0,50.0,5.155342,82.8295,0.004329789,-7.308889e-05,6.8950524,282.4315,1.1,0.0,35.0,0.033835303,0.01,3000.0,0.1,17.659178,3.200272e-05,0.0,0.0,10.0
109,50,0,121.0,4.369934,324.1477,0.027574126,-0.00036939888,7.0611,520.229,1.1,0.0,35.0,0.033835303,0.01,3000.0,0.1,17.658905,3.792751e-05,0.0,0.0,10.0
51,42,0,38.0,4.622245,303.86032,-0.002854457,-0.00058339426,8.614175,88.79702,1.1,0.0,35.0,0.033835303,0.01,3000.0,0.1,17.659004,3.576269e-05,0.0,0.0,10.0
72,85,0,43.0,5.3297496,302.903,-0.0019825967,-9.510152e-05,7.9602075,125.98361,1.1,0.0,35.0,0.033835303,0.01,3000.0,0.1,17.659224,3.0977277e-05,0.0,0.0,10.0
43,10,0,68.0,4.4656706,30.096354,-0.012821093,-0.00025246572,10.335179,0.0,1.1,0.0,35.0,0.033835303,0.01,3000.0,0.1,17.658943,3.7129943e-05,0.0,0.0,10.0
122,72,0,119.0,5.030414,153.58202,0.022673983,-0.00060266984,6.9197135,455.58633,1.1,0.0,35.0,0.033835303,0.01,3000.0,0.1,17.659134,3.2914224e-05,0.0,0.0,10.0
11,57,0,109.0,4.7457323,151.85275,0.0018576558,0.0005007515,6.9782534,320.79907,1.1,0.0,35.0,0.033835303,0.01,3000.0,0.1,17.659044,3.4927136e-05,0.0,0.0,10.0
12,12,0,22.0,4.921816,11.239298,-0.0044618654,-0.00077699893,8.551086,198.81299,1.1,0.0,35.0,0.033835303,0.01,3000.0,0.1,17.6591,3.367382e-05,0.0,0.0,10.0
0,115,0,137.0,4.8756375,66.667725,-0.00482872,-0.00068065024,6.951121,320.79907,1.1,0.0,35.0,0.033835303,0.01,3000.0,0.1,17.659092,3.3863715e-05,0.0,0.0,10.0
12,122,0,116.0,4.869854,352.45346,0.0033135924,-0.00015742316,6.9523134,251.96722,1.1,0.0,35.0,0.033835303,0.01,3000.0,0.1,17.659082,3.405361e-05,0.0,0.0,10.0
113,106,0,117.0,4.807812,93.8386,-0.0032757109,0.0005171882,6.9651966,282.4315,1.1,0.0,35.0,0.033835303,0.01,3000.0,0.1,17.65907,3.431947e-05,0.0,0.0,10.0
51,34,0,34.0,5.263955,37.390705,-0.007841121,-0.00081630447,8.260383,177.59404,1.1,0.0,35.0,0.033835303,0.01,3000.0,0.1,17.6592,3.1433032e-05,0.0,0.0,10.0
93,66,0,27.0,4.60799,12.019503,0.0012756652,-0.0019234051,7.0078387,125.98361,1.1,0.0,35.0,0.033835303,0.01,3000.0,0.1,17.658993,3.6028534e-05,0.0,0.0,10.0
48,84,0,73.0,4.377176,16.999454,0.0031046101,0.0014572063,7.0594378,320.79907,1.1,0.0,35.0,0.033835303,0.01,3000.0,0.1,17.658905,3.792751e-05,0.0,0.0,10.0
26,37,0,64.0,4.4901295,85.888115,-0.0010390341,-0.0010376554,8.643296,198.81299,1.1,0.0,35.0,0.033835303,0.01,3000.0,0.1,17.65896,3.6750145e-05,0.0,0.0,10.0
77,110,0,131.0,5.255329,232.25323,0.004219933,-0.000104707295,7.9743495,178.7396,1.1,0.0,35.0,0.033835303,0.01,3000.0,0.1,17.6592,3.1433032e-05,0.0,0.0,10.0
87,87,0,55.0,4.5581017,309.47006,0.024125135,0.00062033045,7.0187707,320.79907,1.1,0.0,35.0,0.033835303,0.01,3000.0,0.1,17.65898,3.6294394e-05,0.0,0.0,10.0
59,108,0,137.0,4.7815247,199.53745,-0.008478338,-4.3197855e-05,8.9166155,445.01822,1.1,0.0,35.0,0.033835303,0.01,3000.0,0.1,17.659056,3.4699257e-05,0.0,0.0,10.0
18,30,0,75.0,4.4595017,111.161224,-0.007646508,-6.442838e-05,7.0407305,357.4792,1.1,0.0,35.0,0.033835303,0.01,3000.0,0.1,17.658947,3.7016e-05,0.0,0.0,10.0
55,55,0,14.0,5.255329,232.25323,-0.0016489492,-0.0013406145,7.5688844,88.79702,1.1,0.0,35.0,0.033835303,0.01,3000.0,0.1,17.6592,3.1433032e-05,0.0,0.0,10.0
106,11,0,53.0,5.065786,235.13225,0.012526094,-0.0011536902,7.6058173,280.98248,1.1,0.0,35.0,0.033835303,0.01,3000.0,0.1,17.659151,3.257241e-05,0.0,0.0,10.0
48,32,0,73.0,4.77118,222.0904,0.0060129603,0.0016905384,6.972881,177.59404,1.1,0.0,35.0,0.033835303,0.01,3000.0,0.1,17.659056,3.4699257e-05,0.0,0.0,10.0
74,3,0,26.0,4.889835,121.772156,0.007839212,-0.00028462202,6.9481993,88.79702,1.1,0.0,35.0,0.033835303,0.01,3000.0,0.1,17.659096,3.378775e-05,0.0,0.0,10.0
22,43,0,76.0,5.3297496,57.096973,-0.0024886355,-0.00011029595,6.861595,199.58144,1.1,0.0,35.0,0.033835303,0.01,3000.0,0.1,17.659224,3.0977277e-05,0.0,0.0,10.0
119,49,0,84.0,4.369934,144.14767,0.0036627622,0.00015974781,7.0611,88.79702,1.1,0.0,35.0,0.033835303,0.01,3000.0,0.1,17.658905,3.792751e-05,0.0,0.0,10.0
1,116,0,130.0,4.552379,8.078686,-0.012244948,-0.00068435987,9.322618,366.25882,1.1,0.0,35.0,0.033835303,0.01,3000.0,0.1,17.658974,3.6446316e-05,0.0,0.0,10.0
58,99,0,104.0,4.8928328,101.380974,-0.008044647,-0.000845506,9.43249,199.58144,1.1,0.0,35.0,0.033835303,0.01,3000.0,0.1,17.6591,3.367382e-05,0.0,0.0,10.0
55,63,0,25.0,4.369934,144.14767,-0.001805806,-0.00011625361,7.0611,125.98361,1.1,0.0,35.0,0.033835303,0.01,3000.0,0.1,17.658905,3.792751e-05,0.0,0.0,10.0
51,12,0,85.0,5.1579194,356.44653,-0.0047874385,-0.0007902585,8.503988,321.59335,1.1,0.0,35.0,0.033835303,0.01,3000.0,0.1,17.65917,3.2154636e-05,0.0,0.0,10.0
54,84,0,61.0,4.4786186,90.0,-0.006881528,-0.0004031972,8.645873,320.79907,1.1,0.0,35.0,0.033835303,0.01,3000.0,0.1,17.658957,3.6826106e-05,0.0,0.0,10.0
112,47,0,101.0,4.4901295,274.11188,0.00043446792,-0.00037455413,8.643296,443.9851,1.1,0.0,35.0,0.033835303,0.01,3000.0,0.1,17.65896,3.6750145e-05,0.0,0.0,10.0
52,53,0,25.0,5.1797814,209.58646,0.0012842692,-0.00011860174,6.8902974,125.98361,1.1,0.0,35.0,0.033835303,0.01,3000.0,0.1,17.659178,3.200272e-05,0.0,0.0,10.0
24,1,0,101.0,4.768279,132.4571,0.0076808883,0.0005478719,6.973492,397.62598,1.1,0.0,35.0,0.033835303,0.01,3000.0,0.1,17.659056,3.4699257e-05,0.0,0.0,10.0
43,5,0,85.0,4.377176,343.00055,-0.008107835,0.0006844847,7.0594378,177.59404,1.1,0.0,35.0,0.033835303,0.01,3000.0,0.1,17.658905,3.792751e-05,0.0,0.0,10.0
53,44,0,52.0,4.684716,344.15164,-0.0011037304,-0.00044207153,8.089865,320.79907,1.1,0.0,35.0,0.033835303,0.01,3000.0,0.1,17.65902,3.542087e-05,0.0,0.0,10.0
53,27,0,45.0,5.0111437,243.28732,-0.001226241,-0.0015087731,9.321466,88.79702,1.1,0.0,35.0,0.033835303,0.01,3000.0,0.1,17.659134,3.2914224e-05,0.0,0.0,10.0
80,94,0,117.0,5.3297496,237.09698,0.008821456,0.0008379921,6.861595,445.01822,1.1,0.0,35.0,0.033835303,0.01,3000.0,0.1,17.659224,3.0977277e-05,0.0,0.0,10.0
3,6,0,24.0,5.2220583,222.327,0.0034435925,-0.0015224294,7.575271,88.79702,1.1,0.0,35.0,0.033835303,0.01,3000.0,0.1,17.659191,3.1698884e-05,0.0,0.0,10.0
27,47,0,76.0,5.255329,52.253227,-0.0031168084,0.0016137281,6.875737,268.10938,1.1,0.0,35.0,0.033835303,0.01,3000.0,0.1,17.6592,3.1433032e-05,0.0,0.0,10.0
48,82,0,41.0,5.2361426,349.44687,-0.0041842293,-0.0010271121,8.488853,199.58144,0.3,0.0,35.0,0.033835303,0.05,3000.0,0.015,88.29595,3.1698884e-05,0.0,0.0,50.0
71,7,0,36.0,4.4786186,90.0,0.0028335701,-0.00037218202,7.0364356,125.98361,1.1,0.0,35.0,0.033835303,0.01,3000.0,0.1,17.658957,3.6826106e-05,0.0,0.0,10.0
61,65,0,16.0,4.8928328,78.61901,-0.0011248266,-0.00043228234,8.046196,266.39105,0.3,0.0,35.0,0.033835303,0.05,3000.0,0.015,88.295494,3.3673812e-05,0.0,0.0,50.0
0,60,0,70.0,5.1797814,330.41354,-0.019844884,-0.00012865785,10.445645,0.0,1.1,0.0,35.0,0.033835303,0.01,3000.0,0.1,17.659178,3.200272e-05,0.0,0.0,10.0
43,101,0,117.0,4.966008,74.97661,0.005240308,-0.00023037313,10.459025,0.0,1.1,0.0,35.0,0.033835303,0.01,3000.0,0.1,17.659122,3.3218064e-05,0.0,0.0,10.0
93,89,0,48.0,4.63364,33.52025,-0.005726367,-0.0010925818,8.611702,125.98361,1.1,0.0,35.0,0.033835303,0.01,3000.0,0.1,17.659004,3.576269e-05,0.0,0.0,10.0
100,82,0,136.0,4.903955,31.443304,-0.0004996549,0.00070014334,6.9453015,355.18808,1.1,0.0,35.0,0.033835303,0.01,3000.0,0.1,17.659096,3.378775e-05,0.0,0.0,10.0
21,82,0,37.0,5.065786,124.86775,0.004522044,-0.00033551088,6.91267,125.98361,1.1,0.0,35.0,0.033835303,0.01,3000.0,0.1,17.659151,3.257241e-05,0.0,0.0,10.0
82,17,0,62.0,4.808187,52.953114,0.009634729,-0.0015178687,7.6582656,518.6573,1.1,0.0,35.0,0.033835303,0.01,3000.0,0.1,17.659065,3.4395423e-05,0.0,0.0,10.0
90,86,0,47.0,4.369934,144.14767,0.015209248,-0.0004667077,7.0611,199.58144,1.1,0.0,35.0,0.033835303,0.01,3000.0,0.1,17.658905,3.792751e-05,0.0,0.0,10.0
119,44,0,48.0,4.552379,8.078686,-0.022728259,-0.002012179,11.009016,0.0,1.1,0.0,35.0,0.033835303,0.01,3000.0,0.1,17.658974,3.6446316e-05,0.0,0.0,10.0
1,94,0,152.0,4.361319,126.20278,0.010427383,0.00017877354,7.0630813,455.58633,0.7,0.0,35.0,0.033835303,0.1,3000.0,0.035,176.58905,3.7927508e-05,0.0,0.0,30.0
74,47,0,45.0,5.3189106,155.12398,-0.0035431902,-0.00039263334,6.8636427,368.3426,1.1,0.0,35.0,0.033835303,0.01,3000.0,0.1,17.659218,3.1129195e-05,0.0,0.0,10.0
90,74,0,20.0,4.507389,180.0,0.000794125,-0.0020418358,7.030006,282.4315,1.1,0.0,35.0,0.033835303,0.01,3000.0,0.1,17.658957,3.6826106e-05,0.0,0.0,10.0
29,41,0,79.0,5.1932573,21.674673,0.0074828723,0.0010390802,6.887685,251.96722,1.1,0.0,35.0,0.033835303,0.01,3000.0,0.1,17.65918,3.188878e-05,0.0,0.0,10.0
33,110,0,90.0,4.354051,107.20654,-0.024899013,-0.000647726,10.702342,0.0,1.1,0.0,35.0,0.033835303,0.01,3000.0,0.1,17.658905,3.792751e-05,0.0,0.0,10.0
12,111,0,144.0,4.5811577,77.829544,0.003244808,0.00095838465,7.013704,282.4315,1.1,0.0,35.0,0.033835303,0.01,3000.0,0.1,17.658993,3.6028534e-05,0.0,0.0,10.0
14,0,0,39.0,5.2737875,104.12316,-0.00050474814,-0.000601407,6.872211,178.7396,1.1,0.0,35.0,0.033835303,0.01,3000.0,0.1,17.659208,3.1281113e-05,0.0,0.0,10.0
56,15,0,61.0,4.869854,7.546531,-0.0087597575,-0.0009131918,6.9523134,89.3698,1.1,0.0,35.0,0.033835303,0.01,3000.0,0.1,17.659082,3.405361e-05,0.0,0.0,10.0
10,18,0,59.0,5.3036213,13.949808,0.0002778892,0.0008794527,6.866538,399.16287,1.1,0.0,35.0,0.033835303,0.01,3000.0,0.1,17.659208,3.1281113e-05,0.0,0.0,10.0
86,10,0,38.0,4.4807496,339.08563,-0.0031058658,-0.0001990675,7.729105,198.81299,1.1,0.0,35.0,0.033835303,0.01,3000.0,0.1,17.658947,3.7016e-05,0.0,0.0,10.0
110,37,0,29.0,4.377176,163.00055,0.010238798,-6.164347e-05,7.0594378,125.98361,1.1,0.0,35.0,0.033835303,0.01,3000.0,0.1,17.658905,3.792751e-05,0.0,0.0,10.0
122,60,0,108.0,4.4901295,85.888115,0.007945434,0.00041326514,7.033858,397.62598,1.1,0.0,35.0,0.033835303,0.01,3000.0,0.1,17.65896,3.6750145e-05,0.0,0.0,10.0
13,30,0,44.0,4.869854,7.546531,-0.011726745,-0.0016913306,10.448821,0.0,1.1,0.0,35.0,0.033835303,0.01,3000.0,0.1,17.659082,3.405361e-05,0.0,0.0,10.0
111,19,0,32.0,4.729041,298.4548,0.009227899,-0.0002570849,7.67494,177.59404,1.1,0.0,35.0,0.033835303,0.01,3000.0,0.1,17.659044,3.4927136e-05,0.0,0.0,10.0
24,33,0,61.0,4.622245,236.13971,-0.0035154896,-0.0011544141,9.569686,89.3698,1.1,0.0,35.0,0.033835303,0.01,3000.0,0.1,17.659004,3.576269e-05,0.0,0.0,10.0
25,44,0,78.0,5.065786,55.132244,0.008454257,-0.00030278252,6.91267,198.81299,1.1,0.0,35.0,0.033835303,0.01,3000.0,0.1,17.659151,3.257241e-05,0.0,0.0,10.0
115,109,0,115.0,4.729041,61.545193,0.005046945,-0.0008152302,7.67494,198.81299,1.1,0.0,35.0,0.033835303,0.01,3000.0,0.1,17.659044,3.4927136e-05,0.0,0.0,10.0
39,14,0,134.0,5.219161,312.694,0.017043674,0.0012265281,6.882682,445.01822,1.1,0.0,35.0,0.033835303,0.01,3000.0,0.1,17.659191,3.1698884e-05,0.0,0.0,10.0
62,87,0,52.0,4.63364,33.52025,0.0009842196,-0.00035553955,8.7940235,198.81299,1.1,0.0,35.0,0.033835303,0.01,3000.0,0.1,17.659004,3.576269e-05,0.0,0.0,10.0
8,21,0,28.0,4.990111,224.81581,-0.0018039492,-0.00065608986,8.026411,199.58144,1.1,0.0,35.0,0.033835303,0.01,3000.0,0.1,17.659124,3.3142107e-05,0.0,0.0,10.0
107,3,0,27.0,4.4901295,265.88812,0.0035064844,7.1530914e-05,7.033858,88.79702,0.3,0.0,35.0,0.033835303,0.05,3000.0,0.015,88.2948,3.6750138e-05,0.0,0.0,50.0
72,11,0,38.0,5.219161,47.305996,-0.012118991,0.00013017579,10.060736,0.0,1.1,0.0,35.0,0.033835303,0.01,3000.0,0.1,17.659191,3.1698884e-05,0.0,0.0,10.0
94,32,0,75.0,4.8756375,66.667725,-0.0035815667,0.00017395221,9.148346,282.4315,1.1,0.0,35.0,0.033835303,0.01,3000.0,0.1,17.659092,3.3863715e-05,0.0,0.0,10.0
84,18,0,58.0,4.729041,241.54521,-0.004573629,-0.00027532535,6.981793,366.25882,1.1,0.0,35.0,0.033835303,0.01,3000.0,0.1,17.659044,3.4927136e-05,0.0,0.0,10.0
2,7,0,28.0,4.622245,56.13969,0.001021595,0.00010499044,7.0047364,89.3698,1.1,0.0,35.0,0.033835303,0.01,3000.0,0.1,17.659004,3.576269e-05,0.0,0.0,10.0
9,121,0,115.0,5.1152377,90.0,-0.005667141,-0.00034021377,9.898637,0.0,1.1,0.0,35.0,0.033835303,0.01,3000.0,0.1,17.659168,3.2192616e-05,0.0,0.0,10.0
80,15,0,49.0,5.3036213,346.0502,-0.0047836606,-0.0006222301,9.169123,377.95084,1.1,0.0,35.0,0.033835303,0.01,3000.0,0.1,17.659208,3.1281113e-05,0.0,0.0,10.0
56,26,0,62.0,4.7815247,160.46255,-0.008108683,-0.00033202296,8.356999,320.79907,1.1,0.0,35.0,0.033835303,0.01,3000.0,0.1,17.659056,3.4699257e-05,0.0,0.0,10.0
5,88,0,99.0,4.8384037,3.7897012,0.00020126399,1.5314969e-05,9.44373,251.96722,1.1,0.0,35.0,0.033835303,0.01,3000.0,0.1,17.65907,3.431947e-05,0.0,0.0,10.0
15,81,0,85.0,4.8928328,101.380974,0.013483681,0.0011955447,6.947583,266.39105,1.1,0.0,35.0,0.033835303,0.01,3000.0,0.1,17.6591,3.367382e-05,0.0,0.0,10.0
70,67,0,28.0,5.0076933,230.01317,0.00027142628,-0.0013657165,8.533702,266.39105,1.1,0.0,35.0,0.033835303,0.01,3000.0,0.1,17.659132,3.3028165e-05,0.0,0.0,10.0
76,21,0,105.0,4.8384037,3.7897012,-0.000788693,0.00031900074,6.9588237,397.62598,1.1,0.0,35.0,0.033835303,0.01,3000.0,0.1,17.65907,3.431947e-05,0.0,0.0,10.0
21,51,0,57.0,5.0111437,63.287308,-0.0033901965,-0.0016056934,8.869481,377.95084,1.1,0.0,35.0,0.033835303,0.01,3000.0,0.1,17.659134,3.2914224e-05,0.0,0.0,10.0
4,115,0,159.0,4.7815247,19.53743,0.017504377,0.001165392,6.970705,266.39105,1.1,0.0,35.0,0.033835303,0.01,3000.0,0.1,17.659056,3.4699257e-05,0.0,0.0,10.0
14,70,0,34.0,4.8384037,176.2103,-0.004291997,-0.0004818991,8.3451185,251.96722,1.1,0.0,35.0,0.033835303,0.01,3000.0,0.1,17.65907,3.431947e-05,0.0,0.0,10.0
89,6,0,39.0,5.1152377,90.0,-0.0031877663,-0.00030928527,8.289199,399.16287,1.1,0.0,35.0,0.033835303,0.01,3000.0,0.1,17.659168,3.2192616e-05,0.0,0.0,10.0
55,4,0,66.0,5.1797814,330.41354,-0.004007345,-0.00032058114,8.276591,321.59335,1.1,0.0,35.0,0.033835303,0.01,3000.0,0.1,17.659178,3.200272e-05,0.0,0.0,10.0
69,22,0,111.0,5.2220583,137.673,0.0037685826,-0.00023981942,7.575271,366.25882,1.1,0.0,35.0,0.033835303,0.01,3000.0,0.1,17.659191,3.1698884e-05,0.0,0.0,10.0
84,15,0,48.0,4.369934,35.85231,-0.0054930313,-0.00051796134,8.8528595,627.971,1.1,0.0,35.0,0.033835303,0.01,3000.0,0.1,17.658905,3.792751e-05,0.0,0.0,10.0
11,41,0,120.0,5.0772038,145.47705,0.008619217,0.0007119029,6.9104066,320.79907,1.1,0.0,35.0,0.033835303,0.01,3000.0,0.1,17.659151,3.257241e-05,0.0,0.0,10.0
73,90,0,70.0,4.903955,31.443304,-0.0017346522,-0.00037949142,7.6384487,88.79702,1.1,0.0,35.0,0.033835303,0.01,3000.0,0.1,17.659096,3.378775e-05,0.0,0.0,10.0
12,98,0,92.0,5.263955,142.60928,-3.8066032e-06,0.0001203729,6.874088,282.4315,1.1,0.0,35.0,0.033835303,0.01,3000.0,0.1,17.6592,3.1433032e-05,0.0,0.0,10.0
64,84,0,45.0,4.377176,163.00055,-0.014686601,-0.0005397386,8.668876,282.4315,1.1,0.0,35.0,0.033835303,0.01,3000.0,0.1,17.658905,3.792751e-05,0.0,0.0,10.0
75,59,0,21.0,4.4595017,68.83876,0.0018933215,-0.00055156,8.139343,251.96722,1.1,0.0,35.0,0.033835303,0.01,3000.0,0.1,17.658947,3.7016e-05,0.0,0.0,10.0
28,73,0,75.0,5.2050295,259.31342,-0.0035538347,0.0016201978,6.885408,320.79907,1.1,0.0,35.0,0.033835303,0.01,3000.0,0.1,17.659191,3.1698884e-05,0.0,0.0,10.0
71,64,0,61.0,4.81681,36.693226,0.003418176,0.0007486511,6.963318,518.6573,1.1,0.0,35.0,0.033835303,0.01,3000.0,0.1,17.659065,3.4395423e-05,0.0,0.0,10.0
11,8,0,40.0,5.1797814,150.41354,0.009725273,9.0041045e-05,6.8902974,251.96722,1.1,0.0,35.0,0.033835303,0.01,3000.0,0.1,17.659178,3.200272e-05,0.0,0.0,10.0
8,107,0,107.0,4.768279,312.4571,0.003884902,-0.00038586708,8.072104,280.98248,1.1,0.0,35.0,0.033835303,0.01,3000.0,0.1,17.659056,3.4699257e-05,0.0,0.0,10.0
14,18,0,70.0,5.2737875,75.87682,0.00074702734,0.0004838106,6.872211,357.4792,1.1,0.0,35.0,0.033835303,0.01,3000.0,0.1,17.659208,3.1281113e-05,0.0,0.0,10.0
83,7,0,24.0,4.921816,11.239298,-0.0051752045,-0.00030420345,9.02109,88.79702,1.1,0.0,35.0,0.033835303,0.01,3000.0,0.1,17.6591,3.367382e-05,0.0,0.0,10.0
51,77,0,117.0,4.60799,12.019503,0.014147941,0.0012100482,7.0078387,445.8201,1.1,0.0,35.0,0.033835303,0.01,3000.0,0.1,17.658993,3.6028534e-05,0.0,0.0,10.0
28,115,0,200.0,4.585042,245.0844,0.0021378065,0.0020554834,7.0128527,368.3426,1.1,0.0,35.0,0.033835303,0.01,3000.0,0.1,17.658993,3.6028534e-05,0.0,0.0,10.0
7,39,0,120.0,4.451617,239.58298,0.006286615,0.0011025585,7.042507,368.3426,1.1,0.0,35.0,0.033835303,0.01,3000.0,0.1,17.658943,3.7129943e-05,0.0,0.0,10.0
92,15,0,23.0,4.622245,123.8603,0.005408445,3.6749065e-05,7.0047364,198.81299,1.1,0.0,35.0,0.033835303,0.01,3000.0,0.1,17.659004,3.576269e-05,0.0,0.0,10.0
107,9,0,62.0,5.1480565,0.0,0.009728031,0.00072045164,6.8964744,266.39105,1.1,0.0,35.0,0.033835303,0.01,3000.0,0.1,17.659168,3.2192616e-05,0.0,0.0,10.0
57,75,0,42.0,5.065786,235.13225,-0.001104154,-0.00024515772,6.91267,88.79702,1.1,0.0,35.0,0.033835303,0.01,3000.0,0.1,17.659151,3.257241e-05,0.0,0.0,10.0
58,27,0,51.0,4.4807496,200.91438,0.0011342805,-0.0007772254,9.233183,177.59404,1.1,0.0,35.0,0.033835303,0.01,3000.0,0.1,17.658947,3.7016e-05,0.0,0.0,10.0
16,123,0,135.0,5.2220583,222.327,0.006663591,-0.00057455717,7.9807363,377.95084,1.1,0.0,35.0,0.033835303,0.01,3000.0,0.1,17.659191,3.1698884e-05,0.0,0.0,10.0
67,44,0,26.0,4.990111,224.81581,-0.0048706625,-0.0010500406,8.026411,320.79907,1.1,0.0,35.0,0.033835303,0.01,3000.0,0.1,17.659124,3.3142107e-05,0.0,0.0,10.0
42,115,0,101.0,4.768279,227.5429,-0.0020570145,0.0006332647,7.6666393,268.10938,1.1,0.0,35.0,0.033835303,0.01,3000.0,0.1,17.659056,3.4699257e-05,0.0,0.0,10.0
11,5,0,56.0,4.993636,165.16003,0.0068344753,9.201299e-05,6.9270887,368.3426,1.1,0.0,35.0,0.033835303,0.01,3000.0,0.1,17.659122,3.3218064e-05,0.0,0.0,10.0
85,38,0,19.0,5.219161,47.305996,-0.0008646184,-0.0023171285,8.49212,88.79702,1.1,0.0,35.0,0.033835303,0.01,3000.0,0.1,17.659191,3.1698884e-05,0.0,0.0,10.0
95,28,0,66.0,5.1252937,86.40065,-0.0012846311,-0.00016569908,7.9995418,320.79907,1.1,0.0,35.0,0.033835303,0.01,3000.0,0.1,17.65917,3.2154636e-05,0.0,0.0,10.0
99,46,0,23.0,5.162992,60.09617,0.0010116951,-0.00012282688,6.8935614,89.3698,1.1,0.0,35.0,0.033835303,0.01,3000.0,0.1,17.659178,3.200272e-05,0.0,0.0,10.0
50,109,0,110.0,4.5244837,98.18182,0.018105844,-4.2542768e-05,7.0262046,198.81299,1.1,0.0,35.0,0.033835303,0.01,3000.0,0.1,17.658974,3.6446316e-05,0.0,0.0,10.0
45,19,0,112.0,5.3297496,237.09698,0.00044858953,0.001085771,6.861595,366.25882,1.1,0.0,35.0,0.033835303,0.01,3000.0,0.1,17.659224,3.0977277e-05,0.0,0.0,10.0
36,78,0,69.0,4.7579055,109.77079,0.015285667,0.0007109342,6.97568,320.79907,1.1,0.0,35.0,0.033835303,0.01,3000.0,0.1,17.659056,3.4699257e-05,0.0,0.0,10.0
103,53,0,21.0,4.966008,74.97661,-0.0037819773,-0.00010996757,9.640715,89.3698,1.1,0.0,35.0,0.033835303,0.01,3000.0,0.1,17.659122,3.3218064e-05,0.0,0.0,10.0
24,35,0,66.0,5.0772038,34.522938,-0.0021693092,-0.0007134168,8.009019,198.81299,1.1,0.0,35.0,0.033835303,0.01,3000.0,0.1,17.659151,3.257241e-05,0.0,0.0,10.0
40,36,0,55.0,4.966008,254.97662,0.0043175058,-0.0002724856,6.932665,88.79702,1.1,0.0,35.0,0.033835303,0.01,3000.0,0.1,17.659122,3.3218064e-05,0.0,0.0,10.0
115,48,0,129.0,4.622245,56.13969,0.0141520975,0.0013885035,7.0047364,321.59335,0.3,0.0,35.0,0.033835303,0.05,3000.0,0.015,88.29502,3.5762674e-05,0.0,0.0,50.0
21,81,0,37.0,4.4595017,111.161224,-0.0072992253,0.0002164993,8.139343,89.3698,1.1,0.0,35.0,0.033835303,0.01,3000.0,0.1,17.658947,3.7016e-05,0.0,0.0,10.0
25,43,0,74.0,5.030414,333.58203,-0.0056328443,0.000521457,6.9197135,125.98361,1.1,0.0,35.0,0.033835303,0.01,3000.0,0.1,17.659134,3.2914224e-05,0.0,0.0,10.0
20,82,0,41.0,5.1579194,176.44652,0.0060949433,0.00013877821,6.89455,125.98361,1.1,0.0,35.0,0.033835303,0.01,3000.0,0.1,17.65917,3.2154636e-05,0.0,0.0,10.0
41,6,0,97.0,5.2050295,100.68658,0.013474901,-0.00039497766,6.885408,320.79907,1.1,0.0,35.0,0.033835303,0.01,3000.0,0.1,17.659191,3.1698884e-05,0.0,0.0,10.0
111,6,0,38.0,5.3036213,13.949808,-0.0029575329,-0.0005375785,6.866538,88.79702,1.1,0.0,35.0,0.033835303,0.01,3000.0,0.1,17.659208,3.1281113e-05,0.0,0.0,10.0
32,19,0,73.0,5.219161,132.694,0.0043217936,7.701881e-05,6.882682,88.79702,1.1,0.0,35.0,0.033835303,0.01,3000.0,0.1,17.659191,3.1698884e-05,0.0,0.0,10.0
95,34,0,78.0,4.518679,175.94048,-0.002877196,0.0007934847,7.0274935,320.79907,1.1,0.0,35.0,0.033835303,0.01,3000.0,0.1,17.65896,3.6750145e-05,0.0,0.0,10.0
19,17,0,43.0,5.2971134,295.15836,0.01399707,-0.00037705357,6.867773,89.3698,1.1,0.0,35.0,0.033835303,0.01,3000.0,0.1,17.659218,3.1129195e-05,0.0,0.0,10.0
114,123,0,18.0,4.684716,195.84836,-0.006918153,4.0067873e-05,10.082294,0.0,1.1,0.0,35.0,0.033835303,0.01,3000.0,0.1,17.65902,3.542087e-05,0.0,0.0,10.0
16,11,0,32.0,5.0772038,34.522938,0.002514587,0.0003681544,6.9104066,88.79702,1.1,0.0,35.0,0.033835303,0.01,3000.0,0.1,17.659151,3.257241e-05,0.0,0.0,10.0
91,17,0,11.0,4.729041,118.45479,-0.006077721,-0.0013395225,10.508153,0.0,1.1,0.0,35.0,0.033835303,0.01,3000.0,0.1,17.659044,3.4927136e-05,0.0,0.0,10.0
106,16,0,36.0,5.5991187,238.87349,0.010768984,0.00020388645,6.8119903,198.81299,1.1,0.0,35.0,0.033835303,0.01,3000.0,0.1,17.659292,2.9496081e-05,0.0,0.0,10.0
57,90,0,76.0,5.865707,350.59723,0.007965527,0.00033728068,6.7651644,199.58144,1.1,0.0,35.0,0.033835303,0.01,3000.0,0.1,17.65935,2.8242763e-05,0.0,0.0,10.0
91,10,0,40.0,5.6723638,137.47417,0.017005427,-0.0001394906,6.798909,177.59404,1.1,0.0,35.0,0.033835303,0.01,3000.0,0.1,17.659306,2.9154262e-05,0.0,0.0,10.0
7,85,0,70.0,5.460222,332.0802,-0.00017725983,-0.00061041384,7.5304136,199.58144,1.1,0.0,35.0,0.033835303,0.01,3000.0,0.1,17.659254,3.0331626e-05,0.0,0.0,10.0
88,6,0,52.0,5.4653687,110.677444,0.008457124,0.00028607468,6.8363185,321.59335,1.1,0.0,35.0,0.033835303,0.01,3000.0,0.1,17.65926,3.017971e-05,0.0,0.0,10.0
57,72,0,30.0,5.5100226,305.7121,-0.00514751,-0.00013406872,7.521279,251.96722,0.3,0.0,35.0,0.033835303,0.05,3000.0,0.015,88.29634,2.9989806e-05,0.0,0.0,50.0
105,101,0,140.0,5.792224,199.3247,0.011537832,-0.00010174347,6.7778587,397.62598,1.1,0.0,35.0,0.033835303,0.01,3000.0,0.1,17.659332,2.8584573e-05,0.0,0.0,10.0
28,34,0,97.0,5.491747,200.43523,0.008335108,0.00072633894,6.8314743,452.8904,1.1,0.0,35.0,0.033835303,0.01,3000.0,0.1,17.65926,3.017971e-05,0.0,0.0,10.0
122,34,0,136.0,5.614426,346.84137,0.0024465874,-0.0004958682,8.195537,399.16287,1.1,0.0,35.0,0.033835303,0.01,3000.0,0.1,17.659288,2.9534056e-05,0.0,0.0,10.0
87,82,0,44.0,5.4653687,69.32254,0.0031091038,-0.00031752014,6.8363185,377.95084,1.1,0.0,35.0,0.033835303,0.01,3000.0,0.1,17.65926,3.017971e-05,0.0,0.0,10.0
26,13,0,70.0,5.4653687,69.32254,0.0023612867,0.0007398942,6.8363185,198.81299,1.1,0.0,35.0,0.033835303,0.01,3000.0,0.1,17.65926,3.017971e-05,0.0,0.0,10.0
17,121,0,148.0,5.442539,93.38812,0.0032289554,0.0007496005,6.84053,199.58144,1.1,0.0,35.0,0.033835303,0.01,3000.0,0.1,17.659256,3.0293644e-05,0.0,0.0,10.0
31,35,0,76.0,5.878138,112.510124,0.008677752,0.00030414163,6.7630324,282.4315,1.1,0.0,35.0,0.033835303,0.01,3000.0,0.1,17.659359,2.8052858e-05,0.0,0.0,10.0
75,19,0,78.0,5.615977,329.19852,-0.0106810685,-0.00036030432,9.20686,198.81299,1.1,0.0,35.0,0.033835303,0.01,3000.0,0.1,17.659292,2.9496081e-05,0.0,0.0,10.0
59,71,0,26.0,5.7024865,51.66367,-0.004160228,-0.00053023547,7.486725,89.3698,0.7,0.0,35.0,0.033835303,0.1,3000.0,0.035,176.59317,2.8926384e-05,0.0,0.0,30.0
54,92,0,64.0,5.5508165,9.945122,-0.008815182,-0.0016699601,9.816442,0.0,1.1,0.0,35.0,0.033835303,0.01,3000.0,0.1,17.659275,2.9875873e-05,0.0,0.0,10.0
84,68,0,25.0,5.360866,252.54083,-0.0049050176,-0.0007581204,8.465178,198.81299,1.1,0.0,35.0,0.033835303,0.01,3000.0,0.1,17.659235,3.07494e-05,0.0,0.0,10.0
12,118,0,122.0,5.8303843,279.52225,0.006929348,-0.00029003256,6.771247,199.58144,1.1,0.0,35.0,0.033835303,0.01,3000.0,0.1,17.65935,2.8242763e-05,0.0,0.0,10.0
96,52,0,59.0,5.615977,329.19852,0.019802721,0.0005019221,6.8089647,366.25882,1.1,0.0,35.0,0.033835303,0.01,3000.0,0.1,17.659292,2.9496081e-05,0.0,0.0,10.0
46,113,0,74.0,5.477191,183.34494,-0.011217496,-0.0001443446,9.829877,0.0,1.1,0.0,35.0,0.033835303,0.01,3000.0,0.1,17.659256,3.0293644e-05,0.0,0.0,10.0
31,38,0,65.0,5.6723638,317.47418,0.006197142,-0.00076235435,6.798909,368.3426,1.1,0.0,35.0,0.033835303,0.01,3000.0,0.1,17.659306,2.9154262e-05,0.0,0.0,10.0
78,23,0,101.0,5.873087,119.51542,0.0029706187,0.0005002915,6.7638984,268.10938,1.1,0.0,35.0,0.033835303,0.01,3000.0,0.1,17.659353,2.8090843e-05,0.0,0.0,10.0
68,22,0,120.0,5.71111,142.02159,0.011434675,0.0007984512,6.7920566,355.18808,1.1,0.0,35.0,0.033835303,0.01,3000.0,0.1,17.659315,2.892639e-05,0.0,0.0,10.0
85,46,0,47.0,5.69514,163.7099,-0.002080223,-0.0008161085,9.097461,251.96722,1.1,0.0,35.0,0.033835303,0.01,3000.0,0.1,17.65931,2.9116287e-05,0.0,0.0,10.0
10,28,0,43.0,5.457005,49.58189,0.0007842919,-0.000105187646,10.749883,0.0,1.1,0.0,35.0,0.033835303,0.01,3000.0,0.1,17.659256,3.0293644e-05,0.0,0.0,10.0
57,22,0,120.0,5.4408164,61.77427,0.0119312145,0.0009931002,6.8408484,377.95084,1.1,0.0,35.0,0.033835303,0.01,3000.0,0.1,17.659254,3.0331626e-05,0.0,0.0,10.0
37,77,0,56.0,5.6694703,47.106953,0.0009717298,0.0001200492,6.7994227,282.4315,1.1,0.0,35.0,0.033835303,0.01,3000.0,0.1,17.659306,2.9154262e-05,0.0,0.0,10.0
90,68,0,58.0,5.5508165,350.05487,0.008965472,-0.00055367104,6.820709,320.79907,1.1,0.0,35.0,0.033835303,0.01,3000.0,0.1,17.659275,2.9875873e-05,0.0,0.0,10.0
37,9,0,78.0,5.5824113,256.67712,-0.0052228477,-0.0008031531,7.91361,199.58144,1.1,0.0,35.0,0.033835303,0.01,3000.0,0.1,17.659288,2.9534056e-05,0.0,0.0,10.0
39,15,0,134.0,5.6723638,222.52583,0.012721407,0.0018251709,6.798909,377.95084,1.1,0.0,35.0,0.033835303,0.01,3000.0,0.1,17.659306,2.9154262e-05,0.0,0.0,10.0
89,82,0,49.0,5.460222,207.91982,0.0019066804,-0.00049175246,6.8372664,503.93445,1.1,0.0,35.0,0.033835303,0.01,3000.0,0.1,17.659254,3.0331626e-05,0.0,0.0,10.0
65,42,0,33.0,5.7849717,213.52026,-0.008398671,-0.00054958736,8.388558,320.79907,1.1,0.0,35.0,0.033835303,0.01,3000.0,0.1,17.659332,2.8584573e-05,0.0,0.0,10.0
107,38,0,21.0,5.5508165,9.945122,6.811687e-05,-0.00085060624,9.459766,125.98361,1.1,0.0,35.0,0.033835303,0.01,3000.0,0.1,17.659275,2.9875873e-05,0.0,0.0,10.0
35,12,0,95.0,5.504919,186.66722,0.00944358,0.00043500378,6.829064,268.10938,1.1,0.0,35.0,0.033835303,0.01,3000.0,0.1,17.659264,3.014173e-05,0.0,0.0,10.0
20,10,0,27.0,5.477191,176.65506,-0.0021950945,-0.0014162296,8.780055,125.98361,1.1,0.0,35.0,0.033835303,0.01,3000.0,0.1,17.659256,3.0293644e-05,0.0,0.0,10.0
64,12,0,110.0,5.360866,252.54083,-0.0009572233,2.8066412e-05,6.85574,625.58856,1.1,0.0,35.0,0.033835303,0.01,3000.0,0.1,17.659235,3.07494e-05,0.0,0.0,10.0
106,15,0,33.0,5.5175896,280.07123,0.0011175091,0.00023468891,6.8267508,125.98361,1.1,0.0,35.0,0.033835303,0.01,3000.0,0.1,17.659275,2.9875873e-05,0.0,0.0,10.0
26,59,0,31.0,5.5991187,121.12651,0.00013271629,-0.0007513521,7.5051374,198.81299,1.1,0.0,35.0,0.033835303,0.01,3000.0,0.1,17.659292,2.9496081e-05,0.0,0.0,10.0
32,36,0,58.0,5.878138,112.510124,-0.0008412198,-0.00063055614,7.4561796,251.96722,1.1,0.0,35.0,0.033835303,0.01,3000.0,0.1,17.659359,2.8052858e-05,0.0,0.0,10.0
5,81,0,87.0,5.69514,196.2901,0.0013327835,0.00042615522,7.488023,266.39105,1.1,0.0,35.0,0.033835303,0.01,3000.0,0.1,17.65931,2.9116287e-05,0.0,0.0,10.0
34,50,0,63.0,5.744536,26.417976,-0.001809284,-0.000442541,7.479329,251.96722,1.1,0.0,35.0,0.033835303,0.01,3000.0,0.1,17.65932,2.8850429e-05,0.0,0.0,10.0
60,87,0,51.0,5.5862913,293.76495,0.0028392882,6.805414e-05,6.814298,177.59404,1.1,0.0,35.0,0.033835303,0.01,3000.0,0.1,17.659288,2.9534056e-05,0.0,0.0,10.0
12,7,0,35.0,5.6694703,132.89305,-0.0044427733,9.0542686e-05,7.49257,280.98248,1.1,0.0,35.0,0.033835303,0.01,3000.0,0.1,17.659306,2.9154262e-05,0.0,0.0,10.0
40,90,0,41.0,5.6694703,47.106953,-0.012434694,-0.0013820451,11.499903,0.0,1.1,0.0,35.0,0.033835303,0.01,3000.0,0.1,17.659306,2.9154262e-05,0.0,0.0,10.0
90,12,0,25.0,5.4330826,90.0,-0.0066672247,-0.00046321572,9.550329,89.3698,1.1,0.0,35.0,0.033835303,0.01,3000.0,0.1,17.659254,3.0331626e-05,0.0,0.0,10.0
12,42,0,107.0,5.69514,163.7099,0.0040013534,0.0004498868,7.488023,320.79907,1.1,0.0,35.0,0.033835303,0.01,3000.0,0.1,17.65931,2.9116287e-05,0.0,0.0,10.0
90,32,0,103.0,5.865707,170.59723,0.012240715,0.000624373,6.7651644,251.96722,1.1,0.0,35.0,0.033835303,0.01,3000.0,0.1,17.65935,2.8242763e-05,0.0,0.0,10.0
106,14,0,33.0,5.664636,253.51047,-0.0063050757,0.00036353708,8.997506,89.3698,1.1,0.0,35.0,0.033835303,0.01,3000.0,0.1,17.65931,2.9116287e-05,0.0,0.0,10.0
25,61,0,22.0,5.822356,173.7001,-0.008042145,-0.0005545874,7.465781,88.79702,1.1,0.0,35.0,0.033835303,0.01,3000.0,0.1,17.65934,2.8470633e-05,0.0,0.0,10.0
117,51,0,94.0,5.441147,44.815804,-0.0021497055,0.00029305002,8.227081,125.98361,1.1,0.0,35.0,0.033835303,0.01,3000.0,0.1,17.659248,3.0407587e-05,0.0,0.0,10.0
20,13,0,47.0,5.722564,243.28732,0.007889419,0.0009306688,6.7900395,198.81299,1.1,0.0,35.0,0.033835303,0.01,3000.0,0.1,17.65932,2.8850429e-05,0.0,0.0,10.0
106,38,0,23.0,5.69514,16.290085,-0.0018590931,-0.00025188015,7.893488,88.79702,1.1,0.0,35.0,0.033835303,0.01,3000.0,0.1,17.65931,2.9116287e-05,0.0,0.0,10.0
36,34,0,58.0,5.5824113,256.67712,0.0064865756,0.00061847054,6.8149977,178.7396,1.1,0.0,35.0,0.033835303,0.01,3000.0,0.1,17.659288,2.9534056e-05,0.0,0.0,10.0
72,19,0,93.0,5.822356,353.7001,0.0022501533,-0.00013425706,6.772634,251.96722,1.1,0.0,35.0,0.033835303,0.01,3000.0,0.1,17.65934,2.8470633e-05,0.0,0.0,10.0
57,114,0,73.0,5.442539,86.61187,-0.004304127,-0.001485487,10.73235,0.0,1.1,0.0,35.0,0.033835303,0.01,3000.0,0.1,17.659256,3.0293644e-05,0.0,0.0,10.0
14,77,0,68.0,5.360866,252.54083,-0.006381086,-0.0008761506,7.5488873,357.4792,1.1,0.0,35.0,0.033835303,0.01,3000.0,0.1,17.659235,3.07494e-05,0.0,0.0,10.0
102,52,0,32.0,5.360866,72.54081,0.0065696486,0.00060635305,6.85574,199.58144,1.1,0.0,35.0,0.033835303,0.01,3000.0,0.1,17.659235,3.07494e-05,0.0,0.0,10.0
42,17,0,127.0,5.3439126,147.43211,0.01745854,6.683232e-05,6.858926,445.8201,1.1,0.0,35.0,0.033835303,0.01,3000.0,0.1,17.659224,3.0977277e-05,0.0,0.0,10.0
42,29,0,65.0,5.477191,3.3449337,-0.004570299,-0.00037606596,8.220439,88.79702,1.1,0.0,35.0,0.033835303,0.01,3000.0,0.1,17.659256,3.0293644e-05,0.0,0.0,10.0
19,81,0,38.0,5.614426,193.15863,-0.004184898,-0.00021394556,6.8092422,89.3698,1.1,0.0,35.0,0.033835303,0.01,3000.0,0.1,17.659288,2.9534056e-05,0.0,0.0,10.0
105,95,0,133.0,5.744536,26.417976,0.00049911276,-0.0006708818,7.479329,88.79702,1.1,0.0,35.0,0.033835303,0.01,3000.0,0.1,17.65932,2.8850429e-05,0.0,0.0,10.0
31,65,0,31.0,5.610566,156.5056,0.004789242,-0.00074822013,7.503082,199.58144,1.1,0.0,35.0,0.033835303,0.01,3000.0,0.1,17.659288,2.9534056e-05,0.0,0.0,10.0
111,103,0,139.0,5.7595143,86.7997,0.010982475,0.0004956342,6.7835603,125.98361,1.1,0.0,35.0,0.033835303,0.01,3000.0,0.1,17.659332,2.8584573e-05,0.0,0.0,10.0
63,122,0,79.0,5.69514,163.7099,0.0020412002,-0.00020056448,6.7948756,88.79702,1.1,0.0,35.0,0.033835303,0.01,3000.0,0.1,17.65931,2.9116287e-05,0.0,0.0,10.0
63,99,0,137.0,5.792224,160.6753,0.016241388,0.0011132456,6.7778587,251.96722,1.1,0.0,35.0,0.033835303,0.01,3000.0,0.1,17.659332,2.8584573e-05,0.0,0.0,10.0
62,25,0,91.0,5.462781,220.05481,-2.382867e-05,0.0022710157,6.8367953,280.98248,1.1,0.0,35.0,0.033835303,0.01,3000.0,0.1,17.659256,3.0293644e-05,0.0,0.0,10.0
66,101,0,112.0,5.6723638,222.52583,-0.00456253,-0.000630572,8.74482,177.59404,1.1,0.0,35.0,0.033835303,0.01,3000.0,0.1,17.659306,2.9154262e-05,0.0,0.0,10.0
62,110,0,147.0,5.491747,200.43523,0.0059766206,0.0003942889,6.8314743,446.84897,1.1,0.0,35.0,0.033835303,0.01,3000.0,0.1,17.65926,3.017971e-05,0.0,0.0,10.0
65,49,0,11.0,5.5991187,58.873466,-0.005886918,-0.00045290877,7.5051374,125.98361,1.1,0.0,35.0,0.033835303,0.01,3000.0,0.1,17.659292,2.9496081e-05,0.0,0.0,10.0
52,45,0,61.0,5.5862913,293.76495,0.0050549298,4.4751487e-05,6.814298,320.79907,1.1,0.0,35.0,0.033835303,0.01,3000.0,0.1,17.659288,2.9534056e-05,0.0,0.0,10.0
82,49,0,23.0,5.3439126,32.56788,-0.003620725,-0.0012192428,7.552073,125.98361,1.1,0.0,35.0,0.033835303,0.01,3000.0,0.1,17.659224,3.0977277e-05,0.0,0.0,10.0
25,58,0,46.0,5.5862913,113.764946,0.005628727,0.0002967981,6.814298,198.81299,0.7,0.0,35.0,0.033835303,0.1,3000.0,0.035,176.59288,2.9534058e-05,0.0,0.0,30.0
15,15,0,34.0,5.7849717,33.520252,-0.00038175765,-0.0010780027,7.472267,321.59335,1.1,0.0,35.0,0.033835303,0.01,3000.0,0.1,17.659332,2.8584573e-05,0.0,0.0,10.0
105,77,0,22.0,5.462781,220.05481,-0.0042709224,-0.0010915555,8.223089,125.98361,1.1,0.0,35.0,0.033835303,0.01,3000.0,0.1,17.659256,3.0293644e-05,0.0,0.0,10.0
99,53,0,32.0,5.470806,83.24728,-0.004432783,-0.000977005,7.5284653,397.62598,1.1,0.0,35.0,0.033835303,0.01,3000.0,0.1,17.659264,3.014173e-05,0.0,0.0,10.0
27,11,0,41.0,5.462781,40.0548,-0.0021082286,-0.00048159857,9.321702,177.59404,1.1,0.0,35.0,0.033835303,0.01,3000.0,0.1,17.659256,3.0293644e-05,0.0,0.0,10.0
50,10,0,76.0,5.865707,350.59723,-0.0013921135,-1.3674255e-05,9.473215,177.59404,1.1,0.0,35.0,0.033835303,0.01,3000.0,0.1,17.65935,2.8242763e-05,0.0,0.0,10.0
47,71,0,42.0,5.865707,189.40277,0.008739839,-0.000829811,6.7651644,280.98248,1.1,0.0,35.0,0.033835303,0.01,3000.0,0.1,17.65935,2.8242763e-05,0.0,0.0,10.0
83,2,0,16.0,5.7595143,273.20032,0.00046715414,-0.0006313685,6.7835603,88.79702,1.1,0.0,35.0,0.033835303,0.01,3000.0,0.1,17.659332,2.8584573e-05,0.0,0.0,10.0
65,62,0,24.0,5.504919,353.33276,-0.01121633,-0.00023403873,8.438502,357.4792,0.3,0.0,35.0,0.033835303,0.05,3000.0,0.015,88.29632,3.0141728e-05,0.0,0.0,50.0
108,5,0,31.0,5.7024865,308.33633,0.0035143665,-0.00025443168,6.7935777,89.3698,1.1,0.0,35.0,0.033835303,0.01,3000.0,0.1,17.659315,2.892639e-05,0.0,0.0,10.0
27,3,0,71.0,5.5175896,280.07123,0.0053508314,-0.00025799545,6.8267508,198.81299,1.1,0.0,35.0,0.033835303,0.01,3000.0,0.1,17.659275,2.9875873e-05,0.0,0.0,10.0
30,86,0,35.0,5.457005,310.41812,-0.0146294935,-0.0006066776,8.447297,89.3698,1.1,0.0,35.0,0.033835303,0.01,3000.0,0.1,17.659256,3.0293644e-05,0.0,0.0,10.0
70,115,0,138.0,5.878138,67.48986,0.0025509428,-0.0013372536,7.8616447,125.98361,1.1,0.0,35.0,0.033835303,0.01,3000.0,0.1,17.659359,2.8052858e-05,0.0,0.0,10.0
25,59,0,42.0,5.5991187,121.12651,0.00728992,0.00019550115,6.8119903,251.96722,1.1,0.0,35.0,0.033835303,0.01,3000.0,0.1,17.659292,2.9496081e-05,0.0,0.0,10.0
63,121,0,88.0,5.491747,159.56477,0.00093356764,0.00034727735,6.8314743,125.98361,1.1,0.0,35.0,0.033835303,0.01,3000.0,0.1,17.65926,3.017971e-05,0.0,0.0,10.0
49,40,0,52.0,5.744536,206.41798,0.0013101707,0.0005228301,6.786182,177.59404,1.1,0.0,35.0,0.033835303,0.01,3000.0,0.1,17.65932,2.8850429e-05,0.0,0.0,10.0
18,42,0,105.0,5.7024865,51.66367,0.0010166345,0.0010790329,6.7935777,397.62598,1.1,0.0,35.0,0.033835303,0.01,3000.0,0.1,17.659315,2.892639e-05,0.0,0.0,10.0
122,24,0,51.0,5.71111,142.02159,-0.0034676085,-0.0006819611,7.4852037,88.79702,1.1,0.0,35.0,0.033835303,0.01,3000.0,0.1,17.659315,2.892639e-05,0.0,0.0,10.0
39,47,0,29.0,5.7707796,56.13969,-0.008917925,-0.0010344577,8.978818,89.3698,1.1,0.0,35.0,0.033835303,0.01,3000.0,0.1,17.659332,2.8584573e-05,0.0,0.0,10.0
3,84,0,68.0,5.5175896,79.92877,-0.0042311205,5.9923743e-05,6.8267508,125.98361,1.1,0.0,35.0,0.033835303,0.01,3000.0,0.1,17.659275,2.9875873e-05,0.0,0.0,10.0
93,61,0,70.0,5.4653687,249.32256,-0.007790891,0.0023171776,6.8363185,366.25882,1.1,0.0,35.0,0.033835303,0.01,3000.0,0.1,17.65926,3.017971e-05,0.0,0.0,10.0
22,26,0,93.0,5.4330826,270.0,0.014001171,0.00095731247,6.8422794,320.79907,1.1,0.0,35.0,0.033835303,0.01,3000.0,0.1,17.659254,3.0331626e-05,0.0,0.0,10.0
90,16,0,27.0,5.8303843,99.52224,-0.0003858963,0.0003189482,8.157541,125.98361,1.1,0.0,35.0,0.033835303,0.01,3000.0,0.1,17.65935,2.8242763e-05,0.0,0.0,10.0
118,4,0,42.0,5.873087,299.51544,-0.0072450996,-0.0011846443,9.471949,88.79702,1.1,0.0,35.0,0.033835303,0.01,3000.0,0.1,17.659353,2.8090843e-05,0.0,0.0,10.0
111,16,0,27.0,5.792224,199.3247,-0.00057903136,-0.00043813564,7.471006,88.79702,1.1,0.0,35.0,0.033835303,0.01,3000.0,0.1,17.659332,2.8584573e-05,0.0,0.0,10.0
104,114,0,66.0,5.69514,343.7099,0.019091226,-2.3484386e-05,6.7948756,282.4315,1.1,0.0,35.0,0.033835303,0.01,3000.0,0.1,17.65931,2.9116287e-05,0.0,0.0,10.0
14,26,0,85.0,5.7861958,276.38077,0.0018007457,0.00081069017,6.7789073,251.96722,1.1,0.0,35.0,0.033835303,0.01,3000.0,0.1,17.65934,2.8470633e-05,0.0,0.0,10.0
108,11,0,71.0,5.7024865,231.66368,0.004557913,0.0011755469,6.7935777,377.95084,1.1,0.0,35.0,0.033835303,0.01,3000.0,0.1,17.659315,2.892639e-05,0.0,0.0,10.0
116,96,0,176.0,5.8303843,80.47775,-0.0029445537,-0.00013980361,6.771247,399.16287,1.1,0.0,35.0,0.033835303,0.01,3000.0,0.1,17.65935,2.8242763e-05,0.0,0.0,10.0
39,66,0,39.0,5.457005,310.41812,0.013931713,0.00033638123,6.8378596,199.58144,1.1,0.0,35.0,0.033835303,0.01,3000.0,0.1,17.659256,3.0293644e-05,0.0,0.0,10.0
118,54,0,101.0,5.6723638,317.47418,0.0028479097,-0.00077063544,7.8975215,251.96722,1.1,0.0,35.0,0.033835303,0.01,3000.0,0.1,17.659306,2.9154262e-05,0.0,0.0,10.0
91,8,0,26.0,5.5214534,35.36362,0.0018457673,-0.0012955668,7.5191936,178.7396,1.1,0.0,35.0,0.033835303,0.01,3000.0,0.1,17.659267,2.9989817e-05,0.0,0.0,10.0
71,28,0,41.0,5.610566,203.4944,-0.00053806894,-0.0030595846,8.755845,125.98361,1.1,0.0,35.0,0.033835303,0.01,3000.0,0.1,17.659288,2.9534056e-05,0.0,0.0,10.0
14,104,0,108.0,5.5214534,215.36362,-0.008820124,-0.00024634675,7.924659,251.96722,1.1,0.0,35.0,0.033835303,0.01,3000.0,0.1,17.659267,2.9989817e-05,0.0,0.0,10.0
39,57,0,89.0,5.7505927,90.0,0.014482695,0.0009865863,6.785121,321.59335,1.1,0.0,35.0,0.033835303,0.01,3000.0,0.1,17.65933,2.8622553e-05,0.0,0.0,10.0
30,70,0,34.0,5.5824113,283.32288,-0.0015910871,-0.0014208338,9.950492,0.0,1.1,0.0,35.0,0.033835303,0.01,3000.0,0.1,17.659288,2.9534056e-05,0.0,0.0,10.0
55,41,0,26.0,5.477191,3.3449337,-0.0028164748,-0.0006060885,8.780055,88.79702,1.1,0.0,35.0,0.033835303,0.01,3000.0,0.1,17.659256,3.0293644e-05,0.0,0.0,10.0
105,8,0,50.0,5.664636,253.51047,0.0032044023,0.00095900655,6.8002815,251.96722,1.1,0.0,35.0,0.033835303,0.01,3000.0,0.1,17.65931,2.9116287e-05,0.0,0.0,10.0
107,71,0,140.0,5.722564,116.712685,-0.0103509175,0.00015206935,7.4831867,520.229,1.1,0.0,35.0,0.033835303,0.01,3000.0,0.1,17.65932,2.8850429e-05,0.0,0.0,10.0
89,118,0,43.0,5.5214534,215.36362,0.0008833318,-0.0019771017,7.924659,280.98248,1.1,0.0,35.0,0.033835303,0.01,3000.0,0.1,17.659267,2.9989817e-05,0.0,0.0,10.0
52,52,0,32.0,5.38911,197.24944,0.0020793816,-4.2729935e-05,6.8504543,198.81299,1.1,0.0,35.0,0.033835303,0.01,3000.0,0.1,17.659235,3.07494e-05,0.0,0.0,10.0
106,53,0,34.0,5.8303843,279.52225,-0.0020469262,-0.00013599846,6.771247,178.7396,1.1,0.0,35.0,0.033835303,0.01,3000.0,0.1,17.65935,2.8242763e-05,0.0,0.0,10.0
1,103,0,111.0,5.504919,173.33278,0.00879058,0.0006554155,6.829064,125.98361,1.1,0.0,35.0,0.033835303,0.01,3000.0,0.1,17.659264,3.014173e-05,0.0,0.0,10.0
56,51,0,51.0,5.722564,116.712685,0.007826304,0.0003438441,6.7900395,320.79907,1.1,0.0,35.0,0.033835303,0.01,3000.0,0.1,17.65932,2.8850429e-05,0.0,0.0,10.0
66,82,0,83.0,5.5100226,125.7121,0.014894171,0.00094188814,6.8281317,377.95084,1.1,0.0,35.0,0.033835303,0.01,3000.0,0.1,17.659267,2.9989817e-05,0.0,0.0,10.0
33,22,0,78.0,5.614426,346.84137,0.0035100484,-0.00019024235,6.8092422,198.81299,1.1,0.0,35.0,0.033835303,0.01,3000.0,0.1,17.659288,2.9534056e-05,0.0,0.0,10.0
58,1,0,36.0,5.796186,183.1595,-0.00088620523,-0.0022510937,9.342119,125.98361,1.1,0.0,35.0,0.033835303,0.01,3000.0,0.1,17.659332,2.8584573e-05,0.0,0.0,10.0
59,110,0,123.0,5.460222,207.91982,-0.0040337997,0.00010446587,7.9358788,320.79907,1.1,0.0,35.0,0.033835303,0.01,3000.0,0.1,17.659254,3.0331626e-05,0.0,0.0,10.0
11,90,0,99.0,5.7707796,56.13969,-0.0066343592,0.0004429447,6.781593,280.98248,1.1,0.0,35.0,0.033835303,0.01,3000.0,0.1,17.659332,2.8584573e-05,0.0,0.0,10.0
87,2,0,39.0,5.610566,23.494392,0.0055921595,-0.00011035203,6.8099346,199.58144,1.1,0.0,35.0,0.033835303,0.01,3000.0,0.1,17.659288,2.9534056e-05,0.0,0.0,10.0
75,103,0,155.0,5.457005,49.58189,0.0034889036,0.0010073287,6.8378596,397.62598,1.1,0.0,35.0,0.033835303,0.01,3000.0,0.1,17.659256,3.0293644e-05,0.0,0.0,10.0
30,9,0,40.0,5.470806,263.24728,-0.0036838192,9.582111e-05,6.835318,88.79702,1.1,0.0,35.0,0.033835303,0.01,3000.0,0.1,17.659264,3.014173e-05,0.0,0.0,10.0
45,68,0,67.0,5.504919,6.6672215,-0.001082054,0.0015099731,6.829064,377.95084,1.1,0.0,35.0,0.033835303,0.01,3000.0,0.1,17.659264,3.014173e-05,0.0,0.0,10.0
80,3,0,24.0,5.744536,26.417976,0.001934062,-0.00022287779,7.884794,199.58144,1.1,0.0,35.0,0.033835303,0.01,3000.0,0.1,17.65932,2.8850429e-05,0.0,0.0,10.0
96,71,0,74.0,5.5100226,234.2879,0.003082315,0.0008661026,6.8281317,355.18808,1.1,0.0,35.0,0.033835303,0.01,3000.0,0.1,17.659267,2.9989817e-05,0.0,0.0,10.0
42,31,0,75.0,5.7634997,250.44406,0.0026716024,-0.00032404883,6.782864,266.39105,1.1,0.0,35.0,0.033835303,0.01,3000.0,0.1,17.659332,2.8584573e-05,0.0,0.0,10.0
33,121,0,181.0,5.460222,207.91982,0.0053484784,0.003040814,6.8372664,198.81299,1.1,0.0,35.0,0.033835303,0.01,3000.0,0.1,17.659254,3.0331626e-05,0.0,0.0,10.0
97,50,0,26.0,5.796186,356.8405,-0.0073667,-0.0006602507,9.079755,445.01822,1.1,0.0,35.0,0.033835303,0.01,3000.0,0.1,17.659332,2.8584573e-05,0.0,0.0,10.0
71,19,0,88.0,5.3439126,32.56788,-0.009847257,-0.0002993335,8.938368,320.79907,1.1,0.0,35.0,0.033835303,0.01,3000.0,0.1,17.659224,3.0977277e-05,0.0,0.0,10.0
49,110,0,100.0,5.796186,176.8405,-0.0086941095,-0.00055639143,8.163465,320.79907,1.1,0.0,35.0,0.033835303,0.01,3000.0,0.1,17.659332,2.8584573e-05,0.0,0.0,10.0
59,73,0,48.0,5.462781,40.0548,0.0020730551,0.0011393168,6.8367953,198.81299,1.1,0.0,35.0,0.033835303,0.01,3000.0,0.1,17.659256,3.0293644e-05,0.0,0.0,10.0
92,69,0,61.0,5.865707,9.402764,-0.0012767905,0.00025755342,8.151459,355.18808,1.1,0.0,35.0,0.033835303,0.01,3000.0,0.1,17.65935,2.8242763e-05,0.0,0.0,10.0
29,51,0,43.0,5.5508165,189.94513,-0.014269935,0.00075213745,7.5138564,198.81299,1.1,0.0,35.0,0.033835303,0.01,3000.0,0.1,17.659275,2.9875873e-05,0.0,0.0,10.0
40,58,0,77.0,5.6694703,132.89305,0.023930117,-0.00053286465,6.7994227,320.79907,1.1,0.0,35.0,0.033835303,0.01,3000.0,0.1,17.659306,2.9154262e-05,0.0,0.0,10.0
110,29,0,25.0,5.722564,116.712685,-0.0036606914,-0.0008479796,8.987265,199.58144,1.1,0.0,35.0,0.033835303,0.01,3000.0,0.1,17.65932,2.8850429e-05,0.0,0.0,10.0
70,2,0,24.0,5.610566,336.5056,0.005594253,-0.00014060942,6.8099346,125.98361,1.1,0.0,35.0,0.033835303,0.01,3000.0,0.1,17.659288,2.9534056e-05,0.0,0.0,10.0
6,113,0,100.0,5.6723638,42.52583,-0.0026767512,-0.001508068,8.590669,125.98361,1.1,0.0,35.0,0.033835303,0.01,3000.0,0.1,17.659306,2.9154262e-05,0.0,0.0,10.0
9,98,0,100.0,5.442539,93.38812,0.0074206297,-0.00034942784,6.84053,266.39105,1.1,0.0,35.0,0.033835303,0.01,3000.0,0.1,17.659256,3.0293644e-05,0.0,0.0,10.0
114,39,0,65.0,5.504919,6.6672215,0.014022354,0.0012121161,6.829064,198.81299,1.1,0.0,35.0,0.033835303,0.01,3000.0,0.1,17.659264,3.014173e-05,0.0,0.0,10.0
52,36,0,68.0,5.787436,0.0,0.0064853528,0.0019358738,6.7786913,268.10938,1.1,0.0,35.0,0.033835303,0.01,3000.0,0.1,17.65933,2.8622553e-05,0.0,0.0,10.0
27,78,0,102.0,5.873087,240.48459,0.017318578,0.00051753974,6.7638984,478.61322,1.1,0.0,35.0,0.033835303,0.01,3000.0,0.1,17.659353,2.8090843e-05,0.0,0.0,10.0
68,34,0,101.0,5.7024865,308.33633,0.009574308,2.8825849e-05,6.7935777,321.59335,1.1,0.0,35.0,0.033835303,0.01,3000.0,0.1,17.659315,2.892639e-05,0.0,0.0,10.0
16,41,0,100.0,5.360866,287.4592,0.0035538555,0.00016873913,6.85574,266.39105,1.1,0.0,35.0,0.033835303,0.01,3000.0,0.1,17.659235,3.07494e-05,0.0,0.0,10.0
110,16,0,27.0,5.477191,183.34494,-0.00496429,-0.0002742568,7.527292,125.98361,1.1,0.0,35.0,0.033835303,0.01,3000.0,0.1,17.659256,3.0293644e-05,0.0,0.0,10.0
37,24,0,97.0,5.491747,200.43523,0.005757746,0.0004178407,6.8314743,366.25882,1.1,0.0,35.0,0.033835303,0.01,3000.0,0.1,17.65926,3.017971e-05,0.0,0.0,10.0
43,51,0,38.0,5.5175896,79.92877,-0.0036696135,-0.00061212434,9.023975,366.25882,1.1,0.0,35.0,0.033835303,0.01,3000.0,0.1,17.659275,2.9875873e-05,0.0,0.0,10.0
61,15,0,110.0,5.4408164,241.77429,0.00602763,0.0006134424,6.8408484,282.4315,1.1,0.0,35.0,0.033835303,0.01,3000.0,0.1,17.659254,3.0331626e-05,0.0,0.0,10.0
8,113,0,106.0,5.7707796,236.13971,0.0076198997,-0.0012204405,7.880205,88.79702,1.1,0.0,35.0,0.033835303,0.01,3000.0,0.1,17.659332,2.8584573e-05,0.0,0.0,10.0
71,80,0,62.0,5.7707796,56.13969,0.007379523,0.0009994213,6.781593,251.96722,1.1,0.0,35.0,0.033835303,0.01,3000.0,0.1,17.659332,2.8584573e-05,0.0,0.0,10.0
37,26,0,78.0,5.5824113,256.67712,-0.0071912454,-0.00026925644,7.91361,357.4792,1.1,0.0,35.0,0.033835303,0.01,3000.0,0.1,17.659288,2.9534056e-05,0.0,0.0,10.0
83,14,0,59.0,5.7634997,70.44405,0.0028125176,0.0004026302,6.782864,561.96497,1.1,0.0,35.0,0.033835303,0.01,3000.0,0.1,17.659332,2.8584573e-05,0.0,0.0,10.0
122,99,0,138.0,5.441147,135.18419,0.011409977,7.434629e-05,6.8407874,280.98248,1.1,0.0,35.0,0.033835303,0.01,3000.0,0.1,17.659248,3.0407587e-05,0.0,0.0,10.0
62,31,0,45.0,5.796186,176.8405,0.0019830505,4.9159044e-05,6.77717,125.98361,1.1,0.0,35.0,0.033835303,0.01,3000.0,0.1,17.659332,2.8584573e-05,0.0,0.0,10.0
53,71,0,22.0,5.460222,27.919794,0.0039792582,-0.00096867065,7.5304136,177.59404,1.1,0.0,35.0,0.033835303,0.01,3000.0,0.1,17.659254,3.0331626e-05,0.0,0.0,10.0
59,75,0,52.0,5.7634997,289.55594,0.0031512945,-0.0005286715,7.4760113,199.58144,1.1,0.0,35.0,0.033835303,0.01,3000.0,0.1,17.659332,2.8584573e-05,0.0,0.0,10.0
10,109,0,138.0,5.477191,356.65506,0.0061676516,0.0006912988,6.8341446,320.79907,1.1,0.0,35.0,0.033835303,0.01,3000.0,0.1,17.659256,3.0293644e-05,0.0,0.0,10.0
106,96,0,132.0,5.7849717,33.520252,-0.0030063423,-0.00137419,7.472267,88.79702,1.1,0.0,35.0,0.033835303,0.01,3000.0,0.1,17.659332,2.8584573e-05,0.0,0.0,10.0
53,50,0,52.0,5.504919,173.33278,-0.0031619032,0.0004929448,8.215359,366.25882,1.1,0.0,35.0,0.033835303,0.01,3000.0,0.1,17.659264,3.014173e-05,0.0,0.0,10.0
15,23,0,100.0,5.4408164,61.77427,0.0022557671,0.0014294649,6.8408484,446.84897,1.1,0.0,35.0,0.033835303,0.01,3000.0,0.1,17.659254,3.0331626e-05,0.0,0.0,10.0
6,120,0,148.0,5.5214534,144.63638,0.008086213,-0.00015149543,6.8260465,268.10938,1.1,0.0,35.0,0.033835303,0.01,3000.0,0.1,17.659267,2.9989817e-05,0.0,0.0,10.0
47,110,0,112.0,5.744536,206.41798,0.0022460085,0.0010123106,6.786182,280.98248,1.1,0.0,35.0,0.033835303,0.01,3000.0,0.1,17.65932,2.8850429e-05,0.0,0.0,10.0
84,16,0,59.0,5.441147,44.815804,0.00049608597,0.0004213755,6.8407874,540.22565,1.1,0.0,35.0,0.033835303,0.01,3000.0,0.1,17.659248,3.0407587e-05,0.0,0.0,10.0
18,82,0,37.0,5.4408164,118.225716,-0.003068945,-0.00088506076,6.8408484,88.79702,1.1,0.0,35.0,0.033835303,0.01,3000.0,0.1,17.659254,3.0331626e-05,0.0,0.0,10.0
122,50,0,83.0,5.491747,339.5648,0.0060614897,7.552342e-05,6.8314743,125.98361,1.1,0.0,35.0,0.033835303,0.01,3000.0,0.1,17.65926,3.017971e-05,0.0,0.0,10.0
18,83,0,29.0,5.4653687,110.677444,-0.0072017,-0.00053485954,10.748342,0.0,1.1,0.0,35.0,0.033835303,0.01,3000.0,0.1,17.65926,3.017971e-05,0.0,0.0,10.0
69,88,0,58.0,5.7707796,236.13971,-0.0009134259,-0.00071299437,6.781593,125.98361,1.1,0.0,35.0,0.033835303,0.01,3000.0,0.1,17.659332,2.8584573e-05,0.0,0.0,10.0
10,104,0,99.0,5.5100226,234.2879,0.00303367,-0.00016353234,6.8281317,89.3698,1.1,0.0,35.0,0.033835303,0.01,3000.0,0.1,17.659267,2.9989817e-05,0.0,0.0,10.0
61,76,0,78.0,5.470806,276.75272,0.015007523,0.00045110646,6.835318,357.4792,1.1,0.0,35.0,0.033835303,0.01,3000.0,0.1,17.659264,3.014173e-05,0.0,0.0,10.0
8,5,0,42.0,5.615977,210.80148,-0.0066885855,-0.00022277699,8.195259,125.98361,1.1,0.0,35.0,0.033835303,0.01,3000.0,0.1,17.659292,2.9496081e-05,0.0,0.0,10.0
101,58,0,33.0,5.6723638,222.52583,-0.0017682965,-0.0017255455,10.057006,0.0,1.1,0.0,35.0,0.033835303,0.01,3000.0,0.1,17.659306,2.9154262e-05,0.0,0.0,10.0
122,17,0,69.0,5.38911,162.75056,-0.023574207,-0.00094671524,9.415403,125.98361,1.1,0.0,35.0,0.033835303,0.01,3000.0,0.1,17.659235,3.07494e-05,0.0,0.0,10.0
100,89,0,136.0,5.4330826,270.0,0.0006667224,0.00037057255,7.9408917,480.8468,1.1,0.0,35.0,0.033835303,0.01,3000.0,0.1,17.659254,3.0331626e-05,0.0,0.0,10.0
58,46,0,60.0,5.491747,20.435223,0.0058158142,0.0011925244,6.8314743,455.58633,1.1,0.0,35.0,0.033835303,0.01,3000.0,0.1,17.65926,3.017971e-05,0.0,0.0,10.0
45,52,0,47.0,5.865707,350.59723,0.005164824,0.0003155861,6.7651644,377.95084,1.1,0.0,35.0,0.033835303,0.01,3000.0,0.1,17.65935,2.8242763e-05,0.0,0.0,10.0
56,85,0,51.0,5.6723638,137.47417,-0.0076170447,0.0002492225,9.50696,125.98361,1.1,0.0,35.0,0.033835303,0.01,3000.0,0.1,17.659306,2.9154262e-05,0.0,0.0,10.0
69,80,0,60.0,5.71111,322.0216,-0.0025171163,0.0009047656,6.7920566,280.98248,1.1,0.0,35.0,0.033835303,0.01,3000.0,0.1,17.659315,2.892639e-05,0.0,0.0,10.0
40,6,0,111.0,5.878138,112.510124,0.009291615,0.0005184247,6.7630324,377.95084,1.1,0.0,35.0,0.033835303,0.01,3000.0,0.1,17.659359,2.8052858e-05,0.0,0.0,10.0
8,48,0,108.0,5.71111,37.978394,-0.002239311,9.528877e-05,8.871498,199.58144,1.1,0.0,35.0,0.033835303,0.01,3000.0,0.1,17.659315,2.892639e-05,0.0,0.0,10.0
8,17,0,57.0,5.360866,252.54083,0.007379145,0.0010561488,6.85574,320.79907,1.1,0.0,35.0,0.033835303,0.01,3000.0,0.1,17.659235,3.07494e-05,0.0,0.0,10.0
44,94,0,93.0,5.504919,6.6672215,0.006524474,6.0995393e-05,6.829064,357.4792,1.1,0.0,35.0,0.033835303,0.01,3000.0,0.1,17.659264,3.014173e-05,0.0,0.0,10.0
7,72,0,42.0,5.7849717,33.520252,0.0062035643,-0.0007438343,8.388558,178.7396,1.1,0.0,35.0,0.033835303,0.01,3000.0,0.1,17.659332,2.8584573e-05,0.0,0.0,10.0
32,80,0,25.0,5.614426,166.84137,-0.00605379,-0.0005933951,9.699615,0.0,1.1,0.0,35.0,0.033835303,0.01,3000.0,0.1,17.659288,2.9534056e-05,0.0,0.0,10.0
8,32,0,79.0,5.442539,86.61187,-0.0036133553,-6.539729e-05,7.533677,125.98361,1.1,0.0,35.0,0.033835303,0.01,3000.0,0.1,17.659256,3.0293644e-05,0.0,0.0,10.0
106,20,0,33.0,5.5508165,350.05487,0.0070971246,0.0004393757,6.820709,251.96722,1.1,0.0,35.0,0.033835303,0.01,3000.0,0.1,17.659275,2.9875873e-05,0.0,0.0,10.0
58,43,0,31.0,5.5100226,54.2879,-0.00066776114,-9.241657e-05,7.926744,251.96722,1.1,0.0,35.0,0.033835303,0.01,3000.0,0.1,17.659267,2.9989817e-05,0.0,0.0,10.0
21,5,0,79.0,5.462781,40.0548,-0.0011551009,0.0006747348,6.8367953,446.84897,1.1,0.0,35.0,0.033835303,0.01,3000.0,0.1,17.659256,3.0293644e-05,0.0,0.0,10.0
114,49,0,124.0,5.7861958,263.61926,0.0052725226,0.000897381,6.7789073,368.3426,1.1,0.0,35.0,0.033835303,0.01,3000.0,0.1,17.65934,2.8470633e-05,0.0,0.0,10.0
6,110,0,104.0,5.5824113,256.67712,0.0035839311,-0.0009300366,6.8149977,125.98361,1.1,0.0,35.0,0.033835303,0.01,3000.0,0.1,17.659288,2.9534056e-05,0.0,0.0,10.0
45,32,0,63.0,5.744536,153.58202,-0.003306622,-0.000292573,7.884794,321.59335,1.1,0.0,35.0,0.033835303,0.01,3000.0,0.1,17.65932,2.8850429e-05,0.0,0.0,10.0
89,22,0,24.0,5.7849717,326.47974,-0.009138327,-0.001013384,10.362639,0.0,1.1,0.0,35.0,0.033835303,0.01,3000.0,0.1,17.659332,2.8584573e-05,0.0,0.0,10.0
87,81,0,44.0,5.873087,60.484566,0.0058190576,-0.0012062138,7.4570456,320.79907,1.1,0.0,35.0,0.033835303,0.01,3000.0,0.1,17.659353,2.8090843e-05,0.0,0.0,10.0
115,41,0,68.0,5.4653687,69.32254,-0.0010741368,0.0020168922,6.8363185,280.98248,1.1,0.0,35.0,0.033835303,0.01,3000.0,0.1,17.65926,3.017971e-05,0.0,0.0,10.0
36,30,0,55.0,5.5175896,259.92877,-7.046351e-05,-0.0003023665,7.925363,199.58144,1.1,0.0,35.0,0.033835303,0.01,3000.0,0.1,17.659275,2.9875873e-05,0.0,0.0,10.0
28,63,0,57.0,5.5214534,215.36362,0.013900376,0.00038579715,6.8260465,266.39105,1.1,0.0,35.0,0.033835303,0.01,3000.0,0.1,17.659267,2.9989817e-05,0.0,0.0,10.0
83,72,0,19.0,5.457005,130.41809,0.0030597637,-3.6533806e-05,6.8378596,89.3698,1.1,0.0,35.0,0.033835303,0.01,3000.0,0.1,17.659256,3.0293644e-05,0.0,0.0,10.0
88,3,0,38.0,5.441147,44.815804,0.00016536201,1.4141661e-05,7.5339346,198.81299,1.1,0.0,35.0,0.033835303,0.01,3000.0,0.1,17.659248,3.0407587e-05,0.0,0.0,10.0
22,35,0,78.0,5.7707796,56.13969,0.0007451635,5.033922e-05,7.47474,198.81299,1.1,0.0,35.0,0.033835303,0.01,3000.0,0.1,17.659332,2.8584573e-05,0.0,0.0,10.0
69,17,0,85.0,5.7849717,33.520252,-0.004700393,-0.00022076003,7.472267,368.3426,1.1,0.0,35.0,0.033835303,0.01,3000.0,0.1,17.659332,2.8584573e-05,0.0,0.0,10.0
1,109,0,139.0,5.6694703,47.106953,0.012096923,0.0016109296,6.7994227,280.98248,1.1,0.0,35.0,0.033835303,0.01,3000.0,0.1,17.659306,2.9154262e-05,0.0,0.0,10.0
0,27,0,96.0,5.504919,6.6672215,-0.0070577404,0.0012392706,6.829064,443.9851,1.1,0.0,35.0,0.033835303,0.01,3000.0,0.1,17.659264,3.014173e-05,0.0,0.0,10.0
114,63,0,29.0,5.3439126,32.56788,0.0034412662,-0.001469617,7.552073,88.79702,1.1,0.0,35.0,0.033835303,0.01,3000.0,0.1,17.659224,3.0977277e-05,0.0,0.0,10.0
31,20,0,68.0,5.441147,135.18419,-0.005622307,-2.750456e-05,7.5339346,89.3698,1.1,0.0,35.0,0.033835303,0.01,3000.0,0.1,17.659248,3.0407587e-05,0.0,0.0,10.0
57,81,0,91.0,5.7595143,266.7997,0.0034780253,0.0010157642,6.7835603,443.9851,1.1,0.0,35.0,0.033835303,0.01,3000.0,0.1,17.659332,2.8584573e-05,0.0,0.0,10.0
11,21,0,44.0,5.7595143,273.20032,-0.009812171,-0.0008561361,8.863002,397.62598,1.1,0.0,35.0,0.033835303,0.01,3000.0,0.1,17.659332,2.8584573e-05,0.0,0.0,10.0
14,65,0,55.0,5.3439126,147.43211,-0.01986912,0.00027930556,9.256822,199.58144,1.1,0.0,35.0,0.033835303,0.01,3000.0,0.1,17.659224,3.0977277e-05,0.0,0.0,10.0
71,68,0,28.0,5.477191,183.34494,0.0005966154,-0.00049426133,6.8341446,177.59404,1.1,0.0,35.0,0.033835303,0.01,3000.0,0.1,17.659256,3.0293644e-05,0.0,0.0,10.0
95,74,0,25.0,5.614426,193.15863,-0.0018678474,-0.001158056,7.9078546,88.79702,1.1,0.0,35.0,0.033835303,0.01,3000.0,0.1,17.659288,2.9534056e-05,0.0,0.0,10.0
64,114,0,135.0,5.457005,229.58191,-0.004655666,-0.0002381601,7.531007,445.01822,1.1,0.0,35.0,0.033835303,0.01,3000.0,0.1,17.659256,3.0293644e-05,0.0,0.0,10.0
63,89,0,58.0,5.5175896,280.07123,0.0005075582,-0.00081805256,6.8267508,198.81299,1.1,0.0,35.0,0.033835303,0.01,3000.0,0.1,17.659275,2.9875873e-05,0.0,0.0,10.0
14,75,0,92.0,5.8303843,260.47775,0.014890549,0.0015794551,6.771247,320.79907,1.1,0.0,35.0,0.033835303,0.01,3000.0,0.1,17.65935,2.8242763e-05,0.0,0.0,10.0
91,112,0,133.0,5.614426,166.84137,0.00089527114,-0.0003123015,6.8092422,377.95084,1.1,0.0,35.0,0.033835303,0.01,3000.0,0.1,17.659288,2.9534056e-05,0.0,0.0,10.0
54,57,0,25.0,5.7707796,56.13969,0.0009134263,9.803959e-05,7.880205,125.98361,1.1,0.0,35.0,0.033835303,0.01,3000.0,0.1,17.659332,2.8584573e-05,0.0,0.0,10.0
57,106,0,147.0,5.457005,229.58191,-0.0023984085,0.00044376295,6.8378596,480.8468,1.1,0.0,35.0,0.033835303,0.01,3000.0,0.1,17.659256,3.0293644e-05,0.0,0.0,10.0
41,50,0,51.0,5.796186,3.1594915,0.0003396803,-0.00012722252,6.77717,280.98248,1.1,0.0,35.0,0.033835303,0.01,3000.0,0.1,17.659332,2.8584573e-05,0.0,0.0,10.0
36,59,0,46.0,5.664636,73.51046,-0.008121342,-0.0015082565,7.4934287,445.01822,1.1,0.0,35.0,0.033835303,0.01,3000.0,0.1,17.65931,2.9116287e-05,0.0,0.0,10.0
69,69,0,26.0,5.477191,176.65506,-0.00094445335,0.00037158985,7.932757,125.98361,1.1,0.0,35.0,0.033835303,0.01,3000.0,0.1,17.659256,3.0293644e-05,0.0,0.0,10.0
44,80,0,21.0,5.5991187,301.12653,-0.010181239,-7.235979e-05,10.107827,0.0,1.1,0.0,35.0,0.033835303,0.01,3000.0,0.1,17.659292,2.9496081e-05,0.0,0.0,10.0
79,93,0,108.0,5.7505927,270.0,0.0012593647,-0.0002158158,6.785121,445.01822,1.1,0.0,35.0,0.033835303,0.01,3000.0,0.1,17.65933,2.8622553e-05,0.0,0.0,10.0
14,88,0,74.0,5.5175896,259.92877,0.00550387,-5.6099092e-05,6.8267508,198.81299,1.1,0.0,35.0,0.033835303,0.01,3000.0,0.1,17.659275,2.9875873e-05,0.0,0.0,10.0
56,74,0,41.0,5.664636,253.51047,0.0025627082,-0.00018480765,6.8002815,88.79702,1.1,0.0,35.0,0.033835303,0.01,3000.0,0.1,17.65931,2.9116287e-05,0.0,0.0,10.0
87,121,0,71.0,5.5175896,259.92877,0.004303785,0.0012344021,6.8267508,125.98361,1.1,0.0,35.0,0.033835303,0.01,3000.0,0.1,17.659275,2.9875873e-05,0.0,0.0,10.0
62,119,0,87.0,5.470806,263.24728,-0.0060120467,0.00012852407,8.91476,320.79907,1.1,0.0,35.0,0.033835303,0.01,3000.0,0.1,17.659264,3.014173e-05,0.0,0.0,10.0
80,42,0,107.0,5.7024865,231.66368,-0.002147889,0.0033764087,6.7935777,321.59335,1.1,0.0,35.0,0.033835303,0.01,3000.0,0.1,17.659315,2.892639e-05,0.0,0.0,10.0
31,55,0,40.0,5.5824113,256.67712,-0.005249418,-0.00058498775,9.379947,89.3698,1.1,0.0,35.0,0.033835303,0.01,3000.0,0.1,17.659288,2.9534056e-05,0.0,0.0,10.0
52,118,0,85.0,5.462781,220.05481,0.015267071,0.00064406864,6.8367953,282.4315,1.1,0.0,35.0,0.033835303,0.01,3000.0,0.1,17.659256,3.0293644e-05,0.0,0.0,10.0
51,3,0,44.0,5.470806,276.75272,0.000500439,-0.00060183275,6.835318,125.98361,1.1,0.0,35.0,0.033835303,0.01,3000.0,0.1,17.659264,3.014173e-05,0.0,0.0,10.0
17,120,0,146.0,5.4330826,90.0,-0.00033336124,0.000648502,6.8422794,178.7396,1.1,0.0,35.0,0.033835303,0.01,3000.0,0.1,17.659254,3.0331626e-05,0.0,0.0,10.0
55,22,0,109.0,5.4408164,241.77429,-0.0039223237,0.0008417507,6.8408484,520.229,1.1,0.0,35.0,0.033835303,0.01,3000.0,0.1,17.659254,3.0331626e-05,0.0,0.0,10.0
15,63,0,77.0,5.38911,17.24942,0.006554958,0.0015406401,6.8504543,177.59404,1.1,0.0,35.0,0.033835303,0.01,3000.0,0.1,17.659235,3.07494e-05,0.0,0.0,10.0
112,2,0,69.0,5.7505927,270.0,0.014482695,0.00040080075,6.785121,280.98248,1.1,0.0,35.0,0.033835303,0.01,3000.0,0.1,17.65933,2.8622553e-05,0.0,0.0,10.0
14,13,0,31.0,5.744536,26.417976,0.0058021857,-0.00076112873,7.479329,280.98248,1.1,0.0,35.0,0.033835303,0.01,3000.0,0.1,17.65932,2.8850429e-05,0.0,0.0,10.0
50,95,0,76.0,5.7505927,270.0,-0.014167853,-0.000709109,9.963175,0.0,1.1,0.0,35.0,0.033835303,0.01,3000.0,0.1,17.65933,2.8622553e-05,0.0,0.0,10.0
51,2,0,39.0,5.7634997,289.55594,0.00087251776,-0.0005523596,7.4760113,89.3698,1.1,0.0,35.0,0.033835303,0.01,3000.0,0.1,17.659332,2.8584573e-05,0.0,0.0,10.0
10,58,0,105.0,5.477191,183.34494,0.0053346413,0.00039599766,6.8341446,199.58144,1.1,0.0,35.0,0.033835303,0.01,3000.0,0.1,17.659256,3.0293644e-05,0.0,0.0,10.0
94,122,0,27.0,5.610566,23.494392,-0.0037811452,-0.0030208353,8.196229,88.79702,1.1,0.0,35.0,0.033835303,0.01,3000.0,0.1,17.659288,2.9534056e-05,0.0,0.0,10.0
24,109,0,175.0,5.7707796,56.13969,-0.0067064734,0.0020030695,6.781593,377.95084,1.1,0.0,35.0,0.033835303,0.01,3000.0,0.1,17.659332,2.8584573e-05,0.0,0.0,10.0
35,74,0,102.0,5.5100226,125.7121,0.010905292,0.0015791086,6.8281317,480.8468,1.1,0.0,35.0,0.033835303,0.01,3000.0,0.1,17.659267,2.9989817e-05,0.0,0.0,10.0
34,43,0,79.0,5.796186,356.8405,0.006326785,0.00023382033,6.77717,445.8201,1.1,0.0,35.0,0.033835303,0.01,3000.0,0.1,17.659332,2.8584573e-05,0.0,0.0,10.0
98,67,0,32.0,5.7505927,270.0,-0.01889047,-0.0015723722,10.774105,0.0,1.1,0.0,35.0,0.033835303,0.01,3000.0,0.1,17.65933,2.8622553e-05,0.0,0.0,10.0
30,1,0,107.0,5.8303843,279.52225,0.010930921,0.001381232,6.771247,397.62598,1.1,0.0,35.0,0.033835303,0.01,3000.0,0.1,17.65935,2.8242763e-05,0.0,0.0,10.0
44,116,0,103.0,5.722564,116.712685,0.011360762,0.0010801456,6.7900395,251.96722,1.1,0.0,35.0,0.033835303,0.01,3000.0,0.1,17.65932,2.8850429e-05,0.0,0.0,10.0
2,63,0,107.0,5.360866,107.459175,0.011275296,0.00051556056,6.85574,320.79907,1.1,0.0,35.0,0.033835303,0.01,3000.0,0.1,17.659235,3.07494e-05,0.0,0.0,10.0
40,67,0,46.0,5.5862913,246.23505,0.0040017297,0.0011092653,6.814298,268.10938,1.1,0.0,35.0,0.033835303,0.01,3000.0,0.1,17.659288,2.9534056e-05,0.0,0.0,10.0
53,64,0,33.0,5.360866,107.459175,0.0064663603,8.635555e-05,6.85574,266.39105,1.1,0.0,35.0,0.033835303,0.01,3000.0,0.1,17.659235,3.07494e-05,0.0,0.0,10.0
27,27,0,71.0,5.470806,96.75271,0.0049930937,0.00042846924,6.835318,178.7396,1.1,0.0,35.0,0.033835303,0.01,3000.0,0.1,17.659264,3.014173e-05,0.0,0.0,10.0
35,16,0,92.0,5.4653687,249.32256,0.013895791,0.00052338926,6.8363185,198.81299,1.1,0.0,35.0,0.033835303,0.01,3000.0,0.1,17.65926,3.017971e-05,0.0,0.0,10.0
30,57,0,51.0,5.3439126,327.43213,0.012882313,0.0003340636,6.858926,177.59404,1.1,0.0,35.0,0.033835303,0.01,3000.0,0.1,17.659224,3.0977277e-05,0.0,0.0,10.0
6,2,0,67.0,5.69514,163.7099,-0.0040223645,-9.860587e-05,8.740786,266.39105,1.1,0.0,35.0,0.033835303,0.01,3000.0,0.1,17.65931,2.9116287e-05,0.0,0.0,10.0
123,80,0,37.0,5.744536,333.58203,0.003306622,-0.001355878,6.786182,198.81299,0.3,0.0,35.0,0.033835303,0.05,3000.0,0.015,88.29661,2.8850427e-05,0.0,0.0,50.0
19,68,0,39.0,5.787436,180.0,0.0018529581,-0.00034346143,6.7786913,199.58144,1.1,0.0,35.0,0.033835303,0.01,3000.0,0.1,17.65933,2.8622553e-05,0.0,0.0,10.0
115,89,0,106.0,5.504919,353.33276,-0.017652111,-0.001025858,9.313971,199.58144,1.1,0.0,35.0,0.033835303,0.01,3000.0,0.1,17.659264,3.014173e-05,0.0,0.0,10.0
83,15,0,59.0,5.7634997,70.44405,-0.0010597614,0.0006626617,6.782864,598.7443,1.1,0.0,35.0,0.033835303,0.01,3000.0,0.1,17.659332,2.8584573e-05,0.0,0.0,10.0
6,32,0,92.0,5.491747,20.435223,0.00027247673,0.00066173635,6.8314743,282.4315,1.1,0.0,35.0,0.033835303,0.01,3000.0,0.1,17.65926,3.017971e-05,0.0,0.0,10.0
22,115,0,123.0,5.8303843,260.47775,-0.0081373695,-0.0002080644,10.508916,0.0,1.1,0.0,35.0,0.033835303,0.01,3000.0,0.1,17.65935,2.8242763e-05,0.0,0.0,10.0
45,33,0,60.0,5.360866,72.54081,-0.0064579532,-0.00052482093,8.242034,282.4315,1.1,0.0,35.0,0.033835303,0.01,3000.0,0.1,17.659235,3.07494e-05,0.0,0.0,10.0
80,11,0,59.0,5.477191,183.34494,0.014165676,0.0002055222,6.8341446,282.4315,1.1,0.0,35.0,0.033835303,0.01,3000.0,0.1,17.659256,3.0293644e-05,0.0,0.0,10.0
54,120,0,83.0,5.873087,240.48459,0.004847087,0.0008056556,6.7638984,357.4792,1.1,0.0,35.0,0.033835303,0.01,3000.0,0.1,17.659353,2.8090843e-05,0.0,0.0,10.0
7,100,0,103.0,5.6694703,132.89305,0.0038818475,-0.0006316843,7.49257,88.79702,1.1,0.0,35.0,0.033835303,0.01,3000.0,0.1,17.659306,2.9154262e-05,0.0,0.0,10.0
74,59,0,32.0,5.5100226,54.2879,0.0061823186,0.00046819006,6.8281317,321.59335,1.1,0.0,35.0,0.033835303,0.01,3000.0,0.1,17.659267,2.9989817e-05,0.0,0.0,10.0
0,28,0,99.0,5.7595143,273.20032,0.010641054,0.0005892154,6.7835603,532.7821,1.1,0.0,35.0,0.033835303,0.01,3000.0,0.1,17.659332,2.8584573e-05,0.0,0.0,10.0
3,21,0,53.0,5.5100226,54.2879,-0.00019458047,0.0013166129,6.8281317,199.58144,1.1,0.0,35.0,0.033835303,0.01,3000.0,0.1,17.659267,2.9989817e-05,0.0,0.0,10.0
91,110,0,160.0,5.7861958,263.61926,0.014806557,0.0030131976,6.7789073,480.8468,1.1,0.0,35.0,0.033835303,0.01,3000.0,0.1,17.65934,2.8470633e-05,0.0,0.0,10.0
92,20,0,33.0,5.5175896,259.92877,0.002789919,0.0004770539,6.8267508,178.7396,1.1,0.0,35.0,0.033835303,0.01,3000.0,0.1,17.659275,2.9875873e-05,0.0,0.0,10.0
2,68,0,34.0,5.822356,186.2999,-0.0098842,-0.0012421514,9.950688,0.0,1.1,0.0,35.0,0.033835303,0.01,3000.0,0.1,17.65934,2.8470633e-05,0.0,0.0,10.0
30,47,0,46.0,5.873087,240.48459,-0.0049245893,-0.0009830712,9.85494,0.0,1.1,0.0,35.0,0.033835303,0.01,3000.0,0.1,17.659353,2.8090843e-05,0.0,0.0,10.0
43,35,0,74.0,5.796186,183.1595,0.0032981257,0.0006029993,6.77717,268.10938,1.1,0.0,35.0,0.033835303,0.01,3000.0,0.1,17.659332,2.8584573e-05,0.0,0.0,10.0
34,67,0,31.0,5.38911,342.75058,0.006366998,-0.0002862287,6.8504543,125.98361,1.1,0.0,35.0,0.033835303,0.01,3000.0,0.1,17.659235,3.07494e-05,0.0,0.0,10.0
91,120,0,37.0,5.38911,162.75056,-0.013468104,-0.00073945394,8.459892,88.79702,1.1,0.0,35.0,0.033835303,0.01,3000.0,0.1,17.659235,3.07494e-05,0.0,0.0,10.0
12,85,0,62.0,5.5862913,66.23505,0.0022962491,5.7902183e-05,6.814298,125.98361,1.1,0.0,35.0,0.033835303,0.01,3000.0,0.1,17.659288,2.9534056e-05,0.0,0.0,10.0
21,64,0,26.0,5.477191,176.65506,-0.0056892345,-0.0018307318,9.399094,125.98361,1.1,0.0,35.0,0.033835303,0.01,3000.0,0.1,17.659256,3.0293644e-05,0.0,0.0,10.0
103,72,0,103.0,5.7849717,213.52026,-0.0052014487,-0.00055234716,6.77912,366.25882,1.1,0.0,35.0,0.033835303,0.01,3000.0,0.1,17.659332,2.8584573e-05,0.0,0.0,10.0
73,77,0,50.0,5.462781,139.94519,0.011506754,0.0005601389,6.8367953,443.9851,1.1,0.0,35.0,0.033835303,0.01,3000.0,0.1,17.659256,3.0293644e-05,0.0,0.0,10.0
103,94,0,124.0,5.610566,336.5056,0.0018863856,-0.00068510056,7.503082,125.98361,1.1,0.0,35.0,0.033835303,0.01,3000.0,0.1,17.659288,2.9534056e-05,0.0,0.0,10.0
115,51,0,108.0,5.878138,112.510124,-0.006494218,-6.3270505e-05,8.149327,282.4315,1.1,0.0,35.0,0.033835303,0.01,3000.0,0.1,17.659359,2.8052858e-05,0.0,0.0,10.0
103,52,0,20.0,5.360866,72.54081,0.00032187684,-0.0008666948,7.5488873,125.98361,1.1,0.0,35.0,0.033835303,0.01,3000.0,0.1,17.659235,3.07494e-05,0.0,0.0,10.0
15,38,0,83.0,5.6694703,47.106953,-0.002506414,-0.0005563518,7.49257,88.79702,1.1,0.0,35.0,0.033835303,0.01,3000.0,0.1,17.659306,2.9154262e-05,0.0,0.0,10.0
115,25,0,99.0,5.5508165,189.94513,0.016794581,0.00084521814,6.820709,321.59335,1.1,0.0,35.0,0.033835303,0.01,3000.0,0.1,17.659275,2.9875873e-05,0.0,0.0,10.0
113,46,0,107.0,5.69514,343.7099,0.0067189503,0.0005561314,7.488023,366.25882,1.1,0.0,35.0,0.033835303,0.01,3000.0,0.1,17.65931,2.9116287e-05,0.0,0.0,10.0
108,71,0,141.0,5.69514,196.2901,0.00049629196,-0.00042123708,6.7948756,598.7443,1.1,0.0,35.0,0.033835303,0.01,3000.0,0.1,17.65931,2.9116287e-05,0.0,0.0,10.0
42,116,0,101.0,5.462781,220.05481,0.0054986426,0.0007251285,6.8367953,266.39105,1.1,0.0,35.0,0.033835303,0.01,3000.0,0.1,17.659256,3.0293644e-05,0.0,0.0,10.0
113,17,0,26.0,5.460222,207.91982,-0.0006772239,-0.0014358154,7.5304136,88.79702,1.1,0.0,35.0,0.033835303,0.01,3000.0,0.1,17.659254,3.0331626e-05,0.0,0.0,10.0
114,111,0,130.0,5.38911,162.75056,0.016655149,3.163432e-05,6.8504543,397.62598,1.1,0.0,35.0,0.033835303,0.01,3000.0,0.1,17.659235,3.07494e-05,0.0,0.0,10.0
112,104,0,127.0,5.8303843,80.47775,0.0034227287,-0.0002144534,6.771247,177.59404,1.1,0.0,35.0,0.033835303,0.01,3000.0,0.1,17.65935,2.8242763e-05,0.0,0.0,10.0
74,94,0,72.0,5.865707,170.59723,-0.014876671,-0.00035141897,8.151459,198.81299,1.1,0.0,35.0,0.033835303,0.01,3000.0,0.1,17.65935,2.8242763e-05,0.0,0.0,10.0
74,120,0,157.0,5.744536,26.417976,-0.00018716726,-0.0010601677,6.786182,377.95084,1.1,0.0,35.0,0.033835303,0.01,3000.0,0.1,17.65932,2.8850429e-05,0.0,0.0,10.0
50,93,0,92.0,5.5824113,283.32288,0.013057115,8.351836e-05,6.8149977,125.98361,1.1,0.0,35.0,0.033835303,0.01,3000.0,0.1,17.659288,2.9534056e-05,0.0,0.0,10.0
75,23,0,110.0,5.787436,180.0,0.0021617843,0.00084304163,6.7786913,366.25882,1.1,0.0,35.0,0.033835303,0.01,3000.0,0.1,17.65933,2.8622553e-05,0.0,0.0,10.0
108,10,0,66.0,5.477191,3.3449337,-0.0021444382,0.0011113599,6.8341446,366.25882,1.1,0.0,35.0,0.033835303,0.01,3000.0,0.1,17.659256,3.0293644e-05,0.0,0.0,10.0
95,19,0,24.0,5.5175896,100.07121,-0.0005262751,-0.0001984074,6.8267508,399.16287,1.1,0.0,35.0,0.033835303,0.01,3000.0,0.1,17.659275,2.9875873e-05,0.0,0.0,10.0
85,74,0,19.0,5.457005,310.41812,0.0045646024,-0.00030825136,7.531007,125.98361,1.1,0.0,35.0,0.033835303,0.01,3000.0,0.1,17.659256,3.0293644e-05,0.0,0.0,10.0
82,116,0,134.0,5.457005,130.41809,0.023705197,0.00022534505,6.8378596,282.4315,1.1,0.0,35.0,0.033835303,0.01,3000.0,0.1,17.659256,3.0293644e-05,0.0,0.0,10.0
43,61,0,60.0,5.796186,176.8405,0.010231211,0.00055685954,7.4703174,321.59335,1.1,0.0,35.0,0.033835303,0.01,3000.0,0.1,17.659332,2.8584573e-05,0.0,0.0,10.0
55,119,0,86.0,5.360866,107.459175,0.0019696937,0.0008968048,6.85574,282.4315,1.1,0.0,35.0,0.033835303,0.01,3000.0,0.1,17.659235,3.07494e-05,0.0,0.0,10.0
111,74,0,141.0,5.38911,197.24944,0.0013807386,0.0018493775,6.8504543,503.93445,1.1,0.0,35.0,0.033835303,0.01,3000.0,0.1,17.659235,3.07494e-05,0.0,0.0,10.0
15,35,0,73.0,5.7634997,70.44405,0.00152401,3.626385e-05,7.4760113,89.3698,1.1,0.0,35.0,0.033835303,0.01,3000.0,0.1,17.659332,2.8584573e-05,0.0,0.0,10.0
8,38,0,115.0,5.722564,63.287308,-0.00018934614,0.0007911729,6.7900395,320.79907,1.1,0.0,35.0,0.033835303,0.01,3000.0,0.1,17.65932,2.8850429e-05,0.0,0.0,10.0
66,89,0,100.0,5.460222,27.919794,0.009706118,0.0018748872,6.8372664,251.96722,1.1,0.0,35.0,0.033835303,0.01,3000.0,0.1,17.659254,3.0331626e-05,0.0,0.0,10.0
111,79,0,25.0,5.504919,353.33276,-0.0003159686,-0.0015643104,8.215359,268.10938,1.1,0.0,35.0,0.033835303,0.01,3000.0,0.1,17.659264,3.014173e-05,0.0,0.0,10.0
105,61,0,44.0,5.462781,40.0548,-0.0017973277,-0.0008312814,7.5299425,282.4315,1.1,0.0,35.0,0.033835303,0.01,3000.0,0.1,17.659256,3.0293644e-05,0.0,0.0,10.0
47,36,0,81.0,5.7707796,56.13969,0.0070670345,0.0015005177,6.781593,198.81299,1.1,0.0,35.0,0.033835303,0.01,3000.0,0.1,17.659332,2.8584573e-05,0.0,0.0,10.0
40,22,0,86.0,5.441147,224.81581,0.007937374,-0.0013658743,7.5339346,251.96722,1.1,0.0,35.0,0.033835303,0.01,3000.0,0.1,17.659248,3.0407587e-05,0.0,0.0,10.0
70,71,0,19.0,5.71111,322.0216,-0.0033187838,-0.00035821303,8.989282,88.79702,1.1,0.0,35.0,0.033835303,0.01,3000.0,0.1,17.659315,2.892639e-05,0.0,0.0,10.0
64,91,0,56.0,5.873087,240.48459,-0.0017041374,-0.0030176998,10.73419,0.0,1.1,0.0,35.0,0.033835303,0.01,3000.0,0.1,17.659353,2.8090843e-05,0.0,0.0,10.0
121,70,0,142.0,5.873087,60.484566,0.01391577,0.0020305014,6.7638984,368.3426,0.3,0.0,35.0,0.033835303,0.05,3000.0,0.015,88.296776,2.8090839e-05,0.0,0.0,50.0
103,55,0,30.0,5.5862913,66.23505,0.0029368654,-0.00043986144,7.5074453,198.81299,1.1,0.0,35.0,0.033835303,0.01,3000.0,0.1,17.659288,2.9534056e-05,0.0,0.0,10.0
72,48,0,27.0,5.7849717,213.52026,-0.00038175753,-0.0002101091,9.418178,178.7396,1.1,0.0,35.0,0.033835303,0.01,3000.0,0.1,17.659332,2.8584573e-05,0.0,0.0,10.0
87,13,0,48.0,6.036756,122.17118,0.0006209497,0.00061464106,6.736213,368.3426,1.1,0.0,35.0,0.033835303,0.01,3000.0,0.1,17.659391,2.7331253e-05,0.0,0.0,10.0
101,104,0,58.0,5.966041,323.92166,-0.0025755803,-0.0007850141,7.44123,198.81299,0.3,0.0,35.0,0.033835303,0.05,3000.0,0.015,88.29687,2.774902e-05,0.0,0.0,50.0
12,55,0,129.0,5.892591,209.2006,0.008752625,0.0007564468,6.7605596,445.01822,1.1,0.0,35.0,0.033835303,0.01,3000.0,0.1,17.659353,2.8090843e-05,0.0,0.0,10.0
82,11,0,38.0,6.00762,64.65665,-0.009941897,-0.00052143534,8.127381,377.95084,1.1,0.0,35.0,0.033835303,0.01,3000.0,0.1,17.659384,2.7445187e-05,0.0,0.0,10.0
28,30,0,81.0,6.094326,18.324713,0.0015851206,-4.2100386e-05,7.8252625,280.98248,1.1,0.0,35.0,0.033835303,0.01,3000.0,0.1,17.659399,2.7141354e-05,0.0,0.0,10.0
86,72,0,19.0,5.966041,216.07834,-0.0010069282,-0.000950681,7.44123,88.79702,1.1,0.0,35.0,0.033835303,0.01,3000.0,0.1,17.659372,2.7749025e-05,0.0,0.0,10.0
13,19,0,90.0,6.0321097,25.059483,0.012987068,0.0013124773,6.7369885,455.58633,1.1,0.0,35.0,0.033835303,0.01,3000.0,0.1,17.659384,2.7445187e-05,0.0,0.0,10.0
33,74,0,102.0,5.954605,306.4297,0.0052099745,0.0011059473,6.7500153,445.01822,1.1,0.0,35.0,0.033835303,0.01,3000.0,0.1,17.659372,2.7749025e-05,0.0,0.0,10.0
93,18,0,26.0,6.0536623,328.15994,0.0023796882,0.00030706977,6.7333956,199.58144,1.1,0.0,35.0,0.033835303,0.01,3000.0,0.1,17.659391,2.7331253e-05,0.0,0.0,10.0
84,0,0,18.0,6.122024,317.30475,0.0035404868,-0.00034012756,7.8206935,251.96722,1.1,0.0,35.0,0.033835303,0.01,3000.0,0.1,17.659407,2.6989434e-05,0.0,0.0,10.0
60,107,0,151.0,6.149459,231.16037,-0.0025851966,0.00024537972,7.4107227,540.22565,1.1,0.0,35.0,0.033835303,0.01,3000.0,0.1,17.659414,2.6799542e-05,0.0,0.0,10.0
4,120,0,148.0,5.9048457,202.25073,-0.0008602771,-0.0018755026,7.4516144,89.3698,1.1,0.0,35.0,0.033835303,0.01,3000.0,0.1,17.659359,2.8052858e-05,0.0,0.0,10.0
8,14,0,47.0,6.036756,302.1712,0.0047158645,0.00031188905,6.736213,321.59335,1.1,0.0,35.0,0.033835303,0.01,3000.0,0.1,17.659391,2.7331253e-05,0.0,0.0,10.0
3,22,0,56.0,5.9048457,22.25073,0.0011284961,0.00018640909,6.758467,251.96722,1.1,0.0,35.0,0.033835303,0.01,3000.0,0.1,17.659359,2.8052858e-05,0.0,0.0,10.0
123,83,0,50.0,5.891678,257.39294,0.00019868826,-0.0022759142,6.7607155,88.79702,1.1,0.0,35.0,0.033835303,0.01,3000.0,0.1,17.659363,2.7976903e-05,0.0,0.0,10.0
32,75,0,97.0,6.076192,273.0322,0.008603695,0.00031252234,6.729653,443.9851,1.1,0.0,35.0,0.033835303,0.01,3000.0,0.1,17.6594,2.7103377e-05,0.0,0.0,10.0
104,94,0,128.0,6.114875,357.0065,0.0008491075,-0.00034035946,6.7232585,88.79702,1.1,0.0,35.0,0.033835303,0.01,3000.0,0.1,17.6594,2.7103377e-05,0.0,0.0,10.0
40,117,0,67.0,5.892591,209.2006,-0.0027108225,-0.00080727675,8.146853,125.98361,1.1,0.0,35.0,0.033835303,0.01,3000.0,0.1,17.659353,2.8090843e-05,0.0,0.0,10.0
29,119,0,197.0,5.9695325,74.38062,0.007240897,0.0007155916,6.7474937,397.62598,1.1,0.0,35.0,0.033835303,0.01,3000.0,0.1,17.65938,2.7597107e-05,0.0,0.0,10.0
54,39,0,26.0,6.0022664,164.57062,-0.0022573904,-0.0009784608,8.687895,125.98361,1.1,0.0,35.0,0.033835303,0.01,3000.0,0.1,17.65938,2.7597107e-05,0.0,0.0,10.0
92,60,0,73.0,6.1396484,185.97078,0.009709899,0.0018860461,6.7191844,321.59335,1.1,0.0,35.0,0.033835303,0.01,3000.0,0.1,17.659407,2.6989434e-05,0.0,0.0,10.0
59,49,0,44.0,6.1191354,133.06264,0.003259611,0.00024269079,6.7225566,280.98248,1.1,0.0,35.0,0.033835303,0.01,3000.0,0.1,17.659407,2.6989434e-05,0.0,0.0,10.0
6,51,0,131.0,6.1730795,27.74521,0.003953116,-0.0004824877,7.8123245,399.16287,1.1,0.0,35.0,0.033835303,0.01,3000.0,0.1,17.659414,2.6799542e-05,0.0,0.0,10.0
76,43,0,31.0,5.954605,53.570312,0.0025905573,-0.003801035,10.641836,0.0,1.1,0.0,35.0,0.033835303,0.01,3000.0,0.1,17.659372,2.7749025e-05,0.0,0.0,10.0
40,27,0,78.0,5.954605,126.42968,-0.0023631612,-6.864246e-05,7.8486276,89.3698,1.1,0.0,35.0,0.033835303,0.01,3000.0,0.1,17.659372,2.7749025e-05,0.0,0.0,10.0
24,85,0,37.0,5.9048457,337.74927,0.0020722002,-0.0011414667,7.8570795,88.79702,1.1,0.0,35.0,0.033835303,0.01,3000.0,0.1,17.659359,2.8052858e-05,0.0,0.0,10.0
32,38,0,71.0,5.92585,347.54898,0.007958953,0.0003639165,6.754891,397.62598,1.1,0.0,35.0,0.033835303,0.01,3000.0,0.1,17.659363,2.7976903e-05,0.0,0.0,10.0
6,94,0,105.0,5.92585,167.54897,-0.0064573307,-0.0013016926,8.364329,88.79702,1.1,0.0,35.0,0.033835303,0.01,3000.0,0.1,17.659363,2.7976903e-05,0.0,0.0,10.0
55,86,0,53.0,6.149459,128.83963,0.002985116,-7.669095e-06,7.4107227,125.98361,1.1,0.0,35.0,0.033835303,0.01,3000.0,0.1,17.659414,2.6799542e-05,0.0,0.0,10.0
44,32,0,73.0,6.0536623,148.15994,0.0007987762,-0.00027435765,6.7333956,397.62598,1.1,0.0,35.0,0.033835303,0.01,3000.0,0.1,17.659391,2.7331253e-05,0.0,0.0,10.0
9,119,0,111.0,5.954605,53.570312,0.0024453732,-0.0011148668,7.4431624,89.3698,1.1,0.0,35.0,0.033835303,0.01,3000.0,0.1,17.659372,2.7749025e-05,0.0,0.0,10.0
28,77,0,103.0,6.1396484,354.02924,0.006820371,0.0012941766,6.7191844,445.8201,1.1,0.0,35.0,0.033835303,0.01,3000.0,0.1,17.659407,2.6989434e-05,0.0,0.0,10.0
94,17,0,21.0,5.92585,347.54898,0.0027937982,-0.00019614448,6.754891,268.10938,1.1,0.0,35.0,0.033835303,0.01,3000.0,0.1,17.659363,2.7976903e-05,0.0,0.0,10.0
23,35,0,72.0,6.1580777,38.480232,-0.0022613788,-3.8264057e-05,7.8147764,177.59404,1.1,0.0,35.0,0.033835303,0.01,3000.0,0.1,17.659414,2.6799542e-05,0.0,0.0,10.0
63,44,0,18.0,6.0321097,205.0595,-0.0017115913,-0.00088112813,8.934214,88.79702,0.7,0.0,35.0,0.033835303,0.1,3000.0,0.035,176.59384,2.7445189e-05,0.0,0.0,30.0
12,6,0,44.0,6.1730795,152.25479,0.0036903587,0.00013106877,7.4068594,366.25882,1.1,0.0,35.0,0.033835303,0.01,3000.0,0.1,17.659414,2.6799542e-05,0.0,0.0,10.0
53,83,0,69.0,6.036756,122.17118,-0.0063538305,0.00037898996,7.8348255,445.01822,1.1,0.0,35.0,0.033835303,0.01,3000.0,0.1,17.659391,2.7331253e-05,0.0,0.0,10.0
11,26,0,34.0,5.9695325,285.6194,-0.0068624467,-0.0009337121,7.440641,88.79702,1.1,0.0,35.0,0.033835303,0.01,3000.0,0.1,17.65938,2.7597107e-05,0.0,0.0,10.0
110,67,0,103.0,6.094326,341.6753,0.0076907696,0.0012396775,6.72665,320.79907,1.1,0.0,35.0,0.033835303,0.01,3000.0,0.1,17.659399,2.7141354e-05,0.0,0.0,10.0
121,15,0,101.0,6.1730795,207.74521,0.0028722838,-0.00054699,6.713712,320.79907,1.1,0.0,35.0,0.033835303,0.01,3000.0,0.1,17.659414,2.6799542e-05,0.0,0.0,10.0
15,102,0,132.0,5.9116735,220.41937,-0.0015518615,-0.00020593108,6.757303,443.9851,1.1,0.0,35.0,0.033835303,0.01,3000.0,0.1,17.659363,2.7976903e-05,0.0,0.0,10.0
49,6,0,61.0,6.106594,0.0,0.0023405785,-0.0002181862,6.724624,198.81299,1.1,0.0,35.0,0.033835303,0.01,3000.0,0.1,17.659399,2.7141354e-05,0.0,0.0,10.0
23,41,0,77.0,6.1730795,152.25479,-0.0021883321,-1.666707e-05,8.100006,125.98361,1.1,0.0,35.0,0.033835303,0.01,3000.0,0.1,17.659414,2.6799542e-05,0.0,0.0,10.0
30,100,0,142.0,6.149459,231.16037,-0.008783955,0.001395599,6.7175756,321.59335,1.1,0.0,35.0,0.033835303,0.01,3000.0,0.1,17.659414,2.6799542e-05,0.0,0.0,10.0
87,15,0,44.0,6.076192,93.03218,-0.0050147763,0.00011800599,6.729653,399.16287,1.1,0.0,35.0,0.033835303,0.01,3000.0,0.1,17.6594,2.7103377e-05,0.0,0.0,10.0
120,95,0,142.0,6.1580777,38.480232,-0.003740519,-0.0001554933,8.102458,88.79702,1.1,0.0,35.0,0.033835303,0.01,3000.0,0.1,17.659414,2.6799542e-05,0.0,0.0,10.0
50,46,0,69.0,5.892591,29.200602,-0.00093610527,0.0018650717,6.7605596,321.59335,1.1,0.0,35.0,0.033835303,0.01,3000.0,0.1,17.659353,2.8090843e-05,0.0,0.0,10.0
109,0,0,48.0,6.063292,288.54575,0.012311764,0.00023256509,7.424941,377.95084,1.1,0.0,35.0,0.033835303,0.01,3000.0,0.1,17.659399,2.7141354e-05,0.0,0.0,10.0
83,96,0,117.0,5.891508,224.81581,0.003968688,0.0017710044,6.7607446,320.79907,1.1,0.0,35.0,0.033835303,0.01,3000.0,0.1,17.659359,2.8052858e-05,0.0,0.0,10.0
64,7,0,74.0,5.9116735,319.58063,-0.015193229,0.00049251196,9.059889,251.96722,1.1,0.0,35.0,0.033835303,0.01,3000.0,0.1,17.659363,2.7976903e-05,0.0,0.0,10.0
40,70,0,31.0,6.0536623,31.840046,0.0025028337,-0.0014370378,7.4265428,377.95084,1.1,0.0,35.0,0.033835303,0.01,3000.0,0.1,17.659391,2.7331253e-05,0.0,0.0,10.0
87,75,0,34.0,6.114875,357.0065,0.0050583244,0.00042752488,6.7232585,177.59404,1.1,0.0,35.0,0.033835303,0.01,3000.0,0.1,17.6594,2.7103377e-05,0.0,0.0,10.0
79,34,0,31.0,6.149459,51.16036,-0.004070614,-0.0018378001,8.103869,88.79702,1.1,0.0,35.0,0.033835303,0.01,3000.0,0.1,17.659414,2.6799542e-05,0.0,0.0,10.0
103,7,0,23.0,6.10145,276.0475,-0.004831224,-0.00035948836,8.111768,178.7396,0.3,0.0,35.0,0.033835303,0.05,3000.0,0.015,88.297035,2.6989432e-05,0.0,0.0,50.0
114,48,0,124.0,5.891678,282.60706,0.006379692,0.0008995946,6.7607155,399.16287,1.1,0.0,35.0,0.033835303,0.01,3000.0,0.1,17.659363,2.7976903e-05,0.0,0.0,10.0
23,25,0,88.0,6.1730795,27.74521,0.01118167,0.00010580865,6.713712,321.59335,1.1,0.0,35.0,0.033835303,0.01,3000.0,0.1,17.659414,2.6799542e-05,0.0,0.0,10.0
45,80,0,36.0,6.1722083,248.62476,0.0100894505,-0.00035800485,6.7138543,88.79702,1.1,0.0,35.0,0.033835303,0.01,3000.0,0.1,17.659418,2.672358e-05,0.0,0.0,10.0
123,109,0,36.0,6.1722083,111.37524,0.0030853727,3.8037448e-05,10.684146,0.0,1.1,0.0,35.0,0.033835303,0.01,3000.0,0.1,17.659418,2.672358e-05,0.0,0.0,10.0
20,74,0,53.0,6.1191354,46.93736,0.013294574,-0.00068977586,7.415704,282.4315,1.1,0.0,35.0,0.033835303,0.01,3000.0,0.1,17.659407,2.6989434e-05,0.0,0.0,10.0
122,1,0,57.0,5.9059043,49.216583,-0.0011978182,0.0010516836,6.758287,199.58144,1.1,0.0,35.0,0.033835303,0.01,3000.0,0.1,17.659363,2.7976903e-05,0.0,0.0,10.0
121,25,0,51.0,6.1191354,133.06264,0.0025395479,-0.0016034421,7.415704,89.3698,1.1,0.0,35.0,0.033835303,0.01,3000.0,0.1,17.659407,2.6989434e-05,0.0,0.0,10.0
110,0,0,52.0,5.92585,347.54898,0.009119782,0.00071216084,6.754891,445.01822,1.1,0.0,35.0,0.033835303,0.01,3000.0,0.1,17.659363,2.7976903e-05,0.0,0.0,10.0
47,50,0,23.0,5.9116735,40.419357,0.0021561584,-0.0006841745,7.4504504,177.59404,1.1,0.0,35.0,0.033835303,0.01,3000.0,0.1,17.659363,2.7976903e-05,0.0,0.0,10.0
14,68,0,47.0,6.1580777,141.51976,-0.0026738308,0.00016206979,7.4093113,251.96722,1.1,0.0,35.0,0.033835303,0.01,3000.0,0.1,17.659414,2.6799542e-05,0.0,0.0,10.0
29,44,0,72.0,5.9695325,105.61937,0.0030796812,0.00030385258,6.7474937,198.81299,1.1,0.0,35.0,0.033835303,0.01,3000.0,0.1,17.65938,2.7597107e-05,0.0,0.0,10.0
28,40,0,66.0,6.1730795,332.2548,0.0034660352,-0.00021619488,6.713712,125.98361,1.1,0.0,35.0,0.033835303,0.01,3000.0,0.1,17.659414,2.6799542e-05,0.0,0.0,10.0
47,123,0,45.0,6.063292,108.545746,-0.0055447645,-0.0005984129,8.341232,282.4315,1.1,0.0,35.0,0.033835303,0.01,3000.0,0.1,17.659399,2.7141354e-05,0.0,0.0,10.0
39,75,0,34.0,5.9695325,105.61937,-0.004226316,-0.0014500645,7.440641,125.98361,1.1,0.0,35.0,0.033835303,0.01,3000.0,0.1,17.65938,2.7597107e-05,0.0,0.0,10.0
79,120,0,206.0,6.149459,128.83963,0.03594994,6.490014e-05,6.7175756,320.79907,1.1,0.0,35.0,0.033835303,0.01,3000.0,0.1,17.659414,2.6799542e-05,0.0,0.0,10.0
33,27,0,68.0,6.122024,222.69527,-0.0044887452,0.0004696794,7.4152284,266.39105,1.1,0.0,35.0,0.033835303,0.01,3000.0,0.1,17.659407,2.6989434e-05,0.0,0.0,10.0
41,104,0,134.0,6.00762,115.34334,-0.0011963315,-0.0005894698,7.434234,88.79702,1.1,0.0,35.0,0.033835303,0.01,3000.0,0.1,17.659384,2.7445187e-05,0.0,0.0,10.0
69,6,0,45.0,6.1580777,38.480232,0.0052196602,6.7339955e-05,7.8147764,321.59335,1.1,0.0,35.0,0.033835303,0.01,3000.0,0.1,17.659414,2.6799542e-05,0.0,0.0,10.0
79,0,0,21.0,6.0536623,211.84006,0.000665647,-0.0008177061,6.7333956,321.59335,1.1,0.0,35.0,0.033835303,0.01,3000.0,0.1,17.659391,2.7331253e-05,0.0,0.0,10.0
35,43,0,78.0,5.954605,53.570312,0.005761845,0.00014423896,6.7500153,445.8201,1.1,0.0,35.0,0.033835303,0.01,3000.0,0.1,17.659372,2.7749025e-05,0.0,0.0,10.0
88,2,0,33.0,6.149459,51.16036,0.00044990995,1.3487047e-05,7.4107227,125.98361,1.1,0.0,35.0,0.033835303,0.01,3000.0,0.1,17.659414,2.6799542e-05,0.0,0.0,10.0
73,5,0,28.0,6.1722083,68.62475,-0.0028523218,-0.00028449332,7.4070015,125.98361,1.1,0.0,35.0,0.033835303,0.01,3000.0,0.1,17.659418,2.672358e-05,0.0,0.0,10.0
15,110,0,106.0,6.0321097,25.059483,-0.006862345,-0.0006465024,11.301337,0.0,1.1,0.0,35.0,0.033835303,0.01,3000.0,0.1,17.659384,2.7445187e-05,0.0,0.0,10.0
9,33,0,81.0,6.0022664,15.429371,-0.0008059668,2.3372551e-05,7.840597,89.3698,1.1,0.0,35.0,0.033835303,0.01,3000.0,0.1,17.65938,2.7597107e-05,0.0,0.0,10.0
43,119,0,63.0,6.0022664,195.42938,0.0029088233,-0.00083421916,6.741985,88.79702,1.1,0.0,35.0,0.033835303,0.01,3000.0,0.1,17.65938,2.7597107e-05,0.0,0.0,10.0
90,4,0,31.0,5.9059043,49.216583,0.0005702188,-0.00024168685,7.451434,280.98248,1.1,0.0,35.0,0.033835303,0.01,3000.0,0.1,17.659363,2.7976903e-05,0.0,0.0,10.0
68,88,0,53.0,5.891508,44.815804,-0.00076320994,-0.002368251,9.593958,88.79702,1.1,0.0,35.0,0.033835303,0.01,3000.0,0.1,17.659359,2.8052858e-05,0.0,0.0,10.0
13,61,0,62.0,6.1730795,27.74521,0.0042982292,-0.0013288738,7.4068594,88.79702,1.1,0.0,35.0,0.033835303,0.01,3000.0,0.1,17.659414,2.6799542e-05,0.0,0.0,10.0
22,21,0,76.0,6.1730795,332.2548,0.017825887,0.00036111515,6.713712,251.96722,1.1,0.0,35.0,0.033835303,0.01,3000.0,0.1,17.659414,2.6799542e-05,0.0,0.0,10.0
5,85,0,63.0,6.114875,357.0065,-0.003507008,-0.0009665085,8.8027,88.79702,1.1,0.0,35.0,0.033835303,0.01,3000.0,0.1,17.6594,2.7103377e-05,0.0,0.0,10.0
59,14,0,98.0,6.1509776,241.95013,-0.002363634,0.0010186445,8.914551,198.81299,1.1,0.0,35.0,0.033835303,0.01,3000.0,0.1,17.659414,2.6799542e-05,0.0,0.0,10.0
16,47,0,87.0,6.1730795,207.74521,0.009992598,-0.0002647385,6.713712,199.58144,1.1,0.0,35.0,0.033835303,0.01,3000.0,0.1,17.659414,2.6799542e-05,0.0,0.0,10.0
76,111,0,121.0,5.9048457,22.25073,-0.0004368664,-0.0020342474,9.466517,125.98361,1.1,0.0,35.0,0.033835303,0.01,3000.0,0.1,17.659359,2.8052858e-05,0.0,0.0,10.0
75,7,0,19.0,6.1722083,248.62476,-0.00326428,-0.002430234,7.4070015,88.79702,1.1,0.0,35.0,0.033835303,0.01,3000.0,0.1,17.659418,2.672358e-05,0.0,0.0,10.0
21,4,0,67.0,6.1730795,27.74521,-0.0033334808,-0.0010674016,8.32315,445.8201,1.1,0.0,35.0,0.033835303,0.01,3000.0,0.1,17.659414,2.6799542e-05,0.0,0.0,10.0
25,57,0,49.0,6.1722083,68.62475,0.0049089747,0.0005936185,6.7138543,125.98361,1.1,0.0,35.0,0.033835303,0.01,3000.0,0.1,17.659418,2.672358e-05,0.0,0.0,10.0
55,30,0,40.0,6.00762,64.65665,-0.009792887,-0.0014736535,10.267447,0.0,1.1,0.0,35.0,0.033835303,0.01,3000.0,0.1,17.659384,2.7445187e-05,0.0,0.0,10.0
22,13,0,40.0,5.9059043,49.216583,-0.0010902298,-0.00016306607,6.758287,198.81299,1.1,0.0,35.0,0.033835303,0.01,3000.0,0.1,17.659363,2.7976903e-05,0.0,0.0,10.0
120,92,0,131.0,5.9059043,229.2166,0.0052288002,-0.0018381024,7.451434,88.79702,1.1,0.0,35.0,0.033835303,0.01,3000.0,0.1,17.659363,2.7976903e-05,0.0,0.0,10.0
87,103,0,29.0,6.1722083,68.62475,-0.008276047,-0.0020617624,9.758377,0.0,1.1,0.0,35.0,0.033835303,0.01,3000.0,0.1,17.659418,2.672358e-05,0.0,0.0,10.0
119,97,0,158.0,6.1722083,68.62475,0.0037727545,-0.0002124066,6.7138543,280.98248,1.1,0.0,35.0,0.033835303,0.01,3000.0,0.1,17.659418,2.672358e-05,0.0,0.0,10.0
59,53,0,43.0,5.9059043,49.216583,0.0017106573,0.0007843962,6.758287,125.98361,1.1,0.0,35.0,0.033835303,0.01,3000.0,0.1,17.659363,2.7976903e-05,0.0,0.0,10.0
54,25,0,67.0,6.063292,251.45425,-8.943183e-05,-0.0003959599,7.830406,280.98248,1.1,0.0,35.0,0.033835303,0.01,3000.0,0.1,17.659399,2.7141354e-05,0.0,0.0,10.0
29,22,0,78.0,5.92585,167.54897,0.011636686,0.00029549148,6.754891,251.96722,1.1,0.0,35.0,0.033835303,0.01,3000.0,0.1,17.659363,2.7976903e-05,0.0,0.0,10.0
10,23,0,52.0,6.063292,251.45425,0.007661316,-2.0389873e-05,6.731794,198.81299,1.1,0.0,35.0,0.033835303,0.01,3000.0,0.1,17.659399,2.7141354e-05,0.0,0.0,10.0
77,105,0,140.0,5.9059043,49.216583,-0.0034033821,0.00035086914,7.451434,377.95084,1.1,0.0,35.0,0.033835303,0.01,3000.0,0.1,17.659363,2.7976903e-05,0.0,0.0,10.0
72,118,0,146.0,6.1396484,5.9707727,-0.006333202,-0.0009089949,8.798626,198.81299,1.1,0.0,35.0,0.033835303,0.01,3000.0,0.1,17.659407,2.6989434e-05,0.0,0.0,10.0
93,28,0,82.0,5.92585,167.54897,0.0028541472,-0.00010910556,6.754891,445.01822,1.1,0.0,35.0,0.033835303,0.01,3000.0,0.1,17.659363,2.7976903e-05,0.0,0.0,10.0
81,42,0,107.0,6.094326,18.324713,0.0016731817,0.0015892001,6.72665,399.16287,1.1,0.0,35.0,0.033835303,0.01,3000.0,0.1,17.659399,2.7141354e-05,0.0,0.0,10.0
99,86,0,146.0,5.891508,224.81581,0.0006105661,0.0018576317,6.7607446,368.3426,1.1,0.0,35.0,0.033835303,0.01,3000.0,0.1,17.659359,2.8052858e-05,0.0,0.0,10.0
83,26,0,110.0,6.0321097,334.94052,0.012849131,0.00039930927,6.7369885,320.79907,1.1,0.0,35.0,0.033835303,0.01,3000.0,0.1,17.659384,2.7445187e-05,0.0,0.0,10.0
31,44,0,60.0,5.891508,224.81581,-0.007784734,-0.0005388673,8.147039,198.81299,1.1,0.0,35.0,0.033835303,0.01,3000.0,0.1,17.659359,2.8052858e-05,0.0,0.0,10.0
84,29,0,116.0,6.114875,177.00647,0.00711168,0.000395101,6.7232585,570.0124,1.1,0.0,35.0,0.033835303,0.01,3000.0,0.1,17.6594,2.7103377e-05,0.0,0.0,10.0
27,21,0,68.0,5.954605,233.57031,0.0020867882,-0.0005829225,7.4431624,266.39105,1.1,0.0,35.0,0.033835303,0.01,3000.0,0.1,17.659372,2.7749025e-05,0.0,0.0,10.0
61,29,0,47.0,6.1433077,279.02954,-0.00037088763,3.883804e-05,8.104878,268.10938,1.1,0.0,35.0,0.033835303,0.01,3000.0,0.1,17.659414,2.6799542e-05,0.0,0.0,10.0
2,105,0,91.0,6.076192,266.96783,-0.007112838,-0.0005261324,8.33909,88.79702,1.1,0.0,35.0,0.033835303,0.01,3000.0,0.1,17.6594,2.7103377e-05,0.0,0.0,10.0
6,76,0,80.0,5.9048457,22.25073,-0.0016855694,0.0003240028,6.758467,321.59335,1.1,0.0,35.0,0.033835303,0.01,3000.0,0.1,17.659359,2.8052858e-05,0.0,0.0,10.0
24,38,0,86.0,6.1722083,111.37524,0.00342514,0.0004113613,6.7138543,282.4315,1.1,0.0,35.0,0.033835303,0.01,3000.0,0.1,17.659418,2.672358e-05,0.0,0.0,10.0
98,88,0,114.0,6.10145,276.0475,-0.004850725,4.2598014e-05,8.671383,282.4315,1.1,0.0,35.0,0.033835303,0.01,3000.0,0.1,17.659407,2.6989434e-05,0.0,0.0,10.0
37,25,0,85.0,6.1396484,185.97078,-0.0012805139,-0.0003001079,7.8177967,368.3426,1.1,0.0,35.0,0.033835303,0.01,3000.0,0.1,17.659407,2.6989434e-05,0.0,0.0,10.0
95,33,0,78.0,5.891508,44.815804,-0.0021369858,0.0010264119,6.7607446,251.96722,1.1,0.0,35.0,0.033835303,0.01,3000.0,0.1,17.659359,2.8052858e-05,0.0,0.0,10.0
20,76,0,59.0,6.1191354,46.93736,-0.01800639,0.00038633528,6.7225566,377.95084,1.1,0.0,35.0,0.033835303,0.01,3000.0,0.1,17.659407,2.6989434e-05,0.0,0.0,10.0
9,26,0,30.0,6.1396484,354.02924,-0.0051491647,-0.0008819469,11.009644,0.0,0.7,0.0,35.0,0.033835303,0.1,3000.0,0.035,176.59407,2.6989435e-05,0.0,0.0,30.0
28,14,0,74.0,6.076192,273.0322,0.0067006303,-0.00019973647,6.729653,125.98361,1.1,0.0,35.0,0.033835303,0.01,3000.0,0.1,17.6594,2.7103377e-05,0.0,0.0,10.0
86,70,0,30.0,6.036756,237.82883,-0.0059309127,-9.436571e-05,9.444263,89.3698,1.1,0.0,35.0,0.033835303,0.01,3000.0,0.1,17.659391,2.7331253e-05,0.0,0.0,10.0
7,22,0,26.0,6.1396484,5.9707727,-0.0040831333,-0.0011804445,8.665094,198.81299,1.1,0.0,35.0,0.033835303,0.01,3000.0,0.1,17.659407,2.6989434e-05,0.0,0.0,10.0
6,45,0,128.0,6.1722083,111.37524,0.0062531373,0.00084746163,6.7138543,282.4315,1.1,0.0,35.0,0.033835303,0.01,3000.0,0.1,17.659418,2.672358e-05,0.0,0.0,10.0
52,87,0,56.0,5.954605,126.42968,0.0066364426,-0.0006178699,6.7500153,177.59404,1.1,0.0,35.0,0.033835303,0.01,3000.0,0.1,17.659372,2.7749025e-05,0.0,0.0,10.0
54,112,0,109.0,5.891678,102.60704,0.006350792,0.00043882098,6.7607155,178.7396,1.1,0.0,35.0,0.033835303,0.01,3000.0,0.1,17.659363,2.7976903e-05,0.0,0.0,10.0
13,87,0,54.0,5.9059043,310.78342,-0.0010220907,-0.0011365276,9.323236,88.79702,1.1,0.0,35.0,0.033835303,0.01,3000.0,0.1,17.659363,2.7976903e-05,0.0,0.0,10.0
48,56,0,62.0,6.1580777,218.48024,0.0050134338,0.0013528502,6.716164,199.58144,1.1,0.0,35.0,0.033835303,0.01,3000.0,0.1,17.659414,2.6799542e-05,0.0,0.0,10.0
98,71,0,93.0,5.892591,330.7994,0.012688417,0.00035983155,6.7605596,355.18808,1.1,0.0,35.0,0.033835303,0.01,3000.0,0.1,17.659353,2.8090843e-05,0.0,0.0,10.0
90,67,0,51.0,6.036756,57.82881,-0.014171089,0.001130046,6.736213,251.96722,1.1,0.0,35.0,0.033835303,0.01,3000.0,0.1,17.659391,2.7331253e-05,0.0,0.0,10.0
13,67,0,66.0,5.954605,126.42968,0.0058632987,0.000203792,6.7500153,282.4315,0.7,0.0,35.0,0.033835303,0.1,3000.0,0.035,176.59373,2.7749022e-05,0.0,0.0,30.0
36,33,0,57.0,6.1509776,298.0499,0.0034173978,-5.1145416e-05,6.7173266,199.58144,1.1,0.0,35.0,0.033835303,0.01,3000.0,0.1,17.659414,2.6799542e-05,0.0,0.0,10.0
4,3,0,62.0,6.122024,222.69527,0.0066860653,0.00018615864,6.722081,251.96722,1.1,0.0,35.0,0.033835303,0.01,3000.0,0.1,17.659407,2.6989434e-05,0.0,0.0,10.0
70,121,0,210.0,5.9695325,254.38063,0.0108847795,0.0031825965,6.7474937,452.8904,1.1,0.0,35.0,0.033835303,0.01,3000.0,0.1,17.65938,2.7597107e-05,0.0,0.0,10.0
51,24,0,82.0,5.954605,126.42968,0.010171563,0.0009951383,6.7500153,178.7396,1.1,0.0,35.0,0.033835303,0.01,3000.0,0.1,17.659372,2.7749025e-05,0.0,0.0,10.0
100,76,0,21.0,5.92585,167.54897,-0.0034469864,-0.0019259612,6.754891,89.3698,1.1,0.0,35.0,0.033835303,0.01,3000.0,0.1,17.659363,2.7976903e-05,0.0,0.0,10.0
11,109,0,138.0,6.0321097,25.059483,0.0019134488,0.0010720519,6.7369885,280.98248,1.1,0.0,35.0,0.033835303,0.01,3000.0,0.1,17.659384,2.7445187e-05,0.0,0.0,10.0
25,123,0,137.0,6.149459,128.83963,0.005484616,0.00012678404,6.7175756,178.7396,1.1,0.0,35.0,0.033835303,0.01,3000.0,0.1,17.659414,2.6799542e-05,0.0,0.0,10.0
117,3,0,42.0,6.149459,51.16036,-0.007662751,-0.0010995058,7.4107227,89.3698,1.1,0.0,35.0,0.033835303,0.01,3000.0,0.1,17.659414,2.6799542e-05,0.0,0.0,10.0
97,27,0,52.0,5.9048457,22.25073,-0.0030975349,0.00041488424,7.4516144,280.98248,1.1,0.0,35.0,0.033835303,0.01,3000.0,0.1,17.659359,2.8052858e-05,0.0,0.0,10.0
18,108,0,130.0,5.9048457,202.25073,-0.0043453407,-0.0003690041,8.144761,199.58144,0.7,0.0,35.0,0.033835303,0.1,3000.0,0.035,176.5936,2.8052855e-05,0.0,0.0,30.0
122,3,0,57.0,5.891508,315.1842,-0.01083757,7.0892995e-05,9.245651,199.58144,1.1,0.0,35.0,0.033835303,0.01,3000.0,0.1,17.659359,2.8052858e-05,0.0,0.0,10.0
6,12,0,28.0,6.0536623,211.84006,0.00013312955,-0.0009160729,8.679306,89.3698,1.1,0.0,35.0,0.033835303,0.01,3000.0,0.1,17.659391,2.7331253e-05,0.0,0.0,10.0
115,85,0,144.0,5.9059043,310.78342,0.030045876,0.00035445605,6.758287,251.96722,1.1,0.0,35.0,0.033835303,0.01,3000.0,0.1,17.659363,2.7976903e-05,0.0,0.0,10.0
64,27,0,99.0,5.954605,233.57031,0.007504918,0.002986157,6.7500153,282.4315,1.1,0.0,35.0,0.033835303,0.01,3000.0,0.1,17.659372,2.7749025e-05,0.0,0.0,10.0
37,83,0,40.0,5.9116735,319.58063,0.010337403,0.00015912156,6.757303,198.81299,1.1,0.0,35.0,0.033835303,0.01,3000.0,0.1,17.659363,2.7976903e-05,0.0,0.0,10.0
3,93,0,138.0,5.891508,135.18419,-0.004731897,0.0006970395,7.4538918,321.59335,1.1,0.0,35.0,0.033835303,0.01,3000.0,0.1,17.659359,2.8052858e-05,0.0,0.0,10.0
18,114,0,115.0,5.954605,53.570312,-0.0009130792,-0.00070781755,7.8486276,88.79702,1.1,0.0,35.0,0.033835303,0.01,3000.0,0.1,17.659372,2.7749025e-05,0.0,0.0,10.0
28,103,0,86.0,5.966041,216.07834,0.0032581713,-0.0023438518,8.357521,125.98361,1.1,0.0,35.0,0.033835303,0.01,3000.0,0.1,17.659372,2.7749025e-05,0.0,0.0,10.0
106,9,0,54.0,6.1433077,279.02954,0.0056771273,0.00041903649,6.718584,280.98248,1.1,0.0,35.0,0.033835303,0.01,3000.0,0.1,17.659414,2.6799542e-05,0.0,0.0,10.0
3,56,0,134.0,6.0022664,195.42938,0.0064187073,-0.00032756268,6.741985,445.01822,1.1,0.0,35.0,0.033835303,0.01,3000.0,0.1,17.65938,2.7597107e-05,0.0,0.0,10.0
46,87,0,94.0,6.122024,137.30473,0.012387682,0.00033660443,6.722081,480.8468,1.1,0.0,35.0,0.033835303,0.01,3000.0,0.1,17.659407,2.6989434e-05,0.0,0.0,10.0
109,8,0,45.0,6.122024,317.30475,-0.0030571085,-0.0008860145,7.8206935,251.96722,1.1,0.0,35.0,0.033835303,0.01,3000.0,0.1,17.659407,2.6989434e-05,0.0,0.0,10.0
5,24,0,91.0,5.9116735,40.419357,0.01731363,0.001651277,6.757303,320.79907,1.1,0.0,35.0,0.033835303,0.01,3000.0,0.1,17.659363,2.7976903e-05,0.0,0.0,10.0
115,96,0,184.0,6.063292,71.45425,0.0033984045,2.0360643e-05,6.731794,478.61322,1.1,0.0,35.0,0.033835303,0.01,3000.0,0.1,17.659399,2.7141354e-05,0.0,0.0,10.0
7,15,0,35.0,5.891678,282.60706,-0.0010331778,-0.0002055322,7.4538627,320.79907,1.1,0.0,35.0,0.033835303,0.01,3000.0,0.1,17.659363,2.7976903e-05,0.0,0.0,10.0
105,84,0,158.0,7.167209,26.417978,0.0007985797,0.0027979368,6.5630383,399.16287,1.1,0.0,35.0,0.033835303,0.01,3000.0,0.1,17.659588,2.3077557e-05,0.0,0.0,10.0
8,4,0,54.0,7.547474,192.18854,-0.0005785724,-0.00023460343,8.302528,198.81299,1.1,0.0,35.0,0.033835303,0.01,3000.0,0.1,17.659637,2.1938173e-05,0.0,0.0,10.0
7,2,0,69.0,6.604698,218.91368,-0.0016443437,-0.00079995935,7.744178,280.98248,1.1,0.0,35.0,0.033835303,0.01,3000.0,0.1,17.659498,2.4976529e-05,0.0,0.0,10.0
81,34,0,33.0,7.1986938,212.10956,-0.00020932274,-0.0014226822,7.657221,88.79702,1.1,0.0,35.0,0.033835303,0.01,3000.0,0.1,17.65959,2.296362e-05,0.0,0.0,10.0
109,67,0,97.0,6.909675,338.32532,-0.0069058947,0.00029381868,7.29315,280.98248,1.1,0.0,35.0,0.033835303,0.01,3000.0,0.1,17.659548,2.3913106e-05,0.0,0.0,10.0
39,73,0,44.0,6.807795,138.99655,-0.0047411346,6.3814914e-05,7.308147,280.98248,1.1,0.0,35.0,0.033835303,0.01,3000.0,0.1,17.659533,2.421694e-05,0.0,0.0,10.0
43,7,0,84.0,7.4024715,162.45602,0.0010761518,0.00057283556,6.5303903,177.59404,1.1,0.0,35.0,0.033835303,0.01,3000.0,0.1,17.659618,2.2355947e-05,0.0,0.0,10.0
65,10,0,111.0,6.884068,27.606983,0.0013625119,0.00070140103,6.6037517,518.6573,1.1,0.0,35.0,0.033835303,0.01,3000.0,0.1,17.659542,2.4027044e-05,0.0,0.0,10.0
17,91,0,52.0,7.702821,182.37068,-0.007806738,-0.00077910215,7.876447,88.79702,1.1,0.0,35.0,0.033835303,0.01,3000.0,0.1,17.659658,2.1482425e-05,0.0,0.0,10.0
11,101,0,89.0,7.364155,287.75684,-0.0011033409,-0.00148428,7.9219317,199.58144,1.1,0.0,35.0,0.033835303,0.01,3000.0,0.1,17.659618,2.2355947e-05,0.0,0.0,10.0
22,49,0,61.0,6.58181,75.87682,-0.0011629398,0.000224797,6.649068,198.81299,1.1,0.0,35.0,0.033835303,0.01,3000.0,0.1,17.659498,2.4976529e-05,0.0,0.0,10.0
44,102,0,120.0,7.75312,80.47775,-0.0023845846,0.0006792722,6.4835644,89.3698,1.1,0.0,35.0,0.033835303,0.01,3000.0,0.1,17.659672,2.1216567e-05,0.0,0.0,10.0
13,88,0,63.0,6.7434864,334.79605,-0.012864792,1.396645e-05,8.821805,177.59404,1.1,0.0,35.0,0.033835303,0.01,3000.0,0.1,17.65952,2.4558754e-05,0.0,0.0,10.0
94,27,0,83.0,7.75312,80.47775,0.00714117,0.00068142626,6.4835644,320.79907,1.1,0.0,35.0,0.033835303,0.01,3000.0,0.1,17.659672,2.1216567e-05,0.0,0.0,10.0
40,26,0,91.0,6.432219,116.712685,0.0042637917,0.0005502289,6.672257,89.3698,1.1,0.0,35.0,0.033835303,0.01,3000.0,0.1,17.659468,2.5622176e-05,0.0,0.0,10.0
31,0,0,109.0,6.2954693,245.9005,0.009165346,-0.0009023245,6.693924,452.8904,1.1,0.0,35.0,0.033835303,0.01,3000.0,0.1,17.659443,2.6191872e-05,0.0,0.0,10.0
40,115,0,81.0,6.30723,239.3732,-0.0018007021,-0.00060767867,8.483802,89.3698,1.1,0.0,35.0,0.033835303,0.01,3000.0,0.1,17.659445,2.6153892e-05,0.0,0.0,10.0
104,8,0,34.0,7.664825,252.9696,-0.0007108897,-0.0005213863,6.4951577,282.4315,1.1,0.0,35.0,0.033835303,0.01,3000.0,0.1,17.659658,2.1482425e-05,0.0,0.0,10.0
97,70,0,80.0,7.7434173,330.41354,0.008529819,0.0002529809,6.4848323,280.98248,1.1,0.0,35.0,0.033835303,0.01,3000.0,0.1,17.659666,2.1330507e-05,0.0,0.0,10.0
92,120,0,33.0,6.7434864,205.20395,-0.0044801654,-0.0022333502,8.821805,88.79702,1.1,0.0,35.0,0.033835303,0.01,3000.0,0.1,17.65952,2.4558754e-05,0.0,0.0,10.0
17,43,0,105.0,6.6150756,202.7022,0.0031604737,-1.7005275e-05,6.6439815,452.8904,1.1,0.0,35.0,0.033835303,0.01,3000.0,0.1,17.659498,2.4976529e-05,0.0,0.0,10.0
27,54,0,57.0,7.75312,99.52224,0.01230043,0.0007628914,6.4835644,125.98361,1.1,0.0,35.0,0.033835303,0.01,3000.0,0.1,17.659672,2.1216567e-05,0.0,0.0,10.0
74,92,0,84.0,6.4995875,20.105646,0.0024764691,0.00065543153,6.6617484,280.98248,1.1,0.0,35.0,0.033835303,0.01,3000.0,0.1,17.659475,2.547026e-05,0.0,0.0,10.0
3,94,0,130.0,7.082017,97.81463,-0.004003133,2.0858837e-05,8.654562,282.4315,1.1,0.0,35.0,0.033835303,0.01,3000.0,0.1,17.659578,2.3191496e-05,0.0,0.0,10.0
54,83,0,64.0,6.201309,158.87363,-0.005720791,-0.00044087143,7.402261,377.95084,1.1,0.0,35.0,0.033835303,0.01,3000.0,0.1,17.659418,2.672358e-05,0.0,0.0,10.0
38,118,0,70.0,7.2548447,41.240974,0.0023884454,-0.0019312658,7.6493683,88.79702,1.1,0.0,35.0,0.033835303,0.01,3000.0,0.1,17.659597,2.2773726e-05,0.0,0.0,10.0
4,56,0,131.0,7.4402604,172.61569,0.0030746933,-0.0006446936,7.218388,445.8201,1.1,0.0,35.0,0.033835303,0.01,3000.0,0.1,17.659624,2.2242011e-05,0.0,0.0,10.0
55,89,0,58.0,7.323594,336.9345,0.00012622308,-0.00038469463,7.639834,198.81299,1.1,0.0,35.0,0.033835303,0.01,3000.0,0.1,17.659607,2.2583825e-05,0.0,0.0,10.0
105,53,0,24.0,6.821805,259.1478,0.000116517265,-0.0004422211,6.6129246,89.3698,1.1,0.0,35.0,0.033835303,0.01,3000.0,0.1,17.659538,2.4140983e-05,0.0,0.0,10.0
119,16,0,117.0,7.616432,337.8798,0.014538645,0.0009462494,6.501567,320.79907,1.1,0.0,35.0,0.033835303,0.01,3000.0,0.1,17.659647,2.1710299e-05,0.0,0.0,10.0
87,70,0,41.0,7.4426947,279.9282,0.003096573,-0.000514869,6.52491,178.7396,1.1,0.0,35.0,0.033835303,0.01,3000.0,0.1,17.659634,2.2052114e-05,0.0,0.0,10.0
117,52,0,100.0,6.888834,76.524254,0.004346293,1.2019765e-05,6.603053,198.81299,1.1,0.0,35.0,0.033835303,0.01,3000.0,0.1,17.65955,2.3875122e-05,0.0,0.0,10.0
6,16,0,30.0,6.456271,278.585,0.0014107848,-0.0007086014,6.668493,355.18808,1.1,0.0,35.0,0.033835303,0.01,3000.0,0.1,17.659475,2.5508243e-05,0.0,0.0,10.0
49,13,0,112.0,7.036056,29.9091,-0.00013301735,0.00081994454,7.2748446,397.62598,1.1,0.0,35.0,0.033835303,0.01,3000.0,0.1,17.659567,2.349533e-05,0.0,0.0,10.0
72,104,0,156.0,6.742692,238.40628,0.0011902525,0.0005087317,6.624699,366.25882,1.1,0.0,35.0,0.033835303,0.01,3000.0,0.1,17.659523,2.4444817e-05,0.0,0.0,10.0
40,53,0,50.0,6.2267017,214.33675,0.0033162062,-0.00066773186,6.704995,89.3698,1.1,0.0,35.0,0.033835303,0.01,3000.0,0.1,17.659426,2.6571664e-05,0.0,0.0,10.0
115,111,0,119.0,6.6667,106.8009,0.0046388474,0.00027091088,6.6361375,366.25882,1.1,0.0,35.0,0.033835303,0.01,3000.0,0.1,17.659512,2.4710675e-05,0.0,0.0,10.0
9,38,0,104.0,6.807795,41.003437,-0.0045054774,-0.00021323853,7.308147,280.98248,1.1,0.0,35.0,0.033835303,0.01,3000.0,0.1,17.659533,2.421694e-05,0.0,0.0,10.0
80,17,0,78.0,6.7735972,5.4056716,0.0065126303,0.0005680376,6.6200833,518.6573,1.1,0.0,35.0,0.033835303,0.01,3000.0,0.1,17.659523,2.4444817e-05,0.0,0.0,10.0
44,66,0,49.0,7.0325108,24.090178,0.003128052,0.000111175235,6.5822062,368.3426,1.1,0.0,35.0,0.033835303,0.01,3000.0,0.1,17.659567,2.349533e-05,0.0,0.0,10.0
112,22,0,40.0,7.196256,257.1159,-0.006825014,-0.0012516611,8.756176,366.25882,1.1,0.0,35.0,0.033835303,0.01,3000.0,0.1,17.659597,2.2887662e-05,0.0,0.0,10.0
92,68,0,51.0,7.4024715,342.45602,-0.0024953326,0.00013537901,8.4763,266.39105,1.1,0.0,35.0,0.033835303,0.01,3000.0,0.1,17.659618,2.2355947e-05,0.0,0.0,10.0
86,69,0,37.0,6.3102584,194.65317,0.0012498558,-0.00041909717,7.3847055,125.98361,1.1,0.0,35.0,0.033835303,0.01,3000.0,0.1,17.65944,2.6267831e-05,0.0,0.0,10.0
30,24,0,66.0,7.664825,287.0304,0.0050397427,-0.00096334936,6.4951577,198.81299,1.1,0.0,35.0,0.033835303,0.01,3000.0,0.1,17.659658,2.1482425e-05,0.0,0.0,10.0
66,9,0,94.0,7.447125,58.873466,0.0024813216,1.7492526e-05,7.2174554,503.93445,1.1,0.0,35.0,0.033835303,0.01,3000.0,0.1,17.65963,2.2090091e-05,0.0,0.0,10.0
119,24,0,83.0,7.467092,110.10171,0.015992796,5.9543494e-05,6.5216,280.98248,1.1,0.0,35.0,0.033835303,0.01,3000.0,0.1,17.659634,2.2052114e-05,0.0,0.0,10.0
49,82,0,41.0,6.5960875,309.2743,-0.012740169,-0.00059407443,7.745494,282.4315,1.1,0.0,35.0,0.033835303,0.01,3000.0,0.1,17.659498,2.4976529e-05,0.0,0.0,10.0
36,42,0,64.0,7.0137906,120.22856,-0.0037513818,0.00072430004,7.9711933,321.59335,1.1,0.0,35.0,0.033835303,0.01,3000.0,0.1,17.659567,2.349533e-05,0.0,0.0,10.0
72,75,0,54.0,6.7993746,19.175467,0.0063825273,0.0008599977,6.616249,368.3426,1.1,0.0,35.0,0.033835303,0.01,3000.0,0.1,17.65953,2.433088e-05,0.0,0.0,10.0
76,62,0,25.0,6.909675,21.674671,-0.0022216635,-0.0006962396,7.29315,125.98361,1.1,0.0,35.0,0.033835303,0.01,3000.0,0.1,17.659548,2.3913106e-05,0.0,0.0,10.0
99,55,0,48.0,6.9316354,33.520252,-0.0034000312,0.0015173643,6.5967984,251.96722,1.1,0.0,35.0,0.033835303,0.01,3000.0,0.1,17.65955,2.3837147e-05,0.0,0.0,10.0
103,43,0,94.0,7.179039,237.5578,0.0058527063,0.0018673278,6.561372,377.95084,1.1,0.0,35.0,0.033835303,0.01,3000.0,0.1,17.65959,2.296362e-05,0.0,0.0,10.0
111,104,0,131.0,6.2377295,168.18538,0.009333114,0.00026534012,6.703212,198.81299,1.1,0.0,35.0,0.033835303,0.01,3000.0,0.1,17.659426,2.6571664e-05,0.0,0.0,10.0
22,74,0,35.0,6.2124944,55.319294,-0.015377974,0.00027839938,9.105193,125.98361,1.1,0.0,35.0,0.033835303,0.01,3000.0,0.1,17.659426,2.6571664e-05,0.0,0.0,10.0
92,25,0,83.0,6.7993746,19.175467,0.008510232,0.0008512321,6.616249,268.10938,1.1,0.0,35.0,0.033835303,0.01,3000.0,0.1,17.65953,2.433088e-05,0.0,0.0,10.0
65,123,0,78.0,7.110934,215.66298,0.0033042845,-0.00064427947,9.404217,89.3698,1.1,0.0,35.0,0.033835303,0.01,3000.0,0.1,17.659578,2.3191496e-05,0.0,0.0,10.0
6,77,0,86.0,6.7022557,343.4019,0.0014139457,-0.00013131618,6.6307697,357.4792,1.1,0.0,35.0,0.033835303,0.01,3000.0,0.1,17.659512,2.4710675e-05,0.0,0.0,10.0
33,109,0,98.0,7.4665003,223.08047,0.0044259257,-0.0020636467,7.9079747,88.79702,1.1,0.0,35.0,0.033835303,0.01,3000.0,0.1,17.659634,2.2052114e-05,0.0,0.0,10.0
53,95,0,115.0,7.6159267,236.80759,-0.0026540002,0.0018184616,6.501634,199.58144,1.1,0.0,35.0,0.033835303,0.01,3000.0,0.1,17.659653,2.1634341e-05,0.0,0.0,10.0
42,67,0,55.0,6.549927,348.7607,0.002654041,0.00028950925,7.3471136,397.62598,1.1,0.0,35.0,0.033835303,0.01,3000.0,0.1,17.659485,2.5280367e-05,0.0,0.0,10.0
110,62,0,42.0,6.8107147,351.92133,0.0055260872,0.00046416782,6.6145673,125.98361,1.1,0.0,35.0,0.033835303,0.01,3000.0,0.1,17.65953,2.433088e-05,0.0,0.0,10.0
108,113,0,31.0,7.0137906,239.77144,0.0038995403,-0.0019121865,7.9711933,88.79702,1.1,0.0,35.0,0.033835303,0.01,3000.0,0.1,17.659567,2.349533e-05,0.0,0.0,10.0
25,19,0,66.0,6.888834,256.52426,-0.00092519814,0.0001058073,7.7016654,199.58144,1.1,0.0,35.0,0.033835303,0.01,3000.0,0.1,17.65955,2.3875122e-05,0.0,0.0,10.0
56,80,0,85.0,6.9316354,213.52026,-0.0066807624,0.00089232787,6.5967984,366.25882,1.1,0.0,35.0,0.033835303,0.01,3000.0,0.1,17.65955,2.3837147e-05,0.0,0.0,10.0
96,60,0,79.0,7.288012,308.05365,0.0114797475,0.00037583505,6.5461454,280.98248,1.1,0.0,35.0,0.033835303,0.01,3000.0,0.1,17.659607,2.2621804e-05,0.0,0.0,10.0
55,90,0,68.0,6.6687765,324.95578,0.005979368,5.8207643e-05,7.3289704,178.7396,1.1,0.0,35.0,0.033835303,0.01,3000.0,0.1,17.65951,2.4786634e-05,0.0,0.0,10.0
108,13,0,37.0,6.7993746,199.17548,0.00032319615,-0.001490745,7.7148614,282.4315,1.1,0.0,35.0,0.033835303,0.01,3000.0,0.1,17.65953,2.433088e-05,0.0,0.0,10.0
34,29,0,51.0,6.4332294,182.8441,-0.00067637203,-0.00051548006,9.380149,125.98361,1.1,0.0,35.0,0.033835303,0.01,3000.0,0.1,17.659462,2.573612e-05,0.0,0.0,10.0
41,82,0,34.0,7.125574,352.284,0.0025364717,-0.00093210756,6.5689254,280.98248,1.1,0.0,35.0,0.033835303,0.01,3000.0,0.1,17.659578,2.3191496e-05,0.0,0.0,10.0
84,97,0,109.0,7.7547216,172.92018,0.010564742,0.0007121229,6.4833555,320.79907,1.1,0.0,35.0,0.033835303,0.01,3000.0,0.1,17.659666,2.1330507e-05,0.0,0.0,10.0
32,28,0,51.0,7.2491007,228.39351,-0.0031237777,-0.0011545611,7.650169,198.81299,1.1,0.0,35.0,0.033835303,0.01,3000.0,0.1,17.659597,2.2773726e-05,0.0,0.0,10.0
31,59,0,51.0,6.855221,217.22774,0.002400638,-0.00036920916,6.6079917,366.25882,1.1,0.0,35.0,0.033835303,0.01,3000.0,0.1,17.65954,2.4103005e-05,0.0,0.0,10.0
16,78,0,63.0,7.5529637,143.7914,-0.011863537,-0.00022897247,8.119472,251.96722,1.1,0.0,35.0,0.033835303,0.01,3000.0,0.1,17.659643,2.1862217e-05,0.0,0.0,10.0
118,95,0,162.0,6.3845325,90.0,0.0014167852,0.00021505565,6.6797605,199.58144,1.1,0.0,35.0,0.033835303,0.01,3000.0,0.1,17.659462,2.5812078e-05,0.0,0.0,10.0
31,73,0,64.0,7.56554,297.79767,-0.009005968,-0.0002104583,8.587792,280.98248,1.1,0.0,35.0,0.033835303,0.01,3000.0,0.1,17.659647,2.1748278e-05,0.0,0.0,10.0
114,102,0,138.0,6.765601,289.4052,0.0040918137,-0.00050481904,6.6212754,178.7396,1.1,0.0,35.0,0.033835303,0.01,3000.0,0.1,17.65953,2.433088e-05,0.0,0.0,10.0
31,119,0,179.0,7.3712363,34.20886,0.0013141969,0.0022765717,6.5346656,366.25882,1.1,0.0,35.0,0.033835303,0.01,3000.0,0.1,17.659616,2.2431906e-05,0.0,0.0,10.0
0,77,0,68.0,7.273711,285.3489,-0.0029610612,0.00064741034,6.5481305,198.81299,1.1,0.0,35.0,0.033835303,0.01,3000.0,0.1,17.659607,2.2621804e-05,0.0,0.0,10.0
113,96,0,205.0,7.0325108,155.9098,0.016232885,0.0010366841,6.5822062,443.9851,1.1,0.0,35.0,0.033835303,0.01,3000.0,0.1,17.659567,2.349533e-05,0.0,0.0,10.0
13,68,0,59.0,6.432219,116.712685,0.0014586658,0.0005781518,6.672257,321.59335,1.1,0.0,35.0,0.033835303,0.01,3000.0,0.1,17.659468,2.5622176e-05,0.0,0.0,10.0
101,98,0,90.0,7.56554,242.20233,-0.0013550677,-0.00065582484,7.6069627,251.96722,1.1,0.0,35.0,0.033835303,0.01,3000.0,0.1,17.659647,2.1748278e-05,0.0,0.0,10.0
116,46,0,106.0,6.2124944,55.319294,0.008555717,0.00013773522,7.4004445,321.59335,1.1,0.0,35.0,0.033835303,0.01,3000.0,0.1,17.659426,2.6571664e-05,0.0,0.0,10.0
58,114,0,75.0,7.0508404,219.2918,-0.0010107139,-0.0015653494,8.189015,88.79702,1.1,0.0,35.0,0.033835303,0.01,3000.0,0.1,17.659569,2.3419372e-05,0.0,0.0,10.0
57,37,0,70.0,7.288012,308.05365,0.016024962,0.0009506768,6.5461454,199.58144,1.1,0.0,35.0,0.033835303,0.01,3000.0,0.1,17.659607,2.2621804e-05,0.0,0.0,10.0
113,102,0,126.0,7.17178,249.0227,-0.0010057626,-0.00045528423,9.201451,89.3698,1.1,0.0,35.0,0.033835303,0.01,3000.0,0.1,17.65959,2.296362e-05,0.0,0.0,10.0
94,87,0,58.0,7.674097,265.20578,-0.0027649894,5.4029042e-05,6.493934,88.79702,1.1,0.0,35.0,0.033835303,0.01,3000.0,0.1,17.659662,2.1444439e-05,0.0,0.0,10.0
60,47,0,37.0,6.581585,119.21125,0.0015197324,-0.00065970264,6.649102,321.59335,1.1,0.0,35.0,0.033835303,0.01,3000.0,0.1,17.659496,2.5052486e-05,0.0,0.0,10.0
22,95,0,44.0,7.360179,264.99838,-0.0022489806,-0.0018008118,11.09006,0.0,1.1,0.0,35.0,0.033835303,0.01,3000.0,0.1,17.659618,2.2355947e-05,0.0,0.0,10.0
9,75,0,54.0,6.928104,13.309729,0.0016606015,-0.00013417128,6.597313,88.79702,1.1,0.0,35.0,0.033835303,0.01,3000.0,0.1,17.65955,2.3875122e-05,0.0,0.0,10.0
55,93,0,68.0,6.3224325,336.17395,-0.025505591,-0.00071964716,9.462204,125.98361,1.1,0.0,35.0,0.033835303,0.01,3000.0,0.1,17.659443,2.6191872e-05,0.0,0.0,10.0
9,23,0,34.0,6.7313557,264.52478,0.0025610686,-0.00087579695,6.6263976,177.59404,1.1,0.0,35.0,0.033835303,0.01,3000.0,0.1,17.659523,2.4444817e-05,0.0,0.0,10.0
121,28,0,85.0,7.0422397,50.346645,0.015630681,0.0004164214,6.58081,280.98248,1.1,0.0,35.0,0.033835303,0.01,3000.0,0.1,17.659569,2.3419372e-05,0.0,0.0,10.0
57,119,0,56.0,6.581585,119.21125,-0.0088806115,-0.00078363717,8.728543,125.98361,1.1,0.0,35.0,0.033835303,0.01,3000.0,0.1,17.659496,2.5052486e-05,0.0,0.0,10.0
64,77,0,76.0,6.700924,90.0,0.0024287743,0.00045995877,6.6309705,320.79907,1.1,0.0,35.0,0.033835303,0.01,3000.0,0.1,17.65952,2.4558754e-05,0.0,0.0,10.0
65,73,0,30.0,7.740546,24.30547,0.002797871,-0.0006804456,7.1783547,178.7396,1.1,0.0,35.0,0.033835303,0.01,3000.0,0.1,17.659666,2.1330507e-05,0.0,0.0,10.0
16,88,0,81.0,6.180711,8.916046,0.007647797,0.0016986723,6.7124667,320.79907,1.1,0.0,35.0,0.033835303,0.01,3000.0,0.1,17.659414,2.6799542e-05,0.0,0.0,10.0
47,11,0,93.0,6.7022557,343.4019,0.006304043,-0.00039119992,6.6307697,357.4792,1.1,0.0,35.0,0.033835303,0.01,3000.0,0.1,17.659512,2.4710675e-05,0.0,0.0,10.0
58,90,0,74.0,7.364155,72.24316,0.007726147,0.00043838314,6.5356374,125.98361,1.1,0.0,35.0,0.033835303,0.01,3000.0,0.1,17.659618,2.2355947e-05,0.0,0.0,10.0
47,6,0,61.0,6.3977537,162.57993,-0.0014853847,-0.0019748954,8.063969,321.59335,1.1,0.0,35.0,0.033835303,0.01,3000.0,0.1,17.659456,2.5888035e-05,0.0,0.0,10.0
42,82,0,33.0,7.7547216,7.0798163,0.0012909711,-0.0010983186,6.4833555,251.96722,1.1,0.0,35.0,0.033835303,0.01,3000.0,0.1,17.659666,2.1330507e-05,0.0,0.0,10.0
13,108,0,111.0,7.0617123,0.0,0.00025267608,-9.2970164e-05,6.5780206,178.7396,1.1,0.0,35.0,0.033835303,0.01,3000.0,0.1,17.659569,2.3457354e-05,0.0,0.0,10.0
11,106,0,97.0,7.007624,15.84835,0.0018804295,-0.0011866317,6.5857873,88.79702,1.1,0.0,35.0,0.033835303,0.01,3000.0,0.1,17.659561,2.360927e-05,0.0,0.0,10.0
4,77,0,94.0,6.802041,48.631428,-0.0003087765,0.00043483602,6.6158533,321.59335,1.1,0.0,35.0,0.033835303,0.01,3000.0,0.1,17.659533,2.421694e-05,0.0,0.0,10.0
98,57,0,26.0,7.0191536,222.96863,-0.0012314394,-0.0018583542,8.6635685,89.3698,1.1,0.0,35.0,0.033835303,0.01,3000.0,0.1,17.659567,2.349533e-05,0.0,0.0,10.0
40,116,0,81.0,7.0422397,230.34665,0.0012666269,-0.00045655904,6.58081,125.98361,1.1,0.0,35.0,0.033835303,0.01,3000.0,0.1,17.659569,2.3419372e-05,0.0,0.0,10.0
122,22,0,64.0,6.7993746,160.82452,0.0054615373,-0.00011974931,6.616249,266.39105,1.1,0.0,35.0,0.033835303,0.01,3000.0,0.1,17.65953,2.433088e-05,0.0,0.0,10.0
113,54,0,131.0,7.339399,272.50558,0.009328377,0.00082697254,6.539042,570.81744,1.1,0.0,35.0,0.033835303,0.01,3000.0,0.1,17.659616,2.2431906e-05,0.0,0.0,10.0
123,4,0,66.0,6.432219,63.2873,0.0067323046,-0.0007542797,8.974842,321.59335,1.1,0.0,35.0,0.033835303,0.01,3000.0,0.1,17.659468,2.5622176e-05,0.0,0.0,10.0
86,109,0,114.0,6.581585,60.788734,0.0064640297,0.00245772,6.649102,198.81299,1.1,0.0,35.0,0.033835303,0.01,3000.0,0.1,17.659496,2.5052486e-05,0.0,0.0,10.0
113,82,0,73.0,7.6953835,311.81653,-0.0003572102,-1.9470479e-05,7.5897427,251.96722,1.1,0.0,35.0,0.033835303,0.01,3000.0,0.1,17.659662,2.1444439e-05,0.0,0.0,10.0
71,63,0,53.0,7.616432,22.120216,0.00032457506,0.00026805763,6.501567,445.01822,1.1,0.0,35.0,0.033835303,0.01,3000.0,0.1,17.659647,2.1710299e-05,0.0,0.0,10.0
3,81,0,70.0,7.2548447,221.24098,-0.0009847223,-0.0014450435,8.342515,251.96722,1.1,0.0,35.0,0.033835303,0.01,3000.0,0.1,17.659597,2.2773726e-05,0.0,0.0,10.0
118,46,0,88.0,6.742692,58.406277,0.0019787496,0.0006375767,6.624699,198.81299,1.1,0.0,35.0,0.033835303,0.01,3000.0,0.1,17.659523,2.4444817e-05,0.0,0.0,10.0
22,68,0,28.0,6.4568715,153.58202,-0.0065439236,-0.00073025044,7.361546,125.98361,1.1,0.0,35.0,0.033835303,0.01,3000.0,0.1,17.659468,2.5622176e-05,0.0,0.0,10.0
61,35,0,37.0,7.578133,75.288895,0.0047734333,-0.0006708579,6.5066676,125.98361,1.1,0.0,35.0,0.033835303,0.01,3000.0,0.1,17.659647,2.1710299e-05,0.0,0.0,10.0
48,59,0,46.0,6.364443,252.36838,0.005383145,0.0001232588,6.682938,251.96722,1.1,0.0,35.0,0.033835303,0.01,3000.0,0.1,17.659456,2.5888035e-05,0.0,0.0,10.0
122,42,0,84.0,7.8753376,333.58203,0.007214449,-0.0009750713,6.467728,89.3698,1.1,0.0,35.0,0.033835303,0.01,3000.0,0.1,17.659683,2.0950709e-05,0.0,0.0,10.0
23,66,0,59.0,6.30723,239.3732,0.0145798065,0.0006209418,6.6920424,266.39105,1.1,0.0,35.0,0.033835303,0.01,3000.0,0.1,17.659445,2.6153892e-05,0.0,0.0,10.0
80,27,0,90.0,7.664825,252.9696,-0.002237307,7.981206e-05,7.188305,282.4315,1.1,0.0,35.0,0.033835303,0.01,3000.0,0.1,17.659658,2.1482425e-05,0.0,0.0,10.0
106,109,0,44.0,7.5039577,102.34147,-0.0153539125,-0.0019152653,8.59606,177.59404,1.1,0.0,35.0,0.033835303,0.01,3000.0,0.1,17.659637,2.1938173e-05,0.0,0.0,10.0
51,64,0,37.0,7.036056,209.90912,0.0030224593,0.00024770174,6.5816975,282.4315,1.1,0.0,35.0,0.033835303,0.01,3000.0,0.1,17.659567,2.349533e-05,0.0,0.0,10.0
42,0,0,69.0,6.2014203,101.963135,-0.0034222314,-0.0004989476,6.7090955,125.98361,1.1,0.0,35.0,0.033835303,0.01,3000.0,0.1,17.659426,2.6571664e-05,0.0,0.0,10.0
67,91,0,111.0,6.364443,252.36838,0.008891806,0.0022769074,6.682938,198.81299,1.1,0.0,35.0,0.033835303,0.01,3000.0,0.1,17.659456,2.5888035e-05,0.0,0.0,10.0
19,9,0,39.0,7.0325108,204.0902,0.0022340966,-0.0007339686,7.9685006,198.81299,1.1,0.0,35.0,0.033835303,0.01,3000.0,0.1,17.659567,2.349533e-05,0.0,0.0,10.0
4,4,0,55.0,6.604698,218.91368,0.0053741653,0.0007117545,6.6455655,199.58144,1.1,0.0,35.0,0.033835303,0.01,3000.0,0.1,17.659498,2.4976529e-05,0.0,0.0,10.0
57,20,0,104.0,7.4402604,7.3843064,0.003279227,0.000286352,6.525241,282.4315,1.1,0.0,35.0,0.033835303,0.01,3000.0,0.1,17.659624,2.2242011e-05,0.0,0.0,10.0
73,74,0,40.0,7.5529637,36.208588,0.0056537637,-0.00014974867,6.5100336,368.3426,1.1,0.0,35.0,0.033835303,0.01,3000.0,0.1,17.659643,2.1862217e-05,0.0,0.0,10.0
42,65,0,36.0,7.205925,339.2678,0.00079791923,-0.00047043778,7.2507415,251.96722,1.1,0.0,35.0,0.033835303,0.01,3000.0,0.1,17.65959,2.296362e-05,0.0,0.0,10.0
55,113,0,100.0,7.17178,69.02269,-0.0013176037,0.000927421,6.562394,125.98361,1.1,0.0,35.0,0.033835303,0.01,3000.0,0.1,17.65959,2.296362e-05,0.0,0.0,10.0
76,64,0,56.0,7.5529637,36.208588,0.0027668532,0.0006931877,6.5100336,280.98248,1.1,0.0,35.0,0.033835303,0.01,3000.0,0.1,17.659643,2.1862217e-05,0.0,0.0,10.0
88,57,0,54.0,7.3324585,270.0,0.0096095,-6.107874e-05,6.5399985,355.18808,1.1,0.0,35.0,0.033835303,0.01,3000.0,0.1,17.659616,2.2431906e-05,0.0,0.0,10.0
33,9,0,50.0,7.339399,272.50558,-0.0035460375,-0.00075209676,10.1499605,0.0,1.1,0.0,35.0,0.033835303,0.01,3000.0,0.1,17.659616,2.2431906e-05,0.0,0.0,10.0
34,91,0,105.0,6.570975,137.15865,-0.0040847934,0.00101728,6.6507297,282.4315,1.1,0.0,35.0,0.033835303,0.01,3000.0,0.1,17.659492,2.5128445e-05,0.0,0.0,10.0
115,53,0,119.0,7.7939363,54.83472,0.0045017586,-0.0002956323,7.171396,377.95084,1.1,0.0,35.0,0.033835303,0.01,3000.0,0.1,17.659676,2.1140606e-05,0.0,0.0,10.0
68,80,0,50.0,6.4253716,0.0,-0.011395693,0.00031112388,8.059626,266.39105,1.1,0.0,35.0,0.033835303,0.01,3000.0,0.1,17.659462,2.5812078e-05,0.0,0.0,10.0
8,7,0,37.0,6.399265,232.95312,0.0026563043,-0.0002006226,7.3705835,89.3698,1.1,0.0,35.0,0.033835303,0.01,3000.0,0.1,17.659462,2.5812078e-05,0.0,0.0,10.0
106,69,0,149.0,6.549927,348.7607,0.009126544,0.0008893031,6.6539664,368.3426,1.1,0.0,35.0,0.033835303,0.01,3000.0,0.1,17.659485,2.5280367e-05,0.0,0.0,10.0
6,46,0,123.0,6.399265,127.04688,0.0018121402,0.0005374072,6.6774364,321.59335,1.1,0.0,35.0,0.033835303,0.01,3000.0,0.1,17.659462,2.5812078e-05,0.0,0.0,10.0
23,70,0,37.0,7.6355968,32.85575,0.0035357792,-0.00027234686,6.499024,88.79702,1.1,0.0,35.0,0.033835303,0.01,3000.0,0.1,17.659653,2.1634341e-05,0.0,0.0,10.0
5,57,0,117.0,6.34114,135.18419,-0.003826949,-0.00035907998,7.7852488,321.59335,1.1,0.0,35.0,0.033835303,0.01,3000.0,0.1,17.659449,2.6039957e-05,0.0,0.0,10.0
24,81,0,34.0,6.4253716,180.0,0.0044470993,-0.0013378327,6.673331,178.7396,1.1,0.0,35.0,0.033835303,0.01,3000.0,0.1,17.659462,2.5812078e-05,0.0,0.0,10.0
113,79,0,26.0,7.4402604,352.6157,-0.0005717148,-0.0021829947,7.623853,199.58144,1.1,0.0,35.0,0.033835303,0.01,3000.0,0.1,17.659624,2.2242011e-05,0.0,0.0,10.0
21,10,0,28.0,6.2377295,191.81462,-0.0020148277,-0.0011529098,8.494971,88.79702,1.1,0.0,35.0,0.033835303,0.01,3000.0,0.1,17.659426,2.6571664e-05,0.0,0.0,10.0
91,45,0,33.0,7.17178,69.02269,0.0077915485,-5.7923688e-05,6.562394,251.96722,1.1,0.0,35.0,0.033835303,0.01,3000.0,0.1,17.65959,2.296362e-05,0.0,0.0,10.0
75,87,0,76.0,6.492343,327.26257,0.013280767,-0.00037001463,7.3560205,251.96722,1.1,0.0,35.0,0.033835303,0.01,3000.0,0.1,17.659475,2.547026e-05,0.0,0.0,10.0
22,73,0,35.0,6.7313557,84.52478,-0.0062375874,0.00022024174,7.319545,89.3698,1.1,0.0,35.0,0.033835303,0.01,3000.0,0.1,17.659523,2.4444817e-05,0.0,0.0,10.0
114,64,0,36.0,7.423008,64.393364,0.004121835,-0.00067425554,7.2207355,125.98361,1.1,0.0,35.0,0.033835303,0.01,3000.0,0.1,17.659628,2.2204033e-05,0.0,0.0,10.0
115,110,0,120.0,6.821805,79.14778,0.003986517,-0.00012463942,6.6129246,280.98248,1.1,0.0,35.0,0.033835303,0.01,3000.0,0.1,17.659538,2.4140983e-05,0.0,0.0,10.0
68,5,0,37.0,6.3977537,17.42006,-0.0013903477,-0.0003732106,7.7762866,280.98248,1.1,0.0,35.0,0.033835303,0.01,3000.0,0.1,17.659456,2.5888035e-05,0.0,0.0,10.0
111,81,0,52.0,6.2124944,304.6807,0.0069830646,-0.0003059432,8.093592,198.81299,1.1,0.0,35.0,0.033835303,0.01,3000.0,0.1,17.659426,2.6571664e-05,0.0,0.0,10.0
119,98,0,159.0,7.0241714,92.61932,0.0034268831,-0.00022325003,6.583405,366.25882,1.1,0.0,35.0,0.033835303,0.01,3000.0,0.1,17.659569,2.3419372e-05,0.0,0.0,10.0
60,73,0,35.0,7.8108954,34.81914,-0.005179557,-1.387663e-05,7.169195,177.59404,1.1,0.0,35.0,0.033835303,0.01,3000.0,0.1,17.659676,2.1140606e-05,0.0,0.0,10.0
22,56,0,72.0,7.0688376,177.4141,0.01254945,0.0012803859,6.577002,199.58144,1.1,0.0,35.0,0.033835303,0.01,3000.0,0.1,17.659569,2.3419372e-05,0.0,0.0,10.0
80,23,0,67.0,9.715327,78.61901,-0.008785038,-0.0004935382,8.333878,89.3698,1.1,0.0,35.0,0.033835303,0.01,3000.0,0.1,17.659872,1.6886916e-05,0.0,0.0,10.0
123,36,0,173.0,8.644602,0.0,0.00041176841,0.0018382672,6.373226,561.96497,1.1,0.0,35.0,0.033835303,0.01,3000.0,0.1,17.659767,1.91277e-05,0.0,0.0,10.0
89,39,0,35.0,8.703846,196.99945,0.0009979898,0.001099382,6.3662906,177.59404,1.1,0.0,35.0,0.033835303,0.01,3000.0,0.1,17.659775,1.8975785e-05,0.0,0.0,10.0
90,23,0,53.0,9.800044,305.92874,0.0017113849,-6.5836335e-05,6.938731,89.3698,1.1,0.0,35.0,0.033835303,0.01,3000.0,0.1,17.659876,1.6772976e-05,0.0,0.0,10.0
23,122,0,149.0,8.030107,203.36417,0.004389925,0.0014225079,6.4480143,368.3426,1.1,0.0,35.0,0.033835303,0.01,3000.0,0.1,17.6597,2.0570917e-05,0.0,0.0,10.0
72,89,0,69.0,8.628862,38.81095,0.0014991942,0.00035919264,6.3750763,88.79702,1.1,0.0,35.0,0.033835303,0.01,3000.0,0.1,17.65977,1.9089719e-05,0.0,0.0,10.0
123,98,0,124.0,9.257827,106.04296,-0.0037508516,0.00049168605,7.913002,397.62598,1.1,0.0,35.0,0.033835303,0.01,3000.0,0.1,17.659832,1.7722463e-05,0.0,0.0,10.0
21,76,0,58.0,10.48601,340.57916,-0.0024592853,-0.00094077375,7.562789,320.79907,1.1,0.0,35.0,0.033835303,0.01,3000.0,0.1,17.659924,1.5709551e-05,0.0,0.0,10.0
49,61,0,39.0,8.617492,230.82872,-0.0019833983,0.00041270067,7.0695624,357.4792,1.1,0.0,35.0,0.033835303,0.01,3000.0,0.1,17.65977,1.9089719e-05,0.0,0.0,10.0
79,29,0,74.0,8.613725,201.67468,0.00017844698,-0.00026228346,7.0700064,199.58144,1.1,0.0,35.0,0.033835303,0.01,3000.0,0.1,17.659765,1.9165682e-05,0.0,0.0,10.0
73,20,0,107.0,10.38713,17.77134,0.0034562557,0.00038162078,6.186182,280.98248,1.1,0.0,35.0,0.033835303,0.01,3000.0,0.1,17.659918,1.5861468e-05,0.0,0.0,10.0
63,103,0,109.0,10.531138,358.27542,-0.003435497,-0.0008922933,8.118012,251.96722,1.1,0.0,35.0,0.033835303,0.01,3000.0,0.1,17.65993,1.5633594e-05,0.0,0.0,10.0
72,17,0,72.0,8.352957,4.3706226,-0.0005580748,-0.0004422788,9.0471115,125.98361,1.1,0.0,35.0,0.033835303,0.01,3000.0,0.1,17.659733,1.9811332e-05,0.0,0.0,10.0
6,27,0,54.0,8.570469,105.16122,-0.0021959005,-0.0005053782,7.480582,89.3698,1.1,0.0,35.0,0.033835303,0.01,3000.0,0.1,17.659765,1.9165682e-05,0.0,0.0,10.0
21,112,0,144.0,8.60653,211.16533,0.0040033865,-3.951765e-05,7.0708547,198.81299,1.1,0.0,35.0,0.033835303,0.01,3000.0,0.1,17.659765,1.9165682e-05,0.0,0.0,10.0
121,69,0,132.0,9.606187,21.322657,0.00759823,0.0008191851,6.2659507,399.16287,1.1,0.0,35.0,0.033835303,0.01,3000.0,0.1,17.659859,1.715277e-05,0.0,0.0,10.0
6,30,0,64.0,8.613725,21.674671,-0.012391349,-0.0003089948,8.456301,280.98248,1.1,0.0,35.0,0.033835303,0.01,3000.0,0.1,17.659765,1.9165682e-05,0.0,0.0,10.0
51,111,0,114.0,9.121215,240.59387,0.0022327283,0.0013272337,6.318689,280.98248,1.1,0.0,35.0,0.033835303,0.01,3000.0,0.1,17.659817,1.80263e-05,0.0,0.0,10.0
117,104,0,181.0,9.427226,208.14725,0.011304639,0.00016527824,6.285106,266.39105,1.1,0.0,35.0,0.033835303,0.01,3000.0,0.1,17.659842,1.7494587e-05,0.0,0.0,10.0
55,43,0,45.0,8.335002,2.1884952,0.00029223156,-0.0003182723,6.410237,266.39105,1.1,0.0,35.0,0.033835303,0.01,3000.0,0.1,17.659733,1.9849309e-05,0.0,0.0,10.0
24,99,0,67.0,8.1408205,47.996696,-0.005866139,-0.0014999453,7.8204317,88.79702,1.1,0.0,35.0,0.033835303,0.01,3000.0,0.1,17.659714,2.0229101e-05,0.0,0.0,10.0
29,50,0,51.0,9.479027,103.65469,0.005684275,-0.0012641725,6.2795258,198.81299,1.1,0.0,35.0,0.033835303,0.01,3000.0,0.1,17.659851,1.7304688e-05,0.0,0.0,10.0
32,87,0,59.0,9.852182,290.8947,-0.0015277016,-0.0002594355,7.3387847,268.10938,1.1,0.0,35.0,0.033835303,0.01,3000.0,0.1,17.659882,1.662106e-05,0.0,0.0,10.0
110,9,0,74.0,10.390213,320.15106,0.0028775665,0.00027774973,6.879026,320.79907,1.1,0.0,35.0,0.033835303,0.01,3000.0,0.1,17.65992,1.5823489e-05,0.0,0.0,10.0
77,40,0,102.0,10.583077,228.46945,0.003976673,0.001658009,6.1670694,251.96722,1.1,0.0,35.0,0.033835303,0.01,3000.0,0.1,17.659931,1.5519656e-05,0.0,0.0,10.0
51,109,0,102.0,10.596436,32.56788,-0.004479223,0.00088809035,6.1657786,125.98361,1.1,0.0,35.0,0.033835303,0.01,3000.0,0.1,17.659931,1.5519656e-05,0.0,0.0,10.0
19,59,0,71.0,9.946775,63.287308,0.0032819982,0.0017149808,6.230424,198.81299,1.1,0.0,35.0,0.033835303,0.01,3000.0,0.1,17.65989,1.650712e-05,0.0,0.0,10.0
41,113,0,118.0,9.149549,204.63527,0.0021378247,0.0010557993,6.315534,251.96722,1.1,0.0,35.0,0.033835303,0.01,3000.0,0.1,17.659817,1.80263e-05,0.0,0.0,10.0
94,50,0,31.0,9.149549,335.36475,0.0056381533,3.9438382e-06,6.315534,251.96722,1.1,0.0,35.0,0.033835303,0.01,3000.0,0.1,17.659817,1.80263e-05,0.0,0.0,10.0
105,70,0,140.0,8.373603,278.8017,0.0015459359,0.0007806785,7.5041623,321.59335,1.1,0.0,35.0,0.033835303,0.01,3000.0,0.1,17.659742,1.962143e-05,0.0,0.0,10.0
121,115,0,111.0,8.352957,4.3706226,0.015652431,0.0015843682,6.4080544,266.39105,1.1,0.0,35.0,0.033835303,0.01,3000.0,0.1,17.659733,1.9811332e-05,0.0,0.0,10.0
48,112,0,97.0,8.234536,193.41238,0.0055616503,0.0004070678,6.4225345,199.58144,1.1,0.0,35.0,0.033835303,0.01,3000.0,0.1,17.659723,2.0077185e-05,0.0,0.0,10.0
19,44,0,95.0,10.0792675,169.11446,0.0020082335,0.0003502719,6.2169185,321.59335,1.1,0.0,35.0,0.033835303,0.01,3000.0,0.1,17.659895,1.6355203e-05,0.0,0.0,10.0
49,33,0,64.0,10.838011,180.0,0.0050683855,0.00054071203,6.1427026,88.79702,1.1,0.0,35.0,0.033835303,0.01,3000.0,0.1,17.659948,1.517784e-05,0.0,0.0,10.0
60,0,0,48.0,10.126627,151.97447,-0.005253048,-0.0009679049,6.212132,198.81299,1.1,0.0,35.0,0.033835303,0.01,3000.0,0.1,17.6599,1.6241263e-05,0.0,0.0,10.0
32,88,0,70.0,10.166865,327.97015,-0.008995351,0.00015753991,7.3066945,268.10938,1.1,0.0,35.0,0.033835303,0.01,3000.0,0.1,17.659903,1.6165308e-05,0.0,0.0,10.0
36,106,0,198.0,9.279684,238.87349,-0.0014276482,0.002724267,6.3011646,445.01822,1.1,0.0,35.0,0.033835303,0.01,3000.0,0.1,17.659832,1.7722463e-05,0.0,0.0,10.0
70,11,0,62.0,8.427776,100.95404,0.0036817112,-9.756541e-05,6.3990083,125.98361,1.1,0.0,35.0,0.033835303,0.01,3000.0,0.1,17.65975,1.9507492e-05,0.0,0.0,10.0
48,52,0,29.0,8.509911,34.115612,0.0011233953,-0.0010166686,7.082314,321.59335,1.1,0.0,35.0,0.033835303,0.01,3000.0,0.1,17.659754,1.9393554e-05,0.0,0.0,10.0
18,86,0,70.0,9.436083,336.17395,0.0036793745,0.0017156596,6.28415,198.81299,1.1,0.0,35.0,0.033835303,0.01,3000.0,0.1,17.659845,1.7456603e-05,0.0,0.0,10.0
113,81,0,73.0,8.13131,315.1842,0.0065042395,0.00041637057,7.1284695,320.79907,1.1,0.0,35.0,0.033835303,0.01,3000.0,0.1,17.659714,2.0229101e-05,0.0,0.0,10.0
29,3,0,73.0,8.907352,200.91438,0.0010435372,-0.0007605663,7.035958,320.79907,1.1,0.0,35.0,0.033835303,0.01,3000.0,0.1,17.659796,1.848205e-05,0.0,0.0,10.0
52,99,0,135.0,9.548133,300.14136,0.0059673795,-5.1966526e-05,7.370739,280.98248,1.1,0.0,35.0,0.033835303,0.01,3000.0,0.1,17.659855,1.719075e-05,0.0,0.0,10.0
91,119,0,50.0,8.981836,184.05952,-0.0005579467,-0.00082890363,6.3343463,177.59404,1.1,0.0,35.0,0.033835303,0.01,3000.0,0.1,17.6598,1.8406094e-05,0.0,0.0,10.0
18,76,0,88.0,10.020538,101.02299,0.011101083,0.0003937986,6.2228837,355.18808,1.1,0.0,35.0,0.033835303,0.01,3000.0,0.1,17.659895,1.6355203e-05,0.0,0.0,10.0
112,1,0,58.0,8.725027,28.288918,-0.0029317918,0.0016839709,6.3638225,366.25882,1.1,0.0,35.0,0.033835303,0.01,3000.0,0.1,17.659779,1.8899824e-05,0.0,0.0,10.0
38,41,0,43.0,9.858506,74.97661,-0.0009765066,-0.00016505345,6.2395177,125.98361,1.1,0.0,35.0,0.033835303,0.01,3000.0,0.1,17.659882,1.662106e-05,0.0,0.0,10.0
120,121,0,162.0,9.975387,239.18753,0.012558342,0.0017165353,6.227493,480.8468,1.1,0.0,35.0,0.033835303,0.01,3000.0,0.1,17.659891,1.646914e-05,0.0,0.0,10.0
80,6,0,46.0,9.641871,34.044605,0.004910361,-0.0005897973,6.955319,251.96722,1.1,0.0,35.0,0.033835303,0.01,3000.0,0.1,17.659863,1.707681e-05,0.0,0.0,10.0
1,77,0,79.0,8.315729,237.36172,0.007850043,-0.0004677167,6.412585,177.59404,1.1,0.0,35.0,0.033835303,0.01,3000.0,0.1,17.659733,1.9811332e-05,0.0,0.0,10.0
55,7,0,78.0,9.548857,266.1614,0.00090649136,0.00030713808,6.2720494,280.98248,1.1,0.0,35.0,0.033835303,0.01,3000.0,0.1,17.659855,1.719075e-05,0.0,0.0,10.0
29,87,0,43.0,10.828011,40.0548,-0.0057851486,-0.0005870005,9.401745,0.0,1.1,0.0,35.0,0.033835303,0.01,3000.0,0.1,17.659948,1.517784e-05,0.0,0.0,10.0
21,65,0,28.0,8.585344,312.17047,-0.0053803744,-0.0011057404,7.0733566,89.3698,1.1,0.0,35.0,0.033835303,0.01,3000.0,0.1,17.659765,1.9165682e-05,0.0,0.0,10.0
15,65,0,54.0,10.531138,181.7246,-0.00011539182,-0.000671852,7.2707148,125.98361,1.1,0.0,35.0,0.033835303,0.01,3000.0,0.1,17.65993,1.5633594e-05,0.0,0.0,10.0
81,9,0,55.0,9.451081,70.229195,0.0035215036,0.00034720433,6.2825327,320.79907,1.1,0.0,35.0,0.033835303,0.01,3000.0,0.1,17.65985,1.7342667e-05,0.0,0.0,10.0
33,88,0,86.0,10.235585,306.33386,0.0022641646,0.00033093002,6.8943486,357.4792,1.1,0.0,35.0,0.033835303,0.01,3000.0,0.1,17.65991,1.6051368e-05,0.0,0.0,10.0
46,101,0,80.0,8.063442,80.85207,-0.0071921735,-0.0011799095,8.389727,89.3698,1.1,0.0,35.0,0.033835303,0.01,3000.0,0.1,17.65971,2.038102e-05,0.0,0.0,10.0
103,66,0,134.0,10.946869,247.76181,0.005841135,0.0022685153,6.132464,198.81299,1.1,0.0,35.0,0.033835303,0.01,3000.0,0.1,17.659958,1.4949963e-05,0.0,0.0,10.0
89,42,0,24.0,9.316671,37.86838,0.001149459,-0.0010608851,7.395728,88.79702,1.1,0.0,35.0,0.033835303,0.01,3000.0,0.1,17.659832,1.7684484e-05,0.0,0.0,10.0
89,61,0,26.0,9.905646,224.81581,0.0054118475,-0.0010837349,6.9277987,88.79702,1.1,0.0,35.0,0.033835303,0.01,3000.0,0.1,17.659882,1.658308e-05,0.0,0.0,10.0
109,2,0,41.0,9.6195345,235.61281,0.004507664,-0.0005502828,6.9576826,251.96722,1.1,0.0,35.0,0.033835303,0.01,3000.0,0.1,17.659863,1.707681e-05,0.0,0.0,10.0
87,66,0,83.0,8.424374,188.69096,0.007805075,0.0012903525,6.399418,397.62598,1.1,0.0,35.0,0.033835303,0.01,3000.0,0.1,17.659742,1.962143e-05,0.0,0.0,10.0
103,81,0,139.0,10.568366,354.83868,0.008385139,0.0016583207,6.168493,355.18808,1.1,0.0,35.0,0.033835303,0.01,3000.0,0.1,17.65993,1.5557636e-05,0.0,0.0,10.0
37,29,0,67.0,8.3594055,252.14813,-0.0010281397,-0.00031114116,7.1004186,321.59335,1.1,0.0,35.0,0.033835303,0.01,3000.0,0.1,17.659742,1.965941e-05,0.0,0.0,10.0
116,43,0,65.0,9.5783415,29.822432,-0.003174148,0.00017682817,6.9620557,282.4315,1.1,0.0,35.0,0.033835303,0.01,3000.0,0.1,17.659855,1.719075e-05,0.0,0.0,10.0
68,65,0,41.0,8.541998,192.91414,-0.0019177698,-0.0005426616,7.4839597,478.61322,1.1,0.0,35.0,0.033835303,0.01,3000.0,0.1,17.659758,1.9355575e-05,0.0,0.0,10.0
25,89,0,99.0,10.194348,264.60983,0.0011560733,7.153409e-05,7.3039374,357.4792,1.1,0.0,35.0,0.033835303,0.01,3000.0,0.1,17.65991,1.6051368e-05,0.0,0.0,10.0
89,60,0,37.0,10.020538,258.97702,0.0016445918,-0.0003632994,6.2228837,125.98361,1.1,0.0,35.0,0.033835303,0.01,3000.0,0.1,17.659895,1.6355203e-05,0.0,0.0,10.0
86,23,0,46.0,10.517882,346.0502,-0.0009726113,-0.0006354632,6.866538,88.79702,1.1,0.0,35.0,0.033835303,0.01,3000.0,0.1,17.659927,1.5671572e-05,0.0,0.0,10.0
25,111,0,171.0,9.363882,234.51483,-0.003842189,0.00046876541,6.2919707,280.98248,1.1,0.0,35.0,0.033835303,0.01,3000.0,0.1,17.659838,1.757054e-05,0.0,0.0,10.0
1,90,0,137.0,8.376781,49.45358,-0.0016084907,-0.00013318632,7.0983124,397.62598,1.1,0.0,35.0,0.033835303,0.01,3000.0,0.1,17.659742,1.965941e-05,0.0,0.0,10.0
38,102,0,161.0,10.365686,62.49951,0.0033460653,-0.0011153761,6.8814416,377.95084,1.1,0.0,35.0,0.033835303,0.01,3000.0,0.1,17.65992,1.5823489e-05,0.0,0.0,10.0
7,29,0,58.0,9.009465,353.9234,-0.0030709694,-0.00053152256,6.331224,177.59404,1.1,0.0,35.0,0.033835303,0.01,3000.0,0.1,17.659803,1.8330133e-05,0.0,0.0,10.0
12,57,0,102.0,8.509911,145.88438,-0.0054244115,0.00017564023,7.082314,280.98248,1.1,0.0,35.0,0.033835303,0.01,3000.0,0.1,17.659754,1.9393554e-05,0.0,0.0,10.0
120,100,0,133.0,8.284176,112.75094,-0.0067736255,-0.0009661661,7.8027344,198.81299,1.1,0.0,35.0,0.033835303,0.01,3000.0,0.1,17.659733,1.9849309e-05,0.0,0.0,10.0
60,37,0,36.0,10.2422,106.28811,-0.003631614,-6.497935e-05,7.299154,178.7396,1.1,0.0,35.0,0.033835303,0.01,3000.0,0.1,17.65991,1.601339e-05,0.0,0.0,10.0
82,92,0,100.0,8.787471,10.4257145,0.0018215268,0.00039756895,7.049726,321.59335,1.1,0.0,35.0,0.033835303,0.01,3000.0,0.1,17.659784,1.8785888e-05,0.0,0.0,10.0
25,1,0,88.0,7.9954257,113.63356,-1.2534954e-05,0.00045963255,7.1455464,366.25882,1.1,0.0,35.0,0.033835303,0.01,3000.0,0.1,17.6597,2.0570917e-05,0.0,0.0,10.0
53,35,0,42.0,9.49736,19.53743,0.001676168,-0.0018173596,6.970705,199.58144,1.1,0.0,35.0,0.033835303,0.01,3000.0,0.1,17.65985,1.7342667e-05,0.0,0.0,10.0
8,43,0,78.0,7.9412537,140.08049,-0.023858817,-0.00040657655,9.167336,125.98361,1.1,0.0,35.0,0.033835303,0.01,3000.0,0.1,17.659693,2.0760812e-05,0.0,0.0,10.0
122,18,0,70.0,10.505192,64.84164,-0.00017619286,-0.0015578052,6.8677726,89.3698,1.1,0.0,35.0,0.033835303,0.01,3000.0,0.1,17.65993,1.5557636e-05,0.0,0.0,10.0
13,72,0,41.0,9.723875,23.065504,0.0009340481,-0.0010683008,6.2535396,268.10938,1.1,0.0,35.0,0.033835303,0.01,3000.0,0.1,17.659864,1.6962873e-05,0.0,0.0,10.0
70,96,0,105.0,8.012902,0.0,0.0017788397,-0.0005233705,6.450187,321.59335,1.1,0.0,35.0,0.033835303,0.01,3000.0,0.1,17.659698,2.0608899e-05,0.0,0.0,10.0
21,34,0,77.0,8.613725,21.674671,0.0024697047,-0.00012191511,6.376859,199.58144,1.1,0.0,35.0,0.033835303,0.01,3000.0,0.1,17.659765,1.9165682e-05,0.0,0.0,10.0
13,26,0,72.0,10.630274,280.36987,0.0039863656,0.0005763315,6.1625166,198.81299,0.7,0.0,35.0,0.033835303,0.1,3000.0,0.035,176.5994,1.5405716e-05,0.0,0.0,30.0
41,1,0,81.0,10.085117,77.19626,-0.0006027234,-0.00028758054,6.9094734,178.7396,1.1,0.0,35.0,0.033835303,0.01,3000.0,0.1,17.6599,1.6241263e-05,0.0,0.0,10.0
65,86,0,57.0,10.215198,345.6186,0.002252263,-0.0006650445,6.203238,268.10938,1.1,0.0,35.0,0.033835303,0.01,3000.0,0.1,17.659904,1.6127327e-05,0.0,0.0,10.0
95,68,0,44.0,9.359351,7.8036027,-0.0045287875,-3.505715e-05,8.238374,177.59404,1.1,0.0,35.0,0.033835303,0.01,3000.0,0.1,17.659834,1.7646502e-05,0.0,0.0,10.0
25,49,0,60.0,8.697072,246.11441,0.0030748304,-0.00045040227,6.3670816,125.98361,1.1,0.0,35.0,0.033835303,0.01,3000.0,0.1,17.659779,1.8899824e-05,0.0,0.0,10.0
108,0,0,34.0,8.9579,253.39503,-0.002366072,-9.696296e-05,6.337059,320.79907,1.1,0.0,35.0,0.033835303,0.01,3000.0,0.1,17.659803,1.8330133e-05,0.0,0.0,10.0
46,66,0,32.0,8.299555,27.40201,-0.0026439494,-0.0009417817,7.513171,199.58144,1.1,0.0,35.0,0.033835303,0.01,3000.0,0.1,17.659733,1.988729e-05,0.0,0.0,10.0
69,13,0,72.0,9.363882,54.51484,-0.0027973175,-0.00040383035,6.985118,199.58144,1.1,0.0,35.0,0.033835303,0.01,3000.0,0.1,17.659838,1.757054e-05,0.0,0.0,10.0
101,108,0,65.0,9.185096,236.13971,0.0036206534,0.00056379917,6.3115892,251.96722,1.1,0.0,35.0,0.033835303,0.01,3000.0,0.1,17.659822,1.7912356e-05,0.0,0.0,10.0
15,95,0,89.0,9.451081,109.77079,0.0043476624,0.00069590023,6.2825327,125.98361,1.1,0.0,35.0,0.033835303,0.01,3000.0,0.1,17.65985,1.7342667e-05,0.0,0.0,10.0
120,99,0,141.0,8.672675,126.20278,-0.004392655,-0.00031996908,7.0630813,280.98248,1.1,0.0,35.0,0.033835303,0.01,3000.0,0.1,17.659775,1.8975785e-05,0.0,0.0,10.0
100,62,0,96.0,9.511426,39.37889,0.0073097465,0.0004839997,6.2760506,320.79907,1.1,0.0,35.0,0.033835303,0.01,3000.0,0.1,17.659851,1.7304688e-05,0.0,0.0,10.0
115,57,0,134.0,10.548794,208.73103,0.0020063145,0.0025220532,6.170389,452.8904,1.1,0.0,35.0,0.033835303,0.01,3000.0,0.1,17.65993,1.5557636e-05,0.0,0.0,10.0
0,53,0,101.0,9.87808,303.34747,-0.0050307913,3.9423102e-07,7.8469324,266.39105,1.1,0.0,35.0,0.033835303,0.01,3000.0,0.1,17.659882,1.662106e-05,0.0,0.0,10.0
46,28,0,89.0,10.0759,214.52295,0.0023752023,0.000827458,6.2172594,320.79907,1.1,0.0,35.0,0.033835303,0.01,3000.0,0.1,17.659899,1.6279242e-05,0.0,0.0,10.0
39,49,0,43.0,7.912959,43.179558,-0.0015061204,-0.0003772323,7.156049,198.81299,1.1,0.0,35.0,0.033835303,0.01,3000.0,0.1,17.659689,2.0836771e-05,0.0,0.0,10.0
80,89,0,88.0,10.689942,36.352818,0.001394374,0.0007958834,6.849935,455.58633,1.1,0.0,35.0,0.033835303,0.01,3000.0,0.1,17.659939,1.5367736e-05,0.0,0.0,10.0
100,90,0,138.0,7.9954257,246.36644,0.0027590857,0.0007242406,6.4523993,445.8201,1.1,0.0,35.0,0.033835303,0.01,3000.0,0.1,17.6597,2.0570917e-05,0.0,0.0,10.0
19,84,0,27.0,8.981836,4.0595193,-0.004219284,-0.0015498071,7.943784,88.79702,1.1,0.0,35.0,0.033835303,0.01,3000.0,0.1,17.6598,1.8406094e-05,0.0,0.0,10.0
39,96,0,92.0,10.0792675,10.88554,-0.002359873,-0.0013761339,8.162828,251.96722,1.1,0.0,35.0,0.033835303,0.01,3000.0,0.1,17.659895,1.6355203e-05,0.0,0.0,10.0
17,51,0,53.0,10.130031,223.54298,-0.002331145,-0.0005624425,6.9049363,178.7396,1.1,0.0,35.0,0.033835303,0.01,3000.0,0.1,17.6599,1.6241263e-05,0.0,0.0,10.0
64,37,0,38.0,9.737095,211.44331,0.0033836714,-0.00074230216,6.9453015,125.98361,1.1,0.0,35.0,0.033835303,0.01,3000.0,0.1,17.659868,1.6924894e-05,0.0,0.0,10.0
12,27,0,45.0,9.56188,248.4266,0.0032128873,-0.001298185,6.270661,88.79702,1.1,0.0,35.0,0.033835303,0.01,3000.0,0.1,17.659859,1.715277e-05,0.0,0.0,10.0
70,94,0,99.0,9.685978,226.14821,-0.00097081775,0.0003635399,6.25752,268.10938,1.1,0.0,35.0,0.033835303,0.01,3000.0,0.1,17.659864,1.6962873e-05,0.0,0.0,10.0
18,75,0,80.0,10.38713,17.77134,0.0066118273,0.00062221667,6.186182,320.79907,1.1,0.0,35.0,0.033835303,0.01,3000.0,0.1,17.659918,1.5861468e-05,0.0,0.0,10.0
90,10,0,42.0,8.019146,182.27596,0.0027858196,0.0007528648,6.449398,198.81299,1.1,0.0,35.0,0.033835303,0.01,3000.0,0.1,17.659698,2.0608899e-05,0.0,0.0,10.0
121,44,0,87.0,9.611647,262.35696,0.00973766,0.00026853997,6.265372,125.98361,1.1,0.0,35.0,0.033835303,0.01,3000.0,0.1,17.659863,1.707681e-05,0.0,0.0,10.0
26,7,0,50.0,8.925775,94.11188,0.0051121716,-0.0006733963,6.3407106,177.59404,1.1,0.0,35.0,0.033835303,0.01,3000.0,0.1,17.6598,1.8406094e-05,0.0,0.0,10.0
39,83,0,43.0,8.541998,12.914133,-0.002426207,8.037812e-05,6.3853474,320.79907,1.1,0.0,35.0,0.033835303,0.01,3000.0,0.1,17.659758,1.9355575e-05,0.0,0.0,10.0
52,102,0,146.0,8.282481,272.2168,0.004304519,0.000461857,6.4166474,452.8904,1.1,0.0,35.0,0.033835303,0.01,3000.0,0.1,17.659733,1.9849309e-05,0.0,0.0,10.0
96,107,0,28.0,9.070578,39.10897,0.00011902456,-0.001171082,7.9337883,89.3698,1.1,0.0,35.0,0.033835303,0.01,3000.0,0.1,17.659813,1.8178214e-05,0.0,0.0,10.0
62,73,0,35.0,8.965217,2.0323102,0.00046228166,-0.0005905607,6.3362293,251.96722,1.1,0.0,35.0,0.033835303,0.01,3000.0,0.1,17.6598,1.8406094e-05,0.0,0.0,10.0
83,108,0,124.0,8.3827915,173.45985,0.0031163052,0.0009636528,6.4044375,320.79907,1.1,0.0,35.0,0.033835303,0.01,3000.0,0.1,17.65974,1.973537e-05,0.0,0.0,10.0
50,98,0,103.0,10.2422,286.28812,-0.0007634347,0.00019149703,7.586836,198.81299,1.1,0.0,35.0,0.033835303,0.01,3000.0,0.1,17.65991,1.601339e-05,0.0,0.0,10.0
121,47,0,63.0,9.548133,59.858643,-0.0015348025,-0.0006568453,6.965274,177.59404,1.1,0.0,35.0,0.033835303,0.01,3000.0,0.1,17.659855,1.719075e-05,0.0,0.0,10.0
89,29,0,99.0,9.201951,20.203444,0.0017521383,-0.0004536758,7.0028715,355.18808,1.1,0.0,35.0,0.033835303,0.01,3000.0,0.1,17.659822,1.7912356e-05,0.0,0.0,10.0
32,90,0,101.0,8.234536,13.412373,0.0008919598,0.00015148908,7.521147,282.4315,1.1,0.0,35.0,0.033835303,0.01,3000.0,0.1,17.659723,2.0077185e-05,0.0,0.0,10.0
96,36,0,50.0,9.715327,101.380974,-0.006279095,6.059048e-05,8.046196,321.59335,1.1,0.0,35.0,0.033835303,0.01,3000.0,0.1,17.659872,1.6886916e-05,0.0,0.0,10.0
26,72,0,65.0,10.919972,234.2879,0.0075377417,0.00038344573,6.1349845,199.58144,1.1,0.0,35.0,0.033835303,0.01,3000.0,0.1,17.659956,1.5025923e-05,0.0,0.0,10.0
46,5,0,88.0,8.167488,168.76068,0.0019553876,0.0012890436,6.4308224,321.59335,1.1,0.0,35.0,0.033835303,0.01,3000.0,0.1,17.659714,2.0229101e-05,0.0,0.0,10.0
24,112,0,150.0,8.206359,200.43523,-0.007015904,-0.00017380674,8.035447,177.59404,1.1,0.0,35.0,0.033835303,0.01,3000.0,0.1,17.65972,2.0153138e-05,0.0,0.0,10.0
13,115,0,132.0,9.249029,243.28732,-0.0015924487,4.283165e-06,7.403144,445.01822,1.1,0.0,35.0,0.033835303,0.01,3000.0,0.1,17.659832,1.7722463e-05,0.0,0.0,10.0
56,39,0,33.0,8.617492,230.82872,0.002951146,-0.0012243192,7.0695624,125.98361,1.1,0.0,35.0,0.033835303,0.01,3000.0,0.1,17.65977,1.9089719e-05,0.0,0.0,10.0
94,68,0,56.0,9.566481,36.693226,0.0018807435,0.0005742211,6.2701707,198.81299,1.1,0.0,35.0,0.033835303,0.01,3000.0,0.1,17.659855,1.7228731e-05,0.0,0.0,10.0
100,121,0,80.0,9.65845,80.47775,0.0038656695,0.0019027233,6.2604213,320.79907,1.1,0.0,35.0,0.033835303,0.01,3000.0,0.1,17.659864,1.6962873e-05,0.0,0.0,10.0
64,74,0,44.0,9.274189,0.0,0.001150112,-0.00036574758,6.3017673,268.10938,1.1,0.0,35.0,0.033835303,0.01,3000.0,0.1,17.659828,1.7760443e-05,0.0,0.0,10.0
25,121,0,149.0,8.02024,151.54413,-0.006922461,0.00048762775,6.4492598,251.96722,1.1,0.0,35.0,0.033835303,0.01,3000.0,0.1,17.659698,2.0608899e-05,0.0,0.0,10.0
6,43,0,128.0,9.221227,91.987656,0.0008493843,0.0019761608,6.3075953,282.4315,1.1,0.0,35.0,0.033835303,0.01,3000.0,0.1,17.659828,1.7760443e-05,0.0,0.0,10.0
29,73,0,73.0,8.8005705,18.9799,-0.0003784335,0.00096475193,6.3550653,280.98248,1.1,0.0,35.0,0.033835303,0.01,3000.0,0.1,17.659784,1.8747904e-05,0.0,0.0,10.0
7,53,0,132.0,8.493492,76.92443,0.0023446723,-0.00042528292,6.3911266,445.01822,1.1,0.0,35.0,0.033835303,0.01,3000.0,0.1,17.659758,1.9355575e-05,0.0,0.0,10.0
81,8,0,44.0,10.309937,56.13969,-0.0018028147,-0.00058311387,6.8869534,251.96722,1.1,0.0,35.0,0.033835303,0.01,3000.0,0.1,17.659914,1.5899448e-05,0.0,0.0,10.0
82,111,0,112.0,9.157929,69.55658,-0.0033185934,0.00030006305,7.9240403,268.10938,1.1,0.0,35.0,0.033835303,0.01,3000.0,0.1,17.659822,1.7912356e-05,0.0,0.0,10.0
111,3,0,39.0,9.755886,218.18834,-0.005433627,-0.0006088765,6.943336,177.59404,1.1,0.0,35.0,0.033835303,0.01,3000.0,0.1,17.659872,1.6848935e-05,0.0,0.0,10.0
15,75,0,95.0,8.352957,355.62936,0.0076174084,0.0018537269,6.4080544,280.98248,1.1,0.0,35.0,0.033835303,0.01,3000.0,0.1,17.659733,1.9811332e-05,0.0,0.0,10.0
35,19,0,77.0,9.427226,331.85275,0.004954615,-0.0005852521,6.285106,125.98361,1.1,0.0,35.0,0.033835303,0.01,3000.0,0.1,17.659842,1.7494587e-05,0.0,0.0,10.0
13,116,0,132.0,8.865619,248.83878,-0.00058787124,-0.0002185553,6.3475833,377.95084,1.1,0.0,35.0,0.033835303,0.01,3000.0,0.1,17.659796,1.848205e-05,0.0,0.0,10.0
48,67,0,41.0,9.634478,354.32578,0.0006719141,-0.00032392776,6.2629538,177.59404,1.1,0.0,35.0,0.033835303,0.01,3000.0,0.1,17.659863,1.7114793e-05,0.0,0.0,10.0
104,7,0,39.0,8.1198015,258.61902,0.0035795115,0.00051414996,6.436758,268.10938,1.1,0.0,35.0,0.033835303,0.01,3000.0,0.1,17.659714,2.0229101e-05,0.0,0.0,10.0
72,35,0,116.0,10.005611,30.489346,-0.0026381088,0.0010159971,6.2244053,445.01822,1.1,0.0,35.0,0.033835303,0.01,3000.0,0.1,17.659891,1.646914e-05,0.0,0.0,10.0
100,64,0,104.0,10.548794,208.73103,-0.004701585,0.002425846,6.170389,177.59404,1.1,0.0,35.0,0.033835303,0.01,3000.0,0.1,17.65993,1.5557636e-05,0.0,0.0,10.0
2,77,0,90.0,8.576506,224.81581,-0.0014621483,0.0011257804,6.381255,198.81299,1.1,0.0,35.0,0.033835303,0.01,3000.0,0.1,17.659765,1.9165682e-05,0.0,0.0,10.0
92,72,0,60.0,9.697084,162.86255,0.004728511,0.0009165615,6.256352,377.95084,1.1,0.0,35.0,0.033835303,0.01,3000.0,0.1,17.659864,1.6962873e-05,0.0,0.0,10.0
110,93,0,188.0,8.9223385,345.55478,0.01071314,-0.00014089585,6.341102,321.59335,1.1,0.0,35.0,0.033835303,0.01,3000.0,0.1,17.659796,1.848205e-05,0.0,0.0,10.0
55,52,0,46.0,10.432973,211.10056,0.002859987,0.0004870212,6.1816797,198.81299,1.1,0.0,35.0,0.033835303,0.01,3000.0,0.1,17.659922,1.5747532e-05,0.0,0.0,10.0
29,70,0,35.0,9.500099,50.259335,0.0012522066,-0.0019182398,6.9704113,88.79702,1.1,0.0,35.0,0.033835303,0.01,3000.0,0.1,17.659851,1.7304688e-05,0.0,0.0,10.0
40,17,0,116.0,10.82303,207.91982,-0.0002494136,0.00073274126,6.8372664,320.79907,1.1,0.0,35.0,0.033835303,0.01,3000.0,0.1,17.659948,1.517784e-05,0.0,0.0,10.0
33,117,0,111.0,10.596436,32.56788,-0.0024360467,-0.0010399563,7.264391,177.59404,1.1,0.0,35.0,0.033835303,0.01,3000.0,0.1,17.659931,1.5519656e-05,0.0,0.0,10.0
114,97,0,186.0,8.012902,180.0,0.004669455,0.0010775274,6.450187,445.8201,1.1,0.0,35.0,0.033835303,0.01,3000.0,0.1,17.659698,2.0608899e-05,0.0,0.0,10.0
42,100,0,118.0,10.255171,35.98286,-0.0021334642,-0.0004982882,7.5855427,89.3698,0.3,0.0,35.0,0.033835303,0.05,3000.0,0.015,88.29955,1.6051365e-05,0.0,0.0,50.0
49,106,0,94.0,15.554152,55.498013,-0.00063463894,-0.0016942356,6.4616127,199.58144,1.1,0.0,35.0,0.033835303,0.01,3000.0,0.1,17.660166,1.0430414e-05,0.0,0.0,10.0
37,99,0,129.0,13.581933,335.36475,-0.0070145954,0.00039982484,7.855979,125.98361,1.1,0.0,35.0,0.033835303,0.01,3000.0,0.1,17.660093,1.2025549e-05,0.0,0.0,10.0
17,103,0,152.0,15.051545,257.91333,0.0011122442,-3.436252e-05,5.802928,452.8904,1.1,0.0,35.0,0.033835303,0.01,3000.0,0.1,17.66015,1.0772229e-05,0.0,0.0,10.0
89,113,0,100.0,21.463423,223.08047,-0.0004977461,0.0006161313,6.116215,198.81299,1.1,0.0,35.0,0.033835303,0.01,3000.0,0.1,17.660307,7.3920596e-06,0.0,0.0,10.0
1,107,0,98.0,11.463374,1.5809476,-0.0024457737,-0.000929797,7.876923,177.59404,1.1,0.0,35.0,0.033835303,0.01,3000.0,0.1,17.659986,1.4342293e-05,0.0,0.0,10.0
67,89,0,83.0,14.6988125,48.28531,-0.0015688661,0.00088197656,5.8277416,198.81299,1.1,0.0,35.0,0.033835303,0.01,3000.0,0.1,17.66014,1.1038083e-05,0.0,0.0,10.0
109,110,0,110.0,25.920849,243.88028,0.0015123704,0.0008602552,5.9042077,199.58144,1.1,0.0,35.0,0.033835303,0.01,3000.0,0.1,17.660368,5.9868216e-06,0.0,0.0,10.0
113,75,0,127.0,25.049412,180.0,0.0038845146,0.0012494583,5.2502227,320.79907,1.1,0.0,35.0,0.033835303,0.01,3000.0,0.1,17.660357,6.2526783e-06,0.0,0.0,10.0
114,23,0,74.0,13.053865,278.3786,-0.0016771528,-0.00016736225,7.0498023,399.16287,1.1,0.0,35.0,0.033835303,0.01,3000.0,0.1,17.660072,1.2481302e-05,0.0,0.0,10.0
39,107,0,160.0,16.995922,44.071815,-0.0020824098,-0.00059772516,6.3680153,251.96722,1.1,0.0,35.0,0.033835303,0.01,3000.0,0.1,17.660212,9.480929e-06,0.0,0.0,10.0
96,108,0,43.0,11.503109,39.22008,0.0021650249,-0.00017781786,7.467903,125.98361,1.1,0.0,35.0,0.033835303,0.01,3000.0,0.1,17.65999,1.4266336e-05,0.0,0.0,10.0
40,86,0,75.0,14.900038,255.28891,0.0060118884,0.00024239476,5.8135204,266.39105,1.1,0.0,35.0,0.033835303,0.01,3000.0,0.1,17.660147,1.0848185e-05,0.0,0.0,10.0
122,16,0,86.0,13.142493,195.28233,-0.0027729892,-0.0006476396,6.637329,198.81299,1.1,0.0,35.0,0.033835303,0.01,3000.0,0.1,17.660074,1.2443324e-05,0.0,0.0,10.0
116,115,0,59.0,19.95076,107.141235,-4.4257114e-05,-0.00032596372,6.601535,89.3698,1.1,0.0,35.0,0.033835303,0.01,3000.0,0.1,17.66028,7.961751e-06,0.0,0.0,10.0
89,102,0,65.0,17.589273,205.0595,0.0014937519,0.0012264189,5.638376,125.98361,1.1,0.0,35.0,0.033835303,0.01,3000.0,0.1,17.660225,9.177093e-06,0.0,0.0,10.0
69,103,0,140.0,14.465775,225.69728,0.0028259312,-0.00035148754,6.537582,198.81299,1.1,0.0,35.0,0.033835303,0.01,3000.0,0.1,17.66013,1.1190001e-05,0.0,0.0,10.0
24,86,0,46.0,12.419704,322.43137,0.0022012428,-0.0013882447,6.6958165,177.59404,1.1,0.0,35.0,0.033835303,0.01,3000.0,0.1,17.660042,1.3164932e-05,0.0,0.0,10.0
116,92,0,158.0,11.284813,21.3761,0.005704855,0.0009138075,6.1012826,199.58144,1.1,0.0,35.0,0.033835303,0.01,3000.0,0.1,17.659977,1.45701715e-05,0.0,0.0,10.0
96,118,0,106.0,14.130216,209.27008,-0.0027701901,0.00017666722,5.868908,320.79907,1.1,0.0,35.0,0.033835303,0.01,3000.0,0.1,17.660112,1.1531817e-05,0.0,0.0,10.0
65,117,0,137.0,16.237415,239.82181,0.0023383433,-0.00053655985,6.416334,452.8904,1.1,0.0,35.0,0.033835303,0.01,3000.0,0.1,17.660189,9.93668e-06,0.0,0.0,10.0
120,102,0,145.0,16.658068,72.476524,0.003485232,-0.0009945598,5.6961493,89.3698,1.1,0.0,35.0,0.033835303,0.01,3000.0,0.1,17.660202,9.670825e-06,0.0,0.0,10.0
120,10,0,117.0,12.327325,227.93896,-0.00080380385,-0.00033576612,6.7035193,198.81299,1.1,0.0,35.0,0.033835303,0.01,3000.0,0.1,17.660036,1.3278868e-05,0.0,0.0,10.0
104,81,0,130.0,17.033623,41.102135,0.005479141,0.0016449047,5.6725163,320.79907,1.1,0.0,35.0,0.033835303,0.01,3000.0,0.1,17.660212,9.480929e-06,0.0,0.0,10.0
104,48,0,50.0,13.563078,248.07127,3.1667332e-05,-0.00066874677,7.703271,282.4315,1.1,0.0,35.0,0.033835303,0.01,3000.0,0.1,17.660093,1.1949591e-05,0.0,0.0,10.0
63,28,0,69.0,11.025645,213.06306,0.0033334298,-0.0009121061,6.8182616,355.18808,1.1,0.0,35.0,0.033835303,0.01,3000.0,0.1,17.65996,1.4911985e-05,0.0,0.0,10.0
30,52,0,60.0,12.629788,267.11917,0.005818228,0.00028772317,5.9853487,199.58144,1.1,0.0,35.0,0.033835303,0.01,3000.0,0.1,17.660053,1.2899076e-05,0.0,0.0,10.0
122,88,0,127.0,13.417578,48.631428,-0.0012678554,-0.00044666784,6.6158533,280.98248,1.1,0.0,35.0,0.033835303,0.01,3000.0,0.1,17.660088,1.2139487e-05,0.0,0.0,10.0
69,104,0,127.0,11.937138,219.42986,0.00073953473,-0.00026860804,6.7366652,125.98361,1.1,0.0,35.0,0.033835303,0.01,3000.0,0.1,17.660015,1.3734623e-05,0.0,0.0,10.0
81,39,0,86.0,12.123111,49.05412,0.0034227557,0.0007857636,6.720742,355.18808,1.1,0.0,35.0,0.033835303,0.01,3000.0,0.1,17.660027,1.3506746e-05,0.0,0.0,10.0
59,5,0,98.0,14.222061,1.2648736,0.002996276,0.000367982,5.862157,266.39105,1.1,0.0,35.0,0.033835303,0.01,3000.0,0.1,17.660116,1.1493838e-05,0.0,0.0,10.0
106,103,0,108.0,12.113529,184.48518,-0.004286456,7.035591e-05,8.225635,198.81299,1.1,0.0,35.0,0.033835303,0.01,3000.0,0.1,17.660025,1.3544727e-05,0.0,0.0,10.0
63,0,0,78.0,20.953672,179.16286,0.0047298716,-0.000564665,5.4494486,177.59404,1.1,0.0,35.0,0.033835303,0.01,3000.0,0.1,17.660297,7.581956e-06,0.0,0.0,10.0
3,79,0,99.0,11.91947,248.07127,0.0030090546,0.0012635558,6.045043,178.7396,1.1,0.0,35.0,0.033835303,0.01,3000.0,0.1,17.660017,1.3696643e-05,0.0,0.0,10.0
51,73,0,70.0,11.968897,349.35397,0.0068744556,0.0006347783,6.0407825,368.3426,1.1,0.0,35.0,0.033835303,0.01,3000.0,0.1,17.660015,1.3734623e-05,0.0,0.0,10.0
89,75,0,30.0,12.256482,16.45671,3.688146e-05,-0.0011643994,7.402611,251.96722,1.1,0.0,35.0,0.033835303,0.01,3000.0,0.1,17.660032,1.3354829e-05,0.0,0.0,10.0
55,77,0,71.0,11.230042,47.106953,-0.0013571759,0.0002884085,6.7994227,198.81299,1.1,0.0,35.0,0.033835303,0.01,3000.0,0.1,17.659977,1.4608149e-05,0.0,0.0,10.0
25,105,0,129.0,11.391941,88.3986,0.0013861294,-0.0007023615,6.0915833,199.58144,1.1,0.0,35.0,0.033835303,0.01,3000.0,0.1,17.659986,1.4342293e-05,0.0,0.0,10.0
4,29,0,99.0,14.6822195,46.55181,0.0020301659,0.00096901826,6.5220695,321.59335,1.1,0.0,35.0,0.033835303,0.01,3000.0,0.1,17.660137,1.1076065e-05,0.0,0.0,10.0
89,65,0,68.0,13.558776,54.2879,0.006270764,0.0007878527,5.911841,266.39105,1.1,0.0,35.0,0.033835303,0.01,3000.0,0.1,17.660093,1.2025549e-05,0.0,0.0,10.0
119,60,0,100.0,12.912159,215.85233,-0.0012928268,0.001331471,6.655635,198.81299,1.1,0.0,35.0,0.033835303,0.01,3000.0,0.1,17.660065,1.263322e-05,0.0,0.0,10.0
93,37,0,60.0,15.950811,226.4072,0.00014056377,0.000942774,6.4351153,198.81299,1.1,0.0,35.0,0.033835303,0.01,3000.0,0.1,17.66018,1.0126579e-05,0.0,0.0,10.0
108,80,0,32.0,11.665269,10.934723,-0.002148221,-0.00076592114,7.676659,88.79702,1.1,0.0,35.0,0.033835303,0.01,3000.0,0.1,17.659998,1.4076436e-05,0.0,0.0,10.0
123,85,0,64.0,19.460958,46.746765,0.00078051956,-0.00042468298,8.420225,0.0,1.1,0.0,35.0,0.033835303,0.01,3000.0,0.1,17.660269,8.2276065e-06,0.0,0.0,10.0
119,45,0,66.0,12.317129,43.774323,0.001189778,-0.0010917572,6.704373,88.79702,1.1,0.0,35.0,0.033835303,0.01,3000.0,0.1,17.660036,1.3278868e-05,0.0,0.0,10.0
66,26,0,59.0,15.950811,46.407192,-0.00060769334,-0.0015600969,6.4351153,89.3698,1.1,0.0,35.0,0.033835303,0.01,3000.0,0.1,17.66018,1.0126579e-05,0.0,0.0,10.0
41,83,0,56.0,13.738779,337.1068,0.0039855894,-0.0006394119,5.89814,366.25882,1.1,0.0,35.0,0.033835303,0.01,3000.0,0.1,17.660099,1.1873632e-05,0.0,0.0,10.0
103,68,0,101.0,13.802582,245.63411,-0.0044737794,-0.00081167335,7.279618,89.3698,1.1,0.0,35.0,0.033835303,0.01,3000.0,0.1,17.660103,1.1797672e-05,0.0,0.0,10.0
71,27,0,61.0,16.415545,214.72983,0.0008563271,-0.0007809373,6.40481,178.7396,1.1,0.0,35.0,0.033835303,0.01,3000.0,0.1,17.660192,9.860722e-06,0.0,0.0,10.0
122,85,0,87.0,18.928984,34.819134,0.0033980848,0.00029080373,6.2529044,89.3698,1.1,0.0,35.0,0.033835303,0.01,3000.0,0.1,17.660255,8.493463e-06,0.0,0.0,10.0
39,108,0,184.0,12.967957,46.791134,0.0013452035,0.0019914736,5.9580255,320.79907,1.1,0.0,35.0,0.033835303,0.01,3000.0,0.1,17.660065,1.259524e-05,0.0,0.0,10.0
6,25,0,75.0,11.683598,122.996574,0.0055664266,0.00069755176,6.065607,198.81299,1.1,0.0,35.0,0.033835303,0.01,3000.0,0.1,17.660004,1.40004795e-05,0.0,0.0,10.0
123,107,0,42.0,12.993924,119.21125,-0.0047853473,0.0001115245,9.6936245,0.0,1.1,0.0,35.0,0.033835303,0.01,3000.0,0.1,17.660069,1.25572615e-05,0.0,0.0,10.0
64,25,0,62.0,14.057674,42.090378,-0.0048222016,-0.00016533058,6.5674157,280.98248,1.1,0.0,35.0,0.033835303,0.01,3000.0,0.1,17.660112,1.1569796e-05,0.0,0.0,10.0
121,66,0,67.0,14.188263,348.512,-0.0024320276,-0.00070394506,6.5577836,198.81299,1.1,0.0,35.0,0.033835303,0.01,3000.0,0.1,17.660116,1.1493838e-05,0.0,0.0,10.0
31,94,0,158.0,16.413464,104.388695,0.0038883742,0.0012436811,5.7117968,198.81299,1.1,0.0,35.0,0.033835303,0.01,3000.0,0.1,17.660194,9.784762e-06,0.0,0.0,10.0
120,11,0,103.0,11.942384,237.82883,-0.0032440447,0.0003117586,7.1416783,125.98361,1.1,0.0,35.0,0.033835303,0.01,3000.0,0.1,17.660017,1.3696643e-05,0.0,0.0,10.0
56,95,0,97.0,11.790825,27.105629,-0.0010573762,-0.0014749059,7.84797,320.79907,1.1,0.0,35.0,0.033835303,0.01,3000.0,0.1,17.660007,1.3924521e-05,0.0,0.0,10.0
115,86,0,136.0,17.150002,240.48459,-0.0004033158,0.0022269017,5.665286,199.58144,1.1,0.0,35.0,0.033835303,0.01,3000.0,0.1,17.660215,9.3669905e-06,0.0,0.0,10.0
14,76,0,75.0,13.383059,235.389,0.00017346394,-0.00015253153,5.925379,357.4792,1.1,0.0,35.0,0.033835303,0.01,3000.0,0.1,17.660084,1.2177466e-05,0.0,0.0,10.0
123,12,0,155.0,17.771093,257.82956,0.0021567752,-0.0009143286,5.6274095,357.4792,1.1,0.0,35.0,0.033835303,0.01,3000.0,0.1,17.66023,8.987194e-06,0.0,0.0,10.0
123,70,0,108.0,11.456719,96.380745,-0.00040440483,0.00019502497,6.08576,543.52136,1.1,0.0,35.0,0.033835303,0.01,3000.0,0.1,17.65999,1.4266336e-05,0.0,0.0,10.0
118,113,0,61.0,22.534452,140.67303,0.0025773696,-0.0008900901,6.0623837,198.81299,1.1,0.0,35.0,0.033835303,0.01,3000.0,0.1,17.660324,7.012266e-06,0.0,0.0,10.0
64,33,0,62.0,11.845725,279.2694,0.003644203,0.00011190591,6.0514307,88.79702,1.1,0.0,35.0,0.033835303,0.01,3000.0,0.1,17.660015,1.3734623e-05,0.0,0.0,10.0
108,83,0,86.0,16.468166,38.650005,0.003252872,-0.00090573815,6.806892,125.98361,1.1,0.0,35.0,0.033835303,0.01,3000.0,0.1,17.660194,9.784762e-06,0.0,0.0,10.0
113,97,0,184.0,15.058049,195.68462,0.0008443911,0.0011571249,5.802475,377.95084,1.1,0.0,35.0,0.033835303,0.01,3000.0,0.1,17.660149,1.0810208e-05,0.0,0.0,10.0
31,26,0,70.0,12.849401,217.82016,0.0031091333,0.00027589189,6.6606755,125.98361,1.1,0.0,35.0,0.033835303,0.01,3000.0,0.1,17.660063,1.26712e-05,0.0,0.0,10.0
89,109,0,100.0,15.031958,270.0,-0.003305832,-0.001466217,7.596051,320.79907,1.1,0.0,35.0,0.033835303,0.01,3000.0,0.1,17.66015,1.0772229e-05,0.0,0.0,10.0
68,122,0,138.0,19.072834,242.87054,0.00018145288,-0.00071458606,6.2447486,357.4792,1.1,0.0,35.0,0.033835303,0.01,3000.0,0.1,17.660261,8.379524e-06,0.0,0.0,10.0
75,98,0,88.0,21.48185,41.925526,-0.0001226068,1.0393389e-05,6.5207357,125.98361,1.1,0.0,35.0,0.033835303,0.01,3000.0,0.1,17.660307,7.3920596e-06,0.0,0.0,10.0
49,77,0,93.0,16.40405,278.8017,0.0045799287,0.0008960956,5.712403,377.95084,1.1,0.0,35.0,0.033835303,0.01,3000.0,0.1,17.660194,9.784762e-06,0.0,0.0,10.0
119,11,0,86.0,15.48441,233.88266,-0.004382942,-0.0001840827,6.871799,88.79702,1.1,0.0,35.0,0.033835303,0.01,3000.0,0.1,17.660164,1.0468393e-05,0.0,0.0,10.0
121,87,0,137.0,11.104362,52.953114,0.0061423006,-9.7832424e-05,6.8109674,251.96722,1.1,0.0,35.0,0.033835303,0.01,3000.0,0.1,17.659967,1.4760067e-05,0.0,0.0,10.0
117,35,0,43.0,11.053892,309.3542,-0.0059911055,-0.0017449966,7.2211037,88.79702,1.1,0.0,35.0,0.033835303,0.01,3000.0,0.1,17.659967,1.4798047e-05,0.0,0.0,10.0
15,74,0,69.0,16.550486,18.666044,-0.00047810943,0.0006260322,5.7030063,198.81299,1.1,0.0,35.0,0.033835303,0.01,3000.0,0.1,17.660196,9.746785e-06,0.0,0.0,10.0
76,7,0,43.0,18.842846,240.33032,-0.00076998107,6.525917e-05,6.2578135,125.98361,1.1,0.0,35.0,0.033835303,0.01,3000.0,0.1,17.660255,8.493463e-06,0.0,0.0,10.0
75,39,0,92.0,16.30794,191.02438,-0.0006322738,0.0016193687,6.4117584,198.81299,1.1,0.0,35.0,0.033835303,0.01,3000.0,0.1,17.660189,9.93668e-06,0.0,0.0,10.0
35,56,0,77.0,16.157774,225.60068,0.0006205874,0.00031793653,6.421523,445.8201,1.1,0.0,35.0,0.033835303,0.01,3000.0,0.1,17.660185,1.0012641e-05,0.0,0.0,10.0
36,7,0,92.0,12.26064,201.12637,0.0028940476,-0.00026784543,7.1145787,125.98361,1.1,0.0,35.0,0.033835303,0.01,3000.0,0.1,17.660032,1.3354829e-05,0.0,0.0,10.0
104,49,0,50.0,13.679913,246.84161,0.0016931596,-0.0007188601,5.902602,321.59335,1.1,0.0,35.0,0.033835303,0.01,3000.0,0.1,17.660099,1.1873632e-05,0.0,0.0,10.0
100,75,0,40.0,15.85247,193.67593,0.001614684,-0.0013131435,6.847094,125.98361,1.1,0.0,35.0,0.033835303,0.01,3000.0,0.1,17.660175,1.0240517e-05,0.0,0.0,10.0
101,109,0,51.0,11.744581,218.23883,-0.0008199095,-0.00019253476,6.7534003,199.58144,1.1,0.0,35.0,0.033835303,0.01,3000.0,0.1,17.660004,1.3962498e-05,0.0,0.0,10.0
79,103,0,111.0,12.346767,17.861313,-0.0005553742,0.0008776436,7.800506,377.95084,1.1,0.0,35.0,0.033835303,0.01,3000.0,0.1,17.660036,1.3278868e-05,0.0,0.0,10.0
116,105,0,164.0,15.641281,202.31306,0.0046882997,0.0019822232,5.7625933,177.59404,1.1,0.0,35.0,0.033835303,0.01,3000.0,0.1,17.660168,1.0392434e-05,0.0,0.0,10.0
88,43,0,48.0,11.4434595,45.939224,0.001082228,0.00030237544,6.7800965,198.81299,1.1,0.0,35.0,0.033835303,0.01,3000.0,0.1,17.659986,1.4304314e-05,0.0,0.0,10.0
103,123,0,45.0,12.107368,42.69526,0.0022544265,-0.0010162911,6.028934,268.10938,1.1,0.0,35.0,0.033835303,0.01,3000.0,0.1,17.660027,1.3506746e-05,0.0,0.0,10.0
68,98,0,154.0,12.494539,23.826057,0.00055745116,0.0027593211,5.996468,366.25882,1.1,0.0,35.0,0.033835303,0.01,3000.0,0.1,17.660044,1.31269535e-05,0.0,0.0,10.0
68,25,0,57.0,13.515189,200.43523,-0.0011167079,-0.0012359153,7.301478,88.79702,1.1,0.0,35.0,0.033835303,0.01,3000.0,0.1,17.66009,1.2101508e-05,0.0,0.0,10.0
118,71,0,64.0,16.03004,231.16037,0.00033743182,-0.0029079616,6.4298935,89.3698,1.1,0.0,35.0,0.033835303,0.01,3000.0,0.1,17.660183,1.0088599e-05,0.0,0.0,10.0
60,3,0,58.0,13.320021,2.7088637,0.0035771502,-0.0003518668,5.9302754,125.98361,1.1,0.0,35.0,0.033835303,0.01,3000.0,0.1,17.660082,1.2253427e-05,0.0,0.0,10.0
31,72,0,59.0,12.403602,284.83447,-0.0019625034,-0.000620018,7.10262,198.81299,1.1,0.0,35.0,0.033835303,0.01,3000.0,0.1,17.660042,1.3164932e-05,0.0,0.0,10.0
70,105,0,128.0,12.555991,228.90321,-0.00086883927,-0.00011602911,7.0900145,178.7396,1.1,0.0,35.0,0.033835303,0.01,3000.0,0.1,17.66005,1.2975035e-05,0.0,0.0,10.0
25,72,0,45.0,11.799997,262.2549,0.003195873,-0.00047220255,6.0554104,125.98361,1.1,0.0,35.0,0.033835303,0.01,3000.0,0.1,17.660007,1.3848561e-05,0.0,0.0,10.0
82,39,0,67.0,13.313774,53.497185,0.0010613973,-8.425174e-05,6.623909,321.59335,1.1,0.0,35.0,0.033835303,0.01,3000.0,0.1,17.660082,1.2253427e-05,0.0,0.0,10.0
118,37,0,89.0,15.439322,287.80743,0.006803487,-0.00076945755,5.7762494,199.58144,1.1,0.0,35.0,0.033835303,0.01,3000.0,0.1,17.660164,1.0468393e-05,0.0,0.0,10.0
22,58,0,33.0,11.627187,214.81915,-0.002629763,-0.0015969989,6.76373,199.58144,1.1,0.0,35.0,0.033835303,0.01,3000.0,0.1,17.659998,1.4076436e-05,0.0,0.0,10.0
100,71,0,99.0,11.713747,327.33905,-0.0018713997,0.0011114725,6.062957,320.79907,1.1,0.0,35.0,0.033835303,0.01,3000.0,0.1,17.660004,1.40004795e-05,0.0,0.0,10.0
27,69,0,37.0,11.476108,356.8405,0.003263968,-0.0009599627,6.084023,178.7396,1.1,0.0,35.0,0.033835303,0.01,3000.0,0.1,17.659986,1.4342293e-05,0.0,0.0,10.0
33,100,0,199.0,13.467077,320.89102,0.0135492645,0.0009493121,5.918885,321.59335,1.1,0.0,35.0,0.033835303,0.01,3000.0,0.1,17.66009,1.2101508e-05,0.0,0.0,10.0
119,21,0,56.0,12.317129,223.77432,0.000565144,-0.002357607,6.704373,89.3698,1.1,0.0,35.0,0.033835303,0.01,3000.0,0.1,17.660036,1.3278868e-05,0.0,0.0,10.0
103,63,0,93.0,13.890849,11.747835,0.0025399404,-0.00017448742,5.8866935,366.25882,1.1,0.0,35.0,0.033835303,0.01,3000.0,0.1,17.660103,1.1759694e-05,0.0,0.0,10.0
88,64,0,57.0,16.585304,35.614395,-0.0013910217,0.00047884657,6.39393,198.81299,1.1,0.0,35.0,0.033835303,0.01,3000.0,0.1,17.660196,9.746785e-06,0.0,0.0,10.0
68,31,0,95.0,11.602321,234.83472,-0.0027710276,0.0013337034,6.0727835,282.4315,1.1,0.0,35.0,0.033835303,0.01,3000.0,0.1,17.659998,1.4076436e-05,0.0,0.0,10.0
82,40,0,76.0,11.625284,60.484566,-0.0032044936,0.00047244717,6.7638984,368.3426,1.1,0.0,35.0,0.033835303,0.01,3000.0,0.1,17.659998,1.4076436e-05,0.0,0.0,10.0
50,81,0,57.0,11.899236,252.90594,-0.0044276505,-0.00034115234,8.244017,357.4792,1.1,0.0,35.0,0.033835303,0.01,3000.0,0.1,17.660015,1.3734623e-05,0.0,0.0,10.0
97,110,0,35.0,13.072569,74.5293,-0.0035440116,-0.00075237826,7.336002,125.98361,1.1,0.0,35.0,0.033835303,0.01,3000.0,0.1,17.660074,1.2443324e-05,0.0,0.0,10.0
38,112,0,119.0,13.17903,189.62787,0.0029220746,-0.00040418617,5.9413056,251.96722,1.1,0.0,35.0,0.033835303,0.01,3000.0,0.1,17.660074,1.2405345e-05,0.0,0.0,10.0
103,64,0,115.0,13.811656,15.84835,0.001998257,0.0009062362,5.89264,320.79907,1.1,0.0,35.0,0.033835303,0.01,3000.0,0.1,17.660103,1.1835652e-05,0.0,0.0,10.0
97,115,0,125.0,15.408072,77.01214,0.0048595914,0.0018434577,5.7783766,282.4315,1.1,0.0,35.0,0.033835303,0.01,3000.0,0.1,17.660164,1.0468393e-05,0.0,0.0,10.0
112,11,0,105.0,12.107957,254.78296,0.0073302067,-0.00013131418,6.028884,366.25882,1.1,0.0,35.0,0.033835303,0.01,3000.0,0.1,17.660027,1.3468765e-05,0.0,0.0,10.0
16,97,0,84.0,11.937138,320.57016,0.0011690137,-0.00079334993,6.7366652,88.79702,1.1,0.0,35.0,0.033835303,0.01,3000.0,0.1,17.660015,1.3734623e-05,0.0,0.0,10.0
115,71,0,64.0,13.501305,32.407143,0.001774106,-0.001436531,7.014863,125.98361,1.1,0.0,35.0,0.033835303,0.01,3000.0,0.1,17.66009,1.2101508e-05,0.0,0.0,10.0
64,80,0,78.0,11.358445,239.6984,-0.00090744917,0.0016232796,6.094607,178.7396,1.1,0.0,35.0,0.033835303,0.01,3000.0,0.1,17.659985,1.4418253e-05,0.0,0.0,10.0
67,31,0,84.0,12.750435,223.81085,-0.0023121624,-0.00033712643,5.9755235,199.58144,1.1,0.0,35.0,0.033835303,0.01,3000.0,0.1,17.660055,1.2823118e-05,0.0,0.0,10.0
32,118,0,151.0,17.843973,26.863878,0.0007381648,6.572068e-05,6.316188,280.98248,1.1,0.0,35.0,0.033835303,0.01,3000.0,0.1,17.66023,8.987194e-06,0.0,0.0,10.0
119,36,0,98.0,22.609459,276.20966,-0.0020600278,-0.0008597787,6.974981,251.96722,1.1,0.0,35.0,0.033835303,0.01,3000.0,0.1,17.660326,6.9742855e-06,0.0,0.0,10.0
50,101,0,123.0,11.019796,251.45425,0.0025691285,0.0009595972,6.1256585,268.10938,1.1,0.0,35.0,0.033835303,0.01,3000.0,0.1,17.659967,1.4798047e-05,0.0,0.0,10.0
95,120,0,68.0,12.801412,219.80562,-0.004847974,0.0011676912,7.07001,125.98361,1.1,0.0,35.0,0.033835303,0.01,3000.0,0.1,17.660059,1.2785138e-05,0.0,0.0,10.0
88,72,0,43.0,12.484814,215.53229,0.002365381,0.00047995662,6.690419,125.98361,1.1,0.0,35.0,0.033835303,0.01,3000.0,0.1,17.660044,1.31269535e-05,0.0,0.0,10.0
91,117,0,89.0,18.080235,220.63295,0.0030263953,-0.00049259723,6.3021317,321.59335,1.1,0.0,35.0,0.033835303,0.01,3000.0,0.1,17.660234,8.911237e-06,0.0,0.0,10.0
118,44,0,68.0,11.68891,49.216583,0.00014165834,-0.0005291179,7.451434,89.3698,1.1,0.0,35.0,0.033835303,0.01,3000.0,0.1,17.660004,1.40004795e-05,0.0,0.0,10.0
61,99,0,126.0,13.894371,219.2918,0.0036547258,0.0011073357,5.88643,125.98361,1.1,0.0,35.0,0.033835303,0.01,3000.0,0.1,17.660107,1.1721713e-05,0.0,0.0,10.0
112,115,0,56.0,13.920219,251.45425,-0.00011498356,-0.000635242,7.6762557,368.3426,1.1,0.0,35.0,0.033835303,0.01,3000.0,0.1,17.660109,1.1683734e-05,0.0,0.0,10.0
70,43,0,74.0,13.989194,198.32472,0.0009686847,0.0012520661,5.8793526,377.95084,1.1,0.0,35.0,0.033835303,0.01,3000.0,0.1,17.660109,1.1683734e-05,0.0,0.0,10.0
83,106,0,112.0,16.375599,43.267944,0.001101237,0.0010234987,6.4073844,282.4315,1.1,0.0,35.0,0.033835303,0.01,3000.0,0.1,17.660192,9.860722e-06,0.0,0.0,10.0
119,33,0,75.0,19.458225,306.1358,-0.0021860595,-0.0004903416,6.628618,125.98361,1.1,0.0,35.0,0.033835303,0.01,3000.0,0.1,17.660269,8.2276065e-06,0.0,0.0,10.0
123,119,0,109.0,18.041128,85.04126,0.0008473745,0.0012178334,6.7099123,643.1867,1.1,0.0,35.0,0.033835303,0.01,3000.0,0.1,17.660238,8.873259e-06,0.0,0.0,10.0
112,13,0,70.0,18.165188,217.8684,-0.00029759153,-0.00048461714,6.297116,355.18808,1.1,0.0,35.0,0.033835303,0.01,3000.0,0.1,17.660238,8.873259e-06,0.0,0.0,10.0
114,99,0,151.0,13.824058,224.81581,-0.0016642887,-0.0007780755,6.584854,320.79907,1.1,0.0,35.0,0.033835303,0.01,3000.0,0.1,17.660103,1.1797672e-05,0.0,0.0,10.0
61,0,0,50.0,16.420832,203.4944,-0.0025221596,-0.002210808,5.7113223,251.96722,1.1,0.0,35.0,0.033835303,0.01,3000.0,0.1,17.660192,9.860722e-06,0.0,0.0,10.0
54,33,0,68.0,11.916142,189.153,0.0032014241,0.0009013202,6.0453305,280.98248,1.1,0.0,35.0,0.033835303,0.01,3000.0,0.1,17.660015,1.3734623e-05,0.0,0.0,10.0
34,10,0,82.0,12.383722,289.4745,0.0040219883,0.0009926273,6.0056634,125.98361,1.1,0.0,35.0,0.033835303,0.01,3000.0,0.1,17.660042,1.3164932e-05,0.0,0.0,10.0
105,75,0,41.0,14.23203,182.52853,-0.008763445,-0.0015871077,8.164012,251.96722,1.1,0.0,35.0,0.033835303,0.01,3000.0,0.1,17.66012,1.1455859e-05,0.0,0.0,10.0
122,105,0,82.0,13.66026,139.86754,-0.007872998,7.73221e-07,7.0027084,88.79702,1.1,0.0,35.0,0.033835303,0.01,3000.0,0.1,17.660097,1.191161e-05,0.0,0.0,10.0
86,108,0,99.0,14.978019,38.85541,0.00095120823,0.00082596374,5.8080564,198.81299,1.1,0.0,35.0,0.033835303,0.01,3000.0,0.1,17.660149,1.0810208e-05,0.0,0.0,10.0
60,8,0,117.0,11.083686,88.35287,0.001710379,0.00022041364,6.1197314,320.79907,1.1,0.0,35.0,0.033835303,0.01,3000.0,0.1,17.659967,1.4760067e-05,0.0,0.0,10.0
83,33,0,73.0,12.849401,217.82016,0.0034192859,0.001056438,5.9675283,251.96722,1.1,0.0,35.0,0.033835303,0.01,3000.0,0.1,17.660063,1.26712e-05,0.0,0.0,10.0
34,86,0,56.0,15.058049,15.684607,0.0020278532,7.135527e-05,6.495622,199.58144,1.1,0.0,35.0,0.033835303,0.01,3000.0,0.1,17.660149,1.0810208e-05,0.0,0.0,10.0
31,95,0,141.0,17.649355,116.25979,0.0016022527,1.8975037e-05,6.327889,125.98361,1.1,0.0,35.0,0.033835303,0.01,3000.0,0.1,17.660229,9.101133e-06,0.0,0.0,10.0
22,104,0,198.0,16.64189,59.42784,0.0031195655,0.00087381754,5.6971784,445.01822,1.1,0.0,35.0,0.033835303,0.01,3000.0,0.1,17.660198,9.708805e-06,0.0,0.0,10.0
17,6,0,59.0,11.635079,247.48987,0.00034148977,-3.8942628e-05,6.7630324,366.25882,1.1,0.0,35.0,0.033835303,0.01,3000.0,0.1,17.66,1.4038458e-05,0.0,0.0,10.0
119,62,0,42.0,15.21344,218.11113,-0.0014298569,-0.0028252797,6.890327,89.3698,1.1,0.0,35.0,0.033835303,0.01,3000.0,0.1,17.660154,1.0696271e-05,0.0,0.0,10.0
107,103,0,120.0,11.893216,228.05663,-0.0017374761,0.00067686295,6.74046,177.59404,1.1,0.0,35.0,0.033835303,0.01,3000.0,0.1,17.660015,1.3734623e-05,0.0,0.0,10.0
77,115,0,191.0,11.310937,37.978394,0.001967955,0.0004950378,6.7920566,478.61322,1.1,0.0,35.0,0.033835303,0.01,3000.0,0.1,17.65998,1.4456232e-05,0.0,0.0,10.0
34,6,0,66.0,12.567105,220.73215,-0.0022535864,-0.0010871006,7.0891004,177.59404,1.1,0.0,35.0,0.033835303,0.01,3000.0,0.1,17.66005,1.2975035e-05,0.0,0.0,10.0
92,108,0,117.0,18.138979,51.774017,0.003996297,0.00060225057,6.298661,366.25882,1.1,0.0,35.0,0.033835303,0.01,3000.0,0.1,17.660238,8.873259e-06,0.0,0.0,10.0
116,81,0,70.0,11.446269,43.69266,0.002680749,-0.00030093454,6.7798443,280.98248,1.1,0.0,35.0,0.033835303,0.01,3000.0,0.1,17.659986,1.4304314e-05,0.0,0.0,10.0
23,97,0,59.0,11.375849,26.417976,6.2389234e-05,-0.0020907887,7.191647,88.79702,1.1,0.0,35.0,0.033835303,0.01,3000.0,0.1,17.659985,1.4418253e-05,0.0,0.0,10.0
66,117,0,166.0,18.298695,243.72305,0.0010724596,0.0010724013,6.289274,455.58633,1.1,0.0,35.0,0.033835303,0.01,3000.0,0.1,17.660242,8.759319e-06,0.0,0.0,10.0
118,61,0,63.0,16.25419,189.94513,-0.0035615372,-0.00091882,7.9193215,88.79702,1.1,0.0,35.0,0.033835303,0.01,3000.0,0.1,17.660187,9.97466e-06,0.0,0.0,10.0
70,100,0,166.0,12.922411,30.801474,0.0015862575,0.0015856038,5.9616666,445.01822,1.1,0.0,35.0,0.033835303,0.01,3000.0,0.1,17.660065,1.263322e-05,0.0,0.0,10.0
68,116,0,167.0,13.408899,60.263752,-0.0018398407,0.0007453355,5.9233775,268.10938,1.1,0.0,35.0,0.033835303,0.01,3000.0,0.1,17.660088,1.2139487e-05,0.0,0.0,10.0
96,55,0,36.0,11.6631,209.2006,9.388156e-05,-0.0005535273,6.7605596,125.98361,1.1,0.0,35.0,0.033835303,0.01,3000.0,0.1,17.659998,1.4076436e-05,0.0,0.0,10.0
115,13,0,87.0,18.254416,150.53427,0.0043127183,-0.00049624295,5.5987225,178.7396,1.1,0.0,35.0,0.033835303,0.01,3000.0,0.1,17.660242,8.835278e-06,0.0,0.0,10.0
24,64,0,41.0,11.279915,16.290085,0.003998851,-0.00013459017,6.1017284,125.98361,1.1,0.0,35.0,0.033835303,0.01,3000.0,0.1,17.659977,1.45701715e-05,0.0,0.0,10.0
106,112,0,51.0,11.969416,127.654205,0.004679191,-0.0004564081,6.0407376,89.3698,1.1,0.0,35.0,0.033835303,0.01,3000.0,0.1,17.660017,1.3658664e-05,0.0,0.0,10.0
120,80,0,43.0,11.6631,29.200602,0.0036035974,-0.00096942595,6.7605596,88.79702,1.1,0.0,35.0,0.033835303,0.01,3000.0,0.1,17.659998,1.4076436e-05,0.0,0.0,10.0
57,83,0,81.0,11.882402,213.94362,0.0048396266,0.00034545653,6.0482492,266.39105,1.1,0.0,35.0,0.033835303,0.01,3000.0,0.1,17.660013,1.3772603e-05,0.0,0.0,10.0
118,35,0,67.0,19.75666,274.49585,-0.00070082396,-0.0009135021,7.3052874,125.98361,0.7,0.0,35.0,0.033835303,0.1,3000.0,0.035,176.60275,8.075687e-06,0.0,0.0,30.0
15,52,0,66.0,14.804922,29.13443,0.0015166102,-0.00079091516,6.9188333,88.79702,1.1,0.0,35.0,0.033835303,0.01,3000.0,0.1,17.66014,1.1000106e-05,0.0,0.0,10.0
15,54,0,89.0,13.072569,74.5293,0.0013757825,-0.00029376373,6.6428547,266.39105,1.1,0.0,35.0,0.033835303,0.01,3000.0,0.1,17.660074,1.2443324e-05,0.0,0.0,10.0
82,119,0,100.0,17.416637,74.38062,-0.0016622295,-0.0024739916,7.4406404,251.96722,1.1,0.0,35.0,0.033835303,0.01,3000.0,0.1,17.660221,9.215071e-06,0.0,0.0,10.0
30,78,0,78.0,18.43978,133.82008,-0.00089839933,0.0005819493,6.281041,251.96722,1.1,0.0,35.0,0.033835303,0.01,3000.0,0.1,17.660246,8.683361e-06,0.0,0.0,10.0
100,42,0,42.0,15.2747555,244.34264,0.0012638468,-0.00015953193,5.7874966,355.18808,0.3,0.0,35.0,0.033835303,0.05,3000.0,0.015,88.3008,1.0620309e-05,0.0,0.0,50.0
47,46,0,35.0,13.338408,216.15118,-0.0029598281,-4.667966e-05,6.621992,177.59404,1.1,0.0,35.0,0.033835303,0.01,3000.0,0.1,17.660082,1.2253427e-05,0.0,0.0,10.0
14,46,0,75.0,11.098772,207.14972,-0.0023530596,-0.0003984932,6.811484,177.59404,1.1,0.0,35.0,0.033835303,0.01,3000.0,0.1,17.659967,1.4798047e-05,0.0,0.0,10.0
117,8,0,104.0,12.200825,259.4967,0.0055898465,0.0009651048,6.021009,366.25882,1.1,0.0,35.0,0.033835303,0.01,3000.0,0.1,17.660032,1.3354829e-05,0.0,0.0,10.0
27,87,0,85.0,14.849089,31.840048,0.0054796077,0.00036311246,6.510252,178.7396,1.1,0.0,35.0,0.033835303,0.01,3000.0,0.1,17.660143,1.0962127e-05,0.0,0.0,10.0
97,58,0,38.0,13.036631,28.898474,0.0015068825,-0.001434049,6.645705,88.79702,1.1,0.0,35.0,0.033835303,0.01,3000.0,0.1,17.660069,1.25572615e-05,0.0,0.0,10.0
113,77,0,50.0,13.69795,186.5904,0.0017983499,-0.0014550613,5.901233,199.58144,1.1,0.0,35.0,0.033835303,0.01,3000.0,0.1,17.660097,1.191161e-05,0.0,0.0,10.0
114,56,0,135.0,11.172185,235.23535,0.0019208847,0.0024022593,6.111575,503.93445,1.1,0.0,35.0,0.033835303,0.01,3000.0,0.1,17.659973,1.4646127e-05,0.0,0.0,10.0
12,114,0,129.0,11.489137,230.41855,-0.0011599116,-0.00042923362,6.776005,357.4792,1.1,0.0,35.0,0.033835303,0.01,3000.0,0.1,17.65999,1.4266336e-05,0.0,0.0,10.0
42,110,0,123.0,18.05491,101.963135,0.0011858682,-0.00049120025,6.3036304,89.3698,1.1,0.0,35.0,0.033835303,0.01,3000.0,0.1,17.660238,8.873259e-06,0.0,0.0,10.0
83,24,0,74.0,13.736089,7.893205,0.002591006,-0.00032640767,5.8983436,199.58144,1.1,0.0,35.0,0.033835303,0.01,3000.0,0.1,17.660097,1.191161e-05,0.0,0.0,10.0
112,68,0,91.0,11.845725,99.2694,0.0019955887,0.0006106102,6.0514307,357.4792,1.1,0.0,35.0,0.033835303,0.01,3000.0,0.1,17.660015,1.3734623e-05,0.0,0.0,10.0
83,43,0,99.0,11.605917,72.44716,0.004700117,1.3866338e-05,6.072465,397.62598,1.1,0.0,35.0,0.033835303,0.01,3000.0,0.1,17.659998,1.4076436e-05,0.0,0.0,10.0
96,83,0,135.0,12.029446,192.1246,0.0027181164,0.0011702235,6.728733,366.25882,1.1,0.0,35.0,0.033835303,0.01,3000.0,0.1,17.660017,1.3658664e-05,0.0,0.0,10.0
7,44,0,105.0,16.773712,74.838776,-0.0011962352,0.0005070069,6.38197,178.7396,1.1,0.0,35.0,0.033835303,0.01,3000.0,0.1,17.660204,9.594865e-06,0.0,0.0,10.0
39,120,0,80.0,13.134285,54.608654,-0.0005643155,-0.0008056978,6.6379766,125.98361,1.1,0.0,35.0,0.033835303,0.01,3000.0,0.1,17.660074,1.2405345e-05,0.0,0.0,10.0
60,4,0,77.0,11.863682,20.256483,0.0075447317,0.00010403427,6.049872,178.7396,1.1,0.0,35.0,0.033835303,0.01,3000.0,0.1,17.660007,1.3848561e-05,0.0,0.0,10.0
14,30,0,53.0,11.80766,249.50304,-0.00092074566,-0.0015907049,6.74789,88.79702,1.1,0.0,35.0,0.033835303,0.01,3000.0,0.1,17.660007,1.3848561e-05,0.0,0.0,10.0
110,44,0,84.0,12.272123,10.372036,-0.00074918894,0.00092117814,7.1136136,251.96722,1.1,0.0,35.0,0.033835303,0.01,3000.0,0.1,17.660032,1.3354829e-05,0.0,0.0,10.0
77,100,0,72.0,14.087519,40.280426,-0.0041534775,-0.00042354673,8.580111,88.79702,1.1,0.0,35.0,0.033835303,0.01,3000.0,0.1,17.660112,1.1531817e-05,0.0,0.0,10.0
86,66,0,77.0,12.107368,222.69527,0.0019081789,0.0007633771,6.028934,366.25882,1.1,0.0,35.0,0.033835303,0.01,3000.0,0.1,17.660027,1.3506746e-05,0.0,0.0,10.0
28,79,0,92.0,16.003551,164.15164,0.004278887,0.0017383985,5.7384896,368.3426,1.1,0.0,35.0,0.033835303,0.01,3000.0,0.1,17.66018,1.0126579e-05,0.0,0.0,10.0
98,112,0,43.0,16.965214,53.79722,0.0012958725,-0.0011989132,7.0630813,198.81299,1.1,0.0,35.0,0.033835303,0.01,3000.0,0.1,17.660208,9.518908e-06,0.0,0.0,10.0
49,101,0,105.0,14.237471,239.30885,0.0013457801,0.00038199793,6.5541754,178.7396,1.1,0.0,35.0,0.033835303,0.01,3000.0,0.1,17.66012,1.1417877e-05,0.0,0.0,10.0
105,66,0,124.0,14.346491,79.85572,0.0020306872,0.0012133002,5.853074,321.59335,0.7,0.0,35.0,0.033835303,0.1,3000.0,0.035,176.60127,1.130394e-05,0.0,0.0,30.0
25,92,0,121.0,11.197216,295.2567,0.009642003,0.00018978186,6.109279,282.4315,1.1,0.0,35.0,0.033835303,0.01,3000.0,0.1,17.659977,1.4608149e-05,0.0,0.0,10.0
46,25,0,94.0,11.732848,75.87682,0.00061018456,0.00061744556,6.061281,125.98361,1.1,0.0,35.0,0.033835303,0.01,3000.0,0.1,17.660007,1.3924521e-05,0.0,0.0,10.0
69,116,0,146.0,11.172185,55.235336,-0.0017553464,-0.0010421316,6.8047223,178.7396,1.1,0.0,35.0,0.033835303,0.01,3000.0,0.1,17.659973,1.4646127e-05,0.0,0.0,10.0
90,66,0,48.0,12.676012,84.25281,0.00048564374,-0.00018525387,5.981574,199.58144,1.1,0.0,35.0,0.033835303,0.01,3000.0,0.1,17.660055,1.28610955e-05,0.0,0.0,10.0
110,90,0,152.0,13.182268,43.84491,-0.0029423966,0.00020424208,7.550489,199.58144,1.1,0.0,35.0,0.033835303,0.01,3000.0,0.1,17.660078,1.2367362e-05,0.0,0.0,10.0
101,120,0,46.0,14.611599,61.628883,-0.00010048885,-0.00071145163,6.5271077,198.81299,1.1,0.0,35.0,0.033835303,0.01,3000.0,0.1,17.660133,1.11140425e-05,0.0,0.0,10.0
22,94,0,46.0,11.712147,273.11398,0.0007259077,-0.0013148363,6.0630975,88.79702,1.1,0.0,35.0,0.033835303,0.01,3000.0,0.1,17.660007,1.3924521e-05,0.0,0.0,10.0
32,110,0,104.0,11.093294,58.873466,0.0020523637,-0.0015960736,7.2174554,88.79702,1.1,0.0,35.0,0.033835303,0.01,3000.0,0.1,17.659967,1.4760067e-05,0.0,0.0,10.0
121,122,0,145.0,21.116177,172.50832,0.004249988,0.0017922423,5.440983,598.7443,1.1,0.0,35.0,0.033835303,0.01,3000.0,0.1,17.6603,7.543978e-06,0.0,0.0,10.0
72,27,0,76.0,16.691235,210.25052,0.0012612459,0.00069294113,6.387191,177.59404,1.1,0.0,35.0,0.033835303,0.01,3000.0,0.1,17.660198,9.708805e-06,0.0,0.0,10.0
21,107,0,187.0,15.728197,238.67735,-0.0019689295,0.001132581,5.756765,480.8468,1.1,0.0,35.0,0.033835303,0.01,3000.0,0.1,17.660173,1.0278497e-05,0.0,0.0,10.0
76,100,0,101.0,19.200356,64.11488,-0.00030161114,9.221651e-05,7.153853,125.98361,1.1,0.0,35.0,0.033835303,0.01,3000.0,0.1,17.660261,8.303566e-06,0.0,0.0,10.0
44,26,0,83.0,11.503109,219.22008,-0.0035645722,-0.0002369265,6.774756,251.96722,1.1,0.0,35.0,0.033835303,0.01,3000.0,0.1,17.65999,1.4266336e-05,0.0,0.0,10.0
26,55,0,42.0,11.075226,198.32472,0.0007685432,-0.00062128314,6.1205144,88.79702,1.1,0.0,35.0,0.033835303,0.01,3000.0,0.1,17.659967,1.4798047e-05,0.0,0.0,10.0
100,108,0,51.0,12.282254,235.3193,0.0024705396,0.00041289534,6.01415,198.81299,1.1,0.0,35.0,0.033835303,0.01,3000.0,0.1,17.660034,1.3316848e-05,0.0,0.0,10.0
75,36,0,95.0,11.295783,78.61901,0.00019526863,-0.00015141052,6.7934327,397.62598,1.1,0.0,35.0,0.033835303,0.01,3000.0,0.1,17.65998,1.4456232e-05,0.0,0.0,10.0
80,119,0,173.0,22.341354,62.23539,0.00023721032,0.001190842,5.37879,399.16287,1.1,0.0,35.0,0.033835303,0.01,3000.0,0.1,17.66032,7.0502447e-06,0.0,0.0,10.0
79,35,0,46.0,14.177032,32.109547,0.0021432186,-0.0009613096,6.558609,125.98361,1.1,0.0,35.0,0.033835303,0.01,3000.0,0.1,17.660116,1.1493838e-05,0.0,0.0,10.0
106,67,0,106.0,14.709737,41.34899,-0.00819533,0.00046044018,6.5201125,320.79907,1.1,0.0,35.0,0.033835303,0.01,3000.0,0.1,17.66014,1.1038083e-05,0.0,0.0,10.0
28,110,0,203.0,14.188263,11.488016,0.009316334,0.00080151536,5.8646364,366.25882,1.1,0.0,35.0,0.033835303,0.01,3000.0,0.1,17.660116,1.1493838e-05,0.0,0.0,10.0
27,53,0,51.0,12.624664,58.13363,0.0019574538,-2.664837e-05,5.985768,89.3698,1.1,0.0,35.0,0.033835303,0.01,3000.0,0.1,17.660051,1.29370555e-05,0.0,0.0,10.0
42,84,0,82.0,14.301589,353.7001,0.0038518426,0.0005967387,5.8563433,377.95084,1.1,0.0,35.0,0.033835303,0.01,3000.0,0.1,17.66012,1.1417877e-05,0.0,0.0,10.0
90,65,0,47.0,14.7506275,66.02477,0.0041217385,-0.0005197064,6.51721,178.7396,1.1,0.0,35.0,0.033835303,0.01,3000.0,0.1,17.66014,1.1000106e-05,0.0,0.0,10.0
83,121,0,92.0,21.689077,76.07349,-0.00031668087,-0.0004008748,6.104698,89.3698,1.1,0.0,35.0,0.033835303,0.01,3000.0,0.1,17.66031,7.2401426e-06,0.0,0.0,10.0
76,45,0,65.0,11.434772,75.49011,0.0044256435,0.0010613493,6.0877295,125.98361,1.1,0.0,35.0,0.033835303,0.01,3000.0,0.1,17.659986,1.4304314e-05,0.0,0.0,10.0
32,114,0,138.0,12.884675,121.12651,0.004611216,0.00028582674,5.964692,125.98361,1.1,0.0,35.0,0.033835303,0.01,3000.0,0.1,17.660065,1.263322e-05,0.0,0.0,10.0
112,72,0,121.0,12.113529,355.51483,0.0016661799,-0.00039465562,7.1270223,399.16287,1.1,0.0,35.0,0.033835303,0.01,3000.0,0.1,17.660025,1.3544727e-05,0.0,0.0,10.0
0,87,0,99.0,15.723255,11.462657,-0.00084197614,-0.0002939874,5.757096,282.4315,0.7,0.0,35.0,0.033835303,0.1,3000.0,0.035,176.6017,1.03544535e-05,0.0,0.0,30.0
106,48,0,102.0,12.629788,267.11917,0.005418796,0.0011262995,6.678496,455.58633,1.1,0.0,35.0,0.033835303,0.01,3000.0,0.1,17.660053,1.2899076e-05,0.0,0.0,10.0
109,56,0,57.0,14.139488,237.5578,0.0015723094,-2.0149231e-05,6.966837,280.98248,1.1,0.0,35.0,0.033835303,0.01,3000.0,0.1,17.660116,1.1493838e-05,0.0,0.0,10.0
106,66,0,95.0,16.324316,83.37597,-0.0036480003,-0.00050466275,6.816163,251.96722,1.1,0.0,35.0,0.033835303,0.01,3000.0,0.1,17.660192,9.860722e-06,0.0,0.0,10.0
12,108,0,111.0,11.686858,22.25073,-0.0013751872,-0.00056123803,7.4516144,177.59404,1.1,0.0,35.0,0.033835303,0.01,3000.0,0.1,17.66,1.4038458e-05,0.0,0.0,10.0
35,79,0,59.0,13.96961,185.16133,0.0033821801,0.0009885961,5.8808107,198.81299,1.1,0.0,35.0,0.033835303,0.01,3000.0,0.1,17.660109,1.1683734e-05,0.0,0.0,10.0
20,101,0,151.0,13.717931,331.22925,0.004963057,-0.00054831494,5.8997183,320.79907,1.1,0.0,35.0,0.033835303,0.01,3000.0,0.1,17.660097,1.191161e-05,0.0,0.0,10.0
73,35,0,107.0,11.7609825,18.81191,-0.000633623,0.00042205432,6.7519646,397.62598,1.1,0.0,35.0,0.033835303,0.01,3000.0,0.1,17.660004,1.3962498e-05,0.0,0.0,10.0
96,84,0,109.0,15.707057,199.76764,-0.0042381887,0.00019329424,6.8567924,280.98248,1.1,0.0,35.0,0.033835303,0.01,3000.0,0.1,17.66017,1.0354454e-05,0.0,0.0,10.0
110,88,0,124.0,11.457772,48.183464,-0.0011703201,-0.00045557294,8.28289,199.58144,1.1,0.0,35.0,0.033835303,0.01,3000.0,0.1,17.659986,1.4304314e-05,0.0,0.0,10.0
82,38,0,51.0,12.101782,46.93736,0.0018678125,-0.0007558928,7.1280217,280.98248,1.1,0.0,35.0,0.033835303,0.01,3000.0,0.1,17.660027,1.3506746e-05,0.0,0.0,10.0
36,79,0,58.0,13.142493,164.71767,0.0047269547,0.0006392333,5.944182,251.96722,1.1,0.0,35.0,0.033835303,0.01,3000.0,0.1,17.660074,1.2443324e-05,0.0,0.0,10.0
34,114,0,101.0,13.365606,105.11082,0.0038754588,-0.00063949736,5.926732,88.79702,1.1,0.0,35.0,0.033835303,0.01,3000.0,0.1,17.660084,1.2177466e-05,0.0,0.0,10.0
32,54,0,62.0,12.460053,234.11853,0.00012915392,-8.409652e-05,6.6924686,199.58144,1.1,0.0,35.0,0.033835303,0.01,3000.0,0.1,17.660044,1.31269535e-05,0.0,0.0,10.0
121,45,0,68.0,13.161612,215.04424,0.0018919145,-0.0011305417,6.6358232,89.3698,1.1,0.0,35.0,0.033835303,0.01,3000.0,0.1,17.660074,1.2405345e-05,0.0,0.0,10.0
107,77,0,42.0,12.989439,213.90645,0.0019368755,-0.0013234613,7.0549245,125.98361,1.1,0.0,35.0,0.033835303,0.01,3000.0,0.1,17.660065,1.259524e-05,0.0,0.0,10.0
74,117,0,174.0,18.433323,245.01688,0.0016892528,-0.00042244315,6.281417,282.4315,1.1,0.0,35.0,0.033835303,0.01,3000.0,0.1,17.660248,8.64538e-06,0.0,0.0,10.0
9,2,0,84.0,12.093541,177.00647,0.0030441154,4.74785e-06,6.0301113,377.95084,1.1,0.0,35.0,0.033835303,0.01,3000.0,0.1,17.660023,1.3582705e-05,0.0,0.0,10.0
16,2,0,58.0,16.544357,302.05627,0.006766522,-0.0003246956,5.703398,125.98361,1.1,0.0,35.0,0.033835303,0.01,3000.0,0.1,17.660196,9.746785e-06,0.0,0.0,10.0
101,78,0,51.0,17.62758,352.9202,0.0006866653,-0.0003011125,5.6360574,88.79702,1.1,0.0,35.0,0.033835303,0.01,3000.0,0.1,17.660225,9.177093e-06,0.0,0.0,10.0
17,64,0,54.0,12.200825,100.503296,0.0031517872,-0.0001019263,6.021009,125.98361,1.1,0.0,35.0,0.033835303,0.01,3000.0,0.1,17.660032,1.3354829e-05,0.0,0.0,10.0
50,117,0,52.0,11.257021,237.48581,-0.0040513817,-0.00030460217,6.796961,89.3698,1.1,0.0,35.0,0.033835303,0.01,3000.0,0.1,17.659977,1.4494209e-05,0.0,0.0,10.0
120,112,0,40.0,11.520191,111.04768,-0.0040487936,-0.001745716,8.277308,89.3698,1.1,0.0,35.0,0.033835303,0.01,3000.0,0.1,17.659994,1.4190376e-05,0.0,0.0,10.0
48,106,0,123.0,19.234768,59.98166,0.0005383834,0.0008238552,6.23563,282.4315,1.1,0.0,35.0,0.033835303,0.01,3000.0,0.1,17.660265,8.265587e-06,0.0,0.0,10.0
17,57,0,78.0,17.463043,49.882187,-0.0011046417,0.0014247324,5.6460485,199.58144,1.1,0.0,35.0,0.033835303,0.01,3000.0,0.1,17.660221,9.215071e-06,0.0,0.0,10.0
68,28,0,70.0,17.708012,39.10897,0.0001424389,-0.00036542892,6.3243504,125.98361,1.1,0.0,35.0,0.033835303,0.01,3000.0,0.1,17.660229,9.101133e-06,0.0,0.0,10.0
116,13,0,68.0,13.621141,132.3678,0.0041723377,-0.0022263078,6.600222,89.3698,1.1,0.0,35.0,0.033835303,0.01,3000.0,0.1,17.660097,1.191161e-05,0.0,0.0,10.0
68,113,0,133.0,11.4434595,45.939224,-0.0009238121,-0.0011876138,6.7800965,177.59404,1.1,0.0,35.0,0.033835303,0.01,3000.0,0.1,17.659986,1.4304314e-05,0.0,0.0,10.0
109,96,0,169.0,15.1413145,242.75479,0.004064447,-0.00042323064,6.4898443,282.4315,1.1,0.0,35.0,0.033835303,0.01,3000.0,0.1,17.660154,1.0696271e-05,0.0,0.0,10.0
80,45,0,39.0,15.167392,219.7763,0.0005056625,-0.0028427802,6.4880404,198.81299,1.1,0.0,35.0,0.033835303,0.01,3000.0,0.1,17.660154,1.0696271e-05,0.0,0.0,10.0
23,95,0,71.0,15.799975,236.13971,0.004841847,-0.0007979865,5.7519736,88.79702,1.1,0.0,35.0,0.033835303,0.01,3000.0,0.1,17.660175,1.0240517e-05,0.0,0.0,10.0
94,26,0,71.0,11.672189,42.613792,0.00029683995,0.0005666335,6.7597585,251.96722,1.1,0.0,35.0,0.033835303,0.01,3000.0,0.1,17.66,1.4038458e-05,0.0,0.0,10.0
96,39,0,33.0,12.530636,135.18419,0.0037560798,-0.0007512161,6.6866364,251.96722,1.1,0.0,35.0,0.033835303,0.01,3000.0,0.1,17.660046,1.30130165e-05,0.0,0.0,10.0
29,1,0,87.0,12.002369,270.0,0.002087894,5.8585534e-05,6.0379066,445.01822,1.1,0.0,35.0,0.033835303,0.01,3000.0,0.1,17.660023,1.3582705e-05,0.0,0.0,10.0
37,112,0,110.0,13.161612,215.04424,0.0036481596,-0.0005883148,7.0412884,198.81299,1.1,0.0,35.0,0.033835303,0.01,3000.0,0.1,17.660074,1.2405345e-05,0.0,0.0,10.0
89,58,0,49.0,11.123057,193.15863,-0.00081953395,0.0002724113,6.8092422,280.98248,1.1,0.0,35.0,0.033835303,0.01,3000.0,0.1,17.659967,1.4798047e-05,0.0,0.0,10.0
105,49,0,75.0,17.664083,246.00327,0.0033110862,-6.187833e-05,5.633852,366.25882,1.1,0.0,35.0,0.033835303,0.01,3000.0,0.1,17.660229,9.101133e-06,0.0,0.0,10.0
96,122,0,56.0,16.029474,210.41814,0.0043507866,0.0006507049,5.7367835,199.58144,1.1,0.0,35.0,0.033835303,0.01,3000.0,0.1,17.660183,1.0088599e-05,0.0,0.0,10.0
32,122,0,142.0,17.714655,205.96861,-0.0016927233,-0.00034151645,6.3239503,88.79702,1.1,0.0,35.0,0.033835303,0.01,3000.0,0.1,17.660229,9.101133e-06,0.0,0.0,10.0
12,44,0,74.0,11.816146,210.53825,-0.0065629566,-0.00024715974,6.7471504,199.58144,1.1,0.0,35.0,0.033835303,0.01,3000.0,0.1,17.660007,1.388654e-05,0.0,0.0,10.0
120,116,0,102.0,14.107964,281.6327,0.00043233603,0.001958195,5.8705497,282.4315,1.1,0.0,35.0,0.033835303,0.01,3000.0,0.1,17.660116,1.1493838e-05,0.0,0.0,10.0
102,80,0,102.0,14.7815275,348.99902,0.0015710965,0.00045459796,5.8218746,251.96722,1.1,0.0,35.0,0.033835303,0.01,3000.0,0.1,17.66014,1.1038083e-05,0.0,0.0,10.0
121,17,0,79.0,11.799997,82.2549,-0.006206161,-0.0012976275,7.4417048,199.58144,1.1,0.0,35.0,0.033835303,0.01,3000.0,0.1,17.660007,1.3848561e-05,0.0,0.0,10.0
118,39,0,66.0,21.599092,244.74329,0.0010099512,-0.0011558932,6.109279,199.58144,1.1,0.0,35.0,0.033835303,0.01,3000.0,0.1,17.660309,7.3161004e-06,0.0,0.0,10.0
11,43,0,93.0,12.696865,181.42294,0.0007848987,0.00015736447,7.0784874,198.81299,1.1,0.0,35.0,0.033835303,0.01,3000.0,0.1,17.660053,1.2899076e-05,0.0,0.0,10.0
119,68,0,107.0,12.789495,303.0735,0.01031043,0.000191644,6.6655083,268.10938,1.1,0.0,35.0,0.033835303,0.01,3000.0,0.1,17.66006,1.2747156e-05,0.0,0.0,10.0
66,119,0,131.0,19.871054,240.09616,0.0005610063,-0.00084796036,6.200414,320.79907,1.1,0.0,35.0,0.033835303,0.01,3000.0,0.1,17.660278,8.037709e-06,0.0,0.0,10.0
37,103,0,191.0,15.350398,73.31159,0.0027892,0.0001641735,5.7823133,399.16287,1.1,0.0,35.0,0.033835303,0.01,3000.0,0.1,17.660164,1.0506372e-05,0.0,0.0,10.0
48,104,0,91.0,14.8251705,53.43955,0.0010012864,-0.0021127271,6.5119386,280.98248,1.1,0.0,35.0,0.033835303,0.01,3000.0,0.1,17.660143,1.0962127e-05,0.0,0.0,10.0
113,1,0,48.0,14.415409,23.0655,-0.0031408437,0.0003065355,5.8480744,368.3426,1.1,0.0,35.0,0.033835303,0.01,3000.0,0.1,17.660126,1.1303941e-05,0.0,0.0,10.0
100,59,0,53.0,11.361281,11.239297,0.004783567,-0.0006781935,6.0943503,125.98361,1.1,0.0,35.0,0.033835303,0.01,3000.0,0.1,17.65998,1.4456232e-05,0.0,0.0,10.0
122,37,0,170.0,11.075226,198.32472,0.0021134936,0.002301457,6.1205144,452.8904,1.1,0.0,35.0,0.033835303,0.01,3000.0,0.1,17.659967,1.4798047e-05,0.0,0.0,10.0
53,106,0,124.0,11.426798,236.13971,0.00067305117,0.00058085064,7.187058,198.81299,1.1,0.0,35.0,0.033835303,0.01,3000.0,0.1,17.659986,1.4342293e-05,0.0,0.0,10.0
108,82,0,58.0,11.310937,37.978394,-0.000580911,-0.00075203454,7.4852037,89.3698,1.1,0.0,35.0,0.033835303,0.01,3000.0,0.1,17.65998,1.4456232e-05,0.0,0.0,10.0
72,28,0,49.0,14.661635,205.32065,0.00030590084,-0.0019311886,6.5235357,88.79702,1.1,0.0,35.0,0.033835303,0.01,3000.0,0.1,17.660133,1.11140425e-05,0.0,0.0,10.0
18,106,0,158.0,13.045781,237.68152,0.006573471,-0.00088431436,7.050444,320.79907,1.1,0.0,35.0,0.033835303,0.01,3000.0,0.1,17.660072,1.2481302e-05,0.0,0.0,10.0
9,123,0,135.0,13.338408,36.151173,0.000119730335,-0.0010458492,5.928845,177.59404,1.1,0.0,35.0,0.033835303,0.01,3000.0,0.1,17.660082,1.2253427e-05,0.0,0.0,10.0
97,119,0,108.0,12.235647,216.39693,0.0038893921,0.0009148254,6.0180707,321.59335,1.1,0.0,35.0,0.033835303,0.01,3000.0,0.1,17.660032,1.3354829e-05,0.0,0.0,10.0
39,110,0,173.0,13.945825,183.87558,0.005758096,0.0013706366,5.882584,357.4792,1.1,0.0,35.0,0.033835303,0.01,3000.0,0.1,17.660107,1.1721713e-05,0.0,0.0,10.0
77,102,0,106.0,12.419704,37.568626,-0.0019244379,-0.000128149,8.199894,266.39105,1.1,0.0,35.0,0.033835303,0.01,3000.0,0.1,17.660042,1.3164932e-05,0.0,0.0,10.0
118,20,0,57.0,17.25676,220.41936,0.00093326264,-0.0018785554,6.351838,88.79702,1.1,0.0,35.0,0.033835303,0.01,3000.0,0.1,17.660215,9.3669905e-06,0.0,0.0,10.0
73,114,0,175.0,14.6048765,244.39337,-0.0010994555,0.0006566961,5.834441,251.96722,1.1,0.0,35.0,0.033835303,0.01,3000.0,0.1,17.660133,1.11140425e-05,0.0,0.0,10.0
2,78,0,79.0,11.333183,243.28732,-0.0038500365,0.00016332761,6.7900395,125.98361,1.1,0.0,35.0,0.033835303,0.01,3000.0,0.1,17.659985,1.4418253e-05,0.0,0.0,10.0
79,37,0,89.0,14.650803,58.873466,0.003227851,0.0010061074,6.524308,251.96722,1.1,0.0,35.0,0.033835303,0.01,3000.0,0.1,17.660137,1.1076065e-05,0.0,0.0,10.0
43,83,0,48.0,15.372502,10.553125,0.00011819863,-0.0010246758,7.167097,251.96722,1.1,0.0,35.0,0.033835303,0.01,3000.0,0.1,17.66016,1.058233e-05,0.0,0.0,10.0
100,100,0,54.0,14.757552,240.55121,-0.0024296516,-0.0018947312,7.2098665,89.3698,1.1,0.0,35.0,0.033835303,0.01,3000.0,0.1,17.66014,1.1000106e-05,0.0,0.0,10.0
98,121,0,73.0,14.907973,193.36554,-0.00062339974,-0.0003054523,5.812963,357.4792,1.1,0.0,35.0,0.033835303,0.01,3000.0,0.1,17.660143,1.0924146e-05,0.0,0.0,10.0
66,97,0,145.0,11.391941,268.39862,0.009109631,0.0018617237,6.0915833,280.98248,1.1,0.0,35.0,0.033835303,0.01,3000.0,0.1,17.659986,1.4342293e-05,0.0,0.0,10.0
84,45,0,78.0,11.520191,111.04768,0.0067612748,0.00013034341,6.0800843,280.98248,1.1,0.0,35.0,0.033835303,0.01,3000.0,0.1,17.659994,1.4190376e-05,0.0,0.0,10.0
121,39,0,109.0,16.331448,182.1885,-0.0011034422,-0.00071906997,7.3265276,266.39105,1.1,0.0,35.0,0.033835303,0.01,3000.0,0.1,17.660189,9.93668e-06,0.0,0.0,10.0
31,78,0,54.0,15.262676,147.78569,-0.0048641977,-0.00078211643,6.4814734,198.81299,1.1,0.0,35.0,0.033835303,0.01,3000.0,0.1,17.660156,1.0658291e-05,0.0,0.0,10.0
89,34,0,43.0,15.93021,216.01782,-0.0012052105,-0.0020763804,6.4364767,88.79702,1.1,0.0,35.0,0.033835303,0.01,3000.0,0.1,17.66018,1.0126579e-05,0.0,0.0,10.0
16,98,0,95.0,11.6631,330.7994,-0.002004456,0.000620445,6.0674124,125.98361,1.1,0.0,35.0,0.033835303,0.01,3000.0,0.1,17.659998,1.4076436e-05,0.0,0.0,10.0
6,90,0,119.0,12.696781,347.08588,-0.0018533367,-0.00045809385,6.6730294,443.9851,1.1,0.0,35.0,0.033835303,0.01,3000.0,0.1,17.660053,1.2899076e-05,0.0,0.0,10.0
73,45,0,61.0,11.937138,219.42986,0.0018865963,-0.00037732007,6.043518,320.79907,1.1,0.0,35.0,0.033835303,0.01,3000.0,0.1,17.660015,1.3734623e-05,0.0,0.0,10.0
49,54,0,42.0,12.59176,50.93536,0.00017015924,0.0001105261,6.681611,178.7396,1.1,0.0,35.0,0.033835303,0.01,3000.0,0.1,17.66005,1.2975035e-05,0.0,0.0,10.0
120,105,0,137.0,16.47516,114.76339,0.005790875,0.00015697643,6.4009776,199.58144,1.1,0.0,35.0,0.033835303,0.01,3000.0,0.1,17.660196,9.746785e-06,0.0,0.0,10.0
17,60,0,58.0,12.153731,199.73782,-0.00073701807,-0.00094354537,6.0249953,88.79702,1.1,0.0,35.0,0.033835303,0.01,3000.0,0.1,17.660027,1.3506746e-05,0.0,0.0,10.0
83,120,0,82.0,17.320368,80.6478,-0.0029370754,-0.0015068904,7.9573636,125.98361,1.1,0.0,35.0,0.033835303,0.01,3000.0,0.1,17.660217,9.291032e-06,0.0,0.0,10.0
117,105,0,165.0,13.918584,178.70639,0.0034002387,0.0014230018,5.8846183,177.59404,1.1,0.0,35.0,0.033835303,0.01,3000.0,0.1,17.660103,1.1759694e-05,0.0,0.0,10.0
108,108,0,106.0,17.33998,255.37581,0.0036061578,0.0013573149,5.653575,198.81299,1.1,0.0,35.0,0.033835303,0.01,3000.0,0.1,17.660217,9.291032e-06,0.0,0.0,10.0
115,60,0,67.0,12.963288,224.81581,6.842572e-05,0.00012876451,7.0570107,198.81299,1.1,0.0,35.0,0.033835303,0.01,3000.0,0.1,17.660065,1.259524e-05,0.0,0.0,10.0
48,53,0,43.0,12.177083,38.480232,0.0017955919,-9.878055e-05,6.716164,282.4315,1.1,0.0,35.0,0.033835303,0.01,3000.0,0.1,17.660028,1.339281e-05,0.0,0.0,10.0
20,108,0,150.0,14.050035,259.63013,-0.0039887303,-0.00070261536,7.261129,368.3426,1.1,0.0,35.0,0.033835303,0.01,3000.0,0.1,17.660112,1.1531817e-05,0.0,0.0,10.0
31,117,0,130.0,14.054286,55.78296,-0.009057897,-0.0005784421,7.9539614,251.96722,1.1,0.0,35.0,0.033835303,0.01,3000.0,0.1,17.660112,1.1531817e-05,0.0,0.0,10.0
19,103,0,199.0,19.01249,333.9986,0.007549801,0.0011344522,5.5550165,452.8904,1.1,0.0,35.0,0.033835303,0.01,3000.0,0.1,17.66026,8.455483e-06,0.0,0.0,10.0
67,113,0,151.0,11.882392,43.73503,0.0013658763,0.0004624588,6.04825,198.81299,1.1,0.0,35.0,0.033835303,0.01,3000.0,0.1,17.660015,1.3734623e-05,0.0,0.0,10.0
97,65,0,60.0,14.945102,198.32472,0.0011271967,-0.0003897666,6.908972,198.81299,1.1,0.0,35.0,0.033835303,0.01,3000.0,0.1,17.660147,1.0848185e-05,0.0,0.0,10.0
76,113,0,157.0,18.365328,33.788578,-0.0015171171,-0.00078046997,6.285379,280.98248,1.1,0.0,35.0,0.033835303,0.01,3000.0,0.1,17.660242,8.759319e-06,0.0,0.0,10.0
90,114,0,103.0,20.873533,233.79721,-0.0015883802,0.0005150075,6.1467905,199.58144,1.1,0.0,35.0,0.033835303,0.01,3000.0,0.1,17.660297,7.581956e-06,0.0,0.0,10.0
55,95,0,115.0,15.333359,27.988659,0.0007724851,0.0010551662,5.7834787,280.98248,0.7,0.0,35.0,0.033835303,0.1,3000.0,0.035,176.6016,1.0620309e-05,0.0,0.0,30.0
112,92,0,154.0,15.399369,39.02687,-0.0032980111,5.1240306e-05,6.472117,125.98361,0.7,0.0,35.0,0.033835303,0.1,3000.0,0.035,176.60164,1.0506371e-05,0.0,0.0,30.0
88,80,0,51.0,12.282254,235.3193,0.0051388154,-0.0009542082,6.7072973,321.59335,1.1,0.0,35.0,0.033835303,0.01,3000.0,0.1,17.660034,1.3316848e-05,0.0,0.0,10.0
122,67,0,98.0,10.8785925,5.0102987,0.0046668365,0.0002824365,6.138874,320.79907,1.1,0.0,35.0,0.033835303,0.01,3000.0,0.1,17.659948,1.513986e-05,0.0,0.0,10.0
76,6,0,59.0,11.885974,244.65666,0.0020954956,0.0018904366,6.04794,198.81299,1.1,0.0,35.0,0.033835303,0.01,3000.0,0.1,17.660015,1.3734623e-05,0.0,0.0,10.0
10,106,0,97.0,6.751225,2.7088637,-0.00034458365,-0.00095289404,8.009717,125.98361,1.1,0.0,35.0,0.033835303,0.01,3000.0,0.1,17.65952,2.4558754e-05,0.0,0.0,10.0
52,26,0,50.0,3.544316,180.0,-0.013139158,-0.0006304909,8.880606,198.81299,1.1,0.0,35.0,0.033835303,0.01,3000.0,0.1,17.658497,4.685267e-05,0.0,0.0,10.0
83,1,0,14.0,3.579984,280.36987,0.0025409537,-0.000874163,7.954276,125.98361,1.1,0.0,35.0,0.033835303,0.01,3000.0,0.1,17.658527,4.613106e-05,0.0,0.0,10.0
10,10,0,29.0,3.8543348,94.79422,-0.005685753,-0.00064909196,7.1870813,268.10938,1.1,0.0,35.0,0.033835303,0.01,3000.0,0.1,17.65868,4.2826858e-05,0.0,0.0,10.0
63,23,0,62.0,13.412981,34.26737,-0.0004038724,-0.001128413,6.616209,88.79702,1.1,0.0,35.0,0.033835303,0.01,3000.0,0.1,17.660084,1.2177466e-05,0.0,0.0,10.0
17,68,0,36.0,5.1579194,183.55348,-0.004535113,-5.981833e-05,8.280845,88.79702,1.1,0.0,35.0,0.033835303,0.01,3000.0,0.1,17.65917,3.2154636e-05,0.0,0.0,10.0
