row,col,label,elevation,slope,aspect,plan_curvature,profile_curvature,twi,dist_to_stream,soil_depth,cohesion,phi,k_factor,c_factor,r_factor,manning_n,rusle_soil_loss,factor_of_safety,avaflow_depth,avaflow_velocity,landcover
2,13,1,1238.0,26.83022,15.394788,0.005502094,0.00056002237,5.167664,475.74316,1.1,0.0,35.0,0.0,0.01,3000.0,0.1,0.0,5.7589455e-06,0.99083316,12.668528,10.0
9,17,1,1120.0,30.17589,45.40028,0.0030364199,-0.00033820843,6.1268888,395.4155,1.1,0.0,35.0,0.0,0.01,3000.0,0.1,0.0,4.9993564e-06,1.0078694,14.562729,10.0
11,12,1,930.0,17.94802,28.92204,-0.0028198343,0.00014989504,9.224233,0.0,1.1,0.0,35.0,0.0,0.01,3000.0,0.1,0.0,8.987194e-06,1.1541507,28.301926,10.0
22,51,1,843.0,14.248837,216.50137,0.0022250856,0.0010993581,5.856681,268.10938,1.1,0.0,35.0,0.0,0.01,3000.0,0.1,0.0,1.1493838e-05,1.7,0.0,10.0
24,52,1,833.0,11.363339,113.26657,0.006700929,0.00094258244,6.090649,89.3698,1.1,0.0,35.0,0.0,0.01,3000.0,0.1,0.0,1.4418253e-05,1.7,0.0,10.0
52,14,1,808.0,12.3908205,310.18433,0.00660571,-8.303674e-05,6.6947036,125.548035,1.1,0.0,35.0,0.0,0.01,3000.0,0.1,0.0,1.3240891e-05,1.7163155,0.019519655,10.0
53,14,1,814.0,11.333297,351.9769,0.004084551,0.0003296563,6.0933666,125.548035,1.1,0.0,35.0,0.0,0.01,3000.0,0.1,0.0,1.4608149e-05,1.7519443,0.02445776,10.0
81,127,1,831.0,12.500559,110.98145,0.0015388845,-0.00090082345,5.9924555,444.71283,1.1,0.0,35.0,0.0,0.01,3000.0,0.1,0.0,1.30130165e-05,0.0,0.0,10.0
101,81,1,467.0,15.582222,215.57733,-0.021649752,-0.00057758996,10.793492,0.0,1.1,0.0,35.0,0.0,0.01,3000.0,0.1,0.0,1.0468393e-05,0.0,0.0,10.0
102,84,1,441.0,18.741154,209.6498,0.00013410074,-0.005857664,7.512881,88.17793,1.1,0.0,35.0,0.0,0.01,3000.0,0.1,0.0,8.6074015e-06,0.0,0.0,10.0
106,88,1,425.0,25.913815,225.5547,-0.0015613717,-0.0015373972,6.999617,125.548035,1.1,0.0,35.0,0.0,0.01,3000.0,0.1,0.0,6.0248008e-06,0.0,0.0,10.0
111,80,1,833.0,5.644906,329.37454,-0.0072787264,-0.0009194057,8.186572,564.4749,0.7,0.0,35.0,0.0,0.1,3000.0,0.035,0.0,2.949608e-05,0.0,0.0,30.0
31,33,0,766.0,1.160446,55.953983,-0.019131562,-0.0008412046,10.3312435,176.35587,1.1,0.0,35.0,0.0,0.01,3000.0,0.1,0.0,0.00014290263,1.7,0.0,10.0
36,43,0,806.0,7.5815353,284.80988,0.0077044363,0.00070039835,6.502698,125.548035,1.1,0.0,35.0,0.0,0.01,3000.0,0.1,0.0,2.1710299e-05,1.7,0.0014775525,10.0
52,42,0,872.0,8.706958,294.03436,0.0003488454,0.0012051613,6.362412,363.85785,1.1,0.0,35.0,0.0,0.01,3000.0,0.1,0.0,1.8899824e-05,1.3356756,0.113946125,10.0
52,147,0,871.0,9.692161,246.5216,-0.008264646,0.00034222478,6.253354,199.30678,1.1,0.0,35.0,0.0,0.01,3000.0,0.1,0.0,1.6962873e-05,0.0,0.0,10.0
15,94,0,801.0,6.4929466,153.74141,0.010008997,0.0010967876,6.659264,363.85785,1.1,0.0,35.0,0.0,0.01,3000.0,0.1,0.0,2.5622176e-05,0.0,0.0,10.0
4,9,0,1150.0,7.139039,354.87448,0.022470256,-8.907471e-05,6.5635023,368.19385,1.1,0.0,35.0,0.0,0.01,3000.0,0.1,0.0,2.3343413e-05,1.4647381,0.5858309,10.0
24,134,0,853.0,8.443417,127.67542,-0.008238994,-0.0008126616,6.3936114,446.84897,1.1,0.0,35.0,0.0,0.01,3000.0,0.1,0.0,1.9507492e-05,0.0,0.0,10.0
24,56,0,818.0,10.545629,285.91028,0.004614054,0.0005978717,6.1671805,251.09607,1.1,0.0,35.0,0.0,0.01,3000.0,0.1,0.0,1.5519656e-05,1.6780537,0.1626717,10.0
111,135,0,159.0,6.770152,98.23849,-0.005933633,-0.0021509524,9.835958,0.0,1.1,0.0,35.0,0.0,0.01,3000.0,0.1,0.0,2.433088e-05,0.0,0.0,10.0
94,32,0,938.0,8.419259,140.01463,-0.006495101,-0.0020200384,8.881425,88.17793,1.1,0.0,35.0,0.0,0.01,3000.0,0.1,0.0,1.965941e-05,0.0,0.0,10.0
58,115,0,878.0,9.853798,161.2102,0.0023634855,0.0007846548,6.2364893,251.09607,1.1,0.0,35.0,0.0,0.01,3000.0,0.1,0.0,1.6848935e-05,0.0,0.0,10.0
120,74,0,875.0,6.3028007,114.24926,0.01483388,0.0011028714,6.689235,199.30678,1.1,0.0,35.0,0.0,0.01,3000.0,0.1,0.0,2.6191872e-05,0.0,0.0,10.0
32,15,0,818.0,1.160446,55.953983,0.07701059,0.0010503792,8.385333,398.61356,0.3,0.0,35.0,0.0,0.05,3000.0,0.015,0.0,0.00014290263,1.6948812,0.0,50.0
75,23,0,944.0,9.052057,224.61539,-0.007566142,-0.0020542417,12.094355,0.0,1.1,0.0,35.0,0.0,0.01,3000.0,0.1,0.0,1.8254173e-05,0.0,0.0,10.0
102,73,0,864.0,10.545629,254.08972,0.0012983115,0.0058226627,6.1671805,320.91125,1.1,0.0,35.0,0.0,0.01,3000.0,0.1,0.0,1.5519656e-05,0.0,0.0,10.0
120,68,0,857.0,3.752577,110.23143,-0.017431512,0.0002457003,7.2104,558.4446,1.1,0.0,35.0,0.0,0.01,3000.0,0.1,0.0,4.40422e-05,0.0,0.0,10.0
71,19,0,1027.0,9.978381,112.75249,-0.0043294723,0.0013523573,6.223671,178.7396,1.1,0.0,35.0,0.0,0.01,3000.0,0.1,0.0,1.646914e-05,0.0,0.0,10.0
63,45,0,894.0,4.4051776,16.887703,0.030230874,0.00159867,7.0495205,279.2223,1.1,0.0,35.0,0.0,0.01,3000.0,0.1,0.0,3.792751e-05,0.0,0.0,10.0
25,82,0,807.0,3.5365367,264.73575,0.02087786,0.0016419376,7.269855,363.85785,0.7,0.0,35.0,0.0,0.1,3000.0,0.035,0.0,4.6662768e-05,0.0,0.0,30.0
121,28,0,1176.0,10.329686,209.41466,0.010874217,-0.00013829663,6.188335,446.84897,1.1,0.0,35.0,0.0,0.01,3000.0,0.1,0.0,1.601339e-05,0.0,0.0,10.0
13,55,0,771.0,7.11786,182.56792,0.00010750656,-0.00035951665,6.566504,449.85626,1.1,0.0,35.0,0.0,0.01,3000.0,0.1,0.0,2.3419372e-05,1.6987425,0.0,10.0
64,114,0,866.0,2.2427351,270.0,-0.0041049975,-0.0005933537,7.726067,444.71283,1.1,0.0,35.0,0.0,0.01,3000.0,0.1,0.0,7.359019e-05,0.0,0.0,10.0
63,143,0,865.0,3.9422073,214.63148,-0.020087045,0.00032791335,7.1609535,443.04425,1.1,0.0,35.0,0.0,0.01,3000.0,0.1,0.0,4.225716e-05,0.0,0.0,10.0
12,48,0,775.0,2.2954621,188.02312,0.01118798,0.00024722496,7.7028046,125.548035,1.1,0.0,35.0,0.0,0.01,3000.0,0.1,0.0,7.286857e-05,1.7511263,0.0,10.0
31,104,0,789.0,11.229541,358.38522,0.0041620033,-0.00028567386,6.102806,251.09607,1.1,0.0,35.0,0.0,0.01,3000.0,0.1,0.0,1.4760067e-05,0.0,0.0,10.0
53,3,0,885.0,10.360738,187.03096,-0.0061264215,0.00036001572,7.794705,279.2223,1.1,0.0,35.0,0.0,0.01,3000.0,0.1,0.0,1.601339e-05,1.6531992,0.14582145,10.0
30,97,0,804.0,8.91439,25.342169,0.00058783166,0.0011218105,6.3384924,197.70775,1.1,0.0,35.0,0.0,0.01,3000.0,0.1,0.0,1.8633971e-05,0.0,0.0,10.0
15,87,0,795.0,6.6999106,214.856,-0.0041751694,0.0011575974,6.6276073,455.4661,1.1,0.0,35.0,0.0,0.01,3000.0,0.1,0.0,2.4786634e-05,0.0,0.0,10.0
51,147,0,862.0,9.169322,216.10228,-0.0077655665,-0.00042045396,7.0029697,125.548035,1.1,0.0,35.0,0.0,0.01,3000.0,0.1,0.0,1.8064276e-05,0.0,0.0,10.0
91,58,0,814.0,5.370432,32.38629,0.0074090585,-0.0028074877,7.5435786,268.10938,1.1,0.0,35.0,0.0,0.01,3000.0,0.1,0.0,3.0977277e-05,0.0,0.0,10.0
1,47,0,766.0,0.91273576,44.61538,-0.008959906,9.6074065e-05,8.625499,475.74316,1.1,0.0,35.0,0.0,0.01,3000.0,0.1,0.0,0.00018217335,1.590239,0.0,10.0
81,40,0,855.0,8.374964,81.13748,0.0013789614,-0.00052587455,6.40187,178.7396,1.1,0.0,35.0,0.0,0.01,3000.0,0.1,0.0,1.962143e-05,0.0,0.0,10.0
35,123,0,837.0,7.1138067,306.20355,-0.0022335788,0.0008014446,6.5670795,125.548035,1.1,0.0,35.0,0.0,0.01,3000.0,0.1,0.0,2.3191496e-05,0.0,0.0,10.0
2,74,0,773.0,5.776688,153.74141,0.0050390605,0.00049195025,6.777047,251.09607,1.1,0.0,35.0,0.0,0.01,3000.0,0.1,0.0,2.8850429e-05,0.0,0.0,10.0
29,34,0,784.0,7.9736743,39.722332,0.0045178435,-0.0007157817,7.1447906,319.25848,1.1,0.0,35.0,0.0,0.01,3000.0,0.1,0.0,2.0760812e-05,1.7016983,0.0039334493,10.0
42,63,0,834.0,7.277264,285.45154,-0.0044230884,-0.00012997407,7.237269,455.4661,1.1,0.0,35.0,0.0,0.01,3000.0,0.1,0.0,2.2621804e-05,0.0,0.0,10.0
84,64,0,805.0,4.954898,11.162912,0.012718983,-0.00025467458,6.9314003,199.30678,1.1,0.0,35.0,0.0,0.01,3000.0,0.1,0.0,3.367382e-05,0.0,0.0,10.0
49,122,0,820.0,9.853798,341.2102,0.0016834579,-0.0014530793,6.2364893,125.548035,1.1,0.0,35.0,0.0,0.01,3000.0,0.1,0.0,1.6848935e-05,0.0,0.0,10.0
52,44,0,865.0,8.440051,173.50507,0.004601536,0.0003799108,6.394016,197.70775,1.1,0.0,35.0,0.0,0.01,3000.0,0.1,0.0,1.973537e-05,1.3532509,0.024292476,10.0
33,13,0,800.0,5.4234242,342.86377,0.0091732005,-0.00018657124,6.8405538,268.10938,1.1,0.0,35.0,0.0,0.01,3000.0,0.1,0.0,3.07494e-05,1.6481125,0.017146936,10.0
108,21,0,1252.0,10.152608,341.7946,0.012092769,0.0007981366,6.2060003,368.19385,1.1,0.0,35.0,0.0,0.01,3000.0,0.1,0.0,1.6279242e-05,0.0,0.0,10.0
27,107,0,810.0,5.224586,21.537437,0.0035778491,0.001264378,6.8781214,357.4792,1.1,0.0,35.0,0.0,0.01,3000.0,0.1,0.0,3.188878e-05,0.0,0.0,10.0
79,56,0,848.0,7.9705896,106.46814,0.006527913,0.0014172307,6.4520354,444.71283,1.1,0.0,35.0,0.0,0.01,3000.0,0.1,0.0,2.0608899e-05,0.0,0.0,10.0
45,60,0,845.0,6.184404,141.71486,-0.0038727624,-0.00025782172,6.7083497,475.74316,1.1,0.0,35.0,0.0,0.01,3000.0,0.1,0.0,2.6799542e-05,1.6874568,0.0,10.0
52,1,0,890.0,9.550645,320.81757,-3.486484e-05,0.00046977494,6.268343,440.88968,1.1,0.0,35.0,0.0,0.01,3000.0,0.1,0.0,1.7304688e-05,1.5566738,0.0032579456,10.0
54,131,0,874.0,9.960643,116.873985,0.008048479,0.0009266907,6.2254868,199.30678,1.1,0.0,35.0,0.0,0.01,3000.0,0.1,0.0,1.650712e-05,0.0,0.0,10.0
17,99,0,784.0,5.4602876,135.38461,0.014435404,0.00028874358,6.833739,197.70775,1.1,0.0,35.0,0.0,0.01,3000.0,0.1,0.0,3.0407587e-05,0.0,0.0,10.0
103,50,0,923.0,9.237872,86.001656,-0.0033811152,-0.00011802627,6.995392,444.71283,0.7,0.0,35.0,0.0,0.1,3000.0,0.035,0.0,1.7722461e-05,0.0,0.0,30.0
42,101,0,825.0,6.0411463,344.67313,0.010422437,0.0026278012,6.731965,197.70775,1.1,0.0,35.0,0.0,0.01,3000.0,0.1,0.0,2.7597107e-05,0.0,0.0,10.0
46,145,0,887.0,8.138072,115.86063,0.0033181866,0.0012229847,6.4309645,251.09607,1.1,0.0,35.0,0.0,0.01,3000.0,0.1,0.0,2.0229101e-05,0.0,0.0,10.0
64,123,0,882.0,4.212201,32.12376,0.02554254,0.0007874571,7.094485,320.91125,1.1,0.0,35.0,0.0,0.01,3000.0,0.1,0.0,3.9560622e-05,0.0,0.0,10.0
46,77,0,835.0,5.644906,149.37454,0.0024012306,-0.0021766974,9.102863,475.74316,0.3,0.0,35.0,0.0,0.05,3000.0,0.015,0.0,2.9496076e-05,0.0,0.0,50.0
28,79,0,768.0,5.2871823,217.19748,-0.0002209619,-0.0010540697,7.559292,320.91125,1.1,0.0,35.0,0.0,0.01,3000.0,0.1,0.0,3.1433032e-05,0.0,0.0,10.0
9,62,0,761.0,1.9498209,260.41214,0.0005356467,-0.00064738956,10.910673,446.84897,1.1,0.0,35.0,0.0,0.01,3000.0,0.1,0.0,8.471815e-05,1.2108902,0.0,10.0
7,47,0,761.0,1.1664519,213.33595,-0.027898556,-0.00021689702,12.599677,0.0,1.1,0.0,35.0,0.0,0.01,3000.0,0.1,0.0,0.00014290263,1.6423588,0.25556695,10.0
76,131,0,854.0,8.468422,110.045296,0.003271919,-0.00016438255,6.3906107,199.30678,1.1,0.0,35.0,0.0,0.01,3000.0,0.1,0.0,1.9431536e-05,0.0,0.0,10.0
44,143,0,851.0,5.1937976,3.5287604,-0.010350425,-0.0022881967,10.521651,0.0,1.1,0.0,35.0,0.0,0.01,3000.0,0.1,0.0,3.2154636e-05,0.0,0.0,10.0
46,31,0,798.0,1.3382568,346.14368,-0.04128505,-0.0014049571,10.322166,446.84897,1.1,0.0,35.0,0.0,0.01,3000.0,0.1,0.0,0.00012497634,1.6139044,0.11473274,10.0
40,96,0,803.0,10.7137785,188.50244,-0.0095819365,0.00020219902,7.942752,279.2223,1.1,0.0,35.0,0.0,0.01,3000.0,0.1,0.0,1.5481677e-05,0.0,0.0,10.0
109,53,0,892.0,8.063228,208.28827,0.0066335844,0.000895253,6.440328,125.548035,1.1,0.0,35.0,0.0,0.01,3000.0,0.1,0.0,2.0608899e-05,0.0,0.0,10.0
16,107,0,764.0,1.1664519,33.33595,-0.07904591,0.00061001646,9.073317,449.85626,0.7,0.0,35.0,0.0,0.1,3000.0,0.035,0.0,0.0001429026,0.0,0.0,30.0
2,92,0,779.0,5.0221667,310.18433,0.010701058,0.00048720246,6.917847,713.2906,1.1,0.0,35.0,0.0,0.01,3000.0,0.1,0.0,3.3028165e-05,0.0,0.0,10.0
30,29,0,764.0,0.72450405,26.258589,-0.0044791643,-0.00013198436,11.159074,176.35587,1.1,0.0,35.0,0.0,0.01,3000.0,0.1,0.0,0.00023040721,1.7085075,0.00310719,10.0
56,133,0,889.0,6.8415747,340.94855,0.007820199,0.0025017548,6.6064878,264.5338,1.1,0.0,35.0,0.0,0.01,3000.0,0.1,0.0,2.433088e-05,0.0,0.0,10.0
58,127,0,891.0,1.634925,281.4588,0.06808133,0.00088919274,8.042406,319.25848,1.1,0.0,35.0,0.0,0.01,3000.0,0.1,0.0,0.000101087295,0.0,0.0,10.0
34,68,0,820.0,10.890629,346.5481,0.008141253,-5.892267e-05,6.134226,320.91125,1.1,0.0,35.0,0.0,0.01,3000.0,0.1,0.0,1.517784e-05,0.0,0.0,10.0
43,52,0,862.0,9.261959,63.126003,0.004863265,0.0013166026,6.299595,319.25848,0.7,0.0,35.0,0.0,0.1,3000.0,0.035,0.0,1.7722461e-05,1.6118836,0.0,30.0
55,143,0,881.0,10.150209,270.0,0.008800088,0.0008657728,6.2062416,444.71283,1.1,0.0,35.0,0.0,0.01,3000.0,0.1,0.0,1.6127327e-05,0.0,0.0,10.0
116,36,0,1009.0,8.152703,198.20543,0.010362101,0.00024401625,6.4291434,125.548035,1.1,0.0,35.0,0.0,0.01,3000.0,0.1,0.0,2.0418996e-05,0.0,0.0,10.0
100,38,0,1025.0,3.5691361,180.0,0.08832189,0.00038359407,7.260656,251.09607,1.1,0.0,35.0,0.0,0.01,3000.0,0.1,0.0,4.685267e-05,0.0,0.0,10.0
30,88,0,804.0,6.813793,315.3846,0.0010619145,-6.126249e-05,7.3037424,282.23746,1.1,0.0,35.0,0.0,0.01,3000.0,0.1,0.0,2.433088e-05,0.0,0.0,10.0
18,114,0,764.0,5.82779,0.0,-0.0018400393,-0.0022476423,8.154474,89.3698,1.1,0.0,35.0,0.0,0.01,3000.0,0.1,0.0,2.8622553e-05,0.0,0.0,10.0
78,46,0,838.0,10.152608,341.7946,0.00077113305,-0.0008039203,6.8991475,125.548035,1.1,0.0,35.0,0.0,0.01,3000.0,0.1,0.0,1.6279242e-05,0.0,0.0,10.0
56,100,0,866.0,10.265579,292.06796,0.0015735169,0.00037645048,6.1946964,268.10938,1.1,0.0,35.0,0.0,0.01,3000.0,0.1,0.0,1.5937429e-05,0.0,0.0,10.0
19,41,0,929.0,8.020121,83.06563,0.0028772824,0.00038022277,6.4457593,443.04425,1.1,0.0,35.0,0.0,0.01,3000.0,0.1,0.0,2.0494957e-05,1.2865524,0.21345025,10.0
11,116,0,814.0,4.271739,76.835815,0.01571916,-0.00042086645,7.080398,282.23746,1.1,0.0,35.0,0.0,0.01,3000.0,0.1,0.0,3.8649116e-05,0.0,0.0,10.0
65,111,0,857.0,7.2071714,153.74141,-0.0067187473,-0.00015757879,7.940198,376.6441,1.1,0.0,35.0,0.0,0.01,3000.0,0.1,0.0,2.3077557e-05,0.0,0.0,10.0
16,1,0,759.0,4.053467,71.33303,0.0052489005,-0.0004909073,7.1330314,125.548035,1.1,0.0,35.0,0.0,0.01,3000.0,0.1,0.0,4.077597e-05,2.1722457,0.0,10.0
63,121,0,861.0,7.7755175,184.70041,-0.0024081604,-0.0017080073,8.4230385,357.4792,1.1,0.0,35.0,0.0,0.01,3000.0,0.1,0.0,2.1444439e-05,0.0,0.0,10.0
33,9,0,793.0,2.8825557,90.0,0.010855438,0.0006236472,7.474753,443.04425,1.1,0.0,35.0,0.0,0.01,3000.0,0.1,0.0,5.7221052e-05,1.6546917,0.04767099,10.0
20,86,0,765.0,1.4487765,153.74141,-0.05673608,0.00022483041,11.597329,0.0,0.7,0.0,35.0,0.0,0.1,3000.0,0.035,0.0,0.000115215626,0.0,0.0,30.0
47,55,0,835.0,2.361511,15.743351,-0.0016214992,-0.00095192675,11.041702,0.0,1.1,0.0,35.0,0.0,0.01,3000.0,0.1,0.0,7.0817674e-05,1.6824095,0.06177487,10.0
19,110,0,815.0,3.791277,199.73732,0.027709415,0.0011914885,7.2001104,319.25848,1.1,0.0,35.0,0.0,0.01,3000.0,0.1,0.0,4.40422e-05,0.0,0.0,10.0
4,94,0,782.0,5.592639,246.08685,-0.0028351417,0.0011701827,6.80964,475.74316,1.1,0.0,35.0,0.0,0.01,3000.0,0.1,0.0,2.9534056e-05,0.0,0.0,10.0
77,96,0,868.0,9.853798,198.7898,-0.004203267,2.7443413e-05,7.6227837,567.6047,1.1,0.0,35.0,0.0,0.01,3000.0,0.1,0.0,1.6848935e-05,0.0,0.0,10.0
40,79,0,871.0,3.8926468,0.0,0.030360652,0.0010856502,7.1736445,352.71173,1.1,0.0,35.0,0.0,0.01,3000.0,0.1,0.0,4.2978772e-05,0.0,0.0,10.0
74,73,0,905.0,1.3689591,315.3846,0.089599065,0.0015176168,8.220034,264.5338,1.1,0.0,35.0,0.0,0.01,3000.0,0.1,0.0,0.00012140628,0.0,0.0,10.0
9,93,0,783.0,3.905742,355.2996,0.0027038439,0.0004510395,7.1702757,567.6047,1.1,0.0,35.0,0.0,0.01,3000.0,0.1,0.0,4.2826858e-05,0.0,0.0,10.0
60,69,0,863.0,9.859912,273.74115,-0.001856036,-0.00068503025,6.235857,320.91125,1.1,0.0,35.0,0.0,0.01,3000.0,0.1,0.0,1.662106e-05,0.0,0.0,10.0
62,90,0,898.0,5.609583,58.695793,0.008345248,-0.00047359834,6.8065953,368.19385,1.1,0.0,35.0,0.0,0.01,3000.0,0.1,0.0,2.9496081e-05,0.0,0.0,10.0
10,117,0,825.0,8.729122,144.33777,0.0077716312,0.0009849168,6.3598304,357.4792,1.1,0.0,35.0,0.0,0.01,3000.0,0.1,0.0,1.8975785e-05,0.0,0.0,10.0
56,73,0,875.0,7.039285,313.53638,0.01027551,0.00018633585,6.5777183,319.25848,1.1,0.0,35.0,0.0,0.01,3000.0,0.1,0.0,2.349533e-05,0.0,0.0,10.0
15,96,0,771.0,6.3633976,135.38461,-0.0031288564,-0.0015353236,8.289026,197.70775,1.1,0.0,35.0,0.0,0.01,3000.0,0.1,0.0,2.6039957e-05,0.0,0.0,10.0
60,55,0,842.0,8.907862,347.63312,-0.0044695633,-0.0005449246,7.948675,251.09607,1.1,0.0,35.0,0.0,0.01,3000.0,0.1,0.0,1.8671944e-05,1.7,0.0,10.0
31,50,0,867.0,1.634925,281.4588,0.038347144,0.0005503436,8.042406,543.4206,1.1,0.0,35.0,0.0,0.01,3000.0,0.1,0.0,0.000101087295,1.7001342,0.049981497,10.0
42,14,0,840.0,3.746369,238.69582,0.057613768,0.001110523,7.2120605,251.09607,1.1,0.0,35.0,0.0,0.01,3000.0,0.1,0.0,4.4156135e-05,1.7002118,0.006668449,10.0
64,53,0,833.0,7.361003,344.93903,-0.0018336265,-0.0019033772,7.9188495,178.7396,1.1,0.0,35.0,0.0,0.01,3000.0,0.1,0.0,2.2621804e-05,0.0,0.0,10.0
70,89,0,880.0,9.9920025,219.42772,-0.003977968,-0.0018873662,6.9154263,88.17793,1.1,0.0,35.0,0.0,0.01,3000.0,0.1,0.0,1.6545102e-05,0.0,0.0,10.0
47,51,0,830.0,7.1934276,302.62396,-0.008922222,-0.0004114114,7.654445,251.09607,1.1,0.0,35.0,0.0,0.01,3000.0,0.1,0.0,2.296362e-05,1.6562438,0.005759926,10.0
74,95,0,873.0,6.139049,133.26265,-0.006617645,-0.0008755128,6.7157674,368.19385,1.1,0.0,35.0,0.0,0.01,3000.0,0.1,0.0,2.6989434e-05,0.0,0.0,10.0
2,51,0,758.0,3.2178226,127.23982,0.004213688,-0.0006147033,8.057664,125.548035,1.1,0.0,35.0,0.0,0.01,3000.0,0.1,0.0,5.156212e-05,1.6148034,0.0031158996,10.0
86,61,0,823.0,9.735801,187.49452,0.0045398,0.0009860789,6.2487745,176.35587,1.1,0.0,35.0,0.0,0.01,3000.0,0.1,0.0,1.707681e-05,0.0,0.0,10.0
44,117,0,832.0,1.610181,232.76018,-0.00765713,0.0001146093,8.057664,197.70775,1.1,0.0,35.0,0.0,0.01,3000.0,0.1,0.0,0.00010306223,0.0,0.0,10.0
19,82,0,772.0,6.076311,266.94656,0.00068246806,5.418663e-05,8.1124115,178.7396,1.1,0.0,35.0,0.0,0.01,3000.0,0.1,0.0,2.7103377e-05,0.0,0.0,10.0
52,109,0,841.0,9.426842,325.0508,0.012558015,-0.0024313712,6.9747796,199.30678,1.1,0.0,35.0,0.0,0.01,3000.0,0.1,0.0,1.757054e-05,0.0,0.0,10.0
55,147,0,887.0,2.0625298,129.0356,0.024865007,0.00042282205,7.809909,455.4661,0.3,0.0,35.0,0.0,0.05,3000.0,0.015,0.0,8.0464444e-05,0.0,0.0,50.0
79,121,0,821.0,7.707963,277.22034,-0.0034596077,-0.0012049333,6.485962,282.23746,1.1,0.0,35.0,0.0,0.01,3000.0,0.1,0.0,2.1330507e-05,0.0,0.0,10.0
31,25,0,765.0,4.1682196,292.8943,0.0029615369,-0.00058591657,7.105019,176.35587,1.4,0.0,35.0,0.0,0.3,3000.0,0.04,0.0,3.967456e-05,1.700407,0.0,40.0
70,128,0,866.0,6.3845325,270.0,-0.008333145,-0.0014439452,8.285683,502.19214,1.1,0.0,35.0,0.0,0.01,3000.0,0.1,0.0,2.5812078e-05,0.0,0.0,10.0
121,95,0,868.0,9.781377,9.338367,-0.0032803405,-0.001262049,7.3426247,398.61356,1.1,0.0,35.0,0.0,0.01,3000.0,0.1,0.0,1.6962873e-05,0.0,0.0,10.0
68,125,0,896.0,5.651567,13.07004,0.013923111,0.0014045389,6.799091,363.85785,1.1,0.0,35.0,0.0,0.01,3000.0,0.1,0.0,2.9534056e-05,0.0,0.0,10.0
44,38,0,859.0,2.280827,44.615383,0.024689518,0.00029608954,7.7092075,567.6047,1.1,0.0,35.0,0.0,0.01,3000.0,0.1,0.0,7.286857e-05,1.5747854,0.21456416,10.0
14,57,0,766.0,1.0149546,288.66696,-0.0027149485,1.5938042e-05,8.519325,368.19385,0.7,0.0,35.0,0.0,0.1,3000.0,0.035,0.0,0.00016295575,1.6460675,0.0,30.0
93,62,0,842.0,3.746369,301.3042,0.00886145,0.00092138216,7.2120605,319.25848,1.1,0.0,35.0,0.0,0.01,3000.0,0.1,0.0,4.4156135e-05,0.0,0.0,10.0
43,76,0,854.0,7.6543016,272.41815,0.0057826554,0.00084870355,6.4930325,282.23746,1.1,0.0,35.0,0.0,0.01,3000.0,0.1,0.0,2.1482425e-05,0.0,0.0,10.0
10,142,0,859.0,5.5152802,356.67834,-0.0014231127,-0.0016651456,7.5168037,446.84897,1.1,0.0,35.0,0.0,0.01,3000.0,0.1,0.0,3.0293644e-05,0.0,0.0,10.0
8,136,0,856.0,1.974722,9.338367,-0.007366034,-0.00089171727,8.5465975,376.6441,1.1,0.0,35.0,0.0,0.01,3000.0,0.1,0.0,8.471815e-05,0.0,0.0,10.0
28,58,0,838.0,10.107032,298.5,0.0008305223,0.0008193406,6.2105947,398.61356,1.1,0.0,35.0,0.0,0.01,3000.0,0.1,0.0,1.6241263e-05,1.6097941,0.0,10.0
72,94,0,878.0,6.708653,272.76312,0.0017482084,0.00044914774,6.6262913,178.7396,1.1,0.0,35.0,0.0,0.01,3000.0,0.1,0.0,2.4558754e-05,0.0,0.0,10.0
43,110,0,873.0,7.368926,72.12639,0.017738191,0.0011798649,6.531467,395.4155,1.1,0.0,35.0,0.0,0.01,3000.0,0.1,0.0,2.2355947e-05,0.0,0.0,10.0
78,36,0,879.0,11.11991,94.96498,-0.00062305894,-0.0012765537,9.003242,88.17793,1.1,0.0,35.0,0.0,0.01,3000.0,0.1,0.0,1.46841085e-05,0.0,0.0,10.0
70,79,0,865.0,9.307757,220.43494,-0.0050198603,-0.000545178,7.393187,88.17793,1.1,0.0,35.0,0.0,0.01,3000.0,0.1,0.0,1.7722463e-05,0.0,0.0,10.0
27,58,0,815.0,9.885597,275.6018,-0.00069237186,-0.0013001831,8.024962,320.91125,1.1,0.0,35.0,0.0,0.01,3000.0,0.1,0.0,1.658308e-05,1.6247691,0.0,10.0
77,29,0,921.0,10.850909,237.82686,0.003124563,-0.0015747234,7.2365813,125.548035,1.1,0.0,35.0,0.0,0.01,3000.0,0.1,0.0,1.513986e-05,0.0,0.0,10.0
27,86,0,799.0,11.309615,220.04677,0.005094929,0.0003538832,6.095514,88.17793,1.1,0.0,35.0,0.0,0.01,3000.0,0.1,0.0,1.45701715e-05,0.0,0.0,10.0
112,71,0,895.0,8.221907,11.162912,0.005271081,0.0009874022,6.4205747,480.39087,1.1,0.0,35.0,0.0,0.01,3000.0,0.1,0.0,2.0229101e-05,0.0,0.0,10.0
75,78,0,874.0,3.2022066,90.0,-0.009195195,-0.0012773396,9.161152,251.09607,1.1,0.0,35.0,0.0,0.01,3000.0,0.1,0.0,5.156212e-05,0.0,0.0,10.0
27,121,0,804.0,7.673015,32.67333,0.002092751,-0.0023143343,7.1837087,197.70775,1.1,0.0,35.0,0.0,0.01,3000.0,0.1,0.0,2.1634341e-05,0.0,0.0,10.0
44,64,0,829.0,9.836773,168.83708,-0.0005490708,-0.000369452,7.6245475,625.58856,1.1,0.0,35.0,0.0,0.01,3000.0,0.1,0.0,1.6886916e-05,0.0,0.0,10.0
68,81,0,882.0,2.7691426,159.69557,0.035744857,0.000608222,7.5149574,178.7396,1.1,0.0,35.0,0.0,0.01,3000.0,0.1,0.0,6.0335366e-05,0.0,0.0,10.0
47,101,0,794.0,7.1499505,296.874,-0.019374618,0.00022358092,8.171397,199.30678,1.1,0.0,35.0,0.0,0.01,3000.0,0.1,0.0,2.3077557e-05,0.0,0.0,10.0
94,93,0,917.0,6.2227345,188.85487,0.014123627,0.00041037338,6.702122,672.95966,1.1,0.0,35.0,0.0,0.01,3000.0,0.1,0.0,2.6799542e-05,0.0,0.0,10.0
36,44,0,799.0,7.39555,262.4693,-0.002606259,4.6039877e-05,7.626433,89.3698,1.1,0.0,35.0,0.0,0.01,3000.0,0.1,0.0,2.2242011e-05,1.7,0.15012534,10.0
111,69,0,861.0,2.334774,286.14975,-0.03453824,-0.000542408,9.295243,502.19214,1.1,0.0,35.0,0.0,0.01,3000.0,0.1,0.0,7.0817674e-05,0.0,0.0,10.0
34,9,0,785.0,5.831501,99.58785,0.0034689517,6.271362e-05,6.7675385,376.6441,1.1,0.0,35.0,0.0,0.01,3000.0,0.1,0.0,2.8242763e-05,1.6453549,0.0,10.0
13,60,0,762.0,0.9615732,270.0,-0.011493991,-0.00021901456,11.058271,197.70775,1.1,0.0,35.0,0.0,0.01,3000.0,0.1,0.0,0.00017176698,1.3115292,0.074442536,10.0
34,48,0,829.0,9.956,317.98535,0.0022088832,-0.0014213357,6.91911,363.85785,1.1,0.0,35.0,0.0,0.01,3000.0,0.1,0.0,1.658308e-05,1.7059064,0.14394012,10.0
9,140,0,883.0,5.2359476,132.89383,0.0014202236,0.0013587741,6.875937,564.4749,1.1,0.0,35.0,0.0,0.01,3000.0,0.1,0.0,3.1698884e-05,0.0,0.0,10.0
111,52,0,885.0,5.651567,193.07005,-0.003014753,-0.00029543767,7.492238,279.2223,1.1,0.0,35.0,0.0,0.01,3000.0,0.1,0.0,2.9534056e-05,0.0,0.0,10.0
36,0,0,773.0,6.662311,346.14368,0.00533627,0.0001710377,8.830511,320.91125,1.0,0.0,35.0,0.0,0.1,3000.0,0.035,0.0,2.4976525e-05,1.6998974,0.0,0.0
58,119,0,829.0,2.2730176,180.0,-0.051258244,-0.0005773872,11.604462,0.0,1.1,0.0,35.0,0.0,0.01,3000.0,0.1,0.0,7.359019e-05,0.0,0.0,10.0
60,142,0,870.0,6.184404,321.71487,-0.0024347138,-0.001358572,6.7083497,536.5627,0.3,0.0,35.0,0.0,0.05,3000.0,0.015,0.0,2.6799535e-05,0.0,0.0,50.0
66,122,0,846.0,6.2032833,77.95531,-0.007851596,-0.00065276935,8.091572,125.548035,1.1,0.0,35.0,0.0,0.01,3000.0,0.1,0.0,2.6571664e-05,0.0,0.0,10.0
30,133,0,846.0,10.463987,284.21832,0.00068503106,0.0004887649,6.1751294,125.548035,1.1,0.0,35.0,0.0,0.01,3000.0,0.1,0.0,1.5671572e-05,0.0,0.0,10.0
25,58,0,823.0,9.155467,161.79457,0.006484529,0.0007259321,6.311361,197.70775,1.1,0.0,35.0,0.0,0.01,3000.0,0.1,0.0,1.8102255e-05,1.6214311,0.0022812781,10.0
37,92,0,825.0,5.542813,186.62117,-0.00031495487,0.0013283213,6.8186455,264.5338,1.1,0.0,35.0,0.0,0.01,3000.0,0.1,0.0,3.014173e-05,0.0,0.0,10.0
18,63,0,782.0,6.6701274,234.41919,-0.0011270288,-0.0004967732,7.3252506,125.548035,1.1,0.0,35.0,0.0,0.01,3000.0,0.1,0.0,2.4786634e-05,0.014168536,0.0,10.0
43,82,0,867.0,5.7866955,276.42517,0.004250809,0.0011595846,6.775305,376.6441,1.1,0.0,35.0,0.0,0.01,3000.0,0.1,0.0,2.8470633e-05,0.0,0.0,10.0
47,126,0,830.0,10.481589,336.85068,-0.0077480203,-0.0014886386,7.7828484,443.04425,1.1,0.0,35.0,0.0,0.01,3000.0,0.1,0.0,1.5785512e-05,0.0,0.0,10.0
68,53,0,859.0,4.459616,300.59235,0.011283638,0.0008676625,7.037189,197.70775,1.1,0.0,35.0,0.0,0.01,3000.0,0.1,0.0,3.7129943e-05,0.0,0.0,10.0
48,8,0,786.0,8.560485,243.126,-0.00033990576,-0.0007423957,7.989075,125.548035,1.1,0.0,35.0,0.0,0.01,3000.0,0.1,0.0,1.9203659e-05,1.7,8.812622e-05,10.0
16,143,0,845.0,4.590747,64.93089,-0.008143562,-0.0017295291,10.591607,0.0,1.1,0.0,35.0,0.0,0.01,3000.0,0.1,0.0,3.6028534e-05,0.0,0.0,10.0
106,103,0,300.0,8.841027,115.942345,-0.0056474386,-0.003205094,11.446756,0.0,1.1,0.0,35.0,0.0,0.01,3000.0,0.1,0.0,1.8633971e-05,0.0,0.0,10.0
48,55,0,836.0,0.91273576,224.61539,0.03285299,-0.0016362024,9.3186455,89.3698,1.1,0.0,35.0,0.0,0.01,3000.0,0.1,0.0,0.00018217335,1.6928008,0.049847372,10.0
93,96,0,906.0,3.1894705,336.32172,0.014273108,0.00029623965,7.3733854,502.19214,1.1,0.0,35.0,0.0,0.01,3000.0,0.1,0.0,5.235969e-05,0.0,0.0,10.0
17,128,0,794.0,3.580799,259.55893,-0.016916113,-0.0010898887,10.029974,89.3698,1.1,0.0,35.0,0.0,0.01,3000.0,0.1,0.0,4.613106e-05,0.0,0.0,10.0
70,106,0,858.0,9.513123,221.89107,0.0013259248,-0.0005442721,6.9655004,251.09607,1.1,0.0,35.0,0.0,0.01,3000.0,0.1,0.0,1.7342667e-05,0.0,0.0,10.0
44,132,0,810.0,7.9096856,11.615637,-0.010193347,-0.000909397,9.925541,0.0,1.1,0.0,35.0,0.0,0.01,3000.0,0.1,0.0,2.1064649e-05,0.0,0.0,10.0
68,65,0,887.0,10.432329,140.34814,0.0074146315,0.00090573716,6.1782274,197.70775,0.7,0.0,35.0,0.0,0.1,3000.0,0.035,0.0,1.5823487e-05,0.0,0.0,30.0
71,56,0,854.0,6.373437,48.70454,-0.001263787,-0.00023180114,6.6779985,320.91125,1.1,0.0,35.0,0.0,0.01,3000.0,0.1,0.0,2.6001971e-05,0.0,0.0,10.0
76,88,0,876.0,6.1573615,2.9726806,-0.005745545,-0.0007029404,8.658676,125.548035,0.3,0.0,35.0,0.0,0.05,3000.0,0.015,0.0,2.7103371e-05,0.0,0.0,50.0
10,62,0,768.0,5.034278,219.42772,0.001107118,0.00025067496,6.9154263,357.4792,1.4,0.0,35.0,0.0,0.3,3000.0,0.04,0.0,3.302817e-05,1.214993,0.0,40.0
12,30,0,1095.0,9.99344,59.01087,0.019739635,0.0014852935,6.222132,449.85626,1.1,0.0,35.0,0.0,0.01,3000.0,0.1,0.0,1.646914e-05,1.0010412,3.2450266,10.0
2,94,0,763.0,3.267192,258.54123,-0.003549059,-0.0004946783,8.958696,567.6047,1.1,0.0,35.0,0.0,0.01,3000.0,0.1,0.0,5.053667e-05,0.0,0.0,10.0
33,106,0,778.0,2.9696882,49.018223,-0.026448084,-0.0002622055,9.747506,251.09607,1.1,0.0,35.0,0.0,0.01,3000.0,0.1,0.0,5.592975e-05,0.0,0.0,10.0
18,81,0,765.0,5.5844865,256.58694,0.0027744456,-0.00029073315,6.811108,125.548035,0.7,0.0,35.0,0.0,0.1,3000.0,0.035,0.0,2.9534058e-05,0.0,0.0,30.0
32,72,0,780.0,7.5496416,340.2627,-0.005976269,-0.00072527205,9.874259,0.0,1.1,0.0,35.0,0.0,0.01,3000.0,0.1,0.0,2.2052114e-05,0.0,0.0,10.0
80,136,0,849.0,9.385814,174.17207,0.0064252894,0.00027590175,6.286073,446.84897,1.1,0.0,35.0,0.0,0.01,3000.0,0.1,0.0,1.7722463e-05,0.0,0.0,10.0
41,4,0,780.0,4.7617216,250.10126,-0.007986909,9.493496e-05,10.684931,0.0,1.1,0.0,35.0,0.0,0.01,3000.0,0.1,0.0,3.4699257e-05,1.7,0.0,10.0
40,1,0,795.0,3.3078444,191.16292,0.0028982605,0.00037889226,7.3368654,251.09607,1.1,0.0,35.0,0.0,0.01,3000.0,0.1,0.0,5.053667e-05,1.6991823,0.13766731,10.0
40,37,0,833.0,8.066759,288.66696,0.007895976,0.00036486145,6.439884,376.6441,1.1,0.0,35.0,0.0,0.01,3000.0,0.1,0.0,2.0418996e-05,1.7,0.0,10.0
64,135,0,871.0,8.923682,330.07727,0.0006041646,-0.0006804513,6.337434,251.09607,1.1,0.0,35.0,0.0,0.01,3000.0,0.1,0.0,1.8595989e-05,0.0,0.0,10.0
120,12,0,1180.0,7.062212,230.14958,-0.0050558806,0.00023175914,7.267581,88.17793,1.1,0.0,35.0,0.0,0.01,3000.0,0.1,0.0,2.3419372e-05,0.0,0.0,10.0
78,16,0,1069.0,7.4574594,175.0962,-0.0076235104,-0.0015353407,8.821975,319.25848,1.1,0.0,35.0,0.0,0.01,3000.0,0.1,0.0,2.2355947e-05,0.0,0.0,10.0
48,138,0,859.0,8.410431,4.340268,0.0029381542,0.0009088252,6.3975825,319.25848,1.1,0.0,35.0,0.0,0.01,3000.0,0.1,0.0,1.9811332e-05,0.0,0.0,10.0
54,33,0,811.0,9.265415,264.01462,0.00051437767,-0.0001668525,6.299215,125.548035,1.1,0.0,35.0,0.0,0.01,3000.0,0.1,0.0,1.7722463e-05,1.6997218,0.0,10.0
14,52,0,794.0,3.2178226,232.76018,0.025372742,-0.0006197109,7.364517,251.09607,1.1,0.0,35.0,0.0,0.01,3000.0,0.1,0.0,5.156212e-05,1.7,0.0,10.0
64,110,0,876.0,9.20482,124.04601,6.0543207e-05,-0.0011201301,6.9990387,398.61356,1.1,0.0,35.0,0.0,0.01,3000.0,0.1,0.0,1.7912356e-05,0.0,0.0,10.0
42,80,0,848.0,2.8725095,243.126,0.01134435,-0.0006621096,7.47825,475.74316,1.1,0.0,35.0,0.0,0.01,3000.0,0.1,0.0,5.7600842e-05,0.0,0.0,10.0
30,52,0,865.0,9.354716,30.625456,-0.0019528749,9.201755e-05,6.289452,446.84897,1.1,0.0,35.0,0.0,0.01,3000.0,0.1,0.0,1.7722463e-05,1.7001779,0.083017044,10.0
101,20,0,1142.0,3.6685605,128.24838,-0.010664689,0.000811422,7.233107,89.3698,1.1,0.0,35.0,0.0,0.01,3000.0,0.1,0.0,4.5219556e-05,0.0,0.0,10.0
29,49,0,851.0,5.2759867,255.78168,-0.006891209,5.0996114e-05,8.254571,398.61356,1.1,0.0,35.0,0.0,0.01,3000.0,0.1,0.0,3.1281113e-05,1.7003819,0.032566205,10.0
87,28,0,978.0,11.243864,160.26268,-0.01416136,-0.001577603,8.99187,197.70775,1.1,0.0,35.0,0.0,0.01,3000.0,0.1,0.0,1.4722087e-05,0.0,0.0,10.0
6,87,0,781.0,0.91273576,224.61539,0.07367034,0.0008050053,8.625499,642.604,1.1,0.0,35.0,0.0,0.01,3000.0,0.1,0.0,0.00018217335,0.0,0.0,10.0
82,39,0,846.0,5.5471034,144.82536,-0.0072819986,-0.00046477249,9.456924,89.3698,1.1,0.0,35.0,0.0,0.01,3000.0,0.1,0.0,2.9989817e-05,0.0,0.0,10.0
25,3,0,795.0,4.463578,291.29654,0.010058119,9.972825e-05,7.036298,398.61356,1.1,0.0,35.0,0.0,0.01,3000.0,0.1,0.0,3.7016e-05,1.7,0.0,10.0
3,127,0,798.0,8.111658,146.66405,-0.0020268175,-0.0021076445,7.1274066,88.17793,1.1,0.0,35.0,0.0,0.01,3000.0,0.1,0.0,2.0456979e-05,0.0,0.0,10.0
86,111,0,890.0,11.151445,96.60715,0.0043465677,0.0014648202,6.1099653,368.19385,1.1,0.0,35.0,0.0,0.01,3000.0,0.1,0.0,1.4646127e-05,0.0,0.0,10.0
119,72,0,874.0,5.592639,66.08685,0.00033335685,0.0011395154,6.80964,376.6441,1.1,0.0,35.0,0.0,0.01,3000.0,0.1,0.0,2.9534056e-05,0.0,0.0,10.0
40,38,0,838.0,10.636066,252.42577,0.0034980122,0.0008566753,6.1584435,320.91125,1.1,0.0,35.0,0.0,0.01,3000.0,0.1,0.0,1.540572e-05,1.7,0.0,10.0
28,145,0,884.0,9.136434,240.42209,0.009034271,0.0018750106,6.3134775,178.7396,1.1,0.0,35.0,0.0,0.01,3000.0,0.1,0.0,1.80263e-05,0.0,0.0,10.0
23,42,0,870.0,10.672511,186.81993,-0.0016511892,-0.00057906396,6.1549425,176.35587,1.1,0.0,35.0,0.0,0.01,3000.0,0.1,0.0,1.5519656e-05,1.5682135,0.001752308,10.0
117,58,0,895.0,4.656175,33.33595,0.018479813,-0.00010971185,6.993875,279.2223,0.7,0.0,35.0,0.0,0.1,3000.0,0.035,0.0,3.5762674e-05,0.0,0.0,30.0
42,131,0,847.0,9.549152,86.13452,0.011805554,0.0012379178,6.268502,178.7396,1.1,0.0,35.0,0.0,0.01,3000.0,0.1,0.0,1.719075e-05,0.0,0.0,10.0
34,140,0,883.0,7.3324585,90.0,0.009495038,3.053936e-05,6.5364833,352.71173,1.1,0.0,35.0,0.0,0.01,3000.0,0.1,0.0,2.2431906e-05,0.0,0.0,10.0
3,79,0,782.0,7.5975194,12.106063,0.0072363317,0.0010688142,6.500567,455.4661,1.1,0.0,35.0,0.0,0.01,3000.0,0.1,0.0,2.1938173e-05,0.0,0.0,10.0
58,105,0,830.0,3.4235086,311.56747,-0.006365006,-0.0030900352,10.393459,363.85785,1.1,0.0,35.0,0.0,0.01,3000.0,0.1,0.0,4.8485796e-05,0.0,0.0,10.0
31,32,0,766.0,1.4371579,63.126003,-0.004588727,-0.00047999417,9.780835,88.17793,1.1,0.0,35.0,0.0,0.01,3000.0,0.1,0.0,0.00011521563,1.7,0.0,10.0
79,50,0,828.0,5.0586133,206.25859,-0.017774463,-0.00045686818,9.107803,475.74316,1.1,0.0,35.0,0.0,0.01,3000.0,0.1,0.0,3.2914224e-05,0.0,0.0,10.0
54,77,0,874.0,6.359673,149.86952,0.00062659034,0.0018268939,6.6801786,398.61356,1.1,0.0,35.0,0.0,0.01,3000.0,0.1,0.0,2.6153892e-05,0.0,0.0,10.0
10,75,0,773.0,9.084554,129.6669,0.0024952819,0.000225156,6.319269,475.74316,1.1,0.0,35.0,0.0,0.01,3000.0,0.1,0.0,1.8178214e-05,0.0,0.0,10.0
53,136,0,827.0,7.263344,315.3846,-0.007715475,-0.0012246064,8.743281,178.7396,1.1,0.0,35.0,0.0,0.01,3000.0,0.1,0.0,2.2773726e-05,0.0,0.0,10.0
55,36,0,819.0,9.05929,288.66696,-0.009612929,-0.00097318436,9.366624,251.09607,1.1,0.0,35.0,0.0,0.01,3000.0,0.1,0.0,1.8102255e-05,1.6634998,0.0,10.0
61,104,0,840.0,0.718692,243.126,-0.13766178,-0.00026144978,11.637133,319.25848,1.1,0.0,35.0,0.0,0.01,3000.0,0.1,0.0,0.00023040721,0.0,0.0,10.0
56,33,0,844.0,9.844466,271.87256,0.0032131725,0.00016994396,6.237456,282.23746,1.1,0.0,35.0,0.0,0.01,3000.0,0.1,0.0,1.662106e-05,1.6945769,0.005395871,10.0
76,49,0,832.0,9.221303,267.9984,0.004554799,-0.00024158439,6.3040714,352.71173,0.7,0.0,35.0,0.0,0.1,3000.0,0.035,0.0,1.7760442e-05,0.0,0.0,30.0
8,143,0,866.0,6.351398,345.44467,-0.00047872931,-0.0018913051,7.7801037,631.7724,1.1,0.0,35.0,0.0,0.01,3000.0,0.1,0.0,2.6267831e-05,0.0,0.0,10.0
55,40,0,879.0,8.455481,342.47742,0.0050701723,0.00071490137,6.392163,558.4446,0.7,0.0,35.0,0.0,0.1,3000.0,0.035,0.0,1.9659408e-05,1.2642255,0.0,30.0
87,52,0,813.0,9.221303,272.00162,-0.008921667,-0.0008414262,8.3835125,199.30678,1.1,0.0,35.0,0.0,0.01,3000.0,0.1,0.0,1.7760443e-05,0.0,0.0,10.0
45,119,0,813.0,7.4881735,226.35165,0.0011495845,-0.0013009385,7.20838,88.17793,1.1,0.0,35.0,0.0,0.01,3000.0,0.1,0.0,2.2052114e-05,0.0,0.0,10.0
63,149,0,874.0,5.5471034,215.17464,0.01877411,0.0014506015,6.8178673,199.30678,1.0,0.0,35.0,0.0,0.1,3000.0,0.035,0.0,2.9989811e-05,0.0,0.0,0.0
65,106,0,868.0,3.8926468,180.0,-0.018400395,0.00041510147,7.1736445,320.91125,1.1,0.0,35.0,0.0,0.01,3000.0,0.1,0.0,4.2978772e-05,0.0,0.0,10.0
43,36,0,844.0,5.5471034,324.82535,0.008859693,-0.00041632474,6.8178673,641.8225,1.1,0.0,35.0,0.0,0.01,3000.0,0.1,0.0,2.9989817e-05,1.6812235,0.0,10.0
12,147,0,887.0,5.242018,137.87248,0.0028148952,-0.00055340916,6.874772,444.71283,0.3,0.0,35.0,0.0,0.05,3000.0,0.015,0.0,3.1698884e-05,0.0,0.0,50.0
26,14,0,760.0,5.7866955,276.42517,-0.0016167774,-0.0010158652,7.468452,88.17793,1.1,0.0,35.0,0.0,0.01,3000.0,0.1,0.0,2.8470633e-05,1.7428706,0.12446665,10.0
15,114,0,776.0,10.957642,112.37897,0.0011972522,-0.0014186653,6.8210874,199.30678,0.7,0.0,35.0,0.0,0.1,3000.0,0.035,0.0,1.4949961e-05,0.0,0.0,30.0
4,41,0,784.0,2.8957028,153.74141,0.006221062,0.00041897065,7.4701943,197.70775,1.1,0.0,35.0,0.0,0.01,3000.0,0.1,0.0,5.7600842e-05,1.9972359,0.0,10.0
55,88,0,846.0,3.384269,163.51128,-0.012322504,-0.0011982273,8.412584,88.17793,1.1,0.0,35.0,0.0,0.01,3000.0,0.1,0.0,4.9397288e-05,0.0,0.0,10.0
49,33,0,798.0,9.541325,116.01188,-0.0035986204,-0.001134497,8.466562,178.7396,1.1,0.0,35.0,0.0,0.01,3000.0,0.1,0.0,1.7228731e-05,1.6749212,0.0,10.0
44,130,0,807.0,6.0411463,164.67313,-0.014512449,-0.00092412834,8.811407,88.17793,1.1,0.0,35.0,0.0,0.01,3000.0,0.1,0.0,2.7597107e-05,0.0,0.0,10.0
54,46,0,854.0,6.7555976,238.22714,-0.0005067844,-0.00084684824,7.312401,89.3698,1.1,0.0,35.0,0.0,0.01,3000.0,0.1,0.0,2.4444817e-05,1.373548,0.087182865,10.0
121,88,0,873.0,4.0089455,13.856313,-0.011104073,-0.00027822307,7.144112,567.6047,0.7,0.0,35.0,0.0,0.1,3000.0,0.035,0.0,4.164949e-05,0.0,0.0,30.0
29,11,0,792.0,4.8993306,238.04813,0.015002877,0.00021427756,6.9427342,320.91125,1.1,0.0,35.0,0.0,0.01,3000.0,0.1,0.0,3.378775e-05,1.7,0.048759162,10.0
69,131,0,874.0,9.724005,316.7163,0.0038050856,-0.000795417,6.2500105,320.91125,1.1,0.0,35.0,0.0,0.01,3000.0,0.1,0.0,1.6962873e-05,0.0,0.0,10.0
45,137,0,856.0,9.20175,155.51627,0.0036126026,-0.0014997625,6.306231,395.4155,1.1,0.0,35.0,0.0,0.01,3000.0,0.1,0.0,1.80263e-05,0.0,0.0,10.0
65,65,0,890.0,9.1996565,331.07797,-0.0024616402,0.000778186,6.3064623,398.61356,0.7,0.0,35.0,0.0,0.1,3000.0,0.035,0.0,1.8026294e-05,0.0,0.0,30.0
78,30,0,928.0,10.632783,220.96661,-0.0025409732,-0.00035673418,7.257372,125.548035,1.1,0.0,35.0,0.0,0.01,3000.0,0.1,0.0,1.5519656e-05,0.0,0.0,10.0
78,104,0,855.0,8.947562,125.18594,0.0017864377,-0.0006502243,8.973775,279.2223,1.1,0.0,35.0,0.0,0.01,3000.0,0.1,0.0,1.8406094e-05,0.0,0.0,10.0
79,97,0,871.0,4.968347,285.12405,-0.012518944,-0.00018548971,8.314971,641.8225,1.1,0.0,35.0,0.0,0.01,3000.0,0.1,0.0,3.3218064e-05,0.0,0.0,10.0
0,139,0,897.0,7.587128,36.01773,0.00801044,0.00021176241,6.501952,692.52185,1.1,0.0,35.0,0.0,0.01,3000.0,0.1,0.0,2.1862217e-05,0.0,0.0,10.0
80,79,0,866.0,3.9241898,54.645763,-0.03203604,0.00032806315,9.362774,376.6441,1.1,0.0,35.0,0.0,0.01,3000.0,0.1,0.0,4.225716e-05,0.0,0.0,10.0
22,2,0,791.0,8.435328,240.19345,0.01629191,-2.9167117e-05,6.3945837,268.10938,1.1,0.0,35.0,0.0,0.01,3000.0,0.1,0.0,1.9507492e-05,1.7256517,0.00013729495,10.0
123,35,0,1130.0,9.251651,326.66406,-0.00074515457,0.0015694688,6.300728,564.4749,1.1,0.0,35.0,0.0,0.01,3000.0,0.1,0.0,1.7912356e-05,0.0,0.0,10.0
15,116,0,784.0,9.724005,316.7163,0.002383729,-0.0020735962,7.348623,125.548035,1.1,0.0,35.0,0.0,0.01,3000.0,0.1,0.0,1.6962873e-05,0.0,0.0,10.0
62,20,0,864.0,11.08439,309.55087,-0.0042324243,-0.00047249248,7.9079103,125.548035,1.1,0.0,35.0,0.0,0.01,3000.0,0.1,0.0,1.4798047e-05,0.85011816,0.0,10.0
67,60,0,893.0,6.662311,166.14368,0.0143984575,0.0014831919,6.6332865,282.23746,1.1,0.0,35.0,0.0,0.01,3000.0,0.1,0.0,2.4976529e-05,0.0,0.0,10.0
25,93,0,826.0,7.49511,154.83398,0.018721798,0.00042920746,6.5142965,319.25848,1.1,0.0,35.0,0.0,0.01,3000.0,0.1,0.0,2.2204033e-05,0.0,0.0,10.0
30,13,0,777.0,7.955711,310.48035,-0.0009026288,-0.0015591023,8.651153,357.4792,1.1,0.0,35.0,0.0,0.01,3000.0,0.1,0.0,2.0760812e-05,1.6994796,0.0,10.0
94,61,0,839.0,3.8926468,0.0,-0.00046000996,0.0014049589,7.1736445,264.5338,1.1,0.0,35.0,0.0,0.01,3000.0,0.1,0.0,4.2978772e-05,0.0,0.0,10.0
38,73,0,807.0,2.9389238,6.2563114,-0.024068367,-0.001679997,10.499875,125.548035,1.1,0.0,35.0,0.0,0.01,3000.0,0.1,0.0,5.6879242e-05,0.0,0.0,10.0
85,105,0,894.0,3.877173,132.01581,0.010850058,0.0022736867,7.17764,264.5338,1.1,0.0,35.0,0.0,0.01,3000.0,0.1,0.0,4.2826858e-05,0.0,0.0,10.0
80,88,0,893.0,10.380909,297.665,0.002772583,6.221304e-06,6.183279,282.23746,1.1,0.0,35.0,0.0,0.01,3000.0,0.1,0.0,1.5823489e-05,0.0,0.0,10.0
42,140,0,879.0,6.539971,351.58136,-0.0038941437,7.7801466e-05,6.651985,319.25848,1.1,0.0,35.0,0.0,0.01,3000.0,0.1,0.0,2.5508243e-05,0.0,0.0,10.0
84,58,0,788.0,1.3689591,135.38461,-0.015265024,-0.0014326184,10.784983,125.548035,1.1,0.0,35.0,0.0,0.01,3000.0,0.1,0.0,0.00012140628,0.0,0.0,10.0
76,124,0,837.0,7.0463295,95.264244,-0.0053399066,-0.00038532488,6.576708,88.17793,1.1,0.0,35.0,0.0,0.01,3000.0,0.1,0.0,2.3343413e-05,0.0,0.0,10.0
32,3,0,761.0,1.0149546,71.33303,-0.068416715,-6.8891444e-05,8.519325,89.3698,1.1,0.0,35.0,0.0,0.01,3000.0,0.1,0.0,0.00016295575,1.7,0.0,10.0
11,51,0,773.0,10.048491,352.74463,0.0012039337,-0.0005171338,6.9096723,125.548035,1.1,0.0,35.0,0.0,0.01,3000.0,0.1,0.0,1.650712e-05,1.6825612,0.0,10.0
69,83,0,866.0,4.1006427,44.61538,-0.010840381,-0.0007786806,8.91318,125.548035,1.1,0.0,35.0,0.0,0.01,3000.0,0.1,0.0,4.051011e-05,0.0,0.0,10.0
61,77,0,830.0,5.8364778,3.1375082,-0.0024489658,-0.0013304428,9.251586,178.7396,1.1,0.0,35.0,0.0,0.01,3000.0,0.1,0.0,2.8584573e-05,0.0,0.0,10.0
84,68,0,796.0,2.0292726,108.66696,-0.028506959,-0.002675224,12.220628,0.0,1.1,0.0,35.0,0.0,0.01,3000.0,0.1,0.0,8.14899e-05,0.0,0.0,10.0
17,145,0,854.0,8.206007,334.7382,-0.012756161,8.497054e-06,8.907444,125.548035,1.1,0.0,35.0,0.0,0.01,3000.0,0.1,0.0,2.0229101e-05,0.0,0.0,10.0
43,27,0,831.0,6.708653,272.76312,0.010468844,0.0008209865,6.6262913,251.09607,0.3,0.0,35.0,0.0,0.05,3000.0,0.015,0.0,2.4558753e-05,1.487248,0.0,50.0
109,49,0,879.0,8.138072,295.86066,-0.007831348,-0.00063718983,7.817259,125.548035,1.1,0.0,35.0,0.0,0.01,3000.0,0.1,0.0,2.0229101e-05,0.0,0.0,10.0
66,36,0,882.0,7.1934276,237.37607,0.0023156533,-0.0014519829,7.654445,88.17793,1.1,0.0,35.0,0.0,0.01,3000.0,0.1,0.0,2.296362e-05,0.0,0.0,10.0
55,59,0,849.0,5.905512,189.33838,-0.018979812,-0.00058573944,8.83428,363.85785,1.1,0.0,35.0,0.0,0.01,3000.0,0.1,0.0,2.8242763e-05,1.5871617,0.011688754,10.0
24,82,0,789.0,9.133884,306.83765,-0.0045264326,0.0004993896,7.0069084,352.71173,1.1,0.0,35.0,0.0,0.01,3000.0,0.1,0.0,1.8064276e-05,0.0,0.0,10.0
33,90,0,848.0,9.136434,299.5779,0.005157671,0.0010003583,6.3134775,320.91125,1.1,0.0,35.0,0.0,0.01,3000.0,0.1,0.0,1.80263e-05,0.0,0.0,10.0
46,61,0,833.0,7.339497,92.52315,-0.0036862858,-0.00018970021,6.5355134,516.01,1.1,0.0,35.0,0.0,0.01,3000.0,0.1,0.0,2.2431906e-05,1.6970497,0.0,10.0
67,139,0,834.0,4.5501137,4.0313106,-0.002883393,-0.0021899103,10.451004,0.0,1.1,0.0,35.0,0.0,0.01,3000.0,0.1,0.0,3.6750145e-05,0.0,0.0,10.0
14,109,0,771.0,9.1996565,28.92204,0.00069222506,-0.001497965,7.4050746,368.19385,1.1,0.0,35.0,0.0,0.01,3000.0,0.1,0.0,1.80263e-05,0.0,0.0,10.0
45,53,0,843.0,0.91273576,135.38461,-0.009955453,0.00023730368,8.625499,251.09607,1.1,0.0,35.0,0.0,0.01,3000.0,0.1,0.0,0.00018217335,1.592762,0.023274245,10.0
21,9,0,760.0,2.7413158,110.81023,-0.0010451515,-0.00020477138,7.5250726,197.70775,1.1,0.0,35.0,0.0,0.01,3000.0,0.1,0.0,6.0335366e-05,1.9599559,0.0,10.0
79,112,0,825.0,10.64658,230.69592,1.8936913e-05,-0.00034315145,6.8505797,268.10938,1.1,0.0,35.0,0.0,0.01,3000.0,0.1,0.0,1.5443697e-05,0.0,0.0,10.0
45,132,0,810.0,7.9790173,346.14368,-0.0059204176,-0.0013264182,7.549577,89.3698,1.1,0.0,35.0,0.0,0.01,3000.0,0.1,0.0,2.087475e-05,0.0,0.0,10.0
8,109,0,783.0,9.570816,111.710815,0.00093634677,0.00024612888,6.2661934,89.3698,1.1,0.0,35.0,0.0,0.01,3000.0,0.1,0.0,1.715277e-05,0.0,0.0,10.0
37,13,0,771.0,2.5973177,0.0,-0.008970193,-0.00044875473,8.272257,88.17793,1.1,0.0,35.0,0.0,0.01,3000.0,0.1,0.0,6.443714e-05,1.646362,0.012602728,10.0
99,56,0,924.0,4.459616,59.407658,0.0035724086,0.0009226129,7.037189,480.39087,1.1,0.0,35.0,0.0,0.01,3000.0,0.1,0.0,3.7129943e-05,0.0,0.0,10.0
33,30,0,773.0,3.746369,238.69582,-0.0032405946,-0.00010101815,7.2120605,199.30678,1.1,0.0,35.0,0.0,0.01,3000.0,0.1,0.0,4.4156135e-05,1.7,0.0015402882,10.0
40,111,0,838.0,5.3494873,335.2766,-0.006696496,0.00092468236,6.854362,251.09607,1.1,0.0,35.0,0.0,0.01,3000.0,0.1,0.0,3.1129195e-05,0.0,0.0,10.0
115,56,0,862.0,4.3366213,138.395,-0.006729585,-0.001959161,9.144708,125.548035,0.7,0.0,35.0,0.0,0.1,3000.0,0.035,0.0,3.8345283e-05,0.0,0.0,30.0
36,116,0,872.0,6.076311,93.05343,0.00042132815,0.0020170829,6.7261176,319.25848,1.1,0.0,35.0,0.0,0.01,3000.0,0.1,0.0,2.7103377e-05,0.0,0.0,10.0
74,81,0,881.0,6.1443663,279.0919,0.0018626502,-0.00103359,8.10119,357.4792,1.1,0.0,35.0,0.0,0.01,3000.0,0.1,0.0,2.6799542e-05,0.0,0.0,10.0
105,38,0,941.0,8.863978,139.7784,0.0037588486,0.0005508685,6.3442554,178.7396,1.1,0.0,35.0,0.0,0.01,3000.0,0.1,0.0,1.8671944e-05,0.0,0.0,10.0
67,102,0,866.0,4.1598835,270.0,-0.013704376,-6.2108564e-05,7.800175,536.5627,1.1,0.0,35.0,0.0,0.01,3000.0,0.1,0.0,3.9674564e-05,0.0,0.0,10.0
74,64,0,825.0,6.359673,30.13047,0.002624844,-0.0022284137,6.6801786,178.7396,1.1,0.0,35.0,0.0,0.01,3000.0,0.1,0.0,2.6153892e-05,0.0,0.0,10.0
17,58,0,769.0,1.922605,270.0,-0.011493991,-0.00012499273,8.97883,197.70775,1.1,0.0,35.0,0.0,0.01,3000.0,0.1,0.0,8.5857544e-05,1.485775,0.0,10.0
53,89,0,860.0,8.066759,108.66696,0.0007692355,1.5705324e-05,6.439884,178.7396,1.1,0.0,35.0,0.0,0.01,3000.0,0.1,0.0,2.0418996e-05,0.0,0.0,10.0
4,127,0,803.0,7.045317,317.23126,0.009252402,-0.0027577532,7.6754656,125.548035,1.1,0.0,35.0,0.0,0.01,3000.0,0.1,0.0,2.349533e-05,0.0,0.0,10.0
48,96,0,870.0,3.1915407,135.38461,0.025599733,0.0023627875,7.3727355,199.30678,1.1,0.0,35.0,0.0,0.01,3000.0,0.1,0.0,5.2093827e-05,0.0,0.0,10.0
45,104,0,827.0,8.282566,267.76767,0.015523609,0.00014364402,6.4131217,176.35587,1.1,0.0,35.0,0.0,0.01,3000.0,0.1,0.0,1.9849309e-05,0.0,0.0,10.0
36,75,0,818.0,8.178106,41.4382,-0.0059436746,-0.0015994638,8.371901,279.2223,1.1,0.0,35.0,0.0,0.01,3000.0,0.1,0.0,2.0229101e-05,0.0,0.0,10.0
21,92,0,797.0,6.745087,16.488708,-0.0034602294,-0.00073178177,7.3139725,536.5627,1.1,0.0,35.0,0.0,0.01,3000.0,0.1,0.0,2.4710675e-05,0.0,0.0,10.0
76,55,0,843.0,4.8809977,293.4784,-0.0018552622,0.0004488527,8.045114,199.30678,1.1,0.0,35.0,0.0,0.01,3000.0,0.1,0.0,3.3863715e-05,0.0,0.0,10.0
78,57,0,848.0,4.954898,191.16292,0.008632228,0.00067048654,6.9314003,444.71283,1.1,0.0,35.0,0.0,0.01,3000.0,0.1,0.0,3.367382e-05,0.0,0.0,10.0
67,45,0,832.0,2.0686119,141.71486,-0.06812929,0.00021672162,10.446019,125.548035,1.1,0.0,35.0,0.0,0.01,3000.0,0.1,0.0,8.046446e-05,0.0,0.0,10.0
94,49,0,833.0,6.488863,303.25705,0.0069897566,-0.00074912154,6.6598988,88.17793,1.1,0.0,35.0,0.0,0.01,3000.0,0.1,0.0,2.547026e-05,0.0,0.0,10.0
44,6,0,817.0,5.2714767,190.4812,0.008280051,0.0014477719,6.8691363,176.35587,1.1,0.0,35.0,0.0,0.01,3000.0,0.1,0.0,3.1698884e-05,1.7044734,0.02475919,10.0
116,75,0,870.0,8.216814,30.243406,-0.0005835866,0.0012939266,6.421203,444.71283,1.1,0.0,35.0,0.0,0.01,3000.0,0.1,0.0,2.0191124e-05,0.0,0.0,10.0
7,107,0,777.0,5.6938863,317.6738,-0.0061135,0.0006297331,6.7915816,251.09607,1.1,0.0,35.0,0.0,0.01,3000.0,0.1,0.0,2.9154262e-05,0.0,0.0,10.0
35,119,0,861.0,9.287298,193.85632,0.0076345196,0.0010566647,6.2968144,279.2223,1.1,0.0,35.0,0.0,0.01,3000.0,0.1,0.0,1.7874383e-05,0.0,0.0,10.0
69,130,0,870.0,0.0,0.0,0.0,0.0,11.393803,376.6441,1.7,0.0,35.0,0.0,0.01,3000.0,0.1,0.0,999.0,0.0,0.0,10.0
76,41,0,896.0,4.1598835,270.0,0.019009294,0.0008384656,7.107028,279.2223,1.1,0.0,35.0,0.0,0.01,3000.0,0.1,0.0,3.9674564e-05,0.0,0.0,10.0
18,85,0,763.0,5.1013002,34.336002,-0.008789336,-0.0013841199,8.981573,199.30678,0.7,0.0,35.0,0.0,0.1,3000.0,0.035,0.0,3.257241e-05,0.0,0.0,30.0
61,146,0,859.0,7.139039,185.12553,0.0031675952,-2.4798137e-05,6.5635023,176.35587,1.1,0.0,35.0,0.0,0.01,3000.0,0.1,0.0,2.3343413e-05,0.0,0.0,10.0
29,27,0,763.0,0.45639685,44.61538,-0.015928723,-0.00012436323,9.3186455,89.3698,1.1,0.0,35.0,0.0,0.01,3000.0,0.1,0.0,0.0003643228,1.7255278,0.0,10.0
84,49,0,813.0,0.91273576,135.38461,-0.27875265,0.0007079974,10.822723,279.2223,1.1,0.0,35.0,0.0,0.01,3000.0,0.1,0.0,0.00018217335,0.0,0.0,10.0
88,106,0,865.0,6.0411463,344.67313,0.0026304447,-0.00037449368,6.731965,197.70775,1.1,0.0,35.0,0.0,0.01,3000.0,0.1,0.0,2.7597107e-05,0.0,0.0,10.0
7,51,0,760.0,5.8364778,356.8625,-0.0012739522,-0.0006281681,8.376118,88.17793,1.1,0.0,35.0,0.0,0.01,3000.0,0.1,0.0,2.8584573e-05,1.5692462,0.007287291,10.0
93,93,0,909.0,6.700924,270.0,0.0016419989,0.000735934,6.6274548,713.2906,1.1,0.0,35.0,0.0,0.01,3000.0,0.1,0.0,2.4558754e-05,0.0,0.0,10.0
54,87,0,861.0,8.159701,135.38461,0.002986636,0.00016726123,7.121421,197.70775,1.1,0.0,35.0,0.0,0.01,3000.0,0.1,0.0,2.0229101e-05,0.0,0.0,10.0
10,110,0,785.0,9.640725,304.57428,0.005246643,-2.377859e-05,6.2587776,125.548035,1.1,0.0,35.0,0.0,0.01,3000.0,0.1,0.0,1.707681e-05,0.0,0.0,10.0
24,100,0,764.0,3.1609628,294.24927,-0.002892084,-0.00058542076,7.3823824,125.548035,1.1,0.0,35.0,0.0,0.01,3000.0,0.1,0.0,5.235969e-05,0.0,0.0,10.0
44,71,0,837.0,9.969654,0.0,-0.0019587516,-0.00092154666,7.3231764,502.19214,1.1,0.0,35.0,0.0,0.01,3000.0,0.1,0.0,1.662106e-05,0.0,0.0,10.0
43,138,0,855.0,7.6543016,92.41815,-0.0120296795,-0.00072415825,7.879327,440.88968,1.1,0.0,35.0,0.0,0.01,3000.0,0.1,0.0,2.1482425e-05,0.0,0.0,10.0
53,92,0,844.0,5.5844865,283.41306,0.00028422716,-0.0016078453,8.757018,251.09607,1.1,0.0,35.0,0.0,0.01,3000.0,0.1,0.0,2.9534056e-05,0.0,0.0,10.0
83,92,0,875.0,6.813793,135.38461,-3.3321054e-11,-0.0006958168,8.220034,178.7396,1.1,0.0,35.0,0.0,0.01,3000.0,0.1,0.0,2.433088e-05,0.0,0.0,10.0
40,19,0,821.0,7.919154,333.7414,0.013799448,-0.0021274886,7.1517406,444.71283,1.1,0.0,35.0,0.0,0.01,3000.0,0.1,0.0,2.0950709e-05,1.6985456,0.037400402,10.0
63,81,0,846.0,3.6685605,51.751614,-0.02680873,-7.6739314e-05,9.798057,125.548035,1.1,0.0,35.0,0.0,0.01,3000.0,0.1,0.0,4.5219556e-05,0.0,0.0,10.0
78,112,0,825.0,7.49511,205.16602,-1.7675984e-06,-0.0012332789,7.612909,199.30678,1.1,0.0,35.0,0.0,0.01,3000.0,0.1,0.0,2.2204033e-05,0.0,0.0,10.0
107,57,0,859.0,8.064859,99.211044,-0.0012540871,-0.0004663596,6.440123,125.548035,1.1,0.0,35.0,0.0,0.01,3000.0,0.1,0.0,2.038102e-05,0.0,0.0,10.0
20,63,0,799.0,11.269101,194.6373,0.0016027325,-0.0005151501,6.7923446,282.23746,1.1,0.0,35.0,0.0,0.01,3000.0,0.1,0.0,1.46841085e-05,0.0067201825,0.0,10.0
37,36,0,779.0,7.360569,264.96344,-0.0017130291,-0.00073483645,9.2406645,279.2223,1.1,0.0,35.0,0.0,0.01,3000.0,0.1,0.0,2.2355947e-05,1.7,0.0,10.0
49,23,0,775.0,3.5889475,243.126,0.001529575,-0.0019431453,10.250838,125.548035,0.7,0.0,35.0,0.0,0.1,3000.0,0.035,0.0,4.613106e-05,1.6228416,0.0019983859,30.0
44,76,0,862.0,4.656175,213.33595,0.017198147,0.00046021235,6.993875,368.19385,1.1,0.0,35.0,0.0,0.01,3000.0,0.1,0.0,3.576269e-05,0.0,0.0,10.0
86,73,0,821.0,1.974722,350.66162,-0.05816712,-0.0006785335,11.185655,0.0,1.1,0.0,35.0,0.0,0.01,3000.0,0.1,0.0,8.471815e-05,0.0,0.0,10.0
14,94,0,802.0,4.3305373,227.63004,0.02409367,0.00048776518,7.0666757,352.71173,1.1,0.0,35.0,0.0,0.01,3000.0,0.1,0.0,3.834528e-05,0.0,0.0,10.0
50,69,0,832.0,4.872063,176.23663,-0.008510297,-0.0006281575,8.334637,319.25848,1.1,0.0,35.0,0.0,0.01,3000.0,0.1,0.0,3.431947e-05,0.0,0.0,10.0
79,52,0,834.0,5.912211,224.61539,0.0044416627,-0.00053920137,6.7536964,480.39087,1.1,0.0,35.0,0.0,0.01,3000.0,0.1,0.0,2.8052858e-05,0.0,0.0,10.0
72,16,0,1033.0,1.2993263,0.0,0.046921007,-6.425622e-05,8.272257,125.548035,1.1,0.0,35.0,0.0,0.01,3000.0,0.1,0.0,0.00012881226,0.0,0.0,10.0
76,102,0,879.0,7.647566,270.0,-0.0011972908,0.001554133,6.493923,282.23746,1.1,0.0,35.0,0.0,0.01,3000.0,0.1,0.0,2.1520404e-05,0.0,0.0,10.0
73,142,0,816.0,5.4899936,332.24573,0.02196225,-0.0031862084,6.82828,89.3698,1.1,0.0,35.0,0.0,0.01,3000.0,0.1,0.0,3.0331626e-05,0.0,0.0,10.0
118,71,0,867.0,8.468422,290.04532,-0.00067207,0.00051921344,6.3906107,502.19214,1.1,0.0,35.0,0.0,0.01,3000.0,0.1,0.0,1.9431536e-05,0.0,0.0,10.0
51,128,0,847.0,8.785061,156.53278,0.0021241403,0.00011845643,6.3533416,197.70775,1.1,0.0,35.0,0.0,0.01,3000.0,0.1,0.0,1.8899824e-05,0.0,0.0,10.0
10,139,0,883.0,1.6240013,180.0,-0.003312071,0.00093131105,8.049113,519.2804,1.1,0.0,35.0,0.0,0.01,3000.0,0.1,0.0,0.00010306223,0.0,0.0,10.0
22,42,0,868.0,9.031378,122.35212,-0.008336916,-0.0009141405,9.3209715,197.70775,0.7,0.0,35.0,0.0,0.1,3000.0,0.035,0.0,1.8254172e-05,1.5123267,0.09020036,30.0
69,119,0,842.0,7.3001194,119.13677,-0.0033007606,-0.0022733365,7.234099,251.09607,1.1,0.0,35.0,0.0,0.01,3000.0,0.1,0.0,2.2621804e-05,0.0,0.0,10.0
9,139,0,883.0,5.588391,9.877156,0.00058659434,0.00096274895,6.810405,597.9203,1.1,0.0,35.0,0.0,0.01,3000.0,0.1,0.0,2.9875873e-05,0.0,0.0,10.0
89,47,0,909.0,2.280827,135.38461,0.011548322,0.0038599838,7.7092075,398.61356,1.1,0.0,35.0,0.0,0.01,3000.0,0.1,0.0,7.286857e-05,0.0,0.0,10.0
43,9,0,768.0,4.9289155,211.2652,-0.0049240864,-0.0011364406,7.6298313,199.30678,1.1,0.0,35.0,0.0,0.01,3000.0,0.1,0.0,3.378775e-05,1.7,0.0,10.0
43,88,0,827.0,10.996557,281.7865,-0.0024710076,6.8469e-06,7.510601,376.6441,1.1,0.0,35.0,0.0,0.01,3000.0,0.1,0.0,1.4836028e-05,0.0,0.0,10.0
64,140,0,854.0,5.5844865,103.413055,-0.0059170946,-0.0018633949,9.008332,199.30678,1.1,0.0,35.0,0.0,0.01,3000.0,0.1,0.0,2.9534056e-05,0.0,0.0,10.0
78,47,0,857.0,9.108333,321.0871,0.0071167047,0.0013165035,6.316611,197.70775,1.1,0.0,35.0,0.0,0.01,3000.0,0.1,0.0,1.8178214e-05,0.0,0.0,10.0
10,73,0,781.0,5.1937976,356.47125,0.007104862,0.0008028005,6.8840647,543.4206,1.1,0.0,35.0,0.0,0.01,3000.0,0.1,0.0,3.2154636e-05,0.0,0.0,10.0
57,141,0,881.0,11.493452,298.29938,0.0008115566,0.0011241272,6.078956,440.88968,1.1,0.0,35.0,0.0,0.01,3000.0,0.1,0.0,1.4266336e-05,0.0,0.0,10.0
30,79,0,779.0,11.451105,235.95398,-0.0014530303,-0.00014187685,6.775895,197.70775,1.1,0.0,35.0,0.0,0.01,3000.0,0.1,0.0,1.4342293e-05,0.0,0.0,10.0
65,102,0,861.0,11.35101,163.81752,-0.00011942925,-0.0014764883,8.037674,543.4206,1.1,0.0,35.0,0.0,0.01,3000.0,0.1,0.0,1.45701715e-05,0.0,0.0,10.0
4,140,0,868.0,11.438266,333.74142,-0.0004043692,-0.0003363838,6.777047,623.6818,1.1,0.0,35.0,0.0,0.01,3000.0,0.1,0.0,1.4418253e-05,0.0,0.0,10.0
79,14,0,1105.0,11.508808,213.33595,-0.0052935714,0.00048100913,6.7707314,251.09607,1.1,0.0,35.0,0.0,0.01,3000.0,0.1,0.0,1.4342293e-05,0.0,0.0,10.0
14,85,0,787.0,11.438266,333.74142,0.003639321,0.00035826364,6.777047,376.6441,1.1,0.0,35.0,0.0,0.01,3000.0,0.1,0.0,1.4418253e-05,0.0,0.0,10.0
77,17,0,1043.0,11.440789,197.70386,-0.0069107665,-0.00082298415,8.568581,282.23746,1.1,0.0,35.0,0.0,0.01,3000.0,0.1,0.0,1.4456232e-05,0.0,0.0,10.0
84,116,0,841.0,11.522448,253.85025,-0.009428968,-0.0005165684,8.561275,279.2223,1.1,0.0,35.0,0.0,0.01,3000.0,0.1,0.0,1.4190376e-05,0.0,0.0,10.0
73,118,0,839.0,11.541645,178.43007,0.0020524685,-0.001764707,6.074657,125.548035,1.1,0.0,35.0,0.0,0.01,3000.0,0.1,0.0,1.4342293e-05,0.0,0.0,10.0
41,113,0,850.0,11.522448,286.14975,-5.3455562e-05,0.0010360683,6.0763674,268.10938,1.1,0.0,35.0,0.0,0.01,3000.0,0.1,0.0,1.4190376e-05,0.0,0.0,10.0
62,9,0,974.0,11.541645,178.43007,-0.001207821,0.00011743028,6.074657,89.3698,1.1,0.0,35.0,0.0,0.01,3000.0,0.1,0.0,1.4342293e-05,0.6071669,0.0,10.0
111,128,0,208.0,11.496902,98.01266,-0.0009981078,-0.000763532,8.717705,197.70775,1.1,0.0,35.0,0.0,0.01,3000.0,0.1,0.0,1.4228357e-05,0.0,0.0,10.0
72,24,0,975.0,11.544628,99.58785,0.001500662,-0.0006359652,6.0743914,197.70775,1.1,0.0,35.0,0.0,0.01,3000.0,0.1,0.0,1.4114417e-05,0.0,0.0,10.0
10,52,0,794.0,11.53823,340.80014,0.0039589293,0.0013654098,6.074961,251.09607,1.1,0.0,35.0,0.0,0.01,3000.0,0.1,0.0,1.4342293e-05,1.6666555,0.0,10.0
60,95,0,863.0,11.342561,147.99927,-0.0065495293,7.817939e-06,7.19114,197.70775,1.1,0.0,35.0,0.0,0.01,3000.0,0.1,0.0,1.4494209e-05,0.0,0.0,10.0
50,3,0,874.0,11.493452,241.70062,0.0059272707,0.00028232313,6.078956,319.25848,1.1,0.0,35.0,0.0,0.01,3000.0,0.1,0.0,1.4266336e-05,1.5522152,0.0,10.0
47,115,0,873.0,11.457689,276.42517,-0.00052990083,0.0018699137,6.0821576,449.85626,1.1,0.0,35.0,0.0,0.01,3000.0,0.1,0.0,1.4266336e-05,0.0,0.0,10.0
88,72,0,865.0,11.387609,270.0,0.006225913,0.0008256805,6.0884585,199.30678,1.1,0.0,35.0,0.0,0.01,3000.0,0.1,0.0,1.4342293e-05,0.0,0.0,10.0
104,124,0,367.0,11.452244,209.80847,-0.0004068452,-8.39775e-05,6.082646,125.548035,1.1,0.0,35.0,0.0,0.01,3000.0,0.1,0.0,1.4418253e-05,0.0,0.0,10.0
43,96,0,848.0,11.436011,168.83708,0.0048671705,0.00034187202,6.0841026,319.25848,1.1,0.0,35.0,0.0,0.01,3000.0,0.1,0.0,1.4456232e-05,0.0,0.0,10.0
62,68,0,898.0,11.49031,294.73502,0.002280719,0.0016242628,6.079237,449.85626,1.1,0.0,35.0,0.0,0.01,3000.0,0.1,0.0,1.4266336e-05,0.0,0.0,10.0
21,62,0,825.0,11.492652,227.98419,0.009482486,0.0005337448,6.0790277,319.25848,1.1,0.0,35.0,0.0,0.01,3000.0,0.1,0.0,1.4304314e-05,0.97487754,0.0,10.0
80,18,0,1097.0,11.421434,250.31729,0.008249631,-0.0015789864,7.184025,357.4792,1.1,0.0,35.0,0.0,0.01,3000.0,0.1,0.0,1.4342293e-05,0.0,0.0,10.0
45,108,0,823.0,11.440789,17.703848,0.00065046106,0.00023052034,6.0836735,176.35587,1.1,0.0,35.0,0.0,0.01,3000.0,0.1,0.0,1.4456232e-05,0.0,0.0,10.0
38,37,0,803.0,11.405173,273.22272,0.0034949272,-5.756975e-05,6.0868754,251.09607,1.1,0.0,35.0,0.0,0.01,3000.0,0.1,0.0,1.4342293e-05,1.7,0.0,10.0
48,25,0,791.0,11.348887,63.126003,0.0018482368,-0.00066529243,6.0919557,264.5338,1.1,0.0,35.0,0.0,0.01,3000.0,0.1,0.0,1.4418253e-05,1.6662844,0.0,10.0
100,47,0,889.0,11.35101,16.182476,0.005719667,-0.0010989915,6.0917635,125.548035,1.1,0.0,35.0,0.0,0.01,3000.0,0.1,0.0,1.45701715e-05,0.0,0.0,10.0
58,106,0,841.0,11.3517685,338.7596,-0.0037055267,-0.0006743439,7.190307,319.25848,1.1,0.0,35.0,0.0,0.01,3000.0,0.1,0.0,1.45701715e-05,0.0,0.0,10.0
81,99,0,900.0,11.348887,63.126003,-3.18662e-05,0.00089345477,6.0919557,398.61356,1.1,0.0,35.0,0.0,0.01,3000.0,0.1,0.0,1.4418253e-05,0.0,0.0,10.0
77,68,0,854.0,11.3517685,158.7596,-0.0008767541,-0.00033962211,6.784842,320.91125,1.1,0.0,35.0,0.0,0.01,3000.0,0.1,0.0,1.45701715e-05,0.0,0.0,10.0
8,65,0,788.0,11.451105,55.953983,0.0031119063,-0.00018330386,6.775895,597.9203,1.1,0.0,35.0,0.0,0.01,3000.0,0.1,0.0,1.4342293e-05,0.0,0.0,10.0
0,86,0,756.0,11.392002,268.3874,-0.0003499024,0.0010370871,8.033973,889.42566,1.1,0.0,35.0,0.0,0.01,3000.0,0.1,0.0,1.4342293e-05,0.0,0.0,10.0
66,94,0,887.0,11.541645,178.43007,0.0022030326,-0.00022266357,6.074657,251.09607,1.1,0.0,35.0,0.0,0.01,3000.0,0.1,0.0,1.4342293e-05,0.0,0.0,10.0
35,97,0,784.0,11.342561,32.000725,-0.0017724849,-0.0017447202,6.785675,89.3698,1.1,0.0,35.0,0.0,0.01,3000.0,0.1,0.0,1.4494209e-05,0.0,0.0,10.0
5,148,0,894.0,11.342561,147.99927,0.0020227404,0.000107272346,6.785675,1038.5608,1.1,0.0,35.0,0.0,0.01,3000.0,0.1,0.0,1.4494209e-05,0.0,0.0,10.0
84,113,0,878.0,11.522448,253.85025,0.0077183894,0.0005341332,6.0763674,199.30678,1.1,0.0,35.0,0.0,0.01,3000.0,0.1,0.0,1.4190376e-05,0.0,0.0,10.0
75,47,0,840.0,11.342561,147.99927,0.0033477088,0.00054014125,6.092528,197.70775,1.1,0.0,35.0,0.0,0.01,3000.0,0.1,0.0,1.4494209e-05,0.0,0.0,10.0
37,105,0,795.0,11.522448,253.85025,-0.0017907614,3.694963e-05,6.0763674,199.30678,1.1,0.0,35.0,0.0,0.01,3000.0,0.1,0.0,1.4190376e-05,0.0,0.0,10.0
36,141,0,878.0,11.452244,29.808456,0.0033729016,0.0011440618,6.082646,264.5338,1.1,0.0,35.0,0.0,0.01,3000.0,0.1,0.0,1.4418253e-05,0.0,0.0,10.0
107,20,0,1222.0,11.427088,265.17227,-0.006476871,0.0007299276,7.4711986,268.10938,1.1,0.0,35.0,0.0,0.01,3000.0,0.1,0.0,1.4304314e-05,0.0,0.0,10.0
60,114,0,872.0,11.3517685,158.7596,-0.0041146115,-0.00026361403,6.784842,264.5338,1.1,0.0,35.0,0.0,0.01,3000.0,0.1,0.0,1.45701715e-05,0.0,0.0,10.0
118,78,0,854.0,11.405173,93.22271,0.004489414,0.00019811837,6.0868754,176.35587,1.1,0.0,35.0,0.0,0.01,3000.0,0.1,0.0,1.4342293e-05,0.0,0.0,10.0
106,54,0,884.0,11.405173,86.777275,0.0036616551,-0.0005880563,6.0868754,125.548035,1.1,0.0,35.0,0.0,0.01,3000.0,0.1,0.0,1.4342293e-05,0.0,0.0,10.0
85,47,0,859.0,11.427088,274.82773,0.0111121405,0.0007699458,6.084904,199.30678,1.1,0.0,35.0,0.0,0.01,3000.0,0.1,0.0,1.4304314e-05,0.0,0.0,10.0
100,31,0,1101.0,11.452244,150.19153,0.003913143,0.0031126377,6.082646,197.70775,0.7,0.0,35.0,0.0,0.1,3000.0,0.035,0.0,1.441825e-05,0.0,0.0,30.0
84,115,0,858.0,11.541645,181.56993,0.0010624572,-0.0002415195,6.074657,319.25848,1.1,0.0,35.0,0.0,0.01,3000.0,0.1,0.0,1.4342293e-05,0.0,0.0,10.0
94,97,0,905.0,11.496902,98.01266,0.0021387865,0.0017289994,6.0786476,376.6441,1.1,0.0,35.0,0.0,0.01,3000.0,0.1,0.0,1.4228357e-05,0.0,0.0,10.0
102,114,0,780.0,11.425569,144.45491,0.029250098,0.0031291628,6.0850406,376.6441,1.1,0.0,35.0,0.0,0.01,3000.0,0.1,0.0,1.4418253e-05,0.0,0.0,10.0
36,140,0,857.0,11.487236,43.492477,-0.006858238,-0.000520535,6.772659,352.71173,1.1,0.0,35.0,0.0,0.01,3000.0,0.1,0.0,1.4304314e-05,0.0,0.0,10.0
45,128,0,844.0,11.541645,181.56993,-0.0043287743,0.00067081256,6.074657,279.2223,1.1,0.0,35.0,0.0,0.01,3000.0,0.1,0.0,1.4342293e-05,0.0,0.0,10.0
20,92,0,810.0,11.510272,41.251877,0.0023811741,0.00035095072,6.0774536,529.0676,1.1,0.0,35.0,0.0,0.01,3000.0,0.1,0.0,1.4304314e-05,0.0,0.0,10.0
89,32,0,914.0,11.380502,189.60028,-0.009958003,-0.00056892564,9.8503,0.0,1.1,0.0,35.0,0.0,0.01,3000.0,0.1,0.0,1.4494209e-05,0.0,0.0,10.0
47,41,0,853.0,11.440789,17.703848,0.0032593468,-0.0007231232,6.0836735,597.9203,1.1,0.0,35.0,0.0,0.01,3000.0,0.1,0.0,1.4456232e-05,1.6277472,0.0,10.0
72,123,0,868.0,11.363339,66.73341,-0.0007082323,-0.00030831594,6.7837963,352.71173,1.1,0.0,35.0,0.0,0.01,3000.0,0.1,0.0,1.4418253e-05,0.0,0.0,10.0
51,26,0,800.0,11.387609,270.0,0.0011174716,-0.00038335158,6.0884585,319.25848,1.1,0.0,35.0,0.0,0.01,3000.0,0.1,0.0,1.4342293e-05,1.6841857,0.01366849,10.0
51,87,0,866.0,11.508808,33.33595,0.0009418742,-0.0007416073,6.7707314,398.61356,1.1,0.0,35.0,0.0,0.01,3000.0,0.1,0.0,1.4342293e-05,0.0,0.0,10.0
78,29,0,941.0,11.508808,213.33595,-0.0010968666,-0.00080241205,7.1761966,197.70775,1.1,0.0,35.0,0.0,0.01,3000.0,0.1,0.0,1.4342293e-05,0.0,0.0,10.0
13,39,0,886.0,11.457689,276.42517,-0.0024812503,-0.0005675217,7.873917,564.4749,1.1,0.0,35.0,0.0,0.01,3000.0,0.1,0.0,1.4266336e-05,1.693916,0.090164036,10.0
89,63,0,796.0,11.499692,192.70892,-0.0015669761,-0.0005653959,6.771546,88.17793,1.1,0.0,35.0,0.0,0.01,3000.0,0.1,0.0,1.4380273e-05,0.0,0.0,10.0
36,65,0,809.0,11.496902,98.01266,0.0026454353,-0.0011144505,6.0786476,89.3698,1.1,0.0,35.0,0.0,0.01,3000.0,0.1,0.0,1.4228357e-05,0.0,0.0,10.0
75,93,0,901.0,11.492652,132.01581,0.0044400324,0.0013622704,6.0790277,455.4661,1.1,0.0,35.0,0.0,0.01,3000.0,0.1,0.0,1.4304314e-05,0.0,0.0,10.0
114,34,0,962.0,11.421434,250.31729,-0.005116656,-0.00063116197,6.7785597,88.17793,1.1,0.0,35.0,0.0,0.01,3000.0,0.1,0.0,1.4342293e-05,0.0,0.0,10.0
64,111,0,868.0,11.363339,113.26657,-0.003960992,-0.0004967272,7.189261,444.71283,1.1,0.0,35.0,0.0,0.01,3000.0,0.1,0.0,1.4418253e-05,0.0,0.0,10.0
53,0,0,893.0,11.544628,279.58786,-0.002907798,-0.00086407544,7.4606857,536.5627,1.0,0.0,35.0,0.0,0.1,3000.0,0.035,0.0,1.4114417e-05,1.5719404,0.001868353,0.0
49,104,0,798.0,11.487236,43.492477,-0.0077640833,-0.0023616236,7.178124,176.35587,1.1,0.0,35.0,0.0,0.01,3000.0,0.1,0.0,1.4304314e-05,0.0,0.0,10.0
28,16,0,785.0,11.378268,239.52347,0.0028334735,0.00042654737,6.089301,125.548035,1.1,0.0,35.0,0.0,0.01,3000.0,0.1,0.0,1.4418253e-05,1.7061284,0.13499112,10.0
121,23,0,1178.0,11.365087,283.04312,-0.000794525,8.90897e-05,7.189103,268.10938,1.1,0.0,35.0,0.0,0.01,3000.0,0.1,0.0,1.4380273e-05,0.0,0.0,10.0
53,144,0,867.0,11.493452,61.70061,0.002025,-0.0002560232,6.078956,395.4155,1.1,0.0,35.0,0.0,0.01,3000.0,0.1,0.0,1.4266336e-05,0.0,0.0,10.0
79,31,0,916.0,11.379057,233.72409,-0.00021606083,-0.000790404,7.187842,178.7396,1.1,0.0,35.0,0.0,0.01,3000.0,0.1,0.0,1.4418253e-05,0.0,0.0,10.0
72,23,0,975.0,11.392002,91.612625,-0.0005161183,-0.00058344944,8.285287,125.548035,1.1,0.0,35.0,0.0,0.01,3000.0,0.1,0.0,1.4342293e-05,0.0,0.0,10.0
60,4,0,1040.0,11.550348,219.02386,0.009528365,0.00046417525,6.7670293,352.71173,1.1,0.0,35.0,0.0,0.01,3000.0,0.1,0.0,1.4266336e-05,1.289152,0.05826399,10.0
65,60,0,863.0,11.379057,306.2759,-0.0083114365,0.00053257414,6.782377,125.548035,1.1,0.0,35.0,0.0,0.01,3000.0,0.1,0.0,1.4418253e-05,0.0,0.0,10.0
39,16,0,812.0,11.35101,343.81754,-0.0026806893,0.0009601091,6.0917635,376.6441,1.1,0.0,35.0,0.0,0.01,3000.0,0.1,0.0,1.45701715e-05,1.7003798,0.06839301,10.0
60,100,0,858.0,11.405173,266.77728,-0.0008929791,-0.0005403242,6.0868754,89.3698,1.1,0.0,35.0,0.0,0.01,3000.0,0.1,0.0,1.4342293e-05,0.0,0.0,10.0
83,115,0,856.0,11.3517685,201.2404,0.0070238574,0.000380626,6.091695,279.2223,1.1,0.0,35.0,0.0,0.01,3000.0,0.1,0.0,1.45701715e-05,0.0,0.0,10.0
63,4,0,1053.0,11.521077,230.22156,-0.0029078603,-0.0005311184,7.6859274,395.4155,0.7,0.0,35.0,0.0,0.1,3000.0,0.035,0.0,1.4266332e-05,0.0,0.0,30.0
18,117,0,836.0,11.508808,33.33595,0.011886691,0.0013009617,6.0775843,197.70775,1.1,0.0,35.0,0.0,0.01,3000.0,0.1,0.0,1.4342293e-05,0.0,0.0,10.0
122,38,0,1117.0,11.510272,221.25189,0.005718035,-0.00017298962,6.770601,455.4661,1.1,0.0,35.0,0.0,0.01,3000.0,0.1,0.0,1.4304314e-05,0.0,0.0,10.0
1,137,0,855.0,11.554284,356.8625,-0.005960344,-0.00039677077,7.68297,502.19214,1.1,0.0,35.0,0.0,0.01,3000.0,0.1,0.0,1.4342293e-05,0.0,0.0,10.0
62,21,0,881.0,11.521077,309.77844,0.002821469,-0.00035234503,7.6859274,197.70775,1.1,0.0,35.0,0.0,0.01,3000.0,0.1,0.0,1.4266336e-05,0.8565309,0.0,10.0
29,121,0,808.0,11.425569,215.54509,8.5345564e-05,-0.0013204408,6.7781878,176.35587,1.1,0.0,35.0,0.0,0.01,3000.0,0.1,0.0,1.4418253e-05,0.0,0.0,10.0
69,92,0,878.0,11.493452,118.29938,0.0015631348,-0.00081887597,6.7721033,197.70775,1.1,0.0,35.0,0.0,0.01,3000.0,0.1,0.0,1.4266336e-05,0.0,0.0,10.0
68,67,0,847.0,11.348887,116.873985,-0.003377812,-0.0022667614,6.785103,89.3698,1.1,0.0,35.0,0.0,0.01,3000.0,0.1,0.0,1.4418253e-05,0.0,0.0,10.0
123,98,0,881.0,11.493452,118.29938,-0.0032318598,0.0009718662,7.1775684,694.20044,1.1,0.0,35.0,0.0,0.01,3000.0,0.1,0.0,1.4266336e-05,0.0,0.0,10.0
23,87,0,785.0,11.53823,19.199867,0.0041784756,-0.0005183492,6.074961,125.548035,1.1,0.0,35.0,0.0,0.01,3000.0,0.1,0.0,1.4342293e-05,0.0,0.0,10.0
35,116,0,864.0,11.421434,250.31729,-0.00078946893,0.0013515832,6.0854125,376.6441,1.1,0.0,35.0,0.0,0.01,3000.0,0.1,0.0,1.4342293e-05,0.0,0.0,10.0
63,46,0,886.0,11.550348,140.97614,0.0040649897,0.0015500912,6.073882,363.85785,1.1,0.0,35.0,0.0,0.01,3000.0,0.1,0.0,1.4266336e-05,0.0,0.0,10.0
19,21,0,837.0,11.451105,55.953983,0.0031603407,0.00086132356,6.082748,88.17793,1.1,0.0,35.0,0.0,0.01,3000.0,0.1,0.0,1.4342293e-05,2.22284,0.0,10.0
66,25,0,1033.0,11.425569,324.45493,0.0008783237,0.0020389862,6.0850406,617.24554,0.7,0.0,35.0,0.0,0.1,3000.0,0.035,0.0,1.441825e-05,0.0,0.0,30.0
26,143,0,860.0,11.544628,99.58785,0.006555299,3.6167494e-05,6.0743914,176.35587,1.1,0.0,35.0,0.0,0.01,3000.0,0.1,0.0,1.4114417e-05,0.0,0.0,10.0
24,33,0,862.0,11.436011,11.162912,0.016531698,0.0005633244,6.0841026,251.09607,1.1,0.0,35.0,0.0,0.01,3000.0,0.1,0.0,1.4456232e-05,1.7774975,0.44514066,10.0
76,68,0,859.0,11.508808,146.66405,0.0013114703,4.9672813e-05,6.0775843,251.09607,1.1,0.0,35.0,0.0,0.01,3000.0,0.1,0.0,1.4342293e-05,0.0,0.0,10.0
42,126,0,834.0,11.508808,213.33595,-0.003302521,9.2151866e-05,6.7707314,475.74316,1.1,0.0,35.0,0.0,0.01,3000.0,0.1,0.0,1.4342293e-05,0.0,0.0,10.0
117,77,0,880.0,11.457689,83.57482,0.007960115,0.002121014,6.0821576,279.2223,1.1,0.0,35.0,0.0,0.01,3000.0,0.1,0.0,1.4266336e-05,0.0,0.0,10.0
77,48,0,853.0,11.439694,284.60742,0.0057555484,0.0009746619,6.0837717,264.5338,1.1,0.0,35.0,0.0,0.01,3000.0,0.1,0.0,1.4304314e-05,0.0,0.0,10.0
54,21,0,896.0,11.554284,356.8625,0.009700693,0.00081145373,6.073532,320.91125,1.1,0.0,35.0,0.0,0.01,3000.0,0.1,0.0,1.4342293e-05,1.6929938,0.33315274,10.0
58,139,0,873.0,11.467047,337.28656,0.0035527737,-0.00020616851,6.081319,279.2223,1.1,0.0,35.0,0.0,0.01,3000.0,0.1,0.0,1.4418253e-05,0.0,0.0,10.0
39,60,0,847.0,11.550348,320.97614,-0.00016589624,0.00043840436,6.073882,376.6441,1.1,0.0,35.0,0.0,0.01,3000.0,0.1,0.0,1.4266336e-05,1.2332008,0.03666096,10.0
91,87,0,900.0,11.405173,86.777275,0.0055756024,0.00094561925,6.0868754,567.6047,1.1,0.0,35.0,0.0,0.01,3000.0,0.1,0.0,1.4342293e-05,0.0,0.0,10.0
85,60,0,822.0,11.439694,284.60742,0.0075971,0.0012842064,6.0837717,199.30678,1.1,0.0,35.0,0.0,0.01,3000.0,0.1,0.0,1.4304314e-05,0.0,0.0,10.0
68,139,0,836.0,11.53823,19.199867,0.00027585236,-0.0010565881,6.074961,88.17793,1.1,0.0,35.0,0.0,0.01,3000.0,0.1,0.0,1.4342293e-05,0.0,0.0,10.0
123,91,0,876.0,11.348887,63.126003,-0.0043975296,0.00057175703,6.785103,564.4749,1.1,0.0,35.0,0.0,0.01,3000.0,0.1,0.0,1.4418253e-05,0.0,0.0,10.0
53,19,0,877.0,11.499692,12.708908,0.01675007,0.0015468391,6.0783987,357.4792,1.1,0.0,35.0,0.0,0.01,3000.0,0.1,0.0,1.4380273e-05,1.6998993,0.68486345,10.0
10,136,0,878.0,11.379057,306.2759,0.002406426,0.00071311794,6.782377,519.2804,1.1,0.0,35.0,0.0,0.01,3000.0,0.1,0.0,1.4418253e-05,0.0,0.0,10.0
56,31,0,835.0,11.365087,283.04312,0.0013960887,-0.00013922277,6.783638,264.5338,1.1,0.0,35.0,0.0,0.01,3000.0,0.1,0.0,1.4380273e-05,1.6976281,0.007215554,10.0
48,84,0,838.0,11.3517685,21.24039,0.0016184315,-0.00084845215,6.091695,176.35587,1.1,0.0,35.0,0.0,0.01,3000.0,0.1,0.0,1.45701715e-05,0.0,0.0,10.0
117,86,0,902.0,11.510272,138.74811,0.012743571,0.0004296616,6.0774536,443.04425,0.7,0.0,35.0,0.0,0.1,3000.0,0.035,0.0,1.4304314e-05,0.0,0.0,30.0
71,73,0,867.0,11.452244,330.19153,4.2245945e-05,-0.0018264841,6.775793,376.6441,1.1,0.0,35.0,0.0,0.01,3000.0,0.1,0.0,1.4418253e-05,0.0,0.0,10.0
94,42,0,867.0,11.49031,114.735016,-0.0008260198,-0.00024315219,8.158679,89.3698,1.1,0.0,35.0,0.0,0.01,3000.0,0.1,0.0,1.4266336e-05,0.0,0.0,10.0
51,75,0,854.0,11.421434,70.31727,-0.003634876,0.00016657838,6.0854125,279.2223,0.3,0.0,35.0,0.0,0.05,3000.0,0.015,0.0,1.4342294e-05,0.0,0.0,50.0
18,70,0,783.0,11.3517685,201.2404,-0.0076497383,0.00011507392,7.190307,279.2223,1.1,0.0,35.0,0.0,0.01,3000.0,0.1,0.0,1.45701715e-05,0.0,0.0,10.0
1,67,0,800.0,11.452244,330.19153,0.0008316046,-9.3253795e-05,6.775793,516.01,1.1,0.0,35.0,0.0,0.01,3000.0,0.1,0.0,1.4418253e-05,0.0,0.0,10.0
70,112,0,851.0,11.438266,153.74141,0.0004976853,-0.0017639468,6.0839,395.4155,1.1,0.0,35.0,0.0,0.01,3000.0,0.1,0.0,1.4418253e-05,0.0,0.0,10.0
119,92,0,853.0,11.365087,283.04312,-0.0038851292,0.0020398947,9.086224,199.30678,1.1,0.0,35.0,0.0,0.01,3000.0,0.1,0.0,1.4380273e-05,0.0,0.0,10.0
22,133,0,877.0,11.359061,322.21588,0.0007691342,0.0029088897,6.0910354,282.23746,1.1,0.0,35.0,0.0,0.01,3000.0,0.1,0.0,1.4456232e-05,0.0,0.0,10.0
64,95,0,873.0,11.554284,176.86247,0.0027971356,-3.9763538e-05,6.073532,368.19385,1.1,0.0,35.0,0.0,0.01,3000.0,0.1,0.0,1.4342293e-05,0.0,0.0,10.0
58,2,0,985.0,11.387609,270.0,-0.0051084417,-0.0005602831,8.727515,558.4446,1.1,0.0,35.0,0.0,0.01,3000.0,0.1,0.0,1.4342293e-05,1.567298,0.11279095,10.0
106,63,0,871.0,11.522448,106.14975,0.0018560961,-1.5224703e-05,6.0763674,178.7396,1.1,0.0,35.0,0.0,0.01,3000.0,0.1,0.0,1.4190376e-05,0.0,0.0,10.0
114,24,0,1132.0,11.467047,157.28656,0.004884928,0.001012055,6.081319,282.23746,1.1,0.0,35.0,0.0,0.01,3000.0,0.1,0.0,1.4418253e-05,0.0,0.0,10.0
85,75,0,848.0,11.35101,343.81754,0.0007454378,-0.00020324434,6.0917635,197.70775,1.1,0.0,35.0,0.0,0.01,3000.0,0.1,0.0,1.45701715e-05,0.0,0.0,10.0
18,60,0,791.0,11.363339,293.2666,0.0022742292,0.00020317204,6.7837963,319.25848,1.1,0.0,35.0,0.0,0.01,3000.0,0.1,0.0,1.4418253e-05,1.1734903,0.0,10.0
105,61,0,882.0,11.348887,116.873985,-0.0031866156,-0.00018510202,7.190568,320.91125,1.1,0.0,35.0,0.0,0.01,3000.0,0.1,0.0,1.4418253e-05,0.0,0.0,10.0
41,82,0,843.0,11.510272,138.74811,0.00095139747,-0.0012384877,6.770601,519.2804,1.1,0.0,35.0,0.0,0.01,3000.0,0.1,0.0,1.4304314e-05,0.0,0.0,10.0
33,143,0,860.0,11.550348,140.97614,-0.0009422012,-0.001096744,6.7670293,88.17793,1.1,0.0,35.0,0.0,0.01,3000.0,0.1,0.0,1.4266336e-05,0.0,0.0,10.0
53,82,0,875.0,11.452244,330.19153,-0.0017933366,0.0013672169,6.082646,446.84897,1.1,0.0,35.0,0.0,0.01,3000.0,0.1,0.0,1.4418253e-05,0.0,0.0,10.0
24,58,0,816.0,11.378268,239.52347,0.0071275854,0.000612657,6.089301,125.548035,1.1,0.0,35.0,0.0,0.01,3000.0,0.1,0.0,1.4418253e-05,1.5770186,0.001796987,10.0
61,24,0,867.0,11.530375,291.1824,-0.0045567416,-0.00029470556,7.461955,199.30678,1.1,0.0,35.0,0.0,0.01,3000.0,0.1,0.0,1.4190376e-05,1.7,0.0,10.0
36,112,0,834.0,11.359061,37.78412,0.00051739067,0.0005365429,6.0910354,199.30678,1.1,0.0,35.0,0.0,0.01,3000.0,0.1,0.0,1.4456232e-05,0.0,0.0,10.0
14,135,0,887.0,11.380502,9.600279,0.0027419159,0.0018595565,6.0890994,455.4661,1.1,0.0,35.0,0.0,0.01,3000.0,0.1,0.0,1.4494209e-05,0.0,0.0,10.0
99,19,0,1111.0,11.342561,212.00073,-0.014510563,-0.0013132489,8.490423,268.10938,1.1,0.0,35.0,0.0,0.01,3000.0,0.1,0.0,1.4494209e-05,0.0,0.0,10.0
63,3,0,1066.0,11.510272,221.25189,-0.003396927,-0.0009753309,7.463748,475.74316,0.7,0.0,35.0,0.0,0.1,3000.0,0.035,0.0,1.4304314e-05,0.0,0.0,30.0
48,76,0,854.0,11.521077,230.22156,0.00044075382,-0.00054225075,6.7696366,502.19214,0.3,0.0,35.0,0.0,0.05,3000.0,0.015,0.0,1.4266332e-05,0.0,0.0,50.0
21,143,0,881.0,11.3517685,21.24039,0.0040316503,-0.00011221398,6.091695,368.19385,1.1,0.0,35.0,0.0,0.01,3000.0,0.1,0.0,1.45701715e-05,0.0,0.0,10.0
41,41,0,824.0,11.421434,250.31729,-0.0013377515,0.00047750722,7.184025,197.70775,1.1,0.0,35.0,0.0,0.01,3000.0,0.1,0.0,1.4342293e-05,1.6998624,0.0,10.0
14,7,0,793.0,11.492652,47.984196,-0.0049346862,-0.00063222065,7.17764,268.10938,1.1,0.0,35.0,0.0,0.01,3000.0,0.1,0.0,1.4304314e-05,2.9383638,2.518335,10.0
88,30,0,950.0,11.541645,178.43007,-0.0051918575,-0.00027754751,9.441953,0.0,1.1,0.0,35.0,0.0,0.01,3000.0,0.1,0.0,1.4342293e-05,0.0,0.0,10.0
74,29,0,953.0,11.530375,111.18239,0.0033513228,-8.128301e-05,6.768808,199.30678,1.1,0.0,35.0,0.0,0.01,3000.0,0.1,0.0,1.4190376e-05,0.0,0.0,10.0
39,132,0,850.0,11.508808,326.66406,-0.004065559,0.0010423177,6.0775843,368.19385,1.1,0.0,35.0,0.0,0.01,3000.0,0.1,0.0,1.4342293e-05,0.0,0.0,10.0
114,73,0,884.0,11.436011,168.83708,0.0026093274,0.0007043785,6.77725,625.58856,1.1,0.0,35.0,0.0,0.01,3000.0,0.1,0.0,1.4456232e-05,0.0,0.0,10.0
50,49,0,869.0,11.387609,270.0,-0.00399097,0.0006192603,6.7816057,368.19385,1.1,0.0,35.0,0.0,0.01,3000.0,0.1,0.0,1.4342293e-05,1.597192,0.0,10.0
118,145,0,431.0,11.541645,178.43007,0.015438484,0.0008525639,6.074657,443.04425,1.1,0.0,35.0,0.0,0.01,3000.0,0.1,0.0,1.4342293e-05,0.0,0.0,10.0
84,46,0,825.0,11.379057,306.2759,0.0019785017,-0.0012288019,6.782377,89.3698,0.3,0.0,35.0,0.0,0.05,3000.0,0.015,0.0,1.441825e-05,0.0,0.0,50.0
43,7,0,795.0,11.53823,199.19987,0.0029534644,0.00014748615,6.7681084,279.2223,1.1,0.0,35.0,0.0,0.01,3000.0,0.1,0.0,1.4342293e-05,1.7006176,0.0,10.0
40,78,0,861.0,11.53823,19.199867,0.0038955265,0.0015414129,6.074961,264.5338,1.1,0.0,35.0,0.0,0.01,3000.0,0.1,0.0,1.4342293e-05,0.0,0.0,10.0
53,48,0,865.0,11.541645,358.43008,-0.0053866217,-0.000115967545,7.4609513,176.35587,0.7,0.0,35.0,0.0,0.1,3000.0,0.035,0.0,1.4342293e-05,1.5204238,0.0038678623,30.0
68,79,0,864.0,11.440789,17.703848,0.0026366918,-0.00038212966,6.0836735,88.17793,1.1,0.0,35.0,0.0,0.01,3000.0,0.1,0.0,1.4456232e-05,0.0,0.0,10.0
29,35,0,797.0,11.379057,53.724094,0.0051738597,-0.0005003722,6.782377,320.91125,1.1,0.0,35.0,0.0,0.01,3000.0,0.1,0.0,1.4418253e-05,1.7020633,0.008273021,10.0
23,146,0,883.0,11.510272,138.74811,0.0013117909,0.00019682905,6.0774536,178.7396,1.1,0.0,35.0,0.0,0.01,3000.0,0.1,0.0,1.4304314e-05,0.0,0.0,10.0
90,63,0,802.0,11.508808,213.33595,-0.00795228,0.00090660574,8.023495,125.548035,1.1,0.0,35.0,0.0,0.01,3000.0,0.1,0.0,1.4342293e-05,0.0,0.0,10.0
9,71,0,774.0,11.436011,168.83708,0.0039318632,-0.0007100433,6.0841026,455.4661,1.1,0.0,35.0,0.0,0.01,3000.0,0.1,0.0,1.4456232e-05,0.0,0.0,10.0
105,127,0,292.0,11.550348,140.97614,-0.0036745965,-0.0004125734,7.4601765,125.548035,1.1,0.0,35.0,0.0,0.01,3000.0,0.1,0.0,1.4266336e-05,0.0,0.0,10.0
87,89,0,866.0,11.380502,350.39972,-0.004361864,-0.00081728044,6.7822466,319.25848,1.1,0.0,35.0,0.0,0.01,3000.0,0.1,0.0,1.4494209e-05,0.0,0.0,10.0
89,60,0,842.0,11.342561,212.00073,0.002878496,0.0008195192,6.092528,352.71173,1.1,0.0,35.0,0.0,0.01,3000.0,0.1,0.0,1.4494209e-05,0.0,0.0,10.0
77,70,0,853.0,11.554284,3.1375082,0.000782086,-0.00088247453,6.073532,268.10938,1.1,0.0,35.0,0.0,0.01,3000.0,0.1,0.0,1.4342293e-05,0.0,0.0,10.0
115,55,0,872.0,11.522448,106.14975,-0.00028806613,-0.0012738506,6.0763674,89.3698,1.1,0.0,35.0,0.0,0.01,3000.0,0.1,0.0,1.4190376e-05,0.0,0.0,10.0
40,83,0,840.0,11.378268,120.476524,-0.007347891,0.00013048915,6.7824483,455.4661,1.1,0.0,35.0,0.0,0.01,3000.0,0.1,0.0,1.4418253e-05,0.0,0.0,10.0
50,35,0,809.0,11.508808,33.33595,0.0050312774,-0.00033659136,6.7707314,197.70775,1.1,0.0,35.0,0.0,0.01,3000.0,0.1,0.0,1.4342293e-05,1.5089585,0.0,10.0
25,137,0,833.0,11.363339,113.26657,0.0018253846,-0.002290832,6.7837963,567.6047,1.1,0.0,35.0,0.0,0.01,3000.0,0.1,0.0,1.4418253e-05,0.0,0.0,10.0
67,30,0,961.0,11.499692,167.29108,0.007753968,-6.903645e-05,6.0783987,395.4155,1.1,0.0,35.0,0.0,0.01,3000.0,0.1,0.0,1.4380273e-05,0.0,0.0,10.0
62,13,0,918.0,11.544628,260.41214,-0.0027887651,-0.0011224591,6.0743914,89.3698,1.1,0.0,35.0,0.0,0.01,3000.0,0.1,0.0,1.4114417e-05,0.776572,0.0,10.0
42,96,0,845.0,11.378268,239.52347,0.008648363,0.0005626471,6.089301,279.2223,1.1,0.0,35.0,0.0,0.01,3000.0,0.1,0.0,1.4418253e-05,0.0,0.0,10.0
102,63,0,927.0,11.451105,235.95398,0.0030150376,0.002080618,6.082748,536.21875,1.1,5.0,25.0,0.0,0.01,3000.0,0.1,0.0,5609.5024,0.0,0.0,10.0
117,61,0,870.0,11.539761,121.84803,-0.0029332193,-0.0013131142,6.767972,125.548035,0.7,0.0,35.0,0.0,0.1,3000.0,0.035,0.0,1.4190374e-05,0.0,0.0,30.0
77,62,0,844.0,11.539761,121.84803,0.0053175613,0.00043203426,6.074825,446.84897,1.1,0.0,35.0,0.0,0.01,3000.0,0.1,0.0,1.4190376e-05,0.0,0.0,10.0
1,128,0,830.0,11.378268,120.476524,0.0003612076,0.0002926341,6.7824483,178.7396,1.1,0.0,35.0,0.0,0.01,3000.0,0.1,0.0,1.4418253e-05,0.0,0.0,10.0
61,70,0,865.0,11.438266,206.25859,0.0066565364,-0.0005790515,6.0839,264.5338,0.3,0.0,35.0,0.0,0.05,3000.0,0.015,0.0,1.441825e-05,0.0,0.0,50.0
82,24,0,1035.0,11.847829,279.33334,-0.005890655,-0.0009053407,6.7408795,88.17793,1.1,0.0,35.0,0.0,0.01,3000.0,0.1,0.0,1.3734623e-05,0.0,0.0,10.0
95,18,0,1129.0,12.382558,138.50418,-0.0030630725,5.20265e-05,7.794004,88.17793,0.7,0.0,35.0,0.0,0.1,3000.0,0.035,0.0,1.3278868e-05,0.0,0.0,30.0
107,146,0,182.0,12.419924,140.57228,9.422264e-05,0.0005377815,8.564085,88.17793,1.1,0.0,35.0,0.0,0.01,3000.0,0.1,0.0,1.3240891e-05,0.0,0.0,10.0
81,71,0,849.0,12.195536,355.54596,-0.0045656585,-0.0007913531,7.8097,320.91125,1.1,0.0,35.0,0.0,0.01,3000.0,0.1,0.0,1.3544727e-05,0.0,0.0,10.0
80,117,0,823.0,11.964943,257.63968,0.0016016894,-0.00016327982,6.037607,178.7396,1.1,0.0,35.0,0.0,0.01,3000.0,0.1,0.0,1.3658664e-05,0.0,0.0,10.0
58,32,0,870.0,11.801464,277.7988,0.0031375987,-0.0015391312,6.051767,395.4155,1.1,0.0,35.0,0.0,0.01,3000.0,0.1,0.0,1.3848561e-05,1.6278416,0.06128209,10.0
67,115,0,859.0,11.7238245,330.9698,0.0002139581,-0.0028460298,6.751704,529.0676,1.1,0.0,35.0,0.0,0.01,3000.0,0.1,0.0,1.4076436e-05,0.0,0.0,10.0
80,100,0,884.0,11.854617,206.94339,-0.0034318224,0.0009480943,6.047143,455.4661,1.1,0.0,35.0,0.0,0.01,3000.0,0.1,0.0,1.3924521e-05,0.0,0.0,10.0
78,15,0,1089.0,11.742047,169.13968,-0.0017248879,-0.00022726877,7.666397,251.09607,1.1,0.0,35.0,0.0,0.01,3000.0,0.1,0.0,1.4076436e-05,0.0,0.0,10.0
70,50,0,832.0,11.950882,344.67313,0.002226708,-0.0013485242,6.731965,282.23746,1.1,0.0,35.0,0.0,0.01,3000.0,0.1,0.0,1.3772603e-05,0.0,0.0,10.0
39,136,0,839.0,12.227971,141.71486,-0.0014273687,-0.0025235862,6.7083497,444.71283,1.1,0.0,35.0,0.0,0.01,3000.0,0.1,0.0,1.339281e-05,0.0,0.0,10.0
51,135,0,826.0,11.770472,212.4791,0.005689942,-0.0020102165,6.7476196,88.17793,1.1,0.0,35.0,0.0,0.01,3000.0,0.1,0.0,1.40004795e-05,0.0,0.0,10.0
105,49,0,919.0,12.163778,178.51265,0.0016719897,-0.00019603,7.1192403,282.23746,0.7,0.0,35.0,0.0,0.1,3000.0,0.035,0.0,1.3582704e-05,0.0,0.0,30.0
36,82,0,810.0,12.324816,267.02472,0.0042335703,6.690374e-05,6.0070667,197.70775,1.1,0.0,35.0,0.0,0.01,3000.0,0.1,0.0,1.3240891e-05,0.0,0.0,10.0
92,40,0,892.0,11.607268,143.18501,-0.0004989121,-0.0006083577,6.761977,268.10938,1.1,0.0,35.0,0.0,0.01,3000.0,0.1,0.0,1.4190376e-05,0.0,0.0,10.0
123,88,0,887.0,12.264455,282.04468,0.0047695027,-0.00083928206,6.0121303,694.20044,1.1,0.0,35.0,0.0,0.01,3000.0,0.1,0.0,1.3316848e-05,0.0,0.0,10.0
49,116,0,845.0,12.151996,137.50446,0.00042819823,-0.002624978,7.8133864,443.04425,1.1,0.0,35.0,0.0,0.01,3000.0,0.1,0.0,1.3506746e-05,0.0,0.0,10.0
104,62,0,895.0,12.264455,77.95531,-0.0027964152,-0.00041566856,7.3984246,368.19385,1.1,5.0,25.0,0.0,0.01,3000.0,0.1,0.0,6041.454,0.0,0.0,10.0
55,111,0,863.0,12.372995,84.06539,0.0039331745,0.00038892208,6.0030417,197.70775,1.1,0.0,35.0,0.0,0.01,3000.0,0.1,0.0,1.3164932e-05,0.0,0.0,10.0
112,41,0,952.0,12.292688,288.1961,0.00626387,-0.0011357142,6.009759,176.35587,1.1,5.0,25.0,0.0,0.01,3000.0,0.1,0.0,6058.734,0.0,0.0,10.0
55,137,0,871.0,12.107814,347.95746,0.00588742,4.270474e-05,6.0253806,199.30678,1.1,0.0,35.0,0.0,0.01,3000.0,0.1,0.0,1.3658664e-05,0.0,0.0,10.0
81,74,0,872.0,11.607268,143.18501,-0.0024680833,0.00026493837,6.06883,398.61356,1.1,0.0,35.0,0.0,0.01,3000.0,0.1,0.0,1.4190376e-05,0.0,0.0,10.0
104,123,0,367.0,11.7238245,209.03021,-0.002323361,-0.0014288912,7.4448514,89.3698,1.1,0.0,35.0,0.0,0.01,3000.0,0.1,0.0,1.4076436e-05,0.0,0.0,10.0
69,66,0,852.0,12.419924,140.57228,0.005464923,-0.0021572749,6.6922827,88.17793,1.1,0.0,35.0,0.0,0.01,3000.0,0.1,0.0,1.3240891e-05,0.0,0.0,10.0
75,138,0,811.0,11.712383,86.8642,0.0018895287,-0.0015392182,6.059561,176.35587,1.1,0.0,35.0,0.0,0.01,3000.0,0.1,0.0,1.3924521e-05,0.0,0.0,10.0
58,125,0,867.0,11.6881485,350.66162,0.0036666482,-9.824747e-05,6.061691,376.6441,1.1,0.0,35.0,0.0,0.01,3000.0,0.1,0.0,1.4114417e-05,0.0,0.0,10.0
78,54,0,833.0,11.950828,7.594621,-0.00092603895,-0.00044472844,7.137435,357.4792,1.1,0.0,35.0,0.0,0.01,3000.0,0.1,0.0,1.3848561e-05,0.0,0.0,10.0
73,105,0,854.0,12.039612,85.425255,0.0068908185,-0.0012511022,6.0312,352.71173,1.1,0.0,35.0,0.0,0.01,3000.0,0.1,0.0,1.3544727e-05,0.0,0.0,10.0
26,123,0,843.0,12.312738,88.51135,0.008710636,0.00078419235,6.008078,178.7396,1.1,0.0,35.0,0.0,0.01,3000.0,0.1,0.0,1.3240891e-05,0.0,0.0,10.0
40,13,0,786.0,11.964943,282.36035,-0.0008087758,-0.0011124098,6.7307544,251.09607,1.1,0.0,35.0,0.0,0.01,3000.0,0.1,0.0,1.3658664e-05,1.6986576,0.0,10.0
23,69,0,797.0,12.035426,103.84902,-0.0010147014,-0.00030019242,6.7247057,178.7396,1.1,0.0,35.0,0.0,0.01,3000.0,0.1,0.0,1.3582705e-05,0.0,0.0,10.0
16,141,0,860.0,12.422893,197.74463,0.0030476425,-0.00063877256,5.998889,88.17793,1.1,0.0,35.0,0.0,0.01,3000.0,0.1,0.0,1.3278868e-05,0.0,0.0,10.0
105,51,0,899.0,12.199472,106.76837,-0.005624046,0.0002742452,7.6270456,251.09607,0.7,0.0,35.0,0.0,0.1,3000.0,0.035,0.0,1.3354827e-05,0.0,0.0,30.0
21,20,0,791.0,12.018936,86.94656,0.00046054088,-0.00055954274,6.0329704,125.548035,1.1,0.0,35.0,0.0,0.01,3000.0,0.1,0.0,1.3582705e-05,2.0774078,0.0,10.0
116,127,0,238.0,12.215474,291.51166,-0.0011751892,-3.4228404e-05,9.450244,0.0,1.1,0.0,35.0,0.0,0.01,3000.0,0.1,0.0,1.3354829e-05,0.0,0.0,10.0
105,147,0,198.0,12.002042,108.66696,0.000588239,-0.00032527169,7.9803295,125.548035,1.1,0.0,35.0,0.0,0.01,3000.0,0.1,0.0,1.3620685e-05,0.0,0.0,10.0
39,146,0,896.0,11.906271,287.207,0.003085106,-0.00013223596,6.042668,199.30678,1.1,0.0,35.0,0.0,0.01,3000.0,0.1,0.0,1.3734623e-05,0.0,0.0,10.0
55,68,0,844.0,11.924771,136.46516,0.001246668,-0.0019368725,6.734217,88.17793,1.1,0.0,35.0,0.0,0.01,3000.0,0.1,0.0,1.3734623e-05,0.0,0.0,10.0
48,18,0,796.0,12.390792,122.820595,0.0017476786,0.00030132895,6.001559,251.09607,1.1,0.0,35.0,0.0,0.01,3000.0,0.1,0.0,1.3202911e-05,1.6341853,0.30856287,10.0
105,148,0,198.0,12.1783495,114.85931,0.0034912254,0.0005693004,6.0193944,88.17793,1.1,0.0,35.0,0.0,0.01,3000.0,0.1,0.0,1.339281e-05,0.0,0.0,10.0
55,116,0,862.0,12.282549,335.7224,-0.0012578487,0.00042432096,6.01061,376.6441,1.1,0.0,35.0,0.0,0.01,3000.0,0.1,0.0,1.339281e-05,0.0,0.0,10.0
23,122,0,821.0,11.803897,12.366893,-0.0113621,-0.00012795064,7.660993,363.85785,1.1,0.0,35.0,0.0,0.01,3000.0,0.1,0.0,1.40004795e-05,0.0,0.0,10.0
91,78,0,824.0,12.243383,126.94185,0.00015433559,0.0014800961,6.0139036,176.35587,1.1,0.0,35.0,0.0,0.01,3000.0,0.1,0.0,1.3354829e-05,0.0,0.0,10.0
66,34,0,892.0,11.81757,249.37122,-0.0024184699,-0.0018000092,7.8421235,89.3698,1.1,0.0,35.0,0.0,0.01,3000.0,0.1,0.0,1.3848561e-05,0.0,0.0,10.0
67,133,0,855.0,12.002369,270.0,-0.000604947,-0.0013474665,6.034391,89.3698,1.1,0.0,35.0,0.0,0.01,3000.0,0.1,0.0,1.3582705e-05,0.0,0.0,10.0
20,140,0,852.0,12.197793,147.07701,0.000976116,-0.0007090334,6.01775,320.91125,1.1,0.0,35.0,0.0,0.01,3000.0,0.1,0.0,1.3506746e-05,0.0,0.0,10.0
15,143,0,860.0,11.802059,58.961502,0.0032616649,-0.00069072924,6.0517154,88.17793,1.1,0.0,35.0,0.0,0.01,3000.0,0.1,0.0,1.388654e-05,0.0,0.0,10.0
61,10,0,949.0,12.163778,181.48735,-0.002092776,-1.72124e-05,9.84927,0.0,1.1,0.0,35.0,0.0,0.01,3000.0,0.1,0.0,1.3582705e-05,1.2957709,0.0,10.0
104,69,0,828.0,11.770344,114.0913,-0.008251699,-0.00155551,8.887697,197.70775,1.1,0.0,35.0,0.0,0.01,3000.0,0.1,0.0,1.388654e-05,0.0,0.0,10.0
40,135,0,830.0,11.600752,101.14856,-0.0040861648,-0.002397298,7.678845,320.91125,1.1,0.0,35.0,0.0,0.01,3000.0,0.1,0.0,1.4076436e-05,0.0,0.0,10.0
20,116,0,773.0,12.151996,42.495533,-0.004213032,-0.0011965109,6.714774,197.70775,1.1,0.0,35.0,0.0,0.01,3000.0,0.1,0.0,1.3506746e-05,0.0,0.0,10.0
37,132,0,842.0,12.105181,69.89777,-0.012925882,-0.00023197004,7.124217,519.2804,1.1,0.0,35.0,0.0,0.01,3000.0,0.1,0.0,1.3506746e-05,0.0,0.0,10.0
61,125,0,843.0,11.755231,22.110594,-0.007027147,-0.0011857931,8.001716,593.1232,1.1,0.0,35.0,0.0,0.01,3000.0,0.1,0.0,1.4038458e-05,0.0,0.0,10.0
77,34,0,892.0,12.150573,80.908104,-0.0036760913,-0.0009781804,7.408042,264.5338,1.1,0.0,35.0,0.0,0.01,3000.0,0.1,0.0,1.339281e-05,0.0,0.0,10.0
43,129,0,819.0,11.803897,192.36691,0.00053634786,-0.0018112321,7.1501675,197.70775,1.1,0.0,35.0,0.0,0.01,3000.0,0.1,0.0,1.40004795e-05,0.0,0.0,10.0
94,4,0,1584.0,12.215474,111.511635,0.00076494383,0.0026130057,6.0162563,543.4206,0.7,0.0,35.0,0.0,0.1,3000.0,0.035,0.0,1.3354827e-05,0.0,0.0,30.0
29,114,0,832.0,12.203596,259.42462,-0.004971104,0.0008670753,7.403554,282.23746,1.1,0.0,35.0,0.0,0.01,3000.0,0.1,0.0,1.3354829e-05,0.0,0.0,10.0
97,53,0,863.0,11.733662,274.69785,0.00046376308,-0.0004715456,6.0576944,268.10938,1.1,0.0,35.0,0.0,0.01,3000.0,0.1,0.0,1.3924521e-05,0.0,0.0,10.0
61,46,0,879.0,11.712383,266.8642,0.0035780072,0.00055541826,6.059561,199.30678,1.1,0.0,35.0,0.0,0.01,3000.0,0.1,0.0,1.3924521e-05,1.5639516,0.0,10.0
94,18,0,1147.0,12.382558,138.50418,0.005612003,6.760447e-05,7.100857,125.548035,1.1,0.0,35.0,0.0,0.01,3000.0,0.1,0.0,1.3278868e-05,0.0,0.0,10.0
41,89,0,814.0,11.707313,303.17993,0.0026813818,-0.0023265479,7.1586185,357.4792,1.1,0.0,35.0,0.0,0.01,3000.0,0.1,0.0,1.40004795e-05,0.0,0.0,10.0
76,144,0,859.0,12.035426,76.15097,0.012899099,0.00086084136,6.0315585,251.09607,1.1,0.0,35.0,0.0,0.01,3000.0,0.1,0.0,1.3582705e-05,0.0,0.0,10.0
120,34,0,1069.0,12.243383,233.05815,-0.0046299705,-5.9738555e-05,6.707051,376.6441,1.1,0.0,35.0,0.0,0.01,3000.0,0.1,0.0,1.3354829e-05,0.0,0.0,10.0
55,109,0,839.0,12.145231,29.599998,0.0063609304,-0.0021691541,6.7153482,88.17793,1.1,0.0,35.0,0.0,0.01,3000.0,0.1,0.0,1.3582705e-05,0.0,0.0,10.0
122,65,0,868.0,11.628667,305.35425,-0.0016358385,-0.00049281673,6.0669365,444.71283,1.1,0.0,35.0,0.0,0.01,3000.0,0.1,0.0,1.4076436e-05,0.0,0.0,10.0
17,131,0,833.0,12.411552,25.605446,0.0061150915,0.00083639286,5.999831,178.7396,1.1,0.0,35.0,0.0,0.01,3000.0,0.1,0.0,1.3278868e-05,0.0,0.0,10.0
24,89,0,797.0,11.996871,28.288256,-0.0037701216,0.00068801525,6.72801,197.70775,1.1,0.0,35.0,0.0,0.01,3000.0,0.1,0.0,1.3734623e-05,0.0,0.0,10.0
75,149,0,824.0,11.643118,200.66917,0.001830436,0.00041025257,6.06566,178.7396,1.0,0.0,35.0,0.0,0.1,3000.0,0.035,0.0,1.4190375e-05,0.0,0.0,0.0
46,118,0,849.0,12.182006,220.38356,0.009512933,0.0003007772,6.0190845,176.35587,1.1,0.0,35.0,0.0,0.01,3000.0,0.1,0.0,1.3506746e-05,0.0,0.0,10.0
83,122,0,816.0,12.134729,303.6287,0.002525532,-0.002944687,6.7162395,88.17793,1.1,0.0,35.0,0.0,0.01,3000.0,0.1,0.0,1.3506746e-05,0.0,0.0,10.0
48,19,0,786.0,12.051182,113.47839,-0.0018824135,-0.0010943267,6.7233577,264.5338,1.1,0.0,35.0,0.0,0.01,3000.0,0.1,0.0,1.3582705e-05,1.6247346,0.00080473616,10.0
114,127,0,186.0,11.733662,265.30215,-0.0012133768,-0.0021455875,9.554202,0.0,0.7,0.0,35.0,0.0,0.1,3000.0,0.035,0.0,1.39245185e-05,0.0,0.0,30.0
46,81,0,855.0,11.6881485,170.66162,0.0010394292,0.0014451392,6.061691,199.30678,1.1,0.0,35.0,0.0,0.01,3000.0,0.1,0.0,1.4114417e-05,0.0,0.0,10.0
101,18,0,1159.0,12.107814,192.04254,-0.0027271353,-0.00089576165,6.0253806,89.3698,1.1,0.0,35.0,0.0,0.01,3000.0,0.1,0.0,1.3658664e-05,0.0,0.0,10.0
119,0,0,1388.0,12.035698,196.77705,-0.009880477,-6.090201e-05,6.031535,449.85626,1.0,0.0,35.0,0.0,0.1,3000.0,0.035,0.0,1.3734622e-05,0.0,0.0,0.0
104,149,0,197.0,11.918906,134.3035,-0.0022638307,0.00036762006,10.15245,0.0,1.0,0.0,35.0,0.0,0.1,3000.0,0.035,0.0,1.3734622e-05,0.0,0.0,0.0
76,58,0,848.0,12.292688,108.1961,-0.0008671989,1.1410194e-05,6.009759,395.4155,1.1,0.0,35.0,0.0,0.01,3000.0,0.1,0.0,1.3278868e-05,0.0,0.0,10.0
92,29,0,990.0,11.703675,133.18108,0.005805685,-0.0013533443,6.0603256,89.3698,1.1,0.0,35.0,0.0,0.01,3000.0,0.1,0.0,1.4038458e-05,0.0,0.0,10.0
114,37,0,965.0,11.665137,257.3073,0.0061044255,-0.00028256016,6.0637174,125.548035,1.1,0.0,35.0,0.0,0.01,3000.0,0.1,0.0,1.40004795e-05,0.0,0.0,10.0
59,91,0,873.0,12.06604,300.26526,0.00087168626,-0.00022961132,6.722089,197.70775,1.1,0.0,35.0,0.0,0.01,3000.0,0.1,0.0,1.3582705e-05,0.0,0.0,10.0
9,122,0,786.0,12.199472,286.76837,-0.0051974943,-0.00073304906,6.710755,279.2223,1.1,0.0,35.0,0.0,0.01,3000.0,0.1,0.0,1.3354829e-05,0.0,0.0,10.0
72,132,0,856.0,11.81757,69.3712,0.0011789642,-0.00088266976,6.050364,178.7396,1.1,0.0,35.0,0.0,0.01,3000.0,0.1,0.0,1.3848561e-05,0.0,0.0,10.0
92,117,0,827.0,11.832914,18.689892,-0.012041819,-0.0014096306,7.435323,376.6441,1.1,0.0,35.0,0.0,0.01,3000.0,0.1,0.0,1.3962498e-05,0.0,0.0,10.0
23,131,0,870.0,12.309386,304.8685,0.003604981,0.0009910649,6.008359,357.4792,1.1,0.0,35.0,0.0,0.01,3000.0,0.1,0.0,1.3316848e-05,0.0,0.0,10.0
20,131,0,822.0,11.8759985,210.36313,-0.0009074923,-0.0015037606,8.878502,89.3698,1.1,0.0,35.0,0.0,0.01,3000.0,0.1,0.0,1.388654e-05,0.0,0.0,10.0
74,104,0,844.0,12.344916,265.54208,0.0020521334,-0.002072394,6.005386,279.2223,1.1,0.0,35.0,0.0,0.01,3000.0,0.1,0.0,1.3202911e-05,0.0,0.0,10.0
120,82,0,892.0,12.422893,342.25537,0.008328503,0.001923141,5.998889,251.09607,1.1,0.0,35.0,0.0,0.01,3000.0,0.1,0.0,1.3278868e-05,0.0,0.0,10.0
71,29,0,955.0,12.419924,219.42772,-0.00043813558,-0.0004884559,6.6922827,363.85785,1.1,0.0,35.0,0.0,0.01,3000.0,0.1,0.0,1.3240891e-05,0.0,0.0,10.0
6,121,0,791.0,11.947091,41.37843,0.00041794343,0.00036801884,6.7322917,368.19385,1.1,0.0,35.0,0.0,0.01,3000.0,0.1,0.0,1.3734623e-05,0.0,0.0,10.0
61,110,0,916.0,11.964943,257.63968,0.0021125674,0.0018967477,6.037607,455.4661,1.1,0.0,35.0,0.0,0.01,3000.0,0.1,0.0,1.3658664e-05,0.0,0.0,10.0
116,3,0,1354.0,11.665137,102.692696,-0.0052590286,-0.00076822494,7.4500117,251.09607,1.1,0.0,35.0,0.0,0.01,3000.0,0.1,0.0,1.40004795e-05,0.0,0.0,10.0
1,35,0,822.0,11.8759985,149.63687,-0.008022639,-0.00028609685,6.7384357,88.17793,1.1,0.0,35.0,0.0,0.01,3000.0,0.1,0.0,1.388654e-05,3.2479641,0.0,10.0
59,5,0,1012.0,12.181726,241.78345,0.006797595,0.00048156417,7.1177206,279.2223,1.1,0.0,35.0,0.0,0.01,3000.0,0.1,0.0,1.339281e-05,1.3065794,1.1136171,10.0
24,66,0,820.0,12.047706,169.4265,0.0059187408,0.00023173612,6.030508,251.09607,1.1,0.0,35.0,0.0,0.01,3000.0,0.1,0.0,1.3734623e-05,0.0,0.0,10.0
85,117,0,872.0,11.965528,237.64789,0.010416068,0.00031200363,6.0375566,251.09607,1.1,0.0,35.0,0.0,0.01,3000.0,0.1,0.0,1.3696643e-05,0.0,0.0,10.0
90,17,0,1200.0,12.002369,90.0,-0.005898233,-0.00064444053,7.133003,320.91125,0.7,0.0,35.0,0.0,0.1,3000.0,0.035,0.0,1.3582704e-05,0.0,0.0,30.0
20,20,0,814.0,12.331536,60.47378,0.003308516,-0.00032256724,6.6996517,88.17793,1.1,0.0,35.0,0.0,0.01,3000.0,0.1,0.0,1.3278868e-05,2.1294417,0.0,10.0
89,109,0,853.0,12.193065,129.0356,-0.00084032526,-0.0009783654,6.7112966,125.548035,1.1,0.0,35.0,0.0,0.01,3000.0,0.1,0.0,1.339281e-05,0.0,0.0,10.0
119,1,0,1370.0,12.182006,220.38356,-0.0078006512,-0.00030534356,6.7122316,363.85785,1.1,0.0,35.0,0.0,0.01,3000.0,0.1,0.0,1.3506746e-05,0.0,0.0,10.0
92,91,0,888.0,11.699596,271.5691,-4.351895e-05,-0.00040300316,7.4469786,631.7724,1.1,0.0,35.0,0.0,0.01,3000.0,0.1,0.0,1.3962498e-05,0.0,0.0,10.0
56,128,0,859.0,12.331536,240.4738,0.003041299,-0.00034056243,6.0065045,176.35587,1.1,0.0,35.0,0.0,0.01,3000.0,0.1,0.0,1.3278868e-05,0.0,0.0,10.0
85,39,0,847.0,11.607268,323.18503,-0.00052550726,-0.001993955,7.1674423,88.17793,1.1,0.0,35.0,0.0,0.01,3000.0,0.1,0.0,1.4190376e-05,0.0,0.0,10.0
43,115,0,835.0,12.105503,97.59599,0.00033864504,-0.00018493073,6.7187243,352.71173,1.1,0.0,35.0,0.0,0.01,3000.0,0.1,0.0,1.3468765e-05,0.0,0.0,10.0
32,49,0,844.0,12.140291,46.737343,-0.0035037438,-0.00021752939,6.7157674,516.01,1.1,0.0,35.0,0.0,0.01,3000.0,0.1,0.0,1.3506746e-05,1.701108,0.041684255,10.0
109,107,0,262.0,11.930841,67.93203,-0.0026765473,-0.004589865,11.569975,0.0,1.1,0.0,35.0,0.0,0.01,3000.0,0.1,0.0,1.3696643e-05,0.0,0.0,10.0
60,113,0,894.0,12.195536,184.45404,0.00069454877,0.00073213567,6.0179405,352.71173,1.1,0.0,35.0,0.0,0.01,3000.0,0.1,0.0,1.3544727e-05,0.0,0.0,10.0
90,86,0,911.0,11.847829,80.66665,0.0072562415,0.0014378281,6.0477324,443.04425,1.1,0.0,35.0,0.0,0.01,3000.0,0.1,0.0,1.3734623e-05,0.0,0.0,10.0
64,40,0,862.0,11.811708,126.6214,0.003319804,-0.0008296011,7.1494865,89.3698,1.1,0.0,35.0,0.0,0.01,3000.0,0.1,0.0,1.388654e-05,0.0,0.0,10.0
76,138,0,803.0,12.159802,180.0,-0.008861243,0.00051062787,7.8127246,197.70775,1.1,0.0,35.0,0.0,0.01,3000.0,0.1,0.0,1.3582705e-05,0.0,0.0,10.0
18,112,0,786.0,11.912478,241.065,0.0059236023,-5.0016646e-05,6.0421314,125.548035,1.1,0.0,35.0,0.0,0.01,3000.0,0.1,0.0,1.3734623e-05,0.0,0.0,10.0
43,46,0,810.0,11.600752,258.85144,-0.0024054672,-0.0010173398,7.678845,176.35587,1.1,0.0,35.0,0.0,0.01,3000.0,0.1,0.0,1.4076436e-05,1.7014898,0.2631956,10.0
53,115,0,849.0,11.802059,121.03848,0.0018848481,-0.00075262995,6.0517154,569.27985,1.1,0.0,35.0,0.0,0.01,3000.0,0.1,0.0,1.388654e-05,0.0,0.0,10.0
20,118,0,812.0,12.034078,328.33932,0.0019962403,-0.0016207994,6.724821,125.548035,1.1,0.0,35.0,0.0,0.01,3000.0,0.1,0.0,1.3696643e-05,0.0,0.0,10.0
104,56,0,897.0,11.600752,101.14856,-0.0067746765,-0.00028654796,7.4557014,357.4792,1.1,0.0,35.0,0.0,0.01,3000.0,0.1,0.0,1.4076436e-05,0.0,0.0,10.0
61,25,0,880.0,12.138069,315.3846,-0.0015486259,-0.00025005953,7.121421,251.09607,0.7,0.0,35.0,0.0,0.1,3000.0,0.035,0.0,1.3544725e-05,1.7,0.0,30.0
17,35,0,918.0,11.965528,57.647873,-0.009803657,0.0014896393,6.730704,569.27985,1.1,0.0,35.0,0.0,0.01,3000.0,0.1,0.0,1.3696643e-05,1.527358,0.17675456,10.0
40,149,0,911.0,11.577823,207.66197,0.0060878643,0.0005989395,6.764588,443.04425,1.0,0.0,35.0,0.0,0.1,3000.0,0.035,0.0,1.4266334e-05,0.0,0.0,0.0
122,31,0,1130.0,12.150573,279.0919,0.0007433658,-0.0005850119,6.0217476,597.9203,1.1,0.0,35.0,0.0,0.01,3000.0,0.1,0.0,1.339281e-05,0.0,0.0,10.0
17,130,0,811.0,12.227091,19.610739,0.0018567045,-0.0011203737,6.0152764,197.70775,1.1,0.0,35.0,0.0,0.01,3000.0,0.1,0.0,1.3506746e-05,0.0,0.0,10.0
54,73,0,850.0,12.199472,253.23163,0.0006830999,-0.00034329557,6.0176077,197.70775,1.1,0.0,35.0,0.0,0.01,3000.0,0.1,0.0,1.3354829e-05,0.0,0.0,10.0
19,136,0,846.0,11.746453,319.7784,0.0033224258,0.00040217408,6.0565734,176.35587,1.1,0.0,35.0,0.0,0.01,3000.0,0.1,0.0,1.40004795e-05,0.0,0.0,10.0
109,146,0,139.0,11.746453,139.7784,-0.00082568056,-0.002562997,7.1551857,88.17793,1.1,0.0,35.0,0.0,0.01,3000.0,0.1,0.0,1.40004795e-05,0.0,0.0,10.0
89,102,0,871.0,11.914271,186.08852,-0.002542451,-0.00029714472,7.428271,176.35587,1.1,0.0,35.0,0.0,0.01,3000.0,0.1,0.0,1.388654e-05,0.0,0.0,10.0
54,23,0,909.0,12.324816,272.97528,0.0054440578,0.0041438444,6.0070667,357.4792,1.1,0.0,35.0,0.0,0.01,3000.0,0.1,0.0,1.3240891e-05,1.6262227,2.911742,10.0
75,129,0,872.0,11.765154,62.430275,0.0039200434,-0.0001213348,6.0549374,279.2223,1.1,0.0,35.0,0.0,0.01,3000.0,0.1,0.0,1.3924521e-05,0.0,0.0,10.0
55,30,0,814.0,11.624339,296.1696,0.00078093907,-0.00026622144,7.1659317,176.35587,1.1,0.0,35.0,0.0,0.01,3000.0,0.1,0.0,1.4076436e-05,1.6994722,0.0,10.0
122,17,0,1194.0,11.7115965,289.1619,0.0004465812,-0.00010270483,6.752777,251.09607,1.1,0.0,35.0,0.0,0.01,3000.0,0.1,0.0,1.3962498e-05,0.0,0.0,10.0
94,51,0,828.0,11.746453,220.2216,0.002149278,-0.00025894993,6.7497206,89.3698,1.1,0.0,35.0,0.0,0.01,3000.0,0.1,0.0,1.40004795e-05,0.0,0.0,10.0
0,113,0,787.0,11.924771,43.534832,0.0007052378,-0.0007085101,6.04107,197.70775,1.1,0.0,35.0,0.0,0.01,3000.0,0.1,0.0,1.3734623e-05,0.0,0.0,10.0
71,106,0,869.0,11.885752,184.57393,0.0071514295,0.0005112232,6.0444436,320.91125,1.1,0.0,35.0,0.0,0.01,3000.0,0.1,0.0,1.3924521e-05,0.0,0.0,10.0
51,55,0,850.0,12.159802,180.0,0.0015979292,-0.0005106279,6.020965,199.30678,1.1,0.0,35.0,0.0,0.01,3000.0,0.1,0.0,1.3582705e-05,1.6716022,0.0,10.0
107,123,0,404.0,12.044012,201.53745,0.0075043454,-0.00030622506,6.0308237,357.4792,1.1,0.0,35.0,0.0,0.01,3000.0,0.1,0.0,1.3696643e-05,0.0,0.0,10.0
112,127,0,212.0,12.193065,129.0356,-0.0019894878,-0.0009345907,6.0181494,89.3698,1.1,0.0,35.0,0.0,0.01,3000.0,0.1,0.0,1.339281e-05,0.0,0.0,10.0
69,102,0,873.0,12.227091,19.610739,0.0020675547,-0.00052339176,6.0152764,368.19385,1.1,0.0,35.0,0.0,0.01,3000.0,0.1,0.0,1.3506746e-05,0.0,0.0,10.0
73,40,0,887.0,12.355061,134.34282,-0.0069240127,-0.0003936415,7.9504485,395.4155,1.1,0.0,35.0,0.0,0.01,3000.0,0.1,0.0,1.3278868e-05,0.0,0.0,10.0
40,41,0,802.0,12.1783495,245.14069,-0.001002771,-0.00030043838,7.118006,176.35587,1.1,0.0,35.0,0.0,0.01,3000.0,0.1,0.0,1.339281e-05,1.7,0.0,10.0
79,27,0,980.0,12.390792,237.17941,-0.0027214584,0.00040114188,6.001559,268.10938,1.1,0.0,35.0,0.0,0.01,3000.0,0.1,0.0,1.3202911e-05,0.0,0.0,10.0
79,65,0,829.0,11.571396,14.2363205,0.0052226894,-0.00041764232,6.0720115,376.6441,1.1,0.0,35.0,0.0,0.01,3000.0,0.1,0.0,1.4304314e-05,0.0,0.0,10.0
80,33,0,908.0,12.223247,185.92946,0.0026882775,-0.00040391373,6.0156007,320.91125,1.1,0.0,35.0,0.0,0.01,3000.0,0.1,0.0,1.3506746e-05,0.0,0.0,10.0
5,129,0,854.0,12.243383,306.94183,0.0047526904,0.0023238703,6.0139036,178.7396,1.1,0.0,35.0,0.0,0.01,3000.0,0.1,0.0,1.3354829e-05,0.0,0.0,10.0
116,41,0,1018.0,11.765154,297.56973,0.0052488553,-0.0010469207,6.0549374,251.09607,1.1,0.0,35.0,0.0,0.01,3000.0,0.1,0.0,1.3924521e-05,0.0,0.0,10.0
6,10,0,1143.0,12.215474,68.48835,0.010984171,0.0014536448,6.0162563,251.09607,0.7,0.0,35.0,0.0,0.1,3000.0,0.035,0.0,1.3354827e-05,1.3916646,0.30106363,30.0
9,121,0,786.0,11.929524,227.85727,-0.005526639,-0.0006093623,7.6500974,363.85785,1.1,0.0,35.0,0.0,0.01,3000.0,0.1,0.0,1.3734623e-05,0.0,0.0,10.0
18,108,0,803.0,11.934924,339.87338,0.007629186,0.00063152635,6.0401936,449.85626,1.1,0.0,35.0,0.0,0.01,3000.0,0.1,0.0,1.3848561e-05,0.0,0.0,10.0
99,32,0,1096.0,11.644606,240.31241,0.016113263,0.0023424558,6.0655284,197.70775,0.7,0.0,35.0,0.0,0.1,3000.0,0.035,0.0,1.4076436e-05,0.0,0.0,30.0
20,74,0,795.0,12.411552,205.60545,0.006748648,0.00041097103,5.999831,282.23746,1.1,0.0,35.0,0.0,0.01,3000.0,0.1,0.0,1.3278868e-05,0.0,0.0,10.0
103,19,0,1148.0,11.853064,178.47246,-0.006278453,-0.00081089983,11.330482,0.0,1.1,0.0,35.0,0.0,0.01,3000.0,0.1,0.0,1.3962498e-05,0.0,0.0,10.0
64,138,0,864.0,11.880625,124.47254,-0.00086219487,-0.00092249905,6.7380347,199.30678,1.1,0.0,35.0,0.0,0.01,3000.0,0.1,0.0,1.3772603e-05,0.0,0.0,10.0
60,89,0,863.0,12.366885,325.84973,0.0010552383,-0.0014930671,6.6966987,178.7396,1.1,0.0,35.0,0.0,0.01,3000.0,0.1,0.0,1.3316848e-05,0.0,0.0,10.0
80,103,0,864.0,12.331536,240.4738,0.0062585915,-0.00076206645,6.6996517,443.04425,1.1,0.0,35.0,0.0,0.01,3000.0,0.1,0.0,1.3278868e-05,0.0,0.0,10.0
99,28,0,1070.0,11.6881485,189.33838,-0.009416246,-0.001850962,8.141132,88.17793,1.1,0.0,35.0,0.0,0.01,3000.0,0.1,0.0,1.4114417e-05,0.0,0.0,10.0
58,54,0,852.0,11.643118,159.33083,0.0009537546,-0.00097246945,6.758807,368.19385,1.1,0.0,35.0,0.0,0.01,3000.0,0.1,0.0,1.4190376e-05,1.7,0.00403555,10.0
20,36,0,907.0,12.12783,18.205408,-0.0033152876,0.0010826688,7.4099727,475.74316,1.1,0.0,35.0,0.0,0.01,3000.0,0.1,0.0,1.3620685e-05,1.4360336,0.13694157,10.0
84,89,0,895.0,12.138069,135.38461,7.374402e-05,0.0008405439,6.7159557,279.2223,1.1,0.0,35.0,0.0,0.01,3000.0,0.1,0.0,1.3544727e-05,0.0,0.0,10.0
84,108,0,860.0,11.723026,130.98177,-0.001791319,-0.002067863,6.751774,395.4155,1.1,0.0,35.0,0.0,0.01,3000.0,0.1,0.0,1.40004795e-05,0.0,0.0,10.0
51,22,0,822.0,11.996871,208.28827,0.001438574,8.4568666e-05,6.72801,268.10938,1.1,0.0,35.0,0.0,0.01,3000.0,0.1,0.0,1.3734623e-05,1.7189455,0.25472695,10.0
62,114,0,876.0,11.853064,178.47246,0.0020536997,-0.00014396006,6.047278,319.25848,1.1,0.0,35.0,0.0,0.01,3000.0,0.1,0.0,1.3962498e-05,0.0,0.0,10.0
51,107,0,867.0,11.929524,47.85725,0.010675053,0.0013300638,6.0406594,282.23746,1.1,0.0,35.0,0.0,0.01,3000.0,0.1,0.0,1.3734623e-05,0.0,0.0,10.0
33,41,0,800.0,11.707313,56.82006,0.0060685095,-0.0003450169,6.7531533,251.09607,1.1,0.0,35.0,0.0,0.01,3000.0,0.1,0.0,1.40004795e-05,1.7006786,0.0,10.0
117,87,0,879.0,11.742047,169.13968,0.008189828,-0.00033684872,6.750107,376.6441,1.1,0.0,35.0,0.0,0.01,3000.0,0.1,0.0,1.4076436e-05,0.0,0.0,10.0
2,116,0,807.0,11.718724,25.56563,0.0024560443,0.0012556146,6.0590043,352.71173,1.1,0.0,35.0,0.0,0.01,3000.0,0.1,0.0,1.4076436e-05,0.0,0.0,10.0
119,29,0,1122.0,11.874335,203.52316,0.0046482286,2.194238e-06,7.431727,282.23746,1.1,0.0,35.0,0.0,0.01,3000.0,0.1,0.0,1.388654e-05,0.0,0.0,10.0
59,120,0,852.0,12.408992,262.5966,0.0057021542,-0.00023468754,6.0000443,125.548035,1.1,0.0,35.0,0.0,0.01,3000.0,0.1,0.0,1.31269535e-05,0.0,0.0,10.0
107,58,0,855.0,12.039612,94.57474,-0.0013683916,-0.0012836417,7.8229594,197.70775,1.1,0.0,35.0,0.0,0.01,3000.0,0.1,0.0,1.3544727e-05,0.0,0.0,10.0
24,96,0,787.0,11.854617,206.94339,0.006782792,-0.00030047042,6.047143,197.70775,1.1,0.0,35.0,0.0,0.01,3000.0,0.1,0.0,1.3924521e-05,0.0,0.0,10.0
20,75,0,778.0,12.044012,201.53745,0.004407153,-0.00045074153,6.0308237,320.91125,1.1,0.0,35.0,0.0,0.01,3000.0,0.1,0.0,1.3696643e-05,0.0,0.0,10.0
14,110,0,791.0,12.472845,37.375072,0.0044481955,8.030295e-05,6.687894,376.6441,1.1,0.0,35.0,0.0,0.01,3000.0,0.1,0.0,1.3164932e-05,0.0,0.0,10.0
53,119,0,870.0,13.180364,291.29654,0.004991682,0.0014965027,5.9376855,319.25848,1.1,0.0,35.0,0.0,0.01,3000.0,0.1,0.0,1.2367362e-05,0.0,0.0,10.0
33,70,0,813.0,12.492686,253.64903,0.006235201,0.0003418615,5.993106,176.35587,1.1,0.0,35.0,0.0,0.01,3000.0,0.1,0.0,1.30130165e-05,0.0,0.0,10.0
84,48,0,829.0,12.823754,229.63394,0.0032695667,-0.002019973,5.9660788,197.70775,1.1,0.0,35.0,0.0,0.01,3000.0,0.1,0.0,1.2785138e-05,0.0,0.0,10.0
123,94,0,906.0,12.723764,243.126,0.002266038,0.00079882785,5.974172,543.4206,1.1,0.0,35.0,0.0,0.01,3000.0,0.1,0.0,1.2823118e-05,0.0,0.0,10.0
86,58,0,801.0,12.722418,328.64145,-0.0015049784,-0.000840582,6.667429,282.23746,1.1,0.0,35.0,0.0,0.01,3000.0,0.1,0.0,1.29370555e-05,0.0,0.0,10.0
121,29,0,1160.0,12.962033,189.79646,0.0062778313,0.000471372,5.9549828,455.4661,1.1,0.0,35.0,0.0,0.01,3000.0,0.1,0.0,1.26712e-05,0.0,0.0,10.0
18,94,0,795.0,12.720179,216.50137,0.0017080149,-0.0009444372,6.6676106,502.19214,1.1,0.0,35.0,0.0,0.01,3000.0,0.1,0.0,1.2899076e-05,0.0,0.0,10.0
51,112,0,840.0,12.45665,65.75073,0.0021541244,-0.0022254565,6.689235,443.04425,1.1,0.0,35.0,0.0,0.01,3000.0,0.1,0.0,1.31269535e-05,0.0,0.0,10.0
19,46,0,812.0,12.834765,209.41466,-0.0034274126,-0.0003169257,7.0638037,88.17793,1.1,0.0,35.0,0.0,0.01,3000.0,0.1,0.0,1.2823118e-05,1.8194606,0.062782444,10.0
76,105,0,880.0,12.566136,172.79063,0.010838157,0.0012495784,5.9870524,197.70775,1.1,0.0,35.0,0.0,0.01,3000.0,0.1,0.0,1.31269535e-05,0.0,0.0,10.0
68,59,0,875.0,12.987355,55.56491,0.005000766,0.0002065579,5.952963,357.4792,1.1,0.0,35.0,0.0,0.01,3000.0,0.1,0.0,1.259524e-05,0.0,0.0,10.0
66,58,0,858.0,12.541097,324.6571,0.0074371514,-0.0020196312,5.9891124,199.30678,1.1,0.0,35.0,0.0,0.01,3000.0,0.1,0.0,1.31269535e-05,0.0,0.0,10.0
42,128,0,822.0,12.500559,249.01855,0.0014961248,-0.0014345256,6.6856027,319.25848,1.1,0.0,35.0,0.0,0.01,3000.0,0.1,0.0,1.30130165e-05,0.0,0.0,10.0
46,17,0,802.0,12.722418,328.64145,-0.001757368,0.0004561966,5.974282,199.30678,1.1,0.0,35.0,0.0,0.01,3000.0,0.1,0.0,1.29370555e-05,1.663249,0.0092084985,10.0
111,3,0,1465.0,12.583459,107.74767,0.0067698197,-0.0010200518,7.5950675,440.88968,0.7,0.0,35.0,0.0,0.1,3000.0,0.035,0.0,1.2975035e-05,0.0,0.0,30.0
118,77,0,847.0,13.104649,80.182785,0.0006179414,-0.0007659665,5.9436536,199.30678,1.1,0.0,35.0,0.0,0.01,3000.0,0.1,0.0,1.2405345e-05,0.0,0.0,10.0
83,85,0,879.0,12.657736,349.9574,0.004755481,-0.0003312306,5.9795494,125.548035,1.1,0.0,35.0,0.0,0.01,3000.0,0.1,0.0,1.30130165e-05,0.0,0.0,10.0
53,36,0,813.0,12.794306,357.17572,-8.284421e-05,-0.0011760211,7.0670686,176.35587,1.1,0.0,35.0,0.0,0.01,3000.0,0.1,0.0,1.2899076e-05,1.6574879,0.0,10.0
50,76,0,854.0,12.477268,166.84694,0.0025616742,-0.0007040178,5.9943805,395.4155,1.1,0.0,35.0,0.0,0.01,3000.0,0.1,0.0,1.3240891e-05,0.0,0.0,10.0
1,114,0,784.0,12.598395,61.180637,-0.0011379564,-0.00043672527,6.6775513,197.70775,1.1,0.0,35.0,0.0,0.01,3000.0,0.1,0.0,1.2975035e-05,0.0,0.0,10.0
59,53,0,864.0,13.014969,119.38233,0.006953855,7.374053e-05,5.950764,268.10938,1.1,0.0,35.0,0.0,0.01,3000.0,0.1,0.0,1.25572615e-05,1.6995909,0.0,10.0
51,81,0,856.0,12.477268,346.84695,0.0030271371,7.3374016e-05,5.9943805,282.23746,1.1,0.0,35.0,0.0,0.01,3000.0,0.1,0.0,1.3240891e-05,0.0,0.0,10.0
40,42,0,800.0,13.071718,250.00728,-0.0011614014,-0.0004521749,7.332554,88.17793,1.1,0.0,35.0,0.0,0.01,3000.0,0.1,0.0,1.2481302e-05,1.7,0.0012654767,10.0
29,39,0,793.0,12.919238,90.0,-0.0030837539,-0.001362231,7.7501645,125.548035,1.1,0.0,35.0,0.0,0.01,3000.0,0.1,0.0,1.259524e-05,1.7050451,0.20729463,10.0
51,97,0,873.0,12.565662,336.32172,0.007130738,0.0009120775,5.987091,197.70775,1.1,0.0,35.0,0.0,0.01,3000.0,0.1,0.0,1.31269535e-05,0.0,0.0,10.0
87,66,0,845.0,13.104874,341.7946,0.0133195715,0.0004492877,5.943636,251.09607,1.1,0.0,35.0,0.0,0.01,3000.0,0.1,0.0,1.25572615e-05,0.0,0.0,10.0
22,139,0,854.0,12.622953,159.52777,0.000394271,-5.850221e-05,6.6755395,516.01,1.1,0.0,35.0,0.0,0.01,3000.0,0.1,0.0,1.30130165e-05,0.0,0.0,10.0
68,9,0,1117.0,13.091983,218.71791,0.009550342,-0.0015966137,6.637802,282.23746,1.1,0.0,35.0,0.0,0.01,3000.0,0.1,0.0,1.2519282e-05,0.0,0.0,10.0
118,47,0,1017.0,12.575502,133.3384,0.007641008,0.001728285,5.986283,268.10938,1.1,5.0,25.0,0.0,0.01,3000.0,0.1,0.0,6182.5137,0.0,0.0,10.0
66,24,0,1011.0,13.071125,302.49988,-0.0008202927,0.00089850376,6.6394534,529.0676,1.1,0.0,35.0,0.0,0.01,3000.0,0.1,0.0,1.2481302e-05,0.0,0.0,10.0
79,30,0,928.0,13.103466,232.48239,-0.00024346323,-0.001429599,7.0423594,199.30678,1.1,0.0,35.0,0.0,0.01,3000.0,0.1,0.0,1.2481302e-05,0.0,0.0,10.0
102,13,0,1217.0,13.102515,182.75552,-0.014468791,-0.00149326,10.892582,0.0,0.7,5.0,25.0,0.0,0.1,3000.0,0.035,0.0,10037.631,0.0,0.0,30.0
42,86,0,831.0,12.874282,107.320145,0.0013124316,-0.00023470305,5.9620113,368.19385,1.1,0.0,35.0,0.0,0.01,3000.0,0.1,0.0,1.263322e-05,0.0,0.0,10.0
58,101,0,847.0,12.785846,105.9533,0.00078898063,-0.0011562312,6.6622877,89.3698,1.1,0.0,35.0,0.0,0.01,3000.0,0.1,0.0,1.2747156e-05,0.0,0.0,10.0
12,143,0,886.0,12.485362,2.8965895,0.0027854156,0.00039843557,5.993711,282.23746,1.1,0.0,35.0,0.0,0.01,3000.0,0.1,0.0,1.3240891e-05,0.0,0.0,10.0
96,114,0,732.0,13.179008,173.13887,-0.017005857,-0.002149386,10.470391,0.0,1.1,0.0,35.0,0.0,0.01,3000.0,0.1,0.0,1.2519282e-05,0.0,0.0,10.0
10,67,0,774.0,12.815417,56.74294,0.0018303742,-0.0014378373,6.6598988,567.6047,1.1,0.0,35.0,0.0,0.01,3000.0,0.1,0.0,1.2747156e-05,0.0,0.0,10.0
3,116,0,793.0,12.625816,50.739082,0.0062108636,-0.00025417825,6.6753054,363.85785,1.1,0.0,35.0,0.0,0.01,3000.0,0.1,0.0,1.2975035e-05,0.0,0.0,10.0
19,125,0,848.0,13.164208,305.5808,0.0035236168,0.00062800595,5.9389563,376.6441,1.1,0.0,35.0,0.0,0.01,3000.0,0.1,0.0,1.2405345e-05,0.0,0.0,10.0
22,65,0,809.0,12.563631,281.74454,-0.0031156235,-8.9914916e-05,5.9872584,443.04425,1.1,0.0,35.0,0.0,0.01,3000.0,0.1,0.0,1.2975035e-05,0.0,0.0,10.0
53,70,0,844.0,13.049051,139.32579,0.0027658944,-0.0012997808,5.9480567,88.17793,1.1,0.0,35.0,0.0,0.01,3000.0,0.1,0.0,1.25572615e-05,0.0,0.0,10.0
71,70,0,887.0,12.573576,135.38461,0.0037688492,0.0010158614,5.986441,268.10938,1.1,0.0,35.0,0.0,0.01,3000.0,0.1,0.0,1.30130165e-05,0.0,0.0,10.0
88,124,0,793.0,13.091983,141.28209,-0.015495822,0.0009816546,5.944655,264.5338,1.1,0.0,35.0,0.0,0.01,3000.0,0.1,0.0,1.2519282e-05,0.0,0.0,10.0
92,16,0,1208.0,12.903886,142.37384,0.0059219906,0.00013968014,5.9596353,251.09607,1.1,0.0,35.0,0.0,0.01,3000.0,0.1,0.0,1.26712e-05,0.0,0.0,10.0
80,71,0,860.0,12.969774,35.662224,-0.0011269678,-0.0005208072,6.647512,398.61356,1.1,0.0,35.0,0.0,0.01,3000.0,0.1,0.0,1.263322e-05,0.0,0.0,10.0
88,88,0,869.0,12.573576,224.61539,-0.0036266288,-0.0016503751,6.6795883,443.04425,1.1,0.0,35.0,0.0,0.01,3000.0,0.1,0.0,1.30130165e-05,0.0,0.0,10.0
93,3,0,1587.0,13.160812,281.18643,-0.002551154,0.0034640264,5.9392233,446.84897,1.1,0.0,35.0,0.0,0.01,3000.0,0.1,0.0,1.2367362e-05,0.0,0.0,10.0
69,112,0,861.0,12.849421,156.89372,-0.00041772227,-7.4894706e-05,5.964011,363.85785,1.1,0.0,35.0,0.0,0.01,3000.0,0.1,0.0,1.2823118e-05,0.0,0.0,10.0
122,53,0,963.0,12.485362,177.1034,0.010200739,0.0023546484,5.993711,319.25848,1.1,0.0,35.0,0.0,0.01,3000.0,0.1,0.0,1.3240891e-05,0.0,0.0,10.0
39,108,0,825.0,13.103466,52.482384,0.0024006406,-0.00016452513,5.943747,395.4155,1.1,0.0,35.0,0.0,0.01,3000.0,0.1,0.0,1.2481302e-05,0.0,0.0,10.0
35,78,0,849.0,12.732983,158.19865,0.0036245051,0.00065401103,5.9734235,395.4155,1.1,0.0,35.0,0.0,0.01,3000.0,0.1,0.0,1.29370555e-05,0.0,0.0,10.0
70,9,0,1139.0,13.079818,167.48335,0.002575769,0.00044464032,5.945618,125.548035,1.1,0.0,35.0,0.0,0.01,3000.0,0.1,0.0,1.259524e-05,0.0,0.0,10.0
25,109,0,799.0,12.714604,348.55832,-0.0033750236,-0.0007373818,5.974917,251.09607,1.1,0.0,35.0,0.0,0.01,3000.0,0.1,0.0,1.2975035e-05,0.0,0.0,10.0
63,113,0,882.0,12.598395,118.81936,0.006883001,-0.00051211513,6.6775513,443.04425,1.1,0.0,35.0,0.0,0.01,3000.0,0.1,0.0,1.2975035e-05,0.0,0.0,10.0
99,127,0,377.0,12.6182575,91.45144,-0.021143666,-0.00025628842,11.265981,0.0,1.1,0.0,35.0,0.0,0.01,3000.0,0.1,0.0,1.2899076e-05,0.0,0.0,10.0
41,39,0,847.0,12.897392,248.19504,0.0022629243,0.0009635188,5.960156,363.85785,1.1,0.0,35.0,0.0,0.01,3000.0,0.1,0.0,1.263322e-05,1.6996093,0.0,10.0
76,31,0,912.0,13.104649,80.182785,-0.002615521,-0.00084051787,7.042266,89.3698,1.1,0.0,35.0,0.0,0.01,3000.0,0.1,0.0,1.2405345e-05,0.0,0.0,10.0
113,84,0,883.0,13.160812,258.81357,0.011159517,0.00015009778,5.9392233,529.0676,1.1,0.0,35.0,0.0,0.01,3000.0,0.1,0.0,1.2367362e-05,0.0,0.0,10.0
73,66,0,852.0,12.681293,289.12292,0.003598428,-0.00015474793,6.6707754,197.70775,1.1,0.0,35.0,0.0,0.01,3000.0,0.1,0.0,1.28610955e-05,0.0,0.0,10.0
51,74,0,846.0,12.897392,68.195015,0.0006382394,-0.0008264169,6.653303,197.70775,1.1,0.0,35.0,0.0,0.01,3000.0,0.1,0.0,1.263322e-05,0.0,0.0,10.0
38,135,0,873.0,13.020889,137.35846,-0.0017441479,0.0016969569,5.9502935,480.39087,1.1,0.0,35.0,0.0,0.01,3000.0,0.1,0.0,1.259524e-05,0.0,0.0,10.0
91,53,0,855.0,12.96963,108.66696,0.0035503178,0.0006800028,5.9543767,199.30678,1.1,0.0,35.0,0.0,0.01,3000.0,0.1,0.0,1.25572615e-05,0.0,0.0,10.0
12,131,0,818.0,13.146287,354.50165,0.002243479,-0.00031908732,5.9403677,197.70775,1.1,0.0,35.0,0.0,0.01,3000.0,0.1,0.0,1.25572615e-05,0.0,0.0,10.0
85,110,0,887.0,13.104874,341.7946,0.0055947583,0.0009829003,5.943636,320.91125,1.1,0.0,35.0,0.0,0.01,3000.0,0.1,0.0,1.25572615e-05,0.0,0.0,10.0
50,75,0,876.0,12.598395,118.81936,0.010731931,0.0004317852,5.984404,319.25848,1.1,0.0,35.0,0.0,0.01,3000.0,0.1,0.0,1.2975035e-05,0.0,0.0,10.0
22,64,0,801.0,13.014212,262.954,-0.007426406,-0.00047836476,7.3371186,395.4155,1.1,0.0,35.0,0.0,0.01,3000.0,0.1,0.0,1.2519282e-05,0.0,0.0,10.0
19,129,0,840.0,12.980112,275.64703,0.0065856758,0.00039678992,5.9535403,176.35587,1.1,0.0,35.0,0.0,0.01,3000.0,0.1,0.0,1.25572615e-05,0.0,0.0,10.0
52,54,0,872.0,12.657736,169.9574,-0.0001580569,0.0005438437,5.9795494,320.91125,1.1,0.0,35.0,0.0,0.01,3000.0,0.1,0.0,1.30130165e-05,1.613112,0.0,10.0
96,20,0,1085.0,12.783035,178.58698,-0.0031105943,-0.00052010955,10.338816,0.0,1.1,0.0,35.0,0.0,0.01,3000.0,0.1,0.0,1.2899076e-05,0.0,0.0,10.0
41,67,0,817.0,12.472845,322.62494,0.00050800625,-0.0019531001,6.687894,368.19385,1.1,0.0,35.0,0.0,0.01,3000.0,0.1,0.0,1.3164932e-05,0.0,0.0,10.0
65,57,0,873.0,12.625816,129.26091,0.0057929615,-0.0005627126,5.982158,197.70775,1.1,0.0,35.0,0.0,0.01,3000.0,0.1,0.0,1.2975035e-05,0.0,0.0,10.0
97,48,0,845.0,12.96963,288.66696,-0.00011138253,-0.001600726,7.052989,125.548035,1.1,0.0,35.0,0.0,0.01,3000.0,0.1,0.0,1.25572615e-05,0.0,0.0,10.0
56,61,0,874.0,12.923052,271.41608,0.0023049905,-0.00018647822,5.9581,251.09607,1.1,0.0,35.0,0.0,0.01,3000.0,0.1,0.0,1.259524e-05,0.8494974,0.0,10.0
70,63,0,847.0,13.078895,105.57405,-0.0021051008,-0.00047765023,6.6388383,197.70775,1.1,0.0,35.0,0.0,0.01,3000.0,0.1,0.0,1.2443324e-05,0.0,0.0,10.0
82,28,0,1042.0,12.473775,181.44923,0.0047884565,0.000724505,5.9946694,440.88968,1.1,0.0,35.0,0.0,0.01,3000.0,0.1,0.0,1.3240891e-05,0.0,0.0,10.0
36,98,0,800.0,12.459247,32.12376,-0.00011504533,0.0005940039,5.9958725,88.17793,1.1,0.0,35.0,0.0,0.01,3000.0,0.1,0.0,1.3202911e-05,0.0,0.0,10.0
29,36,0,805.0,13.160812,78.81356,0.0046096635,-0.00030844612,5.9392233,282.23746,1.1,0.0,35.0,0.0,0.01,3000.0,0.1,0.0,1.2367362e-05,1.7017126,0.048730668,10.0
12,132,0,841.0,12.473775,1.4492207,0.005631406,0.00015629634,5.9946694,279.2223,1.1,0.0,35.0,0.0,0.01,3000.0,0.1,0.0,1.3240891e-05,0.0,0.0,10.0
102,49,0,926.0,13.087888,0.0,0.00067318516,0.00068337144,5.944979,363.85785,1.1,0.0,35.0,0.0,0.01,3000.0,0.1,0.0,1.259524e-05,0.0,0.0,10.0
54,71,0,849.0,12.561449,304.04602,0.005724058,-0.0007753593,6.680585,88.17793,1.1,0.0,35.0,0.0,0.01,3000.0,0.1,0.0,1.2975035e-05,0.0,0.0,10.0
39,139,0,870.0,12.45665,294.24927,0.0074811745,0.00012506812,5.996088,516.01,1.1,0.0,35.0,0.0,0.01,3000.0,0.1,0.0,1.31269535e-05,0.0,0.0,10.0
32,143,0,880.0,12.446213,157.65195,0.0068998435,0.00093744765,5.996953,125.548035,1.1,0.0,35.0,0.0,0.01,3000.0,0.1,0.0,1.3240891e-05,0.0,0.0,10.0
83,23,0,1055.0,12.754563,278.64435,-0.0037624023,-0.00031358932,6.66482,88.17793,1.1,0.0,35.0,0.0,0.01,3000.0,0.1,0.0,1.2785138e-05,0.0,0.0,10.0
73,31,0,943.0,13.017396,191.16292,0.0023822032,0.00033568678,5.950571,197.70775,1.1,0.0,35.0,0.0,0.01,3000.0,0.1,0.0,1.263322e-05,0.0,0.0,10.0
97,95,0,904.0,12.8130665,184.23216,0.006304902,0.0025802075,5.9669414,440.88968,1.1,0.0,35.0,0.0,0.01,3000.0,0.1,0.0,1.2899076e-05,0.0,0.0,10.0
77,47,0,839.0,12.86343,308.37253,0.0039779525,-0.0012140133,6.656031,176.35587,1.1,0.0,35.0,0.0,0.01,3000.0,0.1,0.0,1.26712e-05,0.0,0.0,10.0
111,8,0,1325.0,12.799169,132.36996,-0.0044497745,-0.0016091281,9.33536,0.0,0.7,0.0,35.0,0.0,0.1,3000.0,0.035,0.0,1.2785136e-05,0.0,0.0,30.0
15,118,0,797.0,12.723764,296.874,-0.0065998356,-0.00028862988,7.3604665,125.548035,1.1,0.0,35.0,0.0,0.01,3000.0,0.1,0.0,1.2823118e-05,0.0,0.0,10.0
75,29,0,936.0,12.919238,90.0,0.0002803413,-0.00055068906,7.3446994,125.548035,1.1,0.0,35.0,0.0,0.01,3000.0,0.1,0.0,1.259524e-05,0.0,0.0,10.0
57,140,0,870.0,12.866471,298.14285,0.0022562833,-0.00045167026,6.6557865,352.71173,1.1,0.0,35.0,0.0,0.01,3000.0,0.1,0.0,1.26712e-05,0.0,0.0,10.0
16,126,0,825.0,12.86343,128.37253,0.0006944451,-0.000575671,6.656031,176.35587,1.1,0.0,35.0,0.0,0.01,3000.0,0.1,0.0,1.26712e-05,0.0,0.0,10.0
16,127,0,810.0,13.091983,141.28209,-0.0005335441,-0.001224469,6.637802,88.17793,1.1,0.0,35.0,0.0,0.01,3000.0,0.1,0.0,1.2519282e-05,0.0,0.0,10.0
57,60,0,903.0,12.874282,287.32016,0.006316361,0.0015987359,5.9620113,376.6441,1.1,0.0,35.0,0.0,0.01,3000.0,0.1,0.0,1.263322e-05,1.1889453,0.0,10.0
105,21,0,1184.0,13.078895,285.57407,-0.0031730216,-0.00011159689,7.0443034,125.548035,1.1,0.0,35.0,0.0,0.01,3000.0,0.1,0.0,1.2443324e-05,0.0,0.0,10.0
46,12,0,806.0,13.1356325,62.505074,0.007839794,5.1327526e-05,5.9412074,176.35587,1.1,0.0,35.0,0.0,0.01,3000.0,0.1,0.0,1.2405345e-05,1.7006316,0.08357612,10.0
90,73,0,866.0,12.473775,178.55077,0.00799607,0.0014831675,5.9946694,176.35587,1.1,0.0,35.0,0.0,0.01,3000.0,0.1,0.0,1.3240891e-05,0.0,0.0,10.0
46,3,0,824.0,13.104649,279.8172,-5.5837603e-07,-0.00038133212,5.9436536,88.17793,1.1,0.0,35.0,0.0,0.01,3000.0,0.1,0.0,1.2405345e-05,1.6998355,0.036620017,10.0
32,77,0,830.0,12.919238,270.0,0.0065880204,-0.00037678718,5.958405,363.85785,1.1,0.0,35.0,0.0,0.01,3000.0,0.1,0.0,1.259524e-05,0.0,0.0,10.0
109,58,0,863.0,12.996288,296.24615,0.0019508039,-0.0011701882,6.645398,197.70775,1.1,0.0,35.0,0.0,0.01,3000.0,0.1,0.0,1.25572615e-05,0.0,0.0,10.0
79,42,0,876.0,12.565662,156.32172,0.0051401225,0.00044119972,5.987091,319.25848,1.1,0.0,35.0,0.0,0.01,3000.0,0.1,0.0,1.31269535e-05,0.0,0.0,10.0
113,46,0,928.0,13.017396,191.16292,-0.0033048505,0.00024423708,8.348467,176.35587,1.1,5.0,25.0,0.0,0.01,3000.0,0.1,0.0,6368.3794,0.0,0.0,10.0
1,129,0,820.0,13.1356325,117.49492,-0.0011710948,-0.00067737396,6.6343546,125.548035,1.1,0.0,35.0,0.0,0.01,3000.0,0.1,0.0,1.2405345e-05,0.0,0.0,10.0
98,56,0,925.0,13.180364,291.29654,0.004191236,0.002091113,5.9376855,398.61356,1.1,0.0,35.0,0.0,0.01,3000.0,0.1,0.0,1.2367362e-05,0.0,0.0,10.0
54,107,0,846.0,13.179008,173.13887,0.0007274908,-0.0005517151,5.937792,88.17793,1.1,0.0,35.0,0.0,0.01,3000.0,0.1,0.0,1.2519282e-05,0.0,0.0,10.0
90,34,0,898.0,13.025843,228.56386,-0.0005105479,-0.0016746225,6.643047,125.548035,1.1,0.0,35.0,0.0,0.01,3000.0,0.1,0.0,1.25572615e-05,0.0,0.0,10.0
72,31,0,929.0,13.020173,201.27956,-0.0013169628,-0.00127468,6.6434975,176.35587,1.1,0.0,35.0,0.0,0.01,3000.0,0.1,0.0,1.263322e-05,0.0,0.0,10.0
60,127,0,887.0,13.149183,346.14368,0.0014130066,0.00067023037,5.9401393,444.71283,1.1,0.0,35.0,0.0,0.01,3000.0,0.1,0.0,1.2519282e-05,0.0,0.0,10.0
61,136,0,880.0,13.091983,321.2821,0.006999125,-0.0023007297,6.637802,357.4792,1.1,0.0,35.0,0.0,0.01,3000.0,0.1,0.0,1.2519282e-05,0.0,0.0,10.0
114,114,0,240.0,12.723764,63.126003,-0.0021244106,-0.004023353,7.0727844,176.35587,1.1,0.0,35.0,0.0,0.01,3000.0,0.1,0.0,1.2823118e-05,0.0,0.0,10.0
76,18,0,1033.0,12.912921,199.9766,-0.005471369,-0.0001632463,8.523861,197.70775,1.1,0.0,35.0,0.0,0.01,3000.0,0.1,0.0,1.2747156e-05,0.0,0.0,10.0
50,93,0,866.0,12.608212,171.3687,0.0070295413,0.00053506275,5.9835997,125.548035,1.1,0.0,35.0,0.0,0.01,3000.0,0.1,0.0,1.3088971e-05,0.0,0.0,10.0
76,119,0,865.0,12.504647,4.3402686,0.008451188,0.0009073969,5.992118,251.09607,1.1,0.0,35.0,0.0,0.01,3000.0,0.1,0.0,1.3202911e-05,0.0,0.0,10.0
49,76,0,867.0,13.087888,180.0,0.0049815704,0.00050510064,5.944979,443.04425,0.3,0.0,35.0,0.0,0.05,3000.0,0.015,0.0,1.2595239e-05,0.0,0.0,50.0
62,17,0,873.0,12.691424,204.98198,-0.0012961994,-0.00079261506,7.7685623,88.17793,1.1,0.0,35.0,0.0,0.01,3000.0,0.1,0.0,1.2975035e-05,0.8308799,0.0,10.0
84,78,0,877.0,12.630369,103.16418,-0.0011479247,0.000110007415,7.080398,443.04425,1.1,0.0,35.0,0.0,0.01,3000.0,0.1,0.0,1.2899076e-05,0.0,0.0,10.0
65,67,0,901.0,12.999622,104.218315,0.003255431,0.0010720427,5.951986,357.4792,1.1,0.0,35.0,0.0,0.01,3000.0,0.1,0.0,1.2519282e-05,0.0,0.0,10.0
104,21,0,1163.0,12.625816,309.26093,-0.0031563377,0.000582369,5.982158,88.17793,1.1,0.0,35.0,0.0,0.01,3000.0,0.1,0.0,1.2975035e-05,0.0,0.0,10.0
57,2,0,970.0,12.614339,270.0,-0.0030171727,0.00031997534,8.816311,569.27985,1.1,0.0,35.0,0.0,0.01,3000.0,0.1,0.0,1.2899076e-05,1.5579344,0.2903655,10.0
103,142,0,274.0,13.025843,131.43614,-0.0045836316,-0.00020716773,8.147124,88.17793,1.1,0.0,35.0,0.0,0.01,3000.0,0.1,0.0,1.25572615e-05,0.0,0.0,10.0
75,147,0,858.0,13.164208,125.58081,0.011938891,-0.00041988154,5.9389563,251.09607,1.1,0.0,35.0,0.0,0.01,3000.0,0.1,0.0,1.2405345e-05,0.0,0.0,10.0
28,92,0,788.0,12.573576,224.61539,-0.0010666554,-0.0012630305,6.6795883,264.5338,1.1,0.0,35.0,0.0,0.01,3000.0,0.1,0.0,1.30130165e-05,0.0,0.0,10.0
26,35,0,821.0,12.785846,74.04669,-0.0025222923,-0.0008617799,6.6622877,502.19214,1.1,0.0,35.0,0.0,0.01,3000.0,0.1,0.0,1.2747156e-05,1.7086598,0.2712768,10.0
64,18,0,890.0,12.563631,281.74454,-0.008121115,-0.00045466106,10.498117,0.0,1.1,0.0,35.0,0.0,0.01,3000.0,0.1,0.0,1.2975035e-05,0.0,0.0,10.0
79,20,0,1062.0,12.566136,187.20937,0.0010617982,0.00051943184,7.373347,279.2223,1.1,0.0,35.0,0.0,0.01,3000.0,0.1,0.0,1.31269535e-05,0.0,0.0,10.0
48,148,0,891.0,12.614339,90.0,0.008907845,0.00063995074,5.9830976,178.7396,1.1,0.0,35.0,0.0,0.01,3000.0,0.1,0.0,1.2899076e-05,0.0,0.0,10.0
33,133,0,866.0,12.541097,144.65709,0.0037461421,0.00010783188,5.9891124,197.70775,1.1,0.0,35.0,0.0,0.01,3000.0,0.1,0.0,1.31269535e-05,0.0,0.0,10.0
52,102,0,824.0,12.587169,317.42886,-0.0030483392,-0.0010008869,6.678472,125.548035,1.1,0.0,35.0,0.0,0.01,3000.0,0.1,0.0,1.30130165e-05,0.0,0.0,10.0
11,143,0,886.0,12.849932,345.80258,0.0029691414,0.0003116281,5.9639697,368.19385,1.1,0.0,35.0,0.0,0.01,3000.0,0.1,0.0,1.2823118e-05,0.0,0.0,10.0
37,120,0,847.0,12.561449,304.04602,0.0041719577,-0.0015182407,6.680585,320.91125,1.1,0.0,35.0,0.0,0.01,3000.0,0.1,0.0,1.2975035e-05,0.0,0.0,10.0
106,37,0,939.0,12.624399,146.66405,-0.00087792653,-0.00011526367,7.0808864,268.10938,0.7,0.0,35.0,0.0,0.1,3000.0,0.035,0.0,1.2975035e-05,0.0,0.0,30.0
47,144,0,877.0,12.711903,82.77968,0.006838845,-0.00014863073,5.9751363,282.23746,1.1,0.0,35.0,0.0,0.01,3000.0,0.1,0.0,1.2823118e-05,0.0,0.0,10.0
98,73,0,618.0,12.504647,175.65973,-0.03563814,-0.0003505121,10.8284,0.0,1.1,0.0,35.0,0.0,0.01,3000.0,0.1,0.0,1.3202911e-05,0.0,0.0,10.0
106,46,0,920.0,12.934487,87.16961,-0.0022133468,-0.0002672595,7.0557966,268.10938,0.7,0.0,35.0,0.0,0.1,3000.0,0.035,0.0,1.2595238e-05,0.0,0.0,30.0
86,43,0,890.0,13.049051,220.67421,0.003981835,0.0024685932,5.9480567,178.7396,1.1,0.0,35.0,0.0,0.01,3000.0,0.1,0.0,1.25572615e-05,0.0,0.0,10.0
69,40,0,916.0,12.927422,282.84613,0.005612459,-0.00029967297,5.95775,282.23746,1.1,0.0,35.0,0.0,0.01,3000.0,0.1,0.0,1.259524e-05,0.0,0.0,10.0
94,112,0,814.0,12.8130665,184.23216,0.00016716107,-0.00077181717,8.451848,88.17793,1.1,0.0,35.0,0.0,0.01,3000.0,0.1,0.0,1.2899076e-05,0.0,0.0,10.0
86,30,0,972.0,12.86343,128.37253,0.0015631563,-0.00021158464,7.0614963,178.7396,1.1,0.0,35.0,0.0,0.01,3000.0,0.1,0.0,1.26712e-05,0.0,0.0,10.0
57,119,0,844.0,12.789769,134.37938,0.00041398848,-0.0011063131,6.66197,89.3698,1.1,0.0,35.0,0.0,0.01,3000.0,0.1,0.0,1.2823118e-05,0.0,0.0,10.0
49,30,0,808.0,12.432274,51.88021,0.005687473,0.000393154,5.99811,178.7396,1.1,0.0,35.0,0.0,0.01,3000.0,0.1,0.0,1.3164932e-05,1.6965417,0.0,10.0
75,68,0,874.0,12.630733,164.05995,0.0056709624,0.0009998851,5.9817557,197.70775,1.1,0.0,35.0,0.0,0.01,3000.0,0.1,0.0,1.30130165e-05,0.0,0.0,10.0
48,88,0,860.0,12.799169,312.36996,-0.0050477134,-0.00041633987,6.6612105,319.25848,1.1,0.0,35.0,0.0,0.01,3000.0,0.1,0.0,1.2785138e-05,0.0,0.0,10.0
121,37,0,1108.0,12.999622,255.78168,0.005480248,0.00032921284,5.951986,357.4792,1.1,0.0,35.0,0.0,0.01,3000.0,0.1,0.0,1.2519282e-05,0.0,0.0,10.0
38,110,0,839.0,12.587079,244.424,0.0013707473,0.0015943679,5.9853325,264.5338,1.1,0.0,35.0,0.0,0.01,3000.0,0.1,0.0,1.2975035e-05,0.0,0.0,10.0
17,141,0,864.0,12.8728895,172.96904,0.004797844,-0.00041632765,5.9621234,88.17793,1.1,0.0,35.0,0.0,0.01,3000.0,0.1,0.0,1.2823118e-05,0.0,0.0,10.0
116,118,0,218.0,13.071718,289.99274,-0.00012623046,-0.0043008444,6.6394067,88.17793,1.1,0.0,35.0,0.0,0.01,3000.0,0.1,0.0,1.2481302e-05,0.0,0.0,10.0
28,144,0,879.0,12.722418,328.64145,0.0080865165,0.0010444653,5.974282,199.30678,1.1,0.0,35.0,0.0,0.01,3000.0,0.1,0.0,1.29370555e-05,0.0,0.0,10.0
70,7,0,1167.0,13.087888,180.0,-0.0021541924,-0.0011587602,8.429886,279.2223,1.1,0.0,35.0,0.0,0.01,3000.0,0.1,0.0,1.259524e-05,0.0,0.0,10.0
37,98,0,788.0,12.732983,21.801348,-0.0019351568,-0.0009847538,6.6665707,125.548035,1.1,0.0,35.0,0.0,0.01,3000.0,0.1,0.0,1.29370555e-05,0.0,0.0,10.0
76,116,0,837.0,12.614809,112.33702,-0.0015421713,-0.000683312,6.6762066,199.30678,1.1,0.0,35.0,0.0,0.01,3000.0,0.1,0.0,1.29370555e-05,0.0,0.0,10.0
46,124,0,847.0,12.999622,104.218315,0.0031736365,9.486141e-06,5.951986,352.71173,1.1,0.0,35.0,0.0,0.01,3000.0,0.1,0.0,1.2519282e-05,0.0,0.0,10.0
31,111,0,835.0,12.834765,29.414642,0.0035274052,0.00093330495,5.9651914,569.27985,1.1,0.0,35.0,0.0,0.01,3000.0,0.1,0.0,1.2823118e-05,0.0,0.0,10.0
50,146,0,875.0,12.722418,211.35855,0.0034229106,0.000612205,6.667429,176.35587,1.1,0.0,35.0,0.0,0.01,3000.0,0.1,0.0,1.29370555e-05,0.0,0.0,10.0
78,21,0,1045.0,12.816624,221.605,-0.00033386386,0.00011739853,7.5760922,251.09607,1.1,0.0,35.0,0.0,0.01,3000.0,0.1,0.0,1.2785138e-05,0.0,0.0,10.0
95,107,0,874.0,13.014212,82.953995,-0.004006151,0.0032403853,5.9508243,475.74316,1.1,0.0,35.0,0.0,0.01,3000.0,0.1,0.0,1.2519282e-05,0.0,0.0,10.0
62,84,0,876.0,12.73728,305.237,0.005206256,-0.0013785929,6.666222,395.4155,1.1,0.0,35.0,0.0,0.01,3000.0,0.1,0.0,1.28610955e-05,0.0,0.0,10.0
48,89,0,886.0,12.573576,315.3846,0.0021333108,0.0012653501,5.986441,395.4155,1.1,0.0,35.0,0.0,0.01,3000.0,0.1,0.0,1.30130165e-05,0.0,0.0,10.0
63,116,0,863.0,12.616223,319.46597,-0.00014576265,-0.0011719937,6.6760907,282.23746,1.1,0.0,35.0,0.0,0.01,3000.0,0.1,0.0,1.2975035e-05,0.0,0.0,10.0
110,75,0,865.0,12.4528265,278.86252,0.0015181613,0.002006838,5.9964046,282.23746,1.1,0.0,35.0,0.0,0.01,3000.0,0.1,0.0,1.3088971e-05,0.0,0.0,10.0
48,126,0,846.0,12.648635,302.0464,-0.004859057,0.00065534987,5.9802923,395.4155,1.1,0.0,35.0,0.0,0.01,3000.0,0.1,0.0,1.29370555e-05,0.0,0.0,10.0
81,107,0,877.0,12.625816,309.26093,0.0033050703,0.0013757225,5.982158,357.4792,1.1,0.0,35.0,0.0,0.01,3000.0,0.1,0.0,1.2975035e-05,0.0,0.0,10.0
29,96,0,791.0,12.485362,357.10342,0.004928685,-0.0005048271,5.993711,125.548035,1.1,0.0,35.0,0.0,0.01,3000.0,0.1,0.0,1.3240891e-05,0.0,0.0,10.0
83,133,0,848.0,12.834765,150.58534,0.001327564,0.0011610227,6.6583385,199.30678,1.1,0.0,35.0,0.0,0.01,3000.0,0.1,0.0,1.2823118e-05,0.0,0.0,10.0
104,142,0,259.0,13.025843,131.43614,0.00031676548,-0.00022668134,8.147124,125.548035,1.1,0.0,35.0,0.0,0.01,3000.0,0.1,0.0,1.25572615e-05,0.0,0.0,10.0
70,14,0,1051.0,12.823283,153.74141,0.0038708835,-5.28855e-05,5.966117,89.3698,1.1,0.0,35.0,0.0,0.01,3000.0,0.1,0.0,1.2823118e-05,0.0,0.0,10.0
26,64,0,824.0,12.587169,137.42885,-0.0030060327,0.0010157136,5.985325,352.71173,1.1,0.0,35.0,0.0,0.01,3000.0,0.1,0.0,1.30130165e-05,0.0,0.0,10.0
62,15,0,909.0,14.369471,246.5216,0.003574775,-0.00044171038,7.457327,197.70775,1.1,0.0,35.0,0.0,0.01,3000.0,0.1,0.0,1.1303941e-05,0.8173759,0.0,10.0
64,84,0,908.0,14.872137,333.7414,0.0017063484,0.000586132,6.5051136,352.71173,1.1,0.0,35.0,0.0,0.01,3000.0,0.1,0.0,1.1000106e-05,0.0,0.0,10.0
76,59,0,836.0,13.258059,108.23151,-0.0024664192,-0.0008684499,6.624741,475.74316,1.1,0.0,35.0,0.0,0.01,3000.0,0.1,0.0,1.2253427e-05,0.0,0.0,10.0
47,99,0,800.0,14.166974,237.37607,-0.0064691617,-0.0023711857,7.24898,319.25848,1.1,0.0,35.0,0.0,0.01,3000.0,0.1,0.0,1.1493838e-05,0.0,0.0,10.0
63,22,0,906.0,14.093758,293.98706,0.004189647,-0.0004540173,7.254378,319.25848,0.7,0.0,35.0,0.0,0.1,3000.0,0.035,0.0,1.1531814e-05,0.0,0.0,30.0
43,22,0,824.0,13.412346,124.79863,0.00317167,-0.0006471158,6.6127424,319.25848,1.1,0.0,35.0,0.0,0.01,3000.0,0.1,0.0,1.2177466e-05,1.5328054,0.030425167,10.0
102,144,0,293.0,14.248908,104.218315,0.0049597365,-0.00077920925,5.8566756,88.17793,1.1,0.0,35.0,0.0,0.01,3000.0,0.1,0.0,1.13799e-05,0.0,0.0,10.0
46,125,0,837.0,14.787716,107.50091,-0.001062878,-0.0010287955,6.5110683,440.88968,1.1,0.0,35.0,0.0,0.01,3000.0,0.1,0.0,1.0962127e-05,0.0,0.0,10.0
63,34,0,904.0,13.616933,83.27865,-0.0033910973,-0.0013095359,7.983322,178.7396,1.1,0.0,35.0,0.0,0.01,3000.0,0.1,0.0,1.191161e-05,0.0,0.0,10.0
47,21,0,790.0,13.660469,136.3235,0.0009955873,-0.0015354765,6.593712,125.548035,1.1,0.0,35.0,0.0,0.01,3000.0,0.1,0.0,1.1949591e-05,1.5640908,0.1646292,10.0
22,74,0,786.0,13.566443,147.77396,0.0006910567,-0.0005269778,6.6008854,279.2223,1.1,0.0,35.0,0.0,0.01,3000.0,0.1,0.0,1.2101508e-05,0.0,0.0,10.0
38,62,0,839.0,14.432314,270.0,0.0027485637,0.000625465,5.8433356,197.70775,1.1,0.0,35.0,0.0,0.01,3000.0,0.1,0.0,1.1190001e-05,0.96136713,0.0,10.0
108,144,0,188.0,13.315895,96.87985,0.0046333945,0.0002564169,5.927081,176.35587,1.1,0.0,35.0,0.0,0.01,3000.0,0.1,0.0,1.2215447e-05,0.0,0.0,10.0
94,109,0,870.0,14.521521,239.76758,-0.0006724445,0.0012793635,5.8369036,279.2223,1.1,0.0,35.0,0.0,0.01,3000.0,0.1,0.0,1.1190001e-05,0.0,0.0,10.0
64,58,0,857.0,14.202719,150.90057,-0.0002722239,-0.0010957842,6.553207,88.17793,1.1,0.0,35.0,0.0,0.01,3000.0,0.1,0.0,1.1531817e-05,0.0,0.0,10.0
30,137,0,891.0,14.747498,18.591015,0.0020400954,0.00072562037,5.8207693,251.09607,1.1,0.0,35.0,0.0,0.01,3000.0,0.1,0.0,1.11140425e-05,0.0,0.0,10.0
110,133,0,206.0,14.2247,118.01726,0.00052001304,-0.00019007456,6.551595,197.70775,1.1,0.0,35.0,0.0,0.01,3000.0,0.1,0.0,1.1455859e-05,0.0,0.0,10.0
0,18,0,1321.0,14.598258,289.0609,-0.0004998191,0.0013552828,7.4408374,881.77936,1.1,0.0,35.0,0.0,0.01,3000.0,0.1,0.0,1.11140425e-05,1.326099,12.412905,10.0
123,81,0,838.0,13.404008,80.41213,-0.0013628026,0.00025209493,8.117465,376.6441,1.1,0.0,35.0,0.0,0.01,3000.0,0.1,0.0,1.2139487e-05,0.0,0.0,10.0
78,25,0,995.0,13.218872,188.21614,0.004534357,-0.0002108055,6.6278095,251.09607,1.1,0.0,35.0,0.0,0.01,3000.0,0.1,0.0,1.2481302e-05,0.0,0.0,10.0
112,123,0,258.0,13.34574,126.69467,-0.00041142074,-0.00031866497,5.9247594,178.7396,1.1,0.0,35.0,0.0,0.01,3000.0,0.1,0.0,1.2253427e-05,0.0,0.0,10.0
12,25,0,1003.0,13.756188,79.32161,-0.0024873638,0.0009192105,5.893308,89.3698,1.1,0.0,35.0,0.0,0.01,3000.0,0.1,0.0,1.1797672e-05,1.6824236,18.429749,10.0
21,22,0,793.0,14.735824,91.23534,0.00076224346,-0.0010827319,5.821597,197.70775,1.1,0.0,35.0,0.0,0.01,3000.0,0.1,0.0,1.1000106e-05,2.1103773,0.0,10.0
26,81,0,794.0,14.520734,47.259323,0.0069446014,0.00029861252,5.8369603,443.04425,0.7,0.0,35.0,0.0,0.1,3000.0,0.035,0.0,1.1189999e-05,0.0,0.0,30.0
82,50,0,870.0,14.012419,358.7154,0.009950921,0.0007253178,5.87411,363.85785,1.1,0.0,35.0,0.0,0.01,3000.0,0.1,0.0,1.1759694e-05,0.0,0.0,10.0
73,141,0,824.0,13.786054,154.32721,0.00618402,-0.0018358565,5.8910537,125.548035,1.1,0.0,35.0,0.0,0.01,3000.0,0.1,0.0,1.191161e-05,0.0,0.0,10.0
72,20,0,993.0,13.694251,113.30369,-0.0038432856,-0.0005315585,6.5911455,89.3698,1.1,0.0,35.0,0.0,0.01,3000.0,0.1,0.0,1.1873632e-05,0.0,0.0,10.0
80,55,0,836.0,14.216979,96.42517,0.0027090698,0.0005647494,5.8590136,357.4792,1.1,0.0,35.0,0.0,0.01,3000.0,0.1,0.0,1.1417877e-05,0.0,0.0,10.0
89,22,0,1145.0,13.76213,218.07967,0.001707569,-8.333876e-05,5.8928595,446.84897,1.1,0.0,35.0,0.0,0.01,3000.0,0.1,0.0,1.191161e-05,0.0,0.0,10.0
35,79,0,832.0,13.253271,150.07726,0.002560854,7.7247096e-05,5.931968,319.25848,1.1,0.0,35.0,0.0,0.01,3000.0,0.1,0.0,1.2405345e-05,0.0,0.0,10.0
41,20,0,847.0,13.569032,350.66162,0.0051913005,0.0015062427,5.9075403,440.88968,1.1,0.0,35.0,0.0,0.01,3000.0,0.1,0.0,1.2139487e-05,1.6854798,0.21070522,10.0
121,27,0,1188.0,14.598258,250.9391,0.0062290565,-0.00014454398,6.5245466,443.04425,1.1,0.0,35.0,0.0,0.01,3000.0,0.1,0.0,1.11140425e-05,0.0,0.0,10.0
18,119,0,831.0,13.328417,121.772865,0.002168214,0.00042780055,5.9261065,89.3698,1.1,0.0,35.0,0.0,0.01,3000.0,0.1,0.0,1.2253427e-05,0.0,0.0,10.0
114,139,0,248.0,14.108379,299.75778,0.010846866,0.00064346625,5.8670034,368.19385,1.1,0.0,35.0,0.0,0.01,3000.0,0.1,0.0,1.1531817e-05,0.0,0.0,10.0
47,127,0,851.0,13.566443,327.77396,0.00028178009,1.2261894e-05,5.907738,376.6441,1.1,0.0,35.0,0.0,0.01,3000.0,0.1,0.0,1.2101508e-05,0.0,0.0,10.0
51,46,0,855.0,14.321555,34.734776,0.004686767,-0.0013440738,5.851373,178.7396,0.7,0.0,35.0,0.0,0.1,3000.0,0.035,0.0,1.1417878e-05,1.6210514,0.09662671,30.0
86,45,0,858.0,13.816381,258.02332,-0.0051445374,0.000489722,8.085994,199.30678,1.1,0.0,35.0,0.0,0.01,3000.0,0.1,0.0,1.1759694e-05,0.0,0.0,10.0
103,67,0,890.0,14.758045,116.873985,-0.0027678031,0.0029221105,5.8200216,395.4155,1.1,5.0,25.0,0.0,0.01,3000.0,0.1,0.0,7313.8516,0.0,0.0,10.0
67,125,0,891.0,13.68036,318.19806,0.0053391564,0.0013185295,5.8990526,352.71173,1.1,0.0,35.0,0.0,0.01,3000.0,0.1,0.0,1.191161e-05,0.0,0.0,10.0
67,86,0,908.0,13.656376,81.950554,0.0008136611,-0.0012409331,5.900876,443.04425,1.1,0.0,35.0,0.0,0.01,3000.0,0.1,0.0,1.191161e-05,0.0,0.0,10.0
95,133,0,691.0,13.897947,15.743351,0.00070312945,0.0026645074,5.8826466,395.4155,1.1,0.0,35.0,0.0,0.01,3000.0,0.1,0.0,1.1835652e-05,0.0,0.0,10.0
121,81,0,869.0,13.733982,356.06213,0.005723502,0.00065418484,5.8949876,279.2223,1.1,0.0,35.0,0.0,0.01,3000.0,0.1,0.0,1.1949591e-05,0.0,0.0,10.0
85,116,0,871.0,13.747136,290.34473,0.005526773,0.00018521993,5.8939924,319.25848,1.1,0.0,35.0,0.0,0.01,3000.0,0.1,0.0,1.1835652e-05,0.0,0.0,10.0
121,8,0,1292.0,14.364556,197.80907,0.008713965,0.0018621512,5.848246,125.548035,1.1,0.0,35.0,0.0,0.01,3000.0,0.1,0.0,1.1417877e-05,0.0,0.0,10.0
107,147,0,167.0,13.721922,128.82889,-0.0019505809,0.00049014995,10.054784,0.0,1.1,0.0,35.0,0.0,0.01,3000.0,0.1,0.0,1.191161e-05,0.0,0.0,10.0
77,22,0,1004.0,13.520467,257.74667,-0.006077144,0.0005062503,8.39617,199.30678,1.1,0.0,35.0,0.0,0.01,3000.0,0.1,0.0,1.2025549e-05,0.0,0.0,10.0
101,30,0,1102.0,13.730346,146.66405,0.0005265754,0.002761765,5.8952627,197.70775,0.7,0.0,35.0,0.0,0.1,3000.0,0.035,0.0,1.1911609e-05,0.0,0.0,30.0
39,134,0,876.0,14.762002,93.70145,0.0071336715,0.0013489368,5.8197412,368.19385,1.1,0.0,35.0,0.0,0.01,3000.0,0.1,0.0,1.0962127e-05,0.0,0.0,10.0
67,83,0,884.0,13.566443,32.226032,0.0037714443,-0.0009525782,6.6008854,282.23746,1.1,0.0,35.0,0.0,0.01,3000.0,0.1,0.0,1.2101508e-05,0.0,0.0,10.0
40,121,0,829.0,14.215828,108.261955,0.001393164,-0.00021888404,5.8590984,320.91125,1.1,0.0,35.0,0.0,0.01,3000.0,0.1,0.0,1.1417877e-05,0.0,0.0,10.0
70,72,0,868.0,13.333669,142.13953,0.00089062436,-0.0015196224,6.618845,398.61356,1.1,0.0,35.0,0.0,0.01,3000.0,0.1,0.0,1.2253427e-05,0.0,0.0,10.0
88,16,0,1224.0,14.849945,262.62775,-0.0011739554,0.0019687428,5.813529,125.548035,1.1,0.0,35.0,0.0,0.01,3000.0,0.1,0.0,1.0924146e-05,0.0,0.0,10.0
119,94,0,881.0,14.145022,272.57916,0.010857064,0.0043875,5.864301,199.30678,1.1,0.0,35.0,0.0,0.01,3000.0,0.1,0.0,1.1455859e-05,0.0,0.0,10.0
71,71,0,870.0,14.520734,132.74068,-0.0003775506,-0.0010380626,6.5301075,282.23746,1.1,0.0,35.0,0.0,0.01,3000.0,0.1,0.0,1.1190001e-05,0.0,0.0,10.0
103,139,0,341.0,14.621492,127.48767,0.009597457,0.00041135127,5.8297377,251.09607,1.1,0.0,35.0,0.0,0.01,3000.0,0.1,0.0,1.1152021e-05,0.0,0.0,10.0
57,59,0,888.0,14.537941,318.0253,0.0076786345,-0.00019459063,6.5288706,443.04425,1.1,0.0,35.0,0.0,0.01,3000.0,0.1,0.0,1.1190001e-05,1.5187886,0.0,10.0
59,29,0,860.0,13.746429,286.14975,-0.0018437218,-0.00118084,6.992658,282.23746,1.1,0.0,35.0,0.0,0.01,3000.0,0.1,0.0,1.1835652e-05,1.6871386,0.47257647,10.0
68,92,0,897.0,14.00466,121.52679,0.002947619,-0.00017381461,6.567834,251.09607,1.1,0.0,35.0,0.0,0.01,3000.0,0.1,0.0,1.1645755e-05,0.0,0.0,10.0
57,118,0,857.0,14.108379,119.757774,0.001265721,6.1766565e-05,6.5601506,125.548035,1.1,0.0,35.0,0.0,0.01,3000.0,0.1,0.0,1.1531817e-05,0.0,0.0,10.0
69,8,0,1158.0,13.919738,206.83858,0.007192074,0.00046106294,5.8810167,251.09607,1.1,0.0,35.0,0.0,0.01,3000.0,0.1,0.0,1.1797672e-05,0.0,0.0,10.0
70,10,0,1115.0,14.622302,178.77122,0.0005211072,-0.00015538358,5.82968,89.3698,1.1,0.0,35.0,0.0,0.01,3000.0,0.1,0.0,1.1190001e-05,0.0,0.0,10.0
46,47,0,840.0,13.819146,165.51103,0.0013285761,0.00089692045,5.888561,88.17793,1.1,0.0,35.0,0.0,0.01,3000.0,0.1,0.0,1.191161e-05,1.699107,0.0,10.0
67,87,0,905.0,13.843528,87.362305,-0.002194819,-0.0004907686,5.886728,376.6441,1.1,0.0,35.0,0.0,0.01,3000.0,0.1,0.0,1.1721713e-05,0.0,0.0,10.0
19,72,0,787.0,14.1861925,275.1479,-0.00029433865,-0.00044873188,5.8612733,199.30678,1.1,0.0,35.0,0.0,0.01,3000.0,0.1,0.0,1.1455859e-05,0.0,0.0,10.0
12,35,0,909.0,13.253371,203.81677,-0.0035682889,-0.0014065887,7.030573,597.9203,1.1,0.0,35.0,0.0,0.01,3000.0,0.1,0.0,1.2405345e-05,1.5780797,1.954997,10.0
50,86,0,868.0,14.573006,34.02272,0.0026376676,-0.0007137347,5.8332076,368.19385,1.1,0.0,35.0,0.0,0.01,3000.0,0.1,0.0,1.1190001e-05,0.0,0.0,10.0
66,126,0,871.0,13.816381,258.02332,0.005147176,-0.0004160314,5.8887687,449.85626,1.1,0.0,35.0,0.0,0.01,3000.0,0.1,0.0,1.1759694e-05,0.0,0.0,10.0
108,131,0,263.0,14.406815,78.54121,0.004558954,0.00049955025,5.8451815,176.35587,1.1,0.0,35.0,0.0,0.01,3000.0,0.1,0.0,1.1227982e-05,0.0,0.0,10.0
121,140,0,489.0,14.552569,82.469284,-0.0014547738,0.003495202,5.8346734,672.95966,1.1,0.0,35.0,0.0,0.01,3000.0,0.1,0.0,1.1152021e-05,0.0,0.0,10.0
69,23,0,1042.0,13.643665,109.089645,-0.005194179,0.0021094703,5.901843,368.19385,1.1,0.0,35.0,0.0,0.01,3000.0,0.1,0.0,1.191161e-05,0.0,0.0,10.0
79,71,0,873.0,14.567804,16.252157,0.0035893095,0.00044754692,5.8335805,455.4661,1.1,0.0,35.0,0.0,0.01,3000.0,0.1,0.0,1.1227982e-05,0.0,0.0,10.0
36,134,0,878.0,14.853988,322.28412,0.002764584,-0.0005323495,5.813244,368.19385,1.1,0.0,35.0,0.0,0.01,3000.0,0.1,0.0,1.1000106e-05,0.0,0.0,10.0
46,130,0,818.0,13.786054,205.67279,0.003022654,-0.0013870503,6.584201,199.30678,1.1,0.0,35.0,0.0,0.01,3000.0,0.1,0.0,1.191161e-05,0.0,0.0,10.0
81,111,0,846.0,13.222991,134.41345,-0.0014697782,0.00045591927,5.934339,125.548035,1.1,0.0,35.0,0.0,0.01,3000.0,0.1,0.0,1.2367362e-05,0.0,0.0,10.0
40,21,0,852.0,14.123226,252.96432,0.011444396,0.0011771808,5.8659077,363.85785,1.1,0.0,35.0,0.0,0.01,3000.0,0.1,0.0,1.1493838e-05,1.6524154,0.07467187,10.0
3,69,0,811.0,14.831965,103.62366,0.0029263154,0.0007620433,5.8147964,279.2223,1.1,0.0,35.0,0.0,0.01,3000.0,0.1,0.0,1.0924146e-05,0.0,0.0,10.0
42,99,0,797.0,14.17714,257.0285,-0.00755122,-0.0007383263,7.471376,89.3698,1.1,0.0,35.0,0.0,0.01,3000.0,0.1,0.0,1.1455859e-05,0.0,0.0,10.0
116,14,0,1169.0,14.893812,115.23933,-0.0018764348,-0.0016783882,6.9090548,125.548035,1.1,0.0,35.0,0.0,0.01,3000.0,0.1,0.0,1.0848185e-05,0.0,0.0,10.0
92,74,0,831.0,13.371774,105.212006,0.0045820354,-6.18188e-05,5.922738,88.17793,1.1,0.0,35.0,0.0,0.01,3000.0,0.1,0.0,1.2177466e-05,0.0,0.0,10.0
108,34,0,959.0,14.742141,154.83398,-0.0030546004,-0.00065042527,6.9197617,197.70775,1.1,0.0,35.0,0.0,0.01,3000.0,0.1,0.0,1.11140425e-05,0.0,0.0,10.0
55,94,0,865.0,14.520734,312.74066,0.0006522855,-0.0013177113,6.5301075,357.4792,1.1,0.0,35.0,0.0,0.01,3000.0,0.1,0.0,1.1190001e-05,0.0,0.0,10.0
99,45,0,871.0,14.0742235,198.20543,-0.0008011775,-0.0022916447,6.562675,88.17793,1.1,0.0,35.0,0.0,0.01,3000.0,0.1,0.0,1.1683734e-05,0.0,0.0,10.0
114,9,0,1270.0,14.837397,122.35212,-0.005287715,-0.00029457212,6.9130254,268.10938,1.1,0.0,35.0,0.0,0.01,3000.0,0.1,0.0,1.0962127e-05,0.0,0.0,10.0
85,77,0,863.0,13.929752,108.66696,0.0008920546,-0.0005069942,5.8802686,363.85785,1.1,0.0,35.0,0.0,0.01,3000.0,0.1,0.0,1.1683734e-05,0.0,0.0,10.0
20,142,0,858.0,14.171424,340.58856,0.000632917,-0.00086065294,6.5555058,268.10938,1.1,0.0,35.0,0.0,0.01,3000.0,0.1,0.0,1.1569796e-05,0.0,0.0,10.0
105,54,0,900.0,13.520467,102.25332,0.004621053,-0.00025371925,5.911263,199.30678,1.1,0.0,35.0,0.0,0.01,3000.0,0.1,0.0,1.2025549e-05,0.0,0.0,10.0
110,33,0,970.0,13.522389,165.17303,-0.0006562713,-0.0005579302,7.0097275,89.3698,1.1,0.0,35.0,0.0,0.01,3000.0,0.1,0.0,1.2177466e-05,0.0,0.0,10.0
120,41,0,1069.0,14.259202,125.458496,-0.0081706485,0.0016870581,5.8559227,395.4155,1.1,0.0,35.0,0.0,0.01,3000.0,0.1,0.0,1.1417877e-05,0.0,0.0,10.0
58,34,0,866.0,14.515949,276.28662,-0.0034186852,-0.0014912048,7.7832146,446.84897,0.7,0.0,35.0,0.0,0.1,3000.0,0.035,0.0,1.1189999e-05,1.6180768,0.34288865,30.0
115,44,0,974.0,14.339648,204.57152,-0.008313852,0.00015939225,6.9486685,395.4155,1.1,5.0,25.0,0.0,0.01,3000.0,0.1,0.0,7022.882,0.0,0.0,10.0
19,38,0,936.0,14.349494,100.214,0.002366648,-0.0010726987,5.8493404,638.51697,0.7,0.0,35.0,0.0,0.1,3000.0,0.035,0.0,1.130394e-05,1.3524882,0.013710752,30.0
123,52,0,980.0,13.783829,198.61917,0.016099717,0.00018885001,5.8912215,319.25848,1.1,0.0,35.0,0.0,0.01,3000.0,0.1,0.0,1.191161e-05,0.0,0.0,10.0
62,121,0,867.0,13.218872,171.78386,0.0020629917,-0.00036673225,5.9346623,376.6441,1.1,0.0,35.0,0.0,0.01,3000.0,0.1,0.0,1.2481302e-05,0.0,0.0,10.0
63,111,0,890.0,13.2826805,95.513405,-0.0012548775,0.00026602767,6.6228175,519.2804,1.1,0.0,35.0,0.0,0.01,3000.0,0.1,0.0,1.2253427e-05,0.0,0.0,10.0
91,119,0,889.0,13.843528,87.362305,0.012264516,0.00019981714,5.886728,567.6047,1.1,0.0,35.0,0.0,0.01,3000.0,0.1,0.0,1.1721713e-05,0.0,0.0,10.0
45,133,0,829.0,14.344132,356.23663,-0.0004755929,-0.0006472853,6.542877,125.548035,1.1,0.0,35.0,0.0,0.01,3000.0,0.1,0.0,1.1455859e-05,0.0,0.0,10.0
13,123,0,812.0,14.432314,270.0,0.00037480408,-0.0009950581,6.536483,444.71283,1.1,0.0,35.0,0.0,0.01,3000.0,0.1,0.0,1.1190001e-05,0.0,0.0,10.0
111,125,0,243.0,14.259202,125.458496,-0.0016030187,-0.0006995635,6.954535,251.09607,1.1,0.0,35.0,0.0,0.01,3000.0,0.1,0.0,1.1417877e-05,0.0,0.0,10.0
12,44,0,802.0,14.670479,175.0962,-0.0016490908,-0.0016069049,5.826243,319.25848,1.1,0.0,35.0,0.0,0.01,3000.0,0.1,0.0,1.1190001e-05,1.8180664,0.19662192,10.0
95,58,0,817.0,14.645545,247.01031,-0.0026228786,-0.0017882383,6.5211678,89.3698,1.1,0.0,35.0,0.0,0.01,3000.0,0.1,0.0,1.1076065e-05,0.0,0.0,10.0
29,37,0,805.0,14.892071,98.58395,0.00189976,-0.00032760442,5.8105645,251.09607,1.1,0.0,35.0,0.0,0.01,3000.0,0.1,0.0,1.0848185e-05,1.7006115,0.12756537,10.0
117,32,0,1065.0,13.694726,240.74677,0.009773209,0.0005059218,6.5911093,199.30678,1.1,0.0,35.0,0.0,0.01,3000.0,0.1,0.0,1.191161e-05,0.0,0.0,10.0
20,108,0,808.0,13.397639,342.22073,0.001357447,0.0013784973,5.9207335,282.23746,1.1,0.0,35.0,0.0,0.01,3000.0,0.1,0.0,1.2253427e-05,0.0,0.0,10.0
109,140,0,172.0,13.405758,116.873985,0.0010465515,-0.0014669218,6.613252,88.17793,1.1,0.0,35.0,0.0,0.01,3000.0,0.1,0.0,1.2177466e-05,0.0,0.0,10.0
118,36,0,1018.0,13.541264,267.30106,-0.004919719,-0.0014681598,9.087721,125.548035,1.1,0.0,35.0,0.0,0.01,3000.0,0.1,0.0,1.1949591e-05,0.0,0.0,10.0
28,119,0,818.0,14.317774,181.25606,-0.005165589,-0.0003491199,7.2379427,352.71173,1.1,0.0,35.0,0.0,0.01,3000.0,0.1,0.0,1.1493838e-05,0.0,0.0,10.0
58,129,0,859.0,13.5102215,206.25859,-0.0017549943,-0.000723793,6.605197,199.30678,1.1,0.0,35.0,0.0,0.01,3000.0,0.1,0.0,1.2177466e-05,0.0,0.0,10.0
47,19,0,808.0,13.656376,98.04944,0.0003274012,0.0003081949,5.900876,279.2223,1.1,0.0,35.0,0.0,0.01,3000.0,0.1,0.0,1.191161e-05,1.6064844,0.013107216,10.0
75,20,0,982.0,14.5412855,229.01823,-0.008095175,-0.00038445034,9.13132,0.0,1.1,0.0,35.0,0.0,0.01,3000.0,0.1,0.0,1.1190001e-05,0.0,0.0,10.0
44,139,0,877.0,13.988921,338.9413,0.0021222504,9.5920084e-05,6.5690045,352.71173,1.1,0.0,35.0,0.0,0.01,3000.0,0.1,0.0,1.1759694e-05,0.0,0.0,10.0
111,46,0,928.0,13.746738,193.22021,0.007988625,-0.00029314804,6.5871696,178.7396,1.1,5.0,25.0,0.0,0.01,3000.0,0.1,0.0,6732.711,0.0,0.0,10.0
45,18,0,815.0,14.314474,0.0,0.00012266928,0.00023400156,5.8518887,197.70775,1.1,0.0,35.0,0.0,0.01,3000.0,0.1,0.0,1.1493838e-05,1.6198478,0.028753534,10.0
112,46,0,928.0,13.395727,180.0,0.00026286283,0.00023679456,7.019494,197.70775,1.1,5.0,25.0,0.0,0.01,3000.0,0.1,0.0,6565.767,0.0,0.0,10.0
120,90,0,877.0,13.756188,280.6784,0.0036067218,0.00024065038,5.893308,376.6441,0.7,0.0,35.0,0.0,0.1,3000.0,0.035,0.0,1.17976715e-05,0.0,0.0,30.0
66,86,0,935.0,14.053116,79.55891,0.0052731954,0.0012580497,5.871091,502.19214,1.1,0.0,35.0,0.0,0.01,3000.0,0.1,0.0,1.1531817e-05,0.0,0.0,10.0
71,139,0,860.0,13.9173,263.43005,0.005186844,0.0010931737,5.881199,125.548035,1.1,0.0,35.0,0.0,0.01,3000.0,0.1,0.0,1.1683734e-05,0.0,0.0,10.0
33,128,0,830.0,14.877118,349.07385,0.0029719132,-0.0013147978,5.811616,178.7396,1.1,0.0,35.0,0.0,0.01,3000.0,0.1,0.0,1.1038083e-05,0.0,0.0,10.0
47,149,0,895.0,13.455827,106.5224,0.0003366697,0.0011812587,6.609384,282.23746,1.0,0.0,35.0,0.0,0.1,3000.0,0.035,0.0,1.2101507e-05,0.0,0.0,0.0
44,144,0,882.0,14.0886545,329.15472,0.003229289,-0.00021375463,5.8684607,88.17793,1.1,0.0,35.0,0.0,0.01,3000.0,0.1,0.0,1.1645755e-05,0.0,0.0,10.0
13,131,0,822.0,13.218872,8.216144,0.002494584,0.00019077655,5.9346623,176.35587,1.1,0.0,35.0,0.0,0.01,3000.0,0.1,0.0,1.2481302e-05,0.0,0.0,10.0
51,117,0,852.0,13.475025,145.91891,0.00042493534,0.0013356999,5.9147573,363.85785,1.1,0.0,35.0,0.0,0.01,3000.0,0.1,0.0,1.2177466e-05,0.0,0.0,10.0
118,32,0,1074.0,13.308232,196.48872,0.0020610506,0.00013234561,8.325573,282.23746,1.1,0.0,35.0,0.0,0.01,3000.0,0.1,0.0,1.2367362e-05,0.0,0.0,10.0
46,122,0,834.0,14.728204,44.61538,0.004283861,-0.0005280914,6.5152855,176.35587,1.1,0.0,35.0,0.0,0.01,3000.0,0.1,0.0,1.1076065e-05,0.0,0.0,10.0
119,27,0,1145.0,14.515949,263.71338,0.0055383523,0.0016226857,5.8373046,282.23746,1.1,0.0,35.0,0.0,0.01,3000.0,0.1,0.0,1.1190001e-05,0.0,0.0,10.0
69,148,0,855.0,14.312912,137.1736,-0.0011708166,0.0010630778,5.8520026,352.71173,1.1,0.0,35.0,0.0,0.01,3000.0,0.1,0.0,1.1417877e-05,0.0,0.0,10.0
59,61,0,889.0,14.537941,138.02527,0.0036236558,-0.00022540783,5.8357234,480.39087,1.1,0.0,35.0,0.0,0.01,3000.0,0.1,0.0,1.1190001e-05,0.3959917,0.0,10.0
16,20,0,877.0,14.162194,86.13452,0.0031496137,-0.00056007056,5.863037,197.70775,1.1,0.0,35.0,0.0,0.01,3000.0,0.1,0.0,1.1455859e-05,2.8807228,6.5381002,10.0
43,18,0,816.0,14.11559,345.8343,0.001985356,-0.0002578666,5.8664713,197.70775,1.1,0.0,35.0,0.0,0.01,3000.0,0.1,0.0,1.1645755e-05,1.6904515,0.027679961,10.0
24,137,0,862.0,13.575905,112.067955,0.004107612,0.0011055443,5.9070144,519.2804,1.1,0.0,35.0,0.0,0.01,3000.0,0.1,0.0,1.1949591e-05,0.0,0.0,10.0
75,15,0,1042.0,13.9173,276.56995,0.0008253601,-0.001530048,5.881199,88.17793,1.1,0.0,35.0,0.0,0.01,3000.0,0.1,0.0,1.1683734e-05,0.0,0.0,10.0
28,125,0,819.0,14.475087,8.725724,0.0014960351,-0.00036527636,5.840247,176.35587,1.1,0.0,35.0,0.0,0.01,3000.0,0.1,0.0,1.134192e-05,0.0,0.0,10.0
107,149,0,142.0,13.293333,128.60834,-0.0011472104,-0.0014508445,10.285548,0.0,1.0,0.0,35.0,0.0,0.1,3000.0,0.035,0.0,1.2253424e-05,0.0,0.0,0.0
80,32,0,929.0,14.6726265,216.74739,0.0062899636,-0.0007212622,6.924702,282.23746,1.1,0.0,35.0,0.0,0.01,3000.0,0.1,0.0,1.1152021e-05,0.0,0.0,10.0
48,106,0,843.0,14.333918,303.69485,0.0123821525,-0.0006276607,5.8504734,268.10938,1.1,0.0,35.0,0.0,0.01,3000.0,0.1,0.0,1.13799e-05,0.0,0.0,10.0
92,116,0,825.0,13.29538,112.577614,-0.0057705264,-0.002263357,8.326575,319.25848,1.1,0.0,35.0,0.0,0.01,3000.0,0.1,0.0,1.2253427e-05,0.0,0.0,10.0
62,1,0,1085.0,14.803386,219.42772,0.0037021716,-0.0008635763,6.509961,642.604,0.7,0.0,35.0,0.0,0.1,3000.0,0.035,0.0,1.1038083e-05,0.6994913,0.0,30.0
81,135,0,853.0,13.577641,142.96516,0.0033178173,0.0011755682,5.906882,368.19385,1.1,0.0,35.0,0.0,0.01,3000.0,0.1,0.0,1.20635295e-05,0.0,0.0,10.0
10,42,0,870.0,13.664434,255.13397,0.016173638,0.0008022864,5.900263,282.23746,1.1,0.0,35.0,0.0,0.01,3000.0,0.1,0.0,1.191161e-05,1.8982388,0.61281997,10.0
45,72,0,856.0,14.130229,352.33716,-0.0014448228,0.00042820943,6.5585384,519.2804,1.1,0.0,35.0,0.0,0.01,3000.0,0.1,0.0,1.1645755e-05,0.0,0.0,10.0
71,13,0,1064.0,14.64802,176.31822,-0.00096925016,0.00035130486,9.438762,0.0,1.1,0.0,35.0,0.0,0.01,3000.0,0.1,0.0,1.1190001e-05,0.0,0.0,10.0
53,81,0,855.0,14.100245,337.7503,4.3625685e-05,-0.0004993385,6.5607514,455.4661,1.1,0.0,35.0,0.0,0.01,3000.0,0.1,0.0,1.1645755e-05,0.0,0.0,10.0
34,89,0,841.0,13.253271,29.922743,0.0064922576,0.001412627,5.931968,199.30678,1.1,0.0,35.0,0.0,0.01,3000.0,0.1,0.0,1.2405345e-05,0.0,0.0,10.0
123,34,0,1114.0,13.575905,292.06796,-0.005736019,-0.0007825037,5.9070144,597.9203,1.1,0.0,35.0,0.0,0.01,3000.0,0.1,0.0,1.1949591e-05,0.0,0.0,10.0
122,144,0,479.0,14.501835,107.8736,0.020395918,0.0012549439,5.83832,449.85626,1.1,0.0,35.0,0.0,0.01,3000.0,0.1,0.0,1.1190001e-05,0.0,0.0,10.0
54,95,0,864.0,14.742605,311.91388,0.0010273791,-0.0005276163,6.514263,282.23746,1.1,0.0,35.0,0.0,0.01,3000.0,0.1,0.0,1.1038083e-05,0.0,0.0,10.0
117,60,0,884.0,14.621492,127.48767,-0.0008520543,9.412511e-05,5.8297377,197.70775,0.7,0.0,35.0,0.0,0.1,3000.0,0.035,0.0,1.1152021e-05,0.0,0.0,30.0
48,135,0,852.0,14.142857,139.91718,0.0010709716,0.00018282067,5.864461,178.7396,1.1,0.0,35.0,0.0,0.01,3000.0,0.1,0.0,1.1531817e-05,0.0,0.0,10.0
27,42,0,829.0,14.262513,120.86738,-0.00045554573,-0.0009112926,6.5488276,89.3698,1.1,0.0,35.0,0.0,0.01,3000.0,0.1,0.0,1.1417877e-05,1.7001064,0.0021411167,10.0
107,32,0,1016.0,14.505282,148.7348,-0.0019891975,0.00020671841,6.936684,357.4792,0.7,0.0,35.0,0.0,0.1,3000.0,0.035,0.0,1.130394e-05,0.0,0.0,30.0
15,11,0,821.0,14.111841,78.287895,-0.0014973949,-0.0006112587,7.253042,357.4792,1.1,5.0,25.0,0.0,0.01,3000.0,0.1,0.0,6999.6763,3.9539628,6.3792377,10.0
5,127,0,813.0,14.383226,338.23,0.004211091,-0.0011376956,6.540038,199.30678,1.1,0.0,35.0,0.0,0.01,3000.0,0.1,0.0,1.1417877e-05,0.0,0.0,10.0
105,149,0,182.0,14.3004675,135.38461,0.0035466298,0.00048383564,10.057602,0.0,1.0,0.0,35.0,0.0,0.1,3000.0,0.035,0.0,1.14178765e-05,0.0,0.0,0.0
31,75,0,790.0,14.162194,273.86548,-0.002229027,-0.00064101646,7.6547966,279.2223,1.1,0.0,35.0,0.0,0.01,3000.0,0.1,0.0,1.1455859e-05,0.0,0.0,10.0
102,145,0,274.0,13.228798,136.35532,-0.00058483105,-0.0006441494,6.6270313,176.35587,1.1,0.0,35.0,0.0,0.01,3000.0,0.1,0.0,1.2367362e-05,0.0,0.0,10.0
108,24,0,1261.0,14.197541,127.23982,0.0081605585,0.0020833113,5.86044,502.19214,0.7,0.0,35.0,0.0,0.1,3000.0,0.035,0.0,1.1493837e-05,0.0,0.0,30.0
14,122,0,833.0,13.721922,308.82892,0.005696342,-0.00052049314,6.589048,440.88968,1.1,0.0,35.0,0.0,0.01,3000.0,0.1,0.0,1.191161e-05,0.0,0.0,10.0
44,18,0,815.0,14.317774,1.256058,0.001337978,0.0002365591,6.9502606,176.35587,1.1,0.0,35.0,0.0,0.01,3000.0,0.1,0.0,1.1493838e-05,1.664271,0.029803813,10.0
43,104,0,800.0,13.885739,264.73575,0.0010498615,-8.646702e-05,5.8835607,178.7396,1.1,0.0,35.0,0.0,0.01,3000.0,0.1,0.0,1.1683734e-05,0.0,0.0,10.0
68,93,0,884.0,13.590081,125.90229,0.0020534794,-0.00031058435,6.5990777,197.70775,1.1,0.0,35.0,0.0,0.01,3000.0,0.1,0.0,1.2025549e-05,0.0,0.0,10.0
99,21,0,1124.0,14.470559,282.6927,-2.3422203e-05,0.00042553394,6.533721,268.10938,1.1,0.0,35.0,0.0,0.01,3000.0,0.1,0.0,1.1190001e-05,0.0,0.0,10.0
11,26,0,1007.0,13.676727,63.721474,-0.006990462,-0.0011946592,8.297224,88.17793,1.1,0.0,35.0,0.0,0.01,3000.0,0.1,0.0,1.191161e-05,1.3731173,13.201094,10.0
91,45,0,902.0,13.34574,126.69467,0.00042785332,0.0029988992,5.9247594,357.4792,1.1,0.0,35.0,0.0,0.01,3000.0,0.1,0.0,1.2253427e-05,0.0,0.0,10.0
73,148,0,822.0,14.84587,199.73732,-0.0020405082,-0.0009326912,6.5069633,88.17793,1.1,0.0,35.0,0.0,0.01,3000.0,0.1,0.0,1.1038083e-05,0.0,0.0,10.0
85,128,0,810.0,13.480437,40.80505,0.0016493974,-0.0018506179,6.6074877,178.7396,1.1,0.0,35.0,0.0,0.01,3000.0,0.1,0.0,1.2139487e-05,0.0,0.0,10.0
113,7,0,1322.0,14.742141,154.83398,-0.00493964,-0.0005286271,8.0183735,199.30678,1.1,0.0,35.0,0.0,0.01,3000.0,0.1,0.0,1.11140425e-05,0.0,0.0,10.0
55,37,0,829.0,13.78917,331.39807,-0.009281883,-0.000112702844,8.981861,319.25848,1.1,0.0,35.0,0.0,0.01,3000.0,0.1,0.0,1.191161e-05,1.6064553,0.0,10.0
86,124,0,855.0,16.49764,105.54764,0.0046376963,0.0010765473,5.702873,319.25848,1.1,0.0,35.0,0.0,0.01,3000.0,0.1,0.0,9.746785e-06,0.0,0.0,10.0
80,145,0,798.0,15.417516,25.216106,-0.0015174138,0.00012766293,6.467365,251.09607,1.1,0.0,35.0,0.0,0.01,3000.0,0.1,0.0,1.06203115e-05,0.0,0.0,10.0
63,15,0,930.0,15.601493,239.49112,0.0049348515,-0.00021962651,7.3711934,251.09607,1.1,0.0,35.0,0.0,0.01,3000.0,0.1,0.0,1.0392434e-05,0.0,0.0,10.0
111,32,0,985.0,15.122328,170.46654,-0.0028146685,-0.0003949804,9.126701,0.0,1.1,0.0,35.0,0.0,0.01,3000.0,0.1,0.0,1.0810208e-05,0.0,0.0,10.0
35,88,0,796.0,14.9668665,48.887154,0.00022846866,-0.0013648134,6.498468,89.3698,1.1,0.0,35.0,0.0,0.01,3000.0,0.1,0.0,1.0848185e-05,0.0,0.0,10.0
89,120,0,907.0,16.825577,167.1729,0.0040678065,0.0018164079,5.6820354,543.4206,1.1,0.0,35.0,0.0,0.01,3000.0,0.1,0.0,9.708805e-06,0.0,0.0,10.0
7,69,0,792.0,16.200579,174.47487,0.0011040468,-0.00012000568,5.722069,376.6441,1.1,0.0,35.0,0.0,0.01,3000.0,0.1,0.0,1.0088599e-05,0.0,0.0,10.0
40,138,0,865.0,14.940177,314.52942,-0.0016744926,0.00085857447,6.500336,516.01,1.1,0.0,35.0,0.0,0.01,3000.0,0.1,0.0,1.0924146e-05,0.0,0.0,10.0
46,105,0,841.0,16.631615,204.33348,0.00472734,0.0015502261,5.6943164,125.548035,1.1,0.0,35.0,0.0,0.01,3000.0,0.1,0.0,9.746785e-06,0.0,0.0,10.0
64,83,0,888.0,16.216137,316.16922,-0.00034402902,0.00021959835,6.414203,264.5338,1.1,0.0,35.0,0.0,0.01,3000.0,0.1,0.0,1.0012641e-05,0.0,0.0,10.0
72,73,0,878.0,15.935404,322.59613,-0.002047343,0.0004693768,5.7394705,319.25848,1.1,0.0,35.0,0.0,0.01,3000.0,0.1,0.0,1.0202536e-05,0.0,0.0,10.0
77,12,0,1069.0,15.831785,294.82962,-0.0013949221,-0.002594287,10.743553,0.0,1.1,0.0,35.0,0.0,0.01,3000.0,0.1,0.0,1.0240517e-05,0.0,0.0,10.0
67,140,0,864.0,15.302218,5.8681116,0.0044543142,0.0002333757,5.7820964,88.17793,1.1,0.0,35.0,0.0,0.01,3000.0,0.1,0.0,1.0696271e-05,0.0,0.0,10.0
26,34,0,816.0,16.28146,77.66902,-0.0009052787,-0.000626617,6.815424,443.04425,1.1,0.0,35.0,0.0,0.01,3000.0,0.1,0.0,9.898703e-06,1.7075433,0.30659038,10.0
4,7,0,1128.0,14.944801,17.064497,0.009491554,0.0019590901,5.806865,357.4792,1.1,0.0,35.0,0.0,0.01,3000.0,0.1,0.0,1.0962127e-05,1.4420203,1.7705374,10.0
64,69,0,875.0,15.151575,164.4194,0.0005077829,-0.001188146,6.4856186,443.04425,1.1,0.0,35.0,0.0,0.01,3000.0,0.1,0.0,1.0810208e-05,0.0,0.0,10.0
61,137,0,903.0,15.848159,285.0504,0.007277157,0.001299483,5.7452526,368.19385,1.1,0.0,35.0,0.0,0.01,3000.0,0.1,0.0,1.0202536e-05,0.0,0.0,10.0
37,86,0,816.0,15.924715,289.7458,0.0022880847,7.025333e-05,5.7401776,197.70775,1.1,0.0,35.0,0.0,0.01,3000.0,0.1,0.0,1.0126579e-05,0.0,0.0,10.0
41,124,0,830.0,15.8258295,288.66696,0.00078054785,-0.0011627921,6.439884,475.74316,1.1,0.0,35.0,0.0,0.01,3000.0,0.1,0.0,1.0202536e-05,0.0,0.0,10.0
35,75,0,843.0,15.700356,29.840378,0.007641647,-0.0006513953,5.755113,319.25848,1.1,0.0,35.0,0.0,0.01,3000.0,0.1,0.0,1.0392434e-05,0.0,0.0,10.0
71,147,0,862.0,15.520447,126.30841,0.0048176926,0.0006689082,5.767229,251.09607,1.1,0.0,35.0,0.0,0.01,3000.0,0.1,0.0,1.0468393e-05,0.0,0.0,10.0
98,44,0,884.0,16.636005,223.8517,0.008381616,-0.0011424221,6.387184,176.35587,1.1,0.0,35.0,0.0,0.01,3000.0,0.1,0.0,9.746785e-06,0.0,0.0,10.0
54,1,0,917.0,15.704371,264.21274,0.0033470688,-0.00085079443,5.754844,475.74316,1.1,0.0,35.0,0.0,0.01,3000.0,0.1,0.0,1.0278497e-05,1.5693127,0.20334688,10.0
107,31,0,1037.0,15.610755,162.52116,-0.0029593336,-0.00039886942,8.651504,368.19385,1.1,0.0,35.0,0.0,0.01,3000.0,0.1,0.0,1.0468393e-05,0.0,0.0,10.0
2,19,0,1364.0,15.528885,11.615637,0.009627613,0.00070284796,5.766658,817.6323,1.1,0.0,35.0,0.0,0.01,3000.0,0.1,0.0,1.0506372e-05,1.270648,0.40247363,10.0
64,54,0,863.0,15.575657,355.3951,0.0041120336,9.6872194e-05,5.763498,199.30678,1.1,0.0,35.0,0.0,0.01,3000.0,0.1,0.0,1.0468393e-05,0.0,0.0,10.0
46,115,0,848.0,15.999524,275.67453,-0.0011232267,-0.00030610542,6.8338513,440.88968,1.1,0.0,35.0,0.0,0.01,3000.0,0.1,0.0,1.0088599e-05,0.0,0.0,10.0
72,11,0,1098.0,15.850269,210.81976,0.0017534981,-0.0013439687,6.4382596,89.3698,1.1,0.0,35.0,0.0,0.01,3000.0,0.1,0.0,1.0278497e-05,0.0,0.0,10.0
107,140,0,214.0,15.314773,113.16749,0.0012346341,-0.00015375623,6.474383,176.35587,1.1,0.0,35.0,0.0,0.01,3000.0,0.1,0.0,1.058233e-05,0.0,0.0,10.0
42,109,0,861.0,16.118502,348.8371,0.0072977776,0.0010504001,5.7274275,376.6441,1.1,0.0,35.0,0.0,0.01,3000.0,0.1,0.0,1.0088599e-05,0.0,0.0,10.0
19,36,0,922.0,16.61621,26.740257,0.00352289,0.0007418831,6.3884444,516.01,1.1,0.0,35.0,0.0,0.01,3000.0,0.1,0.0,9.746785e-06,1.3956786,0.13398068,10.0
65,6,0,1055.0,16.36836,209.68628,-0.0019288621,-0.00025208978,7.6570992,176.35587,1.1,0.0,35.0,0.0,0.01,3000.0,0.1,0.0,9.93668e-06,0.0,0.0,10.0
58,35,0,877.0,16.632454,298.3293,-0.0010173477,-0.0008505171,6.38741,455.4661,1.1,0.0,35.0,0.0,0.01,3000.0,0.1,0.0,9.708805e-06,1.6050988,0.39519572,10.0
0,111,0,783.0,15.083043,85.17227,0.002247436,-0.0014315259,5.797222,89.3698,1.1,0.0,35.0,0.0,0.01,3000.0,0.1,0.0,1.0734249e-05,0.0,0.0,10.0
26,122,0,842.0,15.371951,47.106163,0.0064437487,0.0009132853,5.777325,199.30678,1.1,0.0,35.0,0.0,0.01,3000.0,0.1,0.0,1.058233e-05,0.0,0.0,10.0
90,83,0,847.0,15.884806,51.851234,0.0005893158,-0.0015599267,6.4359674,251.09607,1.1,0.0,35.0,0.0,0.01,3000.0,0.1,0.0,1.0202536e-05,0.0,0.0,10.0
100,113,0,817.0,16.5276,87.80973,0.023066364,0.0019929088,5.7009544,319.25848,1.1,0.0,35.0,0.0,0.01,3000.0,0.1,0.0,9.746785e-06,0.0,0.0,10.0
120,26,0,1165.0,15.380434,265.27036,0.0013012799,0.00030327012,5.776746,319.25848,1.1,0.0,35.0,0.0,0.01,3000.0,0.1,0.0,1.0468393e-05,0.0,0.0,10.0
67,42,0,862.0,16.520067,240.19345,0.0012551823,-0.00079395436,6.3945837,125.548035,1.1,0.0,35.0,0.0,0.01,3000.0,0.1,0.0,9.746785e-06,0.0,0.0,10.0
21,118,0,835.0,15.293021,335.84454,0.0064420113,0.0011230168,5.7827272,199.30678,1.1,0.0,35.0,0.0,0.01,3000.0,0.1,0.0,1.0696271e-05,0.0,0.0,10.0
104,145,0,250.0,16.85501,94.293434,0.0034255318,0.00059506274,5.680183,88.17793,1.1,0.0,35.0,0.0,0.01,3000.0,0.1,0.0,9.556887e-06,0.0,0.0,10.0
34,80,0,811.0,16.311117,188.79791,0.003933644,-8.1317456e-05,5.71489,197.70775,1.1,0.0,35.0,0.0,0.01,3000.0,0.1,0.0,1.0012641e-05,0.0,0.0,10.0
14,128,0,814.0,15.001147,174.00792,0.004777771,-0.00037318657,5.802925,125.548035,1.1,0.0,35.0,0.0,0.01,3000.0,0.1,0.0,1.0924146e-05,0.0,0.0,10.0
104,53,0,928.0,15.6557045,86.520065,0.0033350626,0.0010886234,5.7581086,268.10938,0.7,0.0,35.0,0.0,0.1,3000.0,0.035,0.0,1.0316475e-05,0.0,0.0,30.0
123,39,0,1099.0,15.122328,170.46654,0.002171916,0.00049033033,6.4876437,536.5627,0.7,0.0,35.0,0.0,0.1,3000.0,0.035,0.0,1.0810206e-05,0.0,0.0,30.0
95,26,0,1020.0,16.17695,234.09772,-0.0049719247,-0.001066586,7.1099033,251.09607,1.1,0.0,35.0,0.0,0.01,3000.0,0.1,0.0,1.0012641e-05,0.0,0.0,10.0
118,51,0,901.0,16.795273,174.68213,9.611589e-05,-0.0010967365,5.6839457,88.17793,1.1,0.0,35.0,0.0,0.01,3000.0,0.1,0.0,9.708805e-06,0.0,0.0,10.0
108,26,0,1216.0,15.323189,162.16502,0.0063438104,-0.00028123893,6.473807,593.1232,0.7,0.0,35.0,0.0,0.1,3000.0,0.035,0.0,1.0696269e-05,0.0,0.0,30.0
92,23,0,1083.0,16.028788,110.81023,0.0008679036,-5.6144596e-05,7.5250726,178.7396,1.1,0.0,35.0,0.0,0.01,3000.0,0.1,0.0,1.0088599e-05,0.0,0.0,10.0
84,72,0,844.0,15.035156,91.20961,0.0024516114,-0.0006624174,6.8991656,89.3698,1.1,0.0,35.0,0.0,0.01,3000.0,0.1,0.0,1.0772229e-05,0.0,0.0,10.0
102,30,0,1090.0,16.516495,149.37454,-0.0024825204,0.0010014984,5.7016654,251.09607,1.1,0.0,35.0,0.0,0.01,3000.0,0.1,0.0,9.860722e-06,0.0,0.0,10.0
85,142,0,793.0,16.966124,165.12349,0.008276004,0.0010805507,5.6732144,178.7396,1.1,0.0,35.0,0.0,0.01,3000.0,0.1,0.0,9.594865e-06,0.0,0.0,10.0
84,18,0,1115.0,15.902184,159.29985,-0.0045939027,-0.00054255617,9.730653,0.0,1.1,0.0,35.0,0.0,0.01,3000.0,0.1,0.0,1.0278497e-05,0.0,0.0,10.0
68,66,0,861.0,15.243665,146.33646,-0.0027809555,-2.9051513e-05,6.479265,125.548035,1.1,0.0,35.0,0.0,0.01,3000.0,0.1,0.0,1.0696271e-05,0.0,0.0,10.0
122,24,0,1200.0,16.668114,287.6389,-0.0012916739,-0.00074521225,6.385143,368.19385,1.1,0.0,35.0,0.0,0.01,3000.0,0.1,0.0,9.670825e-06,0.0,0.0,10.0
56,2,0,945.0,15.358895,253.20102,-0.0059967316,0.00018491369,8.82274,502.19214,1.1,0.0,35.0,0.0,0.01,3000.0,0.1,0.0,1.0506372e-05,1.5293683,0.5472314,10.0
13,5,0,792.0,15.566853,62.08568,0.00212148,-0.0008943651,6.457239,178.7396,1.1,0.0,35.0,0.0,0.01,3000.0,0.1,0.0,1.0430414e-05,2.961475,9.008567,10.0
42,135,0,847.0,16.769161,307.02524,0.0019837883,-0.00051573873,6.3787417,197.70775,1.1,0.0,35.0,0.0,0.01,3000.0,0.1,0.0,9.632844e-06,0.0,0.0,10.0
98,22,0,1098.0,15.73225,287.57425,-0.0005142169,-0.00093837356,6.8515906,199.30678,1.1,0.0,35.0,0.0,0.01,3000.0,0.1,0.0,1.0278497e-05,0.0,0.0,10.0
121,143,0,510.0,16.776058,119.27798,0.020232694,0.00042746548,5.6851587,529.0676,1.1,0.0,35.0,0.0,0.01,3000.0,0.1,0.0,9.632844e-06,0.0,0.0,10.0
62,105,0,870.0,16.433369,316.93207,0.0022264393,-0.0004428561,6.4001474,443.04425,1.1,0.0,35.0,0.0,0.01,3000.0,0.1,0.0,9.860722e-06,0.0,0.0,10.0
70,40,0,943.0,15.154268,315.3846,0.004860603,0.0015155062,5.792285,368.19385,1.1,0.0,35.0,0.0,0.01,3000.0,0.1,0.0,1.0734249e-05,0.0,0.0,10.0
70,39,0,922.0,16.262619,309.90073,-0.00045683671,-0.00013076891,5.7180343,398.61356,1.1,0.0,35.0,0.0,0.01,3000.0,0.1,0.0,9.97466e-06,0.0,0.0,10.0
59,129,0,873.0,15.227462,219.57933,0.0017900462,0.00038919234,6.4803805,282.23746,1.1,0.0,35.0,0.0,0.01,3000.0,0.1,0.0,1.0696271e-05,0.0,0.0,10.0
119,47,0,985.0,16.003014,124.984665,-0.0032180008,0.0005055999,6.4281564,178.7396,1.1,0.0,35.0,0.0,0.01,3000.0,0.1,0.0,1.0088599e-05,0.0,0.0,10.0
116,48,0,968.0,16.03594,221.43822,0.00918813,-0.00021955298,5.732843,268.10938,1.1,0.0,35.0,0.0,0.01,3000.0,0.1,0.0,1.0088599e-05,0.0,0.0,10.0
104,45,0,936.0,15.971635,352.13535,0.004746556,0.0009542015,5.7370777,197.70775,0.7,0.0,35.0,0.0,0.1,3000.0,0.035,0.0,1.0240515e-05,0.0,0.0,30.0
62,87,0,883.0,15.413296,283.07593,-0.001009056,-0.0010211193,6.4676523,398.61356,1.1,0.0,35.0,0.0,0.01,3000.0,0.1,0.0,1.0468393e-05,0.0,0.0,10.0
55,6,0,868.0,15.154813,226.30058,-0.0053493627,-0.0010320207,7.1785417,268.10938,1.1,0.0,35.0,0.0,0.01,3000.0,0.1,0.0,1.0734249e-05,2.2719915,0.77995604,10.0
102,147,0,252.0,15.8258295,108.66696,-0.003631244,-0.00017958262,7.1330314,88.17793,1.1,0.0,35.0,0.0,0.01,3000.0,0.1,0.0,1.0202536e-05,0.0,0.0,10.0
18,39,0,966.0,15.777031,98.07591,0.003237567,0.0012431516,5.7499876,627.7402,1.1,0.0,35.0,0.0,0.01,3000.0,0.1,0.0,1.0240517e-05,1.3087339,0.08193802,10.0
112,42,0,951.0,16.56179,265.62585,0.0010287042,-0.0010329633,5.698768,264.5338,1.1,5.0,25.0,0.0,0.01,3000.0,0.1,0.0,8254.326,0.0,0.0,10.0
66,140,0,868.0,15.733965,345.0389,0.0031984262,-0.00030187328,5.752864,88.17793,1.1,0.0,35.0,0.0,0.01,3000.0,0.1,0.0,1.0392434e-05,0.0,0.0,10.0
86,69,0,829.0,16.622494,244.0968,0.0031203006,-0.0010048378,6.3880444,125.548035,1.1,0.0,35.0,0.0,0.01,3000.0,0.1,0.0,9.708805e-06,0.0,0.0,10.0
2,1,0,959.0,14.921048,328.33932,0.0037950168,-0.00028648583,6.5016775,178.7396,1.1,0.0,35.0,0.0,0.01,3000.0,0.1,0.0,1.0962127e-05,1.6027563,0.4339961,10.0
84,133,0,829.0,16.118832,127.46356,0.0030382231,3.0873638e-05,6.420553,125.548035,1.1,0.0,35.0,0.0,0.01,3000.0,0.1,0.0,1.00506195e-05,0.0,0.0,10.0
98,19,0,1114.0,15.539786,177.69382,-0.0009759117,-0.001273663,5.7659206,178.7396,1.1,0.0,35.0,0.0,0.01,3000.0,0.1,0.0,1.0506372e-05,0.0,0.0,10.0
111,126,0,232.0,16.118832,127.46356,-0.0030318848,-0.0006955416,7.5191655,199.30678,1.1,0.0,35.0,0.0,0.01,3000.0,0.1,0.0,1.00506195e-05,0.0,0.0,10.0
24,39,0,896.0,16.134415,75.237335,-0.00084232306,0.0005850051,5.726387,444.71283,1.1,0.0,35.0,0.0,0.01,3000.0,0.1,0.0,1.0012641e-05,1.6620688,0.0,10.0
90,25,0,1106.0,16.117086,141.71486,0.0068609826,0.001151176,5.7275205,376.6441,1.1,0.0,35.0,0.0,0.01,3000.0,0.1,0.0,1.0088599e-05,0.0,0.0,10.0
40,14,0,794.0,16.003014,304.98468,-0.0028468075,-0.00073334516,6.4281564,319.25848,1.1,0.0,35.0,0.0,0.01,3000.0,0.1,0.0,1.0088599e-05,1.6994098,0.0,10.0
56,105,0,863.0,16.012747,136.975,0.0009933257,0.0010083031,5.7343683,279.2223,1.1,0.0,35.0,0.0,0.01,3000.0,0.1,0.0,1.0126579e-05,0.0,0.0,10.0
85,125,0,856.0,16.824274,147.54976,0.004192391,0.000970225,5.6821175,319.25848,1.1,0.0,35.0,0.0,0.01,3000.0,0.1,0.0,9.670825e-06,0.0,0.0,10.0
63,83,0,868.0,15.680732,332.71732,-0.0013100863,-0.0012807809,6.855041,279.2223,1.1,0.0,35.0,0.0,0.01,3000.0,0.1,0.0,1.0430414e-05,0.0,0.0,10.0
120,32,0,1098.0,15.644098,253.53186,-0.00018716647,-7.3055753e-07,8.323838,455.4661,1.1,0.0,35.0,0.0,0.01,3000.0,0.1,0.0,1.0354454e-05,0.0,0.0,10.0
60,107,0,876.0,15.08028,327.32666,0.0011507048,-0.00018844956,6.490561,398.61356,1.1,0.0,35.0,0.0,0.01,3000.0,0.1,0.0,1.0810208e-05,0.0,0.0,10.0
48,117,0,848.0,16.489876,140.01463,0.0008887849,-0.001293347,5.703371,319.25848,1.1,0.0,35.0,0.0,0.01,3000.0,0.1,0.0,9.860722e-06,0.0,0.0,10.0
121,25,0,1189.0,16.420218,284.48547,0.0023023677,-0.00034117769,5.7078466,320.91125,1.1,0.0,35.0,0.0,0.01,3000.0,0.1,0.0,9.784762e-06,0.0,0.0,10.0
107,16,0,1270.0,16.093727,243.126,0.0035025058,-0.00016540512,6.8276625,357.4792,1.1,0.0,35.0,0.0,0.01,3000.0,0.1,0.0,1.00506195e-05,0.0,0.0,10.0
63,31,0,927.0,15.164827,114.735016,0.0006114269,-0.00031326758,5.791555,319.25848,1.1,0.0,35.0,0.0,0.01,3000.0,0.1,0.0,1.0696271e-05,0.0,0.0,10.0
82,6,0,1142.0,15.554674,151.1586,0.00019590127,-0.0035283845,7.151209,88.17793,1.1,0.0,35.0,0.0,0.01,3000.0,0.1,0.0,1.0468393e-05,0.0,0.0,10.0
112,30,0,1037.0,16.745052,160.445,0.0023062304,-0.0005358199,5.6871185,197.70775,1.1,0.0,35.0,0.0,0.01,3000.0,0.1,0.0,9.746785e-06,0.0,0.0,10.0
54,37,0,831.0,16.653328,9.690846,-0.0015334536,-0.00059728243,6.3860826,279.2223,1.1,0.0,35.0,0.0,0.01,3000.0,0.1,0.0,9.746785e-06,1.6446272,0.0,10.0
70,44,0,886.0,16.243914,193.32222,0.0040856884,-0.00029141965,5.7192492,251.09607,1.1,0.0,35.0,0.0,0.01,3000.0,0.1,0.0,1.00506195e-05,0.0,0.0,10.0
88,12,0,1292.0,16.216137,223.83078,-0.0059403805,-8.603212e-05,7.512815,125.548035,1.1,0.0,35.0,0.0,0.01,3000.0,0.1,0.0,1.0012641e-05,0.0,0.0,10.0
120,120,0,303.0,15.243665,213.66354,-0.022844357,-0.0010964993,9.081955,0.0,0.7,0.0,35.0,0.0,0.1,3000.0,0.035,0.0,1.0696269e-05,0.0,0.0,30.0
68,90,0,907.0,15.146611,82.77968,0.0031947487,0.00014374925,5.7928147,178.7396,1.1,0.0,35.0,0.0,0.01,3000.0,0.1,0.0,1.0696271e-05,0.0,0.0,10.0
98,63,0,898.0,16.618586,263.45465,0.0058137085,0.001842381,5.6951456,320.91125,1.1,0.0,35.0,0.0,0.01,3000.0,0.1,0.0,9.708805e-06,0.0,0.0,10.0
63,120,0,886.0,15.225764,180.0,0.0023000494,0.00014442256,6.4804974,368.19385,1.1,0.0,35.0,0.0,0.01,3000.0,0.1,0.0,1.0772229e-05,0.0,0.0,10.0
29,101,0,795.0,16.4221,133.83603,0.0043429225,-0.0010123976,6.400872,368.19385,1.1,0.0,35.0,0.0,0.01,3000.0,0.1,0.0,9.860722e-06,0.0,0.0,10.0
72,30,0,952.0,16.273117,197.8577,0.0008082294,9.812927e-05,6.4105,264.5338,1.1,0.0,35.0,0.0,0.01,3000.0,0.1,0.0,1.00506195e-05,0.0,0.0,10.0
110,18,0,1267.0,16.65279,137.6738,0.0057171695,-0.00015133306,5.6929693,564.4749,0.7,0.0,35.0,0.0,0.1,3000.0,0.035,0.0,9.746783e-06,0.0,0.0,30.0
74,117,0,853.0,16.359945,155.2105,0.0024718298,-0.0008548781,6.4048796,251.09607,1.1,0.0,35.0,0.0,0.01,3000.0,0.1,0.0,9.97466e-06,0.0,0.0,10.0
109,131,0,242.0,16.114786,80.966545,0.004045461,4.4743796e-05,5.7276707,125.548035,1.1,0.0,35.0,0.0,0.01,3000.0,0.1,0.0,1.0012641e-05,0.0,0.0,10.0
93,17,0,1175.0,15.231251,128.66486,0.0053491355,-0.0002268519,6.4801197,178.7396,1.1,0.0,35.0,0.0,0.01,3000.0,0.1,0.0,1.0696271e-05,0.0,0.0,10.0
116,13,0,1180.0,16.357912,116.38031,-0.0009667228,-0.0014099396,7.909088,89.3698,1.1,0.0,35.0,0.0,0.01,3000.0,0.1,0.0,9.898703e-06,0.0,0.0,10.0
25,33,0,836.0,16.705532,75.78168,0.001824652,0.0007304546,6.3827686,319.25848,1.1,0.0,35.0,0.0,0.01,3000.0,0.1,0.0,9.632844e-06,1.7389059,0.28276536,10.0
71,26,0,987.0,16.634958,103.16418,0.0018933512,-0.001483545,6.387251,376.6441,1.1,0.0,35.0,0.0,0.01,3000.0,0.1,0.0,9.708805e-06,0.0,0.0,10.0
55,133,0,878.0,15.578988,313.74756,0.004461199,-5.2983276e-05,5.763273,279.2223,1.1,0.0,35.0,0.0,0.01,3000.0,0.1,0.0,1.0430414e-05,0.0,0.0,10.0
37,115,0,846.0,15.3586235,93.55076,0.0011735456,-0.0009853184,5.7782354,197.70775,0.7,0.0,35.0,0.0,0.1,3000.0,0.035,0.0,1.0506371e-05,0.0,0.0,30.0
19,27,0,824.0,15.40842,84.09546,0.00090852706,-0.00089134206,5.7748375,197.70775,1.1,0.0,35.0,0.0,0.01,3000.0,0.1,0.0,1.0468393e-05,2.7881217,2.456101,10.0
84,50,0,827.0,16.796465,67.93204,0.0052401777,-0.0025902272,5.683871,279.2223,1.1,0.0,35.0,0.0,0.01,3000.0,0.1,0.0,9.594865e-06,0.0,0.0,10.0
94,14,0,1209.0,16.825577,167.1729,-0.0077291816,-0.0010011272,9.083233,0.0,1.1,0.0,35.0,0.0,0.01,3000.0,0.1,0.0,9.708805e-06,0.0,0.0,10.0
92,17,0,1194.0,16.604256,165.88275,0.0039308947,0.00081198715,5.6960588,268.10938,1.1,0.0,35.0,0.0,0.01,3000.0,0.1,0.0,9.784762e-06,0.0,0.0,10.0
4,128,0,811.0,15.601493,300.50888,0.0015514529,-0.0019351614,6.4549026,89.3698,1.1,0.0,35.0,0.0,0.01,3000.0,0.1,0.0,1.0392434e-05,0.0,0.0,10.0
73,140,0,855.0,15.1467,151.61694,0.006057652,0.0011160915,5.7928085,197.70775,1.1,0.0,35.0,0.0,0.01,3000.0,0.1,0.0,1.0810208e-05,0.0,0.0,10.0
77,28,0,924.0,16.37369,241.15297,-0.0002967502,-0.0017618596,6.403992,89.3698,1.1,0.0,35.0,0.0,0.01,3000.0,0.1,0.0,9.860722e-06,0.0,0.0,10.0
2,149,0,873.0,16.178505,192.24698,0.00013790207,0.0003169109,6.8221197,1315.5942,1.0,0.0,35.0,0.0,0.1,3000.0,0.035,0.0,1.0088599e-05,0.0,0.0,0.0
29,38,0,798.0,16.92122,102.92421,-0.00060500886,-0.0009678179,6.369173,197.70775,1.1,0.0,35.0,0.0,0.01,3000.0,0.1,0.0,9.518908e-06,1.7015029,0.19623186,10.0
52,119,0,841.0,16.420218,284.48547,0.0016364818,-0.0012790089,6.400994,251.09607,1.1,0.0,35.0,0.0,0.01,3000.0,0.1,0.0,9.784762e-06,0.0,0.0,10.0
77,65,0,830.0,15.225764,0.0,-0.0010350224,-0.000953189,5.78735,455.4661,1.1,0.0,35.0,0.0,0.01,3000.0,0.1,0.0,1.0772229e-05,0.0,0.0,10.0
75,63,0,840.0,15.25334,176.47124,0.0030378578,-0.00038997273,5.7854524,282.23746,1.1,0.0,35.0,0.0,0.01,3000.0,0.1,0.0,1.0734249e-05,0.0,0.0,10.0
90,123,0,805.0,15.961931,150.72481,0.009394726,0.0007643997,5.737718,395.4155,1.1,0.0,35.0,0.0,0.01,3000.0,0.1,0.0,1.0202536e-05,0.0,0.0,10.0
106,30,0,1077.0,16.773853,149.92363,-0.001014092,-0.00012680526,6.378445,480.39087,1.1,0.0,35.0,0.0,0.01,3000.0,0.1,0.0,9.708805e-06,0.0,0.0,10.0
65,87,0,935.0,15.673789,171.97688,0.0059957937,0.00092611834,5.7568946,519.2804,1.1,0.0,35.0,0.0,0.01,3000.0,0.1,0.0,1.0430414e-05,0.0,0.0,10.0
19,25,0,819.0,14.921905,112.51989,-0.0035859772,-0.00028433863,6.5016174,178.7396,1.1,0.0,35.0,0.0,0.01,3000.0,0.1,0.0,1.0848185e-05,2.6315365,0.20799178,10.0
119,38,0,1063.0,16.40661,278.86252,-0.00032360814,0.0006666185,7.095017,199.30678,1.1,0.0,35.0,0.0,0.01,3000.0,0.1,0.0,9.784762e-06,0.0,0.0,10.0
27,40,0,855.0,16.569706,102.10088,0.0024499733,0.001031313,5.6982627,197.70775,1.1,0.0,35.0,0.0,0.01,3000.0,0.1,0.0,9.746785e-06,1.7020713,0.14608465,10.0
36,84,0,791.0,14.940502,260.21204,-0.0018917205,-0.0011662573,6.5003133,89.3698,0.7,0.0,35.0,0.0,0.1,3000.0,0.035,0.0,1.0810206e-05,0.0,0.0,30.0
85,126,0,829.0,16.02454,165.33093,0.0018802928,-0.001027218,6.4267397,251.09607,1.1,0.0,35.0,0.0,0.01,3000.0,0.1,0.0,1.0202536e-05,0.0,0.0,10.0
96,17,0,1143.0,16.121595,202.77545,-0.002607476,-0.0010367202,7.1135197,88.17793,1.1,0.0,35.0,0.0,0.01,3000.0,0.1,0.0,1.0088599e-05,0.0,0.0,10.0
72,109,0,836.0,15.345761,58.898106,0.0025479784,-0.0017848659,6.472262,199.30678,1.1,0.0,35.0,0.0,0.01,3000.0,0.1,0.0,1.058233e-05,0.0,0.0,10.0
114,27,0,1051.0,14.992639,145.664,-0.007235086,-0.00021095901,6.9021316,197.70775,1.1,0.0,35.0,0.0,0.01,3000.0,0.1,0.0,1.0848185e-05,0.0,0.0,10.0
63,86,0,906.0,16.810379,270.0,0.0006385551,-0.0002471157,6.3761406,519.2804,1.1,0.0,35.0,0.0,0.01,3000.0,0.1,0.0,9.594865e-06,0.0,0.0,10.0
55,106,0,858.0,15.817466,154.24878,0.0037880696,0.0006988694,5.7472935,176.35587,1.1,0.0,35.0,0.0,0.01,3000.0,0.1,0.0,1.0316474e-05,0.0,0.0,10.0
44,11,0,795.0,15.075855,351.64023,0.0024989436,-0.00030369795,5.7977214,125.548035,1.1,0.0,35.0,0.0,0.01,3000.0,0.1,0.0,1.0848185e-05,1.7,0.0,10.0
72,22,0,976.0,15.930107,101.45877,-0.0012464987,-0.0011986776,6.8384333,89.3698,1.1,0.0,35.0,0.0,0.01,3000.0,0.1,0.0,1.0088599e-05,0.0,0.0,10.0
103,146,0,249.0,14.921048,148.33932,-0.00043880736,0.00042075146,6.9071426,197.70775,1.1,0.0,35.0,0.0,0.01,3000.0,0.1,0.0,1.0962127e-05,0.0,0.0,10.0
93,20,0,1101.0,16.18325,159.69557,-0.0064762905,-0.00015623226,7.5149574,197.70775,1.1,0.0,35.0,0.0,0.01,3000.0,0.1,0.0,1.0088599e-05,0.0,0.0,10.0
106,31,0,1056.0,15.276632,153.21513,0.0019152202,-0.00018936649,6.4769993,455.4661,1.1,0.0,35.0,0.0,0.01,3000.0,0.1,0.0,1.0696271e-05,0.0,0.0,10.0
115,139,0,256.0,16.415762,323.93594,0.0013362636,-0.0005647326,7.317571,443.04425,1.1,0.0,35.0,0.0,0.01,3000.0,0.1,0.0,9.898703e-06,0.0,0.0,10.0
104,125,0,336.0,16.200579,185.52513,-0.0033622046,-0.0001320669,7.108363,197.70775,1.1,0.0,35.0,0.0,0.01,3000.0,0.1,0.0,1.0088599e-05,0.0,0.0,10.0
84,123,0,868.0,15.566853,297.9143,0.0047675804,0.0020330297,5.764092,197.70775,1.1,0.0,35.0,0.0,0.01,3000.0,0.1,0.0,1.0430414e-05,0.0,0.0,10.0
115,136,0,208.0,16.582228,290.04532,-0.0022383526,-0.00078070967,7.489223,251.09607,1.1,0.0,35.0,0.0,0.01,3000.0,0.1,0.0,9.746785e-06,0.0,0.0,10.0
81,106,0,857.0,16.630383,314.62067,-0.0022076047,-0.0005162942,6.387542,368.19385,1.1,0.0,35.0,0.0,0.01,3000.0,0.1,0.0,9.746785e-06,0.0,0.0,10.0
11,7,0,841.0,15.111689,83.97334,0.0012073452,-0.0019215567,10.349111,0.0,0.7,0.0,35.0,0.0,0.1,3000.0,0.035,0.0,1.0696269e-05,1.4713533,38.714848,30.0
29,100,0,804.0,15.475188,111.63295,0.0027054942,0.00013233238,5.7702966,395.4155,1.1,0.0,35.0,0.0,0.01,3000.0,0.1,0.0,1.0468393e-05,0.0,0.0,10.0
74,71,0,864.0,16.528938,353.50507,0.0005859356,-0.00078095414,5.7008686,88.17793,1.1,0.0,35.0,0.0,0.01,3000.0,0.1,0.0,9.860722e-06,0.0,0.0,10.0
91,23,0,1103.0,16.17695,125.90229,0.00019442434,1.7374156e-05,6.8222213,268.10938,1.1,0.0,35.0,0.0,0.01,3000.0,0.1,0.0,1.0012641e-05,0.0,0.0,10.0
116,34,0,1017.0,15.428036,243.126,0.002340714,0.00014196057,8.338451,199.30678,1.1,0.0,35.0,0.0,0.01,3000.0,0.1,0.0,1.0468393e-05,0.0,0.0,10.0
93,22,0,1072.0,16.75499,116.873985,-0.0033353237,-0.00069381105,7.0727844,89.3698,1.1,0.0,35.0,0.0,0.01,3000.0,0.1,0.0,9.632844e-06,0.0,0.0,10.0
33,80,0,805.0,15.749596,212.3863,0.0042557255,-0.00013773912,6.4449663,176.35587,1.1,0.0,35.0,0.0,0.01,3000.0,0.1,0.0,1.0354454e-05,0.0,0.0,10.0
122,0,0,1437.0,15.461587,141.16907,0.0037708445,0.0024132414,5.7712207,567.6047,1.0,0.0,35.0,0.0,0.1,3000.0,0.035,0.0,1.0506372e-05,0.0,0.0,0.0
104,146,0,238.0,15.843098,129.74702,0.0048429766,0.00010437436,6.438736,125.548035,1.1,0.0,35.0,0.0,0.01,3000.0,0.1,0.0,1.0240517e-05,0.0,0.0,10.0
17,137,0,865.0,16.755068,25.303677,-0.00024994655,-0.0001330338,6.3796325,319.25848,1.1,0.0,35.0,0.0,0.01,3000.0,0.1,0.0,9.708805e-06,0.0,0.0,10.0
71,41,0,946.0,15.442545,97.07446,0.004152505,0.0031511656,5.7725143,444.71283,0.7,0.0,35.0,0.0,0.1,3000.0,0.035,0.0,1.0468391e-05,0.0,0.0,30.0
93,18,0,1155.0,15.528885,168.38435,0.0030757925,0.00026172874,6.459805,199.30678,1.1,0.0,35.0,0.0,0.01,3000.0,0.1,0.0,1.0506372e-05,0.0,0.0,10.0
73,117,0,870.0,15.971635,172.13531,0.004416107,0.00064732943,5.7370777,197.70775,1.1,0.0,35.0,0.0,0.01,3000.0,0.1,0.0,1.0240517e-05,0.0,0.0,10.0
91,117,0,845.0,15.562684,64.68704,-0.008401211,-0.00058816356,7.7102838,443.04425,1.1,0.0,35.0,0.0,0.01,3000.0,0.1,0.0,1.0430414e-05,0.0,0.0,10.0
113,44,0,965.0,15.41721,198.94157,0.0049731983,-0.0011741071,6.467386,352.71173,0.7,5.0,25.0,0.0,0.1,3000.0,0.035,0.0,11904.206,0.0,0.0,30.0
52,139,0,855.0,15.640458,267.67847,0.0036981967,-0.00042429156,5.759133,125.548035,1.1,0.0,35.0,0.0,0.01,3000.0,0.1,0.0,1.0316474e-05,0.0,0.0,10.0
123,22,0,1222.0,16.835503,273.22272,-0.00050737814,-0.00011612946,5.6814103,455.4661,1.1,0.0,35.0,0.0,0.01,3000.0,0.1,0.0,9.556887e-06,0.0,0.0,10.0
87,84,0,879.0,16.575361,302.23688,0.008332422,-0.00032495894,5.6979017,125.548035,1.1,0.0,35.0,0.0,0.01,3000.0,0.1,0.0,9.746785e-06,0.0,0.0,10.0
24,121,0,815.0,15.5468025,333.7414,0.0015609212,-0.0014663847,5.765446,264.5338,1.1,0.0,35.0,0.0,0.01,3000.0,0.1,0.0,1.0468393e-05,0.0,0.0,10.0
95,27,0,1007.0,16.569706,257.8991,-0.0042695147,-0.0014946972,7.7777042,199.30678,1.1,0.0,35.0,0.0,0.01,3000.0,0.1,0.0,9.746785e-06,0.0,0.0,10.0
71,8,0,1150.0,16.18325,200.30443,-0.0027467536,-0.0012782837,8.61357,176.35587,1.1,0.0,35.0,0.0,0.01,3000.0,0.1,0.0,1.0088599e-05,0.0,0.0,10.0
70,148,0,839.0,17.404787,167.63309,-0.00197837,0.00035363575,6.7447023,282.23746,1.1,0.0,35.0,0.0,0.01,3000.0,0.1,0.0,9.3669905e-06,0.0,0.0,10.0
67,14,0,1037.0,17.673153,226.04784,0.0025890626,-0.00087251805,6.3229365,251.09607,1.1,0.0,35.0,0.0,0.01,3000.0,0.1,0.0,9.139115e-06,0.0,0.0,10.0
105,138,0,275.0,18.469877,98.78858,-0.0006985153,-0.00020591254,8.6271515,89.3698,1.1,0.0,35.0,0.0,0.01,3000.0,0.1,0.0,8.64538e-06,0.0,0.0,10.0
0,6,0,992.0,18.128399,301.3042,-0.003409794,-0.00069895433,9.15797,0.0,1.1,0.0,35.0,0.0,0.01,3000.0,0.1,0.0,8.873259e-06,2.0232139,0.49639007,10.0
54,20,0,871.0,18.299597,36.306564,-0.0025709136,0.001747059,5.592559,282.23746,1.1,0.0,35.0,0.0,0.01,3000.0,0.1,0.0,8.835278e-06,1.6987474,0.20169987,10.0
92,25,0,1059.0,18.189165,140.94907,-0.0003325973,0.00023739823,6.2921886,251.09607,1.1,0.0,35.0,0.0,0.01,3000.0,0.1,0.0,8.873259e-06,0.0,0.0,10.0
88,50,0,869.0,17.32928,195.60211,0.005445653,0.00037788632,5.650716,376.6441,1.1,0.0,35.0,0.0,0.01,3000.0,0.1,0.0,9.3669905e-06,0.0,0.0,10.0
94,99,0,886.0,18.008205,141.71486,0.0050545246,0.0010868632,5.6097374,282.23746,1.1,0.0,35.0,0.0,0.01,3000.0,0.1,0.0,8.987194e-06,0.0,0.0,10.0
107,133,0,283.0,18.367998,67.93203,0.0014171635,-0.0004601124,6.281708,352.71173,1.1,0.0,35.0,0.0,0.01,3000.0,0.1,0.0,8.683361e-06,0.0,0.0,10.0
61,30,0,941.0,17.65076,306.02045,-0.0013964311,0.0030806612,5.631141,480.39087,1.1,0.0,35.0,0.0,0.01,3000.0,0.1,0.0,9.139115e-06,1.5863388,0.0,10.0
11,5,0,820.0,17.322886,40.221592,-0.001988082,-0.00046217482,10.314548,0.0,1.1,0.0,35.0,0.0,0.01,3000.0,0.1,0.0,9.3669905e-06,1.773767,35.013638,10.0
3,7,0,1119.0,17.289804,298.27066,0.0067430977,0.0018219673,5.6531415,268.10938,1.1,0.0,35.0,0.0,0.01,3000.0,0.1,0.0,9.32901e-06,1.581371,2.860479,10.0
27,137,0,861.0,17.948917,293.74124,0.0043909117,-0.0006097397,6.306409,475.74316,1.1,0.0,35.0,0.0,0.01,3000.0,0.1,0.0,8.949215e-06,0.0,0.0,10.0
69,140,0,839.0,17.032665,61.233734,0.004635676,-0.0020303421,6.362208,88.17793,1.1,0.0,35.0,0.0,0.01,3000.0,0.1,0.0,9.480929e-06,0.0,0.0,10.0
106,137,0,256.0,18.100365,112.43642,-0.006008065,-1.4531116e-05,6.990573,88.17793,1.1,0.0,35.0,0.0,0.01,3000.0,0.1,0.0,8.873259e-06,0.0,0.0,10.0
83,70,0,831.0,17.344751,11.364301,0.00212406,-0.00051157974,5.649767,125.548035,1.1,0.0,35.0,0.0,0.01,3000.0,0.1,0.0,9.3669905e-06,0.0,0.0,10.0
122,27,0,1205.0,17.149763,205.7928,0.006957917,0.00029246262,6.3549323,502.19214,1.1,0.0,35.0,0.0,0.01,3000.0,0.1,0.0,9.480929e-06,0.0,0.0,10.0
43,15,0,804.0,17.070854,144.33777,-0.00039703387,-0.00064441754,6.3598304,125.548035,1.1,0.0,35.0,0.0,0.01,3000.0,0.1,0.0,9.518908e-06,1.7000604,0.007873656,10.0
84,70,0,817.0,18.200193,26.25859,0.0018758897,-0.0010429858,6.2915397,88.17793,1.1,0.0,35.0,0.0,0.01,3000.0,0.1,0.0,8.911237e-06,0.0,0.0,10.0
110,107,0,265.0,17.829954,217.50282,0.002687318,-0.004746332,7.412124,89.3698,1.1,0.0,35.0,0.0,0.01,3000.0,0.1,0.0,9.025173e-06,0.0,0.0,10.0
98,60,0,892.0,17.783676,250.37338,-0.0027357007,0.0010554271,6.3162856,398.61356,1.1,0.0,35.0,0.0,0.01,3000.0,0.1,0.0,8.987194e-06,0.0,0.0,10.0
63,35,0,911.0,18.0573,70.70363,-0.00065024506,-0.0010705877,6.2999735,178.7396,1.1,0.0,35.0,0.0,0.01,3000.0,0.1,0.0,8.873259e-06,0.0,0.0,10.0
70,43,0,914.0,18.465576,194.55536,0.0071755894,-8.903382e-06,5.582879,319.25848,1.1,0.0,35.0,0.0,0.01,3000.0,0.1,0.0,8.759319e-06,0.0,0.0,10.0
59,30,0,868.0,17.683374,294.14603,-0.0002664558,-0.0017791059,6.32232,320.91125,1.1,0.0,35.0,0.0,0.01,3000.0,0.1,0.0,9.101133e-06,1.6556407,0.55827916,10.0
34,95,0,792.0,17.555628,214.46472,0.002739517,-0.0017353246,6.330048,251.09607,1.1,0.0,35.0,0.0,0.01,3000.0,0.1,0.0,9.215071e-06,0.0,0.0,10.0
67,40,0,882.0,17.106401,268.9443,0.0025236625,7.834542e-05,5.664474,125.548035,1.1,0.0,35.0,0.0,0.01,3000.0,0.1,0.0,9.3669905e-06,0.0,0.0,10.0
57,36,0,859.0,17.068712,291.67572,-0.00011146709,-0.0006855211,6.3599634,398.61356,1.1,0.0,35.0,0.0,0.01,3000.0,0.1,0.0,9.404967e-06,1.5698059,0.13297729,10.0
71,109,0,864.0,17.312672,35.054558,0.0060600857,8.79251e-07,5.651736,282.23746,1.1,0.0,35.0,0.0,0.01,3000.0,0.1,0.0,9.3669905e-06,0.0,0.0,10.0
28,40,0,817.0,17.89824,99.09189,-0.00020059719,-0.00092106947,6.3094296,125.548035,1.1,0.0,35.0,0.0,0.01,3000.0,0.1,0.0,8.949215e-06,1.7046071,0.26371732,10.0
114,4,0,1389.0,17.27457,103.711945,0.0027546843,-0.0011450349,6.7526913,368.19385,0.7,0.0,35.0,0.0,0.1,3000.0,0.035,0.0,9.329009e-06,0.0,0.0,30.0
71,145,0,851.0,18.0015,354.07056,0.0019767093,0.00089576904,5.6101356,199.30678,1.1,0.0,35.0,0.0,0.01,3000.0,0.1,0.0,8.987194e-06,0.0,0.0,10.0
103,125,0,337.0,17.070854,144.33777,-0.0052593085,-0.00011294458,6.3598304,176.35587,1.1,0.0,35.0,0.0,0.01,3000.0,0.1,0.0,9.518908e-06,0.0,0.0,10.0
115,35,0,986.0,17.81535,277.09494,-0.00028320568,0.00021285408,5.621239,197.70775,1.1,0.0,35.0,0.0,0.01,3000.0,0.1,0.0,8.987194e-06,0.0,0.0,10.0
71,127,0,907.0,17.45066,247.7405,0.0034760318,0.0019901285,5.643288,480.39087,1.1,0.0,35.0,0.0,0.01,3000.0,0.1,0.0,9.215071e-06,0.0,0.0,10.0
113,12,0,1294.0,17.029385,65.965645,0.0037792954,0.00046415874,6.3624125,251.09607,0.7,0.0,35.0,0.0,0.1,3000.0,0.035,0.0,9.480927e-06,0.0,0.0,30.0
24,32,0,835.0,17.88376,338.64737,0.0029204043,0.0013294114,5.617147,197.70775,1.1,0.0,35.0,0.0,0.01,3000.0,0.1,0.0,9.025173e-06,1.858664,0.45540732,10.0
113,22,0,1152.0,18.268536,168.26546,-0.0006811069,-0.0009906235,6.9806733,357.4792,1.1,0.0,35.0,0.0,0.01,3000.0,0.1,0.0,8.873259e-06,0.0,0.0,10.0
69,42,0,907.0,18.14909,252.89821,0.0031958323,-2.189133e-05,6.294549,282.23746,1.1,0.0,35.0,0.0,0.01,3000.0,0.1,0.0,8.835278e-06,0.0,0.0,10.0
5,20,0,1292.0,18.07011,84.0146,0.0016321467,-0.00033899586,6.299215,564.4749,1.1,0.0,35.0,0.0,0.01,3000.0,0.1,0.0,8.873259e-06,0.85997266,0.9877295,10.0
110,17,0,1283.0,18.291359,134.69427,0.00045763052,0.0005271968,5.5930414,597.9203,0.7,0.0,35.0,0.0,0.1,3000.0,0.035,0.0,8.797297e-06,0.0,0.0,30.0
101,33,0,1042.0,17.683374,114.14603,-0.0016278027,0.0002541832,6.32232,197.70775,0.7,0.0,35.0,0.0,0.1,3000.0,0.035,0.0,9.1011325e-06,0.0,0.0,30.0
114,3,0,1396.0,18.232475,99.912025,-0.00057898863,-0.0007259999,6.6951075,398.61356,0.7,0.0,35.0,0.0,0.1,3000.0,0.035,0.0,8.797297e-06,0.0,0.0,30.0
120,47,0,975.0,18.090113,150.219,-0.0022456609,6.768312e-05,6.703497,89.3698,1.1,0.0,35.0,0.0,0.01,3000.0,0.1,0.0,8.949215e-06,0.0,0.0,10.0
100,27,0,1099.0,17.708757,186.03456,-0.0018923854,-0.0015271291,6.726255,88.17793,1.1,0.0,35.0,0.0,0.01,3000.0,0.1,0.0,9.177093e-06,0.0,0.0,10.0
101,121,0,419.0,17.416967,154.65782,-0.01063117,-0.0009312096,10.481627,0.0,1.1,0.0,35.0,0.0,0.01,3000.0,0.1,0.0,9.32901e-06,0.0,0.0,10.0
106,105,0,314.0,17.134144,51.29183,-0.0009657701,-0.0011858577,7.7421947,125.548035,1.1,0.0,35.0,0.0,0.01,3000.0,0.1,0.0,9.404967e-06,0.0,0.0,10.0
83,142,0,771.0,18.361832,235.68364,0.003796534,-0.00083354226,6.282068,125.548035,1.1,0.0,35.0,0.0,0.01,3000.0,0.1,0.0,8.759319e-06,0.0,0.0,10.0
63,1,0,1097.0,18.14512,230.19435,-0.0010215162,-0.0015457643,6.294783,642.604,1.1,0.0,35.0,0.0,0.01,3000.0,0.1,0.0,8.873259e-06,0.0,0.0,10.0
97,2,0,1582.0,17.78657,106.42768,0.0064959605,0.0014138937,6.316112,398.61356,1.1,0.0,35.0,0.0,0.01,3000.0,0.1,0.0,8.987194e-06,0.0,0.0,10.0
111,113,0,325.0,17.854263,81.9041,1.1142386e-06,-0.0021408298,6.717522,282.23746,1.1,0.0,35.0,0.0,0.01,3000.0,0.1,0.0,8.987194e-06,0.0,0.0,10.0
3,21,0,1362.0,18.3077,93.93078,0.0072665447,0.001849191,5.592085,720.3754,1.1,0.0,35.0,0.0,0.01,3000.0,0.1,0.0,8.759319e-06,1.0190682,0.6992531,10.0
102,102,0,412.0,17.65076,126.020454,-0.015865825,-0.00014206744,7.577051,88.17793,1.1,0.0,35.0,0.0,0.01,3000.0,0.1,0.0,9.139115e-06,0.0,0.0,10.0
122,21,0,1198.0,17.398706,271.03687,-7.3660034e-05,-0.00033426113,5.646462,398.61356,1.1,0.0,35.0,0.0,0.01,3000.0,0.1,0.0,9.253052e-06,0.0,0.0,10.0
95,114,0,754.0,17.103664,90.0,-0.013374828,-0.0018857038,9.913139,0.0,1.1,0.0,35.0,0.0,0.01,3000.0,0.1,0.0,9.3669905e-06,0.0,0.0,10.0
93,19,0,1127.0,17.027214,178.95323,-0.0017672189,7.949501e-06,8.067296,251.09607,1.1,0.0,35.0,0.0,0.01,3000.0,0.1,0.0,9.594865e-06,0.0,0.0,10.0
83,30,0,987.0,17.321102,180.0,-0.00050182897,5.594799e-05,7.7306595,446.84897,1.1,0.0,35.0,0.0,0.01,3000.0,0.1,0.0,9.3669905e-06,0.0,0.0,10.0
3,2,0,997.0,17.539574,345.65134,0.006818228,0.00056090753,5.6378756,268.10938,1.1,5.0,25.0,0.0,0.01,3000.0,0.1,0.0,8659.227,1.4873383,0.67455846,10.0
107,14,0,1291.0,17.878967,225.32275,-0.00736885,0.0004650337,6.3105803,368.19385,1.1,0.0,35.0,0.0,0.01,3000.0,0.1,0.0,8.987194e-06,0.0,0.0,10.0
115,16,0,1176.0,18.267496,90.0,-0.0025325746,-0.0011257308,7.791664,268.10938,0.7,0.0,35.0,0.0,0.1,3000.0,0.035,0.0,8.759319e-06,0.0,0.0,30.0
95,97,0,875.0,17.830524,119.5779,-0.003787083,0.0015953726,6.3134775,319.25848,1.1,0.0,35.0,0.0,0.01,3000.0,0.1,0.0,8.987194e-06,0.0,0.0,10.0
123,64,0,874.0,17.269165,316.85278,0.0031993424,-0.0021493132,5.6544113,480.39087,1.1,0.0,35.0,0.0,0.01,3000.0,0.1,0.0,9.3669905e-06,0.0,0.0,10.0
102,32,0,1039.0,17.328417,148.66725,-0.0040965024,-0.00042333727,6.343916,264.5338,1.1,0.0,35.0,0.0,0.01,3000.0,0.1,0.0,9.3669905e-06,0.0,0.0,10.0
25,34,0,842.0,17.347298,75.277565,0.0004983249,0.00049071386,6.748223,376.6441,1.1,0.0,35.0,0.0,0.01,3000.0,0.1,0.0,9.291032e-06,1.7053553,0.36993298,10.0
112,98,0,410.0,17.363316,308.06705,-0.001350199,-0.0019537355,7.034923,176.35587,1.1,0.0,35.0,0.0,0.01,3000.0,0.1,0.0,9.291032e-06,0.0,0.0,10.0
13,6,0,804.0,18.0573,70.70363,0.0009076421,-0.00032842002,6.2999735,178.7396,1.1,0.0,35.0,0.0,0.01,3000.0,0.1,0.0,8.873259e-06,2.9005368,10.620165,10.0
61,107,0,886.0,17.025682,340.80014,0.0015503878,0.00013297542,6.362643,480.39087,1.1,0.0,35.0,0.0,0.01,3000.0,0.1,0.0,9.556887e-06,0.0,0.0,10.0
120,45,0,1013.0,18.299597,143.69344,0.0021387641,-0.00058510964,6.285706,178.7396,1.1,0.0,35.0,0.0,0.01,3000.0,0.1,0.0,8.835278e-06,0.0,0.0,10.0
91,26,0,1064.0,17.389496,122.89985,0.0025455703,0.00039970616,6.340173,251.09607,1.1,0.0,35.0,0.0,0.01,3000.0,0.1,0.0,9.291032e-06,0.0,0.0,10.0
92,59,0,827.0,18.299597,36.306564,0.00016285927,-0.00062541565,5.592559,199.30678,1.1,0.0,35.0,0.0,0.01,3000.0,0.1,0.0,8.835278e-06,0.0,0.0,10.0
82,53,0,844.0,18.23642,198.82156,0.005359859,1.11708705e-05,5.5962634,199.30678,1.1,0.0,35.0,0.0,0.01,3000.0,0.1,0.0,8.873259e-06,0.0,0.0,10.0
88,141,0,776.0,17.680696,185.03448,-0.0056654247,0.0020444528,8.720377,125.548035,1.1,0.0,35.0,0.0,0.01,3000.0,0.1,0.0,9.215071e-06,0.0,0.0,10.0
101,32,0,1055.0,17.547253,128.87598,-0.0035156969,-3.0856554e-05,6.3305564,279.2223,1.1,0.0,35.0,0.0,0.01,3000.0,0.1,0.0,9.215071e-06,0.0,0.0,10.0
113,125,0,216.0,18.454498,117.30819,0.0032515356,-0.00058664125,6.27667,176.35587,1.1,0.0,35.0,0.0,0.01,3000.0,0.1,0.0,8.64538e-06,0.0,0.0,10.0
81,32,0,935.0,17.619276,181.0094,0.0032090293,-0.00015435267,5.6330442,368.19385,1.1,0.0,35.0,0.0,0.01,3000.0,0.1,0.0,9.253052e-06,0.0,0.0,10.0
32,129,0,854.0,17.434303,330.07727,0.0066156564,0.00020082614,5.6442866,125.548035,1.1,0.0,35.0,0.0,0.01,3000.0,0.1,0.0,9.291032e-06,0.0,0.0,10.0
92,79,0,786.0,17.825783,126.83765,-0.003241001,0.00024275757,6.313761,88.17793,1.1,0.0,35.0,0.0,0.01,3000.0,0.1,0.0,8.987194e-06,0.0,0.0,10.0
75,5,0,1257.0,18.103529,156.8206,-0.0006282544,-0.00078267604,6.9903855,282.23746,0.7,0.0,35.0,0.0,0.1,3000.0,0.035,0.0,8.949215e-06,0.0,0.0,30.0
83,76,0,876.0,17.120588,6.2563124,0.00018966118,-2.3672981e-05,6.356741,376.6441,1.1,0.0,35.0,0.0,0.01,3000.0,0.1,0.0,9.518908e-06,0.0,0.0,10.0
25,121,0,831.0,17.974018,4.946591,0.0047196574,0.00038964243,5.6117682,279.2223,1.1,0.0,35.0,0.0,0.01,3000.0,0.1,0.0,8.987194e-06,0.0,0.0,10.0
16,9,0,792.0,17.430634,78.54121,0.0012236777,-0.00041077562,7.7239523,282.23746,1.1,5.0,25.0,0.0,0.01,3000.0,0.1,0.0,8730.603,2.9234176,0.013091398,10.0
69,136,0,858.0,17.335403,202.1106,0.0014039403,-0.0001715238,5.65034,197.70775,1.1,0.0,35.0,0.0,0.01,3000.0,0.1,0.0,9.3669905e-06,0.0,0.0,10.0
123,149,0,333.0,17.326366,239.40765,-0.008313701,-0.00024035215,5.6508946,178.7396,1.0,0.0,35.0,0.0,0.1,3000.0,0.035,0.0,9.291029e-06,0.0,0.0,0.0
72,43,0,885.0,18.233992,127.04355,0.005042701,-0.0009906256,6.289553,282.23746,1.1,0.0,35.0,0.0,0.01,3000.0,0.1,0.0,8.835278e-06,0.0,0.0,10.0
117,84,0,883.0,17.485033,48.239613,-0.00013187362,-0.00051010435,6.33434,363.85785,1.1,0.0,35.0,0.0,0.01,3000.0,0.1,0.0,9.253052e-06,0.0,0.0,10.0
109,32,0,1002.0,17.49588,162.43861,0.0006504168,-0.00034744624,6.3336797,178.7396,1.1,0.0,35.0,0.0,0.01,3000.0,0.1,0.0,9.291032e-06,0.0,0.0,10.0
106,15,0,1253.0,17.881357,238.17957,-0.0058397586,-0.000110254536,6.715903,268.10938,1.1,0.0,35.0,0.0,0.01,3000.0,0.1,0.0,8.987194e-06,0.0,0.0,10.0
61,1,0,1067.0,17.566324,261.7615,0.00078163174,0.00035000365,6.329399,623.6818,1.1,0.0,35.0,0.0,0.01,3000.0,0.1,0.0,9.139115e-06,1.6352093,0.0,10.0
15,20,0,905.0,18.141373,97.95811,0.0032463218,-0.00083786814,5.601857,251.09607,1.1,0.0,35.0,0.0,0.01,3000.0,0.1,0.0,8.835278e-06,2.8022115,15.192695,10.0
88,25,0,1079.0,18.097479,223.2188,0.00096494774,0.00019586347,6.297596,440.88968,1.1,0.0,35.0,0.0,0.01,3000.0,0.1,0.0,8.911237e-06,0.0,0.0,10.0
53,100,0,852.0,17.911358,180.0,0.0025179486,-0.0003601104,5.6155,199.30678,1.1,0.0,35.0,0.0,0.01,3000.0,0.1,0.0,9.025173e-06,0.0,0.0,10.0
74,139,0,850.0,17.103664,90.0,0.0071053775,0.0013117938,5.6646442,279.2223,1.1,0.0,35.0,0.0,0.01,3000.0,0.1,0.0,9.3669905e-06,0.0,0.0,10.0
122,149,0,309.0,17.41866,217.3227,-0.0044545582,-0.0007342188,6.7438545,89.3698,1.0,0.0,35.0,0.0,0.1,3000.0,0.035,0.0,9.291029e-06,0.0,0.0,0.0
120,29,0,1139.0,17.269165,223.14722,0.0018137239,0.00017503537,6.3475585,368.19385,1.1,0.0,35.0,0.0,0.01,3000.0,0.1,0.0,9.3669905e-06,0.0,0.0,10.0
112,114,0,325.0,18.198345,62.244453,-0.0039149686,-0.00052440265,5.598501,251.09607,0.7,0.0,35.0,0.0,0.1,3000.0,0.035,0.0,8.835275e-06,0.0,0.0,30.0
106,141,0,226.0,17.029385,114.03435,-0.0013421432,-0.00025526603,6.7678776,125.548035,1.1,0.0,35.0,0.0,0.01,3000.0,0.1,0.0,9.480929e-06,0.0,0.0,10.0
123,21,0,1226.0,17.406736,272.07303,0.0013461383,-3.5102737e-06,5.645971,480.39087,1.1,0.0,35.0,0.0,0.01,3000.0,0.1,0.0,9.215071e-06,0.0,0.0,10.0
60,110,0,883.0,17.23701,277.35016,-0.00531675,6.676772e-05,7.0426874,368.19385,1.1,0.0,35.0,0.0,0.01,3000.0,0.1,0.0,9.32901e-06,0.0,0.0,10.0
72,117,0,860.0,17.49588,197.56139,0.00046363313,0.0002923592,5.6405325,176.35587,1.1,0.0,35.0,0.0,0.01,3000.0,0.1,0.0,9.291032e-06,0.0,0.0,10.0
87,122,0,839.0,18.424261,162.40399,-0.0069090244,6.672422e-05,6.2784286,368.19385,1.1,0.0,35.0,0.0,0.01,3000.0,0.1,0.0,8.7972985e-06,0.0,0.0,10.0
83,27,0,1069.0,17.83369,203.5769,0.0054516103,0.00016207404,6.3132877,363.85785,1.1,0.0,35.0,0.0,0.01,3000.0,0.1,0.0,9.101133e-06,0.0,0.0,10.0
23,34,0,870.0,18.182358,345.19608,0.0019983537,0.0010854963,5.599442,279.2223,1.1,0.0,35.0,0.0,0.01,3000.0,0.1,0.0,8.911237e-06,1.7186713,0.45165116,10.0
89,14,0,1286.0,18.43148,200.6427,0.007962275,0.0004489084,5.5848613,178.7396,1.1,0.0,35.0,0.0,0.01,3000.0,0.1,0.0,8.7972985e-06,0.0,0.0,10.0
112,120,0,334.0,18.425514,106.81885,0.0030980443,0.000883693,5.5852084,251.09607,1.1,0.0,35.0,0.0,0.01,3000.0,0.1,0.0,8.64538e-06,0.0,0.0,10.0
105,132,0,324.0,17.06457,75.01218,-0.0019685358,-0.00046473002,7.9696593,264.5338,1.1,0.0,35.0,0.0,0.01,3000.0,0.1,0.0,9.404967e-06,0.0,0.0,10.0
120,9,0,1223.0,18.069635,207.58038,-0.0019693307,-0.002413093,9.74923,0.0,1.1,0.0,35.0,0.0,0.01,3000.0,0.1,0.0,8.949215e-06,0.0,0.0,10.0
33,93,0,821.0,18.46322,205.8281,0.00034764863,0.00074210414,6.276163,251.09607,1.1,0.0,35.0,0.0,0.01,3000.0,0.1,0.0,8.759319e-06,0.0,0.0,10.0
94,110,0,855.0,17.268412,227.55281,0.0015157688,-0.00015164563,5.654458,197.70775,1.1,0.0,35.0,0.0,0.01,3000.0,0.1,0.0,9.3669905e-06,0.0,0.0,10.0
106,3,0,1573.0,17.09131,185.21994,0.0018261046,-0.0005325411,7.2748494,398.61356,1.1,0.0,35.0,0.0,0.01,3000.0,0.1,0.0,9.518908e-06,0.0,0.0,10.0
70,67,0,857.0,18.103529,336.82062,0.003858734,-0.0014561017,5.604091,88.17793,1.1,0.0,35.0,0.0,0.01,3000.0,0.1,0.0,8.949215e-06,0.0,0.0,10.0
88,28,0,988.0,18.11807,221.82477,-4.8238388e-05,-0.0019141169,6.2963796,176.35587,1.1,0.0,35.0,0.0,0.01,3000.0,0.1,0.0,8.911237e-06,0.0,0.0,10.0
94,100,0,851.0,18.192177,103.97873,-0.0090212645,0.0024776806,8.083771,268.10938,1.1,0.0,35.0,0.0,0.01,3000.0,0.1,0.0,8.7972985e-06,0.0,0.0,10.0
85,34,0,902.0,17.486305,222.44196,0.0013793006,-0.00054959336,6.334263,251.09607,1.1,0.0,35.0,0.0,0.01,3000.0,0.1,0.0,9.253052e-06,0.0,0.0,10.0
114,2,0,1399.0,18.330618,108.97663,-0.0073062307,-0.0004392962,6.6893563,444.71283,0.7,0.0,35.0,0.0,0.1,3000.0,0.035,0.0,8.759319e-06,0.0,0.0,30.0
120,35,0,1064.0,17.841288,283.2398,-0.0032357927,-0.0009465994,8.258743,320.91125,1.1,0.0,35.0,0.0,0.01,3000.0,0.1,0.0,8.987194e-06,0.0,0.0,10.0
113,40,0,956.0,18.044565,326.66406,0.0010953766,-0.0019002394,6.300728,88.17793,1.1,5.0,25.0,0.0,0.01,3000.0,0.1,0.0,8989.965,0.0,0.0,10.0
119,49,0,957.0,18.23571,149.37454,0.0051832786,0.00033090546,5.596305,125.548035,1.1,0.0,35.0,0.0,0.01,3000.0,0.1,0.0,8.873259e-06,0.0,0.0,10.0
90,134,0,787.0,17.504007,339.21893,0.0031021761,0.0020709503,5.640038,251.09607,1.1,0.0,35.0,0.0,0.01,3000.0,0.1,0.0,9.291032e-06,0.0,0.0,10.0
43,122,0,849.0,17.124382,339.81757,0.0029054652,0.0008188349,6.3565054,251.09607,1.1,0.0,35.0,0.0,0.01,3000.0,0.1,0.0,9.518908e-06,0.0,0.0,10.0
32,136,0,857.0,18.110712,13.856312,9.021573e-05,-0.0012639897,5.6036673,88.17793,1.1,0.0,35.0,0.0,0.01,3000.0,0.1,0.0,8.949215e-06,0.0,0.0,10.0
29,137,0,897.0,18.113375,351.14514,0.00497805,0.0011043487,5.60351,320.91125,1.1,0.0,35.0,0.0,0.01,3000.0,0.1,0.0,8.949215e-06,0.0,0.0,10.0
102,41,0,919.0,18.330618,108.97663,0.0012992049,-0.0013196556,6.6893563,125.548035,1.1,0.0,35.0,0.0,0.01,3000.0,0.1,0.0,8.759319e-06,0.0,0.0,10.0
94,88,0,868.0,17.705341,41.75515,-0.0022399952,0.00181625,6.320996,694.20044,1.1,0.0,35.0,0.0,0.01,3000.0,0.1,0.0,9.139115e-06,0.0,0.0,10.0
38,133,0,866.0,17.580698,349.82968,0.00070634595,0.0012449649,5.6353803,446.84897,1.1,0.0,35.0,0.0,0.01,3000.0,0.1,0.0,9.253052e-06,0.0,0.0,10.0
42,98,0,813.0,17.258244,224.61539,-0.002246358,0.0009731157,5.655084,125.548035,0.7,0.0,35.0,0.0,0.1,3000.0,0.035,0.0,9.366989e-06,0.0,0.0,30.0
106,138,0,248.0,17.4388,94.14064,-0.0011559037,-0.00034516802,8.902108,0.0,1.1,0.0,35.0,0.0,0.01,3000.0,0.1,0.0,9.215071e-06,0.0,0.0,10.0
34,113,0,838.0,17.563868,336.01257,-0.00047359985,-1.0885917e-05,6.3295484,357.4792,1.1,0.0,35.0,0.0,0.01,3000.0,0.1,0.0,9.253052e-06,0.0,0.0,10.0
55,21,0,888.0,18.160347,9.820522,0.0012491224,0.0015952294,5.6007385,251.09607,1.1,0.0,35.0,0.0,0.01,3000.0,0.1,0.0,8.949215e-06,1.6968396,0.23532338,10.0
10,29,0,1086.0,17.736694,40.330914,-0.0027353424,0.0013789561,5.6259613,363.85785,1.1,0.0,35.0,0.0,0.01,3000.0,0.1,0.0,9.101133e-06,1.0822614,1.2129889,10.0
54,109,0,851.0,18.182358,14.803937,0.0032633347,-0.00091275916,5.599442,88.17793,1.1,0.0,35.0,0.0,0.01,3000.0,0.1,0.0,8.911237e-06,0.0,0.0,10.0
97,30,0,1013.0,17.322886,220.2216,-0.01146401,3.3245724e-05,8.049004,88.17793,1.1,0.0,35.0,0.0,0.01,3000.0,0.1,0.0,9.3669905e-06,0.0,0.0,10.0
110,128,0,244.0,17.485033,131.76038,0.006977566,-0.0010343954,6.33434,125.548035,1.1,0.0,35.0,0.0,0.01,3000.0,0.1,0.0,9.253052e-06,0.0,0.0,10.0
94,0,0,1650.0,17.958622,230.9644,0.0048360596,0.00095566834,5.6126842,597.9203,1.0,0.0,35.0,0.0,0.1,3000.0,0.035,0.0,8.987194e-06,0.0,0.0,0.0
76,146,0,830.0,17.14432,101.66521,-0.0041725803,-0.00095644133,7.048417,376.6441,1.1,0.0,35.0,0.0,0.01,3000.0,0.1,0.0,9.3669905e-06,0.0,0.0,10.0
77,138,0,811.0,17.149763,205.7928,-0.0021129302,0.00094543496,6.3549323,251.09607,1.1,0.0,35.0,0.0,0.01,3000.0,0.1,0.0,9.480929e-06,0.0,0.0,10.0
102,121,0,416.0,18.499672,190.59895,-0.0035194545,-0.00093809614,8.758954,88.17793,1.1,0.0,35.0,0.0,0.01,3000.0,0.1,0.0,8.759319e-06,0.0,0.0,10.0
93,84,0,859.0,17.492077,96.19752,0.0070725456,0.004009451,5.640764,352.71173,1.1,0.0,35.0,0.0,0.01,3000.0,0.1,0.0,9.177093e-06,0.0,0.0,10.0
67,41,0,876.0,17.884861,249.42505,0.0026936226,-0.0002182504,6.3102283,89.3698,1.1,0.0,35.0,0.0,0.01,3000.0,0.1,0.0,8.987194e-06,0.0,0.0,10.0
90,47,0,885.0,18.198345,117.75554,-0.0013688536,0.0013257655,5.598501,320.91125,1.1,0.0,35.0,0.0,0.01,3000.0,0.1,0.0,8.835278e-06,0.0,0.0,10.0
87,12,0,1290.0,18.113375,171.14513,-0.005257542,-0.00046496358,8.599242,88.17793,1.1,0.0,35.0,0.0,0.01,3000.0,0.1,0.0,8.949215e-06,0.0,0.0,10.0
91,128,0,553.0,17.65076,126.020454,-0.019970397,-0.00048724437,9.620125,0.0,1.1,0.0,35.0,0.0,0.01,3000.0,0.1,0.0,9.139115e-06,0.0,0.0,10.0
65,4,0,1101.0,18.312307,222.54655,0.0037036838,-0.0011009128,7.201253,352.71173,1.1,0.0,35.0,0.0,0.01,3000.0,0.1,0.0,8.7972985e-06,0.0,0.0,10.0
78,2,0,1348.0,17.04388,164.11287,0.0055154916,-0.00018160627,7.460121,352.71173,1.1,0.0,35.0,0.0,0.01,3000.0,0.1,0.0,9.556887e-06,0.0,0.0,10.0
93,86,0,847.0,18.14909,72.89819,-0.0048409803,0.0013824349,7.3931613,529.0676,1.1,0.0,35.0,0.0,0.01,3000.0,0.1,0.0,8.835278e-06,0.0,0.0,10.0
69,14,0,1057.0,17.974018,184.94661,0.0032156957,0.0012603562,5.6117682,176.35587,1.1,0.0,35.0,0.0,0.01,3000.0,0.1,0.0,8.987194e-06,0.0,0.0,10.0
99,47,0,894.0,18.2056,331.5557,0.005155871,1.5572314e-05,5.5980744,88.17793,1.1,0.0,35.0,0.0,0.01,3000.0,0.1,0.0,8.911237e-06,0.0,0.0,10.0
87,15,0,1199.0,18.488182,210.13046,-0.008134281,-0.00024263136,9.245128,0.0,1.1,0.0,35.0,0.0,0.01,3000.0,0.1,0.0,8.759319e-06,0.0,0.0,10.0
116,124,0,219.0,18.065111,286.14975,-0.0023516738,-0.0014047731,6.299511,88.17793,1.1,0.0,35.0,0.0,0.01,3000.0,0.1,0.0,8.873259e-06,0.0,0.0,10.0
122,10,0,1227.0,18.258547,164.25664,0.006747879,-0.00048656706,5.5949645,88.17793,1.1,0.0,35.0,0.0,0.01,3000.0,0.1,0.0,8.873259e-06,0.0,0.0,10.0
116,123,0,219.0,17.492077,263.8025,-0.003175436,-0.0011877296,9.701207,0.0,1.1,0.0,35.0,0.0,0.01,3000.0,0.1,0.0,9.177093e-06,0.0,0.0,10.0
66,30,0,958.0,17.097673,220.90367,0.0015794534,0.0009423603,5.665016,363.85785,1.1,0.0,35.0,0.0,0.01,3000.0,0.1,0.0,9.480929e-06,0.0,0.0,10.0
98,133,0,702.0,18.018988,93.99834,0.024469929,0.0032437863,5.6090975,440.88968,1.1,0.0,35.0,0.0,0.01,3000.0,0.1,0.0,8.911237e-06,0.0,0.0,10.0
121,5,0,1364.0,17.289707,169.64539,0.012425359,0.0013987402,5.653147,251.09607,1.1,0.0,35.0,0.0,0.01,3000.0,0.1,0.0,9.3669905e-06,0.0,0.0,10.0
120,1,0,1394.0,18.184465,261.06232,0.0026109961,3.581185e-05,6.292465,395.4155,1.1,0.0,35.0,0.0,0.01,3000.0,0.1,0.0,8.7972985e-06,0.0,0.0,10.0
106,29,0,1102.0,18.465576,165.44464,-0.003012492,-0.0004996461,6.2760262,519.2804,1.1,0.0,35.0,0.0,0.01,3000.0,0.1,0.0,8.759319e-06,0.0,0.0,10.0
73,12,0,1084.0,17.91387,180.9917,0.0012727992,-0.000861857,5.6153502,199.30678,1.1,0.0,35.0,0.0,0.01,3000.0,0.1,0.0,9.025173e-06,0.0,0.0,10.0
89,82,0,841.0,18.0015,5.929443,0.0024500324,-0.00086911913,5.6101356,125.548035,1.1,0.0,35.0,0.0,0.01,3000.0,0.1,0.0,8.987194e-06,0.0,0.0,10.0
121,26,0,1191.0,17.398706,268.96313,0.002897698,-3.391552e-05,5.646462,376.6441,1.1,0.0,35.0,0.0,0.01,3000.0,0.1,0.0,9.253052e-06,0.0,0.0,10.0
56,60,0,871.0,17.086943,280.63007,4.019428e-05,-0.00028415438,6.35883,319.25848,1.1,0.0,35.0,0.0,0.01,3000.0,0.1,0.0,9.3669905e-06,1.2816689,0.0,10.0
84,42,0,844.0,17.830524,240.42209,0.0031637247,-0.0017236569,5.6203303,88.17793,1.1,0.0,35.0,0.0,0.01,3000.0,0.1,0.0,8.987194e-06,0.0,0.0,10.0
88,11,0,1311.0,17.061111,202.50906,-0.010546049,-0.0001510798,8.500503,197.70775,1.1,0.0,35.0,0.0,0.01,3000.0,0.1,0.0,9.518908e-06,0.0,0.0,10.0
102,11,0,1273.0,17.825783,233.16235,0.0016815811,-0.001440759,7.230052,89.3698,1.1,0.0,35.0,0.0,0.01,3000.0,0.1,0.0,8.987194e-06,0.0,0.0,10.0
98,52,0,884.0,17.420105,266.89215,-0.0018995148,0.0004205958,7.031448,368.19385,1.1,0.0,35.0,0.0,0.01,3000.0,0.1,0.0,9.215071e-06,0.0,0.0,10.0
115,34,0,986.0,17.14735,265.78433,-0.0005802407,-0.00031326717,8.657667,125.548035,1.1,0.0,35.0,0.0,0.01,3000.0,0.1,0.0,9.3669905e-06,0.0,0.0,10.0
104,29,0,1110.0,17.870918,189.9924,0.00060552504,0.00054651714,5.617914,368.19385,1.1,0.0,35.0,0.0,0.01,3000.0,0.1,0.0,9.101133e-06,0.0,0.0,10.0
111,7,0,1343.0,18.135448,148.02693,-0.004398445,-0.0016469865,8.78026,88.17793,1.1,0.0,35.0,0.0,0.01,3000.0,0.1,0.0,8.911237e-06,0.0,0.0,10.0
117,7,0,1280.0,18.448967,170.34558,0.00013022167,-0.00049348286,6.6824565,125.548035,1.1,0.0,35.0,0.0,0.01,3000.0,0.1,0.0,8.7972985e-06,0.0,0.0,10.0
22,117,0,797.0,20.029882,11.507977,0.0028091387,-0.0008122046,5.4951086,125.548035,1.1,0.0,35.0,0.0,0.01,3000.0,0.1,0.0,8.037709e-06,0.0,0.0,10.0
88,83,0,866.0,20.988703,338.618,0.003200224,-0.00019163737,5.4441037,125.548035,1.1,0.0,35.0,0.0,0.01,3000.0,0.1,0.0,7.581956e-06,0.0,0.0,10.0
122,28,0,1172.0,18.584223,185.72981,0.00022547692,-0.0003354676,6.9622993,536.21875,1.1,0.0,35.0,0.0,0.01,3000.0,0.1,0.0,8.683361e-06,0.0,0.0,10.0
106,23,0,1233.0,20.93969,288.1307,0.0028958046,0.000952001,6.139811,319.25848,1.1,0.0,35.0,0.0,0.01,3000.0,0.1,0.0,7.543978e-06,0.0,0.0,10.0
52,23,0,809.0,19.333818,253.08786,-0.004779804,-0.0019901192,7.325181,368.19385,1.1,0.0,35.0,0.0,0.01,3000.0,0.1,0.0,8.265587e-06,1.7546543,1.432303,10.0
76,9,0,1124.0,20.79235,155.63446,-0.0009377362,-0.0010149655,6.553003,178.7396,1.1,0.0,35.0,0.0,0.01,3000.0,0.1,0.0,7.695896e-06,0.0,0.0,10.0
106,2,0,1603.0,19.451225,185.45428,0.00010409847,-0.00065223273,6.913173,444.71283,1.1,0.0,35.0,0.0,0.01,3000.0,0.1,0.0,8.265587e-06,0.0,0.0,10.0
7,10,0,1118.0,23.152157,83.91037,0.0058844136,0.0019150287,5.335585,197.70775,0.7,0.0,35.0,0.0,0.1,3000.0,0.035,0.0,6.784389e-06,1.2544155,1.6696091,30.0
108,126,0,324.0,24.426592,177.1757,0.005067073,-8.260403e-05,5.275309,264.5338,1.1,0.0,35.0,0.0,0.01,3000.0,0.1,0.0,6.480553e-06,0.0,0.0,10.0
13,43,0,830.0,19.59199,193.63773,-0.0028416938,3.0094858e-05,8.158135,443.04425,1.1,0.0,35.0,0.0,0.01,3000.0,0.1,0.0,8.2276065e-06,1.8207265,0.8112968,10.0
6,0,0,904.0,19.31531,44.615383,0.0044347015,0.00024093986,7.613898,368.19385,1.0,0.0,35.0,0.0,0.1,3000.0,0.035,0.0,8.265585e-06,1.2221899,1.7877772,0.0
3,35,0,837.0,20.714146,196.32616,0.0017862862,-6.539663e-05,5.45851,89.3698,1.1,0.0,35.0,0.0,0.01,3000.0,0.1,0.0,7.771853e-06,4.1018734,1.6554978,10.0
90,148,0,517.0,22.33988,202.40817,-0.0026055037,-0.00075479236,6.47396,89.3698,1.1,0.0,35.0,0.0,0.01,3000.0,0.1,0.0,7.1262034e-06,0.0,0.0,10.0
98,62,0,895.0,22.948711,277.69608,0.0004948436,0.0015777361,5.345441,376.6441,1.1,0.0,35.0,0.0,0.01,3000.0,0.1,0.0,6.8223685e-06,0.0,0.0,10.0
69,141,0,848.0,20.126667,82.88962,0.002917423,4.8624413e-05,5.4898696,89.3698,1.1,0.0,35.0,0.0,0.01,3000.0,0.1,0.0,7.885792e-06,0.0,0.0,10.0
116,88,0,866.0,22.1285,227.98419,0.0026737184,0.003584425,6.484493,251.09607,1.1,0.0,35.0,0.0,0.01,3000.0,0.1,0.0,7.1641825e-06,0.0,0.0,10.0
119,6,0,1288.0,19.57749,215.59566,-0.0024538809,-0.0006200416,6.213027,88.17793,1.1,0.0,35.0,0.0,0.01,3000.0,0.1,0.0,8.2276065e-06,0.0,0.0,10.0
117,138,0,288.0,23.12155,293.4784,-0.0032890518,-0.00038636313,6.7233577,440.88968,1.1,0.0,35.0,0.0,0.01,3000.0,0.1,0.0,6.78439e-06,0.0,0.0,10.0
89,26,0,1082.0,20.028425,209.41466,0.0023522244,0.00109416,5.4951878,363.85785,1.1,0.0,35.0,0.0,0.01,3000.0,0.1,0.0,8.037709e-06,0.0,0.0,10.0
66,5,0,1090.0,22.916298,233.83093,-0.0025324363,-0.0013529385,7.138777,279.2223,1.1,0.0,35.0,0.0,0.01,3000.0,0.1,0.0,6.8603476e-06,0.0,0.0,10.0
122,7,0,1280.0,20.909807,112.69841,0.00023066736,0.0007804014,6.1413746,251.09607,1.1,0.0,35.0,0.0,0.01,3000.0,0.1,0.0,7.543978e-06,0.0,0.0,10.0
31,130,0,832.0,18.882301,273.8023,0.00040513056,-0.0015470091,6.252047,89.3698,1.1,0.0,35.0,0.0,0.01,3000.0,0.1,0.0,8.455483e-06,0.0,0.0,10.0
87,125,0,822.0,24.357273,98.64433,0.002787093,0.001438285,5.971673,197.70775,1.1,0.0,35.0,0.0,0.01,3000.0,0.1,0.0,6.404595e-06,0.0,0.0,10.0
103,104,0,384.0,22.737978,65.200966,-0.0036411777,-0.00085987255,7.3016315,88.17793,1.1,0.0,35.0,0.0,0.01,3000.0,0.1,0.0,6.936307e-06,0.0,0.0,10.0
58,12,0,868.0,22.179289,230.22156,-0.0021085853,-0.0013691896,6.4819546,88.17793,1.1,5.0,25.0,0.0,0.01,3000.0,0.1,0.0,11229.91,2.0979054,1.0323029,10.0
50,106,0,841.0,20.42963,19.295479,0.0008047349,0.0006674885,5.4736047,363.85785,1.1,0.0,35.0,0.0,0.01,3000.0,0.1,0.0,7.885792e-06,0.0,0.0,10.0
10,3,0,819.0,22.24247,64.54342,-0.0005872246,-0.0014625988,7.326102,89.3698,1.1,0.0,35.0,0.0,0.01,3000.0,0.1,0.0,7.0882247e-06,1.8583103,27.515354,10.0
97,0,0,1601.0,24.113087,112.33702,-0.0021568045,0.0006484181,5.289912,502.19214,1.0,0.0,35.0,0.0,0.1,3000.0,0.035,0.0,6.4805536e-06,0.0,0.0,0.0
88,15,0,1234.0,18.730005,240.98877,-0.0011944629,3.6054564e-07,6.2607574,89.3698,1.1,0.0,35.0,0.0,0.01,3000.0,0.1,0.0,8.569423e-06,0.0,0.0,10.0
115,141,0,287.0,24.40572,272.8653,0.0033654307,0.00036494766,5.276277,455.4661,1.1,0.0,35.0,0.0,0.01,3000.0,0.1,0.0,6.404595e-06,0.0,0.0,10.0
64,17,0,893.0,20.026682,231.5183,-0.004270083,-0.0016639649,7.10472,88.17793,1.1,0.0,35.0,0.0,0.01,3000.0,0.1,0.0,7.961751e-06,0.0,0.0,10.0
116,46,0,968.0,20.019928,273.56894,-0.0016227006,-0.000535555,7.1050863,320.91125,1.1,5.0,25.0,0.0,0.01,3000.0,0.1,0.0,10153.389,0.0,0.0,10.0
87,146,0,598.0,23.96981,158.59668,0.00012600522,-1.1711212e-05,6.3952456,89.3698,1.1,0.0,35.0,0.0,0.01,3000.0,0.1,0.0,6.594493e-06,0.0,0.0,10.0
11,42,0,880.0,19.595003,189.04219,0.0069807647,0.0015872869,5.518912,368.19385,1.1,0.0,35.0,0.0,0.01,3000.0,0.1,0.0,8.2276065e-06,1.838935,0.7097139,10.0
23,33,0,843.0,22.335112,328.8374,0.000121730794,0.0007290093,5.375584,197.70775,1.1,0.0,35.0,0.0,0.01,3000.0,0.1,0.0,7.1262034e-06,1.8441442,0.8497599,10.0
104,14,0,1232.0,22.135586,222.37103,-0.00033936198,-0.00097626384,6.4841385,125.548035,1.1,5.0,25.0,0.0,0.01,3000.0,0.1,0.0,11229.91,0.0,0.0,10.0
74,143,0,852.0,19.980856,356.47125,0.0062023485,0.00029732738,5.4977703,199.30678,1.1,0.0,35.0,0.0,0.01,3000.0,0.1,0.0,8.075689e-06,0.0,0.0,10.0
59,35,0,897.0,19.703157,290.38623,-0.0034994332,-9.160906e-05,6.206098,536.21875,1.1,0.0,35.0,0.0,0.01,3000.0,0.1,0.0,8.113669e-06,1.5754112,0.42567962,10.0
115,22,0,1139.0,20.924767,135.38461,0.003028116,0.00040490474,6.5460567,178.7396,0.7,0.0,35.0,0.0,0.1,3000.0,0.035,0.0,7.5819567e-06,0.0,0.0,30.0
114,119,0,244.0,21.917374,106.37135,4.8208316e-05,-0.001889942,6.4950933,251.09607,1.1,0.0,35.0,0.0,0.01,3000.0,0.1,0.0,7.202162e-06,0.0,0.0,10.0
84,32,0,939.0,22.752604,196.26884,0.00024278818,0.00019217478,6.0481524,363.85785,1.1,0.0,35.0,0.0,0.01,3000.0,0.1,0.0,7.012266e-06,0.0,0.0,10.0
104,72,0,849.0,20.847925,87.43977,0.0020751113,0.00090521574,5.451471,125.548035,1.1,0.0,35.0,0.0,0.01,3000.0,0.1,0.0,7.581956e-06,0.0,0.0,10.0
99,65,0,896.0,18.722414,222.59517,0.003341418,0.0017697252,5.568046,357.4792,1.1,0.0,35.0,0.0,0.01,3000.0,0.1,0.0,8.6074015e-06,0.0,0.0,10.0
7,4,0,936.0,23.476524,47.243168,0.0005677577,-0.0012336641,6.706303,357.4792,1.1,5.0,25.0,0.0,0.01,3000.0,0.1,0.0,11992.841,1.1890557,20.920921,10.0
86,81,0,865.0,20.348492,122.35212,-0.00057035935,0.0004909599,5.477941,125.548035,1.1,0.0,35.0,0.0,0.01,3000.0,0.1,0.0,7.847812e-06,0.0,0.0,10.0
88,18,0,1206.0,22.430977,231.82031,0.0040070494,0.0010836083,5.3708324,251.09607,1.1,0.0,35.0,0.0,0.01,3000.0,0.1,0.0,7.0502447e-06,0.0,0.0,10.0
82,15,0,1182.0,20.243017,243.51895,0.0037231296,0.0001823418,6.582212,319.25848,1.1,0.0,35.0,0.0,0.01,3000.0,0.1,0.0,7.885792e-06,0.0,0.0,10.0
93,144,0,769.0,19.335579,147.17287,0.012131223,0.002197886,5.5333233,446.84897,1.1,0.0,35.0,0.0,0.01,3000.0,0.1,0.0,8.303566e-06,0.0,0.0,10.0
106,6,0,1523.0,20.765295,250.79185,0.00041457592,0.002671117,5.4558144,357.4792,1.1,5.0,25.0,0.0,0.01,3000.0,0.1,0.0,10505.879,0.0,0.0,10.0
0,5,0,978.0,19.911427,292.06796,-0.002930523,-0.00019642808,9.165111,0.0,1.1,0.0,35.0,0.0,0.01,3000.0,0.1,0.0,7.961751e-06,2.0063837,0.59943235,10.0
116,45,0,973.0,20.770779,253.49763,-0.0032930968,-0.000923057,6.5541377,376.6441,0.7,5.0,25.0,0.0,0.1,3000.0,0.035,0.0,16509.24,0.0,0.0,30.0
114,21,0,1177.0,18.643023,157.5787,0.0062441574,-0.0005420395,6.2657595,268.10938,1.1,0.0,35.0,0.0,0.01,3000.0,0.1,0.0,8.64538e-06,0.0,0.0,10.0
108,5,0,1518.0,21.647474,109.18398,-0.0013276383,0.0015011483,6.1032987,376.6441,0.7,0.0,35.0,0.0,0.1,3000.0,0.035,0.0,7.3161004e-06,0.0,0.0,30.0
98,4,0,1520.0,19.92113,134.75497,0.0112289535,-0.00040994576,6.1941676,268.10938,1.1,0.0,35.0,0.0,0.01,3000.0,0.1,0.0,8.037709e-06,0.0,0.0,10.0
52,20,0,863.0,19.245981,263.47208,0.0073506436,0.0013219649,5.538338,395.4155,1.1,0.0,35.0,0.0,0.01,3000.0,0.1,0.0,8.265587e-06,1.6967555,0.7561239,10.0
91,21,0,1150.0,20.67369,108.395065,0.0045188013,0.0011422713,6.153793,282.23746,0.7,0.0,35.0,0.0,0.1,3000.0,0.035,0.0,7.695895e-06,0.0,0.0,30.0
123,27,0,1212.0,18.962593,193.17697,0.0026637123,0.00040808498,5.554332,569.27985,1.1,0.0,35.0,0.0,0.01,3000.0,0.1,0.0,8.531442e-06,0.0,0.0,10.0
108,30,0,1071.0,22.255487,176.0803,0.0007370545,-0.0004511254,5.3795433,320.91125,1.1,0.0,35.0,0.0,0.01,3000.0,0.1,0.0,7.1641825e-06,0.0,0.0,10.0
96,16,0,1168.0,18.980375,207.09445,-0.0026758416,-0.001113961,6.6519346,89.3698,1.1,0.0,35.0,0.0,0.01,3000.0,0.1,0.0,8.493463e-06,0.0,0.0,10.0
82,71,0,863.0,19.409746,349.0156,0.0014912706,0.000572104,5.5291867,251.09607,1.1,0.0,35.0,0.0,0.01,3000.0,0.1,0.0,8.303566e-06,0.0,0.0,10.0
13,34,0,951.0,18.980825,197.0249,-0.0014228508,-0.0004083018,6.2464437,718.16895,1.1,0.0,35.0,0.0,0.01,3000.0,0.1,0.0,8.531442e-06,1.4719799,1.7249473,10.0
66,6,0,1069.0,19.585897,230.397,-0.0037683926,-0.0012247709,7.4653254,197.70775,1.1,0.0,35.0,0.0,0.01,3000.0,0.1,0.0,8.189628e-06,0.0,0.0,10.0
37,114,0,848.0,19.173996,74.875946,0.003867361,8.387187e-05,5.542382,125.548035,1.1,0.0,35.0,0.0,0.01,3000.0,0.1,0.0,8.303566e-06,0.0,0.0,10.0
95,28,0,1009.0,19.130297,270.0,0.0013904023,-0.00087108114,5.5448427,178.7396,1.1,0.0,35.0,0.0,0.01,3000.0,0.1,0.0,8.303566e-06,0.0,0.0,10.0
101,144,0,318.0,22.065998,96.42517,0.0036406505,-0.00081959716,5.3890104,125.548035,1.1,0.0,35.0,0.0,0.01,3000.0,0.1,0.0,7.1641825e-06,0.0,0.0,10.0
80,17,0,1098.0,18.617592,265.17227,0.00014215104,-0.00078957004,7.1835165,368.19385,1.1,0.0,35.0,0.0,0.01,3000.0,0.1,0.0,8.6074015e-06,0.0,0.0,10.0
93,2,0,1586.0,19.993122,271.7862,-0.0034297586,0.0016847943,5.497104,455.4661,1.1,0.0,35.0,0.0,0.01,3000.0,0.1,0.0,7.923772e-06,0.0,0.0,10.0
14,44,0,811.0,19.779266,203.8597,6.6913184e-05,-0.0009520669,6.895067,319.25848,1.1,0.0,35.0,0.0,0.01,3000.0,0.1,0.0,8.151647e-06,1.9403572,0.32090268,10.0
65,13,0,1009.0,21.32062,225.78474,0.0021088738,-0.0002899664,6.525503,319.25848,1.1,0.0,35.0,0.0,0.01,3000.0,0.1,0.0,7.4680183e-06,0.0,0.0,10.0
91,25,0,1077.0,18.961792,130.06393,-4.687274e-05,0.00025479725,6.2475243,319.25848,1.1,0.0,35.0,0.0,0.01,3000.0,0.1,0.0,8.455483e-06,0.0,0.0,10.0
100,29,0,1097.0,18.624317,300.31573,-5.4270186e-05,0.0009168592,5.573691,88.17793,1.1,0.0,35.0,0.0,0.01,3000.0,0.1,0.0,8.6074015e-06,0.0,0.0,10.0
98,39,0,928.0,23.556696,257.22653,-0.00037443833,-0.0009116259,6.414797,268.10938,1.1,0.0,35.0,0.0,0.01,3000.0,0.1,0.0,6.6704515e-06,0.0,0.0,10.0
82,25,0,1041.0,22.512014,293.3757,1.2863944e-05,-0.00087931333,6.059975,176.35587,1.1,0.0,35.0,0.0,0.01,3000.0,0.1,0.0,7.012266e-06,0.0,0.0,10.0
101,13,0,1235.0,20.548359,90.0,-0.0024017296,-0.0029296414,7.546726,88.17793,0.7,5.0,25.0,0.0,0.1,3000.0,0.035,0.0,16347.093,0.0,0.0,30.0
1,30,0,962.0,23.69896,211.50528,0.0005217832,-0.00032787613,6.695717,89.3698,1.1,0.0,35.0,0.0,0.01,3000.0,0.1,0.0,6.6704515e-06,3.9084542,36.88137,10.0
95,134,0,688.0,21.746513,122.696144,-0.0027992132,0.0024882613,5.4051194,443.04425,1.1,0.0,35.0,0.0,0.01,3000.0,0.1,0.0,7.2401426e-06,0.0,0.0,10.0
102,120,0,450.0,20.368982,186.92384,-0.0021802266,-0.00042743536,8.367216,125.548035,1.1,0.0,35.0,0.0,0.01,3000.0,0.1,0.0,7.885792e-06,0.0,0.0,10.0
90,124,0,805.0,22.301891,160.06206,0.0083481595,0.0020072632,5.3772345,319.25848,1.1,0.0,35.0,0.0,0.01,3000.0,0.1,0.0,7.1641825e-06,0.0,0.0,10.0
40,134,0,843.0,18.84447,117.72314,-0.0014408764,-0.00043580777,5.561058,282.23746,1.1,0.0,35.0,0.0,0.01,3000.0,0.1,0.0,8.493463e-06,0.0,0.0,10.0
58,36,0,891.0,20.251472,294.5169,0.00259077,0.00024264795,5.4831448,480.39087,1.1,0.0,35.0,0.0,0.01,3000.0,0.1,0.0,7.885792e-06,1.5415527,0.23881774,10.0
83,141,0,787.0,20.426758,235.71304,-0.001488249,0.000503458,6.166905,197.70775,1.1,0.0,35.0,0.0,0.01,3000.0,0.1,0.0,7.809834e-06,0.0,0.0,10.0
98,7,0,1421.0,21.153358,153.36992,-0.0061570206,0.0003080453,7.0449753,357.4792,1.1,0.0,35.0,0.0,0.01,3000.0,0.1,0.0,7.543978e-06,0.0,0.0,10.0
92,130,0,564.0,23.466785,31.89636,-0.00850964,-0.0001877999,7.1122336,88.17793,1.1,0.0,35.0,0.0,0.01,3000.0,0.1,0.0,6.74641e-06,0.0,0.0,10.0
7,2,0,901.0,21.389513,66.08685,-0.001860796,0.00022499073,6.80964,282.23746,1.1,0.0,35.0,0.0,0.01,3000.0,0.1,0.0,7.4300383e-06,1.33537,11.321156,10.0
117,119,0,273.0,24.31839,277.93356,0.0030324361,-0.000104684,5.280333,197.70775,1.1,0.0,35.0,0.0,0.01,3000.0,0.1,0.0,6.404595e-06,0.0,0.0,10.0
120,124,0,354.0,21.900257,283.04312,0.00036057885,-0.0013888291,6.090491,279.2223,1.1,0.0,35.0,0.0,0.01,3000.0,0.1,0.0,7.202162e-06,0.0,0.0,10.0
57,5,0,944.0,23.705956,244.77625,-0.0037622494,0.00046211362,6.002238,376.6441,1.1,0.0,35.0,0.0,0.01,3000.0,0.1,0.0,6.632471e-06,1.6138558,5.5160036,10.0
71,43,0,910.0,20.1392,153.74141,0.0058006044,-0.00010117121,5.489193,368.19385,1.1,0.0,35.0,0.0,0.01,3000.0,0.1,0.0,7.961751e-06,0.0,0.0,10.0
123,9,0,1227.0,19.49944,113.59862,0.003218376,0.00027980705,8.615244,197.70775,1.1,0.0,35.0,0.0,0.01,3000.0,0.1,0.0,8.189628e-06,0.0,0.0,10.0
70,25,0,1021.0,20.004295,87.321785,0.0029044216,0.0001834298,5.496497,376.6441,1.1,0.0,35.0,0.0,0.01,3000.0,0.1,0.0,7.923772e-06,0.0,0.0,10.0
108,27,0,1188.0,20.79484,197.13625,-0.00037957076,0.0013654972,5.4542594,516.01,1.1,0.0,35.0,0.0,0.01,3000.0,0.1,0.0,7.733875e-06,0.0,0.0,10.0
84,13,0,1282.0,19.97823,197.92622,0.009828336,0.001114474,5.4979134,268.10938,0.7,0.0,35.0,0.0,0.1,3000.0,0.035,0.0,8.075687e-06,0.0,0.0,30.0
4,18,0,1301.0,23.946177,57.57062,0.0025391171,0.00052588416,6.396357,638.51697,0.7,0.0,35.0,0.0,0.1,3000.0,0.035,0.0,6.5185322e-06,0.91080546,1.5585142,30.0
1,5,0,1008.0,22.26958,280.37018,5.231828e-06,-0.00012707984,6.4774537,89.3698,1.1,0.0,35.0,0.0,0.01,3000.0,0.1,0.0,7.0882247e-06,2.0058088,2.1572168,10.0
89,124,0,797.0,21.651724,189.73679,0.0010052787,0.0010227002,5.409935,279.2223,1.1,0.0,35.0,0.0,0.01,3000.0,0.1,0.0,7.3920596e-06,0.0,0.0,10.0
52,21,0,850.0,20.738598,237.37607,0.00236838,-0.00014655315,5.4572206,368.19385,1.1,0.0,35.0,0.0,0.01,3000.0,0.1,0.0,7.695896e-06,1.6885072,1.0354071,10.0
82,31,0,958.0,19.965601,182.64804,7.527081e-05,-0.00037047302,7.6958246,446.84897,1.1,0.0,35.0,0.0,0.01,3000.0,0.1,0.0,8.075689e-06,0.0,0.0,10.0
106,106,0,337.0,20.729136,44.01243,1.568968e-05,-0.0005302422,7.537161,197.70775,1.1,0.0,35.0,0.0,0.01,3000.0,0.1,0.0,7.695896e-06,0.0,0.0,10.0
85,15,0,1205.0,18.93979,187.49452,0.00040448536,-6.8084504e-05,5.5556273,125.548035,1.1,0.0,35.0,0.0,0.01,3000.0,0.1,0.0,8.531442e-06,0.0,0.0,10.0
101,72,0,854.0,20.35908,228.92381,-0.00033143285,0.005045691,6.1705213,268.10938,1.1,0.0,35.0,0.0,0.01,3000.0,0.1,0.0,7.847812e-06,0.0,0.0,10.0
98,33,0,1042.0,22.637772,240.6931,0.0046820133,0.0004910478,5.3606358,197.70775,1.1,0.0,35.0,0.0,0.01,3000.0,0.1,0.0,6.9742855e-06,0.0,0.0,10.0
65,20,0,946.0,19.606625,286.65036,0.0016680441,0.00077493006,5.51827,176.35587,1.1,0.0,35.0,0.0,0.01,3000.0,0.1,0.0,8.151647e-06,0.0,0.0,10.0
31,131,0,832.0,18.529644,290.81024,-0.0039003273,-0.00085009297,6.27231,89.3698,1.1,0.0,35.0,0.0,0.01,3000.0,0.1,0.0,8.64538e-06,0.0,0.0,10.0
99,22,0,1130.0,19.8727,289.23468,0.0008212561,0.0002702555,6.196809,282.23746,1.1,0.0,35.0,0.0,0.01,3000.0,0.1,0.0,8.037709e-06,0.0,0.0,10.0
104,136,0,330.0,23.59123,114.55073,0.00020670758,-0.00070501125,6.413152,251.09607,1.1,0.0,35.0,0.0,0.01,3000.0,0.1,0.0,6.6704515e-06,0.0,0.0,10.0
9,42,0,838.0,20.550512,270.86667,0.005717231,0.0004972115,5.4671702,199.30678,1.1,0.0,35.0,0.0,0.01,3000.0,0.1,0.0,7.733875e-06,1.9104759,0.14098918,10.0
110,3,0,1503.0,22.908463,112.067955,0.0038867444,-0.0011216123,6.733693,449.85626,0.7,0.0,35.0,0.0,0.1,3000.0,0.035,0.0,6.822368e-06,0.0,0.0,30.0
98,72,0,636.0,23.049433,209.97716,-0.010026166,-0.00567408,10.136344,0.0,1.1,0.0,35.0,0.0,0.01,3000.0,0.1,0.0,6.8603476e-06,0.0,0.0,10.0
112,118,0,347.0,20.323494,134.76852,0.0011255409,-5.791081e-05,5.47928,368.19385,1.1,0.0,35.0,0.0,0.01,3000.0,0.1,0.0,7.885792e-06,0.0,0.0,10.0
96,34,0,965.0,18.554388,230.06216,0.0038941945,-0.0005051795,6.2708774,178.7396,1.1,0.0,35.0,0.0,0.01,3000.0,0.1,0.0,8.64538e-06,0.0,0.0,10.0
14,25,0,931.0,20.1945,55.222084,-0.0064207697,-0.0004194367,6.5848227,268.10938,1.1,0.0,35.0,0.0,0.01,3000.0,0.1,0.0,7.923772e-06,1.9819853,16.509014,10.0
18,29,0,855.0,22.80975,93.86547,0.00058211753,-0.00084903906,6.0453587,178.7396,1.1,0.0,35.0,0.0,0.01,3000.0,0.1,0.0,6.8603476e-06,2.5652454,10.291081,10.0
81,26,0,1032.0,21.135345,294.24927,0.0007972861,-0.00029675508,6.129619,264.5338,1.1,0.0,35.0,0.0,0.01,3000.0,0.1,0.0,7.5059975e-06,0.0,0.0,10.0
117,131,0,287.0,23.199604,238.04813,0.0040273997,-0.0008127192,6.0264435,176.35587,1.1,0.0,35.0,0.0,0.01,3000.0,0.1,0.0,6.78439e-06,0.0,0.0,10.0
84,142,0,790.0,20.69867,199.01135,0.0060361302,0.000879028,5.4593263,197.70775,1.1,0.0,35.0,0.0,0.01,3000.0,0.1,0.0,7.771853e-06,0.0,0.0,10.0
25,127,0,863.0,18.691645,351.44077,0.0027083275,2.3683293e-05,5.5698137,443.04425,1.1,0.0,35.0,0.0,0.01,3000.0,0.1,0.0,8.64538e-06,0.0,0.0,10.0
91,2,0,1518.0,22.754652,234.45624,-0.0019200355,0.00016632068,6.4535174,282.23746,1.1,0.0,35.0,0.0,0.01,3000.0,0.1,0.0,6.936307e-06,0.0,0.0,10.0
10,40,0,839.0,24.412111,290.47568,-0.0024961915,-0.00031114533,5.9691277,282.23746,1.1,0.0,35.0,0.0,0.01,3000.0,0.1,0.0,6.404595e-06,2.1024604,1.0338837,10.0
7,36,0,807.0,20.088388,192.36691,-0.0035346514,-0.0015658106,7.101377,197.70775,1.1,0.0,35.0,0.0,0.01,3000.0,0.1,0.0,8.037709e-06,3.829011,3.9212325,10.0
123,53,0,948.0,21.029907,154.11526,0.0010136405,0.0013961165,6.135102,376.6441,1.1,0.0,35.0,0.0,0.01,3000.0,0.1,0.0,7.581956e-06,0.0,0.0,10.0
68,8,0,1135.0,21.135345,245.75073,0.0046488442,0.00040001178,6.129619,268.10938,1.1,0.0,35.0,0.0,0.01,3000.0,0.1,0.0,7.5059975e-06,0.0,0.0,10.0
117,146,0,397.0,23.591877,267.76767,-0.0017121946,0.0026777328,5.3145094,444.71283,1.1,0.0,35.0,0.0,0.01,3000.0,0.1,0.0,6.632471e-06,0.0,0.0,10.0
17,42,0,934.0,22.472612,198.94157,0.0029202912,0.0018279772,5.3687735,449.85626,0.7,0.0,35.0,0.0,0.1,3000.0,0.035,0.0,7.088224e-06,1.4202561,5.578593,30.0
99,123,0,489.0,22.644825,78.23591,0.0026349013,9.703522e-05,5.3602896,88.17793,1.1,0.0,35.0,0.0,0.01,3000.0,0.1,0.0,6.936307e-06,0.0,0.0,10.0
59,34,0,897.0,22.765022,270.77423,-0.0016417167,-0.00055368233,6.047545,536.21875,0.7,0.0,35.0,0.0,0.1,3000.0,0.035,0.0,6.8603467e-06,1.557023,0.44119027,30.0
77,143,0,812.0,22.915033,29.32028,-0.00054993405,0.00052094413,6.040226,125.548035,1.1,0.0,35.0,0.0,0.01,3000.0,0.1,0.0,6.936307e-06,0.0,0.0,10.0
56,3,0,953.0,19.993122,271.7862,0.002053492,0.00035734565,5.497104,444.71283,1.1,0.0,35.0,0.0,0.01,3000.0,0.1,0.0,7.923772e-06,1.5549392,1.4527258,10.0
5,17,0,1244.0,21.192253,40.49214,-7.3732e-05,-0.00017841141,6.819816,516.01,0.7,0.0,35.0,0.0,0.1,3000.0,0.035,0.0,7.543976e-06,0.8666888,6.490362,30.0
74,7,0,1225.0,20.967205,161.26482,0.0036328414,0.000226962,5.445226,357.4792,0.7,0.0,35.0,0.0,0.1,3000.0,0.035,0.0,7.657915e-06,0.0,0.0,30.0
101,138,0,396.0,20.913803,146.19682,0.0063547203,-0.0007484735,7.057456,197.70775,1.1,0.0,35.0,0.0,0.01,3000.0,0.1,0.0,7.657915e-06,0.0,0.0,10.0
101,36,0,997.0,22.552492,111.63295,-0.0018929482,0.00030858532,6.057979,89.3698,0.7,0.0,35.0,0.0,0.1,3000.0,0.035,0.0,6.9742846e-06,0.0,0.0,30.0
112,94,0,454.0,24.116196,207.54306,0.0005350167,-0.0010286949,6.6760607,176.35587,1.1,0.0,35.0,0.0,0.01,3000.0,0.1,0.0,6.5185336e-06,0.0,0.0,10.0
5,3,0,976.0,22.490335,64.87621,-0.0013475565,-4.9190727e-05,6.4665103,446.84897,1.1,5.0,25.0,0.0,0.01,3000.0,0.1,0.0,11473.201,1.2389319,4.6037292,10.0
112,15,0,1318.0,21.153358,153.36992,0.00497389,0.0010576787,5.4355373,449.85626,1.1,0.0,35.0,0.0,0.01,3000.0,0.1,0.0,7.543978e-06,0.0,0.0,10.0
116,25,0,1063.0,19.732172,125.79748,0.0010452218,-0.0011888538,6.204504,197.70775,1.1,0.0,35.0,0.0,0.01,3000.0,0.1,0.0,8.113669e-06,0.0,0.0,10.0
17,26,0,877.0,20.049122,71.89532,0.0005890617,-0.0005730849,6.592678,352.71173,1.1,0.0,35.0,0.0,0.01,3000.0,0.1,0.0,7.923772e-06,2.171751,9.428527,10.0
4,3,0,1010.0,18.525778,48.70454,0.0040703574,0.00083776703,5.579386,357.4792,1.1,5.0,25.0,0.0,0.01,3000.0,0.1,0.0,9305.91,1.3442172,1.2982203,10.0
110,31,0,1021.0,19.456549,164.38141,-0.000964842,-0.0007029727,6.6251955,125.548035,1.1,0.0,35.0,0.0,0.01,3000.0,0.1,0.0,8.265587e-06,0.0,0.0,10.0
13,23,0,956.0,23.583017,91.48864,-0.0008012333,0.00043069906,6.7012253,199.30678,1.1,0.0,35.0,0.0,0.01,3000.0,0.1,0.0,6.632471e-06,2.630017,32.061623,10.0
112,29,0,1063.0,21.153774,159.69557,0.0017509997,-0.0006882955,5.435516,268.10938,1.1,0.0,35.0,0.0,0.01,3000.0,0.1,0.0,7.543978e-06,0.0,0.0,10.0
103,13,0,1237.0,21.80084,220.04677,-0.0012566849,-0.0013366133,6.500979,89.3698,0.7,5.0,25.0,0.0,0.1,3000.0,0.035,0.0,17280.566,0.0,0.0,30.0
87,22,0,1126.0,18.78939,180.0,0.00092001987,-8.184476e-05,5.5642066,320.91125,1.1,0.0,35.0,0.0,0.01,3000.0,0.1,0.0,8.6074015e-06,0.0,0.0,10.0
16,44,0,828.0,22.943886,187.59464,-0.00083911343,-0.001019648,6.444288,264.5338,1.1,0.0,35.0,0.0,0.01,3000.0,0.1,0.0,6.936307e-06,2.0665612,2.0926788,10.0
89,67,0,821.0,22.704973,47.34319,-0.00034898176,-0.00038753368,6.0504856,264.5338,1.1,0.0,35.0,0.0,0.01,3000.0,0.1,0.0,6.9742855e-06,0.0,0.0,10.0
112,6,0,1374.0,24.21574,163.37459,-0.0020773546,-0.0008315732,5.285115,197.70775,1.1,0.0,35.0,0.0,0.01,3000.0,0.1,0.0,6.480553e-06,0.0,0.0,10.0
92,28,0,1006.0,18.682442,122.453575,0.002803037,-0.00086403626,6.6689553,89.3698,1.1,0.0,35.0,0.0,0.01,3000.0,0.1,0.0,8.6074015e-06,0.0,0.0,10.0
75,12,0,1071.0,18.790447,161.79457,0.0014758527,-0.0013456664,6.257293,88.17793,1.1,0.0,35.0,0.0,0.01,3000.0,0.1,0.0,8.6074015e-06,0.0,0.0,10.0
93,65,0,818.0,20.56779,202.80898,0.002563522,0.00068460027,5.4662533,125.548035,1.1,0.0,35.0,0.0,0.01,3000.0,0.1,0.0,7.809834e-06,0.0,0.0,10.0
120,117,0,445.0,23.079962,233.21542,0.016320571,0.00033572828,5.3390746,264.5338,1.1,0.0,35.0,0.0,0.01,3000.0,0.1,0.0,6.8223685e-06,0.0,0.0,10.0
106,108,0,390.0,23.48305,43.03956,0.0032671904,-0.0003706771,7.1114564,282.23746,1.1,0.0,35.0,0.0,0.01,3000.0,0.1,0.0,6.70843e-06,0.0,0.0,10.0
120,42,0,1057.0,21.825642,97.32091,-0.0019509398,-0.000261586,6.0942593,319.25848,1.1,0.0,35.0,0.0,0.01,3000.0,0.1,0.0,7.202162e-06,0.0,0.0,10.0
80,27,0,1013.0,19.884108,278.1115,0.0039905133,-0.00065272313,5.503039,352.71173,1.1,0.0,35.0,0.0,0.01,3000.0,0.1,0.0,7.961751e-06,0.0,0.0,10.0
98,32,0,1051.0,23.844648,270.0,0.003782833,0.0010059242,5.3025293,125.548035,1.1,0.0,35.0,0.0,0.01,3000.0,0.1,0.0,6.5185336e-06,0.0,0.0,10.0
91,22,0,1133.0,21.124811,133.61256,0.004085649,0.00019850406,6.130166,268.10938,1.1,0.0,35.0,0.0,0.01,3000.0,0.1,0.0,7.543978e-06,0.0,0.0,10.0
121,44,0,1011.0,20.291632,120.40324,0.0012475202,-0.0010918268,6.1741357,125.548035,1.1,0.0,35.0,0.0,0.01,3000.0,0.1,0.0,7.847812e-06,0.0,0.0,10.0
103,29,0,1106.0,19.080067,180.0,-0.0015383938,0.001004162,6.2408247,282.23746,1.1,0.0,35.0,0.0,0.01,3000.0,0.1,0.0,8.493463e-06,0.0,0.0,10.0
47,112,0,848.0,19.45738,321.85733,0.0008409729,-0.0008277272,6.219684,558.4446,1.1,0.0,35.0,0.0,0.01,3000.0,0.1,0.0,8.265587e-06,0.0,0.0,10.0
91,10,0,1419.0,20.152452,222.12752,0.009555982,0.00022521064,5.4884777,443.04425,0.7,0.0,35.0,0.0,0.1,3000.0,0.035,0.0,7.923771e-06,0.0,0.0,30.0
74,12,0,1081.0,21.424227,169.31798,0.0014674151,-0.0006338588,5.4215627,125.548035,1.1,0.0,35.0,0.0,0.01,3000.0,0.1,0.0,7.4680183e-06,0.0,0.0,10.0
103,121,0,430.0,21.336256,196.64609,-0.0019705158,-0.0003398949,6.81238,125.548035,1.1,0.0,35.0,0.0,0.01,3000.0,0.1,0.0,7.5059975e-06,0.0,0.0,10.0
101,7,0,1373.0,22.260372,127.55577,0.0048273643,-0.0008357615,6.4779124,89.3698,1.1,0.0,35.0,0.0,0.01,3000.0,0.1,0.0,7.1262034e-06,0.0,0.0,10.0
110,24,0,1188.0,22.21779,90.795425,0.00024201717,-0.00094558607,5.3814216,627.7402,0.7,0.0,35.0,0.0,0.1,3000.0,0.035,0.0,7.088224e-06,0.0,0.0,30.0
83,52,0,861.0,19.875761,114.06717,0.006056495,0.0013145055,5.5034947,197.70775,1.1,0.0,35.0,0.0,0.01,3000.0,0.1,0.0,8.037709e-06,0.0,0.0,10.0
3,31,0,955.0,24.26238,194.3742,-0.0002288106,-0.00013983338,6.8923783,268.10938,1.1,0.0,35.0,0.0,0.01,3000.0,0.1,0.0,6.480553e-06,3.0863135,33.961323,10.0
55,5,0,889.0,19.560316,221.40262,0.0008865377,-0.0008885039,6.213977,282.23746,1.1,0.0,35.0,0.0,0.01,3000.0,0.1,0.0,8.2276065e-06,2.1035564,1.0880129,10.0
118,41,0,1078.0,21.557806,318.27368,0.0028655324,0.001499262,5.4147234,319.25848,0.7,0.0,35.0,0.0,0.1,3000.0,0.035,0.0,7.3920596e-06,0.0,0.0,30.0
116,112,0,300.0,25.439842,268.6339,-0.0018502527,-0.0005213079,7.937092,178.7396,1.1,0.0,35.0,0.0,0.01,3000.0,0.1,0.0,6.10076e-06,0.0,0.0,10.0
99,17,0,1190.0,24.922974,192.51665,0.0024098186,-0.00061442057,5.252471,282.23746,1.1,0.0,35.0,0.0,0.01,3000.0,0.1,0.0,6.328636e-06,0.0,0.0,10.0
108,107,0,300.0,24.818937,70.667465,0.00011401207,-0.000815592,7.20314,89.3698,1.1,0.0,35.0,0.0,0.01,3000.0,0.1,0.0,6.290657e-06,0.0,0.0,10.0
121,107,0,660.0,25.96929,214.25241,-0.0012879823,-0.0004681739,6.3040085,718.16895,1.1,0.0,35.0,0.0,0.01,3000.0,0.1,0.0,6.0248008e-06,0.0,0.0,10.0
113,108,0,285.0,25.262222,211.44386,-0.0014700699,-0.0018186342,7.434278,88.17793,1.1,0.0,35.0,0.0,0.01,3000.0,0.1,0.0,6.214697e-06,0.0,0.0,10.0
92,4,0,1561.0,26.141745,303.68036,-0.0027071557,0.0014513807,5.197768,368.19385,1.1,0.0,35.0,0.0,0.01,3000.0,0.1,0.0,5.9488416e-06,0.0,0.0,10.0
6,32,0,970.0,26.727129,200.82684,0.0020454768,-3.461015e-05,6.2707496,444.71283,1.1,0.0,35.0,0.0,0.01,3000.0,0.1,0.0,5.796925e-06,1.6871316,42.20859,10.0
102,101,0,444.0,25.358753,173.22076,-0.0034147606,-0.0016532773,8.323737,125.548035,1.1,0.0,35.0,0.0,0.01,3000.0,0.1,0.0,6.214697e-06,0.0,0.0,10.0
77,7,0,1185.0,26.625378,144.52669,0.0011271483,0.00030352938,6.9683237,89.3698,1.1,0.0,35.0,0.0,0.01,3000.0,0.1,0.0,5.796925e-06,0.0,0.0,10.0
85,13,0,1273.0,24.86316,172.36832,0.002125796,6.0379058e-05,5.255205,178.7396,0.7,0.0,35.0,0.0,0.1,3000.0,0.035,0.0,6.328636e-06,0.0,0.0,30.0
97,1,0,1586.0,25.74097,102.91181,-0.00018359702,0.0008566687,5.9086976,444.71283,1.1,0.0,35.0,0.0,0.01,3000.0,0.1,0.0,6.0248008e-06,0.0,0.0,10.0
104,121,0,436.0,26.700966,212.27098,-0.00084192347,-0.00086890545,6.271887,197.70775,1.1,0.0,35.0,0.0,0.01,3000.0,0.1,0.0,5.796925e-06,0.0,0.0,10.0
120,98,0,876.0,25.173132,269.30872,0.0018804744,0.002517495,5.2410874,455.4661,1.1,0.0,35.0,0.0,0.01,3000.0,0.1,0.0,6.1387386e-06,0.0,0.0,10.0
108,29,0,1113.0,24.799316,186.25632,0.0022957672,-0.00023346784,5.2581286,376.6441,1.1,0.0,35.0,0.0,0.01,3000.0,0.1,0.0,6.3666143e-06,0.0,0.0,10.0
80,28,0,1010.0,25.498594,254.13068,0.0029460264,0.0007984132,5.2264004,357.4792,1.1,0.0,35.0,0.0,0.01,3000.0,0.1,0.0,6.10076e-06,0.0,0.0,10.0
67,3,0,1173.0,25.745184,223.19572,-0.0057321293,6.3150714e-05,6.601657,475.74316,1.1,0.0,35.0,0.0,0.01,3000.0,0.1,0.0,6.0627804e-06,0.0,0.0,10.0
122,137,0,554.0,26.467247,187.74986,0.009934282,0.0013521838,5.1834674,502.19214,1.1,0.0,35.0,0.0,0.01,3000.0,0.1,0.0,5.9108625e-06,0.0,0.0,10.0
7,34,0,894.0,24.86316,187.63168,0.0003506348,-0.00012390858,6.6414995,363.85785,1.1,0.0,35.0,0.0,0.01,3000.0,0.1,0.0,6.328636e-06,2.3896754,25.98406,10.0
97,121,0,542.0,25.881407,97.38638,-0.006822881,-0.0014119168,7.981886,199.30678,1.1,0.0,35.0,0.0,0.01,3000.0,0.1,0.0,5.9868216e-06,0.0,0.0,10.0
120,130,0,432.0,24.951473,292.1974,0.008917236,-0.0002942229,5.2511697,319.25848,1.1,0.0,35.0,0.0,0.01,3000.0,0.1,0.0,6.2526783e-06,0.0,0.0,10.0
7,35,0,851.0,26.583742,189.65442,-0.0005817505,-0.00038480732,6.787817,279.2223,1.1,0.0,35.0,0.0,0.01,3000.0,0.1,0.0,5.8728833e-06,3.493654,11.784546,10.0
109,22,0,1232.0,24.843603,97.742424,-0.0005615102,0.0013384917,5.2560997,480.39087,0.7,0.0,35.0,0.0,0.1,3000.0,0.035,0.0,6.252676e-06,0.0,0.0,30.0
95,9,0,1489.0,25.027985,190.35461,0.0025298158,0.0038563733,5.247682,449.85626,0.7,0.0,35.0,0.0,0.1,3000.0,0.035,0.0,6.2906556e-06,0.0,0.0,30.0
99,8,0,1368.0,25.782225,153.14624,-0.005303452,-0.00014522608,7.0054703,251.09607,0.7,0.0,35.0,0.0,0.1,3000.0,0.035,0.0,6.0627785e-06,0.0,0.0,30.0
10,31,0,1085.0,24.661657,192.67,0.0010126272,0.0031787339,5.2644515,536.5627,0.7,0.0,35.0,0.0,0.1,3000.0,0.035,0.0,6.404595e-06,1.0237005,18.745796,30.0
99,122,0,474.0,24.486322,84.28371,-0.0027850068,-0.00058085175,9.1437435,0.0,1.1,0.0,35.0,0.0,0.01,3000.0,0.1,0.0,6.3666143e-06,0.0,0.0,10.0
101,15,0,1246.0,24.80476,101.320984,0.005504666,1.341978e-05,5.2578793,125.548035,0.7,0.0,35.0,0.0,0.1,3000.0,0.035,0.0,6.2906556e-06,0.0,0.0,30.0
87,128,0,776.0,25.427635,74.78799,-0.0035381606,0.0022459335,8.630789,0.0,1.1,0.0,35.0,0.0,0.01,3000.0,0.1,0.0,6.10076e-06,0.0,0.0,10.0
9,4,0,872.0,25.014906,64.05763,-0.00014575926,0.00021176419,7.040037,178.7396,1.1,0.0,35.0,0.0,0.01,3000.0,0.1,0.0,6.214697e-06,1.2970897,33.590847,10.0
88,143,0,696.0,26.650442,196.18248,-0.0045004934,-0.00039870347,8.936673,0.0,1.1,0.0,35.0,0.0,0.01,3000.0,0.1,0.0,5.796925e-06,0.0,0.0,10.0
92,135,0,829.0,24.887018,36.223633,0.0076327086,0.0028722298,5.2541137,395.4155,1.1,0.0,35.0,0.0,0.01,3000.0,0.1,0.0,6.290657e-06,0.0,0.0,10.0
97,8,0,1439.0,25.992317,86.6664,-0.0019146838,0.00015682596,7.2838173,398.61356,0.7,0.0,35.0,0.0,0.1,3000.0,0.035,0.0,5.9488416e-06,0.0,0.0,30.0
5,5,0,1036.0,26.043364,33.33595,4.470905e-05,0.000432627,5.8952627,446.84897,1.1,5.0,25.0,0.0,0.01,3000.0,0.1,0.0,13438.372,1.2846539,3.387273,10.0
116,111,0,309.0,25.862024,235.02841,-0.0042691636,-0.0007534009,7.2896004,178.7396,1.1,0.0,35.0,0.0,0.01,3000.0,0.1,0.0,6.0248008e-06,0.0,0.0,10.0
6,26,0,1204.0,25.56682,174.63177,0.0056995754,0.0002453134,5.2233386,455.4661,1.1,0.0,35.0,0.0,0.01,3000.0,0.1,0.0,6.10076e-06,1.0097222,26.648178,10.0
94,80,0,703.0,25.172804,77.45715,-0.007887057,0.001037238,9.885493,0.0,1.1,0.0,35.0,0.0,0.01,3000.0,0.1,0.0,6.1387386e-06,0.0,0.0,10.0
68,7,0,1145.0,25.231426,251.7685,0.0009516439,0.001002429,5.931594,282.23746,1.1,0.0,35.0,0.0,0.01,3000.0,0.1,0.0,6.1387386e-06,0.0,0.0,10.0
98,124,0,527.0,25.714218,121.99592,0.006219308,0.0002322416,5.2167444,197.70775,1.1,0.0,35.0,0.0,0.01,3000.0,0.1,0.0,6.0627804e-06,0.0,0.0,10.0
104,106,0,390.0,24.988794,44.125786,9.430963e-05,-0.0009027373,7.195378,197.70775,1.1,0.0,35.0,0.0,0.01,3000.0,0.1,0.0,6.2526783e-06,0.0,0.0,10.0
111,94,0,454.0,25.175209,212.3863,0.0005376293,0.00019385233,6.627288,197.70775,1.1,0.0,35.0,0.0,0.01,3000.0,0.1,0.0,6.214697e-06,0.0,0.0,10.0
107,126,0,322.0,25.958633,191.93813,0.0015285341,-0.00052803435,5.2058687,264.5338,1.1,0.0,35.0,0.0,0.01,3000.0,0.1,0.0,6.0248008e-06,0.0,0.0,10.0
7,29,0,1101.0,25.681055,213.15031,-0.000492638,0.0011325569,5.2182255,502.19214,1.1,0.0,35.0,0.0,0.01,3000.0,0.1,0.0,6.10076e-06,1.1416843,23.515278,10.0
101,149,0,286.0,26.0091,86.001656,0.00027010244,-0.00018655395,5.2036324,125.548035,1.0,0.0,35.0,0.0,0.1,3000.0,0.035,0.0,5.9488416e-06,0.0,0.0,0.0
103,102,0,407.0,25.107603,165.47949,-0.002547849,-0.0013318206,8.379556,88.17793,1.1,0.0,35.0,0.0,0.01,3000.0,0.1,0.0,6.2526783e-06,0.0,0.0,10.0
112,105,0,387.0,26.07436,210.96368,0.001541557,-0.00026026668,6.587039,282.23746,1.1,0.0,35.0,0.0,0.01,3000.0,0.1,0.0,5.9868216e-06,0.0,0.0,10.0
84,14,0,1241.0,26.019943,182.62755,0.0030584852,0.000311399,5.203152,251.09607,0.7,0.0,35.0,0.0,0.1,3000.0,0.035,0.0,6.0248003e-06,0.0,0.0,30.0
87,144,0,668.0,25.488926,148.91165,-0.0017368468,-0.00065657124,6.325447,89.3698,1.1,0.0,35.0,0.0,0.01,3000.0,0.1,0.0,6.10076e-06,0.0,0.0,10.0
92,13,0,1290.0,25.997517,158.46255,0.0015482788,-0.0004544188,5.8972926,199.30678,0.7,0.0,35.0,0.0,0.1,3000.0,0.035,0.0,6.0248003e-06,0.0,0.0,30.0
98,148,0,387.0,25.480204,71.97893,-0.0021179284,-0.00070271635,5.920374,197.70775,1.1,0.0,35.0,0.0,0.01,3000.0,0.1,0.0,6.10076e-06,0.0,0.0,10.0
101,2,0,1462.0,25.915747,224.61539,-0.004047462,-0.0015803003,6.306384,176.35587,1.1,5.0,25.0,0.0,0.01,3000.0,0.1,0.0,13353.659,0.0,0.0,10.0
113,114,0,273.0,25.93745,77.88654,-0.0029010226,-0.00048383026,6.593103,197.70775,1.1,0.0,35.0,0.0,0.01,3000.0,0.1,0.0,5.9488416e-06,0.0,0.0,10.0
80,5,0,1224.0,24.633152,160.0234,0.0038236785,0.00022661327,5.9589114,199.30678,0.7,0.0,35.0,0.0,0.1,3000.0,0.035,0.0,6.404595e-06,0.0,0.0,30.0
118,100,0,784.0,26.393902,277.22034,0.0058763856,0.0012620343,5.186679,376.6441,1.1,0.0,35.0,0.0,0.01,3000.0,0.1,0.0,5.796925e-06,0.0,0.0,10.0
13,21,0,963.0,25.486992,103.06208,-0.0003706181,0.00037505818,5.9200687,199.30678,1.1,0.0,35.0,0.0,0.01,3000.0,0.1,0.0,6.10076e-06,2.1788523,44.4303,10.0
100,128,0,381.0,25.399956,32.01981,-0.0011204418,-0.0017272668,7.1767473,88.17793,1.1,0.0,35.0,0.0,0.01,3000.0,0.1,0.0,6.1387386e-06,0.0,0.0,10.0
116,21,0,1118.0,25.37323,101.72733,0.0018747161,-0.00080236624,6.330654,89.3698,1.1,0.0,35.0,0.0,0.01,3000.0,0.1,0.0,6.10076e-06,0.0,0.0,10.0
10,34,0,921.0,25.657806,201.16501,-0.0007093224,-0.0010945982,6.3178773,502.19214,1.1,0.0,35.0,0.0,0.01,3000.0,0.1,0.0,6.10076e-06,1.8553236,21.093498,10.0
100,118,0,518.0,25.543924,175.29959,-0.0056764903,-0.000697436,9.951754,0.0,1.1,0.0,35.0,0.0,0.01,3000.0,0.1,0.0,6.10076e-06,0.0,0.0,10.0
123,141,0,401.0,26.226246,88.02111,-0.0033736161,-0.00045912797,8.285087,727.7157,1.1,0.0,35.0,0.0,0.01,3000.0,0.1,0.0,5.8728833e-06,0.0,0.0,10.0
57,8,0,918.0,26.642206,258.92203,0.00010441386,-5.7933237e-05,6.2744436,268.10938,0.7,0.0,35.0,0.0,0.1,3000.0,0.035,0.0,5.7589446e-06,2.040432,6.101107,30.0
95,124,0,636.0,24.920763,128.49243,0.0032469055,0.00094660075,5.2525716,319.25848,1.1,0.0,35.0,0.0,0.01,3000.0,0.1,0.0,6.290657e-06,0.0,0.0,10.0
65,9,0,1030.0,25.231426,288.2315,0.0007600997,-0.001039191,5.931594,88.17793,1.1,0.0,35.0,0.0,0.01,3000.0,0.1,0.0,6.1387386e-06,0.0,0.0,10.0
96,89,0,873.0,26.163712,11.162912,0.0026639951,0.0017288936,5.8899465,627.7402,1.1,0.0,35.0,0.0,0.01,3000.0,0.1,0.0,5.9868216e-06,0.0,0.0,10.0
64,13,0,978.0,24.540905,243.44337,0.0031464216,-0.00057955546,6.368632,251.09607,0.7,0.0,35.0,0.0,0.1,3000.0,0.035,0.0,6.366615e-06,0.0,0.0,30.0
2,29,0,1014.0,24.718302,205.94635,0.0007474584,-0.00019645842,6.360459,199.30678,1.1,0.0,35.0,0.0,0.01,3000.0,0.1,0.0,6.3666143e-06,2.4274223,54.34763,10.0
104,10,0,1367.0,25.067793,250.89435,0.004145656,0.0011481557,6.344483,199.30678,0.7,0.0,35.0,0.0,0.1,3000.0,0.035,0.0,6.214697e-06,0.0,0.0,30.0
72,42,0,903.0,25.17492,105.39095,0.0020997482,-7.118497e-05,5.9341536,320.91125,0.7,0.0,35.0,0.0,0.1,3000.0,0.035,0.0,6.1387386e-06,0.0,0.0,30.0
99,41,0,972.0,26.393902,262.7797,0.0015243929,0.0022569592,5.186679,357.4792,1.1,0.0,35.0,0.0,0.01,3000.0,0.1,0.0,5.796925e-06,0.0,0.0,10.0
85,4,0,1194.0,26.26682,266.04697,-0.004790755,-0.001293731,9.104281,0.0,1.1,0.0,35.0,0.0,0.01,3000.0,0.1,0.0,5.8728833e-06,0.0,0.0,10.0
98,147,0,379.0,25.273947,84.48658,-0.0037188863,-0.0011871834,8.009112,125.548035,1.1,0.0,35.0,0.0,0.01,3000.0,0.1,0.0,6.10076e-06,0.0,0.0,10.0
112,102,0,491.0,25.702847,232.22282,0.0012788248,-0.00020977967,5.2172523,443.04425,1.1,0.0,35.0,0.0,0.01,3000.0,0.1,0.0,6.0627804e-06,0.0,0.0,10.0
90,3,0,1471.0,24.647383,287.99615,-0.0034969235,0.0010900662,8.037698,178.7396,0.7,0.0,35.0,0.0,0.1,3000.0,0.035,0.0,6.328636e-06,0.0,0.0,30.0
114,108,0,303.0,26.657352,223.70628,-0.006817906,-0.00036568625,7.3723965,125.548035,1.1,0.0,35.0,0.0,0.01,3000.0,0.1,0.0,5.796925e-06,0.0,0.0,10.0
116,31,0,1031.0,25.740229,279.4771,0.0005869546,-0.0004980091,6.3141956,89.3698,1.1,0.0,35.0,0.0,0.01,3000.0,0.1,0.0,6.0248008e-06,0.0,0.0,10.0
78,5,0,1233.0,24.675697,178.60443,-0.001102365,-0.00016527346,8.259538,88.17793,1.1,0.0,35.0,0.0,0.01,3000.0,0.1,0.0,6.404595e-06,0.0,0.0,10.0
105,9,0,1414.0,25.43713,234.2558,0.0055795223,-0.00055262464,5.922311,268.10938,0.7,0.0,35.0,0.0,0.1,3000.0,0.035,0.0,6.100758e-06,0.0,0.0,30.0
60,31,0,935.0,25.887434,300.16013,0.0021178296,0.0013246065,5.209029,444.71283,1.1,0.0,35.0,0.0,0.01,3000.0,0.1,0.0,5.9868216e-06,1.5268116,0.2717913,10.0
101,39,0,977.0,25.23209,103.21581,0.0011766574,0.0011494617,5.931564,178.7396,0.7,0.0,35.0,0.0,0.1,3000.0,0.035,0.0,6.1387386e-06,0.0,0.0,30.0
121,130,0,468.0,26.46536,300.0774,0.0054543056,-0.00013899352,5.18355,376.6441,1.1,0.0,35.0,0.0,0.01,3000.0,0.1,0.0,5.796925e-06,0.0,0.0,10.0
14,31,0,1025.0,24.527271,104.39086,0.0034346373,0.0004437727,5.9637966,564.4749,0.7,0.0,35.0,0.0,0.1,3000.0,0.035,0.0,6.366615e-06,1.0536858,4.7777615,30.0
108,103,0,339.0,25.862024,235.02841,0.0064898124,-0.0013155766,5.210159,125.548035,1.1,0.0,35.0,0.0,0.01,3000.0,0.1,0.0,6.0248008e-06,0.0,0.0,10.0
99,7,0,1410.0,25.39377,162.86375,-0.00038551,0.0002970827,7.533701,268.10938,1.1,0.0,35.0,0.0,0.01,3000.0,0.1,0.0,6.1387386e-06,0.0,0.0,10.0
18,44,0,858.0,25.302052,198.63486,0.0026089018,-0.00060201617,5.2352533,279.2223,1.1,0.0,35.0,0.0,0.01,3000.0,0.1,0.0,6.214697e-06,1.8029088,3.3026454,10.0
84,144,0,707.0,26.41997,168.96368,-0.0040446604,0.00052282296,6.571831,88.17793,1.1,0.0,35.0,0.0,0.01,3000.0,0.1,0.0,5.9108625e-06,0.0,0.0,10.0
107,27,0,1185.0,25.064898,186.18062,-0.000103477396,0.0006315155,6.344615,567.6047,1.1,0.0,35.0,0.0,0.01,3000.0,0.1,0.0,6.290657e-06,0.0,0.0,10.0
119,25,0,1133.0,26.593729,280.4411,-0.00077260105,0.0010344391,5.871091,197.70775,1.1,0.0,35.0,0.0,0.01,3000.0,0.1,0.0,5.7589455e-06,0.0,0.0,10.0
8,35,0,858.0,25.646744,196.93684,-0.002014625,-0.00038848975,6.6060543,319.25848,1.1,0.0,35.0,0.0,0.01,3000.0,0.1,0.0,6.10076e-06,3.1117845,14.03504,10.0
101,125,0,398.0,24.607643,134.8864,0.0034876384,-0.00018619974,5.960087,176.35587,1.1,0.0,35.0,0.0,0.01,3000.0,0.1,0.0,6.3666143e-06,0.0,0.0,10.0
104,108,0,438.0,25.572374,73.477585,-0.0041606505,-0.00090891286,7.014849,363.85785,1.1,0.0,35.0,0.0,0.01,3000.0,0.1,0.0,6.0627804e-06,0.0,0.0,10.0
74,1,0,1431.0,25.815744,166.6262,0.0005841786,8.819803e-05,5.212218,567.6047,0.7,0.0,35.0,0.0,0.1,3000.0,0.035,0.0,6.0627785e-06,0.0,0.0,30.0
118,149,0,374.0,24.705923,99.936005,-0.0019645556,0.00010037459,5.9555626,268.10938,1.0,0.0,35.0,0.0,0.1,3000.0,0.035,0.0,6.2906565e-06,0.0,0.0,0.0
110,8,0,1355.0,25.36766,116.262764,-0.0009994777,-0.0018386027,6.618587,89.3698,0.7,0.0,35.0,0.0,0.1,3000.0,0.035,0.0,6.100758e-06,0.0,0.0,30.0
64,2,0,1104.0,24.591324,232.6189,-4.3415814e-05,-0.0018595464,6.3663044,536.5627,1.1,0.0,35.0,0.0,0.01,3000.0,0.1,0.0,6.3666143e-06,0.0,0.0,10.0
81,140,0,786.0,24.899757,188.31618,-0.0010497464,-0.0005095384,5.9466786,279.2223,1.1,0.0,35.0,0.0,0.01,3000.0,0.1,0.0,6.328636e-06,0.0,0.0,10.0
5,6,0,1070.0,24.950554,32.76032,0.0017327367,0.00043834109,5.944359,446.84897,1.1,0.0,35.0,0.0,0.01,3000.0,0.1,0.0,6.290657e-06,1.3478471,1.5151979,10.0
116,20,0,1123.0,25.881407,97.38638,-0.00021571605,-0.0013833179,7.406522,89.3698,0.7,0.0,35.0,0.0,0.1,3000.0,0.035,0.0,5.986821e-06,0.0,0.0,30.0
5,33,0,909.0,25.508062,202.03738,0.00092188455,-0.00043968315,6.6122694,320.91125,1.1,0.0,35.0,0.0,0.01,3000.0,0.1,0.0,6.10076e-06,2.9174247,23.567205,10.0
85,28,0,1031.0,25.683842,150.75124,0.0038353265,-0.00067082513,5.911248,320.91125,1.1,0.0,35.0,0.0,0.01,3000.0,0.1,0.0,6.10076e-06,0.0,0.0,10.0
6,34,0,888.0,25.241022,193.0311,0.0008145122,-4.941235e-06,6.8474507,352.71173,0.7,0.0,35.0,0.0,0.1,3000.0,0.035,0.0,6.214697e-06,2.8466554,17.975365,30.0
122,4,0,1356.0,26.64711,115.43,0.001758135,0.0025365136,5.1756177,368.19385,1.1,0.0,35.0,0.0,0.01,3000.0,0.1,0.0,5.7589455e-06,0.0,0.0,10.0
14,18,0,933.0,26.180668,75.30124,0.0005824549,-0.0003108311,5.889199,443.04425,1.1,0.0,35.0,0.0,0.01,3000.0,0.1,0.0,5.9108625e-06,1.5246027,38.82236,10.0
115,1,0,1403.0,26.336199,158.10114,5.2420128e-05,-0.0018257741,5.882357,443.04425,1.1,0.0,35.0,0.0,0.01,3000.0,0.1,0.0,5.9108625e-06,0.0,0.0,10.0
113,144,0,198.0,25.185968,272.07303,-0.00048764417,-0.0012964332,7.543091,282.23746,1.1,0.0,35.0,0.0,0.01,3000.0,0.1,0.0,6.1387386e-06,0.0,0.0,10.0
88,134,0,791.0,26.174961,7.1927695,0.00027863678,0.0011247677,5.1963034,125.548035,1.1,0.0,35.0,0.0,0.01,3000.0,0.1,0.0,5.9868216e-06,0.0,0.0,10.0
114,118,0,255.0,25.585814,110.81023,0.00020627995,-0.0012648412,5.9156346,199.30678,1.1,0.0,35.0,0.0,0.01,3000.0,0.1,0.0,6.0627804e-06,0.0,0.0,10.0
95,116,0,810.0,26.435526,55.232025,0.0078297565,0.0019217159,5.1848555,176.35587,1.1,0.0,35.0,0.0,0.01,3000.0,0.1,0.0,5.8728833e-06,0.0,0.0,10.0
67,8,0,1095.0,26.29477,279.91205,-0.0024692705,0.0006846406,6.2896423,178.7396,1.1,0.0,35.0,0.0,0.01,3000.0,0.1,0.0,5.8728833e-06,0.0,0.0,10.0
91,11,0,1389.0,24.783781,194.02484,0.007008695,0.0007477297,5.258841,376.6441,0.7,0.0,35.0,0.0,0.1,3000.0,0.035,0.0,6.366615e-06,0.0,0.0,30.0
109,125,0,324.0,24.719576,103.534195,0.0032938358,0.00033334756,5.954935,352.71173,1.1,0.0,35.0,0.0,0.01,3000.0,0.1,0.0,6.290657e-06,0.0,0.0,10.0
111,114,0,325.0,26.056324,71.7527,-0.0032163295,-0.0025966214,6.8109803,320.91125,1.1,0.0,35.0,0.0,0.01,3000.0,0.1,0.0,5.9488416e-06,0.0,0.0,10.0
82,14,0,1196.0,25.195192,248.06004,0.002175938,0.00024947667,5.933235,376.6441,1.1,0.0,35.0,0.0,0.01,3000.0,0.1,0.0,6.1387386e-06,0.0,0.0,10.0
123,139,0,436.0,25.223154,150.07726,-0.004714773,-0.00062205177,7.030581,692.52185,1.1,0.0,35.0,0.0,0.01,3000.0,0.1,0.0,6.214697e-06,0.0,0.0,10.0
5,24,0,1307.0,25.36766,116.262764,0.010312233,0.00094243063,5.2322927,536.21875,0.7,0.0,35.0,0.0,0.1,3000.0,0.035,0.0,6.100758e-06,0.8247354,16.717663,30.0
113,16,0,1251.0,25.79596,130.18433,0.0027113953,-0.00060711545,5.906246,444.71283,1.1,0.0,35.0,0.0,0.01,3000.0,0.1,0.0,6.0248008e-06,0.0,0.0,10.0
6,23,0,1261.0,25.978575,92.66796,0.0009840328,0.00054839853,6.591279,455.4661,0.7,0.0,35.0,0.0,0.1,3000.0,0.035,0.0,5.9488416e-06,0.7940453,7.753441,30.0
57,9,0,909.0,26.442434,258.15707,0.0018845779,-0.0002330413,6.2831655,268.10938,1.1,0.0,35.0,0.0,0.01,3000.0,0.1,0.0,5.796925e-06,2.14126,4.7402225,10.0
96,108,0,849.0,24.966011,80.182785,-0.0009512436,0.002378406,5.9436536,443.04425,1.1,0.0,35.0,0.0,0.01,3000.0,0.1,0.0,6.214697e-06,0.0,0.0,10.0
74,2,0,1390.0,25.997517,158.46255,0.0010262624,0.00036265477,5.2041454,502.19214,0.7,0.0,35.0,0.0,0.1,3000.0,0.035,0.0,6.0248003e-06,0.0,0.0,30.0
109,76,0,851.0,26.542614,265.44232,0.0026004121,0.0028780974,5.180174,251.09607,1.1,0.0,35.0,0.0,0.01,3000.0,0.1,0.0,5.7589455e-06,0.0,0.0,10.0
67,21,0,999.0,25.54828,283.72418,-0.0010221157,-4.073181e-05,5.9173174,264.5338,1.1,0.0,35.0,0.0,0.01,3000.0,0.1,0.0,6.0627804e-06,0.0,0.0,10.0
114,117,0,274.0,24.600266,102.15426,0.0028021906,-0.0009584345,5.2672796,178.7396,1.1,0.0,35.0,0.0,0.01,3000.0,0.1,0.0,6.328636e-06,0.0,0.0,10.0
14,30,0,1029.0,25.141678,98.33636,0.0006903388,0.00071928435,5.9356613,516.01,0.7,0.0,35.0,0.0,0.1,3000.0,0.035,0.0,6.1387386e-06,1.0021513,6.91959,30.0
6,24,0,1261.0,26.442434,101.84293,0.0038300534,0.00037272598,5.184553,446.84897,0.7,0.0,35.0,0.0,0.1,3000.0,0.035,0.0,5.7969246e-06,0.83159286,13.699216,30.0
79,3,0,1320.0,24.735975,155.61368,0.00708958,0.00048317664,5.2610345,279.2223,0.7,0.0,35.0,0.0,0.1,3000.0,0.035,0.0,6.366615e-06,0.0,0.0,30.0
82,12,0,1208.0,26.468534,289.2852,0.002450499,-0.00017167651,5.183411,319.25848,1.1,0.0,35.0,0.0,0.01,3000.0,0.1,0.0,5.796925e-06,0.0,0.0,10.0
109,75,0,848.0,24.600266,282.15427,0.0016112409,0.002394828,5.2672796,199.30678,1.1,0.0,35.0,0.0,0.01,3000.0,0.1,0.0,6.328636e-06,0.0,0.0,10.0
10,4,0,833.0,24.897682,63.126003,-0.0009370371,-0.0009457546,7.045386,89.3698,1.1,0.0,35.0,0.0,0.01,3000.0,0.1,0.0,6.2526783e-06,1.5184265,35.993767,10.0
91,149,0,491.0,26.293392,203.3482,-0.00032457666,-0.0010696294,6.9828496,178.7396,1.0,0.0,35.0,0.0,0.1,3000.0,0.035,0.0,5.9488416e-06,0.0,0.0,0.0
95,70,0,805.0,25.572374,73.477585,0.0015546184,0.0021824208,5.916237,125.548035,1.1,0.0,35.0,0.0,0.01,3000.0,0.1,0.0,6.0627804e-06,0.0,0.0,10.0
16,27,0,926.0,25.49322,69.82668,0.002558332,-0.0004441037,5.9197893,398.61356,1.1,0.0,35.0,0.0,0.01,3000.0,0.1,0.0,6.10076e-06,1.0998353,19.965221,10.0
107,9,0,1440.0,25.686817,165.17303,0.006851741,-0.00028458057,5.217968,357.4792,0.7,0.0,35.0,0.0,0.1,3000.0,0.035,0.0,6.100758e-06,0.0,0.0,30.0
88,144,0,654.0,24.597536,187.72595,-0.0053662006,-0.00034673093,9.199231,0.0,1.1,0.0,35.0,0.0,0.01,3000.0,0.1,0.0,6.404595e-06,0.0,0.0,10.0
105,25,0,1192.0,25.93745,257.88654,0.0015814545,0.00025281636,5.8999557,449.85626,1.1,0.0,35.0,0.0,0.01,3000.0,0.1,0.0,5.9488416e-06,0.0,0.0,10.0
103,115,0,736.0,26.699827,194.16573,-0.0017709418,0.004563672,5.173324,376.6441,1.1,0.0,35.0,0.0,0.01,3000.0,0.1,0.0,5.796925e-06,0.0,0.0,10.0
57,7,0,926.0,25.52878,259.74136,-1.03102975e-05,7.198945e-05,6.834483,282.23746,0.7,0.0,35.0,0.0,0.1,3000.0,0.035,0.0,6.0627785e-06,1.9358009,6.4364815,30.0
114,144,0,247.0,26.727894,270.6452,0.0007873227,-0.0002305876,5.172104,368.19385,1.1,0.0,35.0,0.0,0.01,3000.0,0.1,0.0,5.7589455e-06,0.0,0.0,10.0
118,132,0,287.0,24.8994,244.68706,-0.0041707517,-0.0014463689,6.35216,88.17793,1.1,0.0,35.0,0.0,0.01,3000.0,0.1,0.0,6.2526783e-06,0.0,0.0,10.0
89,134,0,776.0,26.019943,2.6275363,-0.001778124,0.0004390851,6.5894465,197.70775,1.1,0.0,35.0,0.0,0.01,3000.0,0.1,0.0,6.0248008e-06,0.0,0.0,10.0
98,1,0,1541.0,26.678305,104.37501,-0.0029376044,-0.00015478414,6.5605545,376.6441,1.1,0.0,35.0,0.0,0.01,3000.0,0.1,0.0,5.7589455e-06,0.0,0.0,10.0
109,30,0,1058.0,24.922974,167.48335,0.0007263561,-0.0012451082,5.945618,251.09607,1.1,0.0,35.0,0.0,0.01,3000.0,0.1,0.0,6.328636e-06,0.0,0.0,10.0
112,5,0,1419.0,25.646744,163.06316,0.00050710497,0.00045949593,5.21976,279.2223,1.1,0.0,35.0,0.0,0.01,3000.0,0.1,0.0,6.10076e-06,0.0,0.0,10.0
104,135,0,347.0,25.13281,116.565125,3.7332637e-05,-0.0008371187,5.936064,319.25848,1.1,0.0,35.0,0.0,0.01,3000.0,0.1,0.0,6.214697e-06,0.0,0.0,10.0
1,29,0,992.0,26.138617,205.67279,-0.0010946098,-0.00033004128,6.8073444,125.548035,1.1,0.0,35.0,0.0,0.01,3000.0,0.1,0.0,5.9868216e-06,3.093777,51.955933,10.0
6,33,0,924.0,25.754807,195.46928,0.0011531765,-0.00017902795,6.6012278,398.61356,1.1,0.0,35.0,0.0,0.01,3000.0,0.1,0.0,6.10076e-06,2.053913,33.79527,10.0
80,4,0,1262.0,24.86962,139.32579,0.007092455,-0.00021289638,5.9480567,251.09607,0.7,0.0,35.0,0.0,0.1,3000.0,0.035,0.0,6.2906556e-06,0.0,0.0,30.0
92,131,0,590.0,26.520224,0.64237833,-0.0029239838,-0.0014833758,7.746101,125.548035,1.1,0.0,35.0,0.0,0.01,3000.0,0.1,0.0,5.8728833e-06,0.0,0.0,10.0
87,148,0,517.0,24.661657,167.33,-0.0011103472,2.269243e-06,8.875369,0.0,1.1,0.0,35.0,0.0,0.01,3000.0,0.1,0.0,6.404595e-06,0.0,0.0,10.0
69,0,0,1332.0,25.723389,199.68039,-0.0052917064,-7.461568e-05,5.216335,790.831,1.0,0.0,35.0,0.0,0.1,3000.0,0.035,0.0,6.1007595e-06,0.0,0.0,0.0
110,123,0,293.0,25.958986,114.79012,-0.0036888034,-0.0017152717,7.2852945,357.4792,1.1,0.0,35.0,0.0,0.01,3000.0,0.1,0.0,5.9868216e-06,0.0,0.0,10.0
104,129,0,299.0,26.360601,50.14957,-0.0010961823,-0.002172792,6.2867517,88.17793,1.1,0.0,35.0,0.0,0.01,3000.0,0.1,0.0,5.8728833e-06,0.0,0.0,10.0
115,111,0,271.0,24.755238,232.05902,-0.001951569,-0.0019332485,7.457375,89.3698,1.1,0.0,35.0,0.0,0.01,3000.0,0.1,0.0,6.328636e-06,0.0,0.0,10.0
115,14,0,1197.0,25.03953,104.049774,-0.00035818428,-0.001459803,6.633451,199.30678,0.7,0.0,35.0,0.0,0.1,3000.0,0.035,0.0,6.214697e-06,0.0,0.0,30.0
100,137,0,446.0,25.571894,155.84454,0.0045902976,-0.0006721399,6.609406,197.70775,1.1,0.0,35.0,0.0,0.01,3000.0,0.1,0.0,6.10076e-06,0.0,0.0,10.0
64,26,0,977.0,26.71064,289.07477,0.0005961944,0.0010460959,5.172854,519.2804,1.1,0.0,35.0,0.0,0.01,3000.0,0.1,0.0,5.7589455e-06,0.0,0.0,10.0
113,85,0,865.0,26.462309,218.18404,-0.0010127357,0.0022667428,5.8768306,440.88968,1.1,0.0,35.0,0.0,0.01,3000.0,0.1,0.0,5.8728833e-06,0.0,0.0,10.0
97,58,0,875.0,25.486992,256.93793,0.0003800947,-5.8563586e-05,5.9200687,268.10938,1.1,0.0,35.0,0.0,0.01,3000.0,0.1,0.0,6.10076e-06,0.0,0.0,10.0
117,44,0,1034.0,25.572374,253.4776,0.0010677989,0.0004067045,5.916237,444.71283,1.1,0.0,35.0,0.0,0.01,3000.0,0.1,0.0,6.0627804e-06,0.0,0.0,10.0
103,136,0,364.0,26.52861,126.20353,0.00085260667,-0.0011029155,6.2793975,320.91125,1.1,0.0,35.0,0.0,0.01,3000.0,0.1,0.0,5.796925e-06,0.0,0.0,10.0
121,108,0,626.0,25.186129,227.52795,-0.0048327693,0.0007386792,6.339111,679.21954,1.1,0.0,35.0,0.0,0.01,3000.0,0.1,0.0,6.214697e-06,0.0,0.0,10.0
120,121,0,305.0,24.786354,294.67694,-0.0035981808,-0.0025376137,6.645017,88.17793,1.1,0.0,35.0,0.0,0.01,3000.0,0.1,0.0,6.290657e-06,0.0,0.0,10.0
117,112,0,339.0,25.534311,264.55106,-0.00062151725,-0.00043326835,7.170707,268.10938,1.1,0.0,35.0,0.0,0.01,3000.0,0.1,0.0,6.0627804e-06,0.0,0.0,10.0
52,18,0,819.0,25.614706,319.19495,0.0013624188,-0.0007085712,5.9143405,251.09607,1.1,0.0,35.0,0.0,0.01,3000.0,0.1,0.0,6.10076e-06,1.7125207,1.366382,10.0
95,88,0,842.0,25.913984,28.92204,-0.004767399,0.0017422523,5.900997,627.7402,1.1,0.0,35.0,0.0,0.01,3000.0,0.1,0.0,6.0248008e-06,0.0,0.0,10.0
101,104,0,467.0,26.496666,74.834,-0.0016688983,1.7544289e-07,6.9739404,125.548035,1.1,0.0,35.0,0.0,0.01,3000.0,0.1,0.0,5.796925e-06,0.0,0.0,10.0
118,139,0,340.0,26.111706,299.83154,-0.0029117505,-0.0012594293,6.2977066,529.0676,1.1,0.0,35.0,0.0,0.01,3000.0,0.1,0.0,5.9488416e-06,0.0,0.0,10.0
114,109,0,285.0,26.310259,241.95374,-0.0017100994,-0.0016596743,7.3875737,89.3698,1.1,0.0,35.0,0.0,0.01,3000.0,0.1,0.0,5.8728833e-06,0.0,0.0,10.0
112,115,0,352.0,27.27213,40.62855,0.0016270067,-0.00036918963,5.1486216,319.25848,1.1,0.0,35.0,0.0,0.01,3000.0,0.1,0.0,5.682986e-06,0.0,0.0,10.0
92,123,0,716.0,29.62661,123.25706,-0.0035618413,-0.0008652076,6.996371,449.85626,1.1,0.0,35.0,0.0,0.01,3000.0,0.1,0.0,5.1132947e-06,0.0,0.0,10.0
109,93,0,416.0,31.712267,227.9408,0.0022870454,-0.0010616663,6.0660744,197.70775,1.1,0.0,35.0,0.0,0.01,3000.0,0.1,0.0,4.6955215e-06,0.0,0.0,10.0
67,1,0,1266.0,30.050549,193.99081,0.0027154048,1.4825816e-05,5.7264643,642.604,0.7,0.0,35.0,0.0,0.1,3000.0,0.035,0.0,5.037335e-06,0.0,0.0,30.0
112,93,0,487.0,27.139381,211.59415,-0.0028193987,-0.0009890222,6.2529316,264.5338,1.1,0.0,35.0,0.0,0.01,3000.0,0.1,0.0,5.7209654e-06,0.0,0.0,10.0
118,96,0,736.0,44.51509,251.8548,-0.0032930567,0.00017900404,5.1961217,251.09607,1.1,0.0,35.0,0.0,0.01,3000.0,0.1,0.0,2.9864475e-06,0.0,0.0,10.0
104,4,0,1536.0,29.51028,223.00261,0.002039697,0.0016250851,5.7483387,199.30678,1.1,5.0,25.0,0.0,0.01,3000.0,0.1,0.0,15618.1045,0.0,0.0,10.0
0,29,0,976.0,26.96903,200.59984,-0.0014759289,-0.0007130222,8.157392,88.17793,1.1,0.0,35.0,0.0,0.01,3000.0,0.1,0.0,5.7589455e-06,3.6857657,43.660248,10.0
95,142,0,671.0,40.44054,93.81475,0.0022419312,0.00021322104,5.339026,443.04425,0.7,0.0,35.0,0.0,0.1,3000.0,0.035,0.0,3.404221e-06,0.0,0.0,30.0
114,102,0,617.0,33.10887,233.7518,0.008476679,0.0006243281,4.9135857,449.85626,1.1,0.0,35.0,0.0,0.01,3000.0,0.1,0.0,4.4676453e-06,0.0,0.0,10.0
6,29,0,1072.0,28.1084,213.0017,-0.00085929135,-0.00038526388,5.806294,543.4206,1.1,0.0,35.0,0.0,0.01,3000.0,0.1,0.0,5.4930883e-06,1.4095033,30.318956,10.0
108,119,0,575.0,37.936794,108.66696,0.008037895,0.0013125298,4.735136,569.27985,1.1,0.0,35.0,0.0,0.01,3000.0,0.1,0.0,3.7460363e-06,0.0,0.0,10.0
98,130,0,518.0,32.717834,11.554541,2.3776818e-05,-0.00047475315,6.5379853,251.09607,1.1,0.0,35.0,0.0,0.01,3000.0,0.1,0.0,4.5815827e-06,0.0,0.0,10.0
103,110,0,547.0,28.827389,31.226892,-0.0048979786,0.00022192605,6.469493,558.4446,1.1,0.0,35.0,0.0,0.01,3000.0,0.1,0.0,5.341172e-06,0.0,0.0,10.0
9,27,0,1099.0,29.81012,84.88975,-0.0002255371,0.00010485884,5.736169,251.09607,1.1,0.0,35.0,0.0,0.01,3000.0,0.1,0.0,5.0373355e-06,1.2219805,3.735951,10.0
53,24,0,856.0,29.405424,263.06564,0.0005634392,0.00028841532,5.0594654,363.85785,1.1,0.0,35.0,0.0,0.01,3000.0,0.1,0.0,5.151274e-06,1.7175766,1.5854143,10.0
99,103,0,569.0,33.57126,95.88466,0.0018310288,-0.00041309503,4.896009,176.35587,1.1,0.0,35.0,0.0,0.01,3000.0,0.1,0.0,4.3916866e-06,0.0,0.0,10.0
106,95,0,434.0,38.05179,64.23679,0.0014075406,-0.00013465501,5.424146,125.548035,1.1,0.0,35.0,0.0,0.01,3000.0,0.1,0.0,3.7460363e-06,0.0,0.0,10.0
110,99,0,378.0,31.376034,294.73502,-0.00083248987,-0.00021491355,6.079237,125.548035,1.1,0.0,35.0,0.0,0.01,3000.0,0.1,0.0,4.77148e-06,0.0,0.0,10.0
98,116,0,634.0,32.841366,147.49388,-0.009919902,-2.2993136e-05,9.508779,0.0,1.1,0.0,35.0,0.0,0.01,3000.0,0.1,0.0,4.5436036e-06,0.0,0.0,10.0
95,80,0,656.0,32.3013,63.355206,-0.0041445307,0.00071407534,6.3308825,88.17793,1.1,0.0,35.0,0.0,0.01,3000.0,0.1,0.0,4.6195623e-06,0.0,0.0,10.0
107,111,0,436.0,32.514095,34.176285,-0.0021778755,-0.00045767182,6.3226743,395.4155,1.1,0.0,35.0,0.0,0.01,3000.0,0.1,0.0,4.6195623e-06,0.0,0.0,10.0
108,7,0,1482.0,33.51646,116.43642,0.0022313064,0.0011532687,5.591233,282.23746,0.7,0.0,35.0,0.0,0.1,3000.0,0.035,0.0,4.3916857e-06,0.0,0.0,30.0
96,122,0,618.0,31.59031,82.583145,-0.00018159852,0.00036448264,4.9722276,268.10938,1.1,0.0,35.0,0.0,0.01,3000.0,0.1,0.0,4.6955215e-06,0.0,0.0,10.0
64,1,0,1130.0,30.435745,237.93985,0.00075513154,-0.0019745072,5.711013,623.6818,1.1,0.0,35.0,0.0,0.01,3000.0,0.1,0.0,4.961377e-06,0.0,0.0,10.0
104,114,0,716.0,29.391918,53.563755,-0.0014097916,0.002760346,5.060016,502.19214,1.1,0.0,35.0,0.0,0.01,3000.0,0.1,0.0,5.189253e-06,0.0,0.0,10.0
97,77,0,603.0,33.258297,119.5262,0.004909761,-0.0010941568,6.294186,125.548035,1.1,0.0,35.0,0.0,0.01,3000.0,0.1,0.0,4.429666e-06,0.0,0.0,10.0
98,101,0,598.0,39.468204,78.07716,-0.003643973,-0.00073558174,6.066649,88.17793,1.1,0.0,35.0,0.0,0.01,3000.0,0.1,0.0,3.5561384e-06,0.0,0.0,10.0
115,106,0,413.0,35.636753,191.25067,-0.0022960848,-0.0006846538,6.7647758,319.25848,1.1,0.0,35.0,0.0,0.01,3000.0,0.1,0.0,4.125831e-06,0.0,0.0,10.0
92,127,0,609.0,33.796703,166.9574,0.0038924378,1.8087252e-05,4.887483,125.548035,1.1,0.0,35.0,0.0,0.01,3000.0,0.1,0.0,4.3916866e-06,0.0,0.0,10.0
115,89,0,769.0,43.35808,230.91096,0.001159956,-0.0004737041,5.9296865,125.548035,0.7,0.0,35.0,0.0,0.1,3000.0,0.035,0.0,3.1003858e-06,0.0,0.0,30.0
95,132,0,646.0,28.315771,1.1899692,-0.00023572442,0.0012297151,6.203071,319.25848,1.1,0.0,35.0,0.0,0.01,3000.0,0.1,0.0,5.41713e-06,0.0,0.0,10.0
90,130,0,644.0,29.592493,84.26965,0.0019930804,-0.00049374555,5.051847,88.17793,1.1,0.0,35.0,0.0,0.01,3000.0,0.1,0.0,5.1132947e-06,0.0,0.0,10.0
92,146,0,681.0,34.72061,216.68729,0.0010342962,0.0015831019,4.852823,320.91125,1.1,0.0,35.0,0.0,0.01,3000.0,0.1,0.0,4.2397683e-06,0.0,0.0,10.0
96,134,0,670.0,27.690594,160.05362,-0.00425806,0.0031858396,5.1307807,395.4155,1.1,0.0,35.0,0.0,0.01,3000.0,0.1,0.0,5.607027e-06,0.0,0.0,10.0
89,0,0,1449.0,30.910797,271.0853,0.0019568915,0.0002875759,5.6921163,279.2223,1.0,0.0,35.0,0.0,0.1,3000.0,0.035,0.0,4.8474385e-06,0.0,0.0,0.0
109,118,0,472.0,43.063686,91.390625,-0.00086275215,-0.0006697138,6.3454485,569.27985,0.7,0.0,35.0,0.0,0.1,3000.0,0.035,0.0,3.1383652e-06,0.0,0.0,30.0
3,25,0,1241.0,36.531506,195.32687,0.00066579867,0.0006878616,5.4792023,516.01,0.7,0.0,35.0,0.0,0.1,3000.0,0.035,0.0,3.9359334e-06,0.9761345,43.565792,30.0
107,98,0,364.0,28.536966,129.49966,0.0023225334,-0.0012393264,5.788384,89.3698,1.1,0.0,35.0,0.0,0.01,3000.0,0.1,0.0,5.3791505e-06,0.0,0.0,10.0
96,88,0,826.0,34.446453,10.337579,-0.00045755025,0.0011639262,5.9616747,567.6047,1.1,0.0,35.0,0.0,0.01,3000.0,0.1,0.0,4.2777483e-06,0.0,0.0,10.0
122,120,0,399.0,40.73174,287.23706,9.78551e-05,-0.0006911645,5.328739,178.7396,1.1,0.0,35.0,0.0,0.01,3000.0,0.1,0.0,3.4042218e-06,0.0,0.0,10.0
120,97,0,874.0,26.98732,271.27606,-0.0004461145,0.0023486526,5.16087,443.04425,1.1,0.0,35.0,0.0,0.01,3000.0,0.1,0.0,5.682986e-06,0.0,0.0,10.0
119,117,0,383.0,36.304142,266.01688,0.00062429043,0.0011405301,5.892974,268.10938,1.1,0.0,35.0,0.0,0.01,3000.0,0.1,0.0,3.9359334e-06,0.0,0.0,10.0
96,125,0,546.0,35.54784,144.03955,0.0006011251,0.00037569675,5.5152917,197.70775,1.1,0.0,35.0,0.0,0.01,3000.0,0.1,0.0,4.125831e-06,0.0,0.0,10.0
84,9,0,1242.0,32.358265,300.0774,-9.306151e-06,-0.0012436954,5.6355352,251.09607,0.7,0.0,35.0,0.0,0.1,3000.0,0.035,0.0,4.6195614e-06,0.0,0.0,30.0
107,82,0,822.0,41.12039,219.38046,0.0018134059,0.0029827224,4.6218867,376.6441,0.7,0.0,35.0,0.0,0.1,3000.0,0.035,0.0,3.3662413e-06,0.0,0.0,30.0
105,92,0,413.0,33.02485,58.439575,0.0010618113,-0.0023390234,6.526231,197.70775,1.1,0.0,35.0,0.0,0.01,3000.0,0.1,0.0,4.505625e-06,0.0,0.0,10.0
117,143,0,394.0,32.77718,285.3189,0.0014782192,0.0004691504,5.619418,631.7724,1.1,0.0,35.0,0.0,0.01,3000.0,0.1,0.0,4.505625e-06,0.0,0.0,10.0
98,109,0,772.0,35.23068,54.68328,0.00056395226,0.0009818538,5.527016,475.74316,1.1,0.0,35.0,0.0,0.01,3000.0,0.1,0.0,4.125831e-06,0.0,0.0,10.0
104,99,0,540.0,40.02194,107.68949,0.0056665386,0.00117236,5.3538427,352.71173,1.1,0.0,35.0,0.0,0.01,3000.0,0.1,0.0,3.48018e-06,0.0,0.0,10.0
93,136,0,790.0,35.13913,83.52385,0.0009623999,0.001932124,5.5304093,480.39087,1.1,0.0,35.0,0.0,0.01,3000.0,0.1,0.0,4.125831e-06,0.0,0.0,10.0
98,126,0,431.0,29.21667,147.30254,-0.0019455901,-0.0014012085,6.165795,88.17793,1.1,0.0,35.0,0.0,0.01,3000.0,0.1,0.0,5.227233e-06,0.0,0.0,10.0
83,147,0,643.0,34.644768,98.96972,-0.0041442625,-0.0012320111,5.954264,197.70775,1.1,0.0,35.0,0.0,0.01,3000.0,0.1,0.0,4.201789e-06,0.0,0.0,10.0
91,145,0,687.0,30.430826,212.88004,0.00010358274,0.00078544917,5.71121,268.10938,1.1,0.0,35.0,0.0,0.01,3000.0,0.1,0.0,4.9993564e-06,0.0,0.0,10.0
97,129,0,479.0,27.77955,16.663754,0.0006884077,-0.0005747009,5.820159,125.548035,1.1,0.0,35.0,0.0,0.01,3000.0,0.1,0.0,5.5690484e-06,0.0,0.0,10.0
120,112,0,498.0,31.260654,255.39261,-0.00041356584,0.00017158175,6.371454,502.19214,1.1,0.0,35.0,0.0,0.01,3000.0,0.1,0.0,4.77148e-06,0.0,0.0,10.0
105,111,0,534.0,37.872036,48.43252,0.0018467274,-7.937471e-05,5.83608,502.19214,1.1,0.0,35.0,0.0,0.01,3000.0,0.1,0.0,3.7840155e-06,0.0,0.0,10.0
94,139,0,754.0,42.473694,74.92162,0.00095831655,0.0012014115,5.2674937,368.19385,1.1,0.0,35.0,0.0,0.01,3000.0,0.1,0.0,3.176344e-06,0.0,0.0,10.0
107,115,0,610.0,34.432907,56.346653,0.0025487677,-0.00077717414,5.5567164,638.51697,1.1,0.0,35.0,0.0,0.01,3000.0,0.1,0.0,4.2777483e-06,0.0,0.0,10.0
101,74,0,754.0,52.195652,229.04543,-0.00040386955,0.00017756653,4.9253354,268.10938,1.1,0.0,35.0,0.0,0.01,3000.0,0.1,0.0,2.302818e-06,0.0,0.0,10.0
123,135,0,634.0,37.6242,250.66748,0.0076640295,-0.00094828795,4.7464037,480.39087,1.1,0.0,35.0,0.0,0.01,3000.0,0.1,0.0,3.7840155e-06,0.0,0.0,10.0
80,29,0,990.0,29.056948,239.99492,0.0020421485,7.308614e-06,5.766885,320.91125,1.1,0.0,35.0,0.0,0.01,3000.0,0.1,0.0,5.227233e-06,0.0,0.0,10.0
102,135,0,442.0,32.202137,125.18594,0.003200659,-7.0954854e-07,5.64157,443.04425,1.1,0.0,35.0,0.0,0.01,3000.0,0.1,0.0,4.6195623e-06,0.0,0.0,10.0
91,148,0,531.0,30.431343,209.68628,-0.00049294933,-0.001293859,6.116654,178.7396,1.1,0.0,35.0,0.0,0.01,3000.0,0.1,0.0,4.9993564e-06,0.0,0.0,10.0
106,75,0,680.0,31.368486,154.44873,-0.0066872267,-0.0031544298,9.284986,0.0,0.7,0.0,35.0,0.0,0.1,3000.0,0.035,0.0,4.8094594e-06,0.0,0.0,30.0
96,135,0,609.0,31.149958,153.02797,-0.006476016,2.1057753e-05,5.6826663,319.25848,0.7,0.0,35.0,0.0,0.1,3000.0,0.035,0.0,4.847439e-06,0.0,0.0,30.0
98,102,0,624.0,35.64573,77.20908,0.0011305978,-0.00038642812,4.818535,125.548035,1.1,0.0,35.0,0.0,0.01,3000.0,0.1,0.0,4.049872e-06,0.0,0.0,10.0
117,98,0,661.0,41.830383,282.81073,-0.0032421218,-0.00025174473,5.6955266,199.30678,1.1,0.0,35.0,0.0,0.01,3000.0,0.1,0.0,3.2143241e-06,0.0,0.0,10.0
94,120,0,769.0,37.171436,118.59411,-0.00019308118,0.0010212413,5.455929,480.39087,1.1,0.0,35.0,0.0,0.01,3000.0,0.1,0.0,3.8599737e-06,0.0,0.0,10.0
117,115,0,283.0,34.539806,246.70715,-0.0016660541,-0.00095871865,6.8054814,125.548035,1.1,0.0,35.0,0.0,0.01,3000.0,0.1,0.0,4.2397683e-06,0.0,0.0,10.0
114,103,0,564.0,35.538033,210.08481,0.00460991,6.560048e-05,5.5156536,519.2804,1.1,0.0,35.0,0.0,0.01,3000.0,0.1,0.0,4.125831e-06,0.0,0.0,10.0
105,0,0,1693.0,28.284964,201.98074,0.0075339437,-0.0007945284,5.1057467,502.19214,1.0,0.0,35.0,0.0,0.1,3000.0,0.035,0.0,5.41713e-06,0.0,0.0,0.0
75,3,0,1331.0,27.445,156.51015,-0.0010940172,-0.00044374948,5.8343763,376.6441,0.7,0.0,35.0,0.0,0.1,3000.0,0.035,0.0,5.6450062e-06,0.0,0.0,30.0
96,77,0,645.0,36.635223,152.19485,0.0012661002,-0.0003942892,7.42133,125.548035,0.7,0.0,35.0,0.0,0.1,3000.0,0.035,0.0,3.9359334e-06,0.0,0.0,30.0
82,149,0,692.0,29.360428,118.935005,0.006953478,-0.0013494735,7.1407437,357.4792,1.0,0.0,35.0,0.0,0.1,3000.0,0.035,0.0,5.189253e-06,0.0,0.0,0.0
88,4,0,1347.0,37.76933,278.41635,-0.001580013,-0.00075344567,6.127463,88.17793,1.1,0.0,35.0,0.0,0.01,3000.0,0.1,0.0,3.7460363e-06,0.0,0.0,10.0
89,143,0,729.0,28.611008,202.30276,0.00010120295,0.00074522337,6.4784546,89.3698,1.1,0.0,35.0,0.0,0.01,3000.0,0.1,0.0,5.3791505e-06,0.0,0.0,10.0
105,118,0,629.0,42.354443,203.89296,0.0012033299,0.0002257407,5.271673,443.04425,1.1,0.0,35.0,0.0,0.01,3000.0,0.1,0.0,3.2143241e-06,0.0,0.0,10.0
96,141,0,584.0,43.58018,83.49943,-0.00037032148,-0.00034458513,5.921923,319.25848,1.1,0.0,35.0,0.0,0.01,3000.0,0.1,0.0,3.0624067e-06,0.0,0.0,10.0
108,114,0,524.0,34.275894,47.630024,0.001983343,7.940223e-05,5.968064,516.01,1.1,0.0,35.0,0.0,0.01,3000.0,0.1,0.0,4.2777483e-06,0.0,0.0,10.0
115,147,0,318.0,32.254555,302.62396,-0.0021483614,-0.00015286407,5.639542,480.39087,1.1,0.0,35.0,0.0,0.01,3000.0,0.1,0.0,4.6195623e-06,0.0,0.0,10.0
101,116,0,663.0,36.788044,195.62547,0.002090502,0.0002821393,4.7767067,197.70775,1.1,0.0,35.0,0.0,0.01,3000.0,0.1,0.0,3.9359334e-06,0.0,0.0,10.0
106,111,0,472.0,35.990234,49.018223,-0.0020137536,-0.0006889738,6.192158,443.04425,1.1,0.0,35.0,0.0,0.01,3000.0,0.1,0.0,3.9739125e-06,0.0,0.0,10.0
111,86,0,769.0,39.362583,197.46298,0.0013552738,0.00031862958,5.782725,363.85785,1.1,0.0,35.0,0.0,0.01,3000.0,0.1,0.0,3.5561384e-06,0.0,0.0,10.0
98,10,0,1396.0,33.792065,84.16444,0.00033227613,0.00079353113,4.887658,268.10938,0.7,0.0,35.0,0.0,0.1,3000.0,0.035,0.0,4.3157274e-06,0.0,0.0,30.0
101,130,0,456.0,31.994148,26.02851,0.0019796025,0.0005843908,6.0550995,264.5338,1.1,0.0,35.0,0.0,0.01,3000.0,0.1,0.0,4.657543e-06,0.0,0.0,10.0
103,135,0,392.0,30.627796,116.13974,0.0025893026,-0.0005578069,5.703353,376.6441,1.1,0.0,35.0,0.0,0.01,3000.0,0.1,0.0,4.923398e-06,0.0,0.0,10.0
92,12,0,1333.0,29.739994,162.32758,0.0023542265,-0.00019048963,5.0458612,251.09607,0.7,0.0,35.0,0.0,0.1,3000.0,0.035,0.0,5.1512734e-06,0.0,0.0,30.0
96,73,0,745.0,39.280815,102.00379,0.00060307916,0.00085178885,5.3801713,178.7396,1.1,0.0,35.0,0.0,0.01,3000.0,0.1,0.0,3.5561384e-06,0.0,0.0,10.0
119,140,0,420.0,38.158764,301.3042,1.5533682e-05,6.3110296e-05,5.4203014,623.6818,1.1,0.0,35.0,0.0,0.01,3000.0,0.1,0.0,3.708057e-06,0.0,0.0,10.0
94,81,0,740.0,28.645966,37.916634,0.00036037728,5.662723e-05,6.189322,88.17793,1.1,0.0,35.0,0.0,0.01,3000.0,0.1,0.0,5.341172e-06,0.0,0.0,10.0
109,115,0,503.0,36.62898,80.340324,0.0036526665,0.00073744403,4.7825003,519.2804,1.1,0.0,35.0,0.0,0.01,3000.0,0.1,0.0,3.897954e-06,0.0,0.0,10.0
110,149,0,200.0,32.254555,302.62396,0.0012093856,-0.00058343174,4.946395,178.7396,1.0,0.0,35.0,0.0,0.1,3000.0,0.035,0.0,4.619562e-06,0.0,0.0,0.0
99,114,0,799.0,36.82664,178.28741,0.0031236012,0.0028242222,4.7753024,197.70775,1.1,0.0,35.0,0.0,0.01,3000.0,0.1,0.0,3.9359334e-06,0.0,0.0,10.0
91,146,0,638.0,36.005394,214.1959,-0.001242803,0.00030485718,5.4984546,251.09607,1.1,0.0,35.0,0.0,0.01,3000.0,0.1,0.0,4.049872e-06,0.0,0.0,10.0
90,6,0,1493.0,37.89801,241.26422,0.0042880117,-0.00030475712,5.4296794,319.25848,0.7,0.0,35.0,0.0,0.1,3000.0,0.035,0.0,3.7460359e-06,0.0,0.0,30.0
88,130,0,756.0,28.871952,103.07591,0.004731373,0.0006025762,5.0813584,125.548035,1.1,0.0,35.0,0.0,0.01,3000.0,0.1,0.0,5.265213e-06,0.0,0.0,10.0
120,134,0,409.0,36.060047,293.88763,-0.0004196306,-0.00062343385,5.9019146,199.30678,1.1,0.0,35.0,0.0,0.01,3000.0,0.1,0.0,3.9739125e-06,0.0,0.0,10.0
123,111,0,662.0,31.159529,267.85028,-0.0022214137,-0.00021868391,4.989142,765.33966,1.1,0.0,35.0,0.0,0.01,3000.0,0.1,0.0,4.8094603e-06,0.0,0.0,10.0
118,26,0,1096.0,32.465916,289.79587,-7.794416e-05,-0.00052050926,5.631383,251.09607,1.1,0.0,35.0,0.0,0.01,3000.0,0.1,0.0,4.5815827e-06,0.0,0.0,10.0
115,99,0,576.0,42.369377,315.63477,-0.0018716332,-0.0006234671,5.2711496,176.35587,1.1,0.0,35.0,0.0,0.01,3000.0,0.1,0.0,3.2143241e-06,0.0,0.0,10.0
106,119,0,606.0,33.718266,202.16296,0.0041990206,0.00029228439,4.890446,443.04425,1.1,0.0,35.0,0.0,0.01,3000.0,0.1,0.0,4.3916866e-06,0.0,0.0,10.0
97,70,0,686.0,27.149195,185.63493,-0.013244546,-0.0026565397,9.826726,0.0,1.1,0.0,35.0,0.0,0.01,3000.0,0.1,0.0,5.7209654e-06,0.0,0.0,10.0
84,149,0,601.0,31.553465,68.32428,-0.0019812,-8.490202e-05,4.973669,178.7396,1.0,0.0,35.0,0.0,0.1,3000.0,0.035,0.0,4.6955206e-06,0.0,0.0,0.0
105,113,0,629.0,39.000637,51.961662,-0.00072029716,0.00022849784,5.3901596,627.7402,1.1,0.0,35.0,0.0,0.01,3000.0,0.1,0.0,3.5941184e-06,0.0,0.0,10.0
95,103,0,870.0,34.86293,76.34678,0.0018469117,0.0021424221,5.540669,319.25848,1.1,0.0,35.0,0.0,0.01,3000.0,0.1,0.0,4.1638095e-06,0.0,0.0,10.0
121,106,0,697.0,29.386013,217.30212,0.0027630057,-0.00086086843,6.1588697,762.32776,1.1,0.0,35.0,0.0,0.01,3000.0,0.1,0.0,5.189253e-06,0.0,0.0,10.0
97,109,0,818.0,29.118078,64.68704,-0.0004771705,0.0014030155,5.7643733,443.04425,1.1,0.0,35.0,0.0,0.01,3000.0,0.1,0.0,5.227233e-06,0.0,0.0,10.0
14,17,0,919.0,26.893034,79.043465,-0.00058472867,-0.0007036293,5.8580914,443.04425,0.7,0.0,35.0,0.0,0.1,3000.0,0.035,0.0,5.720964e-06,1.392738,39.04252,30.0
100,90,0,725.0,44.950844,77.20146,0.0010004947,0.00067577465,6.4336734,398.61356,1.1,0.0,35.0,0.0,0.01,3000.0,0.1,0.0,2.8725094e-06,0.0,0.0,10.0
103,113,0,726.0,31.641714,36.81498,0.005082263,0.0015571463,4.9702177,502.19214,1.1,0.0,35.0,0.0,0.01,3000.0,0.1,0.0,4.77148e-06,0.0,0.0,10.0
118,95,0,788.0,43.027958,237.68463,0.00038907077,0.0010125308,5.248086,197.70775,1.1,0.0,35.0,0.0,0.01,3000.0,0.1,0.0,3.1383652e-06,0.0,0.0,10.0
122,121,0,410.0,36.33428,286.57407,-0.0008458021,-0.00053147797,5.486407,199.30678,1.1,0.0,35.0,0.0,0.01,3000.0,0.1,0.0,3.9359334e-06,0.0,0.0,10.0
96,121,0,587.0,35.437122,93.197395,-0.0048293946,-0.0011878964,7.224128,282.23746,1.1,0.0,35.0,0.0,0.01,3000.0,0.1,0.0,4.0878504e-06,0.0,0.0,10.0
110,87,0,659.0,39.649033,212.68962,0.0006372096,7.124644e-05,6.060221,319.25848,1.1,0.0,35.0,0.0,0.01,3000.0,0.1,0.0,3.5561384e-06,0.0,0.0,10.0
101,90,0,628.0,45.961857,78.29489,0.00034605875,-0.00032763078,5.83876,320.91125,1.1,0.0,35.0,0.0,0.01,3000.0,0.1,0.0,2.8345298e-06,0.0,0.0,10.0
114,94,0,513.0,31.696089,218.6926,-0.00545103,-0.0004114004,6.354388,125.548035,1.1,0.0,35.0,0.0,0.01,3000.0,0.1,0.0,4.6955215e-06,0.0,0.0,10.0
101,94,0,741.0,40.298573,62.955135,0.0007705251,8.996304e-05,5.3440466,536.21875,1.1,0.0,35.0,0.0,0.01,3000.0,0.1,0.0,3.4422012e-06,0.0,0.0,10.0
119,114,0,413.0,32.954254,262.96613,-0.00034036388,-0.0003329699,6.5289288,320.91125,1.1,0.0,35.0,0.0,0.01,3000.0,0.1,0.0,4.4676453e-06,0.0,0.0,10.0
114,0,0,1473.0,33.495384,173.69017,0.0015410532,-0.0013772157,4.898885,567.6047,1.0,0.0,35.0,0.0,0.1,3000.0,0.035,0.0,4.467645e-06,0.0,0.0,0.0
99,38,0,984.0,27.550846,260.61682,-0.0013718159,0.0017079033,5.8298655,320.91125,1.1,0.0,35.0,0.0,0.01,3000.0,0.1,0.0,5.5690484e-06,0.0,0.0,10.0
100,107,0,602.0,32.895996,33.611973,-0.00047267324,0.0005606603,6.3080134,395.4155,1.1,0.0,35.0,0.0,0.01,3000.0,0.1,0.0,4.5436036e-06,0.0,0.0,10.0
99,90,0,802.0,34.85199,72.953926,0.001994726,0.0018337986,6.457367,480.39087,1.1,0.0,35.0,0.0,0.01,3000.0,0.1,0.0,4.1638095e-06,0.0,0.0,10.0
102,109,0,554.0,32.020557,71.49709,-0.0024386002,0.00036273713,6.341756,516.01,1.1,0.0,35.0,0.0,0.01,3000.0,0.1,0.0,4.657543e-06,0.0,0.0,10.0
96,12,0,1343.0,37.094147,217.35335,0.0006374248,-0.00031203145,5.4587317,251.09607,0.7,0.0,35.0,0.0,0.1,3000.0,0.035,0.0,3.8979533e-06,0.0,0.0,30.0
96,120,0,625.0,41.721687,127.1673,-0.0030516281,-0.001078972,5.6993446,320.91125,0.7,0.0,35.0,0.0,0.1,3000.0,0.035,0.0,3.252303e-06,0.0,0.0,30.0
96,103,0,787.0,43.34255,84.82924,0.00034025137,0.0004322958,5.237083,279.2223,1.1,0.0,35.0,0.0,0.01,3000.0,0.1,0.0,3.1003865e-06,0.0,0.0,10.0
95,120,0,705.0,43.016006,120.2926,-0.002468491,0.00020637272,5.6539693,398.61356,1.1,0.0,35.0,0.0,0.01,3000.0,0.1,0.0,3.1383652e-06,0.0,0.0,10.0
84,7,0,1195.0,30.869848,293.4784,-0.00040171202,-0.0012963265,6.0992036,125.548035,1.1,0.0,35.0,0.0,0.01,3000.0,0.1,0.0,4.8854185e-06,0.0,0.0,10.0
113,106,0,381.0,34.737396,208.95442,0.000651986,-0.0003410478,6.6439567,264.5338,1.1,0.0,35.0,0.0,0.01,3000.0,0.1,0.0,4.2397683e-06,0.0,0.0,10.0
93,122,0,732.0,31.887098,147.95558,-0.00046030167,-0.0011904851,6.0592613,536.21875,1.1,0.0,35.0,0.0,0.01,3000.0,0.1,0.0,4.6955215e-06,0.0,0.0,10.0
117,104,0,575.0,31.073118,204.11134,-0.0025822474,2.1374311e-05,6.601989,567.6047,1.1,0.0,35.0,0.0,0.01,3000.0,0.1,0.0,4.8854185e-06,0.0,0.0,10.0
97,140,0,506.0,40.00949,91.16124,-0.00017683719,-0.0006380821,4.6611366,197.70775,1.1,0.0,35.0,0.0,0.01,3000.0,0.1,0.0,3.48018e-06,0.0,0.0,10.0
109,116,0,501.0,33.479004,103.38494,0.0021675264,-0.00038886876,4.899506,569.27985,1.1,0.0,35.0,0.0,0.01,3000.0,0.1,0.0,4.3916866e-06,0.0,0.0,10.0
97,86,0,660.0,40.4434,27.776455,-0.0017838667,-0.0010192322,6.0320716,376.6441,1.1,0.0,35.0,0.0,0.01,3000.0,0.1,0.0,3.4422012e-06,0.0,0.0,10.0
115,86,0,892.0,27.824286,220.28784,0.00030002467,0.002630445,5.125119,363.85785,1.1,5.0,25.0,0.0,0.01,3000.0,0.1,0.0,14545.678,0.0,0.0,10.0
92,0,0,1597.0,29.041758,220.91429,0.003255294,-0.0009541692,5.0743623,444.71283,1.0,0.0,35.0,0.0,0.1,3000.0,0.035,0.0,5.2652126e-06,0.0,0.0,0.0
110,122,0,329.0,33.995914,130.98177,-0.0004219762,-0.0013025956,6.2662663,357.4792,1.1,0.0,35.0,0.0,0.01,3000.0,0.1,0.0,4.3157274e-06,0.0,0.0,10.0
115,100,0,645.0,40.954556,322.23672,0.0011845028,0.0012818412,5.3208785,264.5338,1.1,0.0,35.0,0.0,0.01,3000.0,0.1,0.0,3.4042218e-06,0.0,0.0,10.0
121,136,0,519.0,39.40782,283.16418,0.0018525159,0.0014313842,4.6825027,376.6441,1.1,0.0,35.0,0.0,0.01,3000.0,0.1,0.0,3.5561384e-06,0.0,0.0,10.0
98,106,0,660.0,42.294327,69.189766,-0.0012651838,-0.00067095406,5.966928,443.04425,1.1,0.0,35.0,0.0,0.01,3000.0,0.1,0.0,3.2143241e-06,0.0,0.0,10.0
118,108,0,516.0,31.034878,227.271,0.0052512838,-0.00042660814,6.7858205,444.71283,1.1,0.0,35.0,0.0,0.01,3000.0,0.1,0.0,4.8474394e-06,0.0,0.0,10.0
106,121,0,491.0,35.214897,185.00217,0.004066735,-0.00013331755,4.8344536,320.91125,1.1,0.0,35.0,0.0,0.01,3000.0,0.1,0.0,4.1638095e-06,0.0,0.0,10.0
115,103,0,588.0,36.74976,198.34134,0.00088427874,6.1989704e-05,5.876713,529.0676,1.1,0.0,35.0,0.0,0.01,3000.0,0.1,0.0,3.9359334e-06,0.0,0.0,10.0
108,84,0,704.0,48.83176,227.21024,-0.0023372846,0.00013566027,5.4505053,444.71283,0.7,0.0,35.0,0.0,0.1,3000.0,0.035,0.0,2.5306945e-06,0.0,0.0,30.0
94,135,0,723.0,36.500793,97.928116,-9.833304e-05,0.00053528644,4.787176,444.71283,1.1,0.0,35.0,0.0,0.01,3000.0,0.1,0.0,3.9359334e-06,0.0,0.0,10.0
97,73,0,660.0,35.73593,99.06842,0.00064028054,-0.0022289671,5.5083594,89.3698,1.1,0.0,35.0,0.0,0.01,3000.0,0.1,0.0,4.049872e-06,0.0,0.0,10.0
75,1,0,1421.0,27.964802,173.34355,-0.0007648858,0.00012883748,5.812335,516.01,0.7,0.0,35.0,0.0,0.1,3000.0,0.035,0.0,5.531068e-06,0.0,0.0,30.0
102,93,0,639.0,41.36946,62.79694,0.0012137722,9.1793314e-05,5.71173,443.04425,1.1,0.0,35.0,0.0,0.01,3000.0,0.1,0.0,3.3282624e-06,0.0,0.0,10.0
94,82,0,779.0,27.354067,52.135212,0.007875033,-0.00010397824,5.8382607,176.35587,1.1,0.0,35.0,0.0,0.01,3000.0,0.1,0.0,5.645006e-06,0.0,0.0,10.0
123,116,0,461.0,40.73277,156.24596,0.0009248397,-0.0013811364,6.02185,443.04425,1.1,0.0,35.0,0.0,0.01,3000.0,0.1,0.0,3.4042218e-06,0.0,0.0,10.0
99,15,0,1289.0,31.520607,188.39279,0.004463809,0.0011372829,4.9749556,282.23746,0.7,0.0,35.0,0.0,0.1,3000.0,0.035,0.0,4.8094594e-06,0.0,0.0,30.0
98,139,0,443.0,31.393518,92.13003,-0.0011355272,-0.0011949636,4.979938,88.17793,0.7,0.0,35.0,0.0,0.1,3000.0,0.035,0.0,4.7714793e-06,0.0,0.0,30.0
107,8,0,1481.0,27.605976,160.62985,0.0066375867,0.00053466565,5.1343737,357.4792,0.7,5.0,25.0,0.0,0.1,3000.0,0.035,0.0,22547.844,0.0,0.0,30.0
94,12,0,1290.0,27.071476,176.86247,-0.005885622,-0.00042902626,8.101681,176.35587,1.1,0.0,35.0,0.0,0.01,3000.0,0.1,0.0,5.7589455e-06,0.0,0.0,10.0
97,144,0,501.0,39.603016,108.79097,0.0019454317,-0.00020365344,5.368709,251.09607,1.1,0.0,35.0,0.0,0.01,3000.0,0.1,0.0,3.5181595e-06,0.0,0.0,10.0
98,120,0,544.0,29.550968,130.54916,0.0025768084,-0.0012007462,6.43983,178.7396,1.1,0.0,35.0,0.0,0.01,3000.0,0.1,0.0,5.151274e-06,0.0,0.0,10.0
120,113,0,481.0,32.620792,258.24274,-0.0014199322,-0.00010253564,6.318569,444.71283,1.1,0.0,35.0,0.0,0.01,3000.0,0.1,0.0,4.5436036e-06,0.0,0.0,10.0
87,0,0,1333.0,32.87909,255.78168,0.0010516469,-0.00050481496,4.922366,264.5338,1.0,0.0,35.0,0.0,0.1,3000.0,0.035,0.0,4.505624e-06,0.0,0.0,0.0
107,113,0,532.0,34.1006,45.963573,0.001177304,-0.00028392748,5.9746456,502.19214,1.1,0.0,35.0,0.0,0.01,3000.0,0.1,0.0,4.2777483e-06,0.0,0.0,10.0
113,92,0,571.0,35.183334,226.23395,-6.5035165e-05,-0.00018317539,5.5287704,176.35587,1.1,0.0,35.0,0.0,0.01,3000.0,0.1,0.0,4.1638095e-06,0.0,0.0,10.0
101,110,0,617.0,31.826809,54.21884,-0.004259474,-0.0012279557,6.0616083,567.6047,1.1,0.0,35.0,0.0,0.01,3000.0,0.1,0.0,4.657543e-06,0.0,0.0,10.0
106,82,0,753.0,45.742203,218.82454,0.0013234533,0.0013335816,4.4601364,319.25848,0.7,0.0,35.0,0.0,0.1,3000.0,0.035,0.0,2.83453e-06,0.0,0.0,30.0
90,4,0,1503.0,30.534151,294.4167,0.0043329434,0.0010460952,5.0139375,199.30678,0.7,0.0,35.0,0.0,0.1,3000.0,0.035,0.0,4.9233972e-06,0.0,0.0,30.0
108,117,0,558.0,46.93939,93.03747,-0.0009294365,-0.00030817869,5.804592,692.52185,0.7,0.0,35.0,0.0,0.1,3000.0,0.035,0.0,2.7205917e-06,0.0,0.0,30.0
80,6,0,1186.0,27.121258,162.19093,0.0020018052,4.8311063e-05,5.848246,178.7396,1.1,0.0,35.0,0.0,0.01,3000.0,0.1,0.0,5.7209654e-06,0.0,0.0,10.0
94,148,0,600.0,27.30478,140.25252,0.0098497,-0.0011032904,5.147223,446.84897,1.1,0.0,35.0,0.0,0.01,3000.0,0.1,0.0,5.682986e-06,0.0,0.0,10.0
107,120,0,548.0,34.445145,161.94258,0.0048267194,0.00026890283,4.863111,444.71283,1.1,0.0,35.0,0.0,0.01,3000.0,0.1,0.0,4.2777483e-06,0.0,0.0,10.0
109,103,0,371.0,30.173698,218.71791,0.0034363184,0.00014918506,5.7215114,197.70775,1.1,0.0,35.0,0.0,0.01,3000.0,0.1,0.0,4.9993564e-06,0.0,0.0,10.0
98,122,0,519.0,28.404243,74.17999,-0.001524352,-0.0005445301,8.278818,89.3698,1.1,0.0,35.0,0.0,0.01,3000.0,0.1,0.0,5.3791505e-06,0.0,0.0,10.0
103,3,0,1526.0,34.14265,228.65656,0.0012587793,0.0010096951,5.9730654,197.70775,1.1,5.0,25.0,0.0,0.01,3000.0,0.1,0.0,18807.357,0.0,0.0,10.0
100,114,0,776.0,33.91955,167.99525,0.0013505381,0.0022224796,4.8828487,251.09607,1.1,0.0,35.0,0.0,0.01,3000.0,0.1,0.0,4.3916866e-06,0.0,0.0,10.0
95,85,0,723.0,42.137127,77.69654,-0.0033184139,8.498992e-05,6.195585,449.85626,1.1,0.0,35.0,0.0,0.01,3000.0,0.1,0.0,3.2143241e-06,0.0,0.0,10.0
119,135,0,356.0,35.17899,280.19385,0.00016411279,-0.0008313757,5.9343967,197.70775,1.1,0.0,35.0,0.0,0.01,3000.0,0.1,0.0,4.125831e-06,0.0,0.0,10.0
121,110,0,583.0,30.099922,245.12616,-1.809394e-05,0.00034860976,6.129942,631.7724,1.1,0.0,35.0,0.0,0.01,3000.0,0.1,0.0,4.9993564e-06,0.0,0.0,10.0
101,132,0,511.0,34.57968,81.9614,0.002947395,-0.00037883056,5.551229,440.88968,0.7,0.0,35.0,0.0,0.1,3000.0,0.035,0.0,4.201789e-06,0.0,0.0,30.0
95,140,0,672.0,44.883068,90.652435,0.00076896674,0.00012455414,5.183276,320.91125,0.7,0.0,35.0,0.0,0.1,3000.0,0.035,0.0,2.948468e-06,0.0,0.0,30.0
3,27,0,1130.0,34.388664,200.57896,0.0018082518,-0.00024246491,5.9638376,376.6441,1.1,0.0,35.0,0.0,0.01,3000.0,0.1,0.0,4.2777483e-06,1.3241912,53.08135,10.0
120,129,0,393.0,28.127335,317.94662,0.0005463374,-0.0006244473,5.805499,320.91125,1.1,0.0,35.0,0.0,0.01,3000.0,0.1,0.0,5.41713e-06,0.0,0.0,10.0
105,94,0,470.0,37.941017,67.777565,0.0008811216,-2.0274732e-05,5.428131,178.7396,1.1,0.0,35.0,0.0,0.01,3000.0,0.1,0.0,3.7460363e-06,0.0,0.0,10.0
89,147,0,549.0,27.743235,187.3334,-0.0021868187,-0.00018086316,6.514844,88.17793,1.1,0.0,35.0,0.0,0.01,3000.0,0.1,0.0,5.607027e-06,0.0,0.0,10.0
91,123,0,772.0,28.582882,113.947205,-0.000597377,0.0011872682,6.191941,440.88968,1.1,0.0,35.0,0.0,0.01,3000.0,0.1,0.0,5.341172e-06,0.0,0.0,10.0
110,94,0,409.0,32.40635,221.37843,-0.00068116764,-0.0006930299,6.3268266,199.30678,1.1,0.0,35.0,0.0,0.01,3000.0,0.1,0.0,4.6195623e-06,0.0,0.0,10.0
97,119,0,621.0,37.58761,122.53039,0.0030169748,-0.00095722306,5.8463373,251.09607,1.1,0.0,35.0,0.0,0.01,3000.0,0.1,0.0,3.7840155e-06,0.0,0.0,10.0
97,125,0,510.0,34.22514,148.23904,-6.9356574e-05,0.00023766968,5.5645027,176.35587,1.1,0.0,35.0,0.0,0.01,3000.0,0.1,0.0,4.2777483e-06,0.0,0.0,10.0
119,133,0,325.0,27.40587,276.9095,-0.0042505288,-0.0011284341,8.087338,89.3698,1.1,0.0,35.0,0.0,0.01,3000.0,0.1,0.0,5.607027e-06,0.0,0.0,10.0
96,140,0,587.0,42.896946,88.251434,0.0002777814,-0.00034491805,4.5595236,251.09607,0.7,0.0,35.0,0.0,0.1,3000.0,0.035,0.0,3.1383652e-06,0.0,0.0,30.0
8,24,0,1162.0,34.407574,94.74895,0.00023628527,0.00022696302,4.864517,268.10938,0.7,0.0,35.0,0.0,0.1,3000.0,0.035,0.0,4.2397683e-06,0.94437194,17.925041,30.0
99,105,0,572.0,31.181112,66.24022,-0.0029307527,-0.0010917179,6.597729,319.25848,1.1,0.0,35.0,0.0,0.01,3000.0,0.1,0.0,4.8094603e-06,0.0,0.0,10.0
110,0,0,1523.0,34.330498,88.09675,0.0012051507,-0.0018259307,5.5605516,711.0621,1.0,0.0,35.0,0.0,0.1,3000.0,0.035,0.0,4.2397683e-06,0.0,0.0,0.0
122,105,0,773.0,30.710564,211.83293,0.0031722956,0.00061334023,5.7000604,878.26495,1.1,0.0,35.0,0.0,0.01,3000.0,0.1,0.0,4.923398e-06,0.0,0.0,10.0
92,134,0,771.0,33.635323,21.716713,0.0021526907,0.00060857274,5.5867305,319.25848,1.1,0.0,35.0,0.0,0.01,3000.0,0.1,0.0,4.429666e-06,0.0,0.0,10.0
98,129,0,461.0,32.29903,18.04484,-0.00014876598,-0.0008190794,6.7364354,176.35587,1.1,0.0,35.0,0.0,0.01,3000.0,0.1,0.0,4.657543e-06,0.0,0.0,10.0
106,97,0,439.0,29.67719,132.58058,0.00370908,0.00015090298,5.0484076,178.7396,1.1,0.0,35.0,0.0,0.01,3000.0,0.1,0.0,5.1132947e-06,0.0,0.0,10.0
13,17,0,967.0,31.5086,84.16001,0.00017005007,0.0005582195,5.668573,395.4155,0.7,0.0,35.0,0.0,0.1,3000.0,0.035,0.0,4.6955206e-06,1.071597,39.335957,30.0
101,100,0,507.0,32.596325,160.04819,-0.0035221528,-0.0011778027,6.724975,125.548035,1.1,0.0,35.0,0.0,0.01,3000.0,0.1,0.0,4.5815827e-06,0.0,0.0,10.0
118,117,0,314.0,37.260906,263.15042,-0.001180387,-0.0005543449,6.145834,178.7396,1.1,0.0,35.0,0.0,0.01,3000.0,0.1,0.0,3.821995e-06,0.0,0.0,10.0
98,11,0,1400.0,28.024366,93.05343,0.0028964018,0.0025377602,5.1166797,268.10938,0.7,0.0,35.0,0.0,0.1,3000.0,0.035,0.0,5.417129e-06,0.0,0.0,30.0
81,149,0,742.0,33.408237,121.05168,0.001282047,0.00026552498,6.51163,443.04425,1.0,0.0,35.0,0.0,0.1,3000.0,0.035,0.0,4.429665e-06,0.0,0.0,0.0
120,145,0,409.0,27.327257,195.06097,-0.0030076513,-0.0012386221,5.839408,363.85785,1.1,0.0,35.0,0.0,0.01,3000.0,0.1,0.0,5.682986e-06,0.0,0.0,10.0
98,99,0,678.0,43.20824,139.51784,-0.00017748817,-0.00030135803,6.745857,88.17793,1.1,0.0,35.0,0.0,0.01,3000.0,0.1,0.0,3.1383652e-06,0.0,0.0,10.0
98,86,0,623.0,35.244526,29.922743,-0.0012855106,-0.00084919756,6.4427943,319.25848,1.1,0.0,35.0,0.0,0.01,3000.0,0.1,0.0,4.1638095e-06,0.0,0.0,10.0
94,127,0,524.0,32.344353,128.15884,-0.0017739636,-0.00082721346,6.3292193,88.17793,1.1,0.0,35.0,0.0,0.01,3000.0,0.1,0.0,4.6195623e-06,0.0,0.0,10.0
94,85,0,810.0,35.70997,85.02215,-0.0011609897,0.0018289543,6.7620783,440.88968,1.1,0.0,35.0,0.0,0.01,3000.0,0.1,0.0,4.049872e-06,0.0,0.0,10.0
84,146,0,622.0,28.791769,150.07726,-0.0051969765,-0.0009049175,6.183283,88.17793,1.1,0.0,35.0,0.0,0.01,3000.0,0.1,0.0,5.341172e-06,0.0,0.0,10.0
104,101,0,443.0,35.1115,158.03848,0.005796708,-0.00038243912,5.531434,176.35587,1.1,0.0,35.0,0.0,0.01,3000.0,0.1,0.0,4.201789e-06,0.0,0.0,10.0
95,104,0,885.0,32.90215,83.96294,0.0014830064,0.0032680868,4.9214835,395.4155,1.1,0.0,35.0,0.0,0.01,3000.0,0.1,0.0,4.505625e-06,0.0,0.0,10.0
110,88,0,602.0,37.97548,225.78474,-0.002780923,0.00056170934,6.3431816,251.09607,1.1,0.0,35.0,0.0,0.01,3000.0,0.1,0.0,3.7460363e-06,0.0,0.0,10.0
103,108,0,486.0,31.49488,77.709656,0.00010046982,-0.00060145307,6.585401,395.4155,1.1,0.0,35.0,0.0,0.01,3000.0,0.1,0.0,4.6955215e-06,0.0,0.0,10.0
113,103,0,524.0,36.7989,235.35422,0.003024525,-0.0002728346,5.469459,444.71283,1.1,0.0,35.0,0.0,0.01,3000.0,0.1,0.0,3.897954e-06,0.0,0.0,10.0
99,101,0,529.0,33.063812,85.5038,-0.0056522368,-0.0015811792,8.699494,0.0,1.1,0.0,35.0,0.0,0.01,3000.0,0.1,0.0,4.4676453e-06,0.0,0.0,10.0
102,111,0,614.0,37.086872,40.082825,-0.0032923853,-0.0010270638,5.864461,567.6047,1.1,0.0,35.0,0.0,0.01,3000.0,0.1,0.0,3.897954e-06,0.0,0.0,10.0
93,130,0,552.0,27.697897,13.559884,-0.0032470492,-0.0011160023,7.7695284,88.17793,1.1,0.0,35.0,0.0,0.01,3000.0,0.1,0.0,5.607027e-06,0.0,0.0,10.0
96,78,0,594.0,31.826809,125.78115,-0.008080833,-0.0006362133,6.572434,88.17793,1.1,0.0,35.0,0.0,0.01,3000.0,0.1,0.0,4.657543e-06,0.0,0.0,10.0
116,0,0,1419.0,29.202671,138.6523,0.0020436505,-0.0017748983,5.067756,475.74316,1.0,0.0,35.0,0.0,0.1,3000.0,0.035,0.0,5.2272335e-06,0.0,0.0,0.0
123,113,0,670.0,38.448517,253.40106,0.0069397627,-0.0006372782,4.716757,672.95966,1.1,0.0,35.0,0.0,0.01,3000.0,0.1,0.0,3.6700771e-06,0.0,0.0,10.0
122,112,0,601.0,34.998497,267.21484,-0.0014316014,-0.0005460916,6.228776,641.8225,1.1,0.0,35.0,0.0,0.01,3000.0,0.1,0.0,4.1638095e-06,0.0,0.0,10.0
121,134,0,466.0,40.500126,286.98495,-0.0019916012,-0.00042163182,5.33692,282.23746,1.1,0.0,35.0,0.0,0.01,3000.0,0.1,0.0,3.4042218e-06,0.0,0.0,10.0
92,11,0,1386.0,29.21406,158.88913,0.0033389155,0.0007481344,5.0672894,319.25848,0.7,0.0,35.0,0.0,0.1,3000.0,0.035,0.0,5.265212e-06,0.0,0.0,30.0
123,125,0,558.0,43.23426,268.61765,0.0015515544,-0.0007190966,4.5477223,502.19214,0.7,0.0,35.0,0.0,0.1,3000.0,0.035,0.0,3.1003858e-06,0.0,0.0,30.0
87,7,0,1380.0,33.518723,318.1417,-0.00021300011,0.0022080096,4.898,319.25848,0.7,0.0,35.0,0.0,0.1,3000.0,0.035,0.0,4.4296644e-06,0.0,0.0,30.0
120,102,0,766.0,27.939993,222.46371,-0.0008303245,0.00012804483,6.2188463,627.7402,1.1,0.0,35.0,0.0,0.01,3000.0,0.1,0.0,5.4930883e-06,0.0,0.0,10.0
110,104,0,361.0,35.950623,234.09772,-0.0019537436,0.0002547548,5.9059305,197.70775,1.1,0.0,35.0,0.0,0.01,3000.0,0.1,0.0,3.9739125e-06,0.0,0.0,10.0
104,5,0,1496.0,33.07522,220.75848,0.001349707,0.0010169204,5.608017,178.7396,1.1,5.0,25.0,0.0,0.01,3000.0,0.1,0.0,17856.156,0.0,0.0,10.0
103,4,0,1481.0,37.072884,230.36319,-0.00035691363,0.00037804112,5.8649683,125.548035,1.1,5.0,25.0,0.0,0.01,3000.0,0.1,0.0,20842.92,0.0,0.0,10.0
114,147,0,268.0,33.36576,310.87537,-0.002115096,-0.0003976622,6.0024176,398.61356,1.1,0.0,35.0,0.0,0.01,3000.0,0.1,0.0,4.429666e-06,0.0,0.0,10.0
88,126,0,757.0,34.453316,112.8579,-0.00046507624,0.00060343504,5.9614177,88.17793,1.1,0.0,35.0,0.0,0.01,3000.0,0.1,0.0,4.2397683e-06,0.0,0.0,10.0
122,109,0,652.0,27.836187,250.55582,0.0006547969,0.00041729966,5.8177633,736.3877,1.1,0.0,35.0,0.0,0.01,3000.0,0.1,0.0,5.4930883e-06,0.0,0.0,10.0
95,146,0,590.0,43.688984,98.19041,0.00056020473,0.00034818106,5.6304383,357.4792,1.1,0.0,35.0,0.0,0.01,3000.0,0.1,0.0,3.0624067e-06,0.0,0.0,10.0
97,117,0,673.0,39.34931,98.35053,0.00060682953,-0.00048037252,4.684585,125.548035,1.1,0.0,35.0,0.0,0.01,3000.0,0.1,0.0,3.5561384e-06,0.0,0.0,10.0
102,116,0,657.0,39.243233,181.56993,-0.0009335796,0.00014009453,5.786975,251.09607,1.1,0.0,35.0,0.0,0.01,3000.0,0.1,0.0,3.5941184e-06,0.0,0.0,10.0
111,87,0,698.0,33.456795,199.28072,0.00024694772,-0.0011154172,6.286643,279.2223,1.1,0.0,35.0,0.0,0.01,3000.0,0.1,0.0,4.4676453e-06,0.0,0.0,10.0
103,0,0,1584.0,30.913837,252.36111,-0.0011617866,-0.00095293386,4.9988484,395.4155,1.0,0.0,35.0,0.0,0.1,3000.0,0.035,0.0,4.8474385e-06,0.0,0.0,0.0
112,87,0,698.0,34.81904,206.25859,-0.0032123304,-0.0012083803,5.947768,264.5338,0.7,0.0,35.0,0.0,0.1,3000.0,0.035,0.0,4.2397683e-06,0.0,0.0,30.0
123,134,0,633.0,41.123325,271.48865,0.0014745168,0.00032131572,4.6217837,455.4661,1.1,0.0,35.0,0.0,0.01,3000.0,0.1,0.0,3.3282624e-06,0.0,0.0,10.0
122,138,0,497.0,29.46106,166.8324,0.0019660809,5.4149416e-05,5.0571966,567.6047,1.1,0.0,35.0,0.0,0.01,3000.0,0.1,0.0,5.189253e-06,0.0,0.0,10.0
122,143,0,466.0,28.54191,71.144394,0.000506295,0.0016159724,5.0950313,536.5627,1.1,0.0,35.0,0.0,0.01,3000.0,0.1,0.0,5.341172e-06,0.0,0.0,10.0
92,126,0,657.0,27.11821,146.1411,0.0072178845,0.00034055405,6.2538424,197.70775,1.1,0.0,35.0,0.0,0.01,3000.0,0.1,0.0,5.7209654e-06,0.0,0.0,10.0
96,142,0,606.0,40.85116,85.10987,0.0017254864,0.00032131263,4.631378,376.6441,1.1,0.0,35.0,0.0,0.01,3000.0,0.1,0.0,3.3662416e-06,0.0,0.0,10.0
119,99,0,833.0,34.10492,271.43945,0.003412798,0.0014074582,4.875871,398.61356,1.1,0.0,35.0,0.0,0.01,3000.0,0.1,0.0,4.2777483e-06,0.0,0.0,10.0
109,117,0,476.0,37.898968,102.19506,-0.0019513532,-0.0010626756,5.429645,625.58856,1.1,0.0,35.0,0.0,0.01,3000.0,0.1,0.0,3.7460363e-06,0.0,0.0,10.0
105,12,0,1340.0,28.400606,211.84991,0.001734348,0.001722633,5.1009164,282.23746,0.7,0.0,35.0,0.0,0.1,3000.0,0.035,0.0,5.37915e-06,0.0,0.0,30.0
117,108,0,471.0,32.838154,249.42505,0.0048900307,0.00031755553,6.0225463,368.19385,1.1,0.0,35.0,0.0,0.01,3000.0,0.1,0.0,4.505625e-06,0.0,0.0,10.0
115,98,0,530.0,31.684946,297.3435,-0.004979488,-0.0014452928,6.067141,88.17793,1.1,0.0,35.0,0.0,0.01,3000.0,0.1,0.0,4.6955215e-06,0.0,0.0,10.0
123,106,0,763.0,27.419065,229.01823,-0.0047792527,0.00088432373,5.142336,917.2391,1.1,0.0,35.0,0.0,0.01,3000.0,0.1,0.0,5.607027e-06,0.0,0.0,10.0
121,109,0,604.0,31.395536,246.45184,-0.0016875952,0.0006336706,6.078471,649.9711,1.1,0.0,35.0,0.0,0.01,3000.0,0.1,0.0,4.77148e-06,0.0,0.0,10.0
109,6,0,1458.0,31.778252,126.50916,-0.001937337,0.0009374431,6.063501,251.09607,0.7,0.0,35.0,0.0,0.1,3000.0,0.035,0.0,4.6575415e-06,0.0,0.0,30.0
119,137,0,385.0,35.23716,273.68192,0.0013538467,-0.00055833603,4.833629,363.85785,1.1,0.0,35.0,0.0,0.01,3000.0,0.1,0.0,4.125831e-06,0.0,0.0,10.0
106,80,0,738.0,48.15193,311.70355,-0.0012228502,0.0017538437,5.0689487,197.70775,1.1,0.0,35.0,0.0,0.01,3000.0,0.1,0.0,2.644633e-06,0.0,0.0,10.0
94,86,0,814.0,29.170374,70.41398,-0.0040568146,0.0019207947,6.4553747,529.0676,1.1,0.0,35.0,0.0,0.01,3000.0,0.1,0.0,5.227233e-06,0.0,0.0,10.0
114,101,0,632.0,36.184635,279.3689,0.0075874478,0.00068532093,4.798736,363.85785,1.1,0.0,35.0,0.0,0.01,3000.0,0.1,0.0,3.9359334e-06,0.0,0.0,10.0
90,125,0,737.0,36.683167,175.69273,0.001140933,0.0008589756,4.7805257,251.09607,1.1,0.0,35.0,0.0,0.01,3000.0,0.1,0.0,3.9359334e-06,0.0,0.0,10.0
109,113,0,444.0,34.557728,57.647873,0.0013945174,0.000113252085,6.245196,395.4155,1.1,0.0,35.0,0.0,0.01,3000.0,0.1,0.0,4.2397683e-06,0.0,0.0,10.0
94,122,0,712.0,27.844065,143.62059,0.0045503704,-0.0011488202,6.5105777,446.84897,1.1,0.0,35.0,0.0,0.01,3000.0,0.1,0.0,5.5310684e-06,0.0,0.0,10.0
104,11,0,1343.0,30.51809,226.16397,0.0029588824,0.0010750091,5.7077255,251.09607,1.1,0.0,35.0,0.0,0.01,3000.0,0.1,0.0,4.961377e-06,0.0,0.0,10.0
96,130,0,543.0,29.529211,16.054598,0.0016921298,-0.00020120428,5.054421,176.35587,1.1,0.0,35.0,0.0,0.01,3000.0,0.1,0.0,5.189253e-06,0.0,0.0,10.0
89,125,0,728.0,29.993546,166.5481,-0.0066774073,0.0007539847,6.134226,197.70775,1.1,0.0,35.0,0.0,0.01,3000.0,0.1,0.0,5.1132947e-06,0.0,0.0,10.0
100,74,0,678.0,42.079205,234.26425,0.00040440352,-0.0021020558,5.6867914,178.7396,1.1,0.0,35.0,0.0,0.01,3000.0,0.1,0.0,3.2143241e-06,0.0,0.0,10.0
98,107,0,682.0,41.77757,65.23495,-0.0022643534,-0.00071745284,5.6973815,502.19214,1.1,0.0,35.0,0.0,0.01,3000.0,0.1,0.0,3.2523037e-06,0.0,0.0,10.0
98,100,0,594.0,35.1083,130.18433,-0.007130085,-0.0013041327,8.475991,0.0,1.1,0.0,35.0,0.0,0.01,3000.0,0.1,0.0,4.1638095e-06,0.0,0.0,10.0
10,24,0,1048.0,28.982393,90.58654,1.1340593e-05,-0.0013661241,5.076805,89.3698,1.1,0.0,35.0,0.0,0.01,3000.0,0.1,0.0,5.227233e-06,1.2009453,30.466145,10.0
116,109,0,390.0,34.63151,241.02756,0.0039917147,-0.00013172558,6.2424407,251.09607,1.1,0.0,35.0,0.0,0.01,3000.0,0.1,0.0,4.2397683e-06,0.0,0.0,10.0
123,115,0,544.0,44.398666,168.13051,0.001277347,0.0007009133,5.2001867,516.01,1.1,0.0,35.0,0.0,0.01,3000.0,0.1,0.0,3.024427e-06,0.0,0.0,10.0
121,126,0,419.0,32.30633,259.1455,0.002357178,-0.0005350762,4.9443936,368.19385,0.7,0.0,35.0,0.0,0.1,3000.0,0.035,0.0,4.5815827e-06,0.0,0.0,30.0
122,142,0,448.0,27.357695,76.694725,-0.0017717839,-0.0004697152,5.8381057,623.6818,1.1,0.0,35.0,0.0,0.01,3000.0,0.1,0.0,5.607027e-06,0.0,0.0,10.0
98,118,0,591.0,33.420578,111.15539,-0.0005018408,-0.0010430653,5.5948706,125.548035,1.1,0.0,35.0,0.0,0.01,3000.0,0.1,0.0,4.429666e-06,0.0,0.0,10.0
84,148,0,581.0,29.822674,80.31899,-0.003908384,-0.0017910777,7.986953,197.70775,1.1,0.0,35.0,0.0,0.01,3000.0,0.1,0.0,5.0373355e-06,0.0,0.0,10.0
88,3,0,1334.0,39.45878,267.63113,-0.0027325132,-0.0006345585,7.9765267,0.0,1.1,0.0,35.0,0.0,0.01,3000.0,0.1,0.0,3.5561384e-06,0.0,0.0,10.0
95,75,0,785.0,29.83588,135.38461,0.0092364475,0.0013798133,5.7351265,197.70775,1.1,0.0,35.0,0.0,0.01,3000.0,0.1,0.0,5.1132947e-06,0.0,0.0,10.0
98,143,0,440.0,34.96757,90.46455,0.002003051,-0.0011813878,4.843631,279.2223,0.7,0.0,35.0,0.0,0.1,3000.0,0.035,0.0,4.16381e-06,0.0,0.0,30.0
103,109,0,498.0,33.9049,59.02622,-0.0051459908,-0.00014563308,6.492839,475.74316,1.1,0.0,35.0,0.0,0.01,3000.0,0.1,0.0,4.3157274e-06,0.0,0.0,10.0
91,12,0,1340.0,28.573263,181.76605,0.002691419,-8.2321036e-05,5.093728,320.91125,1.1,0.0,35.0,0.0,0.01,3000.0,0.1,0.0,5.3791505e-06,0.0,0.0,10.0
82,146,0,727.0,38.05179,115.76321,-0.0029555256,0.00092218537,5.424146,197.70775,1.1,0.0,35.0,0.0,0.01,3000.0,0.1,0.0,3.7460363e-06,0.0,0.0,10.0
5,32,0,953.0,26.748245,209.96869,0.0010948519,6.255249e-05,6.5575147,376.6441,1.1,0.0,35.0,0.0,0.01,3000.0,0.1,0.0,5.7589455e-06,2.442568,38.646942,10.0
121,129,0,436.0,31.52326,313.89636,-0.0011901207,-0.00015204551,6.073464,398.61356,1.1,0.0,35.0,0.0,0.01,3000.0,0.1,0.0,4.77148e-06,0.0,0.0,10.0
105,13,0,1293.0,29.349264,213.1772,0.0012751078,-0.0002362396,5.754905,251.09607,1.1,0.0,35.0,0.0,0.01,3000.0,0.1,0.0,5.227233e-06,0.0,0.0,10.0
93,148,0,605.0,35.076454,194.29955,0.0048344214,0.00043875066,4.839587,357.4792,1.1,0.0,35.0,0.0,0.01,3000.0,0.1,0.0,4.201789e-06,0.0,0.0,10.0
104,113,0,687.0,34.449684,52.288864,0.0023000787,0.0008952721,5.5560884,567.6047,1.1,0.0,35.0,0.0,0.01,3000.0,0.1,0.0,4.2777483e-06,0.0,0.0,10.0
118,98,0,746.0,42.367172,276.42517,-0.0010950422,0.00036795487,5.271227,282.23746,1.1,0.0,35.0,0.0,0.01,3000.0,0.1,0.0,3.2143241e-06,0.0,0.0,10.0
95,69,0,783.0,28.452425,63.928238,0.0010628048,-0.0010330986,6.197368,88.17793,1.1,0.0,35.0,0.0,0.01,3000.0,0.1,0.0,5.3791505e-06,0.0,0.0,10.0
113,115,0,292.0,30.632414,62.63661,0.0012440226,-0.0006337117,5.703169,279.2223,1.1,0.0,35.0,0.0,0.01,3000.0,0.1,0.0,4.923398e-06,0.0,0.0,10.0
105,119,0,559.0,39.11179,215.31277,-0.0009772958,-0.00038618955,5.386194,376.6441,1.1,0.0,35.0,0.0,0.01,3000.0,0.1,0.0,3.5941184e-06,0.0,0.0,10.0
71,3,0,1313.0,28.109064,215.17464,0.002359548,-0.0007116386,6.2117314,617.24554,0.7,0.0,35.0,0.0,0.1,3000.0,0.035,0.0,5.4930897e-06,0.0,0.0,30.0
102,94,0,669.0,41.33394,69.232925,0.0008195832,-7.486463e-05,5.3075147,446.84897,1.1,0.0,35.0,0.0,0.01,3000.0,0.1,0.0,3.3282624e-06,0.0,0.0,10.0
105,97,0,465.0,33.82759,114.49483,-0.0036149109,-0.0008959955,5.579464,268.10938,1.1,0.0,35.0,0.0,0.01,3000.0,0.1,0.0,4.3157274e-06,0.0,0.0,10.0
109,2,0,1561.0,30.349813,119.597206,0.003594566,-0.0003782638,6.119915,558.4446,0.7,0.0,35.0,0.0,0.1,3000.0,0.035,0.0,4.9613764e-06,0.0,0.0,30.0
117,94,0,738.0,47.358467,271.7954,0.0018221475,0.00034514678,4.4036283,88.17793,1.1,0.0,35.0,0.0,0.01,3000.0,0.1,0.0,2.6826126e-06,0.0,0.0,10.0
108,76,0,773.0,42.19281,276.46475,-0.0021680153,0.00057481445,6.1936316,178.7396,1.1,0.0,35.0,0.0,0.01,3000.0,0.1,0.0,3.2143241e-06,0.0,0.0,10.0
114,104,0,508.0,33.42572,201.89886,0.0017920828,-0.00023666976,6.2878227,449.85626,1.1,0.0,35.0,0.0,0.01,3000.0,0.1,0.0,4.4676453e-06,0.0,0.0,10.0
102,134,0,466.0,32.112682,98.311676,0.004396108,-0.00018855391,4.951888,502.19214,1.1,0.0,35.0,0.0,0.01,3000.0,0.1,0.0,4.6195623e-06,0.0,0.0,10.0
95,125,0,585.0,34.82951,147.94717,0.0012710544,0.0007107171,5.541913,251.09607,1.1,0.0,35.0,0.0,0.01,3000.0,0.1,0.0,4.201789e-06,0.0,0.0,10.0
92,124,0,716.0,26.9758,110.8848,0.00020640144,-0.0008473916,5.1613674,363.85785,1.1,0.0,35.0,0.0,0.01,3000.0,0.1,0.0,5.7209654e-06,0.0,0.0,10.0
110,102,0,449.0,29.834951,247.93204,0.008171891,0.0008729797,5.042017,319.25848,1.1,0.0,35.0,0.0,0.01,3000.0,0.1,0.0,5.0373355e-06,0.0,0.0,10.0
120,138,0,451.0,36.042206,271.7862,-0.0013169212,0.0013379188,5.497104,475.74316,1.1,0.0,35.0,0.0,0.01,3000.0,0.1,0.0,3.9739125e-06,0.0,0.0,10.0
8,23,0,1162.0,34.49522,96.63398,-0.0008604786,0.00028786474,7.0584626,282.23746,0.7,0.0,35.0,0.0,0.1,3000.0,0.035,0.0,4.2397683e-06,0.86206114,19.01472,30.0
103,1,0,1568.0,30.860634,256.83582,0.00079724815,-0.00023656011,5.6941037,319.25848,1.1,0.0,35.0,0.0,0.01,3000.0,0.1,0.0,4.8474394e-06,0.0,0.0,10.0
90,132,0,657.0,38.273777,15.631626,-0.0042965296,-0.0011189212,6.1093183,88.17793,1.1,0.0,35.0,0.0,0.01,3000.0,0.1,0.0,3.7460363e-06,0.0,0.0,10.0
119,141,0,456.0,38.05179,295.7632,0.0018664211,0.00086432317,5.424146,711.0621,1.1,0.0,35.0,0.0,0.01,3000.0,0.1,0.0,3.7460363e-06,0.0,0.0,10.0
89,146,0,595.0,28.085817,198.9663,-0.0010466268,-0.00042857457,6.50039,89.3698,1.1,0.0,35.0,0.0,0.01,3000.0,0.1,0.0,5.4930883e-06,0.0,0.0,10.0
105,75,0,744.0,47.818043,133.10951,0.0008819657,-5.6851233e-05,5.080667,89.3698,1.1,0.0,35.0,0.0,0.01,3000.0,0.1,0.0,2.6826126e-06,0.0,0.0,10.0
86,146,0,606.0,27.270584,171.88893,0.00095284346,-0.00023980971,6.940447,88.17793,1.1,0.0,35.0,0.0,0.01,3000.0,0.1,0.0,5.7209654e-06,0.0,0.0,10.0
119,132,0,336.0,32.625908,249.24908,-0.0026722956,-0.000956318,5.625225,125.548035,1.1,0.0,35.0,0.0,0.01,3000.0,0.1,0.0,4.5436036e-06,0.0,0.0,10.0
100,12,0,1270.0,27.124632,83.644844,-0.0024137083,-0.0023097582,6.764392,89.3698,0.7,5.0,25.0,0.0,0.1,3000.0,0.035,0.0,22246.469,0.0,0.0,30.0
103,7,0,1361.0,28.346247,230.12239,-0.0031142684,-0.0020993182,7.30041,89.3698,1.1,0.0,35.0,0.0,0.01,3000.0,0.1,0.0,5.3791505e-06,0.0,0.0,10.0
98,125,0,482.0,31.68366,151.87804,0.0009361593,0.00024253232,5.6617265,176.35587,1.1,0.0,35.0,0.0,0.01,3000.0,0.1,0.0,4.77148e-06,0.0,0.0,10.0
100,136,0,484.0,29.33968,141.89392,0.0030656694,-0.0005665557,6.1607623,251.09607,1.1,0.0,35.0,0.0,0.01,3000.0,0.1,0.0,5.189253e-06,0.0,0.0,10.0
113,14,0,1306.0,28.751167,104.361824,0.003986186,0.0014544296,5.0863504,368.19385,0.7,0.0,35.0,0.0,0.1,3000.0,0.035,0.0,5.303191e-06,0.0,0.0,30.0
85,10,0,1335.0,30.280685,291.65543,0.0008654204,0.003331657,5.0240717,319.25848,0.7,0.0,35.0,0.0,0.1,3000.0,0.035,0.0,4.9993555e-06,0.0,0.0,30.0
111,106,0,347.0,29.128447,203.67828,0.00343334,5.3875924e-06,6.6802387,178.7396,1.1,0.0,35.0,0.0,0.01,3000.0,0.1,0.0,5.265213e-06,0.0,0.0,10.0
94,119,0,805.0,32.577084,124.607765,-0.00134187,0.0019654166,5.627103,443.04425,1.1,0.0,35.0,0.0,0.01,3000.0,0.1,0.0,4.5815827e-06,0.0,0.0,10.0
101,106,0,502.0,33.151592,46.012894,-0.0021113742,-0.0006713262,6.5213943,279.2223,1.1,0.0,35.0,0.0,0.01,3000.0,0.1,0.0,4.4676453e-06,0.0,0.0,10.0
106,27,0,1179.0,26.763739,194.782,0.003197348,-6.624922e-05,5.8636947,543.4206,1.1,0.0,35.0,0.0,0.01,3000.0,0.1,0.0,5.796925e-06,0.0,0.0,10.0
113,121,0,255.0,31.822477,113.13541,0.00075362204,-0.00041868963,5.656312,125.548035,1.1,0.0,35.0,0.0,0.01,3000.0,0.1,0.0,4.657543e-06,0.0,0.0,10.0
68,0,0,1328.0,31.35961,189.51138,9.65018e-05,-0.0003211457,4.9812694,754.6555,1.0,0.0,35.0,0.0,0.1,3000.0,0.035,0.0,4.8474385e-06,0.0,0.0,0.0
93,147,0,671.0,31.808147,191.97424,0.008523805,0.0014715046,4.963723,368.19385,1.1,0.0,35.0,0.0,0.01,3000.0,0.1,0.0,4.6955215e-06,0.0,0.0,10.0
122,116,0,492.0,41.172028,163.65187,0.0023164242,0.0006229,4.620068,395.4155,1.1,0.0,35.0,0.0,0.01,3000.0,0.1,0.0,3.3662416e-06,0.0,0.0,10.0
101,109,0,604.0,31.168829,78.64649,-0.001325989,-1.8576593e-05,6.37507,536.5627,1.1,0.0,35.0,0.0,0.01,3000.0,0.1,0.0,4.8094603e-06,0.0,0.0,10.0
106,110,0,443.0,32.529064,61.30816,-0.0005774946,-0.0004516716,6.322098,376.6441,1.1,0.0,35.0,0.0,0.01,3000.0,0.1,0.0,4.5815827e-06,0.0,0.0,10.0
112,107,0,297.0,27.609697,197.4291,-0.0010880105,-0.0011582535,7.080126,197.70775,1.1,0.0,35.0,0.0,0.01,3000.0,0.1,0.0,5.607027e-06,0.0,0.0,10.0
86,7,0,1326.0,43.35808,309.08905,0.0023744258,-0.00014965993,5.2365394,251.09607,0.7,0.0,35.0,0.0,0.1,3000.0,0.035,0.0,3.1003858e-06,0.0,0.0,30.0
100,13,0,1284.0,32.66871,77.746666,0.0004143507,-0.00039767326,4.9304338,125.548035,0.7,5.0,25.0,0.0,0.1,3000.0,0.035,0.0,27825.13,0.0,0.0,30.0
0,28,0,1027.0,31.960926,193.4822,-0.0010755066,-9.656661e-05,7.665828,176.35587,1.1,0.0,35.0,0.0,0.01,3000.0,0.1,0.0,4.6955215e-06,2.7260747,49.832302,10.0
118,134,0,293.0,28.279959,282.16904,-0.00074076036,-0.0012127641,6.4922504,88.17793,1.1,0.0,35.0,0.0,0.01,3000.0,0.1,0.0,5.3791505e-06,0.0,0.0,10.0
10,33,0,968.0,31.67943,193.09981,0.00040759743,-0.00067652675,5.6618915,567.6047,1.1,0.0,35.0,0.0,0.01,3000.0,0.1,0.0,4.77148e-06,1.4733785,28.060232,10.0
97,88,0,820.0,38.065933,20.928244,0.00210234,0.0018509703,5.829103,502.19214,1.1,0.0,35.0,0.0,0.01,3000.0,0.1,0.0,3.7460363e-06,0.0,0.0,10.0
71,1,0,1382.0,32.753387,240.42209,0.0014335535,0.00035376102,5.6203303,765.33966,1.1,0.0,35.0,0.0,0.01,3000.0,0.1,0.0,4.5436036e-06,0.0,0.0,10.0
115,101,0,697.0,27.82767,274.92996,0.013469692,0.002015701,5.124976,352.71173,1.1,0.0,35.0,0.0,0.01,3000.0,0.1,0.0,5.4930883e-06,0.0,0.0,10.0
87,131,0,773.0,27.19257,101.45878,-0.001048367,0.0009832107,5.845181,125.548035,1.1,0.0,35.0,0.0,0.01,3000.0,0.1,0.0,5.645006e-06,0.0,0.0,10.0
100,16,0,1245.0,28.105299,176.39635,0.004818971,0.0009028916,5.1132774,251.09607,0.7,0.0,35.0,0.0,0.1,3000.0,0.035,0.0,5.4930897e-06,0.0,0.0,30.0
10,21,0,1064.0,33.695465,103.27366,-0.001029173,-0.0011449191,5.9899206,125.548035,0.7,0.0,35.0,0.0,0.1,3000.0,0.035,0.0,4.3157274e-06,0.9438718,30.496128,30.0
0,26,0,1129.0,28.058203,180.0,-0.0032885815,-2.2096405e-05,6.907016,352.71173,1.1,0.0,35.0,0.0,0.01,3000.0,0.1,0.0,5.5310684e-06,1.5212957,42.97765,10.0
110,103,0,404.0,34.279667,222.94136,0.0007149169,0.00066112954,5.562457,251.09607,1.1,0.0,35.0,0.0,0.01,3000.0,0.1,0.0,4.2777483e-06,0.0,0.0,10.0
99,98,0,671.0,37.86912,143.33295,-0.004894025,8.0826816e-05,6.123867,197.70775,1.1,0.0,35.0,0.0,0.01,3000.0,0.1,0.0,3.7840155e-06,0.0,0.0,10.0
77,120,0,842.0,17.180656,112.65225,-0.0005121013,-0.00026541454,5.659873,279.2223,1.1,0.0,35.0,0.0,0.01,3000.0,0.1,0.0,9.3669905e-06,0.0,0.0,10.0
89,89,0,884.0,6.278196,255.06601,0.0013581906,0.00018052684,6.693178,444.71283,1.1,0.0,35.0,0.0,0.01,3000.0,0.1,0.0,2.6267831e-05,0.0,0.0,10.0
73,9,0,1171.0,14.411676,193.85632,0.008453639,1.2354157e-05,5.844829,199.30678,1.1,0.0,35.0,0.0,0.01,3000.0,0.1,0.0,1.13799e-05,0.0,0.0,10.0
16,2,0,762.0,4.1724625,94.45792,0.0027062239,-0.00031584495,7.1039977,88.17793,1.1,0.0,35.0,0.0,0.01,3000.0,0.1,0.0,3.9560622e-05,2.2895126,0.0,10.0
9,88,0,789.0,4.7150254,195.74336,0.01505986,0.0013507927,6.981259,711.0621,1.1,0.0,35.0,0.0,0.01,3000.0,0.1,0.0,3.542087e-05,0.0,0.0,10.0
123,120,0,470.0,39.96171,288.54453,0.0010948046,0.00013323498,4.6628304,268.10938,1.1,0.0,35.0,0.0,0.01,3000.0,0.1,0.0,3.48018e-06,0.0,0.0,10.0
