row,col,label,elevation,slope,aspect,plan_curvature,profile_curvature,twi,dist_to_stream,soil_depth,cohesion,phi,k_factor,c_factor,r_factor,manning_n,rusle_soil_loss,factor_of_safety,avaflow_depth,avaflow_velocity,landcover
4,47,1,3.0,0.32055113,270.0,-0.0056651793,-0.0001877973,9.67558,198.84044,0.1,0.0,35.0,0.033835303,0.0,3000.0,0.05,0.0,0.0005151393,0.0,0.0,90.0
5,56,1,3.0,5.1627717,119.899536,0.0009738142,-0.0003045389,7.5868387,89.3698,0.1,0.0,35.0,0.033835303,0.0,3000.0,0.05,0.0,3.200272e-05,0.0,0.0,90.0
5,57,1,1.0,2.3334894,106.04033,-0.0021259305,-0.00051036396,9.076253,125.994446,1.4,0.0,35.0,0.033835303,0.3,3000.0,0.04,529.7219,7.0817674e-05,0.0,0.0,40.0
5,58,1,1.0,0.717646,63.29129,-0.025240047,-0.0003438441,10.479041,198.84044,1.4,0.0,35.0,0.033835303,0.3,3000.0,0.04,529.5023,0.00023040718,0.0,0.0,40.0
6,56,1,-5.0,1.1606436,146.47517,-0.025888337,-0.000889811,11.646862,0.0,0.1,0.0,35.0,0.033835303,0.0,3000.0,0.05,0.0,0.00014290263,0.0,0.0,90.0
6,57,1,-2.0,3.4781282,326.4752,-0.0017895158,-0.0006101384,9.369595,88.81239,1.1,0.0,35.0,0.033835303,0.01,3000.0,0.1,17.65846,4.7650243e-05,0.0,0.0,10.0
8,35,1,2.0,2.3459044,164.14903,-0.023953443,-0.0003048288,10.392696,0.0,1.4,0.0,35.0,0.033835303,0.3,3000.0,0.04,529.7219,7.0817674e-05,0.0,0.0,40.0
15,17,1,6.0,1.1578548,123.855705,0.0032444666,-0.00041160395,9.084319,125.994446,1.1,0.0,35.0,0.033835303,0.01,3000.0,0.1,17.65409,0.00014290263,0.0,0.0,10.0
16,16,1,4.0,1.6344658,101.37907,-0.0041847,-0.00038409166,10.348874,125.994446,0.7,0.0,35.0,0.033835303,0.1,3000.0,0.035,176.56007,0.00010108728,0.0,0.0,30.0
19,12,1,2.0,0.9615732,90.0,-0.018883929,-0.0004693169,10.186405,88.81239,0.7,0.0,35.0,0.033835303,0.1,3000.0,0.035,176.52766,0.000171767,0.0,0.0,30.0
21,10,1,10.0,1.4350668,243.2913,-0.0035336067,5.5987355e-05,8.1764555,199.58827,0.7,0.0,35.0,0.033835303,0.1,3000.0,0.035,176.55359,0.000115215626,0.0,0.0,30.0
34,110,1,21.0,9.528492,295.85034,0.0016077285,0.0002842179,6.274311,125.994446,0.1,0.0,35.0,0.033835303,0.0,3000.0,0.05,0.0,1.722873e-05,0.0,0.0,90.0
36,19,1,1.0,0.717646,116.708694,-0.018172836,-0.0001510979,11.865335,0.0,1.4,0.0,35.0,0.033835303,0.3,3000.0,0.04,529.5023,0.00023040718,0.0,0.0,40.0
36,106,1,7.0,3.222262,0.0,-0.011119673,-0.00041008578,8.059885,88.81239,0.7,0.0,35.0,0.033835303,0.1,3000.0,0.035,176.58281,5.1562114e-05,0.0,0.0,30.0
37,18,1,4.0,1.9609987,189.40437,-0.002199725,-0.00011425885,9.809942,125.994446,1.4,0.0,35.0,0.033835303,0.3,3000.0,0.04,529.7027,8.471815e-05,0.0,0.0,40.0
40,4,1,5.0,0.72034484,26.42193,-0.0024957396,-3.0033441e-05,8.8658495,281.0262,1.4,0.0,35.0,0.033835303,0.3,3000.0,0.04,529.5023,0.00023040718,0.0,0.0,40.0
44,47,1,5.0,2.0595274,321.51495,-0.016874531,-0.00036909615,9.424407,125.994446,1.1,0.0,35.0,0.033835303,0.01,3000.0,0.1,17.656952,8.046446e-05,0.0,0.0,10.0
45,20,1,5.0,0.32256293,0.0,-0.011119673,9.508095e-05,9.669323,125.994446,1.4,0.0,35.0,0.033835303,0.3,3000.0,0.04,529.11053,0.00051513925,0.0,0.0,40.0
55,15,1,13.0,1.6087947,216.698,0.012448575,0.00018463109,8.062128,178.7396,1.1,0.0,35.0,0.033835303,0.01,3000.0,0.1,17.655918,0.00010306223,0.0,0.0,10.0
59,7,1,2.0,3.579964,100.36812,0.00073327136,-0.00023192503,7.2612214,125.994446,1.4,0.0,35.0,0.033835303,0.3,3000.0,0.04,529.62274,0.0001429026,0.0,0.0,40.0
59,9,1,1.0,0.45474777,44.820763,-0.01785758,-0.00020373853,12.033918,0.0,1.4,0.0,35.0,0.033835303,0.3,3000.0,0.04,529.31805,0.00036432277,0.0,0.0,40.0
60,7,1,3.0,1.2820039,270.0,-0.0028325897,-0.0004691628,8.289286,198.84044,1.4,0.0,35.0,0.033835303,0.3,3000.0,0.04,529.6421,0.00012881226,0.0,0.0,40.0
60,12,1,2.0,1.4350668,296.7087,-0.011610422,-0.00014878777,11.009669,0.0,0.7,0.0,35.0,0.033835303,0.1,3000.0,0.035,176.55359,0.000115215626,0.0,0.0,30.0
60,13,1,4.0,1.0193024,18.327673,-0.004932086,-0.00010040061,8.518653,88.81239,1.4,0.0,35.0,0.033835303,0.3,3000.0,0.04,529.5951,0.00016295575,0.0,0.0,40.0
64,2,1,5.0,2.2567966,180.0,0.00079426233,6.324292e-05,7.723413,125.994446,1.4,0.0,35.0,0.033835303,0.3,3000.0,0.04,529.7181,7.359017e-05,0.0,0.0,40.0
64,3,1,2.0,0.6451054,180.0,-0.011119673,-0.000253513,10.362471,89.3698,1.4,0.0,35.0,0.033835303,0.3,3000.0,0.04,529.46484,0.00025760048,0.0,0.0,40.0
64,5,1,3.0,1.4350668,63.29129,0.002019204,-0.00023895424,8.869603,198.84044,1.4,0.0,35.0,0.033835303,0.3,3000.0,0.04,529.66077,0.000115215626,0.0,0.0,40.0
65,3,1,2.0,0.32256293,180.0,-0.0055598365,-0.00028524286,10.767935,178.7396,1.4,0.0,35.0,0.033835303,0.3,3000.0,0.04,529.11053,0.00051513925,0.0,0.0,40.0
65,4,1,3.0,0.45474777,224.82077,-0.001984176,4.743911e-05,9.325868,199.58827,1.4,0.0,35.0,0.033835303,0.3,3000.0,0.04,529.31805,0.00036432277,0.0,0.0,40.0
66,15,1,2.0,1.3219348,255.87918,-0.009688112,-0.00028018063,10.455828,198.84044,0.7,0.0,35.0,0.033835303,0.1,3000.0,0.035,176.54912,0.00012497634,0.0,0.0,30.0
67,21,1,5.0,1.2820039,270.0,0.0042488845,6.255503e-05,8.289286,89.3698,1.4,0.0,35.0,0.033835303,0.3,3000.0,0.04,529.6421,0.00012881226,0.0,0.0,40.0
68,10,1,3.0,0.6451054,180.0,-0.008339755,3.1689124e-05,8.976176,88.81239,1.4,0.0,35.0,0.033835303,0.3,3000.0,0.04,529.46484,0.00025760048,0.0,0.0,40.0
68,32,1,8.0,1.3292501,193.95215,0.0023822458,-5.602055e-05,8.253082,199.58827,1.4,0.0,35.0,0.033835303,0.3,3000.0,0.04,529.64734,0.00012497634,0.0,0.0,40.0
70,6,1,2.0,0.45474777,135.17923,-0.013889229,-0.00017342449,9.325868,282.43634,0.1,0.0,35.0,0.033835303,0.0,3000.0,0.05,0.0,0.00036432274,0.0,0.0,90.0
70,7,1,1.0,0.32256293,0.0,-0.011119673,-0.00015846823,11.055617,268.10938,1.4,0.0,35.0,0.033835303,0.3,3000.0,0.04,529.11053,0.00051513925,0.0,0.0,40.0
70,21,1,3.0,0.90943825,44.820763,-0.017857581,9.444747e-05,9.325868,282.43634,1.4,0.0,35.0,0.033835303,0.3,3000.0,0.04,529.56866,0.00018217333,0.0,0.0,40.0
71,5,1,2.0,1.4404621,206.42194,-0.0067384955,-0.0001774549,9.558996,251.98889,0.1,0.0,35.0,0.033835303,0.0,3000.0,0.05,0.0,0.000115215604,0.0,0.0,90.0
71,6,1,2.0,0.45474777,224.82077,-0.007936701,-0.00012677112,9.325868,199.58827,1.4,0.0,35.0,0.033835303,0.3,3000.0,0.04,529.31805,0.00036432277,0.0,0.0,40.0
71,7,1,1.0,0.45474777,315.17923,-0.009920877,-7.972612e-05,10.712162,178.7396,1.4,0.0,35.0,0.033835303,0.3,3000.0,0.04,529.31805,0.00036432277,0.0,0.0,40.0
71,21,1,3.0,0.72034484,333.57806,-0.013476992,-5.0830553e-05,9.558996,199.58827,1.4,0.0,35.0,0.033835303,0.3,3000.0,0.04,529.5023,0.00023040718,0.0,0.0,40.0
77,101,1,5.0,0.32256293,0.0,0.01667951,-6.33873e-05,9.669323,178.7396,1.4,0.0,35.0,0.033835303,0.3,3000.0,0.04,529.11053,0.00051513925,0.0,0.0,40.0
78,8,1,3.0,0.6451054,180.0,-0.008339755,-0.0,10.362471,198.84044,1.4,0.0,35.0,0.033835303,0.3,3000.0,0.04,529.46484,0.00025760048,0.0,0.0,40.0
79,8,1,3.0,0.717646,296.7087,0.0020192042,-0.00018372499,9.56275,251.98889,1.4,0.0,35.0,0.033835303,0.3,3000.0,0.04,529.5023,0.00023040718,0.0,0.0,40.0
80,7,1,3.0,0.6451054,0.0,-0.008339755,-0.00022182387,8.976176,282.43634,1.4,0.0,35.0,0.033835303,0.3,3000.0,0.04,529.46484,0.00025760048,0.0,0.0,40.0
80,25,1,6.0,1.9346625,180.0,0.0018532788,-0.00034805082,8.570711,89.3698,1.4,0.0,35.0,0.033835303,0.3,3000.0,0.04,529.70123,8.5857544e-05,0.0,0.0,40.0
80,99,1,6.0,2.1601243,153.57806,0.004825096,6.865717e-05,7.7672367,125.994446,1.4,0.0,35.0,0.033835303,0.3,3000.0,0.04,529.7136,7.681843e-05,0.0,0.0,40.0
81,26,1,5.0,0.0,0.0,0.0,0.0,14.893912,0.0,1.4,0.0,35.0,0.033835303,0.3,3000.0,0.04,0.0,999.0,0.0,0.0,40.0
82,8,1,4.0,0.45474777,44.820763,0.0019841779,-0.00023680393,9.325868,89.3698,1.4,0.0,35.0,0.033835303,0.3,3000.0,0.04,529.31805,0.00036432277,0.0,0.0,40.0
82,26,1,7.0,2.2427351,270.0,-0.0008093113,-0.00018737488,7.7296696,89.3698,1.4,0.0,35.0,0.033835303,0.3,3000.0,0.04,529.7181,7.359017e-05,0.0,0.0,40.0
82,36,1,5.0,0.32256293,180.0,-0.022239346,-6.33873e-05,9.669323,268.10938,1.4,0.0,35.0,0.033835303,0.3,3000.0,0.04,529.11053,0.00051513925,0.0,0.0,40.0
83,102,1,4.0,0.967607,0.0,-0.011119674,-0.00022177116,9.669323,268.10938,1.4,0.0,35.0,0.033835303,0.3,3000.0,0.04,529.583,0.000171767,0.0,0.0,40.0
88,25,1,6.0,0.45474777,44.820763,-0.02182593,-0.00042578197,9.325868,89.3698,1.4,0.0,35.0,0.033835303,0.3,3000.0,0.04,529.31805,0.00036432277,0.0,0.0,40.0
88,56,1,20.0,7.291345,113.32866,0.006428063,-5.952726e-05,6.5457697,177.62479,0.7,0.0,35.0,0.033835303,0.1,3000.0,0.035,176.59608,2.2583821e-05,0.0,0.0,30.0
89,2,1,7.0,1.6344658,258.62094,4.2700944e-05,-0.00015792476,8.739436,399.17654,1.4,0.0,35.0,0.033835303,0.3,3000.0,0.04,529.68024,0.00010108728,0.0,0.0,40.0
89,24,1,9.0,4.113746,218.48508,-0.0012053236,-0.00019664515,7.814969,88.81239,1.4,0.0,35.0,0.033835303,0.3,3000.0,0.04,529.764,4.028223e-05,0.0,0.0,40.0
89,25,1,5.0,1.735052,201.67809,0.0040690047,-0.00047046755,10.551483,0.0,0.1,0.0,35.0,0.033835303,0.0,3000.0,0.05,0.0,9.565622e-05,0.0,0.0,90.0
90,2,1,11.0,1.3640143,224.82077,0.008598095,0.00014064444,8.227256,480.85815,1.1,0.0,35.0,0.033835303,0.01,3000.0,0.1,17.655073,0.00012140628,0.0,0.0,10.0
90,25,1,8.0,2.9182148,186.30098,0.0044336533,-0.00035417048,7.466039,89.3698,0.1,0.0,35.0,0.033835303,0.0,3000.0,0.05,0.0,5.687923e-05,0.0,0.0,90.0
90,26,1,5.0,0.45474777,44.820763,-0.025794284,-0.00020689382,9.325868,89.3698,0.1,0.0,35.0,0.033835303,0.0,3000.0,0.05,0.0,0.00036432274,0.0,0.0,90.0
90,27,1,9.0,1.0193024,341.67233,0.011273339,-7.494215e-05,8.518653,125.994446,1.4,0.0,35.0,0.033835303,0.3,3000.0,0.04,529.5951,0.00016295575,0.0,0.0,40.0
91,25,1,6.0,2.766833,144.6317,0.001898501,-0.00040688177,7.5193954,88.81239,0.1,0.0,35.0,0.033835303,0.0,3000.0,0.05,0.0,5.991759e-05,0.0,0.0,90.0
91,51,1,10.0,2.578788,180.0,0.0027799187,3.159896e-05,7.5898814,89.3698,1.4,0.0,35.0,0.033835303,0.3,3000.0,0.04,529.7307,6.443715e-05,0.0,0.0,40.0
92,25,1,3.0,0.90943825,224.82077,-0.0406756,-0.00020527645,11.271778,0.0,0.1,0.0,35.0,0.033835303,0.0,3000.0,0.05,0.0,0.00018217333,0.0,0.0,90.0
92,26,1,4.0,2.056703,308.8348,-0.003598768,-0.0003740079,8.50949,88.81239,0.1,0.0,35.0,0.033835303,0.0,3000.0,0.05,0.0,8.046445e-05,0.0,0.0,90.0
95,4,1,4.0,1.6124059,180.0,-0.0066718045,-0.00012663008,8.753033,88.81239,1.4,0.0,35.0,0.033835303,0.3,3000.0,0.04,529.67755,0.0001030622,0.0,0.0,40.0
103,5,1,2.0,0.90943825,135.17923,-0.011905054,-0.00025150288,11.340771,0.0,1.4,0.0,35.0,0.033835303,0.3,3000.0,0.04,529.56866,0.00018217333,0.0,0.0,40.0
104,7,1,1.0,1.6059803,232.95789,-0.0035561856,-0.00015091957,9.855639,177.62479,0.1,0.0,35.0,0.033835303,0.0,3000.0,0.05,0.0,0.00010306219,0.0,0.0,90.0
104,8,1,1.0,0.6410822,270.0,-0.014162948,-0.00015647573,9.67558,125.994446,0.1,0.0,35.0,0.033835303,0.0,3000.0,0.05,0.0,0.0002576005,0.0,0.0,90.0
105,7,1,5.0,1.8715842,238.87787,0.0064543625,-5.352966e-05,9.009348,198.84044,0.1,0.0,35.0,0.033835303,0.0,3000.0,0.05,0.0,8.8402165e-05,0.0,0.0,90.0
105,8,1,3.0,1.0193024,198.32768,0.008983443,-0.0002559803,8.518653,125.994446,0.1,0.0,35.0,0.033835303,0.0,3000.0,0.05,0.0,0.00016295577,0.0,0.0,90.0
109,8,1,2.0,0.967607,180.0,-0.005559837,-0.00044354232,11.51515,0.0,0.1,0.0,35.0,0.033835303,0.0,3000.0,0.05,0.0,0.000171767,0.0,0.0,90.0
109,9,1,3.0,1.6124059,0.0,-0.0055598365,-0.00022160262,10.139327,88.81239,0.1,0.0,35.0,0.033835303,0.0,3000.0,0.05,0.0,0.00010306219,0.0,0.0,90.0
120,2,1,2.0,1.2900473,180.0,-0.0013899591,-0.000506737,9.381641,125.994446,1.4,0.0,35.0,0.033835303,0.3,3000.0,0.04,529.6421,0.00012881226,0.0,0.0,40.0
120,33,1,4.0,0.45474777,315.17923,-0.02381011,-0.00031141166,9.325868,198.84044,0.1,0.0,35.0,0.033835303,0.0,3000.0,0.05,0.0,0.00036432274,0.0,0.0,90.0
120,34,1,4.0,0.32055113,270.0,-0.0,-0.00025039638,9.67558,178.7396,0.1,0.0,35.0,0.033835303,0.0,3000.0,0.05,0.0,0.0005151393,0.0,0.0,90.0
120,44,1,3.0,0.90943825,224.82077,-0.015873404,-0.0001259546,11.964925,0.0,1.4,0.0,35.0,0.033835303,0.3,3000.0,0.04,529.56866,0.00018217333,0.0,0.0,40.0
121,2,1,2.0,0.967607,180.0,-0.005559837,-0.00028513436,10.362471,88.81239,1.4,0.0,35.0,0.033835303,0.3,3000.0,0.04,529.583,0.000171767,0.0,0.0,40.0
121,3,1,2.0,0.90943825,44.820763,-0.011905054,-0.00012634612,11.57716,0.0,1.4,0.0,35.0,0.033835303,0.3,3000.0,0.04,529.56866,0.00018217333,0.0,0.0,40.0
121,34,1,4.0,2.900487,263.62036,0.0018001341,-0.0005266031,7.472143,266.43716,0.1,0.0,35.0,0.033835303,0.0,3000.0,0.05,0.0,5.687923e-05,0.0,0.0,90.0
122,1,1,3.0,1.1606436,213.52483,-0.019684676,2.1999916e-05,9.998203,198.84044,1.4,0.0,35.0,0.033835303,0.3,3000.0,0.04,529.62274,0.0001429026,0.0,0.0,40.0
122,2,1,2.0,1.0142143,251.45724,-0.0126955705,-0.0002474053,10.6031,125.994446,0.1,0.0,35.0,0.033835303,0.0,3000.0,0.05,0.0,0.00016295577,0.0,0.0,90.0
122,3,1,2.0,1.4404621,333.57806,-0.013227418,-0.00013873632,9.271315,89.3698,1.4,0.0,35.0,0.033835303,0.3,3000.0,0.04,529.66077,0.000115215626,0.0,0.0,40.0
122,4,1,6.0,1.3292501,346.04788,-0.0022234297,0.00014695327,8.253082,89.3698,1.4,0.0,35.0,0.033835303,0.3,3000.0,0.04,529.64734,0.00012497634,0.0,0.0,40.0
123,1,1,7.0,1.3219348,255.87918,0.0027449648,0.00015760852,8.258603,251.98889,0.1,0.0,35.0,0.033835303,0.0,3000.0,0.05,0.0,0.00012497634,0.0,0.0,90.0
124,5,1,10.0,3.451294,291.9253,-0.00059699424,-0.00036928646,7.297917,282.43634,1.0,0.0,35.0,0.033835303,0.1,3000.0,0.035,176.58452,4.7840134e-05,0.0,0.0,0.0
47,56,0,8.0,0.32256293,180.0,-0.022239346,-0.0002535492,10.767935,366.31845,1.1,0.0,35.0,0.033835303,0.01,3000.0,0.1,17.637016,0.00051513937,0.0,0.0,10.0
34,49,0,12.0,0.32256293,0.0,-0.03335902,-0.0001267746,9.669323,251.98889,1.1,0.0,35.0,0.033835303,0.01,3000.0,0.1,17.637016,0.00051513937,0.0,0.0,10.0
46,75,0,10.0,0.0,0.0,0.0,0.0,11.397405,125.994446,1.7,0.0,35.0,0.033835303,0.01,3000.0,0.1,0.0,999.0,0.0,0.0,10.0
60,57,0,13.0,0.32256293,0.0,-0.027799184,3.169365e-05,10.767935,198.84044,1.1,0.0,35.0,0.033835303,0.01,3000.0,0.1,17.637016,0.00051513937,0.0,0.0,10.0
73,69,0,39.0,0.32256293,0.0,0.10007706,0.00047540473,9.669323,266.43716,1.1,0.0,35.0,0.033835303,0.01,3000.0,0.1,17.637016,0.00051513937,0.0,0.0,10.0
29,15,0,12.0,0.32256293,180.0,0.01667951,9.508095e-05,9.669323,125.994446,1.1,0.0,35.0,0.033835303,0.01,3000.0,0.1,17.637016,0.00051513937,0.0,0.0,10.0
64,28,0,8.0,0.32256293,180.0,0.027799184,0.0001267746,9.669323,199.58827,1.1,0.0,35.0,0.033835303,0.01,3000.0,0.1,17.637016,0.00051513937,0.0,0.0,10.0
45,76,0,8.0,0.32055113,90.0,-0.022660717,-0.00028169592,12.160486,0.0,1.1,0.0,35.0,0.033835303,0.01,3000.0,0.1,17.637016,0.00051513937,0.0,0.0,10.0
52,32,0,10.0,0.32055113,270.0,0.0056651793,6.2599094e-05,9.67558,366.31845,1.1,0.0,35.0,0.033835303,0.01,3000.0,0.1,17.637016,0.00051513937,0.0,0.0,10.0
87,31,0,4.0,0.32256293,180.0,-0.05003853,-0.00031693646,12.847377,0.0,1.4,0.0,35.0,0.033835303,0.3,3000.0,0.04,529.11053,0.00051513925,0.0,0.0,40.0
97,23,0,11.0,0.32055113,90.0,0.0056651793,-3.1299547e-05,9.67558,251.98889,1.1,0.0,35.0,0.033835303,0.01,3000.0,0.1,17.637016,0.00051513937,0.0,0.0,10.0
6,4,0,11.0,0.32055113,270.0,0.028325897,-0.0,9.67558,125.994446,1.1,0.0,35.0,0.033835303,0.01,3000.0,0.1,17.637016,0.00051513937,0.0,0.0,10.0
35,27,0,2.0,0.0,0.0,0.0,0.0,13.476847,281.0262,1.4,0.0,35.0,0.033835303,0.3,3000.0,0.04,0.0,999.0,0.0,0.0,40.0
14,41,0,4.0,0.32055113,270.0,-0.011330359,-6.25991e-05,9.67558,125.994446,0.1,0.0,35.0,0.033835303,0.0,3000.0,0.05,0.0,0.0005151393,0.0,0.0,90.0
57,104,0,10.0,0.0,0.0,0.0,0.0,11.397405,198.84044,1.7,0.0,35.0,0.033835303,0.01,3000.0,0.1,0.0,999.0,0.0,0.0,10.0
98,34,0,4.0,0.32055113,90.0,-0.05098661,-0.0008450878,12.811074,0.0,1.1,0.0,35.0,0.033835303,0.01,3000.0,0.1,17.637016,0.00051513937,0.0,0.0,10.0
24,64,0,24.0,0.32055113,90.0,-0.033991076,-6.2599094e-05,10.368727,251.98889,1.1,0.0,35.0,0.033835303,0.01,3000.0,0.1,17.637016,0.00051513937,0.0,0.0,10.0
56,48,0,11.0,0.32256293,180.0,-0.011119673,-0.0005070984,12.613762,0.0,1.1,0.0,35.0,0.033835303,0.01,3000.0,0.1,17.637016,0.00051513937,0.0,0.0,10.0
9,19,0,7.0,0.0,0.0,0.0,0.0,13.69999,125.994446,1.7,0.0,35.0,0.033835303,0.01,3000.0,0.1,0.0,999.0,0.0,0.0,10.0
37,8,0,9.0,0.32256293,180.0,-0.011119673,6.33873e-05,9.669323,368.3463,1.1,0.0,35.0,0.033835303,0.01,3000.0,0.1,17.637016,0.00051513937,0.0,0.0,10.0
21,78,0,19.0,0.32256293,180.0,0.005559836,-0.00044371106,9.669323,89.3698,1.1,0.0,35.0,0.033835303,0.01,3000.0,0.1,17.637016,0.00051513937,0.0,0.0,10.0
104,0,0,15.0,0.32055113,270.0,0.022660717,-0.00012519819,9.67558,366.31845,1.1,0.0,35.0,0.033835303,0.01,3000.0,0.1,17.637016,0.00051513937,0.0,0.0,10.0
83,44,0,8.0,0.32055113,270.0,-0.0,-3.1299547e-05,9.67558,89.3698,1.1,0.0,35.0,0.033835303,0.01,3000.0,0.1,17.637016,0.00051513937,0.0,0.0,10.0
98,24,0,11.0,0.32256293,180.0,-0.0,3.169365e-05,9.669323,281.0262,1.1,0.0,35.0,0.033835303,0.01,3000.0,0.1,17.637016,0.00051513937,0.0,0.0,10.0
35,54,0,16.0,0.0,0.0,0.0,0.0,11.397405,321.61032,1.7,0.0,35.0,0.033835303,0.01,3000.0,0.1,0.0,999.0,0.0,0.0,10.0
124,51,0,12.0,0.32256293,180.0,0.011119673,-0.0003803238,9.669323,357.4792,1.0,0.0,35.0,0.033835303,0.1,3000.0,0.035,176.37016,0.00051513925,0.0,0.0,0.0
36,59,0,14.0,0.32055113,270.0,0.011330359,-0.0,9.67558,368.3463,1.1,0.0,35.0,0.033835303,0.01,3000.0,0.1,17.637016,0.00051513937,0.0,0.0,10.0
21,27,0,12.0,0.32256293,180.0,0.044478692,-0.00028524286,9.669323,251.98889,1.1,0.0,35.0,0.033835303,0.01,3000.0,0.1,17.637016,0.00051513937,0.0,0.0,10.0
44,8,0,10.0,0.32055113,270.0,0.033991076,0.0003755946,9.67558,178.7396,1.1,0.0,35.0,0.033835303,0.01,3000.0,0.1,17.637016,0.00051513937,0.0,0.0,10.0
38,26,0,5.0,0.32055113,270.0,0.016995538,0.0001877973,9.67558,268.10938,1.4,0.0,35.0,0.033835303,0.3,3000.0,0.04,529.11053,0.00051513925,0.0,0.0,40.0
105,41,0,14.0,0.32256293,180.0,0.01667951,0.00022185553,9.669323,199.58827,1.1,0.0,35.0,0.033835303,0.01,3000.0,0.1,17.637016,0.00051513937,0.0,0.0,10.0
44,13,0,11.0,0.32256293,180.0,0.022239346,0.0002535492,9.669323,251.98889,0.3,0.0,35.0,0.033835303,0.05,3000.0,0.015,88.18508,0.00051513937,0.0,0.0,50.0
69,38,0,2.0,0.32256293,0.0,-0.05003853,-0.00022185553,12.30838,0.0,1.1,0.0,35.0,0.033835303,0.01,3000.0,0.1,17.637016,0.00051513937,0.0,0.0,10.0
56,46,0,13.0,0.0,0.0,0.0,0.0,11.397405,177.62479,1.7,0.0,35.0,0.033835303,0.01,3000.0,0.1,0.0,999.0,0.0,0.0,10.0
40,34,0,5.0,0.32055113,270.0,-0.045321435,-0.00028169595,12.160486,0.0,1.1,0.0,35.0,0.033835303,0.01,3000.0,0.1,17.637016,0.00051513937,0.0,0.0,10.0
97,19,0,9.0,0.32055113,90.0,-0.016995538,-6.2599094e-05,11.285018,251.98889,1.1,0.0,35.0,0.033835303,0.01,3000.0,0.1,17.637016,0.00051513937,0.0,0.0,10.0
88,96,0,17.0,0.0,0.0,0.0,0.0,11.397405,251.98889,1.7,0.0,35.0,0.033835303,0.01,3000.0,0.1,0.0,999.0,0.0,0.0,10.0
38,92,0,15.0,0.32055113,90.0,0.062316973,0.0001877973,9.67558,368.3463,1.1,0.0,35.0,0.033835303,0.01,3000.0,0.1,17.637016,0.00051513937,0.0,0.0,10.0
114,115,0,30.0,0.32256293,0.0,-0.10007706,-0.00031693646,11.748764,125.994446,1.1,0.0,35.0,0.033835303,0.01,3000.0,0.1,17.637016,0.00051513937,0.0,0.0,10.0
123,51,0,12.0,0.32055113,270.0,-0.056651793,-0.0,9.67558,268.10938,1.1,0.0,35.0,0.033835303,0.01,3000.0,0.1,17.637016,0.00051513937,0.0,0.0,10.0
54,48,0,13.0,0.0,0.0,0.0,0.0,11.397405,178.7396,1.7,0.0,35.0,0.033835303,0.01,3000.0,0.1,0.0,999.0,0.0,0.0,10.0
49,66,0,15.0,0.32055113,270.0,0.0056651793,0.00015649774,9.67558,366.31845,1.1,0.0,35.0,0.033835303,0.01,3000.0,0.1,17.637016,0.00051513937,0.0,0.0,10.0
7,70,0,26.0,0.0,0.0,0.0,0.0,11.397405,357.4792,1.7,0.0,35.0,0.033835303,0.01,3000.0,0.1,0.0,999.0,0.0,0.0,10.0
53,106,0,16.0,0.32055113,90.0,0.033991076,0.00015649776,9.67558,281.0262,1.1,0.0,35.0,0.033835303,0.01,3000.0,0.1,17.637016,0.00051513937,0.0,0.0,10.0
40,14,0,12.0,0.32256293,180.0,0.027799184,0.00015846823,9.669323,199.58827,1.1,0.0,35.0,0.033835303,0.01,3000.0,0.1,17.637016,0.00051513937,0.0,0.0,10.0
105,51,0,14.0,0.32256293,180.0,0.01667951,-0.0,9.669323,88.81239,1.1,0.0,35.0,0.033835303,0.01,3000.0,0.1,17.637016,0.00051513937,0.0,0.0,10.0
33,3,0,8.0,0.32256293,180.0,-0.0,-0.0001267746,9.669323,445.84766,1.1,0.0,35.0,0.033835303,0.01,3000.0,0.1,17.637016,0.00051513937,0.0,0.0,10.0
61,51,0,14.0,0.32256293,180.0,-0.0055598365,9.508095e-05,9.669323,281.0262,1.1,0.0,35.0,0.033835303,0.01,3000.0,0.1,17.637016,0.00051513937,0.0,0.0,10.0
35,23,0,3.0,0.0,0.0,0.0,0.0,13.006843,125.994446,1.4,0.0,35.0,0.033835303,0.3,3000.0,0.04,0.0,999.0,0.0,0.0,40.0
24,29,0,12.0,0.32256293,180.0,0.01667951,-0.0,9.669323,281.0262,1.1,0.0,35.0,0.033835303,0.01,3000.0,0.1,17.637016,0.00051513937,0.0,0.0,10.0
38,40,0,10.0,0.32256293,0.0,-0.011119673,-9.508095e-05,10.36247,251.98889,1.1,0.0,35.0,0.033835303,0.01,3000.0,0.1,17.637016,0.00051513937,0.0,0.0,10.0
95,41,0,11.0,0.32256293,180.0,-0.03335902,-0.0001267746,11.615233,536.21875,1.1,0.0,35.0,0.033835303,0.01,3000.0,0.1,17.637016,0.00051513937,0.0,0.0,10.0
124,49,0,14.0,0.32256293,180.0,-0.0,0.0001901619,9.669323,399.17654,1.0,0.0,35.0,0.033835303,0.1,3000.0,0.035,176.37016,0.00051513925,0.0,0.0,0.0
45,59,0,11.0,0.32055113,270.0,0.0056651793,9.389865e-05,9.67558,282.43634,1.1,0.0,35.0,0.033835303,0.01,3000.0,0.1,17.637016,0.00051513937,0.0,0.0,10.0
10,7,0,12.0,0.32256293,180.0,0.027799184,-0.0,9.669323,198.84044,0.3,0.0,35.0,0.033835303,0.05,3000.0,0.015,88.18508,0.00051513937,0.0,0.0,50.0
37,0,0,2.0,0.32055113,270.0,-0.0,-9.389865e-05,10.774192,199.58827,1.1,0.0,35.0,0.033835303,0.01,3000.0,0.1,17.637016,0.00051513937,0.0,0.0,10.0
54,84,0,11.0,0.0,0.0,0.0,0.0,14.341844,0.0,1.7,0.0,35.0,0.033835303,0.01,3000.0,0.1,0.0,999.0,0.0,0.0,10.0
43,111,0,17.0,0.32055113,270.0,0.011330359,0.00015649774,9.67558,321.61032,1.1,0.0,35.0,0.033835303,0.01,3000.0,0.1,17.637016,0.00051513937,0.0,0.0,10.0
72,13,0,5.0,0.0,0.0,0.0,0.0,11.397405,399.17654,0.7,0.0,35.0,0.033835303,0.1,3000.0,0.035,0.0,999.0,0.0,0.0,30.0
76,29,0,11.0,0.32055113,90.0,-0.0,6.2599094e-05,9.67558,366.31845,1.1,0.0,35.0,0.033835303,0.01,3000.0,0.1,17.637016,0.00051513937,0.0,0.0,10.0
71,45,0,5.0,0.0,0.0,0.0,0.0,11.397405,125.994446,0.1,0.0,35.0,0.033835303,0.0,3000.0,0.05,0.0,999.0,0.0,0.0,90.0
0,87,0,12.0,0.32256293,0.0,0.044478692,-9.508095e-05,9.669323,321.61032,1.1,0.0,35.0,0.033835303,0.01,3000.0,0.1,17.637016,0.00051513937,0.0,0.0,10.0
45,2,0,10.0,0.0,0.0,0.0,0.0,12.783699,455.58932,1.7,0.0,35.0,0.033835303,0.01,3000.0,0.1,0.0,999.0,0.0,0.0,10.0
97,31,0,13.0,0.32055113,270.0,0.033991076,9.389865e-05,9.67558,198.84044,1.1,0.0,35.0,0.033835303,0.01,3000.0,0.1,17.637016,0.00051513937,0.0,0.0,10.0
43,41,0,12.0,0.32055113,90.0,-0.011330359,-6.2599094e-05,9.67558,198.84044,0.3,0.0,35.0,0.033835303,0.05,3000.0,0.015,88.18508,0.00051513937,0.0,0.0,50.0
111,46,0,13.0,0.32055113,270.0,0.033991076,3.1299547e-05,9.67558,198.84044,1.1,0.0,35.0,0.033835303,0.01,3000.0,0.1,17.637016,0.00051513937,0.0,0.0,10.0
50,38,0,9.0,0.0,0.0,0.0,0.0,12.090552,282.43634,1.4,0.0,35.0,0.033835303,0.3,3000.0,0.04,0.0,999.0,0.0,0.0,40.0
41,122,0,16.0,0.32256293,0.0,-0.022239346,-9.508095e-05,10.36247,125.994446,1.1,0.0,35.0,0.033835303,0.01,3000.0,0.1,17.637016,0.00051513937,0.0,0.0,10.0
28,119,0,17.0,0.32055113,90.0,0.05098661,0.00021909685,9.67558,177.62479,1.1,0.0,35.0,0.033835303,0.01,3000.0,0.1,17.637016,0.00051513937,0.0,0.0,10.0
120,109,0,32.0,0.32256293,0.0,-0.061158206,-0.00041201743,12.377373,0.0,1.1,0.0,35.0,0.033835303,0.01,3000.0,0.1,17.637016,0.00051513937,0.0,0.0,10.0
9,16,0,12.0,0.32055113,270.0,0.028325897,9.389865e-05,9.67558,198.84044,1.1,0.0,35.0,0.033835303,0.01,3000.0,0.1,17.637016,0.00051513937,0.0,0.0,10.0
50,22,0,3.0,0.32256293,0.0,-0.01667951,-0.0002535492,9.669323,89.3698,1.4,0.0,35.0,0.033835303,0.3,3000.0,0.04,529.11053,0.00051513925,0.0,0.0,40.0
34,24,0,2.0,0.0,0.0,0.0,0.0,13.7953005,0.0,1.4,0.0,35.0,0.033835303,0.3,3000.0,0.04,0.0,999.0,0.0,0.0,40.0
9,0,0,11.0,0.0,0.0,0.0,0.0,11.397405,268.10938,1.7,0.0,35.0,0.033835303,0.01,3000.0,0.1,0.0,999.0,0.0,0.0,10.0
105,45,0,14.0,0.32256293,0.0,0.027799184,3.169365e-05,9.669323,199.58827,1.1,0.0,35.0,0.033835303,0.01,3000.0,0.1,17.637016,0.00051513937,0.0,0.0,10.0
53,78,0,11.0,0.32256293,0.0,-0.05003853,-0.0,9.669323,177.62479,1.1,0.0,35.0,0.033835303,0.01,3000.0,0.1,17.637016,0.00051513937,0.0,0.0,10.0
52,89,0,15.0,0.0,0.0,0.0,0.0,11.397405,199.58827,1.7,0.0,35.0,0.033835303,0.01,3000.0,0.1,0.0,999.0,0.0,0.0,10.0
54,21,0,13.0,0.32256293,180.0,0.03335902,0.00015846823,9.669323,282.43634,1.1,0.0,35.0,0.033835303,0.01,3000.0,0.1,17.637016,0.00051513937,0.0,0.0,10.0
46,14,0,6.0,0.32256293,180.0,-0.05003853,-9.508095e-05,11.615233,320.83734,1.1,0.0,35.0,0.033835303,0.01,3000.0,0.1,17.637016,0.00051513937,0.0,0.0,10.0
94,11,0,9.0,0.32055113,270.0,0.033991076,-0.0,9.67558,177.62479,1.1,0.0,35.0,0.033835303,0.01,3000.0,0.1,17.637016,0.00051513937,0.0,0.0,10.0
103,45,0,13.0,0.32055113,90.0,0.011330359,-3.1299547e-05,9.67558,368.3463,1.1,0.0,35.0,0.033835303,0.01,3000.0,0.1,17.637016,0.00051513937,0.0,0.0,10.0
25,76,0,22.0,0.32256293,180.0,-0.03335902,0.0002535492,9.669323,177.62479,1.1,0.0,35.0,0.033835303,0.01,3000.0,0.1,17.637016,0.00051513937,0.0,0.0,10.0
61,27,0,5.0,0.32055113,90.0,-0.03965625,-0.00025039638,11.4673395,125.994446,1.1,0.0,35.0,0.033835303,0.01,3000.0,0.1,17.637016,0.00051513937,0.0,0.0,10.0
8,64,0,13.0,0.0,0.0,0.0,0.0,11.397405,198.84044,1.7,0.0,35.0,0.033835303,0.01,3000.0,0.1,0.0,999.0,0.0,0.0,10.0
101,27,0,9.0,0.32055113,270.0,-0.016995538,-0.0001877973,11.4673395,125.994446,1.1,0.0,35.0,0.033835303,0.01,3000.0,0.1,17.637016,0.00051513937,0.0,0.0,10.0
110,123,0,23.0,0.32055113,270.0,-0.011330359,-3.1299547e-05,9.67558,125.994446,1.1,0.0,35.0,0.033835303,0.01,3000.0,0.1,17.637016,0.00051513937,0.0,0.0,10.0
58,39,0,11.0,0.0,0.0,0.0,0.0,11.397405,198.84044,1.7,0.0,35.0,0.033835303,0.01,3000.0,0.1,0.0,999.0,0.0,0.0,10.0
71,14,0,6.0,0.32055113,90.0,0.022660717,9.389865e-05,9.67558,377.98334,1.4,0.0,35.0,0.033835303,0.3,3000.0,0.04,529.11053,0.00051513925,0.0,0.0,40.0
60,39,0,10.0,0.0,0.0,0.0,0.0,12.496017,266.43716,0.3,0.0,35.0,0.033835303,0.05,3000.0,0.015,0.0,999.0,0.0,0.0,50.0
51,79,0,13.0,0.32256293,0.0,0.011119673,-0.0001267746,9.669323,199.58827,1.1,0.0,35.0,0.033835303,0.01,3000.0,0.1,17.637016,0.00051513937,0.0,0.0,10.0
59,45,0,11.0,0.32256293,180.0,-0.01667951,3.169365e-05,9.669323,88.81239,1.1,0.0,35.0,0.033835303,0.01,3000.0,0.1,17.637016,0.00051513937,0.0,0.0,10.0
62,26,0,10.0,0.0,0.0,0.0,0.0,11.397405,178.7396,1.7,0.0,35.0,0.033835303,0.01,3000.0,0.1,0.0,999.0,0.0,0.0,10.0
79,60,0,14.0,0.32055113,270.0,-0.05098661,-0.0007511892,12.38363,0.0,1.1,0.0,35.0,0.033835303,0.01,3000.0,0.1,17.637016,0.00051513937,0.0,0.0,10.0
71,87,0,6.0,0.32055113,270.0,-0.10763841,-0.00034429505,12.620019,0.0,1.4,0.0,35.0,0.033835303,0.3,3000.0,0.04,529.11053,0.00051513925,0.0,0.0,40.0
21,39,0,4.0,0.0,0.0,0.0,0.0,11.397405,357.4792,1.7,0.0,35.0,0.033835303,0.01,3000.0,0.1,0.0,999.0,0.0,0.0,10.0
74,105,0,5.0,0.32256293,0.0,-0.044478692,9.508095e-05,9.669323,88.81239,1.4,0.0,35.0,0.033835303,0.3,3000.0,0.04,529.11053,0.00051513925,0.0,0.0,40.0
23,19,0,12.0,0.32055113,90.0,0.016995538,0.00012519819,9.67558,266.43716,1.1,0.0,35.0,0.033835303,0.01,3000.0,0.1,17.637016,0.00051513937,0.0,0.0,10.0
70,27,0,5.0,0.32256293,0.0,0.011119673,-0.0002535492,9.669323,320.83734,1.4,0.0,35.0,0.033835303,0.3,3000.0,0.04,529.11053,0.00051513925,0.0,0.0,40.0
28,13,0,10.0,0.32256293,0.0,-0.027799184,-3.169365e-05,11.866548,320.83734,1.1,0.0,35.0,0.033835303,0.01,3000.0,0.1,17.637016,0.00051513937,0.0,0.0,10.0
94,102,0,16.0,0.32055113,90.0,0.0056651793,-0.00028169595,11.285018,88.81239,1.1,0.0,35.0,0.033835303,0.01,3000.0,0.1,17.637016,0.00051513937,0.0,0.0,10.0
53,43,0,10.0,0.32055113,270.0,-0.028325897,-0.00021909685,11.4673395,399.17654,1.1,0.0,35.0,0.033835303,0.01,3000.0,0.1,17.637016,0.00051513937,0.0,0.0,10.0
4,93,0,11.0,0.32256293,0.0,-0.022239346,0.0001901619,9.669323,89.3698,1.1,0.0,35.0,0.033835303,0.01,3000.0,0.1,17.637016,0.00051513937,0.0,0.0,10.0
39,13,0,10.0,0.32055113,270.0,0.0056651793,3.1299547e-05,9.67558,321.61032,1.1,0.0,35.0,0.033835303,0.01,3000.0,0.1,17.637016,0.00051513937,0.0,0.0,10.0
52,35,0,10.0,0.32055113,90.0,-0.016995538,0.00028169595,9.67558,199.58827,1.1,0.0,35.0,0.033835303,0.01,3000.0,0.1,17.637016,0.00051513937,0.0,0.0,10.0
105,43,0,12.0,0.32055113,270.0,-0.022660717,6.2599094e-05,9.67558,199.58827,1.1,0.0,35.0,0.033835303,0.01,3000.0,0.1,17.637016,0.00051513937,0.0,0.0,10.0
25,19,0,11.0,0.32055113,90.0,0.016995538,-6.2599094e-05,9.67558,320.83734,1.1,0.0,35.0,0.033835303,0.01,3000.0,0.1,17.637016,0.00051513937,0.0,0.0,10.0
86,68,0,15.0,0.32055113,90.0,-0.09064287,-0.0012832814,12.620019,0.0,1.1,0.0,35.0,0.033835303,0.01,3000.0,0.1,17.637016,0.00051513937,0.0,0.0,10.0
123,10,0,12.0,0.32055113,270.0,0.022660717,-0.0,9.67558,377.98334,1.1,0.0,35.0,0.033835303,0.01,3000.0,0.1,17.637016,0.00051513937,0.0,0.0,10.0
62,90,0,12.0,0.32055113,270.0,0.03965625,0.00028169592,9.67558,321.61032,1.1,0.0,35.0,0.033835303,0.01,3000.0,0.1,17.637016,0.00051513937,0.0,0.0,10.0
61,89,0,8.0,0.32055113,270.0,-0.028325897,-0.00028169592,10.774192,368.3463,1.1,0.0,35.0,0.033835303,0.01,3000.0,0.1,17.637016,0.00051513937,0.0,0.0,10.0
50,53,0,13.0,0.32256293,0.0,-0.06671804,-3.169365e-05,9.669323,198.84044,1.1,0.0,35.0,0.033835303,0.01,3000.0,0.1,17.637016,0.00051513937,0.0,0.0,10.0
32,99,0,20.0,0.0,0.0,0.0,0.0,11.397405,198.84044,1.7,0.0,35.0,0.033835303,0.01,3000.0,0.1,0.0,999.0,0.0,0.0,10.0
73,16,0,8.0,0.32256293,180.0,0.038918857,0.00031693646,9.669323,177.62479,1.1,0.0,35.0,0.033835303,0.01,3000.0,0.1,17.637016,0.00051513937,0.0,0.0,10.0
66,44,0,13.0,0.32055113,270.0,0.0056651793,6.2599094e-05,9.67558,357.4792,1.1,0.0,35.0,0.033835303,0.01,3000.0,0.1,17.637016,0.00051513937,0.0,0.0,10.0
36,58,0,11.0,0.0,0.0,0.0,0.0,12.783699,399.17654,1.7,0.0,35.0,0.033835303,0.01,3000.0,0.1,0.0,999.0,0.0,0.0,10.0
46,28,0,12.0,0.32256293,180.0,0.011119675,3.169365e-05,9.669323,281.0262,1.1,0.0,35.0,0.033835303,0.01,3000.0,0.1,17.637016,0.00051513937,0.0,0.0,10.0
9,4,0,10.0,0.32055113,90.0,-0.028325897,3.1299547e-05,9.67558,125.994446,1.1,0.0,35.0,0.033835303,0.01,3000.0,0.1,17.637016,0.00051513937,0.0,0.0,10.0
39,61,0,14.0,0.32055113,90.0,-0.0056651793,0.0001877973,9.67558,520.2526,1.1,0.0,35.0,0.033835303,0.01,3000.0,0.1,17.637016,0.00051513937,0.0,0.0,10.0
53,109,0,13.0,0.32055113,90.0,-0.022660717,-0.00012519819,11.872805,198.84044,1.1,0.0,35.0,0.033835303,0.01,3000.0,0.1,17.637016,0.00051513937,0.0,0.0,10.0
41,26,0,-1.0,0.32055113,270.0,-0.05098661,-0.0005633919,12.853634,0.0,1.4,0.0,35.0,0.033835303,0.3,3000.0,0.04,529.11053,0.00051513925,0.0,0.0,40.0
16,7,0,12.0,0.32055113,90.0,0.022660717,6.25991e-05,9.67558,199.58827,1.1,0.0,35.0,0.033835303,0.01,3000.0,0.1,17.637016,0.00051513937,0.0,0.0,10.0
31,27,0,2.0,0.32055113,90.0,-0.022660717,-0.00012519819,9.67558,125.994446,1.4,0.0,35.0,0.033835303,0.3,3000.0,0.04,529.11053,0.00051513925,0.0,0.0,40.0
21,40,0,3.0,0.0,0.0,0.0,0.0,12.496017,368.3463,0.7,0.0,35.0,0.033835303,0.1,3000.0,0.035,0.0,999.0,0.0,0.0,30.0
67,45,0,13.0,0.32055113,90.0,0.016995538,0.00021909685,9.67558,281.0262,1.1,0.0,35.0,0.033835303,0.01,3000.0,0.1,17.637016,0.00051513937,0.0,0.0,10.0
53,82,0,14.0,0.32055113,270.0,0.022660717,-6.2599094e-05,9.67558,177.62479,1.1,0.0,35.0,0.033835303,0.01,3000.0,0.1,17.637016,0.00051513937,0.0,0.0,10.0
22,35,0,9.0,0.0,0.0,0.0,0.0,11.397405,178.7396,1.7,0.0,35.0,0.033835303,0.01,3000.0,0.1,0.0,999.0,0.0,0.0,10.0
59,98,0,6.0,0.32256293,0.0,-0.061158206,6.33873e-05,11.748764,282.43634,1.4,0.0,35.0,0.033835303,0.3,3000.0,0.04,529.11053,0.00051513925,0.0,0.0,40.0
97,12,0,5.0,0.0,0.0,0.0,0.0,12.090552,251.98889,1.7,0.0,35.0,0.033835303,0.01,3000.0,0.1,0.0,999.0,0.0,0.0,10.0
41,21,0,3.0,0.0,0.0,0.0,0.0,12.496017,199.58827,1.4,0.0,35.0,0.033835303,0.3,3000.0,0.04,0.0,999.0,0.0,0.0,40.0
96,47,0,12.0,0.32256293,180.0,-0.027799184,6.33873e-05,9.669323,445.0673,1.1,0.0,35.0,0.033835303,0.01,3000.0,0.1,17.637016,0.00051513937,0.0,0.0,10.0
69,112,0,19.0,0.32055113,270.0,-0.096308045,-0.00025039638,11.061874,125.994446,1.1,0.0,35.0,0.033835303,0.01,3000.0,0.1,17.637016,0.00051513937,0.0,0.0,10.0
23,18,0,12.0,0.32256293,0.0,0.022239346,6.33873e-05,9.669323,251.98889,1.1,0.0,35.0,0.033835303,0.01,3000.0,0.1,17.637016,0.00051513937,0.0,0.0,10.0
90,96,0,18.0,0.32256293,180.0,0.027799184,0.00031693646,9.669323,268.10938,1.1,0.0,35.0,0.033835303,0.01,3000.0,0.1,17.637016,0.00051513937,0.0,0.0,10.0
24,89,0,13.0,0.32055113,90.0,-0.033991076,-0.0006885901,11.62149,125.994446,1.1,0.0,35.0,0.033835303,0.01,3000.0,0.1,17.637016,0.00051513937,0.0,0.0,10.0
16,103,0,16.0,0.32055113,90.0,-0.016995538,-0.0003129955,11.061874,88.81239,1.1,0.0,35.0,0.033835303,0.01,3000.0,0.1,17.637016,0.00051513937,0.0,0.0,10.0
67,44,0,13.0,0.32055113,90.0,0.016995538,0.00021909685,9.67558,268.10938,1.1,0.0,35.0,0.033835303,0.01,3000.0,0.1,17.637016,0.00051513937,0.0,0.0,10.0
94,119,0,11.0,0.32256293,180.0,-0.05003853,-0.0008874221,10.767935,125.994446,0.7,0.0,35.0,0.033835303,0.1,3000.0,0.035,176.37016,0.00051513925,0.0,0.0,30.0
83,43,0,8.0,0.32055113,90.0,0.0056651793,3.1299547e-05,9.67558,125.994446,1.1,0.0,35.0,0.033835303,0.01,3000.0,0.1,17.637016,0.00051513937,0.0,0.0,10.0
25,23,0,14.0,0.0,0.0,0.0,0.0,11.397405,199.58827,1.7,0.0,35.0,0.033835303,0.01,3000.0,0.1,0.0,999.0,0.0,0.0,10.0
75,18,0,4.0,0.32256293,0.0,-0.011119673,-0.00015846823,10.36247,125.994446,1.1,0.0,35.0,0.033835303,0.01,3000.0,0.1,17.637016,0.00051513937,0.0,0.0,10.0
26,25,0,12.0,0.32055113,90.0,0.022660717,0.00015649774,9.67558,268.10938,1.1,0.0,35.0,0.033835303,0.01,3000.0,0.1,17.637016,0.00051513937,0.0,0.0,10.0
43,59,0,8.0,0.32055113,270.0,-0.0,-0.0001877973,11.62149,366.31845,1.1,0.0,35.0,0.033835303,0.01,3000.0,0.1,17.637016,0.00051513937,0.0,0.0,10.0
110,30,0,4.0,0.0,0.0,0.0,0.0,11.397405,88.81239,1.4,0.0,35.0,0.033835303,0.3,3000.0,0.04,0.0,999.0,0.0,0.0,40.0
47,70,0,16.0,0.32055113,90.0,0.011330359,0.00015649774,9.67558,268.10938,1.1,0.0,35.0,0.033835303,0.01,3000.0,0.1,17.637016,0.00051513937,0.0,0.0,10.0
101,24,0,11.0,0.32055113,90.0,0.0056651793,-6.2599094e-05,9.67558,320.83734,1.1,0.0,35.0,0.033835303,0.01,3000.0,0.1,17.637016,0.00051513937,0.0,0.0,10.0
37,24,0,4.0,0.32256293,180.0,-0.0055598365,6.33873e-05,9.669323,251.98889,1.4,0.0,35.0,0.033835303,0.3,3000.0,0.04,529.11053,0.00051513925,0.0,0.0,40.0
49,67,0,15.0,0.0,0.0,0.0,0.0,11.397405,281.0262,1.7,0.0,35.0,0.033835303,0.01,3000.0,0.1,0.0,999.0,0.0,0.0,10.0
88,38,0,10.0,0.32256293,0.0,-0.01667951,0.00015846823,9.669323,281.0262,1.1,0.0,35.0,0.033835303,0.01,3000.0,0.1,17.637016,0.00051513937,0.0,0.0,10.0
81,2,0,9.0,0.32256293,0.0,-0.0,0.0001267746,9.669323,399.17654,1.1,0.0,35.0,0.033835303,0.01,3000.0,0.1,17.637016,0.00051513937,0.0,0.0,10.0
90,12,0,9.0,0.32055113,270.0,0.016995538,-9.389865e-05,9.67558,320.83734,1.1,0.0,35.0,0.033835303,0.01,3000.0,0.1,17.637016,0.00051513937,0.0,0.0,10.0
39,12,0,10.0,0.32055113,270.0,-0.0,-0.0,10.368727,377.98334,1.1,0.0,35.0,0.033835303,0.01,3000.0,0.1,17.637016,0.00051513937,0.0,0.0,10.0
64,26,0,7.0,0.32055113,90.0,-0.022660717,3.1299543e-05,9.67558,199.58827,1.1,0.0,35.0,0.033835303,0.01,3000.0,0.1,17.637016,0.00051513937,0.0,0.0,10.0
38,59,0,14.0,0.0,0.0,0.0,0.0,11.397405,503.97778,1.7,0.0,35.0,0.033835303,0.01,3000.0,0.1,0.0,999.0,0.0,0.0,10.0
46,59,0,12.0,0.32256293,0.0,0.038918857,0.0002535492,9.669323,199.58827,1.1,0.0,35.0,0.033835303,0.01,3000.0,0.1,17.637016,0.00051513937,0.0,0.0,10.0
111,26,0,5.0,0.0,0.0,0.0,0.0,11.397405,251.98889,0.7,0.0,35.0,0.033835303,0.1,3000.0,0.035,0.0,999.0,0.0,0.0,30.0
38,10,0,10.0,0.32055113,270.0,0.011330359,3.1299547e-05,9.67558,377.98334,1.1,0.0,35.0,0.033835303,0.01,3000.0,0.1,17.637016,0.00051513937,0.0,0.0,10.0
105,37,0,15.0,0.32055113,90.0,0.05098661,9.389865e-05,9.67558,199.58827,1.1,0.0,35.0,0.033835303,0.01,3000.0,0.1,17.637016,0.00051513937,0.0,0.0,10.0
65,47,0,15.0,0.0,0.0,0.0,0.0,11.397405,178.7396,0.3,0.0,35.0,0.033835303,0.05,3000.0,0.015,0.0,999.0,0.0,0.0,50.0
107,46,0,9.0,0.32256293,0.0,-0.055598367,-0.0002535492,12.234272,0.0,1.1,0.0,35.0,0.033835303,0.01,3000.0,0.1,17.637016,0.00051513937,0.0,0.0,10.0
52,40,0,12.0,0.0,0.0,0.0,0.0,11.397405,251.98889,1.7,0.0,35.0,0.033835303,0.01,3000.0,0.1,0.0,999.0,0.0,0.0,10.0
93,63,0,35.0,0.32256293,180.0,0.14455576,0.00079234125,9.669323,198.84044,1.1,0.0,35.0,0.033835303,0.01,3000.0,0.1,17.637016,0.00051513937,0.0,0.0,10.0
18,26,0,8.0,0.32055113,270.0,-0.022660717,-0.0003129955,10.368727,251.98889,0.3,0.0,35.0,0.033835303,0.05,3000.0,0.015,88.18508,0.00051513937,0.0,0.0,50.0
19,30,0,25.0,0.32055113,90.0,0.18128574,0.00065729057,9.67558,251.98889,1.1,0.0,35.0,0.033835303,0.01,3000.0,0.1,17.637016,0.00051513937,0.0,0.0,10.0
4,0,0,14.0,0.32055113,90.0,-0.0,0.00028169592,9.67558,199.58827,0.3,0.0,35.0,0.033835303,0.05,3000.0,0.015,88.18508,0.00051513937,0.0,0.0,50.0
31,17,0,11.0,0.32055113,270.0,0.0056651793,-0.0,9.67558,125.994446,1.1,0.0,35.0,0.033835303,0.01,3000.0,0.1,17.637016,0.00051513937,0.0,0.0,10.0
34,53,0,17.0,0.32055113,90.0,0.045321435,0.0003129955,9.67558,368.3463,1.1,0.0,35.0,0.033835303,0.01,3000.0,0.1,17.637016,0.00051513937,0.0,0.0,10.0
102,45,0,14.0,0.32256293,180.0,0.0055598365,9.508095e-05,9.669323,455.58932,1.1,0.0,35.0,0.033835303,0.01,3000.0,0.1,17.637016,0.00051513937,0.0,0.0,10.0
45,56,0,8.0,0.32256293,0.0,0.0055598365,-0.0001267746,9.669323,282.43634,1.1,0.0,35.0,0.033835303,0.01,3000.0,0.1,17.637016,0.00051513937,0.0,0.0,10.0
114,47,0,9.0,0.32256293,0.0,-0.022239346,-3.169365e-05,10.767935,199.58827,1.1,0.0,35.0,0.033835303,0.01,3000.0,0.1,17.637016,0.00051513937,0.0,0.0,10.0
102,44,0,14.0,0.32256293,0.0,0.0055598365,-6.33873e-05,9.669323,480.85815,1.1,0.0,35.0,0.033835303,0.01,3000.0,0.1,17.637016,0.00051513937,0.0,0.0,10.0
77,33,0,8.0,0.32055113,90.0,-0.016995538,-0.0001877973,12.160486,0.0,1.1,0.0,35.0,0.033835303,0.01,3000.0,0.1,17.637016,0.00051513937,0.0,0.0,10.0
50,20,0,5.0,0.32055113,270.0,0.016995538,-6.25991e-05,9.67558,198.84044,1.1,0.0,35.0,0.033835303,0.01,3000.0,0.1,17.637016,0.00051513937,0.0,0.0,10.0
63,25,0,8.0,0.32055113,270.0,-0.0,3.1299554e-05,9.67558,282.43634,1.1,0.0,35.0,0.033835303,0.01,3000.0,0.1,17.637016,0.00051513937,0.0,0.0,10.0
13,9,0,12.0,0.32055113,270.0,0.016995538,0.00021909685,9.67558,178.7396,1.1,0.0,35.0,0.033835303,0.01,3000.0,0.1,17.637016,0.00051513937,0.0,0.0,10.0
111,30,0,4.0,0.32256293,0.0,-0.011119673,-0.0002535492,9.669323,125.994446,1.4,0.0,35.0,0.033835303,0.3,3000.0,0.04,529.11053,0.00051513925,0.0,0.0,40.0
90,34,0,14.0,0.32055113,270.0,0.033991076,0.00012519819,9.67558,281.0262,1.1,0.0,35.0,0.033835303,0.01,3000.0,0.1,17.637016,0.00051513937,0.0,0.0,10.0
19,122,0,12.0,0.32256293,0.0,-0.12231641,6.33873e-05,9.669323,88.81239,1.1,0.0,35.0,0.033835303,0.01,3000.0,0.1,17.637016,0.00051513937,0.0,0.0,10.0
76,27,0,11.0,0.0,0.0,0.0,0.0,11.397405,251.98889,1.7,0.0,35.0,0.033835303,0.01,3000.0,0.1,0.0,999.0,0.0,0.0,10.0
34,39,0,10.0,0.32055113,270.0,-0.016995538,-6.25991e-05,11.755021,320.83734,1.1,0.0,35.0,0.033835303,0.01,3000.0,0.1,17.637016,0.00051513937,0.0,0.0,10.0
89,63,0,10.0,0.0,0.0,0.0,0.0,13.006843,177.62479,1.7,0.0,35.0,0.033835303,0.01,3000.0,0.1,0.0,999.0,0.0,0.0,10.0
55,108,0,12.0,0.32055113,90.0,-0.0,-9.389865e-05,10.774192,281.0262,1.1,0.0,35.0,0.033835303,0.01,3000.0,0.1,17.637016,0.00051513937,0.0,0.0,10.0
75,4,0,10.0,0.0,0.0,0.0,0.0,11.397405,320.83734,1.7,0.0,35.0,0.033835303,0.01,3000.0,0.1,0.0,999.0,0.0,0.0,10.0
75,70,0,25.0,0.32055113,90.0,-0.19261609,-0.0003129955,11.978165,251.98889,1.1,0.0,35.0,0.033835303,0.01,3000.0,0.1,17.637016,0.00051513937,0.0,0.0,10.0
72,29,0,13.0,0.32055113,270.0,0.062316973,0.00015649774,9.67558,397.68088,1.1,0.0,35.0,0.033835303,0.01,3000.0,0.1,17.637016,0.00051513937,0.0,0.0,10.0
5,6,0,12.0,0.32256293,180.0,0.022239346,0.00015846823,9.669323,199.58827,1.1,0.0,35.0,0.033835303,0.01,3000.0,0.1,17.637016,0.00051513937,0.0,0.0,10.0
74,27,0,9.0,0.0,0.0,0.0,0.0,11.397405,399.17654,1.7,0.0,35.0,0.033835303,0.01,3000.0,0.1,0.0,999.0,0.0,0.0,10.0
46,72,0,17.0,0.32055113,270.0,0.056651793,0.00025039638,9.67558,251.98889,1.1,0.0,35.0,0.033835303,0.01,3000.0,0.1,17.637016,0.00051513937,0.0,0.0,10.0
8,7,0,10.0,0.32256293,0.0,-0.011119673,-9.508095e-05,11.055617,198.84044,1.1,0.0,35.0,0.033835303,0.01,3000.0,0.1,17.637016,0.00051513937,0.0,0.0,10.0
43,56,0,7.0,0.45474777,315.17923,-0.02777846,-3.0715546e-05,9.325868,125.994446,1.1,0.0,35.0,0.033835303,0.01,3000.0,0.1,17.643934,0.0003643228,0.0,0.0,10.0
56,109,0,13.0,0.45474777,315.17923,-0.023810107,-1.1896961e-06,9.325868,199.58827,1.1,0.0,35.0,0.033835303,0.01,3000.0,0.1,17.643934,0.0003643228,0.0,0.0,10.0
71,46,0,5.0,0.45474777,44.820763,-0.0019841755,-1.5945225e-05,9.325868,198.84044,0.7,0.0,35.0,0.033835303,0.1,3000.0,0.035,176.43935,0.00036432277,0.0,0.0,30.0
3,27,0,11.0,0.45474777,224.82077,0.013889229,-1.47579985e-05,9.325868,251.98889,1.1,0.0,35.0,0.033835303,0.01,3000.0,0.1,17.643934,0.0003643228,0.0,0.0,10.0
63,39,0,11.0,0.45474777,224.82077,0.029762635,-1.6329472e-05,9.325868,377.98334,1.1,0.0,35.0,0.033835303,0.01,3000.0,0.1,17.643934,0.0003643228,0.0,0.0,10.0
17,81,0,28.0,0.45474777,315.17923,0.039683513,-0.0004440721,9.325868,366.31845,1.1,0.0,35.0,0.033835303,0.01,3000.0,0.1,17.643934,0.0003643228,0.0,0.0,10.0
56,108,0,12.0,0.45474777,315.17923,-0.0019841753,-7.775315e-05,9.325868,251.98889,1.1,0.0,35.0,0.033835303,0.01,3000.0,0.1,17.643934,0.0003643228,0.0,0.0,10.0
75,37,0,14.0,0.45474777,224.82077,0.01785758,0.00020373853,9.325868,357.4792,1.1,0.0,35.0,0.033835303,0.01,3000.0,0.1,17.643934,0.0003643228,0.0,0.0,10.0
11,12,0,7.0,0.45474777,315.17923,-0.03174681,-0.00025118256,11.271778,266.43716,1.1,0.0,35.0,0.033835303,0.01,3000.0,0.1,17.643934,0.0003643228,0.0,0.0,10.0
45,91,0,14.0,0.45474777,135.17923,0.035715163,3.3082597e-05,9.325868,198.84044,1.1,0.0,35.0,0.033835303,0.01,3000.0,0.1,17.643934,0.0003643228,0.0,0.0,10.0
120,40,0,11.0,0.45474777,224.82077,0.029762635,-7.77433e-05,9.325868,281.0262,1.1,0.0,35.0,0.033835303,0.01,3000.0,0.1,17.643934,0.0003643228,0.0,0.0,10.0
110,45,0,11.0,0.45474777,315.17923,0.009920878,0.00014113994,9.325868,251.98889,1.1,0.0,35.0,0.033835303,0.01,3000.0,0.1,17.643934,0.0003643228,0.0,0.0,10.0
23,38,0,5.0,0.45474777,224.82077,-0.01388923,7.774821e-05,9.325868,199.58827,1.4,0.0,35.0,0.033835303,0.3,3000.0,0.04,529.31805,0.00036432277,0.0,0.0,40.0
73,30,0,10.0,0.45474777,315.17923,0.017857581,-0.00023719308,9.325868,377.98334,1.1,0.0,35.0,0.033835303,0.01,3000.0,0.1,17.643934,0.0003643228,0.0,0.0,10.0
37,36,0,6.0,0.45474777,44.820763,-0.025794284,-1.6740818e-05,9.325868,125.994446,1.1,0.0,35.0,0.033835303,0.01,3000.0,0.1,17.643934,0.0003643228,0.0,0.0,10.0
100,11,0,4.0,0.45474777,44.820763,-0.011905055,-9.3700844e-05,10.42448,321.61032,1.4,0.0,35.0,0.033835303,0.3,3000.0,0.04,529.31805,0.00036432277,0.0,0.0,40.0
58,44,0,12.0,0.45474777,44.820763,-0.013889231,0.00020609329,9.325868,198.84044,0.3,0.0,35.0,0.033835303,0.05,3000.0,0.015,88.21967,0.0003643227,0.0,0.0,50.0
113,88,0,43.0,0.45474777,44.820763,0.067461975,0.0008492068,9.325868,198.84044,1.1,0.0,35.0,0.033835303,0.01,3000.0,0.1,17.643934,0.0003643228,0.0,0.0,10.0
1,19,0,25.0,0.45474777,44.820763,0.0039683487,0.00078501453,9.325868,357.4792,1.1,0.0,35.0,0.033835303,0.01,3000.0,0.1,17.643934,0.0003643228,0.0,0.0,10.0
37,73,0,11.0,0.45474777,315.17923,-0.005952527,-0.000110037705,10.42448,445.0673,1.1,0.0,35.0,0.033835303,0.01,3000.0,0.1,17.643934,0.0003643228,0.0,0.0,10.0
22,65,0,25.0,0.45474777,315.17923,0.057541095,0.0002683175,9.325868,199.58827,0.3,0.0,35.0,0.033835303,0.05,3000.0,0.015,88.21967,0.0003643227,0.0,0.0,50.0
69,47,0,7.0,0.45474777,44.820763,-0.02381011,0.00018975149,9.325868,125.994446,1.1,0.0,35.0,0.033835303,0.01,3000.0,0.1,17.643934,0.0003643228,0.0,0.0,10.0
15,80,0,29.0,0.45474777,224.82077,0.005952527,-1.4760462e-05,9.325868,320.83734,1.1,0.0,35.0,0.033835303,0.01,3000.0,0.1,17.643934,0.0003643228,0.0,0.0,10.0
64,34,0,4.0,0.45474777,44.820763,-0.02182593,-0.0002372054,10.935306,199.58827,1.4,0.0,35.0,0.033835303,0.3,3000.0,0.04,529.31805,0.00036432277,0.0,0.0,40.0
72,1,0,9.0,0.45474777,224.82077,0.033730987,0.00026752191,9.325868,540.3166,1.1,0.0,35.0,0.033835303,0.01,3000.0,0.1,17.643934,0.0003643228,0.0,0.0,10.0
76,80,0,41.0,0.45474777,44.820763,-0.057541095,0.00029898866,9.325868,281.0262,1.1,0.0,35.0,0.033835303,0.01,3000.0,0.1,17.643934,0.0003643228,0.0,0.0,10.0
27,28,0,8.0,0.45474777,44.820763,-0.0019841744,-0.00014310799,9.325868,268.10938,0.3,0.0,35.0,0.033835303,0.05,3000.0,0.015,88.21967,0.0003643227,0.0,0.0,50.0
67,90,0,5.0,0.45474777,44.820763,-0.071430326,-0.0002504067,9.325868,125.994446,1.1,0.0,35.0,0.033835303,0.01,3000.0,0.1,17.643934,0.0003643228,0.0,0.0,10.0
13,6,0,11.0,0.45474777,224.82077,-0.017857583,0.00017262643,9.325868,320.83734,1.1,0.0,35.0,0.033835303,0.01,3000.0,0.1,17.643934,0.0003643228,0.0,0.0,10.0
61,44,0,13.0,0.45474777,315.17923,0.015873404,-6.377349e-05,9.325868,251.98889,1.1,0.0,35.0,0.033835303,0.01,3000.0,0.1,17.643934,0.0003643228,0.0,0.0,10.0
14,8,0,12.0,0.45474777,224.82077,0.023810107,-3.8671118e-07,9.325868,282.43634,1.1,0.0,35.0,0.033835303,0.01,3000.0,0.1,17.643934,0.0003643228,0.0,0.0,10.0
92,9,0,4.0,0.45474777,135.17923,-0.01785758,-0.0003316895,12.098456,0.0,1.1,0.0,35.0,0.033835303,0.01,3000.0,0.1,17.643934,0.0003643228,0.0,0.0,10.0
101,21,0,9.0,0.45474777,135.17923,0.019841757,-3.267125e-05,9.325868,178.7396,1.1,0.0,35.0,0.033835303,0.01,3000.0,0.1,17.643934,0.0003643228,0.0,0.0,10.0
31,45,0,14.0,0.45474777,315.17923,0.02381011,7.3977136e-09,9.325868,198.84044,1.1,0.0,35.0,0.033835303,0.01,3000.0,0.1,17.643934,0.0003643228,0.0,0.0,10.0
36,12,0,8.0,0.45474777,44.820763,-0.01388923,-0.00017263631,11.117627,598.76483,1.1,0.0,35.0,0.033835303,0.01,3000.0,0.1,17.643934,0.0003643228,0.0,0.0,10.0
84,43,0,8.0,0.45474777,44.820763,-0.0059525277,7.9327096e-05,9.325868,88.81239,1.1,0.0,35.0,0.033835303,0.01,3000.0,0.1,17.643934,0.0003643228,0.0,0.0,10.0
62,38,0,8.0,0.45474777,315.17923,-0.037699338,-0.000110047564,10.712162,251.98889,1.1,0.0,35.0,0.033835303,0.01,3000.0,0.1,17.643934,0.0003643228,0.0,0.0,10.0
59,105,0,6.0,0.45474777,44.820763,-0.037699338,1.5932907e-05,10.019015,125.994446,1.4,0.0,35.0,0.033835303,0.3,3000.0,0.04,529.31805,0.00036432277,0.0,0.0,40.0
50,44,0,14.0,0.45474777,315.17923,0.019841755,0.00015826993,9.325868,281.0262,1.1,0.0,35.0,0.033835303,0.01,3000.0,0.1,17.643934,0.0003643228,0.0,0.0,10.0
27,48,0,20.0,0.45474777,224.82077,0.1051613,0.00013998724,9.325868,268.10938,1.1,0.0,35.0,0.033835303,0.01,3000.0,0.1,17.643934,0.0003643228,0.0,0.0,10.0
33,28,0,3.0,0.45474777,315.17923,-0.017857583,0.00011003032,9.325868,251.98889,1.4,0.0,35.0,0.033835303,0.3,3000.0,0.04,529.31805,0.00036432277,0.0,0.0,40.0
80,15,0,14.0,0.45474777,315.17923,0.007936702,-0.00018739185,10.42448,251.98889,1.1,0.0,35.0,0.033835303,0.01,3000.0,0.1,17.643934,0.0003643228,0.0,0.0,10.0
24,32,0,10.0,0.45474777,44.820763,0.0039683515,-3.3070297e-05,9.325868,89.3698,1.1,0.0,35.0,0.033835303,0.01,3000.0,0.1,17.643934,0.0003643228,0.0,0.0,10.0
98,100,0,19.0,0.45474777,135.17923,-0.059525266,-0.00015946456,10.935306,89.3698,1.1,0.0,35.0,0.033835303,0.01,3000.0,0.1,17.643934,0.0003643228,0.0,0.0,10.0
26,41,0,6.0,0.45474777,135.17923,-0.031746812,2.3547498e-06,9.325868,177.62479,1.1,0.0,35.0,0.033835303,0.01,3000.0,0.1,17.643934,0.0003643228,0.0,0.0,10.0
96,46,0,10.0,0.45474777,224.82077,0.0039683515,-3.2282085e-05,9.325868,503.97778,1.1,0.0,35.0,0.033835303,0.01,3000.0,0.1,17.643934,0.0003643228,0.0,0.0,10.0
49,41,0,10.0,0.45474777,135.17923,0.003968351,-0.00015826256,10.42448,397.68088,0.3,0.0,35.0,0.033835303,0.05,3000.0,0.015,88.21967,0.0003643227,0.0,0.0,50.0
48,74,0,12.0,0.45474777,315.17923,0.02381011,6.220942e-05,9.325868,321.61032,1.1,0.0,35.0,0.033835303,0.01,3000.0,0.1,17.643934,0.0003643228,0.0,0.0,10.0
89,96,0,17.0,0.45474777,224.82077,0.0039683515,-3.1493884e-05,9.325868,320.83734,0.3,0.0,35.0,0.033835303,0.05,3000.0,0.015,88.21967,0.0003643227,0.0,0.0,50.0
66,100,0,18.0,0.45474777,224.82077,0.021825934,0.00055136834,9.325868,178.7396,1.1,0.0,35.0,0.033835303,0.01,3000.0,0.1,17.643934,0.0003643228,0.0,0.0,10.0
67,70,0,44.0,0.45474777,44.820763,-0.009920882,0.0011163001,9.325868,251.98889,1.1,0.0,35.0,0.033835303,0.01,3000.0,0.1,17.643934,0.0003643228,0.0,0.0,10.0
3,4,0,12.0,0.45474777,315.17923,0.0019841755,1.5551122e-05,9.325868,320.83734,1.1,0.0,35.0,0.033835303,0.01,3000.0,0.1,17.643934,0.0003643228,0.0,0.0,10.0
10,42,0,12.0,0.45474777,44.820763,0.019841759,-9.605559e-05,9.325868,282.43634,1.1,0.0,35.0,0.033835303,0.01,3000.0,0.1,17.643934,0.0003643228,0.0,0.0,10.0
13,28,0,6.0,0.45474777,224.82077,0.013889232,-0.0003926994,10.935306,125.994446,0.7,0.0,35.0,0.033835303,0.1,3000.0,0.035,176.43935,0.00036432277,0.0,0.0,30.0
1,107,0,23.0,0.45474777,224.82077,-0.013889227,0.00020097001,9.325868,199.58827,1.1,0.0,35.0,0.033835303,0.01,3000.0,0.1,17.643934,0.0003643228,0.0,0.0,10.0
112,90,0,25.0,0.45474777,44.820763,-0.065477796,-0.00020454155,12.098456,0.0,1.4,0.0,35.0,0.033835303,0.3,3000.0,0.04,529.31805,0.00036432277,0.0,0.0,40.0
25,45,0,3.0,0.45474777,44.820763,-0.035715163,-9.3314135e-05,11.271778,88.81239,1.1,0.0,35.0,0.033835303,0.01,3000.0,0.1,17.643934,0.0003643228,0.0,0.0,10.0
50,18,0,4.0,0.45474777,44.820763,-0.0019841753,-0.00033050228,9.325868,88.81239,1.1,0.0,35.0,0.033835303,0.01,3000.0,0.1,17.643934,0.0003643228,0.0,0.0,10.0
59,73,0,19.0,0.45474777,44.820763,-0.04563604,0.00020687166,9.325868,88.81239,1.1,0.0,35.0,0.033835303,0.01,3000.0,0.1,17.643934,0.0003643228,0.0,0.0,10.0
45,61,0,11.0,0.45474777,135.17923,0.01388923,0.00010964606,9.325868,198.84044,1.1,0.0,35.0,0.033835303,0.01,3000.0,0.1,17.643934,0.0003643228,0.0,0.0,10.0
14,67,0,22.0,0.45474777,135.17923,0.11111383,-6.37439e-05,9.325868,177.62479,1.1,0.0,35.0,0.033835303,0.01,3000.0,0.1,17.643934,0.0003643228,0.0,0.0,10.0
23,121,0,19.0,0.45474777,44.820763,0.039683513,6.3790736e-05,9.325868,198.84044,1.1,0.0,35.0,0.033835303,0.01,3000.0,0.1,17.643934,0.0003643228,0.0,0.0,10.0
47,29,0,12.0,0.45474777,135.17923,0.0039683506,0.0003468416,9.325868,177.62479,1.1,0.0,35.0,0.033835303,0.01,3000.0,0.1,17.643934,0.0003643228,0.0,0.0,10.0
97,22,0,12.0,0.45474777,44.820763,0.011905055,3.0710602e-05,9.325868,199.58827,1.1,0.0,35.0,0.033835303,0.01,3000.0,0.1,17.643934,0.0003643228,0.0,0.0,10.0
120,24,0,19.0,0.45474777,315.17923,0.0119050555,-0.00028581696,9.325868,282.43634,1.1,0.0,35.0,0.033835303,0.01,3000.0,0.1,17.643934,0.0003643228,0.0,0.0,10.0
91,17,0,9.0,0.45474777,224.82077,-0.017857581,0.00023522256,9.325868,199.58827,1.1,0.0,35.0,0.033835303,0.01,3000.0,0.1,17.643934,0.0003643228,0.0,0.0,10.0
14,80,0,31.0,0.45474777,224.82077,0.057541095,0.00039350978,9.325868,281.0262,1.1,0.0,35.0,0.033835303,0.01,3000.0,0.1,17.643934,0.0003643228,0.0,0.0,10.0
25,29,0,13.0,0.45474777,44.820763,-0.009920877,0.00029939756,9.325868,266.43716,1.1,0.0,35.0,0.033835303,0.01,3000.0,0.1,17.643934,0.0003643228,0.0,0.0,10.0
52,111,0,14.0,0.45474777,44.820763,-0.007936702,6.259367e-05,9.325868,178.7396,1.1,0.0,35.0,0.033835303,0.01,3000.0,0.1,17.643934,0.0003643228,0.0,0.0,10.0
47,65,0,11.0,0.45474777,315.17923,-0.023810107,3.8671118e-07,10.42448,198.84044,1.1,0.0,35.0,0.033835303,0.01,3000.0,0.1,17.643934,0.0003643228,0.0,0.0,10.0
30,49,0,8.0,0.45474777,315.17923,-0.015873404,-6.220696e-05,11.271778,177.62479,1.1,0.0,35.0,0.033835303,0.01,3000.0,0.1,17.643934,0.0003643228,0.0,0.0,10.0
65,88,0,5.0,0.45474777,135.17923,-0.043651864,-0.0004094501,13.087068,0.0,1.4,0.0,35.0,0.033835303,0.3,3000.0,0.04,529.31805,0.00036432277,0.0,0.0,40.0
102,18,0,8.0,0.45474777,224.82077,-0.009920878,-7.775562e-05,10.712162,281.0262,1.1,0.0,35.0,0.033835303,0.01,3000.0,0.1,17.643934,0.0003643228,0.0,0.0,10.0
21,21,0,13.0,0.45474777,135.17923,0.021825932,0.00017342698,9.325868,199.58827,1.1,0.0,35.0,0.033835303,0.01,3000.0,0.1,17.643934,0.0003643228,0.0,0.0,10.0
64,32,0,9.0,0.45474777,44.820763,0.025794284,0.00014311538,9.325868,88.81239,1.1,0.0,35.0,0.033835303,0.01,3000.0,0.1,17.643934,0.0003643228,0.0,0.0,10.0
99,122,0,39.0,0.45474777,315.17923,0.14881317,0.00042503324,9.325868,251.98889,1.1,0.0,35.0,0.033835303,0.01,3000.0,0.1,17.643934,0.0003643228,0.0,0.0,10.0
31,9,0,10.0,0.45474777,315.17923,-0.03174681,6.376857e-05,9.325868,320.83734,1.1,0.0,35.0,0.033835303,0.01,3000.0,0.1,17.643934,0.0003643228,0.0,0.0,10.0
43,94,0,4.0,0.45474777,224.82077,-0.009920877,-0.0008375794,12.5039215,0.0,0.7,0.0,35.0,0.033835303,0.1,3000.0,0.035,176.43935,0.00036432277,0.0,0.0,30.0
35,90,0,15.0,0.45474777,44.820763,0.0019841725,0.0005210494,9.325868,266.43716,1.1,0.0,35.0,0.033835303,0.01,3000.0,0.1,17.643934,0.0003643228,0.0,0.0,10.0
92,17,0,10.0,0.45474777,135.17923,0.023810107,-0.00019053971,9.325868,282.43634,1.1,0.0,35.0,0.033835303,0.01,3000.0,0.1,17.643934,0.0003643228,0.0,0.0,10.0
70,47,0,6.0,0.45474777,44.820763,-0.019841755,-0.00015905814,9.325868,198.84044,1.1,0.0,35.0,0.033835303,0.01,3000.0,0.1,17.643934,0.0003643228,0.0,0.0,10.0
84,44,0,7.0,0.45474777,224.82077,-0.0059525277,7.853889e-05,10.019015,177.62479,1.1,0.0,35.0,0.033835303,0.01,3000.0,0.1,17.643934,0.0003643228,0.0,0.0,10.0
35,33,0,8.0,0.45474777,315.17923,0.021825932,-0.00020372623,9.325868,177.62479,1.1,0.0,35.0,0.033835303,0.01,3000.0,0.1,17.643934,0.0003643228,0.0,0.0,10.0
32,34,0,11.0,0.45474777,224.82077,0.0039683506,9.369838e-05,9.325868,282.43634,1.1,0.0,35.0,0.033835303,0.01,3000.0,0.1,17.643934,0.0003643228,0.0,0.0,10.0
101,25,0,11.0,0.45474777,44.820763,0.017857583,1.5556048e-05,9.325868,281.0262,1.1,0.0,35.0,0.033835303,0.01,3000.0,0.1,17.643934,0.0003643228,0.0,0.0,10.0
34,80,0,9.0,0.45474777,224.82077,-0.04960439,-0.00020217198,9.325868,88.81239,1.1,0.0,35.0,0.033835303,0.01,3000.0,0.1,17.643934,0.0003643228,0.0,0.0,10.0
91,13,0,9.0,0.45474777,44.820763,-0.001984176,4.5862704e-05,9.325868,268.10938,1.1,0.0,35.0,0.033835303,0.01,3000.0,0.1,17.643934,0.0003643228,0.0,0.0,10.0
57,33,0,4.0,0.45474777,44.820763,-0.043651868,-9.410478e-05,10.42448,88.81239,1.1,0.0,35.0,0.033835303,0.01,3000.0,0.1,17.643934,0.0003643228,0.0,0.0,10.0
12,53,0,9.0,0.45474777,224.82077,-0.011905053,-9.645954e-05,11.628453,199.58827,1.1,0.0,35.0,0.033835303,0.01,3000.0,0.1,17.643934,0.0003643228,0.0,0.0,10.0
91,7,0,10.0,0.45474777,44.820763,0.007936702,0.00012716523,9.325868,198.84044,1.1,0.0,35.0,0.033835303,0.01,3000.0,0.1,17.643934,0.0003643228,0.0,0.0,10.0
7,40,0,6.0,0.45474777,315.17923,0.0019841765,-0.00011082345,9.325868,266.43716,1.1,0.0,35.0,0.033835303,0.01,3000.0,0.1,17.643934,0.0003643228,0.0,0.0,10.0
52,113,0,15.0,0.45474777,315.17923,0.02381011,-6.258875e-05,9.325868,251.98889,1.1,0.0,35.0,0.033835303,0.01,3000.0,0.1,17.643934,0.0003643228,0.0,0.0,10.0
44,91,0,14.0,0.45474777,135.17923,-0.005952528,0.0002682978,9.325868,251.98889,1.1,0.0,35.0,0.033835303,0.01,3000.0,0.1,17.643934,0.0003643228,0.0,0.0,10.0
34,46,0,12.0,0.45474777,224.82077,-0.005952527,-0.00011082592,9.325868,199.58827,1.1,0.0,35.0,0.033835303,0.01,3000.0,0.1,17.643934,0.0003643228,0.0,0.0,10.0
96,30,0,10.0,0.45474777,315.17923,-0.0059525273,1.5942764e-05,9.325868,125.994446,1.1,0.0,35.0,0.033835303,0.01,3000.0,0.1,17.643934,0.0003643228,0.0,0.0,10.0
91,34,0,13.0,0.45474777,44.820763,0.015873404,6.417746e-05,9.325868,266.43716,1.1,0.0,35.0,0.033835303,0.01,3000.0,0.1,17.643934,0.0003643228,0.0,0.0,10.0
21,120,0,18.0,0.45474777,135.17923,0.03174681,-0.00019053723,9.325868,199.58827,1.1,0.0,35.0,0.033835303,0.01,3000.0,0.1,17.643934,0.0003643228,0.0,0.0,10.0
31,1,0,8.0,0.45474777,315.17923,-0.037699338,7.931724e-05,10.019015,478.6845,1.1,0.0,35.0,0.033835303,0.01,3000.0,0.1,17.643934,0.0003643228,0.0,0.0,10.0
28,38,0,12.0,0.45474777,315.17923,-0.007936702,-3.9656186e-07,9.325868,282.43634,1.1,0.0,35.0,0.033835303,0.01,3000.0,0.1,17.643934,0.0003643228,0.0,0.0,10.0
63,28,0,5.0,0.45474777,224.82077,-0.005952527,-0.000110037705,10.712162,281.0262,1.1,0.0,35.0,0.033835303,0.01,3000.0,0.1,17.643934,0.0003643228,0.0,0.0,10.0
50,8,0,9.0,0.45474777,135.17923,-0.027778458,-3.268604e-05,10.935306,251.98889,1.1,0.0,35.0,0.033835303,0.01,3000.0,0.1,17.643934,0.0003643228,0.0,0.0,10.0
54,36,0,3.0,0.45474777,135.17923,-0.011905055,-0.0003440854,12.270307,0.0,1.4,0.0,35.0,0.033835303,0.3,3000.0,0.04,529.31805,0.00036432277,0.0,0.0,40.0
2,27,0,10.0,0.45474777,315.17923,-0.007936702,0.00018739185,9.325868,321.61032,1.1,0.0,35.0,0.033835303,0.01,3000.0,0.1,17.643934,0.0003643228,0.0,0.0,10.0
37,27,0,4.0,0.45474777,44.820763,0.021825932,-1.5543732e-05,9.325868,368.3463,1.4,0.0,35.0,0.033835303,0.3,3000.0,0.04,529.31805,0.00036432277,0.0,0.0,40.0
108,31,0,5.0,0.45474777,44.820763,-0.029762635,1.435898e-05,9.325868,125.994446,1.4,0.0,35.0,0.033835303,0.3,3000.0,0.04,529.31805,0.00036432277,0.0,0.0,40.0
82,107,0,13.0,0.45474777,224.82077,-0.017857581,0.00023640487,9.325868,282.43634,1.1,0.0,35.0,0.033835303,0.01,3000.0,0.1,17.643934,0.0003643228,0.0,0.0,10.0
82,67,0,41.0,0.45474777,44.820763,-0.0,0.0012578341,9.325868,281.0262,1.1,0.0,35.0,0.033835303,0.01,3000.0,0.1,17.643934,0.0003643228,0.0,0.0,10.0
104,20,0,7.0,0.45474777,224.82077,-0.0059525263,-0.00017342203,9.325868,125.994446,1.1,0.0,35.0,0.033835303,0.01,3000.0,0.1,17.643934,0.0003643228,0.0,0.0,10.0
37,63,0,13.0,0.45474777,224.82077,-0.017857581,4.822238e-05,9.325868,445.84766,1.1,0.0,35.0,0.033835303,0.01,3000.0,0.1,17.643934,0.0003643228,0.0,0.0,10.0
90,97,0,16.0,0.45474777,315.17923,-0.0019841765,0.00011082345,9.325868,266.43716,1.1,0.0,35.0,0.033835303,0.01,3000.0,0.1,17.643934,0.0003643228,0.0,0.0,10.0
103,99,0,18.0,0.45474777,315.17923,-0.025794279,-0.00058759394,10.42448,89.3698,1.1,0.0,35.0,0.033835303,0.01,3000.0,0.1,17.643934,0.0003643228,0.0,0.0,10.0
1,41,0,13.0,0.45474777,135.17923,0.02381011,-6.416516e-05,9.325868,281.0262,1.1,0.0,35.0,0.033835303,0.01,3000.0,0.1,17.643934,0.0003643228,0.0,0.0,10.0
40,73,0,14.0,0.45474777,315.17923,0.055556916,1.1995363e-06,9.325868,355.24957,1.1,0.0,35.0,0.033835303,0.01,3000.0,0.1,17.643934,0.0003643228,0.0,0.0,10.0
37,95,0,9.0,0.45474777,44.820763,-0.025794284,-1.5164418e-05,9.325868,321.61032,1.1,0.0,35.0,0.033835303,0.01,3000.0,0.1,17.643934,0.0003643228,0.0,0.0,10.0
103,21,0,6.0,0.45474777,44.820763,-0.003968351,-0.00022086114,12.461362,0.0,1.1,0.0,35.0,0.033835303,0.01,3000.0,0.1,17.643934,0.0003643228,0.0,0.0,10.0
41,28,0,2.0,0.45474777,315.17923,-0.03769934,1.6721096e-05,12.3216,0.0,1.4,0.0,35.0,0.033835303,0.3,3000.0,0.04,529.31805,0.00036432277,0.0,0.0,40.0
20,89,0,19.0,0.45474777,224.82077,-0.08333538,0.00022280453,9.325868,199.58827,1.1,0.0,35.0,0.033835303,0.01,3000.0,0.1,17.643934,0.0003643228,0.0,0.0,10.0
26,35,0,12.0,0.45474777,44.820763,-0.007936702,0.00031494867,9.325868,198.84044,1.1,0.0,35.0,0.033835303,0.01,3000.0,0.1,17.643934,0.0003643228,0.0,0.0,10.0
50,41,0,11.0,0.45474777,224.82077,-0.013889229,7.893053e-05,9.325868,445.0673,1.1,0.0,35.0,0.033835303,0.01,3000.0,0.1,17.643934,0.0003643228,0.0,0.0,10.0
92,34,0,13.0,0.45474777,224.82077,-0.0019841765,0.00011121754,9.325868,281.0262,1.1,0.0,35.0,0.033835303,0.01,3000.0,0.1,17.643934,0.0003643228,0.0,0.0,10.0
84,42,0,6.0,0.45474777,44.820763,-0.013889229,-0.00023562652,12.159081,0.0,1.1,0.0,35.0,0.033835303,0.01,3000.0,0.1,17.643934,0.0003643228,0.0,0.0,10.0
90,37,0,13.0,0.45474777,224.82077,0.011905055,3.0710602e-05,9.325868,321.61032,1.1,0.0,35.0,0.033835303,0.01,3000.0,0.1,17.643934,0.0003643228,0.0,0.0,10.0
102,112,0,22.0,0.45474777,44.820763,-0.0,-0.00012479817,9.325868,125.994446,1.1,0.0,35.0,0.033835303,0.01,3000.0,0.1,17.643934,0.0003643228,0.0,0.0,10.0
5,11,0,7.0,0.45474777,44.820763,-0.0059525263,-0.00023483584,10.712162,177.62479,1.1,0.0,35.0,0.033835303,0.01,3000.0,0.1,17.643934,0.0003643228,0.0,0.0,10.0
90,87,0,20.0,0.45474777,44.820763,0.019841757,9.5279705e-05,9.325868,251.98889,1.1,0.0,35.0,0.033835303,0.01,3000.0,0.1,17.643934,0.0003643228,0.0,0.0,10.0
37,11,0,8.0,0.45474777,224.82077,-0.0059525273,-4.6653375e-05,11.271778,503.97778,1.1,0.0,35.0,0.033835303,0.01,3000.0,0.1,17.643934,0.0003643228,0.0,0.0,10.0
36,45,0,11.0,0.45474777,135.17923,-0.021825934,-0.00010649574,9.325868,177.62479,1.1,0.0,35.0,0.033835303,0.01,3000.0,0.1,17.643934,0.0003643228,0.0,0.0,10.0
14,84,0,27.0,0.45474777,44.820763,0.05158857,-0.0002830459,9.325868,125.994446,1.1,0.0,35.0,0.033835303,0.01,3000.0,0.1,17.643934,0.0003643228,0.0,0.0,10.0
49,65,0,15.0,0.45474777,315.17923,0.015873404,0.00012559128,9.325868,321.61032,1.1,0.0,35.0,0.033835303,0.01,3000.0,0.1,17.643934,0.0003643228,0.0,0.0,10.0
49,73,0,11.0,0.45474777,135.17923,-0.015873404,0.00018857166,9.325868,281.0262,1.1,0.0,35.0,0.033835303,0.01,3000.0,0.1,17.643934,0.0003643228,0.0,0.0,10.0
116,43,0,6.0,0.45474777,315.17923,0.005952527,-0.00014192321,9.325868,282.43634,1.4,0.0,35.0,0.033835303,0.3,3000.0,0.04,529.31805,0.00036432277,0.0,0.0,40.0
72,42,0,13.0,0.45474777,224.82077,0.021825932,0.00030058975,9.325868,251.98889,1.1,0.0,35.0,0.033835303,0.01,3000.0,0.1,17.643934,0.0003643228,0.0,0.0,10.0
105,46,0,15.0,0.45474777,44.820763,0.011905054,0.00028267154,9.325868,178.7396,1.1,0.0,35.0,0.033835303,0.01,3000.0,0.1,17.643934,0.0003643228,0.0,0.0,10.0
26,15,0,11.0,0.45474777,44.820763,-0.007936702,-3.9656186e-07,9.325868,268.10938,1.1,0.0,35.0,0.033835303,0.01,3000.0,0.1,17.643934,0.0003643228,0.0,0.0,10.0
22,28,0,8.0,0.45474777,44.820763,-0.017857581,-0.0003301131,11.628453,281.0262,1.1,0.0,35.0,0.033835303,0.01,3000.0,0.1,17.643934,0.0003643228,0.0,0.0,10.0
49,27,0,9.0,0.45474777,44.820763,-0.007936702,-0.00018700266,10.019015,199.58827,1.1,0.0,35.0,0.033835303,0.01,3000.0,0.1,17.643934,0.0003643228,0.0,0.0,10.0
85,109,0,5.0,0.45474777,315.17923,-0.021825932,-0.00048483122,13.469003,0.0,1.4,0.0,35.0,0.033835303,0.3,3000.0,0.04,529.31805,0.00036432277,0.0,0.0,40.0
2,4,0,11.0,0.45474777,44.820763,-0.0,-0.00012440408,10.019015,281.0262,1.1,0.0,35.0,0.033835303,0.01,3000.0,0.1,17.643934,0.0003643228,0.0,0.0,10.0
35,40,0,14.0,0.45474777,224.82077,0.025794284,0.00014272127,9.325868,198.84044,1.1,0.0,35.0,0.033835303,0.01,3000.0,0.1,17.643934,0.0003643228,0.0,0.0,10.0
71,16,0,4.0,0.45474777,224.82077,-0.0019841753,-0.0001415316,10.42448,251.98889,1.1,0.0,35.0,0.033835303,0.01,3000.0,0.1,17.643934,0.0003643228,0.0,0.0,10.0
61,34,0,9.0,0.45474777,44.820763,-0.025794284,0.000109239656,9.325868,198.84044,1.1,0.0,35.0,0.033835303,0.01,3000.0,0.1,17.643934,0.0003643228,0.0,0.0,10.0
64,48,0,14.0,0.45474777,224.82077,0.021825934,-0.00014191831,9.325868,125.994446,1.1,0.0,35.0,0.033835303,0.01,3000.0,0.1,17.643934,0.0003643228,0.0,0.0,10.0
43,85,0,17.0,0.45474777,44.820763,0.023810105,0.00031535266,9.325868,198.84044,1.1,0.0,35.0,0.033835303,0.01,3000.0,0.1,17.643934,0.0003643228,0.0,0.0,10.0
74,40,0,10.0,0.45474777,135.17923,-0.011905055,3.1097323e-05,10.019015,377.98334,1.1,0.0,35.0,0.033835303,0.01,3000.0,0.1,17.643934,0.0003643228,0.0,0.0,10.0
116,42,0,6.0,0.45474777,135.17923,-0.015873404,-6.299516e-05,10.019015,281.0262,1.4,0.0,35.0,0.033835303,0.3,3000.0,0.04,529.31805,0.00036432277,0.0,0.0,40.0
54,37,0,3.0,0.45474777,224.82077,-0.04960439,-0.00020138378,9.325868,88.81239,1.4,0.0,35.0,0.033835303,0.3,3000.0,0.04,529.31805,0.00036432277,0.0,0.0,40.0
3,24,0,12.0,0.45474777,135.17923,0.02381011,-0.00012439668,9.325868,199.58827,1.1,0.0,35.0,0.033835303,0.01,3000.0,0.1,17.643934,0.0003643228,0.0,0.0,10.0
107,49,0,16.0,0.45474777,224.82077,0.01785758,0.0003312954,9.325868,266.43716,1.1,0.0,35.0,0.033835303,0.01,3000.0,0.1,17.643934,0.0003643228,0.0,0.0,10.0
95,21,0,10.0,0.45474777,315.17923,-0.013889231,1.63344e-05,10.019015,357.4792,1.1,0.0,35.0,0.033835303,0.01,3000.0,0.1,17.643934,0.0003643228,0.0,0.0,10.0
41,68,0,13.0,0.45474777,135.17923,0.015873406,-0.00019054215,10.019015,125.994446,1.1,0.0,35.0,0.033835303,0.01,3000.0,0.1,17.643934,0.0003643228,0.0,0.0,10.0
36,73,0,11.0,0.45474777,44.820763,-0.003968351,-3.189045e-05,10.712162,503.97778,1.1,0.0,35.0,0.033835303,0.01,3000.0,0.1,17.643934,0.0003643228,0.0,0.0,10.0
117,50,0,11.0,0.45474777,44.820763,-0.021825932,0.0002045144,9.325868,198.84044,1.1,0.0,35.0,0.033835303,0.01,3000.0,0.1,17.643934,0.0003643228,0.0,0.0,10.0
85,95,0,5.0,0.45474777,224.82077,-0.06349362,-0.0001905668,10.712162,125.994446,1.1,0.0,35.0,0.033835303,0.01,3000.0,0.1,17.643934,0.0003643228,0.0,0.0,10.0
27,37,0,11.0,0.45474777,315.17923,0.027778458,3.0321442e-05,10.019015,178.7396,1.1,0.0,35.0,0.033835303,0.01,3000.0,0.1,17.643934,0.0003643228,0.0,0.0,10.0
29,24,0,5.0,0.45474777,44.820763,0.007936702,-0.00012637209,9.325868,366.31845,1.1,0.0,35.0,0.033835303,0.01,3000.0,0.1,17.643934,0.0003643228,0.0,0.0,10.0
11,15,0,11.0,0.45474777,224.82077,0.0019841753,7.854136e-05,9.325868,377.98334,1.1,0.0,35.0,0.033835303,0.01,3000.0,0.1,17.643934,0.0003643228,0.0,0.0,10.0
30,13,0,12.0,0.45474777,224.82077,-0.007936702,0.0001255839,9.325868,266.43716,1.1,0.0,35.0,0.033835303,0.01,3000.0,0.1,17.643934,0.0003643228,0.0,0.0,10.0
34,28,0,3.0,0.45474777,224.82077,-0.017857581,4.6645975e-05,9.325868,321.61032,1.4,0.0,35.0,0.033835303,0.3,3000.0,0.04,529.31805,0.00036432277,0.0,0.0,40.0
53,111,0,15.0,0.45474777,44.820763,-0.001984176,4.7833208e-05,9.325868,89.3698,1.1,0.0,35.0,0.033835303,0.01,3000.0,0.1,17.643934,0.0003643228,0.0,0.0,10.0
103,49,0,15.0,0.45474777,135.17923,0.02777846,-3.0698306e-05,9.325868,281.0262,1.1,0.0,35.0,0.033835303,0.01,3000.0,0.1,17.643934,0.0003643228,0.0,0.0,10.0
25,25,0,11.0,0.45474777,315.17923,-0.0059525263,7.69625e-05,9.325868,178.7396,1.1,0.0,35.0,0.033835303,0.01,3000.0,0.1,17.643934,0.0003643228,0.0,0.0,10.0
32,35,0,10.0,0.45474777,44.820763,-0.0039683506,-9.488068e-05,9.325868,268.10938,0.3,0.0,35.0,0.033835303,0.05,3000.0,0.015,88.21967,0.0003643227,0.0,0.0,50.0
32,72,0,12.0,0.45474777,224.82077,0.021825934,-1.514963e-05,9.325868,366.31845,1.1,0.0,35.0,0.033835303,0.01,3000.0,0.1,17.643934,0.0003643228,0.0,0.0,10.0
102,17,0,9.0,0.45474777,135.17923,0.017857581,-0.00017144415,9.325868,357.4792,1.1,0.0,35.0,0.033835303,0.01,3000.0,0.1,17.643934,0.0003643228,0.0,0.0,10.0
29,37,0,12.0,0.45474777,224.82077,-0.0039683515,3.1099786e-05,9.325868,357.4792,1.1,0.0,35.0,0.033835303,0.01,3000.0,0.1,17.643934,0.0003643228,0.0,0.0,10.0
46,92,0,15.0,0.45474777,315.17923,0.05357274,-0.00026710067,9.325868,266.43716,1.1,0.0,35.0,0.033835303,0.01,3000.0,0.1,17.643934,0.0003643228,0.0,0.0,10.0
77,38,0,11.0,0.45474777,135.17923,0.019841757,-0.00015825764,9.325868,251.98889,1.1,0.0,35.0,0.033835303,0.01,3000.0,0.1,17.643934,0.0003643228,0.0,0.0,10.0
31,23,0,4.0,0.45474777,315.17923,-0.017857581,-1.5161941e-05,9.325868,282.43634,1.4,0.0,35.0,0.033835303,0.3,3000.0,0.04,529.31805,0.00036432277,0.0,0.0,40.0
51,89,0,14.0,0.45474777,315.17923,-0.021825934,0.00014191831,9.325868,125.994446,1.1,0.0,35.0,0.033835303,0.01,3000.0,0.1,17.643934,0.0003643228,0.0,0.0,10.0
60,41,0,13.0,0.45474777,135.17923,0.023810107,0.00018779577,9.325868,268.10938,1.1,0.0,35.0,0.033835303,0.01,3000.0,0.1,17.643934,0.0003643228,0.0,0.0,10.0
52,86,0,15.0,0.45474777,44.820763,-0.035715163,0.00028305085,9.325868,251.98889,1.1,0.0,35.0,0.033835303,0.01,3000.0,0.1,17.643934,0.0003643228,0.0,0.0,10.0
42,61,0,11.0,0.45474777,44.820763,0.003968352,-9.487822e-05,9.325868,320.83734,1.1,0.0,35.0,0.033835303,0.01,3000.0,0.1,17.643934,0.0003643228,0.0,0.0,10.0
79,81,0,47.0,0.45474777,224.82077,0.16865492,0.00033173626,9.325868,251.98889,1.1,0.0,35.0,0.033835303,0.01,3000.0,0.1,17.643934,0.0003643228,0.0,0.0,10.0
63,105,0,5.0,0.45474777,224.82077,-0.021825934,1.514963e-05,11.271778,198.84044,1.4,0.0,35.0,0.033835303,0.3,3000.0,0.04,529.31805,0.00036432277,0.0,0.0,40.0
53,100,0,15.0,0.45474777,224.82077,0.003968351,3.1102245e-05,9.325868,281.0262,1.1,0.0,35.0,0.033835303,0.01,3000.0,0.1,17.643934,0.0003643228,0.0,0.0,10.0
12,64,0,17.0,0.45474777,135.17923,-0.00595253,0.00020451934,9.325868,198.84044,1.1,0.0,35.0,0.033835303,0.01,3000.0,0.1,17.643934,0.0003643228,0.0,0.0,10.0
62,100,0,26.0,0.45474777,224.82077,0.09524044,0.00062874967,9.325868,321.61032,1.1,0.0,35.0,0.033835303,0.01,3000.0,0.1,17.643934,0.0003643228,0.0,0.0,10.0
25,32,0,9.0,0.45474777,224.82077,-4.4408796e-10,-0.00018897069,11.810775,0.0,1.1,0.0,35.0,0.033835303,0.01,3000.0,0.1,17.643934,0.0003643228,0.0,0.0,10.0
11,17,0,13.0,0.45474777,44.820763,0.019841757,0.00015708765,9.325868,282.43634,1.1,0.0,35.0,0.033835303,0.01,3000.0,0.1,17.643934,0.0003643228,0.0,0.0,10.0
60,47,0,12.0,0.45474777,44.820763,0.021825932,-0.00020569672,10.019015,125.994446,1.1,0.0,35.0,0.033835303,0.01,3000.0,0.1,17.643934,0.0003643228,0.0,0.0,10.0
56,82,0,15.0,0.45474777,135.17923,-0.029762633,0.00014270404,9.325868,251.98889,1.1,0.0,35.0,0.033835303,0.01,3000.0,0.1,17.643934,0.0003643228,0.0,0.0,10.0
115,47,0,11.0,0.45474777,315.17923,0.011905055,3.228701e-05,9.325868,282.43634,1.1,0.0,35.0,0.033835303,0.01,3000.0,0.1,17.643934,0.0003643228,0.0,0.0,10.0
89,41,0,6.0,0.45474777,135.17923,-0.019841755,-0.00047203878,12.21624,0.0,1.4,0.0,35.0,0.033835303,0.3,3000.0,0.04,529.31805,0.00036432277,0.0,0.0,40.0
46,76,0,10.0,0.45474777,315.17923,-0.015873404,-4.9200612e-09,9.325868,89.3698,1.1,0.0,35.0,0.033835303,0.01,3000.0,0.1,17.643934,0.0003643228,0.0,0.0,10.0
104,28,0,12.0,0.45474777,224.82077,0.009920877,1.7524088e-05,9.325868,178.7396,0.3,0.0,35.0,0.033835303,0.05,3000.0,0.015,88.21967,0.0003643227,0.0,0.0,50.0
70,46,0,5.0,0.45474777,44.820763,-0.015873406,-6.2206964e-05,10.42448,177.62479,1.1,0.0,35.0,0.033835303,0.01,3000.0,0.1,17.643934,0.0003643228,0.0,0.0,10.0
100,43,0,12.0,0.45474777,135.17923,0.003968351,-0.00015786843,9.325868,518.7231,1.1,0.0,35.0,0.033835303,0.01,3000.0,0.1,17.643934,0.0003643228,0.0,0.0,10.0
100,17,0,13.0,0.45474777,224.82077,0.037699338,0.000110047564,9.325868,366.31845,1.1,0.0,35.0,0.033835303,0.01,3000.0,0.1,17.643934,0.0003643228,0.0,0.0,10.0
92,40,0,16.0,0.45474777,224.82077,0.031746812,0.00012323161,9.325868,282.43634,1.1,0.0,35.0,0.033835303,0.01,3000.0,0.1,17.643934,0.0003643228,0.0,0.0,10.0
36,11,0,8.0,0.45474777,135.17923,-0.011905055,-9.330675e-05,10.935306,570.8557,1.1,0.0,35.0,0.033835303,0.01,3000.0,0.1,17.643934,0.0003643228,0.0,0.0,10.0
38,62,0,12.0,0.45474777,315.17923,-0.013889229,-0.00011004016,11.117627,564.8727,1.1,0.0,35.0,0.033835303,0.01,3000.0,0.1,17.643934,0.0003643228,0.0,0.0,10.0
2,5,0,13.0,0.45474777,224.82077,0.01388923,0.00011043427,9.325868,266.43716,1.1,0.0,35.0,0.033835303,0.01,3000.0,0.1,17.643934,0.0003643228,0.0,0.0,10.0
52,112,0,15.0,0.45474777,315.17923,0.009920879,-4.7436646e-05,9.325868,199.58827,1.1,0.0,35.0,0.033835303,0.01,3000.0,0.1,17.643934,0.0003643228,0.0,0.0,10.0
44,109,0,17.0,0.45474777,315.17923,0.01785758,0.00020373853,9.325868,251.98889,1.1,0.0,35.0,0.033835303,0.01,3000.0,0.1,17.643934,0.0003643228,0.0,0.0,10.0
95,37,0,14.0,0.45474777,135.17923,0.037699338,0.000110441666,9.325868,368.3463,1.1,0.0,35.0,0.033835303,0.01,3000.0,0.1,17.643934,0.0003643228,0.0,0.0,10.0
97,28,0,9.0,0.45474777,315.17923,-0.021825936,7.8928075e-05,9.325868,125.994446,1.1,0.0,35.0,0.033835303,0.01,3000.0,0.1,17.643934,0.0003643228,0.0,0.0,10.0
15,12,0,6.0,0.45474777,44.820763,-0.033730987,-7.855122e-05,11.40531,320.83734,1.1,0.0,35.0,0.033835303,0.01,3000.0,0.1,17.643934,0.0003643228,0.0,0.0,10.0
85,82,0,30.0,0.45474777,315.17923,0.09127208,0.00028348435,9.325868,199.58827,1.1,0.0,35.0,0.033835303,0.01,3000.0,0.1,17.643934,0.0003643228,0.0,0.0,10.0
89,13,0,8.0,0.45474777,135.17923,0.0059525263,-0.00014113501,9.325868,366.31845,1.1,0.0,35.0,0.033835303,0.01,3000.0,0.1,17.643934,0.0003643228,0.0,0.0,10.0
98,47,0,10.0,0.45474777,135.17923,-0.009920878,4.743665e-05,9.325868,444.06195,1.1,0.0,35.0,0.033835303,0.01,3000.0,0.1,17.643934,0.0003643228,0.0,0.0,10.0
67,26,0,3.0,0.45474777,44.820763,-0.021825932,1.6331938e-05,9.325868,125.994446,0.7,0.0,35.0,0.033835303,0.1,3000.0,0.035,176.43935,0.00036432277,0.0,0.0,30.0
18,83,0,37.0,0.45474777,224.82077,0.033730987,0.0008962419,9.325868,251.98889,1.1,0.0,35.0,0.033835303,0.01,3000.0,0.1,17.643934,0.0003643228,0.0,0.0,10.0
64,42,0,13.0,0.45474777,315.17923,0.015873404,0.00018897561,9.325868,452.96576,1.1,0.0,35.0,0.033835303,0.01,3000.0,0.1,17.643934,0.0003643228,0.0,0.0,10.0
115,42,0,7.0,0.45474777,135.17923,0.009920878,-0.00011121508,9.325868,282.43634,1.4,0.0,35.0,0.033835303,0.3,3000.0,0.04,529.31805,0.00036432277,0.0,0.0,40.0
32,14,0,14.0,0.45474777,315.17923,0.021825932,0.00017303285,9.325868,251.98889,1.1,0.0,35.0,0.033835303,0.01,3000.0,0.1,17.643934,0.0003643228,0.0,0.0,10.0
105,21,0,6.0,0.45474777,224.82077,0.005952529,-0.00020570167,10.712162,178.7396,1.1,0.0,35.0,0.033835303,0.01,3000.0,0.1,17.643934,0.0003643228,0.0,0.0,10.0
64,98,0,21.0,0.45474777,44.820763,0.075398676,3.3094926e-05,9.325868,266.43716,1.1,0.0,35.0,0.033835303,0.01,3000.0,0.1,17.643934,0.0003643228,0.0,0.0,10.0
83,68,0,45.0,0.45474777,135.17923,0.17659163,0.00058291154,9.325868,251.98889,1.1,0.0,35.0,0.033835303,0.01,3000.0,0.1,17.643934,0.0003643228,0.0,0.0,10.0
102,68,0,17.0,0.45474777,44.820763,-0.09920879,-0.0005263835,11.271778,281.0262,1.1,0.0,35.0,0.033835303,0.01,3000.0,0.1,17.643934,0.0003643228,0.0,0.0,10.0
48,73,0,11.0,0.45474777,44.820763,-0.027778462,3.10924e-05,9.325868,320.83734,1.1,0.0,35.0,0.033835303,0.01,3000.0,0.1,17.643934,0.0003643228,0.0,0.0,10.0
96,18,0,13.0,0.45474777,44.820763,0.03174681,6.300009e-05,9.325868,366.31845,1.1,0.0,35.0,0.033835303,0.01,3000.0,0.1,17.643934,0.0003643228,0.0,0.0,10.0
44,85,0,15.0,0.6410822,90.0,0.0028325897,-6.259028e-05,8.982432,251.98889,1.1,0.0,35.0,0.033835303,0.01,3000.0,0.1,17.648827,0.00025760045,0.0,0.0,10.0
65,105,0,4.0,0.717646,116.708694,-0.012115224,0.00012003119,9.56275,198.84044,1.4,0.0,35.0,0.033835303,0.3,3000.0,0.04,529.5023,0.00023040718,0.0,0.0,40.0
46,55,0,9.0,0.6410822,270.0,0.0028325897,-6.259028e-05,8.982432,357.4792,1.1,0.0,35.0,0.033835303,0.01,3000.0,0.1,17.648827,0.00025760045,0.0,0.0,10.0
6,6,0,10.0,0.6410822,90.0,-0.0056651793,-3.129514e-05,9.67558,125.994446,1.1,0.0,35.0,0.033835303,0.01,3000.0,0.1,17.648827,0.00025760045,0.0,0.0,10.0
119,24,0,19.0,0.717646,116.708694,-0.0075720125,-9.5695956e-05,9.968215,368.3463,1.1,0.0,35.0,0.033835303,0.01,3000.0,0.1,17.650076,0.00023040721,0.0,0.0,10.0
12,46,0,21.0,0.717646,63.29129,-0.015648829,0.00053783617,8.869603,321.61032,1.1,0.0,35.0,0.033835303,0.01,3000.0,0.1,17.650076,0.00023040721,0.0,0.0,10.0
6,14,0,10.0,0.717646,116.708694,-0.029783258,0.00012223229,10.661363,368.3463,1.1,0.0,35.0,0.033835303,0.01,3000.0,0.1,17.650076,0.00023040721,0.0,0.0,10.0
17,119,0,21.0,0.6410822,270.0,-0.0028325897,-9.3885435e-05,8.982432,251.98889,1.1,0.0,35.0,0.033835303,0.01,3000.0,0.1,17.648827,0.00025760045,0.0,0.0,10.0
123,38,0,11.0,0.6451054,180.0,0.01667951,-0.00022182387,8.976176,199.58827,1.1,0.0,35.0,0.033835303,0.01,3000.0,0.1,17.648827,0.00025760045,0.0,0.0,10.0
50,31,0,11.0,0.717646,243.2913,0.018172836,8.7722496e-05,8.869603,268.10938,1.1,0.0,35.0,0.033835303,0.01,3000.0,0.1,17.650076,0.00023040721,0.0,0.0,10.0
67,120,0,67.0,0.717646,296.7087,0.066128924,0.0019149062,8.869603,177.62479,1.1,0.0,35.0,0.033835303,0.01,3000.0,0.1,17.650076,0.00023040721,0.0,0.0,10.0
43,83,0,14.0,0.717646,296.7087,-0.011610421,-0.00013860992,10.479041,366.31845,1.1,0.0,35.0,0.033835303,0.01,3000.0,0.1,17.650076,0.00023040721,0.0,0.0,10.0
19,27,0,7.0,0.6451054,0.0,-0.013899592,-0.0004119586,11.055617,282.43634,1.1,0.0,35.0,0.033835303,0.01,3000.0,0.1,17.648827,0.00025760045,0.0,0.0,10.0
57,41,0,4.0,0.6410822,270.0,-0.05098661,-0.00046942715,12.073475,0.0,1.4,0.0,35.0,0.033835303,0.3,3000.0,0.04,529.46484,0.00025760048,0.0,0.0,40.0
72,15,0,7.0,0.6410822,270.0,0.014162948,6.259028e-05,8.982432,281.0262,1.1,0.0,35.0,0.033835303,0.01,3000.0,0.1,17.648827,0.00025760045,0.0,0.0,10.0
36,81,0,16.0,0.6410822,270.0,0.019828126,0.00028165628,8.982432,178.7396,1.1,0.0,35.0,0.033835303,0.01,3000.0,0.1,17.648827,0.00025760045,0.0,0.0,10.0
65,89,0,8.0,0.717646,63.29129,0.004543209,6.9462185e-05,8.869603,88.81239,0.7,0.0,35.0,0.033835303,0.1,3000.0,0.035,176.50076,0.00023040718,0.0,0.0,30.0
31,8,0,10.0,0.6410822,270.0,-0.0028325897,-0.0,8.982432,251.98889,1.1,0.0,35.0,0.033835303,0.01,3000.0,0.1,17.648827,0.00025760045,0.0,0.0,10.0
24,28,0,13.0,0.717646,116.708694,-0.0010096018,0.0003255798,8.869603,281.0262,1.1,0.0,35.0,0.033835303,0.01,3000.0,0.1,17.650076,0.00023040721,0.0,0.0,10.0
45,69,0,16.0,0.6451054,0.0,0.008339755,0.0001267565,8.976176,199.58827,1.1,0.0,35.0,0.033835303,0.01,3000.0,0.1,17.648827,0.00025760045,0.0,0.0,10.0
110,65,0,8.0,0.717646,63.29129,-0.028773656,-0.0010510345,10.2558975,88.81239,0.7,0.0,35.0,0.033835303,0.1,3000.0,0.035,176.50076,0.00023040718,0.0,0.0,30.0
98,12,0,9.0,0.717646,243.2913,-0.0055528106,0.00019431839,8.869603,321.61032,1.1,0.0,35.0,0.033835303,0.01,3000.0,0.1,17.650076,0.00023040721,0.0,0.0,10.0
95,101,0,17.0,0.6410822,270.0,-0.008497769,-0.00015647573,10.928343,125.994446,1.1,0.0,35.0,0.033835303,0.01,3000.0,0.1,17.648827,0.00025760045,0.0,0.0,10.0
81,110,0,17.0,0.6410822,90.0,0.031158486,9.3885435e-05,8.982432,177.62479,1.1,0.0,35.0,0.033835303,0.01,3000.0,0.1,17.648827,0.00025760045,0.0,0.0,10.0
44,1,0,13.0,0.6451054,0.0,0.01667951,0.000253513,8.976176,446.84897,1.1,0.0,35.0,0.033835303,0.01,3000.0,0.1,17.648827,0.00025760045,0.0,0.0,10.0
119,22,0,23.0,0.6451054,180.0,0.011119673,0.0001267565,8.976176,368.3463,1.1,0.0,35.0,0.033835303,0.01,3000.0,0.1,17.648827,0.00025760045,0.0,0.0,10.0
53,87,0,19.0,0.6410822,270.0,0.033991076,0.00031295145,8.982432,281.0262,1.1,0.0,35.0,0.033835303,0.01,3000.0,0.1,17.648827,0.00025760045,0.0,0.0,10.0
99,21,0,7.0,0.717646,63.29129,-0.02675445,-0.000106611726,11.354509,0.0,1.1,0.0,35.0,0.033835303,0.01,3000.0,0.1,17.650076,0.00023040721,0.0,0.0,10.0
106,52,0,12.0,0.717646,296.7087,-0.02170644,-0.00017219222,10.661363,89.3698,0.3,0.0,35.0,0.033835303,0.05,3000.0,0.015,88.25038,0.00023040718,0.0,0.0,50.0
45,13,0,9.0,0.6410822,90.0,0.011330359,3.129514e-05,8.982432,321.61032,1.1,0.0,35.0,0.033835303,0.01,3000.0,0.1,17.648827,0.00025760045,0.0,0.0,10.0
76,47,0,6.0,0.6451054,0.0,0.0055598365,-0.00022182387,8.976176,178.7396,1.4,0.0,35.0,0.033835303,0.3,3000.0,0.04,529.46484,0.00025760048,0.0,0.0,40.0
43,30,0,8.0,0.6451054,0.0,-0.0027799183,-9.506737e-05,9.669323,125.994446,1.1,0.0,35.0,0.033835303,0.01,3000.0,0.1,17.648827,0.00025760045,0.0,0.0,10.0
85,110,0,6.0,0.717646,296.7087,-0.011105621,-0.0005192732,12.963947,0.0,1.4,0.0,35.0,0.033835303,0.3,3000.0,0.04,529.5023,0.00023040718,0.0,0.0,40.0
44,61,0,10.0,0.717646,243.2913,-0.0020192037,-3.8088925e-05,8.869603,251.98889,1.1,0.0,35.0,0.033835303,0.01,3000.0,0.1,17.650076,0.00023040721,0.0,0.0,10.0
16,3,0,4.0,0.717646,296.7087,-0.029783256,-0.00038161856,11.642192,0.0,1.1,0.0,35.0,0.033835303,0.01,3000.0,0.1,17.650076,0.00023040721,0.0,0.0,10.0
100,118,0,23.0,0.717646,63.29129,0.013629625,-0.0005125497,9.56275,281.0262,1.1,0.0,35.0,0.033835303,0.01,3000.0,0.1,17.650076,0.00023040721,0.0,0.0,10.0
46,40,0,12.0,0.6410822,90.0,0.014162948,-0.00015647573,8.982432,281.0262,1.1,0.0,35.0,0.033835303,0.01,3000.0,0.1,17.648827,0.00025760045,0.0,0.0,10.0
80,2,0,8.0,0.6410822,270.0,0.0056651793,0.00012518057,8.982432,480.85815,1.1,0.0,35.0,0.033835303,0.01,3000.0,0.1,17.648827,0.00025760045,0.0,0.0,10.0
10,46,0,16.0,0.6410822,270.0,-0.019828126,-0.00015647573,10.59187,321.61032,1.1,0.0,35.0,0.033835303,0.01,3000.0,0.1,17.648827,0.00025760045,0.0,0.0,10.0
62,33,0,7.0,0.717646,116.708694,-0.0060576107,-8.257907e-05,9.968215,251.98889,1.1,0.0,35.0,0.033835303,0.01,3000.0,0.1,17.650076,0.00023040721,0.0,0.0,10.0
1,104,0,22.0,0.717646,116.708694,-0.0025240046,0.00040752604,8.869603,199.58827,0.3,0.0,35.0,0.033835303,0.05,3000.0,0.015,88.25038,0.00023040718,0.0,0.0,50.0
43,13,0,9.0,0.6410822,270.0,0.0028325897,-3.129514e-05,8.982432,198.84044,1.1,0.0,35.0,0.033835303,0.01,3000.0,0.1,17.648827,0.00025760045,0.0,0.0,10.0
41,24,0,5.0,0.6451054,180.0,-0.008339755,0.000253513,8.976176,177.62479,1.4,0.0,35.0,0.033835303,0.3,3000.0,0.04,529.46484,0.00025760048,0.0,0.0,40.0
24,20,0,11.0,0.717646,116.708694,-0.0015144029,1.8570812e-05,8.869603,198.84044,1.1,0.0,35.0,0.033835303,0.01,3000.0,0.1,17.650076,0.00023040721,0.0,0.0,10.0
47,68,0,15.0,0.717646,296.7087,0.006562413,1.24879925e-05,8.869603,321.61032,1.1,0.0,35.0,0.033835303,0.01,3000.0,0.1,17.650076,0.00023040721,0.0,0.0,10.0
75,40,0,11.0,0.6451054,180.0,-0.008339755,0.0001267565,8.976176,445.84766,1.1,0.0,35.0,0.033835303,0.01,3000.0,0.1,17.648827,0.00025760045,0.0,0.0,10.0
103,42,0,17.0,0.6451054,180.0,0.013899592,0.000253513,8.976176,355.24957,1.1,0.0,35.0,0.033835303,0.01,3000.0,0.1,17.648827,0.00025760045,0.0,0.0,10.0
39,69,0,12.0,0.717646,63.29129,-0.0040384075,-0.0002647279,8.869603,89.3698,1.1,0.0,35.0,0.033835303,0.01,3000.0,0.1,17.650076,0.00023040721,0.0,0.0,10.0
28,42,0,11.0,0.717646,296.7087,-0.012115223,0.00027531732,8.869603,199.58827,1.1,0.0,35.0,0.033835303,0.01,3000.0,0.1,17.650076,0.00023040721,0.0,0.0,10.0
77,39,0,10.0,0.6451054,0.0,-0.0,-0.00015844562,8.976176,320.83734,1.1,0.0,35.0,0.033835303,0.01,3000.0,0.1,17.648827,0.00025760045,0.0,0.0,10.0
1,72,0,5.0,0.717646,243.2913,-0.023725647,-0.00032757487,8.869603,88.81239,1.1,0.0,35.0,0.033835303,0.01,3000.0,0.1,17.650076,0.00023040721,0.0,0.0,10.0
70,45,0,5.0,0.6410822,90.0,-0.019828126,-0.00021906602,10.59187,88.81239,1.4,0.0,35.0,0.033835303,0.3,3000.0,0.04,529.46484,0.00025760048,0.0,0.0,40.0
16,108,0,15.0,0.717646,116.708694,-0.034326468,-0.00044950456,12.16544,0.0,1.1,0.0,35.0,0.033835303,0.01,3000.0,0.1,17.650076,0.00023040721,0.0,0.0,10.0
8,3,0,12.0,0.6451054,180.0,0.019459428,0.00015844562,8.976176,178.7396,1.1,0.0,35.0,0.033835303,0.01,3000.0,0.1,17.648827,0.00025760045,0.0,0.0,10.0
65,42,0,11.0,0.6410822,90.0,0.011330359,6.259028e-05,8.982432,478.6845,1.1,0.0,35.0,0.033835303,0.01,3000.0,0.1,17.648827,0.00025760045,0.0,0.0,10.0
63,54,0,13.0,0.717646,116.708694,-0.017668033,0.0002826619,8.869603,178.7396,0.3,0.0,35.0,0.033835303,0.05,3000.0,0.015,88.25038,0.00023040718,0.0,0.0,50.0
49,75,0,12.0,0.6410822,90.0,-0.0,3.129514e-05,8.982432,282.43634,1.1,0.0,35.0,0.033835303,0.01,3000.0,0.1,17.648827,0.00025760045,0.0,0.0,10.0
36,9,0,7.0,0.6410822,90.0,-0.0056651793,-0.00025036113,11.285018,480.85815,1.1,0.0,35.0,0.033835303,0.01,3000.0,0.1,17.648827,0.00025760045,0.0,0.0,10.0
20,21,0,11.0,0.6410822,270.0,0.0056651793,6.259028e-05,8.982432,281.0262,1.1,0.0,35.0,0.033835303,0.01,3000.0,0.1,17.648827,0.00025760045,0.0,0.0,10.0
57,83,0,15.0,0.6410822,270.0,-0.019828126,-0.00021906602,8.982432,251.98889,1.1,0.0,35.0,0.033835303,0.01,3000.0,0.1,17.648827,0.00025760045,0.0,0.0,10.0
105,44,0,14.0,0.6451054,0.0,0.013899592,-3.1689124e-05,8.976176,251.98889,1.1,0.0,35.0,0.033835303,0.01,3000.0,0.1,17.648827,0.00025760045,0.0,0.0,10.0
59,43,0,8.0,0.717646,296.7087,-0.027259251,-0.00019338298,10.661363,251.98889,1.1,0.0,35.0,0.033835303,0.01,3000.0,0.1,17.650076,0.00023040721,0.0,0.0,10.0
31,49,0,9.0,0.717646,296.7087,-0.022211242,-7.0380224e-06,10.479041,198.84044,1.1,0.0,35.0,0.033835303,0.01,3000.0,0.1,17.650076,0.00023040721,0.0,0.0,10.0
44,30,0,8.0,0.717646,296.7087,-0.022211244,-5.4618263e-06,10.479041,199.58827,0.3,0.0,35.0,0.033835303,0.05,3000.0,0.015,88.25038,0.00023040718,0.0,0.0,50.0
53,101,0,15.0,0.717646,116.708694,-0.014639228,0.00024552026,8.869603,198.84044,0.3,0.0,35.0,0.033835303,0.05,3000.0,0.015,88.25038,0.00023040718,0.0,0.0,50.0
51,36,0,8.0,0.717646,296.7087,-0.009086417,1.793797e-05,9.56275,268.10938,1.1,0.0,35.0,0.033835303,0.01,3000.0,0.1,17.650076,0.00023040721,0.0,0.0,10.0
35,46,0,12.0,0.717646,116.708694,-0.0025240052,0.00012548908,8.869603,125.994446,1.1,0.0,35.0,0.033835303,0.01,3000.0,0.1,17.650076,0.00023040721,0.0,0.0,10.0
79,31,0,7.0,0.6451054,180.0,-0.0027799183,-6.337825e-05,9.669323,198.84044,1.1,0.0,35.0,0.033835303,0.01,3000.0,0.1,17.648827,0.00025760045,0.0,0.0,10.0
111,91,0,27.0,0.6451054,0.0,-0.047258615,-0.0005704042,8.976176,89.3698,1.1,0.0,35.0,0.033835303,0.01,3000.0,0.1,17.648827,0.00025760045,0.0,0.0,10.0
89,100,0,4.0,0.6410822,270.0,-0.084977694,-0.00021906602,12.201308,0.0,1.1,0.0,35.0,0.033835303,0.01,3000.0,0.1,17.648827,0.00025760045,0.0,0.0,10.0
3,5,0,13.0,0.6451054,180.0,0.0055598365,0.00015844562,8.976176,281.0262,1.1,0.0,35.0,0.033835303,0.01,3000.0,0.1,17.648827,0.00025760045,0.0,0.0,10.0
54,42,0,11.0,0.717646,63.29129,-0.017163234,0.0001507716,8.869603,282.43634,1.1,0.0,35.0,0.033835303,0.01,3000.0,0.1,17.650076,0.00023040721,0.0,0.0,10.0
58,0,0,2.0,0.6451054,0.0,-0.022239346,-0.0,10.922086,125.994446,0.7,0.0,35.0,0.033835303,0.1,3000.0,0.035,176.48827,0.00025760048,0.0,0.0,30.0
37,9,0,7.0,0.6410822,270.0,-0.0056651793,-0.00015647573,10.59187,399.17654,1.1,0.0,35.0,0.033835303,0.01,3000.0,0.1,17.648827,0.00025760045,0.0,0.0,10.0
84,95,0,5.0,0.6451054,0.0,-0.025019266,-0.00022182387,10.074788,88.81239,0.7,0.0,35.0,0.033835303,0.1,3000.0,0.035,176.48827,0.00025760048,0.0,0.0,30.0
36,28,0,4.0,0.6451054,180.0,0.0055598365,-0.0001267565,8.976176,397.68088,1.1,0.0,35.0,0.033835303,0.01,3000.0,0.1,17.648827,0.00025760045,0.0,0.0,10.0
92,12,0,9.0,0.717646,116.708694,0.0020192037,3.8088925e-05,8.869603,199.58827,1.1,0.0,35.0,0.033835303,0.01,3000.0,0.1,17.650076,0.00023040721,0.0,0.0,10.0
50,72,0,12.0,0.717646,116.708694,0.01161042,4.5122997e-05,8.869603,177.62479,1.1,0.0,35.0,0.033835303,0.01,3000.0,0.1,17.650076,0.00023040721,0.0,0.0,10.0
70,1,0,5.0,0.6451054,180.0,-0.019459428,-0.0002852021,9.669323,596.52136,1.1,0.0,35.0,0.033835303,0.01,3000.0,0.1,17.648827,0.00025760045,0.0,0.0,10.0
98,43,0,12.0,0.6410822,90.0,-0.0056651793,-0.00012518057,9.67558,628.0775,1.1,0.0,35.0,0.033835303,0.01,3000.0,0.1,17.648827,0.00025760045,0.0,0.0,10.0
39,40,0,12.0,0.6451054,0.0,0.0027799183,-6.337825e-05,8.976176,282.43634,1.1,0.0,35.0,0.033835303,0.01,3000.0,0.1,17.648827,0.00025760045,0.0,0.0,10.0
28,43,0,12.0,0.717646,296.7087,0.0065624127,0.0003563242,8.869603,178.7396,0.7,0.0,35.0,0.033835303,0.1,3000.0,0.035,176.50076,0.00023040718,0.0,0.0,30.0
42,57,0,8.0,0.717646,63.29129,-0.0060576117,-1.7627472e-05,9.56275,177.62479,1.1,0.0,35.0,0.033835303,0.01,3000.0,0.1,17.650076,0.00023040721,0.0,0.0,10.0
85,93,0,10.0,0.717646,243.2913,0.034831267,5.4657994e-06,8.869603,125.994446,1.1,0.0,35.0,0.033835303,0.01,3000.0,0.1,17.650076,0.00023040721,0.0,0.0,10.0
25,46,0,4.0,0.717646,296.7087,-0.0020192035,-0.00050867593,9.968215,177.62479,0.7,0.0,35.0,0.033835303,0.1,3000.0,0.035,176.50076,0.00023040718,0.0,0.0,30.0
61,19,0,7.0,0.717646,116.708694,-0.01009602,-0.00031404305,10.815514,321.61032,1.1,0.0,35.0,0.033835303,0.01,3000.0,0.1,17.650076,0.00023040721,0.0,0.0,10.0
40,64,0,16.0,0.717646,243.2913,-0.0010096026,0.00026378062,8.869603,357.4792,1.1,0.0,35.0,0.033835303,0.01,3000.0,0.1,17.650076,0.00023040721,0.0,0.0,10.0
114,46,0,11.0,0.717646,63.29129,-0.002524005,6.368985e-05,8.869603,251.98889,1.1,0.0,35.0,0.033835303,0.01,3000.0,0.1,17.650076,0.00023040721,0.0,0.0,10.0
82,42,0,10.0,0.717646,116.708694,0.015648829,-6.882538e-05,8.869603,177.62479,1.1,0.0,35.0,0.033835303,0.01,3000.0,0.1,17.650076,0.00023040721,0.0,0.0,10.0
25,1,0,1.0,0.717646,243.2913,0.01009602,-0.0007538817,11.354509,0.0,0.1,0.0,35.0,0.033835303,0.0,3000.0,0.05,0.0,0.00023040723,0.0,0.0,90.0
20,25,0,17.0,0.6410822,270.0,0.036823664,0.00037554174,8.982432,268.10938,1.1,0.0,35.0,0.033835303,0.01,3000.0,0.1,17.648827,0.00025760045,0.0,0.0,10.0
110,29,0,3.0,0.717646,116.708694,0.0005048013,-0.00025864108,11.434552,0.0,1.4,0.0,35.0,0.033835303,0.3,3000.0,0.04,529.5023,0.00023040718,0.0,0.0,40.0
121,97,0,22.0,0.6410822,90.0,-0.028325897,0.00015647574,8.982432,125.994446,1.1,0.0,35.0,0.033835303,0.01,3000.0,0.1,17.648827,0.00025760045,0.0,0.0,10.0
116,47,0,10.0,0.6451054,0.0,0.0027799183,3.1689124e-05,10.074788,366.31845,1.1,0.0,35.0,0.033835303,0.01,3000.0,0.1,17.648827,0.00025760045,0.0,0.0,10.0
97,53,0,4.0,0.717646,296.7087,-0.037860073,-0.00034542425,8.869603,89.3698,1.4,0.0,35.0,0.033835303,0.3,3000.0,0.04,529.5023,0.00023040718,0.0,0.0,40.0
32,74,0,11.0,0.717646,116.708694,-0.034326464,-0.00020073148,10.815514,445.0673,1.1,0.0,35.0,0.033835303,0.01,3000.0,0.1,17.650076,0.00023040721,0.0,0.0,10.0
62,56,0,19.0,0.6410822,90.0,0.014162948,0.00037554174,8.982432,251.98889,0.3,0.0,35.0,0.033835303,0.05,3000.0,0.015,88.24413,0.00025760045,0.0,0.0,50.0
56,117,0,8.0,0.717646,296.7087,-0.06663372,-0.000585188,12.50719,0.0,1.1,0.0,35.0,0.033835303,0.01,3000.0,0.1,17.650076,0.00023040721,0.0,0.0,10.0
6,112,0,31.0,0.6451054,180.0,-0.008339755,0.0001267565,8.976176,177.62479,1.1,0.0,35.0,0.033835303,0.01,3000.0,0.1,17.648827,0.00025760045,0.0,0.0,10.0
88,7,0,11.0,0.6410822,90.0,0.011330359,9.3885435e-05,8.982432,399.17654,1.1,0.0,35.0,0.033835303,0.01,3000.0,0.1,17.648827,0.00025760045,0.0,0.0,10.0
6,13,0,12.0,0.717646,296.7087,-0.008581617,7.775007e-05,8.869603,357.4792,1.1,0.0,35.0,0.033835303,0.01,3000.0,0.1,17.650076,0.00023040721,0.0,0.0,10.0
72,54,0,41.0,0.717646,243.2913,0.030792858,0.0004933619,8.869603,199.58827,1.1,0.0,35.0,0.033835303,0.01,3000.0,0.1,17.650076,0.00023040721,0.0,0.0,10.0
104,101,0,34.0,0.717646,296.7087,0.065624125,0.00012645614,8.869603,251.98889,1.1,0.0,35.0,0.033835303,0.01,3000.0,0.1,17.650076,0.00023040721,0.0,0.0,10.0
28,12,0,11.0,0.717646,243.2913,0.0010096021,-0.0002004052,8.869603,397.68088,1.1,0.0,35.0,0.033835303,0.01,3000.0,0.1,17.650076,0.00023040721,0.0,0.0,10.0
62,106,0,7.0,0.717646,63.29129,-0.0060576117,-0.00011426677,9.56275,199.58827,1.1,0.0,35.0,0.033835303,0.01,3000.0,0.1,17.650076,0.00023040721,0.0,0.0,10.0
64,92,0,4.0,0.717646,63.29129,-0.017163232,-0.00019464076,11.066828,89.3698,1.4,0.0,35.0,0.033835303,0.3,3000.0,0.04,529.5023,0.00023040718,0.0,0.0,40.0
24,48,0,3.0,0.717646,243.2913,-0.048460893,-0.00027249922,11.814042,0.0,1.1,0.0,35.0,0.033835303,0.01,3000.0,0.1,17.650076,0.00023040721,0.0,0.0,10.0
48,76,0,11.0,0.717646,243.2913,-0.016658433,1.8881305e-05,9.968215,268.10938,1.1,0.0,35.0,0.033835303,0.01,3000.0,0.1,17.650076,0.00023040721,0.0,0.0,10.0
42,73,0,12.0,0.717646,63.29129,0.0015144034,-0.0003037601,8.869603,199.58827,1.1,0.0,35.0,0.033835303,0.01,3000.0,0.1,17.650076,0.00023040721,0.0,0.0,10.0
64,40,0,9.0,0.717646,116.708694,0.009086419,-0.00020964038,8.869603,480.85815,1.1,0.0,35.0,0.033835303,0.01,3000.0,0.1,17.650076,0.00023040721,0.0,0.0,10.0
13,34,0,23.0,0.717646,116.708694,0.022716042,-2.8212975e-05,8.869603,355.24957,1.1,0.0,35.0,0.033835303,0.01,3000.0,0.1,17.650076,0.00023040721,0.0,0.0,10.0
42,52,0,10.0,0.717646,116.708694,-0.0075720153,-0.00024782974,8.869603,198.84044,1.1,0.0,35.0,0.033835303,0.01,3000.0,0.1,17.650076,0.00023040721,0.0,0.0,10.0
122,78,0,20.0,0.6410822,90.0,-0.05098661,-0.00028165628,10.081045,89.3698,1.1,0.0,35.0,0.033835303,0.01,3000.0,0.1,17.648827,0.00025760045,0.0,0.0,10.0
42,93,0,5.0,0.6451054,180.0,-0.027799184,-0.00044364773,11.541125,0.0,1.4,0.0,35.0,0.033835303,0.3,3000.0,0.04,529.46484,0.00025760048,0.0,0.0,40.0
102,74,0,17.0,0.717646,296.7087,-0.0015144019,-0.00069921307,8.869603,177.62479,1.1,0.0,35.0,0.033835303,0.01,3000.0,0.1,17.650076,0.00023040721,0.0,0.0,10.0
64,89,0,8.0,0.6410822,90.0,0.0028325897,3.129514e-05,8.982432,125.994446,1.1,0.0,35.0,0.033835303,0.01,3000.0,0.1,17.648827,0.00025760045,0.0,0.0,10.0
38,58,0,13.0,0.717646,243.2913,-0.0070672124,-7.348519e-06,9.968215,445.84766,1.1,0.0,35.0,0.033835303,0.01,3000.0,0.1,17.650076,0.00023040721,0.0,0.0,10.0
60,45,0,12.0,0.717646,296.7087,0.0055528115,-0.00013251918,8.869603,125.994446,1.1,0.0,35.0,0.033835303,0.01,3000.0,0.1,17.650076,0.00023040721,0.0,0.0,10.0
124,23,0,11.0,0.717646,296.7087,0.014134427,-0.0003655554,8.869603,89.3698,1.0,0.0,35.0,0.033835303,0.1,3000.0,0.035,176.50076,0.00023040718,0.0,0.0,0.0
29,13,0,11.0,0.717646,243.2913,-0.0025240046,-9.474866e-05,9.968215,281.0262,1.1,0.0,35.0,0.033835303,0.01,3000.0,0.1,17.650076,0.00023040721,0.0,0.0,10.0
31,97,0,15.0,0.6451054,0.0,0.019459428,6.337825e-05,8.976176,266.43716,1.1,0.0,35.0,0.033835303,0.01,3000.0,0.1,17.648827,0.00025760045,0.0,0.0,10.0
57,48,0,12.0,0.6451054,180.0,-0.0055598365,-0.0004119586,8.976176,89.3698,1.1,0.0,35.0,0.033835303,0.01,3000.0,0.1,17.648827,0.00025760045,0.0,0.0,10.0
5,109,0,19.0,0.717646,296.7087,-0.030792858,-0.00024616497,12.236899,0.0,1.1,0.0,35.0,0.033835303,0.01,3000.0,0.1,17.650076,0.00023040721,0.0,0.0,10.0
44,25,0,10.0,0.717646,243.2913,-0.0005048013,0.00022537723,8.869603,282.43634,1.1,0.0,35.0,0.033835303,0.01,3000.0,0.1,17.650076,0.00023040721,0.0,0.0,10.0
26,12,0,14.0,0.717646,116.708694,0.023725644,0.00014532954,8.869603,355.24957,1.1,0.0,35.0,0.033835303,0.01,3000.0,0.1,17.650076,0.00023040721,0.0,0.0,10.0
51,114,0,12.0,0.6410822,270.0,-0.0028325897,-0.00028165628,10.081045,281.0262,1.1,0.0,35.0,0.033835303,0.01,3000.0,0.1,17.648827,0.00025760045,0.0,0.0,10.0
61,40,0,14.0,0.717646,116.708694,0.01161042,0.00035884767,8.869603,366.31845,1.1,0.0,35.0,0.033835303,0.01,3000.0,0.1,17.650076,0.00023040721,0.0,0.0,10.0
96,25,0,12.0,0.6451054,180.0,0.013899592,0.0001267565,8.976176,357.4792,1.1,0.0,35.0,0.033835303,0.01,3000.0,0.1,17.648827,0.00025760045,0.0,0.0,10.0
1,42,0,12.0,0.6451054,0.0,0.022239346,0.00015844562,8.976176,366.31845,1.1,0.0,35.0,0.033835303,0.01,3000.0,0.1,17.648827,0.00025760045,0.0,0.0,10.0
48,119,0,13.0,0.717646,116.708694,-0.012620024,9.505916e-05,8.869603,199.58827,1.1,0.0,35.0,0.033835303,0.01,3000.0,0.1,17.650076,0.00023040721,0.0,0.0,10.0
38,11,0,9.0,0.717646,243.2913,-0.0040384075,1.8885263e-05,10.2558975,445.0673,1.1,0.0,35.0,0.033835303,0.01,3000.0,0.1,17.650076,0.00023040721,0.0,0.0,10.0
32,26,0,2.0,0.6451054,180.0,-0.0055598365,-6.337825e-05,10.074788,251.98889,1.4,0.0,35.0,0.033835303,0.3,3000.0,0.04,529.46484,0.00025760048,0.0,0.0,40.0
48,57,0,12.0,0.717646,296.7087,0.0020192035,0.00038350123,8.869603,266.43716,1.1,0.0,35.0,0.033835303,0.01,3000.0,0.1,17.650076,0.00023040721,0.0,0.0,10.0
59,89,0,15.0,0.717646,116.708694,0.02574485,0.00040208,8.869603,281.0262,1.1,0.0,35.0,0.033835303,0.01,3000.0,0.1,17.650076,0.00023040721,0.0,0.0,10.0
37,62,0,14.0,0.717646,63.29129,0.0065624127,-4.9311227e-05,8.869603,480.85815,1.1,0.0,35.0,0.033835303,0.01,3000.0,0.1,17.650076,0.00023040721,0.0,0.0,10.0
55,73,0,8.0,0.717646,243.2913,0.0126200225,-0.00075262,8.869603,88.81239,1.1,0.0,35.0,0.033835303,0.01,3000.0,0.1,17.650076,0.00023040721,0.0,0.0,10.0
8,6,0,11.0,0.717646,296.7087,-0.0065624127,5.0887407e-05,8.869603,125.994446,1.1,0.0,35.0,0.033835303,0.01,3000.0,0.1,17.650076,0.00023040721,0.0,0.0,10.0
56,87,0,11.0,0.717646,63.29129,-0.008076815,-0.00027595414,10.479041,199.58827,1.1,0.0,35.0,0.033835303,0.01,3000.0,0.1,17.650076,0.00023040721,0.0,0.0,10.0
116,116,0,49.0,0.717646,243.2913,0.11257062,0.0007312508,8.869603,177.62479,1.1,0.0,35.0,0.033835303,0.01,3000.0,0.1,17.650076,0.00023040721,0.0,0.0,10.0
9,82,0,30.0,0.6451054,180.0,-0.0055598365,-0.00044364773,10.074788,320.83734,1.1,0.0,35.0,0.033835303,0.01,3000.0,0.1,17.648827,0.00025760045,0.0,0.0,10.0
2,90,0,10.0,0.717646,63.29129,0.011610422,-0.00045872788,10.661363,125.994446,1.1,0.0,35.0,0.033835303,0.01,3000.0,0.1,17.650076,0.00023040721,0.0,0.0,10.0
91,36,0,13.0,0.6410822,90.0,0.008497769,-0.0,8.982432,368.3463,1.1,0.0,35.0,0.033835303,0.01,3000.0,0.1,17.648827,0.00025760045,0.0,0.0,10.0
4,4,0,12.0,0.717646,63.29129,0.003028806,2.4657584e-05,8.869603,282.43634,1.1,0.0,35.0,0.033835303,0.01,3000.0,0.1,17.650076,0.00023040721,0.0,0.0,10.0
62,30,0,5.0,0.717646,63.29129,-0.004038407,-0.00013955326,8.869603,199.58827,1.1,0.0,35.0,0.033835303,0.01,3000.0,0.1,17.650076,0.00023040721,0.0,0.0,10.0
62,19,0,9.0,0.6410822,270.0,-0.008497769,6.259028e-05,8.982432,321.61032,1.1,0.0,35.0,0.033835303,0.01,3000.0,0.1,17.648827,0.00025760045,0.0,0.0,10.0
12,10,0,11.0,0.6410822,270.0,0.0056651793,6.259028e-05,8.982432,125.994446,1.1,0.0,35.0,0.033835303,0.01,3000.0,0.1,17.648827,0.00025760045,0.0,0.0,10.0
20,2,0,5.0,0.717646,116.708694,-0.01615363,-4.9633578e-05,8.869603,125.994446,1.1,0.0,35.0,0.033835303,0.01,3000.0,0.1,17.650076,0.00023040721,0.0,0.0,10.0
75,15,0,6.0,0.6451054,180.0,-0.013899592,-9.506737e-05,9.669323,198.84044,1.1,0.0,35.0,0.033835303,0.01,3000.0,0.1,17.648827,0.00025760045,0.0,0.0,10.0
59,72,0,18.0,0.717646,116.708694,-0.049470495,0.00014656752,11.7599745,0.0,1.1,0.0,35.0,0.033835303,0.01,3000.0,0.1,17.650076,0.00023040721,0.0,0.0,10.0
50,81,0,15.0,0.717646,116.708694,0.013124826,-3.8399423e-05,8.869603,199.58827,1.1,0.0,35.0,0.033835303,0.01,3000.0,0.1,17.650076,0.00023040721,0.0,0.0,10.0
43,0,0,11.0,0.6410822,270.0,-0.011330359,3.129514e-05,8.982432,368.3463,1.1,0.0,35.0,0.033835303,0.01,3000.0,0.1,17.648827,0.00025760045,0.0,0.0,10.0
53,83,0,13.0,0.6410822,90.0,0.0028325897,-0.00015647573,8.982432,125.994446,1.1,0.0,35.0,0.033835303,0.01,3000.0,0.1,17.648827,0.00025760045,0.0,0.0,10.0
30,32,0,14.0,0.6410822,270.0,0.025493305,0.00021906602,8.982432,198.84044,1.1,0.0,35.0,0.033835303,0.01,3000.0,0.1,17.648827,0.00025760045,0.0,0.0,10.0
40,70,0,12.0,0.717646,296.7087,-0.012115223,-6.694264e-05,8.869603,88.81239,1.1,0.0,35.0,0.033835303,0.01,3000.0,0.1,17.650076,0.00023040721,0.0,0.0,10.0
14,90,0,16.0,0.6410822,90.0,-0.019828126,-3.129515e-05,8.982432,199.58827,1.1,0.0,35.0,0.033835303,0.01,3000.0,0.1,17.648827,0.00025760045,0.0,0.0,10.0
70,41,0,13.0,0.717646,296.7087,0.006057611,0.00020775368,8.869603,266.43716,1.1,0.0,35.0,0.033835303,0.01,3000.0,0.1,17.650076,0.00023040721,0.0,0.0,10.0
35,13,0,11.0,0.6410822,90.0,0.0056651793,-3.129515e-05,8.982432,520.2526,1.1,0.0,35.0,0.033835303,0.01,3000.0,0.1,17.648827,0.00025760045,0.0,0.0,10.0
47,16,0,10.0,0.6451054,180.0,0.022239346,0.00022182387,8.976176,251.98889,1.1,0.0,35.0,0.033835303,0.01,3000.0,0.1,17.648827,0.00025760045,0.0,0.0,10.0
86,39,0,9.0,0.717646,296.7087,-0.0,-0.00018855001,9.968215,320.83734,1.1,0.0,35.0,0.033835303,0.01,3000.0,0.1,17.650076,0.00023040721,0.0,0.0,10.0
59,100,0,6.0,0.6410822,270.0,-0.0028325897,-0.0006884932,10.368727,282.43634,1.1,0.0,35.0,0.033835303,0.01,3000.0,0.1,17.648827,0.00025760045,0.0,0.0,10.0
32,2,0,6.0,0.6451054,180.0,-0.01667951,-0.0002852021,11.173401,445.0673,1.1,0.0,35.0,0.033835303,0.01,3000.0,0.1,17.648827,0.00025760045,0.0,0.0,10.0
74,46,0,4.0,0.6410822,270.0,-0.008497769,-6.259028e-05,10.081045,88.81239,1.1,0.0,35.0,0.033835303,0.01,3000.0,0.1,17.648827,0.00025760045,0.0,0.0,10.0
10,104,0,29.0,0.717646,63.29129,0.012115224,-8.834349e-05,11.066828,125.994446,1.1,0.0,35.0,0.033835303,0.01,3000.0,0.1,17.650076,0.00023040721,0.0,0.0,10.0
50,21,0,3.0,0.6451054,180.0,-0.008339755,-3.1689124e-05,8.976176,125.994446,1.4,0.0,35.0,0.033835303,0.3,3000.0,0.04,529.46484,0.00025760048,0.0,0.0,40.0
95,14,0,4.0,0.6410822,270.0,-0.022660717,-0.00015647573,12.240529,0.0,1.1,0.0,35.0,0.033835303,0.01,3000.0,0.1,17.648827,0.00025760045,0.0,0.0,10.0
23,5,0,2.0,0.6451054,0.0,-0.022239346,-0.000507026,9.669323,88.81239,0.7,0.0,35.0,0.033835303,0.1,3000.0,0.035,176.48827,0.00025760048,0.0,0.0,30.0
34,71,0,17.0,0.6410822,270.0,0.048154023,0.00021906602,8.982432,281.0262,1.1,0.0,35.0,0.033835303,0.01,3000.0,0.1,17.648827,0.00025760045,0.0,0.0,10.0
11,25,0,10.0,0.717646,116.708694,0.0055528106,0.00018120548,8.869603,198.84044,1.1,0.0,35.0,0.033835303,0.01,3000.0,0.1,17.650076,0.00023040721,0.0,0.0,10.0
18,3,0,12.0,0.6451054,180.0,0.044478692,0.0003485804,8.976176,178.7396,1.1,0.0,35.0,0.033835303,0.01,3000.0,0.1,17.648827,0.00025760045,0.0,0.0,10.0
48,38,0,12.0,0.6451054,0.0,0.013899592,-9.506737e-05,8.976176,125.994446,1.1,0.0,35.0,0.033835303,0.01,3000.0,0.1,17.648827,0.00025760045,0.0,0.0,10.0
52,91,0,13.0,0.6451054,180.0,-0.002779919,-9.506737e-05,10.074788,282.43634,1.1,0.0,35.0,0.033835303,0.01,3000.0,0.1,17.648827,0.00025760045,0.0,0.0,10.0
99,15,0,8.0,0.717646,243.2913,-0.0141344275,-0.00020009467,9.968215,368.3463,1.1,0.0,35.0,0.033835303,0.01,3000.0,0.1,17.650076,0.00023040721,0.0,0.0,10.0
96,22,0,11.0,0.717646,296.7087,0.0010096021,1.8256365e-05,8.869603,282.43634,1.1,0.0,35.0,0.033835303,0.01,3000.0,0.1,17.650076,0.00023040721,0.0,0.0,10.0
30,98,0,14.0,0.6451054,0.0,-0.030579105,-9.506737e-05,10.767936,251.98889,1.1,0.0,35.0,0.033835303,0.01,3000.0,0.1,17.648827,0.00025760045,0.0,0.0,10.0
89,90,0,10.0,0.6410822,90.0,-0.062316973,-0.0004068369,12.026955,0.0,1.1,0.0,35.0,0.033835303,0.01,3000.0,0.1,17.648827,0.00025760045,0.0,0.0,10.0
2,69,0,2.0,0.6451054,0.0,-0.025019268,-0.00015844562,10.585614,88.81239,1.1,0.0,35.0,0.033835303,0.01,3000.0,0.1,17.648827,0.00025760045,0.0,0.0,10.0
124,47,0,10.0,0.6451054,0.0,-0.0055598365,-0.0,8.976176,397.68088,1.0,0.0,35.0,0.033835303,0.1,3000.0,0.035,176.48827,0.00025760045,0.0,0.0,0.0
13,12,0,10.0,0.717646,63.29129,0.0055528115,0.00011783007,8.869603,320.83734,1.1,0.0,35.0,0.033835303,0.01,3000.0,0.1,17.650076,0.00023040721,0.0,0.0,10.0
17,24,0,9.0,0.6451054,180.0,-0.0055598365,0.0001267565,8.976176,198.84044,1.1,0.0,35.0,0.033835303,0.01,3000.0,0.1,17.648827,0.00025760045,0.0,0.0,10.0
28,10,0,10.0,0.717646,296.7087,-0.0060576117,7.585944e-05,9.56275,251.98889,0.3,0.0,35.0,0.033835303,0.05,3000.0,0.015,88.25038,0.00023040718,0.0,0.0,50.0
98,22,0,10.0,0.6410822,90.0,-0.008497769,-3.129514e-05,10.081045,125.994446,1.1,0.0,35.0,0.033835303,0.01,3000.0,0.1,17.648827,0.00025760045,0.0,0.0,10.0
54,47,0,15.0,0.6410822,270.0,0.008497769,0.00012518057,8.982432,199.58827,1.1,0.0,35.0,0.033835303,0.01,3000.0,0.1,17.648827,0.00025760045,0.0,0.0,10.0
64,104,0,5.0,0.717646,63.29129,-0.024230449,-0.00013703766,9.56275,198.84044,1.4,0.0,35.0,0.033835303,0.3,3000.0,0.04,529.5023,0.00023040718,0.0,0.0,40.0
51,81,0,14.0,0.6410822,90.0,-0.0056651793,-3.129514e-05,8.982432,199.58827,1.1,0.0,35.0,0.033835303,0.01,3000.0,0.1,17.648827,0.00025760045,0.0,0.0,10.0
32,15,0,13.0,0.717646,243.2913,0.004543209,0.0001312614,8.869603,199.58827,1.1,0.0,35.0,0.033835303,0.01,3000.0,0.1,17.650076,0.00023040721,0.0,0.0,10.0
71,105,0,6.0,0.6451054,180.0,0.008339755,-0.0003485804,8.976176,251.98889,1.4,0.0,35.0,0.033835303,0.3,3000.0,0.04,529.46484,0.00025760048,0.0,0.0,40.0
101,44,0,13.0,0.6451054,0.0,0.008339755,-9.506737e-05,9.669323,562.0524,1.1,0.0,35.0,0.033835303,0.01,3000.0,0.1,17.648827,0.00025760045,0.0,0.0,10.0
40,58,0,13.0,0.6410822,90.0,-0.008497769,0.00015647573,8.982432,320.83734,0.3,0.0,35.0,0.033835303,0.05,3000.0,0.015,88.24413,0.00025760045,0.0,0.0,50.0
28,15,0,10.0,0.72034484,206.42194,-0.0004991476,-5.6706907e-05,8.8658495,199.58827,1.1,0.0,35.0,0.033835303,0.01,3000.0,0.1,17.650076,0.00023040721,0.0,0.0,10.0
31,14,0,13.0,0.72034484,206.42194,-0.0039931824,0.00017694515,8.8658495,198.84044,1.1,0.0,35.0,0.033835303,0.01,3000.0,0.1,17.650076,0.00023040721,0.0,0.0,10.0
53,110,0,14.0,0.72034484,333.57806,-0.0024957391,-3.1609616e-05,8.8658495,125.994446,1.1,0.0,35.0,0.033835303,0.01,3000.0,0.1,17.650076,0.00023040721,0.0,0.0,10.0
44,63,0,11.0,0.90943825,135.17923,-0.005952527,0.00022039961,8.632721,88.81239,1.1,0.0,35.0,0.033835303,0.01,3000.0,0.1,17.652287,0.00018217335,0.0,0.0,10.0
43,15,0,9.0,0.72034484,153.57806,-0.004991478,0.00018870572,8.8658495,89.3698,0.3,0.0,35.0,0.033835303,0.05,3000.0,0.015,88.25038,0.00023040718,0.0,0.0,50.0
116,111,0,60.0,0.72034484,333.57806,0.08335769,0.0007184209,8.8658495,357.4792,0.7,0.0,35.0,0.033835303,0.1,3000.0,0.035,176.50076,0.00023040718,0.0,0.0,30.0
119,20,0,23.0,0.72034484,26.42193,0.023959097,-8.0536214e-05,8.8658495,251.98889,1.1,0.0,35.0,0.033835303,0.01,3000.0,0.1,17.650076,0.00023040721,0.0,0.0,10.0
68,81,0,53.0,0.90943825,315.17923,0.04762021,7.20637e-05,8.632721,281.0262,1.1,0.0,35.0,0.033835303,0.01,3000.0,0.1,17.652287,0.00018217335,0.0,0.0,10.0
30,12,0,14.0,0.90943825,135.17923,0.016865494,7.813495e-05,8.632721,355.24957,1.1,0.0,35.0,0.033835303,0.01,3000.0,0.1,17.652287,0.00018217335,0.0,0.0,10.0
30,41,0,11.0,0.9615732,90.0,0.003776786,-6.2575586e-05,8.576967,177.62479,1.1,0.0,35.0,0.033835303,0.01,3000.0,0.1,17.652765,0.00017176698,0.0,0.0,10.0
118,11,0,15.0,0.90943825,224.82077,-0.0059525273,-3.1883865e-05,10.019015,366.31845,1.1,0.0,35.0,0.033835303,0.01,3000.0,0.1,17.652287,0.00018217335,0.0,0.0,10.0
74,15,0,7.0,0.72034484,153.57806,-0.0109812515,0.00020141041,8.8658495,251.98889,1.1,0.0,35.0,0.033835303,0.01,3000.0,0.1,17.650076,0.00023040721,0.0,0.0,10.0
38,63,0,14.0,0.90943825,315.17923,0.0019841755,3.2275395e-05,8.632721,520.2526,1.1,0.0,35.0,0.033835303,0.01,3000.0,0.1,17.652287,0.00018217335,0.0,0.0,10.0
53,85,0,12.0,0.9615732,90.0,-0.015107144,-0.00031287794,10.522878,125.994446,0.3,0.0,35.0,0.033835303,0.05,3000.0,0.015,88.26383,0.00017176695,0.0,0.0,50.0
106,0,0,15.0,0.72034484,206.42194,-0.009982957,-1.2640716e-06,8.8658495,366.31845,1.1,0.0,35.0,0.033835303,0.01,3000.0,0.1,17.650076,0.00023040721,0.0,0.0,10.0
102,12,0,4.0,0.72034484,26.42193,-0.008485514,4.368227e-05,9.964461,281.0262,1.1,0.0,35.0,0.033835303,0.01,3000.0,0.1,17.650076,0.00023040721,0.0,0.0,10.0
44,54,0,10.0,0.72034484,206.42194,0.0054906257,0.00021380695,8.8658495,199.58827,1.1,0.0,35.0,0.033835303,0.01,3000.0,0.1,17.650076,0.00023040721,0.0,0.0,10.0
79,30,0,8.0,0.90943825,224.82077,0.0029762636,-1.4756273e-05,8.632721,251.98889,1.1,0.0,35.0,0.033835303,0.01,3000.0,0.1,17.652287,0.00018217335,0.0,0.0,10.0
69,42,0,11.0,0.9615732,270.0,0.015107144,-0.0,8.576967,198.84044,1.1,0.0,35.0,0.033835303,0.01,3000.0,0.1,17.652765,0.00017176698,0.0,0.0,10.0
22,38,0,3.0,0.90943825,224.82077,-0.008928791,-7.970598e-05,10.242159,282.43634,1.4,0.0,35.0,0.033835303,0.3,3000.0,0.04,529.56866,0.00018217333,0.0,0.0,40.0
31,34,0,11.0,0.72034484,153.57806,-0.01597273,4.431038e-05,8.8658495,355.24957,1.1,0.0,35.0,0.033835303,0.01,3000.0,0.1,17.650076,0.00023040721,0.0,0.0,10.0
58,38,0,11.0,0.72034484,153.57806,-0.000998295,-0.00017600102,9.558996,251.98889,1.1,0.0,35.0,0.033835303,0.01,3000.0,0.1,17.650076,0.00023040721,0.0,0.0,10.0
35,93,0,11.0,0.90943825,315.17923,-0.015873404,3.8414922e-07,8.632721,366.31845,1.1,0.0,35.0,0.033835303,0.01,3000.0,0.1,17.652287,0.00018217335,0.0,0.0,10.0
42,8,0,4.0,0.90943825,315.17923,-0.016865494,-0.00020486765,10.57863,125.994446,1.4,0.0,35.0,0.033835303,0.3,3000.0,0.04,529.56866,0.00018217333,0.0,0.0,40.0
104,51,0,13.0,0.72034484,206.42194,-0.0059897737,-8.275226e-05,8.8658495,88.81239,1.1,0.0,35.0,0.033835303,0.01,3000.0,0.1,17.650076,0.00023040721,0.0,0.0,10.0
37,76,0,11.0,0.90943825,44.820763,-0.002976264,7.733465e-05,8.632721,251.98889,1.1,0.0,35.0,0.033835303,0.01,3000.0,0.1,17.652287,0.00018217335,0.0,0.0,10.0
72,12,0,5.0,0.9615732,270.0,-0.0,3.1287793e-05,8.576967,368.3463,1.4,0.0,35.0,0.033835303,0.3,3000.0,0.04,529.583,0.000171767,0.0,0.0,40.0
119,59,0,55.0,0.72034484,206.42194,0.0029948866,2.1000851e-05,8.8658495,268.10938,1.1,0.0,35.0,0.033835303,0.01,3000.0,0.1,17.650076,0.00023040721,0.0,0.0,10.0
29,50,0,12.0,0.9615732,90.0,-0.009441964,-0.00012515117,8.576967,281.0262,1.1,0.0,35.0,0.033835303,0.01,3000.0,0.1,17.652765,0.00017176698,0.0,0.0,10.0
59,46,0,10.0,0.90943825,315.17923,-0.011905055,-0.0002511089,11.19767,0.0,1.1,0.0,35.0,0.033835303,0.01,3000.0,0.1,17.652287,0.00018217335,0.0,0.0,10.0
34,50,0,14.0,0.90943825,315.17923,0.003968351,3.9644942e-07,8.632721,320.83734,1.1,0.0,35.0,0.033835303,0.01,3000.0,0.1,17.652287,0.00018217335,0.0,0.0,10.0
23,26,0,9.0,0.90943825,315.17923,-0.0,-0.00037665223,9.325868,88.81239,1.1,0.0,35.0,0.033835303,0.01,3000.0,0.1,17.652287,0.00018217335,0.0,0.0,10.0
70,37,0,4.0,0.72034484,333.57806,0.0054906267,-0.00022745576,9.558996,89.3698,1.4,0.0,35.0,0.033835303,0.3,3000.0,0.04,529.5023,0.00023040718,0.0,0.0,40.0
46,63,0,6.0,0.72034484,206.42194,-0.035938647,-0.00017727294,11.910372,0.0,1.4,0.0,35.0,0.033835303,0.3,3000.0,0.04,529.5023,0.00023040718,0.0,0.0,40.0
90,35,0,14.0,0.9615732,90.0,0.001888393,0.00025030234,8.576967,268.10938,1.1,0.0,35.0,0.033835303,0.01,3000.0,0.1,17.652765,0.00017176698,0.0,0.0,10.0
30,90,0,6.0,0.90943825,315.17923,-0.006944615,-0.00029813807,9.325868,198.84044,1.4,0.0,35.0,0.033835303,0.3,3000.0,0.04,529.56866,0.00018217333,0.0,0.0,40.0
37,100,0,6.0,0.90943825,315.17923,-0.034723073,-0.00010845026,8.632721,125.994446,1.1,0.0,35.0,0.033835303,0.01,3000.0,0.1,17.652287,0.00018217335,0.0,0.0,10.0
70,105,0,6.0,0.72034484,206.42194,-0.011480399,-0.00011037382,9.558996,178.7396,1.4,0.0,35.0,0.033835303,0.3,3000.0,0.04,529.5023,0.00023040718,0.0,0.0,40.0
95,63,0,16.0,0.90943825,135.17923,0.038691428,-0.0018377808,10.019015,198.84044,0.3,0.0,35.0,0.033835303,0.05,3000.0,0.015,88.26144,0.00018217333,0.0,0.0,50.0
61,28,0,8.0,0.90943825,44.820763,0.0009920879,1.6334694e-05,8.632721,198.84044,1.1,0.0,35.0,0.033835303,0.01,3000.0,0.1,17.652287,0.00018217335,0.0,0.0,10.0
121,40,0,10.0,0.72034484,206.42194,0.0074872174,9.480621e-07,8.8658495,266.43716,1.1,0.0,35.0,0.033835303,0.01,3000.0,0.1,17.650076,0.00023040721,0.0,0.0,10.0
35,7,0,9.0,0.72034484,153.57806,-0.0049914783,-9.4512834e-05,8.8658495,536.21875,1.1,0.0,35.0,0.033835303,0.01,3000.0,0.1,17.650076,0.00023040721,0.0,0.0,10.0
94,19,0,11.0,0.90943825,135.17923,-0.007936702,0.00025346052,8.632721,452.96576,1.1,0.0,35.0,0.033835303,0.01,3000.0,0.1,17.652287,0.00018217335,0.0,0.0,10.0
61,23,0,11.0,0.9615732,90.0,0.003776786,6.2575586e-05,8.576967,281.0262,1.1,0.0,35.0,0.033835303,0.01,3000.0,0.1,17.652765,0.00017176698,0.0,0.0,10.0
16,0,0,6.0,0.72034484,26.42193,-0.01597273,0.00035882252,8.8658495,178.7396,1.1,0.0,35.0,0.033835303,0.01,3000.0,0.1,17.650076,0.00023040721,0.0,0.0,10.0
6,40,0,6.0,0.90943825,135.17923,-0.0019841744,-0.0007891258,10.42448,281.0262,1.1,0.0,35.0,0.033835303,0.01,3000.0,0.1,17.652287,0.00018217335,0.0,0.0,10.0
48,43,0,13.0,0.9615732,270.0,0.005665179,6.2575586e-05,8.576967,268.10938,1.1,0.0,35.0,0.033835303,0.01,3000.0,0.1,17.652765,0.00017176698,0.0,0.0,10.0
73,42,0,13.0,0.9615732,90.0,0.011330358,0.00025030234,8.576967,321.61032,1.1,0.0,35.0,0.033835303,0.01,3000.0,0.1,17.652765,0.00017176698,0.0,0.0,10.0
37,91,0,14.0,0.90943825,135.17923,0.017857581,-3.0687126e-05,8.632721,397.68088,1.1,0.0,35.0,0.033835303,0.01,3000.0,0.1,17.652287,0.00018217335,0.0,0.0,10.0
105,24,0,10.0,0.9615732,90.0,0.001888393,9.386339e-05,8.576967,320.83734,1.1,0.0,35.0,0.033835303,0.01,3000.0,0.1,17.652765,0.00017176698,0.0,0.0,10.0
32,12,0,10.0,0.72034484,26.42193,-0.020964209,-1.8908853e-05,9.964461,397.68088,0.3,0.0,35.0,0.033835303,0.05,3000.0,0.015,88.25038,0.00023040718,0.0,0.0,50.0
37,13,0,9.0,0.72034484,333.57806,-0.0044923304,-6.9099515e-05,9.558996,480.85815,1.1,0.0,35.0,0.033835303,0.01,3000.0,0.1,17.650076,0.00023040721,0.0,0.0,10.0
42,39,0,7.0,0.9615732,270.0,-0.018883929,-0.00037545356,11.66801,0.0,1.1,0.0,35.0,0.033835303,0.01,3000.0,0.1,17.652765,0.00017176698,0.0,0.0,10.0
43,62,0,9.0,0.72034484,26.42193,-0.0074872174,-0.00015741606,9.558996,198.84044,1.1,0.0,35.0,0.033835303,0.01,3000.0,0.1,17.650076,0.00023040721,0.0,0.0,10.0
34,40,0,11.0,0.72034484,333.57806,-0.012977844,3.716996e-05,9.558996,251.98889,1.1,0.0,35.0,0.033835303,0.01,3000.0,0.1,17.650076,0.00023040721,0.0,0.0,10.0
31,51,0,15.0,0.9615732,270.0,0.016995536,0.00037545356,8.576967,366.31845,1.1,0.0,35.0,0.033835303,0.01,3000.0,0.1,17.652765,0.00017176698,0.0,0.0,10.0
47,76,0,9.0,0.72034484,206.42194,-0.0014974427,-0.0002342841,11.168434,178.7396,1.1,0.0,35.0,0.033835303,0.01,3000.0,0.1,17.650076,0.00023040721,0.0,0.0,10.0
69,68,0,20.0,0.72034484,26.42193,-0.023959097,-0.00067366246,11.573899,0.0,1.1,0.0,35.0,0.033835303,0.01,3000.0,0.1,17.650076,0.00023040721,0.0,0.0,10.0
40,27,0,2.0,0.72034484,26.42193,-0.019466765,-3.812587e-05,9.964461,125.994446,1.4,0.0,35.0,0.033835303,0.3,3000.0,0.04,529.5023,0.00023040718,0.0,0.0,40.0
1,0,0,9.0,0.72034484,206.42194,-0.019965913,-3.2245574e-05,8.8658495,88.81239,1.1,0.0,35.0,0.033835303,0.01,3000.0,0.1,17.650076,0.00023040721,0.0,0.0,10.0
63,41,0,8.0,0.90943825,315.17923,-0.0,-0.00031446788,10.242159,518.7231,1.1,0.0,35.0,0.033835303,0.01,3000.0,0.1,17.652287,0.00018217335,0.0,0.0,10.0
76,1,0,6.0,0.90943825,44.820763,-0.009920878,2.9904066e-05,8.632721,596.52136,1.1,0.0,35.0,0.033835303,0.01,3000.0,0.1,17.652287,0.00018217335,0.0,0.0,10.0
42,0,0,8.0,0.72034484,333.57806,0.007986366,-0.00010038919,9.964461,282.43634,1.1,0.0,35.0,0.033835303,0.01,3000.0,0.1,17.650076,0.00023040721,0.0,0.0,10.0
28,70,0,7.0,0.9615732,90.0,-0.007553572,-0.00034416572,11.061874,0.0,1.1,0.0,35.0,0.033835303,0.01,3000.0,0.1,17.652765,0.00017176698,0.0,0.0,10.0
80,20,0,19.0,0.72034484,206.42194,0.02795228,-6.8143614e-05,8.8658495,320.83734,1.1,0.0,35.0,0.033835303,0.01,3000.0,0.1,17.650076,0.00023040721,0.0,0.0,10.0
92,31,0,8.0,0.9615732,270.0,-0.011330358,-0.00015643897,10.186405,89.3698,1.1,0.0,35.0,0.033835303,0.01,3000.0,0.1,17.652765,0.00017176698,0.0,0.0,10.0
96,32,0,10.0,0.72034484,26.42193,-0.0014974438,-0.00017012074,9.558996,251.98889,1.1,0.0,35.0,0.033835303,0.01,3000.0,0.1,17.650076,0.00023040721,0.0,0.0,10.0
36,76,0,11.0,0.72034484,26.42193,0.0004991475,5.513075e-05,9.558996,321.61032,1.1,0.0,35.0,0.033835303,0.01,3000.0,0.1,17.650076,0.00023040721,0.0,0.0,10.0
64,118,0,44.0,0.90943825,224.82077,0.055556916,-5.8209993e-05,8.632721,177.62479,1.1,0.0,35.0,0.033835303,0.01,3000.0,0.1,17.652287,0.00018217335,0.0,0.0,10.0
61,97,0,15.0,0.72034484,206.42194,-0.012977843,0.00028594254,8.8658495,321.61032,1.1,0.0,35.0,0.033835303,0.01,3000.0,0.1,17.650076,0.00023040721,0.0,0.0,10.0
102,69,0,19.0,0.9615732,90.0,0.009441964,-0.0011889362,8.576967,251.98889,1.1,0.0,35.0,0.033835303,0.01,3000.0,0.1,17.652765,0.00017176698,0.0,0.0,10.0
102,41,0,15.0,0.90943825,315.17923,0.013889229,-0.00015821027,8.632721,281.0262,1.1,0.0,35.0,0.033835303,0.01,3000.0,0.1,17.652287,0.00018217335,0.0,0.0,10.0
68,106,0,4.0,0.72034484,26.42193,0.0004991479,-0.0006396331,8.8658495,88.81239,1.1,0.0,35.0,0.033835303,0.01,3000.0,0.1,17.650076,0.00023040721,0.0,0.0,10.0
23,79,0,15.0,0.72034484,153.57806,-0.03294376,0.0002568493,8.8658495,199.58827,1.1,0.0,35.0,0.033835303,0.01,3000.0,0.1,17.650076,0.00023040721,0.0,0.0,10.0
63,107,0,5.0,0.9615732,90.0,-0.009441964,-0.00015643897,9.67558,89.3698,1.4,0.0,35.0,0.033835303,0.3,3000.0,0.04,529.583,0.000171767,0.0,0.0,40.0
15,8,0,11.0,0.72034484,153.57806,0.0029948866,8.8316534e-05,8.8658495,268.10938,1.1,0.0,35.0,0.033835303,0.01,3000.0,0.1,17.650076,0.00023040721,0.0,0.0,10.0
95,106,0,23.0,0.90943825,44.820763,0.007936704,-0.0010669795,9.731333,198.84044,0.3,0.0,35.0,0.033835303,0.05,3000.0,0.015,88.26144,0.00018217333,0.0,0.0,50.0
58,93,0,2.0,0.72034484,333.57806,-0.037436087,-0.00031452393,12.421197,0.0,1.4,0.0,35.0,0.033835303,0.3,3000.0,0.04,529.5023,0.00023040718,0.0,0.0,40.0
90,31,0,8.0,0.72034484,153.57806,-0.0054906257,-9.020873e-05,8.8658495,89.3698,1.1,0.0,35.0,0.033835303,0.01,3000.0,0.1,17.650076,0.00023040721,0.0,0.0,10.0
38,82,0,17.0,0.72034484,26.42193,-0.004991479,0.00028258652,8.8658495,281.0262,1.1,0.0,35.0,0.033835303,0.01,3000.0,0.1,17.650076,0.00023040721,0.0,0.0,10.0
85,13,0,15.0,0.90943825,44.820763,0.017857581,9.2893686e-05,8.632721,445.0673,1.1,0.0,35.0,0.033835303,0.01,3000.0,0.1,17.652287,0.00018217335,0.0,0.0,10.0
44,67,0,16.0,0.72034484,153.57806,0.019965913,0.00015899616,8.8658495,125.994446,1.1,0.0,35.0,0.033835303,0.01,3000.0,0.1,17.650076,0.00023040721,0.0,0.0,10.0
66,90,0,7.0,0.72034484,153.57806,0.013476992,-4.3050233e-05,8.8658495,198.84044,1.1,0.0,35.0,0.033835303,0.01,3000.0,0.1,17.650076,0.00023040721,0.0,0.0,10.0
12,12,0,11.0,0.9615732,270.0,-0.0,9.386339e-05,8.576967,281.0262,0.3,0.0,35.0,0.033835303,0.05,3000.0,0.015,88.26383,0.00017176695,0.0,0.0,50.0
15,22,0,4.0,0.90943825,44.820763,-0.02281802,1.671391e-05,10.019015,89.3698,1.1,0.0,35.0,0.033835303,0.01,3000.0,0.1,17.652287,0.00018217335,0.0,0.0,10.0
82,12,0,13.0,0.90943825,224.82077,0.012897142,-4.7418274e-05,8.632721,357.4792,1.1,0.0,35.0,0.033835303,0.01,3000.0,0.1,17.652287,0.00018217335,0.0,0.0,10.0
124,50,0,12.0,0.90943825,135.17923,0.0019841755,3.1093427e-05,8.632721,368.3463,1.0,0.0,35.0,0.033835303,0.1,3000.0,0.035,176.52287,0.00018217332,0.0,0.0,0.0
1,62,0,11.0,0.9615732,90.0,0.007553572,0.00012515117,8.576967,532.8743,1.1,0.0,35.0,0.033835303,0.01,3000.0,0.1,17.652765,0.00017176698,0.0,0.0,10.0
33,41,0,14.0,0.72034484,26.42193,0.017470174,9.4516756e-05,8.8658495,282.43634,1.1,0.0,35.0,0.033835303,0.01,3000.0,0.1,17.650076,0.00023040721,0.0,0.0,10.0
62,24,0,7.0,0.90943825,135.17923,-0.013889229,-0.00022001792,10.712162,251.98889,1.1,0.0,35.0,0.033835303,0.01,3000.0,0.1,17.652287,0.00018217335,0.0,0.0,10.0
54,100,0,16.0,0.90943825,135.17923,0.007936702,0.00018931602,8.632721,199.58827,1.1,0.0,35.0,0.033835303,0.01,3000.0,0.1,17.652287,0.00018217335,0.0,0.0,10.0
23,95,0,6.0,0.9615732,270.0,-0.035879467,-9.386339e-05,9.67558,178.7396,1.1,0.0,35.0,0.033835303,0.01,3000.0,0.1,17.652765,0.00017176698,0.0,0.0,10.0
37,14,0,10.0,0.90943825,315.17923,-0.0009920882,0.00011039803,8.632721,452.96576,1.1,0.0,35.0,0.033835303,0.01,3000.0,0.1,17.652287,0.00018217335,0.0,0.0,10.0
41,38,0,10.0,0.9615732,90.0,-0.0,-3.1287793e-05,8.576967,125.994446,1.1,0.0,35.0,0.033835303,0.01,3000.0,0.1,17.652765,0.00017176698,0.0,0.0,10.0
32,11,0,10.0,0.72034484,26.42193,-0.015473584,-0.00011961406,9.558996,478.6845,1.1,0.0,35.0,0.033835303,0.01,3000.0,0.1,17.650076,0.00023040721,0.0,0.0,10.0
104,40,0,13.0,0.90943825,315.17923,-0.0,-0.00018852312,8.632721,198.84044,1.1,0.0,35.0,0.033835303,0.01,3000.0,0.1,17.652287,0.00018217335,0.0,0.0,10.0
47,43,0,10.0,0.90943825,315.17923,-0.007936703,0.00012593983,10.242159,178.7396,1.1,0.0,35.0,0.033835303,0.01,3000.0,0.1,17.652287,0.00018217335,0.0,0.0,10.0
70,42,0,12.0,0.72034484,206.42194,0.011979548,0.00016550453,8.8658495,177.62479,0.3,0.0,35.0,0.033835303,0.05,3000.0,0.015,88.25038,0.00023040718,0.0,0.0,50.0
103,52,0,9.0,0.72034484,333.57806,0.004492331,-0.00053020736,9.964461,89.3698,1.4,0.0,35.0,0.033835303,0.3,3000.0,0.04,529.5023,0.00023040718,0.0,0.0,40.0
8,83,0,32.0,0.72034484,26.42193,-0.028950578,0.00064791745,8.8658495,320.83734,1.1,0.0,35.0,0.033835303,0.01,3000.0,0.1,17.650076,0.00023040721,0.0,0.0,10.0
7,16,0,10.0,0.90943825,135.17923,-0.02281802,-4.547049e-05,9.731333,198.84044,0.3,0.0,35.0,0.033835303,0.05,3000.0,0.015,88.26144,0.00018217333,0.0,0.0,50.0
39,95,0,11.0,0.90943825,224.82077,0.02281802,-0.000206813,8.632721,178.7396,1.1,0.0,35.0,0.033835303,0.01,3000.0,0.1,17.652287,0.00018217335,0.0,0.0,10.0
31,7,0,10.0,0.9615732,270.0,-0.0,3.128779e-05,8.576967,199.58827,1.1,0.0,35.0,0.033835303,0.01,3000.0,0.1,17.652765,0.00017176698,0.0,0.0,10.0
41,85,0,12.0,0.9615732,270.0,-0.007553572,-0.00037545356,9.963262,198.84044,1.1,0.0,35.0,0.033835303,0.01,3000.0,0.1,17.652765,0.00017176698,0.0,0.0,10.0
17,46,0,1.0,0.90943825,224.82077,-0.020833842,-0.00077122747,11.57716,0.0,1.1,0.0,35.0,0.033835303,0.01,3000.0,0.1,17.652287,0.00018217335,0.0,0.0,10.0
41,61,0,10.0,0.72034484,26.42193,-0.008485514,-0.00014565547,10.252144,377.98334,1.1,0.0,35.0,0.033835303,0.01,3000.0,0.1,17.650076,0.00023040721,0.0,0.0,10.0
99,112,0,31.0,0.72034484,26.42193,0.031446315,0.00026306525,8.8658495,199.58827,1.1,0.0,35.0,0.033835303,0.01,3000.0,0.1,17.650076,0.00023040721,0.0,0.0,10.0
67,56,0,11.0,0.72034484,26.42193,-0.037436087,0.00012673877,9.964461,125.994446,0.3,0.0,35.0,0.033835303,0.05,3000.0,0.015,88.25038,0.00023040718,0.0,0.0,50.0
73,14,0,4.0,0.90943825,315.17923,-0.01785758,-9.486363e-05,10.57863,355.24957,1.1,0.0,35.0,0.033835303,0.01,3000.0,0.1,17.652287,0.00018217335,0.0,0.0,10.0
91,87,0,20.0,0.90943825,315.17923,0.008928792,-0.00010921114,9.325868,266.43716,1.1,0.0,35.0,0.033835303,0.01,3000.0,0.1,17.652287,0.00018217335,0.0,0.0,10.0
115,43,0,5.0,0.72034484,153.57806,-0.0024957391,-3.1609616e-05,10.657609,268.10938,1.4,0.0,35.0,0.033835303,0.3,3000.0,0.04,529.5023,0.00023040718,0.0,0.0,40.0
52,31,0,11.0,0.72034484,333.57806,0.0074872174,9.480621e-07,8.8658495,281.0262,1.1,0.0,35.0,0.033835303,0.01,3000.0,0.1,17.650076,0.00023040721,0.0,0.0,10.0
57,91,0,10.0,0.90943825,44.820763,0.035715163,-0.0001271045,8.632721,125.994446,1.1,0.0,35.0,0.033835303,0.01,3000.0,0.1,17.652287,0.00018217335,0.0,0.0,10.0
51,88,0,13.0,0.9615732,270.0,-0.005665179,-0.00018772678,10.186405,89.3698,1.1,0.0,35.0,0.033835303,0.01,3000.0,0.1,17.652765,0.00017176698,0.0,0.0,10.0
80,110,0,17.0,0.90943825,224.82077,0.005952526,0.00022119498,8.632721,177.62479,1.1,0.0,35.0,0.033835303,0.01,3000.0,0.1,17.652287,0.00018217335,0.0,0.0,10.0
81,14,0,12.0,0.90943825,315.17923,0.001984176,-0.0004085312,10.57863,282.43634,1.1,0.0,35.0,0.033835303,0.01,3000.0,0.1,17.652287,0.00018217335,0.0,0.0,10.0
14,0,0,3.0,0.90943825,315.17923,-0.019841757,6.217207e-05,11.117627,0.0,0.7,0.0,35.0,0.033835303,0.1,3000.0,0.035,176.52287,0.00018217333,0.0,0.0,30.0
75,32,0,12.0,0.90943825,44.820763,0.006944615,-1.5935784e-05,8.632721,199.58827,1.1,0.0,35.0,0.033835303,0.01,3000.0,0.1,17.652287,0.00018217335,0.0,0.0,10.0
49,121,0,12.0,0.90943825,44.820763,-0.025794284,0.00015702093,8.632721,125.994446,1.1,0.0,35.0,0.033835303,0.01,3000.0,0.1,17.652287,0.00018217335,0.0,0.0,10.0
85,47,0,3.0,0.90943825,224.82077,-0.04762022,-0.00018618876,11.271778,0.0,1.4,0.0,35.0,0.033835303,0.3,3000.0,0.04,529.56866,0.00018217333,0.0,0.0,40.0
10,122,0,19.0,0.90943825,44.820763,-0.003968351,-0.00025031596,9.325868,177.62479,0.3,0.0,35.0,0.033835303,0.05,3000.0,0.015,88.26144,0.00018217333,0.0,0.0,50.0
100,12,0,4.0,0.72034484,26.42193,-0.005989774,-0.00020792666,10.475287,377.98334,1.1,0.0,35.0,0.033835303,0.01,3000.0,0.1,17.650076,0.00023040721,0.0,0.0,10.0
81,107,0,14.0,0.90943825,135.17923,-0.0059525273,9.4848845e-05,8.632721,368.3463,1.1,0.0,35.0,0.033835303,0.01,3000.0,0.1,17.652287,0.00018217335,0.0,0.0,10.0
39,59,0,14.0,0.72034484,26.42193,0.005490626,-6.8244126e-06,8.8658495,445.0673,0.3,0.0,35.0,0.033835303,0.05,3000.0,0.015,88.25038,0.00023040718,0.0,0.0,50.0
28,68,0,4.0,0.72034484,153.57806,0.00698807,-0.0005298913,10.475287,125.994446,0.7,0.0,35.0,0.033835303,0.1,3000.0,0.035,176.50076,0.00023040718,0.0,0.0,30.0
58,1,0,3.0,0.90943825,315.17923,0.005952527,-9.327289e-05,8.632721,89.3698,0.7,0.0,35.0,0.033835303,0.1,3000.0,0.035,176.52287,0.00018217333,0.0,0.0,30.0
88,10,0,12.0,0.72034484,26.42193,0.036936942,5.8920614e-06,8.8658495,368.3463,0.3,0.0,35.0,0.033835303,0.05,3000.0,0.015,88.25038,0.00023040718,0.0,0.0,50.0
118,48,0,13.0,0.90943825,315.17923,0.023810107,1.9847382e-06,8.632721,320.83734,1.1,0.0,35.0,0.033835303,0.01,3000.0,0.1,17.652287,0.00018217335,0.0,0.0,10.0
37,101,0,7.0,0.90943825,44.820763,4.4408796e-10,-0.00031407387,8.632721,198.84044,1.1,0.0,35.0,0.033835303,0.01,3000.0,0.1,17.652287,0.00018217335,0.0,0.0,10.0
91,6,0,8.0,0.90943825,44.820763,-0.015873404,0.0001255409,8.632721,281.0262,1.1,0.0,35.0,0.033835303,0.01,3000.0,0.1,17.652287,0.00018217335,0.0,0.0,10.0
57,44,0,12.0,0.90943825,135.17923,0.007936703,3.9890875e-07,8.632721,251.98889,1.1,0.0,35.0,0.033835303,0.01,3000.0,0.1,17.652287,0.00018217335,0.0,0.0,10.0
100,28,0,11.0,0.90943825,315.17923,0.0039683515,-6.375789e-05,8.632721,178.7396,1.1,0.0,35.0,0.033835303,0.01,3000.0,0.1,17.652287,0.00018217335,0.0,0.0,10.0
34,5,0,12.0,0.90943825,315.17923,0.009920877,0.00015901303,8.632721,455.58932,1.1,0.0,35.0,0.033835303,0.01,3000.0,0.1,17.652287,0.00018217335,0.0,0.0,10.0
72,11,0,5.0,0.9615732,270.0,0.001888393,3.1287793e-05,9.270115,357.4792,1.4,0.0,35.0,0.033835303,0.3,3000.0,0.04,529.583,0.000171767,0.0,0.0,40.0
51,38,0,10.0,0.90943825,224.82077,0.007936702,6.2583305e-05,8.632721,268.10938,1.1,0.0,35.0,0.033835303,0.01,3000.0,0.1,17.652287,0.00018217335,0.0,0.0,10.0
40,67,0,16.0,0.90943825,224.82077,0.010912966,0.00017337779,8.632721,177.62479,1.1,0.0,35.0,0.033835303,0.01,3000.0,0.1,17.652287,0.00018217335,0.0,0.0,10.0
4,5,0,13.0,0.72034484,153.57806,0.01647188,4.5266286e-05,8.8658495,268.10938,1.1,0.0,35.0,0.033835303,0.01,3000.0,0.1,17.650076,0.00023040721,0.0,0.0,10.0
49,18,0,5.0,0.72034484,26.42193,-0.0024957396,3.097758e-05,8.8658495,125.994446,1.1,0.0,35.0,0.033835303,0.01,3000.0,0.1,17.650076,0.00023040721,0.0,0.0,10.0
45,67,0,13.0,0.9615732,90.0,-0.001888393,-6.2575586e-05,9.270115,199.58827,1.1,0.0,35.0,0.033835303,0.01,3000.0,0.1,17.652765,0.00017176698,0.0,0.0,10.0
103,40,0,13.0,0.90943825,44.820763,-0.017857583,3.2263066e-05,9.731333,177.62479,1.1,0.0,35.0,0.033835303,0.01,3000.0,0.1,17.652287,0.00018217335,0.0,0.0,10.0
13,5,0,12.0,0.72034484,153.57806,0.014475288,-5.6386973e-05,8.8658495,321.61032,1.1,0.0,35.0,0.033835303,0.01,3000.0,0.1,17.650076,0.00023040721,0.0,0.0,10.0
54,98,0,15.0,0.9615732,90.0,0.001888393,0.000156439,8.576967,199.58827,1.1,0.0,35.0,0.033835303,0.01,3000.0,0.1,17.652765,0.00017176698,0.0,0.0,10.0
55,95,0,17.0,0.90943825,135.17923,0.024802195,0.00039260773,8.632721,178.7396,1.1,0.0,35.0,0.033835303,0.01,3000.0,0.1,17.652287,0.00018217335,0.0,0.0,10.0
59,38,0,11.0,0.90943825,315.17923,0.0069446154,-1.593578e-05,8.632721,198.84044,1.1,0.0,35.0,0.033835303,0.01,3000.0,0.1,17.652287,0.00018217335,0.0,0.0,10.0
10,3,0,7.0,0.72034484,153.57806,-0.017470174,-0.00025256092,11.350756,0.0,1.1,0.0,35.0,0.033835303,0.01,3000.0,0.1,17.650076,0.00023040721,0.0,0.0,10.0
41,65,0,16.0,0.9615732,90.0,0.003776786,0.00021901456,8.576967,282.43634,1.1,0.0,35.0,0.033835303,0.01,3000.0,0.1,17.652765,0.00017176698,0.0,0.0,10.0
31,118,0,4.0,0.90943825,315.17923,-0.040675603,-0.00026470292,10.712162,88.81239,1.1,0.0,35.0,0.033835303,0.01,3000.0,0.1,17.652287,0.00018217335,0.0,0.0,10.0
15,1,0,4.0,0.9615732,270.0,-0.01321875,-0.00015643897,9.963262,125.994446,1.1,0.0,35.0,0.033835303,0.01,3000.0,0.1,17.652765,0.00017176698,0.0,0.0,10.0
51,56,0,11.0,0.72034484,333.57806,-0.0004991484,-0.00030863186,8.8658495,88.81239,1.1,0.0,35.0,0.033835303,0.01,3000.0,0.1,17.650076,0.00023040721,0.0,0.0,10.0
8,1,0,10.0,0.90943825,315.17923,0.008928791,-4.860269e-05,8.632721,178.7396,1.1,0.0,35.0,0.033835303,0.01,3000.0,0.1,17.652287,0.00018217335,0.0,0.0,10.0
29,69,0,5.0,0.72034484,26.42193,-0.014974435,-9.5776915e-05,10.475287,125.994446,0.7,0.0,35.0,0.033835303,0.1,3000.0,0.035,176.50076,0.00023040718,0.0,0.0,30.0
98,27,0,12.0,0.9615732,270.0,0.01321875,0.00015643897,8.576967,177.62479,1.1,0.0,35.0,0.033835303,0.01,3000.0,0.1,17.652765,0.00017176698,0.0,0.0,10.0
59,48,0,14.0,0.9615732,270.0,0.007553572,6.2575586e-05,8.576967,177.62479,1.1,0.0,35.0,0.033835303,0.01,3000.0,0.1,17.652765,0.00017176698,0.0,0.0,10.0
8,18,0,6.0,0.72034484,26.42193,-0.013976138,-0.00029687522,11.956892,0.0,1.1,0.0,35.0,0.033835303,0.01,3000.0,0.1,17.650076,0.00023040721,0.0,0.0,10.0
98,17,0,10.0,0.72034484,26.42193,0.000998295,-4.305416e-05,8.8658495,366.31845,1.1,0.0,35.0,0.033835303,0.01,3000.0,0.1,17.650076,0.00023040721,0.0,0.0,10.0
70,15,0,5.0,0.90943825,224.82077,-0.0019841758,-3.069944e-05,8.632721,377.98334,1.4,0.0,35.0,0.033835303,0.3,3000.0,0.04,529.56866,0.00018217333,0.0,0.0,40.0
37,96,0,10.0,0.72034484,206.42194,-0.021463357,0.00014501557,8.8658495,281.0262,1.1,0.0,35.0,0.033835303,0.01,3000.0,0.1,17.650076,0.00023040721,0.0,0.0,10.0
98,19,0,10.0,0.72034484,333.57806,-0.0039931824,1.8900997e-05,8.8658495,198.84044,1.1,0.0,35.0,0.033835303,0.01,3000.0,0.1,17.650076,0.00023040721,0.0,0.0,10.0
78,93,0,30.0,0.90943825,224.82077,0.03174681,0.0006265915,8.632721,199.58827,1.1,0.0,35.0,0.033835303,0.01,3000.0,0.1,17.652287,0.00018217335,0.0,0.0,10.0
53,113,0,15.0,0.90943825,315.17923,-0.0009920878,-7.81251e-05,9.325868,198.84044,1.1,0.0,35.0,0.033835303,0.01,3000.0,0.1,17.652287,0.00018217335,0.0,0.0,10.0
85,4,0,6.0,0.90943825,224.82077,8.881759e-10,-0.00019049304,9.731333,355.24957,1.4,0.0,35.0,0.033835303,0.3,3000.0,0.04,529.56866,0.00018217333,0.0,0.0,40.0
86,43,0,8.0,0.90943825,135.17923,-0.0029762632,0.00014109499,8.632721,89.3698,1.1,0.0,35.0,0.033835303,0.01,3000.0,0.1,17.652287,0.00018217335,0.0,0.0,10.0
62,28,0,7.0,0.9615732,90.0,-0.001888393,-9.386339e-05,8.576967,251.98889,1.1,0.0,35.0,0.033835303,0.01,3000.0,0.1,17.652765,0.00017176698,0.0,0.0,10.0
43,112,0,17.0,0.9615732,90.0,-0.0,9.386339e-05,8.576967,368.3463,1.1,0.0,35.0,0.033835303,0.01,3000.0,0.1,17.652765,0.00017176698,0.0,0.0,10.0
22,20,0,10.0,0.72034484,153.57806,-0.020964209,7.497194e-05,10.252144,198.84044,1.1,0.0,35.0,0.033835303,0.01,3000.0,0.1,17.650076,0.00023040721,0.0,0.0,10.0
66,43,0,13.0,0.90943825,315.17923,0.011905055,6.376773e-05,8.632721,368.3463,1.1,0.0,35.0,0.033835303,0.01,3000.0,0.1,17.652287,0.00018217335,0.0,0.0,10.0
53,114,0,17.0,0.9615732,270.0,0.009441964,-9.3863375e-05,8.576967,281.0262,1.1,0.0,35.0,0.033835303,0.01,3000.0,0.1,17.652765,0.00017176698,0.0,0.0,10.0
91,35,0,12.0,0.9615732,90.0,0.001888393,-0.00015643897,8.576967,355.24957,0.3,0.0,35.0,0.033835303,0.05,3000.0,0.015,88.26383,0.00017176695,0.0,0.0,50.0
28,93,0,5.0,0.72034484,206.42194,-0.029449724,-0.00019743411,11.504907,0.0,0.7,0.0,35.0,0.033835303,0.1,3000.0,0.035,176.50076,0.00023040718,0.0,0.0,30.0
49,82,0,15.0,0.9615732,270.0,-0.01321875,9.386339e-05,8.576967,89.3698,1.1,0.0,35.0,0.033835303,0.01,3000.0,0.1,17.652765,0.00017176698,0.0,0.0,10.0
20,119,0,22.0,0.9615732,90.0,0.024549108,0.000156439,8.576967,198.84044,1.1,0.0,35.0,0.033835303,0.01,3000.0,0.1,17.652765,0.00017176698,0.0,0.0,10.0
115,12,0,17.0,0.72034484,26.42193,0.009483809,0.00010102515,8.8658495,281.0262,1.1,0.0,35.0,0.033835303,0.01,3000.0,0.1,17.650076,0.00023040721,0.0,0.0,10.0
96,39,0,13.0,0.90943825,315.17923,-0.000992088,4.703167e-05,8.632721,377.98334,1.1,0.0,35.0,0.033835303,0.01,3000.0,0.1,17.652287,0.00018217335,0.0,0.0,10.0
76,40,0,10.0,0.90943825,315.17923,0.008928791,-0.00023712582,8.632721,445.0673,1.1,0.0,35.0,0.033835303,0.01,3000.0,0.1,17.652287,0.00018217335,0.0,0.0,10.0
97,39,0,13.0,0.72034484,333.57806,0.0014974433,4.4946348e-05,9.558996,320.83734,1.1,0.0,35.0,0.033835303,0.01,3000.0,0.1,17.650076,0.00023040721,0.0,0.0,10.0
61,25,0,10.0,0.72034484,153.57806,0.027952276,-0.00016202439,8.8658495,125.994446,0.7,0.0,35.0,0.033835303,0.1,3000.0,0.035,176.50076,0.00023040718,0.0,0.0,30.0
68,86,0,13.0,0.72034484,333.57806,-0.0004991475,3.5597714e-05,8.8658495,89.3698,1.1,0.0,35.0,0.033835303,0.01,3000.0,0.1,17.650076,0.00023040721,0.0,0.0,10.0
102,27,0,11.0,0.9615732,270.0,-0.003776786,-0.0,8.576967,88.81239,1.1,0.0,35.0,0.033835303,0.01,3000.0,0.1,17.652765,0.00017176698,0.0,0.0,10.0
58,106,0,5.0,0.72034484,26.42193,-0.02495739,-0.00041155313,11.573899,0.0,0.7,0.0,35.0,0.033835303,0.1,3000.0,0.035,176.50076,0.00023040718,0.0,0.0,30.0
11,16,0,11.0,0.72034484,26.42193,0.0049914783,-9.482492e-05,8.8658495,321.61032,1.1,0.0,35.0,0.033835303,0.01,3000.0,0.1,17.650076,0.00023040721,0.0,0.0,10.0
86,97,0,16.0,0.72034484,26.42193,0.041429266,0.00033322125,8.8658495,198.84044,1.1,0.0,35.0,0.033835303,0.01,3000.0,0.1,17.650076,0.00023040721,0.0,0.0,10.0
1,1,0,8.0,0.9615732,270.0,-0.005665179,-0.00025030234,11.285018,0.0,1.1,0.0,35.0,0.033835303,0.01,3000.0,0.1,17.652765,0.00017176698,0.0,0.0,10.0
95,40,0,14.0,0.9615732,270.0,0.007553572,9.386339e-05,8.576967,503.97778,1.1,0.0,35.0,0.033835303,0.01,3000.0,0.1,17.652765,0.00017176698,0.0,0.0,10.0
30,76,0,15.0,0.72034484,206.42194,-0.07786706,0.00041393362,9.964461,198.84044,1.1,0.0,35.0,0.033835303,0.01,3000.0,0.1,17.650076,0.00023040721,0.0,0.0,10.0
34,48,0,13.0,0.90943825,135.17923,0.0069446145,-7.8908146e-05,8.632721,199.58827,1.1,0.0,35.0,0.033835303,0.01,3000.0,0.1,17.652287,0.00018217335,0.0,0.0,10.0
36,98,0,10.0,0.90943825,224.82077,0.004960439,1.673114e-05,8.632721,88.81239,1.1,0.0,35.0,0.033835303,0.01,3000.0,0.1,17.652287,0.00018217335,0.0,0.0,10.0
16,24,0,9.0,0.9615732,270.0,0.005665179,0.00012515117,8.576967,177.62479,0.3,0.0,35.0,0.033835303,0.05,3000.0,0.015,88.26383,0.00017176695,0.0,0.0,50.0
7,18,0,9.0,0.90943825,135.17923,0.016865492,-0.00029969928,8.632721,89.3698,0.3,0.0,35.0,0.033835303,0.05,3000.0,0.015,88.26144,0.00018217333,0.0,0.0,50.0
106,13,0,11.0,1.1578548,303.8557,0.0027638047,-0.00011878299,9.084319,355.24957,1.1,0.0,35.0,0.033835303,0.01,3000.0,0.1,17.65409,0.00014290263,0.0,0.0,10.0
106,15,0,13.0,1.1578548,236.14429,0.01814498,0.00010705462,8.391171,177.62479,1.1,0.0,35.0,0.033835303,0.01,3000.0,0.1,17.65409,0.00014290263,0.0,0.0,10.0
38,69,0,13.0,1.0193024,18.327673,0.0056366697,-0.0001643885,8.518653,178.7396,1.1,0.0,35.0,0.033835303,0.01,3000.0,0.1,17.653168,0.00016295575,0.0,0.0,10.0
74,31,0,14.0,1.0193024,341.67233,0.012682507,8.8502646e-05,8.518653,321.61032,1.1,0.0,35.0,0.033835303,0.01,3000.0,0.1,17.653168,0.00016295575,0.0,0.0,10.0
30,67,0,4.0,1.0142143,108.54275,-0.0150201125,-0.00023874093,8.523658,88.81239,0.7,0.0,35.0,0.033835303,0.1,3000.0,0.035,176.5317,0.00016295575,0.0,0.0,30.0
100,45,0,14.0,1.1578548,236.14429,0.00997373,8.2836974e-05,8.391171,631.86127,1.1,0.0,35.0,0.033835303,0.01,3000.0,0.1,17.65409,0.00014290263,0.0,0.0,10.0
93,32,0,12.0,1.0142143,288.54276,-0.0032185956,0.0001813101,8.523658,199.58827,1.1,0.0,35.0,0.033835303,0.01,3000.0,0.1,17.653168,0.00016295575,0.0,0.0,10.0
93,39,0,13.0,1.0142143,108.54275,-0.0050067045,0.00021334445,8.523658,399.17654,1.1,0.0,35.0,0.033835303,0.01,3000.0,0.1,17.653168,0.00016295575,0.0,0.0,10.0
43,76,0,16.0,1.0142143,108.54275,0.011086273,0.00036855877,8.523658,178.7396,1.1,0.0,35.0,0.033835303,0.01,3000.0,0.1,17.653168,0.00016295575,0.0,0.0,10.0
16,105,0,20.0,0.967607,0.0,-0.012972953,0.00022177116,8.570711,88.81239,1.1,0.0,35.0,0.033835303,0.01,3000.0,0.1,17.652765,0.00017176698,0.0,0.0,10.0
17,69,0,32.0,1.1578548,123.855705,-0.0049267835,0.0007279091,8.391171,282.43634,1.1,0.0,35.0,0.033835303,0.01,3000.0,0.1,17.65409,0.00014290263,0.0,0.0,10.0
112,28,0,4.0,1.0142143,251.45724,-0.009476976,-0.00030199438,8.523658,88.81239,1.4,0.0,35.0,0.033835303,0.3,3000.0,0.04,529.5951,0.00016295575,0.0,0.0,40.0
89,11,0,8.0,1.0142143,108.54275,0.0005364323,-0.00022889025,10.133096,321.61032,1.1,0.0,35.0,0.033835303,0.01,3000.0,0.1,17.653168,0.00016295575,0.0,0.0,10.0
19,92,0,8.0,1.0142143,251.45724,-0.008940545,-0.00053443015,10.315417,89.3698,1.1,0.0,35.0,0.033835303,0.01,3000.0,0.1,17.653168,0.00016295575,0.0,0.0,10.0
99,14,0,11.0,1.1578548,236.14429,0.0030041356,0.00031667185,8.391171,357.4792,1.1,0.0,35.0,0.033835303,0.01,3000.0,0.1,17.65409,0.00014290263,0.0,0.0,10.0
105,1,0,14.0,1.0193024,161.67232,-0.0040513556,-2.141677e-05,9.904947,266.43716,1.1,0.0,35.0,0.033835303,0.01,3000.0,0.1,17.653168,0.00016295575,0.0,0.0,10.0
17,39,0,3.0,1.0142143,108.54275,-0.01466249,-0.00024467506,11.51939,0.0,1.1,0.0,35.0,0.033835303,0.01,3000.0,0.1,17.653168,0.00016295575,0.0,0.0,10.0
3,106,0,16.0,1.0193024,18.327673,-0.022370534,-7.185742e-05,10.598094,88.81239,1.1,0.0,35.0,0.033835303,0.01,3000.0,0.1,17.653168,0.00016295575,0.0,0.0,10.0
80,3,0,6.0,1.1578548,236.14429,0.0091325715,-0.00015318471,8.391171,518.7231,1.1,0.0,35.0,0.033835303,0.01,3000.0,0.1,17.65409,0.00014290263,0.0,0.0,10.0
101,30,0,11.0,1.0193024,18.327673,0.002113751,-0.0001650985,9.904947,198.84044,1.1,0.0,35.0,0.033835303,0.01,3000.0,0.1,17.653168,0.00016295575,0.0,0.0,10.0
100,52,0,11.0,1.0142143,251.45724,0.021278491,0.00022107048,8.523658,177.62479,1.1,0.0,35.0,0.033835303,0.01,3000.0,0.1,17.653168,0.00016295575,0.0,0.0,10.0
8,2,0,12.0,1.1578548,303.8557,0.0043259556,0.00022701517,8.391171,199.58827,1.1,0.0,35.0,0.033835303,0.01,3000.0,0.1,17.65409,0.00014290263,0.0,0.0,10.0
18,116,0,11.0,1.0193024,341.67233,-0.051610757,-0.00031375894,10.310412,125.994446,1.1,0.0,35.0,0.033835303,0.01,3000.0,0.1,17.653168,0.00016295575,0.0,0.0,10.0
75,34,0,14.0,1.1578548,123.855705,0.0070897606,0.000108232154,8.391171,199.58827,1.1,0.0,35.0,0.033835303,0.01,3000.0,0.1,17.65409,0.00014290263,0.0,0.0,10.0
20,64,0,14.0,1.1578548,303.8557,0.009372905,-0.0010972823,11.281543,0.0,1.1,0.0,35.0,0.033835303,0.01,3000.0,0.1,17.65409,0.00014290263,0.0,0.0,10.0
21,32,0,5.0,1.1578548,56.144283,-0.012377039,-0.00019070238,11.030229,0.0,1.1,0.0,35.0,0.033835303,0.01,3000.0,0.1,17.65409,0.00014290263,0.0,0.0,10.0
82,21,0,15.0,1.0193024,161.67232,-0.007221983,-9.1358066e-05,10.310412,177.62479,1.1,0.0,35.0,0.033835303,0.01,3000.0,0.1,17.653168,0.00016295575,0.0,0.0,10.0
110,44,0,11.0,1.0193024,341.67233,0.0128586525,-0.00013560276,8.518653,199.58827,1.1,0.0,35.0,0.033835303,0.01,3000.0,0.1,17.653168,0.00016295575,0.0,0.0,10.0
88,17,0,2.0,1.0193024,198.32768,-0.029240223,-0.00023362861,12.723345,0.0,0.7,0.0,35.0,0.033835303,0.1,3000.0,0.035,176.5317,0.00016295575,0.0,0.0,30.0
22,30,0,10.0,1.0142143,251.45724,-0.002682163,-0.000106213294,8.523658,198.84044,1.1,0.0,35.0,0.033835303,0.01,3000.0,0.1,17.653168,0.00016295575,0.0,0.0,10.0
30,91,0,7.0,1.0142143,288.54276,-0.0014304869,-0.00035051734,9.216805,251.98889,1.4,0.0,35.0,0.033835303,0.3,3000.0,0.04,529.5951,0.00016295575,0.0,0.0,40.0
22,36,0,9.0,0.967607,180.0,0.012972953,0.00019008957,8.570711,199.58827,1.1,0.0,35.0,0.033835303,0.01,3000.0,0.1,17.652765,0.00017176698,0.0,0.0,10.0
53,42,0,12.0,1.0193024,198.32768,0.0024660428,8.2077386e-05,8.518653,366.31845,1.1,0.0,35.0,0.033835303,0.01,3000.0,0.1,17.653168,0.00016295575,0.0,0.0,10.0
69,92,0,4.0,1.0193024,18.327673,-0.014443966,-0.0009454026,11.351866,0.0,1.4,0.0,35.0,0.033835303,0.3,3000.0,0.04,529.5951,0.00016295575,0.0,0.0,40.0
86,6,0,9.0,1.0193024,341.67233,0.0079265665,0.00014297616,8.518653,321.61032,1.1,0.0,35.0,0.033835303,0.01,3000.0,0.1,17.653168,0.00016295575,0.0,0.0,10.0
55,100,0,13.0,1.1578548,123.855705,0.00708976,-7.945893e-05,8.391171,125.994446,1.1,0.0,35.0,0.033835303,0.01,3000.0,0.1,17.65409,0.00014290263,0.0,0.0,10.0
61,18,0,8.0,1.0193024,161.67232,-0.0073981285,6.4208393e-06,8.518653,368.3463,1.1,0.0,35.0,0.033835303,0.01,3000.0,0.1,17.653168,0.00016295575,0.0,0.0,10.0
77,105,0,20.0,1.0142143,288.54276,0.04666964,0.0006537025,8.523658,266.43716,1.1,0.0,35.0,0.033835303,0.01,3000.0,0.1,17.653168,0.00016295575,0.0,0.0,10.0
109,37,0,5.0,1.1578548,56.144283,-0.02763805,-0.00063754624,11.030229,0.0,0.7,0.0,35.0,0.033835303,0.1,3000.0,0.035,176.54091,0.0001429026,0.0,0.0,30.0
99,4,0,5.0,1.0193024,18.327673,-0.009688025,-0.00030212564,8.518653,357.4792,0.7,0.0,35.0,0.033835303,0.1,3000.0,0.035,176.5317,0.00016295575,0.0,0.0,30.0
80,16,0,14.0,1.1578548,303.8557,-0.0036049632,-0.00027207236,9.489784,320.83734,1.1,0.0,35.0,0.033835303,0.01,3000.0,0.1,17.65409,0.00014290263,0.0,0.0,10.0
25,24,0,12.0,1.0193024,161.67232,0.016733864,-1.6407092e-05,8.518653,199.58827,1.1,0.0,35.0,0.033835303,0.01,3000.0,0.1,17.653168,0.00016295575,0.0,0.0,10.0
57,47,0,14.0,1.0142143,108.54275,0.008761732,2.9692928e-06,8.523658,125.994446,1.1,0.0,35.0,0.033835303,0.01,3000.0,0.1,17.653168,0.00016295575,0.0,0.0,10.0
20,22,0,13.0,1.0142143,71.45724,0.0042914604,-1.3758332e-05,8.523658,268.10938,1.1,0.0,35.0,0.033835303,0.01,3000.0,0.1,17.653168,0.00016295575,0.0,0.0,10.0
49,71,0,10.0,1.0142143,71.45724,-0.013947247,-5.464963e-06,10.720882,125.994446,1.1,0.0,35.0,0.033835303,0.01,3000.0,0.1,17.653168,0.00016295575,0.0,0.0,10.0
74,47,0,4.0,1.0193024,341.67233,-0.020080633,-0.0001481997,11.15771,0.0,0.7,0.0,35.0,0.033835303,0.1,3000.0,0.035,176.5317,0.00016295575,0.0,0.0,30.0
46,2,0,12.0,1.0193024,341.67233,0.005988961,1.9033207e-05,8.518653,368.3463,1.1,0.0,35.0,0.033835303,0.01,3000.0,0.1,17.653168,0.00016295575,0.0,0.0,10.0
73,98,0,10.0,1.1578548,56.144283,-0.052872792,0.00015133728,10.693756,125.994446,1.1,0.0,35.0,0.033835303,0.01,3000.0,0.1,17.65409,0.00014290263,0.0,0.0,10.0
101,47,0,12.0,1.0142143,288.54276,-0.0035762175,-6.383415e-05,9.622271,518.7231,1.1,0.0,35.0,0.033835303,0.01,3000.0,0.1,17.653168,0.00016295575,0.0,0.0,10.0
103,19,0,7.0,1.0193024,161.67232,-0.007221983,-2.878574e-05,10.464562,177.62479,1.1,0.0,35.0,0.033835303,0.01,3000.0,0.1,17.653168,0.00016295575,0.0,0.0,10.0
57,108,0,13.0,1.0142143,288.54276,0.012874383,-3.7729456e-05,8.523658,198.84044,1.1,0.0,35.0,0.033835303,0.01,3000.0,0.1,17.653168,0.00016295575,0.0,0.0,10.0
40,121,0,12.0,0.967607,0.0,-0.033359017,-0.00022177116,11.403924,0.0,1.1,0.0,35.0,0.033835303,0.01,3000.0,0.1,17.652765,0.00017176698,0.0,0.0,10.0
26,93,0,7.0,1.1578548,303.8557,-0.0046864534,-6.608161e-05,8.391171,178.7396,1.1,0.0,35.0,0.033835303,0.01,3000.0,0.1,17.65409,0.00014290263,0.0,0.0,10.0
97,30,0,10.0,1.0193024,18.327673,-0.0019376052,6.613775e-05,8.518653,125.994446,1.1,0.0,35.0,0.033835303,0.01,3000.0,0.1,17.653168,0.00016295575,0.0,0.0,10.0
95,43,0,15.0,1.0142143,288.54276,0.010371029,6.173175e-06,8.523658,564.8727,1.1,0.0,35.0,0.033835303,0.01,3000.0,0.1,17.653168,0.00016295575,0.0,0.0,10.0
39,86,0,17.0,1.0193024,198.32768,0.008102711,0.00023291423,8.518653,282.43634,1.1,0.0,35.0,0.033835303,0.01,3000.0,0.1,17.653168,0.00016295575,0.0,0.0,10.0
44,39,0,15.0,1.1578548,303.8557,0.014299686,0.00027699472,8.391171,178.7396,1.1,0.0,35.0,0.033835303,0.01,3000.0,0.1,17.65409,0.00014290263,0.0,0.0,10.0
98,32,0,10.0,1.0193024,161.67232,-0.004579794,0.0002093476,8.518653,125.994446,1.1,0.0,35.0,0.033835303,0.01,3000.0,0.1,17.653168,0.00016295575,0.0,0.0,10.0
50,19,0,3.0,1.0142143,71.45724,-0.0017881085,-0.00015568348,9.909952,177.62479,1.1,0.0,35.0,0.033835303,0.01,3000.0,0.1,17.653168,0.00016295575,0.0,0.0,10.0
58,98,0,8.0,1.0142143,108.54275,0.00089405413,-0.00011046704,8.523658,199.58827,1.4,0.0,35.0,0.033835303,0.3,3000.0,0.04,529.5951,0.00016295575,0.0,0.0,40.0
15,111,0,21.0,1.1578548,123.855705,0.000120165714,0.00018723338,8.391171,88.81239,1.1,0.0,35.0,0.033835303,0.01,3000.0,0.1,17.65409,0.00014290263,0.0,0.0,10.0
91,45,0,25.0,1.0142143,288.54276,0.0075100567,0.0006203454,8.523658,397.68088,1.1,0.0,35.0,0.033835303,0.01,3000.0,0.1,17.653168,0.00016295575,0.0,0.0,10.0
34,63,0,11.0,0.967607,180.0,-0.01853279,6.336319e-05,9.263858,281.0262,1.1,0.0,35.0,0.033835303,0.01,3000.0,0.1,17.652765,0.00017176698,0.0,0.0,10.0
5,5,0,12.0,1.1578548,56.144283,0.0010814889,0.00010367657,8.391171,178.7396,1.1,0.0,35.0,0.033835303,0.01,3000.0,0.1,17.65409,0.00014290263,0.0,0.0,10.0
83,21,0,16.0,1.1578548,236.14429,-0.004566286,-3.3681892e-05,9.084319,198.84044,1.1,0.0,35.0,0.033835303,0.01,3000.0,0.1,17.65409,0.00014290263,0.0,0.0,10.0
82,44,0,6.0,0.967607,180.0,-0.011119674,-0.00022177116,11.13566,0.0,1.4,0.0,35.0,0.033835303,0.3,3000.0,0.04,529.583,0.000171767,0.0,0.0,40.0
36,79,0,12.0,1.1578548,56.144283,-0.006368767,0.00018923538,9.084319,251.98889,1.1,0.0,35.0,0.033835303,0.01,3000.0,0.1,17.65409,0.00014290263,0.0,0.0,10.0
92,13,0,8.0,1.0142143,71.45724,-0.003933839,5.4605043e-06,9.909952,178.7396,1.1,0.0,35.0,0.033835303,0.01,3000.0,0.1,17.653168,0.00016295575,0.0,0.0,10.0
25,18,0,10.0,1.0142143,71.45724,-0.0048278933,-0.000133969,9.216805,320.83734,1.1,0.0,35.0,0.033835303,0.01,3000.0,0.1,17.653168,0.00016295575,0.0,0.0,10.0
63,46,0,11.0,1.1578548,236.14429,-0.012857701,-8.557248e-05,9.489784,88.81239,1.1,0.0,35.0,0.033835303,0.01,3000.0,0.1,17.65409,0.00014290263,0.0,0.0,10.0
82,41,0,10.0,1.0142143,71.45724,0.0069736238,-2.8356855e-05,8.523658,199.58827,1.1,0.0,35.0,0.033835303,0.01,3000.0,0.1,17.653168,0.00016295575,0.0,0.0,10.0
22,19,0,12.0,1.1578548,236.14429,0.013218197,7.947261e-05,8.391171,281.0262,1.1,0.0,35.0,0.033835303,0.01,3000.0,0.1,17.65409,0.00014290263,0.0,0.0,10.0
90,9,0,6.0,1.1578548,123.855705,-0.011415715,-5.3710675e-05,10.4706135,178.7396,1.1,0.0,35.0,0.033835303,0.01,3000.0,0.1,17.65409,0.00014290263,0.0,0.0,10.0
54,43,0,12.0,1.0142143,288.54276,0.0033974063,-9.1009155e-05,8.523658,321.61032,1.1,0.0,35.0,0.033835303,0.01,3000.0,0.1,17.653168,0.00016295575,0.0,0.0,10.0
74,36,0,14.0,1.0193024,198.32768,0.011449486,7.875011e-05,8.518653,282.43634,1.1,0.0,35.0,0.033835303,0.01,3000.0,0.1,17.653168,0.00016295575,0.0,0.0,10.0
31,5,0,10.0,1.0142143,288.54276,0.0075100563,0.000118188625,8.523658,199.58827,1.1,0.0,35.0,0.033835303,0.01,3000.0,0.1,17.653168,0.00016295575,0.0,0.0,10.0
83,74,0,25.0,1.0142143,71.45724,-0.035940982,-0.0005279242,10.6031,251.98889,0.3,0.0,35.0,0.033835303,0.05,3000.0,0.015,88.26585,0.00016295575,0.0,0.0,50.0
29,38,0,14.0,1.0142143,251.45724,0.0048278933,7.179032e-05,8.523658,368.3463,1.1,0.0,35.0,0.033835303,0.01,3000.0,0.1,17.653168,0.00016295575,0.0,0.0,10.0
69,28,0,6.0,0.967607,0.0,0.005559837,-6.336319e-05,8.570711,282.43634,1.1,0.0,35.0,0.033835303,0.01,3000.0,0.1,17.652765,0.00017176698,0.0,0.0,10.0
40,96,0,6.0,1.0142143,108.54275,-0.020384438,-0.00045825858,10.720882,125.994446,1.1,0.0,35.0,0.033835303,0.01,3000.0,0.1,17.653168,0.00016295575,0.0,0.0,10.0
50,39,0,9.0,1.1578548,56.144283,-0.00024033111,-0.00021490632,9.084319,321.61032,1.1,0.0,35.0,0.033835303,0.01,3000.0,0.1,17.65409,0.00014290263,0.0,0.0,10.0
29,39,0,11.0,0.967607,180.0,-0.005559837,-9.504479e-05,9.263858,366.31845,1.1,0.0,35.0,0.033835303,0.01,3000.0,0.1,17.652765,0.00017176698,0.0,0.0,10.0
32,45,0,12.0,0.967607,0.0,-0.003706558,-0.00022177116,8.570711,251.98889,1.1,0.0,35.0,0.033835303,0.01,3000.0,0.1,17.652765,0.00017176698,0.0,0.0,10.0
122,68,0,49.0,0.967607,0.0,0.0018532788,0.00031681595,8.570711,320.83734,1.1,0.0,35.0,0.033835303,0.01,3000.0,0.1,17.652765,0.00017176698,0.0,0.0,10.0
30,17,0,12.0,1.0193024,341.67233,0.0005284378,8.564281e-05,8.518653,88.81239,1.1,0.0,35.0,0.033835303,0.01,3000.0,0.1,17.653168,0.00016295575,0.0,0.0,10.0
52,36,0,11.0,1.1578548,56.144283,0.010574558,9.92256e-05,8.391171,178.7396,1.1,0.0,35.0,0.033835303,0.01,3000.0,0.1,17.65409,0.00014290263,0.0,0.0,10.0
119,50,0,14.0,1.1578548,236.14429,0.010814888,-6.125021e-05,8.391171,125.994446,1.1,0.0,35.0,0.033835303,0.01,3000.0,0.1,17.65409,0.00014290263,0.0,0.0,10.0
44,80,0,13.0,1.0142143,71.45724,-0.01251676,-3.0383339e-05,9.909952,366.31845,1.1,0.0,35.0,0.033835303,0.01,3000.0,0.1,17.653168,0.00016295575,0.0,0.0,10.0
67,98,0,15.0,1.0142143,108.54275,-0.017165843,-7.286953e-05,9.622271,198.84044,1.1,0.0,35.0,0.033835303,0.01,3000.0,0.1,17.653168,0.00016295575,0.0,0.0,10.0
79,105,0,12.0,1.1578548,56.144283,0.00048066222,-0.00013326056,10.000609,281.0262,1.1,0.0,35.0,0.033835303,0.01,3000.0,0.1,17.65409,0.00014290263,0.0,0.0,10.0
16,86,0,19.0,1.1578548,303.8557,-0.0008411593,-0.0007662375,10.000609,88.81239,1.1,0.0,35.0,0.033835303,0.01,3000.0,0.1,17.65409,0.00014290263,0.0,0.0,10.0
13,90,0,16.0,1.1578548,123.855705,-0.01838531,8.627863e-05,9.777466,282.43634,1.1,0.0,35.0,0.033835303,0.01,3000.0,0.1,17.65409,0.00014290263,0.0,0.0,10.0
58,122,0,20.0,1.0193024,341.67233,-0.0035229183,-0.00063234253,8.518653,125.994446,1.1,0.0,35.0,0.033835303,0.01,3000.0,0.1,17.653168,0.00016295575,0.0,0.0,10.0
49,8,0,12.0,1.1578548,303.8557,-0.00036049666,0.00032049394,8.391171,199.58827,1.1,0.0,35.0,0.033835303,0.01,3000.0,0.1,17.65409,0.00014290263,0.0,0.0,10.0
26,43,0,3.0,1.0142143,251.45724,-0.014304868,-0.0003737847,11.231709,0.0,1.1,0.0,35.0,0.033835303,0.01,3000.0,0.1,17.653168,0.00016295575,0.0,0.0,10.0
40,122,0,17.0,0.967607,0.0,-0.005559837,0.00022177116,8.570711,88.81239,1.1,0.0,35.0,0.033835303,0.01,3000.0,0.1,17.652765,0.00017176698,0.0,0.0,10.0
89,97,0,17.0,1.0193024,341.67233,0.007221983,9.2539914e-05,8.518653,251.98889,1.1,0.0,35.0,0.033835303,0.01,3000.0,0.1,17.653168,0.00016295575,0.0,0.0,10.0
100,18,0,11.0,1.0193024,161.67232,0.003346772,9.730706e-05,8.518653,281.0262,1.1,0.0,35.0,0.033835303,0.01,3000.0,0.1,17.653168,0.00016295575,0.0,0.0,10.0
11,3,0,10.0,1.1578548,236.14429,-0.003965459,8.127901e-05,8.391171,89.3698,1.1,0.0,35.0,0.033835303,0.01,3000.0,0.1,17.65409,0.00014290263,0.0,0.0,10.0
102,20,0,7.0,1.0142143,108.54275,-0.0105498405,-3.429544e-05,10.720882,125.994446,1.1,0.0,35.0,0.033835303,0.01,3000.0,0.1,17.653168,0.00016295575,0.0,0.0,10.0
42,87,0,9.0,0.967607,0.0,-0.01853279,-0.00044354232,11.13566,0.0,1.1,0.0,35.0,0.033835303,0.01,3000.0,0.1,17.652765,0.00017176698,0.0,0.0,10.0
70,75,0,32.0,1.1578548,56.144283,-0.04482171,-0.00013365464,10.337082,125.994446,1.1,0.0,35.0,0.033835303,0.01,3000.0,0.1,17.65409,0.00014290263,0.0,0.0,10.0
50,77,0,14.0,1.0142143,288.54276,0.005006704,0.0001632731,8.523658,199.58827,1.1,0.0,35.0,0.033835303,0.01,3000.0,0.1,17.653168,0.00016295575,0.0,0.0,10.0
28,69,0,7.0,0.967607,0.0,0.0074131154,-6.336319e-05,8.570711,88.81239,1.1,0.0,35.0,0.033835303,0.01,3000.0,0.1,17.652765,0.00017176698,0.0,0.0,10.0
2,6,0,10.0,1.0193024,161.67232,-0.0063412534,0.00011395229,9.617265,177.62479,1.1,0.0,35.0,0.033835303,0.01,3000.0,0.1,17.653168,0.00016295575,0.0,0.0,10.0
9,9,0,14.0,1.0142143,71.45724,0.009655787,0.0002057593,8.523658,178.7396,1.1,0.0,35.0,0.033835303,0.01,3000.0,0.1,17.653168,0.00016295575,0.0,0.0,10.0
63,114,0,15.0,1.1578548,56.144283,-0.045903195,-0.00045315298,11.856908,0.0,1.1,0.0,35.0,0.033835303,0.01,3000.0,0.1,17.65409,0.00014290263,0.0,0.0,10.0
103,25,0,10.0,0.967607,180.0,0.0018532788,-6.336319e-05,8.570711,281.0262,1.1,0.0,35.0,0.033835303,0.01,3000.0,0.1,17.652765,0.00017176698,0.0,0.0,10.0
106,21,0,7.0,0.967607,180.0,0.0037065577,-0.00012672639,8.570711,268.10938,1.1,0.0,35.0,0.033835303,0.01,3000.0,0.1,17.652765,0.00017176698,0.0,0.0,10.0
28,94,0,5.0,1.1578548,303.8557,-0.011656046,-0.00032960516,11.723376,0.0,1.1,0.0,35.0,0.033835303,0.01,3000.0,0.1,17.65409,0.00014290263,0.0,0.0,10.0
30,71,0,10.0,1.1578548,303.8557,0.00096132356,-5.069938e-05,9.084319,178.7396,1.1,0.0,35.0,0.033835303,0.01,3000.0,0.1,17.65409,0.00014290263,0.0,0.0,10.0
72,30,0,10.0,0.967607,180.0,-0.0018532788,-0.0,9.669323,320.83734,0.3,0.0,35.0,0.033835303,0.05,3000.0,0.015,88.26383,0.00017176695,0.0,0.0,50.0
19,98,0,14.0,1.1578548,303.8557,0.005527608,-0.00036426893,9.489784,199.58827,1.1,0.0,35.0,0.033835303,0.01,3000.0,0.1,17.65409,0.00014290263,0.0,0.0,10.0
107,74,0,49.0,1.1578548,56.144283,-0.007810752,0.0010348409,8.391171,282.43634,1.1,0.0,35.0,0.033835303,0.01,3000.0,0.1,17.65409,0.00014290263,0.0,0.0,10.0
66,48,0,13.0,0.967607,0.0,0.011119674,-0.00019008957,9.669323,178.7396,1.1,0.0,35.0,0.033835303,0.01,3000.0,0.1,17.652765,0.00017176698,0.0,0.0,10.0
122,50,0,13.0,1.0193024,161.67232,0.00017614581,0.00015487411,8.518653,199.58827,1.1,0.0,35.0,0.033835303,0.01,3000.0,0.1,17.653168,0.00016295575,0.0,0.0,10.0
73,39,0,12.0,1.0142143,288.54276,-0.0012516755,0.00017976169,8.523658,251.98889,1.1,0.0,35.0,0.033835303,0.01,3000.0,0.1,17.653168,0.00016295575,0.0,0.0,10.0
25,40,0,5.0,1.0142143,71.45724,0.0033974063,-0.00027990885,8.523658,266.43716,1.1,0.0,35.0,0.033835303,0.01,3000.0,0.1,17.653168,0.00016295575,0.0,0.0,10.0
37,77,0,13.0,1.0142143,71.45724,0.008046489,0.00014037675,8.523658,199.58827,1.1,0.0,35.0,0.033835303,0.01,3000.0,0.1,17.653168,0.00016295575,0.0,0.0,10.0
123,97,0,10.0,1.1578548,236.14429,-0.02187011,-0.0014438276,11.917532,0.0,1.1,0.0,35.0,0.033835303,0.01,3000.0,0.1,17.65409,0.00014290263,0.0,0.0,10.0
47,82,0,13.0,1.0142143,108.54275,-0.025569955,-8.4136664e-05,9.216805,89.3698,1.1,0.0,35.0,0.033835303,0.01,3000.0,0.1,17.653168,0.00016295575,0.0,0.0,10.0
42,55,0,5.0,1.0142143,71.45724,-0.011801518,-0.00035669052,12.020165,0.0,1.1,0.0,35.0,0.033835303,0.01,3000.0,0.1,17.653168,0.00016295575,0.0,0.0,10.0
73,46,0,4.0,0.967607,180.0,-0.005559837,-0.00047522396,8.570711,125.994446,1.1,0.0,35.0,0.033835303,0.01,3000.0,0.1,17.652765,0.00017176698,0.0,0.0,10.0
85,107,0,6.0,1.1578548,236.14429,0.00024033111,-0.0006297035,8.391171,88.81239,1.4,0.0,35.0,0.033835303,0.3,3000.0,0.04,529.62274,0.0001429026,0.0,0.0,40.0
83,58,0,44.0,1.0193024,18.327673,0.02818335,0.0009489922,8.518653,320.83734,1.1,0.0,35.0,0.033835303,0.01,3000.0,0.1,17.653168,0.00016295575,0.0,0.0,10.0
51,46,0,7.0,0.967607,180.0,-0.003706558,-0.00031681595,10.362471,199.58827,1.1,0.0,35.0,0.033835303,0.01,3000.0,0.1,17.652765,0.00017176698,0.0,0.0,10.0
32,69,0,9.0,1.0193024,18.327673,-0.0007045839,0.00013728075,8.518653,125.994446,1.1,0.0,35.0,0.033835303,0.01,3000.0,0.1,17.653168,0.00016295575,0.0,0.0,10.0
52,33,0,11.0,1.0142143,71.45724,0.0032185956,6.8586436e-05,8.523658,320.83734,1.1,0.0,35.0,0.033835303,0.01,3000.0,0.1,17.653168,0.00016295575,0.0,0.0,10.0
22,109,0,33.0,1.1578548,303.8557,0.011295549,-0.00038692862,9.084319,125.994446,1.1,0.0,35.0,0.033835303,0.01,3000.0,0.1,17.65409,0.00014290263,0.0,0.0,10.0
13,85,0,28.0,1.1578548,56.144283,0.0028839717,0.00022801077,8.391171,177.62479,1.1,0.0,35.0,0.033835303,0.01,3000.0,0.1,17.65409,0.00014290263,0.0,0.0,10.0
59,97,0,6.0,1.1578548,303.8557,-0.010454392,-0.0002263863,10.182931,321.61032,1.1,0.0,35.0,0.033835303,0.01,3000.0,0.1,17.65409,0.00014290263,0.0,0.0,10.0
2,26,0,10.0,1.0142143,288.54276,-0.0055431374,-5.9922048e-05,9.216805,282.43634,1.1,0.0,35.0,0.033835303,0.01,3000.0,0.1,17.653168,0.00016295575,0.0,0.0,10.0
110,41,0,7.0,1.0193024,198.32768,-0.013210945,-0.0004893708,10.310412,251.98889,1.4,0.0,35.0,0.033835303,0.3,3000.0,0.04,529.5951,0.00016295575,0.0,0.0,40.0
15,41,0,5.0,1.0193024,161.67232,0.0056366697,-0.00010063433,8.518653,88.81239,0.7,0.0,35.0,0.033835303,0.1,3000.0,0.035,176.5317,0.00016295575,0.0,0.0,30.0
74,14,0,7.0,1.0142143,251.45724,0.013410815,-1.6723163e-05,8.523658,320.83734,1.1,0.0,35.0,0.033835303,0.01,3000.0,0.1,17.653168,0.00016295575,0.0,0.0,10.0
63,20,0,10.0,1.1578548,56.144283,0.009132572,0.00025505488,8.391171,282.43634,1.1,0.0,35.0,0.033835303,0.01,3000.0,0.1,17.65409,0.00014290263,0.0,0.0,10.0
50,83,0,14.0,1.0193024,341.67233,0.0051082317,-5.9950635e-05,9.617265,199.58827,1.1,0.0,35.0,0.033835303,0.01,3000.0,0.1,17.653168,0.00016295575,0.0,0.0,10.0
118,25,0,19.0,1.1578548,236.14429,-0.0,0.0001876911,9.084319,268.10938,1.1,0.0,35.0,0.033835303,0.01,3000.0,0.1,17.65409,0.00014290263,0.0,0.0,10.0
109,36,0,5.0,1.0193024,198.32768,-0.03382002,-0.00040326055,11.409024,0.0,0.7,0.0,35.0,0.033835303,0.1,3000.0,0.035,176.5317,0.00016295575,0.0,0.0,30.0
1,53,0,21.0,1.0142143,108.54275,0.037729096,0.0003738962,8.523658,266.43716,1.1,0.0,35.0,0.033835303,0.01,3000.0,0.1,17.653168,0.00016295575,0.0,0.0,10.0
2,28,0,11.0,1.0193024,18.327673,0.020080633,-0.00010681703,8.518653,321.61032,1.1,0.0,35.0,0.033835303,0.01,3000.0,0.1,17.653168,0.00016295575,0.0,0.0,10.0
44,55,0,7.0,1.1578548,236.14429,-0.0021629778,-1.9662033e-05,10.000609,178.7396,1.1,0.0,35.0,0.033835303,0.01,3000.0,0.1,17.65409,0.00014290263,0.0,0.0,10.0
56,97,0,10.0,0.967607,180.0,-0.005559837,-0.0,9.263858,177.62479,1.1,0.0,35.0,0.033835303,0.01,3000.0,0.1,17.652765,0.00017176698,0.0,0.0,10.0
64,54,0,11.0,1.1578548,123.855705,-0.005167113,-0.0001486428,9.489784,89.3698,0.3,0.0,35.0,0.033835303,0.05,3000.0,0.015,88.270454,0.00014290263,0.0,0.0,50.0
91,14,0,10.0,1.0193024,341.67233,0.011977924,-2.5687767e-05,8.518653,282.43634,1.1,0.0,35.0,0.033835303,0.01,3000.0,0.1,17.653168,0.00016295575,0.0,0.0,10.0
62,41,0,9.0,1.0142143,108.54275,-0.002145731,-0.0002764704,9.909952,446.84897,1.1,0.0,35.0,0.033835303,0.01,3000.0,0.1,17.653168,0.00016295575,0.0,0.0,10.0
38,101,0,5.0,1.0193024,198.32768,0.004932086,-0.00040254171,9.904947,199.58827,1.1,0.0,35.0,0.033835303,0.01,3000.0,0.1,17.653168,0.00016295575,0.0,0.0,10.0
28,102,0,20.0,0.967607,180.0,-0.007413116,-0.00060195033,8.570711,125.994446,1.1,0.0,35.0,0.033835303,0.01,3000.0,0.1,17.652765,0.00017176698,0.0,0.0,10.0
15,38,0,8.0,1.1578548,123.855705,-0.0056477753,1.74752e-05,8.391171,125.994446,1.1,0.0,35.0,0.033835303,0.01,3000.0,0.1,17.65409,0.00014290263,0.0,0.0,10.0
30,28,0,1.0,1.1578548,56.144283,-0.010935054,-0.00021982868,11.281543,0.0,1.1,0.0,35.0,0.033835303,0.01,3000.0,0.1,17.65409,0.00014290263,0.0,0.0,10.0
77,84,0,26.0,1.1578548,123.855705,-0.004686455,-0.00044619048,8.391171,178.7396,1.1,0.0,35.0,0.033835303,0.01,3000.0,0.1,17.65409,0.00014290263,0.0,0.0,10.0
64,29,0,7.0,0.967607,180.0,-0.0,9.504479e-05,8.570711,177.62479,1.4,0.0,35.0,0.033835303,0.3,3000.0,0.04,529.583,0.000171767,0.0,0.0,40.0
46,26,0,11.0,0.967607,0.0,0.0018532788,0.00015840797,9.263858,320.83734,1.1,0.0,35.0,0.033835303,0.01,3000.0,0.1,17.652765,0.00017176698,0.0,0.0,10.0
78,2,0,4.0,1.1578548,236.14429,-0.008772076,-0.00042071517,9.489784,629.9722,0.7,0.0,35.0,0.033835303,0.1,3000.0,0.035,176.54091,0.0001429026,0.0,0.0,30.0
99,47,0,11.0,1.0193024,161.67232,-0.0028183346,5.0908093e-05,8.518653,452.96576,1.1,0.0,35.0,0.033835303,0.01,3000.0,0.1,17.653168,0.00016295575,0.0,0.0,10.0
61,57,0,15.0,1.1578548,303.8557,-0.003845294,-1.7750988e-05,8.391171,251.98889,0.7,0.0,35.0,0.033835303,0.1,3000.0,0.035,176.54091,0.0001429026,0.0,0.0,30.0
68,42,0,9.0,1.0193024,341.67233,-0.01691001,4.9249968e-05,9.2118,251.98889,1.1,0.0,35.0,0.033835303,0.01,3000.0,0.1,17.653168,0.00016295575,0.0,0.0,10.0
20,19,0,8.0,1.0193024,18.327673,-0.0035229183,-0.00018960882,10.821238,125.994446,1.1,0.0,35.0,0.033835303,0.01,3000.0,0.1,17.653168,0.00016295575,0.0,0.0,10.0
7,4,0,11.0,1.0193024,161.67232,0.00035229162,0.00011966754,8.518653,88.81239,1.1,0.0,35.0,0.033835303,0.01,3000.0,0.1,17.653168,0.00016295575,0.0,0.0,10.0
72,25,0,6.0,1.0142143,108.54275,0.008582922,-0.00015069217,8.523658,281.0262,1.4,0.0,35.0,0.033835303,0.3,3000.0,0.04,529.5951,0.00016295575,0.0,0.0,40.0
17,6,0,8.0,1.1578548,56.144283,-0.0060082716,-4.5555967e-06,9.489784,198.84044,1.1,0.0,35.0,0.033835303,0.01,3000.0,0.1,17.65409,0.00014290263,0.0,0.0,10.0
97,101,0,21.0,1.1578548,303.8557,-0.0031243013,-1.8200849e-06,8.391171,199.58827,1.1,0.0,35.0,0.033835303,0.01,3000.0,0.1,17.65409,0.00014290263,0.0,0.0,10.0
70,26,0,4.0,1.0193024,198.32768,0.0056366697,-0.000290715,9.904947,251.98889,1.4,0.0,35.0,0.033835303,0.3,3000.0,0.04,529.5951,0.00016295575,0.0,0.0,40.0
105,13,0,12.0,1.0142143,251.45724,0.0044702715,7.890629e-05,8.523658,366.31845,1.1,0.0,35.0,0.033835303,0.01,3000.0,0.1,17.653168,0.00016295575,0.0,0.0,10.0
33,72,0,13.0,0.967607,180.0,-0.003706558,-0.0,8.570711,355.24957,1.1,0.0,35.0,0.033835303,0.01,3000.0,0.1,17.652765,0.00017176698,0.0,0.0,10.0
31,15,0,10.0,1.1578548,236.14429,-0.009493069,-2.840647e-05,9.777466,125.994446,1.1,0.0,35.0,0.033835303,0.01,3000.0,0.1,17.65409,0.00014290263,0.0,0.0,10.0
63,27,0,7.0,1.0193024,198.32768,-0.0010568758,8.1367405e-05,8.518653,268.10938,1.1,0.0,35.0,0.033835303,0.01,3000.0,0.1,17.653168,0.00016295575,0.0,0.0,10.0
2,65,0,8.0,1.0193024,198.32768,0.0031706272,-0.00011777569,8.518653,266.43716,1.1,0.0,35.0,0.033835303,0.01,3000.0,0.1,17.653168,0.00016295575,0.0,0.0,10.0
13,8,0,10.0,1.0142143,288.54276,-0.005006704,2.5626603e-05,9.622271,199.58827,1.1,0.0,35.0,0.033835303,0.01,3000.0,0.1,17.653168,0.00016295575,0.0,0.0,10.0
7,15,0,12.0,0.967607,180.0,-0.016679512,6.336319e-05,8.570711,281.0262,1.1,0.0,35.0,0.033835303,0.01,3000.0,0.1,17.652765,0.00017176698,0.0,0.0,10.0
19,112,0,29.0,1.0193024,18.327673,0.040337417,0.00019389307,8.518653,177.62479,1.1,0.0,35.0,0.033835303,0.01,3000.0,0.1,17.653168,0.00016295575,0.0,0.0,10.0
113,44,0,8.0,1.0193024,341.67233,-0.00088072935,-1.6411506e-05,8.518653,125.994446,1.4,0.0,35.0,0.033835303,0.3,3000.0,0.04,529.5951,0.00016295575,0.0,0.0,40.0
80,19,0,19.0,1.1578548,303.8557,0.0015621505,0.0002519526,8.391171,282.43634,1.1,0.0,35.0,0.033835303,0.01,3000.0,0.1,17.65409,0.00014290263,0.0,0.0,10.0
44,6,0,8.0,1.0142143,251.45724,-0.0017881088,3.0852516e-05,8.523658,251.98889,1.1,0.0,35.0,0.033835303,0.01,3000.0,0.1,17.653168,0.00016295575,0.0,0.0,10.0
61,48,0,14.0,0.967607,0.0,0.0018532788,-3.1681597e-05,8.570711,199.58827,1.1,0.0,35.0,0.033835303,0.01,3000.0,0.1,17.652765,0.00017176698,0.0,0.0,10.0
72,41,0,13.0,1.0193024,18.327673,0.004051356,0.00014892513,8.518653,320.83734,0.3,0.0,35.0,0.033835303,0.05,3000.0,0.015,88.26585,0.00016295575,0.0,0.0,50.0
53,108,0,14.0,1.1578548,123.855705,-0.0026436397,-0.00013508066,9.084319,281.0262,0.3,0.0,35.0,0.033835303,0.05,3000.0,0.015,88.270454,0.00014290263,0.0,0.0,50.0
46,71,0,14.0,0.967607,0.0,-0.012972953,-0.0,8.570711,320.83734,1.1,0.0,35.0,0.033835303,0.01,3000.0,0.1,17.652765,0.00017176698,0.0,0.0,10.0
27,17,0,14.0,0.967607,0.0,0.014826231,0.00015840797,8.570711,282.43634,1.1,0.0,35.0,0.033835303,0.01,3000.0,0.1,17.652765,0.00017176698,0.0,0.0,10.0
36,78,0,12.0,1.0142143,108.54275,-0.0014304871,0.00021263625,8.523658,268.10938,1.1,0.0,35.0,0.033835303,0.01,3000.0,0.1,17.653168,0.00016295575,0.0,0.0,10.0
102,73,0,16.0,1.0193024,341.67233,-0.031706266,-0.0001244435,9.904947,88.81239,1.1,0.0,35.0,0.033835303,0.01,3000.0,0.1,17.653168,0.00016295575,0.0,0.0,10.0
50,40,0,11.0,1.1578548,56.144283,-0.004926782,3.8132857e-05,8.391171,377.98334,1.1,0.0,35.0,0.033835303,0.01,3000.0,0.1,17.65409,0.00014290263,0.0,0.0,10.0
36,71,0,13.0,1.0142143,71.45724,0.0028609738,-0.0002375546,8.523658,377.98334,1.1,0.0,35.0,0.033835303,0.01,3000.0,0.1,17.653168,0.00016295575,0.0,0.0,10.0
55,43,0,13.0,1.1578548,303.8557,0.0085317455,-1.4739684e-05,8.391171,251.98889,0.3,0.0,35.0,0.033835303,0.05,3000.0,0.015,88.270454,0.00014290263,0.0,0.0,50.0
46,9,0,7.0,0.967607,0.0,-0.0018532788,9.504479e-05,8.570711,88.81239,1.1,0.0,35.0,0.033835303,0.01,3000.0,0.1,17.652765,0.00017176698,0.0,0.0,10.0
29,46,0,11.0,1.0142143,108.54275,-0.008940542,3.3450804e-05,8.523658,125.994446,1.1,0.0,35.0,0.033835303,0.01,3000.0,0.1,17.653168,0.00016295575,0.0,0.0,10.0
114,21,0,20.0,1.0193024,161.67232,0.0033467722,-9.277364e-05,8.518653,366.31845,1.1,0.0,35.0,0.033835303,0.01,3000.0,0.1,17.653168,0.00016295575,0.0,0.0,10.0
103,15,0,7.0,1.0193024,341.67233,-0.01602928,-0.00012323738,9.2118,321.61032,1.1,0.0,35.0,0.033835303,0.01,3000.0,0.1,17.653168,0.00016295575,0.0,0.0,10.0
91,8,0,9.0,1.3292501,166.04785,0.0021440212,0.00010785062,8.253082,125.994446,1.1,0.0,35.0,0.033835303,0.01,3000.0,0.1,17.654911,0.00012497634,0.0,0.0,10.0
25,84,0,18.0,1.2820039,90.0,-0.0028325897,-0.0,8.289286,251.98889,1.1,0.0,35.0,0.033835303,0.01,3000.0,0.1,17.654736,0.00012881226,0.0,0.0,10.0
73,28,0,12.0,1.3640143,44.820763,0.023148717,0.00017252313,8.227256,518.7231,1.1,0.0,35.0,0.033835303,0.01,3000.0,0.1,17.655073,0.00012140628,0.0,0.0,10.0
52,56,0,12.0,1.3219348,284.12082,-0.012998218,1.5075301e-05,8.258603,125.994446,1.1,0.0,35.0,0.033835303,0.01,3000.0,0.1,17.654911,0.00012497634,0.0,0.0,10.0
4,122,0,40.0,1.3219348,75.87917,0.0022605597,-0.00017722764,8.258603,320.83734,1.1,0.0,35.0,0.033835303,0.01,3000.0,0.1,17.654911,0.00012497634,0.0,0.0,10.0
17,43,0,12.0,1.3292501,166.04785,0.012943536,0.00032974832,8.253082,199.58827,1.1,0.0,35.0,0.033835303,0.01,3000.0,0.1,17.654911,0.00012497634,0.0,0.0,10.0
114,14,0,21.0,1.1606436,326.4752,0.014196828,0.00021502934,8.388765,282.43634,0.3,0.0,35.0,0.033835303,0.05,3000.0,0.015,88.270454,0.00014290263,0.0,0.0,50.0
61,20,0,7.0,1.1606436,326.4752,-0.0047720424,-0.0002803354,9.487377,282.43634,1.1,0.0,35.0,0.033835303,0.01,3000.0,0.1,17.65409,0.00014290263,0.0,0.0,10.0
43,120,0,17.0,1.2900473,0.0,0.013899592,-0.0,8.283029,178.7396,1.1,0.0,35.0,0.033835303,0.01,3000.0,0.1,17.654736,0.00012881226,0.0,0.0,10.0
111,101,0,36.0,1.1606436,33.524815,0.009066882,-0.00018673154,8.388765,178.7396,1.1,0.0,35.0,0.033835303,0.01,3000.0,0.1,17.65409,0.00014290263,0.0,0.0,10.0
5,102,0,20.0,1.3219348,104.12081,-0.0073468187,-0.000114445844,8.258603,282.43634,1.1,0.0,35.0,0.033835303,0.01,3000.0,0.1,17.654911,0.00012497634,0.0,0.0,10.0
53,8,0,10.0,1.3640143,44.820763,-0.0046297438,0.00014063214,8.227256,198.84044,1.1,0.0,35.0,0.033835303,0.01,3000.0,0.1,17.655073,0.00012140628,0.0,0.0,10.0
35,39,0,12.0,1.3292501,13.952128,0.0026998783,0.00012584486,8.253082,281.0262,1.1,0.0,35.0,0.033835303,0.01,3000.0,0.1,17.654911,0.00012497634,0.0,0.0,10.0
21,79,0,19.0,1.2900473,0.0,0.001389959,0.00012668424,8.283029,125.994446,1.1,0.0,35.0,0.033835303,0.01,3000.0,0.1,17.654736,0.00012881226,0.0,0.0,10.0
56,38,0,13.0,1.3219348,284.12082,0.010737657,0.00044403048,8.258603,178.7396,1.1,0.0,35.0,0.033835303,0.01,3000.0,0.1,17.654911,0.00012497634,0.0,0.0,10.0
66,69,0,42.0,1.3219348,75.87917,-0.00080734293,0.00055464014,8.258603,251.98889,0.3,0.0,35.0,0.033835303,0.05,3000.0,0.015,88.27456,0.00012497633,0.0,0.0,50.0
42,120,0,17.0,1.2900473,0.0,0.0041698776,3.167106e-05,8.283029,199.58827,1.1,0.0,35.0,0.033835303,0.01,3000.0,0.1,17.654736,0.00012881226,0.0,0.0,10.0
83,61,0,32.0,1.3219348,255.87918,-0.0050055245,0.00054855493,8.258603,282.43634,0.3,0.0,35.0,0.033835303,0.05,3000.0,0.015,88.27456,0.00012497633,0.0,0.0,50.0
94,38,0,12.0,1.1606436,146.47517,-0.0063229566,3.3390104e-05,8.388765,480.85815,1.1,0.0,35.0,0.033835303,0.01,3000.0,0.1,17.65409,0.00014290263,0.0,0.0,10.0
114,109,0,40.0,1.3292501,346.04788,0.023504825,-0.0004198617,8.253082,198.84044,1.1,0.0,35.0,0.033835303,0.01,3000.0,0.1,17.654911,0.00012497634,0.0,0.0,10.0
11,109,0,36.0,1.1606436,326.4752,0.024576023,-0.00018635749,8.388765,357.4792,1.1,0.0,35.0,0.033835303,0.01,3000.0,0.1,17.65409,0.00014290263,0.0,0.0,10.0
76,39,0,9.0,1.1606436,146.47517,-0.00226672,-0.00026967973,10.58599,377.98334,0.3,0.0,35.0,0.033835303,0.05,3000.0,0.015,88.270454,0.00014290263,0.0,0.0,50.0
30,11,0,14.0,1.1606436,33.524815,0.011810807,0.00016988862,8.388765,444.06195,1.1,0.0,35.0,0.033835303,0.01,3000.0,0.1,17.65409,0.00014290263,0.0,0.0,10.0
117,27,0,16.0,1.3640143,135.17923,-0.013889229,4.857236e-05,8.920403,251.98889,1.1,0.0,35.0,0.033835303,0.01,3000.0,0.1,17.655073,0.00012140628,0.0,0.0,10.0
12,105,0,32.0,1.1606436,326.4752,0.017060053,3.192957e-05,8.388765,282.43634,1.1,0.0,35.0,0.033835303,0.01,3000.0,0.1,17.65409,0.00014290263,0.0,0.0,10.0
116,46,0,10.0,1.1606436,33.524815,0.007635269,2.2086667e-06,8.388765,321.61032,1.1,0.0,35.0,0.033835303,0.01,3000.0,0.1,17.65409,0.00014290263,0.0,0.0,10.0
58,81,0,21.0,1.1606436,326.4752,0.028393656,-0.0001005495,8.388765,125.994446,0.3,0.0,35.0,0.033835303,0.05,3000.0,0.015,88.270454,0.00014290263,0.0,0.0,50.0
18,118,0,25.0,1.3292501,346.04788,0.02739583,0.0006256972,8.253082,251.98889,1.1,0.0,35.0,0.033835303,0.01,3000.0,0.1,17.654911,0.00012497634,0.0,0.0,10.0
49,23,0,3.0,1.1606436,326.4752,8.5444324e-10,-0.00041020787,9.081912,88.81239,1.4,0.0,35.0,0.033835303,0.3,3000.0,0.04,529.62274,0.0001429026,0.0,0.0,40.0
111,43,0,7.0,1.3219348,75.87917,-0.0046825875,-8.1261365e-05,9.357215,89.3698,1.1,0.0,35.0,0.033835303,0.01,3000.0,0.1,17.654911,0.00012497634,0.0,0.0,10.0
62,63,0,8.0,1.2900473,0.0,-0.0013899591,-0.00076010544,11.327551,0.0,1.1,0.0,35.0,0.033835303,0.01,3000.0,0.1,17.654736,0.00012881226,0.0,0.0,10.0
95,19,0,10.0,1.2900473,180.0,-0.0013899591,3.167106e-05,8.283029,399.17654,1.1,0.0,35.0,0.033835303,0.01,3000.0,0.1,17.654736,0.00012881226,0.0,0.0,10.0
42,13,0,9.0,1.3292501,166.04785,-0.0037321853,-6.9018884e-06,8.946229,177.62479,1.1,0.0,35.0,0.033835303,0.01,3000.0,0.1,17.654911,0.00012497634,0.0,0.0,10.0
38,90,0,12.0,1.1606436,33.524815,-0.003459731,-0.00024473664,9.081912,377.98334,1.1,0.0,35.0,0.033835303,0.01,3000.0,0.1,17.65409,0.00014290263,0.0,0.0,10.0
46,8,0,4.0,1.3640143,44.820763,-0.015212013,-0.00010996686,10.935306,0.0,0.7,0.0,35.0,0.033835303,0.1,3000.0,0.035,176.55075,0.000121406265,0.0,0.0,30.0
65,50,0,16.0,1.3219348,284.12082,0.005409196,0.00015912314,8.258603,281.0262,0.3,0.0,35.0,0.033835303,0.05,3000.0,0.015,88.27456,0.00012497633,0.0,0.0,50.0
33,45,0,14.0,1.3640143,224.82077,0.009259487,-0.00015774177,8.227256,321.61032,1.1,0.0,35.0,0.033835303,0.01,3000.0,0.1,17.655073,0.00012140628,0.0,0.0,10.0
106,43,0,13.0,1.1606436,33.524815,0.0016702148,0.00012219745,8.388765,125.994446,1.1,0.0,35.0,0.033835303,0.01,3000.0,0.1,17.65409,0.00014290263,0.0,0.0,10.0
104,43,0,12.0,1.2900473,180.0,-0.0027799183,-9.501318e-05,8.976176,282.43634,1.1,0.0,35.0,0.033835303,0.01,3000.0,0.1,17.654736,0.00012881226,0.0,0.0,10.0
51,116,0,11.0,1.1606436,213.52483,-0.020877687,0.00010714317,9.998203,125.994446,1.1,0.0,35.0,0.033835303,0.01,3000.0,0.1,17.65409,0.00014290263,0.0,0.0,10.0
67,37,0,5.0,1.3640143,44.820763,-0.0033069602,0.000109162036,8.227256,125.994446,1.4,0.0,35.0,0.033835303,0.3,3000.0,0.04,529.6523,0.000121406265,0.0,0.0,40.0
104,13,0,8.0,1.2820039,270.0,0.0056651793,-3.1277523e-05,8.289286,366.31845,1.1,0.0,35.0,0.033835303,0.01,3000.0,0.1,17.654736,0.00012881226,0.0,0.0,10.0
8,19,0,9.0,1.3292501,13.952128,0.005637982,-3.7284448e-05,8.253082,88.81239,0.3,0.0,35.0,0.033835303,0.05,3000.0,0.015,88.27456,0.00012497633,0.0,0.0,50.0
105,20,0,8.0,1.3640143,224.82077,0.0026455675,-0.00012627663,8.227256,199.58827,1.1,0.0,35.0,0.033835303,0.01,3000.0,0.1,17.655073,0.00012140628,0.0,0.0,10.0
71,0,0,7.0,1.3292501,166.04785,0.013658211,-0.00025569246,8.253082,646.8711,1.1,0.0,35.0,0.033835303,0.01,3000.0,0.1,17.654911,0.00012497634,0.0,0.0,10.0
41,88,0,13.0,1.1606436,326.4752,0.014793333,-0.00023775018,8.388765,125.994446,1.1,0.0,35.0,0.033835303,0.01,3000.0,0.1,17.65409,0.00014290263,0.0,0.0,10.0
103,0,0,15.0,1.2820039,90.0,0.0056651793,6.255504e-05,8.289286,355.24957,1.1,0.0,35.0,0.033835303,0.01,3000.0,0.1,17.654736,0.00012881226,0.0,0.0,10.0
112,98,0,41.0,1.2820039,90.0,-0.019828126,-0.00075066055,8.982432,251.98889,1.1,0.0,35.0,0.033835303,0.01,3000.0,0.1,17.654736,0.00012881226,0.0,0.0,10.0
96,26,0,9.0,1.1606436,146.47517,-0.007158064,-7.5222095e-05,10.180525,281.0262,1.1,0.0,35.0,0.033835303,0.01,3000.0,0.1,17.65409,0.00014290263,0.0,0.0,10.0
17,1,0,8.0,1.3292501,346.04788,0.0067496975,0.00012695763,8.253082,198.84044,1.1,0.0,35.0,0.033835303,0.01,3000.0,0.1,17.654911,0.00012497634,0.0,0.0,10.0
29,95,0,9.0,1.1606436,326.4752,-0.0014316129,-6.604058e-05,9.487377,89.3698,1.1,0.0,35.0,0.033835303,0.01,3000.0,0.1,17.65409,0.00014290263,0.0,0.0,10.0
119,25,0,20.0,1.1606436,326.4752,0.009186183,-0.00018638982,8.388765,355.24957,1.1,0.0,35.0,0.033835303,0.01,3000.0,0.1,17.65409,0.00014290263,0.0,0.0,10.0
74,45,0,4.0,1.2820039,90.0,-0.0,-0.00012511006,8.982432,177.62479,1.4,0.0,35.0,0.033835303,0.3,3000.0,0.04,529.6421,0.00012881226,0.0,0.0,40.0
80,115,0,6.0,1.3292501,346.04788,-0.04708906,-0.00054126367,11.990752,0.0,1.1,0.0,35.0,0.033835303,0.01,3000.0,0.1,17.654911,0.00012497634,0.0,0.0,10.0
17,54,0,6.0,1.2900473,180.0,-0.022239346,-0.00022169742,10.922086,0.0,1.1,0.0,35.0,0.033835303,0.01,3000.0,0.1,17.654736,0.00012881226,0.0,0.0,10.0
48,45,0,11.0,1.3292501,193.95215,-0.0023822463,-3.780672e-05,8.253082,198.84044,1.1,0.0,35.0,0.033835303,0.01,3000.0,0.1,17.654911,0.00012497634,0.0,0.0,10.0
6,122,0,35.0,1.3219348,104.12081,0.010818392,9.655727e-05,9.868041,321.61032,1.1,0.0,35.0,0.033835303,0.01,3000.0,0.1,17.654911,0.00012497634,0.0,0.0,10.0
63,48,0,13.0,1.2900473,0.0,-0.0027799183,6.334212e-05,8.976176,88.81239,1.1,0.0,35.0,0.033835303,0.01,3000.0,0.1,17.654736,0.00012881226,0.0,0.0,10.0
31,90,0,7.0,1.2900473,0.0,-0.0013899595,-0.0,8.283029,125.994446,1.4,0.0,35.0,0.033835303,0.3,3000.0,0.04,529.6421,0.00012881226,0.0,0.0,40.0
56,102,0,7.0,1.2820039,90.0,-0.011330359,-6.255503e-05,9.898724,125.994446,0.7,0.0,35.0,0.033835303,0.1,3000.0,0.035,176.54735,0.00012881226,0.0,0.0,30.0
117,28,0,15.0,1.2820039,90.0,-0.009914063,-0.00012511008,9.3878975,199.58827,1.1,0.0,35.0,0.033835303,0.01,3000.0,0.1,17.654736,0.00012881226,0.0,0.0,10.0
8,101,0,21.0,1.3219348,104.12081,-0.004763321,-8.2156585e-05,8.258603,125.994446,1.1,0.0,35.0,0.033835303,0.01,3000.0,0.1,17.654911,0.00012497634,0.0,0.0,10.0
57,59,0,13.0,1.3292501,166.04785,0.003891002,-0.00018679774,8.253082,251.98889,1.1,0.0,35.0,0.033835303,0.01,3000.0,0.1,17.654911,0.00012497634,0.0,0.0,10.0
38,96,0,11.0,1.2900473,0.0,0.008339755,6.334212e-05,8.283029,282.43634,1.1,0.0,35.0,0.033835303,0.01,3000.0,0.1,17.654736,0.00012881226,0.0,0.0,10.0
6,64,0,5.0,1.2820039,90.0,-0.008497769,-0.00059427286,9.898724,198.84044,0.1,0.0,35.0,0.033835303,0.0,3000.0,0.05,0.0,0.00012881226,0.0,0.0,90.0
99,111,0,29.0,1.3219348,75.87917,-0.012917483,0.00041822682,8.258603,178.7396,1.1,0.0,35.0,0.033835303,0.01,3000.0,0.1,17.654911,0.00012497634,0.0,0.0,10.0
54,105,0,15.0,1.3640143,44.820763,0.013227839,0.00018884023,8.227256,177.62479,1.1,0.0,35.0,0.033835303,0.01,3000.0,0.1,17.655073,0.00012140628,0.0,0.0,10.0
60,63,0,9.0,1.2820039,270.0,-0.019828126,0.00012511006,8.289286,178.7396,1.1,0.0,35.0,0.033835303,0.01,3000.0,0.1,17.654736,0.00012881226,0.0,0.0,10.0
41,35,0,11.0,1.2820039,270.0,0.007081474,6.255503e-05,8.289286,125.994446,0.3,0.0,35.0,0.033835303,0.05,3000.0,0.015,88.273674,0.00012881224,0.0,0.0,50.0
36,43,0,9.0,1.3292501,13.952128,-0.012943536,-7.63917e-05,9.639377,88.81239,1.1,0.0,35.0,0.033835303,0.01,3000.0,0.1,17.654911,0.00012497634,0.0,0.0,10.0
38,118,0,22.0,1.2820039,270.0,0.009914063,0.00053171784,8.289286,281.0262,1.1,0.0,35.0,0.033835303,0.01,3000.0,0.1,17.654736,0.00012881226,0.0,0.0,10.0
83,109,0,15.0,1.2820039,90.0,0.0056651793,0.0003127752,8.289286,178.7396,1.1,0.0,35.0,0.033835303,0.01,3000.0,0.1,17.654736,0.00012881226,0.0,0.0,10.0
30,25,0,2.0,1.3640143,135.17923,-0.013889229,-1.4764095e-05,10.173165,266.43716,1.1,0.0,35.0,0.033835303,0.01,3000.0,0.1,17.655073,0.00012140628,0.0,0.0,10.0
34,91,0,14.0,1.3292501,193.95215,0.008893719,-0.00011237562,8.253082,251.98889,0.7,0.0,35.0,0.033835303,0.1,3000.0,0.035,176.54912,0.00012497634,0.0,0.0,30.0
14,53,0,13.0,1.3219348,255.87918,-0.014451435,-1.711939e-05,8.258603,282.43634,1.1,0.0,35.0,0.033835303,0.01,3000.0,0.1,17.654911,0.00012497634,0.0,0.0,10.0
97,117,0,11.0,1.3219348,255.87918,-0.04529192,-0.0001555784,10.338044,198.84044,1.1,0.0,35.0,0.033835303,0.01,3000.0,0.1,17.654911,0.00012497634,0.0,0.0,10.0
80,85,0,9.0,1.3219348,104.12081,-0.05280021,-0.00095594913,12.228894,0.0,1.1,0.0,35.0,0.033835303,0.01,3000.0,0.1,17.654911,0.00012497634,0.0,0.0,10.0
104,14,0,5.0,1.3219348,255.87918,-0.0037945106,-0.00022644878,10.050363,320.83734,1.1,0.0,35.0,0.033835303,0.01,3000.0,0.1,17.654911,0.00012497634,0.0,0.0,10.0
71,67,0,27.0,1.3640143,315.17923,0.021164542,2.7763003e-06,8.227256,177.62479,1.1,0.0,35.0,0.033835303,0.01,3000.0,0.1,17.655073,0.00012140628,0.0,0.0,10.0
99,24,0,12.0,1.2900473,180.0,0.0013899591,9.501318e-05,8.283029,266.43716,1.1,0.0,35.0,0.033835303,0.01,3000.0,0.1,17.654736,0.00012881226,0.0,0.0,10.0
67,106,0,5.0,1.3292501,346.04788,0.0016675723,-0.0005778335,8.253082,125.994446,1.4,0.0,35.0,0.033835303,0.3,3000.0,0.04,529.64734,0.00012497634,0.0,0.0,40.0
54,116,0,9.0,1.2900473,180.0,-0.013899592,-0.00076010544,10.074788,125.994446,1.1,0.0,35.0,0.033835303,0.01,3000.0,0.1,17.654736,0.00012881226,0.0,0.0,10.0
55,88,0,18.0,1.3640143,135.17923,0.025132893,0.00015856141,8.227256,177.62479,1.1,0.0,35.0,0.033835303,0.01,3000.0,0.1,17.655073,0.00012140628,0.0,0.0,10.0
42,123,0,19.0,1.3292501,13.952128,0.019534418,-0.00042557233,8.253082,251.98889,1.1,0.0,35.0,0.033835303,0.01,3000.0,0.1,17.654911,0.00012497634,0.0,0.0,10.0
0,38,0,9.0,1.3219348,284.12082,-0.016469792,-0.00031225398,11.303125,0.0,1.1,0.0,35.0,0.033835303,0.01,3000.0,0.1,17.654911,0.00012497634,0.0,0.0,10.0
77,40,0,13.0,1.3292501,13.952128,0.004288043,-6.3796124e-06,8.253082,397.68088,1.1,0.0,35.0,0.033835303,0.01,3000.0,0.1,17.654911,0.00012497634,0.0,0.0,10.0
80,106,0,13.0,1.1606436,326.4752,-0.0042948383,-3.8167895e-05,9.081912,321.61032,1.1,0.0,35.0,0.033835303,0.01,3000.0,0.1,17.65409,0.00014290263,0.0,0.0,10.0
113,5,0,2.0,1.3292501,193.95215,-0.013181761,-0.00038795796,10.650977,0.0,1.4,0.0,35.0,0.033835303,0.3,3000.0,0.04,529.64734,0.00012497634,0.0,0.0,40.0
76,35,0,12.0,1.3640143,44.820763,-0.0033069598,4.7794605e-05,8.920403,198.84044,1.1,0.0,35.0,0.033835303,0.01,3000.0,0.1,17.655073,0.00012140628,0.0,0.0,10.0
78,35,0,10.0,1.2820039,90.0,0.0042488845,9.383257e-05,8.289286,125.994446,1.1,0.0,35.0,0.033835303,0.01,3000.0,0.1,17.654736,0.00012881226,0.0,0.0,10.0
82,43,0,9.0,1.2900473,180.0,-0.008339755,6.334212e-05,8.283029,88.81239,1.4,0.0,35.0,0.033835303,0.3,3000.0,0.04,529.6421,0.00012881226,0.0,0.0,40.0
40,86,0,18.0,1.3640143,44.820763,0.009259487,0.00034698076,8.227256,199.58827,1.1,0.0,35.0,0.033835303,0.01,3000.0,0.1,17.655073,0.00012140628,0.0,0.0,10.0
4,10,0,5.0,1.3292501,346.04788,-0.008099637,-0.0001586043,10.332523,125.994446,1.1,0.0,35.0,0.033835303,0.01,3000.0,0.1,17.654911,0.00012497634,0.0,0.0,10.0
39,94,0,12.0,1.3219348,255.87918,0.00080734247,0.0003574845,8.258603,199.58827,1.1,0.0,35.0,0.033835303,0.01,3000.0,0.1,17.654911,0.00012497634,0.0,0.0,10.0
32,47,0,15.0,1.1606436,213.52483,0.0020281177,0.000493877,8.388765,178.7396,1.1,0.0,35.0,0.033835303,0.01,3000.0,0.1,17.65409,0.00014290263,0.0,0.0,10.0
94,100,0,12.0,1.3219348,284.12082,-0.012352345,-0.00025002542,11.091816,0.0,1.1,0.0,35.0,0.033835303,0.01,3000.0,0.1,17.654911,0.00012497634,0.0,0.0,10.0
38,38,0,11.0,1.1606436,326.4752,0.016940752,-5.8712394e-05,8.388765,266.43716,1.1,0.0,35.0,0.033835303,0.01,3000.0,0.1,17.65409,0.00014290263,0.0,0.0,10.0
63,53,0,14.0,1.1606436,213.52483,0.012645913,-3.668013e-05,8.388765,199.58827,1.1,0.0,35.0,0.033835303,0.01,3000.0,0.1,17.65409,0.00014290263,0.0,0.0,10.0
33,6,0,11.0,1.3292501,13.952128,0.0038910022,-2.7268434e-05,8.253082,357.4792,1.1,0.0,35.0,0.033835303,0.01,3000.0,0.1,17.654911,0.00012497634,0.0,0.0,10.0
103,23,0,10.0,1.2900473,0.0,0.0013899591,0.00012668424,8.283029,177.62479,1.1,0.0,35.0,0.033835303,0.01,3000.0,0.1,17.654736,0.00012881226,0.0,0.0,10.0
70,65,0,14.0,1.2900473,180.0,-0.011119673,-0.0008867897,9.381641,89.3698,1.1,0.0,35.0,0.033835303,0.01,3000.0,0.1,17.654736,0.00012881226,0.0,0.0,10.0
113,31,0,3.0,1.2900473,0.0,-0.020849386,-0.0006334212,11.461082,0.0,0.7,0.0,35.0,0.033835303,0.1,3000.0,0.035,176.54735,0.00012881226,0.0,0.0,30.0
52,79,0,14.0,1.1606436,146.47517,-0.0019088172,0.00010199981,8.388765,125.994446,1.1,0.0,35.0,0.033835303,0.01,3000.0,0.1,17.65409,0.00014290263,0.0,0.0,10.0
39,67,0,14.0,1.3640143,224.82077,0.0046297433,0.00010995703,8.227256,198.84044,1.1,0.0,35.0,0.033835303,0.01,3000.0,0.1,17.655073,0.00012140628,0.0,0.0,10.0
38,34,0,8.0,1.1606436,146.47517,0.010617796,6.9704685e-05,8.388765,88.81239,1.1,0.0,35.0,0.033835303,0.01,3000.0,0.1,17.65409,0.00014290263,0.0,0.0,10.0
55,7,0,4.0,1.3219348,75.87917,-0.016711993,-0.00018195901,10.455828,282.43634,1.1,0.0,35.0,0.033835303,0.01,3000.0,0.1,17.654911,0.00012497634,0.0,0.0,10.0
75,51,0,8.0,1.3292501,346.04788,-0.052330006,-0.0004486641,11.74959,0.0,1.1,0.0,35.0,0.033835303,0.01,3000.0,0.1,17.654911,0.00012497634,0.0,0.0,10.0
103,41,0,14.0,1.3292501,13.952128,0.0015881638,0.00015240787,8.253082,266.43716,1.1,0.0,35.0,0.033835303,0.01,3000.0,0.1,17.654911,0.00012497634,0.0,0.0,10.0
58,108,0,15.0,1.3292501,346.04788,0.016834538,0.0004932849,8.253082,177.62479,1.1,0.0,35.0,0.033835303,0.01,3000.0,0.1,17.654911,0.00012497634,0.0,0.0,10.0
106,38,0,10.0,1.2820039,90.0,-0.012746653,6.255504e-05,8.982432,268.10938,1.1,0.0,35.0,0.033835303,0.01,3000.0,0.1,17.654736,0.00012881226,0.0,0.0,10.0
36,47,0,8.0,1.3640143,44.820763,-0.02050315,-0.00029998115,10.866313,0.0,1.1,0.0,35.0,0.033835303,0.01,3000.0,0.1,17.655073,0.00012140628,0.0,0.0,10.0
46,99,0,16.0,1.2900473,0.0,0.0027799183,3.167106e-05,8.283029,268.10938,1.1,0.0,35.0,0.033835303,0.01,3000.0,0.1,17.654736,0.00012881226,0.0,0.0,10.0
66,50,0,18.0,1.2900473,180.0,0.015289552,0.0004117238,8.283029,251.98889,1.1,0.0,35.0,0.033835303,0.01,3000.0,0.1,17.654736,0.00012881226,0.0,0.0,10.0
31,52,0,11.0,1.3640143,135.17923,-0.02182593,0.00017445024,9.325868,452.96576,1.1,0.0,35.0,0.033835303,0.01,3000.0,0.1,17.655073,0.00012140628,0.0,0.0,10.0
31,25,0,2.0,1.1606436,213.52483,-0.0077545694,-6.275055e-05,9.487377,281.0262,1.1,0.0,35.0,0.033835303,0.01,3000.0,0.1,17.65409,0.00014290263,0.0,0.0,10.0
24,73,0,24.0,1.3640143,44.820763,0.011905054,9.3637434e-05,8.227256,368.3463,1.1,0.0,35.0,0.033835303,0.01,3000.0,0.1,17.655073,0.00012140628,0.0,0.0,10.0
93,99,0,17.0,1.3640143,224.82077,-2.6316324e-10,0.00018843412,8.227256,125.994446,1.1,0.0,35.0,0.033835303,0.01,3000.0,0.1,17.655073,0.00012140628,0.0,0.0,10.0
4,113,0,33.0,1.3640143,44.820763,0.0019841758,-0.00026651987,8.227256,199.58827,1.1,0.0,35.0,0.033835303,0.01,3000.0,0.1,17.655073,0.00012140628,0.0,0.0,10.0
42,81,0,16.0,1.3640143,315.17923,-0.002645569,0.0004394146,8.227256,321.61032,1.1,0.0,35.0,0.033835303,0.01,3000.0,0.1,17.655073,0.00012140628,0.0,0.0,10.0
89,94,0,14.0,1.3640143,135.17923,0.007936703,-0.00019393991,8.227256,268.10938,1.1,0.0,35.0,0.033835303,0.01,3000.0,0.1,17.655073,0.00012140628,0.0,0.0,10.0
113,45,0,8.0,1.3292501,346.04788,-0.0006352653,4.600453e-05,8.253082,198.84044,1.1,0.0,35.0,0.033835303,0.01,3000.0,0.1,17.654911,0.00012497634,0.0,0.0,10.0
30,84,0,28.0,1.3219348,284.12082,0.032616645,0.00025664177,8.258603,266.43716,1.1,0.0,35.0,0.033835303,0.01,3000.0,0.1,17.654911,0.00012497634,0.0,0.0,10.0
16,119,0,21.0,1.3292501,13.952128,0.0072261468,-4.125536e-05,8.253082,266.43716,1.1,0.0,35.0,0.033835303,0.01,3000.0,0.1,17.654911,0.00012497634,0.0,0.0,10.0
97,43,0,14.0,1.2820039,90.0,-0.0014162948,3.1277516e-05,8.289286,646.8711,1.1,0.0,35.0,0.033835303,0.01,3000.0,0.1,17.654736,0.00012881226,0.0,0.0,10.0
38,123,0,18.0,1.3292501,166.04785,0.0076231877,-8.291805e-05,8.253082,251.98889,1.1,0.0,35.0,0.033835303,0.01,3000.0,0.1,17.654911,0.00012497634,0.0,0.0,10.0
110,31,0,3.0,1.3292501,346.04788,-0.0015087561,-0.00046976324,10.555667,177.62479,1.4,0.0,35.0,0.033835303,0.3,3000.0,0.04,529.64734,0.00012497634,0.0,0.0,40.0
15,93,0,19.0,1.3640143,44.820763,-0.0033069598,0.000109949644,9.325868,198.84044,1.1,0.0,35.0,0.033835303,0.01,3000.0,0.1,17.655073,0.00012140628,0.0,0.0,10.0
78,32,0,9.0,1.2820039,90.0,0.0014162948,-3.1277523e-05,8.289286,125.994446,1.1,0.0,35.0,0.033835303,0.01,3000.0,0.1,17.654736,0.00012881226,0.0,0.0,10.0
1,103,0,24.0,1.3292501,13.952128,0.022551928,0.0003575754,8.253082,198.84044,1.1,0.0,35.0,0.033835303,0.01,3000.0,0.1,17.654911,0.00012497634,0.0,0.0,10.0
54,59,0,9.0,1.3219348,284.12082,-0.01622759,-0.0001606708,10.455828,125.994446,1.1,0.0,35.0,0.033835303,0.01,3000.0,0.1,17.654911,0.00012497634,0.0,0.0,10.0
31,66,0,2.0,1.2900473,180.0,-0.0055598365,-0.000506737,11.374071,0.0,0.1,0.0,35.0,0.033835303,0.0,3000.0,0.05,0.0,0.00012881226,0.0,0.0,90.0
31,69,0,8.0,1.3640143,315.17923,-0.0013227842,0.00015656777,8.227256,125.994446,1.1,0.0,35.0,0.033835303,0.01,3000.0,0.1,17.655073,0.00012140628,0.0,0.0,10.0
41,39,0,8.0,1.3219348,75.87917,-0.007104616,-0.00021307092,9.644897,89.3698,0.3,0.0,35.0,0.033835303,0.05,3000.0,0.015,88.27456,0.00012497633,0.0,0.0,50.0
71,39,0,10.0,1.3292501,13.952128,0.0053203497,9.6758245e-05,8.253082,177.62479,1.1,0.0,35.0,0.033835303,0.01,3000.0,0.1,17.654911,0.00012497634,0.0,0.0,10.0
46,74,0,10.0,1.3292501,166.04785,-0.000555857,-0.00027135084,9.639377,178.7396,1.1,0.0,35.0,0.033835303,0.01,3000.0,0.1,17.654911,0.00012497634,0.0,0.0,10.0
61,61,0,21.0,1.3292501,193.95215,0.032795586,0.00024557073,8.253082,178.7396,0.3,0.0,35.0,0.033835303,0.05,3000.0,0.015,88.27456,0.00012497633,0.0,0.0,50.0
88,89,0,16.0,1.2900473,180.0,0.006949797,9.501318e-05,8.283029,125.994446,1.1,0.0,35.0,0.033835303,0.01,3000.0,0.1,17.654736,0.00012881226,0.0,0.0,10.0
67,46,0,13.0,1.3640143,135.17923,-0.0046297433,0.00026612362,8.227256,198.84044,1.1,0.0,35.0,0.033835303,0.01,3000.0,0.1,17.655073,0.00012140628,0.0,0.0,10.0
61,30,0,6.0,1.2900473,0.0,0.0055598365,-0.0002533685,8.283029,282.43634,1.1,0.0,35.0,0.033835303,0.01,3000.0,0.1,17.654736,0.00012881226,0.0,0.0,10.0
99,101,0,21.0,1.3292501,346.04788,-0.00023822457,-0.0006587501,8.946229,88.81239,1.1,0.0,35.0,0.033835303,0.01,3000.0,0.1,17.654911,0.00012497634,0.0,0.0,10.0
32,95,0,12.0,1.3219348,255.87918,0.0051669935,-0.00018247917,8.95175,125.994446,1.1,0.0,35.0,0.033835303,0.01,3000.0,0.1,17.654911,0.00012497634,0.0,0.0,10.0
51,57,0,13.0,1.2820039,270.0,0.009914063,6.255503e-05,8.289286,177.62479,1.1,0.0,35.0,0.033835303,0.01,3000.0,0.1,17.654736,0.00012881226,0.0,0.0,10.0
73,78,0,49.0,1.2820039,90.0,-0.0014162948,0.0001563876,8.289286,368.3463,1.1,0.0,35.0,0.033835303,0.01,3000.0,0.1,17.654736,0.00012881226,0.0,0.0,10.0
22,57,0,44.0,1.3640143,224.82077,0.035053767,0.00026025352,8.227256,357.4792,1.1,0.0,35.0,0.033835303,0.01,3000.0,0.1,17.655073,0.00012140628,0.0,0.0,10.0
72,31,0,10.0,1.2820039,270.0,-0.0056651793,-6.255503e-05,9.3878975,251.98889,1.4,0.0,35.0,0.033835303,0.3,3000.0,0.04,529.6421,0.00012881226,0.0,0.0,40.0
69,43,0,11.0,1.3292501,166.04785,-0.008576086,0.00026296527,8.253082,125.994446,1.1,0.0,35.0,0.033835303,0.01,3000.0,0.1,17.654911,0.00012497634,0.0,0.0,10.0
50,33,0,10.0,1.1606436,213.52483,-0.0054878495,0.00011190224,8.388765,321.61032,1.1,0.0,35.0,0.033835303,0.01,3000.0,0.1,17.65409,0.00014290263,0.0,0.0,10.0
43,10,0,9.0,1.2820039,90.0,0.0056651793,-0.0,8.289286,320.83734,1.1,0.0,35.0,0.033835303,0.01,3000.0,0.1,17.654736,0.00012881226,0.0,0.0,10.0
94,13,0,5.0,1.3292501,193.95215,-0.006114432,-0.00020423792,10.818031,0.0,1.4,0.0,35.0,0.033835303,0.3,3000.0,0.04,529.64734,0.00012497634,0.0,0.0,40.0
31,11,0,11.0,1.2820039,90.0,-0.0,-3.1277516e-05,8.289286,452.96576,1.1,0.0,35.0,0.033835303,0.01,3000.0,0.1,17.654736,0.00012881226,0.0,0.0,10.0
111,4,0,4.0,1.3219348,75.87917,0.0062165386,-0.00048737603,8.95175,177.62479,1.1,0.0,35.0,0.033835303,0.01,3000.0,0.1,17.654911,0.00012497634,0.0,0.0,10.0
118,23,0,21.0,1.1606436,213.52483,0.0051299464,-4.3273805e-05,8.388765,321.61032,1.1,0.0,35.0,0.033835303,0.01,3000.0,0.1,17.65409,0.00014290263,0.0,0.0,10.0
116,27,0,20.0,1.3219348,75.87917,0.025512028,0.00019876951,8.258603,198.84044,1.1,0.0,35.0,0.033835303,0.01,3000.0,0.1,17.654911,0.00012497634,0.0,0.0,10.0
15,95,0,22.0,1.3219348,104.12081,0.010414721,-0.00026905356,8.258603,320.83734,1.1,0.0,35.0,0.033835303,0.01,3000.0,0.1,17.654911,0.00012497634,0.0,0.0,10.0
20,35,0,4.0,1.3219348,104.12081,-0.0094459085,-0.00066068396,10.89766,0.0,1.1,0.0,35.0,0.033835303,0.01,3000.0,0.1,17.654911,0.00012497634,0.0,0.0,10.0
30,9,0,10.0,1.3292501,13.952128,0.000397041,-0.00013548997,9.351694,281.0262,1.1,0.0,35.0,0.033835303,0.01,3000.0,0.1,17.654911,0.00012497634,0.0,0.0,10.0
123,27,0,15.0,1.2900473,0.0,-0.013899592,-0.00012668424,8.976176,355.24957,1.1,0.0,35.0,0.033835303,0.01,3000.0,0.1,17.654736,0.00012881226,0.0,0.0,10.0
72,40,0,10.0,1.3292501,346.04788,-0.0030969197,7.2196606e-05,9.639377,281.0262,1.1,0.0,35.0,0.033835303,0.01,3000.0,0.1,17.654911,0.00012497634,0.0,0.0,10.0
106,48,0,15.0,1.3219348,255.87918,0.0022605592,0.0002313299,8.258603,198.84044,1.1,0.0,35.0,0.033835303,0.01,3000.0,0.1,17.654911,0.00012497634,0.0,0.0,10.0
64,120,0,34.0,1.3219348,284.12082,0.0058128703,-0.0012013554,10.656498,0.0,1.1,0.0,35.0,0.033835303,0.01,3000.0,0.1,17.654911,0.00012497634,0.0,0.0,10.0
58,79,0,13.0,1.3292501,13.952128,-0.01191123,-0.00022661046,11.143454,0.0,1.1,0.0,35.0,0.033835303,0.01,3000.0,0.1,17.654911,0.00012497634,0.0,0.0,10.0
16,26,0,12.0,1.3219348,104.12081,0.0094459085,0.00022360707,8.258603,177.62479,1.1,0.0,35.0,0.033835303,0.01,3000.0,0.1,17.654911,0.00012497634,0.0,0.0,10.0
71,107,0,5.0,1.2900473,0.0,0.0041698776,-0.0004750659,8.283029,178.7396,1.4,0.0,35.0,0.033835303,0.3,3000.0,0.04,529.6421,0.00012881226,0.0,0.0,40.0
35,53,0,15.0,1.2820039,90.0,0.0056651793,3.1277516e-05,8.289286,282.43634,1.1,0.0,35.0,0.033835303,0.01,3000.0,0.1,17.654736,0.00012881226,0.0,0.0,10.0
47,66,0,12.0,1.1606436,326.4752,-0.0034597311,-0.00014970968,9.081912,281.0262,1.1,0.0,35.0,0.033835303,0.01,3000.0,0.1,17.65409,0.00014290263,0.0,0.0,10.0
119,26,0,22.0,1.2820039,270.0,0.016995538,0.00012511006,8.289286,266.43716,1.1,0.0,35.0,0.033835303,0.01,3000.0,0.1,17.654736,0.00012881226,0.0,0.0,10.0
23,34,0,11.0,1.3640143,224.82077,0.012566446,-1.5920852e-05,8.227256,251.98889,1.1,0.0,35.0,0.033835303,0.01,3000.0,0.1,17.655073,0.00012140628,0.0,0.0,10.0
45,73,0,16.0,1.3640143,224.82077,0.011905054,0.00015697387,8.227256,125.994446,1.1,0.0,35.0,0.033835303,0.01,3000.0,0.1,17.655073,0.00012140628,0.0,0.0,10.0
100,54,0,4.0,1.3292501,193.95215,-0.002699879,-0.0003479257,11.511179,0.0,1.4,0.0,35.0,0.033835303,0.3,3000.0,0.04,529.64734,0.00012497634,0.0,0.0,40.0
76,26,0,10.0,1.1606436,33.524815,0.013838924,3.3403707e-05,8.388765,199.58827,1.1,0.0,35.0,0.033835303,0.01,3000.0,0.1,17.65409,0.00014290263,0.0,0.0,10.0
110,14,0,18.0,1.1606436,326.4752,0.004056236,0.000202165,9.081912,320.83734,1.1,0.0,35.0,0.033835303,0.01,3000.0,0.1,17.65409,0.00014290263,0.0,0.0,10.0
84,92,0,3.0,1.3219348,255.87918,-0.022767067,-0.00041804864,11.813951,0.0,0.7,0.0,35.0,0.033835303,0.1,3000.0,0.035,176.54912,0.00012497634,0.0,0.0,30.0
70,112,0,20.0,1.3292501,193.95215,-0.0046850843,-0.0003961194,8.946229,199.58827,1.1,0.0,35.0,0.033835303,0.01,3000.0,0.1,17.654911,0.00012497634,0.0,0.0,10.0
111,39,0,19.0,1.3219348,255.87918,0.02268633,-0.0003619906,8.258603,251.98889,1.1,0.0,35.0,0.033835303,0.01,3000.0,0.1,17.654911,0.00012497634,0.0,0.0,10.0
29,43,0,10.0,1.3219348,75.87917,-0.0052477275,-3.695446e-05,8.258603,89.3698,1.1,0.0,35.0,0.033835303,0.01,3000.0,0.1,17.654911,0.00012497634,0.0,0.0,10.0
84,98,0,15.0,1.1606436,213.52483,0.032927096,0.00027885617,8.388765,199.58827,1.1,0.0,35.0,0.033835303,0.01,3000.0,0.1,17.65409,0.00014290263,0.0,0.0,10.0
76,88,0,23.0,1.3292501,13.952128,0.0007940819,-0.0001458769,8.253082,321.61032,1.1,0.0,35.0,0.033835303,0.01,3000.0,0.1,17.654911,0.00012497634,0.0,0.0,10.0
25,51,0,8.0,1.3292501,13.952128,-0.015564006,-0.0004883162,11.471958,0.0,1.1,0.0,35.0,0.033835303,0.01,3000.0,0.1,17.654911,0.00012497634,0.0,0.0,10.0
33,82,0,18.0,1.1606436,33.524815,0.007277365,0.00023079092,8.388765,125.994446,1.1,0.0,35.0,0.033835303,0.01,3000.0,0.1,17.65409,0.00014290263,0.0,0.0,10.0
92,108,0,49.0,1.1606436,146.47517,0.048794143,0.0007760369,8.388765,320.83734,1.1,0.0,35.0,0.033835303,0.01,3000.0,0.1,17.65409,0.00014290263,0.0,0.0,10.0
121,70,0,46.0,1.1606436,146.47517,-0.012168709,5.869366e-05,9.487377,445.0673,1.1,0.0,35.0,0.033835303,0.01,3000.0,0.1,17.65409,0.00014290263,0.0,0.0,10.0
16,99,0,6.0,1.3292501,193.95215,-0.017390396,-0.0008271873,12.059745,0.0,1.1,0.0,35.0,0.033835303,0.01,3000.0,0.1,17.654911,0.00012497634,0.0,0.0,10.0
66,121,0,63.0,1.3292501,193.95215,0.08544323,0.0010732063,8.253082,125.994446,1.1,0.0,35.0,0.033835303,0.01,3000.0,0.1,17.654911,0.00012497634,0.0,0.0,10.0
40,35,0,8.0,1.2820039,270.0,0.0014162948,3.1277523e-05,8.289286,88.81239,1.1,0.0,35.0,0.033835303,0.01,3000.0,0.1,17.654736,0.00012881226,0.0,0.0,10.0
14,5,0,10.0,1.1606436,33.524815,-0.011572204,7.632219e-05,9.77506,251.98889,1.1,0.0,35.0,0.033835303,0.01,3000.0,0.1,17.65409,0.00014290263,0.0,0.0,10.0
106,45,0,13.0,1.3219348,104.12081,-0.0036330426,0.00011425832,8.258603,125.994446,1.1,0.0,35.0,0.033835303,0.01,3000.0,0.1,17.654911,0.00012497634,0.0,0.0,10.0
15,82,0,27.0,1.3219348,255.87918,0.002583497,-5.956973e-05,8.258603,199.58827,1.1,0.0,35.0,0.033835303,0.01,3000.0,0.1,17.654911,0.00012497634,0.0,0.0,10.0
53,58,0,7.0,1.1606436,146.47517,-0.029109463,-0.00019777489,11.566819,0.0,1.1,0.0,35.0,0.033835303,0.01,3000.0,0.1,17.65409,0.00014290263,0.0,0.0,10.0
19,6,0,7.0,1.3292501,13.952128,-0.000794082,-0.00013875545,8.253082,88.81239,1.1,0.0,35.0,0.033835303,0.01,3000.0,0.1,17.654911,0.00012497634,0.0,0.0,10.0
62,47,0,11.0,1.1606436,33.524815,-0.012407311,-3.2290016e-05,9.081912,89.3698,0.3,0.0,35.0,0.033835303,0.05,3000.0,0.015,88.270454,0.00014290263,0.0,0.0,50.0
45,3,0,11.0,1.3640143,315.17923,0.009259487,-0.00021950302,8.227256,397.68088,1.1,0.0,35.0,0.033835303,0.01,3000.0,0.1,17.655073,0.00012140628,0.0,0.0,10.0
88,85,0,7.0,1.3640143,135.17923,-0.0052911346,-0.0011947337,11.723763,0.0,0.3,0.0,35.0,0.033835303,0.05,3000.0,0.015,88.275375,0.000121406265,0.0,0.0,50.0
21,43,0,14.0,1.1606436,326.4752,-0.0023860221,0.0004901942,8.388765,282.43634,1.1,0.0,35.0,0.033835303,0.01,3000.0,0.1,17.65409,0.00014290263,0.0,0.0,10.0
121,67,0,48.0,1.3219348,75.87917,-0.003633042,0.0004594762,8.258603,282.43634,1.1,0.0,35.0,0.033835303,0.01,3000.0,0.1,17.654911,0.00012497634,0.0,0.0,10.0
74,29,0,11.0,1.3292501,13.952128,-0.005796799,4.0179006e-05,8.253082,445.0673,1.1,0.0,35.0,0.033835303,0.01,3000.0,0.1,17.654911,0.00012497634,0.0,0.0,10.0
87,12,0,13.0,1.1606436,213.52483,0.015867043,5.6872665e-05,8.388765,452.96576,1.1,0.0,35.0,0.033835303,0.01,3000.0,0.1,17.65409,0.00014290263,0.0,0.0,10.0
21,34,0,7.0,1.2820039,270.0,0.0014162948,-0.00028149766,8.982432,125.994446,1.1,0.0,35.0,0.033835303,0.01,3000.0,0.1,17.654736,0.00012881226,0.0,0.0,10.0
90,8,0,8.0,1.2900473,180.0,-0.0013899591,-0.0,9.381641,199.58827,1.1,0.0,35.0,0.033835303,0.01,3000.0,0.1,17.654736,0.00012881226,0.0,0.0,10.0
36,82,0,14.0,1.3640143,135.17923,-0.0072753113,7.847463e-05,8.227256,199.58827,1.1,0.0,35.0,0.033835303,0.01,3000.0,0.1,17.655073,0.00012140628,0.0,0.0,10.0
36,84,0,16.0,1.3219348,284.12082,0.012917484,-0.000107829495,8.258603,125.994446,1.1,0.0,35.0,0.033835303,0.01,3000.0,0.1,17.654911,0.00012497634,0.0,0.0,10.0
54,93,0,16.0,1.1606436,33.524815,0.0025053215,0.0005158905,8.388765,198.84044,1.1,0.0,35.0,0.033835303,0.01,3000.0,0.1,17.65409,0.00014290263,0.0,0.0,10.0
101,121,0,28.0,1.3219348,255.87918,0.01509731,-0.00015927291,8.258603,198.84044,1.1,0.0,35.0,0.033835303,0.01,3000.0,0.1,17.654911,0.00012497634,0.0,0.0,10.0
57,29,0,9.0,1.2820039,90.0,0.0056651793,-6.255503e-05,8.289286,266.43716,1.1,0.0,35.0,0.033835303,0.01,3000.0,0.1,17.654736,0.00012881226,0.0,0.0,10.0
32,3,0,6.0,1.2900473,0.0,-0.006949796,-0.00022169742,9.892467,377.98334,1.1,0.0,35.0,0.033835303,0.01,3000.0,0.1,17.654736,0.00012881226,0.0,0.0,10.0
62,43,0,11.0,1.3640143,44.820763,-0.0019841755,-4.661813e-05,8.920403,366.31845,1.1,0.0,35.0,0.033835303,0.01,3000.0,0.1,17.655073,0.00012140628,0.0,0.0,10.0
55,1,0,6.0,1.3219348,75.87917,-0.011545,-1.9220335e-05,10.204513,89.3698,1.1,0.0,35.0,0.033835303,0.01,3000.0,0.1,17.654911,0.00012497634,0.0,0.0,10.0
104,22,0,8.0,1.3292501,13.952128,-0.001508756,-0.00012257938,8.253082,125.994446,1.1,0.0,35.0,0.033835303,0.01,3000.0,0.1,17.654911,0.00012497634,0.0,0.0,10.0
36,74,0,13.0,1.2820039,90.0,0.0042488845,-3.1277516e-05,8.289286,445.0673,1.1,0.0,35.0,0.033835303,0.01,3000.0,0.1,17.654736,0.00012881226,0.0,0.0,10.0
48,56,0,8.0,1.3219348,255.87918,-0.007992693,-9.9553414e-05,9.357215,282.43634,1.1,0.0,35.0,0.033835303,0.01,3000.0,0.1,17.654911,0.00012497634,0.0,0.0,10.0
111,14,0,19.0,1.2900473,0.0,0.0041698776,0.0001583553,8.283029,377.98334,1.1,0.0,35.0,0.033835303,0.01,3000.0,0.1,17.654736,0.00012881226,0.0,0.0,10.0
124,59,0,47.0,1.1606436,33.524815,-0.0042948383,0.0013524096,8.388765,199.58827,1.0,0.0,35.0,0.033835303,0.1,3000.0,0.035,176.54091,0.00014290262,0.0,0.0,0.0
63,34,0,6.0,1.3219348,75.87917,-0.0046825875,-0.00011293122,10.050363,281.0262,1.1,0.0,35.0,0.033835303,0.01,3000.0,0.1,17.654911,0.00012497634,0.0,0.0,10.0
65,91,0,4.0,1.1606436,146.47517,-0.007993172,-0.0001838343,9.77506,88.81239,1.4,0.0,35.0,0.033835303,0.3,3000.0,0.04,529.62274,0.0001429026,0.0,0.0,40.0
52,115,0,13.0,1.3292501,193.95215,-0.008020229,-0.00019132736,8.946229,251.98889,1.1,0.0,35.0,0.033835303,0.01,3000.0,0.1,17.654911,0.00012497634,0.0,0.0,10.0
2,63,0,10.0,1.2820039,270.0,0.0028325897,-0.00021894265,8.289286,444.06195,1.1,0.0,35.0,0.033835303,0.01,3000.0,0.1,17.654736,0.00012881226,0.0,0.0,10.0
110,43,0,8.0,1.3219348,104.12081,0.00032293738,5.4318185e-05,8.258603,178.7396,1.1,0.0,35.0,0.033835303,0.01,3000.0,0.1,17.654911,0.00012497634,0.0,0.0,10.0
81,83,0,20.0,1.3640143,135.17923,0.021164542,-0.0011290098,10.999845,0.0,1.1,0.0,35.0,0.033835303,0.01,3000.0,0.1,17.655073,0.00012140628,0.0,0.0,10.0
63,40,0,8.0,1.1606436,146.47517,-0.0042948388,-0.00013319486,10.180525,445.0673,1.1,0.0,35.0,0.033835303,0.01,3000.0,0.1,17.65409,0.00014290263,0.0,0.0,10.0
41,40,0,11.0,1.3292501,13.952128,-0.005082125,-0.00022935365,8.253082,125.994446,0.3,0.0,35.0,0.033835303,0.05,3000.0,0.015,88.27456,0.00012497633,0.0,0.0,50.0
16,117,0,15.0,1.2900473,0.0,-0.030579101,-6.334212e-05,10.480253,88.81239,1.1,0.0,35.0,0.033835303,0.01,3000.0,0.1,17.654736,0.00012881226,0.0,0.0,10.0
15,2,0,6.0,1.1606436,33.524815,0.0063229566,-0.00037867113,9.081912,125.994446,1.1,0.0,35.0,0.033835303,0.01,3000.0,0.1,17.65409,0.00014290263,0.0,0.0,10.0
55,106,0,10.0,1.2820039,90.0,-0.0,-0.00012511008,10.235195,266.43716,1.1,0.0,35.0,0.033835303,0.01,3000.0,0.1,17.654736,0.00012881226,0.0,0.0,10.0
23,110,0,36.0,1.3292501,346.04788,-0.0030175122,0.00010202508,8.253082,177.62479,1.1,0.0,35.0,0.033835303,0.01,3000.0,0.1,17.654911,0.00012497634,0.0,0.0,10.0
31,93,0,7.0,1.3292501,193.95215,-0.009926024,-0.00017841677,8.946229,88.81239,1.1,0.0,35.0,0.033835303,0.01,3000.0,0.1,17.654911,0.00012497634,0.0,0.0,10.0
29,71,0,10.0,1.3640143,315.17923,-0.007936702,0.00012627168,9.61355,89.3698,1.1,0.0,35.0,0.033835303,0.01,3000.0,0.1,17.655073,0.00012140628,0.0,0.0,10.0
98,35,0,8.0,1.1606436,33.524815,-0.010975697,-0.00024660357,8.388765,88.81239,1.1,0.0,35.0,0.033835303,0.01,3000.0,0.1,17.65409,0.00014290263,0.0,0.0,10.0
120,38,0,9.0,1.2900473,0.0,-0.006949796,6.334212e-05,8.976176,125.994446,1.1,0.0,35.0,0.033835303,0.01,3000.0,0.1,17.654736,0.00012881226,0.0,0.0,10.0
118,39,0,8.0,1.2900473,180.0,-0.009729714,-0.00038005272,8.283029,89.3698,1.1,0.0,35.0,0.033835303,0.01,3000.0,0.1,17.654736,0.00012881226,0.0,0.0,10.0
89,15,0,8.0,1.3219348,255.87918,-0.0009688114,-3.942576e-05,8.258603,198.84044,1.1,0.0,35.0,0.033835303,0.01,3000.0,0.1,17.654911,0.00012497634,0.0,0.0,10.0
32,18,0,10.0,1.3292501,166.04785,0.00055585743,4.9270016e-05,8.946229,251.98889,1.1,0.0,35.0,0.033835303,0.01,3000.0,0.1,17.654911,0.00012497634,0.0,0.0,10.0
18,73,0,26.0,1.3640143,44.820763,-0.005952527,0.00023465106,8.227256,199.58827,1.1,0.0,35.0,0.033835303,0.01,3000.0,0.1,17.655073,0.00012140628,0.0,0.0,10.0
29,35,0,14.0,1.2820039,270.0,0.008497769,0.00025022012,8.289286,399.17654,1.1,0.0,35.0,0.033835303,0.01,3000.0,0.1,17.654736,0.00012881226,0.0,0.0,10.0
114,45,0,8.0,1.3640143,44.820763,-2.6316324e-10,6.254884e-05,8.227256,251.98889,1.1,0.0,35.0,0.033835303,0.01,3000.0,0.1,17.655073,0.00012140628,0.0,0.0,10.0
33,117,0,11.0,1.3640143,44.820763,-0.019841759,0.00046732568,8.227256,178.7396,1.1,0.0,35.0,0.033835303,0.01,3000.0,0.1,17.655073,0.00012140628,0.0,0.0,10.0
42,14,0,7.0,1.1606436,146.47517,-0.008351075,-0.00014530595,9.998203,88.81239,1.1,0.0,35.0,0.033835303,0.01,3000.0,0.1,17.65409,0.00014290263,0.0,0.0,10.0
4,16,0,23.0,1.6059803,127.042114,0.012154049,0.0006671772,8.06388,281.0262,0.7,0.0,35.0,0.033835303,0.1,3000.0,0.035,176.55919,0.0001030622,0.0,0.0,30.0
4,29,0,8.0,1.6087947,143.302,-0.015314435,-0.00022929137,8.062128,125.994446,1.1,0.0,35.0,0.033835303,0.01,3000.0,0.1,17.655918,0.00010306223,0.0,0.0,10.0
15,59,0,12.0,1.4404621,26.42193,-0.018718045,-0.00053950015,10.570597,0.0,1.1,0.0,35.0,0.033835303,0.01,3000.0,0.1,17.65536,0.00011521563,0.0,0.0,10.0
76,17,0,4.0,1.4350668,243.2913,-0.01009602,-0.00034580496,11.009669,0.0,1.1,0.0,35.0,0.033835303,0.01,3000.0,0.1,17.65536,0.00011521563,0.0,0.0,10.0
58,89,0,10.0,1.4350668,243.2913,-0.0005048014,0.00017017349,8.1764555,266.43716,1.1,0.0,35.0,0.033835303,0.01,3000.0,0.1,17.65536,0.00011521563,0.0,0.0,10.0
31,94,0,6.0,1.6059803,307.0421,-0.01287429,-0.00048871856,10.702938,0.0,1.1,0.0,35.0,0.033835303,0.01,3000.0,0.1,17.655918,0.00010306223,0.0,0.0,10.0
16,66,0,25.0,1.4404621,206.42194,0.010482105,-0.00026727194,8.172702,199.58827,1.1,0.0,35.0,0.033835303,0.01,3000.0,0.1,17.65536,0.00011521563,0.0,0.0,10.0
44,92,0,15.0,1.6087947,143.302,0.014329296,0.00010139468,8.062128,198.84044,1.1,0.0,35.0,0.033835303,0.01,3000.0,0.1,17.655918,0.00010306223,0.0,0.0,10.0
113,11,0,16.0,1.6059803,307.0421,0.013414471,3.4481602e-06,8.06388,198.84044,1.1,0.0,35.0,0.033835303,0.01,3000.0,0.1,17.655918,0.00010306223,0.0,0.0,10.0
58,104,0,9.0,1.6059803,127.042114,0.0040063355,0.00017233344,8.06388,177.62479,1.1,0.0,35.0,0.033835303,0.01,3000.0,0.1,17.655918,0.00010306223,0.0,0.0,10.0
92,120,0,13.0,1.4404621,26.42193,-0.003494035,-0.0007636362,8.172702,89.3698,1.1,0.0,35.0,0.033835303,0.01,3000.0,0.1,17.65536,0.00011521563,0.0,0.0,10.0
41,123,0,17.0,1.4350668,296.7087,0.0063100127,-0.0001899881,8.1764555,198.84044,0.3,0.0,35.0,0.033835303,0.05,3000.0,0.015,88.276794,0.00011521562,0.0,0.0,50.0
87,13,0,10.0,1.6087947,143.302,-0.009000589,0.00012704328,8.062128,366.31845,1.1,0.0,35.0,0.033835303,0.01,3000.0,0.1,17.655918,0.00010306223,0.0,0.0,10.0
98,11,0,9.0,1.4404621,206.42194,0.0037436087,3.0643692e-05,8.172702,377.98334,1.1,0.0,35.0,0.033835303,0.01,3000.0,0.1,17.65536,0.00011521563,0.0,0.0,10.0
0,5,0,10.0,1.6059803,232.95789,-0.012154052,-7.197745e-05,9.450174,320.83734,1.1,0.0,35.0,0.033835303,0.01,3000.0,0.1,17.655918,0.00010306223,0.0,0.0,10.0
39,23,0,2.0,1.4404621,26.42193,-0.0074872174,-0.00015825154,9.558996,88.81239,1.4,0.0,35.0,0.033835303,0.3,3000.0,0.04,529.66077,0.000115215626,0.0,0.0,40.0
38,95,0,8.0,1.4404621,333.57806,-0.007986365,-0.00014649935,8.172702,268.10938,1.1,0.0,35.0,0.033835303,0.01,3000.0,0.1,17.65536,0.00011521563,0.0,0.0,10.0
9,101,0,19.0,1.6059803,52.95788,-0.015980326,0.00022708869,8.757028,88.81239,1.1,0.0,35.0,0.033835303,0.01,3000.0,0.1,17.655918,0.00010306223,0.0,0.0,10.0
33,12,0,10.0,1.6087947,323.30203,-0.005910835,3.9185572e-05,8.062128,445.0673,0.3,0.0,35.0,0.033835303,0.05,3000.0,0.015,88.279594,0.00010306221,0.0,0.0,50.0
3,94,0,10.0,1.6087947,143.302,-0.016299574,0.00017744956,8.062128,125.994446,1.1,0.0,35.0,0.033835303,0.01,3000.0,0.1,17.655918,0.00010306223,0.0,0.0,10.0
39,77,0,5.0,1.6059803,127.042114,-0.008507836,-0.0001681808,9.450174,88.81239,0.7,0.0,35.0,0.033835303,0.1,3000.0,0.035,176.55919,0.0001030622,0.0,0.0,30.0
103,22,0,8.0,1.6087947,36.69798,-0.0022837315,-3.0907664e-05,9.671566,88.81239,1.1,0.0,35.0,0.033835303,0.01,3000.0,0.1,17.655918,0.00010306223,0.0,0.0,10.0
87,14,0,9.0,1.4350668,116.708694,-0.00504801,-6.2073785e-05,9.275068,281.0262,1.1,0.0,35.0,0.033835303,0.01,3000.0,0.1,17.65536,0.00011521563,0.0,0.0,10.0
96,15,0,8.0,1.4350668,296.7087,-0.0035336067,8.76527e-05,8.869603,125.994446,1.1,0.0,35.0,0.033835303,0.01,3000.0,0.1,17.65536,0.00011521563,0.0,0.0,10.0
55,78,0,18.0,1.6059803,307.0421,0.013459487,0.00022024925,8.06388,251.98889,0.3,0.0,35.0,0.033835303,0.05,3000.0,0.015,88.279594,0.00010306221,0.0,0.0,50.0
42,24,0,5.0,1.6087947,216.698,-0.0012985924,-2.4917683e-05,8.062128,198.84044,1.4,0.0,35.0,0.033835303,0.3,3000.0,0.04,529.67755,0.0001030622,0.0,0.0,40.0
86,7,0,9.0,1.6087947,216.698,-0.0021493942,0.00031355835,8.062128,282.43634,1.1,0.0,35.0,0.033835303,0.01,3000.0,0.1,17.655918,0.00010306223,0.0,0.0,10.0
106,27,0,21.0,1.4350668,296.7087,0.023220845,0.0005208079,8.1764555,368.3463,1.1,0.0,35.0,0.033835303,0.01,3000.0,0.1,17.65536,0.00011521563,0.0,0.0,10.0
37,55,0,15.0,1.4350668,296.7087,0.004795609,-0.00018138786,8.1764555,281.0262,1.1,0.0,35.0,0.033835303,0.01,3000.0,0.1,17.65536,0.00011521563,0.0,0.0,10.0
106,57,0,43.0,1.6059803,232.95789,0.019401466,0.0007139404,8.06388,368.3463,1.1,0.0,35.0,0.033835303,0.01,3000.0,0.1,17.655918,0.00010306223,0.0,0.0,10.0
115,33,0,16.0,1.6087947,323.30203,-0.02315077,0.00036610276,8.062128,125.994446,1.1,0.0,35.0,0.033835303,0.01,3000.0,0.1,17.655918,0.00010306223,0.0,0.0,10.0
22,27,0,9.0,1.6087947,143.302,-0.0005821275,-0.0002670141,8.062128,198.84044,1.1,0.0,35.0,0.033835303,0.01,3000.0,0.1,17.655918,0.00010306223,0.0,0.0,10.0
17,5,0,9.0,1.6023545,90.0,-0.0022660717,0.00015632159,8.066142,178.7396,1.1,0.0,35.0,0.033835303,0.01,3000.0,0.1,17.655918,0.00010306223,0.0,0.0,10.0
54,8,0,10.0,1.4350668,63.29129,-0.004543209,8.125599e-05,8.1764555,251.98889,1.1,0.0,35.0,0.033835303,0.01,3000.0,0.1,17.65536,0.00011521563,0.0,0.0,10.0
32,46,0,15.0,1.6059803,52.95788,0.0049966653,0.0002688695,8.06388,199.58827,1.1,0.0,35.0,0.033835303,0.01,3000.0,0.1,17.655918,0.00010306223,0.0,0.0,10.0
20,120,0,18.0,1.6059803,232.95789,-0.012019007,0.0004929005,8.06388,125.994446,1.1,0.0,35.0,0.033835303,0.01,3000.0,0.1,17.655918,0.00010306223,0.0,0.0,10.0
30,36,0,14.0,1.4350668,116.708694,0.006057612,5.1397938e-06,8.1764555,455.58932,1.1,0.0,35.0,0.033835303,0.01,3000.0,0.1,17.65536,0.00011521563,0.0,0.0,10.0
14,75,0,24.0,1.4404621,333.57806,0.019965913,0.00025364853,8.172702,88.81239,1.1,0.0,35.0,0.033835303,0.01,3000.0,0.1,17.65536,0.00011521563,0.0,0.0,10.0
30,15,0,10.0,1.4404621,153.57806,-0.0049914783,-9.5077245e-05,9.271315,88.81239,1.1,0.0,35.0,0.033835303,0.01,3000.0,0.1,17.65536,0.00011521563,0.0,0.0,10.0
43,16,0,6.0,1.4350668,116.708694,-0.009591218,5.0847546e-05,8.1764555,125.994446,1.1,0.0,35.0,0.033835303,0.01,3000.0,0.1,17.65536,0.00011521563,0.0,0.0,10.0
14,12,0,9.0,1.4350668,116.708694,-0.0012620025,-3.1351115e-05,8.1764555,377.98334,1.1,0.0,35.0,0.033835303,0.01,3000.0,0.1,17.65536,0.00011521563,0.0,0.0,10.0
26,21,0,15.0,1.4350668,296.7087,0.0058052107,0.0003269291,8.1764555,282.43634,1.1,0.0,35.0,0.033835303,0.01,3000.0,0.1,17.65536,0.00011521563,0.0,0.0,10.0
107,15,0,13.0,1.4404621,206.42194,0.004741905,7.125704e-05,8.172702,198.84044,1.1,0.0,35.0,0.033835303,0.01,3000.0,0.1,17.65536,0.00011521563,0.0,0.0,10.0
47,15,0,9.0,1.4350668,296.7087,-0.0035336067,0.00024597938,8.1764555,320.83734,1.1,0.0,35.0,0.033835303,0.01,3000.0,0.1,17.65536,0.00011521563,0.0,0.0,10.0
96,112,0,13.0,1.6087947,216.698,-0.026777871,-0.00031414046,11.006567,0.0,1.1,0.0,35.0,0.033835303,0.01,3000.0,0.1,17.655918,0.00010306223,0.0,0.0,10.0
68,28,0,5.0,1.4404621,333.57806,-0.0012478698,3.0955565e-05,9.271315,199.58827,1.1,0.0,35.0,0.033835303,0.01,3000.0,0.1,17.65536,0.00011521563,0.0,0.0,10.0
74,111,0,32.0,1.6059803,307.0421,0.0058519505,0.00021522868,8.757028,355.24957,1.1,0.0,35.0,0.033835303,0.01,3000.0,0.1,17.655918,0.00010306223,0.0,0.0,10.0
27,18,0,14.0,1.4350668,243.2913,0.003786007,0.000250805,8.1764555,321.61032,1.1,0.0,35.0,0.033835303,0.01,3000.0,0.1,17.65536,0.00011521563,0.0,0.0,10.0
10,99,0,12.0,1.6059803,127.042114,-0.017195731,-0.0003677011,11.955701,0.0,1.1,0.0,35.0,0.033835303,0.01,3000.0,0.1,17.655918,0.00010306223,0.0,0.0,10.0
116,23,0,15.0,1.4404621,206.42194,-0.012728271,6.998602e-05,9.78214,198.84044,1.1,0.0,35.0,0.033835303,0.01,3000.0,0.1,17.65536,0.00011521563,0.0,0.0,10.0
4,84,0,5.0,1.6059803,232.95789,-0.003826276,-0.000771001,8.757028,125.994446,1.1,0.0,35.0,0.033835303,0.01,3000.0,0.1,17.655918,0.00010306223,0.0,0.0,10.0
20,18,0,10.0,1.4350668,243.2913,-0.0002524002,5.1358575e-06,8.1764555,89.3698,1.1,0.0,35.0,0.033835303,0.01,3000.0,0.1,17.65536,0.00011521563,0.0,0.0,10.0
64,90,0,7.0,1.4350668,116.708694,-0.0012620025,-2.9776049e-05,8.1764555,198.84044,1.1,0.0,35.0,0.033835303,0.01,3000.0,0.1,17.65536,0.00011521563,0.0,0.0,10.0
11,8,0,10.0,1.6087947,143.302,0.0030001965,-5.1719315e-05,8.062128,88.81239,1.1,0.0,35.0,0.033835303,0.01,3000.0,0.1,17.655918,0.00010306223,0.0,0.0,10.0
10,19,0,9.0,1.6059803,232.95789,-0.000135045,-9.001064e-05,8.757028,199.58827,1.1,0.0,35.0,0.033835303,0.01,3000.0,0.1,17.655918,0.00010306223,0.0,0.0,10.0
20,32,0,8.0,1.4404621,153.57806,-0.0042427564,-0.0003972979,8.172702,89.3698,1.4,0.0,35.0,0.033835303,0.3,3000.0,0.04,529.66077,0.000115215626,0.0,0.0,40.0
15,0,0,6.0,1.6087947,216.698,-0.0010746974,-0.00012932102,8.062128,89.3698,1.1,0.0,35.0,0.033835303,0.01,3000.0,0.1,17.655918,0.00010306223,0.0,0.0,10.0
13,25,0,4.0,1.6023545,90.0,-0.0045321435,-0.00028137886,8.066142,89.3698,1.1,0.0,35.0,0.033835303,0.01,3000.0,0.1,17.655918,0.00010306223,0.0,0.0,10.0
120,71,0,49.0,1.6023545,90.0,0.012463395,0.00034390748,8.066142,444.06195,1.1,0.0,35.0,0.033835303,0.01,3000.0,0.1,17.655918,0.00010306223,0.0,0.0,10.0
19,5,0,3.0,1.4404621,206.42194,-0.00948381,-0.0004536526,10.657608,0.0,0.7,0.0,35.0,0.033835303,0.1,3000.0,0.035,176.55359,0.000115215626,0.0,0.0,30.0
124,22,0,13.0,1.4350668,63.29129,-0.01009602,0.00047276868,8.1764555,125.994446,1.0,0.0,35.0,0.033835303,0.1,3000.0,0.035,176.55359,0.00011521561,0.0,0.0,0.0
6,0,0,9.0,1.4404621,153.57806,-0.00698807,-0.0001387324,8.172702,88.81239,1.1,0.0,35.0,0.033835303,0.01,3000.0,0.1,17.65536,0.00011521563,0.0,0.0,10.0
41,64,0,16.0,1.4350668,63.29129,0.0065624127,0.00015004467,8.1764555,268.10938,1.1,0.0,35.0,0.033835303,0.01,3000.0,0.1,17.65536,0.00011521563,0.0,0.0,10.0
47,120,0,17.0,1.6059803,232.95789,0.0097232405,0.00041788397,8.06388,178.7396,1.1,0.0,35.0,0.033835303,0.01,3000.0,0.1,17.655918,0.00010306223,0.0,0.0,10.0
29,97,0,13.0,1.6059803,307.0421,-0.018096032,0.00025428535,10.143322,125.994446,1.1,0.0,35.0,0.033835303,0.01,3000.0,0.1,17.655918,0.00010306223,0.0,0.0,10.0
4,30,0,7.0,1.6059803,52.95788,-0.015080025,-0.0002999243,8.06388,89.3698,1.1,0.0,35.0,0.033835303,0.01,3000.0,0.1,17.655918,0.00010306223,0.0,0.0,10.0
65,26,0,7.0,1.4350668,63.29129,0.004795609,3.7119375e-05,8.1764555,125.994446,1.1,0.0,35.0,0.033835303,0.01,3000.0,0.1,17.65536,0.00011521563,0.0,0.0,10.0
44,10,0,6.0,1.4350668,63.29129,-0.011358021,-9.374308e-05,9.968215,251.98889,1.1,0.0,35.0,0.033835303,0.01,3000.0,0.1,17.65536,0.00011521563,0.0,0.0,10.0
76,89,0,27.0,1.6059803,52.95788,0.023632878,-0.0001255996,8.06388,266.43716,1.1,0.0,35.0,0.033835303,0.01,3000.0,0.1,17.655918,0.00010306223,0.0,0.0,10.0
116,10,0,14.0,1.6059803,307.0421,-0.0118389465,0.00039445935,8.06388,199.58827,1.1,0.0,35.0,0.033835303,0.01,3000.0,0.1,17.655918,0.00010306223,0.0,0.0,10.0
13,79,0,24.0,1.6087947,323.30203,0.020419247,-0.00013197439,8.755276,178.7396,1.1,0.0,35.0,0.033835303,0.01,3000.0,0.1,17.655918,0.00010306223,0.0,0.0,10.0
11,122,0,18.0,1.6059803,307.0421,-0.0011253749,-0.0006266068,9.450174,198.84044,1.1,0.0,35.0,0.033835303,0.01,3000.0,0.1,17.655918,0.00010306223,0.0,0.0,10.0
58,63,0,6.0,1.6087947,36.69798,-0.025255388,4.721952e-05,11.240182,0.0,0.7,0.0,35.0,0.033835303,0.1,3000.0,0.035,176.55919,0.0001030622,0.0,0.0,30.0
66,26,0,3.0,1.4350668,116.708694,-0.004795609,-6.878472e-05,9.968215,88.81239,1.1,0.0,35.0,0.033835303,0.01,3000.0,0.1,17.65536,0.00011521563,0.0,0.0,10.0
28,17,0,11.0,1.6059803,52.95788,0.0028359455,-0.000110681845,8.06388,199.58827,1.1,0.0,35.0,0.033835303,0.01,3000.0,0.1,17.655918,0.00010306223,0.0,0.0,10.0
63,59,0,25.0,1.6059803,232.95789,0.014314771,0.00035655533,8.06388,321.61032,1.1,0.0,35.0,0.033835303,0.01,3000.0,0.1,17.655918,0.00010306223,0.0,0.0,10.0
22,34,0,9.0,1.6059803,307.0421,4.501485e-05,0.00015663481,8.06388,198.84044,1.1,0.0,35.0,0.033835303,0.01,3000.0,0.1,17.655918,0.00010306223,0.0,0.0,10.0
34,36,0,8.0,1.6087947,36.69798,-0.00613473,7.7911514e-05,9.448422,125.994446,1.1,0.0,35.0,0.033835303,0.01,3000.0,0.1,17.655918,0.00010306223,0.0,0.0,10.0
112,30,0,4.0,1.4404621,333.57806,-0.019466765,-0.00017158665,8.172702,88.81239,0.7,0.0,35.0,0.033835303,0.1,3000.0,0.035,176.55359,0.000115215626,0.0,0.0,30.0
55,101,0,10.0,1.6059803,127.042114,-0.00126042,-2.6444179e-05,9.450174,177.62479,1.1,0.0,35.0,0.033835303,0.01,3000.0,0.1,17.655918,0.00010306223,0.0,0.0,10.0
95,30,0,9.0,1.4404621,26.42193,-0.0027453126,-0.00015111227,9.78214,88.81239,1.1,0.0,35.0,0.033835303,0.01,3000.0,0.1,17.65536,0.00011521563,0.0,0.0,10.0
21,20,0,13.0,1.6087947,36.69798,0.009134926,-3.583878e-05,8.062128,251.98889,1.1,0.0,35.0,0.033835303,0.01,3000.0,0.1,17.655918,0.00010306223,0.0,0.0,10.0
42,12,0,11.0,1.4350668,116.708694,0.0088340165,3.1040854e-05,8.1764555,266.43716,1.1,0.0,35.0,0.033835303,0.01,3000.0,0.1,17.65536,0.00011521563,0.0,0.0,10.0
75,12,0,8.0,1.4350668,296.7087,0.0058052107,0.00010684676,8.1764555,251.98889,1.1,0.0,35.0,0.033835303,0.01,3000.0,0.1,17.65536,0.00011521563,0.0,0.0,10.0
105,29,0,12.0,1.6087947,216.698,0.0072989855,-0.00033178244,8.755276,282.43634,1.1,0.0,35.0,0.033835303,0.01,3000.0,0.1,17.655918,0.00010306223,0.0,0.0,10.0
51,47,0,10.0,1.6087947,323.30203,0.003492766,-6.750569e-05,8.062128,178.7396,0.3,0.0,35.0,0.033835303,0.05,3000.0,0.015,88.279594,0.00010306221,0.0,0.0,50.0
16,104,0,17.0,1.6087947,323.30203,-0.008731916,-0.00022518536,10.701186,0.0,1.1,0.0,35.0,0.033835303,0.01,3000.0,0.1,17.655918,0.00010306223,0.0,0.0,10.0
34,66,0,4.0,1.4350668,243.2913,-0.011358022,-0.00018716403,10.37368,89.3698,1.4,0.0,35.0,0.033835303,0.3,3000.0,0.04,529.66077,0.000115215626,0.0,0.0,40.0
16,67,0,22.0,1.4350668,296.7087,-0.009086418,-0.00037264868,8.869603,251.98889,1.1,0.0,35.0,0.033835303,0.01,3000.0,0.1,17.65536,0.00011521563,0.0,0.0,10.0
78,122,0,32.0,1.6059803,52.95788,-0.048121043,-0.0008159452,9.673318,88.81239,1.1,0.0,35.0,0.033835303,0.01,3000.0,0.1,17.655918,0.00010306223,0.0,0.0,10.0
33,33,0,10.0,1.6087947,36.69798,0.0026867432,5.1259693e-05,8.062128,251.98889,1.1,0.0,35.0,0.033835303,0.01,3000.0,0.1,17.655918,0.00010306223,0.0,0.0,10.0
3,2,0,14.0,1.4350668,243.2913,0.0060576117,0.00016189141,8.1764555,199.58827,1.1,0.0,35.0,0.033835303,0.01,3000.0,0.1,17.65536,0.00011521563,0.0,0.0,10.0
18,2,0,10.0,1.6087947,36.69798,0.008060229,0.00018189373,8.062128,199.58827,1.1,0.0,35.0,0.033835303,0.01,3000.0,0.1,17.655918,0.00010306223,0.0,0.0,10.0
11,24,0,10.0,1.4350668,116.708694,0.008329216,7.455298e-05,8.1764555,281.0262,1.1,0.0,35.0,0.033835303,0.01,3000.0,0.1,17.65536,0.00011521563,0.0,0.0,10.0
111,44,0,10.0,1.6059803,52.95788,-0.00022507503,3.6779795e-05,8.06388,125.994446,1.1,0.0,35.0,0.033835303,0.01,3000.0,0.1,17.655918,0.00010306223,0.0,0.0,10.0
48,66,0,13.0,1.6087947,323.30203,-0.0041196723,2.0202215e-05,8.755276,320.83734,1.1,0.0,35.0,0.033835303,0.01,3000.0,0.1,17.655918,0.00010306223,0.0,0.0,10.0
88,11,0,12.0,1.6023545,90.0,0.0045321435,0.00015632158,8.066142,399.17654,1.1,0.0,35.0,0.033835303,0.01,3000.0,0.1,17.655918,0.00010306223,0.0,0.0,10.0
18,106,0,20.0,1.4350668,296.7087,-0.0027764055,-0.00046449056,8.869603,88.81239,1.1,0.0,35.0,0.033835303,0.01,3000.0,0.1,17.65536,0.00011521563,0.0,0.0,10.0
44,9,0,7.0,1.6087947,143.302,-0.0061795088,0.00011003805,8.062128,199.58827,1.1,0.0,35.0,0.033835303,0.01,3000.0,0.1,17.655918,0.00010306223,0.0,0.0,10.0
37,80,0,14.0,1.4404621,26.42193,0.003494035,0.00016318027,8.172702,199.58827,1.1,0.0,35.0,0.033835303,0.01,3000.0,0.1,17.65536,0.00011521563,0.0,0.0,10.0
46,43,0,11.0,1.6087947,323.30203,-0.0012090345,-6.105609e-05,8.062128,89.3698,0.3,0.0,35.0,0.033835303,0.05,3000.0,0.015,88.279594,0.00010306221,0.0,0.0,50.0
110,59,0,18.0,1.6059803,127.042114,-0.0042314106,-0.0003508596,10.897094,0.0,1.1,0.0,35.0,0.033835303,0.01,3000.0,0.1,17.655918,0.00010306223,0.0,0.0,10.0
37,83,0,13.0,1.4350668,296.7087,-0.004290808,-0.00017562752,9.275068,251.98889,1.1,0.0,35.0,0.033835303,0.01,3000.0,0.1,17.65536,0.00011521563,0.0,0.0,10.0
0,41,0,12.0,1.4404621,206.42194,0.0007487221,0.0002638139,8.172702,266.43716,1.1,0.0,35.0,0.033835303,0.01,3000.0,0.1,17.65536,0.00011521563,0.0,0.0,10.0
9,63,0,8.0,1.6087947,36.69798,-0.005686939,-2.765504e-05,8.062128,125.994446,1.1,0.0,35.0,0.033835303,0.01,3000.0,0.1,17.655918,0.00010306223,0.0,0.0,10.0
1,85,0,10.0,1.4350668,116.708694,-0.009591217,-1.563326e-05,8.1764555,178.7396,1.1,0.0,35.0,0.033835303,0.01,3000.0,0.1,17.65536,0.00011521563,0.0,0.0,10.0
105,19,0,9.0,1.6059803,232.95789,-0.006167056,0.00026806913,8.06388,198.84044,1.1,0.0,35.0,0.033835303,0.01,3000.0,0.1,17.655918,0.00010306223,0.0,0.0,10.0
37,47,0,8.0,1.6059803,307.0421,-0.020796932,-0.0003301689,10.461776,0.0,1.1,0.0,35.0,0.033835303,0.01,3000.0,0.1,17.655918,0.00010306223,0.0,0.0,10.0
12,21,0,14.0,1.6059803,232.95789,0.0063021006,0.00045194855,8.06388,320.83734,1.1,0.0,35.0,0.033835303,0.01,3000.0,0.1,17.655918,0.00010306223,0.0,0.0,10.0
53,116,0,14.0,1.6087947,36.69798,0.002015057,-0.0005642323,8.062128,199.58827,1.1,0.0,35.0,0.033835303,0.01,3000.0,0.1,17.655918,0.00010306223,0.0,0.0,10.0
23,15,0,5.0,1.4404621,26.42193,-0.012977843,-0.00017745883,10.880752,0.0,1.1,0.0,35.0,0.033835303,0.01,3000.0,0.1,17.658773,4.077597e-05,0.0,0.0,10.0
15,81,0,27.0,1.4350668,243.2913,-0.0025240048,0.00012571474,9.275068,251.98889,1.1,0.0,35.0,0.033835303,0.01,3000.0,0.1,17.65536,0.00011521563,0.0,0.0,10.0
35,41,0,11.0,1.4404621,153.57806,-0.008984661,0.00016317242,8.172702,125.994446,1.1,0.0,35.0,0.033835303,0.01,3000.0,0.1,17.65536,0.00011521563,0.0,0.0,10.0
42,64,0,12.0,1.4350668,116.708694,-0.003028806,1.2475231e-05,9.275068,178.7396,1.1,0.0,35.0,0.033835303,0.01,3000.0,0.1,17.65536,0.00011521563,0.0,0.0,10.0
74,113,0,35.0,1.4404621,26.42193,0.011729974,4.8907514e-05,8.172702,355.24957,1.1,0.0,35.0,0.033835303,0.01,3000.0,0.1,17.65536,0.00011521563,0.0,0.0,10.0
57,39,0,12.0,1.4404621,153.57806,0.010482105,8.301317e-05,8.172702,177.62479,1.1,0.0,35.0,0.033835303,0.01,3000.0,0.1,17.65536,0.00011521563,0.0,0.0,10.0
35,51,0,11.0,1.6087947,36.69798,0.0048809163,-0.00020063313,8.755276,282.43634,1.1,0.0,35.0,0.033835303,0.01,3000.0,0.1,17.655918,0.00010306223,0.0,0.0,10.0
24,39,0,5.0,1.4404621,333.57806,-0.002246165,-0.00013316816,8.172702,198.84044,0.7,0.0,35.0,0.033835303,0.1,3000.0,0.035,176.55359,0.000115215626,0.0,0.0,30.0
36,39,0,9.0,1.6087947,36.69798,-0.0018359409,-4.2682168e-05,9.448422,266.43716,1.1,0.0,35.0,0.033835303,0.01,3000.0,0.1,17.655918,0.00010306223,0.0,0.0,10.0
40,42,0,22.0,1.6059803,307.0421,0.02223741,0.00035314538,8.06388,320.83734,1.1,0.0,35.0,0.033835303,0.01,3000.0,0.1,17.655918,0.00010306223,0.0,0.0,10.0
16,39,0,7.0,1.6023545,90.0,0.0011330359,0.00012505725,8.066142,89.3698,1.1,0.0,35.0,0.033835303,0.01,3000.0,0.1,17.655918,0.00010306223,0.0,0.0,10.0
79,67,0,16.0,1.4350668,63.29129,-0.0,-0.0013759491,9.785893,177.62479,1.1,0.0,35.0,0.033835303,0.01,3000.0,0.1,17.65536,0.00011521563,0.0,0.0,10.0
37,97,0,7.0,1.6023545,270.0,-0.0,-0.00031264315,9.164754,198.84044,1.1,0.0,35.0,0.033835303,0.01,3000.0,0.1,17.655918,0.00010306223,0.0,0.0,10.0
31,46,0,15.0,1.4350668,243.2913,0.0010096018,0.00041489594,8.1764555,125.994446,1.1,0.0,35.0,0.033835303,0.01,3000.0,0.1,17.65536,0.00011521563,0.0,0.0,10.0
39,78,0,3.0,1.4350668,116.708694,-0.011862822,-0.00042548982,11.354509,0.0,0.7,0.0,35.0,0.033835303,0.1,3000.0,0.035,176.55359,0.000115215626,0.0,0.0,30.0
35,52,0,16.0,1.4404621,26.42193,0.0109812515,0.00013222861,8.172702,268.10938,1.1,0.0,35.0,0.033835303,0.01,3000.0,0.1,17.65536,0.00011521563,0.0,0.0,10.0
4,6,0,10.0,1.4404621,206.42194,-0.0024957391,0.00012602888,8.8658495,251.98889,1.1,0.0,35.0,0.033835303,0.01,3000.0,0.1,17.65536,0.00011521563,0.0,0.0,10.0
55,33,0,4.0,1.4350668,116.708694,-0.006057611,-0.00019513184,10.122366,199.58827,1.4,0.0,35.0,0.033835303,0.3,3000.0,0.04,529.66077,0.000115215626,0.0,0.0,40.0
34,68,0,5.0,1.4350668,296.7087,-0.006814813,-0.00011324346,9.968215,89.3698,1.1,0.0,35.0,0.033835303,0.01,3000.0,0.1,17.65536,0.00011521563,0.0,0.0,10.0
66,98,0,18.0,1.4350668,63.29129,0.0020192037,1.2793407e-05,8.1764555,251.98889,1.1,0.0,35.0,0.033835303,0.01,3000.0,0.1,17.65536,0.00011521563,0.0,0.0,10.0
14,101,0,22.0,1.4350668,63.29129,0.016910832,0.0003007217,8.1764555,251.98889,1.1,0.0,35.0,0.033835303,0.01,3000.0,0.1,17.65536,0.00011521563,0.0,0.0,10.0
73,31,0,12.0,1.4350668,296.7087,0.004795609,5.4540415e-06,8.869603,321.61032,1.1,0.0,35.0,0.033835303,0.01,3000.0,0.1,17.65536,0.00011521563,0.0,0.0,10.0
48,87,0,18.0,1.6087947,323.30203,0.02167306,-0.00016872224,8.062128,125.994446,1.1,0.0,35.0,0.033835303,0.01,3000.0,0.1,17.655918,0.00010306223,0.0,0.0,10.0
50,120,0,11.0,1.6059803,232.95789,-0.009093029,-0.00052971847,10.461776,0.0,1.1,0.0,35.0,0.033835303,0.01,3000.0,0.1,17.655918,0.00010306223,0.0,0.0,10.0
7,11,0,12.0,1.4350668,296.7087,-0.0012620026,0.00012540053,8.869603,251.98889,1.1,0.0,35.0,0.033835303,0.01,3000.0,0.1,17.65536,0.00011521563,0.0,0.0,10.0
90,80,0,13.0,1.4404621,153.57806,-0.0019965912,-0.0011179065,8.172702,89.3698,1.1,0.0,35.0,0.033835303,0.01,3000.0,0.1,17.65536,0.00011521563,0.0,0.0,10.0
102,48,0,16.0,1.6087947,36.69798,0.010746972,0.00023315345,8.062128,397.68088,1.1,0.0,35.0,0.033835303,0.01,3000.0,0.1,17.655918,0.00010306223,0.0,0.0,10.0
0,86,0,10.0,1.4350668,296.7087,-0.0035336067,0.0002111639,8.1764555,282.43634,1.1,0.0,35.0,0.033835303,0.01,3000.0,0.1,17.65536,0.00011521563,0.0,0.0,10.0
2,31,0,9.0,1.4404621,206.42194,-0.011729974,-8.490402e-05,8.172702,282.43634,0.7,0.0,35.0,0.033835303,0.1,3000.0,0.035,176.55359,0.000115215626,0.0,0.0,30.0
31,121,0,5.0,1.4350668,63.29129,-0.02044444,-0.0002431593,9.968215,251.98889,1.1,0.0,35.0,0.033835303,0.01,3000.0,0.1,17.65536,0.00011521563,0.0,0.0,10.0
91,32,0,7.0,1.4404621,333.57806,-0.009483809,-0.0002347531,9.78214,88.81239,1.1,0.0,35.0,0.033835303,0.01,3000.0,0.1,17.65536,0.00011521563,0.0,0.0,10.0
59,99,0,7.0,1.6023545,270.0,0.0011330359,-0.00046896472,8.066142,268.10938,1.4,0.0,35.0,0.033835303,0.3,3000.0,0.04,529.67755,0.0001030622,0.0,0.0,40.0
55,59,0,13.0,1.6059803,232.95789,0.00414138,-0.00011754975,8.757028,199.58827,1.1,0.0,35.0,0.033835303,0.01,3000.0,0.1,17.655918,0.00010306223,0.0,0.0,10.0
107,50,0,15.0,1.4404621,206.42194,0.0052410522,5.635474e-05,8.172702,251.98889,1.1,0.0,35.0,0.033835303,0.01,3000.0,0.1,17.65536,0.00011521563,0.0,0.0,10.0
46,94,0,14.0,1.4350668,243.2913,0.005805211,0.00010527169,8.1764555,199.58827,1.1,0.0,35.0,0.033835303,0.01,3000.0,0.1,17.65536,0.00011521563,0.0,0.0,10.0
78,19,0,14.0,1.6087947,323.30203,-0.0094036,-0.00014657024,8.755276,125.994446,0.3,0.0,35.0,0.033835303,0.05,3000.0,0.015,88.279594,0.00010306221,0.0,0.0,50.0
117,9,0,17.0,1.6023545,270.0,0.005665179,0.00043770042,8.066142,268.10938,1.1,0.0,35.0,0.033835303,0.01,3000.0,0.1,17.655918,0.00010306223,0.0,0.0,10.0
111,0,0,7.0,1.4404621,206.42194,-0.0069880686,-0.00029351414,8.172702,177.62479,1.1,0.0,35.0,0.033835303,0.01,3000.0,0.1,17.65536,0.00011521563,0.0,0.0,10.0
9,121,0,18.0,1.6059803,52.95788,-0.012469157,-0.00027885285,10.00979,88.81239,0.3,0.0,35.0,0.033835303,0.05,3000.0,0.015,88.279594,0.00010306221,0.0,0.0,50.0
90,15,0,11.0,1.4350668,296.7087,0.008076815,4.959855e-05,8.1764555,251.98889,1.1,0.0,35.0,0.033835303,0.01,3000.0,0.1,17.65536,0.00011521563,0.0,0.0,10.0
32,51,0,13.0,1.6023545,90.0,0.005665179,6.2528634e-05,8.066142,397.68088,1.1,0.0,35.0,0.033835303,0.01,3000.0,0.1,17.655918,0.00010306223,0.0,0.0,10.0
90,98,0,19.0,1.4404621,153.57806,0.008735087,0.00041188826,8.172702,177.62479,1.1,0.0,35.0,0.033835303,0.01,3000.0,0.1,17.65536,0.00011521563,0.0,0.0,10.0
76,4,0,10.0,1.6059803,52.95788,0.0019356452,7.1244525e-05,8.06388,377.98334,1.1,0.0,35.0,0.033835303,0.01,3000.0,0.1,17.655918,0.00010306223,0.0,0.0,10.0
89,87,0,21.0,1.6059803,307.0421,0.008507836,0.000643048,8.06388,198.84044,0.3,0.0,35.0,0.033835303,0.05,3000.0,0.015,88.279594,0.00010306221,0.0,0.0,50.0
36,121,0,23.0,1.4350668,243.2913,0.01085322,0.00016892054,8.1764555,321.61032,1.1,0.0,35.0,0.033835303,0.01,3000.0,0.1,17.65536,0.00011521563,0.0,0.0,10.0
35,71,0,16.0,1.4350668,63.29129,0.01034842,0.00021400774,8.1764555,320.83734,1.1,0.0,35.0,0.033835303,0.01,3000.0,0.1,17.65536,0.00011521563,0.0,0.0,10.0
64,47,0,14.0,1.6023545,270.0,0.0033991076,9.379294e-05,8.066142,89.3698,0.3,0.0,35.0,0.033835303,0.05,3000.0,0.015,88.279594,0.00010306221,0.0,0.0,50.0
83,107,0,15.0,1.6087947,36.69798,0.003403208,0.00034380093,8.062128,199.58827,1.1,0.0,35.0,0.033835303,0.01,3000.0,0.1,17.655918,0.00010306223,0.0,0.0,10.0
29,40,0,11.0,1.4350668,63.29129,-0.0020192037,-1.2793407e-05,8.1764555,281.0262,1.1,0.0,35.0,0.033835303,0.01,3000.0,0.1,17.65536,0.00011521563,0.0,0.0,10.0
34,13,0,11.0,1.6087947,143.302,-0.004388347,9.10547e-05,8.062128,445.84766,1.1,0.0,35.0,0.033835303,0.01,3000.0,0.1,17.655918,0.00010306223,0.0,0.0,10.0
55,91,0,4.0,1.4404621,26.42193,-0.02171293,-0.00042984023,9.964461,88.81239,1.1,0.0,35.0,0.033835303,0.01,3000.0,0.1,17.65536,0.00011521563,0.0,0.0,10.0
113,13,0,16.0,1.4350668,296.7087,-0.0030288058,-8.0945705e-05,8.869603,366.31845,1.1,0.0,35.0,0.033835303,0.01,3000.0,0.1,17.65536,0.00011521563,0.0,0.0,10.0
28,35,0,10.0,1.6059803,307.0421,-0.0071123703,-5.172597e-05,8.757028,321.61032,1.1,0.0,35.0,0.033835303,0.01,3000.0,0.1,17.655918,0.00010306223,0.0,0.0,10.0
32,68,0,6.0,1.4404621,26.42193,0.0057402,-5.078659e-05,8.172702,89.3698,1.1,0.0,35.0,0.033835303,0.01,3000.0,0.1,17.65536,0.00011521563,0.0,0.0,10.0
93,8,0,7.0,1.6439275,191.2412,-0.0048682364,1.4101886e-05,8.040514,125.994446,1.1,0.0,35.0,0.033835303,0.01,3000.0,0.1,17.656006,0.000101087295,0.0,0.0,10.0
13,27,0,7.0,1.7272137,291.9253,-0.0013025326,4.079838e-05,7.991064,198.84044,1.1,0.0,35.0,0.033835303,0.01,3000.0,0.1,17.656258,9.565623e-05,0.0,0.0,10.0
34,23,0,4.0,1.8715842,121.12213,0.004009097,-0.00016204642,7.9107356,88.81239,1.1,0.0,35.0,0.033835303,0.01,3000.0,0.1,17.65659,8.8402165e-05,0.0,0.0,10.0
40,78,0,4.0,2.0277934,251.45724,-0.0058113527,-0.00039019666,9.909952,89.3698,0.7,0.0,35.0,0.033835303,0.1,3000.0,0.035,176.56906,8.14899e-05,0.0,0.0,30.0
107,1,0,17.0,1.8715842,238.87787,0.0008529996,0.00022335931,7.9107356,320.83734,1.1,0.0,35.0,0.033835303,0.01,3000.0,0.1,17.65659,8.8402165e-05,0.0,0.0,10.0
102,1,0,16.0,2.056703,231.1652,0.0063192653,5.427463e-05,7.8163424,281.0262,1.1,0.0,35.0,0.033835303,0.01,3000.0,0.1,17.656952,8.046446e-05,0.0,0.0,10.0
35,11,0,9.0,1.6344658,101.37907,-0.003416081,3.4044446e-05,9.144901,629.9722,1.1,0.0,35.0,0.033835303,0.01,3000.0,0.1,17.656006,0.000101087295,0.0,0.0,10.0
54,32,0,8.0,1.7272137,111.92529,-0.0023517958,3.9169103e-05,7.991064,268.10938,1.1,0.0,35.0,0.033835303,0.01,3000.0,0.1,17.656258,9.565623e-05,0.0,0.0,10.0
97,37,0,9.0,1.949436,80.47937,-0.005811676,-5.447091e-05,9.256245,199.58827,1.1,0.0,35.0,0.033835303,0.01,3000.0,0.1,17.656755,8.471815e-05,0.0,0.0,10.0
57,101,0,9.0,2.0379598,161.67232,0.0012330215,-4.418617e-05,7.8255053,198.84044,1.1,0.0,35.0,0.033835303,0.01,3000.0,0.1,17.656904,8.14899e-05,0.0,0.0,10.0
105,38,0,12.0,1.9609987,170.59563,0.005264511,-0.000118624645,7.8640323,178.7396,1.1,0.0,35.0,0.033835303,0.01,3000.0,0.1,17.656755,8.471815e-05,0.0,0.0,10.0
77,2,0,4.0,1.922605,90.0,-0.001888393,-0.0001562409,9.493258,570.07227,1.1,0.0,35.0,0.033835303,0.01,3000.0,0.1,17.656706,8.5857544e-05,0.0,0.0,10.0
101,48,0,15.0,2.056703,308.8348,0.0071546943,0.000214528,7.8163424,445.0673,1.1,0.0,35.0,0.033835303,0.01,3000.0,0.1,17.656952,8.046446e-05,0.0,0.0,10.0
120,94,0,27.0,1.6124059,0.0,0.0122316405,-3.165752e-05,8.059885,125.994446,1.1,0.0,35.0,0.033835303,0.01,3000.0,0.1,17.655918,0.00010306223,0.0,0.0,10.0
112,47,0,12.0,1.9609987,189.40437,0.0028423413,0.00021806588,7.8640323,88.81239,1.1,0.0,35.0,0.033835303,0.01,3000.0,0.1,17.656755,8.471815e-05,0.0,0.0,10.0
65,99,0,16.0,1.735052,158.32191,0.00082093914,4.0437713e-05,7.9865336,266.43716,1.1,0.0,35.0,0.033835303,0.01,3000.0,0.1,17.656258,9.565623e-05,0.0,0.0,10.0
19,60,0,11.0,1.9346625,180.0,-0.033359017,-0.0005062557,8.976176,88.81239,1.1,0.0,35.0,0.033835303,0.01,3000.0,0.1,17.656706,8.5857544e-05,0.0,0.0,10.0
17,34,0,26.0,2.0595274,141.51492,0.022122487,0.0001498927,7.814969,282.43634,1.1,0.0,35.0,0.033835303,0.01,3000.0,0.1,17.656952,8.046446e-05,0.0,0.0,10.0
5,0,0,13.0,2.056703,128.8348,-0.0052267835,9.204478e-05,7.8163424,125.994446,1.1,0.0,35.0,0.033835303,0.01,3000.0,0.1,17.656952,8.046446e-05,0.0,0.0,10.0
11,56,0,6.0,1.735052,201.67809,-0.02195121,-8.813583e-05,8.679681,125.994446,0.7,0.0,35.0,0.033835303,0.1,3000.0,0.035,176.56258,9.565621e-05,0.0,0.0,30.0
28,46,0,14.0,1.6439275,11.241192,0.01321978,-9.757558e-05,8.040514,199.58827,1.1,0.0,35.0,0.033835303,0.01,3000.0,0.1,17.656006,0.000101087295,0.0,0.0,10.0
93,101,0,18.0,1.6439275,11.241192,0.012128623,-6.66919e-05,8.040514,125.994446,1.1,0.0,35.0,0.033835303,0.01,3000.0,0.1,17.656006,0.000101087295,0.0,0.0,10.0
113,50,0,7.0,2.056703,128.8348,-0.012938428,5.6042332e-05,7.8163424,198.84044,0.7,0.0,35.0,0.033835303,0.1,3000.0,0.035,176.56952,8.046445e-05,0.0,0.0,30.0
55,40,0,8.0,2.056703,51.165203,0.011096202,-0.0005234626,8.50949,198.84044,1.1,0.0,35.0,0.033835303,0.01,3000.0,0.1,17.656952,8.046446e-05,0.0,0.0,10.0
102,66,0,15.0,1.6344658,78.620926,0.0026047614,-0.0012954536,10.243514,125.994446,1.1,0.0,35.0,0.033835303,0.01,3000.0,0.1,17.656006,0.000101087295,0.0,0.0,10.0
124,78,0,22.0,1.922605,270.0,-0.009441964,-0.00024998546,7.88382,89.3698,1.0,0.0,35.0,0.033835303,0.1,3000.0,0.035,176.56706,8.5857544e-05,0.0,0.0,0.0
66,42,0,11.0,1.9609987,9.404362,-0.0022738732,0.000204277,7.8640323,399.17654,1.1,0.0,35.0,0.033835303,0.01,3000.0,0.1,17.656755,8.471815e-05,0.0,0.0,10.0
13,33,0,20.0,1.6439275,348.75882,-0.018423757,0.00018658159,8.040514,281.0262,1.1,0.0,35.0,0.033835303,0.01,3000.0,0.1,17.656006,0.000101087295,0.0,0.0,10.0
91,98,0,18.0,1.9609987,170.59563,-0.0018784167,0.00025482656,7.8640323,198.84044,1.1,0.0,35.0,0.033835303,0.01,3000.0,0.1,17.656755,8.471815e-05,0.0,0.0,10.0
111,67,0,9.0,1.7272137,68.07469,0.0056081275,-0.0011086002,10.824277,0.0,1.1,0.0,35.0,0.033835303,0.01,3000.0,0.1,17.656258,9.565623e-05,0.0,0.0,10.0
18,98,0,12.0,1.9609987,189.40437,-0.010603168,-0.00010982469,10.061256,125.994446,1.1,0.0,35.0,0.033835303,0.01,3000.0,0.1,17.656755,8.471815e-05,0.0,0.0,10.0
3,120,0,36.0,1.9346625,0.0,-0.005559837,-0.00022148687,8.570711,125.994446,1.1,0.0,35.0,0.033835303,0.01,3000.0,0.1,17.656706,8.5857544e-05,0.0,0.0,10.0
15,42,0,2.0,2.0277934,251.45724,-0.007420651,-0.0003321439,10.315417,0.0,1.4,0.0,35.0,0.033835303,0.3,3000.0,0.04,529.7072,8.14899e-05,0.0,0.0,40.0
59,79,0,13.0,1.8715842,301.12213,-0.012482225,-0.0005041647,9.009348,88.81239,0.3,0.0,35.0,0.033835303,0.05,3000.0,0.015,88.28295,8.840215e-05,0.0,0.0,50.0
32,4,0,10.0,1.6124059,0.0,0.0033359022,9.497256e-05,8.059885,321.61032,1.1,0.0,35.0,0.033835303,0.01,3000.0,0.1,17.655918,0.00010306223,0.0,0.0,10.0
12,52,0,11.0,2.0595274,218.48508,0.0045012967,-0.00019437163,8.913582,178.7396,1.1,0.0,35.0,0.033835303,0.01,3000.0,0.1,17.656952,8.046446e-05,0.0,0.0,10.0
55,53,0,30.0,1.6344658,101.37907,0.014390243,0.0001885995,8.046289,368.3463,0.3,0.0,35.0,0.033835303,0.05,3000.0,0.015,88.28004,0.00010108727,0.0,0.0,50.0
49,79,0,13.0,1.9609987,9.404362,-0.0015571086,-0.00010418999,9.250326,281.0262,1.1,0.0,35.0,0.033835303,0.01,3000.0,0.1,17.656755,8.471815e-05,0.0,0.0,10.0
112,34,0,21.0,2.0379598,341.67233,0.009335734,-0.00020739404,7.8255053,251.98889,1.1,0.0,35.0,0.033835303,0.01,3000.0,0.1,17.656904,8.14899e-05,0.0,0.0,10.0
108,32,0,6.0,1.6124059,0.0,-0.004447869,-0.00022160262,8.059885,89.3698,0.7,0.0,35.0,0.033835303,0.1,3000.0,0.035,176.55919,0.0001030622,0.0,0.0,30.0
80,69,0,19.0,1.922605,270.0,-0.01321875,-0.00034373003,8.576967,89.3698,1.1,0.0,35.0,0.033835303,0.01,3000.0,0.1,17.656706,8.5857544e-05,0.0,0.0,10.0
2,85,0,6.0,2.0277934,108.54275,-0.0076888665,-0.00023365914,9.439949,89.3698,1.1,0.0,35.0,0.033835303,0.01,3000.0,0.1,17.656904,8.14899e-05,0.0,0.0,10.0
17,92,0,10.0,1.8715842,58.87786,-0.006653396,-0.00035017438,10.955258,0.0,1.1,0.0,35.0,0.033835303,0.01,3000.0,0.1,17.65659,8.8402165e-05,0.0,0.0,10.0
64,79,0,48.0,1.6344658,258.62094,-0.007600781,0.00046514824,8.046289,368.3463,1.1,0.0,35.0,0.033835303,0.01,3000.0,0.1,17.656006,0.000101087295,0.0,0.0,10.0
62,93,0,9.0,2.0379598,18.327673,-0.0073100557,3.8970065e-05,8.518653,251.98889,1.1,0.0,35.0,0.033835303,0.01,3000.0,0.1,17.656904,8.14899e-05,0.0,0.0,10.0
7,2,0,10.0,1.7272137,291.9253,-0.0031116065,-9.46357e-05,8.684211,125.994446,1.1,0.0,35.0,0.033835303,0.01,3000.0,0.1,17.656258,9.565623e-05,0.0,0.0,10.0
53,76,0,12.0,2.0595274,218.48508,-0.0023039815,-0.00013716985,7.814969,89.3698,1.1,0.0,35.0,0.033835303,0.01,3000.0,0.1,17.656952,8.046446e-05,0.0,0.0,10.0
110,61,0,14.0,1.8770987,210.80585,-0.007074003,0.00020060813,7.907791,88.81239,1.1,0.0,35.0,0.033835303,0.01,3000.0,0.1,17.65659,8.8402165e-05,0.0,0.0,10.0
44,73,0,11.0,2.0595274,218.48508,-0.005546622,-0.0002422234,9.606729,88.81239,1.1,0.0,35.0,0.033835303,0.01,3000.0,0.1,17.656952,8.046446e-05,0.0,0.0,10.0
12,48,0,26.0,2.0277934,71.45724,0.015824761,0.00010274146,7.8305106,397.68088,0.3,0.0,35.0,0.033835303,0.05,3000.0,0.015,88.28453,8.14899e-05,0.0,0.0,50.0
111,27,0,4.0,1.7272137,111.92529,-0.0020261623,-0.00022031028,7.991064,198.84044,0.7,0.0,35.0,0.033835303,0.1,3000.0,0.035,176.56258,9.565621e-05,0.0,0.0,30.0
58,101,0,7.0,1.735052,158.32191,-0.0016775723,-0.00026301414,7.9865336,251.98889,1.1,0.0,35.0,0.033835303,0.01,3000.0,0.1,17.656258,9.565623e-05,0.0,0.0,10.0
84,3,0,7.0,1.735052,201.67809,-0.0055324193,7.358165e-05,7.9865336,281.0262,1.1,0.0,35.0,0.033835303,0.01,3000.0,0.1,17.656258,9.565623e-05,0.0,0.0,10.0
15,72,0,26.0,1.6344658,258.62094,0.008070491,5.332685e-05,8.739436,198.84044,1.1,0.0,35.0,0.033835303,0.01,3000.0,0.1,17.656006,0.000101087295,0.0,0.0,10.0
61,38,0,8.0,1.7272137,68.07469,-0.008538827,-0.00012111429,10.070505,198.84044,1.1,0.0,35.0,0.033835303,0.01,3000.0,0.1,17.656258,9.565623e-05,0.0,0.0,10.0
47,77,0,9.0,1.9346625,0.0,-0.005559837,-0.00025312786,8.976176,199.58827,1.1,0.0,35.0,0.033835303,0.01,3000.0,0.1,17.656706,8.5857544e-05,0.0,0.0,10.0
17,32,0,21.0,1.6439275,11.241192,0.021277552,-0.0002672029,8.040514,321.61032,1.1,0.0,35.0,0.033835303,0.01,3000.0,0.1,17.656006,0.000101087295,0.0,0.0,10.0
49,35,0,10.0,1.7272137,68.07469,0.004233232,-3.173482e-05,7.991064,251.98889,1.1,0.0,35.0,0.033835303,0.01,3000.0,0.1,17.656258,9.565623e-05,0.0,0.0,10.0
15,87,0,21.0,1.949436,99.520615,0.0021384954,-0.0004163759,8.563098,198.84044,1.1,0.0,35.0,0.033835303,0.01,3000.0,0.1,17.656755,8.471815e-05,0.0,0.0,10.0
3,30,0,7.0,1.8715842,58.87786,-0.012169459,8.1366976e-05,9.990177,178.7396,0.3,0.0,35.0,0.033835303,0.05,3000.0,0.015,88.28295,8.840215e-05,0.0,0.0,50.0
15,103,0,18.0,1.7272137,111.92529,0.00083217386,-2.3878963e-05,7.991064,88.81239,1.1,0.0,35.0,0.033835303,0.01,3000.0,0.1,17.656258,9.565623e-05,0.0,0.0,10.0
28,2,0,4.0,1.922605,270.0,-0.0009441965,-0.00012499273,9.270115,282.43634,1.4,0.0,35.0,0.033835303,0.3,3000.0,0.04,529.70123,8.5857544e-05,0.0,0.0,40.0
10,62,0,2.0,1.9346625,0.0,-0.01760615,-0.0005695377,10.922086,0.0,1.4,0.0,35.0,0.033835303,0.3,3000.0,0.04,529.70123,8.5857544e-05,0.0,0.0,40.0
84,111,0,7.0,1.7272137,111.92529,0.0063317576,-0.00053490774,11.126558,0.0,1.1,0.0,35.0,0.033835303,0.01,3000.0,0.1,17.656258,9.565623e-05,0.0,0.0,10.0
74,93,0,5.0,1.8184185,44.820763,-0.007936702,-0.0010697212,9.038186,89.3698,1.1,0.0,35.0,0.033835303,0.01,3000.0,0.1,17.656466,9.109871e-05,0.0,0.0,10.0
50,88,0,11.0,1.6344658,78.620926,-0.009095316,-0.0002124839,10.531196,0.0,1.1,0.0,35.0,0.033835303,0.01,3000.0,0.1,17.656006,0.000101087295,0.0,0.0,10.0
112,99,0,43.0,1.735052,201.67809,-0.00032123722,0.00038835563,7.9865336,198.84044,1.1,0.0,35.0,0.033835303,0.01,3000.0,0.1,17.656258,9.565623e-05,0.0,0.0,10.0
123,104,0,21.0,1.6344658,78.620926,0.007045667,0.00027011105,8.046289,268.10938,0.3,0.0,35.0,0.033835303,0.05,3000.0,0.015,88.28004,0.00010108727,0.0,0.0,50.0
17,107,0,17.0,1.7272137,248.0747,-0.005571947,-0.00011274666,9.600502,125.994446,1.1,0.0,35.0,0.033835303,0.01,3000.0,0.1,17.656258,9.565623e-05,0.0,0.0,10.0
71,81,0,57.0,1.6344658,101.37907,0.03228197,0.00021724391,8.046289,445.84766,1.1,0.0,35.0,0.033835303,0.01,3000.0,0.1,17.656006,0.000101087295,0.0,0.0,10.0
37,52,0,11.0,1.7272137,68.07469,-0.006802117,-0.00057977176,7.991064,89.3698,1.1,0.0,35.0,0.033835303,0.01,3000.0,0.1,17.656258,9.565623e-05,0.0,0.0,10.0
47,59,0,11.0,1.949436,99.520615,0.002213972,0.00017632078,7.8699503,125.994446,1.1,0.0,35.0,0.033835303,0.01,3000.0,0.1,17.656755,8.471815e-05,0.0,0.0,10.0
92,97,0,17.0,1.8184185,44.820763,-0.0024802194,0.00029897367,7.9395733,125.994446,1.1,0.0,35.0,0.033835303,0.01,3000.0,0.1,17.656466,9.109871e-05,0.0,0.0,10.0
26,40,0,5.0,1.6344658,258.62094,-0.0015799378,-0.00042509558,9.432584,266.43716,1.1,0.0,35.0,0.033835303,0.01,3000.0,0.1,17.656006,0.000101087295,0.0,0.0,10.0
56,101,0,9.0,1.9609987,170.59563,-0.0026446132,5.9537986e-05,7.8640323,177.62479,1.1,0.0,35.0,0.033835303,0.01,3000.0,0.1,17.656755,8.471815e-05,0.0,0.0,10.0
110,110,0,39.0,1.9609987,170.59563,-0.007785544,-0.00033347358,8.962645,199.58827,1.1,0.0,35.0,0.033835303,0.01,3000.0,0.1,17.656755,8.471815e-05,0.0,0.0,10.0
31,98,0,17.0,1.8715842,301.12213,0.0023030983,-0.000106388776,7.9107356,282.43634,1.1,0.0,35.0,0.033835303,0.01,3000.0,0.1,17.65659,8.8402165e-05,0.0,0.0,10.0
96,109,0,21.0,1.6124059,180.0,-0.031135086,3.165752e-05,10.457781,0.0,1.1,0.0,35.0,0.033835303,0.01,3000.0,0.1,17.655918,0.00010306223,0.0,0.0,10.0
0,58,0,23.0,2.0277934,71.45724,0.0197586,9.183582e-05,7.8305106,198.84044,1.1,0.0,35.0,0.033835303,0.01,3000.0,0.1,17.656904,8.14899e-05,0.0,0.0,10.0
41,76,0,10.0,1.949436,260.47937,-0.0033712755,-7.4504365e-05,8.968563,251.98889,1.1,0.0,35.0,0.033835303,0.01,3000.0,0.1,17.656755,8.471815e-05,0.0,0.0,10.0
6,114,0,25.0,1.6124059,180.0,-0.024463281,-0.00025326016,10.767936,0.0,1.1,0.0,35.0,0.033835303,0.01,3000.0,0.1,17.655918,0.00010306223,0.0,0.0,10.0
111,13,0,17.0,2.0379598,18.327673,0.005284378,-2.3338849e-07,7.8255053,445.0673,1.1,0.0,35.0,0.033835303,0.01,3000.0,0.1,17.656904,8.14899e-05,0.0,0.0,10.0
120,100,0,34.0,1.949436,279.52063,0.028530048,-0.0006775546,7.8699503,266.43716,1.1,0.0,35.0,0.033835303,0.01,3000.0,0.1,17.656755,8.471815e-05,0.0,0.0,10.0
36,90,0,15.0,1.6124059,0.0,0.002223935,0.00012663008,8.059885,281.0262,1.1,0.0,35.0,0.033835303,0.01,3000.0,0.1,17.655918,0.00010306223,0.0,0.0,10.0
46,95,0,12.0,2.0277934,251.45724,-0.0025033522,0.00021304403,8.929123,178.7396,0.3,0.0,35.0,0.033835303,0.05,3000.0,0.015,88.28453,8.14899e-05,0.0,0.0,50.0
47,64,0,11.0,1.6344658,281.3791,-0.0015372365,4.4204484e-05,9.655727,125.994446,1.1,0.0,35.0,0.033835303,0.01,3000.0,0.1,17.656006,0.000101087295,0.0,0.0,10.0
42,114,0,17.0,1.9346625,180.0,0.0037065577,9.492295e-05,7.8775635,198.84044,1.1,0.0,35.0,0.033835303,0.01,3000.0,0.1,17.656706,8.5857544e-05,0.0,0.0,10.0
10,10,0,10.0,1.6344658,101.37907,-0.0023058548,-0.00012264802,9.432584,125.994446,1.1,0.0,35.0,0.033835303,0.01,3000.0,0.1,17.656006,0.000101087295,0.0,0.0,10.0
19,2,0,6.0,1.6344658,78.620926,-0.002177752,-9.5823416e-05,9.144901,199.58827,1.1,0.0,35.0,0.033835303,0.01,3000.0,0.1,17.656006,0.000101087295,0.0,0.0,10.0
35,70,0,14.0,1.9609987,9.404362,0.005758831,5.510381e-05,7.8640323,251.98889,1.1,0.0,35.0,0.033835303,0.01,3000.0,0.1,17.656755,8.471815e-05,0.0,0.0,10.0
39,87,0,16.0,1.9346625,180.0,0.009266395,6.3281965e-05,7.8775635,268.10938,1.1,0.0,35.0,0.033835303,0.01,3000.0,0.1,17.656706,8.5857544e-05,0.0,0.0,10.0
25,101,0,21.0,1.8184185,315.17923,-0.036211204,0.00061107584,8.632721,125.994446,1.1,0.0,35.0,0.033835303,0.01,3000.0,0.1,17.656466,9.109871e-05,0.0,0.0,10.0
64,68,0,49.0,1.8715842,301.12213,0.024907585,0.000886755,7.9107356,266.43716,1.1,0.0,35.0,0.033835303,0.01,3000.0,0.1,17.65659,8.8402165e-05,0.0,0.0,10.0
40,77,0,6.0,2.056703,231.1652,-0.005098255,-0.00016012625,7.8163424,125.994446,0.7,0.0,35.0,0.033835303,0.1,3000.0,0.035,176.56952,8.046445e-05,0.0,0.0,30.0
12,26,0,4.0,1.6344658,101.37907,-0.005380328,-0.00041214854,9.992199,199.58827,0.7,0.0,35.0,0.033835303,0.1,3000.0,0.035,176.56007,0.00010108728,0.0,0.0,30.0
10,121,0,20.0,1.6124059,0.0,-0.0,-0.00025326016,8.059885,88.81239,1.1,0.0,35.0,0.033835303,0.01,3000.0,0.1,17.655918,0.00010306223,0.0,0.0,10.0
21,119,0,20.0,1.922605,90.0,0.009441964,9.374455e-05,7.88382,177.62479,1.1,0.0,35.0,0.033835303,0.01,3000.0,0.1,17.656706,8.5857544e-05,0.0,0.0,10.0
101,96,0,38.0,1.8715842,238.87787,0.020045487,-5.6667704e-05,7.9107356,266.43716,1.1,0.0,35.0,0.033835303,0.01,3000.0,0.1,17.65659,8.8402165e-05,0.0,0.0,10.0
60,106,0,9.0,1.6439275,348.75882,0.006714809,-4.9016553e-06,8.040514,178.7396,1.1,0.0,35.0,0.033835303,0.01,3000.0,0.1,17.656006,0.000101087295,0.0,0.0,10.0
48,59,0,6.0,1.8184185,135.17923,-0.0094248345,-0.00017279277,9.325868,88.81239,1.1,0.0,35.0,0.033835303,0.01,3000.0,0.1,17.656466,9.109871e-05,0.0,0.0,10.0
114,16,0,21.0,2.056703,51.165203,0.0077759093,-0.00018695176,8.50949,282.43634,1.1,0.0,35.0,0.033835303,0.01,3000.0,0.1,17.656952,8.046446e-05,0.0,0.0,10.0
106,41,0,14.0,1.8770987,149.19415,-0.00369201,0.00027745139,7.907791,125.994446,1.1,0.0,35.0,0.033835303,0.01,3000.0,0.1,17.65659,8.8402165e-05,0.0,0.0,10.0
41,25,0,3.0,1.9609987,170.59563,-0.005981275,-7.756659e-05,8.557179,88.81239,1.4,0.0,35.0,0.033835303,0.3,3000.0,0.04,529.7027,8.471815e-05,0.0,0.0,40.0
42,27,0,7.0,1.7272137,291.9253,0.0018814363,0.00029033402,7.991064,125.994446,1.1,0.0,35.0,0.033835303,0.01,3000.0,0.1,17.656258,9.565623e-05,0.0,0.0,10.0
10,4,0,9.0,2.0379598,18.327673,-0.004227502,-0.00016463026,7.8255053,88.81239,1.1,0.0,35.0,0.033835303,0.01,3000.0,0.1,17.656904,8.14899e-05,0.0,0.0,10.0
106,112,0,36.0,1.8770987,30.805838,0.014937136,-0.0008716293,7.907791,88.81239,1.1,0.0,35.0,0.033835303,0.01,3000.0,0.1,17.65659,8.8402165e-05,0.0,0.0,10.0
98,36,0,7.0,1.6344658,101.37907,-0.002604762,-0.00033296907,9.838049,89.3698,1.1,0.0,35.0,0.033835303,0.01,3000.0,0.1,17.656006,0.000101087295,0.0,0.0,10.0
44,78,0,13.0,1.949436,80.47937,0.002415242,-1.8785138e-05,8.563098,198.84044,1.1,0.0,35.0,0.033835303,0.01,3000.0,0.1,17.656755,8.471815e-05,0.0,0.0,10.0
53,84,0,14.0,1.949436,99.520615,-0.0004276991,-0.00014170111,7.8699503,89.3698,1.1,0.0,35.0,0.033835303,0.01,3000.0,0.1,17.656755,8.471815e-05,0.0,0.0,10.0
99,43,0,12.0,1.6124059,180.0,-0.0011119673,-9.497256e-05,8.059885,570.07227,1.1,0.0,35.0,0.033835303,0.01,3000.0,0.1,17.655918,0.00010306223,0.0,0.0,10.0
13,91,0,16.0,2.0595274,38.48506,-0.0013653218,-0.00048562384,10.012194,268.10938,1.1,0.0,35.0,0.033835303,0.01,3000.0,0.1,17.656952,8.046446e-05,0.0,0.0,10.0
76,58,0,43.0,1.9609987,189.40437,0.032872293,0.00019272213,7.8640323,251.98889,1.1,0.0,35.0,0.033835303,0.01,3000.0,0.1,17.656755,8.471815e-05,0.0,0.0,10.0
47,73,0,12.0,1.8770987,149.19415,0.0041429424,-0.00029259967,8.600939,282.43634,1.1,0.0,35.0,0.033835303,0.01,3000.0,0.1,17.65659,8.8402165e-05,0.0,0.0,10.0
35,85,0,8.0,1.9346625,180.0,-0.01575287,-0.0001898459,10.362471,0.0,1.1,0.0,35.0,0.033835303,0.01,3000.0,0.1,17.656706,8.5857544e-05,0.0,0.0,10.0
112,82,0,18.0,1.8715842,301.12213,-0.053795833,-0.00045689294,7.9107356,89.3698,1.1,0.0,35.0,0.033835303,0.01,3000.0,0.1,17.65659,8.8402165e-05,0.0,0.0,10.0
103,37,0,15.0,1.9609987,170.59563,0.0014582445,-1.8988934e-05,9.655791,88.81239,1.1,0.0,35.0,0.033835303,0.01,3000.0,0.1,17.656755,8.471815e-05,0.0,0.0,10.0
32,86,0,23.0,2.0379598,161.67232,0.022194387,2.873378e-05,7.8255053,198.84044,1.1,0.0,35.0,0.033835303,0.01,3000.0,0.1,17.656904,8.14899e-05,0.0,0.0,10.0
51,45,0,13.0,1.9346625,180.0,0.0018532788,6.3281965e-05,7.8775635,251.98889,1.1,0.0,35.0,0.033835303,0.01,3000.0,0.1,17.656706,8.5857544e-05,0.0,0.0,10.0
27,39,0,11.0,1.8715842,238.87787,-0.0012510655,0.00029239725,7.9107356,251.98889,1.1,0.0,35.0,0.033835303,0.01,3000.0,0.1,17.65659,8.8402165e-05,0.0,0.0,10.0
118,49,0,12.0,1.8715842,238.87787,-0.000909866,-3.242432e-05,7.9107356,251.98889,1.1,0.0,35.0,0.033835303,0.01,3000.0,0.1,17.65659,8.8402165e-05,0.0,0.0,10.0
88,79,0,14.0,2.0277934,251.45724,0.0038444332,-0.00072907156,7.8305106,177.62479,1.1,0.0,35.0,0.033835303,0.01,3000.0,0.1,17.656904,8.14899e-05,0.0,0.0,10.0
117,112,0,49.0,1.8770987,210.80585,-0.0051011727,0.0006419691,7.907791,320.83734,1.1,0.0,35.0,0.033835303,0.01,3000.0,0.1,17.65659,8.8402165e-05,0.0,0.0,10.0
5,92,0,8.0,1.6344658,281.3791,-0.02139321,-0.00042866467,11.224343,0.0,1.1,0.0,35.0,0.033835303,0.01,3000.0,0.1,17.656006,0.000101087295,0.0,0.0,10.0
20,66,0,18.0,2.0379598,341.67233,-0.013739381,0.00030170692,8.924118,125.994446,0.3,0.0,35.0,0.033835303,0.05,3000.0,0.015,88.28453,8.14899e-05,0.0,0.0,50.0
111,90,0,27.0,2.056703,128.8348,0.0061050537,-0.00072299555,8.50949,89.3698,1.1,0.0,35.0,0.033835303,0.01,3000.0,0.1,17.656952,8.046446e-05,0.0,0.0,10.0
82,20,0,17.0,1.6124059,180.0,-0.0033359022,-0.0,9.158498,266.43716,1.1,0.0,35.0,0.033835303,0.01,3000.0,0.1,17.655918,0.00010306223,0.0,0.0,10.0
36,6,0,7.0,1.8184185,135.17923,-0.009424835,-0.00017318634,10.019015,455.58932,1.1,0.0,35.0,0.033835303,0.01,3000.0,0.1,17.656466,9.109871e-05,0.0,0.0,10.0
7,117,0,21.0,1.9346625,180.0,-0.030579101,-0.0001898459,9.669323,88.81239,1.1,0.0,35.0,0.033835303,0.01,3000.0,0.1,17.656706,8.5857544e-05,0.0,0.0,10.0
84,32,0,8.0,1.6439275,168.7588,0.003105599,3.563575e-05,8.040514,125.994446,1.1,0.0,35.0,0.033835303,0.01,3000.0,0.1,17.656006,0.000101087295,0.0,0.0,10.0
47,25,0,9.0,1.9609987,9.404362,-0.0032625138,1.7771725e-05,9.47347,198.84044,1.1,0.0,35.0,0.033835303,0.01,3000.0,0.1,17.656755,8.471815e-05,0.0,0.0,10.0
13,32,0,18.0,1.6124059,0.0,-0.0100077065,9.497256e-05,9.446179,198.84044,1.1,0.0,35.0,0.033835303,0.01,3000.0,0.1,17.655918,0.00010306223,0.0,0.0,10.0
83,13,0,10.0,2.0595274,321.51495,-0.0068052784,-0.00057547365,10.117555,444.06195,1.1,0.0,35.0,0.033835303,0.01,3000.0,0.1,17.656952,8.046446e-05,0.0,0.0,10.0
17,117,0,19.0,1.8184185,315.17923,0.019345714,-1.5110963e-05,7.9395733,125.994446,1.1,0.0,35.0,0.033835303,0.01,3000.0,0.1,17.656466,9.109871e-05,0.0,0.0,10.0
25,112,0,38.0,1.8715842,121.12213,-0.011515493,0.00034207714,8.603883,397.68088,1.1,0.0,35.0,0.033835303,0.01,3000.0,0.1,17.65659,8.8402165e-05,0.0,0.0,10.0
114,19,0,27.0,1.7272137,111.92529,0.013206237,0.0005123476,7.991064,282.43634,1.1,0.0,35.0,0.033835303,0.01,3000.0,0.1,17.656258,9.565623e-05,0.0,0.0,10.0
92,8,0,7.0,1.735052,158.32191,-0.002498512,1.3063978e-05,9.085146,88.81239,1.1,0.0,35.0,0.033835303,0.01,3000.0,0.1,17.656258,9.565623e-05,0.0,0.0,10.0
61,39,0,12.0,1.9609987,350.59564,0.001853701,6.280666e-05,7.8640323,281.0262,1.1,0.0,35.0,0.033835303,0.01,3000.0,0.1,17.656755,8.471815e-05,0.0,0.0,10.0
18,99,0,13.0,1.6344658,281.3791,-0.007173771,1.3724361e-05,9.432584,89.3698,1.1,0.0,35.0,0.033835303,0.01,3000.0,0.1,17.656006,0.000101087295,0.0,0.0,10.0
30,39,0,12.0,1.8770987,210.80585,-0.0029874274,9.814378e-05,7.907791,355.24957,1.1,0.0,35.0,0.033835303,0.01,3000.0,0.1,17.65659,8.8402165e-05,0.0,0.0,10.0
106,19,0,11.0,1.8770987,329.19415,0.009413216,7.13308e-05,7.907791,177.62479,1.1,0.0,35.0,0.033835303,0.01,3000.0,0.1,17.65659,8.8402165e-05,0.0,0.0,10.0
124,79,0,22.0,2.0277934,288.54276,-0.018149303,4.346588e-05,7.8305106,88.81239,1.0,0.0,35.0,0.033835303,0.1,3000.0,0.035,176.56906,8.148992e-05,0.0,0.0,0.0
32,48,0,12.0,2.0595274,218.48508,0.0012373235,-4.5195997e-05,7.814969,199.58827,1.1,0.0,35.0,0.033835303,0.01,3000.0,0.1,17.656952,8.046446e-05,0.0,0.0,10.0
17,104,0,19.0,1.949436,279.52063,0.0010566686,-0.00012846339,7.8699503,88.81239,1.1,0.0,35.0,0.033835303,0.01,3000.0,0.1,17.656755,8.471815e-05,0.0,0.0,10.0
41,58,0,11.0,1.7272137,68.07469,-0.0014472589,4.35822e-05,7.991064,281.0262,1.1,0.0,35.0,0.033835303,0.01,3000.0,0.1,17.656258,9.565623e-05,0.0,0.0,10.0
18,85,0,29.0,1.6344658,258.62094,-0.011059565,0.00046717856,8.046289,178.7396,1.1,0.0,35.0,0.033835303,0.01,3000.0,0.1,17.656006,0.000101087295,0.0,0.0,10.0
34,100,0,13.0,1.6344658,101.37907,-0.00017080414,-5.8838756e-05,10.685347,0.0,1.1,0.0,35.0,0.033835303,0.01,3000.0,0.1,17.656006,0.000101087295,0.0,0.0,10.0
12,87,0,24.0,1.9609987,189.40437,-0.0029412054,0.0001009213,8.557179,199.58827,1.1,0.0,35.0,0.033835303,0.01,3000.0,0.1,17.656755,8.471815e-05,0.0,0.0,10.0
20,27,0,9.0,1.7272137,248.0747,-0.014110774,-0.00014480906,8.684211,321.61032,1.1,0.0,35.0,0.033835303,0.01,3000.0,0.1,17.656258,9.565623e-05,0.0,0.0,10.0
87,8,0,10.0,1.8715842,238.87787,-0.001620699,0.00027163146,7.9107356,357.4792,0.7,0.0,35.0,0.033835303,0.1,3000.0,0.035,176.5659,8.8402165e-05,0.0,0.0,30.0
17,0,0,5.0,2.0379598,341.67233,-0.0014972403,0.00014847549,9.2118,268.10938,1.1,0.0,35.0,0.033835303,0.01,3000.0,0.1,17.656904,8.14899e-05,0.0,0.0,10.0
14,1,0,4.0,1.6439275,11.241192,-0.0018885396,-0.00022919584,9.8322735,88.81239,0.7,0.0,35.0,0.033835303,0.1,3000.0,0.035,176.56007,0.00010108728,0.0,0.0,30.0
60,65,0,16.0,1.6124059,0.0,-0.0066718045,6.331504e-05,10.0057955,251.98889,0.3,0.0,35.0,0.033835303,0.05,3000.0,0.015,88.279594,0.00010306221,0.0,0.0,50.0
88,100,0,3.0,1.6124059,0.0,-0.0011119673,-0.00072812295,11.461082,0.0,1.1,0.0,35.0,0.033835303,0.01,3000.0,0.1,17.655918,0.00010306223,0.0,0.0,10.0
37,99,0,5.0,2.056703,231.1652,-0.0064263716,-0.00036480828,9.42578,89.3698,1.1,0.0,35.0,0.033835303,0.01,3000.0,0.1,17.656952,8.046446e-05,0.0,0.0,10.0
16,95,0,20.0,2.0379598,18.327673,-0.005636669,0.00013731886,7.8255053,281.0262,1.1,0.0,35.0,0.033835303,0.01,3000.0,0.1,17.656904,8.14899e-05,0.0,0.0,10.0
37,41,0,10.0,1.6439275,191.2412,-0.009148927,0.00013798627,8.040514,125.994446,1.1,0.0,35.0,0.033835303,0.01,3000.0,0.1,17.656006,0.000101087295,0.0,0.0,10.0
79,2,0,7.0,1.8184185,224.82077,-0.0034723072,1.4737107e-05,7.9395733,564.8727,1.1,0.0,35.0,0.033835303,0.01,3000.0,0.1,17.656466,9.109871e-05,0.0,0.0,10.0
71,117,0,33.0,2.0277934,71.45724,-0.031291902,-0.00021969483,7.8305106,89.3698,1.1,0.0,35.0,0.033835303,0.01,3000.0,0.1,17.656904,8.14899e-05,0.0,0.0,10.0
48,63,0,13.0,1.735052,338.32193,0.004568707,0.0002083897,7.9865336,178.7396,1.1,0.0,35.0,0.033835303,0.01,3000.0,0.1,17.656258,9.565623e-05,0.0,0.0,10.0
106,17,0,4.0,2.0595274,141.51492,-0.014954547,-0.00012560305,10.212865,0.0,1.1,0.0,35.0,0.033835303,0.01,3000.0,0.1,17.656952,8.046446e-05,0.0,0.0,10.0
13,59,0,18.0,1.6439275,11.241192,0.011708948,-0.0002442047,8.040514,178.7396,1.1,0.0,35.0,0.033835303,0.01,3000.0,0.1,17.656006,0.000101087295,0.0,0.0,10.0
16,31,0,16.0,1.8715842,301.12213,-0.013534258,6.339119e-05,8.603883,199.58827,1.1,0.0,35.0,0.033835303,0.01,3000.0,0.1,17.65659,8.8402165e-05,0.0,0.0,10.0
90,16,0,11.0,2.0277934,251.45724,0.008225299,0.00015025014,7.8305106,198.84044,1.1,0.0,35.0,0.033835303,0.01,3000.0,0.1,17.656904,8.14899e-05,0.0,0.0,10.0
98,37,0,7.0,1.735052,21.678076,-0.0152409235,-0.00013601284,9.932444,125.994446,1.1,0.0,35.0,0.033835303,0.01,3000.0,0.1,17.656258,9.565623e-05,0.0,0.0,10.0
27,119,0,17.0,1.6439275,168.7588,0.011750916,-2.2240827e-05,8.040514,125.994446,1.1,0.0,35.0,0.033835303,0.01,3000.0,0.1,17.656006,0.000101087295,0.0,0.0,10.0
40,80,0,5.0,1.6439275,348.75882,-0.018423755,-0.0002569965,10.237739,125.994446,0.7,0.0,35.0,0.033835303,0.1,3000.0,0.035,176.56007,0.00010108728,0.0,0.0,30.0
26,117,0,22.0,2.056703,128.8348,0.0023777576,7.0585134e-05,8.50949,178.7396,1.1,0.0,35.0,0.033835303,0.01,3000.0,0.1,17.656952,8.046446e-05,0.0,0.0,10.0
44,28,0,9.0,1.6344658,281.3791,0.0020069475,3.698466e-05,8.046289,199.58827,1.1,0.0,35.0,0.033835303,0.01,3000.0,0.1,17.656006,0.000101087295,0.0,0.0,10.0
108,100,0,31.0,1.9346625,0.0,-0.0,-0.0008859475,8.570711,251.98889,1.1,0.0,35.0,0.033835303,0.01,3000.0,0.1,17.656706,8.5857544e-05,0.0,0.0,10.0
57,34,0,4.0,1.6439275,348.75882,-0.0051620095,-0.0003241191,9.139126,177.62479,1.1,0.0,35.0,0.033835303,0.01,3000.0,0.1,17.656006,0.000101087295,0.0,0.0,10.0
77,12,0,6.0,1.6344658,78.620926,0.00085402036,-2.4339357e-05,8.046289,89.3698,1.1,0.0,35.0,0.033835303,0.01,3000.0,0.1,17.656006,0.000101087295,0.0,0.0,10.0
87,64,0,36.0,1.949436,80.47937,0.034190767,0.0011010078,7.8699503,199.58827,1.1,0.0,35.0,0.033835303,0.01,3000.0,0.1,17.656755,8.471815e-05,0.0,0.0,10.0
39,45,0,23.0,1.8184185,135.17923,0.023314066,0.00023334984,7.9395733,251.98889,0.3,0.0,35.0,0.033835303,0.05,3000.0,0.015,88.28233,9.1098686e-05,0.0,0.0,50.0
20,67,0,22.0,1.6344658,78.620926,0.024553085,-0.00022490916,8.046289,198.84044,1.1,0.0,35.0,0.033835303,0.01,3000.0,0.1,17.656006,0.000101087295,0.0,0.0,10.0
69,46,0,6.0,1.922605,90.0,-0.001888393,-0.0001874891,9.270115,198.84044,1.1,0.0,35.0,0.033835303,0.01,3000.0,0.1,17.656706,8.5857544e-05,0.0,0.0,10.0
22,107,0,36.0,1.6124059,180.0,-0.006671804,0.00018994512,8.059885,125.994446,1.1,0.0,35.0,0.033835303,0.01,3000.0,0.1,17.655918,0.00010306223,0.0,0.0,10.0
71,38,0,7.0,1.9609987,9.404362,0.0014335288,-8.102971e-05,7.8640323,88.81239,1.1,0.0,35.0,0.033835303,0.01,3000.0,0.1,17.656755,8.471815e-05,0.0,0.0,10.0
103,30,0,9.0,2.0379598,18.327673,-0.006517399,-0.00046370816,9.904947,198.84044,1.1,0.0,35.0,0.033835303,0.01,3000.0,0.1,17.656904,8.14899e-05,0.0,0.0,10.0
109,93,0,37.0,1.9609987,189.40437,-0.025778804,0.0005112592,7.8640323,177.62479,1.1,0.0,35.0,0.033835303,0.01,3000.0,0.1,17.656755,8.471815e-05,0.0,0.0,10.0
45,93,0,11.0,1.8184185,224.82077,-0.010416923,0.00017394884,8.632721,198.84044,1.1,0.0,35.0,0.033835303,0.01,3000.0,0.1,17.656466,9.109871e-05,0.0,0.0,10.0
95,0,0,7.0,2.056703,128.8348,0.0029132888,-0.00032624998,7.8163424,444.06195,1.1,0.0,35.0,0.033835303,0.01,3000.0,0.1,17.656952,8.046446e-05,0.0,0.0,10.0
92,41,0,13.0,1.6439275,348.75882,0.006253166,-0.00033988533,8.040514,268.10938,1.1,0.0,35.0,0.033835303,0.01,3000.0,0.1,17.656006,0.000101087295,0.0,0.0,10.0
70,0,0,7.0,1.8184185,224.82077,0.0059525277,-0.00031528494,7.9395733,677.03546,1.1,0.0,35.0,0.033835303,0.01,3000.0,0.1,17.656466,9.109871e-05,0.0,0.0,10.0
104,12,0,5.0,1.8715842,301.12213,-0.0004549328,-4.6872854e-05,8.603883,281.0262,1.1,0.0,35.0,0.033835303,0.01,3000.0,0.1,17.65659,8.8402165e-05,0.0,0.0,10.0
19,99,0,15.0,1.8715842,301.12213,0.00042649946,-0.00010884779,9.009348,178.7396,1.1,0.0,35.0,0.033835303,0.01,3000.0,0.1,17.65659,8.8402165e-05,0.0,0.0,10.0
118,112,0,54.0,1.949436,279.52063,0.03376307,0.0002093856,7.8699503,281.0262,1.1,0.0,35.0,0.033835303,0.01,3000.0,0.1,17.656755,8.471815e-05,0.0,0.0,10.0
88,36,0,6.0,1.6344658,281.3791,-0.014432943,-0.00027999008,10.1257305,125.994446,1.1,0.0,35.0,0.033835303,0.01,3000.0,0.1,17.656006,0.000101087295,0.0,0.0,10.0
67,74,0,53.0,1.922605,90.0,0.020772323,0.0003749782,7.88382,198.84044,1.1,0.0,35.0,0.033835303,0.01,3000.0,0.1,17.656706,8.5857544e-05,0.0,0.0,10.0
36,5,0,12.0,1.9609987,189.40437,0.0034602417,0.000166094,7.8640323,445.0673,1.1,0.0,35.0,0.033835303,0.01,3000.0,0.1,17.656755,8.471815e-05,0.0,0.0,10.0
80,21,0,17.0,1.7272137,111.92529,-0.008430283,3.4057011e-06,7.991064,251.98889,1.1,0.0,35.0,0.033835303,0.01,3000.0,0.1,17.656258,9.565623e-05,0.0,0.0,10.0
46,25,0,10.0,1.9609987,9.404362,0.0009144924,3.1628995e-05,7.8640323,251.98889,1.1,0.0,35.0,0.033835303,0.01,3000.0,0.1,17.656755,8.471815e-05,0.0,0.0,10.0
20,90,0,18.0,1.7272137,248.0747,0.0015558035,8.093782e-05,7.991064,251.98889,1.1,0.0,35.0,0.033835303,0.01,3000.0,0.1,17.656258,9.565623e-05,0.0,0.0,10.0
121,71,0,44.0,1.7272137,111.92529,0.005680491,-0.00026129285,9.936975,452.96576,1.1,0.0,35.0,0.033835303,0.01,3000.0,0.1,17.656258,9.565623e-05,0.0,0.0,10.0
4,103,0,16.0,2.0379598,198.32768,-0.011361412,0.00018600773,7.8255053,198.84044,1.1,0.0,35.0,0.033835303,0.01,3000.0,0.1,17.656904,8.14899e-05,0.0,0.0,10.0
100,37,0,12.0,2.0277934,251.45724,-0.0020563244,-0.0003389863,8.523658,125.994446,1.1,0.0,35.0,0.033835303,0.01,3000.0,0.1,17.656904,8.14899e-05,0.0,0.0,10.0
76,14,0,6.0,1.8770987,210.80585,-0.011611511,6.624798e-05,9.006404,199.58827,1.1,0.0,35.0,0.033835303,0.01,3000.0,0.1,17.65659,8.8402165e-05,0.0,0.0,10.0
26,65,0,20.0,2.0379598,198.32768,-0.004579794,-0.0003423217,7.8255053,177.62479,1.1,0.0,35.0,0.033835303,0.01,3000.0,0.1,17.656904,8.14899e-05,0.0,0.0,10.0
39,46,0,19.0,1.8184185,224.82077,-0.010912967,0.0006576927,7.9395733,199.58827,1.1,0.0,35.0,0.033835303,0.01,3000.0,0.1,17.656466,9.109871e-05,0.0,0.0,10.0
64,110,0,10.0,1.735052,21.678076,-0.02145151,-9.084252e-06,10.289119,125.994446,1.1,0.0,35.0,0.033835303,0.01,3000.0,0.1,17.656258,9.565623e-05,0.0,0.0,10.0
21,90,0,20.0,1.7272137,248.0747,0.00882828,1.8622735e-05,7.991064,198.84044,1.1,0.0,35.0,0.033835303,0.01,3000.0,0.1,17.656258,9.565623e-05,0.0,0.0,10.0
16,54,0,10.0,2.0277934,71.45724,-0.008493516,-0.00029894963,9.439949,89.3698,1.1,0.0,35.0,0.033835303,0.01,3000.0,0.1,17.656904,8.14899e-05,0.0,0.0,10.0
36,41,0,10.0,1.6439275,168.7588,-0.0034833073,6.9371825e-05,8.040514,88.81239,1.1,0.0,35.0,0.033835303,0.01,3000.0,0.1,17.656006,0.000101087295,0.0,0.0,10.0
58,100,0,10.0,1.922605,90.0,0.006609375,-0.0001562409,7.88382,199.58827,1.1,0.0,35.0,0.033835303,0.01,3000.0,0.1,17.656706,8.5857544e-05,0.0,0.0,10.0
35,3,0,8.0,1.735052,338.32193,0.007995238,-0.00021020426,8.679681,399.17654,1.1,0.0,35.0,0.033835303,0.01,3000.0,0.1,17.656258,9.565623e-05,0.0,0.0,10.0
23,63,0,21.0,1.6344658,281.3791,-0.033264086,3.1554417e-05,9.992199,125.994446,1.1,0.0,35.0,0.033835303,0.01,3000.0,0.1,17.656006,0.000101087295,0.0,0.0,10.0
38,86,0,17.0,1.7272137,248.0747,0.0005789035,0.00010760061,7.991064,268.10938,1.1,0.0,35.0,0.033835303,0.01,3000.0,0.1,17.656258,9.565623e-05,0.0,0.0,10.0
3,11,0,10.0,1.8770987,329.19415,0.0043120417,-0.00023602486,7.907791,198.84044,1.1,0.0,35.0,0.033835303,0.01,3000.0,0.1,17.65659,8.8402165e-05,0.0,0.0,10.0
10,100,0,13.0,2.0595274,38.48506,-0.0139305545,-0.0003173774,11.147174,0.0,1.1,0.0,35.0,0.033835303,0.01,3000.0,0.1,17.656952,8.046446e-05,0.0,0.0,10.0
44,4,0,8.0,1.8715842,238.87787,-0.0075348285,-3.7011323e-05,9.520173,377.98334,1.1,0.0,35.0,0.033835303,0.01,3000.0,0.1,17.65659,8.8402165e-05,0.0,0.0,10.0
98,49,0,8.0,1.6124059,0.0,-0.0055598365,-0.00012663008,9.446179,266.43716,1.1,0.0,35.0,0.033835303,0.01,3000.0,0.1,17.655918,0.00010306223,0.0,0.0,10.0
82,112,0,9.0,1.735052,158.32191,-0.0028911352,-0.00070343923,10.759122,0.0,1.1,0.0,35.0,0.033835303,0.01,3000.0,0.1,17.656258,9.565623e-05,0.0,0.0,10.0
61,90,0,9.0,1.8184185,315.17923,-0.004960439,-3.185021e-05,7.9395733,321.61032,1.1,0.0,35.0,0.033835303,0.01,3000.0,0.1,17.656466,9.109871e-05,0.0,0.0,10.0
52,43,0,11.0,1.8184185,44.820763,-0.0019841755,-0.00012580457,8.632721,445.0673,0.3,0.0,35.0,0.033835303,0.05,3000.0,0.015,88.28233,9.1098686e-05,0.0,0.0,50.0
122,18,0,22.0,2.0277934,71.45724,0.0075100563,0.00055004045,7.8305106,251.98889,0.3,0.0,35.0,0.033835303,0.05,3000.0,0.015,88.28453,8.14899e-05,0.0,0.0,50.0
111,48,0,10.0,1.8184185,44.820763,5.5510996e-10,-0.00031607941,8.632721,89.3698,1.1,0.0,35.0,0.033835303,0.01,3000.0,0.1,17.656466,9.109871e-05,0.0,0.0,10.0
3,23,0,11.0,2.0595274,38.48506,-0.009365259,0.000149083,7.814969,251.98889,1.1,0.0,35.0,0.033835303,0.01,3000.0,0.1,17.656952,8.046446e-05,0.0,0.0,10.0
34,82,0,12.0,1.6439275,11.241192,-0.0032315014,6.2547624e-05,9.426808,88.81239,1.1,0.0,35.0,0.033835303,0.01,3000.0,0.1,17.656006,0.000101087295,0.0,0.0,10.0
8,82,0,31.0,1.6344658,78.620926,0.00072591734,1.0180717e-05,8.046289,368.3463,1.1,0.0,35.0,0.033835303,0.01,3000.0,0.1,17.656006,0.000101087295,0.0,0.0,10.0
36,88,0,13.0,1.7272137,248.0747,0.003147788,-0.00034525187,7.991064,125.994446,1.1,0.0,35.0,0.033835303,0.01,3000.0,0.1,17.656258,9.565623e-05,0.0,0.0,10.0
101,56,0,6.0,1.8715842,301.12213,-0.00540233,-0.0008878572,9.520173,177.62479,1.1,0.0,35.0,0.033835303,0.01,3000.0,0.1,17.65659,8.8402165e-05,0.0,0.0,10.0
58,105,0,7.0,1.8184185,135.17923,0.000496044,-0.00017396112,8.632721,88.81239,0.7,0.0,35.0,0.033835303,0.1,3000.0,0.035,176.56467,9.1098686e-05,0.0,0.0,30.0
26,83,0,15.0,1.6344658,78.620926,-0.0019215454,-3.823764e-05,10.243514,125.994446,1.1,0.0,35.0,0.033835303,0.01,3000.0,0.1,17.656006,0.000101087295,0.0,0.0,10.0
3,85,0,4.0,1.735052,21.678076,-0.011029146,-0.00017082588,10.625591,0.0,1.1,0.0,35.0,0.033835303,0.01,3000.0,0.1,17.656258,9.565623e-05,0.0,0.0,10.0
42,56,0,7.0,1.8715842,58.87786,-0.0034119978,-0.00020119424,9.856646,88.81239,1.1,0.0,35.0,0.033835303,0.01,3000.0,0.1,17.65659,8.8402165e-05,0.0,0.0,10.0
23,73,0,24.0,1.8770987,329.19415,0.0006482146,-0.00018257876,7.907791,282.43634,1.1,0.0,35.0,0.033835303,0.01,3000.0,0.1,17.65659,8.8402165e-05,0.0,0.0,10.0
18,94,0,14.0,1.8184185,44.820763,0.006944615,-0.00015724401,8.632721,177.62479,1.1,0.0,35.0,0.033835303,0.01,3000.0,0.1,17.656466,9.109871e-05,0.0,0.0,10.0
122,10,0,11.0,1.9346625,0.0,-0.0046331976,-3.1640982e-05,9.263858,320.83734,1.1,0.0,35.0,0.033835303,0.01,3000.0,0.1,17.656706,8.5857544e-05,0.0,0.0,10.0
86,11,0,10.0,1.6124059,0.0,-0.0055598365,9.497256e-05,9.158498,377.98334,1.1,0.0,35.0,0.033835303,0.01,3000.0,0.1,17.655918,0.00010306223,0.0,0.0,10.0
36,29,0,2.0,2.0595274,38.48506,-0.0055252886,-0.0001801149,9.606729,320.83734,1.4,0.0,35.0,0.033835303,0.3,3000.0,0.04,529.70856,8.046445e-05,0.0,0.0,40.0
58,72,0,23.0,2.0379598,18.327673,0.013475163,5.4876018e-05,7.8255053,88.81239,1.1,0.0,35.0,0.033835303,0.01,3000.0,0.1,17.656904,8.14899e-05,0.0,0.0,10.0
29,94,0,11.0,1.949436,279.52063,0.001106986,0.0002756406,7.8699503,89.3698,1.1,0.0,35.0,0.033835303,0.01,3000.0,0.1,17.656755,8.471815e-05,0.0,0.0,10.0
48,46,0,7.0,2.056703,128.8348,-0.0108391475,-1.8414014e-05,8.914955,125.994446,1.1,0.0,35.0,0.033835303,0.01,3000.0,0.1,17.656952,8.046446e-05,0.0,0.0,10.0
95,105,0,25.0,1.922605,270.0,0.003776786,-0.00034372997,7.88382,125.994446,1.1,0.0,35.0,0.033835303,0.01,3000.0,0.1,17.656706,8.5857544e-05,0.0,0.0,10.0
65,102,0,4.0,2.056703,128.8348,-0.0151448175,-0.00033623778,10.588931,0.0,1.1,0.0,35.0,0.033835303,0.01,3000.0,0.1,17.656952,8.046446e-05,0.0,0.0,10.0
77,78,0,34.0,2.0277934,71.45724,-0.014841302,-0.00023201045,8.523658,88.81239,1.1,0.0,35.0,0.033835303,0.01,3000.0,0.1,17.656904,8.14899e-05,0.0,0.0,10.0
107,33,0,10.0,2.578788,0.0,-0.006949796,0.0001579948,7.5898814,88.81239,1.1,0.0,35.0,0.033835303,0.01,3000.0,0.1,17.657688,6.443714e-05,0.0,0.0,10.0
21,62,0,14.0,2.3203354,213.52483,-0.0056668003,-0.0010613574,10.5288315,0.0,1.1,0.0,35.0,0.033835303,0.01,3000.0,0.1,17.657368,7.146334e-05,0.0,0.0,10.0
87,16,0,7.0,2.7388556,110.67417,-0.0017489452,-0.00013419104,9.609015,125.994446,1.1,0.0,35.0,0.033835303,0.01,3000.0,0.1,17.657875,6.0335366e-05,0.0,0.0,10.0
12,73,0,6.0,2.3147647,123.855705,-0.022771347,-0.00064575707,11.482214,0.0,1.1,0.0,35.0,0.033835303,0.01,3000.0,0.1,17.657368,7.146334e-05,0.0,0.0,10.0
38,37,0,7.0,2.3203354,33.524815,-0.0029825268,8.9723006e-05,9.305056,177.62479,1.1,0.0,35.0,0.033835303,0.01,3000.0,0.1,17.657368,7.146334e-05,0.0,0.0,10.0
98,84,0,43.0,2.1601243,26.42193,-0.013643376,-0.0002681248,7.7672367,88.81239,1.1,0.0,35.0,0.033835303,0.01,3000.0,0.1,17.65712,7.681844e-05,0.0,0.0,10.0
83,3,0,7.0,2.578788,180.0,-0.0013899591,-0.0001579948,7.5898814,320.83734,1.4,0.0,35.0,0.033835303,0.3,3000.0,0.04,529.7307,6.443715e-05,0.0,0.0,40.0
124,105,0,19.0,2.7388556,69.32581,0.0006887037,0.00046783933,7.5295744,368.3463,1.0,0.0,35.0,0.033835303,0.1,3000.0,0.035,176.57877,6.033537e-05,0.0,0.0,0.0
99,72,0,26.0,2.8791053,153.57806,0.0034940355,-0.00093129434,8.8658495,125.994446,1.1,0.0,35.0,0.033835303,0.01,3000.0,0.1,17.658003,5.7600842e-05,0.0,0.0,10.0
14,94,0,21.0,2.3147647,56.144283,0.0015020677,-0.00037241983,8.391171,320.83734,1.1,0.0,35.0,0.033835303,0.01,3000.0,0.1,17.657368,7.146334e-05,0.0,0.0,10.0
12,29,0,8.0,2.152038,63.29129,-0.004543208,-0.00011311043,8.869603,178.7396,1.1,0.0,35.0,0.033835303,0.01,3000.0,0.1,17.65712,7.681844e-05,0.0,0.0,10.0
59,63,0,6.0,2.4527216,336.9309,-0.0075866976,-0.00021050866,9.431827,89.3698,1.1,0.0,35.0,0.033835303,0.01,3000.0,0.1,17.65754,6.7665394e-05,0.0,0.0,10.0
76,20,0,13.0,2.3334894,253.95967,0.0036653974,0.00026084113,7.6899586,198.84044,1.1,0.0,35.0,0.033835303,0.01,3000.0,0.1,17.657396,7.0817674e-05,0.0,0.0,10.0
101,39,0,22.0,2.2794013,351.91992,0.0117514,0.0006337639,7.713436,199.58827,1.1,0.0,35.0,0.033835303,0.01,3000.0,0.1,17.6573,7.286857e-05,0.0,0.0,10.0
87,97,0,14.0,2.598581,172.91896,-0.003247417,0.00046447598,7.582225,177.62479,0.7,0.0,35.0,0.033835303,0.1,3000.0,0.035,176.57712,6.394341e-05,0.0,0.0,30.0
104,60,0,7.0,2.8825557,270.0,-0.018254466,-0.0006548295,9.5577965,89.3698,1.1,0.0,35.0,0.033835303,0.01,3000.0,0.1,17.65802,5.7221052e-05,0.0,0.0,10.0
26,38,0,9.0,2.7388556,249.32584,0.0024829584,-2.4399986e-05,8.628186,125.994446,1.1,0.0,35.0,0.033835303,0.01,3000.0,0.1,17.657875,6.0335366e-05,0.0,0.0,10.0
115,9,0,8.0,2.6424637,255.87918,-0.009970682,-0.00023361653,9.644897,89.3698,1.1,0.0,35.0,0.033835303,0.01,3000.0,0.1,17.657778,6.250019e-05,0.0,0.0,10.0
110,16,0,18.0,2.586636,240.10046,0.000538019,0.00016378719,7.5868387,199.58827,1.1,0.0,35.0,0.033835303,0.01,3000.0,0.1,17.657711,6.394341e-05,0.0,0.0,10.0
91,69,0,28.0,2.726484,44.820763,-0.03141612,0.0005188792,8.227256,125.994446,0.3,0.0,35.0,0.033835303,0.05,3000.0,0.015,88.28928,6.0753136e-05,0.0,0.0,50.0
19,37,0,9.0,2.2794013,171.91992,0.003523847,-7.74772e-05,7.713436,198.84044,1.4,0.0,35.0,0.033835303,0.3,3000.0,0.04,529.7191,7.286856e-05,0.0,0.0,40.0
79,120,0,37.0,2.3334894,286.04034,0.011084162,-0.0009797745,7.6899586,125.994446,1.1,0.0,35.0,0.033835303,0.01,3000.0,0.1,17.657396,7.0817674e-05,0.0,0.0,10.0
20,84,0,25.0,2.6424637,104.12081,0.005651399,-0.00022682891,7.5654554,251.98889,1.1,0.0,35.0,0.033835303,0.01,3000.0,0.1,17.657778,6.250019e-05,0.0,0.0,10.0
68,109,0,22.0,2.2427351,270.0,0.020232782,0.0004996663,7.7296696,125.994446,1.1,0.0,35.0,0.033835303,0.01,3000.0,0.1,17.657269,7.359019e-05,0.0,0.0,10.0
18,82,0,34.0,2.766833,35.3683,0.0062492313,0.00054436014,7.5193954,320.83734,1.1,0.0,35.0,0.033835303,0.01,3000.0,0.1,17.657896,5.9917587e-05,0.0,0.0,10.0
78,45,0,21.0,2.8791053,206.42194,0.01597273,0.00032702085,7.4795547,320.83734,1.1,0.0,35.0,0.033835303,0.01,3000.0,0.1,17.658003,5.7600842e-05,0.0,0.0,10.0
122,17,0,19.0,2.5112865,39.62937,0.0019756276,0.0003193437,7.616441,199.58827,1.1,0.0,35.0,0.033835303,0.01,3000.0,0.1,17.657618,6.595632e-05,0.0,0.0,10.0
55,113,0,19.0,2.726484,315.17923,-9.868621e-11,-3.9280167e-07,8.227256,198.84044,1.1,0.0,35.0,0.033835303,0.01,3000.0,0.1,17.657856,6.0753144e-05,0.0,0.0,10.0
12,104,0,28.0,2.4527216,23.069077,-0.0001388582,0.00028883244,8.333215,268.10938,1.1,0.0,35.0,0.033835303,0.01,3000.0,0.1,17.65754,6.7665394e-05,0.0,0.0,10.0
54,53,0,31.0,2.594854,150.40929,0.01589157,6.763314e-05,7.583662,321.61032,1.1,0.0,35.0,0.033835303,0.01,3000.0,0.1,17.657711,6.394341e-05,0.0,0.0,10.0
80,75,0,38.0,2.8683355,63.29129,0.018299034,-9.28209e-05,7.483309,177.62479,1.1,0.0,35.0,0.033835303,0.01,3000.0,0.1,17.658003,5.7600842e-05,0.0,0.0,10.0
39,49,0,20.0,2.3147647,303.8557,-0.0074502565,8.184839e-05,7.6980243,251.98889,1.1,0.0,35.0,0.033835303,0.01,3000.0,0.1,17.657368,7.146334e-05,0.0,0.0,10.0
32,81,0,14.0,2.1601243,206.42194,-0.0,-0.00019527195,7.7672367,178.7396,1.1,0.0,35.0,0.033835303,0.01,3000.0,0.1,17.65712,7.681844e-05,0.0,0.0,10.0
61,115,0,29.0,2.2427351,90.0,-0.020232782,0.00053089554,7.7296696,178.7396,1.1,0.0,35.0,0.033835303,0.01,3000.0,0.1,17.657269,7.359019e-05,0.0,0.0,10.0
14,88,0,20.0,2.2794013,188.08008,-0.00017304615,-8.838153e-05,7.713436,320.83734,1.1,0.0,35.0,0.033835303,0.01,3000.0,0.1,17.6573,7.286857e-05,0.0,0.0,10.0
0,48,0,12.0,2.8791053,206.42194,0.007112857,0.0004922378,7.4795547,282.43634,1.1,0.0,35.0,0.033835303,0.01,3000.0,0.1,17.658003,5.7600842e-05,0.0,0.0,10.0
27,8,0,4.0,2.6424637,255.87918,-0.006660577,-0.00016552575,9.174893,89.3698,0.7,0.0,35.0,0.033835303,0.1,3000.0,0.035,176.57779,6.250019e-05,0.0,0.0,30.0
77,18,0,8.0,2.7388556,290.6742,-0.009070953,5.3808184e-05,10.014481,0.0,1.1,0.0,35.0,0.033835303,0.01,3000.0,0.1,17.657875,6.0335366e-05,0.0,0.0,10.0
58,86,0,6.0,2.152038,63.29129,-0.016994962,-0.00014830708,11.029087,0.0,1.1,0.0,35.0,0.033835303,0.01,3000.0,0.1,17.65712,7.681844e-05,0.0,0.0,10.0
20,45,0,13.0,2.3203354,326.4752,0.0024456717,-0.00013400998,7.6956177,282.43634,1.1,0.0,35.0,0.033835303,0.01,3000.0,0.1,17.657368,7.146334e-05,0.0,0.0,10.0
57,82,0,15.0,2.2725942,224.82077,-0.0031746808,-0.000375518,8.8150425,251.98889,1.1,0.0,35.0,0.033835303,0.01,3000.0,0.1,17.6573,7.286857e-05,0.0,0.0,10.0
65,117,0,43.0,2.761233,305.7074,-0.0087545905,0.00092573004,7.521425,251.98889,1.1,0.0,35.0,0.033835303,0.01,3000.0,0.1,17.657896,5.9917587e-05,0.0,0.0,10.0
22,49,0,8.0,2.2794013,351.91992,0.0063083153,-0.00066391996,7.713436,199.58827,1.1,0.0,35.0,0.033835303,0.01,3000.0,0.1,17.6573,7.286857e-05,0.0,0.0,10.0
19,117,0,11.0,2.586636,60.10045,-0.007101851,-0.0008145444,9.378598,178.7396,1.1,0.0,35.0,0.033835303,0.01,3000.0,0.1,17.657711,6.394341e-05,0.0,0.0,10.0
2,32,0,8.0,2.3459044,344.14905,-0.004054771,-0.00084246567,9.764088,321.61032,1.1,0.0,35.0,0.033835303,0.01,3000.0,0.1,17.657396,7.0817674e-05,0.0,0.0,10.0
6,9,0,7.0,2.586636,240.10046,-0.0042718705,-0.00015282772,9.532749,89.3698,1.1,0.0,35.0,0.033835303,0.01,3000.0,0.1,17.657711,6.394341e-05,0.0,0.0,10.0
15,3,0,7.0,2.265766,81.81956,-0.00011212246,-0.00021416783,9.105737,89.3698,1.1,0.0,35.0,0.033835303,0.01,3000.0,0.1,17.6573,7.286857e-05,0.0,0.0,10.0
107,75,0,48.0,2.2427351,270.0,0.0064744903,0.0002810623,7.7296696,251.98889,1.1,0.0,35.0,0.033835303,0.01,3000.0,0.1,17.657269,7.359019e-05,0.0,0.0,10.0
22,4,0,3.0,2.582892,97.169266,-0.0064411545,-0.00046082973,7.5882893,89.3698,1.1,0.0,35.0,0.033835303,0.01,3000.0,0.1,17.657711,6.394341e-05,0.0,0.0,10.0
74,58,0,34.0,2.2725942,44.820763,-0.010714547,-0.00023274624,9.508189,177.62479,1.1,0.0,35.0,0.033835303,0.01,3000.0,0.1,17.6573,7.286857e-05,0.0,0.0,10.0
22,16,0,7.0,2.726484,224.82077,-0.005621832,-0.00014028905,8.227256,89.3698,1.1,0.0,35.0,0.033835303,0.01,3000.0,0.1,17.65828,5.156212e-05,0.0,0.0,10.0
58,29,0,7.0,2.578788,180.0,-0.003474898,-9.479688e-05,8.976175,281.0262,1.1,0.0,35.0,0.033835303,0.01,3000.0,0.1,17.657688,6.443714e-05,0.0,0.0,10.0
89,62,0,12.0,2.582892,277.16928,-0.004625527,-0.0006973341,7.5882893,251.98889,1.1,0.0,35.0,0.033835303,0.01,3000.0,0.1,17.657711,6.394341e-05,0.0,0.0,10.0
12,1,0,5.0,2.598581,7.0810294,-0.0011779846,2.2486342e-05,8.680838,88.81239,1.1,0.0,35.0,0.033835303,0.01,3000.0,0.1,17.657711,6.394341e-05,0.0,0.0,10.0
91,79,0,15.0,2.7388556,110.67417,-0.0020932974,-0.0008419106,7.5295744,88.81239,1.1,0.0,35.0,0.033835303,0.01,3000.0,0.1,17.657875,6.0335366e-05,0.0,0.0,10.0
71,57,0,35.0,2.7517767,339.56152,0.0051999628,0.00022117948,7.5248604,282.43634,1.1,0.0,35.0,0.033835303,0.01,3000.0,0.1,17.657875,6.0335366e-05,0.0,0.0,10.0
58,80,0,17.0,2.7517767,20.438467,-0.0029216283,7.794854e-05,7.5248604,88.81239,1.1,0.0,35.0,0.033835303,0.01,3000.0,0.1,17.657875,6.0335366e-05,0.0,0.0,10.0
124,26,0,19.0,2.6424637,284.12082,0.0037945106,-0.00057822,7.5654554,281.0262,1.0,0.0,35.0,0.033835303,0.1,3000.0,0.035,176.57779,6.2500185e-05,0.0,0.0,0.0
86,8,0,5.0,2.5084581,230.01804,-0.004590028,-8.1965765e-05,8.310717,268.10938,1.1,0.0,35.0,0.033835303,0.01,3000.0,0.1,17.657618,6.595632e-05,0.0,0.0,10.0
123,11,0,11.0,2.582892,97.169266,-0.0029395875,6.9005306e-05,8.686901,445.0673,1.1,0.0,35.0,0.033835303,0.01,3000.0,0.1,17.657711,6.394341e-05,0.0,0.0,10.0
82,111,0,14.0,2.3203354,146.47517,0.0036386824,0.00023036545,7.6956177,88.81239,1.1,0.0,35.0,0.033835303,0.01,3000.0,0.1,17.657368,7.146334e-05,0.0,0.0,10.0
3,36,0,25.0,2.4421742,246.67134,-0.0058185053,0.00021312226,8.337529,321.61032,1.1,0.0,35.0,0.033835303,0.01,3000.0,0.1,17.65754,6.7665394e-05,0.0,0.0,10.0
57,77,0,9.0,2.1601243,26.42193,-0.005324244,-0.00036339313,9.376675,88.81239,1.1,0.0,35.0,0.033835303,0.01,3000.0,0.1,17.65712,7.681844e-05,0.0,0.0,10.0
41,56,0,12.0,2.8825557,90.0,0.0006294644,-6.2364714e-05,7.478355,125.994446,1.1,0.0,35.0,0.033835303,0.01,3000.0,0.1,17.65802,5.7221052e-05,0.0,0.0,10.0
19,91,0,12.0,2.766833,215.3683,-0.0047374624,-0.00018008924,8.212543,125.994446,1.1,0.0,35.0,0.033835303,0.01,3000.0,0.1,17.657896,5.9917587e-05,0.0,0.0,10.0
18,59,0,11.0,2.2794013,351.91992,-0.018295687,5.154031e-06,8.406583,198.84044,1.1,0.0,35.0,0.033835303,0.01,3000.0,0.1,17.6573,7.286857e-05,0.0,0.0,10.0
9,81,0,33.0,2.5084581,129.98196,0.005569391,0.00031929827,7.617569,251.98889,1.1,0.0,35.0,0.033835303,0.01,3000.0,0.1,17.657618,6.595632e-05,0.0,0.0,10.0
45,122,0,13.0,2.3459044,344.14905,-0.0032034125,7.003123e-05,7.6846466,177.62479,1.1,0.0,35.0,0.033835303,0.01,3000.0,0.1,17.657396,7.0817674e-05,0.0,0.0,10.0
113,90,0,26.0,2.265766,278.18045,-0.01782747,-0.0006504892,8.412589,89.3698,1.1,0.0,35.0,0.033835303,0.01,3000.0,0.1,17.6573,7.286857e-05,0.0,0.0,10.0
16,77,0,32.0,2.4421742,246.67134,0.00474432,0.0007066094,7.644382,320.83734,1.1,0.0,35.0,0.033835303,0.01,3000.0,0.1,17.65754,6.7665394e-05,0.0,0.0,10.0
71,65,0,14.0,2.586636,240.10046,-0.010114757,-0.00067884894,10.2948885,0.0,1.1,0.0,35.0,0.033835303,0.01,3000.0,0.1,17.657711,6.394341e-05,0.0,0.0,10.0
15,120,0,25.0,2.4527216,23.069077,0.01359546,-0.0002389586,7.640067,268.10938,1.1,0.0,35.0,0.033835303,0.01,3000.0,0.1,17.65754,6.7665394e-05,0.0,0.0,10.0
70,43,0,11.0,2.2567966,180.0,-0.0015885247,0.00012648584,8.41656,88.81239,0.3,0.0,35.0,0.033835303,0.05,3000.0,0.015,88.28634,7.3590185e-05,0.0,0.0,50.0
12,74,0,9.0,2.2725942,44.820763,-0.023016434,-0.00052873587,10.660869,0.0,1.1,0.0,35.0,0.033835303,0.01,3000.0,0.1,17.6573,7.286857e-05,0.0,0.0,10.0
16,112,0,13.0,2.586636,119.899536,-0.003055948,-0.0007064848,10.151788,0.0,1.1,0.0,35.0,0.033835303,0.01,3000.0,0.1,17.657711,6.394341e-05,0.0,0.0,10.0
122,96,0,15.0,2.6424637,75.87917,-0.0075486535,-0.0007194581,10.273506,0.0,1.1,0.0,35.0,0.033835303,0.01,3000.0,0.1,17.657778,6.250019e-05,0.0,0.0,10.0
24,52,0,14.0,2.726484,44.820763,-0.0076060067,-0.00023407367,8.632721,89.3698,1.1,0.0,35.0,0.033835303,0.01,3000.0,0.1,17.657856,6.0753144e-05,0.0,0.0,10.0
120,63,0,69.0,2.726484,135.17923,0.0148813175,0.0006433517,7.534108,320.83734,0.3,0.0,35.0,0.033835303,0.05,3000.0,0.015,88.28928,6.0753136e-05,0.0,0.0,50.0
46,88,0,8.0,2.726484,224.82077,-0.010251574,-0.00023643536,8.227256,88.81239,1.1,0.0,35.0,0.033835303,0.01,3000.0,0.1,17.657856,6.0753144e-05,0.0,0.0,10.0
35,95,0,12.0,2.152038,63.29129,0.0021874707,1.2464529e-05,7.770991,198.84044,1.1,0.0,35.0,0.033835303,0.01,3000.0,0.1,17.65712,7.681844e-05,0.0,0.0,10.0
70,38,0,7.0,2.5112865,320.37064,0.0033632705,-0.00017907967,7.616441,89.3698,1.4,0.0,35.0,0.033835303,0.3,3000.0,0.04,529.7286,6.595632e-05,0.0,0.0,40.0
45,71,0,15.0,2.3334894,106.04033,0.0010849574,-0.00029467372,7.6899586,281.0262,1.1,0.0,35.0,0.033835303,0.01,3000.0,0.1,17.657396,7.0817674e-05,0.0,0.0,10.0
69,107,0,3.0,2.578788,0.0,-0.0041698776,-0.0006951772,10.585613,0.0,1.4,0.0,35.0,0.033835303,0.3,3000.0,0.04,529.7307,6.443715e-05,0.0,0.0,40.0
72,100,0,25.0,2.7517767,20.438467,0.00950646,4.6883248e-05,7.5248604,282.43634,1.1,0.0,35.0,0.033835303,0.01,3000.0,0.1,17.657875,6.0335366e-05,0.0,0.0,10.0
17,99,0,10.0,2.2427351,270.0,-0.017804848,-0.00012491658,10.562882,0.0,1.1,0.0,35.0,0.033835303,0.01,3000.0,0.1,17.657269,7.359019e-05,0.0,0.0,10.0
0,88,0,11.0,2.5084581,50.01803,0.00092036556,-0.00044869995,7.617569,377.98334,1.1,0.0,35.0,0.033835303,0.01,3000.0,0.1,17.657618,6.595632e-05,0.0,0.0,10.0
24,96,0,13.0,2.766833,324.6317,-0.0006767805,0.0003160676,8.212543,266.43716,1.1,0.0,35.0,0.033835303,0.01,3000.0,0.1,17.657896,5.9917587e-05,0.0,0.0,10.0
11,98,0,18.0,2.2567966,180.0,0.0047655744,-9.486438e-05,7.723413,125.994446,1.1,0.0,35.0,0.033835303,0.01,3000.0,0.1,17.657269,7.359019e-05,0.0,0.0,10.0
55,105,0,12.0,2.3334894,73.95966,0.0050729103,-4.773025e-05,7.6899586,177.62479,1.1,0.0,35.0,0.033835303,0.01,3000.0,0.1,17.657396,7.0817674e-05,0.0,0.0,10.0
13,108,0,26.0,2.3334894,73.95966,-0.007110872,-0.00024686073,9.2993965,268.10938,1.1,0.0,35.0,0.033835303,0.01,3000.0,0.1,17.657396,7.0817674e-05,0.0,0.0,10.0
115,15,0,20.0,2.6424637,104.12081,0.00032293703,0.00048436355,7.5654554,178.7396,1.1,0.0,35.0,0.033835303,0.01,3000.0,0.1,17.657778,6.250019e-05,0.0,0.0,10.0
110,66,0,8.0,2.766833,35.3683,-0.006635963,-0.0008392234,10.69745,0.0,1.1,0.0,35.0,0.033835303,0.01,3000.0,0.1,17.657896,5.9917587e-05,0.0,0.0,10.0
80,12,0,10.0,2.5627255,270.0,-0.0014162948,9.3621595e-05,8.289285,178.7396,1.1,0.0,35.0,0.033835303,0.01,3000.0,0.1,17.657688,6.443714e-05,0.0,0.0,10.0
90,75,0,34.0,2.598581,187.08104,0.0068450454,0.00012912392,7.582225,198.84044,1.1,0.0,35.0,0.033835303,0.01,3000.0,0.1,17.657711,6.394341e-05,0.0,0.0,10.0
106,65,0,43.0,2.726484,135.17923,0.022487324,0.0009409934,7.534108,320.83734,1.1,0.0,35.0,0.033835303,0.01,3000.0,0.1,17.657856,6.0753144e-05,0.0,0.0,10.0
112,108,0,47.0,2.5084581,309.98196,0.0028436945,0.001419272,7.617569,198.84044,1.1,0.0,35.0,0.033835303,0.01,3000.0,0.1,17.657618,6.595632e-05,0.0,0.0,10.0
102,93,0,49.0,2.3203354,326.4752,0.009245832,0.0014162783,7.6956177,268.10938,1.1,0.0,35.0,0.033835303,0.01,3000.0,0.1,17.657368,7.146334e-05,0.0,0.0,10.0
21,28,0,13.0,2.594854,29.590704,0.0072796387,-0.00017208752,7.583662,320.83734,1.1,0.0,35.0,0.033835303,0.01,3000.0,0.1,17.657711,6.394341e-05,0.0,0.0,10.0
69,102,0,22.0,2.5627255,270.0,0.011330359,0.00012482877,7.596138,198.84044,1.1,0.0,35.0,0.033835303,0.01,3000.0,0.1,17.657688,6.443714e-05,0.0,0.0,10.0
70,73,0,39.0,2.582892,97.169266,0.0075759212,-8.674531e-05,7.5882893,281.0262,1.1,0.0,35.0,0.033835303,0.01,3000.0,0.1,17.657711,6.394341e-05,0.0,0.0,10.0
84,14,0,19.0,2.3203354,33.524815,0.016821451,-0.0002728314,7.6956177,445.0673,1.1,0.0,35.0,0.033835303,0.01,3000.0,0.1,17.657368,7.146334e-05,0.0,0.0,10.0
77,50,0,19.0,2.2427351,270.0,-0.0008093113,0.0006870412,7.7296696,199.58827,1.1,0.0,35.0,0.033835303,0.01,3000.0,0.1,17.657269,7.359019e-05,0.0,0.0,10.0
10,110,0,37.0,2.265766,278.18045,0.003395709,5.4900065e-05,7.7194424,282.43634,1.1,0.0,35.0,0.033835303,0.01,3000.0,0.1,17.6573,7.286857e-05,0.0,0.0,10.0
38,50,0,20.0,2.8791053,206.42194,-0.0026205264,0.000731224,7.4795547,177.62479,1.1,0.0,35.0,0.033835303,0.01,3000.0,0.1,17.658003,5.7600842e-05,0.0,0.0,10.0
88,69,0,34.0,2.586636,299.89954,-0.014472711,0.00064514315,7.5868387,199.58827,1.1,0.0,35.0,0.033835303,0.01,3000.0,0.1,17.657711,6.394341e-05,0.0,0.0,10.0
68,123,0,37.0,2.3334894,253.95967,0.014514972,-0.00081093074,9.481718,125.994446,1.1,0.0,35.0,0.033835303,0.01,3000.0,0.1,17.657396,7.0817674e-05,0.0,0.0,10.0
117,24,0,17.0,2.6424637,255.87918,-0.0036734093,0.00016703209,9.174893,199.58827,1.1,0.0,35.0,0.033835303,0.01,3000.0,0.1,17.657778,6.250019e-05,0.0,0.0,10.0
68,48,0,6.0,2.3334894,73.95966,-0.0038999827,-0.0003761985,10.087854,0.0,1.1,0.0,35.0,0.033835303,0.01,3000.0,0.1,17.657396,7.0817674e-05,0.0,0.0,10.0
120,9,0,8.0,2.766833,35.3683,-0.0043946775,-0.00028977974,8.212543,177.62479,1.1,0.0,35.0,0.033835303,0.01,3000.0,0.1,17.657896,5.9917587e-05,0.0,0.0,10.0
58,84,0,14.0,2.2567966,180.0,-0.0063540987,6.324292e-05,9.109707,125.994446,1.1,0.0,35.0,0.033835303,0.01,3000.0,0.1,17.657269,7.359019e-05,0.0,0.0,10.0
68,105,0,3.0,2.6570706,193.95215,-0.0036527773,-0.0006188901,9.95783,0.0,1.4,0.0,35.0,0.033835303,0.3,3000.0,0.04,529.7334,6.250019e-05,0.0,0.0,40.0
42,115,0,12.0,2.586636,240.10046,-0.012664965,0.0001611985,9.532749,125.994446,1.1,0.0,35.0,0.033835303,0.01,3000.0,0.1,17.657711,6.394341e-05,0.0,0.0,10.0
85,62,0,21.0,2.6424637,104.12081,0.0029064347,-0.0007909027,7.5654554,251.98889,1.1,0.0,35.0,0.033835303,0.01,3000.0,0.1,17.657778,6.250019e-05,0.0,0.0,10.0
16,76,0,34.0,2.3459044,344.14905,0.01616136,0.00040665155,7.6846466,251.98889,1.1,0.0,35.0,0.033835303,0.01,3000.0,0.1,17.657396,7.0817674e-05,0.0,0.0,10.0
28,53,0,19.0,2.7517767,339.56152,-0.005825388,-0.00013119348,7.5248604,282.43634,1.1,0.0,35.0,0.033835303,0.01,3000.0,0.1,17.657875,6.0335366e-05,0.0,0.0,10.0
39,51,0,21.0,2.6424637,284.12082,0.0062569063,0.00030497301,7.5654554,125.994446,1.1,0.0,35.0,0.033835303,0.01,3000.0,0.1,17.657778,6.250019e-05,0.0,0.0,10.0
114,20,0,24.0,2.594854,150.40929,0.01091413,3.7769547e-05,7.583662,321.61032,1.1,0.0,35.0,0.033835303,0.01,3000.0,0.1,17.657711,6.394341e-05,0.0,0.0,10.0
16,114,0,12.0,2.3334894,106.04033,-0.0040759216,-0.0006469106,8.383106,88.81239,1.1,0.0,35.0,0.033835303,0.01,3000.0,0.1,17.657396,7.0817674e-05,0.0,0.0,10.0
99,52,0,8.0,2.582892,277.16928,-0.0007024748,-6.2810504e-05,9.5342,89.3698,1.1,0.0,35.0,0.033835303,0.01,3000.0,0.1,17.657711,6.394341e-05,0.0,0.0,10.0
17,80,0,32.0,2.766833,144.6317,0.00490446,1.1768008e-05,7.5193954,321.61032,1.1,0.0,35.0,0.033835303,0.01,3000.0,0.1,17.657896,5.9917587e-05,0.0,0.0,10.0
4,81,0,7.0,2.4421742,246.67134,-0.00566505,-0.00060383644,10.352432,0.0,1.1,0.0,35.0,0.033835303,0.01,3000.0,0.1,17.65754,6.7665394e-05,0.0,0.0,10.0
112,33,0,19.0,2.2567966,0.0,0.007942623,0.00022135022,7.723413,198.84044,1.1,0.0,35.0,0.033835303,0.01,3000.0,0.1,17.657269,7.359019e-05,0.0,0.0,10.0
15,63,0,31.0,2.3203354,213.52483,0.00065615587,0.00047974742,7.6956177,198.84044,1.1,0.0,35.0,0.033835303,0.01,3000.0,0.1,17.657368,7.146334e-05,0.0,0.0,10.0
23,56,0,44.0,2.265766,98.180435,0.017555175,0.0006912856,7.7194424,282.43634,1.1,0.0,35.0,0.033835303,0.01,3000.0,0.1,17.6573,7.286857e-05,0.0,0.0,10.0
116,78,0,15.0,2.6424637,284.12082,0.0030275353,-0.0012937301,8.664068,88.81239,1.1,0.0,35.0,0.033835303,0.01,3000.0,0.1,17.657778,6.250019e-05,0.0,0.0,10.0
83,15,0,25.0,2.2794013,8.080066,0.017760819,0.00045640592,7.713436,445.0673,1.1,0.0,35.0,0.033835303,0.01,3000.0,0.1,17.6573,7.286857e-05,0.0,0.0,10.0
97,86,0,56.0,2.726484,224.82077,-0.015873406,0.001813985,7.534108,178.7396,1.1,0.0,35.0,0.033835303,0.01,3000.0,0.1,17.657856,6.0753144e-05,0.0,0.0,10.0
0,97,0,22.0,2.5084581,309.98196,0.0006371762,0.0005023623,8.310717,282.43634,0.3,0.0,35.0,0.033835303,0.05,3000.0,0.015,88.28809,6.595631e-05,0.0,0.0,50.0
107,16,0,10.0,2.9006164,180.0,-0.0006177597,3.157349e-05,8.165246,125.994446,0.7,0.0,35.0,0.033835303,0.1,3000.0,0.035,176.58022,5.7221052e-05,0.0,0.0,30.0
27,117,0,18.0,2.4421742,113.32866,-0.0036061946,0.00015102643,9.590292,89.3698,1.1,0.0,35.0,0.033835303,0.01,3000.0,0.1,17.65754,6.7665394e-05,0.0,0.0,10.0
12,70,0,7.0,2.900487,276.37967,8.3904546e-05,-0.0005347023,8.16529,89.3698,1.1,0.0,35.0,0.033835303,0.01,3000.0,0.1,17.658033,5.6879242e-05,0.0,0.0,10.0
110,18,0,16.0,2.265766,261.81958,0.0008649447,0.00015361723,7.7194424,199.58827,1.1,0.0,35.0,0.033835303,0.01,3000.0,0.1,17.6573,7.286857e-05,0.0,0.0,10.0
99,9,0,6.0,2.6424637,104.12081,-0.0077504893,0.00013540493,8.258603,357.4792,1.1,0.0,35.0,0.033835303,0.01,3000.0,0.1,17.657778,6.250019e-05,0.0,0.0,10.0
38,114,0,5.0,2.598581,172.91896,-0.004595201,-0.000610088,9.88481,125.994446,1.4,0.0,35.0,0.033835303,0.3,3000.0,0.04,529.7314,6.394341e-05,0.0,0.0,40.0
22,72,0,24.0,2.3147647,236.14429,-0.00030041367,0.00016627011,7.6980243,178.7396,1.1,0.0,35.0,0.033835303,0.01,3000.0,0.1,17.657368,7.146334e-05,0.0,0.0,10.0
80,112,0,12.0,2.3147647,123.855705,-0.0048666997,7.095082e-05,10.182931,0.0,1.1,0.0,35.0,0.033835303,0.01,3000.0,0.1,17.657368,7.146334e-05,0.0,0.0,10.0
121,16,0,21.0,2.582892,97.169266,-0.0017615908,0.00035850407,7.5882893,268.10938,1.1,0.0,35.0,0.033835303,0.01,3000.0,0.1,17.657711,6.394341e-05,0.0,0.0,10.0
90,90,0,11.0,2.3147647,236.14429,-0.0057078577,-0.0005875732,9.895248,89.3698,1.1,0.0,35.0,0.033835303,0.01,3000.0,0.1,17.657368,7.146334e-05,0.0,0.0,10.0
3,51,0,7.0,2.2794013,8.080066,9.438864e-05,-6.65949e-05,9.659346,177.62479,0.7,0.0,35.0,0.033835303,0.1,3000.0,0.035,176.57303,7.286856e-05,0.0,0.0,30.0
14,81,0,25.0,2.7517767,200.43849,0.00055394776,6.62598e-05,8.218008,198.84044,1.1,0.0,35.0,0.033835303,0.01,3000.0,0.1,17.657875,6.0335366e-05,0.0,0.0,10.0
119,14,0,23.0,2.2427351,270.0,0.008902424,0.00034352066,7.7296696,199.58827,1.1,0.0,35.0,0.033835303,0.01,3000.0,0.1,17.657269,7.359019e-05,0.0,0.0,10.0
38,88,0,14.0,2.3459044,164.14903,0.00014429781,2.493269e-05,7.6846466,282.43634,1.1,0.0,35.0,0.033835303,0.01,3000.0,0.1,17.657396,7.0817674e-05,0.0,0.0,10.0
59,25,0,10.0,2.5112865,140.37062,-0.005809285,6.600051e-05,8.3095875,125.994446,1.1,0.0,35.0,0.033835303,0.01,3000.0,0.1,17.657618,6.595632e-05,0.0,0.0,10.0
100,111,0,23.0,2.6424637,104.12081,-0.01590465,5.8192513e-06,8.95175,89.3698,1.1,0.0,35.0,0.033835303,0.01,3000.0,0.1,17.657778,6.250019e-05,0.0,0.0,10.0
57,21,0,10.0,2.900487,96.37965,-0.0034934806,4.9635855e-05,8.858438,89.3698,1.1,0.0,35.0,0.033835303,0.01,3000.0,0.1,17.658033,5.6879242e-05,0.0,0.0,10.0
4,95,0,7.0,2.4421742,246.67134,-0.0054988065,-0.00058047776,10.2093315,0.0,0.7,0.0,35.0,0.033835303,0.1,3000.0,0.035,176.57541,6.7665394e-05,0.0,0.0,30.0
83,82,0,24.0,2.4421742,246.67134,-0.01502581,-8.672145e-05,8.337529,199.58827,1.1,0.0,35.0,0.033835303,0.01,3000.0,0.1,17.65754,6.7665394e-05,0.0,0.0,10.0
20,100,0,19.0,2.594854,330.4093,-7.460809e-05,-0.00018660865,8.27681,282.43634,1.1,0.0,35.0,0.033835303,0.01,3000.0,0.1,17.657711,6.394341e-05,0.0,0.0,10.0
21,106,0,35.0,2.3147647,303.8557,0.00012016566,0.00021451205,7.6980243,251.98889,1.1,0.0,35.0,0.033835303,0.01,3000.0,0.1,17.657368,7.146334e-05,0.0,0.0,10.0
39,119,0,17.0,2.152038,116.708694,-0.0053845425,-0.00014442472,7.770991,198.84044,1.1,0.0,35.0,0.033835303,0.01,3000.0,0.1,17.65712,7.681844e-05,0.0,0.0,10.0
6,89,0,17.0,2.586636,60.10045,-0.0029053022,0.0006028602,7.5868387,177.62479,1.1,0.0,35.0,0.033835303,0.01,3000.0,0.1,17.657711,6.394341e-05,0.0,0.0,10.0
18,48,0,7.0,2.766833,324.6317,-0.024909034,0.00038664922,8.212543,198.84044,1.1,0.0,35.0,0.033835303,0.01,3000.0,0.1,17.657896,5.9917587e-05,0.0,0.0,10.0
43,25,0,8.0,2.586636,299.89954,0.0001398849,-7.4789446e-06,9.378598,199.58827,1.1,0.0,35.0,0.033835303,0.01,3000.0,0.1,17.657711,6.394341e-05,0.0,0.0,10.0
17,53,0,10.0,2.2725942,135.17923,0.006349362,-0.00062610744,8.409577,88.81239,1.1,0.0,35.0,0.033835303,0.01,3000.0,0.1,17.6573,7.286857e-05,0.0,0.0,10.0
39,117,0,25.0,2.2427351,90.0,0.020232782,0.000843187,7.7296696,199.58827,1.1,0.0,35.0,0.033835303,0.01,3000.0,0.1,17.657269,7.359019e-05,0.0,0.0,10.0
123,12,0,11.0,2.6424637,75.87917,-0.0012917481,-9.854345e-05,8.258603,366.31845,1.1,0.0,35.0,0.033835303,0.01,3000.0,0.1,17.657778,6.250019e-05,0.0,0.0,10.0
17,77,0,33.0,2.2725942,44.820763,0.001190505,0.0006106038,7.71643,282.43634,1.1,0.0,35.0,0.033835303,0.01,3000.0,0.1,17.6573,7.286857e-05,0.0,0.0,10.0
8,67,0,19.0,2.8791053,26.42193,0.004242757,3.6105197e-05,7.4795547,282.43634,1.1,0.0,35.0,0.033835303,0.01,3000.0,0.1,17.658003,5.7600842e-05,0.0,0.0,10.0
10,9,0,11.0,2.3334894,106.04033,-0.0014075126,-3.6456633e-05,7.6899586,89.3698,1.1,0.0,35.0,0.033835303,0.01,3000.0,0.1,17.657396,7.0817674e-05,0.0,0.0,10.0
22,106,0,37.0,2.4421742,293.32867,0.0022890386,0.00018908388,7.644382,198.84044,1.1,0.0,35.0,0.033835303,0.01,3000.0,0.1,17.65754,6.7665394e-05,0.0,0.0,10.0
100,121,0,27.0,2.8791053,26.42193,0.0014974433,-0.00041803392,7.4795547,251.98889,1.1,0.0,35.0,0.033835303,0.01,3000.0,0.1,17.658003,5.7600842e-05,0.0,0.0,10.0
39,43,0,18.0,2.766833,324.6317,-0.0056076096,0.00045642207,7.5193954,282.43634,0.3,0.0,35.0,0.033835303,0.05,3000.0,0.015,88.28948,5.9917587e-05,0.0,0.0,50.0
89,17,0,6.0,2.4421742,246.67134,0.0019181888,-0.00014401929,7.644382,88.81239,1.4,0.0,35.0,0.033835303,0.3,3000.0,0.04,529.72626,6.7665394e-05,0.0,0.0,40.0
34,69,0,7.0,2.4527216,336.9309,-0.007978024,-0.00016179132,8.333215,125.994446,1.1,0.0,35.0,0.033835303,0.01,3000.0,0.1,17.65754,6.7665394e-05,0.0,0.0,10.0
59,29,0,9.0,2.598581,187.08104,0.0007110356,0.0001250307,7.582225,281.0262,1.4,0.0,35.0,0.033835303,0.3,3000.0,0.04,529.7314,6.394341e-05,0.0,0.0,40.0
46,121,0,12.0,2.2725942,315.17923,-0.010317712,0.00028358487,7.71643,125.994446,1.1,0.0,35.0,0.033835303,0.01,3000.0,0.1,17.6573,7.286857e-05,0.0,0.0,10.0
22,89,0,26.0,2.9006164,0.0,0.012355193,0.00034730838,7.4720984,88.81239,1.1,0.0,35.0,0.033835303,0.01,3000.0,0.1,17.65802,5.7221052e-05,0.0,0.0,10.0
100,113,0,27.0,2.6424637,104.12081,0.006297273,0.00021422672,7.5654554,198.84044,0.3,0.0,35.0,0.033835303,0.05,3000.0,0.015,88.288895,6.250019e-05,0.0,0.0,50.0
39,111,0,6.0,2.2725942,44.820763,-0.0071430313,-0.0005318569,9.325868,88.81239,1.4,0.0,35.0,0.033835303,0.3,3000.0,0.04,529.7191,7.286856e-05,0.0,0.0,40.0
121,23,0,17.0,2.900487,96.37965,-0.006842035,5.9990885e-05,9.081581,178.7396,1.1,0.0,35.0,0.033835303,0.01,3000.0,0.1,17.658033,5.6879242e-05,0.0,0.0,10.0
107,18,0,5.0,2.578788,0.0,-0.0076447763,-0.00028439067,8.283029,125.994446,1.1,0.0,35.0,0.033835303,0.01,3000.0,0.1,17.657688,6.443714e-05,0.0,0.0,10.0
4,18,0,11.0,2.6570706,166.04785,-0.00067496975,-0.00025311438,7.559935,125.994446,1.1,0.0,35.0,0.033835303,0.01,3000.0,0.1,17.657778,6.250019e-05,0.0,0.0,10.0
24,15,0,12.0,2.586636,299.89954,-0.0037123307,0.000104392406,7.5868387,89.3698,1.1,0.0,35.0,0.033835303,0.01,3000.0,0.1,17.657711,6.394341e-05,0.0,0.0,10.0
30,62,0,16.0,2.900487,83.62034,-0.0026162968,-2.5425508e-05,9.418054,251.98889,1.1,0.0,35.0,0.033835303,0.01,3000.0,0.1,17.658033,5.6879242e-05,0.0,0.0,10.0
39,81,0,11.0,2.5084581,50.01803,-0.004625426,4.717606e-05,8.310717,177.62479,0.3,0.0,35.0,0.033835303,0.05,3000.0,0.015,88.28809,6.595631e-05,0.0,0.0,50.0
90,100,0,5.0,2.4421742,246.67134,-0.015140902,-0.00030269523,10.2093315,0.0,1.1,0.0,35.0,0.033835303,0.01,3000.0,0.1,17.65754,6.7665394e-05,0.0,0.0,10.0
90,104,0,21.0,2.8791053,333.57806,0.005989774,-0.0003344235,8.172702,282.43634,1.1,0.0,35.0,0.033835303,0.01,3000.0,0.1,17.658003,5.7600842e-05,0.0,0.0,10.0
71,55,0,34.0,2.152038,243.2913,0.004206674,0.00027993758,7.770991,268.10938,1.1,0.0,35.0,0.033835303,0.01,3000.0,0.1,17.65712,7.681844e-05,0.0,0.0,10.0
91,85,0,17.0,2.6424637,284.12082,-0.008598199,-0.00029440076,8.664068,88.81239,1.1,0.0,35.0,0.033835303,0.01,3000.0,0.1,17.657778,6.250019e-05,0.0,0.0,10.0
17,8,0,10.0,2.586636,119.899536,0.003174312,0.0002030455,7.5868387,89.3698,1.1,0.0,35.0,0.033835303,0.01,3000.0,0.1,17.657711,6.394341e-05,0.0,0.0,10.0
38,93,0,12.0,2.598581,172.91896,0.0014008465,9.421308e-05,7.582225,321.61032,1.1,0.0,35.0,0.033835303,0.01,3000.0,0.1,17.657711,6.394341e-05,0.0,0.0,10.0
4,72,0,18.0,2.2725942,315.17923,2.2737301e-10,-6.0488426e-05,8.8150425,282.43634,1.1,0.0,35.0,0.033835303,0.01,3000.0,0.1,17.6573,7.286857e-05,0.0,0.0,10.0
58,96,0,8.0,2.6424637,75.87917,0.0023009267,-0.00022948142,8.258603,266.43716,1.1,0.0,35.0,0.033835303,0.01,3000.0,0.1,17.657778,6.250019e-05,0.0,0.0,10.0
69,105,0,5.0,2.7517767,200.43849,-0.0029663017,-0.00020575355,9.31662,89.3698,1.4,0.0,35.0,0.033835303,0.3,3000.0,0.04,529.7363,6.0335366e-05,0.0,0.0,40.0
25,52,0,13.0,2.578788,0.0,-0.0055598365,-0.00028439067,9.987777,0.0,1.1,0.0,35.0,0.033835303,0.01,3000.0,0.1,17.657688,6.443714e-05,0.0,0.0,10.0
79,86,0,14.0,2.726484,44.820763,-0.035053767,0.00040762816,10.306697,0.0,1.1,0.0,35.0,0.033835303,0.01,3000.0,0.1,17.657856,6.0753144e-05,0.0,0.0,10.0
117,29,0,16.0,2.8683355,63.29129,0.0032812064,8.4899184e-05,7.483309,178.7396,1.1,0.0,35.0,0.033835303,0.01,3000.0,0.1,17.658003,5.7600842e-05,0.0,0.0,10.0
110,34,0,15.0,2.5084581,230.01804,0.0041888435,0.0001350249,7.617569,198.84044,1.1,0.0,35.0,0.033835303,0.01,3000.0,0.1,17.657618,6.595632e-05,0.0,0.0,10.0
14,112,0,22.0,3.8943686,80.47937,-0.00030190527,-1.10661185e-05,7.8699503,88.81239,1.1,0.0,35.0,0.033835303,0.01,3000.0,0.1,17.658699,4.2371095e-05,0.0,0.0,10.0
76,97,0,12.0,6.1574297,218.48508,0.0042452994,-0.00038975218,7.409504,125.994446,1.4,0.0,35.0,0.033835303,0.3,3000.0,0.04,529.7825,2.6799538e-05,0.0,0.0,40.0
124,90,0,33.0,5.8728423,119.51118,-0.004944471,0.0005256178,8.150322,282.43634,1.0,0.0,35.0,0.033835303,0.1,3000.0,0.035,176.59355,2.8090843e-05,0.0,0.0,0.0
103,79,0,32.0,3.1704104,23.829723,0.004203146,1.7512484e-05,8.076141,251.98889,1.1,0.0,35.0,0.033835303,0.01,3000.0,0.1,17.658243,5.235969e-05,0.0,0.0,10.0
105,114,0,48.0,7.3601704,264.99924,0.008807332,0.0008891559,6.5362716,266.43716,1.1,0.0,35.0,0.033835303,0.01,3000.0,0.1,17.659618,2.2355947e-05,0.0,0.0,10.0
104,63,0,26.0,2.9182148,353.69904,0.0066205226,0.00022936775,7.466039,281.0262,1.1,0.0,35.0,0.033835303,0.01,3000.0,0.1,17.658033,5.6879242e-05,0.0,0.0,10.0
124,13,0,5.0,5.12529,93.59872,-0.0014904294,0.00016184214,8.846928,266.43716,1.0,0.0,35.0,0.033835303,0.1,3000.0,0.035,176.59172,3.2154636e-05,0.0,0.0,0.0
77,71,0,32.0,7.3847814,2.4740446,-0.0008083828,-8.2137936e-05,6.532896,198.84044,1.1,0.0,35.0,0.033835303,0.01,3000.0,0.1,17.659616,2.2431906e-05,0.0,0.0,10.0
83,63,0,35.0,6.076189,93.031654,0.002135172,0.0003951515,6.72974,251.98889,1.1,0.0,35.0,0.033835303,0.01,3000.0,0.1,17.6594,2.7103377e-05,0.0,0.0,10.0
88,47,0,30.0,3.209441,307.0421,0.006369623,0.0012743212,7.3707333,268.10938,1.1,0.0,35.0,0.033835303,0.01,3000.0,0.1,17.65828,5.156212e-05,0.0,0.0,10.0
81,86,0,16.0,7.0889645,354.8378,0.0013741462,-0.00078917405,6.5742164,125.994446,1.1,0.0,35.0,0.033835303,0.01,3000.0,0.1,17.659575,2.3343413e-05,0.0,0.0,10.0
57,110,0,12.0,3.02663,57.83328,-0.0028792934,-0.0003514377,8.122643,89.3698,1.1,0.0,35.0,0.033835303,0.01,3000.0,0.1,17.658138,5.463845e-05,0.0,0.0,10.0
21,75,0,32.0,5.360783,287.45636,0.008128558,9.101427e-05,6.8558426,281.0262,1.1,0.0,35.0,0.033835303,0.01,3000.0,0.1,17.659235,3.07494e-05,0.0,0.0,10.0
78,81,0,44.0,3.034924,328.15552,0.0026826349,0.0007728794,7.4267545,281.0262,1.1,0.0,35.0,0.033835303,0.01,3000.0,0.1,17.658138,5.463845e-05,0.0,0.0,10.0
42,109,0,11.0,3.6585658,308.04883,-0.0020682863,0.00022555488,7.932592,177.62479,1.1,0.0,35.0,0.033835303,0.01,3000.0,0.1,17.65857,4.5219556e-05,0.0,0.0,10.0
12,66,0,17.0,7.013486,239.77576,0.0004411817,0.00062599365,6.5850296,89.3698,1.1,0.0,35.0,0.033835303,0.01,3000.0,0.1,17.659567,2.349533e-05,0.0,0.0,10.0
123,101,0,24.0,8.232984,125.70738,0.005559313,-0.00047480178,6.422812,321.61032,1.1,0.0,35.0,0.033835303,0.01,3000.0,0.1,17.659727,2.0001227e-05,0.0,0.0,10.0
91,122,0,25.0,7.139651,63.29129,0.0020192035,-0.001013475,7.260165,177.62479,1.1,0.0,35.0,0.033835303,0.01,3000.0,0.1,17.659588,2.3077557e-05,0.0,0.0,10.0
117,61,0,64.0,4.6034703,335.361,0.0042094854,0.0004730339,7.008911,198.84044,1.1,0.0,35.0,0.033835303,0.01,3000.0,0.1,17.658993,3.6028534e-05,0.0,0.0,10.0
120,101,0,28.0,5.903977,202.25423,-0.0005320066,0.0001527671,6.7587023,177.62479,1.1,0.0,35.0,0.033835303,0.01,3000.0,0.1,17.659359,2.8052858e-05,0.0,0.0,10.0
24,57,0,27.0,7.880831,121.92013,-0.0054067755,-0.00031768793,7.160256,178.7396,1.1,0.0,35.0,0.033835303,0.01,3000.0,0.1,17.659685,2.0912732e-05,0.0,0.0,10.0
119,102,0,22.0,5.012961,140.37062,-0.004280526,-0.00012702726,8.021906,125.994446,1.1,0.0,35.0,0.033835303,0.01,3000.0,0.1,17.659132,3.3028165e-05,0.0,0.0,10.0
93,43,0,15.0,3.3446221,106.79816,0.00011929126,-3.69009e-05,7.329386,399.17654,1.1,0.0,35.0,0.033835303,0.01,3000.0,0.1,17.65838,4.9397288e-05,0.0,0.0,10.0
83,90,0,26.0,6.570369,137.1537,0.0073931688,0.00027647265,6.6509094,177.62479,1.1,0.0,35.0,0.033835303,0.01,3000.0,0.1,17.659492,2.5128445e-05,0.0,0.0,10.0
11,112,0,34.0,2.9703803,167.54688,0.0029468846,2.7934284e-06,7.44829,251.98889,1.1,0.0,35.0,0.033835303,0.01,3000.0,0.1,17.658081,5.592975e-05,0.0,0.0,10.0
112,61,0,20.0,7.446784,301.12213,0.0022604486,-0.00053217035,7.2175884,88.81239,1.1,0.0,35.0,0.033835303,0.01,3000.0,0.1,17.65963,2.2090091e-05,0.0,0.0,10.0
20,3,0,4.0,3.412789,48.63635,-0.0028020479,-0.00017783824,8.918601,89.3698,1.1,0.0,35.0,0.033835303,0.01,3000.0,0.1,17.65842,4.8485796e-05,0.0,0.0,10.0
68,67,0,24.0,4.621998,56.144283,0.00075103395,-0.0005556824,8.103489,125.994446,1.1,0.0,35.0,0.033835303,0.01,3000.0,0.1,17.659004,3.576269e-05,0.0,0.0,10.0
112,58,0,29.0,7.166224,206.42194,0.0015972733,-0.00028941588,6.563264,125.994446,1.1,0.0,35.0,0.033835303,0.01,3000.0,0.1,17.659588,2.3077557e-05,0.0,0.0,10.0
95,121,0,31.0,4.198068,4.371377,0.010636586,-0.00040617769,7.1014605,198.84044,1.1,0.0,35.0,0.033835303,0.01,3000.0,0.1,17.65883,3.9560622e-05,0.0,0.0,10.0
76,48,0,8.0,3.209441,307.0421,0.00891297,-0.00037282184,7.3707333,199.58827,1.1,0.0,35.0,0.033835303,0.01,3000.0,0.1,17.65828,5.156212e-05,0.0,0.0,10.0
102,34,0,37.0,4.316568,132.16551,0.007075367,0.0013769218,7.0735216,282.43634,1.1,0.0,35.0,0.033835303,0.01,3000.0,0.1,17.658886,3.834528e-05,0.0,0.0,10.0
59,64,0,13.0,3.600935,349.75806,0.0020898525,8.785636e-05,9.334806,125.994446,1.1,0.0,35.0,0.033835303,0.01,3000.0,0.1,17.658527,4.613106e-05,0.0,0.0,10.0
102,77,0,25.0,6.424269,0.0,-0.0005559836,-9.330546e-05,6.6735907,88.81239,1.1,0.0,35.0,0.033835303,0.01,3000.0,0.1,17.659462,2.5812078e-05,0.0,0.0,10.0
69,117,0,50.0,9.818374,119.20704,0.004730448,-0.0003635884,6.243765,89.3698,1.1,0.0,35.0,0.033835303,0.01,3000.0,0.1,17.65988,1.6734997e-05,0.0,0.0,10.0
116,62,0,67.0,7.7181587,299.89954,0.003855803,0.0009912339,6.4882264,266.43716,1.1,0.0,35.0,0.033835303,0.01,3000.0,0.1,17.659666,2.1330507e-05,0.0,0.0,10.0
100,32,0,13.0,3.180032,315.17923,0.0053856187,-0.0007060149,8.073105,125.994446,1.1,0.0,35.0,0.033835303,0.01,3000.0,0.1,17.658255,5.2093827e-05,0.0,0.0,10.0
97,95,0,28.0,4.1796665,302.6338,0.0104909465,8.135809e-05,7.105869,178.7396,1.1,0.0,35.0,0.033835303,0.01,3000.0,0.1,17.65883,3.9560622e-05,0.0,0.0,10.0
101,87,0,61.0,8.945862,145.34337,-0.0030019055,0.0015168722,6.338513,266.43716,1.1,0.0,35.0,0.033835303,0.01,3000.0,0.1,17.6598,1.8406094e-05,0.0,0.0,10.0
89,64,0,12.0,6.067749,90.0,-0.0014908366,-0.0009848921,6.7311406,88.81239,1.1,0.0,35.0,0.033835303,0.01,3000.0,0.1,17.659399,2.7141354e-05,0.0,0.0,10.0
104,105,0,46.0,4.767905,47.54783,0.009129886,0.0003693504,6.9736576,178.7396,1.1,0.0,35.0,0.033835303,0.01,3000.0,0.1,17.659056,3.4699257e-05,0.0,0.0,10.0
27,105,0,34.0,4.8162766,36.697975,0.001373224,-0.00020583633,7.6566634,88.81239,1.1,0.0,35.0,0.033835303,0.01,3000.0,0.1,17.659065,3.4395423e-05,0.0,0.0,10.0
101,71,0,26.0,6.3988667,127.042114,0.002262004,-0.00031156716,7.3707333,125.994446,1.1,0.0,35.0,0.033835303,0.01,3000.0,0.1,17.659462,2.5812078e-05,0.0,0.0,10.0
120,79,0,27.0,4.113746,38.48506,0.0011306574,-0.00030163015,7.121822,266.43716,1.1,0.0,35.0,0.033835303,0.01,3000.0,0.1,17.658798,4.028223e-05,0.0,0.0,10.0
84,56,0,25.0,5.0297194,26.42193,-0.0024957391,-0.00028065458,7.613086,125.994446,1.1,0.0,35.0,0.033835303,0.01,3000.0,0.1,17.659134,3.2914224e-05,0.0,0.0,10.0
111,85,0,65.0,3.362098,343.39917,0.0031854617,0.002234717,7.3241625,198.84044,1.1,0.0,35.0,0.033835303,0.01,3000.0,0.1,17.65838,4.9397288e-05,0.0,0.0,10.0
23,74,0,29.0,4.2941604,12.916295,0.008105733,-0.00013678618,7.078746,321.61032,0.3,0.0,35.0,0.033835303,0.05,3000.0,0.015,88.29436,3.864912e-05,0.0,0.0,50.0
123,111,0,22.0,6.88877,76.526505,-0.00546616,-0.00027881897,8.549059,89.3698,0.3,0.0,35.0,0.033835303,0.05,3000.0,0.015,88.29775,2.387512e-05,0.0,0.0,50.0
67,80,0,53.0,4.361057,53.801945,0.0038204312,0.00021233666,7.0632286,355.24957,1.1,0.0,35.0,0.033835303,0.01,3000.0,0.1,17.658905,3.792751e-05,0.0,0.0,10.0
41,110,0,12.0,3.412789,311.36365,0.0032277345,-3.0866508e-06,8.00231,125.994446,1.1,0.0,35.0,0.033835303,0.01,3000.0,0.1,17.65842,4.8485796e-05,0.0,0.0,10.0
57,51,0,23.0,4.5244675,98.180435,0.0054940013,0.0002573653,7.026295,281.0262,0.7,0.0,35.0,0.033835303,0.1,3000.0,0.035,176.58974,3.644631e-05,0.0,0.0,30.0
71,88,0,7.0,3.671206,344.83563,-0.0031549125,-0.000362299,7.929134,88.81239,1.1,0.0,35.0,0.033835303,0.01,3000.0,0.1,17.65857,4.5219556e-05,0.0,0.0,10.0
73,94,0,16.0,5.221567,42.331932,0.0031548045,2.5564597e-05,7.5754523,198.84044,1.1,0.0,35.0,0.033835303,0.01,3000.0,0.1,17.659191,3.1698884e-05,0.0,0.0,10.0
109,38,0,7.0,4.827042,0.0,-0.0044478695,-0.00015679552,7.65442,88.81239,0.7,0.0,35.0,0.033835303,0.1,3000.0,0.035,176.59067,3.439542e-05,0.0,0.0,30.0
82,78,0,43.0,5.1553288,277.16928,0.0049173236,0.00055825093,6.895142,125.994446,1.1,0.0,35.0,0.033835303,0.01,3000.0,0.1,17.659178,3.200272e-05,0.0,0.0,10.0
116,17,0,10.0,5.1553288,82.83073,-0.0032962281,-0.00054462225,8.841052,89.3698,1.1,0.0,35.0,0.033835303,0.01,3000.0,0.1,17.659178,3.200272e-05,0.0,0.0,10.0
0,79,0,15.0,3.5837374,63.29129,-0.0036345664,-0.00018332545,7.260165,399.17654,1.1,0.0,35.0,0.033835303,0.01,3000.0,0.1,17.658527,4.613106e-05,0.0,0.0,10.0
121,64,0,54.0,7.487273,129.98196,0.0023166465,6.89549e-05,7.212104,268.10938,1.1,0.0,35.0,0.033835303,0.01,3000.0,0.1,17.659636,2.2014134e-05,0.0,0.0,10.0
32,85,0,25.0,3.5363255,84.77315,0.0056494465,0.0004671413,7.2735176,268.10938,1.1,0.0,35.0,0.033835303,0.01,3000.0,0.1,17.658504,4.666277e-05,0.0,0.0,10.0
80,42,0,15.0,3.3446221,73.20183,0.0072568776,-0.00016966845,7.329386,251.98889,0.3,0.0,35.0,0.033835303,0.05,3000.0,0.015,88.29191,4.939729e-05,0.0,0.0,50.0
3,15,0,21.0,3.209441,307.0421,-0.00078776275,0.00042055908,7.3707333,198.84044,1.1,0.0,35.0,0.033835303,0.01,3000.0,0.1,17.65828,5.156212e-05,0.0,0.0,10.0
3,96,0,7.0,4.2701674,76.92661,-0.0038370274,-0.0005881576,9.792419,0.0,1.1,0.0,35.0,0.033835303,0.01,3000.0,0.1,17.65887,3.8649116e-05,0.0,0.0,10.0
123,14,0,15.0,4.172283,94.4262,0.004109396,0.00026507015,7.107643,198.84044,1.1,0.0,35.0,0.033835303,0.01,3000.0,0.1,17.65883,3.9560622e-05,0.0,0.0,10.0
22,97,0,17.0,3.2381003,5.6752086,0.0019174684,0.00033207776,7.3618245,198.84044,1.1,0.0,35.0,0.033835303,0.01,3000.0,0.1,17.658293,5.129627e-05,0.0,0.0,10.0
110,89,0,42.0,7.40132,162.45317,0.0047505093,-0.00020650904,6.530634,177.62479,1.1,0.0,35.0,0.033835303,0.01,3000.0,0.1,17.659618,2.2355947e-05,0.0,0.0,10.0
67,65,0,20.0,4.8162766,36.697975,0.0033584286,-0.00065748603,7.6566634,125.994446,1.1,0.0,35.0,0.033835303,0.01,3000.0,0.1,17.659065,3.4395423e-05,0.0,0.0,10.0
123,82,0,50.0,8.071788,33.52482,0.0023519355,0.00013081789,6.442855,198.84044,1.1,0.0,35.0,0.033835303,0.01,3000.0,0.1,17.659704,2.0456979e-05,0.0,0.0,10.0
0,4,0,16.0,2.9634278,139.57574,0.012600261,-0.00055418414,7.450638,281.0262,0.3,0.0,35.0,0.033835303,0.05,3000.0,0.015,88.290405,5.5929737e-05,0.0,0.0,50.0
87,48,0,26.0,6.4165072,275.74622,0.0049747545,0.0008106352,6.67481,199.58827,1.1,0.0,35.0,0.033835303,0.01,3000.0,0.1,17.659466,2.5660156e-05,0.0,0.0,10.0
89,93,0,21.0,3.4669275,158.32191,0.01126115,0.00032117285,7.2933865,266.43716,1.1,0.0,35.0,0.033835303,0.01,3000.0,0.1,17.658451,4.784013e-05,0.0,0.0,10.0
112,93,0,34.0,8.166145,11.241192,-0.004138001,-0.0007990053,7.8173704,251.98889,1.1,0.0,35.0,0.033835303,0.01,3000.0,0.1,17.659714,2.0229101e-05,0.0,0.0,10.0
72,123,0,64.0,12.529579,224.82077,-0.0028345366,0.001408615,7.0922756,452.96576,1.1,0.0,35.0,0.033835303,0.01,3000.0,0.1,17.660046,1.30130165e-05,0.0,0.0,10.0
104,59,0,12.0,6.604012,218.91855,-0.004464264,-0.00054235576,7.744369,125.994446,1.1,0.0,35.0,0.033835303,0.01,3000.0,0.1,17.659498,2.4976529e-05,0.0,0.0,10.0
23,105,0,43.0,5.2549906,307.74197,0.006120461,0.00034825486,6.875889,266.43716,1.1,0.0,35.0,0.033835303,0.01,3000.0,0.1,17.6592,3.1433032e-05,0.0,0.0,10.0
95,112,0,18.0,4.3539853,107.20374,-0.0011778184,-0.00034709155,8.451152,89.3698,1.1,0.0,35.0,0.033835303,0.01,3000.0,0.1,17.658905,3.792751e-05,0.0,0.0,10.0
99,78,0,32.0,4.8078084,93.83794,-0.0032379034,-0.00016686064,7.6584315,321.61032,1.1,0.0,35.0,0.033835303,0.01,3000.0,0.1,17.65907,3.431947e-05,0.0,0.0,10.0
5,87,0,17.0,5.3882637,17.252228,0.0041084546,0.00042496415,6.8506994,89.3698,1.1,0.0,35.0,0.033835303,0.01,3000.0,0.1,17.659235,3.07494e-05,0.0,0.0,10.0
122,62,0,58.0,5.329479,57.101498,0.012510434,0.00031339822,6.861733,177.62479,1.1,0.0,35.0,0.033835303,0.01,3000.0,0.1,17.659224,3.0977277e-05,0.0,0.0,10.0
108,119,0,37.0,4.7288566,298.45065,0.0061096326,3.654301e-06,6.981919,198.84044,1.1,0.0,35.0,0.033835303,0.01,3000.0,0.1,17.659044,3.4927136e-05,0.0,0.0,10.0
18,103,0,21.0,4.965951,285.0209,0.0017527789,-0.00027166156,6.932763,177.62479,1.1,0.0,35.0,0.033835303,0.01,3000.0,0.1,17.659122,3.3218064e-05,0.0,0.0,10.0
17,51,0,14.0,6.275251,104.83202,-0.0007550612,-0.00010367878,7.3904004,125.994446,1.1,0.0,35.0,0.033835303,0.01,3000.0,0.1,17.65944,2.6267831e-05,0.0,0.0,10.0
23,100,0,17.0,3.8715448,65.42072,-0.0015396655,-0.00055365346,7.8758464,89.3698,1.1,0.0,35.0,0.033835303,0.01,3000.0,0.1,17.658686,4.2674936e-05,0.0,0.0,10.0
115,97,0,66.0,6.201375,101.96113,0.017240172,0.0011327598,6.70919,281.0262,1.1,0.0,35.0,0.033835303,0.01,3000.0,0.1,17.659426,2.6571664e-05,0.0,0.0,10.0
95,57,0,3.0,4.2701674,283.0734,-0.0075715748,-0.0012778086,10.380206,0.0,1.1,0.0,35.0,0.033835303,0.01,3000.0,0.1,17.65887,3.8649116e-05,0.0,0.0,10.0
70,50,0,26.0,6.567563,313.20392,0.0036321303,0.00027096109,7.749953,125.994446,0.3,0.0,35.0,0.033835303,0.05,3000.0,0.015,88.29746,2.512844e-05,0.0,0.0,50.0
103,97,0,27.0,3.034924,148.1555,0.003175228,-7.216918e-05,8.525367,198.84044,1.1,0.0,35.0,0.033835303,0.01,3000.0,0.1,17.658138,5.463845e-05,0.0,0.0,10.0
86,116,0,24.0,7.968573,267.69504,0.003113084,-0.00057031104,6.455894,125.994446,1.1,0.0,35.0,0.033835303,0.01,3000.0,0.1,17.659698,2.0608899e-05,0.0,0.0,10.0
93,60,0,18.0,4.015742,118.76141,0.0021390687,-0.0010898039,7.8391623,320.83734,1.1,0.0,35.0,0.033835303,0.01,3000.0,0.1,17.658756,4.115576e-05,0.0,0.0,10.0
121,84,0,59.0,13.303023,301.5893,0.00043949927,0.00021683417,6.6248336,199.58827,1.1,0.0,35.0,0.033835303,0.01,3000.0,0.1,17.660082,1.2253427e-05,0.0,0.0,10.0
71,123,0,47.0,17.668867,197.37238,-0.0035084256,0.0011401369,7.2430882,368.3463,1.1,0.0,35.0,0.033835303,0.01,3000.0,0.1,17.660225,9.139115e-06,0.0,0.0,10.0
124,75,0,42.0,4.6034703,204.63904,0.0089625,9.674994e-05,7.008911,281.0262,1.0,0.0,35.0,0.033835303,0.1,3000.0,0.035,176.58994,3.6028534e-05,0.0,0.0,0.0
60,94,0,9.0,3.8648264,228.1884,-0.0044372655,0.00014111117,7.8775887,199.58827,1.4,0.0,35.0,0.033835303,0.3,3000.0,0.04,529.76044,4.2826854e-05,0.0,0.0,40.0
9,50,0,4.0,4.557784,230.5348,0.001447272,-0.0009557103,7.7120748,89.3698,1.4,0.0,35.0,0.033835303,0.3,3000.0,0.04,529.7695,3.6294387e-05,0.0,0.0,40.0
9,66,0,11.0,3.0401044,71.45724,-0.004649082,5.532373e-05,8.118193,178.7396,1.1,0.0,35.0,0.033835303,0.01,3000.0,0.1,17.65815,5.4334618e-05,0.0,0.0,10.0
91,78,0,15.0,4.369439,144.14296,-0.0025063222,-0.0007154662,8.159913,125.994446,1.1,0.0,35.0,0.033835303,0.01,3000.0,0.1,17.658905,3.792751e-05,0.0,0.0,10.0
61,121,0,29.0,6.5488462,168.7588,0.001238043,0.00029342144,6.6542196,125.994446,1.1,0.0,35.0,0.033835303,0.01,3000.0,0.1,17.659485,2.5280367e-05,0.0,0.0,10.0
26,104,0,28.0,5.8918195,29.204824,-0.0016213377,-0.0002065653,7.4539256,89.3698,1.1,0.0,35.0,0.033835303,0.01,3000.0,0.1,17.659353,2.8090843e-05,0.0,0.0,10.0
97,79,0,39.0,3.157173,294.09583,0.006697833,0.0005066402,7.3871865,366.31845,1.1,0.0,35.0,0.033835303,0.01,3000.0,0.1,17.658243,5.235969e-05,0.0,0.0,10.0
110,72,0,32.0,8.688638,144.14296,0.0075645554,-0.00069221825,7.0613008,88.81239,1.1,0.0,35.0,0.033835303,0.01,3000.0,0.1,17.659775,1.8975785e-05,0.0,0.0,10.0
118,55,0,38.0,4.9033394,31.447723,0.0022013804,-0.00046931417,6.9455147,251.98889,1.1,0.0,35.0,0.033835303,0.01,3000.0,0.1,17.659096,3.378775e-05,0.0,0.0,10.0
9,94,0,36.0,3.8408902,270.0,0.01085826,0.00034199635,7.190673,268.10938,1.1,0.0,35.0,0.033835303,0.01,3000.0,0.1,17.658674,4.2978772e-05,0.0,0.0,10.0
40,52,0,26.0,4.1081195,51.165203,0.0063299756,0.000887189,7.1231956,178.7396,1.1,0.0,35.0,0.033835303,0.01,3000.0,0.1,17.658798,4.028223e-05,0.0,0.0,10.0
58,55,0,10.0,5.01097,63.29129,-0.002956691,-0.00033397795,7.61684,89.3698,0.3,0.0,35.0,0.033835303,0.05,3000.0,0.015,88.29568,3.291422e-05,0.0,0.0,50.0
85,50,0,11.0,5.083667,341.67233,-0.005390066,-0.00023993257,8.700974,198.84044,1.1,0.0,35.0,0.033835303,0.01,3000.0,0.1,17.659151,3.257241e-05,0.0,0.0,10.0
81,59,0,38.0,5.2549906,232.25804,0.007882644,0.0004965149,6.875889,125.994446,1.1,0.0,35.0,0.033835303,0.01,3000.0,0.1,17.6592,3.1433032e-05,0.0,0.0,10.0
124,122,0,62.0,7.966087,253.64319,0.009861115,-0.00049918675,6.4562106,564.8727,1.0,0.0,35.0,0.033835303,0.1,3000.0,0.035,176.597,2.0608897e-05,0.0,0.0,0.0
73,108,0,10.0,5.083667,18.327675,-0.00045797962,-0.0003050645,6.909215,125.994446,1.1,0.0,35.0,0.033835303,0.01,3000.0,0.1,17.659151,3.257241e-05,0.0,0.0,10.0
118,103,0,22.0,5.007337,129.98196,0.00048378177,-0.00035446163,8.023034,178.7396,1.1,0.0,35.0,0.033835303,0.01,3000.0,0.1,17.659132,3.3028165e-05,0.0,0.0,10.0
110,36,0,7.0,4.659263,253.95967,-0.0041345684,-0.00059923925,8.095424,89.3698,0.7,0.0,35.0,0.033835303,0.1,3000.0,0.035,176.5902,3.5420868e-05,0.0,0.0,30.0
27,111,0,35.0,3.4781282,146.47517,0.0023462542,-0.00051810173,8.676447,445.0673,1.1,0.0,35.0,0.033835303,0.01,3000.0,0.1,17.65846,4.7650243e-05,0.0,0.0,10.0
78,75,0,46.0,3.4781282,33.52482,0.0013520785,0.00076853967,7.290153,177.62479,1.1,0.0,35.0,0.033835303,0.01,3000.0,0.1,17.65846,4.7650243e-05,0.0,0.0,10.0
68,80,0,47.0,3.7501767,30.805838,-0.009399123,8.4207975e-05,7.907791,355.24957,1.1,0.0,35.0,0.033835303,0.01,3000.0,0.1,17.658619,4.4156135e-05,0.0,0.0,10.0
68,60,0,22.0,2.9182148,6.3009663,-0.011840552,1.0014442e-05,8.852334,320.83734,0.3,0.0,35.0,0.033835303,0.05,3000.0,0.015,88.29018,5.687923e-05,0.0,0.0,50.0
116,85,0,20.0,9.42598,151.84862,-0.004749349,-0.000509694,6.978475,88.81239,1.1,0.0,35.0,0.033835303,0.01,3000.0,0.1,17.659842,1.7494587e-05,0.0,0.0,10.0
71,78,0,51.0,2.9703803,12.45311,0.008656029,0.00021125271,7.44829,251.98889,1.1,0.0,35.0,0.033835303,0.01,3000.0,0.1,17.658081,5.592975e-05,0.0,0.0,10.0
29,108,0,34.0,4.584902,65.08819,-0.0021257205,0.00013744454,7.706117,251.98889,1.1,0.0,35.0,0.033835303,0.01,3000.0,0.1,17.658993,3.6028534e-05,0.0,0.0,10.0
3,115,0,39.0,5.4406757,44.820763,-0.0016534795,-0.0002788971,7.939574,282.43634,1.1,0.0,35.0,0.033835303,0.01,3000.0,0.1,17.659248,3.0407587e-05,0.0,0.0,10.0
120,102,0,17.0,4.992832,165.15758,-0.0060036876,-0.00029189265,8.719097,88.81239,1.1,0.0,35.0,0.033835303,0.01,3000.0,0.1,17.659122,3.3218064e-05,0.0,0.0,10.0
80,90,0,24.0,4.6839695,195.85097,0.002467494,-0.0005445359,7.6846466,125.994446,1.1,0.0,35.0,0.033835303,0.01,3000.0,0.1,17.65902,3.542087e-05,0.0,0.0,10.0
119,16,0,19.0,3.8943686,260.47937,-0.0012453593,0.000238049,7.8699503,199.58827,1.1,0.0,35.0,0.033835303,0.01,3000.0,0.1,17.658699,4.2371095e-05,0.0,0.0,10.0
12,58,0,9.0,2.9605987,310.7785,-0.013002239,4.1143492e-05,9.061032,199.58827,1.1,0.0,35.0,0.033835303,0.01,3000.0,0.1,17.658081,5.592975e-05,0.0,0.0,10.0
25,94,0,6.0,3.6585658,308.04883,-0.0057608415,-0.00019857533,7.932592,125.994446,1.1,0.0,35.0,0.033835303,0.01,3000.0,0.1,17.65857,4.5219556e-05,0.0,0.0,10.0
25,118,0,24.0,3.362098,196.60085,0.0047121355,0.00041242008,7.3241625,125.994446,1.1,0.0,35.0,0.033835303,0.01,3000.0,0.1,17.65838,4.9397288e-05,0.0,0.0,10.0
70,123,0,47.0,16.920677,182.10788,-0.0006234128,0.00086234923,6.3728094,282.43634,1.1,0.0,35.0,0.033835303,0.01,3000.0,0.1,17.660206,9.556887e-06,0.0,0.0,10.0
88,76,0,24.0,5.0766106,214.52757,0.004607511,9.627286e-05,6.910611,89.3698,1.1,0.0,35.0,0.033835303,0.01,3000.0,0.1,17.659151,3.257241e-05,0.0,0.0,10.0
105,89,0,53.0,7.6155357,303.18787,0.011651633,-0.0002546679,6.501773,281.0262,1.1,0.0,35.0,0.033835303,0.01,3000.0,0.1,17.659653,2.1634341e-05,0.0,0.0,10.0
67,48,0,14.0,3.180032,44.820763,0.0022676291,6.114125e-05,7.3799577,89.3698,1.1,0.0,35.0,0.033835303,0.01,3000.0,0.1,17.658255,5.2093827e-05,0.0,0.0,10.0
68,116,0,67.0,4.745096,28.151375,0.01618907,0.0019466823,6.978475,199.58827,1.1,0.0,35.0,0.033835303,0.01,3000.0,0.1,17.659044,3.4927136e-05,0.0,0.0,10.0
70,85,0,14.0,5.14717,180.0,-0.0010424694,-0.000344446,7.5898814,88.81239,1.1,0.0,35.0,0.033835303,0.01,3000.0,0.1,17.659168,3.2192616e-05,0.0,0.0,10.0
54,118,0,23.0,6.1574297,38.48506,0.0015075435,2.5509327e-05,7.409504,125.994446,0.7,0.0,35.0,0.033835303,0.1,3000.0,0.035,176.59416,2.6799538e-05,0.0,0.0,30.0
117,83,0,39.0,7.581801,67.62506,0.011785736,0.0007152691,6.5062647,125.994446,1.1,0.0,35.0,0.033835303,0.01,3000.0,0.1,17.659647,2.1710299e-05,0.0,0.0,10.0
16,123,0,30.0,4.1598835,90.0,0.0052293963,0.00024843425,7.11063,321.61032,1.1,0.0,35.0,0.033835303,0.01,3000.0,0.1,17.658825,3.9674564e-05,0.0,0.0,10.0
57,50,0,24.0,4.190717,32.30904,0.011356114,8.050704e-05,7.103219,198.84044,0.3,0.0,35.0,0.033835303,0.05,3000.0,0.015,88.29415,3.956062e-05,0.0,0.0,50.0
96,65,0,40.0,5.4330826,270.0,0.004665442,0.0011117177,6.842366,178.7396,1.1,0.0,35.0,0.033835303,0.01,3000.0,0.1,17.659254,3.0331626e-05,0.0,0.0,10.0
83,88,0,30.0,7.6647134,72.972374,0.00494949,0.0004573279,6.4952593,178.7396,1.1,0.0,35.0,0.033835303,0.01,3000.0,0.1,17.659658,2.1482425e-05,0.0,0.0,10.0
55,57,0,18.0,3.412789,228.63635,0.0039902283,-0.000112546215,8.00231,199.58827,1.1,0.0,35.0,0.033835303,0.01,3000.0,0.1,17.65842,4.8485796e-05,0.0,0.0,10.0
34,122,0,12.0,3.209441,232.95789,-0.006369623,0.0001358452,8.06388,125.994446,1.1,0.0,35.0,0.033835303,0.01,3000.0,0.1,17.65828,5.156212e-05,0.0,0.0,10.0
104,65,0,29.0,4.4594016,248.8421,0.0032668998,-6.324449e-05,7.0408397,268.10938,1.1,0.0,35.0,0.033835303,0.01,3000.0,0.1,17.658947,3.7016e-05,0.0,0.0,10.0
123,75,0,39.0,4.2980213,243.2913,0.005721077,0.00019908953,7.0778437,266.43716,1.1,0.0,35.0,0.033835303,0.01,3000.0,0.1,17.658884,3.8383256e-05,0.0,0.0,10.0
89,113,0,28.0,3.558099,5.162206,0.006854225,-0.0003346886,7.2673635,177.62479,1.1,0.0,35.0,0.033835303,0.01,3000.0,0.1,17.658504,4.666277e-05,0.0,0.0,10.0
89,116,0,53.0,2.9634278,220.42426,0.025443662,0.0010123842,7.450638,281.0262,1.1,0.0,35.0,0.033835303,0.01,3000.0,0.1,17.658081,5.592975e-05,0.0,0.0,10.0
81,118,0,27.0,8.435054,37.131283,0.0056284685,-0.00041401418,6.398219,198.84044,1.1,0.0,35.0,0.033835303,0.01,3000.0,0.1,17.65975,1.9507492e-05,0.0,0.0,10.0
87,71,0,32.0,6.456246,261.4165,0.0038701445,-0.00011755451,6.6685834,251.98889,1.1,0.0,35.0,0.033835303,0.01,3000.0,0.1,17.659475,2.5508243e-05,0.0,0.0,10.0
24,109,0,39.0,4.7288566,241.54936,2.6289179e-05,-0.00034530033,7.675066,125.994446,1.1,0.0,35.0,0.033835303,0.01,3000.0,0.1,17.659044,3.4927136e-05,0.0,0.0,10.0
17,61,0,30.0,3.3446221,73.20183,0.0069835023,0.00068782695,7.329386,178.7396,1.1,0.0,35.0,0.033835303,0.01,3000.0,0.1,17.65838,4.9397288e-05,0.0,0.0,10.0
122,123,0,40.0,7.312513,164.83562,-0.0012112613,0.00049534324,7.6414514,445.84766,1.1,0.0,35.0,0.033835303,0.01,3000.0,0.1,17.659607,2.2621804e-05,0.0,0.0,10.0
93,45,0,13.0,4.581123,77.83159,-0.0069214376,-0.00045018824,7.7069454,452.96576,1.1,0.0,35.0,0.033835303,0.01,3000.0,0.1,17.658993,3.6028534e-05,0.0,0.0,10.0
69,82,0,52.0,9.405338,189.72258,0.00063149154,0.0011462184,6.28756,251.98889,1.1,0.0,35.0,0.033835303,0.01,3000.0,0.1,17.659842,1.753256e-05,0.0,0.0,10.0
30,112,0,22.0,6.88877,103.47349,-0.0005766586,9.879871e-05,8.549059,199.58827,1.1,0.0,35.0,0.033835303,0.01,3000.0,0.1,17.65955,2.3875122e-05,0.0,0.0,10.0
76,67,0,32.0,4.1796665,302.6338,-3.5588513e-05,0.0006290928,7.105869,251.98889,1.1,0.0,35.0,0.033835303,0.01,3000.0,0.1,17.65883,3.9560622e-05,0.0,0.0,10.0
85,64,0,21.0,3.8943686,279.52063,0.0017862727,-0.00089748506,7.176803,88.81239,1.1,0.0,35.0,0.033835303,0.01,3000.0,0.1,17.658699,4.2371095e-05,0.0,0.0,10.0
35,114,0,11.0,5.221567,137.66806,-0.001964116,8.4919084e-05,7.5754523,177.62479,1.1,0.0,35.0,0.033835303,0.01,3000.0,0.1,17.659191,3.1698884e-05,0.0,0.0,10.0
35,118,0,17.0,4.0707765,18.327673,0.0023339335,0.0003687283,7.132358,177.62479,1.1,0.0,35.0,0.033835303,0.01,3000.0,0.1,17.658773,4.077597e-05,0.0,0.0,10.0
102,33,0,34.0,5.1865153,352.91898,0.0059270663,0.0010566965,6.8890777,268.10938,1.1,0.0,35.0,0.033835303,0.01,3000.0,0.1,17.659178,3.200272e-05,0.0,0.0,10.0
55,89,0,11.0,4.506612,180.0,-0.0011913936,0.00012560835,7.030266,88.81239,1.4,0.0,35.0,0.033835303,0.3,3000.0,0.04,529.76874,3.6826106e-05,0.0,0.0,40.0
92,80,0,23.0,8.688638,324.14297,0.0037305725,-0.0004599904,7.0613008,89.3698,1.1,0.0,35.0,0.033835303,0.01,3000.0,0.1,17.659775,1.8975785e-05,0.0,0.0,10.0
8,44,0,15.0,3.3446221,286.79816,0.0025747004,7.024936e-05,8.022533,125.994446,1.1,0.0,35.0,0.033835303,0.01,3000.0,0.1,17.65838,4.9397288e-05,0.0,0.0,10.0
115,90,0,39.0,11.495374,355.26593,0.00478339,-0.00018126794,6.0823865,198.84044,1.1,0.0,35.0,0.033835303,0.01,3000.0,0.1,17.659986,1.4304314e-05,0.0,0.0,10.0
74,119,0,46.0,11.423593,347.20264,-0.0016462222,-0.00013075469,6.781968,125.994446,1.1,0.0,35.0,0.033835303,0.01,3000.0,0.1,17.659985,1.4380273e-05,0.0,0.0,10.0
114,80,0,37.0,7.6647134,107.02762,0.0058026263,0.00034518074,6.4952593,199.58827,1.1,0.0,35.0,0.033835303,0.01,3000.0,0.1,17.659658,2.1482425e-05,0.0,0.0,10.0
101,86,0,73.0,3.2381003,185.67522,0.026625419,0.0011644037,7.3618245,320.83734,1.1,0.0,35.0,0.033835303,0.01,3000.0,0.1,17.658293,5.129627e-05,0.0,0.0,10.0
123,76,0,33.0,6.236703,191.81662,0.0064665163,0.00013910129,6.7034645,177.62479,1.1,0.0,35.0,0.033835303,0.01,3000.0,0.1,17.659426,2.6571664e-05,0.0,0.0,10.0
103,58,0,23.0,5.1924853,201.67809,0.0031290886,0.0003440939,6.8879213,177.62479,1.1,0.0,35.0,0.033835303,0.01,3000.0,0.1,17.65918,3.188878e-05,0.0,0.0,10.0
103,123,0,27.0,6.4099936,323.30203,0.0065825204,-0.0013478164,6.675834,89.3698,1.1,0.0,35.0,0.033835303,0.01,3000.0,0.1,17.659462,2.5812078e-05,0.0,0.0,10.0
78,71,0,31.0,7.0605025,0.0,0.00075815956,0.00021685698,7.6768928,177.62479,0.7,0.0,35.0,0.033835303,0.1,3000.0,0.035,176.59569,2.3457349e-05,0.0,0.0,30.0
66,75,0,51.0,4.2941604,167.0837,0.0025495915,0.0004984751,7.078746,199.58827,1.1,0.0,35.0,0.033835303,0.01,3000.0,0.1,17.65887,3.8649116e-05,0.0,0.0,10.0
101,61,0,16.0,3.0401044,288.54276,0.008344507,0.00012366199,7.4250455,199.58827,1.1,0.0,35.0,0.033835303,0.01,3000.0,0.1,17.65815,5.4334618e-05,0.0,0.0,10.0
72,91,0,9.0,4.9210005,191.2412,-0.0035952209,-0.00066208036,8.040514,88.81239,1.4,0.0,35.0,0.033835303,0.3,3000.0,0.04,529.773,3.3673812e-05,0.0,0.0,40.0
101,95,0,35.0,4.4594016,248.8421,0.0043461057,3.516097e-05,7.0408397,251.98889,1.1,0.0,35.0,0.033835303,0.01,3000.0,0.1,17.658947,3.7016e-05,0.0,0.0,10.0
81,68,0,33.0,7.237377,224.82077,0.0026042305,7.8237405e-05,6.5532794,177.62479,1.1,0.0,35.0,0.033835303,0.01,3000.0,0.1,17.659597,2.2773726e-05,0.0,0.0,10.0
62,82,0,36.0,6.201375,281.96112,0.003925321,-7.6128614e-05,6.70919,89.3698,1.1,0.0,35.0,0.033835303,0.01,3000.0,0.1,17.659426,2.6571664e-05,0.0,0.0,10.0
76,105,0,12.0,5.2049985,259.31525,0.0031970066,0.00011775993,7.578648,199.58827,1.1,0.0,35.0,0.033835303,0.01,3000.0,0.1,17.659191,3.1698884e-05,0.0,0.0,10.0
124,120,0,41.0,6.772446,5.406602,-0.0074046557,-0.0004021643,7.718954,536.21875,1.0,0.0,35.0,0.033835303,0.1,3000.0,0.035,176.59523,2.4444813e-05,0.0,0.0,0.0
118,113,0,54.0,6.093383,198.32768,0.0040807137,0.00065847515,6.726893,198.84044,1.1,0.0,35.0,0.033835303,0.01,3000.0,0.1,17.659399,2.7141354e-05,0.0,0.0,10.0
7,116,0,26.0,3.412789,228.63635,0.0016559688,-0.0009061652,8.00231,177.62479,1.1,0.0,35.0,0.033835303,0.01,3000.0,0.1,17.65842,4.8485796e-05,0.0,0.0,10.0
92,85,0,25.0,5.969458,254.38321,0.0004538266,-0.00029420666,7.44074,125.994446,1.1,0.0,35.0,0.033835303,0.01,3000.0,0.1,17.65938,2.7597107e-05,0.0,0.0,10.0
8,85,0,27.0,6.9143133,236.14429,0.0017824537,0.00022072236,7.292559,198.84044,1.1,0.0,35.0,0.033835303,0.01,3000.0,0.1,17.65955,2.3837147e-05,0.0,0.0,10.0
19,88,0,24.0,4.770727,137.90468,0.0032529125,1.1292225e-05,7.66621,268.10938,1.1,0.0,35.0,0.033835303,0.01,3000.0,0.1,17.659056,3.4699257e-05,0.0,0.0,10.0
25,48,0,10.0,4.621998,303.8557,0.0030942599,-0.00027598586,7.004877,89.3698,1.1,0.0,35.0,0.033835303,0.01,3000.0,0.1,17.659004,3.576269e-05,0.0,0.0,10.0
104,73,0,23.0,4.2980213,296.7087,0.0024398712,-0.00049025007,7.770991,177.62479,1.1,0.0,35.0,0.033835303,0.01,3000.0,0.1,17.658884,3.8383256e-05,0.0,0.0,10.0
17,113,0,11.0,4.4901257,265.88885,0.0027595626,-0.0007702275,7.0339456,125.994446,1.1,0.0,35.0,0.033835303,0.01,3000.0,0.1,17.65896,3.6750145e-05,0.0,0.0,10.0
87,49,0,22.0,3.209441,232.95789,0.018681226,-0.00038876836,7.3707333,251.98889,1.1,0.0,35.0,0.033835303,0.01,3000.0,0.1,17.65828,5.156212e-05,0.0,0.0,10.0
116,26,0,17.0,3.4781282,326.4752,-0.003698333,0.000660516,7.290153,125.994446,1.1,0.0,35.0,0.033835303,0.01,3000.0,0.1,17.65846,4.7650243e-05,0.0,0.0,10.0
109,55,0,35.0,4.2701674,256.92664,0.008908576,-0.00015478536,7.0843697,281.0262,0.3,0.0,35.0,0.033835303,0.05,3000.0,0.015,88.29436,3.864912e-05,0.0,0.0,50.0
68,49,0,9.0,4.163743,67.25258,-0.000100284786,-0.00033278498,7.1096997,88.81239,1.1,0.0,35.0,0.033835303,0.01,3000.0,0.1,17.658825,3.9674564e-05,0.0,0.0,10.0
54,122,0,42.0,4.837574,176.20964,0.011289077,0.0013631255,6.959083,282.43634,1.1,0.0,35.0,0.033835303,0.01,3000.0,0.1,17.65907,3.431947e-05,0.0,0.0,10.0
18,117,0,19.0,5.179107,29.590704,0.0027871532,5.92582e-05,6.890515,198.84044,1.1,0.0,35.0,0.033835303,0.01,3000.0,0.1,17.659178,3.200272e-05,0.0,0.0,10.0
88,82,0,13.0,3.02663,302.16672,-0.0023289383,-0.0009052066,7.429496,88.81239,0.3,0.0,35.0,0.033835303,0.05,3000.0,0.015,88.290695,5.4638444e-05,0.0,0.0,50.0
93,58,0,26.0,6.6541786,54.61334,0.00873945,0.00035783873,6.638121,199.58827,1.1,0.0,35.0,0.033835303,0.01,3000.0,0.1,17.65951,2.4786634e-05,0.0,0.0,10.0
17,68,0,34.0,3.180032,315.17923,0.003968351,0.0006580251,7.3799577,320.83734,1.1,0.0,35.0,0.033835303,0.01,3000.0,0.1,17.658255,5.2093827e-05,0.0,0.0,10.0
95,58,0,8.0,5.6690187,312.8881,-0.007943409,-0.0008608321,8.185884,88.81239,1.1,0.0,35.0,0.033835303,0.01,3000.0,0.1,17.659306,2.9154262e-05,0.0,0.0,10.0
27,53,0,19.0,4.198068,4.371377,0.00028849224,-0.0004926166,8.200072,199.58827,1.1,0.0,35.0,0.033835303,0.01,3000.0,0.1,17.65883,3.9560622e-05,0.0,0.0,10.0
78,83,0,27.0,7.7985406,170.59563,-0.002280052,-0.0005871403,7.57635,125.994446,1.1,0.0,35.0,0.033835303,0.01,3000.0,0.1,17.659672,2.1216567e-05,0.0,0.0,10.0
55,120,0,25.0,5.784281,33.52482,-0.0028632258,-0.00017791,7.8779397,266.43716,1.1,0.0,35.0,0.033835303,0.01,3000.0,0.1,17.659332,2.8584573e-05,0.0,0.0,10.0
108,29,0,7.0,2.9634278,139.57574,-0.0011370269,-0.0001927422,8.1437845,178.7396,1.4,0.0,35.0,0.033835303,0.3,3000.0,0.04,529.74243,5.5929744e-05,0.0,0.0,40.0
28,73,0,17.0,4.9210005,11.241193,0.0005735567,-0.0001432665,7.635049,177.62479,1.1,0.0,35.0,0.033835303,0.01,3000.0,0.1,17.6591,3.367382e-05,0.0,0.0,10.0
33,102,0,20.0,4.1858993,0.0,0.0008553596,-6.288438e-05,8.713812,88.81239,1.1,0.0,35.0,0.033835303,0.01,3000.0,0.1,17.658825,3.9674564e-05,0.0,0.0,10.0
16,34,0,28.0,3.2381003,174.32478,0.004174603,0.0006769665,7.3618245,366.31845,0.3,0.0,35.0,0.033835303,0.05,3000.0,0.015,88.291466,5.1296258e-05,0.0,0.0,50.0
93,66,0,20.0,5.664558,106.48683,-0.004637904,-0.00078745873,6.800382,88.81239,1.1,0.0,35.0,0.033835303,0.01,3000.0,0.1,17.65931,2.9116287e-05,0.0,0.0,10.0
108,65,0,23.0,7.3601704,84.99922,0.0017271263,-0.00012294778,6.5362716,199.58827,1.1,0.0,35.0,0.033835303,0.01,3000.0,0.1,17.659618,2.2355947e-05,0.0,0.0,10.0
22,60,0,49.0,10.815997,229.58679,0.003963639,0.0011063591,6.1448717,177.62479,1.1,0.0,35.0,0.033835303,0.01,3000.0,0.1,17.659948,1.517784e-05,0.0,0.0,10.0
97,58,0,35.0,5.2049985,259.31525,0.013900944,0.0007403352,6.885501,199.58827,1.1,0.0,35.0,0.033835303,0.01,3000.0,0.1,17.659191,3.1698884e-05,0.0,0.0,10.0
96,59,0,24.0,4.4594016,248.8421,0.014410333,-0.0002393172,7.0408397,198.84044,1.1,0.0,35.0,0.033835303,0.01,3000.0,0.1,17.658947,3.7016e-05,0.0,0.0,10.0
67,95,0,21.0,4.172283,274.4262,0.0062305396,0.000238119,7.107643,199.58827,1.1,0.0,35.0,0.033835303,0.01,3000.0,0.1,17.65883,3.9560622e-05,0.0,0.0,10.0
93,69,0,40.0,9.8502445,331.09732,0.002314596,5.180568e-06,6.933607,125.994446,1.1,0.0,35.0,0.033835303,0.01,3000.0,0.1,17.65988,1.6734997e-05,0.0,0.0,10.0
64,94,0,8.0,3.579964,100.36812,-0.0002633295,-0.00026407643,7.2612214,88.81239,1.1,0.0,35.0,0.033835303,0.01,3000.0,0.1,17.658527,4.613106e-05,0.0,0.0,10.0
10,86,0,31.0,3.9820418,193.95215,0.0052674105,0.00032236107,7.15447,177.62479,1.1,0.0,35.0,0.033835303,0.01,3000.0,0.1,17.658733,4.164949e-05,0.0,0.0,10.0
70,101,0,27.0,3.209441,307.0421,0.010173391,0.0005915832,7.3707333,199.58827,1.1,0.0,35.0,0.033835303,0.01,3000.0,0.1,17.65828,5.156212e-05,0.0,0.0,10.0
13,67,0,22.0,5.9542446,233.57507,0.001012618,0.00094939466,6.750163,125.994446,1.1,0.0,35.0,0.033835303,0.01,3000.0,0.1,17.659372,2.7749025e-05,0.0,0.0,10.0
96,69,0,49.0,6.4915543,327.25806,-0.0003319929,0.00062040775,6.6630826,320.83734,1.1,0.0,35.0,0.033835303,0.01,3000.0,0.1,17.659475,2.547026e-05,0.0,0.0,10.0
87,17,0,5.0,3.451294,111.92529,-0.00085026457,-0.00044827192,7.991064,88.81239,0.7,0.0,35.0,0.033835303,0.1,3000.0,0.035,176.58452,4.7840127e-05,0.0,0.0,30.0
39,75,0,7.0,1.6124059,180.0,-0.008895738,-0.00012663008,8.059885,266.43716,0.7,0.0,35.0,0.033835303,0.1,3000.0,0.035,176.55919,0.0001030622,0.0,0.0,30.0
108,73,0,36.0,7.0819945,82.18669,-0.006987476,0.00022503169,7.6738224,178.7396,1.1,0.0,35.0,0.033835303,0.01,3000.0,0.1,17.659578,2.3191496e-05,0.0,0.0,10.0
87,39,0,11.0,0.717646,296.7087,-0.0005048013,0.00013189031,8.869603,251.98889,1.1,0.0,35.0,0.033835303,0.01,3000.0,0.1,17.650076,0.00023040721,0.0,0.0,10.0
87,86,0,7.0,1.9609987,170.59563,-0.010553736,-0.00083410786,9.809942,125.994446,0.7,0.0,35.0,0.033835303,0.1,3000.0,0.035,176.56757,8.471815e-05,0.0,0.0,30.0
