row,col,label,elevation,slope,aspect,plan_curvature,profile_curvature,twi,dist_to_stream,soil_depth,cohesion,phi,k_factor,c_factor,r_factor,manning_n,rusle_soil_loss,factor_of_safety,avaflow_depth,avaflow_velocity,landcover
28,104,0,35.0,4.1841927,147.63423,0.0059409165,-0.0003385127,7.1058807,89.00714,1.1,0.0,35.0,0.033835303,0.01,3000.0,0.1,17.65883,3.9560622e-05,0.0,0.0,10.0
28,101,0,46.0,3.156025,114.049065,0.011366032,3.6393053e-06,7.388649,199.18846,0.3,0.0,35.0,0.033835303,0.05,3000.0,0.015,88.29122,5.235968e-05,0.0,0.0,50.0
103,80,0,11.0,0.64369404,0.0,-0.041790213,-0.0002839557,12.91129,0.0,0.3,0.0,35.0,0.033835303,0.05,3000.0,0.015,88.24413,0.00025760045,0.0,0.0,50.0
56,97,0,27.0,1.0172933,198.36517,-0.008997283,-0.0011932824,11.412096,0.0,1.1,0.0,35.0,0.033835303,0.01,3000.0,0.1,17.653168,0.00016295575,0.0,0.0,10.0
0,29,0,35.0,4.5330877,224.88351,-0.006342518,0.0006196493,8.124094,89.00714,1.0,0.0,35.0,0.033835303,0.1,3000.0,0.035,176.58974,3.6446312e-05,0.0,0.0,0.0
77,72,0,41.0,2.2518637,0.0,0.019900102,0.00012593424,7.7267013,178.7396,0.3,0.0,35.0,0.033835303,0.05,3000.0,0.015,88.28634,7.3590185e-05,0.0,0.0,50.0
107,105,0,40.0,5.2507095,52.318756,0.0029805414,0.0008776857,6.877806,268.10938,0.3,0.0,35.0,0.033835303,0.05,3000.0,0.015,88.29601,3.143303e-05,0.0,0.0,50.0
29,62,0,64.0,4.9826775,14.873515,0.0065881032,0.00036306182,6.930482,199.18846,0.3,0.0,35.0,0.033835303,0.05,3000.0,0.015,88.295616,3.321806e-05,0.0,0.0,50.0
44,123,0,48.0,4.2961307,243.34166,0.0056197457,0.00026700148,7.0793834,378.3954,0.3,0.0,35.0,0.033835303,0.05,3000.0,0.015,88.294426,3.838326e-05,0.0,0.0,50.0
112,78,0,9.0,2.3131957,303.79767,-0.00893136,-7.953897e-05,8.392948,89.3698,0.3,0.0,35.0,0.033835303,0.05,3000.0,0.015,88.28684,7.146333e-05,0.0,0.0,50.0
95,78,0,21.0,2.651603,193.98154,-0.00055686315,-0.00041466817,8.256243,89.3698,0.3,0.0,35.0,0.033835303,0.05,3000.0,0.015,88.288895,6.250019e-05,0.0,0.0,50.0
21,80,0,44.0,3.0247579,237.88983,2.0084404e-05,-0.00025118346,8.124361,126.1318,1.1,0.0,35.0,0.033835303,0.01,3000.0,0.1,17.658138,5.463845e-05,0.0,0.0,10.0
21,97,0,50.0,2.3168123,326.4174,0.0022671334,-0.0004992,8.391384,126.1318,1.1,0.0,35.0,0.033835303,0.01,3000.0,0.1,17.657368,7.146334e-05,0.0,0.0,10.0
85,24,0,15.0,1.3217627,75.90884,-0.00321651,1.10931205e-05,8.952978,199.67502,1.1,0.0,35.0,0.033835303,0.01,3000.0,0.1,17.654911,0.00012497634,0.0,0.0,10.0
81,89,0,50.0,4.2090464,278.78125,0.0020246082,6.979561e-05,7.0999374,356.02856,1.1,0.0,35.0,0.033835303,0.01,3000.0,0.1,17.658848,3.92188e-05,0.0,0.0,10.0
65,78,0,37.0,3.4728544,33.582626,0.0013523273,-0.00045567253,7.985919,281.58017,1.1,0.0,35.0,0.033835303,0.01,3000.0,0.1,17.65846,4.7650243e-05,0.0,0.0,10.0
77,40,0,24.0,10.853713,5.022094,0.0018734047,0.00037427328,6.1424046,178.01428,1.1,0.0,35.0,0.033835303,0.01,3000.0,0.1,17.659948,1.513986e-05,0.0,0.0,10.0
5,70,0,45.0,4.5951858,24.686613,-0.0035936988,-0.0003689913,8.110431,178.01428,0.3,0.0,35.0,0.033835303,0.05,3000.0,0.015,88.29497,3.6028538e-05,0.0,0.0,50.0
64,16,0,16.0,1.6343267,258.6452,-0.012544938,7.383407e-05,9.65691,446.84897,1.1,0.0,35.0,0.033835303,0.01,3000.0,0.1,17.656006,0.000101087295,0.0,0.0,10.0
67,92,0,64.0,1.7317762,158.27881,0.026697159,0.00044757675,7.9895225,199.67502,1.1,0.0,35.0,0.033835303,0.01,3000.0,0.1,17.656258,9.565623e-05,0.0,0.0,10.0
81,104,0,36.0,3.409538,311.30142,0.00709961,0.00032853775,7.3112164,268.10938,1.1,0.0,35.0,0.033835303,0.01,3000.0,0.1,17.65842,4.8485796e-05,0.0,0.0,10.0
5,108,0,41.0,2.5929894,172.9036,-0.010868644,-0.00079634873,10.29353,0.0,1.1,0.0,35.0,0.033835303,0.01,3000.0,0.1,17.657711,6.394341e-05,0.0,0.0,10.0
35,26,0,31.0,2.2745183,351.90247,-0.0034207676,-0.00046133704,8.815293,89.00714,1.1,0.0,35.0,0.033835303,0.01,3000.0,0.1,17.6573,7.286857e-05,0.0,0.0,10.0
96,80,0,25.0,4.285268,12.943665,0.0036131726,-0.00042646145,7.0819244,199.67502,0.3,0.0,35.0,0.033835303,0.05,3000.0,0.015,88.29436,3.864912e-05,0.0,0.0,50.0
5,19,0,41.0,2.8825557,90.0,0.0075205537,0.00081074133,7.479453,252.2636,0.3,0.0,35.0,0.033835303,0.05,3000.0,0.015,88.29011,5.722105e-05,0.0,0.0,50.0
57,68,0,20.0,2.0549364,128.7735,-0.029828884,-5.9249884e-05,10.216196,199.18846,0.3,0.0,35.0,0.033835303,0.05,3000.0,0.015,88.28476,8.0464444e-05,0.0,0.0,50.0
121,84,0,6.0,1.0139902,108.504944,-0.0055225682,-0.0003105552,8.524977,89.3698,1.1,0.0,35.0,0.033835303,0.01,3000.0,0.1,17.653168,0.00016295575,0.0,0.0,10.0
106,34,0,13.0,0.90843785,44.88351,0.018829355,0.00023524894,8.634919,368.3933,0.3,0.0,35.0,0.033835303,0.05,3000.0,0.015,88.26144,0.00018217333,0.0,0.0,50.0
95,54,0,21.0,0.32055113,90.0,-0.005640416,-0.0,9.676678,321.3227,0.3,0.0,35.0,0.033835303,0.05,3000.0,0.015,88.18508,0.00051513937,0.0,0.0,50.0
85,55,0,11.0,2.9004087,83.63418,-0.001443042,-0.0006139121,7.473268,89.00714,1.1,0.0,35.0,0.033835303,0.01,3000.0,0.1,17.658033,5.6879242e-05,0.0,0.0,10.0
15,91,0,87.0,4.2961307,296.65836,0.0065423907,0.0005417173,7.0793834,126.1318,1.1,0.0,35.0,0.033835303,0.01,3000.0,0.1,17.658884,3.8383256e-05,0.0,0.0,10.0
120,104,0,13.0,3.9738631,13.981523,-0.0036328684,-0.00046850333,8.767069,89.00714,1.1,0.0,35.0,0.033835303,0.01,3000.0,0.1,17.658733,4.164949e-05,0.0,0.0,10.0
48,30,0,37.0,3.8610814,228.25075,-0.007862297,0.00030966286,7.186512,281.58017,1.1,0.0,35.0,0.033835303,0.01,3000.0,0.1,17.65868,4.2826858e-05,0.0,0.0,10.0
38,21,0,47.0,2.0339458,161.63483,0.004234014,0.0005418309,7.8285766,321.82562,1.1,0.0,35.0,0.033835303,0.01,3000.0,0.1,17.656904,8.14899e-05,0.0,0.0,10.0
76,60,0,14.0,2.1510887,116.65834,-0.0045293467,-0.00030079536,9.158825,89.3698,1.1,0.0,35.0,0.033835303,0.01,3000.0,0.1,17.65712,7.681844e-05,0.0,0.0,10.0
84,31,0,7.0,1.1588799,33.582623,-0.0011932295,-0.0006040676,11.723589,0.0,0.3,0.0,35.0,0.033835303,0.05,3000.0,0.015,88.270454,0.00014290263,0.0,0.0,50.0
84,49,0,15.0,1.3217627,284.09116,-0.004824765,-4.540161e-05,8.25983,368.3933,1.1,0.0,35.0,0.033835303,0.01,3000.0,0.1,17.654911,0.00012497634,0.0,0.0,10.0
14,84,0,62.0,2.5731533,0.0,-0.012537063,-0.00015730625,10.232227,0.0,1.1,0.0,35.0,0.033835303,0.01,3000.0,0.1,17.657688,6.443714e-05,0.0,0.0,10.0
103,55,0,22.0,2.0273457,71.49504,0.0034738728,0.00034665992,7.8318295,199.67502,1.1,0.0,35.0,0.033835303,0.01,3000.0,0.1,17.656904,8.14899e-05,0.0,0.0,10.0
86,82,0,44.0,2.0549364,308.7735,0.024975006,0.00026763184,7.8183007,252.2636,1.1,0.0,35.0,0.033835303,0.01,3000.0,0.1,17.656952,8.046446e-05,0.0,0.0,10.0
115,41,0,5.0,1.3625141,315.1165,-0.011892223,-9.4211166e-05,8.229454,199.18846,0.7,0.0,35.0,0.033835303,0.1,3000.0,0.035,176.55075,0.000121406265,0.0,0.0,30.0
68,19,0,12.0,3.2069,233.01822,0.0030773692,-0.00042110265,7.372625,126.1318,1.1,0.0,35.0,0.033835303,0.01,3000.0,0.1,17.65828,5.156212e-05,0.0,0.0,10.0
54,100,0,48.0,1.0139902,71.49504,0.025296923,0.00024460308,8.524977,321.3227,0.3,0.0,35.0,0.033835303,0.05,3000.0,0.015,88.26585,0.00016295575,0.0,0.0,50.0
54,59,0,26.0,4.1841927,327.63425,0.00032038102,-0.00049206516,7.799028,126.1318,0.3,0.0,35.0,0.033835303,0.05,3000.0,0.015,88.29415,3.956062e-05,0.0,0.0,50.0
41,31,0,30.0,5.0736976,161.63483,-0.002469842,-0.00040601488,8.010899,199.67502,1.1,0.0,35.0,0.033835303,0.01,3000.0,0.1,17.659151,3.257241e-05,0.0,0.0,10.0
101,49,0,13.0,1.9568262,9.424614,-0.0045073857,-3.425641e-05,7.867262,252.2636,0.3,0.0,35.0,0.033835303,0.05,3000.0,0.015,88.28378,8.471815e-05,0.0,0.0,50.0
47,113,0,27.0,2.3411603,164.11603,-0.0007371702,-0.00016007788,8.3809185,126.1318,1.1,0.0,35.0,0.033835303,0.01,3000.0,0.1,17.657396,7.0817674e-05,0.0,0.0,10.0
7,49,0,46.0,1.922605,270.0,0.009400692,0.00053121906,7.884918,126.1318,1.1,0.0,35.0,0.033835303,0.01,3000.0,0.1,17.656706,8.5857544e-05,0.0,0.0,10.0
62,92,0,40.0,3.5908859,206.47198,-0.0020982814,-0.00052484067,7.952412,89.00714,0.3,0.0,35.0,0.033835303,0.05,3000.0,0.015,88.29264,4.6131052e-05,0.0,0.0,50.0
94,120,0,33.0,5.437963,118.16933,0.0031360246,-1.5846344e-05,6.8425612,321.3227,0.3,0.0,35.0,0.033835303,0.05,3000.0,0.015,88.29627,3.0331621e-05,0.0,0.0,50.0
33,16,0,51.0,7.623032,327.08252,0.0032911825,0.00027508228,6.5018754,126.1318,1.1,0.0,35.0,0.033835303,0.01,3000.0,0.1,17.659653,2.1634341e-05,0.0,0.0,10.0
0,21,0,28.0,7.136531,296.65836,-0.0033215203,0.00058775494,8.360317,519.55695,1.0,0.0,35.0,0.033835303,0.1,3000.0,0.035,176.59587,2.3077555e-05,0.0,0.0,0.0
95,27,0,9.0,2.4481852,23.114355,0.0046382756,-0.00035613764,7.6430187,89.3698,1.1,0.0,35.0,0.033835303,0.01,3000.0,0.1,17.65754,6.7665394e-05,0.0,0.0,10.0
16,23,0,54.0,1.7317762,158.27881,0.020371325,0.00042027605,7.9895225,282.49762,0.3,0.0,35.0,0.033835303,0.05,3000.0,0.015,88.28129,9.565621e-05,0.0,0.0,50.0
12,32,0,37.0,0.45424747,44.88351,-0.065407224,-0.00020235985,11.812973,126.1318,1.1,0.0,35.0,0.033835303,0.01,3000.0,0.1,17.643934,0.0003643228,0.0,0.0,10.0
39,23,0,45.0,2.9533155,257.42178,0.009603151,7.15324e-05,7.45516,199.18846,1.1,0.0,35.0,0.033835303,0.01,3000.0,0.1,17.658081,5.592975e-05,0.0,0.0,10.0
3,12,0,46.0,4.50811,355.9309,0.0033111456,0.0005834703,7.03103,199.18846,1.1,0.0,35.0,0.033835303,0.01,3000.0,0.1,17.65896,3.6750145e-05,0.0,0.0,10.0
90,64,0,34.0,5.4706297,96.73692,0.0060472484,0.0002977676,6.8365355,199.67502,0.3,0.0,35.0,0.033835303,0.05,3000.0,0.015,88.29632,3.0141728e-05,0.0,0.0,50.0
26,13,0,46.0,2.8740628,333.528,-0.007244066,0.00042620418,8.175556,178.01428,1.1,0.0,35.0,0.033835303,0.01,3000.0,0.1,17.658003,5.7600842e-05,0.0,0.0,10.0
16,119,0,52.0,2.2656658,278.16278,0.00011164737,-0.00016003521,8.413732,199.18846,1.1,0.0,35.0,0.033835303,0.01,3000.0,0.1,17.6573,7.286857e-05,0.0,0.0,10.0
21,52,0,41.0,1.3265119,166.01846,-0.009705329,-2.6160355e-05,8.256243,398.37692,1.1,0.0,35.0,0.033835303,0.01,3000.0,0.1,17.654911,0.00012497634,0.0,0.0,10.0
100,30,0,10.0,2.0273457,288.50494,-0.004186462,0.00024291931,7.8318295,252.2636,0.7,0.0,35.0,0.033835303,0.1,3000.0,0.035,176.56906,8.14899e-05,0.0,0.0,30.0
57,27,0,38.0,6.4708962,56.988403,0.0046026967,0.00019788364,7.360543,178.01428,1.1,0.0,35.0,0.033835303,0.01,3000.0,0.1,17.659475,2.547026e-05,0.0,0.0,10.0
118,40,0,13.0,0.32055113,270.0,0.011280832,0.00012519819,9.676678,321.3227,1.1,0.0,35.0,0.033835303,0.01,3000.0,0.1,17.637016,0.00051513937,0.0,0.0,10.0
16,109,0,44.0,5.256158,37.45606,-0.008056067,0.0002669327,6.8767633,199.18846,0.3,0.0,35.0,0.033835303,0.05,3000.0,0.015,88.29601,3.143303e-05,0.0,0.0,50.0
15,17,0,44.0,3.460394,158.27881,0.011722447,0.00038941152,7.2963753,199.67502,1.1,0.0,35.0,0.033835303,0.01,3000.0,0.1,17.658451,4.784013e-05,0.0,0.0,10.0
99,60,0,17.0,1.6343267,101.35481,-0.0056558545,-0.0003095528,9.65691,89.3698,0.3,0.0,35.0,0.033835303,0.05,3000.0,0.015,88.28004,0.00010108727,0.0,0.0,50.0
86,36,0,15.0,2.2656658,81.83721,-0.0025040868,-0.00012077423,9.512344,126.1318,0.3,0.0,35.0,0.033835303,0.05,3000.0,0.015,88.286514,7.2868555e-05,0.0,0.0,50.0
49,93,0,39.0,2.0273457,108.504944,-0.011045136,-0.00017415291,8.930442,89.00714,1.1,0.0,35.0,0.033835303,0.01,3000.0,0.1,17.656904,8.14899e-05,0.0,0.0,10.0
112,118,0,18.0,0.90843785,44.88351,-0.008919169,0.00017164127,8.634919,357.4792,0.3,0.0,35.0,0.033835303,0.05,3000.0,0.015,88.26144,0.00018217333,0.0,0.0,50.0
99,51,0,21.0,1.8704919,58.933353,-0.0001701518,0.00019305397,7.912418,479.58795,0.3,0.0,35.0,0.033835303,0.05,3000.0,0.015,88.28295,8.840215e-05,0.0,0.0,50.0
18,104,0,67.0,6.0205126,334.88852,0.020691985,0.00054203806,6.7401123,199.18846,1.1,0.0,35.0,0.033835303,0.01,3000.0,0.1,17.659384,2.7445187e-05,0.0,0.0,10.0
12,121,0,47.0,5.6651416,222.59329,0.003268371,-0.00044135854,7.4945235,89.00714,1.1,0.0,35.0,0.033835303,0.01,3000.0,0.1,17.659306,2.9154262e-05,0.0,0.0,10.0
37,17,0,36.0,2.3168123,33.582623,-0.0025654424,-0.00042676504,9.895462,89.00714,1.1,0.0,35.0,0.033835303,0.01,3000.0,0.1,17.657368,7.146334e-05,0.0,0.0,10.0
13,75,0,68.0,2.5828042,82.84625,0.0076296646,9.6054704e-05,7.5894213,252.2636,0.3,0.0,35.0,0.033835303,0.05,3000.0,0.015,88.28856,6.39434e-05,0.0,0.0,50.0
37,39,0,52.0,3.8408902,270.0,0.0042303116,0.00021763406,7.191771,199.67502,0.3,0.0,35.0,0.033835303,0.05,3000.0,0.015,88.29338,4.297876e-05,0.0,0.0,50.0
44,109,0,20.0,0.32055113,270.0,-0.095887065,-0.0007198897,13.6840105,0.0,1.1,0.0,35.0,0.033835303,0.01,3000.0,0.1,17.637016,0.00051513937,0.0,0.0,10.0
85,52,0,13.0,2.9578419,229.28355,-0.006888247,-2.0127069e-05,8.552238,178.01428,1.1,0.0,35.0,0.033835303,0.01,3000.0,0.1,17.658081,5.592975e-05,0.0,0.0,10.0
55,55,0,20.0,1.7317762,21.721191,-0.0018226978,-0.00016479529,8.68267,89.00714,1.1,0.0,35.0,0.033835303,0.01,3000.0,0.1,17.656258,9.565623e-05,0.0,0.0,10.0
40,77,0,24.0,1.3625141,44.88351,0.0066067902,-0.00028236143,8.229454,89.3698,1.1,0.0,35.0,0.033835303,0.01,3000.0,0.1,17.655073,0.00012140628,0.0,0.0,10.0
54,93,0,58.0,5.6019397,193.18867,0.002510092,0.00068697997,7.505815,252.2636,0.3,0.0,35.0,0.033835303,0.05,3000.0,0.015,88.29644,2.9534056e-05,0.0,0.0,50.0
46,81,0,32.0,5.4706297,263.26306,0.0036656803,-3.640048e-06,6.8365355,89.3698,0.3,0.0,35.0,0.033835303,0.05,3000.0,0.015,88.29632,3.0141728e-05,0.0,0.0,50.0
50,85,0,50.0,2.3411603,344.11603,0.010248116,0.00033421666,7.6877713,378.3954,0.3,0.0,35.0,0.033835303,0.05,3000.0,0.015,88.28699,7.081768e-05,0.0,0.0,50.0
29,19,0,47.0,1.9493196,279.50018,-0.00556183,-0.00028202755,8.564256,321.82562,1.1,0.0,35.0,0.033835303,0.01,3000.0,0.1,17.656755,8.471815e-05,0.0,0.0,10.0
53,64,0,31.0,4.1767726,180.0,-0.0017144701,-0.0002817526,7.8008094,126.1318,1.1,0.0,35.0,0.033835303,0.01,3000.0,0.1,17.658825,3.9674564e-05,0.0,0.0,10.0
33,116,0,51.0,7.9917264,343.8023,-0.002056387,3.694224e-05,7.1472006,89.00714,1.1,0.0,35.0,0.033835303,0.01,3000.0,0.1,17.659698,2.0608899e-05,0.0,0.0,10.0
80,60,0,31.0,1.7317762,338.2788,0.028555598,0.0006110378,7.9895225,199.67502,1.1,0.0,35.0,0.033835303,0.01,3000.0,0.1,17.656258,9.565623e-05,0.0,0.0,10.0
0,39,0,62.0,2.3168123,33.582623,-0.0070400485,3.1784573e-05,7.698237,321.82562,1.0,0.0,35.0,0.033835303,0.1,3000.0,0.035,176.57368,7.146333e-05,0.0,0.0,0.0
92,32,0,16.0,2.2745183,8.097549,-0.0034207676,4.186626e-05,7.716681,199.18846,1.1,0.0,35.0,0.033835303,0.01,3000.0,0.1,17.6573,7.286857e-05,0.0,0.0,10.0
7,85,0,101.0,4.314165,318.1286,0.012380094,0.0008172956,7.0751786,282.49762,1.1,0.0,35.0,0.033835303,0.01,3000.0,0.1,17.658886,3.834528e-05,0.0,0.0,10.0
98,23,0,14.0,0.7173292,296.65836,0.0115749985,-4.9986542e-05,8.871142,268.10938,0.3,0.0,35.0,0.033835303,0.05,3000.0,0.015,88.25038,0.00023040718,0.0,0.0,50.0
3,97,0,101.0,12.157202,117.99371,0.00309954,0.0006930467,6.025886,268.10938,1.1,0.0,35.0,0.033835303,0.01,3000.0,0.1,17.660028,1.339281e-05,0.0,0.0,10.0
16,84,0,66.0,2.3131957,56.20232,0.008391883,9.8983204e-05,7.699801,178.7396,1.1,0.0,35.0,0.033835303,0.01,3000.0,0.1,17.657368,7.146334e-05,0.0,0.0,10.0
110,57,0,16.0,1.0139902,71.49504,-0.009263661,0.00010105537,8.524977,268.10938,1.1,0.0,35.0,0.033835303,0.01,3000.0,0.1,17.653168,0.00016295575,0.0,0.0,10.0
25,39,0,45.0,4.269692,283.04578,0.0037550754,-2.7917036e-05,7.0855794,89.3698,1.1,0.0,35.0,0.033835303,0.01,3000.0,0.1,17.65887,3.8649116e-05,0.0,0.0,10.0
34,55,0,41.0,1.6088798,0.0,0.03343217,0.00069342466,8.063173,199.67502,1.1,0.0,35.0,0.033835303,0.01,3000.0,0.1,17.655918,0.00010306223,0.0,0.0,10.0
121,67,0,17.0,1.0172933,18.36517,0.0040575974,-0.00010355832,8.521724,199.67502,0.3,0.0,35.0,0.033835303,0.05,3000.0,0.015,88.26585,0.00016295575,0.0,0.0,50.0
74,77,0,39.0,2.1510887,296.65836,-0.0035228254,0.0001617467,8.465677,178.7396,1.1,0.0,35.0,0.033835303,0.01,3000.0,0.1,17.65712,7.681844e-05,0.0,0.0,10.0
54,116,0,44.0,0.32055113,270.0,0.090246655,-6.259911e-05,9.676678,321.82562,1.1,0.0,35.0,0.033835303,0.01,3000.0,0.1,17.637016,0.00051513937,0.0,0.0,10.0
107,78,0,14.0,1.6065339,36.758133,-0.005148769,1.8413162e-05,8.757781,321.3227,0.3,0.0,35.0,0.033835303,0.05,3000.0,0.015,88.279594,0.00010306221,0.0,0.0,50.0
35,13,0,32.0,7.3625574,107.717545,0.00021794079,-0.001097876,6.5370417,89.3698,1.1,0.0,35.0,0.033835303,0.01,3000.0,0.1,17.659618,2.2355947e-05,0.0,0.0,10.0
77,55,0,16.0,2.3168123,213.58264,0.00011932222,-0.00050695456,8.391384,126.1318,0.3,0.0,35.0,0.033835303,0.05,3000.0,0.015,88.28684,7.146333e-05,0.0,0.0,50.0
90,106,0,21.0,2.9533155,282.57825,0.0022299453,-0.0008623129,8.148307,126.1318,0.3,0.0,35.0,0.033835303,0.05,3000.0,0.015,88.290405,5.5929737e-05,0.0,0.0,50.0
59,60,0,25.0,2.3131957,56.20232,0.008212057,-0.00011106762,8.392948,126.1318,0.3,0.0,35.0,0.033835303,0.05,3000.0,0.015,88.28684,7.146333e-05,0.0,0.0,50.0
88,45,0,24.0,0.7173292,63.34164,-0.003019565,3.7286238e-05,8.871142,321.3227,1.1,0.0,35.0,0.033835303,0.01,3000.0,0.1,17.650076,0.00023040721,0.0,0.0,10.0
13,109,0,53.0,6.7354693,182.71527,-0.00017809359,-7.212269e-05,7.3201127,321.3227,1.1,0.0,35.0,0.033835303,0.01,3000.0,0.1,17.65952,2.4558754e-05,0.0,0.0,10.0
73,83,0,54.0,2.5080328,320.30896,0.0038082858,0.000114570976,8.717449,357.4792,1.1,0.0,35.0,0.033835303,0.01,3000.0,0.1,17.657618,6.595632e-05,0.0,0.0,10.0
91,50,0,21.0,1.8164191,135.11649,-0.0004955094,0.000109962464,7.9417725,89.3698,0.3,0.0,35.0,0.033835303,0.05,3000.0,0.015,88.28233,9.1098686e-05,0.0,0.0,50.0
25,48,0,22.0,1.6047066,53.018208,-0.0071430923,-0.0011475479,9.67521,199.18846,1.1,0.0,35.0,0.033835303,0.01,3000.0,0.1,17.655918,0.00010306223,0.0,0.0,10.0
19,22,0,40.0,2.2745183,8.097549,-0.011397304,-0.0002689011,10.424731,0.0,1.1,0.0,35.0,0.033835303,0.01,3000.0,0.1,17.6573,7.286857e-05,0.0,0.0,10.0
106,118,0,21.0,3.0394335,71.49504,-0.0040380075,-0.00022362471,8.119512,199.18846,1.1,0.0,35.0,0.033835303,0.01,3000.0,0.1,17.65815,5.4334618e-05,0.0,0.0,10.0
112,104,0,16.0,0.9615732,270.0,-0.0,-6.2575586e-05,8.578065,199.67502,0.3,0.0,35.0,0.033835303,0.05,3000.0,0.015,88.26383,0.00017176695,0.0,0.0,50.0
42,103,0,40.0,3.550397,174.82652,-0.0061658705,-8.797542e-05,7.9637814,126.1318,0.3,0.0,35.0,0.033835303,0.05,3000.0,0.015,88.29253,4.6662768e-05,0.0,0.0,50.0
67,65,0,42.0,4.8586106,172.4358,0.00849475,0.00068491197,6.955821,281.58017,1.1,0.0,35.0,0.033835303,0.01,3000.0,0.1,17.659082,3.405361e-05,0.0,0.0,10.0
18,73,0,43.0,2.8670712,63.34164,-0.0040260865,-4.9610713e-05,8.583461,126.1318,1.1,0.0,35.0,0.033835303,0.01,3000.0,0.1,17.658003,5.7600842e-05,0.0,0.0,10.0
64,12,0,21.0,3.5362613,275.21548,0.0033189517,0.00038917275,7.2746334,504.5272,1.1,0.0,35.0,0.033835303,0.01,3000.0,0.1,17.658504,4.666277e-05,0.0,0.0,10.0
87,114,0,31.0,1.3265119,346.01846,-0.01606948,-9.784072e-05,9.354856,89.3698,1.1,0.0,35.0,0.033835303,0.01,3000.0,0.1,17.654911,0.00012497634,0.0,0.0,10.0
18,52,0,48.0,0.7173292,296.65836,0.011574997,0.000827258,8.871142,268.10938,1.1,0.0,35.0,0.033835303,0.01,3000.0,0.1,17.650076,0.00023040721,0.0,0.0,10.0
27,50,0,25.0,1.9493196,80.49982,-0.011524514,-0.0003319638,8.969721,268.10938,1.1,0.0,35.0,0.033835303,0.01,3000.0,0.1,17.656755,8.471815e-05,0.0,0.0,10.0
39,109,0,31.0,1.3217627,75.90884,-0.0065134326,0.0002450155,8.25983,126.1318,1.1,0.0,35.0,0.033835303,0.01,3000.0,0.1,17.654911,0.00012497634,0.0,0.0,10.0
10,50,0,36.0,1.3265119,166.01846,-0.006284598,-0.00026296385,9.865681,252.2636,1.1,0.0,35.0,0.033835303,0.01,3000.0,0.1,17.654911,0.00012497634,0.0,0.0,10.0
75,57,0,15.0,2.2745183,8.097549,0.0015133349,-0.00031207738,7.716681,126.1318,0.3,0.0,35.0,0.033835303,0.05,3000.0,0.015,88.286514,7.2868555e-05,0.0,0.0,50.0
93,52,0,19.0,0.32055113,90.0,-0.016921248,-9.389865e-05,10.369824,199.18846,0.3,0.0,35.0,0.033835303,0.05,3000.0,0.015,88.18508,0.00051513937,0.0,0.0,50.0
24,17,0,32.0,3.9738631,193.98154,-0.0018031753,-0.00012525894,7.8507776,89.00714,1.1,0.0,35.0,0.033835303,0.01,3000.0,0.1,17.658733,4.164949e-05,0.0,0.0,10.0
121,69,0,20.0,1.437936,333.528,0.0064946795,-3.7278893e-05,8.175556,321.3227,0.3,0.0,35.0,0.033835303,0.05,3000.0,0.015,88.276794,0.00011521562,0.0,0.0,50.0
116,85,0,15.0,1.6023545,270.0,0.0011280831,0.00018758589,8.06724,178.01428,1.1,0.0,35.0,0.033835303,0.01,3000.0,0.1,17.655918,0.00010306223,0.0,0.0,10.0
98,77,0,16.0,1.6047066,126.98179,-0.00071880134,-0.0005451952,10.262997,252.2636,0.3,0.0,35.0,0.033835303,0.05,3000.0,0.015,88.279594,0.00010306221,0.0,0.0,50.0
62,79,0,52.0,3.0247579,237.88983,0.010028718,0.000974061,7.431214,281.58017,0.3,0.0,35.0,0.033835303,0.05,3000.0,0.015,88.290695,5.4638444e-05,0.0,0.0,50.0
21,55,0,36.0,2.3331003,106.007034,-0.0019570445,-4.5865516e-05,7.6912236,199.67502,0.3,0.0,35.0,0.033835303,0.05,3000.0,0.015,88.28699,7.081768e-05,0.0,0.0,50.0
4,59,0,44.0,2.9641948,12.479561,0.0059333416,-0.00021324081,8.83777,199.18846,1.1,0.0,35.0,0.033835303,0.01,3000.0,0.1,17.658081,5.592975e-05,0.0,0.0,10.0
80,30,0,17.0,3.2998333,60.846382,1.5460344e-05,2.9749981e-05,8.73029,199.67502,0.3,0.0,35.0,0.033835303,0.05,3000.0,0.015,88.29174,5.008091e-05,0.0,0.0,50.0
109,118,0,15.0,1.9304327,0.0,-0.004643356,3.150292e-05,8.573999,126.1318,1.1,0.0,35.0,0.033835303,0.01,3000.0,0.1,17.656706,8.5857544e-05,0.0,0.0,10.0
78,121,0,39.0,1.6404692,11.265213,0.0031116304,-0.0003419142,8.043719,178.7396,1.1,0.0,35.0,0.033835303,0.01,3000.0,0.1,17.656006,0.000101087295,0.0,0.0,10.0
11,64,0,65.0,4.4578137,30.155136,-0.0015655182,0.001179856,7.0422955,321.3227,0.3,0.0,35.0,0.033835303,0.05,3000.0,0.015,88.294716,3.7129936e-05,0.0,0.0,50.0
41,124,0,50.0,6.604338,13.9815235,0.0051231403,2.0289087e-06,6.6468053,455.62735,1.1,0.0,35.0,0.033835303,0.01,3000.0,0.1,17.659498,2.4976529e-05,0.0,0.0,10.0
86,105,0,36.0,2.0339458,198.36517,0.014554425,-0.00023549737,7.8285766,199.67502,1.1,0.0,35.0,0.033835303,0.01,3000.0,0.1,17.656904,8.14899e-05,0.0,0.0,10.0
38,64,0,45.0,2.3411603,195.88397,-0.008802683,7.7981655e-05,7.6877713,267.02142,1.1,0.0,35.0,0.033835303,0.01,3000.0,0.1,17.657396,7.0817674e-05,0.0,0.0,10.0
88,29,0,14.0,1.3265119,13.981523,-0.0074778763,-0.00017254725,8.256243,282.49762,1.1,0.0,35.0,0.033835303,0.01,3000.0,0.1,17.654911,0.00012497634,0.0,0.0,10.0
30,89,0,55.0,1.1570693,236.20233,-0.005035131,0.0002908583,8.392948,321.3227,1.1,0.0,35.0,0.033835303,0.01,3000.0,0.1,17.65409,0.00014290263,0.0,0.0,10.0
114,105,0,17.0,0.71908116,26.471973,-0.009492223,-0.00010071323,9.561851,252.2636,0.3,0.0,35.0,0.033835303,0.05,3000.0,0.015,88.25038,0.00023040718,0.0,0.0,50.0
76,55,0,16.0,2.5929894,172.9036,-0.003296751,-0.00019594126,9.53139,89.00714,1.1,0.0,35.0,0.033835303,0.01,3000.0,0.1,17.657711,6.394341e-05,0.0,0.0,10.0
121,114,0,20.0,2.5080328,219.69104,0.00014104758,-0.00025584956,8.311984,178.01428,1.1,0.0,35.0,0.033835303,0.01,3000.0,0.1,17.657618,6.595632e-05,0.0,0.0,10.0
60,86,0,39.0,2.2700963,44.88351,-0.0071353344,-0.00022025377,8.411776,199.18846,0.3,0.0,35.0,0.033835303,0.05,3000.0,0.015,88.286514,7.2868555e-05,0.0,0.0,50.0
38,115,0,38.0,1.3625141,315.1165,-0.023784444,-0.0003147971,10.53204,126.1318,0.3,0.0,35.0,0.033835303,0.05,3000.0,0.015,88.275375,0.000121406265,0.0,0.0,50.0
114,34,0,13.0,0.71908116,206.47198,0.014987721,0.00028287113,8.868703,356.02856,0.3,0.0,35.0,0.033835303,0.05,3000.0,0.015,88.25038,0.00023040718,0.0,0.0,50.0
11,9,0,24.0,0.45424747,315.1165,0.04955094,-0.0005516072,10.714361,199.18846,1.1,0.0,35.0,0.033835303,0.01,3000.0,0.1,17.643934,0.0003643228,0.0,0.0,10.0
116,103,0,14.0,0.32185718,180.0,-0.03343217,-0.00037866135,12.505825,0.0,0.3,0.0,35.0,0.033835303,0.05,3000.0,0.015,88.18508,0.00051513937,0.0,0.0,50.0
47,21,0,22.0,2.5061967,129.9202,-0.0111555215,-0.0008633712,8.718183,126.1318,1.1,0.0,35.0,0.033835303,0.01,3000.0,0.1,17.657618,6.595632e-05,0.0,0.0,10.0
109,25,0,-32768.0,89.77954,44.882637,3.0218717e-07,-1.173771e-07,0.029109465,717.64355,0.3,0.0,35.0,0.033835303,0.05,3000.0,0.015,88.303215,6.203262e-08,0.0,0.0,50.0
8,62,0,58.0,3.344013,286.7635,0.0025153358,0.00025886987,7.3306665,252.2636,1.1,0.0,35.0,0.033835303,0.01,3000.0,0.1,17.65838,4.9397288e-05,0.0,0.0,10.0
17,21,0,43.0,5.6062613,30.861067,0.003533944,-0.00052731804,7.505039,178.7396,1.1,0.0,35.0,0.033835303,0.01,3000.0,0.1,17.659292,2.9496081e-05,0.0,0.0,10.0
54,17,0,44.0,6.188672,158.82806,0.0051851873,0.0010244115,6.7123547,398.37692,1.1,0.0,35.0,0.033835303,0.01,3000.0,0.1,17.659418,2.672358e-05,0.0,0.0,10.0
56,46,0,39.0,4.9826775,345.1265,0.0015799523,0.00029960112,7.623629,453.9204,1.1,0.0,35.0,0.033835303,0.01,3000.0,0.1,17.659122,3.3218064e-05,0.0,0.0,10.0
41,102,0,40.0,1.1588799,213.58264,-0.016227916,-0.00064345077,11.281756,0.0,0.3,0.0,35.0,0.033835303,0.05,3000.0,0.015,88.270454,0.00014290263,0.0,0.0,50.0
64,24,0,19.0,7.2842264,298.90927,-0.0010802301,-0.00029542198,7.2410026,199.67502,1.1,0.0,35.0,0.033835303,0.01,3000.0,0.1,17.659607,2.2621804e-05,0.0,0.0,10.0
77,42,0,30.0,8.8893,159.04042,-0.00074145634,-8.1686285e-06,6.3460574,126.1318,0.3,0.0,35.0,0.033835303,0.05,3000.0,0.015,88.29898,1.8482047e-05,0.0,0.0,50.0
88,18,0,15.0,0.90843785,44.88351,0.013874263,9.425453e-05,8.634919,321.82562,1.1,0.0,35.0,0.033835303,0.01,3000.0,0.1,17.652287,0.00018217335,0.0,0.0,10.0
85,0,0,-32768.0,0.0,0.0,0.0,0.0,11.398502,847.4929,1.0,0.0,35.0,0.033835303,0.1,3000.0,0.035,0.0,999.0,0.0,0.0,0.0
10,9,0,25.0,3.2782533,191.26523,-0.0007358589,0.0003235427,7.3505716,178.01428,1.1,0.0,35.0,0.033835303,0.01,3000.0,0.1,17.658325,5.053667e-05,0.0,0.0,10.0
44,23,0,23.0,2.0339458,198.36517,-0.019317692,-0.0006647719,10.773016,0.0,1.1,0.0,35.0,0.033835303,0.01,3000.0,0.1,17.656904,8.14899e-05,0.0,0.0,10.0
57,62,0,36.0,3.5362613,84.78452,0.00531116,0.00014328666,7.2746334,282.49762,0.3,0.0,35.0,0.033835303,0.05,3000.0,0.015,88.29253,4.6662768e-05,0.0,0.0,50.0
23,14,0,40.0,4.763177,312.38968,0.0021683224,0.00028838665,6.9757524,199.18846,1.1,0.0,35.0,0.033835303,0.01,3000.0,0.1,17.659056,3.4699257e-05,0.0,0.0,10.0
31,81,0,45.0,3.9090981,170.57538,0.0016964606,0.0005419425,7.1741147,199.18846,1.1,0.0,35.0,0.033835303,0.01,3000.0,0.1,17.658699,4.2371095e-05,0.0,0.0,10.0
98,108,0,45.0,3.5359704,0.0,0.0050654802,0.00043927415,7.274716,199.18846,0.3,0.0,35.0,0.033835303,0.05,3000.0,0.015,88.29249,4.685266e-05,0.0,0.0,50.0
14,40,0,44.0,1.6065339,323.24188,-0.009402099,-0.00026861404,9.856393,367.07394,1.1,0.0,35.0,0.033835303,0.01,3000.0,0.1,17.655918,0.00010306223,0.0,0.0,10.0
111,56,0,13.0,1.6023545,90.0,-0.01128083,9.3792936e-05,9.453534,178.7396,0.3,0.0,35.0,0.033835303,0.05,3000.0,0.015,88.279594,0.00010306221,0.0,0.0,50.0
7,58,0,46.0,0.71908116,333.528,0.02497954,9.388419e-05,8.868703,199.18846,1.1,0.0,35.0,0.033835303,0.01,3000.0,0.1,17.650076,0.00023040721,0.0,0.0,10.0
61,33,0,36.0,6.351497,220.79912,0.006791036,-0.0006209255,6.686176,252.2636,0.3,0.0,35.0,0.033835303,0.05,3000.0,0.015,88.297264,2.6001971e-05,0.0,0.0,50.0
100,44,0,13.0,1.6343267,258.6452,0.0059960554,-0.00026440472,8.047472,199.18846,0.3,0.0,35.0,0.033835303,0.05,3000.0,0.015,88.28004,0.00010108727,0.0,0.0,50.0
36,113,0,34.0,3.650967,285.31436,-0.0140679125,0.0002044473,7.935775,89.3698,1.1,0.0,35.0,0.033835303,0.01,3000.0,0.1,17.65857,4.5219556e-05,0.0,0.0,10.0
103,104,0,42.0,6.4559345,81.43499,0.0028502916,-0.00040655417,6.66973,281.58017,0.3,0.0,35.0,0.033835303,0.05,3000.0,0.015,88.29738,2.5508238e-05,0.0,0.0,50.0
63,121,0,49.0,2.3331003,286.00705,-0.00965378,-0.0001709484,9.077518,321.3227,0.3,0.0,35.0,0.033835303,0.05,3000.0,0.015,88.28699,7.081768e-05,0.0,0.0,50.0
104,29,0,13.0,0.71908116,206.47198,-0.007993451,6.4211968e-06,8.868703,199.18846,0.3,0.0,35.0,0.033835303,0.05,3000.0,0.015,88.25038,0.00023040718,0.0,0.0,50.0
10,118,0,36.0,2.5627255,270.0,-0.004230312,-0.0006241439,10.305286,0.0,1.1,0.0,35.0,0.033835303,0.01,3000.0,0.1,17.657688,6.443714e-05,0.0,0.0,10.0
94,55,0,19.0,0.9615732,90.0,-0.0075205537,-0.00028159012,10.369824,321.82562,0.3,0.0,35.0,0.033835303,0.05,3000.0,0.015,88.26383,0.00017176695,0.0,0.0,50.0
80,69,0,20.0,2.1510887,116.65834,-0.007884419,-0.00054985966,8.871142,89.00714,1.1,0.0,35.0,0.033835303,0.01,3000.0,0.1,17.65712,7.681844e-05,0.0,0.0,10.0
117,107,0,23.0,2.1510887,296.65836,0.008723186,-0.00016951172,7.7725306,367.07394,1.1,0.0,35.0,0.033835303,0.01,3000.0,0.1,17.65712,7.681844e-05,0.0,0.0,10.0
31,48,0,31.0,2.7591798,54.35206,0.0030972483,0.00019665706,7.5232677,89.00714,1.1,0.0,35.0,0.033835303,0.01,3000.0,0.1,17.657896,5.9917587e-05,0.0,0.0,10.0
79,94,0,37.0,4.1767726,180.0,0.0034289402,0.0003130584,7.107662,178.7396,0.3,0.0,35.0,0.033835303,0.05,3000.0,0.015,88.29412,3.967456e-05,0.0,0.0,50.0
32,68,0,47.0,4.8270855,356.20135,-0.0047169677,-0.00041386232,8.5718,126.1318,1.1,0.0,35.0,0.033835303,0.01,3000.0,0.1,17.65907,3.431947e-05,0.0,0.0,10.0
30,85,0,47.0,3.7441425,30.861074,0.0020583344,0.0003038615,7.9105043,199.67502,1.1,0.0,35.0,0.033835303,0.01,3000.0,0.1,17.658619,4.4156135e-05,0.0,0.0,10.0
14,12,0,33.0,3.156025,65.95092,0.009957801,7.915379e-05,8.081797,178.7396,1.1,0.0,35.0,0.033835303,0.01,3000.0,0.1,17.658243,5.235969e-05,0.0,0.0,10.0
111,88,0,15.0,1.1570693,56.20232,-0.0071930415,8.364998e-05,8.392948,199.18846,1.1,0.0,35.0,0.033835303,0.01,3000.0,0.1,17.65409,0.00014290263,0.0,0.0,10.0
24,45,0,30.0,4.910693,191.26523,0.0016118804,-0.00054321106,8.043719,89.00714,1.1,0.0,35.0,0.033835303,0.01,3000.0,0.1,17.6591,3.367382e-05,0.0,0.0,10.0
11,65,0,66.0,1.6023545,270.0,0.019177414,0.00037517177,8.06724,357.4792,0.3,0.0,35.0,0.033835303,0.05,3000.0,0.015,88.279594,0.00010306221,0.0,0.0,50.0
109,31,0,12.0,2.1563382,206.47198,-0.0011657118,0.00010652353,7.7700906,199.18846,0.3,0.0,35.0,0.033835303,0.05,3000.0,0.015,88.28561,7.6818425e-05,0.0,0.0,50.0
51,77,0,24.0,1.6343267,78.64518,-0.02640816,0.00027876886,8.047472,89.3698,0.3,0.0,35.0,0.033835303,0.05,3000.0,0.015,88.28004,0.00010108727,0.0,0.0,50.0
70,37,0,4.0,0.64369404,180.0,-0.016716085,-0.0005679115,12.891487,0.0,0.7,0.0,35.0,0.033835303,0.1,3000.0,0.035,176.48827,0.00025760048,0.0,0.0,30.0
68,13,0,15.0,3.8804142,24.356306,0.001607873,-0.00010907477,8.280114,199.67502,1.1,0.0,35.0,0.033835303,0.01,3000.0,0.1,17.658686,4.2674936e-05,0.0,0.0,10.0
25,61,0,79.0,3.460394,21.721191,0.007183574,0.00063353096,7.2963753,398.37692,1.1,0.0,35.0,0.033835303,0.01,3000.0,0.1,17.658451,4.784013e-05,0.0,0.0,10.0
101,39,0,20.0,1.3625141,135.11649,0.021802407,0.00039266323,8.229454,281.58017,1.1,0.0,35.0,0.033835303,0.01,3000.0,0.1,17.655073,0.00012140628,0.0,0.0,10.0
9,45,0,48.0,4.4578137,30.155136,0.0041774954,0.00039371426,7.7354426,178.01428,1.1,0.0,35.0,0.033835303,0.01,3000.0,0.1,17.658943,3.7129943e-05,0.0,0.0,10.0
50,20,0,37.0,7.4386024,154.62697,0.0065887473,0.00047777678,6.526651,178.01428,1.1,0.0,35.0,0.033835303,0.01,3000.0,0.1,17.659628,2.2204033e-05,0.0,0.0,10.0
0,111,0,53.0,1.4344336,296.65836,-0.03120217,0.0002161727,8.177996,321.3227,1.0,0.0,35.0,0.033835303,0.1,3000.0,0.035,176.55359,0.00011521561,0.0,0.0,0.0
4,88,0,75.0,2.0339458,18.36517,-0.01623039,-0.0001739784,10.393526,0.0,1.1,0.0,35.0,0.033835303,0.01,3000.0,0.1,17.656904,8.14899e-05,0.0,0.0,10.0
13,42,0,46.0,1.1588799,146.41736,0.005608175,-0.0002067129,8.391384,367.07394,1.1,0.0,35.0,0.033835303,0.01,3000.0,0.1,17.65409,0.00014290263,0.0,0.0,10.0
27,4,0,28.0,5.480434,20.479568,-0.012185882,-0.0010438702,9.137319,89.00714,1.1,0.0,35.0,0.033835303,0.01,3000.0,0.1,17.65926,3.017971e-05,0.0,0.0,10.0
47,49,0,31.0,2.0273457,108.504944,-0.0028503574,3.745951e-05,8.930442,199.67502,0.3,0.0,35.0,0.033835303,0.05,3000.0,0.015,88.28453,8.14899e-05,0.0,0.0,50.0
119,74,0,19.0,0.90843785,315.1165,-0.0158563,-4.131468e-09,9.733532,504.5272,0.3,0.0,35.0,0.033835303,0.05,3000.0,0.015,88.26144,0.00018217333,0.0,0.0,50.0
5,118,0,41.0,4.1742787,22.537268,0.0050916895,-0.0010238097,9.305486,199.18846,1.1,0.0,35.0,0.033835303,0.01,3000.0,0.1,17.658825,3.9674564e-05,0.0,0.0,10.0
54,55,0,22.0,0.90843785,44.88351,-0.0059461123,9.450483e-05,8.634919,126.1318,0.3,0.0,35.0,0.033835303,0.05,3000.0,0.015,88.26144,0.00018217333,0.0,0.0,50.0
49,116,0,29.0,1.8704919,301.06665,-0.021297377,9.809422e-05,7.912418,89.3698,1.1,0.0,35.0,0.033835303,0.01,3000.0,0.1,17.65659,8.8402165e-05,0.0,0.0,10.0
19,46,0,44.0,4.9652257,75.010475,0.0045853984,-5.0416133e-05,6.934008,199.18846,1.1,0.0,35.0,0.033835303,0.01,3000.0,0.1,17.659122,3.3218064e-05,0.0,0.0,10.0
103,49,0,11.0,1.3625141,44.88351,0.0052854326,-0.00018790015,9.328067,178.01428,0.3,0.0,35.0,0.033835303,0.05,3000.0,0.015,88.275375,0.000121406265,0.0,0.0,50.0
21,9,0,32.0,1.2820039,270.0,-0.033842493,-0.00025022012,10.487608,282.49762,1.1,0.0,35.0,0.033835303,0.01,3000.0,0.1,17.654736,0.00012881226,0.0,0.0,10.0
49,107,0,37.0,1.6343267,78.64518,-0.009100396,6.997291e-05,9.433766,252.2636,0.3,0.0,35.0,0.033835303,0.05,3000.0,0.015,88.28004,0.00010108727,0.0,0.0,50.0
29,1,0,21.0,8.717309,336.33627,-0.0023890662,-0.00046586356,7.464518,89.3698,1.1,0.0,35.0,0.033835303,0.01,3000.0,0.1,17.659779,1.8899824e-05,0.0,0.0,10.0
35,108,0,34.0,4.0813956,224.88351,-0.0015415843,-0.0006101152,7.8239894,321.82562,1.1,0.0,35.0,0.033835303,0.01,3000.0,0.1,17.658785,4.051011e-05,0.0,0.0,10.0
92,48,0,20.0,0.71908116,153.52802,-0.004995909,0.00015708074,8.868703,178.01428,0.3,0.0,35.0,0.033835303,0.05,3000.0,0.015,88.25038,0.00023040718,0.0,0.0,50.0
61,0,0,27.0,5.480434,159.52043,0.0014404746,-0.00044858566,6.834734,281.58017,1.0,0.0,35.0,0.033835303,0.1,3000.0,0.035,176.5926,3.0179704e-05,0.0,0.0,0.0
78,96,0,28.0,3.156025,114.049065,-0.0002297959,0.00023097922,8.081797,178.7396,0.3,0.0,35.0,0.033835303,0.05,3000.0,0.015,88.29122,5.235968e-05,0.0,0.0,50.0
49,42,0,28.0,3.156025,294.04907,-0.0023981207,-0.0003375344,8.081797,89.3698,1.1,0.0,35.0,0.033835303,0.01,3000.0,0.1,17.658243,5.235969e-05,0.0,0.0,10.0
10,40,0,54.0,3.2069,233.01822,0.0042229583,0.00023461101,7.372625,252.2636,1.1,0.0,35.0,0.033835303,0.01,3000.0,0.1,17.65828,5.156212e-05,0.0,0.0,10.0
20,85,0,44.0,1.4344336,116.65834,6.787905e-10,-0.00031322672,10.575891,89.00714,1.1,0.0,35.0,0.033835303,0.01,3000.0,0.1,17.65536,0.00011521563,0.0,0.0,10.0
25,52,0,39.0,3.2022066,90.0,0.003948291,9.346388e-05,7.3740926,321.3227,0.3,0.0,35.0,0.033835303,0.05,3000.0,0.015,88.291405,5.156211e-05,0.0,0.0,50.0
76,7,0,13.0,1.1570693,123.79766,0.0027573325,0.00010151874,8.392948,126.1318,1.1,0.0,35.0,0.033835303,0.01,3000.0,0.1,17.65409,0.00014290263,0.0,0.0,10.0
100,115,0,27.0,5.256158,217.45607,0.007167996,7.0074424e-07,7.5699105,178.01428,0.3,0.0,35.0,0.033835303,0.05,3000.0,0.015,88.29601,3.143303e-05,0.0,0.0,50.0
2,59,0,36.0,3.7441425,329.13892,0.0017904676,-0.00095792615,7.9105043,199.18846,1.1,0.0,35.0,0.033835303,0.01,3000.0,0.1,17.658619,4.4156135e-05,0.0,0.0,10.0
35,55,0,34.0,4.458137,68.884315,0.00083781726,6.0100243e-05,7.0422225,282.49762,1.1,0.0,35.0,0.033835303,0.01,3000.0,0.1,17.658947,3.7016e-05,0.0,0.0,10.0
4,110,0,60.0,6.351497,40.799107,0.0019323156,0.00015934306,6.686176,199.18846,1.1,0.0,35.0,0.033835303,0.01,3000.0,0.1,17.659452,2.6001971e-05,0.0,0.0,10.0
71,78,0,27.0,2.3131957,303.79767,-0.0039561726,-0.0003719089,9.491561,89.00714,0.3,0.0,35.0,0.033835303,0.05,3000.0,0.015,88.28684,7.146333e-05,0.0,0.0,50.0
32,17,0,48.0,5.377576,342.7122,-0.0030895662,0.0002269934,8.240088,178.01428,1.1,0.0,35.0,0.033835303,0.01,3000.0,0.1,17.659235,3.07494e-05,0.0,0.0,10.0
17,1,0,11.0,2.4413378,113.28305,-0.038439307,-0.00030887683,10.864698,0.0,0.3,0.0,35.0,0.033835303,0.05,3000.0,0.015,88.287704,6.766539e-05,0.0,0.0,50.0
34,87,0,49.0,3.2782533,348.7348,0.0043100286,-2.763018e-05,7.3505716,199.67502,0.3,0.0,35.0,0.033835303,0.05,3000.0,0.015,88.29163,5.053667e-05,0.0,0.0,50.0
13,86,0,63.0,0.45424747,135.11649,-0.05549705,-0.00081477937,9.328067,89.00714,0.3,0.0,35.0,0.033835303,0.05,3000.0,0.015,88.21967,0.0003643227,0.0,0.0,50.0
80,58,0,17.0,1.2872256,0.0,0.012537063,-0.00044145822,8.286317,199.67502,1.1,0.0,35.0,0.033835303,0.01,3000.0,0.1,17.654736,0.00012881226,0.0,0.0,10.0
41,21,0,36.0,3.5797114,100.34592,-0.011703711,-0.00033545637,8.6486845,321.82562,1.1,0.0,35.0,0.033835303,0.01,3000.0,0.1,17.658527,4.613106e-05,0.0,0.0,10.0
37,111,0,44.0,7.0523524,357.408,0.0067323954,0.0003823716,6.5805454,126.1318,1.1,0.0,35.0,0.033835303,0.01,3000.0,0.1,17.659569,2.3419372e-05,0.0,0.0,10.0
39,51,0,23.0,0.7173292,116.65834,-0.036738038,0.00017617996,11.866875,0.0,1.1,0.0,35.0,0.033835303,0.01,3000.0,0.1,17.650076,0.00023040721,0.0,0.0,10.0
35,40,0,41.0,4.022533,331.48737,-0.0008521107,-0.00068925036,9.710367,0.0,1.1,0.0,35.0,0.033835303,0.01,3000.0,0.1,17.658756,4.115576e-05,0.0,0.0,10.0
20,69,0,48.0,1.6404692,168.73477,0.0011353247,-7.0196853e-07,8.736866,281.58017,1.1,0.0,35.0,0.033835303,0.01,3000.0,0.1,17.656006,0.000101087295,0.0,0.0,10.0
7,9,0,23.0,4.557428,39.17527,0.0054745427,-0.0011494184,7.713251,282.49762,0.3,0.0,35.0,0.033835303,0.05,3000.0,0.015,88.29491,3.6294387e-05,0.0,0.0,50.0
48,109,0,41.0,0.45424747,315.1165,0.009910188,0.0002667377,9.328067,357.4792,0.3,0.0,35.0,0.033835303,0.05,3000.0,0.015,88.21967,0.0003643227,0.0,0.0,50.0
52,91,0,51.0,6.3845325,270.0,0.00366627,-9.216673e-05,6.6809454,178.7396,0.3,0.0,35.0,0.033835303,0.05,3000.0,0.015,88.29732,2.5812073e-05,0.0,0.0,50.0
98,98,0,32.0,5.869748,299.4574,0.0033162236,3.7159803e-05,7.458803,178.01428,1.1,0.0,35.0,0.033835303,0.01,3000.0,0.1,17.659353,2.8090843e-05,0.0,0.0,10.0
60,30,0,47.0,6.0761523,273.02505,0.0066061076,-0.0002239965,6.7308445,356.02856,1.1,0.0,35.0,0.033835303,0.01,3000.0,0.1,17.6594,2.7103377e-05,0.0,0.0,10.0
62,123,0,51.0,2.651603,193.98154,0.003022971,0.00039391572,7.563096,282.49762,0.3,0.0,35.0,0.033835303,0.05,3000.0,0.015,88.288895,6.250019e-05,0.0,0.0,50.0
1,8,0,57.0,0.45424747,135.11649,0.1803654,-0.0002651794,9.328067,321.3227,0.3,0.0,35.0,0.033835303,0.05,3000.0,0.015,88.21967,0.0003643227,0.0,0.0,50.0
112,67,0,16.0,1.0139902,251.49506,0.0024940628,-0.00010695058,8.524977,89.00714,0.3,0.0,35.0,0.033835303,0.05,3000.0,0.015,88.26585,0.00016295575,0.0,0.0,50.0
113,90,0,24.0,4.984216,315.1165,-0.0034235187,0.00044917283,7.6233187,357.4792,1.1,0.0,35.0,0.033835303,0.01,3000.0,0.1,17.659124,3.3142107e-05,0.0,0.0,10.0
117,113,0,16.0,0.7173292,63.34164,-0.0035228243,-0.00014443169,9.56429,446.19705,1.1,0.0,35.0,0.033835303,0.01,3000.0,0.1,17.650076,0.00023040721,0.0,0.0,10.0
59,101,0,35.0,4.0813956,44.883507,-0.00022022646,0.00042221035,7.130842,178.01428,0.3,0.0,35.0,0.033835303,0.05,3000.0,0.015,88.29393,4.051011e-05,0.0,0.0,50.0
63,96,0,35.0,2.746499,159.52043,-0.008025504,-5.124706e-05,7.527881,89.00714,0.3,0.0,35.0,0.033835303,0.05,3000.0,0.015,88.28938,6.0335355e-05,0.0,0.0,50.0
36,51,0,26.0,1.6088798,180.0,0.0011144057,3.151931e-05,8.063173,252.2636,1.1,0.0,35.0,0.033835303,0.01,3000.0,0.1,17.655918,0.00010306223,0.0,0.0,10.0
33,47,0,30.0,3.2310994,174.31241,-0.0009882253,-6.7811266e-06,7.3650913,89.00714,1.1,0.0,35.0,0.033835303,0.01,3000.0,0.1,17.658293,5.129627e-05,0.0,0.0,10.0
65,85,0,54.0,3.0493183,18.36517,0.009467727,8.972666e-05,7.423112,282.49762,0.3,0.0,35.0,0.033835303,0.05,3000.0,0.015,88.29076,5.433461e-05,0.0,0.0,50.0
41,35,0,43.0,2.1510887,296.65836,-0.0028518115,0.0003275759,7.7725306,252.2636,0.3,0.0,35.0,0.033835303,0.05,3000.0,0.015,88.28561,7.6818425e-05,0.0,0.0,50.0
65,114,0,32.0,3.2782533,11.265213,0.005256133,-0.00061488064,8.043719,126.1318,0.3,0.0,35.0,0.033835303,0.05,3000.0,0.015,88.29163,5.053667e-05,0.0,0.0,50.0
93,53,0,19.0,1.0172933,18.36517,-0.006703857,-0.00013258308,9.908018,281.58017,0.3,0.0,35.0,0.033835303,0.05,3000.0,0.015,88.26585,0.00016295575,0.0,0.0,50.0
109,33,0,7.0,1.6047066,126.98179,-0.0036838574,-8.552546e-05,8.065772,89.3698,0.3,0.0,35.0,0.033835303,0.05,3000.0,0.015,88.279594,0.00010306221,0.0,0.0,50.0
75,54,0,21.0,3.5359704,180.0,0.001519644,-0.0,7.274716,199.18846,0.3,0.0,35.0,0.033835303,0.05,3000.0,0.015,88.29249,4.685266e-05,0.0,0.0,50.0
84,51,0,18.0,1.2820039,270.0,0.011280832,9.383257e-05,8.290383,281.58017,1.1,0.0,35.0,0.033835303,0.01,3000.0,0.1,17.654736,0.00012881226,0.0,0.0,10.0
39,59,0,45.0,1.874072,210.86108,-0.00992512,0.0007010292,7.9105043,398.37692,0.3,0.0,35.0,0.033835303,0.05,3000.0,0.015,88.28295,8.840215e-05,0.0,0.0,50.0
105,49,0,12.0,2.0567696,218.54622,0.0015994152,-0.00037100966,8.510555,252.2636,0.3,0.0,35.0,0.033835303,0.05,3000.0,0.015,88.28476,8.0464444e-05,0.0,0.0,50.0
104,40,0,5.0,2.7591798,54.35206,-0.014065566,-0.00013955303,9.469178,89.3698,0.3,0.0,35.0,0.033835303,0.05,3000.0,0.015,88.28948,5.9917587e-05,0.0,0.0,50.0
22,2,0,22.0,3.7441425,329.13892,0.0026363602,-0.0012071531,9.519942,126.1318,1.1,0.0,35.0,0.033835303,0.01,3000.0,0.1,17.658619,4.4156135e-05,0.0,0.0,10.0
119,34,0,11.0,89.77953,44.88351,1.148275e-06,1.17353856e-07,-0.37632465,571.3408,1.1,0.0,35.0,0.033835303,0.01,3000.0,0.1,17.660643,6.2032626e-08,0.0,0.0,10.0
47,91,0,44.0,1.9304327,0.0,-0.0018573423,-9.450872e-05,9.672611,199.67502,0.3,0.0,35.0,0.033835303,0.05,3000.0,0.015,88.28353,8.585753e-05,0.0,0.0,50.0
108,67,0,15.0,1.1588799,146.41736,0.00083526026,-0.0002058542,9.489997,368.3933,0.3,0.0,35.0,0.033835303,0.05,3000.0,0.015,88.270454,0.00014290263,0.0,0.0,50.0
45,17,0,29.0,4.6745286,15.883961,-0.008932772,7.210849e-05,8.604062,199.18846,1.1,0.0,35.0,0.033835303,0.01,3000.0,0.1,17.65902,3.542087e-05,0.0,0.0,10.0
21,50,0,49.0,1.6088798,180.0,0.0022288114,0.00034671233,8.063173,445.68933,1.1,0.0,35.0,0.033835303,0.01,3000.0,0.1,17.655918,0.00010306223,0.0,0.0,10.0
0,42,0,69.0,2.1510887,116.65834,0.009058693,-0.00015008713,7.7725306,321.3227,1.0,0.0,35.0,0.033835303,0.1,3000.0,0.035,176.57121,7.681842e-05,0.0,0.0,0.0
10,57,0,37.0,0.90843785,315.1165,-0.016847316,-0.00032898833,11.032815,378.3954,1.1,0.0,35.0,0.033835303,0.01,3000.0,0.1,17.652287,0.00018217335,0.0,0.0,10.0
114,102,0,17.0,0.7173292,116.65834,-0.0075489115,6.122692e-07,8.871142,199.67502,0.3,0.0,35.0,0.033835303,0.05,3000.0,0.015,88.25038,0.00023040718,0.0,0.0,50.0
83,95,0,35.0,2.9533155,257.42178,0.0038052935,0.0003669124,7.45516,178.7396,0.3,0.0,35.0,0.033835303,0.05,3000.0,0.015,88.290405,5.5929737e-05,0.0,0.0,50.0
90,74,0,41.0,0.71908116,333.528,-0.007993455,0.00051018555,8.868703,367.07394,0.3,0.0,35.0,0.033835303,0.05,3000.0,0.015,88.25038,0.00023040718,0.0,0.0,50.0
91,14,0,9.0,1.3265119,346.01846,-0.012091885,-0.00019140473,10.895301,0.0,0.3,0.0,35.0,0.033835303,0.05,3000.0,0.015,88.27456,0.00012497633,0.0,0.0,50.0
73,56,0,16.0,2.2700963,135.11649,-0.005946112,-4.7673675e-05,7.718629,89.00714,1.1,0.0,35.0,0.033835303,0.01,3000.0,0.1,17.6573,7.286857e-05,0.0,0.0,10.0
95,57,0,20.0,1.4344336,116.65834,-0.0017614128,4.3810418e-05,9.2766075,178.7396,0.3,0.0,35.0,0.033835303,0.05,3000.0,0.015,88.276794,0.00011521562,0.0,0.0,50.0
81,95,0,24.0,2.5929894,187.0964,-0.011602437,-3.8625178e-05,10.630003,0.0,0.3,0.0,35.0,0.033835303,0.05,3000.0,0.015,88.28856,6.39434e-05,0.0,0.0,50.0
10,120,0,39.0,3.5359704,0.0,-0.0070916726,-0.00037652074,7.967863,178.01428,1.1,0.0,35.0,0.033835303,0.01,3000.0,0.1,17.658497,4.685267e-05,0.0,0.0,10.0
46,72,0,35.0,3.4674404,56.202312,-0.001598454,-0.0002471175,7.987483,126.1318,1.1,0.0,35.0,0.033835303,0.01,3000.0,0.1,17.65846,4.7650243e-05,0.0,0.0,10.0
59,100,0,29.0,4.022533,28.512629,3.2691594e-10,-0.00071740686,7.8385653,89.00714,0.3,0.0,35.0,0.033835303,0.05,3000.0,0.015,88.293785,4.1155752e-05,0.0,0.0,50.0
100,102,0,32.0,4.50811,355.9309,-0.0059773945,-0.0008731524,8.640468,126.1318,0.3,0.0,35.0,0.033835303,0.05,3000.0,0.015,88.2948,3.6750138e-05,0.0,0.0,50.0
82,30,0,10.0,1.1570693,56.20232,-0.01306736,-0.00014519777,8.392948,89.00714,0.3,0.0,35.0,0.033835303,0.05,3000.0,0.015,88.270454,0.00014290263,0.0,0.0,50.0
56,1,0,35.0,0.32055113,90.0,0.005640416,-0.00034429505,9.676678,445.68933,1.1,0.0,35.0,0.033835303,0.01,3000.0,0.1,17.637016,0.00051513937,0.0,0.0,10.0
76,102,0,18.0,1.6343267,101.35481,-0.011992113,-0.00053642446,11.711034,0.0,0.3,0.0,35.0,0.033835303,0.05,3000.0,0.015,88.28004,0.00010108727,0.0,0.0,50.0
68,75,0,31.0,2.0339458,18.36517,0.0054689366,0.00011830706,7.8285766,178.7396,1.1,0.0,35.0,0.033835303,0.01,3000.0,0.1,17.656904,8.14899e-05,0.0,0.0,10.0
77,117,0,32.0,3.0247579,302.1102,0.0025908637,-0.0003550343,8.124361,199.18846,0.3,0.0,35.0,0.033835303,0.05,3000.0,0.015,88.290695,5.4638444e-05,0.0,0.0,50.0
120,43,0,13.0,0.6410822,90.0,0.005640416,0.00018777087,8.98353,357.4792,0.3,0.0,35.0,0.033835303,0.05,3000.0,0.015,88.24413,0.00025760045,0.0,0.0,50.0
109,50,0,18.0,2.4413378,293.28308,0.011470614,7.645824e-05,7.645823,199.67502,1.1,0.0,35.0,0.033835303,0.01,3000.0,0.1,17.65754,6.7665394e-05,0.0,0.0,10.0
43,40,0,41.0,4.4967923,0.0,0.002786014,0.000343927,7.033554,126.1318,0.3,0.0,35.0,0.033835303,0.05,3000.0,0.015,88.294785,3.6826103e-05,0.0,0.0,50.0
39,95,0,56.0,1.0139902,108.504944,0.0069477465,-0.0002775559,9.6235895,398.37692,0.3,0.0,35.0,0.033835303,0.05,3000.0,0.015,88.26585,0.00016295575,0.0,0.0,50.0
67,112,0,42.0,2.8740628,153.52802,0.0098669175,0.00057157,7.4824085,178.01428,1.1,0.0,35.0,0.033835303,0.01,3000.0,0.1,17.658003,5.7600842e-05,0.0,0.0,10.0
92,80,0,18.0,2.4481852,23.114355,-0.016518328,-0.00014182128,10.778513,0.0,0.3,0.0,35.0,0.033835303,0.05,3000.0,0.015,88.287704,6.766539e-05,0.0,0.0,50.0
67,95,0,49.0,2.0339458,161.63483,-0.00088208553,0.00015521431,7.8285766,252.2636,0.3,0.0,35.0,0.033835303,0.05,3000.0,0.015,88.28453,8.14899e-05,0.0,0.0,50.0
77,15,0,12.0,1.0139902,71.49504,-0.005522567,-0.00012207085,9.911271,321.82562,1.1,0.0,35.0,0.033835303,0.01,3000.0,0.1,17.653168,0.00016295575,0.0,0.0,10.0
92,104,0,21.0,3.3069139,331.0442,-0.006216112,-0.00020678881,10.114437,0.0,1.1,0.0,35.0,0.033835303,0.01,3000.0,0.1,17.658348,5.0080926e-05,0.0,0.0,10.0
116,99,0,14.0,1.7266877,68.118126,-0.014747013,3.015259e-06,9.378761,89.3698,0.3,0.0,35.0,0.033835303,0.05,3000.0,0.015,88.28129,9.565621e-05,0.0,0.0,50.0
35,120,0,55.0,3.2069,126.98179,0.0036389322,4.7828817e-05,7.372625,199.18846,0.3,0.0,35.0,0.033835303,0.05,3000.0,0.015,88.291405,5.156211e-05,0.0,0.0,50.0
124,61,0,18.0,1.437936,333.528,0.0162367,6.4181455e-05,8.175556,453.9204,0.3,0.0,35.0,0.033835303,0.05,3000.0,0.015,88.276794,0.00011521562,0.0,0.0,50.0
25,73,0,36.0,5.6019397,166.81133,0.0010676788,2.0188707e-05,7.505815,89.00714,1.1,0.0,35.0,0.033835303,0.01,3000.0,0.1,17.659288,2.9534056e-05,0.0,0.0,10.0
110,50,0,20.0,0.64369404,0.0,0.03343217,0.0001893038,8.979465,282.49762,1.1,0.0,35.0,0.033835303,0.01,3000.0,0.1,17.648827,0.00025760045,0.0,0.0,10.0
105,29,0,13.0,1.0172933,161.63483,-0.0003528346,6.5177887e-06,8.521724,252.2636,0.7,0.0,35.0,0.033835303,0.1,3000.0,0.035,176.5317,0.00016295575,0.0,0.0,30.0
90,70,0,29.0,2.3411603,344.11603,-0.002153695,-0.00053942786,8.786384,89.3698,0.3,0.0,35.0,0.033835303,0.05,3000.0,0.015,88.28699,7.081768e-05,0.0,0.0,50.0
97,64,0,19.0,1.3265119,13.981523,0.0035798342,-8.359466e-05,8.256243,321.82562,1.1,0.0,35.0,0.033835303,0.01,3000.0,0.1,17.654911,0.00012497634,0.0,0.0,10.0
20,119,0,47.0,3.2022066,90.0,-0.0,-0.00012461851,7.3740926,199.67502,1.1,0.0,35.0,0.033835303,0.01,3000.0,0.1,17.65828,5.156212e-05,0.0,0.0,10.0
71,97,0,35.0,1.1588799,213.58264,-0.012051612,-9.421513e-06,8.391384,178.7396,0.3,0.0,35.0,0.033835303,0.05,3000.0,0.015,88.270454,0.00014290263,0.0,0.0,50.0
121,104,0,13.0,3.9090981,350.57538,-0.0039253877,-0.00051502674,8.560409,126.1318,1.1,0.0,35.0,0.033835303,0.01,3000.0,0.1,17.658699,4.2371095e-05,0.0,0.0,10.0
27,109,0,42.0,4.490075,85.89779,-0.004530366,-0.00023930035,8.42135,126.1318,1.1,0.0,35.0,0.033835303,0.01,3000.0,0.1,17.65896,3.6750145e-05,0.0,0.0,10.0
102,66,0,16.0,0.90843785,224.88351,-0.010901205,0.00014099025,8.634919,126.1318,0.3,0.0,35.0,0.033835303,0.05,3000.0,0.015,88.26144,0.00018217333,0.0,0.0,50.0
37,98,0,47.0,2.1510887,243.34166,-0.020633692,5.0906216e-05,8.871142,89.00714,1.1,0.0,35.0,0.033835303,0.01,3000.0,0.1,17.65712,7.681844e-05,0.0,0.0,10.0
15,86,0,72.0,1.1570693,56.20232,0.018462144,0.00050476566,8.392948,199.18846,1.1,0.0,35.0,0.033835303,0.01,3000.0,0.1,17.65409,0.00014290263,0.0,0.0,10.0
49,32,0,35.0,6.757896,185.4184,0.004497985,-3.1768042e-05,6.6236105,199.67502,1.1,0.0,35.0,0.033835303,0.01,3000.0,0.1,17.659523,2.4444817e-05,0.0,0.0,10.0
71,110,0,23.0,0.6410822,90.0,-0.011280832,-0.00015647574,10.082143,252.2636,0.3,0.0,35.0,0.033835303,0.05,3000.0,0.015,88.24413,0.00025760045,0.0,0.0,50.0
16,102,0,54.0,7.541494,216.27316,0.00075772085,0.0008473862,6.512756,178.7396,1.1,0.0,35.0,0.033835303,0.01,3000.0,0.1,17.659643,2.1862217e-05,0.0,0.0,10.0
41,64,0,43.0,3.9738631,13.981523,-0.009201498,-1.8738787e-05,7.8507776,321.3227,1.1,0.0,35.0,0.033835303,0.01,3000.0,0.1,17.658733,4.164949e-05,0.0,0.0,10.0
69,31,0,12.0,9.389574,61.601883,0.0010537776,-0.0010703616,6.9835134,89.00714,1.1,0.0,35.0,0.033835303,0.01,3000.0,0.1,17.659842,1.7494587e-05,0.0,0.0,10.0
94,19,0,12.0,1.3625141,44.88351,-0.009910185,-0.00011003914,8.922602,126.1318,0.3,0.0,35.0,0.033835303,0.05,3000.0,0.015,88.275375,0.000121406265,0.0,0.0,50.0
81,41,0,12.0,2.7381103,249.36725,-0.0060137524,-0.0008074536,9.322704,321.3227,1.1,0.0,35.0,0.033835303,0.01,3000.0,0.1,17.657875,6.0335366e-05,0.0,0.0,10.0
9,111,0,39.0,8.121786,44.883507,0.0005505662,-0.00071570644,7.130842,89.3698,1.1,0.0,35.0,0.033835303,0.01,3000.0,0.1,17.659714,2.0229101e-05,0.0,0.0,10.0
99,113,0,26.0,4.8923855,281.35483,0.003926495,-0.0001756104,6.94886,126.1318,0.3,0.0,35.0,0.033835303,0.05,3000.0,0.015,88.295494,3.3673812e-05,0.0,0.0,50.0
42,112,0,35.0,2.5828042,82.84625,0.012945679,1.4796961e-05,7.5894213,199.67502,0.3,0.0,35.0,0.033835303,0.05,3000.0,0.015,88.28856,6.39434e-05,0.0,0.0,50.0
45,1,0,26.0,1.437936,333.528,-0.0047461125,0.00030997262,8.175556,126.1318,1.1,0.0,35.0,0.033835303,0.01,3000.0,0.1,17.65536,0.00011521563,0.0,0.0,10.0
54,91,0,63.0,1.3265119,13.981523,0.020683488,0.00068374985,8.256243,321.3227,1.1,0.0,35.0,0.033835303,0.01,3000.0,0.1,17.654911,0.00012497634,0.0,0.0,10.0
37,87,0,38.0,4.285268,12.943665,-0.005550059,-0.00027223953,8.180536,252.2636,0.3,0.0,35.0,0.033835303,0.05,3000.0,0.015,88.29436,3.864912e-05,0.0,0.0,50.0
83,110,0,33.0,0.90843785,44.88351,0.0029730576,-0.00045362907,9.733532,199.67502,1.1,0.0,35.0,0.033835303,0.01,3000.0,0.1,17.652287,0.00018217335,0.0,0.0,10.0
3,87,0,73.0,4.1045995,51.226494,-0.005324294,-0.0009590025,7.8183007,89.3698,1.1,0.0,35.0,0.033835303,0.01,3000.0,0.1,17.658798,4.028223e-05,0.0,0.0,10.0
1,38,0,53.0,3.344013,73.23652,-0.012116193,-1.6994045e-05,8.716961,199.67502,1.1,0.0,35.0,0.033835303,0.01,3000.0,0.1,17.65838,4.9397288e-05,0.0,0.0,10.0
100,52,0,21.0,1.7317762,21.721191,-0.001644002,0.00017620137,7.9895225,481.00217,0.3,0.0,35.0,0.033835303,0.05,3000.0,0.015,88.28129,9.565621e-05,0.0,0.0,50.0
54,20,0,13.0,1.1588799,213.58264,-0.032694474,-0.0006600168,10.78928,399.35004,1.1,0.0,35.0,0.033835303,0.01,3000.0,0.1,17.65409,0.00014290263,0.0,0.0,10.0
98,33,0,13.0,2.6421201,104.091156,-0.0045433207,2.050833e-05,8.952978,89.3698,0.3,0.0,35.0,0.033835303,0.05,3000.0,0.015,88.288895,6.250019e-05,0.0,0.0,50.0
44,15,0,31.0,7.386762,17.58292,0.0033246703,0.00013062662,6.533723,89.00714,1.1,0.0,35.0,0.033835303,0.01,3000.0,0.1,17.659618,2.2355947e-05,0.0,0.0,10.0
15,95,0,100.0,5.335008,327.37067,0.009806599,0.00095513294,6.8617883,445.68933,1.1,0.0,35.0,0.033835303,0.01,3000.0,0.1,17.659224,3.0977277e-05,0.0,0.0,10.0
105,58,0,20.0,0.71908116,206.47198,-0.0064946823,0.0003962204,8.868703,356.02856,0.3,0.0,35.0,0.033835303,0.05,3000.0,0.015,88.25038,0.00023040718,0.0,0.0,50.0
75,85,0,58.0,0.45424747,224.88351,0.025766486,7.9206926e-05,9.328067,368.3933,0.3,0.0,35.0,0.033835303,0.05,3000.0,0.015,88.21967,0.0003643227,0.0,0.0,50.0
111,107,0,17.0,4.1623864,67.2973,-0.0007072999,-0.00029027252,8.497419,199.18846,0.3,0.0,35.0,0.033835303,0.05,3000.0,0.015,88.29412,3.967456e-05,0.0,0.0,50.0
28,22,0,56.0,4.5831313,294.8639,0.006556106,0.0006013605,7.0144563,199.67502,0.3,0.0,35.0,0.033835303,0.05,3000.0,0.015,88.29497,3.6028538e-05,0.0,0.0,50.0
59,92,0,53.0,4.0137167,61.291492,0.004077205,0.00021569054,7.1476192,199.67502,1.1,0.0,35.0,0.033835303,0.01,3000.0,0.1,17.658756,4.115576e-05,0.0,0.0,10.0
80,62,0,29.0,5.008768,63.34164,0.00833975,-0.00019729159,6.9252324,199.67502,0.3,0.0,35.0,0.033835303,0.05,3000.0,0.015,88.29568,3.291422e-05,0.0,0.0,50.0
76,71,0,33.0,3.4502447,291.88187,0.00061295636,-0.0003797059,7.992467,89.3698,0.3,0.0,35.0,0.033835303,0.05,3000.0,0.015,88.29226,4.7840134e-05,0.0,0.0,50.0
56,15,0,20.0,6.8450627,37.292995,0.007224772,-0.00041668964,7.3038206,178.01428,0.3,0.0,35.0,0.033835303,0.05,3000.0,0.015,88.29771,2.4103003e-05,0.0,0.0,50.0
71,64,0,18.0,1.874072,149.13892,-0.0013816219,-4.7597016e-05,8.603651,178.01428,0.3,0.0,35.0,0.033835303,0.05,3000.0,0.015,88.28295,8.840215e-05,0.0,0.0,50.0
79,39,0,11.0,4.5806804,257.85742,-0.0030077284,-0.00050993194,8.1136055,199.18846,0.7,0.0,35.0,0.033835303,0.1,3000.0,0.035,176.58994,3.6028534e-05,0.0,0.0,30.0
41,90,0,36.0,2.9641948,12.479561,-0.003578502,-0.0003794039,10.28469,0.0,0.3,0.0,35.0,0.033835303,0.05,3000.0,0.015,88.290405,5.5929737e-05,0.0,0.0,50.0
55,44,0,23.0,2.2745183,351.90247,-0.014219043,-0.0003766996,9.913905,479.58795,1.1,0.0,35.0,0.033835303,0.01,3000.0,0.1,17.6573,7.286857e-05,0.0,0.0,10.0
58,44,0,42.0,3.5359704,0.0,0.0101309605,0.0005647811,7.274716,399.35004,0.3,0.0,35.0,0.033835303,0.05,3000.0,0.015,88.29249,4.685266e-05,0.0,0.0,50.0
19,64,0,38.0,2.0273457,288.50494,-0.020754164,-0.00017656233,10.029055,126.1318,0.3,0.0,35.0,0.033835303,0.05,3000.0,0.015,88.28453,8.14899e-05,0.0,0.0,50.0
64,58,0,14.0,2.3131957,303.79767,-0.0059942016,-0.00026110923,9.897026,89.3698,1.1,0.0,35.0,0.033835303,0.01,3000.0,0.1,17.657368,7.146334e-05,0.0,0.0,10.0
65,52,0,31.0,1.437936,26.471973,-0.0012489773,0.00031353135,8.175556,89.00714,0.3,0.0,35.0,0.033835303,0.05,3000.0,0.015,88.276794,0.00011521562,0.0,0.0,50.0
26,91,0,53.0,1.3625141,135.11649,0.004624753,0.00010824943,8.229454,199.67502,0.3,0.0,35.0,0.033835303,0.05,3000.0,0.015,88.275375,0.000121406265,0.0,0.0,50.0
88,85,0,35.0,2.3411603,164.11603,5.7817262e-05,-0.0001912238,7.6877713,199.18846,0.3,0.0,35.0,0.033835303,0.05,3000.0,0.015,88.28699,7.081768e-05,0.0,0.0,50.0
92,72,0,42.0,1.3265119,346.01846,0.006523254,0.00038331156,8.256243,321.82562,0.3,0.0,35.0,0.033835303,0.05,3000.0,0.015,88.27456,0.00012497633,0.0,0.0,50.0
120,112,0,26.0,2.3411603,195.88397,0.00075162493,0.00028310443,7.6877713,321.3227,0.3,0.0,35.0,0.033835303,0.05,3000.0,0.015,88.28699,7.081768e-05,0.0,0.0,50.0
24,47,0,31.0,5.294869,64.89371,0.0020400295,-0.0004959263,6.869384,89.00714,0.3,0.0,35.0,0.033835303,0.05,3000.0,0.015,88.29609,3.1129188e-05,0.0,0.0,50.0
16,59,0,27.0,1.6343267,78.64518,-0.021177558,-0.00027568502,8.74062,89.3698,1.1,0.0,35.0,0.033835303,0.01,3000.0,0.1,17.656006,0.000101087295,0.0,0.0,10.0
62,110,0,35.0,1.7317762,21.721191,-0.023838028,-9.3736104e-05,9.59896,321.3227,0.3,0.0,35.0,0.033835303,0.05,3000.0,0.015,88.28129,9.565621e-05,0.0,0.0,50.0
5,59,0,44.0,2.0339458,341.63483,-0.008379821,7.783511e-05,7.8285766,126.1318,1.1,0.0,35.0,0.033835303,0.01,3000.0,0.1,17.656904,8.14899e-05,0.0,0.0,10.0
1,114,0,45.0,3.2069,126.98179,-0.008153903,-0.00045333483,8.065772,89.3698,1.1,0.0,35.0,0.033835303,0.01,3000.0,0.1,17.65828,5.156212e-05,0.0,0.0,10.0
20,1,0,23.0,8.676348,186.31468,0.0018337478,-0.00097372156,6.370689,178.01428,1.1,0.0,35.0,0.033835303,0.01,3000.0,0.1,17.659775,1.901376e-05,0.0,0.0,10.0
88,56,0,18.0,1.1588799,213.58264,0.0056081773,-2.0554648e-05,9.084532,321.82562,0.3,0.0,35.0,0.033835303,0.05,3000.0,0.015,88.270454,0.00014290263,0.0,0.0,50.0
104,101,0,40.0,0.6410822,90.0,0.059224363,0.00056331255,8.98353,267.02142,0.3,0.0,35.0,0.033835303,0.05,3000.0,0.015,88.24413,0.00025760045,0.0,0.0,50.0
70,18,0,18.0,0.45424747,315.1165,0.069371305,-1.5831643e-05,9.328067,199.18846,1.1,0.0,35.0,0.033835303,0.01,3000.0,0.1,17.643934,0.0003643228,0.0,0.0,10.0
36,29,0,51.0,0.9654904,180.0,-0.0018573423,0.000536234,8.573999,367.07394,1.1,0.0,35.0,0.033835303,0.01,3000.0,0.1,17.652765,0.00017176698,0.0,0.0,10.0
31,11,0,54.0,3.156025,114.049065,0.0070588426,0.00045740211,7.388649,267.02142,1.1,0.0,35.0,0.033835303,0.01,3000.0,0.1,17.658243,5.235969e-05,0.0,0.0,10.0
13,116,0,51.0,0.9615732,270.0,0.018801384,0.0005006047,8.578065,199.67502,0.3,0.0,35.0,0.033835303,0.05,3000.0,0.015,88.26383,0.00017176695,0.0,0.0,50.0
108,96,0,26.0,0.32055113,270.0,-0.033842497,0.0001877973,9.676678,282.49762,0.3,0.0,35.0,0.033835303,0.05,3000.0,0.015,88.18508,0.00051513937,0.0,0.0,50.0
47,22,0,25.0,4.8586106,352.43582,0.0049067554,-0.0007275649,6.955821,89.3698,1.1,0.0,35.0,0.033835303,0.01,3000.0,0.1,17.659082,3.405361e-05,0.0,0.0,10.0
5,41,0,57.0,3.344013,73.23652,-0.001589415,0.00015239077,8.023814,282.49762,0.3,0.0,35.0,0.033835303,0.05,3000.0,0.015,88.29191,4.939729e-05,0.0,0.0,50.0
76,37,0,9.0,0.7173292,296.65836,-0.016607607,0.00017556937,8.871142,89.3698,0.3,0.0,35.0,0.033835303,0.05,3000.0,0.015,88.25038,0.00023040718,0.0,0.0,50.0
28,103,0,39.0,3.9120262,125.10155,0.0021652237,0.00025805662,8.2719755,126.1318,1.1,0.0,35.0,0.033835303,0.01,3000.0,0.1,17.658705,4.225716e-05,0.0,0.0,10.0
19,30,0,38.0,3.6291943,44.88351,0.0059461123,-0.0006890547,7.9417725,89.3698,1.1,0.0,35.0,0.033835303,0.01,3000.0,0.1,17.658554,4.5561374e-05,0.0,0.0,10.0
65,94,0,44.0,4.2961307,243.34166,-0.0011742751,0.000118257405,8.688821,178.7396,0.3,0.0,35.0,0.033835303,0.05,3000.0,0.015,88.294426,3.838326e-05,0.0,0.0,50.0
17,57,0,25.0,3.3069139,151.04419,-0.01093708,-0.00024630886,9.287758,89.00714,1.1,0.0,35.0,0.033835303,0.01,3000.0,0.1,17.658348,5.0080926e-05,0.0,0.0,10.0
56,79,0,29.0,3.4674404,303.7977,-0.0042359023,-0.00043416696,8.680631,321.3227,1.1,0.0,35.0,0.033835303,0.01,3000.0,0.1,17.65846,4.7650243e-05,0.0,0.0,10.0
43,102,0,54.0,6.8714314,207.66264,0.006750542,0.00034152585,6.6067915,178.7396,0.3,0.0,35.0,0.033835303,0.05,3000.0,0.015,88.297714,2.402704e-05,0.0,0.0,50.0
111,47,0,19.0,2.9596786,40.48621,0.006861114,0.00049225206,7.453004,199.67502,1.1,0.0,35.0,0.033835303,0.01,3000.0,0.1,17.658081,5.592975e-05,0.0,0.0,10.0
9,77,0,68.0,2.9596786,40.48621,-0.019346911,-0.0001932429,9.244763,281.58017,0.3,0.0,35.0,0.033835303,0.05,3000.0,0.015,88.290405,5.5929737e-05,0.0,0.0,50.0
95,59,0,20.0,1.4344336,63.34164,-0.0022646736,-0.00016275594,8.871142,252.2636,0.3,0.0,35.0,0.033835303,0.05,3000.0,0.015,88.276794,0.00011521562,0.0,0.0,50.0
60,67,0,32.0,5.6973453,128.27045,0.003637642,-0.00011009201,7.4888177,126.1318,0.3,0.0,35.0,0.033835303,0.05,3000.0,0.015,88.296585,2.8926386e-05,0.0,0.0,50.0
13,50,0,36.0,1.922605,90.0,0.013160969,3.124818e-05,7.884918,199.18846,1.1,0.0,35.0,0.033835303,0.01,3000.0,0.1,17.656706,8.5857544e-05,0.0,0.0,10.0
41,0,0,27.0,0.71908116,26.471973,0.0049959086,-0.00034688672,8.868703,89.3698,1.0,0.0,35.0,0.033835303,0.1,3000.0,0.035,176.50076,0.00023040718,0.0,0.0,0.0
61,101,0,29.0,3.0301423,31.900768,-0.0030764795,-0.00037127943,8.12258,252.2636,0.3,0.0,35.0,0.033835303,0.05,3000.0,0.015,88.290695,5.4638444e-05,0.0,0.0,50.0
61,11,0,2.0,0.32055113,270.0,-0.022561664,-0.00025039638,11.062972,281.58017,0.1,0.0,35.0,0.033835303,0.0,3000.0,0.05,0.0,0.0005151393,0.0,0.0,90.0
107,26,0,12.0,0.6410822,270.0,-0.008460623,-3.129514e-05,8.98353,570.83105,0.3,0.0,35.0,0.033835303,0.05,3000.0,0.015,88.24413,0.00025760045,0.0,0.0,50.0
58,63,0,35.0,2.5731533,0.0,0.0041790213,-9.438375e-05,7.5931697,252.2636,0.3,0.0,35.0,0.033835303,0.05,3000.0,0.015,88.288445,6.443714e-05,0.0,0.0,50.0
1,93,0,111.0,13.141516,35.107906,-0.0026842551,-2.6801515e-06,6.6385913,321.82562,1.1,0.0,35.0,0.033835303,0.01,3000.0,0.1,17.660074,1.2405345e-05,0.0,0.0,10.0
98,84,0,42.0,2.7381103,110.63275,0.0047586304,0.00014879569,7.530945,519.55695,1.1,0.0,35.0,0.033835303,0.01,3000.0,0.1,17.657875,6.0335366e-05,0.0,0.0,10.0
0,52,0,51.0,2.3168123,33.582623,0.009307185,0.0003768153,7.698237,199.67502,1.0,0.0,35.0,0.033835303,0.1,3000.0,0.035,176.57368,7.146333e-05,0.0,0.0,0.0
28,0,0,9.0,4.6188745,56.20232,-0.015285215,-0.0005164831,10.835296,0.0,1.0,0.0,35.0,0.033835303,0.1,3000.0,0.035,176.59004,3.5762678e-05,0.0,0.0,0.0
106,119,0,21.0,0.6410822,90.0,0.025381874,-0.00043813203,8.98353,252.2636,0.3,0.0,35.0,0.033835303,0.05,3000.0,0.015,88.24413,0.00025760045,0.0,0.0,50.0
12,103,0,66.0,9.266888,26.471975,-0.0048037576,0.00044939734,6.996901,199.67502,1.1,0.0,35.0,0.033835303,0.01,3000.0,0.1,17.659832,1.7722463e-05,0.0,0.0,10.0
53,81,0,29.0,1.8164191,135.11649,-0.0029730562,-0.00028039308,7.9417725,89.00714,0.3,0.0,35.0,0.033835303,0.05,3000.0,0.015,88.28233,9.1098686e-05,0.0,0.0,50.0
84,17,0,10.0,0.71908116,206.47198,-0.010491406,-5.63708e-05,11.35361,126.1318,0.3,0.0,35.0,0.033835303,0.05,3000.0,0.015,88.25038,0.00023040718,0.0,0.0,50.0
18,35,0,55.0,1.3217627,104.091156,0.011901087,0.00019757274,8.25983,281.58017,0.3,0.0,35.0,0.033835303,0.05,3000.0,0.015,88.27456,0.00012497633,0.0,0.0,50.0
6,46,0,48.0,4.9652257,255.01048,0.0008993044,-1.40891925e-05,6.934008,126.1318,1.1,0.0,35.0,0.033835303,0.01,3000.0,0.1,17.659122,3.3218064e-05,0.0,0.0,10.0
73,55,0,19.0,1.0172933,198.36517,0.0109378705,-0.00013181483,8.521724,178.01428,1.1,0.0,35.0,0.033835303,0.01,3000.0,0.1,17.653168,0.00016295575,0.0,0.0,10.0
71,3,0,12.0,1.4344336,296.65836,0.009561956,-0.00011259567,8.177996,252.2636,1.1,0.0,35.0,0.033835303,0.01,3000.0,0.1,17.65536,0.00011521563,0.0,0.0,10.0
15,24,0,48.0,4.1767726,180.0,-0.0025717055,0.00012522335,7.8008094,281.58017,0.3,0.0,35.0,0.033835303,0.05,3000.0,0.015,88.29412,3.967456e-05,0.0,0.0,50.0
82,33,0,18.0,2.0339458,18.36517,0.0013231296,0.000110073954,7.8285766,252.2636,1.1,0.0,35.0,0.033835303,0.01,3000.0,0.1,17.656904,8.14899e-05,0.0,0.0,10.0
13,41,0,46.0,1.3217627,104.091156,0.0068350844,-0.00043855506,9.358443,399.35004,0.3,0.0,35.0,0.033835303,0.05,3000.0,0.015,88.27456,0.00012497633,0.0,0.0,50.0
24,124,0,60.0,2.5080328,140.30896,0.0014810014,0.0008450272,7.618837,453.9204,0.3,0.0,35.0,0.033835303,0.05,3000.0,0.015,88.28809,6.595631e-05,0.0,0.0,50.0
62,112,0,42.0,2.2427351,90.0,0.010475057,3.1229152e-05,7.7307673,199.67502,1.1,0.0,35.0,0.033835303,0.01,3000.0,0.1,17.657269,7.359019e-05,0.0,0.0,10.0
15,81,0,57.0,4.5951858,335.3134,-0.0014762888,-3.672729e-05,7.704965,89.00714,1.1,0.0,35.0,0.033835303,0.01,3000.0,0.1,17.658993,3.6028534e-05,0.0,0.0,10.0
94,100,0,40.0,2.9596786,220.48622,0.008433453,0.0007843765,7.453004,252.2636,1.1,0.0,35.0,0.033835303,0.01,3000.0,0.1,17.658081,5.592975e-05,0.0,0.0,10.0
13,17,0,31.0,6.5899067,230.79207,0.0010916551,-0.001169416,7.3421593,89.00714,1.1,0.0,35.0,0.033835303,0.01,3000.0,0.1,17.659498,2.4976529e-05,0.0,0.0,10.0
33,70,0,57.0,2.0339458,161.63483,-0.0038811797,0.00038929668,7.8285766,267.02142,0.3,0.0,35.0,0.033835303,0.05,3000.0,0.015,88.28453,8.14899e-05,0.0,0.0,50.0
87,80,0,27.0,2.651603,346.01846,-0.0004773115,-0.00023062748,8.256243,126.1318,0.3,0.0,35.0,0.033835303,0.05,3000.0,0.015,88.288895,6.250019e-05,0.0,0.0,50.0
78,40,0,20.0,11.262307,21.422104,0.0031328527,-0.00017319988,6.7976637,199.18846,1.1,0.0,35.0,0.033835303,0.01,3000.0,0.1,17.659977,1.45701715e-05,0.0,0.0,10.0
31,114,0,48.0,5.0064907,39.691032,0.0064588054,-0.00052664545,7.618837,199.67502,1.1,0.0,35.0,0.033835303,0.01,3000.0,0.1,17.659132,3.3028165e-05,0.0,0.0,10.0
75,13,0,10.0,1.8164191,224.88351,-0.010901205,-3.1897573e-05,8.63492,252.2636,1.1,0.0,35.0,0.033835303,0.01,3000.0,0.1,17.656466,9.109871e-05,0.0,0.0,10.0
89,99,0,21.0,0.9615732,90.0,-0.020681523,-3.1287793e-05,9.271213,199.67502,1.1,0.0,35.0,0.033835303,0.01,3000.0,0.1,17.652765,0.00017176698,0.0,0.0,10.0
76,116,0,33.0,0.71908116,26.471973,-0.009492221,0.0001527021,8.868703,199.18846,1.1,0.0,35.0,0.033835303,0.01,3000.0,0.1,17.650076,0.00023040721,0.0,0.0,10.0
69,117,0,42.0,2.8740628,26.471973,0.007493861,-0.0003768408,7.4824085,199.18846,1.1,0.0,35.0,0.033835303,0.01,3000.0,0.1,17.658003,5.7600842e-05,0.0,0.0,10.0
17,65,0,48.0,1.3265119,13.981523,0.014478441,0.00041715772,8.256243,178.7396,1.1,0.0,35.0,0.033835303,0.01,3000.0,0.1,17.654911,0.00012497634,0.0,0.0,10.0
74,62,0,9.0,2.5080328,219.69104,-0.011507137,-0.0005322286,11.145197,0.0,1.1,0.0,35.0,0.033835303,0.01,3000.0,0.1,17.657618,6.595632e-05,0.0,0.0,10.0
2,1,0,46.0,4.367763,162.96263,0.0022699283,4.5079643e-05,7.0627837,267.02142,1.1,0.0,35.0,0.033835303,0.01,3000.0,0.1,17.658905,3.792751e-05,0.0,0.0,10.0
40,74,0,28.0,2.4413378,113.28305,0.0045372653,-0.00069186505,7.645823,89.00714,0.3,0.0,35.0,0.033835303,0.05,3000.0,0.015,88.287704,6.766539e-05,0.0,0.0,50.0
36,87,0,44.0,4.765009,42.15775,-0.0018793097,3.061935e-05,7.6685133,281.58017,0.3,0.0,35.0,0.033835303,0.05,3000.0,0.015,88.29528,3.4699257e-05,0.0,0.0,50.0
78,12,0,9.0,1.0139902,288.50494,-0.016389554,-8.727641e-05,9.218124,126.1318,0.3,0.0,35.0,0.033835303,0.05,3000.0,0.015,88.26585,0.00016295575,0.0,0.0,50.0
3,20,0,33.0,1.3217627,75.90884,-0.009408291,-0.00047346516,10.657726,356.02856,1.1,0.0,35.0,0.033835303,0.01,3000.0,0.1,17.654911,0.00012497634,0.0,0.0,10.0
91,90,0,29.0,2.5080328,39.691032,-0.0067467773,7.67016e-05,8.717449,178.01428,1.1,0.0,35.0,0.033835303,0.01,3000.0,0.1,17.657618,6.595632e-05,0.0,0.0,10.0
8,34,0,41.0,3.3069139,28.955803,0.0002048145,-0.00038602296,8.034995,126.1318,1.1,0.0,35.0,0.033835303,0.01,3000.0,0.1,17.658348,5.0080926e-05,0.0,0.0,10.0
87,58,0,19.0,1.9493196,279.50018,0.004334219,0.00016648289,7.8711085,268.10938,0.3,0.0,35.0,0.033835303,0.05,3000.0,0.015,88.28378,8.471815e-05,0.0,0.0,50.0
33,82,0,34.0,4.5976295,167.95288,0.002205192,-0.00042641044,7.0112844,126.1318,1.1,0.0,35.0,0.033835303,0.01,3000.0,0.1,17.658993,3.6028534e-05,0.0,0.0,10.0
111,49,0,17.0,0.9654904,180.0,0.0148587385,-0.0,8.573999,321.3227,1.1,0.0,35.0,0.033835303,0.01,3000.0,0.1,17.652765,0.00017176698,0.0,0.0,10.0
43,110,0,28.0,2.585233,60.154655,-0.0020388556,2.98751e-05,8.687092,126.1318,1.1,0.0,35.0,0.033835303,0.01,3000.0,0.1,17.657711,6.394341e-05,0.0,0.0,10.0
54,81,0,29.0,1.3265119,193.98154,-0.017024102,1.9096e-05,8.256243,89.00714,0.3,0.0,35.0,0.033835303,0.05,3000.0,0.015,88.27456,0.00012497633,0.0,0.0,50.0
22,116,0,38.0,3.5821586,63.34164,-0.0013084777,-0.00047690957,7.261705,89.00714,1.1,0.0,35.0,0.033835303,0.01,3000.0,0.1,17.658527,4.613106e-05,0.0,0.0,10.0
31,53,0,27.0,1.6047066,126.98179,0.0046722093,2.6860696e-05,8.065772,281.58017,0.3,0.0,35.0,0.033835303,0.05,3000.0,0.015,88.279594,0.00010306221,0.0,0.0,50.0
63,98,0,30.0,0.71908116,26.471973,-0.035970535,-0.00014321951,8.868703,89.00714,1.1,0.0,35.0,0.033835303,0.01,3000.0,0.1,17.650076,0.00023040721,0.0,0.0,10.0
11,122,0,43.0,7.281551,52.01205,0.0015681748,-0.00050355843,7.241374,89.3698,0.7,0.0,35.0,0.033835303,0.1,3000.0,0.035,176.59608,2.26218e-05,0.0,0.0,30.0
84,112,0,34.0,3.3553581,16.635233,-0.00017154464,-0.00033635175,8.713567,126.1318,1.1,0.0,35.0,0.033835303,0.01,3000.0,0.1,17.65838,4.9397288e-05,0.0,0.0,10.0
58,20,0,11.0,4.873843,66.716934,-0.0025235354,-0.0005340404,7.645823,367.07394,1.1,0.0,35.0,0.033835303,0.01,3000.0,0.1,17.659092,3.3863715e-05,0.0,0.0,10.0
33,95,0,50.0,2.7381103,249.36725,0.0006140166,-0.000435041,9.140383,268.10938,0.3,0.0,35.0,0.033835303,0.05,3000.0,0.015,88.28938,6.0335355e-05,0.0,0.0,50.0
15,93,0,86.0,0.90843785,315.1165,0.014865281,-2.0431231e-05,8.634919,281.58017,1.1,0.0,35.0,0.033835303,0.01,3000.0,0.1,17.652287,0.00018217335,0.0,0.0,10.0
86,55,0,13.0,2.7381103,249.36725,-0.0029526984,-0.0005158698,8.2240925,126.1318,0.3,0.0,35.0,0.033835303,0.05,3000.0,0.015,88.28938,6.0335355e-05,0.0,0.0,50.0
115,76,0,13.0,1.6065339,216.75815,-0.010700486,-7.719744e-05,9.674071,199.18846,1.1,0.0,35.0,0.033835303,0.01,3000.0,0.1,17.655918,0.00010306223,0.0,0.0,10.0
38,43,0,43.0,2.9578419,130.71645,-0.00088788226,-1.7676703e-05,8.146773,199.67502,0.3,0.0,35.0,0.033835303,0.05,3000.0,0.015,88.290405,5.5929737e-05,0.0,0.0,50.0
8,53,0,29.0,2.3168123,33.582623,-0.009844139,-0.00038636883,9.7776785,321.3227,1.1,0.0,35.0,0.033835303,0.01,3000.0,0.1,17.657368,7.146334e-05,0.0,0.0,10.0
106,74,0,10.0,0.90843785,135.11649,-0.0029730557,-0.0003598907,8.634919,178.01428,1.1,0.0,35.0,0.033835303,0.01,3000.0,0.1,17.652287,0.00018217335,0.0,0.0,10.0
97,50,0,20.0,0.6410822,90.0,-0.005640416,-6.259028e-05,8.98353,446.84897,1.1,0.0,35.0,0.033835303,0.01,3000.0,0.1,17.648827,0.00025760045,0.0,0.0,10.0
64,18,0,21.0,2.4413378,293.28308,0.00596472,0.0006843903,7.645823,398.37692,0.3,0.0,35.0,0.033835303,0.05,3000.0,0.015,88.287704,6.766539e-05,0.0,0.0,50.0
104,69,0,18.0,0.90843785,315.1165,-0.001982038,0.00021991825,8.634919,89.3698,0.3,0.0,35.0,0.033835303,0.05,3000.0,0.015,88.26144,0.00018217333,0.0,0.0,50.0
48,28,0,46.0,3.8700848,114.53183,0.013266494,0.00017147469,7.1841755,321.3227,0.3,0.0,35.0,0.033835303,0.05,3000.0,0.015,88.293434,4.2674925e-05,0.0,0.0,50.0
59,20,0,8.0,3.593326,10.26392,-0.005755505,-0.00051628397,9.0503435,321.82562,1.1,0.0,35.0,0.033835303,0.01,3000.0,0.1,17.658527,4.613106e-05,0.0,0.0,10.0
98,67,0,20.0,2.4481852,23.114355,0.0020853283,-5.8973197e-05,7.6430187,199.67502,0.3,0.0,35.0,0.033835303,0.05,3000.0,0.015,88.287704,6.766539e-05,0.0,0.0,50.0
26,47,0,33.0,7.465036,249.94196,0.0024885663,-0.00025459394,6.5230637,199.67502,1.1,0.0,35.0,0.033835303,0.01,3000.0,0.1,17.659634,2.2052114e-05,0.0,0.0,10.0
26,124,0,53.0,4.5418897,171.90244,-0.0022778844,0.00077496696,8.969444,519.55695,1.1,0.0,35.0,0.033835303,0.01,3000.0,0.1,17.658974,3.6446316e-05,0.0,0.0,10.0
30,113,0,46.0,6.782002,44.883507,-0.0015856298,-0.00049188116,7.3131638,321.3227,0.3,0.0,35.0,0.033835303,0.05,3000.0,0.015,88.29766,2.4330875e-05,0.0,0.0,50.0
91,31,0,15.0,2.9578419,49.283546,0.0012244183,-9.3425515e-05,8.146773,89.00714,1.1,0.0,35.0,0.033835303,0.01,3000.0,0.1,17.658081,5.592975e-05,0.0,0.0,10.0
107,121,0,15.0,3.5908859,206.47198,-0.0024979538,-0.00031422087,7.952412,367.07394,1.1,0.0,35.0,0.033835303,0.01,3000.0,0.1,17.658527,4.613106e-05,0.0,0.0,10.0
82,28,0,14.0,3.6637444,195.19609,0.0032017925,-0.00029759837,7.9322715,89.00714,1.1,0.0,35.0,0.033835303,0.01,3000.0,0.1,17.65857,4.5219556e-05,0.0,0.0,10.0
95,118,0,30.0,7.2842264,118.90927,-0.00033958213,0.00016505992,7.2410026,268.10938,0.3,0.0,35.0,0.033835303,0.05,3000.0,0.015,88.29804,2.26218e-05,0.0,0.0,50.0
17,35,0,58.0,2.2745183,8.097549,0.011239665,0.0002761675,7.716681,321.3227,0.3,0.0,35.0,0.033835303,0.05,3000.0,0.015,88.286514,7.2868555e-05,0.0,0.0,50.0
48,78,0,25.0,1.3265119,13.981523,-0.0004773115,-0.00036784195,8.256243,126.1318,1.1,0.0,35.0,0.033835303,0.01,3000.0,0.1,17.654911,0.00012497634,0.0,0.0,10.0
65,111,0,47.0,2.3411603,164.11603,0.013962878,0.00074906624,7.6877713,199.18846,0.3,0.0,35.0,0.033835303,0.05,3000.0,0.015,88.28699,7.081768e-05,0.0,0.0,50.0
56,85,0,42.0,3.5797114,259.65408,0.0028644037,-0.00011438698,7.9555373,126.1318,1.1,0.0,35.0,0.033835303,0.01,3000.0,0.1,17.658527,4.613106e-05,0.0,0.0,10.0
91,9,0,12.0,89.77954,44.88176,-6.6487036e-07,1.1736995e-07,-1.0695028,445.03568,1.1,0.0,35.0,0.033835303,0.01,3000.0,0.1,17.660643,6.2032626e-08,0.0,0.0,10.0
29,102,0,40.0,4.984216,135.11649,0.0025225927,0.00034358242,6.9301715,126.1318,0.3,0.0,35.0,0.033835303,0.05,3000.0,0.015,88.29562,3.31421e-05,0.0,0.0,50.0
0,62,0,50.0,8.300674,94.41655,0.00020228949,-0.0011509631,6.415607,126.1318,1.0,0.0,35.0,0.033835303,0.1,3000.0,0.035,176.59734,1.9811327e-05,0.0,0.0,0.0
52,64,0,31.0,4.5976295,167.95288,-0.0012668931,-0.00039889553,8.620722,89.00714,1.1,0.0,35.0,0.033835303,0.01,3000.0,0.1,17.658993,3.6028534e-05,0.0,0.0,10.0
90,78,0,27.0,3.593326,169.73607,0.004056375,-0.00019277676,7.258584,199.67502,0.3,0.0,35.0,0.033835303,0.05,3000.0,0.015,88.29264,4.6131052e-05,0.0,0.0,50.0
73,27,0,12.0,5.3086376,204.92773,-0.002064737,-2.7661052e-05,8.253066,89.00714,1.1,0.0,35.0,0.033835303,0.01,3000.0,0.1,17.659218,3.1129195e-05,0.0,0.0,10.0
62,101,0,25.0,2.746499,20.479568,-0.005108766,-0.0005716295,9.473791,282.49762,0.3,0.0,35.0,0.033835303,0.05,3000.0,0.015,88.28938,6.0335355e-05,0.0,0.0,50.0
24,65,0,52.0,5.719856,243.34166,0.001383967,-0.001063651,7.4848485,267.02142,0.3,0.0,35.0,0.033835303,0.05,3000.0,0.015,88.29661,2.8850427e-05,0.0,0.0,50.0
60,70,0,21.0,1.437936,26.471973,-0.0039967266,-5.8169055e-05,8.175556,126.1318,1.1,0.0,35.0,0.033835303,0.01,3000.0,0.1,17.65536,0.00011521563,0.0,0.0,10.0
9,55,0,37.0,2.2700963,44.88351,0.0011892229,-1.5294183e-05,8.817241,368.3933,1.1,0.0,35.0,0.033835303,0.01,3000.0,0.1,17.6573,7.286857e-05,0.0,0.0,10.0
25,86,0,45.0,3.5362613,264.78455,-0.0002636746,-0.00026415553,7.2746334,89.3698,0.3,0.0,35.0,0.033835303,0.05,3000.0,0.015,88.29253,4.6662768e-05,0.0,0.0,50.0
50,69,0,39.0,5.9496875,126.365,-0.0021336253,-5.688734e-05,7.4451795,126.1318,1.1,0.0,35.0,0.033835303,0.01,3000.0,0.1,17.659372,2.7749025e-05,0.0,0.0,10.0
66,9,0,11.0,1.0139902,108.504944,-0.015676966,2.5262436e-05,8.524977,199.67502,1.1,0.0,35.0,0.033835303,0.01,3000.0,0.1,17.653168,0.00016295575,0.0,0.0,10.0
75,32,0,23.0,1.3217627,284.09116,0.0057897186,8.7239234e-05,8.25983,398.37692,1.1,0.0,35.0,0.033835303,0.01,3000.0,0.1,17.654911,0.00012497634,0.0,0.0,10.0
11,95,0,82.0,10.376077,219.91556,-1.6104411e-07,0.0009269352,6.188455,199.67502,1.1,0.0,35.0,0.033835303,0.01,3000.0,0.1,17.65992,1.5823489e-05,0.0,0.0,10.0
16,41,0,45.0,2.0549364,128.7735,-0.0013471111,-0.00010974683,7.8183007,321.3227,1.1,0.0,35.0,0.033835303,0.01,3000.0,0.1,17.656952,8.046446e-05,0.0,0.0,10.0
3,40,0,46.0,2.9641948,12.479561,-0.01909483,-0.0003281478,9.936383,267.02142,1.1,0.0,35.0,0.033835303,0.01,3000.0,0.1,17.658081,5.592975e-05,0.0,0.0,10.0
87,11,0,19.0,2.1510887,296.65836,0.010568477,0.0005762361,7.7725306,126.1318,0.3,0.0,35.0,0.033835303,0.05,3000.0,0.015,88.28561,7.6818425e-05,0.0,0.0,50.0
117,100,0,18.0,1.3265119,346.01846,-0.0009546224,0.00011693673,8.256243,89.00714,0.3,0.0,35.0,0.033835303,0.05,3000.0,0.015,88.27456,0.00012497633,0.0,0.0,50.0
100,62,0,19.0,0.32055113,90.0,0.022561664,-0.0,9.676678,178.01428,0.3,0.0,35.0,0.033835303,0.05,3000.0,0.015,88.18508,0.00051513937,0.0,0.0,50.0
0,123,0,47.0,9.244698,243.34166,0.0030195646,-0.0008009417,6.3061934,718.3193,1.0,0.0,35.0,0.033835303,0.1,3000.0,0.035,176.59833,1.772246e-05,0.0,0.0,0.0
9,69,0,57.0,2.4413378,246.71695,-0.004664717,7.2711904e-05,8.33897,199.67502,1.1,0.0,35.0,0.033835303,0.01,3000.0,0.1,17.65754,6.7665394e-05,0.0,0.0,10.0
98,99,0,36.0,3.959676,284.09116,-0.0005896933,0.0002593373,7.1612186,199.67502,1.1,0.0,35.0,0.033835303,0.01,3000.0,0.1,17.658733,4.164949e-05,0.0,0.0,10.0
2,23,0,44.0,0.7173292,296.65836,0.025163041,0.00034397803,8.871142,356.02856,1.1,0.0,35.0,0.033835303,0.01,3000.0,0.1,17.650076,0.00023040721,0.0,0.0,10.0
14,88,0,73.0,0.32055113,270.0,0.016921248,0.00046949324,9.676678,126.1318,1.1,0.0,35.0,0.033835303,0.01,3000.0,0.1,17.637016,0.00051513937,0.0,0.0,10.0
33,119,0,57.0,1.6404692,191.26523,0.00025229438,0.0001818903,8.043719,281.58017,1.1,0.0,35.0,0.033835303,0.01,3000.0,0.1,17.656006,0.000101087295,0.0,0.0,10.0
5,5,0,29.0,5.6973453,231.72955,-0.0010862196,-1.7594812e-05,7.4888177,89.3698,1.1,0.0,35.0,0.033835303,0.01,3000.0,0.1,17.659315,2.892639e-05,0.0,0.0,10.0
64,47,0,34.0,2.0273457,251.49506,0.015231598,0.00018321272,7.8318295,199.18846,1.1,0.0,35.0,0.033835303,0.01,3000.0,0.1,17.656904,8.14899e-05,0.0,0.0,10.0
115,117,0,18.0,2.9641948,167.52043,0.004104961,0.0002888831,7.4514766,126.1318,1.1,0.0,35.0,0.033835303,0.01,3000.0,0.1,17.658081,5.592975e-05,0.0,0.0,10.0
20,46,0,37.0,3.4113743,41.0705,-0.004616606,2.5165467e-05,9.390119,178.01428,1.1,0.0,35.0,0.033835303,0.01,3000.0,0.1,17.65842,4.8485796e-05,0.0,0.0,10.0
75,114,0,28.0,2.3131957,56.20232,0.002817275,1.1117919e-05,8.392948,178.7396,0.3,0.0,35.0,0.033835303,0.05,3000.0,0.015,88.28684,7.146333e-05,0.0,0.0,50.0
113,62,0,16.0,0.71908116,26.471973,-0.008493043,-1.8859071e-05,8.868703,252.2636,0.3,0.0,35.0,0.033835303,0.05,3000.0,0.015,88.25038,0.00023040718,0.0,0.0,50.0
49,8,0,7.0,0.64369404,180.0,-0.08358043,-0.0010727217,12.413451,0.0,1.1,0.0,35.0,0.033835303,0.01,3000.0,0.1,17.648827,0.00025760045,0.0,0.0,10.0
52,89,0,45.0,1.8164191,315.1165,0.011892224,-0.0008169326,9.040385,252.2636,1.1,0.0,35.0,0.033835303,0.01,3000.0,0.1,17.656466,9.109871e-05,0.0,0.0,10.0
120,85,0,9.0,1.6047066,53.018208,-0.0053011607,2.3789742e-05,8.065772,178.01428,1.1,0.0,35.0,0.033835303,0.01,3000.0,0.1,17.655918,0.00010306223,0.0,0.0,10.0
51,53,0,21.0,1.0139902,71.49504,-0.017636586,9.121641e-05,9.218124,252.2636,0.3,0.0,35.0,0.033835303,0.05,3000.0,0.015,88.26585,0.00016295575,0.0,0.0,50.0
100,45,0,10.0,1.9493196,80.49982,-0.0007766522,-0.00034984862,9.257402,126.1318,1.1,0.0,35.0,0.033835303,0.01,3000.0,0.1,17.656755,8.471815e-05,0.0,0.0,10.0
26,37,0,48.0,1.9493196,279.50018,-0.0028059685,0.00028230587,7.8711085,126.1318,1.1,0.0,35.0,0.033835303,0.01,3000.0,0.1,17.656755,8.471815e-05,0.0,0.0,10.0
35,29,0,51.0,3.2152264,0.0,0.00055720285,0.0001570391,7.370026,356.02856,1.1,0.0,35.0,0.033835303,0.01,3000.0,0.1,17.65828,5.156212e-05,0.0,0.0,10.0
79,52,0,31.0,4.726521,61.601883,0.0043636546,0.0005444133,6.9835134,199.18846,0.3,0.0,35.0,0.033835303,0.05,3000.0,0.015,88.29523,3.4927132e-05,0.0,0.0,50.0
24,40,0,38.0,3.8610814,311.74927,-0.008463134,-0.00021244466,9.383737,89.00714,0.3,0.0,35.0,0.033835303,0.05,3000.0,0.015,88.2934,4.282685e-05,0.0,0.0,50.0
35,65,0,45.0,2.9641948,167.52043,-0.0028386132,0.00024145153,7.4514766,252.2636,0.3,0.0,35.0,0.033835303,0.05,3000.0,0.015,88.290405,5.5929737e-05,0.0,0.0,50.0
72,121,0,52.0,6.480865,8.4966545,0.0005747692,-0.00012621019,8.4576025,356.02856,1.1,0.0,35.0,0.033835303,0.01,3000.0,0.1,17.659475,2.5508243e-05,0.0,0.0,10.0
123,53,0,6.0,0.7173292,63.34164,0.009561954,-0.00018253429,8.871142,126.1318,0.3,0.0,35.0,0.033835303,0.05,3000.0,0.015,88.25038,0.00023040718,0.0,0.0,50.0
51,20,0,28.0,7.9249563,130.21573,0.0029941527,2.3039198e-05,7.1556993,199.18846,1.1,0.0,35.0,0.033835303,0.01,3000.0,0.1,17.659693,2.0760812e-05,0.0,0.0,10.0
98,58,0,18.0,0.90843785,315.1165,-0.02279343,-0.0001103486,10.021214,126.1318,0.3,0.0,35.0,0.033835303,0.05,3000.0,0.015,88.26144,0.00018217333,0.0,0.0,50.0
25,106,0,43.0,7.1586056,349.73608,0.0049916944,-0.00027706375,6.565437,199.67502,0.3,0.0,35.0,0.033835303,0.05,3000.0,0.015,88.297935,2.3077551e-05,0.0,0.0,50.0
114,124,0,26.0,2.6421201,255.90884,0.0053876536,0.0003168519,7.566684,520.55206,0.3,0.0,35.0,0.033835303,0.05,3000.0,0.015,88.288895,6.250019e-05,0.0,0.0,50.0
34,48,0,23.0,2.9578419,229.28355,-0.0060934504,-0.00037508228,8.83992,89.00714,1.1,0.0,35.0,0.033835303,0.01,3000.0,0.1,17.658081,5.592975e-05,0.0,0.0,10.0
115,46,0,7.0,2.8740628,333.528,-0.0021232609,-8.3195555e-05,8.175556,178.7396,0.2,0.0,35.0,0.033835303,1.0,3000.0,0.02,1765.8003,5.7600842e-05,0.0,0.0,60.0
27,95,0,50.0,3.0493183,198.36517,0.0044692373,0.00051274884,7.423112,199.67502,1.1,0.0,35.0,0.033835303,0.01,3000.0,0.1,17.65815,5.4334618e-05,0.0,0.0,10.0
56,65,0,25.0,3.2069,233.01822,-0.009928445,-0.000415411,8.065772,89.3698,0.3,0.0,35.0,0.033835303,0.05,3000.0,0.015,88.291405,5.156211e-05,0.0,0.0,50.0
90,9,0,12.0,0.7173292,116.65834,10.0,0.20137529,8.871142,368.3933,0.3,0.0,35.0,0.033835303,0.05,3000.0,0.015,88.25038,0.00023040718,0.0,0.0,50.0
49,104,0,38.0,2.3331003,73.99295,-0.0023659794,-2.9245759e-05,8.384371,199.67502,1.1,0.0,35.0,0.033835303,0.01,3000.0,0.1,17.657396,7.0817674e-05,0.0,0.0,10.0
83,52,0,17.0,2.0273457,71.49504,0.0032066521,-0.0001140634,8.524977,252.2636,0.3,0.0,35.0,0.033835303,0.05,3000.0,0.015,88.28453,8.14899e-05,0.0,0.0,50.0
58,104,0,33.0,3.6291943,135.11649,-0.0004955093,-9.168843e-05,7.9417725,199.18846,1.1,0.0,35.0,0.033835303,0.01,3000.0,0.1,17.658554,4.5561374e-05,0.0,0.0,10.0
46,2,0,25.0,3.2069,233.01822,-0.010445084,-7.915914e-06,7.372625,178.01428,1.1,0.0,35.0,0.033835303,0.01,3000.0,0.1,17.65828,5.156212e-05,0.0,0.0,10.0
124,57,0,12.0,2.7381103,69.36724,0.0043703546,0.00013661709,7.530945,267.02142,1.1,0.0,35.0,0.033835303,0.01,3000.0,0.1,17.657875,6.0335366e-05,0.0,0.0,10.0
35,67,0,41.0,1.6088798,0.0,0.0022288114,-0.0005358281,9.449468,178.7396,0.3,0.0,35.0,0.033835303,0.05,3000.0,0.015,88.279594,0.00010306221,0.0,0.0,50.0
3,15,0,26.0,6.912766,166.65988,-0.0006817462,-0.0006600967,7.6993484,89.00714,1.1,0.0,35.0,0.033835303,0.01,3000.0,0.1,17.65955,2.3875122e-05,0.0,0.0,10.0
52,32,0,38.0,4.363186,144.08337,0.01579521,0.00042617152,7.0638366,126.1318,1.1,0.0,35.0,0.033835303,0.01,3000.0,0.1,17.658905,3.792751e-05,0.0,0.0,10.0
29,41,0,59.0,1.7317762,338.2788,0.010149924,0.0007304223,7.9895225,267.02142,1.1,0.0,35.0,0.033835303,0.01,3000.0,0.1,17.656258,9.565623e-05,0.0,0.0,10.0
54,32,0,24.0,1.6047066,126.98179,0.006154737,-0.00038902764,8.065772,89.3698,1.1,0.0,35.0,0.033835303,0.01,3000.0,0.1,17.655918,0.00010306223,0.0,0.0,10.0
11,107,0,53.0,8.164869,249.36725,-0.006176287,-0.0001801596,7.818627,199.67502,1.1,0.0,35.0,0.033835303,0.01,3000.0,0.1,17.65972,2.0153138e-05,0.0,0.0,10.0
0,16,0,30.0,3.2069,126.98179,0.001752079,-0.000160016,7.372625,268.10938,1.0,0.0,35.0,0.033835303,0.1,3000.0,0.035,176.58281,5.1562118e-05,0.0,0.0,0.0
17,44,0,39.0,1.6343267,78.64518,-0.023006141,5.702443e-05,10.244697,89.3698,0.3,0.0,35.0,0.033835303,0.05,3000.0,0.015,88.28004,0.00010108727,0.0,0.0,50.0
92,74,0,42.0,1.6065339,143.24185,-0.00044771962,0.00045177163,8.064633,321.3227,0.3,0.0,35.0,0.033835303,0.05,3000.0,0.015,88.279594,0.00010306221,0.0,0.0,50.0
44,36,0,47.0,2.9641948,192.47957,0.014143265,0.0009302674,7.4514766,178.01428,1.1,0.0,35.0,0.033835303,0.01,3000.0,0.1,17.658081,5.592975e-05,0.0,0.0,10.0
11,120,0,42.0,3.2659984,258.6452,-0.00012757565,-0.0004924071,7.3543253,199.18846,1.1,0.0,35.0,0.033835303,0.01,3000.0,0.1,17.658325,5.053667e-05,0.0,0.0,10.0
30,121,0,60.0,1.8164191,135.11649,0.018829355,-3.290286e-05,7.9417725,368.3933,1.1,0.0,35.0,0.033835303,0.01,3000.0,0.1,17.656466,9.109871e-05,0.0,0.0,10.0
0,22,0,35.0,5.3260617,302.8413,-0.0014434094,0.0007216436,8.249771,479.58795,1.0,0.0,35.0,0.033835303,0.1,3000.0,0.035,176.59225,3.0977273e-05,0.0,0.0,0.0
16,22,0,56.0,2.1563382,26.471973,0.016653027,0.0010681032,7.7700906,252.2636,1.1,0.0,35.0,0.033835303,0.01,3000.0,0.1,17.65712,7.681844e-05,0.0,0.0,10.0
44,62,0,38.0,6.441777,5.6875715,0.00214939,-2.237669e-05,6.671944,126.1318,1.1,0.0,35.0,0.033835303,0.01,3000.0,0.1,17.659466,2.5660156e-05,0.0,0.0,10.0
24,78,0,50.0,2.585233,60.154655,0.0013306212,0.0002864224,7.58848,281.58017,1.1,0.0,35.0,0.033835303,0.01,3000.0,0.1,17.657711,6.394341e-05,0.0,0.0,10.0
42,13,0,33.0,5.4330826,90.0,-0.0026543133,0.00033969156,7.9420767,199.67502,1.1,0.0,35.0,0.033835303,0.01,3000.0,0.1,17.659254,3.0331626e-05,0.0,0.0,10.0
52,53,0,21.0,0.9654904,0.0,-0.005572028,-6.308635e-05,9.267146,199.67502,1.1,0.0,35.0,0.033835303,0.01,3000.0,0.1,17.652765,0.00017176698,0.0,0.0,10.0
32,34,0,42.0,4.50811,355.9309,0.003026988,-0.00033201845,7.03103,89.00714,0.7,0.0,35.0,0.033835303,0.1,3000.0,0.035,176.5896,3.6750145e-05,0.0,0.0,30.0
106,67,0,15.0,0.45424747,135.11649,-0.035676677,-3.2197207e-05,11.273977,321.82562,0.3,0.0,35.0,0.033835303,0.05,3000.0,0.015,88.21967,0.0003643227,0.0,0.0,50.0
22,15,0,38.0,6.7638564,250.6372,0.0038371019,0.00023194194,6.6227207,268.10938,1.1,0.0,35.0,0.033835303,0.01,3000.0,0.1,17.65953,2.433088e-05,0.0,0.0,10.0
48,1,0,43.0,6.3938317,306.98178,0.0015386842,0.00044794465,7.372625,199.67502,1.1,0.0,35.0,0.033835303,0.01,3000.0,0.1,17.659462,2.5812078e-05,0.0,0.0,10.0
74,96,0,29.0,2.0273457,108.504944,-0.0089073675,-0.00025045028,10.53988,0.0,0.3,0.0,35.0,0.033835303,0.05,3000.0,0.015,88.28453,8.14899e-05,0.0,0.0,50.0
96,97,0,25.0,0.0,0.0,0.0,0.0,11.398502,89.00714,0.3,0.0,35.0,0.033835303,0.05,3000.0,0.015,0.0,999.0,0.0,0.0,50.0
6,58,0,43.0,1.9493196,279.50018,-0.00025053296,7.100556e-05,8.969721,178.01428,1.1,0.0,35.0,0.033835303,0.01,3000.0,0.1,17.656755,8.471815e-05,0.0,0.0,10.0
83,33,0,15.0,2.7628155,35.42756,0.00043067217,1.0481167e-05,8.620562,199.18846,0.3,0.0,35.0,0.033835303,0.05,3000.0,0.015,88.28948,5.9917587e-05,0.0,0.0,50.0
41,13,0,43.0,1.6404692,168.73477,0.03044352,0.00019313478,8.043719,282.49762,1.1,0.0,35.0,0.033835303,0.01,3000.0,0.1,17.656006,0.000101087295,0.0,0.0,10.0
68,12,0,9.0,2.0567696,38.54621,-0.0071653775,-0.00049702305,9.4268465,178.7396,0.3,0.0,35.0,0.033835303,0.05,3000.0,0.015,88.28476,8.0464444e-05,0.0,0.0,50.0
116,37,0,12.0,0.32185718,0.0,0.039004203,-0.0,9.672611,199.67502,0.3,0.0,35.0,0.033835303,0.05,3000.0,0.015,88.18508,0.00051513937,0.0,0.0,50.0
91,65,0,23.0,3.5797114,79.65407,-0.0026142723,-0.00021184301,9.341831,89.3698,0.3,0.0,35.0,0.033835303,0.05,3000.0,0.015,88.29264,4.6131052e-05,0.0,0.0,50.0
5,56,0,41.0,1.8704919,301.06665,0.00952852,3.3573992e-06,7.912418,199.67502,1.1,0.0,35.0,0.033835303,0.01,3000.0,0.1,17.65659,8.8402165e-05,0.0,0.0,10.0
5,10,0,36.0,4.984216,315.1165,0.003964075,-9.397336e-05,6.9301715,89.3698,1.1,0.0,35.0,0.033835303,0.01,3000.0,0.1,17.659124,3.3142107e-05,0.0,0.0,10.0
33,54,0,35.0,3.9120262,305.10156,0.01154271,-6.6391454e-05,7.1733637,199.18846,1.1,0.0,35.0,0.033835303,0.01,3000.0,0.1,17.658705,4.225716e-05,0.0,0.0,10.0
84,85,0,37.0,1.6343267,78.64518,0.008377467,-0.00014341516,8.047472,252.2636,1.1,0.0,35.0,0.033835303,0.01,3000.0,0.1,17.656006,0.000101087295,0.0,0.0,10.0
55,29,0,48.0,5.7027926,218.0441,0.0078137135,0.00068719115,6.7947087,252.2636,1.1,0.0,35.0,0.033835303,0.01,3000.0,0.1,17.659315,2.892639e-05,0.0,0.0,10.0
28,28,0,37.0,2.9533155,77.42176,-0.006049625,-0.00028378106,10.094217,0.0,1.1,0.0,35.0,0.033835303,0.01,3000.0,0.1,17.658081,5.592975e-05,0.0,0.0,10.0
48,86,0,39.0,4.1598835,270.0,-0.0030371468,-9.3162846e-05,7.8048754,321.82562,0.3,0.0,35.0,0.033835303,0.05,3000.0,0.015,88.29412,3.967456e-05,0.0,0.0,50.0
116,91,0,25.0,2.5828042,82.84625,0.0044443603,-0.00016764535,8.282568,252.2636,0.3,0.0,35.0,0.033835303,0.05,3000.0,0.015,88.28856,6.39434e-05,0.0,0.0,50.0
7,1,0,51.0,3.6591861,217.76213,0.00676372,0.0001611773,7.240373,199.18846,1.1,0.0,35.0,0.033835303,0.01,3000.0,0.1,17.65857,4.5219556e-05,0.0,0.0,10.0
61,35,0,26.0,3.5359704,180.0,-0.001519644,-3.1376716e-05,7.274716,178.7396,1.1,0.0,35.0,0.033835303,0.01,3000.0,0.1,17.658497,4.685267e-05,0.0,0.0,10.0
26,41,0,47.0,3.650967,285.31436,-0.0070149447,-0.00014926585,8.628922,252.2636,1.1,0.0,35.0,0.033835303,0.01,3000.0,0.1,17.65857,4.5219556e-05,0.0,0.0,10.0
5,60,0,46.0,2.2700963,44.88351,0.0035676672,-0.00042239603,8.411776,89.3698,1.1,0.0,35.0,0.033835303,0.01,3000.0,0.1,17.6573,7.286857e-05,0.0,0.0,10.0
4,49,0,43.0,3.8542712,85.21703,-0.0021803498,-0.0001040835,8.797721,89.3698,1.1,0.0,35.0,0.033835303,0.01,3000.0,0.1,17.65868,4.2826858e-05,0.0,0.0,10.0
31,54,0,24.0,1.0139902,108.504944,-0.020486943,-0.00029662182,10.316736,199.18846,0.3,0.0,35.0,0.033835303,0.05,3000.0,0.015,88.26585,0.00016295575,0.0,0.0,50.0
11,3,0,40.0,9.6483345,187.5642,0.003444057,-5.066675e-05,6.262674,178.01428,1.1,0.0,35.0,0.033835303,0.01,3000.0,0.1,17.659863,1.707681e-05,0.0,0.0,10.0
79,37,0,15.0,5.437963,241.83067,-0.0019280999,2.567093e-05,7.5357084,89.3698,1.1,0.0,35.0,0.033835303,0.01,3000.0,0.1,17.659254,3.0331626e-05,0.0,0.0,10.0
104,71,0,16.0,1.0172933,161.63483,0.0035283456,6.2266234e-05,8.521724,199.18846,0.3,0.0,35.0,0.033835303,0.05,3000.0,0.015,88.26585,0.00016295575,0.0,0.0,50.0
101,102,0,37.0,7.3091197,336.88565,-0.0016219224,-0.00044191402,7.2375536,89.00714,1.1,0.0,35.0,0.033835303,0.01,3000.0,0.1,17.659607,2.2583825e-05,0.0,0.0,10.0
3,104,0,55.0,3.2782533,191.26523,0.0045412993,-0.00076076784,7.3505716,89.3698,1.1,0.0,35.0,0.033835303,0.01,3000.0,0.1,17.658325,5.053667e-05,0.0,0.0,10.0
14,119,0,54.0,1.874072,30.861074,0.0059494325,0.00015042412,7.9105043,199.18846,1.1,0.0,35.0,0.033835303,0.01,3000.0,0.1,17.65659,8.8402165e-05,0.0,0.0,10.0
46,46,0,40.0,1.6404692,348.7348,0.0011773732,0.00065869326,8.043719,252.2636,1.1,0.0,35.0,0.033835303,0.01,3000.0,0.1,17.656006,0.000101087295,0.0,0.0,10.0
101,61,0,17.0,0.45424747,135.11649,-0.033694636,4.751772e-05,11.273977,126.1318,0.3,0.0,35.0,0.033835303,0.05,3000.0,0.015,88.21967,0.0003643227,0.0,0.0,50.0
54,118,0,39.0,3.409538,228.6986,-0.005035118,0.00011158157,9.102976,267.02142,0.3,0.0,35.0,0.033835303,0.05,3000.0,0.015,88.29211,4.848578e-05,0.0,0.0,50.0
83,82,0,27.0,2.0339458,341.63483,-0.012172793,-0.0003206138,10.131162,89.00714,1.1,0.0,35.0,0.033835303,0.01,3000.0,0.1,17.656904,8.14899e-05,0.0,0.0,10.0
104,20,0,-32768.0,89.779526,44.88176,-1.8160424e-07,-1.17396795e-07,0.5399971,823.79175,0.3,0.0,35.0,0.033835303,0.05,3000.0,0.015,88.303215,6.203262e-08,0.0,0.0,50.0
34,21,0,39.0,3.9174569,214.88266,-0.0114669325,-9.3589246e-05,9.117882,89.00714,1.1,0.0,35.0,0.033835303,0.01,3000.0,0.1,17.658705,4.225716e-05,0.0,0.0,10.0
70,14,0,10.0,3.9738631,13.981523,-0.004534456,-9.2011665e-05,8.767069,126.1318,1.1,0.0,35.0,0.033835303,0.01,3000.0,0.1,17.658733,4.164949e-05,0.0,0.0,10.0
120,42,0,13.0,0.7173292,63.34164,0.002013043,6.842722e-05,8.871142,368.3933,0.3,0.0,35.0,0.033835303,0.05,3000.0,0.015,88.25038,0.00023040718,0.0,0.0,50.0
10,114,0,40.0,3.2069,126.98179,0.0042678826,-0.00051813904,7.372625,126.1318,1.1,0.0,35.0,0.033835303,0.01,3000.0,0.1,17.65828,5.156212e-05,0.0,0.0,10.0
34,29,0,51.0,3.2310994,354.31244,0.0027835013,0.00021921506,7.3650913,321.3227,1.1,0.0,35.0,0.033835303,0.01,3000.0,0.1,17.658293,5.129627e-05,0.0,0.0,10.0
60,38,0,12.0,0.7173292,63.34164,-0.047306515,-0.0003527848,12.238439,0.0,1.1,0.0,35.0,0.033835303,0.01,3000.0,0.1,17.650076,0.00023040721,0.0,0.0,10.0
18,43,0,38.0,4.0813956,135.11649,-7.8232226e-11,-0.00012628315,7.8239894,89.00714,1.1,0.0,35.0,0.033835303,0.01,3000.0,0.1,17.658785,4.051011e-05,0.0,0.0,10.0
19,106,0,53.0,10.520866,183.4542,0.0022464786,0.00043936344,6.1742854,199.67502,1.1,0.0,35.0,0.033835303,0.01,3000.0,0.1,17.65993,1.5633594e-05,0.0,0.0,10.0
50,52,0,24.0,0.64369404,180.0,0.019502101,3.1550644e-05,8.979465,126.1318,1.1,0.0,35.0,0.033835303,0.01,3000.0,0.1,17.648827,0.00025760045,0.0,0.0,10.0
84,75,0,40.0,3.460394,158.27881,0.0012687406,0.00014262725,7.2963753,199.18846,0.3,0.0,35.0,0.033835303,0.05,3000.0,0.015,88.29226,4.7840134e-05,0.0,0.0,50.0
114,113,0,21.0,1.3217627,75.90884,0.00056288915,-1.2721908e-05,8.25983,282.49762,0.3,0.0,35.0,0.033835303,0.05,3000.0,0.015,88.27456,0.00012497633,0.0,0.0,50.0
97,86,0,40.0,2.5929894,172.9036,-0.0032967508,0.0003386202,7.58548,356.02856,0.3,0.0,35.0,0.033835303,0.05,3000.0,0.015,88.28856,6.39434e-05,0.0,0.0,50.0
72,21,0,17.0,1.6047066,306.98178,0.009299494,0.00020874655,8.065772,178.7396,1.1,0.0,35.0,0.033835303,0.01,3000.0,0.1,17.655918,0.00010306223,0.0,0.0,10.0
87,75,0,40.0,1.1570693,236.20233,0.013786666,0.0002260568,8.392948,252.2636,0.3,0.0,35.0,0.033835303,0.05,3000.0,0.015,88.270454,0.00014290263,0.0,0.0,50.0
27,52,0,31.0,1.7266877,68.118126,0.0037498523,1.4188235e-05,7.992467,267.02142,1.1,0.0,35.0,0.033835303,0.01,3000.0,0.1,17.656258,9.565623e-05,0.0,0.0,10.0
72,64,0,17.0,0.90843785,135.11649,0.028739544,-0.00029730392,8.634919,199.18846,0.3,0.0,35.0,0.033835303,0.05,3000.0,0.015,88.26144,0.00018217333,0.0,0.0,50.0
63,36,0,28.0,5.492177,173.31714,0.005534781,0.0006525376,6.8325806,199.18846,1.1,0.0,35.0,0.033835303,0.01,3000.0,0.1,17.659264,3.014173e-05,0.0,0.0,10.0
109,47,0,17.0,1.3625141,224.88351,-0.0132135805,0.00062931486,8.229454,281.58017,1.1,0.0,35.0,0.033835303,0.01,3000.0,0.1,17.655073,0.00012140628,0.0,0.0,10.0
103,71,0,15.0,0.7173292,63.34164,0.0005032613,-0.00010018053,8.871142,178.01428,1.1,0.0,35.0,0.033835303,0.01,3000.0,0.1,17.650076,0.00023040721,0.0,0.0,10.0
51,14,0,28.0,12.321173,342.09912,0.0060160593,1.990163e-06,6.012072,178.7396,1.1,0.0,35.0,0.033835303,0.01,3000.0,0.1,17.660036,1.3278868e-05,0.0,0.0,10.0
92,108,0,32.0,5.6973453,308.27048,-0.0024708507,-6.86442e-06,6.7956705,282.49762,0.3,0.0,35.0,0.033835303,0.05,3000.0,0.015,88.296585,2.8926386e-05,0.0,0.0,50.0
47,5,0,39.0,13.037286,237.74265,0.0038881632,7.111795e-05,5.953691,126.1318,1.1,0.0,35.0,0.033835303,0.01,3000.0,0.1,17.660072,1.2481302e-05,0.0,0.0,10.0
68,35,0,8.0,2.8670712,116.65834,-0.0132105965,-0.00062347576,9.882744,126.1318,0.3,0.0,35.0,0.033835303,0.05,3000.0,0.015,88.290016,5.760084e-05,0.0,0.0,50.0
118,64,0,13.0,1.4344336,63.34164,-0.009813586,-6.899419e-05,9.56429,89.3698,0.3,0.0,35.0,0.033835303,0.05,3000.0,0.015,88.276794,0.00011521562,0.0,0.0,50.0
62,109,0,33.0,2.585233,60.154655,-0.0051937164,-0.00020206971,9.667921,252.2636,0.3,0.0,35.0,0.033835303,0.05,3000.0,0.015,88.28856,6.39434e-05,0.0,0.0,50.0
85,23,0,15.0,1.6023545,90.0,0.0033842488,9.379294e-05,8.760386,178.7396,0.3,0.0,35.0,0.033835303,0.05,3000.0,0.015,88.279594,0.00010306221,0.0,0.0,50.0
26,112,0,65.0,9.174751,75.90884,0.002814446,0.0005594014,6.3139205,321.3227,1.1,0.0,35.0,0.033835303,0.01,3000.0,0.1,17.659824,1.7874383e-05,0.0,0.0,10.0
110,52,0,15.0,2.585233,240.15466,-0.005537104,0.00037304877,7.58848,268.10938,0.3,0.0,35.0,0.033835303,0.05,3000.0,0.015,88.28856,6.39434e-05,0.0,0.0,50.0
6,63,0,53.0,2.2745183,351.90247,0.0003783336,4.8227703e-05,8.409828,267.02142,1.1,0.0,35.0,0.033835303,0.01,3000.0,0.1,17.6573,7.286857e-05,0.0,0.0,10.0
30,51,0,22.0,2.5731533,0.0,-0.0048755254,-0.0004404575,8.979465,89.00714,1.1,0.0,35.0,0.033835303,0.01,3000.0,0.1,17.657688,6.443714e-05,0.0,0.0,10.0
0,20,0,25.0,8.282452,272.21158,-0.0025577508,0.00060048845,8.815731,445.68933,1.0,0.0,35.0,0.033835303,0.1,3000.0,0.035,176.59734,1.9849305e-05,0.0,0.0,0.0
94,65,0,16.0,0.90843785,224.88351,-0.013874262,-0.00015657746,9.733532,89.00714,0.3,0.0,35.0,0.033835303,0.05,3000.0,0.015,88.26144,0.00018217333,0.0,0.0,50.0
117,115,0,17.0,1.3625141,224.88351,0.0013213572,-9.2673705e-05,8.229454,281.58017,0.3,0.0,35.0,0.033835303,0.05,3000.0,0.015,88.275375,0.000121406265,0.0,0.0,50.0
16,86,0,67.0,4.1598835,90.0,0.0021693904,0.00031054282,7.111728,126.1318,1.1,0.0,35.0,0.033835303,0.01,3000.0,0.1,17.658825,3.9674564e-05,0.0,0.0,10.0
19,6,0,31.0,3.6555355,307.98795,0.0056363386,-0.00029364706,7.934521,199.18846,1.1,0.0,35.0,0.033835303,0.01,3000.0,0.1,17.65857,4.5219556e-05,0.0,0.0,10.0
120,40,0,14.0,0.7173292,296.65836,0.009561955,0.00010038628,8.871142,446.19705,1.1,0.0,35.0,0.033835303,0.01,3000.0,0.1,17.650076,0.00023040721,0.0,0.0,10.0
32,24,0,43.0,3.3553581,163.36476,-0.0012890365,0.00042103612,7.327272,178.01428,1.1,0.0,35.0,0.033835303,0.01,3000.0,0.1,17.65838,4.9397288e-05,0.0,0.0,10.0
25,116,0,45.0,3.2782533,348.7348,-0.0122573,-0.00033380624,9.653157,126.1318,1.1,0.0,35.0,0.033835303,0.01,3000.0,0.1,17.658325,5.053667e-05,0.0,0.0,10.0
92,38,0,10.0,2.5080328,39.691032,0.0013517062,-0.00052847824,8.311984,89.00714,0.3,0.0,35.0,0.033835303,0.05,3000.0,0.015,88.28809,6.595631e-05,0.0,0.0,50.0
32,21,0,50.0,5.294869,115.10628,-0.0027820843,0.00025404367,6.869384,199.67502,0.3,0.0,35.0,0.033835303,0.05,3000.0,0.015,88.29609,3.1129188e-05,0.0,0.0,50.0
116,34,0,13.0,0.32185718,180.0,0.005572028,9.466534e-05,9.672611,398.37692,0.3,0.0,35.0,0.033835303,0.05,3000.0,0.015,88.18508,0.00051513937,0.0,0.0,50.0
70,47,0,35.0,1.7317762,158.27881,0.0044673965,0.0001789736,7.9895225,445.03568,1.1,0.0,35.0,0.033835303,0.01,3000.0,0.1,17.656258,9.565623e-05,0.0,0.0,10.0
124,46,0,14.0,0.6410822,270.0,-0.005640416,-6.259028e-05,8.98353,571.3408,1.1,0.0,35.0,0.033835303,0.01,3000.0,0.1,17.648827,0.00025760045,0.0,0.0,10.0
63,75,0,30.0,3.9090981,9.424614,0.0041482807,-9.524478e-05,7.1741147,126.1318,0.3,0.0,35.0,0.033835303,0.05,3000.0,0.015,88.2935,4.2371095e-05,0.0,0.0,50.0
23,22,0,40.0,1.6343267,101.35481,-0.0020837348,-0.00022326103,8.047472,89.00714,1.1,0.0,35.0,0.033835303,0.01,3000.0,0.1,17.656006,0.000101087295,0.0,0.0,10.0
79,119,0,36.0,1.7266877,111.88186,0.003389289,-0.00016403905,9.091079,126.1318,0.3,0.0,35.0,0.033835303,0.05,3000.0,0.015,88.28129,9.565621e-05,0.0,0.0,50.0
108,32,0,9.0,1.6343267,101.35481,8.5050255e-05,-0.00012773031,8.047472,199.67502,0.3,0.0,35.0,0.033835303,0.05,3000.0,0.015,88.28004,0.00010108727,0.0,0.0,50.0
56,121,0,46.0,3.6291943,224.88351,0.0044595846,-0.0002204546,7.9417725,178.7396,1.1,0.0,35.0,0.033835303,0.01,3000.0,0.1,17.658554,4.5561374e-05,0.0,0.0,10.0
32,113,0,47.0,1.0172933,18.36517,0.034224954,0.00020880725,8.521724,199.18846,1.1,0.0,35.0,0.033835303,0.01,3000.0,0.1,17.653168,0.00016295575,0.0,0.0,10.0
98,96,0,17.0,3.4728544,33.582626,-0.013284615,-0.0003548273,9.931829,0.0,1.1,0.0,35.0,0.033835303,0.01,3000.0,0.1,17.65846,4.7650243e-05,0.0,0.0,10.0
96,78,0,22.0,2.5731533,180.0,0.0041790213,-0.00040899622,7.5931697,178.7396,0.3,0.0,35.0,0.033835303,0.05,3000.0,0.015,88.288445,6.443714e-05,0.0,0.0,50.0
34,123,0,44.0,4.7566276,70.27226,-0.0027533842,-0.00030267064,7.670282,89.00714,0.3,0.0,35.0,0.033835303,0.05,3000.0,0.015,88.29528,3.4699257e-05,0.0,0.0,50.0
60,42,0,32.0,3.2659984,258.6452,0.0009780797,-5.5796234e-05,8.047472,356.02856,0.7,0.0,35.0,0.033835303,0.1,3000.0,0.035,176.58327,5.0536673e-05,0.0,0.0,30.0
25,36,0,41.0,2.2745183,171.90244,-0.01573238,-0.00063027965,10.355738,0.0,1.1,0.0,35.0,0.033835303,0.01,3000.0,0.1,17.6573,7.286857e-05,0.0,0.0,10.0
41,69,0,52.0,3.9120262,234.89845,0.003919641,0.0006372581,7.1733637,252.2636,0.3,0.0,35.0,0.033835303,0.05,3000.0,0.015,88.29353,4.2257154e-05,0.0,0.0,50.0
97,51,0,18.0,0.32185718,0.0,-0.039004203,-9.4665345e-05,11.618522,455.62735,0.3,0.0,35.0,0.033835303,0.05,3000.0,0.015,88.18508,0.00051513937,0.0,0.0,50.0
37,37,0,45.0,5.294869,295.1063,0.00041569935,0.00030340173,7.562531,199.18846,1.1,0.0,35.0,0.033835303,0.01,3000.0,0.1,17.659218,3.1129195e-05,0.0,0.0,10.0
30,77,0,35.0,3.5821586,63.34164,-0.004328042,-0.00013669807,7.954852,89.3698,1.1,0.0,35.0,0.033835303,0.01,3000.0,0.1,17.658527,4.613106e-05,0.0,0.0,10.0
122,81,0,9.0,3.8697119,184.7444,-0.0043947245,-0.00032879316,8.976031,199.18846,0.7,0.0,35.0,0.033835303,0.1,3000.0,0.035,176.5868,4.2826854e-05,0.0,0.0,30.0
58,30,0,34.0,2.651603,166.01846,-0.0003182069,-0.00029731626,7.563096,321.82562,0.3,0.0,35.0,0.033835303,0.05,3000.0,0.015,88.288895,6.250019e-05,0.0,0.0,50.0
54,21,0,21.0,5.6019397,13.188672,0.0019375229,-0.0005613676,6.812668,368.3933,0.3,0.0,35.0,0.033835303,0.05,3000.0,0.015,88.29644,2.9534056e-05,0.0,0.0,50.0
81,10,0,10.0,0.90843785,224.88351,-0.019820375,5.057905e-07,10.714361,126.1318,0.3,0.0,35.0,0.033835303,0.05,3000.0,0.015,88.26144,0.00018217333,0.0,0.0,50.0
105,69,0,15.0,1.7317762,158.27881,0.00046460915,4.7722635e-05,7.9895225,178.7396,0.3,0.0,35.0,0.033835303,0.05,3000.0,0.015,88.28129,9.565621e-05,0.0,0.0,50.0
105,28,0,16.0,0.7173292,116.65834,0.01862065,0.00014422926,8.871142,321.3227,0.3,0.0,35.0,0.033835303,0.05,3000.0,0.015,88.25038,0.00023040718,0.0,0.0,50.0
96,43,0,15.0,1.922605,90.0,-0.0065804846,3.124819e-05,7.884918,321.3227,0.3,0.0,35.0,0.033835303,0.05,3000.0,0.015,88.28353,8.585753e-05,0.0,0.0,50.0
45,32,0,20.0,1.6343267,78.64518,-0.037549764,-0.00022140924,10.68653,0.0,1.1,0.0,35.0,0.033835303,0.01,3000.0,0.1,17.656006,0.000101087295,0.0,0.0,10.0
48,52,0,20.0,1.7317762,158.27881,-0.008077052,-0.00019476462,11.0805645,0.0,1.1,0.0,35.0,0.033835303,0.01,3000.0,0.1,17.656258,9.565623e-05,0.0,0.0,10.0
36,120,0,50.0,2.5905683,150.35536,-0.004127188,3.1664924e-05,7.586416,252.2636,1.1,0.0,35.0,0.033835303,0.01,3000.0,0.1,17.657711,6.394341e-05,0.0,0.0,10.0
123,110,0,21.0,1.6343267,281.35483,-0.016669886,-0.00040312047,10.244697,126.1318,1.1,0.0,35.0,0.033835303,0.01,3000.0,0.1,17.656006,0.000101087295,0.0,0.0,10.0
68,60,0,22.0,1.2872256,0.0,-0.02507413,-9.4598196e-05,9.672611,281.58017,0.3,0.0,35.0,0.033835303,0.05,3000.0,0.015,88.273674,0.00012881224,0.0,0.0,50.0
105,87,0,21.0,1.1570693,56.20232,0.0071930434,-0.0001128884,8.392948,367.07394,0.3,0.0,35.0,0.033835303,0.05,3000.0,0.015,88.270454,0.00014290263,0.0,0.0,50.0
48,102,0,45.0,2.9004087,83.63418,0.004503811,0.00024218585,7.473268,199.18846,0.3,0.0,35.0,0.033835303,0.05,3000.0,0.015,88.29018,5.687923e-05,0.0,0.0,50.0
32,63,0,43.0,3.6637444,15.196082,-0.005045363,-0.00014708015,9.030884,126.1318,1.1,0.0,35.0,0.033835303,0.01,3000.0,0.1,17.65857,4.5219556e-05,0.0,0.0,10.0
1,112,0,49.0,2.2745183,188.09756,-0.01287911,-0.00027161886,9.326118,199.18846,1.1,0.0,35.0,0.033835303,0.01,3000.0,0.1,17.6573,7.286857e-05,0.0,0.0,10.0
59,103,0,35.0,2.5080328,219.69104,9.403139e-05,2.9143119e-05,7.618837,321.3227,0.3,0.0,35.0,0.033835303,0.05,3000.0,0.015,88.28809,6.595631e-05,0.0,0.0,50.0
21,95,0,48.0,3.6637444,195.19609,0.0017419857,-0.00051960174,7.2391243,89.3698,1.1,0.0,35.0,0.033835303,0.01,3000.0,0.1,17.65857,4.5219556e-05,0.0,0.0,10.0
37,100,0,52.0,4.726521,298.39813,0.0007514505,0.00037478973,6.9835134,89.00714,1.1,0.0,35.0,0.033835303,0.01,3000.0,0.1,17.659044,3.4927136e-05,0.0,0.0,10.0
7,29,0,42.0,3.7484255,110.05804,-0.0029855764,0.00056908047,7.216211,178.7396,0.3,0.0,35.0,0.033835303,0.05,3000.0,0.015,88.29312,4.4042194e-05,0.0,0.0,50.0
8,110,0,39.0,5.766583,56.202316,-0.0015584928,-0.0008049441,7.4766574,126.1318,1.1,0.0,35.0,0.033835303,0.01,3000.0,0.1,17.659332,2.8584573e-05,0.0,0.0,10.0
39,47,0,40.0,4.1841927,212.36577,-0.005726489,0.00041762623,7.1058807,281.58017,1.1,0.0,35.0,0.033835303,0.01,3000.0,0.1,17.65883,3.9560622e-05,0.0,0.0,10.0
11,12,0,30.0,6.583336,292.9171,5.3334134e-05,-0.00013003076,7.343166,89.3698,1.1,0.0,35.0,0.033835303,0.01,3000.0,0.1,17.659498,2.4976529e-05,0.0,0.0,10.0
14,60,0,27.0,2.5828042,97.15374,-0.015151718,-0.000604407,11.200339,0.0,1.1,0.0,35.0,0.033835303,0.01,3000.0,0.1,17.657711,6.394341e-05,0.0,0.0,10.0
37,11,0,30.0,4.3577437,126.13826,0.008421757,-0.0006390088,7.065089,199.18846,1.1,0.0,35.0,0.033835303,0.01,3000.0,0.1,17.658905,3.792751e-05,0.0,0.0,10.0
53,74,0,30.0,3.3553581,163.36476,0.0028280376,0.00036773697,7.327272,281.58017,1.1,0.0,35.0,0.033835303,0.01,3000.0,0.1,17.65838,4.9397288e-05,0.0,0.0,10.0
23,83,0,41.0,1.3217627,104.091156,-0.003296922,-0.00014445472,8.25983,89.00714,1.1,0.0,35.0,0.033835303,0.01,3000.0,0.1,17.654911,0.00012497634,0.0,0.0,10.0
99,102,0,36.0,3.409538,48.69858,-0.010121615,3.6600737e-05,8.004364,199.67502,0.3,0.0,35.0,0.033835303,0.05,3000.0,0.015,88.29211,4.848578e-05,0.0,0.0,50.0
53,60,0,34.0,5.1754007,352.9036,-0.0022864563,1.9557996e-05,7.58548,178.01428,0.3,0.0,35.0,0.033835303,0.05,3000.0,0.015,88.29589,3.2002717e-05,0.0,0.0,50.0
42,39,0,32.0,1.6047066,53.018208,-0.04061228,-0.00015181027,11.061504,0.0,0.3,0.0,35.0,0.033835303,0.05,3000.0,0.015,88.279594,0.00010306221,0.0,0.0,50.0
6,62,0,49.0,2.8740628,26.471973,-0.006244884,-9.3552466e-05,9.091846,178.01428,1.1,0.0,35.0,0.033835303,0.01,3000.0,0.1,17.658003,5.7600842e-05,0.0,0.0,10.0
64,39,0,17.0,2.5905683,330.35538,0.0036259533,-5.2339574e-06,7.586416,199.18846,1.1,0.0,35.0,0.033835303,0.01,3000.0,0.1,17.657711,6.394341e-05,0.0,0.0,10.0
79,49,0,16.0,2.5080328,219.69104,0.005453841,-0.0009289232,7.618837,126.1318,0.3,0.0,35.0,0.033835303,0.05,3000.0,0.015,88.28809,6.595631e-05,0.0,0.0,50.0
75,94,0,33.0,2.9119177,173.68532,-0.00773026,-0.00017056806,10.03425,0.0,0.3,0.0,35.0,0.033835303,0.05,3000.0,0.015,88.29018,5.687923e-05,0.0,0.0,50.0
92,98,0,20.0,3.2659984,258.6452,-0.0011056556,-0.00043533917,7.3543253,281.58017,1.1,0.0,35.0,0.033835303,0.01,3000.0,0.1,17.658325,5.053667e-05,0.0,0.0,10.0
110,61,0,12.0,1.6065339,143.24185,-0.01687901,-0.00015473839,11.43193,0.0,0.3,0.0,35.0,0.033835303,0.05,3000.0,0.015,88.279594,0.00010306221,0.0,0.0,50.0
20,17,0,31.0,5.0736976,18.36517,-0.004727984,-1.872989e-05,8.010899,199.18846,0.3,0.0,35.0,0.033835303,0.05,3000.0,0.015,88.29576,3.257241e-05,0.0,0.0,50.0
62,12,0,10.0,4.3123307,312.1031,-0.00019120304,-0.0001413906,8.174217,398.37692,1.1,0.0,35.0,0.033835303,0.01,3000.0,0.1,17.658886,3.834528e-05,0.0,0.0,10.0
12,109,0,57.0,5.492177,173.31714,0.0019967884,0.00018185755,6.8325806,252.2636,1.1,0.0,35.0,0.033835303,0.01,3000.0,0.1,17.659264,3.014173e-05,0.0,0.0,10.0
14,95,0,91.0,6.3034,300.56744,0.0025100438,-0.00024027223,7.3869867,378.3954,1.1,0.0,35.0,0.033835303,0.01,3000.0,0.1,17.659445,2.6153892e-05,0.0,0.0,10.0
57,85,0,47.0,1.9493196,279.50018,0.010948289,0.0005057341,7.8711085,199.67502,1.1,0.0,35.0,0.033835303,0.01,3000.0,0.1,17.656755,8.471815e-05,0.0,0.0,10.0
44,3,0,18.0,4.5537753,129.40363,-0.014166183,-0.00012664139,8.96682,126.1318,0.3,0.0,35.0,0.033835303,0.05,3000.0,0.015,88.29491,3.6294387e-05,0.0,0.0,50.0
83,104,0,30.0,4.873843,66.716934,0.0044034417,-0.00021332449,6.952676,89.3698,1.1,0.0,35.0,0.033835303,0.01,3000.0,0.1,17.659092,3.3863715e-05,0.0,0.0,10.0
31,124,0,52.0,6.188672,201.17194,0.0015246448,0.0007047716,7.405502,321.82562,0.3,0.0,35.0,0.033835303,0.05,3000.0,0.015,88.2971,2.672358e-05,0.0,0.0,50.0
69,7,0,10.0,0.9615732,270.0,-0.0,-3.1287793e-05,9.271213,126.1318,1.1,0.0,35.0,0.033835303,0.01,3000.0,0.1,17.652765,0.00017176698,0.0,0.0,10.0
110,87,0,17.0,1.0172933,341.63483,0.019758733,8.833926e-05,8.521724,199.67502,0.3,0.0,35.0,0.033835303,0.05,3000.0,0.015,88.26585,0.00016295575,0.0,0.0,50.0
57,80,0,43.0,3.7441425,329.13892,0.006442868,0.00048629852,7.217357,321.3227,0.3,0.0,35.0,0.033835303,0.05,3000.0,0.015,88.2931,4.4156135e-05,0.0,0.0,50.0
87,52,0,19.0,0.45424747,44.88351,-0.0,-1.0222659e-06,9.328067,252.2636,0.3,0.0,35.0,0.033835303,0.05,3000.0,0.015,88.21967,0.0003643227,0.0,0.0,50.0
112,55,0,12.0,3.2069,126.98179,-0.0016173031,9.019162e-05,8.065772,126.1318,0.3,0.0,35.0,0.033835303,0.05,3000.0,0.015,88.291405,5.156211e-05,0.0,0.0,50.0
77,82,0,48.0,4.3577437,53.861736,-0.00020758652,0.000107506225,8.163702,199.67502,0.3,0.0,35.0,0.033835303,0.05,3000.0,0.015,88.294525,3.7927504e-05,0.0,0.0,50.0
48,73,0,38.0,2.746499,339.52045,-0.0011720633,0.0001508863,7.527881,178.01428,1.1,0.0,35.0,0.033835303,0.01,3000.0,0.1,17.657875,6.0335366e-05,0.0,0.0,10.0
36,116,0,51.0,4.6188745,56.20232,0.0043158256,9.0695474e-05,7.699801,199.18846,0.3,0.0,35.0,0.033835303,0.05,3000.0,0.015,88.29502,3.5762674e-05,0.0,0.0,50.0
73,8,0,8.0,2.0273457,251.49506,-0.006591451,-0.0003950163,9.441268,89.3698,0.3,0.0,35.0,0.033835303,0.05,3000.0,0.015,88.28453,8.14899e-05,0.0,0.0,50.0
9,20,0,41.0,5.273051,255.90884,0.0022716604,0.0004430134,7.566684,199.67502,1.1,0.0,35.0,0.033835303,0.01,3000.0,0.1,17.659208,3.1281113e-05,0.0,0.0,10.0
73,68,0,19.0,0.90843785,224.88351,-0.009910187,-0.00034507824,10.714361,252.2636,1.1,0.0,35.0,0.033835303,0.01,3000.0,0.1,17.652287,0.00018217335,0.0,0.0,10.0
20,33,0,52.0,1.6065339,323.24188,0.0024176834,0.00018595901,8.064633,267.02142,1.1,0.0,35.0,0.033835303,0.01,3000.0,0.1,17.655918,0.00010306223,0.0,0.0,10.0
115,83,0,18.0,3.1765401,135.11649,-0.0059461123,4.8828933e-05,7.382157,321.82562,0.3,0.0,35.0,0.033835303,0.05,3000.0,0.015,88.29128,5.209383e-05,0.0,0.0,50.0
96,77,0,27.0,3.2782533,168.73477,0.0076739537,2.9813362e-05,7.3505716,178.7396,1.1,0.0,35.0,0.033835303,0.01,3000.0,0.1,17.658325,5.053667e-05,0.0,0.0,10.0
59,57,0,18.0,1.6047066,233.01822,-0.00062895066,-0.0001720284,8.065772,89.3698,1.1,0.0,35.0,0.033835303,0.01,3000.0,0.1,17.655918,0.00010306223,0.0,0.0,10.0
29,87,0,53.0,1.7317762,338.2788,0.008899053,-8.088495e-05,7.9895225,282.49762,0.3,0.0,35.0,0.033835303,0.05,3000.0,0.015,88.28129,9.565621e-05,0.0,0.0,50.0
12,47,0,30.0,3.650967,74.68563,-0.002996085,-0.0008075668,7.935775,89.00714,1.1,0.0,35.0,0.033835303,0.01,3000.0,0.1,17.65857,4.5219556e-05,0.0,0.0,10.0
119,76,0,22.0,1.8704919,238.93338,0.0006238917,0.00029395396,7.912418,481.00217,0.3,0.0,35.0,0.033835303,0.05,3000.0,0.015,88.28295,8.840215e-05,0.0,0.0,50.0
48,66,0,53.0,6.351497,40.799107,0.0043409057,0.00023716818,6.686176,178.01428,1.1,0.0,35.0,0.033835303,0.01,3000.0,0.1,17.659452,2.6001971e-05,0.0,0.0,10.0
63,115,0,44.0,5.6019397,346.81134,0.0043220054,-7.797376e-05,6.812668,199.18846,1.1,0.0,35.0,0.033835303,0.01,3000.0,0.1,17.659288,2.9534056e-05,0.0,0.0,10.0
76,109,0,29.0,6.363077,252.40744,0.00037892623,8.242794e-05,6.6843395,126.1318,1.1,0.0,35.0,0.033835303,0.01,3000.0,0.1,17.659456,2.5888035e-05,0.0,0.0,10.0
32,40,0,47.0,1.9493196,80.49982,0.0017286774,-0.000120972,8.564256,268.10938,0.3,0.0,35.0,0.033835303,0.05,3000.0,0.015,88.28378,8.471815e-05,0.0,0.0,50.0
98,76,0,21.0,5.008768,116.65834,0.0009346272,-0.00023519227,7.6183796,199.67502,0.3,0.0,35.0,0.033835303,0.05,3000.0,0.015,88.29568,3.291422e-05,0.0,0.0,50.0
92,95,0,20.0,1.8704919,58.933353,-0.0035448363,0.00020882442,7.912418,126.1318,0.3,0.0,35.0,0.033835303,0.05,3000.0,0.015,88.28295,8.840215e-05,0.0,0.0,50.0
84,59,0,15.0,1.9304327,0.0,-0.0,3.150291e-05,7.8808517,89.00714,0.3,0.0,35.0,0.033835303,0.05,3000.0,0.015,88.28353,8.585753e-05,0.0,0.0,50.0
37,80,0,31.0,5.455274,139.87848,-0.0016976312,0.00025407862,7.5325108,126.1318,1.1,0.0,35.0,0.033835303,0.01,3000.0,0.1,17.659256,3.0293644e-05,0.0,0.0,10.0
56,91,0,58.0,3.0301423,31.900768,0.001511604,0.00020364685,7.429432,267.02142,1.1,0.0,35.0,0.033835303,0.01,3000.0,0.1,17.658138,5.463845e-05,0.0,0.0,10.0
92,91,0,34.0,1.7266877,111.88186,0.014999406,0.00030375726,7.992467,199.18846,0.3,0.0,35.0,0.033835303,0.05,3000.0,0.015,88.28129,9.565621e-05,0.0,0.0,50.0
114,104,0,17.0,1.0139902,108.504944,-0.0010688842,-4.417394e-05,8.524977,199.67502,0.3,0.0,35.0,0.033835303,0.05,3000.0,0.015,88.26585,0.00016295575,0.0,0.0,50.0
25,89,0,53.0,2.4481852,336.88565,0.004031635,0.00023619342,7.6430187,281.58017,1.1,0.0,35.0,0.033835303,0.01,3000.0,0.1,17.65754,6.7665394e-05,0.0,0.0,10.0
27,69,0,49.0,4.737064,208.20361,0.0042962627,-9.813621e-06,7.6744223,178.01428,1.1,0.0,35.0,0.033835303,0.01,3000.0,0.1,17.659044,3.4927136e-05,0.0,0.0,10.0
72,103,0,36.0,2.2745183,188.09756,0.00088277884,0.00021662163,8.409828,281.58017,1.1,0.0,35.0,0.033835303,0.01,3000.0,0.1,17.6573,7.286857e-05,0.0,0.0,10.0
66,25,0,34.0,6.8450627,142.707,0.0028095068,0.0008365923,6.6106734,199.67502,1.1,0.0,35.0,0.033835303,0.01,3000.0,0.1,17.65954,2.4103005e-05,0.0,0.0,10.0
97,105,0,42.0,0.45424747,315.1165,-0.033694636,0.00048747964,9.328067,199.67502,1.1,0.0,35.0,0.033835303,0.01,3000.0,0.1,17.643934,0.0003643228,0.0,0.0,10.0
75,111,0,16.0,3.4728544,326.41736,-0.015710846,-0.00011297589,9.857721,0.0,1.1,0.0,35.0,0.033835303,0.01,3000.0,0.1,17.65846,4.7650243e-05,0.0,0.0,10.0
43,55,0,32.0,5.492177,353.31714,0.004141363,0.00010146434,6.8325806,126.1318,0.3,0.0,35.0,0.033835303,0.05,3000.0,0.015,88.29632,3.0141728e-05,0.0,0.0,50.0
82,47,0,24.0,5.294869,115.10628,0.006736814,0.00028431258,6.869384,281.58017,0.3,0.0,35.0,0.033835303,0.05,3000.0,0.015,88.29609,3.1129188e-05,0.0,0.0,50.0
3,25,0,40.0,0.71908116,153.52802,0.03297299,-0.00025676686,8.868703,199.18846,0.3,0.0,35.0,0.033835303,0.05,3000.0,0.015,88.25038,0.00023040718,0.0,0.0,50.0
57,59,0,21.0,4.887463,23.114355,-0.0020916478,-0.00047528723,9.029313,89.00714,0.3,0.0,35.0,0.033835303,0.05,3000.0,0.015,88.29546,3.3863704e-05,0.0,0.0,50.0
116,84,0,15.0,1.2872256,180.0,0.0013930069,-0.00034686006,8.286317,267.02142,0.3,0.0,35.0,0.033835303,0.05,3000.0,0.015,88.273674,0.00012881224,0.0,0.0,50.0
28,59,0,61.0,9.902341,47.48653,0.0031910941,0.00039946396,6.929324,199.67502,0.7,0.0,35.0,0.033835303,0.1,3000.0,0.035,176.59883,1.6583079e-05,0.0,0.0,30.0
55,94,0,58.0,6.9924684,195.88397,0.0033967663,0.00085352664,6.589159,252.2636,0.3,0.0,35.0,0.033835303,0.05,3000.0,0.015,88.29781,2.360927e-05,0.0,0.0,50.0
116,51,0,15.0,1.0139902,71.49504,-0.0005344419,4.09966e-05,9.218124,282.49762,0.3,0.0,35.0,0.033835303,0.05,3000.0,0.015,88.26585,0.00016295575,0.0,0.0,50.0
0,60,0,45.0,7.0241375,87.38684,-0.0006738111,-0.0013887062,6.5845947,126.1318,1.0,0.0,35.0,0.033835303,0.1,3000.0,0.035,176.59569,2.3419369e-05,0.0,0.0,0.0
48,7,0,12.0,7.0523524,182.59203,-0.0027560825,-0.0015142183,7.2736926,126.1318,1.1,0.0,35.0,0.033835303,0.01,3000.0,0.1,17.659569,2.3419372e-05,0.0,0.0,10.0
93,63,0,16.0,0.7173292,63.34164,-0.002013043,-0.00047754456,11.35605,126.1318,0.3,0.0,35.0,0.033835303,0.05,3000.0,0.015,88.25038,0.00023040718,0.0,0.0,50.0
25,38,0,41.0,3.156025,294.04907,0.0005479734,-0.00031126995,8.081797,126.1318,1.1,0.0,35.0,0.033835303,0.01,3000.0,0.1,17.658243,5.235969e-05,0.0,0.0,10.0
67,63,0,39.0,2.5905683,29.644625,0.012285585,0.00047790716,7.586416,321.82562,0.3,0.0,35.0,0.033835303,0.05,3000.0,0.015,88.28856,6.39434e-05,0.0,0.0,50.0
11,5,0,21.0,1.0139902,71.49504,-0.046140164,-3.510702e-05,11.857182,0.0,1.1,0.0,35.0,0.033835303,0.01,3000.0,0.1,17.653168,0.00016295575,0.0,0.0,10.0
25,51,0,39.0,3.4674404,56.202312,0.003756367,0.00024414115,7.987483,398.37692,1.1,0.0,35.0,0.033835303,0.01,3000.0,0.1,17.65846,4.7650243e-05,0.0,0.0,10.0
99,62,0,20.0,0.32185718,0.0,-0.0,0.0002208858,9.672611,199.18846,0.3,0.0,35.0,0.033835303,0.05,3000.0,0.015,88.18508,0.00051513937,0.0,0.0,50.0
5,38,0,55.0,7.241641,311.53928,0.0022695079,0.00063919544,6.553782,126.1318,1.1,0.0,35.0,0.033835303,0.01,3000.0,0.1,17.659597,2.2773726e-05,0.0,0.0,10.0
41,47,0,47.0,0.32055113,90.0,0.11844873,0.00046949324,9.676678,281.58017,0.3,0.0,35.0,0.033835303,0.05,3000.0,0.015,88.18508,0.00051513937,0.0,0.0,50.0
87,0,0,-32768.0,0.0,0.0,0.0,0.0,11.398502,894.5468,1.0,0.0,35.0,0.033835303,0.1,3000.0,0.035,0.0,999.0,0.0,0.0,0.0
42,80,0,28.0,0.9654904,0.0,0.009286712,-0.0002838886,8.573999,281.58017,0.3,0.0,35.0,0.033835303,0.05,3000.0,0.015,88.26383,0.00017176695,0.0,0.0,50.0
80,38,0,21.0,2.5828042,277.15375,0.004638061,0.00044826776,7.5894213,199.67502,0.3,0.0,35.0,0.033835303,0.05,3000.0,0.015,88.28856,6.39434e-05,0.0,0.0,50.0
80,44,0,27.0,5.505621,54.35206,0.004632636,0.00024253754,6.8301206,268.10938,1.1,0.0,35.0,0.033835303,0.01,3000.0,0.1,17.659267,2.9989817e-05,0.0,0.0,10.0
94,57,0,23.0,0.45424747,135.11649,0.0158563,0.00018830164,9.328067,268.10938,0.3,0.0,35.0,0.033835303,0.05,3000.0,0.015,88.21967,0.0003643227,0.0,0.0,50.0
117,53,0,15.0,1.6065339,36.758133,-0.0022385954,3.0936397e-05,8.064633,321.3227,0.3,0.0,35.0,0.033835303,0.05,3000.0,0.015,88.279594,0.00010306221,0.0,0.0,50.0
84,7,0,13.0,0.32185718,180.0,-0.0,-0.0,9.672611,321.3227,1.1,0.0,35.0,0.033835303,0.01,3000.0,0.1,17.637016,0.00051513937,0.0,0.0,10.0
71,49,0,35.0,3.6591861,217.76213,0.0007250891,0.0005169402,7.240373,281.58017,0.3,0.0,35.0,0.033835303,0.05,3000.0,0.015,88.292854,4.5219553e-05,0.0,0.0,50.0
77,62,0,19.0,1.3265119,346.01846,-0.008750705,-0.00036202816,8.94939,178.01428,0.3,0.0,35.0,0.033835303,0.05,3000.0,0.015,88.27456,0.00012497633,0.0,0.0,50.0
82,108,0,37.0,2.9004087,96.36581,-0.0005772169,0.00015360136,7.473268,378.3954,1.1,0.0,35.0,0.033835303,0.01,3000.0,0.1,17.658033,5.6879242e-05,0.0,0.0,10.0
73,49,0,32.0,2.7591798,54.35206,-0.005550339,0.0002975016,7.5232677,199.67502,0.3,0.0,35.0,0.033835303,0.05,3000.0,0.015,88.28948,5.9917587e-05,0.0,0.0,50.0
102,70,0,18.0,2.2656658,81.83721,0.0028709276,-4.9843773e-05,7.7205844,126.1318,0.3,0.0,35.0,0.033835303,0.05,3000.0,0.015,88.286514,7.2868555e-05,0.0,0.0,50.0
11,106,0,63.0,9.965929,206.47198,-0.002034048,-0.00017009152,6.922793,252.2636,0.3,0.0,35.0,0.033835303,0.05,3000.0,0.015,88.299446,1.6507116e-05,0.0,0.0,50.0
40,3,0,49.0,4.177019,57.423187,0.0014073399,0.00061781594,7.107603,267.02142,1.1,0.0,35.0,0.033835303,0.01,3000.0,0.1,17.65883,3.9560622e-05,0.0,0.0,10.0
5,35,0,38.0,1.1570693,56.20232,-0.019660983,-0.00035492855,8.392948,199.18846,1.1,0.0,35.0,0.033835303,0.01,3000.0,0.1,17.65409,0.00014290263,0.0,0.0,10.0
105,48,0,15.0,2.7591798,234.35207,0.0016324526,0.00026598744,7.5232677,199.67502,0.3,0.0,35.0,0.033835303,0.05,3000.0,0.015,88.28948,5.9917587e-05,0.0,0.0,50.0
40,55,0,34.0,5.0573053,71.49504,0.006199528,1.8398618e-05,6.9155393,89.3698,1.1,0.0,35.0,0.033835303,0.01,3000.0,0.1,17.659151,3.257241e-05,0.0,0.0,10.0
5,121,0,62.0,11.675648,57.065235,0.00080503,-0.0013046847,6.7606387,282.49762,1.1,0.0,35.0,0.033835303,0.01,3000.0,0.1,17.660004,1.40004795e-05,0.0,0.0,10.0
4,1,0,41.0,2.5627255,90.0,0.007755572,-0.00028086477,7.597236,252.2636,0.3,0.0,35.0,0.033835303,0.05,3000.0,0.015,88.288445,6.443714e-05,0.0,0.0,50.0
25,109,0,49.0,3.5821586,243.34166,-0.0028182603,-0.00010898399,7.261705,282.49762,1.1,0.0,35.0,0.033835303,0.01,3000.0,0.1,17.658527,4.613106e-05,0.0,0.0,10.0
89,74,0,41.0,2.0339458,341.63483,0.0011467121,0.000116582516,7.8285766,356.02856,0.3,0.0,35.0,0.033835303,0.05,3000.0,0.015,88.28453,8.14899e-05,0.0,0.0,50.0
48,31,0,32.0,5.0028396,230.0798,-0.00078925013,0.00019359791,7.6195703,199.18846,1.1,0.0,35.0,0.033835303,0.01,3000.0,0.1,17.659132,3.3028165e-05,0.0,0.0,10.0
101,95,0,29.0,6.16658,351.0632,0.0033400895,-7.755212e-05,6.7159586,178.01428,0.3,0.0,35.0,0.033835303,0.05,3000.0,0.015,88.29708,2.6799535e-05,0.0,0.0,50.0
123,94,0,20.0,1.437936,333.528,-0.004995908,0.0004087747,8.175556,321.82562,0.3,0.0,35.0,0.033835303,0.05,3000.0,0.015,88.276794,0.00011521562,0.0,0.0,50.0
87,39,0,18.0,1.3625141,44.88351,-0.0,1.0215044e-06,8.229454,178.01428,0.3,0.0,35.0,0.033835303,0.05,3000.0,0.015,88.275375,0.000121406265,0.0,0.0,50.0
58,90,0,52.0,2.9596786,40.48621,0.0067539085,-6.721267e-05,7.453004,252.2636,1.1,0.0,35.0,0.033835303,0.01,3000.0,0.1,17.658081,5.592975e-05,0.0,0.0,10.0
60,46,0,37.0,5.512842,144.57243,0.003304749,0.00011912069,7.521949,178.7396,1.1,0.0,35.0,0.033835303,0.01,3000.0,0.1,17.659267,2.9989817e-05,0.0,0.0,10.0
24,12,0,31.0,1.4344336,296.65836,-0.015852716,-0.0012999905,11.962185,0.0,1.1,0.0,35.0,0.033835303,0.01,3000.0,0.1,17.65536,0.00011521563,0.0,0.0,10.0
9,26,0,38.0,4.9826775,14.873515,0.0032761653,0.00015288331,6.930482,178.01428,1.1,0.0,35.0,0.033835303,0.01,3000.0,0.1,17.659122,3.3218064e-05,0.0,0.0,10.0
70,91,0,50.0,2.0567696,141.45378,-0.010193604,0.00024092203,7.8174086,367.07394,1.1,0.0,35.0,0.033835303,0.01,3000.0,0.1,17.656952,8.046446e-05,0.0,0.0,10.0
86,51,0,19.0,0.71908116,153.52802,0.007993451,-0.00016391145,8.868703,281.58017,1.1,0.0,35.0,0.033835303,0.01,3000.0,0.1,17.650076,0.00023040721,0.0,0.0,10.0
8,5,0,28.0,2.6421201,75.90884,-0.014876359,-0.00016450096,10.399897,0.0,1.1,0.0,35.0,0.033835303,0.01,3000.0,0.1,17.657778,6.250019e-05,0.0,0.0,10.0
44,89,0,38.0,3.2105453,323.24188,-0.0003357894,0.00023707848,8.064633,126.1318,0.3,0.0,35.0,0.033835303,0.05,3000.0,0.015,88.291405,5.156211e-05,0.0,0.0,50.0
26,35,0,49.0,3.1646187,203.87614,-0.009894267,0.0002631077,7.3859243,126.1318,0.3,0.0,35.0,0.033835303,0.05,3000.0,0.015,88.29122,5.235968e-05,0.0,0.0,50.0
108,93,0,13.0,5.8820686,330.7417,-0.0036873205,-0.00043165535,8.149838,89.00714,0.3,0.0,35.0,0.033835303,0.05,3000.0,0.015,88.296776,2.8090839e-05,0.0,0.0,50.0
35,43,0,39.0,5.069113,214.58621,-0.0040432015,-0.00023634234,7.606342,126.1318,1.1,0.0,35.0,0.033835303,0.01,3000.0,0.1,17.659151,3.257241e-05,0.0,0.0,10.0
50,66,0,40.0,5.213531,47.37348,0.0018970255,-0.000107359876,7.5780993,199.67502,1.1,0.0,35.0,0.033835303,0.01,3000.0,0.1,17.659191,3.1698884e-05,0.0,0.0,10.0
93,124,0,21.0,2.6421201,255.90884,0.0008443337,-0.0008183619,8.952978,126.1318,1.1,0.0,35.0,0.033835303,0.01,3000.0,0.1,17.657778,6.250019e-05,0.0,0.0,10.0
109,98,0,30.0,1.1588799,33.582623,0.0075173397,0.00019518993,8.391384,321.82562,0.3,0.0,35.0,0.033835303,0.05,3000.0,0.015,88.270454,0.00014290263,0.0,0.0,50.0
95,103,0,37.0,3.5362613,264.78455,-0.0019085018,0.00017849756,7.2746334,199.67502,0.3,0.0,35.0,0.033835303,0.05,3000.0,0.015,88.29253,4.6662768e-05,0.0,0.0,50.0
53,32,0,24.0,4.5806804,102.14257,0.0042330986,-0.00020987759,7.014993,89.00714,1.1,0.0,35.0,0.033835303,0.01,3000.0,0.1,17.658993,3.6028534e-05,0.0,0.0,10.0
106,105,0,43.0,0.32055113,90.0,0.07896582,0.0007824888,9.676678,252.2636,0.3,0.0,35.0,0.033835303,0.05,3000.0,0.015,88.18508,0.00051513937,0.0,0.0,50.0
84,84,0,36.0,1.6088798,0.0,-0.006686434,0.00012607721,9.161786,252.2636,0.3,0.0,35.0,0.033835303,0.05,3000.0,0.015,88.279594,0.00010306221,0.0,0.0,50.0
55,34,0,22.0,6.351497,220.79912,0.0026098434,8.63107e-05,6.686176,178.01428,0.3,0.0,35.0,0.033835303,0.05,3000.0,0.015,88.297264,2.6001971e-05,0.0,0.0,50.0
4,56,0,37.0,1.6343267,281.35483,0.009398073,-0.00029831682,9.146085,126.1318,1.1,0.0,35.0,0.033835303,0.01,3000.0,0.1,17.656006,0.000101087295,0.0,0.0,10.0
32,47,0,29.0,2.746499,200.47957,0.0016909927,-0.0005203491,7.527881,89.00714,0.3,0.0,35.0,0.033835303,0.05,3000.0,0.015,88.28938,6.0335355e-05,0.0,0.0,50.0
13,58,0,41.0,1.9493196,80.49982,0.011223873,5.8661666e-05,7.8711085,199.18846,1.1,0.0,35.0,0.033835303,0.01,3000.0,0.1,17.656755,8.471815e-05,0.0,0.0,10.0
0,64,0,56.0,9.70323,58.288414,-0.00083454855,-0.0009425004,6.2568913,252.2636,1.0,0.0,35.0,0.033835303,0.1,3000.0,0.035,176.5987,1.692489e-05,0.0,0.0,0.0
123,46,0,13.0,0.32055113,270.0,-0.0,-0.0,9.676678,504.5272,0.3,0.0,35.0,0.033835303,0.05,3000.0,0.015,88.18508,0.00051513937,0.0,0.0,50.0
114,50,0,14.0,1.3217627,284.09116,-0.0020907319,-0.00010894497,8.952978,199.18846,0.3,0.0,35.0,0.033835303,0.05,3000.0,0.015,88.27456,0.00012497633,0.0,0.0,50.0
81,92,0,37.0,5.7755475,213.58264,0.0016943851,-0.00078707933,7.475094,89.00714,1.1,0.0,35.0,0.033835303,0.01,3000.0,0.1,17.659332,2.8584573e-05,0.0,0.0,10.0
111,113,0,23.0,7.018816,204.14069,0.0005700337,2.24427e-05,6.58536,89.00714,1.1,0.0,35.0,0.033835303,0.01,3000.0,0.1,17.659567,2.349533e-05,0.0,0.0,10.0
79,123,0,47.0,4.1767726,0.0,-0.0060006455,-0.00018783502,8.493957,199.18846,0.3,0.0,35.0,0.033835303,0.05,3000.0,0.015,88.29412,3.967456e-05,0.0,0.0,50.0
89,86,0,33.0,2.0339458,198.36517,-0.001675964,-0.00022278975,7.8285766,199.67502,0.3,0.0,35.0,0.033835303,0.05,3000.0,0.015,88.28453,8.14899e-05,0.0,0.0,50.0
31,45,0,36.0,3.5908859,206.47198,0.0003996725,-0.0003381369,7.952412,89.00714,1.1,0.0,35.0,0.033835303,0.01,3000.0,0.1,17.658527,4.613106e-05,0.0,0.0,10.0
16,95,0,100.0,7.195421,77.14529,0.0070283855,0.001339816,6.560253,357.4792,1.1,0.0,35.0,0.033835303,0.01,3000.0,0.1,17.659597,2.2887662e-05,0.0,0.0,10.0
109,103,0,13.0,2.2700963,44.88351,-0.0134778535,-0.00028194772,10.203535,89.3698,0.3,0.0,35.0,0.033835303,0.05,3000.0,0.015,88.286514,7.2868555e-05,0.0,0.0,50.0
11,84,0,81.0,4.1722293,94.41655,-0.0018218786,6.8768254e-06,8.900514,268.10938,1.1,0.0,35.0,0.033835303,0.01,3000.0,0.1,17.65883,3.9560622e-05,0.0,0.0,10.0
107,107,0,39.0,3.5908859,153.52802,0.022581501,-0.00012941622,7.259265,267.02142,0.3,0.0,35.0,0.033835303,0.05,3000.0,0.015,88.29264,4.6131052e-05,0.0,0.0,50.0
45,46,0,39.0,2.8740628,333.528,0.0013738745,0.00043403418,7.4824085,199.18846,1.1,0.0,35.0,0.033835303,0.01,3000.0,0.1,17.658003,5.7600842e-05,0.0,0.0,10.0
71,45,0,42.0,2.1510887,243.34166,0.011742751,0.0002175777,7.7725306,399.35004,1.1,0.0,35.0,0.033835303,0.01,3000.0,0.1,17.65712,7.681844e-05,0.0,0.0,10.0
106,101,0,32.0,2.9596786,40.48621,0.00045740762,0.00013257981,8.146151,321.3227,0.3,0.0,35.0,0.033835303,0.05,3000.0,0.015,88.290405,5.5929737e-05,0.0,0.0,50.0
60,34,0,27.0,1.8704919,238.93338,-0.00039702165,-0.00017583679,7.912418,126.1318,1.1,0.0,35.0,0.033835303,0.01,3000.0,0.1,17.65659,8.8402165e-05,0.0,0.0,10.0
70,111,0,27.0,1.7266877,68.118126,0.001586476,-0.00020303103,7.992467,267.02142,0.3,0.0,35.0,0.033835303,0.05,3000.0,0.015,88.28129,9.565621e-05,0.0,0.0,50.0
47,115,0,29.0,3.409538,48.69858,-0.0010042212,-0.00031538,8.409829,89.3698,0.3,0.0,35.0,0.033835303,0.05,3000.0,0.015,88.29211,4.848578e-05,0.0,0.0,50.0
88,48,0,23.0,1.0172933,161.63483,0.0063510216,-5.0149247e-05,8.521724,399.35004,0.3,0.0,35.0,0.033835303,0.05,3000.0,0.015,88.26585,0.00016295575,0.0,0.0,50.0
79,115,0,30.0,5.891021,257.42178,0.001007072,-0.00056539563,7.45516,89.00714,1.1,0.0,35.0,0.033835303,0.01,3000.0,0.1,17.659363,2.7976903e-05,0.0,0.0,10.0
55,32,0,20.0,1.0172933,341.63483,-0.012525627,-0.0006893311,11.466163,0.0,0.3,0.0,35.0,0.033835303,0.05,3000.0,0.015,88.26585,0.00016295575,0.0,0.0,50.0
12,53,0,25.0,0.32185718,180.0,-0.07243637,-0.0006311023,9.672611,89.00714,1.1,0.0,35.0,0.033835303,0.01,3000.0,0.1,17.637016,0.00051513937,0.0,0.0,10.0
8,10,0,24.0,2.9533155,77.42176,-0.0020932711,-0.00048657114,7.45516,199.67502,1.1,0.0,35.0,0.033835303,0.01,3000.0,0.1,17.658081,5.592975e-05,0.0,0.0,10.0
95,19,0,10.0,1.8164191,315.1165,-0.0113967145,-0.00017273158,9.328067,89.00714,0.3,0.0,35.0,0.033835303,0.05,3000.0,0.015,88.28233,9.1098686e-05,0.0,0.0,50.0
50,24,0,16.0,6.032749,302.1102,-0.00041842076,-0.0012506897,9.873561,0.0,1.1,0.0,35.0,0.033835303,0.01,3000.0,0.1,17.659391,2.7331253e-05,0.0,0.0,10.0
85,47,0,20.0,3.5216577,270.0,0.00102553,3.112404e-05,7.2787824,281.58017,1.1,0.0,35.0,0.033835303,0.01,3000.0,0.1,17.658497,4.685267e-05,0.0,0.0,10.0
68,8,0,7.0,0.90843785,44.88351,-0.02180241,-0.0002835249,11.34297,0.0,1.1,0.0,35.0,0.033835303,0.01,3000.0,0.1,17.652287,0.00018217335,0.0,0.0,10.0
107,32,0,12.0,3.0301423,148.09923,0.005873279,2.6064492e-06,7.429432,282.49762,0.3,0.0,35.0,0.033835303,0.05,3000.0,0.015,88.290695,5.4638444e-05,0.0,0.0,50.0
31,3,0,55.0,6.1005874,3.0005841,0.0033024638,0.0004570956,6.7268004,321.82562,0.3,0.0,35.0,0.033835303,0.05,3000.0,0.015,88.297005,2.7103371e-05,0.0,0.0,50.0
78,87,0,37.0,3.218274,84.26629,-0.003855989,-0.00031457405,7.3690767,199.18846,0.3,0.0,35.0,0.033835303,0.05,3000.0,0.015,88.291466,5.1296258e-05,0.0,0.0,50.0
56,21,0,23.0,6.17029,291.32935,-0.0011006572,2.1892673e-05,6.7153525,367.07394,1.1,0.0,35.0,0.033835303,0.01,3000.0,0.1,17.659418,2.672358e-05,0.0,0.0,10.0
99,74,0,18.0,2.5080328,140.30896,-0.00929739,-0.00012732345,10.103744,126.1318,0.3,0.0,35.0,0.033835303,0.05,3000.0,0.015,88.28809,6.595631e-05,0.0,0.0,50.0
71,13,0,3.0,0.90843785,315.1165,-0.04459584,-0.000392596,12.272506,0.0,0.3,0.0,35.0,0.033835303,0.05,3000.0,0.015,88.26144,0.00018217333,0.0,0.0,50.0
83,20,0,15.0,0.9654904,0.0,-0.0,-9.462953e-05,8.573999,398.37692,1.1,0.0,35.0,0.033835303,0.01,3000.0,0.1,17.652765,0.00017176698,0.0,0.0,10.0
110,29,0,9.0,2.7381103,110.63275,-0.0040181982,-9.024954e-05,8.917239,356.02856,0.3,0.0,35.0,0.033835303,0.05,3000.0,0.015,88.28938,6.0335355e-05,0.0,0.0,50.0
52,10,0,20.0,6.7354693,182.71527,0.005148524,-0.00010577388,6.6269655,126.1318,1.1,0.0,35.0,0.033835303,0.01,3000.0,0.1,17.65952,2.4558754e-05,0.0,0.0,10.0
96,83,0,41.0,2.2745183,8.097549,-0.0009615982,0.00032144194,7.716681,398.37692,1.1,0.0,35.0,0.033835303,0.01,3000.0,0.1,17.6573,7.286857e-05,0.0,0.0,10.0
67,98,0,44.0,3.6291943,135.11649,0.0059461123,0.00043685967,7.2486253,178.7396,0.3,0.0,35.0,0.033835303,0.05,3000.0,0.015,88.29278,4.5561363e-05,0.0,0.0,50.0
87,98,0,18.0,0.90843785,44.88351,-0.025766484,-0.00015734707,11.579358,0.0,0.3,0.0,35.0,0.033835303,0.05,3000.0,0.015,88.26144,0.00018217333,0.0,0.0,50.0
109,94,0,23.0,1.2872256,0.0,0.002786014,0.00015766364,9.38493,199.18846,0.3,0.0,35.0,0.033835303,0.05,3000.0,0.015,88.273674,0.00012881224,0.0,0.0,50.0
77,122,0,46.0,6.0922866,0.0,0.0011730585,-0.00024819965,6.7281723,199.18846,0.3,0.0,35.0,0.033835303,0.05,3000.0,0.015,88.297,2.7141348e-05,0.0,0.0,50.0
69,36,0,5.0,1.3265119,166.01846,-0.01821738,-8.018564e-05,11.0288315,0.0,1.1,0.0,35.0,0.033835303,0.01,3000.0,0.1,17.654911,0.00012497634,0.0,0.0,10.0
57,49,0,41.0,4.5976295,192.04712,0.0058786124,0.0003095919,7.0112844,178.01428,0.3,0.0,35.0,0.033835303,0.05,3000.0,0.015,88.29497,3.6028538e-05,0.0,0.0,50.0
76,106,0,27.0,2.8740628,333.528,0.0069942707,-6.8150875e-05,7.4824085,178.7396,1.1,0.0,35.0,0.033835303,0.01,3000.0,0.1,17.658003,5.7600842e-05,0.0,0.0,10.0
18,72,0,42.0,2.7381103,69.36724,0.0026908382,-0.0003783112,8.629557,89.3698,1.1,0.0,35.0,0.033835303,0.01,3000.0,0.1,17.657875,6.0335366e-05,0.0,0.0,10.0
30,42,0,57.0,3.1646187,156.12386,0.009245558,0.00027494007,7.3859243,367.07394,1.1,0.0,35.0,0.033835303,0.01,3000.0,0.1,17.658243,5.235969e-05,0.0,0.0,10.0
45,43,0,27.0,2.5080328,140.30896,-0.0058417227,-0.00049825915,8.717449,126.1318,1.1,0.0,35.0,0.033835303,0.01,3000.0,0.1,17.657618,6.595632e-05,0.0,0.0,10.0
0,99,0,95.0,3.6291943,224.88351,-0.003716321,0.0016402293,7.2486253,479.58795,1.0,0.0,35.0,0.033835303,0.1,3000.0,0.035,176.58556,4.556137e-05,0.0,0.0,0.0
61,111,0,42.0,2.3331003,73.99295,-0.0051262886,0.00027002202,7.6912236,321.82562,0.3,0.0,35.0,0.033835303,0.05,3000.0,0.015,88.28699,7.081768e-05,0.0,0.0,50.0
65,56,0,22.0,2.1563382,206.47198,0.0016653029,-3.1846008e-05,7.7700906,89.3698,1.1,0.0,35.0,0.033835303,0.01,3000.0,0.1,17.65712,7.681844e-05,0.0,0.0,10.0
15,68,0,51.0,1.0139902,108.504944,-0.0051662717,6.1898536e-05,9.911271,252.2636,1.1,0.0,35.0,0.033835303,0.01,3000.0,0.1,17.653168,0.00016295575,0.0,0.0,10.0
33,71,0,54.0,3.2022066,90.0,-0.0028202077,-3.1154636e-05,8.06724,356.02856,1.1,0.0,35.0,0.033835303,0.01,3000.0,0.1,17.65828,5.156212e-05,0.0,0.0,10.0
45,110,0,27.0,2.6421201,255.90884,0.00076392107,-0.0005665812,7.566684,126.1318,1.1,0.0,35.0,0.033835303,0.01,3000.0,0.1,17.657778,6.250019e-05,0.0,0.0,10.0
48,117,0,31.0,4.367763,17.037354,-0.0054065967,-2.6813275e-05,9.701841,0.0,1.1,0.0,35.0,0.033835303,0.01,3000.0,0.1,17.658905,3.792751e-05,0.0,0.0,10.0
75,72,0,33.0,2.746499,20.479568,-0.0071307984,-0.00015946335,9.725105,89.00714,1.1,0.0,35.0,0.033835303,0.01,3000.0,0.1,17.657875,6.0335366e-05,0.0,0.0,10.0
116,115,0,18.0,0.7173292,63.34164,0.0010065222,-0.00016881186,8.871142,267.02142,1.1,0.0,35.0,0.033835303,0.01,3000.0,0.1,17.650076,0.00023040721,0.0,0.0,10.0
66,65,0,37.0,5.9891973,195.46414,0.0037576342,0.00023128708,6.7453656,267.02142,0.3,0.0,35.0,0.033835303,0.05,3000.0,0.015,88.2969,2.7597102e-05,0.0,0.0,50.0
2,88,0,93.0,10.836657,74.68564,0.00062608544,-0.0003488612,6.1440153,178.7396,1.1,0.0,35.0,0.033835303,0.01,3000.0,0.1,17.65995,1.5101881e-05,0.0,0.0,10.0
28,38,0,45.0,1.1570693,56.20232,-0.01510539,-0.00013661908,9.491561,89.3698,0.3,0.0,35.0,0.033835303,0.05,3000.0,0.015,88.270454,0.00014290263,0.0,0.0,50.0
122,50,0,7.0,1.4344336,63.34164,0.008052174,-0.00038856245,8.177996,268.10938,0.3,0.0,35.0,0.033835303,0.05,3000.0,0.015,88.276794,0.00011521562,0.0,0.0,50.0
34,71,0,50.0,2.7628155,144.57243,-0.014449487,0.00019452404,8.215096,321.3227,0.3,0.0,35.0,0.033835303,0.05,3000.0,0.015,88.28948,5.9917587e-05,0.0,0.0,50.0
37,2,0,48.0,4.557428,320.82474,0.006190309,0.0002599126,7.713251,178.01428,1.1,0.0,35.0,0.033835303,0.01,3000.0,0.1,17.65898,3.6294394e-05,0.0,0.0,10.0
0,116,0,63.0,12.9046135,11.265213,0.0029697153,-0.0002521067,5.9642773,252.2636,1.0,0.0,35.0,0.033835303,0.1,3000.0,0.035,176.60065,1.2633219e-05,0.0,0.0,0.0
19,49,0,47.0,2.3131957,303.79767,0.00947084,-0.00034990403,7.699801,446.19705,0.3,0.0,35.0,0.033835303,0.05,3000.0,0.015,88.28684,7.146333e-05,0.0,0.0,50.0
42,97,0,59.0,1.9493196,80.49982,0.0039333664,-3.9390125e-05,7.8711085,399.35004,0.3,0.0,35.0,0.033835303,0.05,3000.0,0.015,88.28378,8.471815e-05,0.0,0.0,50.0
116,88,0,14.0,3.550397,354.82654,-0.0051030754,-0.00043540736,9.216544,89.00714,0.3,0.0,35.0,0.033835303,0.05,3000.0,0.015,88.29253,4.6662768e-05,0.0,0.0,50.0
68,110,0,35.0,4.1045995,51.226494,0.0060085417,-5.260746e-05,7.8183007,367.07394,1.1,0.0,35.0,0.033835303,0.01,3000.0,0.1,17.658798,4.028223e-05,0.0,0.0,10.0
101,79,0,14.0,1.6047066,53.018208,-0.0011231271,-0.00012591509,10.630721,0.0,1.1,0.0,35.0,0.033835303,0.01,3000.0,0.1,17.655918,0.00010306223,0.0,0.0,10.0
112,47,0,12.0,4.3123307,47.89692,-0.0004791597,-0.0002437509,7.7687526,126.1318,1.1,0.0,35.0,0.033835303,0.01,3000.0,0.1,17.658886,3.834528e-05,0.0,0.0,10.0
43,70,0,48.0,3.218274,95.7337,0.0030670115,0.00032782883,7.3690767,199.67502,0.3,0.0,35.0,0.033835303,0.05,3000.0,0.015,88.291466,5.1296258e-05,0.0,0.0,50.0
2,49,0,53.0,3.1765401,135.11649,0.0135911135,-0.00018845582,7.382157,178.01428,0.3,0.0,35.0,0.033835303,0.05,3000.0,0.015,88.29128,5.209383e-05,0.0,0.0,50.0
11,59,0,45.0,0.45424747,135.11649,-0.039640754,0.00062851195,9.328067,252.2636,1.1,0.0,35.0,0.033835303,0.01,3000.0,0.1,17.643934,0.0003643228,0.0,0.0,10.0
56,69,0,31.0,5.4330826,90.0,0.0029861021,-3.088104e-05,6.8434644,199.67502,0.3,0.0,35.0,0.033835303,0.05,3000.0,0.015,88.29627,3.0331621e-05,0.0,0.0,50.0
58,17,0,6.0,2.9596786,40.48621,-0.013607876,-0.00014278745,9.398914,126.1318,1.1,0.0,35.0,0.033835303,0.01,3000.0,0.1,17.658081,5.592975e-05,0.0,0.0,10.0
93,34,0,18.0,2.7234888,135.11649,0.003964074,0.00012554757,7.5363073,281.58017,0.3,0.0,35.0,0.033835303,0.05,3000.0,0.015,88.28928,6.0753136e-05,0.0,0.0,50.0
54,71,0,23.0,1.6404692,191.26523,-0.0068119476,-0.00087496877,9.142331,282.49762,0.3,0.0,35.0,0.033835303,0.05,3000.0,0.015,88.28004,0.00010108727,0.0,0.0,50.0
63,107,0,24.0,0.45424747,44.88351,0.013874265,-0.00058227096,9.328067,89.3698,1.1,0.0,35.0,0.033835303,0.01,3000.0,0.1,17.643934,0.0003643228,0.0,0.0,10.0
37,31,0,39.0,3.4674404,123.797676,-0.011548831,-0.0003035127,8.680631,252.2636,1.1,0.0,35.0,0.033835303,0.01,3000.0,0.1,17.65846,4.7650243e-05,0.0,0.0,10.0
42,3,0,39.0,5.9496875,53.63499,0.0062795784,-8.7794026e-05,7.4451795,282.49762,1.1,0.0,35.0,0.033835303,0.01,3000.0,0.1,17.659372,2.7749025e-05,0.0,0.0,10.0
113,119,0,17.0,2.5627255,90.0,-0.002115156,0.00021845038,7.597236,282.49762,1.1,0.0,35.0,0.033835303,0.01,3000.0,0.1,17.657688,6.443714e-05,0.0,0.0,10.0
13,18,0,25.0,2.7234888,135.11649,-0.029400216,-1.4538012e-05,10.480746,0.0,1.1,0.0,35.0,0.033835303,0.01,3000.0,0.1,17.657856,6.0753144e-05,0.0,0.0,10.0
64,44,0,19.0,2.9641948,12.479561,-0.0069151176,-0.00017563794,10.62953,0.0,0.3,0.0,35.0,0.033835303,0.05,3000.0,0.015,88.290405,5.5929737e-05,0.0,0.0,50.0
33,46,0,33.0,2.5905683,150.35536,0.0040738657,-0.00018324702,7.586416,178.01428,0.3,0.0,35.0,0.033835303,0.05,3000.0,0.015,88.28856,6.39434e-05,0.0,0.0,50.0
100,96,0,29.0,5.584165,293.71506,-0.002078795,1.3458927e-05,7.5090137,178.7396,1.1,0.0,35.0,0.033835303,0.01,3000.0,0.1,17.659288,2.9534056e-05,0.0,0.0,10.0
47,18,0,39.0,1.7266877,248.11813,0.011141387,-0.00017681636,8.685614,281.58017,1.1,0.0,35.0,0.033835303,0.01,3000.0,0.1,17.656258,9.565623e-05,0.0,0.0,10.0
55,33,0,28.0,4.2090464,278.78125,0.0091144545,-8.777085e-06,7.0999374,89.00714,1.1,0.0,35.0,0.033835303,0.01,3000.0,0.1,17.658848,3.92188e-05,0.0,0.0,10.0
40,60,0,38.0,2.746499,200.47957,0.0042945845,-0.00029889133,7.527881,282.49762,0.3,0.0,35.0,0.033835303,0.05,3000.0,0.015,88.28938,6.0335355e-05,0.0,0.0,50.0
93,101,0,25.0,4.269692,256.95425,-0.0005981536,-0.00020556342,8.877338,178.7396,0.3,0.0,35.0,0.033835303,0.05,3000.0,0.015,88.29436,3.864912e-05,0.0,0.0,50.0
75,73,0,37.0,2.3411603,15.883961,-0.0064321742,-5.0168765e-05,9.47953,178.01428,0.3,0.0,35.0,0.033835303,0.05,3000.0,0.015,88.28699,7.081768e-05,0.0,0.0,50.0
84,37,0,21.0,0.7173292,63.34164,0.005535869,5.6135115e-05,8.871142,268.10938,0.3,0.0,35.0,0.033835303,0.05,3000.0,0.015,88.25038,0.00023040718,0.0,0.0,50.0
58,26,0,27.0,4.448936,59.642063,0.002938083,-0.00032263374,8.142909,126.1318,1.1,0.0,35.0,0.033835303,0.01,3000.0,0.1,17.658943,3.7129943e-05,0.0,0.0,10.0
52,107,0,32.0,2.8740628,26.471973,-2.2461348e-10,0.00012575072,8.175556,178.01428,1.1,0.0,35.0,0.033835303,0.01,3000.0,0.1,17.658003,5.7600842e-05,0.0,0.0,10.0
36,31,0,46.0,6.700924,90.0,-0.00053718244,-9.199178e-05,6.632155,321.82562,1.1,0.0,35.0,0.033835303,0.01,3000.0,0.1,17.65952,2.4558754e-05,0.0,0.0,10.0
92,119,0,38.0,0.7173292,116.65834,-0.00050326064,0.00025792647,8.871142,281.58017,0.3,0.0,35.0,0.033835303,0.05,3000.0,0.015,88.25038,0.00023040718,0.0,0.0,50.0
103,81,0,14.0,2.651603,13.981523,-0.0061652698,-0.00040460384,10.507535,0.0,0.3,0.0,35.0,0.033835303,0.05,3000.0,0.015,88.288895,6.250019e-05,0.0,0.0,50.0
37,8,0,40.0,4.490075,265.8978,0.006608909,-0.00026205526,7.035055,178.01428,1.1,0.0,35.0,0.033835303,0.01,3000.0,0.1,17.65896,3.6750145e-05,0.0,0.0,10.0
123,64,0,13.0,1.3265119,193.98154,0.0017501411,-7.228057e-05,8.94939,178.01428,0.3,0.0,35.0,0.033835303,0.05,3000.0,0.015,88.27456,0.00012497633,0.0,0.0,50.0
59,19,0,7.0,1.0139902,71.49504,-0.021199534,-0.00015989199,10.722201,267.02142,1.1,0.0,35.0,0.033835303,0.01,3000.0,0.1,17.653168,0.00016295575,0.0,0.0,10.0
81,77,0,38.0,2.4413378,66.716934,0.002574516,-0.000108446795,7.645823,267.02142,0.3,0.0,35.0,0.033835303,0.05,3000.0,0.015,88.287704,6.766539e-05,0.0,0.0,50.0
40,20,0,50.0,0.32055113,90.0,0.022561664,0.00050079275,9.676678,445.68933,1.1,0.0,35.0,0.033835303,0.01,3000.0,0.1,17.637016,0.00051513937,0.0,0.0,10.0
79,72,0,24.0,1.3217627,104.091156,-0.021148553,-0.0010495475,10.898889,0.0,1.1,0.0,35.0,0.033835303,0.01,3000.0,0.1,17.654911,0.00012497634,0.0,0.0,10.0
6,45,0,49.0,2.0273457,251.49506,-0.01630048,0.00054366916,7.8318295,199.18846,1.1,0.0,35.0,0.033835303,0.01,3000.0,0.1,17.656904,8.14899e-05,0.0,0.0,10.0
67,49,0,29.0,2.7628155,215.42757,0.00079103024,-3.6766807e-05,8.215096,178.01428,1.1,0.0,35.0,0.033835303,0.01,3000.0,0.1,17.657896,5.9917587e-05,0.0,0.0,10.0
83,94,0,35.0,1.8704919,238.93338,-0.008734477,0.00028275198,7.912418,178.7396,0.3,0.0,35.0,0.033835303,0.05,3000.0,0.015,88.28295,8.840215e-05,0.0,0.0,50.0
87,37,0,12.0,1.6343267,78.64518,-0.007612014,-0.0003165884,11.043204,0.0,0.3,0.0,35.0,0.033835303,0.05,3000.0,0.015,88.28004,0.00010108727,0.0,0.0,50.0
115,109,0,20.0,1.874072,210.86108,0.0003665528,8.22883e-05,7.9105043,541.469,1.1,0.0,35.0,0.033835303,0.01,3000.0,0.1,17.65659,8.8402165e-05,0.0,0.0,10.0
44,73,0,49.0,0.45424747,224.88351,0.049550936,0.00070644927,9.328067,321.3227,0.3,0.0,35.0,0.033835303,0.05,3000.0,0.015,88.21967,0.0003643227,0.0,0.0,50.0
71,38,0,6.0,5.1675744,291.88187,-0.0061776405,-0.0009677691,7.587002,89.00714,1.1,0.0,35.0,0.033835303,0.01,3000.0,0.1,17.65918,3.188878e-05,0.0,0.0,10.0
61,3,0,14.0,4.1045995,128.7735,-0.0012615797,-0.00025132322,7.8183007,89.3698,1.1,0.0,35.0,0.033835303,0.01,3000.0,0.1,17.658798,4.028223e-05,0.0,0.0,10.0
70,6,0,9.0,0.45424747,224.88351,-0.03567667,-0.00021973008,10.021214,252.2636,0.7,0.0,35.0,0.033835303,0.1,3000.0,0.035,176.43935,0.00036432277,0.0,0.0,30.0
94,34,0,12.0,0.9615732,90.0,-0.0075205537,-0.00028159015,10.657507,321.3227,1.1,0.0,35.0,0.033835303,0.01,3000.0,0.1,17.652765,0.00017176698,0.0,0.0,10.0
92,122,0,25.0,5.4502215,152.02412,-0.0004082541,-0.0005201583,7.938908,89.00714,0.3,0.0,35.0,0.033835303,0.05,3000.0,0.015,88.29627,3.0331621e-05,0.0,0.0,50.0
92,81,0,23.0,2.8740628,333.528,-0.001748567,-0.0003184347,8.868703,89.00714,0.3,0.0,35.0,0.033835303,0.05,3000.0,0.015,88.290016,5.760084e-05,0.0,0.0,50.0
26,90,0,55.0,0.6410822,90.0,0.022561664,0.00028165628,8.98353,252.2636,0.3,0.0,35.0,0.033835303,0.05,3000.0,0.015,88.24413,0.00025760045,0.0,0.0,50.0
29,60,0,53.0,10.2281685,97.15374,0.00028248059,-0.0002273286,6.203127,89.3698,1.1,0.0,35.0,0.033835303,0.01,3000.0,0.1,17.65991,1.601339e-05,0.0,0.0,10.0
9,28,0,43.0,6.310046,156.12386,0.0026649646,0.0003283587,6.692777,89.00714,1.1,0.0,35.0,0.033835303,0.01,3000.0,0.1,17.659443,2.6191872e-05,0.0,0.0,10.0
1,65,0,51.0,7.1742177,57.619076,0.0023451946,-0.00095914333,7.256383,126.1318,0.3,0.0,35.0,0.033835303,0.05,3000.0,0.015,88.29796,2.2963619e-05,0.0,0.0,50.0
122,70,0,24.0,1.0139902,108.504944,0.025296923,0.00030692024,8.524977,367.07394,1.1,0.0,35.0,0.033835303,0.01,3000.0,0.1,17.653168,0.00016295575,0.0,0.0,10.0
79,61,0,18.0,5.733734,333.528,-0.0035595843,-0.0004250604,7.8878736,199.18846,0.3,0.0,35.0,0.033835303,0.05,3000.0,0.015,88.29661,2.8850427e-05,0.0,0.0,50.0
64,57,0,15.0,2.2700963,224.88351,-0.011892223,-9.483736e-05,8.411776,89.00714,0.3,0.0,35.0,0.033835303,0.05,3000.0,0.015,88.286514,7.2868555e-05,0.0,0.0,50.0
112,63,0,17.0,0.9615732,270.0,0.0018801384,6.2575586e-05,8.578065,252.2636,1.1,0.0,35.0,0.033835303,0.01,3000.0,0.1,17.652765,0.00017176698,0.0,0.0,10.0
53,101,0,46.0,1.6088798,180.0,0.006686434,6.3038606e-05,8.063173,367.07394,1.1,0.0,35.0,0.033835303,0.01,3000.0,0.1,17.655918,0.00010306223,0.0,0.0,10.0
21,41,0,28.0,4.062778,198.36517,-0.009835264,-0.00039803068,7.828577,89.00714,1.1,0.0,35.0,0.033835303,0.01,3000.0,0.1,17.658773,4.077597e-05,0.0,0.0,10.0
32,6,0,51.0,2.9596786,139.51378,0.0053030695,-0.0005554497,8.146151,252.2636,1.1,0.0,35.0,0.033835303,0.01,3000.0,0.1,17.658081,5.592975e-05,0.0,0.0,10.0
21,16,0,25.0,2.4481852,336.88565,-0.020107623,-0.000114152484,9.252457,199.67502,1.1,0.0,35.0,0.033835303,0.01,3000.0,0.1,17.65754,6.7665394e-05,0.0,0.0,10.0
25,69,0,41.0,3.4728544,213.58264,0.0013125512,-0.0006099331,9.084532,126.1318,1.1,0.0,35.0,0.033835303,0.01,3000.0,0.1,17.65846,4.7650243e-05,0.0,0.0,10.0
69,66,0,23.0,3.156025,114.049065,0.007818935,-0.0002424696,8.081797,178.7396,0.3,0.0,35.0,0.033835303,0.05,3000.0,0.015,88.29122,5.235968e-05,0.0,0.0,50.0
4,112,0,68.0,5.584165,246.28496,-0.0009818012,0.0011174651,6.8158665,252.2636,1.1,0.0,35.0,0.033835303,0.01,3000.0,0.1,17.659288,2.9534056e-05,0.0,0.0,10.0
105,30,0,13.0,0.71908116,153.52802,0.016486494,-0.00011273664,8.868703,199.67502,0.3,0.0,35.0,0.033835303,0.05,3000.0,0.015,88.25038,0.00023040718,0.0,0.0,50.0
100,105,0,49.0,5.9569116,216.1428,0.004649843,0.000452319,6.75081,126.1318,1.1,0.0,35.0,0.033835303,0.01,3000.0,0.1,17.659372,2.7749025e-05,0.0,0.0,10.0
26,100,0,54.0,3.959676,75.90884,0.005655696,-0.00016810135,7.1612186,282.49762,1.1,0.0,35.0,0.033835303,0.01,3000.0,0.1,17.658733,4.164949e-05,0.0,0.0,10.0
19,108,0,34.0,0.71908116,153.52802,-0.03397217,-0.00023701493,8.868703,199.67502,1.1,0.0,35.0,0.033835303,0.01,3000.0,0.1,17.650076,0.00023040721,0.0,0.0,10.0
33,80,0,44.0,2.5627255,90.0,0.012690934,-0.0,7.597236,281.58017,0.3,0.0,35.0,0.033835303,0.05,3000.0,0.015,88.288445,6.443714e-05,0.0,0.0,50.0
16,68,0,51.0,2.3411603,164.11603,-0.007863153,0.00041714322,7.6877713,199.18846,1.1,0.0,35.0,0.033835303,0.01,3000.0,0.1,17.657396,7.0817674e-05,0.0,0.0,10.0
102,55,0,23.0,1.1588799,326.4174,0.015154009,6.927444e-05,8.391384,282.49762,0.3,0.0,35.0,0.033835303,0.05,3000.0,0.015,88.270454,0.00014290263,0.0,0.0,50.0
51,70,0,26.0,2.1563382,206.47198,-0.014821194,-0.0008238199,10.478141,0.0,1.1,0.0,35.0,0.033835303,0.01,3000.0,0.1,17.65712,7.681844e-05,0.0,0.0,10.0
52,90,0,51.0,5.761987,289.51328,0.00421471,-0.00032538213,7.4774604,199.67502,0.3,0.0,35.0,0.033835303,0.05,3000.0,0.015,88.29667,2.858457e-05,0.0,0.0,50.0
118,112,0,17.0,3.6555355,232.01205,0.0018030219,-0.00055181264,7.934521,445.68933,1.1,0.0,35.0,0.033835303,0.01,3000.0,0.1,17.65857,4.5219556e-05,0.0,0.0,10.0
4,66,0,54.0,6.7987323,221.07051,0.0025950922,0.0004041881,7.3106766,126.1318,0.3,0.0,35.0,0.033835303,0.05,3000.0,0.015,88.29766,2.4216932e-05,0.0,0.0,50.0
83,17,0,11.0,1.4344336,63.34164,-0.00025163003,-0.00024464374,9.56429,199.67502,0.3,0.0,35.0,0.033835303,0.05,3000.0,0.015,88.276794,0.00011521562,0.0,0.0,50.0
92,34,0,18.0,0.45424747,224.88351,0.059461124,0.00015713704,9.328067,267.02142,1.1,0.0,35.0,0.033835303,0.01,3000.0,0.1,17.643934,0.0003643228,0.0,0.0,10.0
8,99,0,83.0,14.49661,27.026886,0.0011885982,0.0007737396,5.8433967,252.2636,1.1,0.0,35.0,0.033835303,0.01,3000.0,0.1,17.66013,1.1190001e-05,0.0,0.0,10.0
120,35,0,9.0,89.68885,0.005222386,0.0055698184,1.6566483e-07,0.37367415,599.025,0.3,0.0,35.0,0.033835303,0.05,3000.0,0.015,88.303215,6.203262e-08,0.0,0.0,50.0
43,18,0,43.0,2.0339458,18.36517,0.0007056694,0.00022619689,7.8285766,367.07394,1.1,0.0,35.0,0.033835303,0.01,3000.0,0.1,17.656904,8.14899e-05,0.0,0.0,10.0
93,25,0,10.0,1.1570693,123.79766,-0.0043158247,-0.00019442168,8.392948,199.18846,0.3,0.0,35.0,0.033835303,0.05,3000.0,0.015,88.270454,0.00014290263,0.0,0.0,50.0
49,33,0,21.0,2.746499,200.47957,0.0017267802,-0.0010906708,7.527881,178.7396,1.1,0.0,35.0,0.033835303,0.01,3000.0,0.1,17.657875,6.0335366e-05,0.0,0.0,10.0
55,38,0,23.0,1.6047066,53.018208,0.006199662,0.00017272623,8.065772,199.67502,0.3,0.0,35.0,0.033835303,0.05,3000.0,0.015,88.279594,0.00010306221,0.0,0.0,50.0
15,70,0,51.0,3.156025,114.049065,0.0072415005,-0.00017808986,7.388649,126.1318,1.1,0.0,35.0,0.033835303,0.01,3000.0,0.1,17.658243,5.235969e-05,0.0,0.0,10.0
71,89,0,45.0,4.471558,20.95957,-0.0030690916,-7.13227e-05,7.732352,178.01428,0.3,0.0,35.0,0.033835303,0.05,3000.0,0.015,88.29473,3.7016e-05,0.0,0.0,50.0
111,118,0,19.0,1.1570693,236.20233,0.00503513,0.00014913148,8.392948,282.49762,1.1,0.0,35.0,0.033835303,0.01,3000.0,0.1,17.65409,0.00014290263,0.0,0.0,10.0
88,51,0,18.0,0.90843785,224.88351,-0.010901206,-0.00010983449,10.021214,368.3933,0.3,0.0,35.0,0.033835303,0.05,3000.0,0.015,88.26144,0.00018217333,0.0,0.0,50.0
92,93,0,22.0,3.9090981,170.57538,-0.00012382926,-0.00030496606,7.867262,126.1318,0.3,0.0,35.0,0.033835303,0.05,3000.0,0.015,88.2935,4.2371095e-05,0.0,0.0,50.0
22,6,0,52.0,5.5171943,280.04794,0.006098361,0.00035017758,6.8280077,281.58017,1.1,0.0,35.0,0.033835303,0.01,3000.0,0.1,17.659275,2.9875873e-05,0.0,0.0,10.0
61,25,0,6.0,3.2310994,5.6875715,-0.012127722,-0.0009147394,7.3650913,89.3698,1.1,0.0,35.0,0.033835303,0.01,3000.0,0.1,17.658293,5.129627e-05,0.0,0.0,10.0
119,44,0,16.0,2.2656658,261.83722,0.0080066975,0.00037352432,7.7205844,282.49762,0.7,0.0,35.0,0.033835303,0.1,3000.0,0.035,176.57303,7.286856e-05,0.0,0.0,30.0
111,108,0,20.0,2.3331003,73.99295,-0.0056520617,-0.0002081816,7.6912236,281.58017,1.1,0.0,35.0,0.033835303,0.01,3000.0,0.1,17.657396,7.0817674e-05,0.0,0.0,10.0
102,94,0,23.0,5.1754007,352.9036,0.00071252364,-0.00028271327,6.892333,126.1318,0.3,0.0,35.0,0.033835303,0.05,3000.0,0.015,88.29589,3.2002717e-05,0.0,0.0,50.0
92,60,0,20.0,2.9596786,220.48622,0.0026729757,1.8997087e-05,8.146151,178.01428,0.3,0.0,35.0,0.033835303,0.05,3000.0,0.015,88.290405,5.5929737e-05,0.0,0.0,50.0
45,120,0,46.0,1.922605,90.0,-0.0018801384,0.00043747455,7.884918,178.7396,0.3,0.0,35.0,0.033835303,0.05,3000.0,0.015,88.28353,8.585753e-05,0.0,0.0,50.0
18,31,0,54.0,4.062778,18.36517,0.010585036,0.00043888055,7.13543,199.67502,0.3,0.0,35.0,0.033835303,0.05,3000.0,0.015,88.29388,4.077596e-05,0.0,0.0,50.0
78,55,0,20.0,5.377576,197.28781,0.0026679928,-0.0004977354,7.5469418,199.67502,1.1,0.0,35.0,0.033835303,0.01,3000.0,0.1,17.659235,3.07494e-05,0.0,0.0,10.0
18,2,0,16.0,2.5929894,352.9036,-0.0065722326,-0.00067725487,8.6840925,126.1318,1.1,0.0,35.0,0.033835303,0.01,3000.0,0.1,17.657711,6.394341e-05,0.0,0.0,10.0
124,120,0,32.0,1.4344336,243.34166,0.010065215,-6.2642684e-05,8.177996,445.68933,0.3,0.0,35.0,0.033835303,0.05,3000.0,0.015,88.276794,0.00011521562,0.0,0.0,50.0
57,103,0,41.0,2.9004087,83.63418,0.007025338,-7.1143724e-05,7.473268,267.02142,1.1,0.0,35.0,0.033835303,0.01,3000.0,0.1,17.658033,5.6879242e-05,0.0,0.0,10.0
83,53,0,17.0,2.3131957,56.20232,-0.0030570435,0.00012242222,8.392948,199.67502,0.3,0.0,35.0,0.033835303,0.05,3000.0,0.015,88.28684,7.146333e-05,0.0,0.0,50.0
124,73,0,22.0,2.3131957,236.20233,0.004255884,-7.603734e-05,7.699801,629.4269,1.1,0.0,35.0,0.033835303,0.01,3000.0,0.1,17.657368,7.146334e-05,0.0,0.0,10.0
74,57,0,15.0,2.5929894,352.9036,-0.0002765016,-0.0003333192,7.58548,89.3698,0.3,0.0,35.0,0.033835303,0.05,3000.0,0.015,88.28856,6.39434e-05,0.0,0.0,50.0
1,22,0,42.0,2.6421201,284.09116,0.0018896996,0.0005383749,7.566684,453.9204,1.1,0.0,35.0,0.033835303,0.01,3000.0,0.1,17.657778,6.250019e-05,0.0,0.0,10.0
36,91,0,52.0,7.4565787,30.861074,-0.002488329,-0.0007572202,7.217357,321.82562,1.1,0.0,35.0,0.033835303,0.01,3000.0,0.1,17.65963,2.2090091e-05,0.0,0.0,10.0
70,90,0,53.0,0.7173292,63.34164,0.018620647,0.00020834974,8.871142,281.58017,0.3,0.0,35.0,0.033835303,0.05,3000.0,0.015,88.25038,0.00023040718,0.0,0.0,50.0
115,111,0,19.0,1.7266877,68.118126,0.0020912632,-6.3466854e-05,7.992467,446.19705,1.1,0.0,35.0,0.033835303,0.01,3000.0,0.1,17.656258,9.565623e-05,0.0,0.0,10.0
42,89,0,30.0,1.7317762,338.2788,-0.0021800897,-0.0008142542,11.285359,0.0,1.1,0.0,35.0,0.033835303,0.01,3000.0,0.1,17.656258,9.565623e-05,0.0,0.0,10.0
83,11,0,13.0,0.7173292,243.34166,0.0030195648,0.00018151384,8.871142,268.10938,0.3,0.0,35.0,0.033835303,0.05,3000.0,0.015,88.25038,0.00023040718,0.0,0.0,50.0
77,106,0,28.0,2.651603,13.981523,0.0033809547,-9.4440424e-05,7.563096,89.3698,0.3,0.0,35.0,0.033835303,0.05,3000.0,0.015,88.288895,6.250019e-05,0.0,0.0,50.0
15,108,0,48.0,5.155154,97.15374,-0.0027602385,-6.5486165e-05,8.282568,199.67502,1.1,0.0,35.0,0.033835303,0.01,3000.0,0.1,17.659178,3.200272e-05,0.0,0.0,10.0
75,113,0,26.0,2.1563382,26.471973,0.008326513,0.00018843092,7.7700906,178.01428,0.3,0.0,35.0,0.033835303,0.05,3000.0,0.015,88.28561,7.6818425e-05,0.0,0.0,50.0
85,8,0,12.0,0.0,0.0,0.0,0.0,12.09165,199.18846,0.3,0.0,35.0,0.033835303,0.05,3000.0,0.015,0.0,999.0,0.0,0.0,50.0
34,32,0,56.0,4.5418897,188.09756,0.00940317,0.0007854742,7.023534,199.67502,1.1,0.0,35.0,0.033835303,0.01,3000.0,0.1,17.658974,3.6446316e-05,0.0,0.0,10.0
46,96,0,54.0,1.9493196,80.49982,0.0060628965,7.701269e-05,7.8711085,267.02142,0.3,0.0,35.0,0.033835303,0.05,3000.0,0.015,88.28378,8.471815e-05,0.0,0.0,50.0
85,31,0,8.0,2.7234888,224.88351,-0.0036337345,-0.00061117247,9.838892,89.00714,1.1,0.0,35.0,0.033835303,0.01,3000.0,0.1,17.657856,6.0753144e-05,0.0,0.0,10.0
49,67,0,51.0,3.5362613,84.78452,0.008588258,-0.00014991939,7.2746334,281.58017,1.1,0.0,35.0,0.033835303,0.01,3000.0,0.1,17.658504,4.666277e-05,0.0,0.0,10.0
112,122,0,16.0,5.780132,199.36705,-0.0009427751,-0.00015312638,6.7811475,504.5272,1.1,0.0,35.0,0.033835303,0.01,3000.0,0.1,17.659332,2.8584573e-05,0.0,0.0,10.0
8,55,0,40.0,2.0339458,18.36517,0.0059099793,0.00019844002,7.8285766,446.19705,1.1,0.0,35.0,0.033835303,0.01,3000.0,0.1,17.656904,8.14899e-05,0.0,0.0,10.0
107,117,0,14.0,3.7484255,110.05804,-0.0049771317,-0.00033343618,8.314823,89.3698,1.1,0.0,35.0,0.033835303,0.01,3000.0,0.1,17.658625,4.40422e-05,0.0,0.0,10.0
55,41,0,25.0,1.6343267,101.35481,0.00888777,-0.00028326403,8.047472,252.2636,1.1,0.0,35.0,0.033835303,0.01,3000.0,0.1,17.656006,0.000101087295,0.0,0.0,10.0
40,28,0,45.0,5.1152377,90.0,0.0059929425,-0.0,6.904089,199.18846,0.3,0.0,35.0,0.033835303,0.05,3000.0,0.015,88.295845,3.2192616e-05,0.0,0.0,50.0
56,9,0,28.0,5.4550867,180.0,0.0045887297,0.00012451917,6.839398,252.2636,1.1,0.0,35.0,0.033835303,0.01,3000.0,0.1,17.659254,3.0331626e-05,0.0,0.0,10.0
13,24,0,54.0,3.3553581,343.36478,0.013625554,0.0005493667,7.327272,267.02142,1.1,0.0,35.0,0.033835303,0.01,3000.0,0.1,17.65838,4.9397288e-05,0.0,0.0,10.0
73,107,0,24.0,0.7173292,116.65834,-0.010568477,-5.5726934e-05,8.871142,89.00714,0.3,0.0,35.0,0.033835303,0.05,3000.0,0.015,88.25038,0.00023040718,0.0,0.0,50.0
66,47,0,32.0,2.3168123,146.41736,0.0026847648,-0.000107589316,7.698237,321.3227,0.3,0.0,35.0,0.033835303,0.05,3000.0,0.015,88.28684,7.146333e-05,0.0,0.0,50.0
26,50,0,29.0,4.8955717,31.503607,0.0021896837,-0.00046464938,8.046818,357.4792,0.3,0.0,35.0,0.033835303,0.05,3000.0,0.015,88.29548,3.3787746e-05,0.0,0.0,50.0
16,117,0,45.0,5.7755475,326.4174,0.0032217184,-0.00047505763,7.475094,89.00714,1.1,0.0,35.0,0.033835303,0.01,3000.0,0.1,17.659332,2.8584573e-05,0.0,0.0,10.0
78,46,0,27.0,4.5951858,155.31339,0.0011623874,-0.00012352731,7.704965,252.2636,0.3,0.0,35.0,0.033835303,0.05,3000.0,0.015,88.29497,3.6028538e-05,0.0,0.0,50.0
41,7,0,19.0,8.829951,167.52043,-0.0031137,-0.0005672957,8.144624,89.00714,1.1,0.0,35.0,0.033835303,0.01,3000.0,0.1,17.659788,1.8671944e-05,0.0,0.0,10.0
45,100,0,50.0,3.6555355,52.01205,0.0023068076,-0.0002398103,7.241374,126.1318,1.1,0.0,35.0,0.033835303,0.01,3000.0,0.1,17.65857,4.5219556e-05,0.0,0.0,10.0
95,26,0,7.0,1.3625141,224.88351,0.005946111,-0.00055068464,9.328067,126.1318,1.1,0.0,35.0,0.033835303,0.01,3000.0,0.1,17.655073,0.00012140628,0.0,0.0,10.0
78,7,0,11.0,0.90843785,44.88351,-0.0069371313,7.866835e-05,8.634919,126.1318,0.3,0.0,35.0,0.033835303,0.05,3000.0,0.015,88.26144,0.00018217333,0.0,0.0,50.0
91,85,0,36.0,0.9654904,180.0,-0.0,0.00018925904,9.267146,267.02142,0.3,0.0,35.0,0.033835303,0.05,3000.0,0.015,88.26383,0.00017176695,0.0,0.0,50.0
48,23,0,35.0,6.4708962,56.988403,0.0091627445,0.0004287119,6.6673956,178.7396,1.1,0.0,35.0,0.033835303,0.01,3000.0,0.1,17.659475,2.547026e-05,0.0,0.0,10.0
1,77,0,55.0,4.726521,241.6019,0.0038289013,-0.0010914698,8.929423,89.00714,1.1,0.0,35.0,0.033835303,0.01,3000.0,0.1,17.659044,3.4927136e-05,0.0,0.0,10.0
100,109,0,55.0,3.2022066,270.0,0.027638037,0.0004050102,7.3740926,178.01428,1.1,0.0,35.0,0.033835303,0.01,3000.0,0.1,17.65828,5.156212e-05,0.0,0.0,10.0
82,15,0,11.0,0.90843785,44.88351,-0.011892225,-6.334803e-05,10.021214,199.67502,1.1,0.0,35.0,0.033835303,0.01,3000.0,0.1,17.652287,0.00018217335,0.0,0.0,10.0
7,43,0,47.0,5.761987,109.51326,0.0011748117,-0.00020974822,6.784313,126.1318,1.1,0.0,35.0,0.033835303,0.01,3000.0,0.1,17.659332,2.8584573e-05,0.0,0.0,10.0
34,81,0,36.0,3.7441425,149.13892,-0.00046524004,0.0001877879,7.9105043,252.2636,0.3,0.0,35.0,0.033835303,0.05,3000.0,0.015,88.2931,4.4156135e-05,0.0,0.0,50.0
80,103,0,26.0,3.2998333,299.15363,0.0023654385,-0.00016710607,8.037144,321.3227,0.3,0.0,35.0,0.033835303,0.05,3000.0,0.015,88.29174,5.008091e-05,0.0,0.0,50.0
19,12,0,37.0,5.505621,234.35207,0.0005779762,0.00053385255,7.5232677,199.18846,1.1,0.0,35.0,0.033835303,0.01,3000.0,0.1,17.659267,2.9989817e-05,0.0,0.0,10.0
53,106,0,29.0,0.9654904,180.0,-0.003714685,-0.00059932034,8.573999,126.1318,1.1,0.0,35.0,0.033835303,0.01,3000.0,0.1,17.652765,0.00017176698,0.0,0.0,10.0
36,111,0,33.0,5.0619006,304.80426,0.008828997,-0.000958805,7.6077733,126.1318,1.1,0.0,35.0,0.033835303,0.01,3000.0,0.1,17.659151,3.257241e-05,0.0,0.0,10.0
124,114,0,37.0,3.8542712,265.21704,0.007132167,2.4236622e-05,7.1882825,321.82562,0.3,0.0,35.0,0.033835303,0.05,3000.0,0.015,88.2934,4.282685e-05,0.0,0.0,50.0
30,123,0,53.0,5.663315,227.17448,-0.00065329834,-8.962755e-05,6.801701,368.3933,1.1,0.0,35.0,0.033835303,0.01,3000.0,0.1,17.659306,2.9154262e-05,0.0,0.0,10.0
8,71,0,52.0,5.0736976,341.63483,-0.007868211,-0.00039710867,8.704045,126.1318,1.1,0.0,35.0,0.033835303,0.01,3000.0,0.1,17.659151,3.257241e-05,0.0,0.0,10.0
6,17,0,26.0,4.8040895,53.01821,0.006409312,-0.000935901,7.660307,89.00714,1.1,0.0,35.0,0.033835303,0.01,3000.0,0.1,17.659065,3.4395423e-05,0.0,0.0,10.0
91,24,0,13.0,1.3265119,346.01846,0.00031820746,-3.965994e-05,8.256243,252.2636,0.3,0.0,35.0,0.033835303,0.05,3000.0,0.015,88.27456,0.00012497633,0.0,0.0,50.0
93,70,0,33.0,5.1458554,3.5618591,0.0021720997,0.0001793525,6.898089,178.01428,0.3,0.0,35.0,0.033835303,0.05,3000.0,0.015,88.29586,3.2154632e-05,0.0,0.0,50.0
96,95,0,21.0,1.6404692,348.7348,0.013245454,-9.75129e-05,8.043719,199.67502,0.3,0.0,35.0,0.033835303,0.05,3000.0,0.015,88.28004,0.00010108727,0.0,0.0,50.0
7,120,0,44.0,1.7266877,68.118126,0.003641683,-0.00039172225,9.378761,199.18846,0.3,0.0,35.0,0.033835303,0.05,3000.0,0.015,88.28129,9.565621e-05,0.0,0.0,50.0
6,22,0,30.0,2.0567696,38.54621,-0.026209077,0.0004997604,7.8174086,126.1318,1.1,0.0,35.0,0.033835303,0.01,3000.0,0.1,17.656952,8.046446e-05,0.0,0.0,10.0
12,100,0,49.0,6.583336,67.0829,0.004241671,-0.0023248212,7.343166,89.00714,0.7,0.0,35.0,0.033835303,0.1,3000.0,0.035,176.595,2.4976525e-05,0.0,0.0,30.0
4,75,0,72.0,5.6019397,13.188672,0.00066677586,0.00036976495,6.812668,178.01428,1.1,0.0,35.0,0.033835303,0.01,3000.0,0.1,17.659288,2.9534056e-05,0.0,0.0,10.0
54,79,0,26.0,1.9304327,0.0,-0.008358042,6.300581e-05,8.573999,252.2636,1.1,0.0,35.0,0.033835303,0.01,3000.0,0.1,17.656706,8.5857544e-05,0.0,0.0,10.0
42,53,0,20.0,0.7173292,63.34164,-0.010568477,-5.674905e-05,8.871142,89.00714,1.1,0.0,35.0,0.033835303,0.01,3000.0,0.1,17.650076,0.00023040721,0.0,0.0,10.0
93,13,0,13.0,0.90843785,135.11649,-0.0019820374,9.37394e-05,8.634919,199.67502,0.3,0.0,35.0,0.033835303,0.05,3000.0,0.015,88.26144,0.00018217333,0.0,0.0,50.0
57,54,0,23.0,2.2700963,224.88351,0.0023784442,-9.457305e-05,8.411776,178.7396,1.1,0.0,35.0,0.033835303,0.01,3000.0,0.1,17.6573,7.286857e-05,0.0,0.0,10.0
34,95,0,55.0,6.7638564,250.6372,0.0023622953,-0.0005808859,7.315868,356.02856,1.1,0.0,35.0,0.033835303,0.01,3000.0,0.1,17.65953,2.433088e-05,0.0,0.0,10.0
27,23,0,49.0,1.1570693,303.79767,-0.023856923,0.00042026697,8.392948,199.18846,0.3,0.0,35.0,0.033835303,0.05,3000.0,0.015,88.270454,0.00014290263,0.0,0.0,50.0
88,87,0,31.0,1.3217627,104.091156,-0.018494934,4.750895e-05,8.25983,89.3698,0.3,0.0,35.0,0.033835303,0.05,3000.0,0.015,88.27456,0.00012497633,0.0,0.0,50.0
29,89,0,54.0,1.874072,210.86108,0.00081769435,0.00013107277,7.9105043,281.58017,1.1,0.0,35.0,0.033835303,0.01,3000.0,0.1,17.65659,8.8402165e-05,0.0,0.0,10.0
57,70,0,23.0,3.650967,74.68563,-0.002882021,-6.66167e-05,7.2426276,89.3698,1.1,0.0,35.0,0.033835303,0.01,3000.0,0.1,17.65857,4.5219556e-05,0.0,0.0,10.0
81,31,0,15.0,3.737005,58.933353,0.00022686958,-1.4469855e-05,7.912418,199.18846,1.1,0.0,35.0,0.033835303,0.01,3000.0,0.1,17.658619,4.4156135e-05,0.0,0.0,10.0
55,90,0,53.0,5.4502215,27.975855,-0.00044350713,-0.00014352574,7.533443,199.18846,0.2,0.0,35.0,0.033835303,1.0,3000.0,0.02,1765.9254,3.0331623e-05,0.0,0.0,60.0
94,83,0,39.0,2.9578419,310.71646,0.0020908196,0.0001740016,8.146773,321.3227,0.3,0.0,35.0,0.033835303,0.05,3000.0,0.015,88.290405,5.5929737e-05,0.0,0.0,50.0
103,66,0,18.0,1.3625141,315.1165,0.005285432,0.00012612145,8.229454,89.00714,0.3,0.0,35.0,0.033835303,0.05,3000.0,0.015,88.275375,0.000121406265,0.0,0.0,50.0
120,96,0,18.0,1.437936,153.52802,-0.0037469307,0.00015778626,8.175556,281.58017,0.3,0.0,35.0,0.033835303,0.05,3000.0,0.015,88.276794,0.00011521562,0.0,0.0,50.0
99,23,0,16.0,0.90843785,315.1165,0.0069371313,4.699952e-05,8.634919,357.4792,0.3,0.0,35.0,0.033835303,0.05,3000.0,0.015,88.26144,0.00018217333,0.0,0.0,50.0
121,40,0,14.0,0.7173292,63.34164,0.017110867,9.977401e-05,8.871142,520.55206,0.3,0.0,35.0,0.033835303,0.05,3000.0,0.015,88.25038,0.00023040718,0.0,0.0,50.0
81,82,0,30.0,1.1570693,56.20232,-0.009950376,4.367328e-05,11.571002,0.0,0.3,0.0,35.0,0.033835303,0.05,3000.0,0.015,88.270454,0.00014290263,0.0,0.0,50.0
89,93,0,27.0,2.746499,159.52043,0.0031851497,-0.00046726194,8.221028,199.67502,0.3,0.0,35.0,0.033835303,0.05,3000.0,0.015,88.28938,6.0335355e-05,0.0,0.0,50.0
56,96,0,36.0,6.5919414,208.95581,-0.0005965214,-0.00045756449,7.747313,89.00714,0.3,0.0,35.0,0.033835303,0.05,3000.0,0.015,88.29748,2.5052488e-05,0.0,0.0,50.0
108,115,0,20.0,6.535182,191.26523,-0.0038580007,9.7766264e-05,7.3505716,178.01428,0.3,0.0,35.0,0.033835303,0.05,3000.0,0.015,88.297424,2.528036e-05,0.0,0.0,50.0
39,114,0,39.0,1.1570693,56.20232,-0.0021579138,0.00035586554,8.392948,178.7396,0.3,0.0,35.0,0.033835303,0.05,3000.0,0.015,88.270454,0.00014290263,0.0,0.0,50.0
58,37,0,15.0,0.9615732,90.0,-0.033842497,-0.00018772678,11.669107,0.0,1.1,0.0,35.0,0.033835303,0.01,3000.0,0.1,17.652765,0.00017176698,0.0,0.0,10.0
69,55,0,18.0,0.7173292,116.65834,-0.004529346,-0.0002575183,10.662902,89.3698,1.1,0.0,35.0,0.033835303,0.01,3000.0,0.1,17.650076,0.00023040721,0.0,0.0,10.0
58,83,0,47.0,2.8740628,333.528,0.004746111,0.00032442846,7.4824085,282.49762,0.3,0.0,35.0,0.033835303,0.05,3000.0,0.015,88.290016,5.760084e-05,0.0,0.0,50.0
47,94,0,49.0,2.5828042,97.15374,-0.0004519689,0.00020756017,7.5894213,252.2636,0.3,0.0,35.0,0.033835303,0.05,3000.0,0.015,88.28856,6.39434e-05,0.0,0.0,50.0
21,100,0,63.0,1.6088798,180.0,-0.011144057,0.0008825405,8.063173,252.2636,1.1,0.0,35.0,0.033835303,0.01,3000.0,0.1,17.655918,0.00010306223,0.0,0.0,10.0
60,107,0,32.0,4.771548,19.580147,0.0053191683,-0.00016263597,6.973988,199.67502,1.1,0.0,35.0,0.033835303,0.01,3000.0,0.1,17.659056,3.4699257e-05,0.0,0.0,10.0
37,118,0,51.0,1.6065339,36.758133,-0.0134315705,0.0003147595,8.064633,356.02856,1.1,0.0,35.0,0.033835303,0.01,3000.0,0.1,17.655918,0.00010306223,0.0,0.0,10.0
87,53,0,19.0,0.71908116,26.471973,-0.0074938633,0.0002507569,9.561851,199.67502,1.1,0.0,35.0,0.033835303,0.01,3000.0,0.1,17.650076,0.00023040721,0.0,0.0,10.0
27,34,0,52.0,1.6065339,36.758133,-0.016968552,0.00050789065,8.064633,252.2636,0.3,0.0,35.0,0.033835303,0.05,3000.0,0.015,88.279594,0.00010306221,0.0,0.0,50.0
35,2,0,39.0,2.651603,346.01846,-0.0096655525,-0.00011617742,9.354856,199.18846,1.1,0.0,35.0,0.033835303,0.01,3000.0,0.1,17.657778,6.250019e-05,0.0,0.0,10.0
68,55,0,19.0,1.6343267,101.35481,-0.00042525207,-0.00017571374,9.433766,178.7396,0.3,0.0,35.0,0.033835303,0.05,3000.0,0.015,88.28004,0.00010108727,0.0,0.0,50.0
72,52,0,24.0,1.7266877,248.11813,-0.0014783074,-8.180615e-05,9.601905,178.7396,0.3,0.0,35.0,0.033835303,0.05,3000.0,0.015,88.28129,9.565621e-05,0.0,0.0,50.0
65,21,0,11.0,3.7484255,110.05804,-0.0068422393,-0.000119484765,7.909358,268.10938,1.1,0.0,35.0,0.033835303,0.01,3000.0,0.1,17.658625,4.40422e-05,0.0,0.0,10.0
71,116,0,33.0,2.5080328,39.691032,-0.0033851436,-0.00025789664,10.66336,0.0,0.3,0.0,35.0,0.033835303,0.05,3000.0,0.015,88.28809,6.595631e-05,0.0,0.0,50.0
60,82,0,36.0,4.0496273,71.49504,0.0009352736,-0.00015892152,7.83183,89.3698,0.3,0.0,35.0,0.033835303,0.05,3000.0,0.015,88.29388,4.077596e-05,0.0,0.0,50.0
77,116,0,34.0,1.6088798,0.0,0.0044576228,0.00031519306,8.063173,126.1318,0.3,0.0,35.0,0.033835303,0.05,3000.0,0.015,88.279594,0.00010306221,0.0,0.0,50.0
65,59,0,22.0,5.0736976,341.63483,0.0037753303,-0.0003639705,7.6054335,178.7396,1.1,0.0,35.0,0.033835303,0.01,3000.0,0.1,17.659151,3.257241e-05,0.0,0.0,10.0
62,97,0,37.0,5.4637713,110.63275,-0.0013047857,-0.0003726753,7.530945,89.3698,1.1,0.0,35.0,0.033835303,0.01,3000.0,0.1,17.65926,3.017971e-05,0.0,0.0,10.0
38,110,0,27.0,0.32055113,270.0,-0.13536997,-0.0001877973,12.241627,0.0,1.1,0.0,35.0,0.033835303,0.01,3000.0,0.1,17.637016,0.00051513937,0.0,0.0,10.0
63,68,0,29.0,3.6637444,195.19609,0.005493087,0.00021216951,7.2391243,178.7396,0.3,0.0,35.0,0.033835303,0.05,3000.0,0.015,88.292854,4.5219553e-05,0.0,0.0,50.0
10,69,0,61.0,2.6421201,255.90884,-0.0006835085,3.1695767e-05,8.665296,282.49762,1.1,0.0,35.0,0.033835303,0.01,3000.0,0.1,17.657778,6.250019e-05,0.0,0.0,10.0
25,0,0,25.0,3.2659984,281.35483,-0.0056345924,-0.0007125174,7.3543253,252.2636,1.0,0.0,35.0,0.033835303,0.1,3000.0,0.035,176.58327,5.053667e-05,0.0,0.0,0.0
16,49,0,42.0,4.022533,208.51263,0.0056494935,-2.0750762e-05,7.8385653,281.58017,1.1,0.0,35.0,0.033835303,0.01,3000.0,0.1,17.658756,4.115576e-05,0.0,0.0,10.0
52,73,0,38.0,2.9004087,96.36581,0.015432956,0.00016237325,7.473268,281.58017,1.1,0.0,35.0,0.033835303,0.01,3000.0,0.1,17.658033,5.6879242e-05,0.0,0.0,10.0
52,117,0,35.0,4.448936,239.64207,-0.0018622543,-1.2774143e-05,7.7374444,126.1318,1.1,0.0,35.0,0.033835303,0.01,3000.0,0.1,17.658943,3.7129943e-05,0.0,0.0,10.0
46,49,0,34.0,1.3625141,135.11649,0.005285433,6.255102e-05,8.229454,282.49762,0.3,0.0,35.0,0.033835303,0.05,3000.0,0.015,88.275375,0.000121406265,0.0,0.0,50.0
33,14,0,36.0,6.5919414,151.04419,0.0012468068,-0.00091636967,7.341848,126.1318,0.3,0.0,35.0,0.033835303,0.05,3000.0,0.015,88.29748,2.5052488e-05,0.0,0.0,50.0
3,124,0,87.0,15.435993,206.47198,0.0050867423,0.000992102,5.7776604,481.00217,1.1,0.0,35.0,0.033835303,0.01,3000.0,0.1,17.660164,1.0468393e-05,0.0,0.0,10.0
103,92,0,13.0,1.1588799,33.582623,-0.014796038,-0.00033059742,10.470826,199.67502,0.3,0.0,35.0,0.033835303,0.05,3000.0,0.015,88.270454,0.00014290263,0.0,0.0,50.0
35,20,0,45.0,1.3217627,75.90884,-0.012303149,0.00015777627,8.952978,199.18846,0.3,0.0,35.0,0.033835303,0.05,3000.0,0.015,88.27456,0.00012497633,0.0,0.0,50.0
117,62,0,16.0,0.6410822,90.0,-0.0,-6.259029e-05,8.98353,252.2636,0.3,0.0,35.0,0.033835303,0.05,3000.0,0.015,88.24413,0.00025760045,0.0,0.0,50.0
65,48,0,31.0,1.874072,149.13892,-0.0048779706,-5.991292e-05,7.9105043,267.02142,0.3,0.0,35.0,0.033835303,0.05,3000.0,0.015,88.28295,8.840215e-05,0.0,0.0,50.0
107,73,0,10.0,0.6410822,270.0,-0.01410104,-0.0002816563,9.676678,89.00714,1.1,0.0,35.0,0.033835303,0.01,3000.0,0.1,17.648827,0.00025760045,0.0,0.0,10.0
24,18,0,25.0,2.3411603,195.88397,-0.02241866,-0.0005258039,10.983608,0.0,1.1,0.0,35.0,0.033835303,0.01,3000.0,0.1,17.657396,7.0817674e-05,0.0,0.0,10.0
93,95,0,15.0,1.8704919,58.933353,-0.012506183,-0.00025156094,10.109642,89.00714,1.1,0.0,35.0,0.033835303,0.01,3000.0,0.1,17.65659,8.8402165e-05,0.0,0.0,10.0
45,44,0,27.0,1.3265119,13.981523,-0.015433064,-0.0004606865,8.256243,89.3698,1.1,0.0,35.0,0.033835303,0.01,3000.0,0.1,17.654911,0.00012497634,0.0,0.0,10.0
17,3,0,24.0,2.2745183,8.097549,0.010782511,0.00038770837,7.716681,178.01428,1.1,0.0,35.0,0.033835303,0.01,3000.0,0.1,17.6573,7.286857e-05,0.0,0.0,10.0
45,87,0,31.0,2.5061967,309.9202,-0.002897844,-0.0002495916,8.718183,199.67502,1.1,0.0,35.0,0.033835303,0.01,3000.0,0.1,17.657618,6.595632e-05,0.0,0.0,10.0
122,37,0,9.0,0.64369404,0.0,10.0,1.0340407,10.588902,720.4774,0.3,0.0,35.0,0.033835303,0.05,3000.0,0.015,88.24413,0.00025760045,0.0,0.0,50.0
70,73,0,22.0,1.4344336,296.65836,-0.01937554,-0.00014249604,11.011209,0.0,0.3,0.0,35.0,0.033835303,0.05,3000.0,0.015,88.276794,0.00011521562,0.0,0.0,50.0
44,60,0,22.0,4.269692,76.95424,-0.017740477,-0.0006802502,10.486776,0.0,0.7,0.0,35.0,0.033835303,0.1,3000.0,0.035,176.58871,3.864912e-05,0.0,0.0,30.0
67,120,0,54.0,4.809537,36.75813,-0.003999624,-8.712737e-06,6.966021,356.02856,1.1,0.0,35.0,0.033835303,0.01,3000.0,0.1,17.659065,3.4395423e-05,0.0,0.0,10.0
87,55,0,19.0,2.1510887,243.34166,0.0028518112,0.00014375304,7.7725306,199.67502,1.1,0.0,35.0,0.033835303,0.01,3000.0,0.1,17.65712,7.681844e-05,0.0,0.0,10.0
47,63,0,39.0,1.3265119,193.98154,0.0052504246,-0.00065674685,10.048002,126.1318,0.3,0.0,35.0,0.033835303,0.05,3000.0,0.015,88.27456,0.00012497633,0.0,0.0,50.0
68,49,0,34.0,2.4481852,203.11436,0.007443991,0.00034093042,7.6430187,199.18846,1.1,0.0,35.0,0.033835303,0.01,3000.0,0.1,17.65754,6.7665394e-05,0.0,0.0,10.0
33,104,0,51.0,2.2700963,315.1165,0.016649114,0.00034516954,7.718629,282.49762,0.3,0.0,35.0,0.033835303,0.05,3000.0,0.015,88.286514,7.2868555e-05,0.0,0.0,50.0
10,46,0,45.0,3.894137,80.49982,0.0060628965,0.00015322691,7.1779613,178.7396,1.1,0.0,35.0,0.033835303,0.01,3000.0,0.1,17.658699,4.2371095e-05,0.0,0.0,10.0
30,110,0,49.0,5.8300114,99.50017,0.005411511,0.00072379323,6.772496,178.7396,0.3,0.0,35.0,0.033835303,0.05,3000.0,0.015,88.296745,2.8242755e-05,0.0,0.0,50.0
107,71,0,12.0,1.3625141,224.88351,-0.00726747,0.0001419453,8.229454,89.00714,0.3,0.0,35.0,0.033835303,0.05,3000.0,0.015,88.275375,0.000121406265,0.0,0.0,50.0
14,111,0,39.0,1.874072,210.86108,-0.0049343635,-0.0008751851,9.989945,126.1318,1.1,0.0,35.0,0.033835303,0.01,3000.0,0.1,17.65659,8.8402165e-05,0.0,0.0,10.0
110,123,0,22.0,3.156025,294.04907,0.010199379,0.0004400541,7.388649,563.16034,1.1,0.0,35.0,0.033835303,0.01,3000.0,0.1,17.658243,5.235969e-05,0.0,0.0,10.0
13,30,0,36.0,3.8542712,265.21704,-0.00052005367,-0.0005250584,7.1882825,89.00714,1.1,0.0,35.0,0.033835303,0.01,3000.0,0.1,17.65868,4.2826858e-05,0.0,0.0,10.0
14,46,0,41.0,3.5821586,243.34166,-0.0024156512,0.00043167174,7.954852,126.1318,1.1,0.0,35.0,0.033835303,0.01,3000.0,0.1,17.658527,4.613106e-05,0.0,0.0,10.0
52,88,0,47.0,1.7317762,158.27881,0.006790443,-0.00042510702,7.9895225,282.49762,0.3,0.0,35.0,0.033835303,0.05,3000.0,0.015,88.28129,9.565621e-05,0.0,0.0,50.0
103,22,0,16.0,0.64369404,0.0,0.013930071,0.0002524051,8.979465,696.3302,0.3,0.0,35.0,0.033835303,0.05,3000.0,0.015,88.24413,0.00025760045,0.0,0.0,50.0
44,112,0,24.0,3.760092,160.0916,-0.0060164994,-0.00035530256,9.410318,89.00714,1.1,0.0,35.0,0.033835303,0.01,3000.0,0.1,17.658625,4.40422e-05,0.0,0.0,10.0
76,115,0,28.0,3.0493183,18.36517,-0.0025874537,0.0002629425,8.521724,126.1318,0.3,0.0,35.0,0.033835303,0.05,3000.0,0.015,88.29076,5.433461e-05,0.0,0.0,50.0
56,66,0,24.0,1.0139902,288.50494,-0.03741094,-0.00027981802,10.470887,126.1318,0.3,0.0,35.0,0.033835303,0.05,3000.0,0.015,88.26585,0.00016295575,0.0,0.0,50.0
51,40,0,23.0,0.71908116,26.471973,-0.056453757,-0.00020449779,11.1712885,126.1318,1.1,0.0,35.0,0.033835303,0.01,3000.0,0.1,17.650076,0.00023040721,0.0,0.0,10.0
16,62,0,39.0,3.5821586,63.34164,0.0017110864,8.0470665e-05,7.261705,89.3698,1.1,0.0,35.0,0.033835303,0.01,3000.0,0.1,17.658527,4.613106e-05,0.0,0.0,10.0
17,69,0,45.0,3.593326,190.26393,-0.0029914272,-0.00031264382,8.868022,89.00714,0.3,0.0,35.0,0.033835303,0.05,3000.0,0.015,88.29264,4.6131052e-05,0.0,0.0,50.0
106,86,0,20.0,1.0139902,71.49504,0.008729219,6.534196e-05,8.524977,267.02142,0.3,0.0,35.0,0.033835303,0.05,3000.0,0.015,88.26585,0.00016295575,0.0,0.0,50.0
49,26,0,25.0,4.1841927,32.365757,-0.0037941143,-0.0006577069,9.408466,126.1318,1.1,0.0,35.0,0.033835303,0.01,3000.0,0.1,17.65883,3.9560622e-05,0.0,0.0,10.0
72,42,0,25.0,8.237642,35.427555,-0.0034395172,-0.0009155207,8.215096,368.3933,0.3,0.0,35.0,0.033835303,0.05,3000.0,0.015,88.29864,2.0001224e-05,0.0,0.0,50.0
28,78,0,46.0,3.650967,105.31436,0.0027983738,0.00013465135,7.2426276,282.49762,1.1,0.0,35.0,0.033835303,0.01,3000.0,0.1,17.65857,4.5219556e-05,0.0,0.0,10.0
77,120,0,39.0,2.2656658,261.83722,-0.003923601,-9.673689e-05,7.7205844,89.3698,1.1,0.0,35.0,0.033835303,0.01,3000.0,0.1,17.6573,7.286857e-05,0.0,0.0,10.0
59,104,0,32.0,2.5731533,180.0,-0.0013930069,-6.292251e-05,9.202608,252.2636,1.1,0.0,35.0,0.033835303,0.01,3000.0,0.1,17.657688,6.443714e-05,0.0,0.0,10.0
64,50,0,30.0,1.922605,90.0,-0.0028202073,-0.00012499272,9.494356,126.1318,0.3,0.0,35.0,0.033835303,0.05,3000.0,0.015,88.28353,8.585753e-05,0.0,0.0,50.0
46,66,0,62.0,6.08146,18.36517,0.0031755108,0.001090568,6.7299647,252.2636,1.1,0.0,35.0,0.033835303,0.01,3000.0,0.1,17.659399,2.7141354e-05,0.0,0.0,10.0
33,64,0,45.0,2.651603,13.981523,-0.0068016853,0.0002861022,7.563096,178.01428,1.1,0.0,35.0,0.033835303,0.01,3000.0,0.1,17.657778,6.250019e-05,0.0,0.0,10.0
60,33,0,29.0,4.022533,208.51263,-0.004200905,-0.00045473137,9.224859,199.18846,1.1,0.0,35.0,0.033835303,0.01,3000.0,0.1,17.658756,4.115576e-05,0.0,0.0,10.0
107,67,0,18.0,0.9654904,180.0,0.0018573423,6.308637e-05,8.573999,399.35004,0.3,0.0,35.0,0.033835303,0.05,3000.0,0.015,88.26383,0.00017176695,0.0,0.0,50.0
27,77,0,51.0,3.2310994,5.6875715,0.012177132,0.00053534127,7.3650913,252.2636,0.3,0.0,35.0,0.033835303,0.05,3000.0,0.015,88.291466,5.1296258e-05,0.0,0.0,50.0
16,18,0,34.0,2.7628155,215.42757,-0.0055811587,0.00017405536,8.620562,252.2636,1.1,0.0,35.0,0.033835303,0.01,3000.0,0.1,17.657896,5.9917587e-05,0.0,0.0,10.0
49,85,0,45.0,3.650967,285.31436,0.0025930584,0.00020913203,7.935775,368.3933,0.3,0.0,35.0,0.033835303,0.05,3000.0,0.015,88.292854,4.5219553e-05,0.0,0.0,50.0
63,100,0,25.0,1.437936,206.47198,-0.022981172,-0.0002710651,9.967316,252.2636,0.3,0.0,35.0,0.033835303,0.05,3000.0,0.015,88.276794,0.00011521562,0.0,0.0,50.0
98,17,0,12.0,0.64369404,0.0,-0.008358043,-9.46519e-05,10.588902,282.49762,0.3,0.0,35.0,0.033835303,0.05,3000.0,0.015,88.24413,0.00025760045,0.0,0.0,50.0
70,122,0,68.0,6.9924684,15.883961,0.0016526113,-0.00032238595,7.282306,479.58795,0.3,0.0,35.0,0.033835303,0.05,3000.0,0.015,88.29781,2.360927e-05,0.0,0.0,50.0
121,76,0,22.0,1.6088798,0.0,-0.0,-0.0,8.063173,541.469,0.3,0.0,35.0,0.033835303,0.05,3000.0,0.015,88.279594,0.00010306221,0.0,0.0,50.0
87,63,0,32.0,4.108252,321.4538,0.0027083422,0.00027515512,7.817408,446.84897,0.3,0.0,35.0,0.033835303,0.05,3000.0,0.015,88.294,4.0282233e-05,0.0,0.0,50.0
60,63,0,27.0,2.746499,20.479568,-0.007372368,-0.0005229981,9.137319,178.01428,0.3,0.0,35.0,0.033835303,0.05,3000.0,0.015,88.28938,6.0335355e-05,0.0,0.0,50.0
51,6,0,35.0,7.787914,234.89845,-0.009499493,0.0005010442,7.5788283,252.2636,1.1,0.0,35.0,0.033835303,0.01,3000.0,0.1,17.659676,2.1140606e-05,0.0,0.0,10.0
66,4,0,8.0,0.9615732,90.0,-0.0488836,-0.00028159015,11.062972,268.10938,1.1,0.0,35.0,0.033835303,0.01,3000.0,0.1,17.652765,0.00017176698,0.0,0.0,10.0
112,49,0,17.0,1.3217627,104.091156,0.016243374,-2.8152757e-05,8.25983,281.58017,0.3,0.0,35.0,0.033835303,0.05,3000.0,0.015,88.27456,0.00012497633,0.0,0.0,50.0
41,113,0,40.0,2.9578419,130.71645,0.003422643,0.00063698174,7.4536257,268.10938,1.1,0.0,35.0,0.033835303,0.01,3000.0,0.1,17.658081,5.592975e-05,0.0,0.0,10.0
20,54,0,35.0,2.5061967,129.9202,-0.007056133,-0.00016123216,9.229008,321.82562,1.1,0.0,35.0,0.033835303,0.01,3000.0,0.1,17.657618,6.595632e-05,0.0,0.0,10.0
85,119,0,47.0,5.0573053,71.49504,0.0034916883,-0.00036677616,6.9155393,252.2636,0.7,0.0,35.0,0.033835303,0.1,3000.0,0.035,176.59152,3.257241e-05,0.0,0.0,30.0
10,26,0,33.0,2.0549364,51.226494,0.016122565,-0.00085803075,8.511448,126.1318,1.1,0.0,35.0,0.033835303,0.01,3000.0,0.1,17.656952,8.046446e-05,0.0,0.0,10.0
41,42,0,47.0,2.1510887,243.34166,0.020801445,0.0001629806,7.7725306,199.18846,0.3,0.0,35.0,0.033835303,0.05,3000.0,0.015,88.28561,7.6818425e-05,0.0,0.0,50.0
19,35,0,54.0,1.8704919,58.933353,0.017865974,-1.5420623e-05,7.912418,267.02142,0.3,0.0,35.0,0.033835303,0.05,3000.0,0.015,88.28295,8.840215e-05,0.0,0.0,50.0
45,106,0,38.0,3.4113743,221.07051,-0.000587568,9.7617485e-05,8.003824,178.7396,0.3,0.0,35.0,0.033835303,0.05,3000.0,0.015,88.29211,4.848578e-05,0.0,0.0,50.0
124,45,0,12.0,0.32185718,0.0,0.022288112,3.1555115e-05,9.672611,630.659,0.3,0.0,35.0,0.033835303,0.05,3000.0,0.015,88.18508,0.00051513937,0.0,0.0,50.0
51,18,0,35.0,4.873843,113.28305,-0.0059519745,0.00043910492,7.645823,367.07394,1.1,0.0,35.0,0.033835303,0.01,3000.0,0.1,17.659092,3.3863715e-05,0.0,0.0,10.0
99,80,0,21.0,4.062778,18.36517,-0.00026462585,-0.0002321536,8.744867,199.67502,0.3,0.0,35.0,0.033835303,0.05,3000.0,0.015,88.29388,4.077596e-05,0.0,0.0,50.0
24,52,0,45.0,1.6343267,78.64518,0.0031893915,0.00050412584,8.047472,367.07394,1.1,0.0,35.0,0.033835303,0.01,3000.0,0.1,17.656006,0.000101087295,0.0,0.0,10.0
4,89,0,78.0,2.3168123,33.582623,-0.009665156,-0.00020242199,9.7776785,89.00714,1.1,0.0,35.0,0.033835303,0.01,3000.0,0.1,17.657368,7.146334e-05,0.0,0.0,10.0
0,61,0,49.0,10.271737,81.08373,0.00048993377,-0.0016643167,6.198784,89.3698,1.0,0.0,35.0,0.033835303,0.1,3000.0,0.035,176.59915,1.5899448e-05,0.0,0.0,0.0
68,104,0,33.0,3.9090981,189.42462,-0.0005076998,0.00028489207,7.867262,199.18846,1.1,0.0,35.0,0.033835303,0.01,3000.0,0.1,17.658699,4.2371095e-05,0.0,0.0,10.0
7,103,0,71.0,8.405218,171.28877,0.0053385464,8.50585e-05,6.402912,178.7396,1.1,0.0,35.0,0.033835303,0.01,3000.0,0.1,17.659742,1.962143e-05,0.0,0.0,10.0
6,9,0,29.0,6.895726,21.721191,-0.00037526147,1.30285625e-05,6.603228,199.67502,1.1,0.0,35.0,0.033835303,0.01,3000.0,0.1,17.659548,2.3913106e-05,0.0,0.0,10.0
56,101,0,41.0,1.7266877,68.118126,0.005336328,-0.0002544225,9.091079,321.82562,1.1,0.0,35.0,0.033835303,0.01,3000.0,0.1,17.656258,9.565623e-05,0.0,0.0,10.0
68,40,0,24.0,5.892991,22.298227,-0.0058701504,0.00026047757,8.14797,178.01428,1.1,0.0,35.0,0.033835303,0.01,3000.0,0.1,17.659359,2.8052858e-05,0.0,0.0,10.0
83,88,0,45.0,2.9641948,12.479561,-0.00014940035,-0.00011776077,7.4514766,282.49762,0.3,0.0,35.0,0.033835303,0.05,3000.0,0.015,88.290405,5.5929737e-05,0.0,0.0,50.0
112,71,0,19.0,0.45424747,135.11649,0.03765871,0.000110378765,9.328067,267.02142,0.3,0.0,35.0,0.033835303,0.05,3000.0,0.015,88.21967,0.0003643227,0.0,0.0,50.0
58,38,0,20.0,2.9578419,49.283546,-0.0037018957,0.00040849144,7.4536257,89.00714,1.1,0.0,35.0,0.033835303,0.01,3000.0,0.1,17.658081,5.592975e-05,0.0,0.0,10.0
79,40,0,11.0,5.335008,32.629337,0.0077567343,-0.0016142416,8.471226,252.2636,1.1,0.0,35.0,0.033835303,0.01,3000.0,0.1,17.659224,3.0977277e-05,0.0,0.0,10.0
11,18,0,45.0,3.959676,75.90884,0.006567041,0.0007339345,7.1612186,178.7396,1.1,0.0,35.0,0.033835303,0.01,3000.0,0.1,17.658733,4.164949e-05,0.0,0.0,10.0
30,24,0,49.0,3.550397,174.82652,0.0043876516,0.00013517555,7.270634,252.2636,1.1,0.0,35.0,0.033835303,0.01,3000.0,0.1,17.658504,4.666277e-05,0.0,0.0,10.0
1,94,0,135.0,5.780132,19.367031,0.0054071494,0.002217314,6.7811475,378.3954,1.1,0.0,35.0,0.033835303,0.01,3000.0,0.1,17.659332,2.8584573e-05,0.0,0.0,10.0
21,66,0,52.0,1.437936,26.471973,0.016486496,8.944382e-05,8.175556,178.01428,1.1,0.0,35.0,0.033835303,0.01,3000.0,0.1,17.65536,0.00011521563,0.0,0.0,10.0
5,114,0,65.0,6.4182067,177.14919,0.009973723,0.00034594187,6.6756406,199.18846,1.1,0.0,35.0,0.033835303,0.01,3000.0,0.1,17.659462,2.573612e-05,0.0,0.0,10.0
82,14,0,11.0,1.0172933,161.63483,-0.0021170068,-2.5764957e-05,8.521724,178.7396,0.3,0.0,35.0,0.033835303,0.05,3000.0,0.015,88.26585,0.00016295575,0.0,0.0,50.0
91,20,0,15.0,0.45424747,224.88351,-0.0019820377,4.7010737e-05,9.328067,252.2636,0.3,0.0,35.0,0.033835303,0.05,3000.0,0.015,88.21967,0.0003643227,0.0,0.0,50.0
17,39,0,54.0,3.4674404,123.797676,0.009950377,0.0005554828,7.294336,199.67502,0.3,0.0,35.0,0.033835303,0.05,3000.0,0.015,88.292305,4.7650236e-05,0.0,0.0,50.0
50,10,0,7.0,1.3265119,166.01846,-0.057277348,0.00013677341,9.354856,126.1318,1.1,0.0,35.0,0.033835303,0.01,3000.0,0.1,17.654911,0.00012497634,0.0,0.0,10.0
95,88,0,32.0,5.773866,180.0,0.0027860138,-0.00015539378,6.7822394,199.67502,0.3,0.0,35.0,0.033835303,0.05,3000.0,0.015,88.29665,2.862255e-05,0.0,0.0,50.0
9,75,0,71.0,4.6188745,56.20232,0.0036564637,-0.00022902297,7.006654,126.1318,0.3,0.0,35.0,0.033835303,0.05,3000.0,0.015,88.29502,3.5762674e-05,0.0,0.0,50.0
70,58,0,22.0,4.062778,18.36517,0.0033960326,-0.00014721704,7.13543,267.02142,1.1,0.0,35.0,0.033835303,0.01,3000.0,0.1,17.658773,4.077597e-05,0.0,0.0,10.0
61,31,0,53.0,8.281296,247.29732,0.003049591,0.00014989427,7.1111245,398.37692,1.1,0.0,35.0,0.033835303,0.01,3000.0,0.1,17.659733,1.9849309e-05,0.0,0.0,10.0
83,42,0,22.0,2.9641948,192.47957,0.006900889,0.0004891455,7.4514766,178.01428,1.1,0.0,35.0,0.033835303,0.01,3000.0,0.1,17.658081,5.592975e-05,0.0,0.0,10.0
60,40,0,27.0,6.595346,321.0201,0.0040656035,-9.0091075e-05,7.341327,178.01428,0.3,0.0,35.0,0.033835303,0.05,3000.0,0.015,88.2975,2.4976525e-05,0.0,0.0,50.0
56,45,0,28.0,4.8955717,328.4964,-0.009621719,-0.00017936571,8.739965,541.469,1.1,0.0,35.0,0.033835303,0.01,3000.0,0.1,17.659096,3.378775e-05,0.0,0.0,10.0
78,2,0,12.0,1.0172933,341.63483,0.004057597,2.2352966e-05,8.521724,199.67502,1.1,0.0,35.0,0.033835303,0.01,3000.0,0.1,17.653168,0.00016295575,0.0,0.0,10.0
13,118,0,47.0,1.3265119,346.01846,0.0055686305,-0.0003190534,8.94939,199.67502,0.3,0.0,35.0,0.033835303,0.05,3000.0,0.015,88.27456,0.00012497633,0.0,0.0,50.0
12,87,0,66.0,3.959676,104.091156,-0.0046103303,-0.0009626568,10.419315,0.0,1.1,0.0,35.0,0.033835303,0.01,3000.0,0.1,17.658733,4.164949e-05,0.0,0.0,10.0
22,66,0,50.0,1.8164191,135.11649,-0.006441621,0.00042453958,7.9417725,199.18846,0.3,0.0,35.0,0.033835303,0.05,3000.0,0.015,88.28233,9.1098686e-05,0.0,0.0,50.0
50,118,0,39.0,5.505621,54.35206,0.0036266928,8.9439745e-05,6.8301206,89.3698,0.3,0.0,35.0,0.033835303,0.05,3000.0,0.015,88.29634,2.9989806e-05,0.0,0.0,50.0
4,60,0,49.0,3.2105453,36.758133,0.00624568,0.00015154872,7.371486,178.7396,1.1,0.0,35.0,0.033835303,0.01,3000.0,0.1,17.65828,5.156212e-05,0.0,0.0,10.0
49,110,0,38.0,2.9596786,139.51378,-0.002215568,0.00033359617,7.453004,282.49762,1.1,0.0,35.0,0.033835303,0.01,3000.0,0.1,17.658081,5.592975e-05,0.0,0.0,10.0
94,30,0,14.0,1.6065339,143.24185,0.0008058943,4.0462823e-05,8.064633,267.02142,0.3,0.0,35.0,0.033835303,0.05,3000.0,0.015,88.279594,0.00010306221,0.0,0.0,50.0
92,0,0,-32768.0,0.0,0.0,0.0,0.0,11.398502,1039.1139,1.0,0.0,35.0,0.033835303,0.1,3000.0,0.035,0.0,999.0,0.0,0.0,0.0
78,18,0,20.0,1.8164191,44.88351,0.010901206,-9.49043e-05,7.9417725,368.3933,0.3,0.0,35.0,0.033835303,0.05,3000.0,0.015,88.28233,9.1098686e-05,0.0,0.0,50.0
95,32,0,16.0,1.437936,333.528,0.0019983628,0.00013853463,8.175556,368.3933,1.1,0.0,35.0,0.033835303,0.01,3000.0,0.1,17.65536,0.00011521563,0.0,0.0,10.0
86,59,0,14.0,1.3625141,315.1165,-0.011892222,9.445718e-05,9.838892,199.67502,0.3,0.0,35.0,0.033835303,0.05,3000.0,0.015,88.275375,0.000121406265,0.0,0.0,50.0
13,54,0,23.0,1.9304327,0.0,-0.006500699,-0.00056705234,11.016346,0.0,1.1,0.0,35.0,0.033835303,0.01,3000.0,0.1,17.656706,8.5857544e-05,0.0,0.0,10.0
105,82,0,16.0,0.7173292,63.34164,0.013588043,-0.00035912744,8.871142,126.1318,0.3,0.0,35.0,0.033835303,0.05,3000.0,0.015,88.25038,0.00023040718,0.0,0.0,50.0
111,34,0,6.0,1.6404692,191.26523,-0.00033639214,-0.00017871891,8.043719,126.1318,0.3,0.0,35.0,0.033835303,0.05,3000.0,0.015,88.28004,0.00010108727,0.0,0.0,50.0
89,105,0,25.0,4.8923855,101.35481,-0.00043942727,-0.00042820955,7.6420074,126.1318,1.1,0.0,35.0,0.033835303,0.01,3000.0,0.1,17.6591,3.367382e-05,0.0,0.0,10.0
74,118,0,45.0,2.4481852,23.114355,0.012385587,9.621163e-05,7.6430187,199.67502,0.3,0.0,35.0,0.033835303,0.05,3000.0,0.015,88.287704,6.766539e-05,0.0,0.0,50.0
6,49,0,36.0,4.3577437,233.86174,-0.0038704814,-0.00029870126,8.163702,89.00714,1.1,0.0,35.0,0.033835303,0.01,3000.0,0.1,17.658905,3.792751e-05,0.0,0.0,10.0
27,47,0,44.0,3.4674404,236.20233,0.009390918,0.0007764809,7.294336,282.49762,1.1,0.0,35.0,0.033835303,0.01,3000.0,0.1,17.65846,4.7650243e-05,0.0,0.0,10.0
95,86,0,45.0,1.0172933,161.63483,0.021875745,0.0003659268,8.521724,321.3227,0.3,0.0,35.0,0.033835303,0.05,3000.0,0.015,88.26585,0.00016295575,0.0,0.0,50.0
32,22,0,43.0,4.658489,106.007034,-5.111717e-05,-0.0004315329,8.607514,178.7396,1.1,0.0,35.0,0.033835303,0.01,3000.0,0.1,17.65902,3.542087e-05,0.0,0.0,10.0
26,84,0,48.0,4.887463,336.88565,0.007481906,5.10959e-05,6.9498715,178.01428,1.1,0.0,35.0,0.033835303,0.01,3000.0,0.1,17.659092,3.3863715e-05,0.0,0.0,10.0
110,72,0,15.0,0.7173292,243.34166,0.00050326175,-6.9653455e-05,8.871142,268.10938,1.1,0.0,35.0,0.033835303,0.01,3000.0,0.1,17.650076,0.00023040721,0.0,0.0,10.0
89,118,0,39.0,2.2656658,81.83721,0.0014833126,-0.00015172121,8.413732,252.2636,1.1,0.0,35.0,0.033835303,0.01,3000.0,0.1,17.6573,7.286857e-05,0.0,0.0,10.0
112,111,0,21.0,3.5362613,84.78452,-0.0010630689,-0.00037090326,7.9677806,281.58017,0.3,0.0,35.0,0.033835303,0.05,3000.0,0.015,88.29253,4.6662768e-05,0.0,0.0,50.0
67,114,0,26.0,1.6023545,90.0,-0.02933016,-0.00021885021,11.5936,0.0,1.1,0.0,35.0,0.033835303,0.01,3000.0,0.1,17.655918,0.00010306223,0.0,0.0,10.0
92,25,0,13.0,2.2656658,98.16277,-0.0008772277,6.585294e-05,7.7205844,252.2636,0.3,0.0,35.0,0.033835303,0.05,3000.0,0.015,88.286514,7.2868555e-05,0.0,0.0,50.0
5,97,0,62.0,6.4663053,69.69944,-0.013784857,-0.0007798393,8.747553,89.3698,1.1,0.0,35.0,0.033835303,0.01,3000.0,0.1,17.659475,2.547026e-05,0.0,0.0,10.0
17,61,0,32.0,2.0567696,38.54621,-0.00027723217,-0.00058312353,11.283144,0.0,0.3,0.0,35.0,0.033835303,0.05,3000.0,0.015,88.28476,8.0464444e-05,0.0,0.0,50.0
0,75,0,49.0,8.665647,233.86174,-0.009245407,0.0006891442,7.98138,89.00714,1.0,0.0,35.0,0.033835303,0.1,3000.0,0.035,176.59776,1.897578e-05,0.0,0.0,0.0
120,101,0,14.0,2.0567696,141.45378,-0.0015780894,2.5578734e-05,8.91602,178.01428,1.1,0.0,35.0,0.033835303,0.01,3000.0,0.1,17.656952,8.046446e-05,0.0,0.0,10.0
4,5,0,21.0,1.1570693,236.20233,-0.021459246,-0.0014516748,12.003866,0.0,1.1,0.0,35.0,0.033835303,0.01,3000.0,0.1,17.65409,0.00014290263,0.0,0.0,10.0
103,54,0,21.0,1.8164191,44.88351,0.005450602,0.00010894474,7.9417725,178.7396,0.3,0.0,35.0,0.033835303,0.05,3000.0,0.015,88.28233,9.1098686e-05,0.0,0.0,50.0
73,75,0,39.0,1.922605,270.0,0.004700346,0.00012499272,7.884918,199.18846,1.1,0.0,35.0,0.033835303,0.01,3000.0,0.1,17.656706,8.5857544e-05,0.0,0.0,10.0
32,42,0,49.0,2.9004087,96.36581,0.0011924086,-9.0343914e-05,7.473268,252.2636,0.3,0.0,35.0,0.033835303,0.05,3000.0,0.015,88.29018,5.687923e-05,0.0,0.0,50.0
103,73,0,17.0,0.45424747,44.88351,-0.0039640744,0.00028385443,9.328067,282.49762,0.3,0.0,35.0,0.033835303,0.05,3000.0,0.015,88.21967,0.0003643227,0.0,0.0,50.0
1,78,0,56.0,2.9119177,6.3146715,-0.016053423,-0.0009075861,10.24189,0.0,1.1,0.0,35.0,0.033835303,0.01,3000.0,0.1,17.658033,5.6879242e-05,0.0,0.0,10.0
22,23,0,44.0,3.8700848,65.46816,-0.0038287137,-0.00018052233,7.8773227,89.3698,0.3,0.0,35.0,0.033835303,0.05,3000.0,0.015,88.293434,4.2674925e-05,0.0,0.0,50.0
90,107,0,21.0,2.9533155,282.57825,-0.0037405533,-0.0006193963,9.534601,89.3698,0.3,0.0,35.0,0.033835303,0.05,3000.0,0.015,88.290405,5.5929737e-05,0.0,0.0,50.0
87,25,0,16.0,2.1563382,333.528,0.0016653029,9.513266e-05,8.463238,178.01428,0.3,0.0,35.0,0.033835303,0.05,3000.0,0.015,88.28561,7.6818425e-05,0.0,0.0,50.0
96,60,0,21.0,0.32185718,0.0,-0.011144056,-3.1555115e-05,9.672611,281.58017,0.3,0.0,35.0,0.033835303,0.05,3000.0,0.015,88.18508,0.00051513937,0.0,0.0,50.0
16,2,0,21.0,2.0273457,71.49504,-0.012203093,0.00040094028,7.8318295,126.1318,1.1,0.0,35.0,0.033835303,0.01,3000.0,0.1,17.656904,8.14899e-05,0.0,0.0,10.0
50,95,0,38.0,4.314165,41.87139,-0.0006626033,-0.00020075058,7.768326,89.00714,0.3,0.0,35.0,0.033835303,0.05,3000.0,0.015,88.29443,3.834527e-05,0.0,0.0,50.0
26,121,0,49.0,1.7266877,248.11813,-0.01362927,-0.00037575245,9.784226,321.82562,0.3,0.0,35.0,0.033835303,0.05,3000.0,0.015,88.28129,9.565621e-05,0.0,0.0,50.0
27,68,0,53.0,4.6188745,236.20233,0.0024576227,-0.00019611613,7.699801,267.02142,1.1,0.0,35.0,0.033835303,0.01,3000.0,0.1,17.659004,3.576269e-05,0.0,0.0,10.0
3,31,0,39.0,3.4113743,41.0705,-0.00010259157,-0.00021338681,9.390119,89.3698,1.1,0.0,35.0,0.033835303,0.01,3000.0,0.1,17.65842,4.8485796e-05,0.0,0.0,10.0
97,79,0,19.0,0.64369404,0.0,0.011144056,-0.0005048102,8.979465,268.10938,0.3,0.0,35.0,0.033835303,0.05,3000.0,0.015,88.24413,0.00025760045,0.0,0.0,50.0
123,62,0,16.0,1.2820039,270.0,0.004230312,-3.1277512e-05,8.98353,356.02856,0.3,0.0,35.0,0.033835303,0.05,3000.0,0.015,88.273674,0.00012881224,0.0,0.0,50.0
124,99,0,14.0,1.6088798,180.0,0.0044576228,-0.0001891158,8.063173,178.7396,1.1,0.0,35.0,0.033835303,0.01,3000.0,0.1,17.655918,0.00010306223,0.0,0.0,10.0
10,16,0,36.0,7.2999334,28.712523,0.001296858,8.2245555e-05,6.5456777,267.02142,1.1,0.0,35.0,0.033835303,0.01,3000.0,0.1,17.659607,2.2621804e-05,0.0,0.0,10.0
69,124,0,83.0,6.005043,295.29102,0.011168818,0.00017077319,6.742704,357.4792,1.1,0.0,35.0,0.033835303,0.01,3000.0,0.1,17.659384,2.7445187e-05,0.0,0.0,10.0
119,99,0,16.0,1.1570693,303.79767,-0.001078957,-4.2062104e-05,8.392948,178.7396,1.1,0.0,35.0,0.033835303,0.01,3000.0,0.1,17.65409,0.00014290263,0.0,0.0,10.0
15,37,0,50.0,4.3577437,233.86174,0.0029285306,-9.711447e-05,7.7582364,199.67502,1.1,0.0,35.0,0.033835303,0.01,3000.0,0.1,17.658905,3.792751e-05,0.0,0.0,10.0
74,95,0,32.0,3.6591861,142.23787,-0.0023452095,-0.00044431075,7.9335203,89.00714,0.3,0.0,35.0,0.033835303,0.05,3000.0,0.015,88.292854,4.5219553e-05,0.0,0.0,50.0
2,85,0,78.0,6.0761523,93.02503,-0.003199462,-0.0009294779,8.928069,89.3698,1.1,0.0,35.0,0.033835303,0.01,3000.0,0.1,17.6594,2.7103377e-05,0.0,0.0,10.0
115,119,0,10.0,0.32185718,0.0,-0.078008406,-0.000567992,11.058906,126.1318,1.1,0.0,35.0,0.033835303,0.01,3000.0,0.1,17.637016,0.00051513937,0.0,0.0,10.0
74,98,0,31.0,1.1570693,123.79766,0.004195942,0.00010478394,8.392948,178.01428,0.3,0.0,35.0,0.033835303,0.05,3000.0,0.015,88.270454,0.00014290263,0.0,0.0,50.0
11,116,0,41.0,4.5951858,335.3134,-0.0016398983,-0.00027322376,7.704965,89.00714,1.1,0.0,35.0,0.033835303,0.01,3000.0,0.1,17.658993,3.6028534e-05,0.0,0.0,10.0
4,105,0,45.0,5.1675744,68.118126,-0.00907416,-0.00052473595,8.2801485,126.1318,1.1,0.0,35.0,0.033835303,0.01,3000.0,0.1,17.65918,3.188878e-05,0.0,0.0,10.0
94,58,0,21.0,0.6410822,90.0,-0.008460623,3.129514e-05,8.98353,282.49762,0.3,0.0,35.0,0.033835303,0.05,3000.0,0.015,88.24413,0.00025760045,0.0,0.0,50.0
87,59,0,17.0,1.6065339,216.75815,0.008238031,-0.0001995127,8.064633,282.49762,0.3,0.0,35.0,0.033835303,0.05,3000.0,0.015,88.279594,0.00010306221,0.0,0.0,50.0
122,85,0,9.0,2.5080328,39.691032,0.0056889206,2.2412798e-06,7.618837,89.00714,1.1,0.0,35.0,0.033835303,0.01,3000.0,0.1,17.657618,6.595632e-05,0.0,0.0,10.0
76,114,0,24.0,3.4674404,56.202312,-0.002837256,1.4563557e-05,8.392948,89.3698,1.1,0.0,35.0,0.033835303,0.01,3000.0,0.1,17.65846,4.7650243e-05,0.0,0.0,10.0
99,92,0,19.0,0.9615732,90.0,-0.0037602768,-3.1287793e-05,8.578065,178.01428,1.1,0.0,35.0,0.033835303,0.01,3000.0,0.1,17.652765,0.00017176698,0.0,0.0,10.0
4,119,0,66.0,10.662037,59.519127,0.004887482,-0.00021755464,6.853795,267.02142,1.1,0.0,35.0,0.033835303,0.01,3000.0,0.1,17.659939,1.5367736e-05,0.0,0.0,10.0
115,100,0,18.0,0.71908116,333.528,-0.00049959094,-5.657389e-05,8.868703,199.67502,0.3,0.0,35.0,0.033835303,0.05,3000.0,0.015,88.25038,0.00023040718,0.0,0.0,50.0
43,106,0,31.0,2.2745183,171.90244,-0.011980568,0.00016322275,10.807723,0.0,0.3,0.0,35.0,0.033835303,0.05,3000.0,0.015,88.286514,7.2868555e-05,0.0,0.0,50.0
12,50,0,37.0,0.64369404,0.0,0.019502101,0.0005048102,8.979465,178.01428,1.1,0.0,35.0,0.033835303,0.01,3000.0,0.1,17.648827,0.00025760045,0.0,0.0,10.0
61,24,0,6.0,0.45424747,135.11649,-0.04162278,-0.0007056815,10.021214,126.1318,1.1,0.0,35.0,0.033835303,0.01,3000.0,0.1,17.643934,0.0003643228,0.0,0.0,10.0
87,112,0,28.0,0.32185718,0.0,-0.044576224,3.1555104e-05,9.672611,126.1318,1.1,0.0,35.0,0.033835303,0.01,3000.0,0.1,17.637016,0.00051513937,0.0,0.0,10.0
82,124,0,53.0,0.71908116,26.471973,0.008992634,-8.205727e-05,8.868703,321.3227,0.3,0.0,35.0,0.033835303,0.05,3000.0,0.015,88.25038,0.00023040718,0.0,0.0,50.0
104,109,0,39.0,4.984216,44.88351,0.0037838898,0.0010130572,6.9301715,178.01428,0.3,0.0,35.0,0.033835303,0.05,3000.0,0.015,88.29562,3.31421e-05,0.0,0.0,50.0
57,111,0,27.0,3.9120262,305.10156,-0.004602258,-9.231078e-05,8.2719755,178.7396,1.1,0.0,35.0,0.033835303,0.01,3000.0,0.1,17.658705,4.225716e-05,0.0,0.0,10.0
33,111,0,38.0,3.6637444,15.196082,0.008390127,-9.663576e-05,7.2391243,126.1318,1.1,0.0,35.0,0.033835303,0.01,3000.0,0.1,17.65857,4.5219556e-05,0.0,0.0,10.0
1,44,0,56.0,3.5821586,116.65834,-0.012480864,-0.00019170946,8.647999,126.1318,1.1,0.0,35.0,0.033835303,0.01,3000.0,0.1,17.658527,4.613106e-05,0.0,0.0,10.0
49,81,0,35.0,3.1646187,336.12387,-0.009052698,0.00025023843,8.079072,356.02856,0.3,0.0,35.0,0.033835303,0.05,3000.0,0.015,88.29122,5.235968e-05,0.0,0.0,50.0
35,50,0,25.0,0.71908116,206.47198,0.008992634,-0.00030213472,9.967316,126.1318,1.1,0.0,35.0,0.033835303,0.01,3000.0,0.1,17.650076,0.00023040721,0.0,0.0,10.0
51,62,0,47.0,1.874072,210.86108,0.0042576506,0.0008358111,7.9105043,281.58017,1.1,0.0,35.0,0.033835303,0.01,3000.0,0.1,17.65659,8.8402165e-05,0.0,0.0,10.0
111,98,0,25.0,2.8670712,116.65834,-4.5252704e-10,0.00034480228,7.4848485,199.18846,0.3,0.0,35.0,0.033835303,0.05,3000.0,0.015,88.290016,5.760084e-05,0.0,0.0,50.0
33,20,0,48.0,4.367763,162.96263,-0.00222116,0.00023124974,7.755931,199.18846,0.3,0.0,35.0,0.033835303,0.05,3000.0,0.015,88.294525,3.7927504e-05,0.0,0.0,50.0
48,54,0,16.0,1.0172933,198.36517,-0.024698418,-0.00031608375,10.91962,89.3698,1.1,0.0,35.0,0.033835303,0.01,3000.0,0.1,17.653168,0.00016295575,0.0,0.0,10.0
93,30,0,16.0,0.32185718,180.0,0.044576224,9.4665345e-05,9.672611,178.7396,1.1,0.0,35.0,0.033835303,0.01,3000.0,0.1,17.637016,0.00051513937,0.0,0.0,10.0
81,38,0,22.0,0.64369404,180.0,0.019502101,0.00022085446,8.979465,282.49762,0.3,0.0,35.0,0.033835303,0.05,3000.0,0.015,88.24413,0.00025760045,0.0,0.0,50.0
51,3,0,55.0,2.7234888,224.88351,0.0026427163,0.0007530142,7.5363073,479.58795,1.1,0.0,35.0,0.033835303,0.01,3000.0,0.1,17.657856,6.0753144e-05,0.0,0.0,10.0
117,60,0,16.0,1.3625141,135.11649,0.0072674695,-0.00026704316,8.922602,398.37692,0.3,0.0,35.0,0.033835303,0.05,3000.0,0.015,88.275375,0.000121406265,0.0,0.0,50.0
1,47,0,65.0,0.32185718,180.0,0.1170126,0.0005995472,9.672611,199.18846,0.3,0.0,35.0,0.033835303,0.05,3000.0,0.015,88.18508,0.00051513937,0.0,0.0,50.0
61,28,0,48.0,8.816685,319.5138,0.005993946,7.533255e-05,7.0475388,199.18846,1.1,0.0,35.0,0.033835303,0.01,3000.0,0.1,17.659788,1.8671944e-05,0.0,0.0,10.0
77,29,0,22.0,1.7266877,68.118126,0.0038219637,0.00019905722,7.992467,368.3933,0.3,0.0,35.0,0.033835303,0.05,3000.0,0.015,88.28129,9.565621e-05,0.0,0.0,50.0
3,79,0,70.0,4.984216,224.88351,0.008108335,-0.0004206196,6.9301715,199.18846,1.1,0.0,35.0,0.033835303,0.01,3000.0,0.1,17.659124,3.3142107e-05,0.0,0.0,10.0
66,28,0,45.0,6.142954,80.99141,0.014679379,-0.0002486605,6.7198267,178.01428,1.1,0.0,35.0,0.033835303,0.01,3000.0,0.1,17.659414,2.6799542e-05,0.0,0.0,10.0
53,94,0,47.0,7.4386024,205.37303,0.0021134054,-0.00017722204,7.625263,126.1318,0.3,0.0,35.0,0.033835303,0.05,3000.0,0.015,88.29814,2.220403e-05,0.0,0.0,50.0
13,87,0,62.0,3.0301423,328.09924,-0.009695572,-0.0007397803,10.98478,0.0,0.3,0.0,35.0,0.033835303,0.05,3000.0,0.015,88.290695,5.4638444e-05,0.0,0.0,50.0
13,99,0,63.0,14.661834,224.88351,0.0018619141,-0.0009252059,6.5247064,89.3698,1.1,0.0,35.0,0.033835303,0.01,3000.0,0.1,17.660137,1.1076065e-05,0.0,0.0,10.0
71,94,0,42.0,2.0339458,161.63483,-0.012261001,-3.4269182e-05,9.214871,321.3227,0.3,0.0,35.0,0.033835303,0.05,3000.0,0.015,88.28453,8.14899e-05,0.0,0.0,50.0
99,101,0,35.0,2.9533155,102.578224,-0.010567063,0.00025909604,8.148307,178.7396,0.3,0.0,35.0,0.033835303,0.05,3000.0,0.015,88.290405,5.5929737e-05,0.0,0.0,50.0
96,53,0,20.0,0.32185718,0.0,-0.011144058,-6.311023e-05,9.672611,367.07394,0.3,0.0,35.0,0.033835303,0.05,3000.0,0.015,88.18508,0.00051513937,0.0,0.0,50.0
30,57,0,40.0,2.5080328,39.691032,0.010801897,0.00018543826,7.618837,178.7396,0.7,0.0,35.0,0.033835303,0.1,3000.0,0.035,176.57619,6.595632e-05,0.0,0.0,30.0
13,40,0,47.0,3.218274,95.7337,0.0024780561,-0.0004806011,7.3690767,356.02856,0.3,0.0,35.0,0.033835303,0.05,3000.0,0.015,88.291466,5.1296258e-05,0.0,0.0,50.0
47,81,0,41.0,2.5061967,309.9202,0.021474676,0.00034701335,7.6195703,178.7396,1.1,0.0,35.0,0.033835303,0.01,3000.0,0.1,17.657618,6.595632e-05,0.0,0.0,10.0
109,78,0,14.0,0.45424747,135.11649,0.0158563,0.00018804606,9.328067,178.7396,0.3,0.0,35.0,0.033835303,0.05,3000.0,0.015,88.21967,0.0003643227,0.0,0.0,50.0
95,111,0,24.0,2.5905683,150.35536,-0.012754825,0.00010648011,10.359004,0.0,1.1,0.0,35.0,0.033835303,0.01,3000.0,0.1,17.657711,6.394341e-05,0.0,0.0,10.0
80,109,0,41.0,1.0172933,18.36517,0.017641727,0.00031516328,8.521724,321.3227,0.3,0.0,35.0,0.033835303,0.05,3000.0,0.015,88.26585,0.00016295575,0.0,0.0,50.0
0,68,0,65.0,4.873843,113.28305,0.0046519716,0.00016746897,6.952676,199.67502,1.0,0.0,35.0,0.033835303,0.1,3000.0,0.035,176.59093,3.386371e-05,0.0,0.0,0.0
114,87,0,16.0,5.782637,356.83304,0.0030757044,-0.0001541283,6.780711,178.7396,0.3,0.0,35.0,0.033835303,0.05,3000.0,0.015,88.29667,2.858457e-05,0.0,0.0,50.0
73,60,0,20.0,2.9119177,186.31468,-0.0010056844,0.000302943,7.469301,199.18846,1.1,0.0,35.0,0.033835303,0.01,3000.0,0.1,17.658033,5.6879242e-05,0.0,0.0,10.0
42,42,0,49.0,3.4728544,146.41736,0.007915085,0.00089832384,7.292772,252.2636,0.3,0.0,35.0,0.033835303,0.05,3000.0,0.015,88.292305,4.7650236e-05,0.0,0.0,50.0
15,92,0,87.0,1.3217627,255.90884,0.013187691,0.00044760702,8.25983,199.18846,1.1,0.0,35.0,0.033835303,0.01,3000.0,0.1,17.654911,0.00012497634,0.0,0.0,10.0
53,119,0,34.0,1.874072,210.86108,-0.006626145,-0.00018979824,9.856415,178.01428,1.1,0.0,35.0,0.033835303,0.01,3000.0,0.1,17.65659,8.8402165e-05,0.0,0.0,10.0
69,11,0,8.0,0.71908116,153.52802,-0.016986087,-0.00016391475,11.1712885,126.1318,0.3,0.0,35.0,0.033835303,0.05,3000.0,0.015,88.25038,0.00023040718,0.0,0.0,50.0
88,8,0,13.0,1.1588799,213.58264,-0.009187862,0.00028061468,8.391384,252.2636,1.1,0.0,35.0,0.033835303,0.01,3000.0,0.1,17.65409,0.00014290263,0.0,0.0,10.0
40,75,0,25.0,1.3265119,193.98154,-0.031343438,6.7905756e-05,9.642537,126.1318,1.1,0.0,35.0,0.033835303,0.01,3000.0,0.1,17.654911,0.00012497634,0.0,0.0,10.0
107,81,0,15.0,1.8704919,121.06663,0.0030060213,-3.6021676e-05,8.605565,178.7396,0.3,0.0,35.0,0.033835303,0.05,3000.0,0.015,88.28295,8.840215e-05,0.0,0.0,50.0
109,61,0,16.0,2.1510887,63.34164,0.0030195646,-0.00020713867,8.465677,89.3698,0.3,0.0,35.0,0.033835303,0.05,3000.0,0.015,88.28561,7.6818425e-05,0.0,0.0,50.0
62,40,0,31.0,8.863697,37.581573,0.0050008465,0.00018692813,6.348988,178.01428,0.3,0.0,35.0,0.033835303,0.05,3000.0,0.015,88.29897,1.8558008e-05,0.0,0.0,50.0
19,101,0,57.0,8.676348,173.68532,0.00091312133,7.829299e-05,6.370689,89.00714,1.1,0.0,35.0,0.033835303,0.01,3000.0,0.1,17.659775,1.901376e-05,0.0,0.0,10.0
82,37,0,22.0,0.6410822,90.0,-0.0,6.259028e-05,8.98353,357.4792,0.3,0.0,35.0,0.033835303,0.05,3000.0,0.015,88.24413,0.00025760045,0.0,0.0,50.0
14,50,0,31.0,1.3265119,166.01846,-0.017740067,0.00012923391,8.256243,199.18846,1.1,0.0,35.0,0.033835303,0.01,3000.0,0.1,17.654911,0.00012497634,0.0,0.0,10.0
43,19,0,43.0,1.1588799,33.582623,0.0056081763,0.00023276509,8.391384,367.07394,1.1,0.0,35.0,0.033835303,0.01,3000.0,0.1,17.65409,0.00014290263,0.0,0.0,10.0
83,24,0,18.0,1.0172933,18.36517,0.011819957,-0.00017901229,8.521724,321.82562,1.1,0.0,35.0,0.033835303,0.01,3000.0,0.1,17.653168,0.00016295575,0.0,0.0,10.0
49,38,0,47.0,3.2310994,185.68759,0.013500257,0.00055471266,7.3650913,282.49762,0.3,0.0,35.0,0.033835303,0.05,3000.0,0.015,88.291466,5.1296258e-05,0.0,0.0,50.0
62,72,0,22.0,1.3217627,75.90884,0.0012061913,-5.9084537e-05,9.358443,126.1318,0.3,0.0,35.0,0.033835303,0.05,3000.0,0.015,88.27456,0.00012497633,0.0,0.0,50.0
107,90,0,16.0,1.6047066,53.018208,0.0006738762,0.00029455166,8.065772,178.7396,1.1,0.0,35.0,0.033835303,0.01,3000.0,0.1,17.655918,0.00010306223,0.0,0.0,10.0
9,89,0,90.0,5.0573053,71.49504,0.00017814727,0.0005103449,6.9155393,199.67502,0.3,0.0,35.0,0.033835303,0.05,3000.0,0.015,88.29576,3.257241e-05,0.0,0.0,50.0
16,80,0,54.0,4.225342,351.2888,0.0029662673,-0.0001878407,7.0960593,89.3698,1.1,0.0,35.0,0.033835303,0.01,3000.0,0.1,17.658848,3.92188e-05,0.0,0.0,10.0
120,100,0,19.0,0.64369404,180.0,0.013930071,0.00031550636,8.979465,199.67502,1.1,0.0,35.0,0.033835303,0.01,3000.0,0.1,17.648827,0.00025760045,0.0,0.0,10.0
17,94,0,76.0,9.780902,76.81432,0.0010242246,1.0270944e-05,6.94191,282.49762,1.1,0.0,35.0,0.033835303,0.01,3000.0,0.1,17.659876,1.6772976e-05,0.0,0.0,10.0
35,33,0,47.0,7.368832,177.52052,0.004035657,0.00013333232,6.5361805,199.18846,1.1,0.0,35.0,0.033835303,0.01,3000.0,0.1,17.659616,2.2431906e-05,0.0,0.0,10.0
35,53,0,26.0,2.4481852,23.114355,0.0012385588,-0.00030431696,7.6430187,367.07394,1.1,0.0,35.0,0.033835303,0.01,3000.0,0.1,17.65754,6.7665394e-05,0.0,0.0,10.0
60,2,0,22.0,3.2659984,78.64518,0.0020199479,-8.330297e-05,7.3543253,199.67502,1.1,0.0,35.0,0.033835303,0.01,3000.0,0.1,17.658325,5.053667e-05,0.0,0.0,10.0
41,5,0,48.0,2.9641948,167.52043,0.011148137,0.0008366054,7.4514766,267.02142,1.1,0.0,35.0,0.033835303,0.01,3000.0,0.1,17.658081,5.592975e-05,0.0,0.0,10.0
89,116,0,36.0,0.9654904,0.0,0.009286712,-0.0001261727,8.573999,178.7396,0.3,0.0,35.0,0.033835303,0.05,3000.0,0.015,88.26383,0.00017176695,0.0,0.0,50.0
30,61,0,44.0,6.188672,21.171923,-0.0028315936,-0.0002536771,7.405502,89.00714,1.1,0.0,35.0,0.033835303,0.01,3000.0,0.1,17.659418,2.672358e-05,0.0,0.0,10.0
71,83,0,43.0,5.7860284,263.6342,0.002984819,0.00013646705,6.780121,178.7396,0.3,0.0,35.0,0.033835303,0.05,3000.0,0.015,88.2967,2.8470633e-05,0.0,0.0,50.0
86,19,0,12.0,1.2820039,270.0,0.0042303116,-6.255504e-05,8.290383,281.58017,1.1,0.0,35.0,0.033835303,0.01,3000.0,0.1,17.654736,0.00012881226,0.0,0.0,10.0
92,73,0,43.0,0.0,0.0,0.0,0.0,11.398502,378.3954,0.3,0.0,35.0,0.033835303,0.05,3000.0,0.015,0.0,999.0,0.0,0.0,50.0
102,98,0,32.0,5.9000015,130.71645,-0.0013354033,0.00025879248,6.7604785,178.7396,1.1,0.0,35.0,0.033835303,0.01,3000.0,0.1,17.659363,2.7976903e-05,0.0,0.0,10.0
83,47,0,15.0,3.5216577,90.0,0.00205106,-0.00062248064,7.2787824,267.02142,1.1,0.0,35.0,0.033835303,0.01,3000.0,0.1,17.658497,4.685267e-05,0.0,0.0,10.0
37,77,0,25.0,1.9568262,9.424614,0.00074297574,-0.00056111993,7.867262,126.1318,1.1,0.0,35.0,0.033835303,0.01,3000.0,0.1,17.656755,8.471815e-05,0.0,0.0,10.0
82,65,0,18.0,1.6088798,0.0,-0.015601681,-0.0,8.756321,178.01428,0.3,0.0,35.0,0.033835303,0.05,3000.0,0.015,88.279594,0.00010306221,0.0,0.0,50.0
75,105,0,23.0,0.32185718,0.0,-0.03343217,-0.0,10.365759,199.67502,1.1,0.0,35.0,0.033835303,0.01,3000.0,0.1,17.637016,0.00051513937,0.0,0.0,10.0
23,60,0,66.0,9.287643,344.11603,0.00055649166,0.0006096652,6.994624,267.02142,0.7,0.0,35.0,0.033835303,0.1,3000.0,0.035,176.59833,1.7722461e-05,0.0,0.0,30.0
87,70,0,35.0,0.90843785,135.11649,0.0009910186,0.00032796222,8.634919,178.7396,1.1,0.0,35.0,0.033835303,0.01,3000.0,0.1,17.652287,0.00018217335,0.0,0.0,10.0
105,114,0,43.0,4.1841927,212.36577,0.0062057977,0.0018578159,7.1058807,178.01428,1.1,0.0,35.0,0.033835303,0.01,3000.0,0.1,17.65883,3.9560622e-05,0.0,0.0,10.0
47,27,0,47.0,4.3065853,333.528,0.010075082,0.0006486517,7.0769434,252.2636,1.1,0.0,35.0,0.033835303,0.01,3000.0,0.1,17.658884,3.8383256e-05,0.0,0.0,10.0
82,45,0,18.0,5.4516263,49.64872,0.0011794935,-0.00029606378,7.5331836,126.1318,1.1,0.0,35.0,0.033835303,0.01,3000.0,0.1,17.659256,3.0293644e-05,0.0,0.0,10.0
74,46,0,33.0,4.5976295,167.95288,-0.001631576,0.00013019617,7.7044315,199.18846,1.1,0.0,35.0,0.033835303,0.01,3000.0,0.1,17.658993,3.6028534e-05,0.0,0.0,10.0
55,12,0,5.0,2.651603,193.98154,-0.002068348,-0.0007832293,8.256243,126.1318,1.1,0.0,35.0,0.033835303,0.01,3000.0,0.1,17.657778,6.250019e-05,0.0,0.0,10.0
9,112,0,50.0,6.333672,44.88351,0.001415741,0.0007114662,6.6890097,126.1318,1.1,0.0,35.0,0.033835303,0.01,3000.0,0.1,17.659449,2.6039957e-05,0.0,0.0,10.0
81,66,0,22.0,0.71908116,26.471973,-0.002497954,0.00022089486,8.868703,89.00714,1.1,0.0,35.0,0.033835303,0.01,3000.0,0.1,17.650076,0.00023040721,0.0,0.0,10.0
13,26,0,48.0,6.757896,185.4184,0.0066659465,0.00027091068,6.6236105,89.00714,1.1,0.0,35.0,0.033835303,0.01,3000.0,0.1,17.659523,2.4444817e-05,0.0,0.0,10.0
88,120,0,44.0,1.6047066,126.98179,0.009209644,-6.986182e-05,8.065772,126.1318,0.3,0.0,35.0,0.033835303,0.05,3000.0,0.015,88.279594,0.00010306221,0.0,0.0,50.0
13,64,0,49.0,9.675218,46.215843,0.0030853923,-0.0007132943,6.9529853,199.67502,0.3,0.0,35.0,0.033835303,0.05,3000.0,0.015,88.29933,1.6962873e-05,0.0,0.0,50.0
96,24,0,16.0,1.7317762,338.2788,-0.0013580904,0.0006056934,7.9895225,126.1318,0.3,0.0,35.0,0.033835303,0.05,3000.0,0.015,88.28129,9.565621e-05,0.0,0.0,50.0
107,51,0,4.0,0.45424747,135.11649,-0.10703002,-0.00034544282,12.660272,0.0,0.3,0.0,35.0,0.033835303,0.05,3000.0,0.015,88.21967,0.0003643227,0.0,0.0,50.0
15,88,0,72.0,3.5821586,116.65834,-0.0023149995,0.00039073237,7.261705,89.00714,0.3,0.0,35.0,0.033835303,0.05,3000.0,0.015,88.29264,4.6131052e-05,0.0,0.0,50.0
67,103,0,36.0,3.5216577,270.0,0.011793597,0.00043573653,7.2787824,178.01428,0.3,0.0,35.0,0.033835303,0.05,3000.0,0.015,88.29249,4.685266e-05,0.0,0.0,50.0
26,76,0,40.0,4.771548,340.41986,0.0006504603,-2.1997295e-05,7.6671352,126.1318,1.1,0.0,35.0,0.033835303,0.01,3000.0,0.1,17.659056,3.4699257e-05,0.0,0.0,10.0
55,74,0,23.0,2.7591798,234.35207,-0.014083214,-0.00032280272,7.5232677,378.3954,1.1,0.0,35.0,0.033835303,0.01,3000.0,0.1,17.657896,5.9917587e-05,0.0,0.0,10.0
58,62,0,29.0,3.4502447,68.118126,-0.005282243,-5.810122e-05,8.397932,199.67502,0.3,0.0,35.0,0.033835303,0.05,3000.0,0.015,88.29226,4.7840134e-05,0.0,0.0,50.0
90,77,0,37.0,2.1563382,153.52802,0.013822012,0.00010714164,7.7700906,252.2636,1.1,0.0,35.0,0.033835303,0.01,3000.0,0.1,17.65712,7.681844e-05,0.0,0.0,10.0
105,110,0,34.0,3.4674404,123.797676,0.01770288,5.8712096e-05,7.294336,178.7396,0.3,0.0,35.0,0.033835303,0.05,3000.0,0.015,88.292305,4.7650236e-05,0.0,0.0,50.0
86,60,0,16.0,1.2872256,0.0,-0.0,-3.153272e-05,8.286317,252.2636,0.3,0.0,35.0,0.033835303,0.05,3000.0,0.015,88.273674,0.00012881224,0.0,0.0,50.0
82,44,0,12.0,4.177019,57.423187,-0.0013033745,-0.0010282671,7.8007503,89.3698,0.3,0.0,35.0,0.033835303,0.05,3000.0,0.015,88.29415,3.956062e-05,0.0,0.0,50.0
59,9,0,5.0,4.353156,107.16832,0.0020623065,-0.000682907,8.164759,126.1318,1.1,0.0,35.0,0.033835303,0.01,3000.0,0.1,17.658905,3.792751e-05,0.0,0.0,10.0
76,111,0,22.0,6.274359,255.199,0.0006190571,-0.00059121783,7.3916416,89.3698,0.3,0.0,35.0,0.033835303,0.05,3000.0,0.015,88.2972,2.6267824e-05,0.0,0.0,50.0
52,83,0,34.0,4.367763,17.037354,0.0002881745,-0.00036643338,7.0627837,126.1318,0.3,0.0,35.0,0.033835303,0.05,3000.0,0.015,88.294525,3.7927504e-05,0.0,0.0,50.0
53,99,0,45.0,3.2152264,0.0,-0.0,0.00037689385,7.370026,267.02142,1.1,0.0,35.0,0.033835303,0.01,3000.0,0.1,17.65828,5.156212e-05,0.0,0.0,10.0
64,100,0,30.0,4.2961307,243.34166,0.0036067024,-0.00020583074,7.7725306,199.18846,0.3,0.0,35.0,0.033835303,0.05,3000.0,0.015,88.294426,3.838326e-05,0.0,0.0,50.0
0,110,0,52.0,4.2961307,243.34166,0.0011742752,9.875458e-05,7.7725306,398.37692,1.0,0.0,35.0,0.033835303,0.1,3000.0,0.035,176.58885,3.8383263e-05,0.0,0.0,0.0
63,118,0,51.0,4.9652257,255.01048,0.00043534173,0.000117605465,7.6271553,199.67502,1.1,0.0,35.0,0.033835303,0.01,3000.0,0.1,17.659122,3.3218064e-05,0.0,0.0,10.0
14,77,0,62.0,3.218274,95.7337,0.00045560682,9.962427e-05,8.4676895,199.18846,1.1,0.0,35.0,0.033835303,0.01,3000.0,0.1,17.658293,5.129627e-05,0.0,0.0,10.0
19,45,0,41.0,5.2507095,52.318756,0.0031905277,2.0310998e-05,7.5709534,126.1318,1.1,0.0,35.0,0.033835303,0.01,3000.0,0.1,17.6592,3.1433032e-05,0.0,0.0,10.0
124,42,0,11.0,0.64369404,0.0,0.005572028,-0.0,8.979465,720.4774,0.3,0.0,35.0,0.033835303,0.05,3000.0,0.015,88.24413,0.00025760045,0.0,0.0,50.0
69,100,0,32.0,3.650967,285.31436,0.00034599466,-0.00030244852,7.935775,89.00714,0.3,0.0,35.0,0.033835303,0.05,3000.0,0.015,88.292854,4.5219553e-05,0.0,0.0,50.0
124,70,0,16.0,2.3131957,56.20232,-0.0076126363,-3.8494887e-05,9.086096,367.07394,0.3,0.0,35.0,0.033835303,0.05,3000.0,0.015,88.28684,7.146333e-05,0.0,0.0,50.0
10,93,0,89.0,7.0409746,219.35818,-0.0031585922,0.001457294,6.582176,126.1318,1.1,0.0,35.0,0.033835303,0.01,3000.0,0.1,17.659569,2.3419372e-05,0.0,0.0,10.0
5,83,0,71.0,6.4708962,303.0116,0.0038654802,-0.00085899007,7.766008,89.00714,1.1,0.0,35.0,0.033835303,0.01,3000.0,0.1,17.659475,2.547026e-05,0.0,0.0,10.0
66,106,0,23.0,1.9493196,80.49982,-0.0122009525,-0.00021371005,8.564256,89.3698,1.1,0.0,35.0,0.033835303,0.01,3000.0,0.1,17.656755,8.471815e-05,0.0,0.0,10.0
81,97,0,19.0,3.4674404,236.20233,0.0009590726,-0.00037010486,7.987483,89.3698,0.3,0.0,35.0,0.033835303,0.05,3000.0,0.015,88.292305,4.7650236e-05,0.0,0.0,50.0
28,81,0,40.0,4.363186,215.91663,0.00013787167,-9.921592e-06,7.0638366,199.67502,1.1,0.0,35.0,0.033835303,0.01,3000.0,0.1,17.658905,3.792751e-05,0.0,0.0,10.0
10,23,0,36.0,6.216762,214.39986,-0.0011905958,-0.00024311326,7.4009376,126.1318,1.1,0.0,35.0,0.033835303,0.01,3000.0,0.1,17.659426,2.6571664e-05,0.0,0.0,10.0
109,83,0,14.0,1.0172933,18.36517,-0.0070566903,0.0002516685,8.521724,178.01428,0.3,0.0,35.0,0.033835303,0.05,3000.0,0.015,88.26585,0.00016295575,0.0,0.0,50.0
107,80,0,17.0,1.1570693,123.79766,0.0021579133,0.00023951188,8.392948,199.67502,0.3,0.0,35.0,0.033835303,0.05,3000.0,0.015,88.270454,0.00014290263,0.0,0.0,50.0
90,37,0,16.0,0.7173292,63.34164,0.004529347,0.00047631835,8.871142,178.7396,1.1,0.0,35.0,0.033835303,0.01,3000.0,0.1,17.650076,0.00023040721,0.0,0.0,10.0
116,117,0,18.0,4.1742787,157.46272,0.0033080736,4.1474148e-05,7.1082616,89.00714,1.1,0.0,35.0,0.033835303,0.01,3000.0,0.1,17.658825,3.9674564e-05,0.0,0.0,10.0
88,100,0,22.0,3.2310994,5.6875715,0.0021411548,-0.00030975507,7.3650913,199.18846,1.1,0.0,35.0,0.033835303,0.01,3000.0,0.1,17.658293,5.129627e-05,0.0,0.0,10.0
50,46,0,31.0,2.0273457,108.504944,0.0023159157,-0.00026902492,7.8318295,367.07394,1.1,0.0,35.0,0.033835303,0.01,3000.0,0.1,17.656904,8.14899e-05,0.0,0.0,10.0
67,39,0,20.0,8.782284,19.021591,0.0013155408,-4.5356977e-05,6.358363,126.1318,1.1,0.0,35.0,0.033835303,0.01,3000.0,0.1,17.659784,1.8747904e-05,0.0,0.0,10.0
46,3,0,21.0,7.0457845,264.78455,-0.0019147798,-0.00059553754,8.190925,126.1318,1.1,0.0,35.0,0.033835303,0.01,3000.0,0.1,17.659575,2.3343413e-05,0.0,0.0,10.0
90,124,0,26.0,1.3265119,166.01846,-0.005568632,-0.0004982052,10.048002,199.67502,0.3,0.0,35.0,0.033835303,0.05,3000.0,0.015,88.27456,0.00012497633,0.0,0.0,50.0
19,21,0,38.0,0.7173292,243.34166,-0.0060391272,-0.00045869732,12.006637,0.0,1.1,0.0,35.0,0.033835303,0.01,3000.0,0.1,17.650076,0.00023040721,0.0,0.0,10.0
111,74,0,14.0,2.7381103,110.63275,-0.0019955547,-0.00012375515,8.2240925,199.67502,0.3,0.0,35.0,0.033835303,0.05,3000.0,0.015,88.28938,6.0335355e-05,0.0,0.0,50.0
111,90,0,16.0,1.437936,333.528,0.0067444756,-0.00042058827,9.561851,178.7396,0.3,0.0,35.0,0.033835303,0.05,3000.0,0.015,88.276794,0.00011521562,0.0,0.0,50.0
15,69,0,51.0,4.4786186,90.0,0.0012086603,-0.00024812133,7.03762,199.18846,1.1,0.0,35.0,0.033835303,0.01,3000.0,0.1,17.658957,3.6826106e-05,0.0,0.0,10.0
82,6,0,11.0,1.6065339,216.75815,-0.007163504,-0.00017653624,10.144075,479.58795,1.1,0.0,35.0,0.033835303,0.01,3000.0,0.1,17.655918,0.00010306223,0.0,0.0,10.0
108,54,0,11.0,2.3411603,15.883961,-0.0022548747,-0.00015884444,9.297209,268.10938,0.3,0.0,35.0,0.033835303,0.05,3000.0,0.015,88.28699,7.081768e-05,0.0,0.0,50.0
59,37,0,16.0,2.0339458,198.36517,0.0005292517,-0.00052169187,8.521724,89.00714,1.1,0.0,35.0,0.033835303,0.01,3000.0,0.1,17.656904,8.14899e-05,0.0,0.0,10.0
9,70,0,56.0,3.894137,279.50018,-0.004196426,1.3775633e-06,8.969721,178.7396,1.1,0.0,35.0,0.033835303,0.01,3000.0,0.1,17.658699,4.2371095e-05,0.0,0.0,10.0
65,112,0,38.0,5.538183,189.96819,-0.002146509,5.0652503e-05,7.517334,126.1318,0.3,0.0,35.0,0.033835303,0.05,3000.0,0.015,88.29638,2.9875868e-05,0.0,0.0,50.0
82,42,0,20.0,4.763177,227.61034,0.005716176,-9.7625874e-05,6.9757524,199.18846,1.1,0.0,35.0,0.033835303,0.01,3000.0,0.1,17.659056,3.4699257e-05,0.0,0.0,10.0
70,72,0,21.0,3.344013,253.23654,0.0012675707,-0.00063474075,10.375189,0.0,0.3,0.0,35.0,0.033835303,0.05,3000.0,0.015,88.29191,4.939729e-05,0.0,0.0,50.0
10,96,0,63.0,4.2090464,81.21875,-0.00031719785,-0.0017496477,8.198549,199.18846,1.1,0.0,35.0,0.033835303,0.01,3000.0,0.1,17.658848,3.92188e-05,0.0,0.0,10.0
72,27,0,8.0,2.5905683,209.64464,-0.00045857625,-0.0006686316,8.279563,126.1318,1.1,0.0,35.0,0.033835303,0.01,3000.0,0.1,17.657711,6.394341e-05,0.0,0.0,10.0
69,93,0,58.0,3.5797114,100.34592,0.008343079,0.00032536886,7.26239,356.02856,1.1,0.0,35.0,0.033835303,0.01,3000.0,0.1,17.658527,4.613106e-05,0.0,0.0,10.0
110,96,0,24.0,1.1588799,33.582623,-0.0070400503,-7.869017e-05,9.7776785,378.3954,0.3,0.0,35.0,0.033835303,0.05,3000.0,0.015,88.270454,0.00014290263,0.0,0.0,50.0
14,120,0,54.0,0.9615732,90.0,0.013160969,0.00021901456,8.578065,252.2636,1.1,0.0,35.0,0.033835303,0.01,3000.0,0.1,17.652765,0.00017176698,0.0,0.0,10.0
106,30,0,13.0,1.437936,333.528,-0.0004995905,-0.000113067654,8.175556,282.49762,0.3,0.0,35.0,0.033835303,0.05,3000.0,0.015,88.276794,0.00011521562,0.0,0.0,50.0
98,68,0,26.0,1.6088798,0.0,0.01002965,0.00022063512,8.063173,252.2636,0.3,0.0,35.0,0.033835303,0.05,3000.0,0.015,88.279594,0.00010306221,0.0,0.0,50.0
57,8,0,32.0,5.7594724,93.19276,0.008507925,0.00051784393,6.7847524,126.1318,1.1,0.0,35.0,0.033835303,0.01,3000.0,0.1,17.659332,2.8584573e-05,0.0,0.0,10.0
78,111,0,38.0,2.5080328,219.69104,0.008216024,0.000550106,7.618837,268.10938,0.3,0.0,35.0,0.033835303,0.05,3000.0,0.015,88.28809,6.595631e-05,0.0,0.0,50.0
67,106,0,21.0,0.90843785,224.88351,-0.02279343,-0.00048760767,11.812973,0.0,0.3,0.0,35.0,0.033835303,0.05,3000.0,0.015,88.26144,0.00018217333,0.0,0.0,50.0
22,117,0,37.0,2.7591798,125.647934,-0.002876646,-0.0007349736,7.5232677,89.00714,1.1,0.0,35.0,0.033835303,0.01,3000.0,0.1,17.657896,5.9917587e-05,0.0,0.0,10.0
3,123,0,109.0,11.294781,218.0441,0.007014292,0.0022906233,6.1015615,455.62735,1.1,0.0,35.0,0.033835303,0.01,3000.0,0.1,17.65998,1.4456232e-05,0.0,0.0,10.0
83,57,0,13.0,2.5828042,97.15374,-0.006747249,-0.0001047875,8.282568,89.3698,1.1,0.0,35.0,0.033835303,0.01,3000.0,0.1,17.657711,6.394341e-05,0.0,0.0,10.0
20,4,0,20.0,4.910693,11.265213,-0.0078071076,-0.00048631482,8.891017,89.00714,1.1,0.0,35.0,0.033835303,0.01,3000.0,0.1,17.6591,3.367382e-05,0.0,0.0,10.0
32,83,0,24.0,0.90843785,44.88351,-0.04855991,-0.0006472542,12.218438,0.0,1.1,0.0,35.0,0.033835303,0.01,3000.0,0.1,17.652287,0.00018217335,0.0,0.0,10.0
8,27,0,43.0,3.409538,311.30142,0.0074405773,0.00040427892,7.3112164,199.18846,1.1,0.0,35.0,0.033835303,0.01,3000.0,0.1,17.65842,4.8485796e-05,0.0,0.0,10.0
71,114,0,27.0,2.2700963,315.1165,-0.00079281477,-0.0002821944,8.817241,89.00714,1.1,0.0,35.0,0.033835303,0.01,3000.0,0.1,17.6573,7.286857e-05,0.0,0.0,10.0
87,16,0,11.0,0.64369404,0.0,0.002786014,-6.310127e-05,9.672611,178.7396,1.1,0.0,35.0,0.033835303,0.01,3000.0,0.1,17.648827,0.00025760045,0.0,0.0,10.0
60,58,0,19.0,1.7266877,111.88186,-0.010492374,0.00028282224,7.992467,126.1318,1.1,0.0,35.0,0.033835303,0.01,3000.0,0.1,17.656258,9.565623e-05,0.0,0.0,10.0
62,100,0,28.0,3.6637444,164.80391,-0.000639606,-0.00046060386,7.2391243,281.58017,1.1,0.0,35.0,0.033835303,0.01,3000.0,0.1,17.65857,4.5219556e-05,0.0,0.0,10.0
91,81,0,23.0,2.0339458,18.36517,-0.0114671225,-0.0002841643,10.536627,0.0,0.3,0.0,35.0,0.033835303,0.05,3000.0,0.015,88.28453,8.14899e-05,0.0,0.0,50.0
22,119,0,41.0,2.746499,20.479568,-0.006504505,3.0476574e-05,8.914175,89.00714,1.1,0.0,35.0,0.033835303,0.01,3000.0,0.1,17.657875,6.0335366e-05,0.0,0.0,10.0
74,22,0,15.0,2.5080328,39.691032,-0.0031735713,-0.00020624402,8.311984,89.00714,1.1,0.0,35.0,0.033835303,0.01,3000.0,0.1,17.657618,6.595632e-05,0.0,0.0,10.0
55,66,0,25.0,3.1646187,23.876139,-0.0018584623,-0.00074432633,8.079072,89.00714,0.3,0.0,35.0,0.033835303,0.05,3000.0,0.015,88.29122,5.235968e-05,0.0,0.0,50.0
97,23,0,14.0,0.32055113,270.0,0.062044572,0.0001877973,9.676678,178.7396,0.3,0.0,35.0,0.033835303,0.05,3000.0,0.015,88.18508,0.00051513937,0.0,0.0,50.0
112,31,0,4.0,0.45424747,224.88351,-0.043604825,-0.00040803067,11.525291,252.2636,0.3,0.0,35.0,0.033835303,0.05,3000.0,0.015,88.21967,0.0003643227,0.0,0.0,50.0
60,101,0,30.0,3.4728544,33.582626,-0.0028637494,-0.0003282756,7.985919,199.18846,0.3,0.0,35.0,0.033835303,0.05,3000.0,0.015,88.292305,4.7650236e-05,0.0,0.0,50.0
122,82,0,5.0,1.8164191,135.11649,-0.018333847,-0.00014084336,10.339667,126.1318,0.7,0.0,35.0,0.033835303,0.1,3000.0,0.035,176.56467,9.1098686e-05,0.0,0.0,30.0
37,33,0,40.0,5.2507095,127.68123,0.0052700345,4.9475577e-05,6.877806,178.7396,0.3,0.0,35.0,0.033835303,0.05,3000.0,0.015,88.29601,3.143303e-05,0.0,0.0,50.0
87,82,0,44.0,4.1767726,0.0,0.0060006455,0.000594811,7.107662,281.58017,0.3,0.0,35.0,0.033835303,0.05,3000.0,0.015,88.29412,3.967456e-05,0.0,0.0,50.0
54,76,0,21.0,1.922605,270.0,-0.0122209,-0.0004687227,8.578065,199.67502,1.1,0.0,35.0,0.033835303,0.01,3000.0,0.1,17.656706,8.5857544e-05,0.0,0.0,10.0
97,109,0,40.0,5.3260617,237.15872,0.0031940313,0.0002346082,6.8634763,252.2636,0.3,0.0,35.0,0.033835303,0.05,3000.0,0.015,88.29613,3.097727e-05,0.0,0.0,50.0
105,123,0,16.0,0.9615732,270.0,0.011280829,-0.00012515117,8.578065,481.00217,0.3,0.0,35.0,0.033835303,0.05,3000.0,0.015,88.26383,0.00017176695,0.0,0.0,50.0
76,38,0,10.0,1.4344336,63.34164,-0.005787498,-0.00057752355,8.177996,89.3698,1.1,0.0,35.0,0.033835303,0.01,3000.0,0.1,17.65536,0.00011521563,0.0,0.0,10.0
110,74,0,19.0,0.9615732,90.0,0.0244418,0.00040674137,8.578065,282.49762,0.3,0.0,35.0,0.033835303,0.05,3000.0,0.015,88.26383,0.00017176695,0.0,0.0,50.0
90,46,0,24.0,0.9654904,180.0,0.003714685,0.00015771587,8.573999,356.02856,0.3,0.0,35.0,0.033835303,0.05,3000.0,0.015,88.26383,0.00017176695,0.0,0.0,50.0
33,88,0,49.0,2.9641948,347.52045,-0.007875551,-0.00021963155,9.243236,199.18846,0.3,0.0,35.0,0.033835303,0.05,3000.0,0.015,88.290405,5.5929737e-05,0.0,0.0,50.0
26,92,0,52.0,1.1588799,33.582623,0.007398021,6.762171e-05,8.391384,178.7396,0.3,0.0,35.0,0.033835303,0.05,3000.0,0.015,88.270454,0.00014290263,0.0,0.0,50.0
78,3,0,14.0,1.3625141,224.88351,0.007928148,0.00031376933,8.229454,178.7396,1.1,0.0,35.0,0.033835303,0.01,3000.0,0.1,17.655073,0.00012140628,0.0,0.0,10.0
20,96,0,47.0,2.9533155,77.42176,-0.00912839,-0.00034584917,11.168732,0.0,1.1,0.0,35.0,0.033835303,0.01,3000.0,0.1,17.658081,5.592975e-05,0.0,0.0,10.0
43,12,0,24.0,3.550397,174.82652,-0.026751857,-0.0006273927,9.350076,199.18846,1.1,0.0,35.0,0.033835303,0.01,3000.0,0.1,17.658504,4.666277e-05,0.0,0.0,10.0
49,35,0,39.0,5.9126062,12.479561,0.0064811446,0.0003277001,6.7583294,252.2636,0.3,0.0,35.0,0.033835303,0.05,3000.0,0.015,88.296814,2.7976901e-05,0.0,0.0,50.0
37,25,0,30.0,1.2820039,90.0,-0.03948291,-3.1277516e-05,8.290383,89.3698,1.1,0.0,35.0,0.033835303,0.01,3000.0,0.1,17.654736,0.00012881226,0.0,0.0,10.0
83,109,0,34.0,1.0172933,18.36517,-0.020817239,-6.213465e-06,8.521724,252.2636,0.3,0.0,35.0,0.033835303,0.05,3000.0,0.015,88.26585,0.00016295575,0.0,0.0,50.0
41,78,0,27.0,0.71908116,333.528,-0.0044963164,-3.6694368e-05,8.868703,89.00714,1.1,0.0,35.0,0.033835303,0.01,3000.0,0.1,17.650076,0.00023040721,0.0,0.0,10.0
57,52,0,26.0,1.922605,270.0,-0.0037602768,-0.0,7.884918,89.00714,0.3,0.0,35.0,0.033835303,0.05,3000.0,0.015,88.28353,8.585753e-05,0.0,0.0,50.0
41,95,0,59.0,0.71908116,206.47198,0.002997544,0.000119365905,8.868703,445.03568,0.3,0.0,35.0,0.033835303,0.05,3000.0,0.015,88.25038,0.00023040718,0.0,0.0,50.0
38,54,0,34.0,3.9174569,34.882645,-0.00018455379,0.00038553527,7.171972,252.2636,1.1,0.0,35.0,0.033835303,0.01,3000.0,0.1,17.658705,4.225716e-05,0.0,0.0,10.0
26,53,0,35.0,2.7381103,110.63275,0.0020497323,-9.642043e-05,7.530945,199.18846,0.3,0.0,35.0,0.033835303,0.05,3000.0,0.015,88.28938,6.0335355e-05,0.0,0.0,50.0
68,101,0,30.0,3.2998333,299.15363,-0.004694802,-0.0003252209,8.037144,89.00714,1.1,0.0,35.0,0.033835303,0.01,3000.0,0.1,17.658348,5.0080926e-05,0.0,0.0,10.0
47,48,0,33.0,2.3168123,146.41736,-0.0036990095,-7.055703e-05,8.391384,252.2636,0.3,0.0,35.0,0.033835303,0.05,3000.0,0.015,88.28684,7.146333e-05,0.0,0.0,50.0
18,96,0,61.0,7.3600483,85.01011,-0.0016779543,-0.00067529816,7.923681,178.7396,1.1,0.0,35.0,0.033835303,0.01,3000.0,0.1,17.659618,2.2355947e-05,0.0,0.0,10.0
54,43,0,26.0,0.9615732,90.0,-0.013160969,-0.00021901456,8.578065,367.07394,0.3,0.0,35.0,0.033835303,0.05,3000.0,0.015,88.26383,0.00017176695,0.0,0.0,50.0
49,37,0,47.0,0.90843785,315.1165,0.03666769,0.0005185173,8.634919,321.82562,0.3,0.0,35.0,0.033835303,0.05,3000.0,0.015,88.26144,0.00018217333,0.0,0.0,50.0
15,111,0,44.0,5.256158,217.45607,0.00211107,-0.0003154006,6.8767633,89.00714,1.1,0.0,35.0,0.033835303,0.01,3000.0,0.1,17.6592,3.1433032e-05,0.0,0.0,10.0
6,118,0,44.0,0.90843785,224.88351,0.018829359,-0.0008965284,8.634919,252.2636,1.1,0.0,35.0,0.033835303,0.01,3000.0,0.1,17.652287,0.00018217335,0.0,0.0,10.0
30,37,0,44.0,2.3411603,164.11603,-0.0027318674,-0.00036050047,8.786384,126.1318,1.1,0.0,35.0,0.033835303,0.01,3000.0,0.1,17.657396,7.0817674e-05,0.0,0.0,10.0
119,66,0,15.0,2.0567696,38.54621,0.00010662764,-9.754358e-05,10.215303,178.01428,0.3,0.0,35.0,0.033835303,0.05,3000.0,0.015,88.28476,8.0464444e-05,0.0,0.0,50.0
72,111,0,25.0,1.6343267,101.35481,0.004337572,0.00031585747,8.047472,126.1318,0.3,0.0,35.0,0.033835303,0.05,3000.0,0.015,88.28004,0.00010108727,0.0,0.0,50.0
78,24,0,10.0,1.0139902,108.504944,-0.023693599,-0.00036529364,11.743853,0.0,0.3,0.0,35.0,0.033835303,0.05,3000.0,0.015,88.26585,0.00016295575,0.0,0.0,50.0
43,100,0,56.0,2.0567696,321.4538,0.023330132,-0.0002728823,7.8174086,252.2636,0.3,0.0,35.0,0.033835303,0.05,3000.0,0.015,88.28476,8.0464444e-05,0.0,0.0,50.0
89,63,0,37.0,3.8564928,0.0,0.009286712,0.0006581973,7.1877046,282.49762,0.3,0.0,35.0,0.033835303,0.05,3000.0,0.015,88.29338,4.297876e-05,0.0,0.0,50.0
52,84,0,43.0,5.170588,29.644625,0.0036686119,0.00016881226,6.893268,199.18846,0.3,0.0,35.0,0.033835303,0.05,3000.0,0.015,88.29589,3.2002717e-05,0.0,0.0,50.0
95,71,0,40.0,3.3553581,343.36478,0.00053914066,0.00034477952,7.327272,321.3227,0.3,0.0,35.0,0.033835303,0.05,3000.0,0.015,88.29191,4.939729e-05,0.0,0.0,50.0
98,73,0,25.0,2.3168123,146.41736,-0.012290258,-4.0775094e-06,8.796849,252.2636,0.3,0.0,35.0,0.033835303,0.05,3000.0,0.015,88.28684,7.146333e-05,0.0,0.0,50.0
113,64,0,17.0,1.3217627,104.091156,0.0041010506,6.234211e-05,8.25983,178.7396,0.3,0.0,35.0,0.033835303,0.05,3000.0,0.015,88.27456,0.00012497633,0.0,0.0,50.0
58,69,0,21.0,1.9304327,180.0,-0.008358042,-0.00050404656,7.8808517,89.00714,0.3,0.0,35.0,0.033835303,0.05,3000.0,0.015,88.28353,8.585753e-05,0.0,0.0,50.0
36,95,0,73.0,6.604338,166.01846,0.008766616,0.0003895164,6.6468053,356.02856,0.3,0.0,35.0,0.033835303,0.05,3000.0,0.015,88.2975,2.4976525e-05,0.0,0.0,50.0
61,8,0,2.0,0.0,0.0,0.0,0.0,11.398502,89.3698,0.1,0.0,35.0,0.033835303,0.0,3000.0,0.05,0.0,999.0,0.0,0.0,90.0
94,81,0,32.0,5.7755475,326.4174,0.0034603635,0.00024352962,7.475094,178.01428,0.3,0.0,35.0,0.033835303,0.05,3000.0,0.015,88.29667,2.858457e-05,0.0,0.0,50.0
15,39,0,48.0,3.0394335,288.50494,-0.0029691225,-9.312649e-05,7.426365,321.3227,1.1,0.0,35.0,0.033835303,0.01,3000.0,0.1,17.65815,5.4334618e-05,0.0,0.0,10.0
84,35,0,18.0,1.437936,26.471973,-0.003497135,8.821284e-05,9.561851,281.58017,1.1,0.0,35.0,0.033835303,0.01,3000.0,0.1,17.65536,0.00011521563,0.0,0.0,10.0
88,118,0,44.0,1.8704919,58.933353,0.008138944,8.0426835e-05,7.912418,252.2636,1.1,0.0,35.0,0.033835303,0.01,3000.0,0.1,17.65659,8.8402165e-05,0.0,0.0,10.0
70,39,0,15.0,10.576714,6.883451,-0.00045212917,-0.00042841656,6.1688695,178.01428,1.1,0.0,35.0,0.033835303,0.01,3000.0,0.1,17.659931,1.5519656e-05,0.0,0.0,10.0
73,37,0,14.0,9.586604,356.20135,0.0031645996,-0.0007888516,6.2692146,126.1318,1.1,0.0,35.0,0.033835303,0.01,3000.0,0.1,17.659855,1.719075e-05,0.0,0.0,10.0
71,79,0,27.0,2.2700963,315.1165,-0.007928149,-0.00037524372,9.9158535,178.01428,0.3,0.0,35.0,0.033835303,0.05,3000.0,0.015,88.286514,7.2868555e-05,0.0,0.0,50.0
89,9,0,14.0,1.0172933,198.36517,0.008820863,0.00015758164,8.521724,282.49762,0.3,0.0,35.0,0.033835303,0.05,3000.0,0.015,88.26585,0.00016295575,0.0,0.0,50.0
66,13,0,22.0,2.2656658,81.83721,0.0061724945,0.0003522396,7.7205844,368.3933,0.3,0.0,35.0,0.033835303,0.05,3000.0,0.015,88.286514,7.2868555e-05,0.0,0.0,50.0
91,94,0,20.0,2.1510887,116.65834,-0.0038583325,-0.0002324966,9.158825,178.7396,0.3,0.0,35.0,0.033835303,0.05,3000.0,0.015,88.28561,7.6818425e-05,0.0,0.0,50.0
36,65,0,45.0,3.2782533,168.73477,2.1024534e-05,3.0203595e-05,7.3505716,252.2636,0.3,0.0,35.0,0.033835303,0.05,3000.0,0.015,88.29163,5.053667e-05,0.0,0.0,50.0
115,67,0,19.0,0.45424747,315.1165,0.017838335,-4.6753095e-05,9.328067,267.02142,0.3,0.0,35.0,0.033835303,0.05,3000.0,0.015,88.21967,0.0003643227,0.0,0.0,50.0
27,40,0,53.0,0.9654904,0.0,0.0148587385,0.00018925907,8.573999,252.2636,0.3,0.0,35.0,0.033835303,0.05,3000.0,0.015,88.26383,0.00017176695,0.0,0.0,50.0
104,79,0,12.0,1.8704919,301.06665,0.0003970216,-0.00026397395,8.605565,126.1318,0.3,0.0,35.0,0.033835303,0.05,3000.0,0.015,88.28295,8.840215e-05,0.0,0.0,50.0
91,79,0,24.0,3.218274,95.7337,-0.004533843,0.00015848737,7.3690767,89.3698,1.1,0.0,35.0,0.033835303,0.01,3000.0,0.1,17.658293,5.129627e-05,0.0,0.0,10.0
96,116,0,35.0,1.7266877,111.88186,0.021309253,0.0004906901,7.992467,252.2636,0.3,0.0,35.0,0.033835303,0.05,3000.0,0.015,88.28129,9.565621e-05,0.0,0.0,50.0
96,25,0,18.0,3.0247579,122.11017,0.009948381,0.0005099692,7.431214,199.18846,0.3,0.0,35.0,0.033835303,0.05,3000.0,0.015,88.290695,5.4638444e-05,0.0,0.0,50.0
11,36,0,47.0,1.0139902,288.50494,-0.006947746,0.00021523872,8.524977,178.7396,1.1,0.0,35.0,0.033835303,0.01,3000.0,0.1,17.653168,0.00016295575,0.0,0.0,10.0
78,89,0,40.0,3.0301423,328.09924,-0.0018046014,-0.0002495236,8.12258,89.3698,1.1,0.0,35.0,0.033835303,0.01,3000.0,0.1,17.658138,5.463845e-05,0.0,0.0,10.0
107,87,0,15.0,2.5627255,90.0,-0.0,-0.000156036,8.695848,321.3227,0.3,0.0,35.0,0.033835303,0.05,3000.0,0.015,88.288445,6.443714e-05,0.0,0.0,50.0
46,7,0,25.0,12.350146,22.537268,0.0052881762,-0.0010549083,6.0096493,89.00714,1.1,0.0,35.0,0.033835303,0.01,3000.0,0.1,17.660036,1.3240891e-05,0.0,0.0,10.0
5,115,0,48.0,8.591882,211.22533,-0.0024453509,0.00026342832,7.0737686,126.1318,1.1,0.0,35.0,0.033835303,0.01,3000.0,0.1,17.659765,1.9165682e-05,0.0,0.0,10.0
12,20,0,39.0,5.2507095,52.318756,-0.0053094868,0.00032526057,7.5709534,126.1318,1.1,0.0,35.0,0.033835303,0.01,3000.0,0.1,17.6592,3.1433032e-05,0.0,0.0,10.0
95,91,0,25.0,1.1588799,146.41736,0.007636664,0.00016098496,8.391384,199.67502,0.3,0.0,35.0,0.033835303,0.05,3000.0,0.015,88.270454,0.00014290263,0.0,0.0,50.0
10,79,0,79.0,5.442495,86.61985,0.0043444643,0.00039779628,6.841723,282.49762,0.3,0.0,35.0,0.033835303,0.05,3000.0,0.015,88.29629,3.0293642e-05,0.0,0.0,50.0
11,74,0,61.0,4.4578137,329.84485,0.0012236475,-0.0007802178,7.7354426,89.00714,1.1,0.0,35.0,0.033835303,0.01,3000.0,0.1,17.658943,3.7129943e-05,0.0,0.0,10.0
103,67,0,17.0,1.437936,206.47198,0.0037469312,6.4178144e-05,8.175556,178.01428,0.3,0.0,35.0,0.033835303,0.05,3000.0,0.015,88.276794,0.00011521562,0.0,0.0,50.0
59,97,0,45.0,7.3594685,214.27185,0.0015183592,0.0007287019,6.537466,178.01428,0.3,0.0,35.0,0.033835303,0.05,3000.0,0.015,88.29809,2.2431903e-05,0.0,0.0,50.0
107,109,0,24.0,6.7950983,228.6986,0.0009761964,-0.00082099653,7.3112164,89.00714,1.1,0.0,35.0,0.033835303,0.01,3000.0,0.1,17.659533,2.421694e-05,0.0,0.0,10.0
42,76,0,33.0,4.314165,221.8714,0.00092718424,0.00024176433,8.173791,126.1318,1.1,0.0,35.0,0.033835303,0.01,3000.0,0.1,17.658886,3.834528e-05,0.0,0.0,10.0
0,100,0,84.0,10.34213,227.3735,0.0025445367,0.00060310506,7.290417,398.37692,1.0,0.0,35.0,0.033835303,0.1,3000.0,0.035,176.59918,1.586147e-05,0.0,0.0,0.0
5,77,0,81.0,1.6023545,270.0,0.031586327,0.00021885021,8.06724,367.07394,0.3,0.0,35.0,0.033835303,0.05,3000.0,0.015,88.279594,0.00010306221,0.0,0.0,50.0
32,25,0,36.0,4.471558,159.04042,-0.0014787816,-0.00038470485,8.137816,89.00714,1.1,0.0,35.0,0.033835303,0.01,3000.0,0.1,17.658947,3.7016e-05,0.0,0.0,10.0
47,60,0,45.0,4.1722293,274.41656,0.0041297614,0.0007281556,7.108754,178.7396,0.3,0.0,35.0,0.033835303,0.05,3000.0,0.015,88.29415,3.956062e-05,0.0,0.0,50.0
111,39,0,7.0,1.3217627,104.091156,-0.0109361345,0.0001260046,8.952978,282.49762,0.3,0.0,35.0,0.033835303,0.05,3000.0,0.015,88.27456,0.00012497633,0.0,0.0,50.0
65,37,0,8.0,1.7317762,158.27881,-0.0035739169,-0.0009625269,10.62858,0.0,1.1,0.0,35.0,0.033835303,0.01,3000.0,0.1,17.656258,9.565623e-05,0.0,0.0,10.0
73,58,0,20.0,3.0493183,341.63483,0.0019993957,1.9633078e-05,7.423112,89.00714,0.3,0.0,35.0,0.033835303,0.05,3000.0,0.015,88.29076,5.433461e-05,0.0,0.0,50.0
28,57,0,42.0,7.623032,32.917496,0.005790059,-0.0008467451,7.1950226,199.18846,1.1,0.0,35.0,0.033835303,0.01,3000.0,0.1,17.659653,2.1634341e-05,0.0,0.0,10.0
26,3,0,32.0,5.9685197,74.4157,-0.006367702,-0.0003978373,7.4419966,89.3698,1.1,0.0,35.0,0.033835303,0.01,3000.0,0.1,17.65938,2.7597107e-05,0.0,0.0,10.0
27,2,0,18.0,3.5362613,95.21547,-0.004758699,-0.0013611609,10.365676,0.0,1.1,0.0,35.0,0.033835303,0.01,3000.0,0.1,17.658504,4.666277e-05,0.0,0.0,10.0
102,124,0,15.0,3.2069,126.98179,-0.0031222948,-0.00016654107,8.982062,321.3227,1.1,0.0,35.0,0.033835303,0.01,3000.0,0.1,17.65828,5.156212e-05,0.0,0.0,10.0
20,89,0,54.0,1.3625141,44.88351,0.0026427153,-0.00024993936,10.308896,126.1318,1.1,0.0,35.0,0.033835303,0.01,3000.0,0.1,17.655073,0.00012140628,0.0,0.0,10.0
56,39,0,16.0,2.5828042,97.15374,-0.0082000075,-0.0002893552,8.975716,89.3698,1.1,0.0,35.0,0.033835303,0.01,3000.0,0.1,17.657711,6.394341e-05,0.0,0.0,10.0
4,120,0,66.0,10.990393,56.661404,0.0014932208,-0.0003670266,6.822729,356.02856,1.1,0.0,35.0,0.033835303,0.01,3000.0,0.1,17.65996,1.4911985e-05,0.0,0.0,10.0
61,38,0,11.0,0.90843785,44.88351,-0.02973056,-0.0007264304,12.298481,0.0,1.1,0.0,35.0,0.033835303,0.01,3000.0,0.1,17.652287,0.00018217335,0.0,0.0,10.0
98,24,0,13.0,1.1570693,236.20233,-0.010310027,0.0001470774,8.392948,282.49762,0.3,0.0,35.0,0.033835303,0.05,3000.0,0.015,88.270454,0.00014290263,0.0,0.0,50.0
90,108,0,23.0,2.7234888,315.1165,-0.010240526,-0.00054649496,8.229454,126.1318,0.3,0.0,35.0,0.033835303,0.05,3000.0,0.015,88.28928,6.0753136e-05,0.0,0.0,50.0
101,36,0,11.0,1.3265119,346.01846,-0.009387121,-9.709616e-05,9.354856,321.3227,0.3,0.0,35.0,0.033835303,0.05,3000.0,0.015,88.27456,0.00012497633,0.0,0.0,50.0
84,26,0,16.0,1.0139902,71.49504,-0.0062351567,-4.6125395e-05,9.6235895,281.58017,1.1,0.0,35.0,0.033835303,0.01,3000.0,0.1,17.653168,0.00016295575,0.0,0.0,10.0
123,68,0,15.0,1.6088798,0.0,-0.0055720285,-3.1519292e-05,9.672611,178.01428,1.1,0.0,35.0,0.033835303,0.01,3000.0,0.1,17.655918,0.00010306223,0.0,0.0,10.0
116,78,0,12.0,2.2427351,270.0,-0.011280831,-0.00018737488,9.117062,178.7396,1.1,0.0,35.0,0.033835303,0.01,3000.0,0.1,17.657269,7.359019e-05,0.0,0.0,10.0
36,40,0,48.0,5.170588,330.35538,-0.0016316791,0.00058076106,6.893268,89.3698,0.3,0.0,35.0,0.033835303,0.05,3000.0,0.015,88.29589,3.2002717e-05,0.0,0.0,50.0
95,41,0,16.0,2.4481852,336.88565,-0.0034502707,0.0003674045,7.6430187,199.18846,1.1,0.0,35.0,0.033835303,0.01,3000.0,0.1,17.65754,6.7665394e-05,0.0,0.0,10.0
44,121,0,47.0,1.8164191,315.1165,0.009910187,0.00043653842,7.9417725,282.49762,0.3,0.0,35.0,0.033835303,0.05,3000.0,0.015,88.28233,9.1098686e-05,0.0,0.0,50.0
92,29,0,13.0,1.3217627,284.09116,0.0065134335,-0.00030603528,8.25983,126.1318,1.1,0.0,35.0,0.033835303,0.01,3000.0,0.1,17.654911,0.00012497634,0.0,0.0,10.0
77,115,0,27.0,5.1827292,21.721191,-0.0026446984,0.00011378273,7.5840573,89.00714,1.1,0.0,35.0,0.033835303,0.01,3000.0,0.1,17.65918,3.188878e-05,0.0,0.0,10.0
58,124,0,43.0,2.3168123,146.41736,-0.0066224197,0.00010962234,8.796849,446.19705,0.3,0.0,35.0,0.033835303,0.05,3000.0,0.015,88.28684,7.146333e-05,0.0,0.0,50.0
67,85,0,43.0,5.3260617,57.158707,0.0017445261,-0.00019143512,7.9620886,126.1318,0.3,0.0,35.0,0.033835303,0.05,3000.0,0.015,88.29613,3.097727e-05,0.0,0.0,50.0
49,6,0,34.0,12.9848795,177.21861,0.0017468893,0.00023760546,5.9578605,178.01428,1.1,0.0,35.0,0.033835303,0.01,3000.0,0.1,17.660065,1.259524e-05,0.0,0.0,10.0
6,12,0,38.0,4.0496273,108.504944,0.0036074836,2.7634711e-05,7.138683,252.2636,1.1,0.0,35.0,0.033835303,0.01,3000.0,0.1,17.658773,4.077597e-05,0.0,0.0,10.0
95,87,0,42.0,4.1889687,184.38094,0.005920548,0.0004741115,7.104736,252.2636,0.3,0.0,35.0,0.033835303,0.05,3000.0,0.015,88.29415,3.956062e-05,0.0,0.0,50.0
19,120,0,57.0,3.218274,95.7337,0.004722753,0.00036130744,7.3690767,321.82562,0.3,0.0,35.0,0.033835303,0.05,3000.0,0.015,88.291466,5.1296258e-05,0.0,0.0,50.0
22,33,0,56.0,2.1510887,243.34166,0.015601083,-0.00030058334,7.7725306,321.3227,0.3,0.0,35.0,0.033835303,0.05,3000.0,0.015,88.28561,7.6818425e-05,0.0,0.0,50.0
6,41,0,50.0,3.959676,75.90884,-0.006084564,-0.00014503732,8.547513,199.67502,1.1,0.0,35.0,0.033835303,0.01,3000.0,0.1,17.658733,4.164949e-05,0.0,0.0,10.0
81,26,0,13.0,3.737005,238.93338,-0.0012619616,-0.00026148814,7.912418,89.3698,1.1,0.0,35.0,0.033835303,0.01,3000.0,0.1,17.658619,4.4156135e-05,0.0,0.0,10.0
2,52,0,41.0,2.9533155,77.42176,-0.0057978574,-0.00039152056,8.148307,89.00714,1.1,0.0,35.0,0.033835303,0.01,3000.0,0.1,17.658081,5.592975e-05,0.0,0.0,10.0
61,104,0,26.0,4.626073,146.41736,-0.0019688278,-0.00043344585,7.698237,199.18846,0.3,0.0,35.0,0.033835303,0.05,3000.0,0.015,88.29502,3.5762674e-05,0.0,0.0,50.0
13,25,0,54.0,2.1563382,206.47198,0.026478315,0.000949579,7.7700906,178.01428,1.1,0.0,35.0,0.033835303,0.01,3000.0,0.1,17.65712,7.681844e-05,0.0,0.0,10.0
52,16,0,49.0,1.6047066,53.018208,0.021204641,0.0014177769,8.065772,321.82562,1.1,0.0,35.0,0.033835303,0.01,3000.0,0.1,17.655918,0.00010306223,0.0,0.0,10.0
17,71,0,43.0,3.0301423,31.900768,-0.0037224072,-0.00021076901,8.12258,89.00714,1.1,0.0,35.0,0.033835303,0.01,3000.0,0.1,17.658138,5.463845e-05,0.0,0.0,10.0
66,21,0,6.0,2.0273457,108.504944,-0.017636586,-0.0005084705,9.441268,178.7396,1.1,0.0,35.0,0.033835303,0.01,3000.0,0.1,17.656904,8.14899e-05,0.0,0.0,10.0
32,70,0,57.0,1.0172933,18.36517,0.027697507,-2.0510177e-05,8.521724,281.58017,1.1,0.0,35.0,0.033835303,0.01,3000.0,0.1,17.653168,0.00016295575,0.0,0.0,10.0
17,103,0,55.0,2.0273457,251.49506,-0.013539199,0.0014169136,7.8318295,199.67502,1.1,0.0,35.0,0.033835303,0.01,3000.0,0.1,17.656904,8.14899e-05,0.0,0.0,10.0
18,117,0,45.0,1.9304327,0.0,-0.005572028,-0.00022052038,9.49029,199.67502,1.1,0.0,35.0,0.033835303,0.01,3000.0,0.1,17.656706,8.5857544e-05,0.0,0.0,10.0
68,78,0,36.0,3.6291943,135.11649,0.0034685656,0.00034339083,7.2486253,199.18846,0.3,0.0,35.0,0.033835303,0.05,3000.0,0.015,88.29278,4.5561363e-05,0.0,0.0,50.0
107,83,0,15.0,1.7266877,291.88187,-0.004110414,2.9456156e-05,7.992467,89.3698,1.1,0.0,35.0,0.033835303,0.01,3000.0,0.1,17.656258,9.565623e-05,0.0,0.0,10.0
106,107,0,36.0,7.9827185,216.75815,0.0023908194,0.00074110646,6.4551954,178.7396,0.3,0.0,35.0,0.033835303,0.05,3000.0,0.015,88.2985,2.0608892e-05,0.0,0.0,50.0
16,57,0,31.0,3.5216577,90.0,0.00307659,-9.33721e-05,7.2787824,126.1318,1.1,0.0,35.0,0.033835303,0.01,3000.0,0.1,17.658497,4.685267e-05,0.0,0.0,10.0
107,120,0,23.0,2.5731533,180.0,0.0027860145,0.0005348412,7.5931697,281.58017,1.1,0.0,35.0,0.033835303,0.01,3000.0,0.1,17.657688,6.443714e-05,0.0,0.0,10.0
35,64,0,51.0,0.90843785,315.1165,0.010901205,0.0007397068,8.634919,252.2636,0.3,0.0,35.0,0.033835303,0.05,3000.0,0.015,88.26144,0.00018217333,0.0,0.0,50.0
36,59,0,30.0,1.6404692,191.26523,-0.004331053,-0.0009136491,9.835479,178.7396,0.3,0.0,35.0,0.033835303,0.05,3000.0,0.015,88.28004,0.00010108727,0.0,0.0,50.0
95,14,0,13.0,1.0172933,341.63483,0.00035283493,-6.5177846e-06,8.521724,356.02856,0.3,0.0,35.0,0.033835303,0.05,3000.0,0.015,88.26585,0.00016295575,0.0,0.0,50.0
22,1,0,22.0,6.41033,180.0,-0.00055720285,-0.0015484204,8.468638,199.18846,1.1,0.0,35.0,0.033835303,0.01,3000.0,0.1,17.659462,2.5812078e-05,0.0,0.0,10.0
16,91,0,88.0,3.0247579,57.889812,0.01838375,0.00059726444,7.431214,199.18846,0.3,0.0,35.0,0.033835303,0.05,3000.0,0.015,88.290695,5.4638444e-05,0.0,0.0,50.0
40,121,0,38.0,6.3938317,126.98179,0.000909733,-0.0004080114,7.372625,321.3227,1.1,0.0,35.0,0.033835303,0.01,3000.0,0.1,17.659462,2.5812078e-05,0.0,0.0,10.0
68,25,0,14.0,3.156025,114.049065,-0.004236484,-0.00092619454,8.081797,89.00714,1.1,0.0,35.0,0.033835303,0.01,3000.0,0.1,17.658243,5.235969e-05,0.0,0.0,10.0
54,57,0,22.0,0.32185718,180.0,0.011144056,-0.00012622046,9.672611,89.3698,1.1,0.0,35.0,0.033835303,0.01,3000.0,0.1,17.637016,0.00051513937,0.0,0.0,10.0
7,77,0,83.0,2.9004087,96.36581,0.0071696416,0.0005140099,7.473268,378.3954,0.3,0.0,35.0,0.033835303,0.05,3000.0,0.015,88.29018,5.687923e-05,0.0,0.0,50.0
102,59,0,19.0,0.71908116,26.471973,-0.0044963174,-3.8738606e-05,8.868703,199.67502,0.3,0.0,35.0,0.033835303,0.05,3000.0,0.015,88.25038,0.00023040718,0.0,0.0,50.0
12,7,0,26.0,2.7591798,125.647934,0.0029913597,0.00045051673,7.5232677,178.01428,0.3,0.0,35.0,0.033835303,0.05,3000.0,0.015,88.28948,5.9917587e-05,0.0,0.0,50.0
113,43,0,10.0,3.3069139,28.955803,0.00023553632,0.0002989249,7.341848,267.02142,0.3,0.0,35.0,0.033835303,0.05,3000.0,0.015,88.29174,5.008091e-05,0.0,0.0,50.0
94,20,0,15.0,1.6404692,11.265213,-0.0030695815,0.00024590266,8.043719,199.18846,0.3,0.0,35.0,0.033835303,0.05,3000.0,0.015,88.28004,0.00010108727,0.0,0.0,50.0
97,29,0,11.0,2.9578419,49.283546,-0.0016970006,0.00021280207,8.146773,126.1318,1.1,0.0,35.0,0.033835303,0.01,3000.0,0.1,17.658081,5.592975e-05,0.0,0.0,10.0
85,79,0,24.0,3.0493183,161.63483,0.003116706,-0.0005738215,7.423112,89.3698,0.3,0.0,35.0,0.033835303,0.05,3000.0,0.015,88.29076,5.433461e-05,0.0,0.0,50.0
118,79,0,20.0,1.0172933,18.36517,0.0061746044,-1.5987345e-05,8.521724,321.3227,0.3,0.0,35.0,0.033835303,0.05,3000.0,0.015,88.26585,0.00016295575,0.0,0.0,50.0
27,14,0,51.0,1.0172933,198.36517,0.0067038545,0.00019668834,8.521724,281.58017,0.7,0.0,35.0,0.033835303,0.1,3000.0,0.035,176.5317,0.00016295575,0.0,0.0,30.0
30,98,0,33.0,0.32185718,180.0,-0.08358043,-0.0,9.672611,89.00714,0.3,0.0,35.0,0.033835303,0.05,3000.0,0.015,88.18508,0.00051513937,0.0,0.0,50.0
28,50,0,23.0,2.3168123,146.41736,-0.014020439,-0.0003148053,8.796849,178.7396,1.1,0.0,35.0,0.033835303,0.01,3000.0,0.1,17.657368,7.146334e-05,0.0,0.0,10.0
60,113,0,48.0,0.6410822,90.0,0.01410104,0.00053201744,8.98353,281.58017,0.3,0.0,35.0,0.033835303,0.05,3000.0,0.015,88.24413,0.00025760045,0.0,0.0,50.0
52,4,0,56.0,2.7591798,234.35207,-0.0031325442,0.0007469194,7.5232677,445.68933,1.1,0.0,35.0,0.033835303,0.01,3000.0,0.1,17.657896,5.9917587e-05,0.0,0.0,10.0
31,51,0,23.0,1.874072,329.13892,-0.010066101,-8.073936e-05,9.009116,126.1318,1.1,0.0,35.0,0.033835303,0.01,3000.0,0.1,17.65659,8.8402165e-05,0.0,0.0,10.0
100,85,0,39.0,2.651603,13.981523,0.0003977592,0.00035859272,7.563096,445.03568,0.3,0.0,35.0,0.033835303,0.05,3000.0,0.015,88.288895,6.250019e-05,0.0,0.0,50.0
113,104,0,19.0,0.71908116,333.528,0.009492224,3.7103877e-05,8.868703,281.58017,1.1,0.0,35.0,0.033835303,0.01,3000.0,0.1,17.650076,0.00023040721,0.0,0.0,10.0
74,111,0,16.0,2.5905683,29.644625,-0.018588345,-7.006691e-05,10.530854,0.0,1.1,0.0,35.0,0.033835303,0.01,3000.0,0.1,17.657711,6.394341e-05,0.0,0.0,10.0
13,4,0,23.0,3.8629165,138.4821,0.003384908,-0.0010416432,7.186035,89.00714,1.1,0.0,35.0,0.033835303,0.01,3000.0,0.1,17.65868,4.2826858e-05,0.0,0.0,10.0
48,103,0,44.0,2.8670712,116.65834,0.0030195648,6.839165e-05,7.4848485,281.58017,1.1,0.0,35.0,0.033835303,0.01,3000.0,0.1,17.658003,5.7600842e-05,0.0,0.0,10.0
108,90,0,12.0,1.6343267,78.64518,0.003274442,-0.00031189737,10.244697,89.3698,1.1,0.0,35.0,0.033835303,0.01,3000.0,0.1,17.656006,0.000101087295,0.0,0.0,10.0
42,113,0,34.0,6.5899067,129.20793,0.002456224,0.0003380303,6.649012,178.7396,1.1,0.0,35.0,0.033835303,0.01,3000.0,0.1,17.659498,2.4976529e-05,0.0,0.0,10.0
13,79,0,62.0,4.367763,162.96263,0.000875607,5.6045013e-05,7.0627837,89.00714,1.1,0.0,35.0,0.033835303,0.01,3000.0,0.1,17.658905,3.792751e-05,0.0,0.0,10.0
47,39,0,39.0,2.0567696,141.45378,-0.009084676,0.0007965306,7.8174086,281.58017,1.1,0.0,35.0,0.033835303,0.01,3000.0,0.1,17.656952,8.046446e-05,0.0,0.0,10.0
33,30,0,55.0,2.7591798,305.64795,0.010297688,0.0002261705,7.5232677,281.58017,0.3,0.0,35.0,0.033835303,0.05,3000.0,0.015,88.28948,5.9917587e-05,0.0,0.0,50.0
69,41,0,32.0,3.0394335,288.50494,0.0077197184,3.3029508e-05,7.426365,252.2636,0.3,0.0,35.0,0.033835303,0.05,3000.0,0.015,88.29076,5.433461e-05,0.0,0.0,50.0
86,77,0,29.0,2.9641948,167.52043,-0.0066874595,0.00018876405,7.4514766,89.00714,0.3,0.0,35.0,0.033835303,0.05,3000.0,0.015,88.290405,5.5929737e-05,0.0,0.0,50.0
100,99,0,42.0,0.90843785,135.11649,0.03369464,0.00059667573,8.634919,199.18846,0.3,0.0,35.0,0.033835303,0.05,3000.0,0.015,88.26144,0.00018217333,0.0,0.0,50.0
109,92,0,16.0,4.3123307,312.1031,0.0016540226,-0.0002483189,7.7687526,89.3698,0.3,0.0,35.0,0.033835303,0.05,3000.0,0.015,88.29443,3.834527e-05,0.0,0.0,50.0
69,85,0,33.0,0.71908116,26.471973,-0.019983632,-0.00018735556,12.087579,0.0,1.1,0.0,35.0,0.033835303,0.01,3000.0,0.1,17.650076,0.00023040721,0.0,0.0,10.0
88,7,0,14.0,1.6047066,53.018208,1.4770465,2.0169394,8.065772,321.3227,1.1,0.0,35.0,0.033835303,0.01,3000.0,0.1,17.655918,0.00010306223,0.0,0.0,10.0
60,120,0,52.0,2.585233,60.154655,-0.0005687332,0.0002760096,7.58848,281.58017,0.3,0.0,35.0,0.033835303,0.05,3000.0,0.015,88.28856,6.39434e-05,0.0,0.0,50.0
38,44,0,41.0,2.0273457,71.49504,-0.011757724,9.968709e-05,8.930442,178.7396,0.3,0.0,35.0,0.033835303,0.05,3000.0,0.015,88.28453,8.14899e-05,0.0,0.0,50.0
26,87,0,51.0,1.7266877,248.11813,0.003497458,5.023715e-05,7.992467,199.67502,1.1,0.0,35.0,0.033835303,0.01,3000.0,0.1,17.656258,9.565623e-05,0.0,0.0,10.0
53,20,0,13.0,1.8704919,121.06663,-0.013980836,-0.0009575861,9.991859,321.82562,1.1,0.0,35.0,0.033835303,0.01,3000.0,0.1,17.65659,8.8402165e-05,0.0,0.0,10.0
91,109,0,33.0,5.8845625,315.1165,-0.0010672511,0.0001388265,6.7631173,252.2636,0.3,0.0,35.0,0.033835303,0.05,3000.0,0.015,88.2968,2.8052857e-05,0.0,0.0,50.0
28,94,0,50.0,3.8542712,85.21703,0.0025615073,4.7742968e-05,7.1882825,126.1318,1.1,0.0,35.0,0.033835303,0.01,3000.0,0.1,17.65868,4.2826858e-05,0.0,0.0,10.0
95,117,0,34.0,2.7591798,125.647934,-0.0021530727,0.0006060471,7.5232677,282.49762,0.3,0.0,35.0,0.033835303,0.05,3000.0,0.015,88.28948,5.9917587e-05,0.0,0.0,50.0
33,7,0,49.0,1.4344336,63.34164,-0.0072972807,-8.390977e-06,8.177996,282.49762,0.3,0.0,35.0,0.033835303,0.05,3000.0,0.015,88.276794,0.00011521562,0.0,0.0,50.0
12,66,0,65.0,3.460394,158.27881,0.009542358,0.00017478334,7.2963753,282.49762,1.1,0.0,35.0,0.033835303,0.01,3000.0,0.1,17.658451,4.784013e-05,0.0,0.0,10.0
76,43,0,15.0,4.6188745,123.79766,-0.010579769,-0.0013977545,9.571604,0.0,1.1,0.0,35.0,0.033835303,0.01,3000.0,0.1,17.659004,3.576269e-05,0.0,0.0,10.0
2,6,0,38.0,4.726521,61.601883,-0.0032609445,7.9968224e-05,7.6766605,126.1318,1.1,0.0,35.0,0.033835303,0.01,3000.0,0.1,17.659044,3.4927136e-05,0.0,0.0,10.0
98,35,0,17.0,1.0172933,341.63483,0.028050348,9.811686e-05,8.521724,199.18846,1.1,0.0,35.0,0.033835303,0.01,3000.0,0.1,17.653168,0.00016295575,0.0,0.0,10.0
90,61,0,18.0,2.0339458,341.63483,-0.0060863956,-0.00013097835,7.8285766,199.67502,0.3,0.0,35.0,0.033835303,0.05,3000.0,0.015,88.28453,8.14899e-05,0.0,0.0,50.0
73,0,0,11.0,0.64369404,180.0,0.011144056,-0.00012620255,8.979465,368.3933,1.0,0.0,35.0,0.033835303,0.1,3000.0,0.035,176.48827,0.00025760045,0.0,0.0,0.0
53,88,0,47.0,1.2872256,0.0,-0.0,-0.00018919636,8.286317,199.67502,0.3,0.0,35.0,0.033835303,0.05,3000.0,0.015,88.273674,0.00012881224,0.0,0.0,50.0
49,79,0,27.0,2.5905683,330.35538,-0.0021009205,-0.00043674224,9.665857,178.01428,0.3,0.0,35.0,0.033835303,0.05,3000.0,0.015,88.28856,6.39434e-05,0.0,0.0,50.0
92,110,0,40.0,1.3217627,104.091156,0.0037793978,0.00066579017,8.25983,282.49762,1.1,0.0,35.0,0.033835303,0.01,3000.0,0.1,17.654911,0.00012497634,0.0,0.0,10.0
84,123,0,49.0,0.7173292,63.34164,-0.020130431,0.00018888361,10.48058,321.82562,1.1,0.0,35.0,0.033835303,0.01,3000.0,0.1,17.650076,0.00023040721,0.0,0.0,10.0
109,109,0,31.0,3.5362613,84.78452,0.0015527501,0.0006841792,7.2746334,199.67502,0.3,0.0,35.0,0.033835303,0.05,3000.0,0.015,88.29253,4.6662768e-05,0.0,0.0,50.0
20,106,0,53.0,5.135968,180.0,0.0048755254,0.00087298517,6.9000225,267.02142,1.1,0.0,35.0,0.033835303,0.01,3000.0,0.1,17.659168,3.2192616e-05,0.0,0.0,10.0
68,79,0,30.0,3.1765401,135.11649,-0.0033977786,-0.00012590303,8.075304,126.1318,0.3,0.0,35.0,0.033835303,0.05,3000.0,0.015,88.29128,5.209383e-05,0.0,0.0,50.0
19,9,0,26.0,3.2152264,0.0,-0.008358043,-0.0008166034,9.767921,126.1318,1.1,0.0,35.0,0.033835303,0.01,3000.0,0.1,17.65828,5.156212e-05,0.0,0.0,10.0
114,95,0,23.0,0.32055113,270.0,-0.02820208,3.1299547e-05,9.676678,367.07394,0.3,0.0,35.0,0.033835303,0.05,3000.0,0.015,88.18508,0.00051513937,0.0,0.0,50.0
0,93,0,122.0,9.050736,50.596367,-0.0041026403,0.0012058852,6.327762,399.35004,1.0,0.0,35.0,0.033835303,0.1,3000.0,0.035,176.59813,1.8178214e-05,0.0,0.0,0.0
48,21,0,21.0,2.651603,193.98154,-0.0013921572,-0.0013174757,9.642537,199.67502,1.1,0.0,35.0,0.033835303,0.01,3000.0,0.1,17.657778,6.250019e-05,0.0,0.0,10.0
86,34,0,15.0,1.7317762,21.721191,0.004467397,5.394098e-05,7.9895225,199.18846,1.1,0.0,35.0,0.033835303,0.01,3000.0,0.1,17.656258,9.565623e-05,0.0,0.0,10.0
16,16,0,38.0,3.3553581,16.635233,-0.0040876656,0.0004911081,7.327272,252.2636,0.3,0.0,35.0,0.033835303,0.05,3000.0,0.015,88.29191,4.939729e-05,0.0,0.0,50.0
83,38,0,23.0,0.64369404,0.0,0.008358043,9.46519e-05,8.979465,368.3933,1.1,0.0,35.0,0.033835303,0.01,3000.0,0.1,17.648827,0.00025760045,0.0,0.0,10.0
12,21,0,46.0,4.363186,35.91662,0.00025795356,0.00035487185,7.0638366,199.18846,1.1,0.0,35.0,0.033835303,0.01,3000.0,0.1,17.658905,3.792751e-05,0.0,0.0,10.0
97,73,0,30.0,5.761987,109.51326,-0.0014574588,-0.000287764,7.4774604,321.82562,0.3,0.0,35.0,0.033835303,0.05,3000.0,0.015,88.29667,2.858457e-05,0.0,0.0,50.0
73,6,0,15.0,0.45424747,224.88351,0.011892224,0.00028334538,9.328067,199.18846,0.3,0.0,35.0,0.033835303,0.05,3000.0,0.015,88.21967,0.0003643227,0.0,0.0,50.0
17,5,0,25.0,1.0172933,341.63483,0.011819957,-0.00017824589,9.214871,281.58017,1.1,0.0,35.0,0.033835303,0.01,3000.0,0.1,17.653168,0.00016295575,0.0,0.0,10.0
63,119,0,51.0,4.1598835,270.0,-0.00086775626,-0.00015527141,7.111728,252.2636,0.3,0.0,35.0,0.033835303,0.05,3000.0,0.015,88.29412,3.967456e-05,0.0,0.0,50.0
68,100,0,29.0,1.1588799,213.58264,-0.0437915,6.1045375e-06,12.002302,0.0,1.1,0.0,35.0,0.033835303,0.01,3000.0,0.1,17.65409,0.00014290263,0.0,0.0,10.0
2,107,0,50.0,5.8088703,173.68532,0.0007542633,-0.0007904874,7.469301,267.02142,1.1,0.0,35.0,0.033835303,0.01,3000.0,0.1,17.65934,2.8470633e-05,0.0,0.0,10.0
57,56,0,22.0,1.3265119,166.01846,-0.005250423,0.00024811758,8.256243,126.1318,1.1,0.0,35.0,0.033835303,0.01,3000.0,0.1,17.654911,0.00012497634,0.0,0.0,10.0
108,109,0,34.0,4.1841927,212.36577,0.004886435,0.0011098557,7.1058807,126.1318,0.3,0.0,35.0,0.033835303,0.05,3000.0,0.015,88.29415,3.956062e-05,0.0,0.0,50.0
121,51,0,6.0,0.9654904,0.0,0.0037146846,-6.308634e-05,8.573999,199.67502,0.7,0.0,35.0,0.033835303,0.1,3000.0,0.035,176.52766,0.000171767,0.0,0.0,30.0
32,119,0,57.0,1.7317762,158.27881,-0.00600418,2.5759178e-05,9.935432,321.3227,1.1,0.0,35.0,0.033835303,0.01,3000.0,0.1,17.656258,9.565623e-05,0.0,0.0,10.0
60,0,0,26.0,3.2782533,191.26523,0.0041628573,-0.00055180304,7.3505716,321.3227,1.0,0.0,35.0,0.033835303,0.1,3000.0,0.035,176.58327,5.053667e-05,0.0,0.0,0.0
113,56,0,5.0,0.45424747,224.88351,-0.07531742,-0.00034543866,13.065737,0.0,0.3,0.0,35.0,0.033835303,0.05,3000.0,0.015,88.21967,0.0003643227,0.0,0.0,50.0
36,13,0,23.0,1.7266877,248.11813,-0.034145284,-0.0010712367,10.631524,0.0,1.1,0.0,35.0,0.033835303,0.01,3000.0,0.1,17.656258,9.565623e-05,0.0,0.0,10.0
76,54,0,21.0,2.5929894,172.9036,-0.0074336417,0.00014965949,7.58548,178.01428,0.3,0.0,35.0,0.033835303,0.05,3000.0,0.015,88.28856,6.39434e-05,0.0,0.0,50.0
58,68,0,25.0,4.5951858,204.68661,0.0020679464,-0.00053838413,7.704965,178.01428,1.1,0.0,35.0,0.033835303,0.01,3000.0,0.1,17.658993,3.6028534e-05,0.0,0.0,10.0
56,33,0,33.0,1.7266877,291.88187,0.016766166,0.00049987144,7.992467,126.1318,1.1,0.0,35.0,0.033835303,0.01,3000.0,0.1,17.656258,9.565623e-05,0.0,0.0,10.0
15,27,0,40.0,4.8923855,258.6452,-2.8350105e-05,-0.00018310781,6.94886,89.3698,1.1,0.0,35.0,0.033835303,0.01,3000.0,0.1,17.6591,3.367382e-05,0.0,0.0,10.0
34,80,0,40.0,1.7266877,111.88186,0.009410686,6.48778e-05,7.992467,281.58017,0.3,0.0,35.0,0.033835303,0.05,3000.0,0.015,88.28129,9.565621e-05,0.0,0.0,50.0
115,124,0,27.0,2.3131957,303.79767,0.009830492,-0.00017551945,7.699801,446.19705,1.1,0.0,35.0,0.033835303,0.01,3000.0,0.1,17.657368,7.146334e-05,0.0,0.0,10.0
45,96,0,57.0,2.2656658,98.16277,0.0071773184,3.101895e-05,7.7205844,281.58017,0.3,0.0,35.0,0.033835303,0.05,3000.0,0.015,88.286514,7.2868555e-05,0.0,0.0,50.0
9,38,0,49.0,2.1563382,26.471973,-0.0031640744,2.6455487e-05,8.868703,267.02142,1.1,0.0,35.0,0.033835303,0.01,3000.0,0.1,17.65712,7.681844e-05,0.0,0.0,10.0
109,60,0,13.0,0.45424747,224.88351,-0.011892223,-0.00047062268,11.525291,126.1318,0.3,0.0,35.0,0.033835303,0.05,3000.0,0.015,88.21967,0.0003643227,0.0,0.0,50.0
65,57,0,19.0,2.1563382,206.47198,0.002497954,-0.00015862037,7.7700906,126.1318,1.1,0.0,35.0,0.033835303,0.01,3000.0,0.1,17.65712,7.681844e-05,0.0,0.0,10.0
14,31,0,47.0,5.1252465,266.40915,0.0023327076,0.00025894865,6.902124,89.3698,1.1,0.0,35.0,0.033835303,0.01,3000.0,0.1,17.65917,3.2154636e-05,0.0,0.0,10.0
49,120,0,44.0,2.5828042,82.84625,0.00048425238,0.00041535735,7.5894213,178.7396,1.1,0.0,35.0,0.033835303,0.01,3000.0,0.1,17.657711,6.394341e-05,0.0,0.0,10.0
15,11,0,21.0,2.0549364,51.226494,0.011781873,-0.0014551658,8.916913,126.1318,1.1,0.0,35.0,0.033835303,0.01,3000.0,0.1,17.656952,8.046446e-05,0.0,0.0,10.0
95,107,0,41.0,3.8697119,184.7444,0.002023424,0.00030182768,7.1842723,321.3227,0.3,0.0,35.0,0.033835303,0.05,3000.0,0.015,88.2934,4.282685e-05,0.0,0.0,50.0
85,38,0,21.0,1.437936,26.471973,0.0024979538,3.065928e-05,8.175556,199.67502,1.1,0.0,35.0,0.033835303,0.01,3000.0,0.1,17.65536,0.00011521563,0.0,0.0,10.0
9,90,0,90.0,3.2022066,90.0,0.00056404155,-0.00012461851,8.06724,252.2636,1.1,0.0,35.0,0.033835303,0.01,3000.0,0.1,17.65828,5.156212e-05,0.0,0.0,10.0
82,72,0,38.0,1.1570693,56.20232,0.001558492,0.00021905218,8.392948,252.2636,0.3,0.0,35.0,0.033835303,0.05,3000.0,0.015,88.270454,0.00014290263,0.0,0.0,50.0
2,111,0,63.0,6.363077,252.40744,0.004568484,0.00018039091,6.6843395,267.02142,1.1,0.0,35.0,0.033835303,0.01,3000.0,0.1,17.659456,2.5888035e-05,0.0,0.0,10.0
93,26,0,8.0,1.3217627,104.091156,-0.010775309,-0.00015995372,10.3392725,126.1318,1.1,0.0,35.0,0.033835303,0.01,3000.0,0.1,17.654911,0.00012497634,0.0,0.0,10.0
100,106,0,36.0,6.384119,197.45879,0.0022432096,-0.00092800707,7.374158,89.00714,1.1,0.0,35.0,0.033835303,0.01,3000.0,0.1,17.659456,2.5888035e-05,0.0,0.0,10.0
23,2,0,22.0,2.0339458,341.63483,-0.008115194,-0.0009701808,9.908018,199.67502,1.1,0.0,35.0,0.033835303,0.01,3000.0,0.1,17.656904,8.14899e-05,0.0,0.0,10.0
48,8,0,9.0,4.0137167,61.291492,-0.010112955,-0.0017927275,8.757057,89.3698,1.1,0.0,35.0,0.033835303,0.01,3000.0,0.1,17.658756,4.115576e-05,0.0,0.0,10.0
67,14,0,20.0,2.2745183,8.097549,0.0004256256,0.00026570837,8.409828,321.82562,1.1,0.0,35.0,0.033835303,0.01,3000.0,0.1,17.6573,7.286857e-05,0.0,0.0,10.0
88,73,0,38.0,0.45424747,44.88351,-0.013874261,7.894617e-05,9.328067,281.58017,0.3,0.0,35.0,0.033835303,0.05,3000.0,0.015,88.21967,0.0003643227,0.0,0.0,50.0
80,23,0,19.0,0.64369404,180.0,0.022288112,0.0002839557,8.979465,199.67502,1.1,0.0,35.0,0.033835303,0.01,3000.0,0.1,17.648827,0.00025760045,0.0,0.0,10.0
109,75,0,14.0,1.437936,206.47198,0.008742839,-0.00021951075,8.868703,321.3227,0.3,0.0,35.0,0.033835303,0.05,3000.0,0.015,88.276794,0.00011521562,0.0,0.0,50.0
58,52,0,29.0,1.6047066,233.01822,0.0017071537,-0.0001418171,9.857532,126.1318,0.3,0.0,35.0,0.033835303,0.05,3000.0,0.015,88.279594,0.00010306221,0.0,0.0,50.0
34,23,0,38.0,3.344013,73.23652,0.0071795997,-0.0006031989,7.3306665,89.00714,0.3,0.0,35.0,0.033835303,0.05,3000.0,0.015,88.29191,4.939729e-05,0.0,0.0,50.0
14,6,0,19.0,4.314165,138.1286,-0.0040768497,2.7652646e-05,7.0751786,89.00714,1.1,0.0,35.0,0.033835303,0.01,3000.0,0.1,17.658886,3.834528e-05,0.0,0.0,10.0
115,92,0,30.0,1.1588799,146.41736,0.017301818,0.00024712452,8.391384,282.49762,0.3,0.0,35.0,0.033835303,0.05,3000.0,0.015,88.270454,0.00014290263,0.0,0.0,50.0
78,38,0,6.0,2.6421201,284.09116,-0.015238217,-0.00055245357,8.952978,89.00714,1.1,0.0,35.0,0.033835303,0.01,3000.0,0.1,17.657778,6.250019e-05,0.0,0.0,10.0
2,8,0,53.0,3.8804142,24.356306,0.0049818754,0.00091444864,7.181502,252.2636,1.1,0.0,35.0,0.033835303,0.01,3000.0,0.1,17.658686,4.2674936e-05,0.0,0.0,10.0
15,25,0,39.0,3.5908859,153.52802,-0.01139067,-0.0006620869,8.868703,199.18846,1.1,0.0,35.0,0.033835303,0.01,3000.0,0.1,17.658527,4.613106e-05,0.0,0.0,10.0
32,27,0,38.0,3.8804142,335.6437,0.0039120694,-0.00026505688,7.181502,89.00714,1.1,0.0,35.0,0.033835303,0.01,3000.0,0.1,17.658686,4.2674936e-05,0.0,0.0,10.0
26,61,0,73.0,1.2820039,90.0,-0.0,0.00021894265,8.290383,368.3933,0.3,0.0,35.0,0.033835303,0.05,3000.0,0.015,88.273674,0.00012881224,0.0,0.0,50.0
20,13,0,38.0,5.6019397,193.18867,0.0067368434,0.00018347893,6.812668,199.18846,1.1,0.0,35.0,0.033835303,0.01,3000.0,0.1,17.659288,2.9534056e-05,0.0,0.0,10.0
1,75,0,60.0,6.0761523,266.97498,-0.004643192,0.00042115623,7.4239917,126.1318,1.1,0.0,35.0,0.033835303,0.01,3000.0,0.1,17.6594,2.7103377e-05,0.0,0.0,10.0
110,84,0,19.0,0.32185718,0.0,0.055720285,0.000283996,9.672611,199.67502,0.3,0.0,35.0,0.033835303,0.05,3000.0,0.015,88.18508,0.00051513937,0.0,0.0,50.0
16,75,0,56.0,3.2659984,101.35481,0.0049329256,-0.00015374883,7.3543253,281.58017,1.1,0.0,35.0,0.033835303,0.01,3000.0,0.1,17.658325,5.053667e-05,0.0,0.0,10.0
50,6,0,29.0,10.195531,181.78265,-0.0041189613,-1.0438663e-05,8.285833,199.18846,1.1,0.0,35.0,0.033835303,0.01,3000.0,0.1,17.659904,1.6127327e-05,0.0,0.0,10.0
57,102,0,39.0,2.6421201,75.90884,-0.0007237147,-0.0004045469,7.566684,321.3227,1.1,0.0,35.0,0.033835303,0.01,3000.0,0.1,17.657778,6.250019e-05,0.0,0.0,10.0
57,82,0,39.0,2.2700963,224.88351,-0.0039640744,2.9057388e-05,8.817241,268.10938,0.3,0.0,35.0,0.033835303,0.05,3000.0,0.015,88.286514,7.2868555e-05,0.0,0.0,50.0
116,45,0,9.0,2.5905683,330.35538,0.0024848448,0.0001708029,7.586416,178.01428,0.2,0.0,35.0,0.033835303,1.0,3000.0,0.02,1765.7711,6.39434e-05,0.0,0.0,60.0
36,123,0,35.0,1.4344336,63.34164,-0.030447278,-0.00015027515,11.643731,0.0,0.3,0.0,35.0,0.033835303,0.05,3000.0,0.015,88.276794,0.00011521562,0.0,0.0,50.0
90,12,0,11.0,1.6404692,191.26523,-0.0044992496,-9.06509e-05,8.736866,199.18846,0.3,0.0,35.0,0.033835303,0.05,3000.0,0.015,88.28004,0.00010108727,0.0,0.0,50.0
120,53,0,11.0,1.0172933,18.36517,0.002117008,-3.8340306e-05,9.908018,281.58017,1.1,0.0,35.0,0.033835303,0.01,3000.0,0.1,17.653168,0.00016295575,0.0,0.0,10.0
35,103,0,48.0,1.8704919,121.06663,-0.00907478,0.000545387,7.912418,199.67502,0.3,0.0,35.0,0.033835303,0.05,3000.0,0.015,88.28295,8.840215e-05,0.0,0.0,50.0
32,48,0,26.0,2.5828042,97.15374,-0.006241474,-3.2896576e-05,10.956717,0.0,1.1,0.0,35.0,0.033835303,0.01,3000.0,0.1,17.657711,6.394341e-05,0.0,0.0,10.0
22,85,0,42.0,1.0172933,18.36517,-0.010055783,-4.206037e-05,9.214871,126.1318,1.1,0.0,35.0,0.033835303,0.01,3000.0,0.1,17.653168,0.00016295575,0.0,0.0,10.0
5,21,0,36.0,3.9120262,125.10155,0.0021744897,0.00041233344,7.1733637,178.7396,1.1,0.0,35.0,0.033835303,0.01,3000.0,0.1,17.658705,4.225716e-05,0.0,0.0,10.0
102,64,0,18.0,1.6023545,90.0,0.0011280831,-0.0,8.06724,126.1318,0.3,0.0,35.0,0.033835303,0.05,3000.0,0.015,88.279594,0.00010306221,0.0,0.0,50.0
83,37,0,21.0,0.71908116,26.471973,-0.0024979538,-2.0475524e-07,8.868703,357.4792,1.1,0.0,35.0,0.033835303,0.01,3000.0,0.1,17.650076,0.00023040721,0.0,0.0,10.0
69,47,0,36.0,0.6410822,270.0,0.02820208,0.00018777087,8.98353,398.37692,0.3,0.0,35.0,0.033835303,0.05,3000.0,0.015,88.24413,0.00025760045,0.0,0.0,50.0
42,52,0,20.0,0.7173292,63.34164,-0.0025163027,-0.00018909102,8.871142,89.00714,1.1,0.0,35.0,0.033835303,0.01,3000.0,0.1,17.650076,0.00023040721,0.0,0.0,10.0
20,88,0,53.0,2.8942807,0.0,-0.0012382284,0.00018861599,8.168534,89.3698,1.1,0.0,35.0,0.033835303,0.01,3000.0,0.1,17.65802,5.7221052e-05,0.0,0.0,10.0
86,58,0,13.0,2.0273457,288.50494,-0.0016923998,-9.667029e-05,8.524977,178.7396,1.1,0.0,35.0,0.033835303,0.01,3000.0,0.1,17.656904,8.14899e-05,0.0,0.0,10.0
17,88,0,56.0,3.8629165,41.51788,-0.013183493,-0.00024087758,8.284648,89.00714,0.3,0.0,35.0,0.033835303,0.05,3000.0,0.015,88.2934,4.282685e-05,0.0,0.0,50.0
104,107,0,17.0,1.0139902,251.49506,-0.0436461,-0.0012706642,12.080325,0.0,0.3,0.0,35.0,0.033835303,0.05,3000.0,0.015,88.26585,0.00016295575,0.0,0.0,50.0
96,106,0,41.0,1.9493196,80.49982,0.008893918,0.00020006283,7.8711085,268.10938,0.3,0.0,35.0,0.033835303,0.05,3000.0,0.015,88.28378,8.471815e-05,0.0,0.0,50.0
7,102,0,82.0,7.4231806,187.4016,0.008211813,0.00045701335,6.52875,199.67502,1.1,0.0,35.0,0.033835303,0.01,3000.0,0.1,17.659624,2.2242011e-05,0.0,0.0,10.0
14,23,0,46.0,3.8629165,318.48212,-0.011839156,0.00048309693,7.186035,267.02142,0.3,0.0,35.0,0.033835303,0.05,3000.0,0.015,88.2934,4.282685e-05,0.0,0.0,50.0
3,86,0,73.0,3.5216577,90.0,-0.004614885,-0.00056023255,8.377395,89.00714,1.1,0.0,35.0,0.033835303,0.01,3000.0,0.1,17.658497,4.685267e-05,0.0,0.0,10.0
27,106,0,36.0,6.043429,31.900768,0.002210804,-0.0006015738,7.429432,89.3698,0.3,0.0,35.0,0.033835303,0.05,3000.0,0.015,88.29696,2.7331247e-05,0.0,0.0,50.0
112,102,0,18.0,1.6404692,348.7348,0.0028593359,0.00029540376,8.043719,89.00714,0.3,0.0,35.0,0.033835303,0.05,3000.0,0.015,88.28004,0.00010108727,0.0,0.0,50.0
111,44,0,8.0,3.0394335,251.49506,-0.0024346805,-0.00027773922,7.426365,89.3698,0.7,0.0,35.0,0.033835303,0.1,3000.0,0.035,176.58151,5.4334614e-05,0.0,0.0,30.0
0,76,0,46.0,10.811372,275.0629,-0.0058557694,0.0004881535,9.672769,0.0,1.0,0.0,35.0,0.033835303,0.1,3000.0,0.035,176.59949,1.513986e-05,0.0,0.0,0.0
30,43,0,50.0,5.6828356,196.32658,-0.00014735198,0.0002315996,6.7982373,281.58017,1.1,0.0,35.0,0.033835303,0.01,3000.0,0.1,17.65931,2.9116287e-05,0.0,0.0,10.0
43,117,0,32.0,5.584165,293.71506,-0.0026008715,-0.00039933436,7.5090137,126.1318,1.1,0.0,35.0,0.033835303,0.01,3000.0,0.1,17.659288,2.9534056e-05,0.0,0.0,10.0
86,69,0,36.0,1.6047066,306.98178,0.007188014,-1.40589e-05,8.065772,199.67502,0.3,0.0,35.0,0.033835303,0.05,3000.0,0.015,88.279594,0.00010306221,0.0,0.0,50.0
85,44,0,17.0,1.9493196,279.50018,-0.0011775045,-5.4753687e-05,10.068333,89.3698,1.1,0.0,35.0,0.033835303,0.01,3000.0,0.1,17.656755,8.471815e-05,0.0,0.0,10.0
10,115,0,40.0,1.0139902,108.504944,-0.00035629468,-0.0003078373,8.524977,89.00714,1.1,0.0,35.0,0.033835303,0.01,3000.0,0.1,17.653168,0.00016295575,0.0,0.0,10.0
104,39,0,7.0,1.1570693,123.79766,-0.021339359,-0.00019745552,8.392948,126.1318,0.3,0.0,35.0,0.033835303,0.05,3000.0,0.015,88.270454,0.00014290263,0.0,0.0,50.0
43,27,0,46.0,2.5828042,277.15375,0.011848042,0.0009069691,7.5894213,199.18846,1.1,0.0,35.0,0.033835303,0.01,3000.0,0.1,17.657711,6.394341e-05,0.0,0.0,10.0
47,56,0,28.0,5.9126062,347.52045,0.0028777416,-7.7162615e-05,6.7583294,178.01428,0.3,0.0,35.0,0.033835303,0.05,3000.0,0.015,88.296814,2.7976901e-05,0.0,0.0,50.0
76,86,0,59.0,2.7628155,144.57243,0.011179897,0.0007143734,7.521949,281.58017,1.1,0.0,35.0,0.033835303,0.01,3000.0,0.1,17.657896,5.9917587e-05,0.0,0.0,10.0
38,102,0,51.0,3.9738631,193.98154,0.0047465945,0.000108456574,7.1576304,199.18846,0.3,0.0,35.0,0.033835303,0.05,3000.0,0.015,88.29366,4.1649488e-05,0.0,0.0,50.0
89,78,0,25.0,2.7628155,215.42757,0.0031201756,-0.0005601283,7.521949,268.10938,0.3,0.0,35.0,0.033835303,0.05,3000.0,0.015,88.28948,5.9917587e-05,0.0,0.0,50.0
2,69,0,48.0,2.651603,13.981523,-0.010023536,-3.7505193e-05,11.146615,0.0,1.1,0.0,35.0,0.033835303,0.01,3000.0,0.1,17.657778,6.250019e-05,0.0,0.0,10.0
36,69,0,50.0,2.7591798,54.35206,0.008056374,2.0362178e-05,7.5232677,252.2636,1.1,0.0,35.0,0.033835303,0.01,3000.0,0.1,17.657896,5.9917587e-05,0.0,0.0,10.0
54,44,0,25.0,1.437936,26.471973,-0.009742021,-0.0001327318,8.175556,453.9204,0.3,0.0,35.0,0.033835303,0.05,3000.0,0.015,88.276794,0.00011521562,0.0,0.0,50.0
60,12,0,2.0,0.9654904,0.0,-0.0148587385,-9.462953e-05,9.672611,356.02856,0.1,0.0,35.0,0.033835303,0.0,3000.0,0.05,0.0,0.000171767,0.0,0.0,90.0
13,52,0,28.0,1.874072,210.86108,-0.009643157,0.00031425638,7.9105043,89.3698,1.1,0.0,35.0,0.033835303,0.01,3000.0,0.1,17.65659,8.8402165e-05,0.0,0.0,10.0
105,47,0,17.0,0.32055113,270.0,0.050763737,0.0003755946,9.676678,178.7396,1.1,0.0,35.0,0.033835303,0.01,3000.0,0.1,17.637016,0.00051513937,0.0,0.0,10.0
25,107,0,53.0,6.3938317,306.98178,0.010265384,0.0004749952,6.6794777,252.2636,1.1,0.0,35.0,0.033835303,0.01,3000.0,0.1,17.659462,2.5812078e-05,0.0,0.0,10.0
104,115,0,25.0,2.746499,200.47957,0.0040977504,-0.0013868494,8.221028,126.1318,1.1,0.0,35.0,0.033835303,0.01,3000.0,0.1,17.657875,6.0335366e-05,0.0,0.0,10.0
98,114,0,12.0,1.8164191,224.88351,-0.0029730566,-0.0014103808,12.131427,0.0,0.3,0.0,35.0,0.033835303,0.05,3000.0,0.015,88.28233,9.1098686e-05,0.0,0.0,50.0
86,108,0,35.0,0.90843785,315.1165,0.004955094,7.8926954e-05,8.634919,199.18846,1.1,0.0,35.0,0.033835303,0.01,3000.0,0.1,17.652287,0.00018217335,0.0,0.0,10.0
10,66,0,61.0,2.8670712,243.34166,-0.0026421193,-2.6129772e-05,7.4848485,368.3933,1.1,0.0,35.0,0.033835303,0.01,3000.0,0.1,17.658003,5.7600842e-05,0.0,0.0,10.0
105,27,0,14.0,1.437936,26.471973,0.00324734,1.2632005e-05,8.175556,398.37692,0.3,0.0,35.0,0.033835303,0.05,3000.0,0.015,88.276794,0.00011521562,0.0,0.0,50.0
17,68,0,49.0,3.0301423,211.90077,-0.0027035724,0.0001762302,8.12258,178.01428,1.1,0.0,35.0,0.033835303,0.01,3000.0,0.1,17.658138,5.463845e-05,0.0,0.0,10.0
119,108,0,27.0,2.3331003,106.007034,-0.00094931276,0.00044524853,7.6912236,268.10938,0.3,0.0,35.0,0.033835303,0.05,3000.0,0.015,88.28699,7.081768e-05,0.0,0.0,50.0
116,57,0,17.0,0.7173292,63.34164,-0.007548913,0.00015631397,8.871142,268.10938,0.3,0.0,35.0,0.033835303,0.05,3000.0,0.015,88.25038,0.00023040718,0.0,0.0,50.0
50,49,0,28.0,0.90843785,135.11649,0.0019820381,0.00015657436,8.634919,126.1318,0.3,0.0,35.0,0.033835303,0.05,3000.0,0.015,88.26144,0.00018217333,0.0,0.0,50.0
34,76,0,33.0,5.135968,180.0,0.0024377627,-0.0003741365,6.9000225,126.1318,1.1,0.0,35.0,0.033835303,0.01,3000.0,0.1,17.659168,3.2192616e-05,0.0,0.0,10.0
5,25,0,39.0,1.437936,333.528,-0.004246521,0.0003271831,8.175556,321.82562,1.1,0.0,35.0,0.033835303,0.01,3000.0,0.1,17.65536,0.00011521563,0.0,0.0,10.0
61,102,0,36.0,2.2745183,8.097549,0.0020493078,0.000547928,7.716681,321.3227,0.3,0.0,35.0,0.033835303,0.05,3000.0,0.015,88.286514,7.2868555e-05,0.0,0.0,50.0
19,8,0,31.0,5.159982,240.15466,0.00028973195,-0.00058496796,6.895333,89.3698,1.1,0.0,35.0,0.033835303,0.01,3000.0,0.1,17.659178,3.200272e-05,0.0,0.0,10.0
20,117,0,51.0,1.6088798,180.0,0.022288114,0.00034671233,8.063173,199.67502,1.1,0.0,35.0,0.033835303,0.01,3000.0,0.1,17.655918,0.00010306223,0.0,0.0,10.0
111,65,0,17.0,2.0339458,198.36517,0.0038811797,5.1151146e-05,7.8285766,281.58017,0.3,0.0,35.0,0.033835303,0.05,3000.0,0.015,88.28453,8.14899e-05,0.0,0.0,50.0
119,103,0,12.0,1.6343267,78.64518,-0.01475625,-0.000114783834,9.8392315,89.3698,1.1,0.0,35.0,0.033835303,0.01,3000.0,0.1,17.656006,0.000101087295,0.0,0.0,10.0
29,82,0,37.0,2.8942807,180.0,0.0024764568,-0.000534412,7.4753866,268.10938,1.1,0.0,35.0,0.033835303,0.01,3000.0,0.1,17.65802,5.7221052e-05,0.0,0.0,10.0
107,30,0,15.0,0.32055113,270.0,0.022561664,0.00012519819,9.676678,368.3933,0.3,0.0,35.0,0.033835303,0.05,3000.0,0.015,88.18508,0.00051513937,0.0,0.0,50.0
59,94,0,50.0,2.3131957,123.79766,0.0055746078,-0.00013172654,8.392948,282.49762,1.1,0.0,35.0,0.033835303,0.01,3000.0,0.1,17.657368,7.146334e-05,0.0,0.0,10.0
72,29,0,7.0,1.0139902,71.49504,-0.017636586,-9.6501506e-05,8.524977,126.1318,1.1,0.0,35.0,0.033835303,0.01,3000.0,0.1,17.653168,0.00016295575,0.0,0.0,10.0
33,90,0,65.0,2.746499,20.479568,0.012078517,0.0006758962,7.527881,367.07394,1.1,0.0,35.0,0.033835303,0.01,3000.0,0.1,17.657875,6.0335366e-05,0.0,0.0,10.0
73,93,0,51.0,3.2105453,143.24185,0.0049920664,0.0006908806,7.371486,199.67502,0.3,0.0,35.0,0.033835303,0.05,3000.0,0.015,88.291405,5.156211e-05,0.0,0.0,50.0
113,121,0,23.0,3.8700848,65.46816,-0.0011869011,0.00057917304,7.1841755,378.3954,1.1,0.0,35.0,0.033835303,0.01,3000.0,0.1,17.658686,4.2674936e-05,0.0,0.0,10.0
23,63,0,66.0,9.37796,197.75113,0.0007751271,0.0002996454,6.984773,199.67502,1.1,0.0,35.0,0.033835303,0.01,3000.0,0.1,17.659838,1.757054e-05,0.0,0.0,10.0
36,96,0,59.0,7.368832,182.47948,0.0016052206,-0.000111894384,6.5361805,267.02142,0.3,0.0,35.0,0.033835303,0.05,3000.0,0.015,88.29809,2.2431903e-05,0.0,0.0,50.0
115,81,0,21.0,2.0273457,288.50494,0.0033847997,0.0003193301,7.8318295,281.58017,0.3,0.0,35.0,0.033835303,0.05,3000.0,0.015,88.28453,8.14899e-05,0.0,0.0,50.0
94,45,0,20.0,0.32055113,90.0,-0.0,-6.2599094e-05,9.676678,446.19705,0.3,0.0,35.0,0.033835303,0.05,3000.0,0.015,88.18508,0.00051513937,0.0,0.0,50.0
53,47,0,32.0,1.6047066,233.01822,0.00557071,3.4259683e-05,8.065772,281.58017,0.3,0.0,35.0,0.033835303,0.05,3000.0,0.015,88.279594,0.00010306221,0.0,0.0,50.0
97,19,0,15.0,0.6410822,90.0,0.011280832,0.00018777087,8.98353,199.67502,0.7,0.0,35.0,0.033835303,0.1,3000.0,0.035,176.48827,0.00025760048,0.0,0.0,30.0
35,119,0,55.0,3.0247579,122.11017,-9.37262e-05,3.5847777e-05,8.529826,281.58017,1.1,0.0,35.0,0.033835303,0.01,3000.0,0.1,17.658138,5.463845e-05,0.0,0.0,10.0
124,72,0,23.0,0.7173292,296.65836,0.033215214,0.00011903274,8.871142,541.469,0.3,0.0,35.0,0.033835303,0.05,3000.0,0.015,88.25038,0.00023040718,0.0,0.0,50.0
63,67,0,31.0,1.2820039,270.0,0.011280832,0.00037533027,8.290383,199.67502,0.3,0.0,35.0,0.033835303,0.05,3000.0,0.015,88.273674,0.00012881224,0.0,0.0,50.0
121,83,0,10.0,1.8704919,121.06663,-0.00056717364,-4.4519307e-05,7.912418,126.1318,0.3,0.0,35.0,0.033835303,0.05,3000.0,0.015,88.28295,8.840215e-05,0.0,0.0,50.0
16,48,0,46.0,3.4674404,236.20233,0.0061140866,0.00019418205,7.987483,282.49762,1.1,0.0,35.0,0.033835303,0.01,3000.0,0.1,17.65846,4.7650243e-05,0.0,0.0,10.0
4,42,0,66.0,2.5905683,29.644625,0.012168274,0.00051746145,7.586416,321.3227,0.3,0.0,35.0,0.033835303,0.05,3000.0,0.015,88.28856,6.39434e-05,0.0,0.0,50.0
27,54,0,29.0,2.3168123,146.41736,-0.0032217177,-0.00015175871,8.391384,89.00714,1.1,0.0,35.0,0.033835303,0.01,3000.0,0.1,17.657368,7.146334e-05,0.0,0.0,10.0
26,89,0,53.0,1.6404692,11.265213,0.006391457,5.263224e-06,8.043719,321.3227,0.3,0.0,35.0,0.033835303,0.05,3000.0,0.015,88.28004,0.00010108727,0.0,0.0,50.0
117,75,0,18.0,1.3217627,255.90884,-0.0043422882,-0.00021367139,8.25983,357.4792,0.3,0.0,35.0,0.033835303,0.05,3000.0,0.015,88.27456,0.00012497633,0.0,0.0,50.0
108,100,0,25.0,4.5418897,171.90244,-0.0019783701,-0.00012490198,7.023534,321.3227,1.1,0.0,35.0,0.033835303,0.01,3000.0,0.1,17.658974,3.6446316e-05,0.0,0.0,10.0
71,61,0,20.0,1.8704919,121.06663,-0.0036582707,0.00014976584,7.912418,282.49762,0.3,0.0,35.0,0.033835303,0.05,3000.0,0.015,88.28295,8.840215e-05,0.0,0.0,50.0
12,63,0,46.0,7.4572086,43.148033,-0.0027400716,-0.000539246,7.217272,199.18846,0.3,0.0,35.0,0.033835303,0.05,3000.0,0.015,88.29817,2.2052112e-05,0.0,0.0,50.0
37,28,0,54.0,2.6421201,284.09116,0.014594916,0.0005840834,7.566684,281.58017,1.1,0.0,35.0,0.033835303,0.01,3000.0,0.1,17.657778,6.250019e-05,0.0,0.0,10.0
89,68,0,37.0,0.7173292,116.65834,0.011071739,0.0007727589,8.871142,178.01428,0.3,0.0,35.0,0.033835303,0.05,3000.0,0.015,88.25038,0.00023040718,0.0,0.0,50.0
112,33,0,9.0,1.1570693,236.20233,0.0034766374,0.0002762234,8.392948,178.7396,0.7,0.0,35.0,0.033835303,0.1,3000.0,0.035,176.54091,0.0001429026,0.0,0.0,30.0
84,71,0,31.0,2.9119177,6.3146715,-0.008218092,-0.00017753895,9.771886,89.00714,1.1,0.0,35.0,0.033835303,0.01,3000.0,0.1,17.658033,5.6879242e-05,0.0,0.0,10.0
84,120,0,58.0,4.1841927,147.63423,0.0107314885,0.0005917382,7.1058807,282.49762,1.1,0.0,35.0,0.033835303,0.01,3000.0,0.1,17.65883,3.9560622e-05,0.0,0.0,10.0
76,91,0,50.0,1.437936,206.47198,-0.010491406,0.0008941533,8.175556,199.18846,0.3,0.0,35.0,0.033835303,0.05,3000.0,0.015,88.276794,0.00011521562,0.0,0.0,50.0
28,40,0,52.0,2.5929894,352.9036,-0.0008507744,-5.5204015e-05,8.6840925,199.18846,0.3,0.0,35.0,0.033835303,0.05,3000.0,0.015,88.28856,6.39434e-05,0.0,0.0,50.0
32,82,0,33.0,5.852324,170.57538,0.00045404074,-0.0005431186,7.867262,89.00714,1.1,0.0,35.0,0.033835303,0.01,3000.0,0.1,17.65935,2.8242763e-05,0.0,0.0,10.0
13,100,0,47.0,7.023704,209.96768,-0.0016399479,-0.002227739,7.2778044,126.1318,1.1,0.0,35.0,0.033835303,0.01,3000.0,0.1,17.659567,2.349533e-05,0.0,0.0,10.0
78,29,0,20.0,1.8704919,58.933353,0.00017015178,5.7719633e-05,8.605565,321.3227,1.1,0.0,35.0,0.033835303,0.01,3000.0,0.1,17.65659,8.8402165e-05,0.0,0.0,10.0
77,64,0,31.0,7.0355425,309.58682,-0.0014429553,0.0003285844,6.582956,281.58017,1.1,0.0,35.0,0.033835303,0.01,3000.0,0.1,17.659569,2.3419372e-05,0.0,0.0,10.0
12,76,0,74.0,2.7381103,110.63275,0.012975619,0.00069705234,7.530945,252.2636,0.3,0.0,35.0,0.033835303,0.05,3000.0,0.015,88.28938,6.0335355e-05,0.0,0.0,50.0
36,84,0,37.0,3.593326,10.26392,0.0025566728,0.00015384637,7.258584,89.00714,0.3,0.0,35.0,0.033835303,0.05,3000.0,0.015,88.29264,4.6131052e-05,0.0,0.0,50.0
64,61,0,23.0,2.4413378,293.28308,-0.012018655,-0.0001447644,10.284881,0.0,0.3,0.0,35.0,0.033835303,0.05,3000.0,0.015,88.287704,6.766539e-05,0.0,0.0,50.0
35,14,0,28.0,3.3069139,28.955803,-0.016410742,-0.00021446153,7.341848,126.1318,1.1,0.0,35.0,0.033835303,0.01,3000.0,0.1,17.658348,5.0080926e-05,0.0,0.0,10.0
16,37,0,54.0,3.550397,185.17348,0.010094495,-3.1671698e-05,7.270634,282.49762,1.1,0.0,35.0,0.033835303,0.01,3000.0,0.1,17.658504,4.666277e-05,0.0,0.0,10.0
121,102,0,14.0,1.3625141,135.11649,-0.0013213578,-3.2168802e-05,8.229454,126.1318,1.1,0.0,35.0,0.033835303,0.01,3000.0,0.1,17.655073,0.00012140628,0.0,0.0,10.0
106,35,0,13.0,2.8740628,153.52802,0.0049959077,0.00018771205,7.4824085,399.35004,0.7,0.0,35.0,0.033835303,0.1,3000.0,0.035,176.58003,5.7600842e-05,0.0,0.0,30.0
1,19,0,36.0,3.2659984,281.35483,0.0059535303,0.00053611875,7.3543253,321.3227,1.1,0.0,35.0,0.033835303,0.01,3000.0,0.1,17.658325,5.053667e-05,0.0,0.0,10.0
96,108,0,36.0,5.0028396,230.0798,-0.005713229,0.00018498751,6.926423,281.58017,1.1,0.0,35.0,0.033835303,0.01,3000.0,0.1,17.659132,3.3028165e-05,0.0,0.0,10.0
42,34,0,44.0,3.1646187,23.876139,0.0073403413,0.00072278973,7.3859243,199.18846,1.1,0.0,35.0,0.033835303,0.01,3000.0,0.1,17.658243,5.235969e-05,0.0,0.0,10.0
2,64,0,48.0,4.1598835,270.0,0.0060742935,-0.0004968685,7.111728,178.01428,1.1,0.0,35.0,0.033835303,0.01,3000.0,0.1,17.658825,3.9674564e-05,0.0,0.0,10.0
33,10,0,52.0,9.687228,152.6875,-0.00013264666,0.0001718385,6.2585735,321.82562,1.1,0.0,35.0,0.033835303,0.01,3000.0,0.1,17.659864,1.6962873e-05,0.0,0.0,10.0
51,4,0,50.0,4.771548,199.58015,-0.002613729,0.0002181899,6.973988,398.37692,1.1,0.0,35.0,0.033835303,0.01,3000.0,0.1,17.659056,3.4699257e-05,0.0,0.0,10.0
99,117,0,18.0,4.0137167,61.291492,-0.00162402,0.00017728907,7.1476192,89.3698,0.3,0.0,35.0,0.033835303,0.05,3000.0,0.015,88.293785,4.1155752e-05,0.0,0.0,50.0
60,75,0,27.0,2.9004087,96.36581,-0.00075190066,-0.00061761355,9.082706,199.18846,1.1,0.0,35.0,0.033835303,0.01,3000.0,0.1,17.658033,5.6879242e-05,0.0,0.0,10.0
63,60,0,21.0,3.2310994,354.31244,-0.0054846504,9.0342255e-05,10.073141,0.0,0.3,0.0,35.0,0.033835303,0.05,3000.0,0.015,88.291466,5.1296258e-05,0.0,0.0,50.0
38,70,0,37.0,5.359735,72.57954,-0.001971223,-0.0005609094,7.5502844,126.1318,1.1,0.0,35.0,0.033835303,0.01,3000.0,0.1,17.659235,3.07494e-05,0.0,0.0,10.0
114,81,0,17.0,4.1045995,308.7735,-0.0075801713,0.0002589749,7.8183007,267.02142,0.3,0.0,35.0,0.033835303,0.05,3000.0,0.015,88.294,4.0282233e-05,0.0,0.0,50.0
31,6,0,54.0,5.3086376,155.07227,0.0017446227,-0.00012963668,7.5599194,199.18846,0.3,0.0,35.0,0.033835303,0.05,3000.0,0.015,88.29609,3.1129188e-05,0.0,0.0,50.0
94,72,0,40.0,1.9304327,0.0,-0.00092867116,0.00044104076,7.8808517,367.07394,0.3,0.0,35.0,0.033835303,0.05,3000.0,0.015,88.28353,8.585753e-05,0.0,0.0,50.0
55,13,0,6.0,2.2700963,44.88351,-0.006342518,-0.0008802355,8.411776,89.3698,1.1,0.0,35.0,0.033835303,0.01,3000.0,0.1,17.6573,7.286857e-05,0.0,0.0,10.0
63,23,0,8.0,2.9004087,276.3658,-0.008301291,-0.00042647801,9.265028,126.1318,0.3,0.0,35.0,0.033835303,0.05,3000.0,0.015,88.29018,5.687923e-05,0.0,0.0,50.0
66,81,0,43.0,4.3123307,47.89692,0.00065654115,0.0002938274,7.0756054,268.10938,0.3,0.0,35.0,0.033835303,0.05,3000.0,0.015,88.29443,3.834527e-05,0.0,0.0,50.0
18,92,0,71.0,4.737064,151.79639,0.0010085368,1.2753676e-05,6.981275,321.3227,1.1,0.0,35.0,0.033835303,0.01,3000.0,0.1,17.659044,3.4927136e-05,0.0,0.0,10.0
112,50,0,15.0,2.0549364,128.7735,-0.00083392544,-6.360269e-05,8.511448,199.18846,0.3,0.0,35.0,0.033835303,0.05,3000.0,0.015,88.28476,8.0464444e-05,0.0,0.0,50.0
51,44,0,33.0,2.5905683,150.35536,0.0033273452,0.00016247715,7.586416,321.82562,1.1,0.0,35.0,0.033835303,0.01,3000.0,0.1,17.657711,6.394341e-05,0.0,0.0,10.0
57,17,0,14.0,5.7594724,86.807236,-5.102065e-05,-0.00045686867,6.7847524,199.67502,0.3,0.0,35.0,0.033835303,0.05,3000.0,0.015,88.29667,2.858457e-05,0.0,0.0,50.0
78,33,0,27.0,1.3265119,193.98154,0.016944548,0.0003931616,8.256243,356.02856,1.1,0.0,35.0,0.033835303,0.01,3000.0,0.1,17.654911,0.00012497634,0.0,0.0,10.0
56,84,0,44.0,3.650967,285.31436,0.006486448,8.9196656e-05,7.2426276,199.18846,1.1,0.0,35.0,0.033835303,0.01,3000.0,0.1,17.65857,4.5219556e-05,0.0,0.0,10.0
32,13,0,48.0,6.8450627,217.293,0.0024571766,0.00017460085,6.6106734,126.1318,1.1,0.0,35.0,0.033835303,0.01,3000.0,0.1,17.65954,2.4103005e-05,0.0,0.0,10.0
9,78,0,80.0,5.1754007,7.0963984,0.0043549016,0.00010583605,6.892333,367.07394,0.3,0.0,35.0,0.033835303,0.05,3000.0,0.015,88.29589,3.2002717e-05,0.0,0.0,50.0
7,70,0,44.0,1.8164191,315.1165,-0.035181165,-0.00011151234,11.032815,0.0,1.1,0.0,35.0,0.033835303,0.01,3000.0,0.1,17.656466,9.109871e-05,0.0,0.0,10.0
91,68,0,26.0,3.344013,106.763466,0.0028916458,-0.00032405969,7.3306665,178.7396,0.3,0.0,35.0,0.033835303,0.05,3000.0,0.015,88.29191,4.939729e-05,0.0,0.0,50.0
54,51,0,23.0,1.9493196,260.49982,0.0035575673,-0.00015186392,7.8711085,89.00714,0.3,0.0,35.0,0.033835303,0.05,3000.0,0.015,88.28378,8.471815e-05,0.0,0.0,50.0
56,24,0,35.0,6.757896,174.5816,0.0022130776,0.0003582488,6.6236105,126.1318,1.1,0.0,35.0,0.033835303,0.01,3000.0,0.1,17.659523,2.4444817e-05,0.0,0.0,10.0
48,87,0,39.0,5.008768,296.65836,-0.0038822973,-0.00022263723,7.6183796,378.3954,0.3,0.0,35.0,0.033835303,0.05,3000.0,0.015,88.29568,3.291422e-05,0.0,0.0,50.0
115,74,0,21.0,0.45424747,44.88351,0.013874263,0.00042488976,9.328067,199.67502,0.3,0.0,35.0,0.033835303,0.05,3000.0,0.015,88.21967,0.0003643227,0.0,0.0,50.0
17,80,0,52.0,4.062778,18.36517,0.0046750573,4.3478653e-05,7.13543,178.7396,0.3,0.0,35.0,0.033835303,0.05,3000.0,0.015,88.29388,4.077596e-05,0.0,0.0,50.0
2,82,0,83.0,5.761987,70.48673,0.0061730486,0.0003484873,6.784313,178.7396,1.1,0.0,35.0,0.033835303,0.01,3000.0,0.1,17.659332,2.8584573e-05,0.0,0.0,10.0
34,41,0,51.0,1.8164191,315.1165,0.0158563,-6.0457773e-05,7.9417725,126.1318,0.3,0.0,35.0,0.033835303,0.05,3000.0,0.015,88.28233,9.1098686e-05,0.0,0.0,50.0
68,122,0,70.0,4.6745286,344.11603,0.009351948,0.00027038885,6.994624,321.82562,0.3,0.0,35.0,0.033835303,0.05,3000.0,0.015,88.2951,3.5420868e-05,0.0,0.0,50.0
71,63,0,19.0,2.0273457,108.504944,0.0068586725,-0.00014758472,7.8318295,267.02142,1.1,0.0,35.0,0.033835303,0.01,3000.0,0.1,17.656904,8.14899e-05,0.0,0.0,10.0
40,51,0,23.0,2.2745183,171.90244,-0.00014187524,-0.00021526274,7.716681,89.00714,1.1,0.0,35.0,0.033835303,0.01,3000.0,0.1,17.6573,7.286857e-05,0.0,0.0,10.0
52,14,0,27.0,11.736798,18.853283,0.0044303476,-0.0001289722,6.0621195,178.01428,1.1,0.0,35.0,0.033835303,0.01,3000.0,0.1,17.660004,1.3962498e-05,0.0,0.0,10.0
67,105,0,25.0,3.2310994,185.68759,-0.0046611293,-0.0003011423,8.463703,89.00714,1.1,0.0,35.0,0.033835303,0.01,3000.0,0.1,17.658293,5.129627e-05,0.0,0.0,10.0
120,67,0,17.0,1.6047066,53.018208,-0.0015274533,-5.1307037e-05,10.0116825,281.58017,0.3,0.0,35.0,0.033835303,0.05,3000.0,0.015,88.279594,0.00010306221,0.0,0.0,50.0
110,85,0,14.0,1.874072,149.13892,0.0004793385,7.758311e-05,7.9105043,178.7396,1.1,0.0,35.0,0.033835303,0.01,3000.0,0.1,17.65659,8.8402165e-05,0.0,0.0,10.0
34,120,0,58.0,2.9641948,167.52043,0.007036061,0.0002634362,7.4514766,178.01428,1.1,0.0,35.0,0.033835303,0.01,3000.0,0.1,17.658081,5.592975e-05,0.0,0.0,10.0
19,110,0,39.0,5.256158,37.45606,-0.000940086,-0.00019277316,7.5699105,321.3227,1.1,0.0,35.0,0.033835303,0.01,3000.0,0.1,17.6592,3.1433032e-05,0.0,0.0,10.0
92,121,0,34.0,5.069113,145.41379,0.00023067626,0.00044658367,7.606342,178.01428,0.3,0.0,35.0,0.033835303,0.05,3000.0,0.015,88.29576,3.257241e-05,0.0,0.0,50.0
68,81,0,30.0,3.894137,80.49982,-0.00051359244,-0.0005563985,7.8711085,89.3698,0.3,0.0,35.0,0.033835303,0.05,3000.0,0.015,88.2935,4.2371095e-05,0.0,0.0,50.0
20,52,0,41.0,1.6065339,143.24185,-0.006178522,-7.754092e-05,9.674071,445.68933,1.1,0.0,35.0,0.033835303,0.01,3000.0,0.1,17.655918,0.00010306223,0.0,0.0,10.0
12,6,0,30.0,1.9568262,9.424614,0.011590419,0.0003264165,7.867262,89.00714,1.1,0.0,35.0,0.033835303,0.01,3000.0,0.1,17.656755,8.471815e-05,0.0,0.0,10.0
79,21,0,16.0,1.7317762,21.721191,-0.007147834,0.00021581454,8.68267,281.58017,0.3,0.0,35.0,0.033835303,0.05,3000.0,0.015,88.28129,9.565621e-05,0.0,0.0,50.0
16,106,0,39.0,6.5779195,60.846382,0.0031229977,-0.0016426605,7.343996,126.1318,1.1,0.0,35.0,0.033835303,0.01,3000.0,0.1,17.659496,2.5052486e-05,0.0,0.0,10.0
77,23,0,15.0,1.3217627,104.091156,-0.0079608625,5.8176483e-05,8.25983,126.1318,0.3,0.0,35.0,0.033835303,0.05,3000.0,0.015,88.27456,0.00012497633,0.0,0.0,50.0
38,58,0,51.0,2.8740628,153.52802,0.02597872,0.00048524377,7.4824085,368.3933,0.3,0.0,35.0,0.033835303,0.05,3000.0,0.015,88.290016,5.760084e-05,0.0,0.0,50.0
21,119,0,47.0,1.922605,90.0,-0.0,-0.00021873727,7.884918,126.1318,1.1,0.0,35.0,0.033835303,0.01,3000.0,0.1,17.656706,8.5857544e-05,0.0,0.0,10.0
57,81,0,45.0,2.0549364,231.2265,0.015374169,0.0005154354,7.8183007,282.49762,1.1,0.0,35.0,0.033835303,0.01,3000.0,0.1,17.656952,8.046446e-05,0.0,0.0,10.0
20,116,0,52.0,2.2745183,351.90247,0.017103838,0.000670382,7.716681,199.67502,1.1,0.0,35.0,0.033835303,0.01,3000.0,0.1,17.6573,7.286857e-05,0.0,0.0,10.0
4,106,0,60.0,2.3411603,15.883961,-0.006576717,0.00096046145,7.6877713,199.18846,1.1,0.0,35.0,0.033835303,0.01,3000.0,0.1,17.657396,7.0817674e-05,0.0,0.0,10.0
92,35,0,18.0,2.5731533,180.0,0.0069650356,0.00031461252,7.5931697,178.01428,1.1,0.0,35.0,0.033835303,0.01,3000.0,0.1,17.657688,6.443714e-05,0.0,0.0,10.0
48,64,0,33.0,1.6023545,90.0,-0.038354825,-0.00028137886,10.77529,0.0,1.1,0.0,35.0,0.033835303,0.01,3000.0,0.1,17.655918,0.00010306223,0.0,0.0,10.0
88,80,0,27.0,2.5731533,0.0,0.0006965035,-0.00037753495,7.5931697,199.67502,0.3,0.0,35.0,0.033835303,0.05,3000.0,0.015,88.288445,6.443714e-05,0.0,0.0,50.0
9,106,0,55.0,7.729765,209.64464,0.0042764926,-0.00016637865,7.1809506,178.01428,1.1,0.0,35.0,0.033835303,0.01,3000.0,0.1,17.659666,2.1330507e-05,0.0,0.0,10.0
73,65,0,18.0,3.0394335,288.50494,0.0038004774,-0.0002625218,8.812659,199.67502,1.1,0.0,35.0,0.033835303,0.01,3000.0,0.1,17.65815,5.4334618e-05,0.0,0.0,10.0
75,123,0,48.0,0.6410822,90.0,0.025381869,-0.00059460767,8.98353,281.58017,1.1,0.0,35.0,0.033835303,0.01,3000.0,0.1,17.648827,0.00025760045,0.0,0.0,10.0
11,6,0,27.0,2.2518637,0.0,-0.0031840159,6.296712e-05,7.7267013,89.00714,0.3,0.0,35.0,0.033835303,0.05,3000.0,0.015,88.28634,7.3590185e-05,0.0,0.0,50.0
68,39,0,13.0,6.296428,14.686325,-0.002703023,-0.0003861154,8.640865,89.00714,0.3,0.0,35.0,0.033835303,0.05,3000.0,0.015,88.2972,2.6267824e-05,0.0,0.0,50.0
16,46,0,48.0,3.1765401,315.1165,0.008494445,-9.30815e-05,7.382157,252.2636,0.3,0.0,35.0,0.033835303,0.05,3000.0,0.015,88.29128,5.209383e-05,0.0,0.0,50.0
73,47,0,32.0,2.0549364,128.7735,-0.0034212344,2.675712e-05,7.8183007,199.67502,0.3,0.0,35.0,0.033835303,0.05,3000.0,0.015,88.28476,8.0464444e-05,0.0,0.0,50.0
36,4,0,46.0,3.550397,185.17348,-0.0038914052,0.00046197078,7.270634,199.18846,1.1,0.0,35.0,0.033835303,0.01,3000.0,0.1,17.658504,4.666277e-05,0.0,0.0,10.0
50,55,0,26.0,3.8804142,335.6437,0.0023105263,-3.2825097e-05,7.181502,282.49762,0.3,0.0,35.0,0.033835303,0.05,3000.0,0.015,88.293434,4.2674925e-05,0.0,0.0,50.0
77,74,0,45.0,4.5806804,257.85742,0.0030211725,0.00038207235,7.014993,252.2636,1.1,0.0,35.0,0.033835303,0.01,3000.0,0.1,17.658993,3.6028534e-05,0.0,0.0,10.0
84,21,0,17.0,2.7591798,54.35206,0.0045443955,0.00018852123,7.5232677,321.82562,1.1,0.0,35.0,0.033835303,0.01,3000.0,0.1,17.657896,5.9917587e-05,0.0,0.0,10.0
57,71,0,25.0,1.874072,30.861074,-0.011306743,0.00021081702,7.9105043,126.1318,1.1,0.0,35.0,0.033835303,0.01,3000.0,0.1,17.65659,8.8402165e-05,0.0,0.0,10.0
88,105,0,34.0,3.156025,114.049065,-0.0007365236,0.0002884249,7.388649,199.18846,1.1,0.0,35.0,0.033835303,0.01,3000.0,0.1,17.658243,5.235969e-05,0.0,0.0,10.0
2,35,0,56.0,3.8700848,65.46816,0.008059442,0.00014649486,7.1841755,199.18846,1.1,0.0,35.0,0.033835303,0.01,3000.0,0.1,17.658686,4.2674936e-05,0.0,0.0,10.0
101,53,0,21.0,0.64369404,0.0,0.0027860147,0.00012620255,8.979465,368.3933,0.3,0.0,35.0,0.033835303,0.05,3000.0,0.015,88.24413,0.00025760045,0.0,0.0,50.0
54,16,0,42.0,4.367763,17.037354,0.0055373833,0.0012674491,7.0627837,321.3227,1.1,0.0,35.0,0.033835303,0.01,3000.0,0.1,17.658905,3.792751e-05,0.0,0.0,10.0
20,81,0,40.0,2.8825557,90.0,-0.0062671285,-0.00056128245,10.475185,0.0,1.1,0.0,35.0,0.033835303,0.01,3000.0,0.1,17.65802,5.7221052e-05,0.0,0.0,10.0
63,124,0,48.0,2.651603,166.01846,0.0091484655,0.00014081238,7.563096,178.7396,1.1,0.0,35.0,0.033835303,0.01,3000.0,0.1,17.657778,6.250019e-05,0.0,0.0,10.0
67,100,0,30.0,4.062778,161.63483,-0.0015877557,-0.0006374533,7.828577,89.00714,0.3,0.0,35.0,0.033835303,0.05,3000.0,0.015,88.29388,4.077596e-05,0.0,0.0,50.0
95,25,0,12.0,2.8670712,243.34166,0.0078005423,0.00020558175,7.4848485,178.01428,0.7,0.0,35.0,0.033835303,0.1,3000.0,0.035,176.58003,5.7600842e-05,0.0,0.0,30.0
35,93,0,75.0,6.4663053,290.30057,0.008861548,0.00043248673,6.6681113,455.62735,1.1,0.0,35.0,0.033835303,0.01,3000.0,0.1,17.659475,2.547026e-05,0.0,0.0,10.0
84,60,0,17.0,1.8164191,44.88351,0.0044595846,1.6075857e-05,7.9417725,178.01428,0.3,0.0,35.0,0.033835303,0.05,3000.0,0.015,88.28233,9.1098686e-05,0.0,0.0,50.0
23,81,0,45.0,3.550397,185.17348,0.00457788,-0.00012781563,7.270634,267.02142,0.3,0.0,35.0,0.033835303,0.05,3000.0,0.015,88.29253,4.6662768e-05,0.0,0.0,50.0
82,54,0,19.0,0.45424747,135.11649,0.009910187,-0.0001098614,9.328067,268.10938,0.3,0.0,35.0,0.033835303,0.05,3000.0,0.015,88.21967,0.0003643227,0.0,0.0,50.0
53,36,0,21.0,5.0064907,39.691032,0.00023507915,-0.00020501284,8.0243025,89.00714,1.1,0.0,35.0,0.033835303,0.01,3000.0,0.1,17.659132,3.3028165e-05,0.0,0.0,10.0
14,114,0,44.0,2.746499,20.479568,0.0029256854,1.5843229e-05,7.527881,199.18846,0.3,0.0,35.0,0.033835303,0.05,3000.0,0.015,88.28938,6.0335355e-05,0.0,0.0,50.0
107,100,0,25.0,1.874072,149.13892,-0.024615424,8.102783e-05,9.296799,321.3227,0.3,0.0,35.0,0.033835303,0.05,3000.0,0.015,88.28295,8.840215e-05,0.0,0.0,50.0
52,35,0,20.0,6.7987323,41.0705,0.000543267,-0.00092723675,7.3106766,89.00714,1.1,0.0,35.0,0.033835303,0.01,3000.0,0.1,17.659533,2.421694e-05,0.0,0.0,10.0
11,33,0,43.0,2.9596786,40.48621,-0.0019439821,3.6227102e-05,7.453004,252.2636,1.1,0.0,35.0,0.033835303,0.01,3000.0,0.1,17.658081,5.592975e-05,0.0,0.0,10.0
9,33,0,43.0,2.9004087,263.6342,0.003501276,4.2828015e-05,7.473268,178.01428,1.1,0.0,35.0,0.033835303,0.01,3000.0,0.1,17.658033,5.6879242e-05,0.0,0.0,10.0
31,104,0,40.0,5.1675744,291.88187,0.0040623397,0.00026004034,6.8938546,126.1318,0.3,0.0,35.0,0.033835303,0.05,3000.0,0.015,88.295906,3.1888776e-05,0.0,0.0,50.0
86,46,0,22.0,2.1510887,296.65836,0.00083876797,0.0001562258,8.465677,252.2636,0.3,0.0,35.0,0.033835303,0.05,3000.0,0.015,88.28561,7.6818425e-05,0.0,0.0,50.0
52,71,0,26.0,1.0139902,71.49504,-0.024762478,-0.00035098247,8.524977,126.1318,1.1,0.0,35.0,0.033835303,0.01,3000.0,0.1,17.653168,0.00016295575,0.0,0.0,10.0
92,94,0,18.0,1.7266877,111.88186,-0.016261376,-0.00010819812,10.189692,89.3698,0.3,0.0,35.0,0.033835303,0.05,3000.0,0.015,88.28129,9.565621e-05,0.0,0.0,50.0
83,124,0,50.0,0.90843785,135.11649,-0.0,-0.00012617886,9.328067,378.3954,1.1,0.0,35.0,0.033835303,0.01,3000.0,0.1,17.652287,0.00018217335,0.0,0.0,10.0
30,68,0,60.0,4.1623864,112.70268,0.010125155,0.00017306872,7.1111245,282.49762,0.3,0.0,35.0,0.033835303,0.05,3000.0,0.015,88.29412,3.967456e-05,0.0,0.0,50.0
91,63,0,22.0,4.1623864,67.2973,0.0026216235,-0.00040615478,7.8042717,126.1318,0.3,0.0,35.0,0.033835303,0.05,3000.0,0.015,88.29412,3.967456e-05,0.0,0.0,50.0
30,103,0,24.0,0.0,0.0,0.0,0.0,15.541637,0.0,1.7,0.0,35.0,0.033835303,0.01,3000.0,0.1,0.0,999.0,0.0,0.0,10.0
117,103,0,15.0,1.1588799,326.4174,0.0046535935,-0.00018945793,8.391384,89.3698,1.1,0.0,35.0,0.033835303,0.01,3000.0,0.1,17.65409,0.00014290263,0.0,0.0,10.0
89,90,0,38.0,1.9493196,80.49982,0.007616201,0.00014973458,8.564256,252.2636,0.3,0.0,35.0,0.033835303,0.05,3000.0,0.015,88.28378,8.471815e-05,0.0,0.0,50.0
31,13,0,42.0,4.285268,167.05632,-0.012102603,-0.00012703695,8.468219,89.00714,1.1,0.0,35.0,0.033835303,0.01,3000.0,0.1,17.65887,3.8649116e-05,0.0,0.0,10.0
53,68,0,41.0,2.5929894,7.0963984,0.0021163013,0.00075284764,7.58548,252.2636,1.1,0.0,35.0,0.033835303,0.01,3000.0,0.1,17.657711,6.394341e-05,0.0,0.0,10.0
82,4,0,15.0,1.0172933,341.63483,0.008997281,0.00037524226,8.521724,543.5557,1.1,0.0,35.0,0.033835303,0.01,3000.0,0.1,17.653168,0.00016295575,0.0,0.0,10.0
57,121,0,51.0,4.5537753,230.59637,-0.0010654939,0.00023934216,7.7140565,268.10938,0.3,0.0,35.0,0.033835303,0.05,3000.0,0.015,88.29491,3.6294387e-05,0.0,0.0,50.0
108,103,0,16.0,3.2659984,101.35481,-0.008611358,-0.00054347696,9.433766,178.7396,1.1,0.0,35.0,0.033835303,0.01,3000.0,0.1,17.658325,5.053667e-05,0.0,0.0,10.0
42,108,0,31.0,2.7628155,144.57243,0.00761147,-5.5131048e-05,7.521949,89.3698,0.3,0.0,35.0,0.033835303,0.05,3000.0,0.015,88.28948,5.9917587e-05,0.0,0.0,50.0
116,98,0,16.0,3.1646187,156.12386,-0.005277332,-0.00030460893,8.772219,126.1318,1.1,0.0,35.0,0.033835303,0.01,3000.0,0.1,17.658243,5.235969e-05,0.0,0.0,10.0
39,84,0,42.0,1.9493196,279.50018,0.011023448,0.00022196006,7.8711085,178.7396,1.1,0.0,35.0,0.033835303,0.01,3000.0,0.1,17.656755,8.471815e-05,0.0,0.0,10.0
13,101,0,44.0,3.2659984,101.35481,-0.02887462,-0.0011731054,9.75222,126.1318,1.1,0.0,35.0,0.033835303,0.01,3000.0,0.1,17.658325,5.053667e-05,0.0,0.0,10.0
40,13,0,34.0,4.269692,283.04578,-0.0051745037,-0.00030181988,7.0855794,281.58017,1.1,0.0,35.0,0.033835303,0.01,3000.0,0.1,17.65887,3.8649116e-05,0.0,0.0,10.0
10,32,0,46.0,0.45424747,135.11649,0.04162278,0.00039091188,9.328067,281.58017,1.1,0.0,35.0,0.033835303,0.01,3000.0,0.1,17.643934,0.0003643228,0.0,0.0,10.0
116,71,0,17.0,0.90843785,44.88351,0.010901206,-0.00026691362,8.634919,126.1318,0.3,0.0,35.0,0.033835303,0.05,3000.0,0.015,88.26144,0.00018217333,0.0,0.0,50.0
42,46,0,42.0,3.6291943,44.88351,0.0054506026,9.448818e-05,7.2486253,252.2636,0.3,0.0,35.0,0.033835303,0.05,3000.0,0.015,88.29278,4.5561363e-05,0.0,0.0,50.0
71,32,0,12.0,3.4674404,303.7977,-0.0020779907,-0.0004662392,7.987483,199.18846,1.1,0.0,35.0,0.033835303,0.01,3000.0,0.1,17.65846,4.7650243e-05,0.0,0.0,10.0
73,121,0,55.0,3.3069139,28.955803,0.012667761,-0.0002910015,7.341848,282.49762,1.1,0.0,35.0,0.033835303,0.01,3000.0,0.1,17.658348,5.0080926e-05,0.0,0.0,10.0
80,29,0,16.0,1.8704919,58.933353,0.006012043,-0.00013377985,9.01103,178.7396,1.1,0.0,35.0,0.033835303,0.01,3000.0,0.1,17.65659,8.8402165e-05,0.0,0.0,10.0
35,39,0,42.0,2.3331003,106.007034,0.0044252574,-0.00086803554,7.6912236,89.00714,1.1,0.0,35.0,0.033835303,0.01,3000.0,0.1,17.657396,7.0817674e-05,0.0,0.0,10.0
27,121,0,52.0,2.3331003,253.99297,-0.009770619,-4.3346525e-05,8.789836,399.35004,1.1,0.0,35.0,0.033835303,0.01,3000.0,0.1,17.657396,7.0817674e-05,0.0,0.0,10.0
44,79,0,26.0,1.874072,149.13892,-0.0016071926,-0.00029329682,8.603651,199.18846,1.1,0.0,35.0,0.033835303,0.01,3000.0,0.1,17.65659,8.8402165e-05,0.0,0.0,10.0
19,59,0,48.0,10.045995,304.80426,0.004744235,9.873816e-05,6.221479,178.7396,1.1,0.0,35.0,0.033835303,0.01,3000.0,0.1,17.659899,1.6279242e-05,0.0,0.0,10.0
52,37,0,37.0,5.359735,107.420456,0.011993601,-2.12302e-05,6.857137,178.01428,1.1,0.0,35.0,0.033835303,0.01,3000.0,0.1,17.659235,3.07494e-05,0.0,0.0,10.0
58,13,0,2.0,3.5216577,90.0,-0.0030765906,-0.00012449613,7.9719296,178.7396,0.1,0.0,35.0,0.033835303,0.0,3000.0,0.05,0.0,4.6852678e-05,0.0,0.0,90.0
81,93,0,32.0,2.2518637,180.0,-0.01194006,-0.00022038493,10.291651,0.0,0.3,0.0,35.0,0.033835303,0.05,3000.0,0.015,88.28634,7.3590185e-05,0.0,0.0,50.0
58,40,0,21.0,2.7628155,324.57245,-0.004007887,5.076131e-06,8.215096,126.1318,0.3,0.0,35.0,0.033835303,0.05,3000.0,0.015,88.28948,5.9917587e-05,0.0,0.0,50.0
17,106,0,37.0,6.920377,213.58264,0.004494496,-0.0019144139,7.292772,89.00714,0.3,0.0,35.0,0.033835303,0.05,3000.0,0.015,88.29775,2.3837143e-05,0.0,0.0,50.0
113,54,0,13.0,1.4344336,116.65834,0.0025163046,9.6215765e-05,8.177996,178.01428,0.3,0.0,35.0,0.033835303,0.05,3000.0,0.015,88.276794,0.00011521562,0.0,0.0,50.0
58,96,0,46.0,5.8820686,209.2583,-0.00030712632,0.00055791956,7.4566913,199.67502,0.3,0.0,35.0,0.033835303,0.05,3000.0,0.015,88.296776,2.8090839e-05,0.0,0.0,50.0
107,108,0,30.0,7.0085564,226.73135,-0.0036182776,0.0008643843,6.586838,178.01428,0.3,0.0,35.0,0.033835303,0.05,3000.0,0.015,88.297844,2.3495328e-05,0.0,0.0,50.0
18,113,0,36.0,5.1458554,183.56186,0.0005382913,-0.0005781462,6.898089,89.00714,1.1,0.0,35.0,0.033835303,0.01,3000.0,0.1,17.65917,3.2154636e-05,0.0,0.0,10.0
84,28,0,15.0,2.4481852,203.11436,-0.004954234,0.0004627458,8.741631,126.1318,0.3,0.0,35.0,0.033835303,0.05,3000.0,0.015,88.287704,6.766539e-05,0.0,0.0,50.0
54,22,0,30.0,4.4578137,30.155136,0.003237351,0.00065371883,7.0422955,357.4792,1.1,0.0,35.0,0.033835303,0.01,3000.0,0.1,17.658943,3.7129943e-05,0.0,0.0,10.0
81,106,0,39.0,0.45424747,315.1165,0.045586858,0.00048442328,9.328067,268.10938,1.1,0.0,35.0,0.033835303,0.01,3000.0,0.1,17.643934,0.0003643228,0.0,0.0,10.0
84,108,0,32.0,1.8704919,238.93338,-0.0014746516,-0.0003279508,9.01103,281.58017,0.3,0.0,35.0,0.033835303,0.05,3000.0,0.015,88.28295,8.840215e-05,0.0,0.0,50.0
90,105,0,19.0,1.437936,333.528,-0.01398854,-0.000619628,9.967316,89.00714,0.3,0.0,35.0,0.033835303,0.05,3000.0,0.015,88.276794,0.00011521562,0.0,0.0,50.0
10,70,0,62.0,3.5216577,270.0,-0.00205106,0.00015562019,7.2787824,252.2636,1.1,0.0,35.0,0.033835303,0.01,3000.0,0.1,17.658497,4.685267e-05,0.0,0.0,10.0
12,56,0,37.0,3.3553581,16.635233,0.0012988388,0.0001123545,7.327272,199.18846,1.1,0.0,35.0,0.033835303,0.01,3000.0,0.1,17.65838,4.9397288e-05,0.0,0.0,10.0
2,83,0,84.0,4.0496273,108.504944,0.005967936,-0.0001677753,7.138683,178.7396,1.1,0.0,35.0,0.033835303,0.01,3000.0,0.1,17.658773,4.077597e-05,0.0,0.0,10.0
39,26,0,36.0,6.296428,14.686325,0.00394056,-0.000832088,6.6949553,126.1318,1.1,0.0,35.0,0.033835303,0.01,3000.0,0.1,17.65944,2.6267831e-05,0.0,0.0,10.0
19,73,0,40.0,2.9596786,40.48621,-0.00080761046,-0.0005857489,8.551616,89.00714,1.1,0.0,35.0,0.033835303,0.01,3000.0,0.1,17.658081,5.592975e-05,0.0,0.0,10.0
37,85,0,35.0,1.3217627,75.90884,0.0041010506,-0.00043807452,9.869268,89.00714,1.1,0.0,35.0,0.033835303,0.01,3000.0,0.1,17.654911,0.00012497634,0.0,0.0,10.0
96,40,0,16.0,1.0139902,251.49506,0.013182903,0.0001424725,8.524977,178.7396,0.3,0.0,35.0,0.033835303,0.05,3000.0,0.015,88.26585,0.00016295575,0.0,0.0,50.0
49,5,0,54.0,6.4447517,153.52802,0.009270186,0.0012877142,6.6714783,267.02142,0.7,0.0,35.0,0.033835303,0.1,3000.0,0.035,176.5947,2.5622177e-05,0.0,0.0,30.0
47,85,0,32.0,2.5828042,277.15375,-0.005961685,-0.00029563467,8.688033,199.67502,1.4,0.0,35.0,0.033835303,0.3,3000.0,0.04,529.7314,6.394341e-05,0.0,0.0,40.0
48,2,0,47.0,4.7566276,289.72772,0.00034974518,0.00059178355,8.363429,252.2636,1.1,0.0,35.0,0.033835303,0.01,3000.0,0.1,17.659056,3.4699257e-05,0.0,0.0,10.0
78,14,0,15.0,0.71908116,26.471973,0.011990178,6.962437e-05,8.868703,281.58017,0.3,0.0,35.0,0.033835303,0.05,3000.0,0.015,88.25038,0.00023040718,0.0,0.0,50.0
122,83,0,5.0,2.0273457,108.504944,-0.0057897884,-0.00039107818,7.8318295,89.00714,0.7,0.0,35.0,0.033835303,0.1,3000.0,0.035,176.56906,8.14899e-05,0.0,0.0,30.0
92,61,0,17.0,1.6065339,216.75815,-0.0025967706,-0.00046129807,9.450928,89.00714,0.3,0.0,35.0,0.033835303,0.05,3000.0,0.015,88.279594,0.00010306221,0.0,0.0,50.0
124,104,0,14.0,4.108252,38.54621,0.004243781,6.9748225e-05,8.222874,368.3933,1.1,0.0,35.0,0.033835303,0.01,3000.0,0.1,17.658798,4.028223e-05,0.0,0.0,10.0
65,64,0,36.0,4.765009,317.84225,-0.0010027526,0.00036582162,6.975366,281.58017,0.3,0.0,35.0,0.033835303,0.05,3000.0,0.015,88.29528,3.4699257e-05,0.0,0.0,50.0
14,103,0,50.0,11.249567,40.311104,0.0039137304,-0.0011483653,6.7988253,89.00714,1.1,0.0,35.0,0.033835303,0.01,3000.0,0.1,17.659977,1.45701715e-05,0.0,0.0,10.0
77,108,0,37.0,2.0273457,288.50494,0.011935872,0.00045510396,7.8318295,199.18846,0.3,0.0,35.0,0.033835303,0.05,3000.0,0.015,88.28453,8.14899e-05,0.0,0.0,50.0
50,124,0,53.0,2.1563382,26.471973,-0.007993452,8.067617e-05,7.7700906,378.3954,0.3,0.0,35.0,0.033835303,0.05,3000.0,0.015,88.28561,7.6818425e-05,0.0,0.0,50.0
34,59,0,29.0,0.90843785,315.1165,-0.025766486,3.0899242e-05,11.525291,0.0,0.3,0.0,35.0,0.033835303,0.05,3000.0,0.015,88.26144,0.00018217333,0.0,0.0,50.0
110,78,0,12.0,2.2656658,81.83721,0.00047848804,0.00010653414,7.7205844,89.3698,0.3,0.0,35.0,0.033835303,0.05,3000.0,0.015,88.286514,7.2868555e-05,0.0,0.0,50.0
33,5,0,51.0,2.8825557,90.0,0.0037602768,-3.1182375e-05,7.479453,368.3933,1.1,0.0,35.0,0.033835303,0.01,3000.0,0.1,17.65802,5.7221052e-05,0.0,0.0,10.0
101,109,0,56.0,2.8740628,26.471973,0.012489769,0.0013812274,7.4824085,199.18846,1.1,0.0,35.0,0.033835303,0.01,3000.0,0.1,17.658003,5.7600842e-05,0.0,0.0,10.0
6,106,0,52.0,6.112456,47.00491,0.0028576483,-0.00026905787,6.724842,89.00714,1.1,0.0,35.0,0.033835303,0.01,3000.0,0.1,17.659407,2.6989434e-05,0.0,0.0,10.0
97,53,0,21.0,1.0139902,251.49506,0.011935872,-0.00011602125,8.524977,356.02856,0.3,0.0,35.0,0.033835303,0.05,3000.0,0.015,88.26585,0.00016295575,0.0,0.0,50.0
27,60,0,79.0,0.0,0.0,0.0,0.0,11.398502,268.10938,0.3,0.0,35.0,0.033835303,0.05,3000.0,0.015,0.0,999.0,0.0,0.0,50.0
4,9,0,36.0,6.7134194,115.43642,0.003982588,-0.0008892281,7.3234224,89.00714,1.1,0.0,35.0,0.033835303,0.01,3000.0,0.1,17.65952,2.4558754e-05,0.0,0.0,10.0
101,80,0,18.0,3.0493183,18.36517,0.004704461,-0.00025056617,7.423112,89.00714,0.3,0.0,35.0,0.033835303,0.05,3000.0,0.015,88.29076,5.433461e-05,0.0,0.0,50.0
122,49,0,4.0,1.9493196,279.50018,-0.012902444,-0.00018885551,9.257402,282.49762,0.7,0.0,35.0,0.033835303,0.1,3000.0,0.035,176.56757,8.471815e-05,0.0,0.0,30.0
48,0,0,35.0,7.9249563,310.21573,2.929067e-06,0.00033613053,8.07199,178.7396,1.0,0.0,35.0,0.033835303,0.1,3000.0,0.035,176.59694,2.0760814e-05,0.0,0.0,0.0
32,62,0,38.0,4.0137167,61.291492,-0.0065046577,-0.00020120793,8.246232,89.3698,1.1,0.0,35.0,0.033835303,0.01,3000.0,0.1,17.658756,4.115576e-05,0.0,0.0,10.0
25,27,0,58.0,3.0493183,161.63483,0.007585943,0.000504537,7.423112,282.49762,1.1,0.0,35.0,0.033835303,0.01,3000.0,0.1,17.65815,5.4334618e-05,0.0,0.0,10.0
120,88,0,14.0,4.5951858,335.3134,0.0022619942,-0.00021156334,7.704965,89.00714,1.1,0.0,35.0,0.033835303,0.01,3000.0,0.1,17.658993,3.6028534e-05,0.0,0.0,10.0
51,43,0,36.0,1.0172933,161.63483,0.023639914,0.0005225879,8.521724,282.49762,0.3,0.0,35.0,0.033835303,0.05,3000.0,0.015,88.26585,0.00016295575,0.0,0.0,50.0
40,105,0,38.0,3.2310994,185.68759,0.0003513689,0.0001993399,7.3650913,126.1318,0.3,0.0,35.0,0.033835303,0.05,3000.0,0.015,88.291466,5.1296258e-05,0.0,0.0,50.0
3,77,0,72.0,4.4786186,270.0,0.0012086603,0.00024812133,7.7307673,199.67502,1.1,0.0,35.0,0.033835303,0.01,3000.0,0.1,17.658957,3.6826106e-05,0.0,0.0,10.0
71,2,0,11.0,1.3625141,44.88351,-0.011231543,0.00023563947,8.922602,199.67502,1.1,0.0,35.0,0.033835303,0.01,3000.0,0.1,17.655073,0.00012140628,0.0,0.0,10.0
35,91,0,59.0,6.043429,31.900768,-0.003472693,0.00026644944,6.7362847,399.35004,1.1,0.0,35.0,0.033835303,0.01,3000.0,0.1,17.659391,2.7331253e-05,0.0,0.0,10.0
94,11,0,9.0,89.77955,44.88176,0.0039637107,5.8660447e-08,-0.37641764,378.3954,1.1,0.0,35.0,0.033835303,0.01,3000.0,0.1,17.660643,6.2032626e-08,0.0,0.0,10.0
65,110,0,45.0,3.6637444,15.196082,0.005432889,0.000780798,7.2391243,281.58017,0.3,0.0,35.0,0.033835303,0.05,3000.0,0.015,88.292854,4.5219553e-05,0.0,0.0,50.0
10,81,0,76.0,3.2998333,60.846382,-0.011621053,0.00013341488,8.73029,282.49762,0.3,0.0,35.0,0.033835303,0.05,3000.0,0.015,88.29174,5.008091e-05,0.0,0.0,50.0
65,28,0,55.0,5.294869,64.89371,0.016812872,0.000607311,6.869384,199.18846,1.1,0.0,35.0,0.033835303,0.01,3000.0,0.1,17.659218,3.1129195e-05,0.0,0.0,10.0
66,77,0,33.0,2.0339458,341.63483,-0.0062628128,0.00019254113,9.620337,178.01428,1.1,0.0,35.0,0.033835303,0.01,3000.0,0.1,17.656904,8.14899e-05,0.0,0.0,10.0
74,100,0,26.0,1.6343267,101.35481,-0.0110990815,-0.00034277825,10.126914,252.2636,0.3,0.0,35.0,0.033835303,0.05,3000.0,0.015,88.28004,0.00010108727,0.0,0.0,50.0
67,90,0,62.0,1.8164191,315.1165,0.019324863,0.00017094928,7.9417725,199.67502,1.1,0.0,35.0,0.033835303,0.01,3000.0,0.1,17.656466,9.109871e-05,0.0,0.0,10.0
90,43,0,18.0,1.9568262,9.424614,-0.009955874,-0.00022440306,9.946703,89.00714,0.3,0.0,35.0,0.033835303,0.05,3000.0,0.015,88.28378,8.471815e-05,0.0,0.0,50.0
9,39,0,52.0,0.45424747,44.88351,-0.021802409,0.00026954483,9.328067,281.58017,0.3,0.0,35.0,0.033835303,0.05,3000.0,0.015,88.21967,0.0003643227,0.0,0.0,50.0
66,78,0,34.0,0.45424747,44.88351,0.029730566,-0.0005176282,10.426679,267.02142,0.3,0.0,35.0,0.033835303,0.05,3000.0,0.015,88.21967,0.0003643227,0.0,0.0,50.0
101,122,0,15.0,3.0493183,341.63483,-0.0058217705,-0.00016252554,8.116259,126.1318,0.3,0.0,35.0,0.033835303,0.05,3000.0,0.015,88.29076,5.433461e-05,0.0,0.0,50.0
55,56,0,24.0,1.1570693,56.20232,0.011388984,5.343755e-05,8.392948,178.01428,1.1,0.0,35.0,0.033835303,0.01,3000.0,0.1,17.65409,0.00014290263,0.0,0.0,10.0
77,19,0,19.0,1.6023545,270.0,0.006768499,0.00021885021,8.06724,321.82562,0.3,0.0,35.0,0.033835303,0.05,3000.0,0.015,88.279594,0.00010306221,0.0,0.0,50.0
78,101,0,19.0,1.0139902,71.49504,-0.004809978,-8.765612e-06,8.524977,178.01428,1.1,0.0,35.0,0.033835303,0.01,3000.0,0.1,17.653168,0.00016295575,0.0,0.0,10.0
51,94,0,34.0,2.0339458,198.36517,-0.00846803,-0.0007034019,11.1244135,0.0,1.1,0.0,35.0,0.033835303,0.01,3000.0,0.1,17.656904,8.14899e-05,0.0,0.0,10.0
13,59,0,40.0,3.8700848,114.53183,0.0009603685,0.00027896,7.1841755,126.1318,0.3,0.0,35.0,0.033835303,0.05,3000.0,0.015,88.293434,4.2674925e-05,0.0,0.0,50.0
28,111,0,49.0,2.5905683,29.644625,0.004148517,-0.00021781941,7.586416,267.02142,1.1,0.0,35.0,0.033835303,0.01,3000.0,0.1,17.657711,6.394341e-05,0.0,0.0,10.0
16,56,0,31.0,0.64369404,0.0,-0.016716085,3.1550637e-05,9.672611,199.18846,1.1,0.0,35.0,0.033835303,0.01,3000.0,0.1,17.648827,0.00025760045,0.0,0.0,10.0
4,48,0,45.0,3.344013,106.763466,0.00052485353,-0.00018596371,7.3306665,89.3698,1.1,0.0,35.0,0.033835303,0.01,3000.0,0.1,17.65838,4.9397288e-05,0.0,0.0,10.0
67,11,0,10.0,1.1570693,56.20232,0.014146319,-0.0007250232,9.086096,281.58017,0.3,0.0,35.0,0.033835303,0.05,3000.0,0.015,88.270454,0.00014290263,0.0,0.0,50.0
59,73,0,34.0,3.8804142,24.356306,0.0060675056,0.00018495113,7.181502,281.58017,1.1,0.0,35.0,0.033835303,0.01,3000.0,0.1,17.658686,4.2674936e-05,0.0,0.0,10.0
54,7,0,48.0,5.480434,159.52043,0.0048895627,0.00015802978,6.834734,357.4792,1.1,0.0,35.0,0.033835303,0.01,3000.0,0.1,17.65926,3.017971e-05,0.0,0.0,10.0
65,69,0,19.0,1.437936,153.52802,0.00924243,-0.00035763613,9.274168,126.1318,0.3,0.0,35.0,0.033835303,0.05,3000.0,0.015,88.276794,0.00011521562,0.0,0.0,50.0
92,52,0,20.0,1.0172933,18.36517,0.00070566894,-1.2269148e-05,8.521724,178.01428,0.3,0.0,35.0,0.033835303,0.05,3000.0,0.015,88.26585,0.00016295575,0.0,0.0,50.0
32,79,0,40.0,4.1742787,22.537268,0.0019690914,7.65713e-05,8.206874,199.18846,1.1,0.0,35.0,0.033835303,0.01,3000.0,0.1,17.658825,3.9674564e-05,0.0,0.0,10.0
83,25,0,21.0,1.7266877,68.118126,0.008112659,0.00022592489,7.992467,282.49762,1.1,0.0,35.0,0.033835303,0.01,3000.0,0.1,17.656258,9.565623e-05,0.0,0.0,10.0
55,70,0,32.0,4.8270855,176.20134,0.0044315876,1.8628151e-06,6.962362,268.10938,0.3,0.0,35.0,0.033835303,0.05,3000.0,0.015,88.29535,3.4319462e-05,0.0,0.0,50.0
78,58,0,13.0,1.1588799,146.41736,-0.009068539,-0.00019306829,9.084532,89.00714,0.3,0.0,35.0,0.033835303,0.05,3000.0,0.015,88.270454,0.00014290263,0.0,0.0,50.0
92,50,0,17.0,0.90843785,135.11649,-0.0029730566,-0.00036116815,11.468133,0.0,1.1,0.0,35.0,0.033835303,0.01,3000.0,0.1,17.652287,0.00018217335,0.0,0.0,10.0
93,32,0,16.0,1.7317762,21.721191,0.0023945246,-0.00016658279,7.9895225,252.2636,1.1,0.0,35.0,0.033835303,0.01,3000.0,0.1,17.656258,9.565623e-05,0.0,0.0,10.0
94,64,0,17.0,0.71908116,206.47198,-0.012989359,-8.786918e-05,10.478141,178.01428,0.3,0.0,35.0,0.033835303,0.05,3000.0,0.015,88.25038,0.00023040718,0.0,0.0,50.0
0,108,0,50.0,3.9090981,350.57538,0.0019441195,-0.0002901291,7.867262,398.37692,1.0,0.0,35.0,0.033835303,0.1,3000.0,0.035,176.587,4.2371103e-05,0.0,0.0,0.0
95,70,0,31.0,4.5418897,351.90247,-0.0008906605,-2.3187058e-05,7.716681,252.2636,0.3,0.0,35.0,0.033835303,0.05,3000.0,0.015,88.29487,3.644631e-05,0.0,0.0,50.0
23,69,0,44.0,4.1045995,51.226494,-0.0024162466,7.837326e-05,7.1251535,126.1318,0.3,0.0,35.0,0.033835303,0.05,3000.0,0.015,88.294,4.0282233e-05,0.0,0.0,50.0
99,33,0,6.0,1.3217627,104.091156,-0.0195403,-0.00036651033,11.395325,0.0,0.3,0.0,35.0,0.033835303,0.05,3000.0,0.015,88.27456,0.00012497633,0.0,0.0,50.0
16,58,0,31.0,3.7484255,110.05804,0.0012047682,-0.0002341827,7.216211,89.3698,1.1,0.0,35.0,0.033835303,0.01,3000.0,0.1,17.658625,4.40422e-05,0.0,0.0,10.0
75,25,0,24.0,1.3625141,135.11649,0.020481048,0.0002356519,8.229454,282.49762,0.3,0.0,35.0,0.033835303,0.05,3000.0,0.015,88.275375,0.000121406265,0.0,0.0,50.0
80,74,0,37.0,0.45424747,315.1165,-0.069371305,1.8642839e-05,9.328067,199.18846,1.1,0.0,35.0,0.033835303,0.01,3000.0,0.1,17.643934,0.0003643228,0.0,0.0,10.0
28,29,0,40.0,2.5828042,82.84625,-0.00082860957,-0.0003684105,7.5894213,89.00714,0.3,0.0,35.0,0.033835303,0.05,3000.0,0.015,88.28856,6.39434e-05,0.0,0.0,50.0
33,123,0,53.0,5.294869,64.89371,0.002896246,0.00023196224,6.869384,126.1318,0.3,0.0,35.0,0.033835303,0.05,3000.0,0.015,88.29609,3.1129188e-05,0.0,0.0,50.0
108,44,0,15.0,5.903646,40.48621,0.0024835803,0.0001482279,7.453004,178.7396,1.1,0.0,35.0,0.033835303,0.01,3000.0,0.1,17.659363,2.7976903e-05,0.0,0.0,10.0
45,85,0,29.0,0.71908116,333.528,-0.00649468,-0.00023169632,10.254997,89.00714,0.3,0.0,35.0,0.033835303,0.05,3000.0,0.015,88.25038,0.00023040718,0.0,0.0,50.0
100,61,0,20.0,1.1588799,33.582623,0.009426509,-6.518942e-05,8.391384,89.00714,0.3,0.0,35.0,0.033835303,0.05,3000.0,0.015,88.270454,0.00014290263,0.0,0.0,50.0
95,77,0,25.0,3.1646187,203.87614,-0.0022792465,-0.00015574346,7.3859243,89.3698,0.3,0.0,35.0,0.033835303,0.05,3000.0,0.015,88.29122,5.235968e-05,0.0,0.0,50.0
51,42,0,36.0,2.2518637,0.0,0.015124075,0.00050373696,7.7267013,268.10938,0.3,0.0,35.0,0.033835303,0.05,3000.0,0.015,88.28634,7.3590185e-05,0.0,0.0,50.0
99,35,0,15.0,3.156025,65.95092,0.0035353135,0.00024421143,7.388649,178.01428,1.1,0.0,35.0,0.033835303,0.01,3000.0,0.1,17.658243,5.235969e-05,0.0,0.0,10.0
90,115,0,38.0,1.437936,153.52802,0.012739563,0.00027543734,8.175556,126.1318,1.1,0.0,35.0,0.033835303,0.01,3000.0,0.1,17.65536,0.00011521563,0.0,0.0,10.0
36,105,0,47.0,5.4516263,49.64872,0.0019635505,1.1615754e-06,6.8400364,126.1318,0.3,0.0,35.0,0.033835303,0.05,3000.0,0.015,88.29629,3.0293642e-05,0.0,0.0,50.0
11,58,0,44.0,1.7266877,291.88187,0.0012259124,0.0003397268,7.992467,321.3227,1.1,0.0,35.0,0.033835303,0.01,3000.0,0.1,17.656258,9.565623e-05,0.0,0.0,10.0
82,95,0,27.0,3.8700848,245.46817,-0.004288159,-8.595575e-05,8.282788,89.3698,0.3,0.0,35.0,0.033835303,0.05,3000.0,0.015,88.293434,4.2674925e-05,0.0,0.0,50.0
74,56,0,14.0,0.90843785,135.11649,-0.012883243,-0.00039412064,10.244357,126.1318,1.1,0.0,35.0,0.033835303,0.01,3000.0,0.1,17.652287,0.00018217335,0.0,0.0,10.0
99,46,0,16.0,2.3131957,56.20232,0.0019181448,-1.4844765e-05,8.392948,178.7396,0.3,0.0,35.0,0.033835303,0.05,3000.0,0.015,88.28684,7.146333e-05,0.0,0.0,50.0
18,119,0,57.0,2.2518637,0.0,0.01194006,0.00025186848,7.7267013,321.3227,1.1,0.0,35.0,0.033835303,0.01,3000.0,0.1,17.657269,7.359019e-05,0.0,0.0,10.0
51,74,0,33.0,3.760092,160.0916,-0.0036015485,0.0002045784,7.213094,281.58017,0.3,0.0,35.0,0.033835303,0.05,3000.0,0.015,88.29312,4.4042194e-05,0.0,0.0,50.0
114,85,0,9.0,3.0493183,198.36517,-0.00652744,-0.00056373933,9.502553,178.7396,0.3,0.0,35.0,0.033835303,0.05,3000.0,0.015,88.29076,5.433461e-05,0.0,0.0,50.0
79,25,0,11.0,0.7173292,63.34164,-0.0025163055,-0.0005340879,11.173728,126.1318,1.1,0.0,35.0,0.033835303,0.01,3000.0,0.1,17.650076,0.00023040721,0.0,0.0,10.0
66,94,0,50.0,3.6555355,232.01205,0.00021212037,-7.7468285e-05,7.934521,268.10938,1.1,0.0,35.0,0.033835303,0.01,3000.0,0.1,17.65857,4.5219556e-05,0.0,0.0,10.0
26,97,0,38.0,1.6404692,11.265213,-0.009208743,-0.00096195727,9.989629,126.1318,1.1,0.0,35.0,0.033835303,0.01,3000.0,0.1,17.656006,0.000101087295,0.0,0.0,10.0
38,122,0,39.0,5.1754007,172.9036,0.0035626183,-0.0005706537,6.892333,199.67502,1.1,0.0,35.0,0.033835303,0.01,3000.0,0.1,17.659178,3.200272e-05,0.0,0.0,10.0
56,23,0,44.0,2.3168123,326.4174,0.01038109,0.0015900955,7.698237,199.18846,0.3,0.0,35.0,0.033835303,0.05,3000.0,0.015,88.28684,7.146333e-05,0.0,0.0,50.0
81,24,0,18.0,0.45424747,224.88351,-0.029730564,0.00064409827,9.328067,199.18846,1.1,0.0,35.0,0.033835303,0.01,3000.0,0.1,17.643934,0.0003643228,0.0,0.0,10.0
15,42,0,47.0,0.7173292,116.65834,-6.787905e-10,9.362543e-05,8.871142,321.82562,1.1,0.0,35.0,0.033835303,0.01,3000.0,0.1,17.650076,0.00023040721,0.0,0.0,10.0
54,85,0,40.0,2.0567696,38.54621,0.00012795256,-0.00012801794,7.8174086,126.1318,1.1,0.0,35.0,0.033835303,0.01,3000.0,0.1,17.656952,8.046446e-05,0.0,0.0,10.0
22,46,0,32.0,5.7755475,33.582623,0.0003102395,-0.0001253978,7.475094,178.7396,1.1,0.0,35.0,0.033835303,0.01,3000.0,0.1,17.659332,2.8584573e-05,0.0,0.0,10.0
94,74,0,35.0,3.2782533,168.73477,-0.0021655266,3.0496749e-05,8.449184,267.02142,0.3,0.0,35.0,0.033835303,0.05,3000.0,0.015,88.29163,5.053667e-05,0.0,0.0,50.0
55,59,0,33.0,5.782637,356.83304,0.0060629603,7.424727e-05,6.780711,199.67502,0.3,0.0,35.0,0.033835303,0.05,3000.0,0.015,88.29667,2.858457e-05,0.0,0.0,50.0
9,2,0,37.0,4.108252,141.45378,-0.013371108,-0.000104062034,9.203703,252.2636,1.1,0.0,35.0,0.033835303,0.01,3000.0,0.1,17.658798,4.028223e-05,0.0,0.0,10.0
43,94,0,57.0,2.9641948,12.479561,0.00010671471,0.00015190146,8.550089,398.37692,0.3,0.0,35.0,0.033835303,0.05,3000.0,0.015,88.290405,5.5929737e-05,0.0,0.0,50.0
109,79,0,12.0,1.4344336,116.65834,-0.002516304,-9.315157e-05,9.56429,178.01428,0.3,0.0,35.0,0.033835303,0.05,3000.0,0.015,88.276794,0.00011521562,0.0,0.0,50.0
38,61,0,44.0,5.1754007,7.0963984,0.0051737726,-0.00018538229,6.892333,399.35004,1.1,0.0,35.0,0.033835303,0.01,3000.0,0.1,17.659178,3.200272e-05,0.0,0.0,10.0
48,67,0,56.0,4.807761,86.170425,0.0067481613,3.1659467e-05,6.966392,267.02142,1.1,0.0,35.0,0.033835303,0.01,3000.0,0.1,17.65907,3.431947e-05,0.0,0.0,10.0
118,124,0,37.0,5.782637,3.1669526,0.0031822224,-4.044236e-05,6.780711,281.58017,0.3,0.0,35.0,0.033835303,0.05,3000.0,0.015,88.29667,2.858457e-05,0.0,0.0,50.0
43,39,0,30.0,3.593326,349.73608,-0.0026364443,-0.0005546548,8.644878,89.00714,1.1,0.0,35.0,0.033835303,0.01,3000.0,0.1,17.658527,4.613106e-05,0.0,0.0,10.0
88,33,0,12.0,1.3217627,284.09116,-0.012544389,-5.6615838e-05,9.358443,282.49762,1.1,0.0,35.0,0.033835303,0.01,3000.0,0.1,17.654911,0.00012497634,0.0,0.0,10.0
112,35,0,5.0,1.6047066,233.01822,-0.004267884,-0.0003515824,8.065772,252.2636,0.7,0.0,35.0,0.033835303,0.1,3000.0,0.035,176.55919,0.0001030622,0.0,0.0,30.0
80,108,0,37.0,2.9119177,353.68533,0.00012758668,2.4460547e-05,8.162448,252.2636,1.1,0.0,35.0,0.033835303,0.01,3000.0,0.1,17.658033,5.6879242e-05,0.0,0.0,10.0
88,14,0,9.0,0.9615732,270.0,-0.015041107,-6.2575586e-05,9.964359,268.10938,0.3,0.0,35.0,0.033835303,0.05,3000.0,0.015,88.26383,0.00017176695,0.0,0.0,50.0
18,29,0,36.0,1.3265119,193.98154,-0.004932217,-0.0011153439,9.865681,178.7396,1.1,0.0,35.0,0.033835303,0.01,3000.0,0.1,17.654911,0.00012497634,0.0,0.0,10.0
64,90,0,51.0,2.2745183,171.90244,-0.0057538254,7.160427e-05,8.409828,126.1318,0.3,0.0,35.0,0.033835303,0.05,3000.0,0.015,88.286514,7.2868555e-05,0.0,0.0,50.0
5,22,0,34.0,3.6555355,127.987946,-0.0006249974,-0.00030455965,7.241374,199.67502,1.1,0.0,35.0,0.033835303,0.01,3000.0,0.1,17.65857,4.5219556e-05,0.0,0.0,10.0
58,110,0,36.0,5.1252465,273.59088,0.002496983,2.8153605e-05,6.902124,199.18846,1.1,0.0,35.0,0.033835303,0.01,3000.0,0.1,17.65917,3.2154636e-05,0.0,0.0,10.0
55,25,0,33.0,4.7566276,70.27226,-0.0013526903,1.492087e-05,7.670282,178.7396,0.3,0.0,35.0,0.033835303,0.05,3000.0,0.015,88.29528,3.4699257e-05,0.0,0.0,50.0
43,3,0,28.0,6.700924,90.0,-0.0013429561,-0.00012265566,8.01845,199.67502,0.3,0.0,35.0,0.033835303,0.05,3000.0,0.015,88.2976,2.4558753e-05,0.0,0.0,50.0
23,1,0,23.0,6.1005874,183.0006,-0.0014327937,-0.001244755,7.4199476,252.2636,1.1,0.0,35.0,0.033835303,0.01,3000.0,0.1,17.6594,2.7103377e-05,0.0,0.0,10.0
90,27,0,16.0,1.874072,30.861074,-0.0038065095,0.00021810319,7.9105043,281.58017,0.3,0.0,35.0,0.033835303,0.05,3000.0,0.015,88.28295,8.840215e-05,0.0,0.0,50.0
92,66,0,19.0,2.3331003,73.99295,-0.0022929555,-0.00025154115,8.384371,89.00714,0.3,0.0,35.0,0.033835303,0.05,3000.0,0.015,88.28699,7.081768e-05,0.0,0.0,50.0
80,40,0,11.0,3.0493183,198.36517,-0.0021758121,-0.00085410837,9.725697,321.3227,1.1,0.0,35.0,0.033835303,0.01,3000.0,0.1,17.65815,5.4334618e-05,0.0,0.0,10.0
107,115,0,22.0,5.437963,118.16933,-0.0021971636,-0.000102200196,7.5357084,199.18846,0.3,0.0,35.0,0.033835303,0.05,3000.0,0.015,88.29627,3.0331621e-05,0.0,0.0,50.0
52,92,0,51.0,7.0626817,251.49506,0.0032575517,-8.5041036e-05,6.5790668,199.18846,0.3,0.0,35.0,0.033835303,0.05,3000.0,0.015,88.29789,2.3305427e-05,0.0,0.0,50.0
119,95,0,21.0,0.32185718,0.0,0.005572028,0.00034710628,9.672611,178.01428,0.3,0.0,35.0,0.033835303,0.05,3000.0,0.015,88.18508,0.00051513937,0.0,0.0,50.0
8,4,0,30.0,4.910693,168.73477,-0.0011493406,-0.0005889625,6.9451065,89.00714,1.1,0.0,35.0,0.033835303,0.01,3000.0,0.1,17.6591,3.367382e-05,0.0,0.0,10.0
41,117,0,37.0,4.658489,73.99295,0.0012998282,-0.0001653363,6.9980764,126.1318,1.1,0.0,35.0,0.033835303,0.01,3000.0,0.1,17.65902,3.542087e-05,0.0,0.0,10.0
83,4,0,15.0,1.0139902,108.504944,10.0,-0.51541317,8.524977,597.56537,1.1,0.0,35.0,0.033835303,0.01,3000.0,0.1,17.653168,0.00016295575,0.0,0.0,10.0
90,7,0,-32768.0,89.77953,44.880016,2.4233924e-07,-1.1738687e-07,0.029140465,446.19705,0.2,0.0,35.0,0.033835303,1.0,3000.0,0.02,1766.0642,999.0,0.0,0.0,60.0
19,68,0,56.0,2.3131957,123.79766,0.014625855,0.00032022604,7.699801,252.2636,1.1,0.0,35.0,0.033835303,0.01,3000.0,0.1,17.657368,7.146334e-05,0.0,0.0,10.0
74,112,0,23.0,3.3069139,331.0442,0.0057604,-0.00017545553,7.341848,89.00714,1.1,0.0,35.0,0.033835303,0.01,3000.0,0.1,17.658348,5.0080926e-05,0.0,0.0,10.0
32,94,0,48.0,3.2069,233.01822,-0.0066039884,-0.0001013201,8.471237,178.7396,0.3,0.0,35.0,0.033835303,0.05,3000.0,0.015,88.291405,5.156211e-05,0.0,0.0,50.0
98,120,0,17.0,4.8040895,53.01821,0.0023211292,-0.00037911537,7.660307,126.1318,1.1,0.0,35.0,0.033835303,0.01,3000.0,0.1,17.659065,3.4395423e-05,0.0,0.0,10.0
103,30,0,9.0,2.8740628,206.47198,-0.0098669175,5.6165023e-05,9.784994,89.00714,0.7,0.0,35.0,0.033835303,0.1,3000.0,0.035,176.58003,5.7600842e-05,0.0,0.0,30.0
7,69,0,50.0,4.0813956,224.88351,0.0013213583,-0.00021883791,7.130842,89.00714,1.1,0.0,35.0,0.033835303,0.01,3000.0,0.1,17.658785,4.051011e-05,0.0,0.0,10.0
107,50,0,9.0,4.6745286,195.88397,-0.0029053194,-0.00026215587,7.6877713,89.00714,0.3,0.0,35.0,0.033835303,0.05,3000.0,0.015,88.2951,3.5420868e-05,0.0,0.0,50.0
65,97,0,42.0,3.894137,260.49982,-0.00030063945,0.0003933399,8.276573,178.7396,0.3,0.0,35.0,0.033835303,0.05,3000.0,0.015,88.2935,4.2371095e-05,0.0,0.0,50.0
10,113,0,46.0,4.4786186,90.0,0.008863511,-3.1015163e-05,7.03762,178.01428,1.1,0.0,35.0,0.033835303,0.01,3000.0,0.1,17.658957,3.6826106e-05,0.0,0.0,10.0
26,113,0,68.0,5.442495,93.380135,0.008684361,0.0005479767,6.841723,252.2636,1.1,0.0,35.0,0.033835303,0.01,3000.0,0.1,17.659256,3.0293644e-05,0.0,0.0,10.0
53,45,0,30.0,2.3411603,344.11603,0.003656944,-5.4957385e-05,8.3809185,453.9204,0.3,0.0,35.0,0.033835303,0.05,3000.0,0.015,88.28699,7.081768e-05,0.0,0.0,50.0
52,66,0,32.0,4.3065853,26.471973,-0.0017485676,-0.00027519176,7.7700906,89.00714,0.3,0.0,35.0,0.033835303,0.05,3000.0,0.015,88.294426,3.838326e-05,0.0,0.0,50.0
64,88,0,58.0,3.0247579,237.88983,0.011468086,5.4175223e-05,7.431214,281.58017,1.1,0.0,35.0,0.033835303,0.01,3000.0,0.1,17.658138,5.463845e-05,0.0,0.0,10.0
98,57,0,20.0,2.1563382,206.47198,-0.000666121,-6.2063705e-06,7.7700906,89.3698,0.3,0.0,35.0,0.033835303,0.05,3000.0,0.015,88.28561,7.6818425e-05,0.0,0.0,50.0
47,82,0,42.0,4.2961307,243.34166,0.0038583325,0.00077193294,7.0793834,178.7396,1.1,0.0,35.0,0.033835303,0.01,3000.0,0.1,17.658884,3.8383256e-05,0.0,0.0,10.0
76,52,0,24.0,1.0172933,161.63483,-0.022404993,-0.00013446409,10.313483,356.02856,0.3,0.0,35.0,0.033835303,0.05,3000.0,0.015,88.26585,0.00016295575,0.0,0.0,50.0
93,16,0,14.0,0.9615732,270.0,0.0037602768,-0.00012515117,8.578065,252.2636,0.3,0.0,35.0,0.033835303,0.05,3000.0,0.015,88.26383,0.00017176695,0.0,0.0,50.0
113,34,0,11.0,3.156025,245.95093,0.0023922285,0.00018180932,7.388649,282.49762,0.3,0.0,35.0,0.033835303,0.05,3000.0,0.015,88.29122,5.235968e-05,0.0,0.0,50.0
21,78,0,47.0,3.0301423,211.90077,-0.0045481287,8.3135135e-05,7.429432,268.10938,1.1,0.0,35.0,0.033835303,0.01,3000.0,0.1,17.658138,5.463845e-05,0.0,0.0,10.0
43,116,0,30.0,5.7505927,270.0,-0.0,-0.00036996993,7.884918,199.18846,1.1,0.0,35.0,0.033835303,0.01,3000.0,0.1,17.65933,2.8622553e-05,0.0,0.0,10.0
59,42,0,27.0,2.6421201,284.09116,-0.007156735,-0.00045261046,8.952978,321.3227,1.1,0.0,35.0,0.033835303,0.01,3000.0,0.1,17.657778,6.250019e-05,0.0,0.0,10.0
53,49,0,24.0,2.2745183,188.09756,-0.006179451,-0.00019410413,8.815293,126.1318,0.3,0.0,35.0,0.033835303,0.05,3000.0,0.015,88.286514,7.2868555e-05,0.0,0.0,50.0
100,95,0,29.0,2.7591798,305.64795,0.014612658,-0.00032647033,8.216414,199.18846,1.1,0.0,35.0,0.033835303,0.01,3000.0,0.1,17.657896,5.9917587e-05,0.0,0.0,10.0
15,22,0,54.0,4.490075,265.8978,0.009115808,0.00053710275,7.035055,199.18846,1.1,0.0,35.0,0.033835303,0.01,3000.0,0.1,17.65896,3.6750145e-05,0.0,0.0,10.0
60,110,0,48.0,0.32055113,270.0,0.045123328,0.0007824888,9.676678,321.82562,0.3,0.0,35.0,0.033835303,0.05,3000.0,0.015,88.18508,0.00051513937,0.0,0.0,50.0
93,90,0,29.0,2.0549364,51.226494,0.0075908615,-2.1150352e-05,7.8183007,89.00714,0.3,0.0,35.0,0.033835303,0.05,3000.0,0.015,88.28476,8.0464444e-05,0.0,0.0,50.0
85,27,0,19.0,0.71908116,26.471973,0.007993451,8.8481785e-05,8.868703,252.2636,1.1,0.0,35.0,0.033835303,0.01,3000.0,0.1,17.650076,0.00023040721,0.0,0.0,10.0
90,73,0,39.0,2.0549364,308.7735,-0.0011332836,4.135e-05,8.511448,281.58017,0.3,0.0,35.0,0.033835303,0.05,3000.0,0.015,88.28476,8.0464444e-05,0.0,0.0,50.0
87,57,0,16.0,1.3217627,284.09116,-0.0057093054,3.677718e-05,9.646125,268.10938,0.3,0.0,35.0,0.033835303,0.05,3000.0,0.015,88.27456,0.00012497633,0.0,0.0,50.0
120,109,0,20.0,2.5080328,39.691032,-0.011753969,-0.00014614961,8.717449,178.7396,0.3,0.0,35.0,0.033835303,0.05,3000.0,0.015,88.28809,6.595631e-05,0.0,0.0,50.0
62,62,0,38.0,2.5905683,29.644625,0.01274416,0.00067667774,7.586416,199.18846,0.3,0.0,35.0,0.033835303,0.05,3000.0,0.015,88.28856,6.39434e-05,0.0,0.0,50.0
11,20,0,43.0,2.3331003,73.99295,-0.009040377,0.0006154164,7.6912236,199.67502,1.1,0.0,35.0,0.033835303,0.01,3000.0,0.1,17.657396,7.0817674e-05,0.0,0.0,10.0
23,111,0,35.0,4.448936,239.64207,-0.0125052035,-0.0007156354,8.836057,356.02856,1.1,0.0,35.0,0.033835303,0.01,3000.0,0.1,17.658943,3.7129943e-05,0.0,0.0,10.0
82,106,0,36.0,3.959676,104.091156,0.00058969343,0.000114606475,7.1612186,252.2636,1.1,0.0,35.0,0.033835303,0.01,3000.0,0.1,17.658733,4.164949e-05,0.0,0.0,10.0
10,24,0,28.0,4.0496273,251.49506,-0.008239315,-0.0008865207,9.084593,89.3698,1.1,0.0,35.0,0.033835303,0.01,3000.0,0.1,17.658773,4.077597e-05,0.0,0.0,10.0
103,61,0,20.0,0.45424747,315.1165,0.019820374,9.4535724e-05,9.328067,282.49762,0.3,0.0,35.0,0.033835303,0.05,3000.0,0.015,88.21967,0.0003643227,0.0,0.0,50.0
51,47,0,31.0,0.32055113,90.0,0.045123328,-0.00012519819,9.676678,281.58017,0.3,0.0,35.0,0.033835303,0.05,3000.0,0.015,88.18508,0.00051513937,0.0,0.0,50.0
52,9,0,27.0,6.895726,201.72119,0.0058344197,-0.00026237615,7.9895225,199.18846,1.1,0.0,35.0,0.033835303,0.01,3000.0,0.1,17.659548,2.3913106e-05,0.0,0.0,10.0
77,100,0,22.0,1.8704919,121.06663,0.004849336,-0.00018936685,9.858328,126.1318,0.3,0.0,35.0,0.033835303,0.05,3000.0,0.015,88.28295,8.840215e-05,0.0,0.0,50.0
92,37,0,7.0,0.6410822,90.0,-0.04794354,-0.00050072226,12.074573,0.0,1.1,0.0,35.0,0.033835303,0.01,3000.0,0.1,17.648827,0.00025760045,0.0,0.0,10.0
10,73,0,63.0,3.4502447,111.88186,0.0004687315,3.5326095e-06,7.2993197,89.00714,0.3,0.0,35.0,0.033835303,0.05,3000.0,0.015,88.29226,4.7840134e-05,0.0,0.0,50.0
